date,code,open,high,low,close,volume,amount
1998-04-27,sz.000858,29.77,57.0,29.77,53.57,34163076,1846204586.12
1998-04-28,sz.000858,54.0,56.5,53.6,54.19,6765827,371571836.1
1998-04-29,sz.000858,54.97,54.98,52.9,53.3,3393230,181927515.95
1998-04-30,sz.000858,53.3,54.2,53.2,53.65,2385686,127942178.11
1998-05-04,sz.000858,55.1,59.02,55.0,59.02,4920974,285312925.33
1998-05-05,sz.000858,62.88,64.9,61.61,62.66,8409522,532130549.21
1998-05-06,sz.000858,62.2,66.0,61.8,65.73,4436626,283147678.47
1998-05-07,sz.000858,67.0,69.8,66.0,66.45,6001649,405496127.67
1998-05-08,sz.000858,66.45,68.18,66.0,67.02,3539365,237166398.66
1998-05-11,sz.000858,66.6,67.18,63.8,64.04,3280228,212802478.32
1998-05-12,sz.000858,63.3,63.8,62.22,63.43,1915108,120685590.84
1998-05-13,sz.000858,63.2,65.75,63.01,63.85,1393048,89469272.65
1998-05-14,sz.000858,63.85,64.45,62.85,63.03,1150134,72694745.88
1998-05-15,sz.000858,63.4,65.2,63.1,63.93,1044006,66869012.35
1998-05-18,sz.000858,65.0,65.0,62.52,63.1,735791,46577620.42
1998-05-19,sz.000858,62.5,64.0,61.5,62.33,1097331,68153736.7
1998-05-20,sz.000858,62.0,62.3,60.85,60.89,921740,56580399.29
1998-05-21,sz.000858,60.3,63.2,60.3,62.01,772176,47390999.46
1998-05-22,sz.000858,62.1,63.0,61.6,62.49,826401,51396795.8
1998-05-25,sz.000858,62.48,62.49,60.86,60.93,687385,42102711.05
1998-05-26,sz.000858,60.88,61.99,60.38,60.74,662982,40315839.15
1998-05-27,sz.000858,61.0,61.0,59.53,59.68,1056097,63468755.74
1998-05-28,sz.000858,59.1,61.48,59.0,60.04,1240320,74459394.76
1998-05-29,sz.000858,60.03,60.9,59.8,60.0,536869,32330498.22
1998-06-01,sz.000858,60.0,60.0,57.88,58.97,1290764,75831724.5
1998-06-02,sz.000858,58.9,58.9,57.8,57.9,858520,49812715.95
1998-06-03,sz.000858,57.59,57.75,55.92,55.99,1237300,69987775.78
1998-06-04,sz.000858,55.5,58.1,55.19,56.97,1024319,58234327.71
1998-06-05,sz.000858,56.97,58.09,56.8,57.98,726118,41744759.83
1998-06-08,sz.000858,57.67,58.0,56.4,56.75,624000,35459054.24
1998-06-09,sz.000858,56.48,56.5,55.2,55.57,663840,37016730.25
1998-06-10,sz.000858,55.5,58.0,55.5,57.01,505855,28690455.8
1998-06-11,sz.000858,56.8,57.28,55.5,55.64,367000,20678422.8
1998-06-12,sz.000858,57.7,57.7,56.2,56.6,435552,24636089.2
1998-06-15,sz.000858,56.88,56.88,55.4,55.87,398595,22245712.8
1998-06-16,sz.000858,55.5,55.5,53.8,53.97,1012908,54970045.07
1998-06-17,sz.000858,54.0,54.9,53.6,53.97,381230,20584905.55
1998-06-18,sz.000858,54.0,54.7,54.0,54.35,478877,25972427.31
1998-06-19,sz.000858,54.0,55.2,53.99,55.07,549385,29882087.3
1998-06-22,sz.000858,55.5,56.98,55.2,55.98,500207,28089040.75
1998-06-23,sz.000858,55.86,56.68,55.2,56.26,333680,18666530.42
1998-06-24,sz.000858,57.0,57.1,55.36,55.49,221000,12312830.7
1998-06-25,sz.000858,55.49,55.64,54.4,54.5,320677,17511664.39
1998-06-26,sz.000858,54.2,54.58,54.0,54.23,413925,22423680.3
1998-06-29,sz.000858,55.0,55.08,53.2,53.35,504880,27030592.4
1998-06-30,sz.000858,53.5,53.5,50.5,50.76,907130,47227032.08
1998-07-01,sz.000858,51.58,52.16,49.2,49.73,1582021,79375814.91
1998-07-02,sz.000858,49.8,50.0,48.01,49.99,789241,38773049.5
1998-07-03,sz.000858,51.98,51.98,49.6,50.37,459036,23126619.6
1998-07-06,sz.000858,50.3,50.35,49.7,49.8,232290,11581882.6
1998-07-07,sz.000858,49.19,50.15,49.02,49.94,210361,10393876.95
1998-07-08,sz.000858,50.48,50.48,49.68,49.69,213500,10666207.58
1998-07-09,sz.000858,49.8,50.0,49.01,49.35,256159,12643439.3
1998-07-10,sz.000858,49.4,51.15,49.35,50.79,439680,22243944.13
1998-07-13,sz.000858,50.78,50.78,49.8,49.92,448150,22401723.0
1998-07-14,sz.000858,50.0,50.0,49.0,49.55,768710,38019923.2
1998-07-15,sz.000858,49.0,50.6,49.0,49.86,230267,11438809.48
1998-07-16,sz.000858,49.8,50.0,47.75,47.8,761610,36864685.0
1998-07-17,sz.000858,47.8,48.2,46.3,46.7,596489,27987578.42
1998-07-20,sz.000858,46.0,46.03,44.55,44.88,753634,33933098.84
1998-07-21,sz.000858,44.9,48.3,44.7,46.48,586860,26939969.98
1998-07-22,sz.000858,46.4,47.3,45.53,46.77,446022,20763524.68
1998-07-23,sz.000858,46.8,46.99,45.85,46.0,374940,17296748.2
1998-07-24,sz.000858,46.0,48.47,46.0,47.98,1025314,48859844.6
1998-07-27,sz.000858,47.98,48.2,47.11,47.5,394736,18772396.09
1998-07-28,sz.000858,47.55,47.96,47.06,47.3,177065,8387076.32
1998-07-29,sz.000858,47.05,47.6,46.5,46.63,301105,14169039.9
1998-07-30,sz.000858,46.6,47.28,45.85,46.5,509892,23619647.16
1998-07-31,sz.000858,46.51,47.0,46.5,46.61,177985,8320893.55
1998-08-03,sz.000858,46.5,46.5,44.9,45.09,554790,25119947.15
1998-08-04,sz.000858,45.08,45.7,44.7,45.4,350005,15762607.0
1998-08-05,sz.000858,45.89,45.89,44.95,45.0,273493,12337442.85
1998-08-06,sz.000858,45.53,46.6,45.0,45.3,462096,21037101.37
1998-08-07,sz.000858,45.5,45.65,44.3,44.55,542020,24262874.6
1998-08-10,sz.000858,44.17,44.17,42.1,42.51,548142,23546480.8
1998-08-11,sz.000858,41.99,43.36,41.69,42.0,367328,15485193.79
1998-08-12,sz.000858,42.01,42.48,40.0,41.01,790020,32320412.48
1998-08-13,sz.000858,42.0,42.4,40.98,41.74,415704,17308685.36
1998-08-14,sz.000858,41.5,41.58,40.18,40.3,537466,21791660.0
1998-08-17,sz.000858,40.0,40.0,36.6,37.05,849220,32163734.35
1998-08-18,sz.000858,36.59,39.5,36.01,37.82,915534,34968100.88
1998-08-19,sz.000858,37.8,39.0,37.8,38.9,524978,20123003.12
1998-08-20,sz.000858,38.9,39.44,38.3,39.23,529529,20580522.32
1998-08-21,sz.000858,39.19,41.14,38.9,40.99,991200,39868897.34
1998-08-24,sz.000858,40.9,42.3,40.15,42.02,1590098,65994130.57
1998-08-25,sz.000858,41.9,42.0,40.58,41.11,491622,20129525.52
1998-08-26,sz.000858,40.5,41.2,40.0,40.0,426109,17226824.05
1998-08-27,sz.000858,39.5,39.95,38.4,38.44,513060,20051385.35
1998-08-28,sz.000858,38.02,38.87,37.91,38.44,702127,26885267.94
1998-08-31,sz.000858,38.2,39.05,37.0,39.03,482978,18260467.06
1998-09-01,sz.000858,38.98,39.58,38.5,39.0,225296,8825892.06
1998-09-02,sz.000858,39.0,39.7,38.61,39.02,193382,7581507.72
1998-09-03,sz.000858,38.9,39.78,38.9,39.3,211165,8326119.55
1998-09-04,sz.000858,39.8,40.95,39.79,40.78,655780,26596952.46
1998-09-07,sz.000858,41.0,41.28,40.41,40.81,397613,16170917.86
1998-09-08,sz.000858,41.0,41.18,40.66,40.71,351988,14388321.99
1998-09-09,sz.000858,40.0,41.88,40.0,41.83,737348,30491095.16
1998-09-10,sz.000858,42.0,44.58,41.9,44.33,1911869,83913624.21
1998-09-11,sz.000858,44.5,45.35,43.5,43.99,1181940,52715444.16
1998-09-14,sz.000858,43.87,44.28,43.01,43.93,519661,22701812.85
1998-09-15,sz.000858,43.79,43.8,42.61,42.8,638753,27679999.75
1998-09-16,sz.000858,42.1,42.85,41.88,42.58,508736,21532787.42
1998-09-17,sz.000858,42.7,43.15,41.88,41.92,532575,22505900.79
1998-09-18,sz.000858,41.8,41.9,41.05,41.2,378200,15660812.21
1998-09-21,sz.000858,41.0,41.72,40.8,41.72,212941,8801244.7
1998-09-22,sz.000858,41.7,41.98,41.1,41.33,175280,7266052.69
1998-09-23,sz.000858,41.5,41.7,40.91,41.07,279215,11477082.5
1998-09-24,sz.000858,41.25,41.4,39.85,39.88,506000,20388080.38
1998-09-25,sz.000858,39.9,40.5,39.88,40.4,233853,9373225.19
1998-09-28,sz.000858,40.2,40.35,39.7,40.03,380400,15233255.28
1998-09-29,sz.000858,40.0,40.3,39.88,39.99,379261,15182893.41
1998-09-30,sz.000858,40.0,41.45,40.0,41.07,208689,8521201.48
1998-10-05,sz.000858,40.98,42.5,40.97,42.44,535133,22499353.49
1998-10-06,sz.000858,42.5,42.8,40.8,40.81,263100,10909437.5
1998-10-07,sz.000858,40.4,40.97,40.3,40.58,140155,5685275.98
1998-10-08,sz.000858,41.0,41.0,40.5,40.7,145398,5908893.54
1998-10-09,sz.000858,41.0,41.3,40.7,40.78,219182,8988578.86
1998-10-12,sz.000858,40.79,40.99,39.95,40.09,311396,12490958.96
1998-10-13,sz.000858,40.18,40.58,40.01,40.11,207240,8334970.2
1998-10-14,sz.000858,40.0,40.44,39.96,40.05,194175,7773691.2
1998-10-15,sz.000858,40.0,40.2,39.82,40.0,254830,10179294.5
1998-10-16,sz.000858,40.3,41.0,40.0,40.73,169029,6879181.48
1998-10-19,sz.000858,40.75,40.75,40.1,40.32,264477,10651872.34
1998-10-20,sz.000858,40.32,40.55,39.99,40.0,241700,9704480.8
1998-10-21,sz.000858,40.0,40.0,38.8,38.89,556751,21744239.35
1998-10-22,sz.000858,38.8,39.8,38.5,39.55,449470,17470265.4
1998-10-23,sz.000858,39.44,40.65,39.1,39.22,281680,11225523.95
1998-10-26,sz.000858,38.9,39.35,38.72,38.79,403772,15712422.64
1998-10-27,sz.000858,38.48,38.9,38.0,38.46,694996,26696800.24
1998-10-28,sz.000858,38.66,39.0,38.4,38.94,470271,18156795.1
1998-10-29,sz.000858,39.0,39.43,38.68,38.91,233065,9069727.75
1998-10-30,sz.000858,38.71,40.0,38.71,39.11,377777,14973772.62
1998-11-02,sz.000858,39.33,39.8,39.12,39.58,205712,8108077.8
1998-11-03,sz.000858,39.8,41.4,39.7,40.44,590241,24055124.33
1998-11-04,sz.000858,40.39,40.68,40.25,40.29,204408,8252896.45
1998-11-05,sz.000858,40.25,40.8,39.68,40.53,365864,14650095.85
1998-11-06,sz.000858,41.0,42.3,40.6,41.53,1085507,45402676.19
1998-11-09,sz.000858,41.61,42.79,41.61,42.32,743005,31380773.77
1998-11-10,sz.000858,42.2,42.2,41.18,41.6,459367,19106901.86
1998-11-11,sz.000858,41.3,41.92,41.2,41.38,320212,13281195.95
1998-11-12,sz.000858,41.42,41.95,40.91,41.0,355443,14653459.19
1998-11-13,sz.000858,41.0,41.28,40.4,40.5,459807,18704389.7
1998-11-16,sz.000858,40.48,42.0,40.31,41.52,563093,23326404.75
1998-11-17,sz.000858,41.75,44.25,41.75,43.7,2551280,109961278.39
1998-11-18,sz.000858,44.0,44.0,42.6,42.61,894511,38605665.6
1998-11-19,sz.000858,42.5,43.45,42.22,43.18,632384,27231043.23
1998-11-20,sz.000858,43.25,44.8,43.25,43.78,1047908,46216415.24
1998-11-23,sz.000858,44.0,45.56,44.0,45.53,1855867,83692996.77
1998-11-24,sz.000858,45.62,46.18,44.76,45.18,1058413,48065956.63
1998-11-25,sz.000858,45.0,45.48,43.9,43.96,704590,31388415.02
1998-11-26,sz.000858,43.75,44.2,43.55,43.99,489299,21489365.99
1998-11-27,sz.000858,44.49,45.0,43.9,44.02,515520,22881744.09
1998-11-30,sz.000858,44.0,44.3,43.4,43.62,395285,17322053.89
1998-12-01,sz.000858,43.8,44.0,43.1,43.27,310172,13452415.52
1998-12-02,sz.000858,43.3,43.7,42.9,43.7,268524,11576304.48
1998-12-03,sz.000858,43.96,44.25,43.33,43.88,364980,16024726.64
1998-12-04,sz.000858,44.0,44.0,42.96,43.27,288052,12469042.75
1998-12-07,sz.000858,44.0,44.48,42.98,43.15,295130,12855039.0
1998-12-08,sz.000858,43.2,43.55,42.61,42.85,340655,14641702.19
1998-12-09,sz.000858,43.0,43.0,42.41,42.73,273210,11647434.1
1998-12-10,sz.000858,42.7,42.85,41.58,41.92,498550,21075065.0
1998-12-11,sz.000858,41.85,42.65,41.3,42.38,214469,8960927.63
1998-12-14,sz.000858,42.38,42.4,41.6,41.7,324416,13557479.3
1998-12-15,sz.000858,41.5,41.68,41.0,41.51,222003,9162264.33
1998-12-16,sz.000858,41.5,41.85,41.4,41.43,150599,6271127.4
1998-12-17,sz.000858,41.11,41.55,40.58,40.58,248412,10202151.5
1998-12-18,sz.000858,40.2,41.15,40.02,40.93,304627,12419458.99
1998-12-21,sz.000858,40.8,41.37,40.38,40.89,95205,3898690.75
1998-12-22,sz.000858,41.0,42.5,40.98,42.19,280045,11708834.6
1998-12-23,sz.000858,42.15,42.15,41.5,41.71,228388,9541731.96
1998-12-24,sz.000858,41.5,41.64,40.92,41.28,237970,9792621.7
1998-12-25,sz.000858,41.28,41.4,41.0,41.04,244503,10047745.8
1998-12-28,sz.000858,41.15,41.7,40.58,40.83,389218,15921858.66
1998-12-29,sz.000858,40.6,41.0,40.3,40.79,353823,14393264.76
1998-12-30,sz.000858,40.82,40.97,40.38,40.85,315570,12815779.4
1998-12-31,sz.000858,41.0,41.3,40.7,40.8,150050,6148202.0
1999-01-04,sz.000858,40.0,41.29,40.0,40.76,92000,3750959.6
1999-01-05,sz.000858,40.2,40.6,39.81,40.55,204443,8219845.17
1999-01-06,sz.000858,39.0,40.75,39.0,40.39,134616,5435227.77
1999-01-07,sz.000858,40.4,40.99,40.12,40.84,218371,8893591.48
1999-01-08,sz.000858,40.9,41.6,40.5,41.51,317433,13064707.64
1999-01-11,sz.000858,41.5,41.88,41.32,41.83,183045,7632971.6
1999-01-12,sz.000858,41.98,41.98,41.4,41.45,156016,6488350.0
1999-01-13,sz.000858,41.2,41.4,40.95,41.03,210777,8662625.65
1999-01-14,sz.000858,41.0,41.72,40.61,41.16,124350,5123587.98
1999-01-15,sz.000858,41.15,41.5,41.0,41.2,137490,5677779.36
1999-01-18,sz.000858,41.0,42.6,41.0,42.58,446498,18826004.76
1999-01-19,sz.000858,42.58,42.8,42.02,42.19,316012,13400892.5
1999-01-20,sz.000858,42.99,44.15,42.8,42.98,687118,29945359.27
1999-01-21,sz.000858,42.9,43.5,42.5,43.0,261968,11215318.42
1999-01-22,sz.000858,43.18,43.7,42.5,42.93,371771,16110608.09
1999-01-25,sz.000858,42.6,43.0,41.76,41.8,331170,13979925.75
1999-01-26,sz.000858,41.88,42.19,41.51,41.63,204790,8566238.3
1999-01-27,sz.000858,41.66,41.84,40.82,41.08,279885,11554259.1
1999-01-28,sz.000858,41.0,41.55,40.89,40.93,185005,7602946.25
1999-01-29,sz.000858,41.0,41.05,40.5,40.85,224518,9161983.31
1999-02-01,sz.000858,40.6,40.85,40.3,40.39,206060,8341689.8
1999-02-02,sz.000858,40.1,41.22,40.1,40.59,215838,8741591.21
1999-02-03,sz.000858,40.63,40.99,40.5,40.6,162842,6610667.3
1999-02-04,sz.000858,40.66,40.7,39.91,40.02,268954,10812843.33
1999-02-05,sz.000858,39.95,39.95,39.4,39.47,272350,10777795.38
1999-02-08,sz.000858,39.26,39.27,37.8,38.0,604204,23375883.05
1999-02-09,sz.000858,38.0,39.31,38.0,39.21,377631,14719096.85
1999-03-01,sz.000858,39.38,39.49,38.62,39.03,142190,5555902.18
1999-03-02,sz.000858,39.04,39.05,38.1,38.39,185978,7149177.45
1999-03-03,sz.000858,38.29,39.46,38.05,39.38,149215,5760721.85
1999-03-04,sz.000858,39.38,39.38,38.86,38.92,116864,4564228.32
1999-03-05,sz.000858,38.5,39.48,38.5,39.44,124875,4870272.0
1999-03-08,sz.000858,39.44,39.44,38.5,39.0,161704,6307855.7
1999-03-09,sz.000858,39.0,39.35,38.72,39.0,142320,5551803.8
1999-03-10,sz.000858,39.01,40.18,38.9,39.85,157653,6239813.04
1999-03-11,sz.000858,39.85,40.8,39.7,40.73,327890,13187216.26
1999-03-12,sz.000858,39.9,41.2,39.9,40.13,108240,4378164.5
1999-03-15,sz.000858,39.99,40.12,39.5,39.51,225575,8951954.15
1999-03-16,sz.000858,39.39,39.45,39.08,39.2,121890,4782643.0
1999-03-17,sz.000858,39.2,39.7,39.2,39.47,141471,5569376.68
1999-03-18,sz.000858,39.5,39.5,39.0,39.01,190918,7477750.0
1999-03-19,sz.000858,39.01,39.49,38.75,39.35,199124,7779308.2
1999-03-22,sz.000858,39.3,39.3,38.81,39.28,444693,17349888.86
1999-03-23,sz.000858,39.3,39.99,39.02,39.11,217728,8613681.05
1999-03-24,sz.000858,39.0,39.5,38.9,39.0,198082,7746919.98
1999-03-25,sz.000858,39.0,39.0,38.68,38.71,229780,8911423.1
1999-03-26,sz.000858,38.71,39.45,38.65,38.8,128850,5007661.95
1999-03-29,sz.000858,38.86,38.86,38.18,38.37,257082,9865478.8
1999-03-30,sz.000858,38.2,38.47,37.31,37.36,915519,34646633.82
1999-03-31,sz.000858,37.0,37.75,36.88,37.0,591158,21926421.3
1999-04-01,sz.000858,37.1,37.45,36.35,36.49,710854,26074584.4
1999-04-02,sz.000858,36.4,37.48,36.4,37.4,454954,16711939.02
1999-04-05,sz.000858,37.4,37.5,36.7,36.85,357994,13229022.0
1999-04-06,sz.000858,36.85,37.5,36.85,37.0,339532,12567342.78
1999-04-07,sz.000858,37.0,37.0,36.5,36.68,241635,8876477.76
1999-04-08,sz.000858,36.68,37.1,36.58,36.9,209417,7715089.44
1999-04-09,sz.000858,36.9,37.46,36.68,37.06,353578,13090228.06
1999-04-12,sz.000858,37.0,37.0,35.65,35.86,437000,15789974.55
1999-04-13,sz.000858,35.79,36.7,35.5,36.63,348486,12572127.34
1999-04-14,sz.000858,36.6,36.8,36.05,36.65,175470,6411669.0
1999-04-15,sz.000858,36.6,36.6,35.8,36.01,211463,7618525.57
1999-04-16,sz.000858,37.23,38.3,36.8,37.4,1016841,38195759.16
1999-04-19,sz.000858,37.4,37.77,36.51,36.71,290320,10696800.97
1999-04-20,sz.000858,36.81,36.81,35.8,35.88,299558,10830148.4
1999-04-21,sz.000858,35.8,35.86,35.0,35.09,476646,16886803.84
1999-04-22,sz.000858,35.0,35.44,34.26,35.1,594952,20634848.11
1999-04-23,sz.000858,35.0,35.4,34.8,34.96,203740,7126939.7
1999-04-26,sz.000858,34.8,34.8,33.44,33.55,493570,16745869.8
1999-04-27,sz.000858,33.4,33.4,32.0,32.32,502850,16393003.0
1999-04-28,sz.000858,32.32,33.36,32.3,32.6,241750,7926621.9
1999-04-29,sz.000858,32.6,33.29,32.32,33.16,179914,5942132.05
1999-04-30,sz.000858,33.3,34.47,33.3,34.26,254260,8606266.8
1999-05-04,sz.000858,33.92,33.92,33.3,33.35,127640,4278130.4
1999-05-05,sz.000858,32.9,33.7,32.8,33.65,133185,4407688.5
1999-05-06,sz.000858,33.66,34.08,33.11,33.85,145480,4904916.74
1999-05-07,sz.000858,34.0,34.28,33.2,33.4,95200,3199991.9
1999-05-10,sz.000858,32.99,32.99,31.2,31.82,344564,11020954.63
1999-05-11,sz.000858,31.85,32.4,31.8,32.0,164850,5273516.7
1999-05-12,sz.000858,32.0,32.36,31.8,32.1,205784,6582002.46
1999-05-13,sz.000858,32.1,32.1,31.3,31.55,224100,7098637.09
1999-05-14,sz.000858,31.5,31.5,31.0,31.04,338388,10515754.82
1999-05-17,sz.000858,30.25,31.0,30.25,30.61,185762,5696768.82
1999-05-18,sz.000858,30.6,31.05,30.6,30.62,198300,6127016.4
1999-05-19,sz.000858,30.62,33.5,30.62,32.25,387846,12376485.33
1999-05-20,sz.000858,32.5,33.3,32.3,33.1,561854,18497858.86
1999-05-21,sz.000858,33.4,35.3,33.4,34.18,1032284,35502919.06
1999-05-24,sz.000858,34.48,35.3,33.89,34.97,1060557,36754838.79
1999-05-26,sz.000858,35.0,36.9,35.0,35.99,1321325,47768749.5
1999-05-27,sz.000858,36.5,38.9,36.5,38.89,1792490,68093624.25
1999-05-28,sz.000858,39.0,39.4,37.0,37.8,999540,37842015.11
1999-05-31,sz.000858,37.93,38.36,35.91,36.44,1166310,43291159.4
1999-06-01,sz.000858,36.69,37.0,36.0,36.49,814376,29631080.1
1999-06-02,sz.000858,37.0,37.5,35.96,36.0,918026,33640105.19
1999-06-03,sz.000858,36.0,36.0,35.0,35.02,857649,30169564.85
1999-06-04,sz.000858,35.0,35.8,34.82,35.39,693247,24319428.41
1999-06-07,sz.000858,36.0,37.2,35.5,36.75,734086,26695256.99
1999-06-08,sz.000858,36.49,36.49,35.0,35.14,612884,21619103.86
1999-06-09,sz.000858,35.01,35.6,34.98,35.34,558512,19721927.61
1999-06-10,sz.000858,36.5,38.16,36.0,37.03,2372021,88291569.06
1999-06-11,sz.000858,37.0,38.22,35.5,36.95,1157927,43465622.4
1999-06-14,sz.000858,36.95,38.1,36.65,37.59,920048,34523768.49
1999-06-15,sz.000858,38.01,40.0,37.3,37.84,2937453,113813994.81
1999-06-16,sz.000858,38.2,41.62,38.18,41.62,3666461,146364674.68
1999-06-17,sz.000858,43.0,45.78,42.68,45.69,5608430,250173868.76
1999-06-18,sz.000858,46.1,46.5,45.01,45.09,3193129,145648687.05
1999-06-21,sz.000858,45.5,48.7,45.25,48.0,2498582,118862025.75
1999-06-22,sz.000858,48.0,48.5,46.8,47.54,1372293,65186230.75
1999-06-23,sz.000858,47.68,48.98,47.5,47.99,1510307,72685218.74
1999-06-24,sz.000858,48.1,49.8,48.0,49.18,2403431,118165866.89
1999-06-25,sz.000858,49.48,54.09,48.2,48.98,4703276,242412368.08
1999-06-28,sz.000858,49.15,52.3,49.0,52.27,2766838,141062113.54
1999-06-29,sz.000858,53.27,53.68,50.2,51.76,2533539,130250024.7
1999-06-30,sz.000858,50.99,50.99,48.0,48.06,2771800,137271261.36
1999-07-01,sz.000858,48.0,48.0,43.25,44.0,3484001,156643284.41
1999-07-02,sz.000858,45.0,48.4,44.08,48.4,4074114,191840143.08
1999-07-05,sz.000858,49.0,53.2,49.0,50.43,3590881,185245743.73
1999-07-06,sz.000858,50.5,51.5,47.7,47.78,1579235,77618545.28
1999-07-07,sz.000858,48.0,49.9,47.4,49.29,1438455,69785671.45
1999-07-08,sz.000858,49.8,50.9,49.0,50.0,1276798,63812982.2
1999-07-09,sz.000858,50.0,51.55,49.8,51.15,1584621,80628332.5
1999-07-12,sz.000858,51.38,53.98,51.38,52.07,2778991,147210179.14
1999-07-13,sz.000858,52.1,52.1,49.5,49.98,1135300,57279996.15
1999-07-14,sz.000858,50.01,52.3,49.6,51.18,902160,45888721.95
1999-07-15,sz.000858,50.8,52.3,49.98,50.63,824460,41794678.35
1999-07-16,sz.000858,50.01,51.04,48.8,49.0,1458703,72241844.4
1999-07-19,sz.000858,48.48,48.6,46.62,46.97,1052429,50109573.99
1999-07-20,sz.000858,46.89,50.6,46.49,50.07,1367868,66278992.53
1999-07-21,sz.000858,50.5,51.2,49.5,50.67,1548753,78211950.53
1999-07-22,sz.000858,50.5,51.99,48.85,48.99,1142236,57587854.28
1999-07-23,sz.000858,48.89,50.98,48.89,49.6,611474,30410487.5
1999-07-26,sz.000858,50.48,50.5,49.35,49.71,437802,21825937.3
1999-07-27,sz.000858,50.0,50.0,48.8,49.08,311250,15359701.3
1999-07-28,sz.000858,48.8,49.9,48.8,49.11,488891,24036458.74
1999-07-29,sz.000858,50.0,50.1,48.5,48.85,325989,15923075.86
1999-07-30,sz.000858,49.0,49.86,48.5,48.6,276600,13570069.8
1999-08-02,sz.000858,48.5,49.39,48.28,48.45,475547,23178252.35
1999-08-03,sz.000858,48.4,48.98,46.6,47.1,1110981,52559705.45
1999-08-04,sz.000858,47.2,48.24,46.9,47.97,429965,20440908.29
1999-08-05,sz.000858,49.0,49.0,47.75,47.91,418245,20135790.0
1999-08-06,sz.000858,48.88,48.88,46.2,47.42,715753,33598846.57
1999-08-09,sz.000858,47.0,47.0,45.88,45.97,864506,39843512.93
1999-08-10,sz.000858,45.87,45.87,44.7,45.15,665976,30105282.45
1999-08-11,sz.000858,45.0,45.8,44.4,44.98,421676,19005764.5
1999-08-12,sz.000858,45.1,45.28,44.5,44.63,312039,13998014.2
1999-08-13,sz.000858,44.6,45.5,44.48,45.1,234019,10480860.55
1999-08-16,sz.000858,46.0,47.5,45.5,46.47,741680,34580650.12
1999-08-17,sz.000858,48.79,49.8,47.68,48.04,1762341,85387865.42
1999-08-18,sz.000858,48.5,48.68,47.0,47.5,564026,26866644.5
1999-08-19,sz.000858,47.99,49.19,47.88,48.96,877244,42640003.84
1999-08-20,sz.000858,49.1,49.45,48.0,48.01,362675,17582357.35
1999-08-23,sz.000858,49.0,49.0,48.0,48.31,271450,13145428.89
1999-08-24,sz.000858,49.69,49.69,48.5,48.7,325588,15913695.42
1999-08-25,sz.000858,48.8,48.92,47.45,47.7,378921,18155489.78
1999-08-26,sz.000858,47.6,48.3,47.45,48.29,231810,11082554.4
1999-08-27,sz.000858,48.0,48.27,47.72,47.86,181190,8683372.6
1999-08-30,sz.000858,47.81,49.4,47.0,47.3,217190,10380232.93
1999-08-31,sz.000858,47.5,48.0,47.3,47.44,205753,9758374.35
1999-09-01,sz.000858,47.46,47.46,46.0,46.3,296700,13875569.1
1999-09-02,sz.000858,46.1,46.49,45.4,46.42,475663,21831307.91
1999-09-03,sz.000858,46.45,46.5,45.7,45.81,215205,9899650.19
1999-09-06,sz.000858,45.6,45.6,44.98,45.07,325500,14676116.4
1999-09-07,sz.000858,45.0,45.6,45.0,45.04,241600,10916856.0
1999-09-08,sz.000858,45.06,45.4,45.0,45.2,196310,8867439.5
1999-09-09,sz.000858,45.84,48.5,45.5,48.37,776040,36825252.9
1999-09-10,sz.000858,48.71,49.11,47.0,47.5,609405,29325970.45
1999-09-13,sz.000858,47.97,47.97,47.01,47.33,240289,11388920.05
1999-09-14,sz.000858,47.6,47.89,47.15,47.32,211530,10025039.18
1999-09-15,sz.000858,47.79,47.79,46.8,47.0,188088,8850811.94
1999-09-16,sz.000858,47.0,47.0,46.25,46.28,246000,11481049.0
1999-09-17,sz.000858,46.28,47.0,46.28,46.76,207704,9694209.88
1999-09-20,sz.000858,47.2,47.58,46.0,47.12,593046,27646045.07
1999-09-22,sz.000858,47.5,47.5,46.71,46.8,173020,8137389.46
1999-09-23,sz.000858,47.0,47.0,46.5,46.6,256500,12000450.38
1999-09-24,sz.000858,47.75,47.78,46.2,46.81,477200,22228353.0
1999-09-27,sz.000858,47.01,48.15,46.58,47.64,579687,27482536.87
1999-09-28,sz.000858,31.99,33.41,31.7,32.46,1613715,52839152.32
1999-09-29,sz.000858,32.6,32.99,31.8,31.81,623180,20164835.05
1999-09-30,sz.000858,31.96,32.0,31.34,31.39,528162,16660426.1
1999-10-08,sz.000858,31.0,31.15,29.98,30.3,571205,17329686.87
1999-10-11,sz.000858,30.1,30.57,29.5,30.06,291820,8780477.19
1999-10-12,sz.000858,30.3,30.78,30.2,30.45,324068,9855790.42
1999-10-13,sz.000858,30.65,30.65,29.85,30.01,236945,7130661.0
1999-10-14,sz.000858,30.0,30.2,29.3,29.6,283174,8416795.63
1999-10-15,sz.000858,29.8,30.3,29.78,30.05,274120,8232088.15
1999-10-18,sz.000858,30.0,30.1,29.0,29.0,308210,9099431.1
1999-10-19,sz.000858,28.88,28.88,28.0,28.28,407294,11562554.28
1999-10-20,sz.000858,28.0,28.6,28.0,28.35,281248,7959320.19
1999-10-21,sz.000858,28.4,28.4,27.8,27.88,361933,10140967.14
1999-10-22,sz.000858,27.9,29.2,27.9,28.34,442620,12583172.8
1999-10-25,sz.000858,28.45,28.69,27.99,28.05,261285,7344058.42
1999-10-26,sz.000858,27.88,28.55,27.88,28.28,198618,5596646.0
1999-10-27,sz.000858,29.0,29.69,28.8,29.14,538937,15658619.74
1999-10-28,sz.000858,29.5,29.5,28.5,28.61,479250,13837223.72
1999-10-29,sz.000858,28.78,28.78,28.0,28.27,291850,8279244.28
1999-11-01,sz.000858,28.3,28.3,27.8,28.0,474060,13275097.75
1999-11-02,sz.000858,28.28,28.28,27.9,28.0,251895,7057077.95
1999-11-03,sz.000858,28.01,28.1,27.9,28.0,198907,5568800.1
1999-11-04,sz.000858,28.0,28.0,27.5,27.72,248242,6886152.04
1999-11-05,sz.000858,27.5,27.99,27.5,27.7,203199,5640145.26
1999-11-08,sz.000858,28.45,28.45,27.93,28.01,398590,11187078.25
1999-11-09,sz.000858,28.4,28.48,28.12,28.29,304144,8583013.23
1999-11-10,sz.000858,28.0,28.2,27.83,28.06,367309,10264953.28
1999-11-11,sz.000858,28.0,28.1,27.8,27.81,333420,9323308.88
1999-11-12,sz.000858,27.81,28.1,27.81,27.89,217173,6071877.92
1999-11-15,sz.000858,28.0,28.0,27.7,27.99,192533,5375800.9
1999-11-16,sz.000858,28.01,28.49,27.8,28.03,203589,5704650.54
1999-11-17,sz.000858,28.0,28.6,27.81,28.52,244881,6893043.36
1999-11-18,sz.000858,28.56,28.99,28.15,28.86,446311,12834064.85
1999-11-19,sz.000858,28.86,28.99,28.0,28.05,234265,6661806.4
1999-11-22,sz.000858,27.8,28.15,27.8,27.88,296625,8289406.05
1999-11-23,sz.000858,27.88,27.99,27.78,27.9,161916,4513903.1
1999-11-24,sz.000858,27.8,28.09,27.8,28.05,186478,5220746.79
1999-11-25,sz.000858,28.01,28.17,27.91,28.0,155874,4367752.46
1999-11-26,sz.000858,27.95,28.07,27.95,28.0,176400,4940574.77
1999-11-29,sz.000858,28.0,28.8,28.0,28.19,127703,3614641.92
1999-11-30,sz.000858,28.7,28.8,28.16,28.46,130480,3711573.7
1999-12-01,sz.000858,28.5,28.6,28.25,28.34,120150,3412703.0
1999-12-02,sz.000858,28.41,28.41,28.0,28.1,140173,3955069.76
1999-12-03,sz.000858,28.2,28.2,28.0,28.04,235563,6602570.0
1999-12-06,sz.000858,28.1,28.18,27.98,28.09,217224,6083503.22
1999-12-07,sz.000858,28.0,28.44,28.0,28.2,120057,3378017.73
1999-12-08,sz.000858,28.2,29.36,28.2,28.76,766166,22209890.09
1999-12-09,sz.000858,28.82,28.9,28.3,28.46,171472,4874899.28
1999-12-10,sz.000858,28.4,28.54,28.01,28.52,274009,7750834.22
1999-12-13,sz.000858,28.61,28.68,28.19,28.23,279876,7919454.69
1999-12-14,sz.000858,28.2,28.38,28.15,28.25,371065,10466309.8
1999-12-15,sz.000858,28.3,29.28,28.3,28.84,831085,24039113.26
1999-12-16,sz.000858,29.01,29.01,28.53,28.65,281050,8081251.16
1999-12-17,sz.000858,28.71,29.78,28.71,29.29,1424760,41902262.75
1999-12-21,sz.000858,29.35,30.72,29.32,30.39,2244023,67967200.01
1999-12-22,sz.000858,30.41,30.69,29.9,30.19,913246,27594888.27
1999-12-23,sz.000858,30.18,30.35,29.2,29.24,524434,15515392.36
1999-12-24,sz.000858,29.15,29.3,28.81,28.87,357413,10343660.52
1999-12-27,sz.000858,28.9,29.3,28.62,29.09,369296,10712058.38
1999-12-28,sz.000858,29.35,29.68,28.9,28.97,309955,9062725.59
1999-12-29,sz.000858,28.9,29.44,28.81,29.39,315729,9194310.59
1999-12-30,sz.000858,29.3,29.5,29.01,29.3,253451,7449344.59
2000-01-04,sz.000858,29.5,30.38,29.3,30.1,701781,21092245.84
2000-01-05,sz.000858,30.3,31.6,30.17,30.38,1472643,45384980.4
2000-01-06,sz.000858,30.3,31.88,30.1,31.6,1749691,54743148.68
2000-01-07,sz.000858,31.88,33.1,31.86,32.71,4027572,131115251.18
2000-01-10,sz.000858,33.1,33.5,32.67,32.81,3242208,107065541.9
2000-01-11,sz.000858,32.86,33.06,31.25,31.44,2045259,65815294.04
2000-01-12,sz.000858,31.05,32.0,30.6,30.9,1119900,34769227.89
2000-01-13,sz.000858,30.8,31.0,30.48,30.5,772326,23676294.3
2000-01-14,sz.000858,30.4,30.7,29.98,30.01,640689,19402280.55
2000-01-17,sz.000858,29.99,30.66,29.61,30.66,474617,14298060.05
2000-01-18,sz.000858,30.8,31.45,30.36,31.15,548180,16912661.21
2000-01-19,sz.000858,31.3,33.28,31.3,32.58,2839440,93126765.38
2000-01-20,sz.000858,32.56,33.1,32.1,32.58,1417445,46163732.47
2000-01-21,sz.000858,32.6,32.99,32.22,32.65,1905905,62306445.33
2000-01-24,sz.000858,32.85,34.35,32.75,33.59,3133274,105457817.02
2000-01-25,sz.000858,34.0,34.2,32.65,32.68,1323716,43987386.78
2000-01-26,sz.000858,35.95,35.95,32.35,32.67,3799519,126037366.09
2000-01-27,sz.000858,32.7,32.88,31.52,31.95,4674631,148788079.05
2000-01-28,sz.000858,32.0,33.4,31.0,33.29,4978696,158081614.82
2000-02-14,sz.000858,33.8,36.6,33.8,36.22,5872294,206575921.92
2000-02-15,sz.000858,36.5,37.05,34.0,34.72,8835609,317132620.14
2000-02-16,sz.000858,34.5,34.7,33.1,33.24,4436937,149497081.38
2000-02-17,sz.000858,33.4,35.5,32.0,32.1,4283469,142563556.14
2000-02-18,sz.000858,32.0,33.68,31.68,33.09,2663370,87509172.22
2000-02-21,sz.000858,33.2,34.5,32.3,33.48,2602199,86473234.09
2000-02-22,sz.000858,33.46,33.95,32.0,32.14,2418362,78951597.63
2000-02-23,sz.000858,32.0,32.0,30.73,30.96,2226044,69500260.93
2000-02-24,sz.000858,31.5,31.6,30.96,31.57,1189742,37164513.89
2000-02-28,sz.000858,31.4,34.73,30.4,33.79,6705932,216926313.57
2000-02-29,sz.000858,34.0,34.5,32.5,32.75,4760004,158038262.04
2000-03-01,sz.000858,32.8,33.7,31.7,31.93,2341023,76022348.88
2000-03-02,sz.000858,31.9,32.1,31.01,31.56,2394945,75579550.45
2000-03-03,sz.000858,31.8,32.99,31.7,31.96,1716060,55166762.77
2000-03-06,sz.000858,32.1,32.49,31.01,31.12,1690788,53386055.12
2000-03-07,sz.000858,31.0,32.5,30.6,32.07,1728717,54573493.3
2000-03-08,sz.000858,32.18,32.35,31.46,31.9,1057893,33604085.51
2000-03-09,sz.000858,32.0,32.2,31.33,31.58,1266746,40142884.47
2000-03-10,sz.000858,31.7,31.7,30.98,31.05,1427885,44534271.59
2000-03-13,sz.000858,31.0,32.0,30.71,31.31,826689,25805560.71
2000-03-14,sz.000858,31.0,31.0,30.0,30.51,1792580,54666009.2
2000-03-15,sz.000858,30.56,30.8,30.18,30.21,1185202,36071841.01
2000-03-16,sz.000858,30.19,30.2,28.9,29.16,1651009,48801661.04
2000-03-17,sz.000858,29.0,29.6,28.88,29.57,1112050,32688097.72
2000-03-20,sz.000858,29.0,29.98,29.0,29.9,1106274,32815196.08
2000-03-21,sz.000858,29.9,30.78,29.9,30.14,854048,25920652.07
2000-03-22,sz.000858,30.12,30.4,30.08,30.17,1057052,31892686.26
2000-03-23,sz.000858,30.16,30.28,29.8,30.02,1174631,35174834.19
2000-03-24,sz.000858,30.05,31.09,30.05,30.65,1624647,49919783.45
2000-03-27,sz.000858,30.8,31.17,30.28,30.82,1209860,37054029.63
2000-03-28,sz.000858,31.01,31.3,30.58,30.86,1099989,33866308.6
2000-03-29,sz.000858,30.95,31.03,30.0,30.56,1100479,33685767.15
2000-03-30,sz.000858,30.61,30.8,30.35,30.48,1311655,39944786.39
2000-03-31,sz.000858,30.5,30.52,30.0,30.15,1762067,53092943.01
2000-04-03,sz.000858,30.15,30.97,30.0,30.18,867164,26407259.13
2000-04-04,sz.000858,30.01,30.15,29.6,29.8,1136772,33952894.83
2000-04-05,sz.000858,29.8,30.3,29.8,30.0,528536,15830434.95
2000-04-06,sz.000858,30.05,30.5,30.0,30.34,660965,19936333.01
2000-04-07,sz.000858,30.4,30.5,30.1,30.17,783975,23690401.54
2000-04-10,sz.000858,30.25,31.28,30.25,31.08,1851550,57392631.21
2000-04-11,sz.000858,31.1,31.28,30.63,30.84,903271,27932284.5
2000-04-12,sz.000858,30.98,31.09,30.32,30.49,726425,22275079.77
2000-04-13,sz.000858,30.5,30.94,30.48,30.73,708129,21699825.69
2000-04-14,sz.000858,30.79,31.89,30.75,31.42,3004011,94215633.54
2000-04-17,sz.000858,31.47,33.3,31.47,32.39,4633750,150796850.82
2000-04-18,sz.000858,32.5,32.98,31.61,32.16,1421841,45532341.61
2000-04-19,sz.000858,32.18,32.4,31.5,31.61,1453586,46151354.64
2000-04-20,sz.000858,31.7,31.96,31.29,31.4,954395,30007770.13
2000-04-21,sz.000858,31.78,31.9,31.33,31.4,915171,28850665.09
2000-04-24,sz.000858,31.4,31.7,31.0,31.02,823298,25631998.97
2000-04-25,sz.000858,31.02,31.35,30.98,31.1,570132,17721410.18
2000-04-26,sz.000858,31.16,31.5,30.98,31.0,618073,19243051.38
2000-04-27,sz.000858,31.1,31.28,30.68,30.71,801878,24779010.29
2000-04-28,sz.000858,30.72,31.6,30.7,31.2,837179,26058220.18
2000-05-08,sz.000858,31.48,31.92,31.4,31.65,951881,30189397.93
2000-05-09,sz.000858,31.5,31.78,30.8,30.93,576023,17899141.55
2000-05-10,sz.000858,31.0,31.0,29.98,30.01,923700,27857994.65
2000-05-11,sz.000858,30.0,30.3,29.1,29.65,757148,22564978.7
2000-05-12,sz.000858,30.0,30.2,29.58,29.97,538349,16066076.98
2000-05-15,sz.000858,30.01,30.46,29.2,29.33,459434,13600496.96
2000-05-16,sz.000858,29.41,29.7,29.4,29.55,381265,11267934.75
2000-05-17,sz.000858,29.6,30.18,29.58,29.59,316414,9423266.14
2000-05-18,sz.000858,29.6,30.0,29.6,29.89,311778,9297181.08
2000-05-19,sz.000858,29.91,30.18,29.79,30.0,522038,15622574.34
2000-05-22,sz.000858,30.0,30.48,29.8,30.22,814989,24571665.26
2000-05-23,sz.000858,30.33,30.5,29.8,30.17,712003,21391560.15
2000-05-24,sz.000858,30.0,30.3,29.88,30.15,859705,25863325.36
2000-05-25,sz.000858,30.2,31.11,30.2,30.7,935114,28708367.5
2000-05-26,sz.000858,30.8,31.09,30.51,30.67,743446,22858220.37
2000-05-29,sz.000858,30.7,31.05,30.4,31.0,1236668,37920189.27
2000-05-30,sz.000858,31.28,31.35,30.5,30.51,680814,20961097.27
2000-05-31,sz.000858,30.5,30.6,30.1,30.22,741708,22480616.74
2000-06-01,sz.000858,30.25,31.0,30.2,30.57,585540,17891423.46
2000-06-02,sz.000858,31.5,32.08,30.8,31.0,557366,17290917.47
2000-06-05,sz.000858,31.0,32.25,30.81,31.49,2119795,66733658.1
2000-06-06,sz.000858,31.9,33.05,31.7,32.41,4587636,149505089.97
2000-06-07,sz.000858,32.6,32.8,31.51,31.59,1617630,51594548.38
2000-06-08,sz.000858,31.5,31.5,31.0,31.11,906681,28216090.02
2000-06-09,sz.000858,31.11,31.5,30.58,30.66,801175,24669275.19
2000-06-12,sz.000858,30.61,30.98,30.25,30.64,553255,16868088.36
2000-06-13,sz.000858,30.7,30.98,30.68,30.86,503262,15511743.0
2000-06-14,sz.000858,31.0,31.7,30.0,31.03,746053,23111190.24
2000-06-15,sz.000858,31.1,31.28,30.82,30.96,408726,12671935.11
2000-06-16,sz.000858,30.96,31.0,30.6,30.65,572900,17648046.12
2000-06-19,sz.000858,31.0,32.0,31.0,31.6,2012869,64007465.38
2000-06-20,sz.000858,31.76,31.95,31.27,31.34,802559,25341395.01
2000-06-21,sz.000858,31.39,31.7,31.34,31.52,547096,17243466.54
2000-06-22,sz.000858,31.8,31.85,31.54,31.55,528226,16731683.67
2000-06-23,sz.000858,31.45,31.79,31.3,31.69,812141,25610505.71
2000-06-26,sz.000858,31.69,32.8,31.6,32.09,1550976,50081776.44
2000-06-27,sz.000858,32.46,32.5,31.49,31.73,548187,17437993.36
2000-06-28,sz.000858,31.8,32.2,31.72,31.81,717663,22900372.19
2000-06-29,sz.000858,31.9,32.95,31.9,32.31,2060794,66904407.85
2000-06-30,sz.000858,32.49,33.2,32.41,32.67,3315744,109270107.5
2000-07-03,sz.000858,32.8,33.9,31.8,33.44,3282952,109145094.68
2000-07-04,sz.000858,33.45,34.1,33.1,33.97,2297945,77411877.47
2000-07-05,sz.000858,34.0,34.2,33.6,33.62,1631052,55293129.82
2000-07-06,sz.000858,33.5,33.55,32.68,32.8,1293095,42679717.37
2000-07-07,sz.000858,32.8,33.48,32.7,33.05,944524,31239343.54
2000-07-10,sz.000858,33.08,33.6,33.05,33.27,840421,28008358.63
2000-07-11,sz.000858,33.3,33.58,33.05,33.1,972159,32273867.06
2000-07-12,sz.000858,33.2,33.3,32.8,32.85,860590,28295102.97
2000-07-13,sz.000858,32.86,33.0,32.6,32.8,1122586,36752688.7
2000-07-14,sz.000858,32.8,33.11,32.5,32.88,905912,29782995.64
2000-07-17,sz.000858,32.88,33.1,32.6,32.61,583400,19111067.32
2000-07-18,sz.000858,32.58,32.8,32.46,32.8,395355,12909587.16
2000-07-19,sz.000858,32.95,33.5,32.95,33.0,722511,23997759.38
2000-07-20,sz.000858,33.1,33.78,33.0,33.14,862764,28719165.47
2000-07-21,sz.000858,33.18,33.5,32.7,32.76,543760,17903621.22
2000-07-24,sz.000858,32.52,32.7,32.33,32.43,447665,14553636.32
2000-07-25,sz.000858,32.42,33.0,32.2,32.5,376212,12258781.31
2000-07-26,sz.000858,32.5,32.8,32.38,32.74,381161,12423008.16
2000-07-27,sz.000858,33.0,33.2,32.5,32.61,778777,25557177.8
2000-07-28,sz.000858,33.8,34.5,33.2,33.9,3313606,112158795.42
2000-07-31,sz.000858,34.0,34.18,33.5,33.51,1174899,39696626.04
2000-08-01,sz.000858,33.56,33.8,33.25,33.68,740296,24853536.64
2000-08-02,sz.000858,33.68,33.75,33.26,33.47,636373,21274573.18
2000-08-03,sz.000858,33.46,33.5,33.15,33.24,855888,28479614.99
2000-08-04,sz.000858,33.25,33.36,32.88,32.91,877320,28967074.7
2000-08-07,sz.000858,33.0,33.7,32.8,33.44,666192,22186875.94
2000-08-08,sz.000858,33.45,33.58,32.99,33.1,783647,25959706.57
2000-08-09,sz.000858,33.15,33.48,33.1,33.26,641236,21335508.07
2000-08-10,sz.000858,33.4,33.41,32.97,33.1,1088718,36007386.06
2000-08-11,sz.000858,33.2,34.28,33.15,33.76,2493124,84365664.09
2000-08-14,sz.000858,34.2,34.55,33.8,34.2,2106428,72097062.3
2000-08-15,sz.000858,34.24,34.35,33.68,33.88,847266,28772913.88
2000-08-16,sz.000858,33.89,34.0,33.61,33.73,532419,17973429.91
2000-08-17,sz.000858,33.75,34.2,33.65,34.12,1051705,35719763.58
2000-08-18,sz.000858,34.12,34.3,33.92,33.97,827201,28141437.52
2000-08-21,sz.000858,34.0,34.2,33.6,33.88,850639,28798946.57
2000-08-22,sz.000858,33.8,34.0,33.42,33.51,805980,27108893.61
2000-08-23,sz.000858,33.39,34.5,32.01,33.88,2668964,89163630.5
2000-08-24,sz.000858,34.2,35.5,34.0,35.0,5277911,184356070.66
2000-08-25,sz.000858,35.0,35.3,34.62,35.01,1697110,59265776.11
2000-08-28,sz.000858,35.25,35.3,34.8,35.0,1128727,39485449.23
2000-08-29,sz.000858,35.0,35.5,34.95,35.0,1219896,42976727.3
2000-08-30,sz.000858,35.08,35.1,34.31,34.55,952848,32969067.35
2000-08-31,sz.000858,34.4,34.4,33.45,33.46,1270081,42978756.22
2000-09-01,sz.000858,33.2,33.71,33.1,33.23,988851,33069686.26
2000-09-04,sz.000858,33.04,33.5,32.78,33.14,616263,20363270.22
2000-09-05,sz.000858,33.49,33.49,32.6,32.7,605600,20068454.44
2000-09-06,sz.000858,32.7,32.7,31.98,32.01,909578,29310798.81
2000-09-07,sz.000858,32.0,32.75,31.99,32.18,566264,18218913.29
2000-09-08,sz.000858,32.25,32.52,32.0,32.17,468187,15071918.99
2000-09-11,sz.000858,32.3,32.75,32.2,32.47,324030,10518108.4
2000-09-12,sz.000858,32.6,32.65,32.19,32.38,352172,11371462.46
2000-09-13,sz.000858,32.45,32.7,32.11,32.32,350660,11381488.82
2000-09-14,sz.000858,32.4,32.74,32.3,32.33,295626,9590979.3
2000-09-15,sz.000858,32.34,32.5,32.0,32.13,429162,13789690.0
2000-09-18,sz.000858,32.13,32.3,31.48,31.49,535425,16981308.63
2000-09-19,sz.000858,31.4,31.4,30.65,30.72,761523,23477780.91
2000-09-20,sz.000858,30.72,31.18,30.58,30.73,563828,17313301.9
2000-09-21,sz.000858,30.8,31.17,30.76,30.89,381609,11810738.55
2000-09-22,sz.000858,30.95,30.95,30.48,30.55,356459,10911166.87
2000-09-25,sz.000858,30.5,30.57,29.95,30.03,586757,17692409.51
2000-09-26,sz.000858,30.11,30.46,29.99,30.35,282098,8518681.8
2000-09-27,sz.000858,30.5,30.56,30.11,30.47,375775,11438327.9
2000-09-28,sz.000858,30.46,30.78,30.3,30.31,195270,5952615.52
2000-09-29,sz.000858,30.31,31.05,30.31,30.88,361984,11168877.41
2000-10-09,sz.000858,30.97,31.1,30.58,30.64,259979,7984889.83
2000-10-10,sz.000858,30.67,31.0,30.58,31.0,309863,9568064.82
2000-10-11,sz.000858,31.96,33.44,31.66,32.47,2166714,70749658.59
2000-10-12,sz.000858,32.41,32.45,31.7,31.92,424789,13610363.33
2000-10-13,sz.000858,31.92,32.04,31.25,31.48,317040,10071263.66
2000-10-16,sz.000858,31.4,31.4,31.1,31.21,247910,7734208.38
2000-10-17,sz.000858,31.07,31.39,30.9,31.21,171600,5364986.1
2000-10-18,sz.000858,31.5,31.95,31.5,31.65,198697,6296557.59
2000-10-19,sz.000858,31.9,32.0,31.3,31.6,276673,8762624.8
2000-10-20,sz.000858,31.6,32.28,31.6,32.25,469516,15039412.05
2000-10-23,sz.000858,32.5,32.53,32.0,32.09,328655,10581593.2
2000-10-24,sz.000858,32.09,32.29,31.7,32.01,305808,9745721.3
2000-10-25,sz.000858,32.08,32.5,31.6,32.33,491103,15761418.23
2000-10-26,sz.000858,32.3,32.82,31.8,32.36,426963,13821493.03
2000-10-27,sz.000858,32.19,32.5,32.02,32.2,280623,9035647.94
2000-10-30,sz.000858,31.8,32.15,31.8,32.0,371413,11878593.1
2000-10-31,sz.000858,32.0,32.35,31.81,31.82,389017,12459903.8
2000-11-01,sz.000858,31.8,32.15,31.8,32.07,281933,9012891.78
2000-11-02,sz.000858,32.0,32.7,31.9,32.31,415169,13372036.46
2000-11-03,sz.000858,32.31,33.1,32.1,33.05,1509218,49612778.14
2000-11-06,sz.000858,33.16,33.58,33.05,33.26,1755384,58643707.86
2000-11-07,sz.000858,33.28,33.3,32.85,32.95,553056,18285043.97
2000-11-08,sz.000858,32.84,34.45,32.84,34.19,2982873,101623097.86
2000-11-09,sz.000858,34.5,34.81,34.05,34.44,2969762,102532056.35
2000-11-10,sz.000858,34.48,35.08,34.11,34.64,3038580,105564697.15
2000-11-13,sz.000858,35.0,38.1,34.55,38.1,9768879,365941639.74
2000-11-14,sz.000858,39.5,40.58,38.74,39.89,13709715,544330596.65
2000-11-15,sz.000858,39.99,40.2,39.01,39.3,4671348,184688303.13
2000-11-16,sz.000858,39.38,41.6,39.3,41.02,6118154,250001365.22
2000-11-17,sz.000858,41.19,41.27,40.0,40.63,2304740,93381195.0
2000-11-20,sz.000858,40.6,43.05,40.25,42.52,4153786,175444801.24
2000-11-21,sz.000858,42.52,42.98,41.19,41.54,2807383,117979970.04
2000-11-22,sz.000858,41.4,41.8,40.85,41.3,2028769,83444732.98
2000-11-23,sz.000858,41.48,41.49,40.0,40.46,2237088,91366405.38
2000-11-24,sz.000858,40.48,40.5,38.6,38.88,5393254,212604923.68
2000-11-27,sz.000858,38.68,39.49,38.41,38.97,2566773,100065873.28
2000-11-28,sz.000858,39.78,39.78,39.22,39.45,718827,28413426.21
2000-11-29,sz.000858,39.5,39.6,38.5,38.75,1373581,53309151.74
2000-11-30,sz.000858,38.5,39.49,38.5,39.19,833329,32553302.11
2000-12-01,sz.000858,39.3,40.08,39.0,39.67,919569,36484437.07
2000-12-04,sz.000858,39.58,40.0,39.0,39.19,761958,30076620.37
2000-12-05,sz.000858,39.18,39.8,39.02,39.26,639946,25199729.59
2000-12-06,sz.000858,39.5,39.6,38.4,38.6,946761,36799871.37
2000-12-07,sz.000858,38.5,38.8,37.26,37.75,1585817,60115183.59
2000-12-08,sz.000858,37.95,38.1,37.5,37.67,826086,31112470.87
2000-12-11,sz.000858,37.75,37.78,36.28,36.48,1484244,54485929.17
2000-12-12,sz.000858,36.48,37.6,36.48,37.09,863186,31912188.44
2000-12-13,sz.000858,37.09,37.45,36.81,37.3,626540,23234107.43
2000-12-14,sz.000858,37.2,37.8,37.12,37.36,449442,16840964.66
2000-12-15,sz.000858,37.42,37.58,36.6,37.09,559169,20611439.33
2000-12-18,sz.000858,37.09,38.1,36.6,38.06,907203,33898440.9
2000-12-19,sz.000858,38.06,38.2,37.45,37.59,655242,24838021.78
2000-12-20,sz.000858,37.59,39.4,37.59,38.84,1044841,40508783.7
2000-12-21,sz.000858,39.1,39.5,38.85,38.99,843245,32954222.17
2000-12-22,sz.000858,39.0,40.0,38.86,39.63,1098351,43398461.58
2000-12-25,sz.000858,39.6,39.95,38.6,38.74,683494,26670608.49
2000-12-26,sz.000858,39.5,39.6,38.81,39.0,641780,25078416.16
2000-12-27,sz.000858,39.1,39.29,38.3,38.31,950898,36787704.65
2000-12-28,sz.000858,38.31,39.18,37.83,39.06,1214038,46835624.19
2000-12-29,sz.000858,39.06,39.7,38.98,39.54,1055255,41604302.13
2001-01-02,sz.000858,39.6,40.18,39.13,39.85,1038818,41324776.48
2001-01-03,sz.000858,40.0,40.9,39.8,40.2,1534134,61780726.62
2001-01-04,sz.000858,40.28,41.0,40.02,40.18,916054,37079055.64
2001-01-05,sz.000858,40.2,40.22,39.48,39.8,732823,29070957.77
2001-01-08,sz.000858,39.8,39.9,38.7,38.89,902728,35259998.91
2001-01-09,sz.000858,39.0,39.2,38.51,38.71,551923,21402635.04
2001-01-10,sz.000858,38.69,39.7,38.69,39.3,453308,17805028.78
2001-01-11,sz.000858,39.28,39.91,39.0,39.05,501884,19763219.1
2001-01-12,sz.000858,39.05,39.49,37.9,38.4,1038200,40047737.18
2001-01-15,sz.000858,38.4,38.4,36.6,36.85,1447265,53823320.57
2001-01-16,sz.000858,36.5,37.14,36.4,36.89,1493683,54973247.02
2001-01-17,sz.000858,37.0,37.25,36.66,36.85,1324072,48782479.38
2001-01-18,sz.000858,36.86,37.41,36.5,36.59,1779821,65678642.8
2001-01-19,sz.000858,36.59,37.1,36.5,36.89,1968866,72383072.62
2001-02-05,sz.000858,37.01,37.3,35.01,35.07,1296599,46519196.11
2001-02-06,sz.000858,35.01,35.18,34.08,34.74,1306454,45017117.06
2001-02-07,sz.000858,34.74,34.99,34.15,34.21,701800,24177201.68
2001-02-08,sz.000858,34.21,34.6,33.62,33.95,778500,26449474.86
2001-02-09,sz.000858,34.12,34.7,33.9,34.52,780893,26756560.42
2001-02-12,sz.000858,34.68,34.68,33.95,34.12,750946,25611558.99
2001-02-13,sz.000858,34.2,34.59,34.15,34.46,427130,14696430.4
2001-02-14,sz.000858,34.5,34.78,34.4,34.64,560621,19380961.36
2001-02-15,sz.000858,34.7,35.6,34.5,35.12,1311774,45967461.29
2001-02-16,sz.000858,35.21,35.4,34.01,34.47,1508602,52066452.48
2001-02-19,sz.000858,33.0,34.09,32.8,33.5,910356,30582826.22
2001-02-21,sz.000858,33.0,33.16,31.59,32.5,574594,18723344.69
2001-02-22,sz.000858,32.29,33.1,32.01,32.7,435143,14273807.52
2001-02-23,sz.000858,32.7,34.1,32.7,33.94,578572,19261101.43
2001-02-26,sz.000858,34.0,34.45,33.5,34.31,855562,29102020.54
2001-02-27,sz.000858,34.3,34.45,34.06,34.25,653357,22416885.07
2001-02-28,sz.000858,34.25,34.25,33.6,33.65,645860,21889313.99
2001-03-01,sz.000858,33.5,33.8,33.42,33.64,1114981,37425277.57
2001-03-02,sz.000858,33.64,34.35,33.64,33.89,1098609,37441291.22
2001-03-05,sz.000858,34.0,34.2,33.5,33.92,926764,31438019.55
2001-03-06,sz.000858,34.0,34.84,33.8,34.82,686838,23636815.64
2001-03-07,sz.000858,34.88,34.96,34.38,34.58,518838,18038437.24
2001-03-08,sz.000858,34.58,34.78,34.32,34.63,318862,11038130.57
2001-03-09,sz.000858,34.56,34.92,34.46,34.79,663167,23000071.43
2001-03-12,sz.000858,34.8,35.45,34.63,35.38,891523,31329275.93
2001-03-13,sz.000858,35.28,36.6,35.1,36.45,2851148,102880802.02
2001-03-14,sz.000858,36.38,37.35,36.15,37.29,2200695,81073092.74
2001-03-15,sz.000858,37.5,37.88,36.98,37.12,2179340,81501912.68
2001-03-16,sz.000858,37.12,37.29,36.35,36.58,1136730,41724356.34
2001-03-19,sz.000858,36.4,37.4,36.12,37.0,895176,33011886.71
2001-03-20,sz.000858,37.0,37.48,36.8,36.91,1014172,37680593.64
2001-03-21,sz.000858,37.0,37.19,36.4,36.81,878371,32342513.31
2001-03-22,sz.000858,36.76,37.4,36.6,36.7,1067311,39402322.0
2001-03-23,sz.000858,36.65,37.26,36.45,36.54,2322003,85469176.95
2001-03-26,sz.000858,36.5,37.33,36.45,37.28,1166370,43114923.26
2001-03-27,sz.000858,37.45,37.79,37.01,37.29,1374702,51514151.97
2001-03-28,sz.000858,37.39,38.68,37.05,38.14,4131891,157049287.49
2001-03-29,sz.000858,38.14,38.49,37.75,37.91,1077710,41047938.26
2001-03-30,sz.000858,37.85,38.0,37.56,37.9,699773,26428290.7
2001-04-02,sz.000858,38.0,38.22,37.51,37.58,968089,36613575.8
2001-04-03,sz.000858,37.51,37.66,36.98,37.04,1089295,40533484.75
2001-04-04,sz.000858,36.95,37.19,36.1,36.3,1278020,46896540.76
2001-04-05,sz.000858,36.11,36.8,36.01,36.72,812937,29561036.02
2001-04-06,sz.000858,36.75,36.95,36.2,36.3,725836,26429823.68
2001-04-09,sz.000858,36.05,36.31,35.99,36.15,888639,32078960.13
2001-04-10,sz.000858,36.16,36.6,36.08,36.18,569030,20665191.61
2001-04-11,sz.000858,36.2,37.18,36.11,37.06,835589,30652257.35
2001-04-12,sz.000858,37.09,37.18,36.65,36.75,865861,31889137.18
2001-04-13,sz.000858,36.75,37.25,36.67,36.99,554768,20483903.11
2001-04-16,sz.000858,37.0,38.17,36.78,37.7,2946766,110616858.75
2001-04-17,sz.000858,37.45,38.0,37.01,37.08,1028237,38613467.9
2001-04-18,sz.000858,37.09,37.4,36.65,36.94,1033536,38321632.58
2001-04-19,sz.000858,36.94,36.94,36.5,36.72,1190561,43589618.26
2001-04-20,sz.000858,37.08,37.3,35.99,36.46,1069249,39419118.49
2001-04-23,sz.000858,36.22,36.46,36.1,36.38,913484,33139439.81
2001-04-24,sz.000858,36.39,37.0,36.38,36.8,835043,30640759.23
2001-04-25,sz.000858,34.11,37.49,34.11,36.95,2282854,83418544.69
2001-04-26,sz.000858,36.88,37.59,36.61,37.21,2114966,78612355.91
2001-04-27,sz.000858,37.5,38.0,36.9,37.25,1152677,43104654.86
2001-04-30,sz.000858,37.25,37.9,37.22,37.49,1270570,47718035.05
2001-05-08,sz.000858,37.5,38.2,37.5,38.0,2113489,80221678.41
2001-05-09,sz.000858,38.0,39.7,37.86,38.94,6248669,244042240.98
2001-05-10,sz.000858,39.05,39.6,38.72,39.15,2380380,93033972.84
2001-05-11,sz.000858,39.2,39.3,38.91,39.05,1522641,59421254.81
2001-05-14,sz.000858,38.8,39.5,38.53,39.35,1795380,70022564.09
2001-05-15,sz.000858,39.5,39.88,39.01,39.82,2922667,115850869.19
2001-05-16,sz.000858,39.8,39.89,39.16,39.18,1934231,76437503.74
2001-05-17,sz.000858,39.0,39.15,38.5,38.58,2738315,106508479.87
2001-05-21,sz.000858,38.58,39.0,38.23,38.63,2176151,84234102.09
2001-05-22,sz.000858,38.63,38.85,38.5,38.57,923906,35683044.61
2001-05-23,sz.000858,38.57,38.85,38.08,38.57,1837348,70567303.51
2001-05-24,sz.000858,38.58,38.62,38.03,38.16,1698650,64858875.4
2001-05-25,sz.000858,38.05,38.48,37.96,38.46,1561634,59753242.63
2001-05-28,sz.000858,38.46,38.65,37.98,38.11,1180254,44973409.64
2001-05-29,sz.000858,38.09,38.9,38.0,38.36,543686,20808919.54
2001-05-30,sz.000858,38.36,39.0,38.25,39.0,934017,36100230.68
2001-05-31,sz.000858,39.08,39.18,38.65,38.65,778885,30320616.55
2001-06-01,sz.000858,38.67,39.15,38.67,39.06,724539,28251663.3
2001-06-04,sz.000858,39.3,40.45,39.15,40.01,2587382,103484280.0
2001-06-05,sz.000858,40.1,40.3,39.6,39.7,1837135,73271575.69
2001-06-06,sz.000858,39.7,40.18,39.52,40.04,1458934,58223631.23
2001-06-07,sz.000858,40.04,40.25,39.5,39.54,1045449,41756842.95
2001-06-08,sz.000858,39.49,39.9,39.08,39.85,847224,33420689.96
2001-06-11,sz.000858,39.8,40.14,39.33,39.39,754206,29804173.79
2001-06-12,sz.000858,39.4,39.65,39.12,39.48,461035,18136010.35
2001-06-13,sz.000858,39.45,39.64,39.2,39.51,665886,26222140.4
2001-06-14,sz.000858,39.48,40.2,38.6,38.82,2290858,90840172.59
2001-06-15,sz.000858,38.52,39.1,38.45,38.54,2084925,80604745.31
2001-06-18,sz.000858,38.5,38.88,37.6,37.66,1663840,63402346.71
2001-06-19,sz.000858,37.66,37.99,37.43,37.72,617720,23278899.34
2001-06-20,sz.000858,37.72,37.9,37.11,37.19,766458,28701929.27
2001-06-21,sz.000858,37.19,37.79,37.19,37.56,494654,18574640.97
2001-06-22,sz.000858,36.8,38.2,36.8,38.0,695956,26286403.35
2001-06-25,sz.000858,38.03,38.68,38.03,38.68,834819,32039766.82
2001-06-26,sz.000858,38.78,38.84,38.5,38.8,998240,38606488.0
2001-06-27,sz.000858,38.8,39.61,38.6,39.6,1045463,40788003.48
2001-06-28,sz.000858,39.6,39.95,38.65,39.29,2011969,79748749.91
2001-06-29,sz.000858,39.4,39.98,39.01,39.24,1383712,54954739.96
2001-07-02,sz.000858,39.1,39.15,38.37,38.52,564436,21782011.42
2001-07-03,sz.000858,38.5,38.85,38.4,38.71,528042,20412570.46
2001-07-04,sz.000858,38.71,38.9,38.56,38.71,377306,14605657.45
2001-07-05,sz.000858,38.71,38.96,38.41,38.53,630422,24337391.07
2001-07-06,sz.000858,38.55,38.78,38.35,38.5,403730,15550136.93
2001-07-09,sz.000858,38.5,39.58,38.45,39.29,1276019,49907857.52
2001-07-10,sz.000858,39.3,39.55,38.97,39.23,337245,13211453.1
2001-07-11,sz.000858,39.23,39.48,38.9,39.0,391569,15293968.45
2001-07-12,sz.000858,38.6,38.98,38.26,38.76,478568,18468384.43
2001-07-13,sz.000858,38.8,39.28,38.2,38.39,465430,17882680.5
2001-07-16,sz.000858,39.38,42.18,39.01,40.94,8854452,361072621.81
2001-07-18,sz.000858,42.89,43.5,41.8,41.97,7347524,312544615.96
2001-07-19,sz.000858,42.48,42.55,41.81,42.51,2108595,89086661.17
2001-07-20,sz.000858,42.51,43.6,42.51,42.79,3586773,154843535.34
2001-07-23,sz.000858,42.81,43.0,42.18,42.4,1095554,46671862.95
2001-07-24,sz.000858,41.98,42.5,41.05,41.11,2534713,105424177.42
2001-07-25,sz.000858,41.1,41.4,40.6,40.73,1120302,45886236.99
2001-07-26,sz.000858,41.0,41.29,39.98,40.99,1076553,43591495.66
2001-07-27,sz.000858,40.7,41.0,39.9,40.32,1156357,46643431.07
2001-07-30,sz.000858,40.0,40.0,38.09,38.12,2002510,77779022.64
2001-07-31,sz.000858,38.13,39.0,37.95,38.0,1653522,63618514.74
2001-08-01,sz.000858,38.1,39.35,38.1,39.13,1582668,61644652.95
2001-08-02,sz.000858,39.13,39.13,37.4,38.0,1664832,63346435.85
2001-08-03,sz.000858,38.2,38.55,37.89,38.08,782707,29917788.86
2001-08-06,sz.000858,38.0,38.2,36.4,36.97,1251379,46559552.75
2001-08-07,sz.000858,36.9,37.65,36.61,37.51,779979,29001639.19
2001-08-08,sz.000858,37.51,37.78,36.91,37.15,431885,16080821.85
2001-08-09,sz.000858,37.15,38.18,37.15,38.14,396956,15035117.07
2001-08-10,sz.000858,38.8,38.99,38.28,38.43,760058,29325929.44
2001-08-13,sz.000858,38.6,38.8,38.2,38.43,743409,28600298.99
2001-08-14,sz.000858,38.44,38.7,37.5,37.9,1400883,53075269.76
2001-08-15,sz.000858,37.9,39.0,37.8,38.6,963431,37037548.29
2001-08-16,sz.000858,38.7,39.0,38.0,38.6,585766,22639185.8
2001-08-17,sz.000858,38.2,38.94,37.62,38.92,287903,11102401.67
2001-08-20,sz.000858,38.9,39.6,38.65,39.58,1325253,52183446.5
2001-08-21,sz.000858,39.58,39.77,39.1,39.57,906408,35831608.15
2001-08-22,sz.000858,39.59,39.6,38.18,39.25,960248,37308844.9
2001-08-23,sz.000858,39.8,39.8,38.5,39.43,1467426,57511230.85
2001-08-27,sz.000858,38.96,38.96,37.18,37.24,1741553,65554680.43
2001-08-28,sz.000858,37.27,38.1,36.9,38.03,1067221,39698924.43
2001-08-29,sz.000858,38.03,38.85,37.6,37.88,891898,33995024.52
2001-08-30,sz.000858,38.0,38.0,37.15,37.39,657905,24655471.97
2001-08-31,sz.000858,37.5,38.2,37.3,37.88,1435785,54293102.2
2001-09-03,sz.000858,38.0,38.15,36.86,36.9,2278286,85180036.81
2001-09-04,sz.000858,21.65,21.7,20.85,21.39,2571449,54366333.9
2001-09-05,sz.000858,21.3,21.79,20.8,21.34,2243468,47517491.99
2001-09-06,sz.000858,21.21,21.49,21.01,21.22,687984,14598013.93
2001-09-07,sz.000858,21.18,21.2,20.0,20.04,1612520,32919367.21
2001-09-10,sz.000858,19.5,20.2,19.01,19.9,2210301,43674285.63
2001-09-11,sz.000858,19.9,20.2,19.75,19.95,1590103,31716866.29
2001-09-12,sz.000858,19.01,19.75,18.86,19.37,2110707,40684037.86
2001-09-13,sz.000858,19.4,19.6,19.08,19.17,1024249,19688581.96
2001-09-14,sz.000858,19.12,19.3,18.51,18.9,2243366,42328850.94
2001-09-17,sz.000858,18.7,18.79,17.98,18.0,1905630,34702720.67
2001-09-18,sz.000858,17.7,18.5,17.5,17.82,1869667,33259065.39
2001-09-19,sz.000858,17.83,18.4,17.57,18.36,1242040,22256640.0
2001-09-20,sz.000858,18.4,18.76,18.04,18.64,1995127,36932306.58
2001-09-21,sz.000858,18.6,18.68,18.18,18.28,1348328,24899011.06
2001-09-24,sz.000858,18.28,18.47,18.2,18.28,694277,12716103.28
2001-09-25,sz.000858,18.28,18.54,18.28,18.38,605899,11155885.07
2001-09-26,sz.000858,18.35,18.58,18.18,18.21,848675,15560259.18
2001-09-27,sz.000858,18.21,18.38,17.01,18.01,960376,17297297.1
2001-09-28,sz.000858,18.11,18.47,18.05,18.17,712596,12956275.56
2001-10-08,sz.000858,18.19,18.45,17.98,18.0,513594,9301999.46
2001-10-09,sz.000858,18.0,18.4,18.0,18.24,420368,7637920.72
2001-10-10,sz.000858,18.2,18.45,17.74,17.8,631560,11329902.07
2001-10-11,sz.000858,17.8,18.1,17.51,17.56,607600,10751344.85
2001-10-12,sz.000858,18.3,18.85,18.08,18.51,2533450,47060039.46
2001-10-15,sz.000858,18.55,18.6,17.7,18.22,1226383,22316754.01
2001-10-16,sz.000858,18.38,19.0,18.3,18.4,2541730,47324419.79
2001-10-17,sz.000858,18.38,18.58,18.0,18.38,839511,15304032.17
2001-10-18,sz.000858,18.41,18.5,17.66,17.85,1836217,32785477.96
2001-10-19,sz.000858,17.68,17.84,17.18,17.35,1792479,31207940.33
2001-10-22,sz.000858,17.2,17.26,16.38,16.4,2140876,36012615.42
2001-10-23,sz.000858,18.04,18.04,17.7,18.04,4421876,79695787.47
2001-10-24,sz.000858,19.0,19.1,18.18,18.43,5985429,111827376.32
2001-10-25,sz.000858,18.38,18.38,17.89,17.97,1664823,30169034.99
2001-10-26,sz.000858,17.97,18.05,17.66,17.92,1115529,19924468.64
2001-10-29,sz.000858,17.92,18.15,17.92,18.13,611071,11044337.77
2001-10-30,sz.000858,18.18,18.25,17.8,17.9,772640,13937297.97
2001-10-31,sz.000858,17.9,18.0,17.81,17.96,969220,17366887.72
2001-11-01,sz.000858,17.9,18.25,17.87,18.25,949117,17117685.91
2001-11-02,sz.000858,18.25,18.26,17.98,17.98,647171,11697259.29
2001-11-05,sz.000858,17.99,18.25,17.87,18.0,817897,14759549.12
2001-11-06,sz.000858,18.1,18.15,17.9,17.95,306609,5513643.81
2001-11-07,sz.000858,17.86,17.95,17.0,17.11,1433768,24919493.54
2001-11-08,sz.000858,17.0,17.49,16.7,17.24,893574,15243474.14
2001-11-09,sz.000858,17.23,17.54,16.7,17.46,673952,11612784.94
2001-11-12,sz.000858,17.46,17.59,16.88,16.9,1041280,17702892.73
2001-11-13,sz.000858,16.78,16.95,16.7,16.79,938959,15747977.48
2001-11-14,sz.000858,16.8,16.9,16.45,16.5,1170595,19441092.78
2001-11-15,sz.000858,16.6,16.8,16.5,16.78,975539,16163833.79
2001-11-16,sz.000858,18.0,18.46,17.05,17.09,2840054,50567497.73
2001-11-19,sz.000858,17.05,17.42,17.0,17.4,419170,7209696.15
2001-11-20,sz.000858,17.39,17.88,17.38,17.61,1594649,28179779.03
2001-11-21,sz.000858,18.04,18.04,17.58,17.74,1047597,18634483.14
2001-11-22,sz.000858,17.78,17.94,17.65,17.9,1400847,24939738.84
2001-11-23,sz.000858,17.84,17.85,17.65,17.67,709880,12573979.71
2001-11-26,sz.000858,17.65,17.7,17.33,17.42,586388,10219817.29
2001-11-27,sz.000858,17.42,17.55,17.35,17.5,491380,8568424.1
2001-11-28,sz.000858,17.55,18.1,17.55,17.84,1881282,33656066.15
2001-11-29,sz.000858,17.99,18.01,17.79,17.86,1124844,20105765.18
2001-11-30,sz.000858,17.96,18.03,17.89,18.0,1265948,22748824.48
2001-12-03,sz.000858,18.1,19.25,18.1,19.05,5466500,103589277.27
2001-12-04,sz.000858,19.11,19.93,19.01,19.89,5569906,108409948.88
2001-12-05,sz.000858,20.0,20.8,19.9,19.98,12468426,253973131.25
2001-12-06,sz.000858,19.97,20.58,19.8,20.38,4893486,99256265.48
2001-12-07,sz.000858,20.45,20.5,20.05,20.15,2320512,46821201.98
2001-12-10,sz.000858,20.18,20.29,19.76,20.07,2571166,51367329.85
2001-12-11,sz.000858,20.0,20.26,19.88,19.91,2041965,41002394.21
2001-12-12,sz.000858,19.8,20.45,19.8,20.21,2868702,58018073.18
2001-12-13,sz.000858,20.21,20.38,19.88,19.95,1808367,36344824.01
2001-12-14,sz.000858,19.95,20.18,19.76,20.02,1893925,37839648.88
2001-12-17,sz.000858,20.0,20.65,19.88,20.47,2211080,44924856.41
2001-12-18,sz.000858,20.51,21.22,20.41,21.21,7287358,152164994.25
2001-12-19,sz.000858,21.25,21.46,20.71,20.77,5276425,111534762.39
2001-12-20,sz.000858,20.7,20.8,20.01,20.19,3946152,80148581.5
2001-12-21,sz.000858,20.03,20.6,20.01,20.49,2252729,45843385.38
2001-12-24,sz.000858,20.51,20.55,19.95,20.14,2595210,52203768.28
2001-12-25,sz.000858,20.13,20.33,19.95,20.21,1542024,31107070.52
2001-12-26,sz.000858,20.16,21.0,20.14,20.97,1755247,36161035.63
2001-12-27,sz.000858,21.2,21.2,20.59,20.62,1868524,38812326.63
2001-12-28,sz.000858,20.64,21.2,20.55,21.0,3692037,77233066.33
2001-12-31,sz.000858,21.02,21.39,20.89,21.15,3854120,81653667.51
2002-01-04,sz.000858,21.16,21.25,20.52,20.63,2829090,58619484.87
2002-01-07,sz.000858,20.5,20.5,20.01,20.3,1813976,36633346.66
2002-01-08,sz.000858,20.3,20.5,20.06,20.11,1125122,22765728.01
2002-01-09,sz.000858,20.0,20.15,19.85,20.05,1594875,31842763.96
2002-01-10,sz.000858,19.99,19.99,18.8,19.71,3867848,74970974.26
2002-01-11,sz.000858,19.7,19.85,19.1,19.28,1658731,32220744.37
2002-01-14,sz.000858,19.0,19.2,18.8,18.86,2048360,38851805.01
2002-01-15,sz.000858,18.7,19.21,18.52,18.82,2037249,38533555.62
2002-01-16,sz.000858,19.1,19.27,18.58,19.03,1226213,23162573.84
2002-01-17,sz.000858,19.01,19.18,18.25,18.67,1833661,34125794.65
2002-01-18,sz.000858,18.4,19.4,18.2,19.16,3599566,68136646.39
2002-01-21,sz.000858,19.15,19.2,18.58,18.68,2101947,39464923.48
2002-01-22,sz.000858,18.68,19.3,18.5,19.0,1931543,36702251.23
2002-01-23,sz.000858,18.8,19.9,18.76,19.85,3538658,68673990.65
2002-01-24,sz.000858,19.68,20.2,19.4,19.82,4132898,82375728.42
2002-01-25,sz.000858,19.79,20.15,19.6,19.81,1511659,30134583.29
2002-01-28,sz.000858,19.82,20.01,18.8,18.86,2885914,55134532.36
2002-01-29,sz.000858,18.5,19.3,18.45,18.92,1515648,28725375.38
2002-01-30,sz.000858,18.99,19.2,18.71,18.9,813099,15413824.82
2002-01-31,sz.000858,20.79,20.79,19.02,20.26,7198398,145475855.15
2002-02-01,sz.000858,20.26,20.5,19.92,20.0,2961610,59740692.34
2002-02-04,sz.000858,20.01,20.33,19.9,20.21,1379803,27813502.91
2002-02-05,sz.000858,20.22,20.55,20.1,20.27,1535506,31181652.04
2002-02-06,sz.000858,20.31,20.4,19.93,19.98,1255120,25156908.13
2002-02-07,sz.000858,19.88,20.45,19.85,20.37,1615851,32759779.0
2002-02-08,sz.000858,20.37,20.54,20.25,20.27,1725627,35249317.29
2002-02-25,sz.000858,20.88,20.88,20.36,20.57,2169153,44538712.59
2002-02-26,sz.000858,20.5,20.8,20.39,20.56,1858855,38241957.18
2002-02-27,sz.000858,20.6,20.85,20.5,20.82,2214056,45855112.17
2002-02-28,sz.000858,21.0,21.0,19.95,20.01,4831777,98270389.5
2002-03-01,sz.000858,20.0,20.35,19.97,20.16,2601152,52298164.57
2002-03-04,sz.000858,20.1,20.28,19.92,20.17,1580655,31732360.17
2002-03-05,sz.000858,20.2,20.63,20.14,20.45,2541222,51902907.99
2002-03-06,sz.000858,20.55,20.8,20.38,20.41,3661388,75050931.44
2002-03-07,sz.000858,20.42,20.55,20.15,20.51,3621957,73664526.09
2002-03-08,sz.000858,20.58,21.18,20.5,20.95,6061656,126167453.59
2002-03-11,sz.000858,21.0,21.17,20.8,21.03,4877303,102135945.19
2002-03-12,sz.000858,21.1,21.12,20.5,20.5,4149212,85868065.09
2002-03-13,sz.000858,20.48,20.75,20.35,20.52,1690077,34737238.26
2002-03-14,sz.000858,20.52,20.86,20.5,20.8,1718615,35528045.49
2002-03-15,sz.000858,20.8,21.47,20.62,20.76,7160124,151271372.0
2002-03-18,sz.000858,20.8,21.3,20.46,20.58,2993201,61941889.88
2002-03-19,sz.000858,20.58,21.0,20.48,20.93,2732800,56650590.25
2002-03-20,sz.000858,20.98,21.45,20.82,21.11,4902648,103886112.08
2002-03-21,sz.000858,21.12,21.66,21.12,21.4,4993073,107165281.91
2002-03-22,sz.000858,21.57,21.6,21.02,21.18,1993204,42160300.59
2002-03-25,sz.000858,21.1,21.26,21.0,21.08,1121388,23611018.63
2002-03-26,sz.000858,21.11,21.15,20.65,20.75,1457856,30272853.68
2002-03-27,sz.000858,20.71,20.86,20.6,20.84,794352,16458182.38
2002-03-28,sz.000858,20.8,20.8,20.55,20.58,1141264,23556346.18
2002-03-29,sz.000858,20.5,20.5,20.1,20.16,1790928,36302024.9
2002-04-01,sz.000858,20.1,20.3,20.0,20.15,896580,18029740.48
2002-04-02,sz.000858,20.2,20.27,19.68,19.7,1514425,30070825.14
2002-04-03,sz.000858,19.86,19.93,19.5,19.64,1329447,26142127.19
2002-04-04,sz.000858,19.64,20.2,19.5,20.18,828300,16429425.35
2002-04-08,sz.000858,20.14,20.15,19.82,19.92,738805,14697326.42
2002-04-09,sz.000858,19.9,20.11,19.8,20.09,1291470,25754155.02
2002-04-10,sz.000858,20.1,20.42,20.1,20.33,1264159,25675600.41
2002-04-11,sz.000858,20.38,20.45,19.88,19.91,924450,18609723.24
2002-04-12,sz.000858,19.92,20.16,19.9,20.04,789571,15793427.49
2002-04-15,sz.000858,20.04,20.14,19.8,20.08,679151,13537729.29
2002-04-16,sz.000858,20.05,20.2,20.0,20.09,639652,12856830.8
2002-04-17,sz.000858,20.09,20.25,19.9,20.0,912054,18269500.9
2002-04-18,sz.000858,15.37,15.37,15.01,15.02,1270668,19231277.82
2002-04-19,sz.000858,15.02,15.06,14.61,14.95,1208763,17880560.44
2002-04-22,sz.000858,15.0,15.02,14.75,14.82,641573,9511936.16
2002-04-23,sz.000858,14.83,15.08,14.75,14.81,575330,8576890.88
2002-04-24,sz.000858,14.8,15.06,14.5,14.52,1510728,22249356.29
2002-04-25,sz.000858,14.5,14.68,14.4,14.51,906748,13161319.03
2002-04-26,sz.000858,14.52,14.79,14.52,14.7,1172899,17197718.2
2002-04-29,sz.000858,14.7,14.87,14.65,14.78,1191835,17591567.8
2002-04-30,sz.000858,14.8,15.1,14.8,14.99,1284220,19217733.34
2002-05-08,sz.000858,15.0,15.14,14.89,14.97,828019,12399605.12
2002-05-09,sz.000858,14.85,15.14,14.85,15.07,2046491,30747445.84
2002-05-10,sz.000858,15.1,15.23,14.93,15.16,2235197,33776545.9
2002-05-13,sz.000858,15.16,15.16,14.87,14.93,1566019,23414256.56
2002-05-14,sz.000858,14.89,15.03,14.8,14.93,529375,7899485.36
2002-05-15,sz.000858,14.93,15.0,14.82,14.93,642060,9565280.34
2002-05-16,sz.000858,14.9,14.9,14.41,14.44,1279300,18657863.45
2002-05-17,sz.000858,14.45,14.6,14.0,14.44,1077575,15600017.13
2002-05-20,sz.000858,14.44,14.45,14.1,14.14,779685,11090137.53
2002-05-21,sz.000858,14.6,14.67,14.27,14.56,1134742,16418644.94
2002-05-22,sz.000858,14.6,14.6,14.27,14.28,741379,10645233.68
2002-05-23,sz.000858,14.45,14.62,14.24,14.25,964341,13939645.23
2002-05-24,sz.000858,14.25,14.36,13.99,14.1,955878,13477530.29
2002-05-27,sz.000858,14.38,14.6,14.06,14.27,524207,7427141.97
2002-05-28,sz.000858,14.48,14.48,14.27,14.3,449680,6446195.67
2002-05-29,sz.000858,14.5,14.5,13.99,14.0,988490,13926725.14
2002-05-30,sz.000858,14.0,14.06,13.71,14.0,868908,12077709.63
2002-05-31,sz.000858,14.0,14.1,13.96,14.0,989065,13859332.76
2002-06-03,sz.000858,13.99,13.99,13.7,13.71,852325,11726232.85
2002-06-04,sz.000858,13.7,13.82,13.61,13.71,525099,7206560.01
2002-06-05,sz.000858,13.74,13.74,13.16,13.2,1420574,18925649.41
2002-06-06,sz.000858,13.19,13.8,13.1,13.62,1139764,15339066.91
2002-06-07,sz.000858,13.62,14.1,13.44,13.76,934088,12903622.43
2002-06-10,sz.000858,13.75,13.75,13.55,13.59,465345,6336525.44
2002-06-11,sz.000858,13.57,13.68,13.48,13.65,593145,8052816.75
2002-06-12,sz.000858,13.68,13.68,13.45,13.48,480465,6486715.99
2002-06-13,sz.000858,13.48,13.6,13.35,13.36,510067,6859891.17
2002-06-14,sz.000858,13.34,13.56,13.24,13.42,1947730,26103375.88
2002-06-17,sz.000858,13.25,13.42,13.25,13.36,515297,6853879.75
2002-06-18,sz.000858,13.36,13.52,13.34,13.51,910205,12252043.36
2002-06-19,sz.000858,13.6,13.65,13.3,13.32,460241,6158004.68
2002-06-20,sz.000858,13.3,13.47,13.3,13.39,320492,4284329.12
2002-06-21,sz.000858,13.41,14.0,13.35,13.8,1492533,20525206.71
2002-06-24,sz.000858,15.18,15.18,14.61,15.16,11708604,176348882.56
2002-06-25,sz.000858,15.18,15.18,14.6,14.63,5267492,78200149.55
2002-06-26,sz.000858,14.62,14.7,14.31,14.43,4123465,59551030.89
2002-06-27,sz.000858,14.45,14.8,14.43,14.58,1756166,25666264.52
2002-06-28,sz.000858,14.6,15.7,14.4,15.68,10039823,151059544.82
2002-07-01,sz.000858,15.68,15.9,15.3,15.42,8462994,132402167.14
2002-07-02,sz.000858,15.4,15.53,15.18,15.5,3053087,46834539.89
2002-07-03,sz.000858,15.55,15.78,15.33,15.46,1732936,26879714.06
2002-07-04,sz.000858,15.47,15.64,15.15,15.17,2097492,32096923.24
2002-07-05,sz.000858,15.17,15.17,14.95,15.13,905791,13636516.85
2002-07-08,sz.000858,15.2,15.4,15.16,15.3,1263535,19333121.42
2002-07-09,sz.000858,15.45,15.5,15.23,15.28,1303465,20059718.78
2002-07-10,sz.000858,15.24,15.26,14.78,14.86,2102952,31566429.49
2002-07-11,sz.000858,14.83,14.96,14.7,14.83,1456665,21618194.18
2002-07-12,sz.000858,14.8,14.99,14.75,14.87,818525,12186838.23
2002-07-15,sz.000858,14.85,14.85,14.7,14.72,533094,7861186.65
2002-07-16,sz.000858,14.72,14.92,14.6,14.72,677579,10010927.19
2002-07-17,sz.000858,14.7,14.8,14.6,14.8,685120,10082090.9
2002-07-18,sz.000858,14.78,15.07,14.67,14.94,1791489,26772054.07
2002-07-19,sz.000858,15.0,15.21,14.95,15.04,1218736,18371526.88
2002-07-22,sz.000858,15.05,15.05,14.62,14.63,1464529,21565425.3
2002-07-23,sz.000858,14.6,14.77,14.56,14.66,701027,10293128.98
2002-07-24,sz.000858,14.66,14.87,14.61,14.68,435690,6407129.53
2002-07-25,sz.000858,14.68,14.73,14.55,14.59,877670,12834525.61
2002-07-26,sz.000858,14.6,14.63,14.42,14.44,957517,13892066.38
2002-07-29,sz.000858,14.42,14.59,14.42,14.55,512741,7409402.69
2002-07-30,sz.000858,14.59,14.67,14.5,14.56,364519,5313931.91
2002-07-31,sz.000858,14.58,14.64,14.5,14.5,427536,6218777.79
2002-08-01,sz.000858,14.5,14.88,14.4,14.68,1261176,18592110.12
2002-08-02,sz.000858,14.68,14.75,14.57,14.58,446177,6537556.32
2002-08-05,sz.000858,14.58,14.95,14.5,14.87,2570127,38088269.66
2002-08-06,sz.000858,14.8,15.1,14.71,14.95,2753128,41196505.55
2002-08-07,sz.000858,15.0,15.05,14.8,14.93,467219,6960017.09
2002-08-08,sz.000858,14.9,15.0,14.65,14.69,652153,9628700.05
2002-08-09,sz.000858,14.69,14.69,14.4,14.49,1444078,20964927.42
2002-08-12,sz.000858,14.45,14.55,14.35,14.37,934578,13480223.75
2002-08-13,sz.000858,14.38,14.49,14.35,14.38,414867,5971829.58
2002-08-14,sz.000858,14.4,14.58,14.39,14.45,368580,5317435.62
2002-08-15,sz.000858,14.46,14.72,14.46,14.55,913359,13365926.73
2002-08-16,sz.000858,14.5,14.65,14.45,14.58,392282,5706449.84
2002-08-19,sz.000858,14.5,14.6,14.33,14.33,927459,13345043.95
2002-08-20,sz.000858,14.3,14.58,14.3,14.5,873589,12629415.22
2002-08-21,sz.000858,14.45,14.53,14.33,14.36,790887,11385432.12
2002-08-22,sz.000858,14.36,14.65,14.3,14.43,2034201,29417145.68
2002-08-23,sz.000858,14.45,14.63,14.45,14.48,971652,14116684.38
2002-08-26,sz.000858,14.5,14.6,14.33,14.38,582901,8422549.31
2002-08-27,sz.000858,14.33,14.45,13.98,14.12,4492515,63438691.82
2002-08-28,sz.000858,14.06,14.1,13.4,13.56,7395216,101604887.2
2002-08-29,sz.000858,13.54,13.77,13.5,13.63,2812632,38425789.89
2002-08-30,sz.000858,13.75,13.75,13.6,13.65,1718774,23487493.16
2002-09-02,sz.000858,13.65,13.7,13.4,13.5,1665490,22463297.06
2002-09-03,sz.000858,13.5,13.69,13.5,13.63,1201824,16318958.49
2002-09-04,sz.000858,13.7,13.7,13.51,13.6,730306,9922571.49
2002-09-05,sz.000858,13.65,13.7,13.54,13.56,1547479,21079970.53
2002-09-06,sz.000858,13.56,13.56,13.29,13.39,1583811,21224344.83
2002-09-09,sz.000858,13.4,13.43,13.3,13.36,784116,10458053.74
2002-09-10,sz.000858,13.36,13.4,13.13,13.2,1154927,15283405.12
2002-09-11,sz.000858,13.2,13.3,12.81,13.0,2199395,28403612.82
2002-09-12,sz.000858,13.0,13.02,12.73,12.93,1765610,22709440.72
2002-09-13,sz.000858,12.89,12.98,12.79,12.95,727518,9373889.12
2002-09-16,sz.000858,12.9,12.92,12.58,12.72,1476878,18737127.08
2002-09-17,sz.000858,12.71,12.82,12.55,12.72,1372969,17380185.56
2002-09-18,sz.000858,12.72,13.0,12.7,12.88,1715376,22091348.53
2002-09-19,sz.000858,12.89,13.13,12.8,13.1,1909611,24852042.31
2002-09-20,sz.000858,13.15,13.15,12.95,12.98,728633,9491256.36
2002-09-23,sz.000858,12.98,13.0,12.73,12.82,822862,10555857.46
2002-09-24,sz.000858,12.96,12.96,12.77,12.78,504858,6480968.82
2002-09-25,sz.000858,12.8,13.15,12.75,12.98,1186582,15429527.38
2002-09-26,sz.000858,12.95,12.99,12.78,12.8,637563,8184227.87
2002-09-27,sz.000858,12.8,13.05,12.75,12.88,1059965,13677589.69
2002-10-08,sz.000858,13.0,13.03,12.5,12.97,751427,9708998.62
2002-10-09,sz.000858,13.0,13.0,12.7,12.83,452144,5789725.56
2002-10-10,sz.000858,12.84,12.91,12.68,12.81,382887,4904701.18
2002-10-11,sz.000858,12.79,12.9,12.75,12.8,427381,5470963.61
2002-10-14,sz.000858,12.85,12.85,12.6,12.73,772402,9824978.99
2002-10-15,sz.000858,12.76,13.0,12.69,12.85,1645489,21201219.91
2002-10-16,sz.000858,12.85,12.99,12.84,12.88,1948166,25109901.6
2002-10-17,sz.000858,12.88,12.95,12.55,12.59,1361230,17252699.23
2002-10-18,sz.000858,12.59,12.59,11.83,11.87,4616831,55508139.6
2002-10-21,sz.000858,11.88,11.89,11.36,11.47,2089254,24012809.38
2002-10-22,sz.000858,11.42,11.7,11.4,11.66,1674404,19409455.73
2002-10-23,sz.000858,11.65,11.8,11.56,11.75,854574,9989131.31
2002-10-24,sz.000858,11.75,11.98,11.75,11.77,933193,11074487.06
2002-10-25,sz.000858,11.73,11.87,11.57,11.64,750541,8778336.72
2002-10-28,sz.000858,11.65,11.65,11.35,11.41,1161676,13279631.53
2002-10-29,sz.000858,11.4,11.65,11.31,11.52,875493,10001327.31
2002-10-30,sz.000858,11.5,11.5,11.39,11.45,484951,5552839.12
2002-10-31,sz.000858,11.47,11.61,11.43,11.56,1068749,12331518.59
2002-11-01,sz.000858,11.58,11.76,11.55,11.74,3603724,42078087.89
2002-11-04,sz.000858,11.83,11.91,11.75,11.9,1508443,17890728.28
2002-11-05,sz.000858,11.9,12.02,11.83,11.95,1693320,20198657.17
2002-11-06,sz.000858,11.95,11.95,11.8,11.83,1075717,12743900.79
2002-11-07,sz.000858,11.82,11.84,11.6,11.78,821475,9636766.4
2002-11-08,sz.000858,11.87,12.0,11.5,11.64,1391364,16187213.12
2002-11-11,sz.000858,11.6,11.64,11.43,11.45,562927,6467884.82
2002-11-12,sz.000858,11.42,11.5,11.3,11.32,1001477,11411798.06
2002-11-13,sz.000858,11.33,11.33,11.1,11.25,1004166,11289659.3
2002-11-14,sz.000858,11.3,11.39,11.1,11.16,720906,8122966.24
2002-11-15,sz.000858,11.16,11.35,11.06,11.15,910213,10162226.96
2002-11-18,sz.000858,11.15,11.19,10.91,11.11,869831,9585867.95
2002-11-19,sz.000858,11.05,11.2,10.91,11.19,1082898,11933036.58
2002-11-20,sz.000858,11.1,11.18,10.88,11.1,1209260,13312085.0
2002-11-21,sz.000858,11.1,11.13,10.91,10.98,1287692,14210338.45
2002-11-22,sz.000858,10.97,11.13,10.88,10.98,875250,9613163.73
2002-11-25,sz.000858,11.0,11.25,10.88,11.24,1522361,16827998.49
2002-11-26,sz.000858,11.23,11.28,10.93,10.98,804711,8920398.75
2002-11-27,sz.000858,10.98,11.1,10.9,11.0,539603,5918489.63
2002-11-28,sz.000858,11.0,11.3,10.92,11.29,1880500,20981123.13
2002-11-29,sz.000858,11.3,11.59,11.2,11.37,2916350,33439219.42
2002-12-02,sz.000858,11.34,11.4,11.1,11.12,713401,8028664.85
2002-12-03,sz.000858,11.1,11.38,11.05,11.37,1051177,11795765.61
2002-12-04,sz.000858,11.35,11.5,11.23,11.4,2164577,24709830.27
2002-12-05,sz.000858,11.35,11.65,11.25,11.56,3285855,37891817.64
2002-12-06,sz.000858,11.6,11.65,11.45,11.5,1763649,20381924.41
2002-12-09,sz.000858,11.5,11.56,11.39,11.39,507100,5812716.76
2002-12-10,sz.000858,11.4,11.61,11.32,11.42,1721672,19823957.78
2002-12-11,sz.000858,11.39,11.54,11.28,11.34,774358,8804150.87
2002-12-12,sz.000858,11.33,11.43,11.2,11.31,833326,9434138.02
2002-12-13,sz.000858,11.27,11.51,11.2,11.48,1891204,21566627.32
2002-12-16,sz.000858,11.5,11.68,11.45,11.61,2619606,30388133.45
2002-12-17,sz.000858,11.61,11.77,11.38,11.74,2517083,29365948.02
2002-12-18,sz.000858,11.71,11.73,11.52,11.67,869771,10115300.48
2002-12-19,sz.000858,11.67,11.69,11.5,11.68,719321,8335634.0
2002-12-20,sz.000858,11.66,11.75,11.5,11.68,1087074,12681077.58
2002-12-23,sz.000858,11.68,12.0,11.68,11.79,2487681,29520701.74
2002-12-24,sz.000858,11.8,11.81,11.6,11.78,740844,8671223.61
2002-12-25,sz.000858,11.76,11.77,11.65,11.65,438500,5125743.24
2002-12-27,sz.000858,11.5,11.65,11.0,11.61,1930327,21893667.79
2002-12-30,sz.000858,11.53,11.98,11.18,11.95,1735992,20079461.45
2002-12-31,sz.000858,11.6,11.8,11.38,11.59,1212948,14092954.18
2003-01-02,sz.000858,11.45,11.46,11.1,11.15,650125,7293120.22
2003-01-03,sz.000858,11.14,11.3,11.11,11.18,482127,5379806.46
2003-01-06,sz.000858,11.18,11.28,11.0,11.23,420545,4692610.05
2003-01-07,sz.000858,11.1,11.28,11.1,11.12,386113,4303665.37
2003-01-08,sz.000858,11.12,11.37,11.1,11.35,372207,4183312.51
2003-01-09,sz.000858,11.4,11.65,11.31,11.55,1606515,18528140.86
2003-01-10,sz.000858,11.56,11.9,11.48,11.5,2491976,29214897.62
2003-01-13,sz.000858,11.5,11.7,11.49,11.63,1231471,14307373.35
2003-01-14,sz.000858,11.65,12.6,11.6,12.06,9971745,120655396.53
2003-01-15,sz.000858,12.1,12.4,11.82,11.97,6730159,82077731.49
2003-01-16,sz.000858,11.9,12.32,11.9,12.18,5632376,68553381.74
2003-01-17,sz.000858,12.2,12.33,12.0,12.18,3382131,41315404.0
2003-01-20,sz.000858,12.16,12.17,11.92,12.0,1294511,15526837.1
2003-01-21,sz.000858,12.04,12.48,12.04,12.1,4534876,55651435.29
2003-01-22,sz.000858,12.15,12.15,11.99,12.09,1167934,14056166.16
2003-01-23,sz.000858,12.06,12.29,11.9,12.05,2555998,30962780.11
2003-01-24,sz.000858,12.1,12.2,11.81,12.13,1859501,22378585.31
2003-01-27,sz.000858,12.1,12.33,12.03,12.24,4364770,53360664.35
2003-01-28,sz.000858,12.28,12.44,12.19,12.3,3322864,40971696.31
2003-01-29,sz.000858,12.29,12.3,12.2,12.26,1448985,17751540.21
2003-02-10,sz.000858,12.26,12.26,11.97,11.98,950680,11420407.78
2003-02-11,sz.000858,11.98,12.08,11.91,12.05,518671,6223894.31
2003-02-12,sz.000858,12.06,12.32,11.88,12.29,3303722,40224142.77
2003-02-13,sz.000858,12.33,12.48,12.16,12.27,3025302,37367212.23
2003-02-14,sz.000858,12.25,12.35,12.1,12.22,2013295,24681118.07
2003-02-17,sz.000858,12.2,12.25,12.03,12.07,800321,9705864.33
2003-02-18,sz.000858,12.09,12.11,11.96,12.0,704502,8460368.2
2003-02-19,sz.000858,12.0,12.12,11.95,12.1,525474,6311556.82
2003-02-20,sz.000858,12.13,12.25,12.06,12.09,822771,9994753.71
2003-02-21,sz.000858,12.11,12.11,11.81,11.83,1056607,12591669.12
2003-02-24,sz.000858,11.83,11.89,11.74,11.77,735345,8690093.63
2003-02-25,sz.000858,11.78,11.95,11.78,11.89,748355,8877141.78
2003-02-26,sz.000858,11.9,11.94,11.8,11.88,610255,7245287.66
2003-02-27,sz.000858,11.88,12.0,11.82,11.99,797035,9488001.56
2003-02-28,sz.000858,12.0,12.06,11.78,11.81,1141972,13532737.92
2003-03-03,sz.000858,11.81,11.82,11.51,11.58,3035194,35271912.03
2003-03-04,sz.000858,11.6,11.8,11.6,11.65,1175925,13742249.16
2003-03-05,sz.000858,11.65,11.7,11.59,11.64,839652,9768278.22
2003-03-06,sz.000858,11.64,11.64,11.37,11.42,1569912,17997030.9
2003-03-07,sz.000858,11.42,11.6,11.38,11.4,822581,9405294.55
2003-03-10,sz.000858,11.4,11.4,11.19,11.31,905865,10184035.67
2003-03-11,sz.000858,11.31,11.37,11.25,11.28,428007,4829185.69
2003-03-12,sz.000858,11.28,11.31,11.15,11.29,575252,6450442.92
2003-03-13,sz.000858,11.3,11.32,11.18,11.18,644706,7238492.76
2003-03-14,sz.000858,11.18,11.25,11.17,11.19,696037,7794676.63
2003-03-17,sz.000858,11.19,11.25,11.13,11.25,652979,7291862.4
2003-03-18,sz.000858,11.25,11.38,11.15,11.17,870086,9788914.89
2003-03-19,sz.000858,11.17,11.2,11.07,11.14,873001,9700834.36
2003-03-20,sz.000858,11.14,11.15,11.0,11.03,649551,7175921.31
2003-03-21,sz.000858,11.05,11.22,11.0,11.18,555966,6194162.05
2003-03-24,sz.000858,11.18,11.24,11.09,11.1,489839,5469692.74
2003-03-25,sz.000858,11.1,11.15,10.98,11.03,818373,9032368.2
2003-03-26,sz.000858,11.03,11.11,10.98,11.04,560422,6181887.14
2003-03-27,sz.000858,11.04,11.3,10.99,11.29,1036020,11561494.42
2003-03-28,sz.000858,11.28,11.49,11.18,11.35,1868593,21154782.19
2003-03-31,sz.000858,11.34,11.61,11.33,11.48,5327191,61500928.63
2003-04-01,sz.000858,11.51,11.64,11.43,11.57,2882478,33348639.47
2003-04-02,sz.000858,11.57,11.62,11.45,11.5,1326620,15303412.08
2003-04-03,sz.000858,11.48,11.55,11.37,11.42,681425,7784196.85
2003-04-07,sz.000858,11.52,11.6,11.34,11.53,1680795,19311545.54
2003-04-08,sz.000858,11.52,11.52,11.37,11.47,1517295,17339035.47
2003-04-09,sz.000858,11.47,11.48,11.19,11.46,2478794,28059786.38
2003-04-10,sz.000858,11.46,11.58,11.27,11.53,4105733,46993065.15
2003-04-11,sz.000858,11.55,12.35,11.55,12.19,14904260,178813336.9
2003-04-14,sz.000858,12.18,12.6,12.08,12.55,11740267,145631307.13
2003-04-15,sz.000858,12.55,12.85,12.46,12.6,10174266,128250331.34
2003-04-16,sz.000858,10.6,11.05,10.1,10.33,11964459,126336999.9
2003-04-17,sz.000858,10.33,10.41,10.1,10.18,5090508,51931009.14
2003-04-18,sz.000858,10.25,10.36,10.1,10.15,5554814,56896818.16
2003-04-21,sz.000858,10.2,10.2,9.82,9.91,4266630,42418149.85
2003-04-22,sz.000858,9.95,9.99,9.85,9.91,1427541,14137218.86
2003-04-23,sz.000858,9.91,9.95,9.54,9.56,3225953,31306743.92
2003-04-24,sz.000858,9.55,9.55,9.25,9.37,3460415,32460416.3
2003-04-25,sz.000858,9.31,9.42,9.28,9.34,1682064,15705333.74
2003-04-28,sz.000858,9.31,9.75,9.12,9.69,3800225,35561363.23
2003-04-29,sz.000858,9.69,9.69,9.3,9.33,2938528,27712892.29
2003-04-30,sz.000858,9.4,9.6,9.36,9.46,2118583,20022822.89
2003-05-12,sz.000858,9.46,9.5,9.16,9.32,3226454,29755192.91
2003-05-13,sz.000858,9.32,9.32,8.88,8.95,3197621,28693417.03
2003-05-14,sz.000858,8.95,9.1,8.9,9.03,2313337,20769307.79
2003-05-15,sz.000858,9.03,9.5,8.99,9.41,3476693,32185664.1
2003-05-16,sz.000858,9.41,9.57,9.31,9.44,2880521,27240378.82
2003-05-19,sz.000858,9.44,9.74,9.44,9.56,4025308,38744940.37
2003-05-20,sz.000858,9.58,9.7,9.45,9.46,2066119,19702060.39
2003-05-21,sz.000858,9.46,9.57,9.38,9.39,1117499,10554609.45
2003-05-22,sz.000858,9.45,9.45,9.3,9.36,1349488,12626304.38
2003-05-23,sz.000858,9.38,9.5,9.31,9.4,4165914,39138342.69
2003-05-26,sz.000858,9.4,9.88,9.4,9.77,7595229,74083820.66
2003-05-27,sz.000858,9.85,9.87,9.65,9.79,3572033,34786125.65
2003-05-28,sz.000858,9.85,9.93,9.7,9.74,3776787,37078266.69
2003-05-29,sz.000858,9.7,10.06,9.6,10.03,6925129,68867285.37
2003-05-30,sz.000858,10.1,10.61,10.03,10.36,14722041,152942017.13
2003-06-02,sz.000858,10.36,10.44,10.19,10.27,3748403,38496269.71
2003-06-03,sz.000858,10.3,10.35,10.1,10.11,3267936,33347524.06
2003-06-04,sz.000858,10.1,10.2,9.93,10.15,3323474,33241795.98
2003-06-05,sz.000858,10.16,10.31,9.99,10.16,5031851,51423542.08
2003-06-06,sz.000858,10.16,10.16,9.85,9.91,2691063,26852432.34
2003-06-09,sz.000858,9.89,9.93,9.75,9.76,1661752,16321067.66
2003-06-10,sz.000858,9.74,9.89,9.71,9.76,1143695,11209725.57
2003-06-11,sz.000858,9.77,10.15,9.76,10.06,3791843,38103485.78
2003-06-12,sz.000858,10.1,10.12,9.93,10.06,1154156,11558231.57
2003-06-13,sz.000858,10.06,10.35,10.0,10.19,6023748,61814104.79
2003-06-16,sz.000858,10.19,10.19,9.98,10.08,2659983,26670831.34
2003-06-17,sz.000858,10.07,10.18,9.98,10.16,1455773,14668078.82
2003-06-18,sz.000858,10.16,10.39,10.1,10.24,7368776,75745758.58
2003-06-19,sz.000858,10.24,10.24,10.01,10.09,1879715,18939636.23
2003-06-20,sz.000858,10.09,10.3,10.03,10.23,6027143,61571587.07
2003-06-23,sz.000858,10.23,10.38,10.12,10.23,7568640,77933304.91
2003-06-24,sz.000858,10.23,10.28,9.93,10.13,2875838,29029014.09
2003-06-25,sz.000858,10.12,10.33,10.03,10.13,4906574,50208739.12
2003-06-26,sz.000858,10.13,10.13,9.88,10.01,3819122,38211118.11
2003-06-27,sz.000858,10.01,10.11,9.85,9.85,2373100,23637842.89
2003-06-30,sz.000858,9.85,9.85,9.57,9.79,2625716,25500800.16
2003-07-01,sz.000858,9.79,9.92,9.7,9.7,1642965,16101896.82
2003-07-02,sz.000858,9.71,9.82,9.61,9.8,1086132,10578413.86
2003-07-03,sz.000858,9.79,9.89,9.7,9.78,1291834,12642981.57
2003-07-04,sz.000858,9.78,9.86,9.73,9.76,831985,8147877.79
2003-07-07,sz.000858,9.73,9.82,9.61,9.78,1518298,14782191.85
2003-07-08,sz.000858,9.77,9.94,9.77,9.89,1335193,13187273.61
2003-07-09,sz.000858,9.88,9.9,9.7,9.74,743060,7267776.55
2003-07-10,sz.000858,9.73,10.16,9.72,10.11,5139472,51496047.67
2003-07-11,sz.000858,10.11,10.29,10.08,10.15,3328943,33933370.05
2003-07-14,sz.000858,10.13,10.56,10.12,10.41,15705721,162975140.8
2003-07-15,sz.000858,10.41,10.7,10.36,10.42,17512628,184552497.72
2003-07-16,sz.000858,10.43,10.64,10.4,10.54,15154930,159794731.8
2003-07-17,sz.000858,10.58,11.1,10.58,10.91,35271358,383573428.05
2003-07-21,sz.000858,10.58,10.79,10.36,10.78,15941516,167579910.42
2003-07-22,sz.000858,10.83,10.95,10.41,10.63,7314959,78080379.41
2003-07-23,sz.000858,10.64,10.89,10.53,10.79,5597107,60118434.66
2003-07-24,sz.000858,10.8,10.85,10.58,10.59,4169659,44522796.58
2003-07-25,sz.000858,10.57,10.67,10.3,10.33,6730034,70244363.36
2003-07-28,sz.000858,10.29,10.44,10.21,10.41,2450256,25373640.33
2003-07-29,sz.000858,10.45,10.54,10.39,10.45,1792134,18718685.36
2003-07-30,sz.000858,10.46,10.51,10.29,10.41,1773824,18452438.83
2003-07-31,sz.000858,10.45,10.52,10.33,10.47,2035794,21235237.51
2003-08-01,sz.000858,10.47,10.5,10.33,10.4,1651731,17171840.23
2003-08-04,sz.000858,10.4,10.4,10.14,10.33,4781192,48989248.89
2003-08-05,sz.000858,10.33,10.41,10.25,10.29,2011281,20769653.21
2003-08-06,sz.000858,10.3,10.6,10.3,10.54,5304508,55786081.78
2003-08-07,sz.000858,10.54,10.65,10.5,10.55,3493535,36954618.66
2003-08-08,sz.000858,10.43,10.45,10.1,10.14,6217868,63509461.68
2003-08-11,sz.000858,10.1,10.2,10.04,10.14,1699671,17181689.08
2003-08-12,sz.000858,10.16,10.24,10.04,10.18,1880095,19017402.67
2003-08-13,sz.000858,10.18,10.18,9.88,9.92,4049870,40372958.68
2003-08-14,sz.000858,9.9,10.03,9.8,9.84,2978705,29446682.82
2003-08-15,sz.000858,9.83,9.88,9.7,9.76,2224925,21757853.51
2003-08-18,sz.000858,9.74,9.8,9.65,9.77,1310796,12739622.31
2003-08-19,sz.000858,9.76,9.87,9.75,9.87,1103885,10842965.61
2003-08-20,sz.000858,9.88,9.9,9.72,9.81,1301164,12714249.11
2003-08-21,sz.000858,9.84,9.84,9.67,9.69,1628903,15832026.2
2003-08-22,sz.000858,9.7,9.81,9.7,9.76,653272,6376701.26
2003-08-25,sz.000858,9.7,9.75,9.65,9.7,1174219,11370442.78
2003-08-26,sz.000858,9.68,9.68,9.43,9.47,1924301,18281921.6
2003-08-27,sz.000858,9.5,9.58,9.3,9.33,1741906,16409397.69
2003-08-28,sz.000858,9.33,9.45,9.3,9.35,1123413,10540454.35
2003-08-29,sz.000858,9.3,9.38,9.18,9.28,1631080,15062321.71
2003-09-01,sz.000858,9.3,9.63,9.28,9.62,1778731,16878453.55
2003-09-02,sz.000858,9.62,9.69,9.47,9.51,1989749,19021993.51
2003-09-03,sz.000858,9.52,9.59,9.38,9.45,1252319,11857380.0
2003-09-04,sz.000858,9.48,9.64,9.39,9.45,1475244,13990044.03
2003-09-05,sz.000858,9.43,9.44,9.07,9.23,3028351,28002941.0
2003-09-08,sz.000858,9.18,9.23,9.07,9.14,1375596,12559127.58
2003-09-09,sz.000858,9.15,9.26,9.05,9.13,1528499,13995742.93
2003-09-10,sz.000858,9.2,9.31,9.11,9.21,802825,7401938.16
2003-09-11,sz.000858,9.23,9.3,9.15,9.18,677479,6250183.6
2003-09-12,sz.000858,9.15,9.25,9.15,9.18,838712,7720161.05
2003-09-15,sz.000858,9.15,9.2,9.0,9.04,1339050,12172891.56
2003-09-16,sz.000858,9.04,9.17,9.04,9.13,889704,8092525.5
2003-09-17,sz.000858,9.1,9.11,8.9,8.99,1779997,16010595.97
2003-09-18,sz.000858,8.99,9.04,8.95,9.0,747602,6724255.08
2003-09-19,sz.000858,9.0,9.11,8.99,9.1,502015,4538164.29
2003-09-22,sz.000858,9.1,9.2,9.08,9.1,717399,6555098.17
2003-09-23,sz.000858,9.07,9.18,9.01,9.18,778222,7095674.67
2003-09-24,sz.000858,9.18,9.23,9.15,9.18,785415,7213217.18
2003-09-25,sz.000858,9.18,9.4,9.15,9.37,3356918,31343247.25
2003-09-26,sz.000858,9.37,9.56,9.34,9.41,5412147,51289963.21
2003-09-29,sz.000858,9.45,9.48,9.33,9.38,3031190,28495238.6
2003-09-30,sz.000858,9.33,9.46,9.33,9.4,1973775,18557832.16
2003-10-08,sz.000858,9.4,9.55,9.33,9.51,1137391,10797128.16
2003-10-09,sz.000858,9.51,9.58,9.46,9.51,1498870,14257969.46
2003-10-10,sz.000858,9.51,9.72,9.37,9.66,2436401,23417961.75
2003-10-13,sz.000858,9.64,9.7,9.56,9.61,1496584,14401157.34
2003-10-14,sz.000858,9.61,9.72,9.56,9.69,2673136,25775103.27
2003-10-15,sz.000858,9.63,9.75,9.6,9.62,1919339,18554184.4
2003-10-16,sz.000858,9.56,9.62,9.45,9.49,2019081,19209858.52
2003-10-17,sz.000858,9.4,9.55,9.4,9.48,639942,6068021.41
2003-10-20,sz.000858,9.5,9.65,9.5,9.59,1161633,11156615.81
2003-10-21,sz.000858,9.59,9.64,9.54,9.6,1120230,10759989.35
2003-10-22,sz.000858,9.62,9.89,9.62,9.78,2485602,24338782.46
2003-10-23,sz.000858,9.82,9.88,9.7,9.75,1687419,16514056.78
2003-10-24,sz.000858,9.75,9.8,9.58,9.63,871592,8418197.5
2003-10-27,sz.000858,9.6,9.78,9.58,9.65,1402001,13535890.84
2003-10-28,sz.000858,9.6,9.7,9.57,9.64,1338148,12896879.84
2003-10-29,sz.000858,9.64,9.86,9.62,9.86,3718151,36078169.83
2003-10-30,sz.000858,9.86,10.05,9.8,9.95,4997194,49824502.58
2003-10-31,sz.000858,9.86,10.1,9.86,10.01,3423113,34331289.15
2003-11-03,sz.000858,10.08,10.18,9.97,10.12,1880701,18923049.51
2003-11-04,sz.000858,10.19,10.6,10.0,10.31,7009107,73123137.89
2003-11-05,sz.000858,10.34,10.52,10.25,10.46,3081167,31962058.1
2003-11-06,sz.000858,10.55,10.6,10.3,10.4,3375454,35178196.33
2003-11-07,sz.000858,10.39,10.39,10.01,10.18,4235380,43100633.55
2003-11-10,sz.000858,10.1,10.29,10.05,10.28,2013503,20501153.41
2003-11-11,sz.000858,10.25,10.48,10.25,10.48,2636559,27314316.48
2003-11-12,sz.000858,10.47,10.48,10.11,10.14,1972086,20279783.82
2003-11-13,sz.000858,10.13,10.2,10.01,10.09,1709151,17277805.17
2003-11-14,sz.000858,10.06,10.15,9.97,10.08,1472604,14767639.02
2003-11-17,sz.000858,10.03,10.12,9.98,10.08,753085,7547573.63
2003-11-18,sz.000858,10.03,10.03,9.8,9.9,1278766,12672858.12
2003-11-19,sz.000858,9.8,10.0,9.76,9.94,1198251,11886013.02
2003-11-20,sz.000858,10.0,10.22,9.9,10.17,1997536,20100823.23
2003-11-21,sz.000858,10.18,10.24,9.98,10.01,1500021,15162687.61
2003-11-24,sz.000858,10.01,10.24,9.99,10.22,1721371,17411468.52
2003-11-25,sz.000858,10.25,10.42,10.17,10.24,2896250,29892718.24
2003-11-26,sz.000858,10.25,10.28,10.09,10.18,2304473,23357743.93
2003-11-27,sz.000858,10.3,10.42,10.08,10.14,1270048,13008265.32
2003-11-28,sz.000858,10.1,10.28,10.08,10.19,996767,10163452.96
2003-12-01,sz.000858,10.19,10.36,10.18,10.31,1802033,18548657.62
2003-12-02,sz.000858,10.35,10.39,10.22,10.3,2096615,21606391.92
2003-12-03,sz.000858,10.28,10.33,10.12,10.24,2705400,27632844.76
2003-12-04,sz.000858,10.24,10.25,10.05,10.1,3996484,40424008.27
2003-12-05,sz.000858,10.05,10.52,10.05,10.51,9249049,96071817.9
2003-12-08,sz.000858,10.52,10.68,10.35,10.35,2957881,30967312.18
2003-12-09,sz.000858,10.25,10.4,10.25,10.39,1754341,18130951.12
2003-12-10,sz.000858,10.39,10.52,10.35,10.49,2914330,30416445.78
2003-12-11,sz.000858,10.53,10.63,10.34,10.54,3183950,33475076.45
2003-12-12,sz.000858,10.55,10.56,10.4,10.41,2123764,22184854.97
2003-12-15,sz.000858,10.41,10.65,10.4,10.61,2825981,29828107.62
2003-12-16,sz.000858,10.5,10.58,10.31,10.53,2579060,26992770.69
2003-12-17,sz.000858,10.5,10.87,10.47,10.62,6520811,69918906.03
2003-12-18,sz.000858,10.6,11.08,10.55,10.99,10535017,114754400.96
2003-12-19,sz.000858,11.0,11.05,10.76,10.88,5662309,61683028.52
2003-12-22,sz.000858,10.9,11.58,10.88,11.21,7012578,78301918.39
2003-12-23,sz.000858,11.24,11.37,11.13,11.29,5719180,64300089.3
2003-12-24,sz.000858,11.32,11.57,11.2,11.52,6445926,73643472.76
2003-12-25,sz.000858,11.53,11.58,11.26,11.27,7743610,88185553.5
2003-12-26,sz.000858,11.27,11.5,11.18,11.23,4786771,54105853.8
2003-12-29,sz.000858,11.28,11.45,11.1,11.25,4949798,55732165.24
2003-12-30,sz.000858,11.3,11.52,11.28,11.39,3017129,34516298.22
2003-12-31,sz.000858,11.4,11.52,11.08,11.19,6287873,70828464.6
2004-01-02,sz.000858,11.13,11.33,11.12,11.23,3238605,36388562.1
2004-01-05,sz.000858,11.28,11.75,11.28,11.59,6799138,78620067.97
2004-01-06,sz.000858,11.6,11.85,11.5,11.69,5324805,62288904.43
2004-01-07,sz.000858,11.67,11.9,11.56,11.82,4454118,52539776.32
2004-01-08,sz.000858,11.85,11.95,11.63,11.74,4565816,53541725.01
2004-01-09,sz.000858,11.74,11.84,11.3,11.33,6205112,72143165.08
2004-01-12,sz.000858,11.33,11.53,11.2,11.51,4564649,51830733.75
2004-01-13,sz.000858,11.57,11.7,11.48,11.65,3695504,42931310.06
2004-01-14,sz.000858,11.65,11.95,11.36,11.82,5974584,70177890.3
2004-01-15,sz.000858,11.85,12.18,11.75,12.05,6394491,76962878.29
2004-01-16,sz.000858,12.04,12.14,11.9,11.93,3834608,46077043.74
2004-01-29,sz.000858,11.99,12.24,11.91,12.19,2636909,31801002.49
2004-01-30,sz.000858,12.25,12.25,11.72,11.74,3118264,37045366.83
2004-02-02,sz.000858,11.8,12.15,11.78,11.93,5932299,71047381.32
2004-02-03,sz.000858,11.96,11.99,11.64,11.79,4396126,51750257.53
2004-02-04,sz.000858,11.83,12.02,11.75,11.97,4854090,57938308.85
2004-02-05,sz.000858,11.95,11.98,11.71,11.81,4824471,56868279.39
2004-02-06,sz.000858,11.8,11.81,11.47,11.47,7686531,89124607.07
2004-02-09,sz.000858,11.47,11.64,11.3,11.6,9030135,103572583.79
2004-02-10,sz.000858,11.6,11.68,11.38,11.43,5877519,67227023.56
2004-02-11,sz.000858,11.43,11.48,11.3,11.46,2468882,28091623.85
2004-02-12,sz.000858,11.45,11.65,11.4,11.58,3993421,46101904.83
2004-02-13,sz.000858,11.58,11.58,11.34,11.35,2892955,33049841.79
2004-02-16,sz.000858,11.35,11.6,11.31,11.55,3316834,37984022.83
2004-02-17,sz.000858,11.58,11.88,11.58,11.79,5992474,70513544.03
2004-02-18,sz.000858,11.72,11.89,11.68,11.77,3497495,41141533.02
2004-02-19,sz.000858,11.88,11.89,11.72,11.75,3727461,43930174.53
2004-02-20,sz.000858,11.75,11.78,11.48,11.57,3213439,37214725.34
2004-02-23,sz.000858,11.6,11.68,11.2,11.24,4646080,52927739.05
2004-02-24,sz.000858,11.2,12.25,10.94,12.18,18793471,220253917.83
2004-02-25,sz.000858,12.6,13.2,12.43,12.6,47476893,609655181.52
2004-02-26,sz.000858,13.01,13.86,12.71,13.86,66484757,892184125.04
2004-02-27,sz.000858,14.03,14.16,13.42,13.57,36591214,505490366.2
2004-03-01,sz.000858,13.6,13.95,13.56,13.7,17596300,241992051.32
2004-03-02,sz.000858,13.75,13.85,13.47,13.77,13047531,177844378.65
2004-03-03,sz.000858,13.77,13.88,13.3,13.35,11676320,158289150.81
2004-03-04,sz.000858,13.3,13.44,13.12,13.32,7994083,105841637.27
2004-03-05,sz.000858,13.32,13.48,13.16,13.22,4935779,65685568.56
2004-03-08,sz.000858,13.25,13.44,13.1,13.13,5343922,70744081.5
2004-03-09,sz.000858,13.1,13.28,12.85,12.89,5947283,77850199.53
2004-03-10,sz.000858,12.85,13.11,12.75,13.08,6548166,84946002.18
2004-03-11,sz.000858,13.09,13.36,12.95,13.25,5053601,66732470.07
2004-03-12,sz.000858,13.25,13.4,13.09,13.32,4746306,62748754.27
2004-03-15,sz.000858,13.3,13.67,13.2,13.53,9031769,121611011.35
2004-03-16,sz.000858,13.58,13.68,13.32,13.65,9420406,127689740.67
2004-03-17,sz.000858,13.66,13.68,13.5,13.57,4192349,56902425.67
2004-03-18,sz.000858,13.55,13.56,13.13,13.23,6034559,80575913.01
2004-03-19,sz.000858,13.23,13.43,13.18,13.35,3074421,41015678.8
2004-03-22,sz.000858,13.38,13.66,13.38,13.55,3777964,51191016.65
2004-03-23,sz.000858,13.54,13.54,13.34,13.38,3818089,51218066.46
2004-03-24,sz.000858,13.4,13.48,13.27,13.31,3198528,42722364.13
2004-03-25,sz.000858,13.3,13.42,13.18,13.25,4111013,54471675.38
2004-03-26,sz.000858,13.26,13.85,13.24,13.76,9075151,123402140.1
2004-03-29,sz.000858,13.8,14.12,13.77,13.82,10006803,139407289.44
2004-03-30,sz.000858,13.8,14.05,13.8,13.9,5541387,77115870.95
2004-03-31,sz.000858,13.92,14.23,13.86,14.12,8739496,123058655.15
2004-04-01,sz.000858,14.14,14.15,13.96,13.98,7578434,106575476.92
2004-04-05,sz.000858,14.3,14.7,14.16,14.5,12487627,180042285.27
2004-04-06,sz.000858,14.5,14.6,14.3,14.5,5428256,78362708.86
2004-04-07,sz.000858,14.65,15.5,14.65,15.28,22532162,342431811.5
2004-04-08,sz.000858,15.3,15.6,15.2,15.48,12692905,195230385.13
2004-04-09,sz.000858,15.38,15.58,14.8,14.97,14641117,221102545.19
2004-04-12,sz.000858,14.9,15.1,14.58,14.63,14035525,208175067.1
2004-04-13,sz.000858,7.23,7.55,7.2,7.24,28786031,212040408.94
2004-04-14,sz.000858,7.25,7.3,6.9,7.0,18738312,131434651.9
2004-04-15,sz.000858,7.1,7.5,7.04,7.35,33932668,248326962.51
2004-04-16,sz.000858,7.36,7.46,7.16,7.32,16566633,121213004.03
2004-04-19,sz.000858,7.35,7.38,7.1,7.14,11355893,82027879.37
2004-04-20,sz.000858,7.14,7.15,6.98,7.03,11264591,79321473.79
2004-04-21,sz.000858,7.05,7.24,7.0,7.1,9375789,66372157.58
2004-04-22,sz.000858,7.1,7.15,6.96,7.06,6606786,46542915.61
2004-04-23,sz.000858,7.05,7.05,6.75,6.8,17663842,121099223.74
2004-04-26,sz.000858,6.8,6.94,6.72,6.89,6087255,41662310.69
2004-04-27,sz.000858,6.9,7.0,6.84,6.9,8854390,61373405.61
2004-04-28,sz.000858,6.9,7.04,6.85,6.99,6922184,48175162.77
2004-04-29,sz.000858,6.99,7.15,6.8,6.85,12596724,87409665.92
2004-04-30,sz.000858,6.85,7.03,6.84,6.94,5806969,40124765.03
2004-05-10,sz.000858,6.95,7.0,6.75,6.77,7153330,48806879.56
2004-05-11,sz.000858,6.75,6.88,6.7,6.78,4807402,32566146.93
2004-05-12,sz.000858,6.78,6.92,6.74,6.9,5841728,39985580.97
2004-05-13,sz.000858,6.9,7.09,6.83,7.03,7188376,50135892.01
2004-05-14,sz.000858,7.04,7.05,6.86,6.88,4214949,29154983.02
2004-05-17,sz.000858,6.87,6.89,6.75,6.77,4849375,33030493.31
2004-05-18,sz.000858,6.76,6.82,6.42,6.76,10533766,69904084.33
2004-05-19,sz.000858,6.76,6.78,6.61,6.67,6082178,40739910.44
2004-05-20,sz.000858,6.67,6.73,6.56,6.59,4167783,27611775.68
2004-05-21,sz.000858,6.6,6.65,6.51,6.58,3976129,26103096.77
2004-05-24,sz.000858,6.58,6.66,6.5,6.52,3620550,23678753.69
2004-05-25,sz.000858,6.53,6.54,6.29,6.32,6029092,38498458.02
2004-05-26,sz.000858,6.28,6.39,6.2,6.28,4062818,25526137.41
2004-05-27,sz.000858,6.26,6.54,6.21,6.5,4945165,31692236.55
2004-05-28,sz.000858,6.52,6.55,6.45,6.46,3041245,19731462.04
2004-06-01,sz.000858,6.46,6.64,6.41,6.6,5100377,33447990.52
2004-06-02,sz.000858,6.6,6.62,6.45,6.48,5544198,36135439.41
2004-06-03,sz.000858,6.48,6.48,6.3,6.36,4065754,25910204.01
2004-06-04,sz.000858,6.32,6.38,6.3,6.36,3758463,23790688.37
2004-06-07,sz.000858,6.39,6.39,6.29,6.32,2331302,14719796.84
2004-06-08,sz.000858,6.35,6.35,6.25,6.29,2941217,18501924.29
2004-06-09,sz.000858,6.27,6.29,6.12,6.16,4171268,25799709.16
2004-06-10,sz.000858,6.1,6.21,6.08,6.14,4225776,25911610.45
2004-06-11,sz.000858,6.15,6.3,6.12,6.14,2669074,16559987.21
2004-06-14,sz.000858,6.14,6.18,5.99,6.02,4394306,26569871.86
2004-06-15,sz.000858,6.03,6.2,6.0,6.18,4012911,24561856.26
2004-06-16,sz.000858,6.18,6.28,6.08,6.17,2661921,16472943.53
2004-06-17,sz.000858,6.15,6.17,6.04,6.09,2560072,15570455.01
2004-06-18,sz.000858,6.06,6.08,6.0,6.07,3099100,18673111.16
2004-06-21,sz.000858,6.08,6.16,6.02,6.11,1772422,10812992.08
2004-06-22,sz.000858,6.11,6.21,6.09,6.19,2909277,17891996.31
2004-06-23,sz.000858,6.19,6.22,6.12,6.15,1846301,11328116.97
2004-06-24,sz.000858,6.15,6.15,6.09,6.09,1876737,11483026.87
2004-06-25,sz.000858,6.09,6.16,6.02,6.05,2207179,13385243.89
2004-06-28,sz.000858,6.05,6.18,5.95,6.08,3205843,19426764.57
2004-06-29,sz.000858,6.08,6.22,6.02,6.14,2528359,15470170.85
2004-06-30,sz.000858,6.14,6.17,6.1,6.12,1511917,9274658.14
2004-07-01,sz.000858,6.1,6.33,6.08,6.29,5662613,35365221.48
2004-07-02,sz.000858,6.32,6.36,6.21,6.31,2971151,18678207.61
2004-07-05,sz.000858,6.3,6.35,6.23,6.34,2113307,13273825.87
2004-07-06,sz.000858,6.34,6.48,6.3,6.37,3982927,25560935.18
2004-07-07,sz.000858,6.37,6.38,6.27,6.31,1872517,11809305.68
2004-07-08,sz.000858,6.3,6.31,6.25,6.28,1330998,8347720.4
2004-07-09,sz.000858,6.3,6.3,6.2,6.21,1611281,10065853.77
2004-07-12,sz.000858,6.2,6.2,6.06,6.1,2265961,13827818.73
2004-07-13,sz.000858,6.1,6.18,6.07,6.12,1809342,11083025.18
2004-07-14,sz.000858,6.12,6.21,6.1,6.18,1601078,9846990.38
2004-07-15,sz.000858,6.18,6.35,6.17,6.35,3426277,21557422.31
2004-07-16,sz.000858,6.35,6.65,6.35,6.57,10939609,71721848.39
2004-07-19,sz.000858,6.6,6.61,6.49,6.54,4228058,27643573.1
2004-07-20,sz.000858,6.55,6.55,6.42,6.46,3310761,21358611.07
2004-07-21,sz.000858,6.45,6.54,6.42,6.53,2901370,18800474.83
2004-07-22,sz.000858,6.55,6.58,6.31,6.35,5108321,32781585.89
2004-07-23,sz.000858,6.34,6.58,6.28,6.56,3543227,22793254.33
2004-07-26,sz.000858,6.56,6.76,6.47,6.7,9811558,65366216.24
2004-07-27,sz.000858,6.67,6.75,6.55,6.62,6196083,41186433.81
2004-07-28,sz.000858,6.62,6.68,6.25,6.4,9267018,59209121.4
2004-07-29,sz.000858,6.4,6.5,6.35,6.48,4507165,29116892.55
2004-07-30,sz.000858,6.47,6.57,6.45,6.49,4718232,30760894.06
2004-08-02,sz.000858,6.47,6.5,6.39,6.47,1619477,10459353.2
2004-08-03,sz.000858,6.47,6.52,6.43,6.46,1759252,11369888.64
2004-08-04,sz.000858,6.44,6.66,6.26,6.53,7845662,50696543.7
2004-08-05,sz.000858,6.53,6.56,6.4,6.43,3475522,22516722.96
2004-08-06,sz.000858,6.4,6.48,6.36,6.41,2301064,14729956.89
2004-08-09,sz.000858,6.41,6.45,6.36,6.44,1624366,10410114.56
2004-08-10,sz.000858,6.4,6.47,6.38,6.45,2053090,13173390.7
2004-08-11,sz.000858,6.44,6.44,6.37,6.38,1735938,11099563.68
2004-08-12,sz.000858,6.34,6.41,6.3,6.36,2572675,16355585.71
2004-08-13,sz.000858,6.31,6.42,6.31,6.41,1345264,8600943.45
2004-08-16,sz.000858,6.4,6.56,6.38,6.5,3444557,22382072.81
2004-08-17,sz.000858,6.48,6.53,6.45,6.51,2960835,19241949.39
2004-08-18,sz.000858,6.54,6.6,6.5,6.51,4002294,26230060.04
2004-08-19,sz.000858,6.51,6.54,6.42,6.48,2571752,16648498.15
2004-08-20,sz.000858,6.5,6.51,6.43,6.47,1846228,11927748.75
2004-08-23,sz.000858,6.48,6.49,6.35,6.38,1678962,10764888.78
2004-08-24,sz.000858,6.36,6.49,6.33,6.4,1281738,8230917.8
2004-08-25,sz.000858,6.45,6.46,6.37,6.4,956563,6120661.28
2004-08-26,sz.000858,6.4,6.45,6.35,6.39,1107574,7090230.86
2004-08-27,sz.000858,6.4,6.43,6.34,6.36,1563603,9960171.54
2004-08-30,sz.000858,6.36,6.37,6.3,6.32,1268742,8020317.86
2004-08-31,sz.000858,6.4,6.57,6.35,6.43,2956861,19054469.04
2004-09-01,sz.000858,6.46,6.46,6.38,6.4,1344978,8612598.24
2004-09-02,sz.000858,6.39,6.41,6.3,6.4,1375757,8753041.41
2004-09-03,sz.000858,6.4,6.42,6.35,6.4,1145840,7329376.0
2004-09-06,sz.000858,6.4,6.42,6.35,6.37,783800,5012099.32
2004-09-07,sz.000858,6.37,6.44,6.33,6.42,1135818,7245999.68
2004-09-08,sz.000858,6.42,6.42,6.34,6.35,1628552,10360523.82
2004-09-09,sz.000858,6.33,6.37,6.12,6.15,4295329,26613132.61
2004-09-10,sz.000858,6.13,6.25,6.13,6.23,1944363,12059816.54
2004-09-13,sz.000858,6.23,6.26,6.14,6.17,1612766,9951302.07
2004-09-14,sz.000858,6.19,6.4,6.19,6.36,2523859,16021830.51
2004-09-15,sz.000858,6.37,6.72,6.35,6.59,8890373,58315782.15
2004-09-16,sz.000858,6.61,6.64,6.47,6.55,4753595,31141091.14
2004-09-17,sz.000858,6.56,6.7,6.49,6.69,8436694,55798639.66
2004-09-20,sz.000858,6.75,6.88,6.69,6.87,19381891,131372799.44
2004-09-21,sz.000858,6.9,7.0,6.72,6.83,15016086,103458098.52
2004-09-22,sz.000858,6.76,6.85,6.59,6.68,13477510,90213994.53
2004-09-23,sz.000858,6.67,6.9,6.62,6.9,7478856,50502956.11
2004-09-24,sz.000858,6.96,7.59,6.96,7.34,79243985,589330446.31
2004-09-27,sz.000858,7.48,7.55,7.08,7.16,35285249,259768274.33
2004-09-28,sz.000858,7.18,7.77,7.17,7.62,43646516,328319069.09
2004-09-29,sz.000858,7.65,7.7,7.53,7.61,23726442,180929993.37
2004-09-30,sz.000858,7.6,7.75,7.48,7.57,20782319,158049893.04
2004-10-08,sz.000858,7.59,7.98,7.33,7.95,25025085,191638096.73
2004-10-11,sz.000858,7.95,8.03,7.7,7.78,32916133,258224032.82
2004-10-12,sz.000858,7.76,7.76,7.43,7.49,18288232,138091605.65
2004-10-13,sz.000858,7.47,7.58,7.25,7.34,15520712,114427043.16
2004-10-14,sz.000858,7.33,7.37,6.96,7.01,17115127,121681303.34
2004-10-15,sz.000858,7.0,7.18,6.88,7.11,18367976,129245357.77
2004-10-18,sz.000858,7.11,7.15,6.88,6.9,16027642,112164430.88
2004-10-19,sz.000858,6.98,7.2,6.85,7.15,15123380,106964103.1
2004-10-20,sz.000858,7.14,7.24,7.05,7.24,9079096,65108419.8
2004-10-21,sz.000858,7.25,7.47,7.2,7.37,13595005,100152055.6
2004-10-22,sz.000858,7.37,7.55,7.3,7.53,15850761,118455050.28
2004-10-25,sz.000858,7.68,7.77,7.38,7.43,11883304,89543481.82
2004-10-26,sz.000858,7.43,7.6,7.27,7.52,8725292,64854877.86
2004-10-27,sz.000858,7.54,7.69,7.49,7.61,11031246,83824938.52
2004-10-28,sz.000858,7.6,7.61,7.44,7.54,11411436,85608844.84
2004-10-29,sz.000858,7.3,7.46,7.2,7.34,10608156,78245406.31
2004-11-01,sz.000858,7.24,7.37,7.2,7.21,5264409,38217131.54
2004-11-02,sz.000858,7.19,7.29,7.08,7.24,5253110,37705469.22
2004-11-03,sz.000858,7.26,7.45,7.24,7.44,4056854,29764891.27
2004-11-04,sz.000858,7.45,7.48,7.11,7.16,6326075,45996481.63
2004-11-05,sz.000858,7.18,7.35,7.0,7.13,7401159,52816531.09
2004-11-08,sz.000858,7.1,7.14,7.0,7.13,3953958,28059574.88
2004-11-09,sz.000858,7.13,7.24,7.09,7.17,2518118,18036147.39
2004-11-10,sz.000858,7.23,7.47,7.11,7.4,7967433,58513027.98
2004-11-11,sz.000858,7.4,7.48,7.25,7.25,11841044,87523286.83
2004-11-12,sz.000858,7.27,7.35,7.21,7.26,4187277,30449996.74
2004-11-15,sz.000858,7.26,7.35,7.26,7.35,3667790,26774435.15
2004-11-16,sz.000858,7.36,7.43,7.25,7.3,4058180,29726491.27
2004-11-17,sz.000858,7.33,7.35,7.18,7.2,4310762,31107864.91
2004-11-18,sz.000858,7.2,7.27,7.16,7.26,3139970,22607643.31
2004-11-19,sz.000858,7.26,7.3,7.17,7.2,4479770,32314608.16
2004-11-22,sz.000858,7.22,7.26,7.09,7.2,7208429,51501409.32
2004-11-23,sz.000858,7.2,7.21,7.08,7.09,7050247,50091082.41
2004-11-24,sz.000858,7.09,7.17,7.07,7.13,3744460,26663039.77
2004-11-25,sz.000858,7.15,7.22,7.1,7.17,3684612,26410551.05
2004-11-26,sz.000858,7.2,7.21,7.11,7.14,2293038,16430994.55
2004-11-29,sz.000858,7.14,7.2,7.07,7.1,2583034,18425627.78
2004-11-30,sz.000858,7.1,7.15,7.08,7.13,3124354,22189994.58
2004-12-01,sz.000858,7.13,7.14,6.95,6.98,4826582,33971905.7
2004-12-02,sz.000858,6.96,6.96,6.79,6.81,7454553,50964255.14
2004-12-03,sz.000858,6.81,6.94,6.8,6.88,3028333,20822483.22
2004-12-06,sz.000858,6.85,6.87,6.76,6.81,3168141,21524554.26
2004-12-07,sz.000858,6.81,6.85,6.79,6.8,2293256,15618604.88
2004-12-08,sz.000858,6.8,6.92,6.8,6.82,1670860,11444569.44
2004-12-09,sz.000858,6.83,6.96,6.76,6.94,2781484,19193462.47
2004-12-10,sz.000858,6.95,6.96,6.8,6.84,3214692,21957431.68
2004-12-13,sz.000858,6.79,6.89,6.71,6.77,2725971,18507463.75
2004-12-14,sz.000858,6.78,6.86,6.75,6.78,1626415,11026437.68
2004-12-15,sz.000858,6.78,6.83,6.58,6.72,3387975,22663217.7
2004-12-16,sz.000858,6.72,6.72,6.62,6.66,2705078,18073125.6
2004-12-17,sz.000858,6.65,6.75,6.63,6.66,2397716,16046696.61
2004-12-20,sz.000858,6.65,6.7,6.55,6.58,2780096,18381920.34
2004-12-21,sz.000858,6.55,6.63,6.51,6.53,3161577,20717233.75
2004-12-22,sz.000858,6.55,6.7,6.39,6.67,5727689,37261966.38
2004-12-23,sz.000858,6.66,6.66,6.54,6.6,3364910,22184024.91
2004-12-24,sz.000858,6.6,6.66,6.58,6.6,1585117,10478755.01
2004-12-27,sz.000858,6.6,6.64,6.53,6.55,1408727,9263481.69
2004-12-28,sz.000858,6.5,6.61,6.5,6.59,2951481,19431459.6
2004-12-29,sz.000858,6.6,6.68,6.54,6.59,3468256,22880658.52
2004-12-30,sz.000858,6.59,6.79,6.59,6.69,3336598,22348998.1
2004-12-31,sz.000858,6.7,6.77,6.7,6.7,3165179,21322146.4
2005-01-04,sz.000858,6.7,6.7,6.3,6.59,1852860,12215622.78
2005-01-05,sz.000858,6.6,6.73,6.56,6.69,1727945,11500803.93
2005-01-06,sz.000858,6.7,6.73,6.64,6.67,1500783,10023313.16
2005-01-07,sz.000858,6.7,6.79,6.66,6.74,2336122,15773681.9
2005-01-10,sz.000858,6.7,6.82,6.66,6.82,1919012,12989876.67
2005-01-11,sz.000858,6.86,6.88,6.75,6.8,2754641,18764031.33
2005-01-12,sz.000858,6.8,6.84,6.7,6.78,1406393,9490258.22
2005-01-13,sz.000858,6.77,6.81,6.68,6.75,1886933,12756650.42
2005-01-14,sz.000858,6.76,6.88,6.74,6.79,3452540,23564597.78
2005-01-17,sz.000858,6.77,6.77,6.55,6.61,4041144,26925067.7
2005-01-18,sz.000858,6.58,6.7,6.57,6.69,2067850,13698899.92
2005-01-19,sz.000858,6.72,6.74,6.65,6.73,1213312,8121226.1
2005-01-20,sz.000858,6.7,6.7,6.6,6.6,2008558,13297960.53
2005-01-21,sz.000858,6.59,6.83,6.45,6.8,4134201,27476153.08
2005-01-24,sz.000858,6.88,6.97,6.8,6.84,3756898,25740191.44
2005-01-25,sz.000858,6.85,7.0,6.77,7.0,7621972,52678144.01
2005-01-26,sz.000858,7.0,7.08,6.9,6.98,3647811,25519453.27
2005-01-27,sz.000858,6.97,6.97,6.8,6.83,3071757,21100718.32
2005-01-28,sz.000858,6.83,6.98,6.79,6.95,3655755,25312941.98
2005-01-31,sz.000858,6.96,7.2,6.91,7.14,12279991,87150770.53
2005-02-01,sz.000858,7.13,7.23,7.07,7.11,7052150,50398719.86
2005-02-02,sz.000858,7.1,7.4,7.08,7.33,14549783,105816877.22
2005-02-03,sz.000858,7.33,7.4,7.21,7.3,9220085,67439679.15
2005-02-04,sz.000858,7.3,7.41,7.15,7.34,12198299,89480275.14
2005-02-16,sz.000858,7.38,7.48,7.28,7.29,5284673,38934675.29
2005-02-17,sz.000858,7.38,7.38,7.18,7.3,4383971,31708994.6
2005-02-18,sz.000858,7.24,7.28,7.05,7.14,8088224,57788470.58
2005-02-21,sz.000858,7.11,7.3,7.1,7.25,4241308,30606746.86
2005-02-22,sz.000858,7.25,7.32,7.18,7.31,6734336,48877088.38
2005-02-23,sz.000858,7.31,7.33,7.2,7.25,4279843,31082532.23
2005-02-24,sz.000858,7.22,7.28,7.1,7.26,5335477,38231168.68
2005-02-25,sz.000858,7.3,7.62,7.26,7.45,34525297,259891930.55
2005-02-28,sz.000858,7.45,7.6,7.45,7.49,9305197,69936016.12
2005-03-01,sz.000858,7.5,7.5,7.33,7.36,7514623,55480728.45
2005-03-02,sz.000858,7.36,7.46,7.24,7.24,4978896,36530325.85
2005-03-03,sz.000858,7.21,7.32,7.18,7.29,4460417,32310934.75
2005-03-04,sz.000858,7.28,7.43,7.27,7.33,7017659,51692556.63
2005-03-07,sz.000858,7.35,7.38,7.15,7.17,8174554,59246718.65
2005-03-08,sz.000858,7.14,7.15,6.95,7.09,28290919,199825957.11
2005-03-09,sz.000858,7.08,7.22,7.0,7.22,12467976,88782214.36
2005-03-10,sz.000858,7.2,7.3,7.12,7.24,10938204,79051040.1
2005-03-11,sz.000858,7.2,7.26,7.08,7.09,8595064,61548021.35
2005-03-14,sz.000858,7.09,7.3,7.0,7.2,8330080,59841449.09
2005-03-15,sz.000858,7.2,7.2,7.0,7.0,7333624,51915554.18
2005-03-16,sz.000858,6.96,7.05,6.85,6.89,7122739,49480299.29
2005-03-17,sz.000858,6.89,6.92,6.75,6.8,4531725,30846704.3
2005-03-18,sz.000858,6.77,6.87,6.75,6.81,4748201,32316385.83
2005-03-21,sz.000858,6.81,6.93,6.77,6.89,2279267,15644868.22
2005-03-22,sz.000858,6.9,6.93,6.8,6.91,6258487,42979969.66
2005-03-23,sz.000858,6.95,7.45,6.95,7.2,21305330,153849928.39
2005-03-24,sz.000858,7.18,7.24,7.1,7.23,5939653,42539766.22
2005-03-25,sz.000858,7.23,7.25,7.03,7.11,3165370,22598501.97
2005-03-28,sz.000858,7.08,7.17,7.01,7.16,2030091,14368258.49
2005-03-29,sz.000858,7.18,7.2,7.09,7.12,2312712,16522023.2
2005-03-30,sz.000858,7.1,7.11,6.85,6.86,4797559,33526460.59
2005-03-31,sz.000858,6.85,6.96,6.85,6.93,2708869,18710973.54
2005-04-01,sz.000858,6.88,7.24,6.88,7.16,4694056,33238773.41
2005-04-04,sz.000858,7.1,7.19,7.0,7.11,3428043,24424281.17
2005-04-05,sz.000858,7.06,7.31,7.06,7.27,8942622,64711757.78
2005-04-06,sz.000858,7.27,7.42,7.2,7.39,14652224,107765055.18
2005-04-07,sz.000858,7.38,7.59,7.25,7.28,13724973,101929576.19
2005-04-08,sz.000858,7.28,7.56,7.25,7.55,21124064,158132173.73
2005-04-11,sz.000858,7.55,7.59,7.41,7.44,8491978,63616968.43
2005-04-12,sz.000858,7.4,7.4,7.26,7.32,5438268,39793168.34
2005-04-13,sz.000858,7.43,7.6,7.23,7.32,13622951,100515884.3
2005-04-14,sz.000858,7.35,7.5,7.3,7.32,7044727,52147699.26
2005-04-18,sz.000858,7.23,7.36,7.11,7.35,5989222,43274627.47
2005-04-19,sz.000858,7.37,7.41,7.25,7.29,4547085,33305434.36
2005-04-20,sz.000858,7.27,7.28,7.15,7.18,4202985,30193004.58
2005-04-21,sz.000858,7.18,7.29,7.14,7.19,6402473,46108788.47
2005-04-22,sz.000858,7.2,7.53,7.2,7.39,16326237,120619816.82
2005-04-25,sz.000858,7.36,7.57,7.34,7.46,15196240,113582895.92
2005-04-26,sz.000858,7.47,7.56,7.4,7.5,10972182,82340474.62
2005-04-27,sz.000858,7.5,7.68,7.44,7.58,16542582,125518873.82
2005-04-28,sz.000858,7.58,7.84,7.52,7.76,21513477,166340624.0
2005-04-29,sz.000858,7.75,7.82,7.62,7.66,9970150,76684158.14
2005-05-09,sz.000858,7.65,7.68,7.4,7.5,7279097,54533661.87
2005-05-10,sz.000858,7.5,7.63,7.35,7.59,10486997,78840008.82
2005-05-11,sz.000858,7.57,7.69,7.31,7.35,10626590,79964885.2
2005-05-12,sz.000858,7.33,7.45,7.15,7.19,14433633,105185373.38
2005-05-13,sz.000858,7.16,7.31,7.13,7.29,7198075,52070265.47
2005-05-16,sz.000858,7.29,7.39,7.22,7.36,5124156,37513676.42
2005-05-17,sz.000858,7.31,7.6,7.27,7.48,7009219,52503419.62
2005-05-18,sz.000858,7.48,7.56,7.36,7.54,4655579,34786473.24
2005-05-19,sz.000858,7.5,7.53,7.41,7.5,3011914,22530096.59
2005-05-20,sz.000858,7.48,7.52,7.42,7.49,3242017,24237292.46
2005-05-23,sz.000858,7.48,7.48,7.25,7.28,4956769,36205134.89
2005-05-24,sz.000858,7.25,7.45,7.25,7.39,2707825,19914063.31
2005-05-25,sz.000858,7.35,7.39,7.14,7.17,9813923,70905672.43
2005-05-26,sz.000858,7.17,7.27,6.99,7.05,8261352,58440471.34
2005-05-27,sz.000858,7.0,7.11,6.91,6.97,3612203,25245621.94
2005-05-30,sz.000858,6.91,7.06,6.88,7.05,3474148,24153636.59
2005-05-31,sz.000858,7.1,7.23,7.1,7.1,3928799,28129568.08
2005-06-01,sz.000858,7.1,7.21,6.92,7.15,4614704,32808750.2
2005-06-02,sz.000858,7.14,7.14,6.61,6.74,11957632,81025700.08
2005-06-03,sz.000858,6.72,6.75,6.45,6.68,7171966,47351609.2
2005-06-06,sz.000858,6.67,6.93,6.55,6.91,5950185,40085685.96
2005-06-07,sz.000858,7.08,7.09,6.86,6.91,6462536,45106637.92
2005-06-08,sz.000858,7.05,7.55,6.88,7.48,18933028,138516400.28
2005-06-09,sz.000858,7.5,7.59,7.32,7.4,9954792,73919062.07
2005-06-10,sz.000858,7.39,7.39,7.16,7.25,7490489,54242503.36
2005-06-13,sz.000858,7.25,7.31,7.15,7.25,2688294,19408262.95
2005-06-14,sz.000858,7.3,7.33,7.16,7.17,2859569,20771445.49
2005-06-15,sz.000858,7.17,7.29,7.12,7.2,4420056,31934346.66
2005-06-16,sz.000858,7.2,7.32,7.15,7.3,4058099,29404063.29
2005-06-17,sz.000858,7.3,7.49,7.3,7.39,5786065,42778478.47
2005-06-20,sz.000858,7.45,7.96,7.39,7.87,44816610,347702263.46
2005-06-21,sz.000858,7.88,7.9,7.64,7.77,15712571,122088821.18
2005-06-22,sz.000858,7.76,7.87,7.66,7.8,9468380,73794144.2
2005-06-23,sz.000858,7.78,7.83,7.68,7.71,6476017,50071967.0
2005-06-24,sz.000858,7.68,7.78,7.56,7.74,5210552,39955775.0
2005-06-27,sz.000858,7.8,8.06,7.77,7.96,23744660,189496289.1
2005-06-28,sz.000858,7.9,8.01,7.7,7.81,15609077,122454812.6
2005-06-29,sz.000858,7.76,7.83,7.65,7.68,5346491,41328865.51
2005-06-30,sz.000858,7.65,7.78,7.47,7.52,8386128,63402176.45
2005-07-01,sz.000858,7.51,7.59,7.41,7.5,5352519,40076111.4
2005-07-04,sz.000858,7.47,7.65,7.37,7.65,4982363,37570275.81
2005-07-05,sz.000858,7.5,7.67,7.48,7.51,3617277,27371007.7
2005-07-06,sz.000858,7.51,7.59,7.43,7.5,2354943,17638555.59
2005-07-07,sz.000858,7.5,7.6,7.5,7.56,1888556,14275240.1
2005-07-08,sz.000858,7.5,7.7,7.45,7.61,4517887,34385975.67
2005-07-11,sz.000858,7.67,7.86,7.63,7.64,5376459,41489653.92
2005-07-12,sz.000858,7.6,7.95,7.59,7.86,11068713,86441400.4
2005-07-13,sz.000858,7.87,7.9,7.72,7.74,5615154,43844779.78
2005-07-14,sz.000858,7.74,7.81,7.66,7.7,5099137,39346352.96
2005-07-15,sz.000858,7.73,7.79,7.65,7.69,2337442,17983318.17
2005-07-18,sz.000858,7.65,7.75,7.64,7.74,2232443,17187436.46
2005-07-19,sz.000858,7.71,7.76,7.64,7.67,2456044,18889696.19
2005-07-20,sz.000858,7.68,7.78,7.57,7.75,3574273,27557449.29
2005-07-21,sz.000858,7.75,7.8,7.67,7.75,3369075,26086340.96
2005-07-22,sz.000858,7.75,7.97,7.69,7.85,12513016,98540283.92
2005-07-25,sz.000858,7.85,8.01,7.81,7.93,10371465,82389745.26
2005-07-26,sz.000858,7.9,8.2,7.9,8.08,23097671,186485312.67
2005-07-27,sz.000858,8.08,8.15,7.97,8.13,12307497,99243606.26
2005-07-28,sz.000858,8.12,8.14,7.94,7.97,12874367,103350441.4
2005-07-29,sz.000858,7.95,8.04,7.92,8.0,6314583,50428649.49
2005-08-01,sz.000858,8.0,8.29,8.0,8.18,12718364,104126046.93
2005-08-02,sz.000858,8.19,8.25,8.13,8.24,9838026,80708483.58
2005-08-03,sz.000858,8.26,8.28,8.13,8.13,14118713,115757886.79
2005-08-04,sz.000858,8.1,8.16,8.04,8.06,8951348,72366781.61
2005-08-05,sz.000858,8.05,8.24,8.03,8.21,12215120,99911987.94
2005-08-08,sz.000858,8.2,8.27,8.08,8.13,16139208,131651737.12
2005-08-09,sz.000858,8.13,8.14,7.96,8.07,15902697,127362057.77
2005-08-10,sz.000858,8.07,8.1,7.88,8.06,13374502,106750021.18
2005-08-11,sz.000858,8.05,8.18,7.96,8.18,20078727,162289831.39
2005-08-12,sz.000858,8.18,8.2,7.94,7.95,15319861,123582871.84
2005-08-15,sz.000858,7.98,8.09,7.91,8.04,10962399,87612571.53
2005-08-16,sz.000858,8.05,8.15,7.98,8.01,8578558,69019812.01
2005-08-17,sz.000858,7.99,8.02,7.8,7.96,10666214,84351649.81
2005-08-18,sz.000858,7.96,8.0,7.48,7.51,19511139,152197670.45
2005-08-19,sz.000858,7.53,7.74,7.53,7.69,11714300,89585090.61
2005-08-22,sz.000858,7.7,7.84,7.65,7.8,5972908,46275384.19
2005-08-23,sz.000858,7.8,7.82,7.71,7.79,4752529,36906002.17
2005-08-24,sz.000858,7.79,7.86,7.72,7.75,4880193,37977760.23
2005-08-25,sz.000858,7.77,7.8,7.63,7.69,3965939,30581563.01
2005-08-26,sz.000858,7.69,7.72,7.58,7.62,5696801,43416592.92
2005-08-29,sz.000858,7.61,7.76,7.56,7.7,4076178,31226374.12
2005-08-30,sz.000858,7.7,7.76,7.63,7.72,3245241,24994127.6
2005-08-31,sz.000858,7.75,7.79,7.69,7.78,4913002,37997155.04
2005-09-01,sz.000858,7.78,7.85,7.73,7.83,5319440,41553984.01
2005-09-02,sz.000858,7.83,7.86,7.76,7.85,5311876,41498651.64
2005-09-05,sz.000858,7.85,7.89,7.73,7.79,7761347,60467024.66
2005-09-06,sz.000858,7.8,7.8,7.6,7.64,8763586,67543835.82
2005-09-07,sz.000858,7.63,7.77,7.58,7.76,8413538,64521395.0
2005-09-08,sz.000858,7.76,7.95,7.68,7.9,12986346,101879632.04
2005-09-09,sz.000858,7.9,7.92,7.8,7.84,3423487,26842981.95
2005-09-12,sz.000858,7.83,7.86,7.77,7.81,2998393,23425094.18
2005-09-13,sz.000858,7.81,7.92,7.71,7.91,9767543,76299582.52
2005-09-14,sz.000858,7.9,7.95,7.84,7.92,7319628,57891727.83
2005-09-15,sz.000858,7.9,7.92,7.79,7.8,10509272,82099957.24
2005-09-16,sz.000858,7.82,7.91,7.81,7.88,7668391,60353055.72
2005-09-19,sz.000858,7.88,7.9,7.8,7.83,4998713,39152301.47
2005-09-20,sz.000858,7.83,7.84,7.6,7.71,11759710,90465176.99
2005-09-21,sz.000858,7.71,7.72,7.52,7.54,8864564,67261365.03
2005-09-22,sz.000858,7.52,7.53,7.31,7.43,9650476,71277222.3
2005-09-23,sz.000858,7.4,7.5,7.33,7.35,4221898,31316321.01
2005-09-26,sz.000858,7.36,7.43,7.32,7.43,3110422,22966476.11
2005-09-27,sz.000858,7.42,7.46,7.35,7.39,3099106,22882316.4
2005-09-28,sz.000858,7.4,7.52,7.36,7.48,3165569,23573657.88
2005-09-29,sz.000858,7.48,7.55,7.4,7.48,4871521,36275027.42
2005-09-30,sz.000858,7.48,7.5,7.39,7.48,3698404,27460572.57
2005-10-10,sz.000858,7.48,7.48,7.12,7.15,5643599,40997433.56
2005-10-11,sz.000858,7.12,7.32,7.0,7.31,11402367,81875638.95
2005-10-12,sz.000858,7.3,7.41,7.28,7.4,5183597,38091491.35
2005-10-13,sz.000858,7.4,7.41,7.26,7.28,6984911,51179961.63
2005-10-14,sz.000858,7.27,7.3,7.1,7.25,5116131,36893962.08
2005-10-17,sz.000858,7.18,7.2,7.0,7.06,6987974,49715781.78
2005-10-18,sz.000858,7.05,7.14,7.04,7.13,4865491,34468158.46
2005-10-19,sz.000858,7.13,7.23,7.07,7.11,2788608,19929974.34
2005-10-20,sz.000858,7.1,7.1,6.98,7.01,5889530,41254134.64
2005-10-21,sz.000858,7.01,7.02,6.93,6.97,3450317,24076478.51
2005-10-24,sz.000858,6.97,7.12,6.95,7.02,3283184,23145145.55
2005-10-25,sz.000858,7.0,7.07,6.95,7.06,2983292,20949897.31
2005-10-26,sz.000858,7.06,7.06,6.85,6.9,5465754,38061026.18
2005-10-27,sz.000858,6.89,6.92,6.75,6.8,4013989,27376313.08
2005-10-28,sz.000858,6.8,6.8,6.54,6.66,10173607,67377620.13
2005-10-31,sz.000858,6.66,6.83,6.63,6.74,4545762,30558104.09
2005-11-01,sz.000858,6.74,6.76,6.64,6.7,3733511,24958240.86
2005-11-02,sz.000858,6.71,6.94,6.7,6.86,5744219,39273360.83
2005-11-03,sz.000858,6.9,6.95,6.85,6.89,4124065,28453886.51
2005-11-04,sz.000858,6.89,6.94,6.84,6.89,1512478,10419496.5
2005-11-07,sz.000858,6.88,6.89,6.81,6.86,2171934,14864647.26
2005-11-08,sz.000858,6.85,6.86,6.72,6.8,1821685,12352769.82
2005-11-09,sz.000858,6.8,6.83,6.7,6.72,2719400,18362130.56
2005-11-10,sz.000858,6.7,6.76,6.6,6.62,3171334,21121229.11
2005-11-11,sz.000858,6.6,6.68,6.59,6.66,1386988,9193653.43
2005-11-14,sz.000858,6.66,6.66,6.5,6.53,2575240,16911529.02
2005-11-15,sz.000858,6.53,6.62,6.48,6.58,2419306,15805241.31
2005-11-16,sz.000858,6.58,6.66,6.46,6.65,2504559,16469249.04
2005-11-17,sz.000858,6.65,6.75,6.62,6.7,2178758,14608753.44
2005-11-18,sz.000858,6.7,6.9,6.68,6.8,6104685,41571398.57
2005-11-21,sz.000858,6.82,6.88,6.78,6.81,2818608,19285453.35
2005-11-22,sz.000858,6.82,6.85,6.7,6.71,1951348,13267386.24
2005-11-23,sz.000858,6.65,6.75,6.65,6.71,908319,6098112.97
2005-11-24,sz.000858,6.71,6.84,6.68,6.83,3472518,23600023.86
2005-11-25,sz.000858,6.83,6.9,6.83,6.85,1991304,13663273.58
2005-11-28,sz.000858,6.85,6.92,6.83,6.85,2737483,18827107.5
2005-11-29,sz.000858,6.85,6.85,6.74,6.76,1515966,10275755.14
2005-11-30,sz.000858,6.76,6.8,6.66,6.79,1797336,12066349.37
2005-12-01,sz.000858,6.78,6.8,6.66,6.7,2575725,17288607.94
2005-12-02,sz.000858,6.68,6.75,6.64,6.7,2401036,16073864.69
2005-12-05,sz.000858,6.7,6.7,6.61,6.66,1987266,13231903.78
2005-12-06,sz.000858,6.66,6.84,6.6,6.82,2884883,19513194.12
2005-12-07,sz.000858,6.82,6.92,6.8,6.88,3510679,24125824.48
2005-12-08,sz.000858,6.89,6.91,6.79,6.82,2203363,15055010.72
2005-12-09,sz.000858,6.82,7.02,6.77,6.97,7966746,55347851.04
2005-12-12,sz.000858,6.96,7.03,6.9,6.95,3244811,22556607.55
2005-12-13,sz.000858,6.93,6.97,6.9,6.97,2612140,18110761.58
2005-12-14,sz.000858,6.93,7.05,6.92,7.04,4079797,28597992.1
2005-12-15,sz.000858,7.04,7.14,7.04,7.11,6317399,44806941.22
2005-12-16,sz.000858,7.11,7.16,7.04,7.15,6618804,47095243.12
2005-12-19,sz.000858,7.1,7.15,7.1,7.13,2952072,21035525.52
2005-12-20,sz.000858,7.12,7.21,7.02,7.2,5077365,36281672.65
2005-12-21,sz.000858,7.19,7.26,7.14,7.18,5329824,38464928.85
2005-12-22,sz.000858,7.18,7.18,7.09,7.15,7335445,52414802.52
2005-12-23,sz.000858,7.15,7.31,7.14,7.26,7843277,56721678.24
2005-12-26,sz.000858,7.26,7.33,7.21,7.29,3491830,25389901.1
2005-12-27,sz.000858,7.22,7.3,7.22,7.25,5208298,37759239.34
2005-12-28,sz.000858,7.24,7.35,7.18,7.33,4235826,30736694.87
2005-12-29,sz.000858,7.33,7.7,7.32,7.56,23069315,174281227.34
2005-12-30,sz.000858,7.55,7.61,7.2,7.26,7938461,59571580.08
2006-01-04,sz.000858,7.37,7.7,7.37,7.65,13263138,101296097.15
2006-01-05,sz.000858,7.65,7.89,7.6,7.87,17713837,138135148.83
2006-01-06,sz.000858,7.87,7.97,7.74,7.95,21303756,167226923.54
2006-01-09,sz.000858,7.9,7.95,7.7,7.93,17655194,138898534.28
2006-01-10,sz.000858,7.87,7.91,7.6,7.9,11759111,91602903.98
2006-01-11,sz.000858,7.9,7.92,7.68,7.81,7908778,61692944.8
2006-01-12,sz.000858,7.78,7.92,7.77,7.88,8855361,69569138.75
2006-01-13,sz.000858,7.88,8.03,7.83,7.9,8870211,70348057.11
2006-01-16,sz.000858,7.9,7.91,7.67,7.78,8372628,65117092.76
2006-01-17,sz.000858,7.73,7.81,7.69,7.79,4817070,37353390.08
2006-01-18,sz.000858,7.77,8.14,7.74,8.05,10908999,86905922.02
2006-01-19,sz.000858,8.06,8.07,7.89,7.9,5967529,47510506.83
2006-01-20,sz.000858,7.92,8.06,7.92,7.94,12938422,103186492.33
2006-01-23,sz.000858,7.95,8.02,7.82,7.96,11102282,87764367.76
2006-01-24,sz.000858,7.98,8.21,7.98,8.11,24230316,196693508.84
2006-03-02,sz.000858,8.88,8.88,8.48,8.78,59049577,512623085.83
2006-03-03,sz.000858,8.7,8.95,8.65,8.7,21662917,189633859.59
2006-03-06,sz.000858,8.7,8.7,8.54,8.59,9579687,82434216.98
2006-03-07,sz.000858,8.58,8.58,8.3,8.44,12227231,102969892.25
2006-03-08,sz.000858,8.44,8.5,8.16,8.21,11287430,93604179.12
2006-03-09,sz.000858,8.18,8.3,8.13,8.18,5939388,48791942.0
2006-03-10,sz.000858,8.2,8.49,8.2,8.4,8606619,72036256.31
2006-03-13,sz.000858,8.39,8.52,8.32,8.51,10682406,90038351.87
2006-03-14,sz.000858,8.51,8.56,8.33,8.36,15679358,132125115.94
2006-03-31,sz.000858,6.8,6.82,6.48,6.73,52603963,349052608.63
2006-04-03,sz.000858,6.7,7.22,6.53,7.11,60530424,418231164.58
2006-04-04,sz.000858,7.13,7.18,7.01,7.12,33320819,236785289.98
2006-04-05,sz.000858,7.14,7.35,7.11,7.32,41092174,296008578.24
2006-04-06,sz.000858,7.33,8.04,7.27,7.88,63776901,493762904.55
2006-04-07,sz.000858,7.86,7.86,7.62,7.81,42690638,330688164.31
2006-04-10,sz.000858,7.62,7.79,7.42,7.69,42305254,321679719.87
2006-04-11,sz.000858,7.69,7.8,7.5,7.6,22581515,171323512.12
2006-04-12,sz.000858,7.6,7.85,7.58,7.67,23886760,184446384.63
2006-04-13,sz.000858,7.64,7.68,7.35,7.36,21917271,164232962.45
2006-04-14,sz.000858,7.35,7.8,7.31,7.75,39319317,298026366.01
2006-04-17,sz.000858,7.76,7.98,7.7,7.71,42663804,333720763.67
2006-04-18,sz.000858,7.8,8.36,7.8,8.28,62922711,508564674.13
2006-04-19,sz.000858,8.28,8.36,8.15,8.24,35055207,288575103.36
2006-04-20,sz.000858,8.24,8.81,8.24,8.62,47407285,404636387.93
2006-04-21,sz.000858,8.75,9.48,8.65,9.22,52815238,487520806.56
2006-04-24,sz.000858,9.28,9.86,9.28,9.59,50890772,486453793.41
2006-04-25,sz.000858,9.63,9.75,9.1,9.37,33850245,318952012.77
2006-04-26,sz.000858,9.35,9.57,9.0,9.19,31499824,294011840.79
2006-04-27,sz.000858,9.18,9.75,9.12,9.62,31914196,300823360.11
2006-04-28,sz.000858,9.42,10.58,9.32,10.58,67019939,685921357.27
2006-05-08,sz.000858,10.71,11.64,10.71,11.64,44759881,513070789.45
2006-05-09,sz.000858,12.0,12.8,12.0,12.8,64638807,814465040.45
2006-05-10,sz.000858,13.5,13.6,12.51,12.66,84216605,1101766189.47
2006-05-11,sz.000858,12.6,13.68,12.11,12.88,65355279,841962505.46
2006-05-15,sz.000858,14.17,14.17,13.72,14.17,57767884,814841907.73
2006-05-16,sz.000858,14.9,15.59,14.13,14.9,79999607,1211652992.17
2006-05-17,sz.000858,14.91,15.84,13.41,14.16,78988615,1143036245.46
2006-05-18,sz.000858,13.95,13.97,12.98,13.52,54494276,732858065.69
2006-05-19,sz.000858,13.55,14.7,13.3,14.53,60335752,845908371.06
2006-05-23,sz.000858,13.3,14.19,13.08,13.47,58588921,790917224.96
2006-05-24,sz.000858,13.58,14.0,12.18,13.39,50846400,659776880.25
2006-05-25,sz.000858,13.18,13.18,12.31,12.78,30297065,383810739.26
2006-05-26,sz.000858,12.75,13.0,12.43,12.81,30947450,394442291.69
2006-05-29,sz.000858,12.83,13.84,12.7,13.76,47365509,632055564.53
2006-05-30,sz.000858,13.76,14.5,13.5,13.53,55175205,766062004.06
2006-05-31,sz.000858,13.5,13.77,12.78,12.97,39848938,524656384.71
2006-06-01,sz.000858,12.94,13.77,12.75,13.58,38847484,517341477.39
2006-06-02,sz.000858,13.59,13.6,12.78,13.4,42870130,561080349.02
2006-06-05,sz.000858,13.0,13.23,12.61,13.06,20727883,267519807.25
2006-06-06,sz.000858,13.0,13.2,12.8,12.84,17284453,223631580.07
2006-06-07,sz.000858,12.8,12.8,11.7,11.82,33000714,404096406.65
2006-06-08,sz.000858,11.65,12.1,11.31,11.97,26677864,314795752.77
2006-06-09,sz.000858,12.01,12.1,11.4,11.43,18489926,217495847.18
2006-06-12,sz.000858,11.2,11.73,11.01,11.69,23612697,272012105.56
2006-06-13,sz.000858,11.67,12.48,11.6,12.1,27218289,330170768.28
2006-06-14,sz.000858,12.0,12.44,11.81,12.29,25626053,313882694.14
2006-06-15,sz.000858,12.31,12.62,12.03,12.2,18393294,227979905.11
2006-06-16,sz.000858,12.3,12.55,12.25,12.45,14100271,174646593.68
2006-06-19,sz.000858,12.4,13.7,12.22,13.49,53893781,714189294.09
2006-06-20,sz.000858,13.49,14.04,13.47,13.58,39920259,548903863.59
2006-06-21,sz.000858,13.5,13.67,13.19,13.47,24669080,330778034.41
2006-06-22,sz.000858,13.4,13.85,13.38,13.49,14857654,201122606.88
2006-06-23,sz.000858,13.51,14.19,13.51,14.05,41242409,574873272.37
2006-06-26,sz.000858,14.15,15.28,14.06,15.04,36325565,534843365.64
2006-06-28,sz.000858,15.0,15.8,14.48,14.95,32627286,494007441.18
2006-06-29,sz.000858,14.95,15.28,14.71,15.09,25511734,381784182.46
2006-06-30,sz.000858,15.2,15.27,14.31,14.54,27337794,402637100.99
2006-07-03,sz.000858,14.54,14.97,14.0,14.56,30412861,435475896.65
2006-07-04,sz.000858,14.6,14.6,14.03,14.24,26517340,376800120.24
2006-07-05,sz.000858,14.22,14.41,13.9,14.09,15546591,219023037.95
2006-07-06,sz.000858,14.08,14.59,13.92,14.35,18206523,261298721.58
2006-07-07,sz.000858,14.3,14.68,14.14,14.35,14273076,205056509.85
2006-07-10,sz.000858,14.25,14.31,13.93,14.14,12905033,181617090.53
2006-07-11,sz.000858,14.15,14.52,14.05,14.33,15331408,219531394.92
2006-07-12,sz.000858,14.33,14.36,14.0,14.11,13621156,192555006.76
2006-07-13,sz.000858,14.05,14.27,13.1,13.41,29061510,398301037.76
2006-07-14,sz.000858,13.24,13.58,13.14,13.48,14840430,198119725.93
2006-07-17,sz.000858,13.33,13.4,13.1,13.35,14995646,198406798.36
2006-07-18,sz.000858,13.34,13.49,13.19,13.48,10717526,143442660.06
2006-07-19,sz.000858,13.5,13.55,12.8,12.91,14942846,195311026.21
2006-07-20,sz.000858,12.91,13.29,12.88,13.1,12215137,159896334.48
2006-07-21,sz.000858,13.3,13.3,12.99,13.0,9766645,127622864.91
2006-07-24,sz.000858,12.8,14.21,12.7,14.21,34521224,471472150.24
2006-07-25,sz.000858,14.26,14.33,14.01,14.21,19959645,282986266.03
2006-07-26,sz.000858,14.25,14.34,14.02,14.24,14189929,201804312.74
2006-07-27,sz.000858,14.22,14.28,13.6,13.84,17443724,243570029.64
2006-07-28,sz.000858,13.78,13.9,13.45,13.64,11905811,161992245.51
2006-07-31,sz.000858,13.46,13.89,13.21,13.65,13775784,186526985.98
2006-08-01,sz.000858,13.6,13.78,13.36,13.5,8160020,110734684.44
2006-08-02,sz.000858,13.5,13.6,12.9,13.38,10470635,138142220.04
2006-08-03,sz.000858,13.33,13.46,12.92,13.1,7153005,93788889.98
2006-08-04,sz.000858,13.1,13.32,12.7,12.76,8424484,109026227.46
2006-08-07,sz.000858,12.59,12.96,12.37,12.76,8680871,110095230.97
2006-08-08,sz.000858,12.85,13.5,12.76,13.43,12975275,172810446.96
2006-08-09,sz.000858,13.43,13.57,13.22,13.35,8022118,107407960.91
2006-08-10,sz.000858,13.38,13.55,12.98,13.1,12091682,159188815.09
2006-08-11,sz.000858,13.0,13.05,12.4,12.78,23118912,293140348.62
2006-08-14,sz.000858,12.73,12.88,12.51,12.67,11867237,150358422.72
2006-08-15,sz.000858,12.66,12.8,12.42,12.7,5849979,73772960.77
2006-08-16,sz.000858,12.66,12.82,12.55,12.74,7071350,89618680.28
2006-08-17,sz.000858,12.69,12.69,12.48,12.56,6173253,77440964.81
2006-08-18,sz.000858,12.5,12.73,12.48,12.55,4963060,62396098.37
2006-08-21,sz.000858,12.18,12.45,12.12,12.45,6455810,79723112.97
2006-08-22,sz.000858,12.4,12.8,12.33,12.7,9064807,114088907.12
2006-08-23,sz.000858,12.68,12.79,12.53,12.69,6341798,80362997.25
2006-08-24,sz.000858,12.58,12.66,12.37,12.59,7974019,99534301.85
2006-08-25,sz.000858,12.51,12.69,12.2,12.36,11696707,144724481.11
2006-08-28,sz.000858,12.36,12.76,12.15,12.64,21222517,264151182.44
2006-08-29,sz.000858,12.56,13.25,12.56,12.9,24041223,312056862.02
2006-08-30,sz.000858,12.85,13.05,12.82,13.0,10560882,137014124.11
2006-08-31,sz.000858,13.03,13.35,13.0,13.21,14442029,191398383.94
2006-09-01,sz.000858,13.3,13.35,12.9,12.94,9644288,125824053.87
2006-09-04,sz.000858,12.8,13.1,12.75,13.03,6320612,81954254.42
2006-09-05,sz.000858,13.03,13.18,12.83,12.88,5740648,74189159.75
2006-09-06,sz.000858,12.98,12.99,12.75,12.87,4914267,62979384.68
2006-09-07,sz.000858,12.85,12.85,12.53,12.6,5870881,74312831.54
2006-09-08,sz.000858,12.58,12.74,12.5,12.57,3002020,37817085.88
2006-09-11,sz.000858,12.56,12.66,12.46,12.6,4155411,52215800.25
2006-09-12,sz.000858,12.6,12.96,12.58,12.86,8990033,115420852.44
2006-09-13,sz.000858,12.8,12.9,12.6,12.6,5744279,73269465.26
2006-09-14,sz.000858,12.58,12.85,12.48,12.83,6476023,81959647.25
2006-09-15,sz.000858,12.83,12.98,12.75,12.9,7851627,101111724.45
2006-09-18,sz.000858,13.01,13.3,12.97,13.0,7122461,93141136.56
2006-09-19,sz.000858,13.05,13.22,12.91,13.01,8062155,105430625.52
2006-09-20,sz.000858,12.98,13.04,12.84,12.89,5528568,71340468.55
2006-09-21,sz.000858,12.88,13.17,12.87,13.12,13155785,171613634.62
2006-09-22,sz.000858,13.16,13.19,12.8,12.92,8307694,108076056.44
2006-09-25,sz.000858,12.99,12.99,12.55,12.68,6991574,89293158.84
2006-09-26,sz.000858,12.68,12.76,12.55,12.6,4925331,62229513.01
2006-09-27,sz.000858,12.6,12.69,12.42,12.59,5823493,73038909.23
2006-09-28,sz.000858,12.6,13.05,12.6,12.97,14689417,188618019.16
2006-09-29,sz.000858,13.01,13.13,12.88,12.99,18072324,235167768.8
2006-10-09,sz.000858,13.15,13.85,13.11,13.59,51945977,703351706.6
2006-10-10,sz.000858,13.61,13.65,13.16,13.2,31458763,418622038.67
2006-10-11,sz.000858,13.25,13.28,12.56,12.77,32905048,420028648.76
2006-10-12,sz.000858,12.74,12.74,12.41,12.61,27316964,342653363.48
2006-10-13,sz.000858,12.59,12.7,12.37,12.62,22408379,279747403.85
2006-10-16,sz.000858,12.62,12.62,12.15,12.3,22571945,278936498.61
2006-10-17,sz.000858,12.29,12.38,12.18,12.32,13872691,170386429.87
2006-10-18,sz.000858,12.4,12.66,12.3,12.54,26091456,327040245.17
2006-10-19,sz.000858,12.6,12.65,12.44,12.47,11859342,148615823.66
2006-10-20,sz.000858,12.48,12.68,12.47,12.48,11940598,149925165.84
2006-10-23,sz.000858,12.5,12.55,12.35,12.4,13452679,167633575.67
2006-10-24,sz.000858,12.38,12.58,12.38,12.58,9414342,117639309.4
2006-10-25,sz.000858,12.58,12.97,12.5,12.81,27092856,346829918.04
2006-10-26,sz.000858,12.8,12.84,12.61,12.7,10418462,132308475.71
2006-10-27,sz.000858,12.65,12.7,12.36,12.4,10890284,136089628.61
2006-10-30,sz.000858,12.4,12.5,12.18,12.25,13581391,166714655.25
2006-10-31,sz.000858,12.31,12.45,12.2,12.41,13509833,166370159.4
2006-11-01,sz.000858,12.35,12.42,12.13,12.3,20311077,248050136.12
2006-11-02,sz.000858,12.29,12.38,12.13,12.35,13659214,166891738.59
2006-11-03,sz.000858,12.34,12.65,12.25,12.43,18649355,233514125.99
2006-11-06,sz.000858,12.38,12.79,12.32,12.76,22984886,290907516.84
2006-11-07,sz.000858,12.8,13.02,12.66,12.95,25892746,333764310.94
2006-11-08,sz.000858,12.99,13.48,12.85,13.26,42858827,571100593.8
2006-11-09,sz.000858,13.27,13.64,13.26,13.44,33057901,446443546.48
2006-11-10,sz.000858,13.5,13.55,13.02,13.08,22485583,297257923.48
2006-11-13,sz.000858,13.07,13.51,13.02,13.19,24779438,329074419.41
2006-11-14,sz.000858,13.18,14.05,13.16,13.96,50277521,688409578.72
2006-11-15,sz.000858,13.98,14.76,13.98,14.6,52375835,758471358.96
2006-11-16,sz.000858,14.62,14.9,14.38,14.41,38068724,556360455.77
2006-11-17,sz.000858,14.3,14.88,14.28,14.71,28557483,420036873.35
2006-11-20,sz.000858,14.78,15.42,14.61,14.85,23496479,353772833.69
2006-11-21,sz.000858,14.85,15.09,14.28,14.62,24163223,352916460.24
2006-11-22,sz.000858,14.63,15.07,14.39,14.79,24255499,359143862.91
2006-11-23,sz.000858,14.79,15.09,14.5,14.75,15887624,235138733.5
2006-11-24,sz.000858,14.75,14.93,14.53,14.63,12690695,186589804.94
2006-11-27,sz.000858,14.7,15.25,14.6,15.25,23680601,353469714.14
2006-11-28,sz.000858,15.26,15.46,14.86,15.13,20329398,308191056.03
2006-11-29,sz.000858,14.84,16.5,14.68,16.19,40138158,634264314.95
2006-11-30,sz.000858,16.2,17.17,16.2,16.62,27354822,456346492.36
2006-12-01,sz.000858,16.8,17.4,16.55,16.92,24647546,418976593.92
2006-12-04,sz.000858,17.15,17.75,16.98,17.2,28683072,498081432.16
2006-12-05,sz.000858,17.63,17.63,16.92,16.95,27882469,480440578.47
2006-12-06,sz.000858,16.9,16.91,15.7,16.55,34607343,568109600.29
2006-12-07,sz.000858,16.36,16.8,16.29,16.33,18235787,301861705.53
2006-12-08,sz.000858,16.14,16.27,15.61,15.75,20506199,327229157.95
2006-12-11,sz.000858,15.63,17.1,15.63,17.0,24139306,396069814.63
2006-12-12,sz.000858,17.1,17.58,16.53,17.0,20178471,344236617.11
2006-12-13,sz.000858,17.0,17.15,16.4,16.82,11959151,201230148.24
2006-12-14,sz.000858,16.8,18.1,16.8,17.92,35897688,631841691.98
2006-12-15,sz.000858,18.0,18.7,17.75,18.63,26484166,484583146.63
2006-12-18,sz.000858,18.68,20.33,18.63,20.15,38936921,773531871.22
2006-12-19,sz.000858,20.65,20.65,19.67,20.2,34161016,688012358.41
2006-12-20,sz.000858,20.29,20.9,19.71,20.4,18492426,376805299.1
2006-12-21,sz.000858,20.39,20.6,19.9,20.0,16277879,330351679.34
2006-12-22,sz.000858,19.82,20.0,19.01,19.3,19956069,388119436.5
2006-12-25,sz.000858,19.2,20.79,19.18,20.37,20243200,408002738.06
2006-12-26,sz.000858,20.35,20.65,19.61,20.03,12850469,258983454.57
2006-12-27,sz.000858,20.03,21.7,19.9,21.0,25193009,530482907.17
2006-12-28,sz.000858,21.18,21.48,20.85,21.25,20234335,428357623.13
2006-12-29,sz.000858,21.33,23.33,21.33,22.85,27862095,633018175.06
2007-01-04,sz.000858,23.6,24.95,22.0,22.9,37886842,911096496.13
2007-01-05,sz.000858,22.88,24.28,22.5,23.7,34421339,808670006.91
2007-01-08,sz.000858,23.7,23.98,22.94,23.5,29992324,697459078.47
2007-01-09,sz.000858,23.6,24.8,23.4,24.65,20077867,485507470.11
2007-01-10,sz.000858,24.65,25.16,24.15,24.8,17112699,420266326.42
2007-01-11,sz.000858,24.8,26.33,24.31,25.48,19658391,500713517.43
2007-01-12,sz.000858,25.3,27.7,24.96,27.3,31112498,829858507.16
2007-01-15,sz.000858,27.3,30.03,27.3,29.49,41681580,1220286045.96
2007-01-16,sz.000858,29.6,31.0,28.99,30.98,25252298,751118325.84
2007-01-17,sz.000858,30.87,32.85,29.1,30.94,33290738,1041292693.17
2007-01-18,sz.000858,30.7,32.05,29.82,31.0,30699906,942571952.12
2007-01-23,sz.000858,31.1,33.18,29.5,30.4,44032611,1379702219.48
2007-01-24,sz.000858,29.97,31.16,28.91,30.0,30588687,921355937.86
2007-01-25,sz.000858,29.6,30.0,28.0,28.5,32222673,940628723.35
2007-01-26,sz.000858,28.0,28.77,25.8,28.13,35065541,951726738.58
2007-01-29,sz.000858,28.16,29.53,27.8,27.99,28580391,813010912.68
2007-01-30,sz.000858,28.1,29.0,27.48,28.21,30903265,871779245.46
2007-01-31,sz.000858,28.21,28.21,25.39,25.58,27703452,735410179.43
2007-02-01,sz.000858,24.81,26.7,23.31,25.89,36063568,898952358.92
2007-02-02,sz.000858,25.06,25.57,24.0,24.18,23288470,574184108.16
2007-02-05,sz.000858,23.65,24.27,22.8,23.71,24095736,566198407.91
2007-02-06,sz.000858,23.71,24.6,22.6,24.46,29495143,690562146.83
2007-02-07,sz.000858,24.8,25.67,24.5,25.0,38031589,959095520.41
2007-02-08,sz.000858,25.2,26.26,24.66,26.05,21088698,540557964.61
2007-02-09,sz.000858,26.08,26.66,25.3,25.48,12105890,311353681.28
2007-02-12,sz.000858,25.5,26.5,25.5,26.28,13227762,345821560.93
2007-02-13,sz.000858,26.5,27.22,26.27,26.71,12386028,331004698.63
2007-02-14,sz.000858,26.77,27.28,26.25,26.9,19690451,524034552.21
2007-02-15,sz.000858,27.5,29.36,27.1,29.2,29949016,858127437.97
2007-02-16,sz.000858,29.55,29.9,28.83,28.85,20965331,614537491.42
2007-02-26,sz.000858,28.85,28.85,27.8,28.02,15993086,449225663.24
2007-02-27,sz.000858,27.9,27.9,25.22,25.22,28841313,747213999.24
2007-02-28,sz.000858,23.2,26.2,23.12,25.16,38428954,947076317.16
2007-03-01,sz.000858,25.29,26.23,24.0,25.0,27751915,698785463.93
2007-03-02,sz.000858,24.35,24.88,23.5,24.4,32103462,771761218.54
2007-03-05,sz.000858,24.28,24.29,22.39,23.0,26020753,606043867.46
2007-03-06,sz.000858,22.98,23.88,22.61,23.68,24163040,562540912.97
2007-03-07,sz.000858,23.7,24.67,23.6,24.3,31796064,768117081.51
2007-03-08,sz.000858,24.45,24.59,23.78,24.3,17170055,413535733.81
2007-03-09,sz.000858,24.3,24.65,23.75,24.0,25349282,611572319.24
2007-03-12,sz.000858,24.08,24.39,23.5,23.8,21090884,501080134.9
2007-03-13,sz.000858,23.88,24.0,23.18,23.4,25301759,593900825.58
2007-03-14,sz.000858,23.39,24.05,22.61,23.7,27322760,636256789.0
2007-03-15,sz.000858,23.7,24.48,23.6,24.45,25834419,620909187.13
2007-03-16,sz.000858,24.58,26.1,24.58,25.47,66123262,1681113021.08
2007-03-21,sz.000858,26.8,28.02,25.8,26.0,63419754,1707208261.05
2007-03-22,sz.000858,26.21,26.75,25.52,25.84,31010854,804666691.15
2007-03-23,sz.000858,25.85,27.17,25.85,27.04,43503761,1152567402.88
2007-03-26,sz.000858,28.0,28.0,27.25,27.37,29920451,825768916.51
2007-03-27,sz.000858,27.4,27.8,26.6,26.85,26374586,712587171.81
2007-03-28,sz.000858,26.69,26.7,25.5,26.25,28167581,735636541.01
2007-03-29,sz.000858,26.3,27.0,25.65,26.89,30520970,809317704.26
2007-03-30,sz.000858,26.87,26.87,26.0,26.09,19232520,504123188.36
2007-04-02,sz.000858,26.16,26.46,25.85,26.3,22383160,584592604.4
2007-04-03,sz.000858,26.45,27.33,26.28,26.98,31363784,844811947.6
2007-04-04,sz.000858,27.01,28.75,26.93,28.41,58991263,1655317784.25
2007-04-05,sz.000858,28.25,28.99,28.0,28.51,28181056,805142876.62
2007-04-06,sz.000858,28.17,29.96,28.02,29.69,35414449,1042866811.3
2007-04-09,sz.000858,29.71,32.66,29.71,32.6,51942029,1654569199.66
2007-04-10,sz.000858,32.8,33.06,31.0,32.7,41394950,1340426815.0
2007-04-11,sz.000858,32.6,33.05,31.55,32.5,31317954,1019939435.73
2007-04-12,sz.000858,32.49,35.52,32.02,34.96,39012203,1323963744.28
2007-04-13,sz.000858,35.45,38.46,34.7,38.43,61336930,2304499325.77
2007-04-17,sz.000858,38.43,38.45,34.59,35.75,69495815,2528485568.58
2007-04-18,sz.000858,35.76,36.6,34.29,34.32,40426719,1415386695.07
2007-04-19,sz.000858,34.31,34.5,31.5,32.85,52381875,1711869612.16
2007-04-23,sz.000858,34.57,34.57,32.6,34.15,63680500,2130048568.89
2007-04-24,sz.000858,34.2,34.3,32.48,32.7,53524672,1766102055.66
2007-04-25,sz.000858,32.8,34.0,32.5,33.38,37624401,1259729386.09
2007-04-26,sz.000858,33.63,34.1,32.81,33.75,31020132,1039723610.16
2007-04-27,sz.000858,33.85,33.99,32.9,33.5,28609226,957426424.64
2007-04-30,sz.000858,33.5,35.99,33.2,35.66,47836846,1654150777.62
2007-05-08,sz.000858,26.0,26.25,25.0,25.52,71368769,1826597862.95
2007-05-09,sz.000858,25.52,25.52,23.78,24.55,59896843,1477976448.67
2007-05-10,sz.000858,24.5,24.98,23.68,24.66,58595513,1419792516.78
2007-05-11,sz.000858,24.2,24.58,23.9,24.07,47139609,1136459144.48
2007-05-14,sz.000858,23.8,24.48,23.3,23.92,54577820,1311125949.76
2007-05-15,sz.000858,23.85,24.6,23.7,24.2,69906931,1685882545.4
2007-05-16,sz.000858,24.6,26.39,24.59,26.17,122633101,3147369541.38
2007-05-17,sz.000858,26.38,27.49,26.36,26.53,77300284,2075800616.37
2007-05-18,sz.000858,26.54,26.59,25.89,26.14,50540593,1321687603.04
2007-05-21,sz.000858,25.0,26.8,24.9,26.18,51283369,1345574405.91
2007-05-22,sz.000858,26.16,26.48,25.78,25.94,51118490,1330814793.39
2007-05-23,sz.000858,25.92,26.8,25.74,26.38,51841644,1369240362.47
2007-05-24,sz.000858,26.35,26.45,25.4,25.88,49954629,1290870965.79
2007-05-25,sz.000858,25.86,27.25,25.37,26.54,66575154,1770766613.13
2007-05-28,sz.000858,26.58,28.1,26.58,27.55,66123485,1823559099.33
2007-05-29,sz.000858,28.08,29.0,27.9,28.85,71259985,2034839648.04
2007-05-30,sz.000858,27.0,29.88,26.8,27.55,109822321,3100139486.33
2007-05-31,sz.000858,27.6,30.31,26.0,29.95,124181951,3549363356.54
2007-06-01,sz.000858,30.0,32.5,29.5,30.42,96958913,3013864987.08
2007-06-04,sz.000858,30.42,30.48,27.38,27.38,63928417,1821959650.87
2007-06-05,sz.000858,26.39,28.85,24.65,28.8,85595410,2286232019.11
2007-06-06,sz.000858,28.94,29.4,28.0,28.88,50875922,1469788120.11
2007-06-07,sz.000858,29.0,30.2,28.9,29.87,50904914,1513027542.5
2007-06-08,sz.000858,30.0,31.67,29.58,31.2,61461757,1890233041.87
2007-06-11,sz.000858,31.9,33.35,31.7,32.8,63467263,2074578955.3
2007-06-12,sz.000858,33.0,33.42,31.55,33.28,63988524,2095911354.62
2007-06-13,sz.000858,33.49,34.68,33.0,33.35,54032034,1812494512.83
2007-06-14,sz.000858,33.0,34.2,32.01,32.83,40295185,1333568190.07
2007-06-18,sz.000858,33.15,34.18,32.85,33.34,41809759,1391567635.38
2007-06-19,sz.000858,33.34,33.77,32.54,33.06,40564774,1334384666.66
2007-06-20,sz.000858,33.06,33.16,31.98,32.18,38024286,1240954429.6
2007-06-21,sz.000858,32.05,32.5,31.47,32.23,31966922,1023616024.38
2007-06-22,sz.000858,32.28,32.3,30.0,30.89,38303576,1198316296.02
2007-06-25,sz.000858,30.5,32.0,30.08,30.7,35380261,1100263068.11
2007-06-26,sz.000858,30.2,31.2,30.01,31.09,23344170,715658679.69
2007-06-27,sz.000858,31.33,32.97,31.16,32.89,48824825,1575509083.46
2007-06-28,sz.000858,32.65,33.12,31.0,31.12,32763603,1049378199.66
2007-06-29,sz.000858,31.12,32.4,30.0,31.46,31002459,969178437.64
2007-07-02,sz.000858,31.4,32.4,30.88,31.98,27696465,876779791.17
2007-07-03,sz.000858,32.1,32.38,31.35,32.1,20560705,656368982.11
2007-07-04,sz.000858,32.26,32.88,31.65,31.89,31422549,1014511882.76
2007-07-05,sz.000858,31.0,31.5,28.75,28.75,38964262,1169527935.97
2007-07-06,sz.000858,28.63,29.75,27.9,29.65,40040691,1156766200.95
2007-07-09,sz.000858,30.0,30.68,29.38,30.2,30370878,913689037.22
2007-07-10,sz.000858,30.2,31.0,29.46,29.65,26946791,813553466.37
2007-07-11,sz.000858,29.09,29.5,28.88,29.23,17581281,512425394.66
2007-07-12,sz.000858,29.25,29.6,28.96,29.2,14809793,431351235.68
2007-07-13,sz.000858,29.2,29.39,28.78,29.12,10653980,309129162.86
2007-07-16,sz.000858,29.12,29.3,28.0,28.12,19457261,553151191.21
2007-07-17,sz.000858,28.1,28.59,27.41,28.34,23076620,646645146.49
2007-07-18,sz.000858,28.22,28.9,27.99,28.45,17670054,502360279.84
2007-07-19,sz.000858,28.45,28.86,28.12,28.75,9687051,277115511.7
2007-07-20,sz.000858,28.7,30.0,28.65,29.95,32327097,957648707.58
2007-07-23,sz.000858,30.05,31.43,30.05,31.2,37764720,1165208009.21
2007-07-24,sz.000858,31.3,31.49,30.71,30.79,31747858,985228504.9
2007-07-25,sz.000858,30.65,31.0,30.21,30.98,36026922,1105207223.26
2007-07-26,sz.000858,31.2,32.15,31.14,31.35,27396529,865171692.72
2007-07-27,sz.000858,31.0,31.0,30.5,30.81,33411076,1026763261.29
2007-07-30,sz.000858,30.81,32.0,30.77,31.98,58680711,1835786907.52
2007-07-31,sz.000858,31.98,33.33,31.52,33.08,63641132,2069145169.89
2007-08-01,sz.000858,33.42,33.85,31.13,31.5,57556137,1867986445.62
2007-08-02,sz.000858,31.55,32.32,31.1,31.89,33030925,1051755071.12
2007-08-03,sz.000858,32.28,32.9,31.6,32.38,46350764,1494025610.76
2007-08-06,sz.000858,32.7,33.4,32.35,33.05,44890510,1479343149.39
2007-08-07,sz.000858,33.11,33.25,32.1,32.29,43378009,1407490707.23
2007-08-08,sz.000858,32.51,34.36,32.5,34.0,79839114,2692142168.73
2007-08-09,sz.000858,34.02,34.4,33.5,33.9,39225492,1325782794.78
2007-08-10,sz.000858,33.85,33.85,32.0,32.49,41639344,1361550084.32
2007-08-13,sz.000858,32.51,33.2,31.9,32.42,30941152,1005457227.74
2007-08-14,sz.000858,32.4,32.89,32.01,32.6,21720718,705918308.3
2007-08-15,sz.000858,32.61,32.75,31.48,31.86,35686398,1140168076.71
2007-08-16,sz.000858,31.6,31.83,31.11,31.6,24930421,781613038.78
2007-08-17,sz.000858,31.58,32.55,31.25,31.65,21154572,673853260.88
2007-08-20,sz.000858,32.2,32.99,31.91,32.72,29157241,949063406.41
2007-08-21,sz.000858,32.8,33.2,32.46,32.78,29505535,968944620.95
2007-08-22,sz.000858,32.9,36.0,32.9,35.98,93672766,3302180963.76
2007-08-23,sz.000858,36.01,37.72,35.5,35.7,71692546,2619313404.51
2007-08-24,sz.000858,35.7,36.36,35.2,35.46,36825034,1313389979.89
2007-08-27,sz.000858,35.59,36.3,34.65,34.99,38213636,1351492362.59
2007-08-28,sz.000858,34.88,36.5,33.73,35.98,50697725,1784313704.19
2007-08-29,sz.000858,35.22,35.98,34.2,34.48,31004977,1083263259.31
2007-08-30,sz.000858,35.0,35.38,34.41,34.88,21892711,763330222.39
2007-08-31,sz.000858,35.05,35.99,35.05,35.65,28353871,1008630713.7
2007-09-03,sz.000858,36.88,37.35,36.0,36.14,44944273,1639736245.44
2007-09-04,sz.000858,36.14,36.21,35.1,35.26,33163925,1179933087.25
2007-09-05,sz.000858,35.2,36.28,34.87,36.0,33028630,1177064500.16
2007-09-06,sz.000858,36.13,37.19,36.07,36.11,37701896,1377739700.93
2007-09-10,sz.000858,35.0,35.96,34.6,35.64,27593791,971715916.84
2007-09-11,sz.000858,35.82,37.2,34.32,34.41,47107452,1700395363.31
2007-09-12,sz.000858,34.39,35.65,34.27,35.4,38399947,1342050683.21
2007-09-13,sz.000858,35.41,36.8,35.2,36.15,41640375,1506262409.53
2007-09-14,sz.000858,36.16,39.77,35.58,39.3,90932518,3457942249.85
2007-09-17,sz.000858,39.19,41.22,38.81,40.34,70060005,2811276937.65
2007-09-18,sz.000858,40.5,41.36,39.39,40.0,34993024,1408967958.65
2007-09-19,sz.000858,40.0,40.0,39.0,39.1,23827528,938189395.83
2007-09-20,sz.000858,38.88,40.0,38.88,39.1,23935513,940391850.9
2007-09-21,sz.000858,39.1,41.5,38.8,40.9,42621799,1716071098.54
2007-09-24,sz.000858,41.4,42.9,40.46,41.31,34863096,1465562135.88
2007-09-25,sz.000858,41.05,41.21,39.55,39.88,21395883,862439925.58
2007-09-26,sz.000858,39.88,42.0,39.88,40.71,27159092,1116220671.76
2007-09-27,sz.000858,41.1,41.55,40.18,40.9,17322616,710992383.68
2007-09-28,sz.000858,41.9,43.1,41.15,42.45,35419571,1504888675.61
2007-10-08,sz.000858,43.29,43.57,41.5,42.85,28711108,1214410197.94
2007-10-09,sz.000858,42.8,46.5,41.91,45.45,35197437,1577291006.56
2007-10-10,sz.000858,45.45,46.85,45.01,45.32,28392454,1308411310.44
2007-10-11,sz.000858,45.5,47.99,45.5,47.63,30871563,1455688806.33
2007-10-12,sz.000858,48.2,49.8,45.5,48.78,43610180,2090361851.47
2007-10-15,sz.000858,49.2,51.04,48.32,51.04,32875966,1647502102.81
2007-10-16,sz.000858,51.06,51.49,49.5,50.12,25483705,1276351617.71
2007-10-17,sz.000858,49.8,50.48,48.0,48.21,34148431,1672427214.9
2007-10-18,sz.000858,46.95,46.95,44.8,44.82,54762717,2494738688.13
2007-10-19,sz.000858,44.83,45.98,44.0,45.0,26824221,1207856545.2
2007-10-22,sz.000858,44.2,44.25,42.18,42.26,26457115,1145130548.25
2007-10-23,sz.000858,42.1,44.45,42.0,43.96,26311366,1143016075.71
2007-10-24,sz.000858,44.6,45.32,43.81,44.0,27024768,1200967369.97
2007-10-25,sz.000858,43.95,44.5,42.3,42.66,25938969,1120000510.15
2007-10-26,sz.000858,42.0,43.3,41.8,42.75,19740404,839541741.75
2007-10-29,sz.000858,43.0,44.68,43.0,44.08,13730631,603894341.47
2007-10-30,sz.000858,44.35,44.9,43.55,44.9,12980804,572159541.86
2007-10-31,sz.000858,45.1,45.98,44.5,45.0,19468853,881245532.35
2007-11-01,sz.000858,45.0,45.0,43.55,44.5,17332596,764373193.39
2007-11-02,sz.000858,44.5,45.0,43.6,43.9,24337986,1076352315.98
2007-11-05,sz.000858,43.7,43.7,42.0,42.2,20039418,854007176.3
2007-11-06,sz.000858,42.25,42.85,40.0,40.2,22312495,914143239.67
2007-11-07,sz.000858,40.2,41.17,39.65,40.75,12601104,507347293.28
2007-11-08,sz.000858,40.79,40.79,37.2,37.28,21150807,818528860.66
2007-11-09,sz.000858,37.0,37.0,35.01,36.36,20625342,746467388.64
2007-11-12,sz.000858,35.68,38.0,34.88,37.2,23131197,832456791.69
2007-11-13,sz.000858,37.65,38.55,36.93,37.37,23917920,905873156.99
2007-11-14,sz.000858,38.0,38.5,37.2,38.45,15572474,591530901.6
2007-11-15,sz.000858,38.4,38.95,37.5,37.64,12397759,472177064.39
2007-11-16,sz.000858,37.1,37.5,36.58,37.23,7555852,279046765.43
2007-11-19,sz.000858,37.5,38.4,37.5,37.82,6454684,244864918.15
2007-11-20,sz.000858,37.71,38.95,37.45,38.42,11238579,432175386.03
2007-11-21,sz.000858,38.66,39.05,37.77,37.81,8068033,308997580.99
2007-11-22,sz.000858,37.0,37.3,35.7,35.8,9569644,350073262.35
2007-11-23,sz.000858,35.5,36.28,35.02,36.2,6983544,249750778.17
2007-11-26,sz.000858,37.0,37.25,35.51,35.66,8738140,317355784.36
2007-11-27,sz.000858,35.51,35.6,34.25,34.5,13834040,481399564.31
2007-11-28,sz.000858,34.65,35.09,34.0,34.45,8266845,284762445.32
2007-11-29,sz.000858,34.85,36.0,34.3,35.88,14961494,527727210.69
2007-11-30,sz.000858,35.9,35.93,35.0,35.07,7946389,281171057.47
2007-12-03,sz.000858,35.07,36.0,34.58,35.54,6666419,236457137.32
2007-12-04,sz.000858,35.88,36.71,35.88,36.09,11022856,400697012.97
2007-12-05,sz.000858,36.11,36.9,35.88,36.75,13104233,477851088.18
2007-12-06,sz.000858,36.98,37.48,36.8,37.33,11052168,411103479.81
2007-12-07,sz.000858,37.4,38.97,37.4,38.8,17620461,676990951.18
2007-12-10,sz.000858,38.42,40.23,38.1,39.88,21772979,861738254.62
2007-12-11,sz.000858,39.96,41.31,39.6,40.45,24982962,1010310568.69
2007-12-12,sz.000858,40.35,41.1,39.99,40.74,20296202,823592319.64
2007-12-13,sz.000858,40.69,40.69,38.19,38.25,23403555,921415240.84
2007-12-14,sz.000858,37.71,42.08,37.5,42.06,42942206,1741808164.61
2007-12-17,sz.000858,42.39,44.0,41.82,42.55,47324085,2048009010.23
2007-12-18,sz.000858,42.0,43.08,41.0,41.9,16416212,686022783.12
2007-12-19,sz.000858,42.2,43.4,42.02,42.28,13524615,575824072.16
2007-12-20,sz.000858,42.6,43.48,42.31,42.81,12072320,518715716.76
2007-12-21,sz.000858,42.82,44.0,42.82,43.34,14826963,644021512.02
2007-12-24,sz.000858,43.96,45.98,43.95,44.99,30302346,1369072968.84
2007-12-25,sz.000858,45.3,45.5,44.5,45.22,16572999,745759095.79
2007-12-26,sz.000858,45.15,45.8,44.99,45.73,15782519,717191221.62
2007-12-27,sz.000858,46.0,46.99,45.51,45.79,18873240,870175315.09
2007-12-28,sz.000858,45.94,46.2,44.78,45.48,24235347,1098985698.21
2008-01-02,sz.000858,45.6,45.99,44.3,45.45,18481033,839597243.5
2008-01-03,sz.000858,45.48,46.84,45.48,45.86,20390286,941232819.8
2008-01-04,sz.000858,45.86,46.26,44.82,45.11,31151712,1404654863.17
2008-01-07,sz.000858,45.45,45.99,43.88,44.19,48224310,2141902754.14
2008-01-08,sz.000858,44.6,45.79,44.0,44.9,38333989,1713545791.42
2008-01-09,sz.000858,44.89,45.18,44.17,44.86,21139935,941738983.07
2008-01-10,sz.000858,45.02,46.8,44.6,45.94,40229806,1849535568.69
2008-01-11,sz.000858,46.1,46.68,45.0,45.65,21461004,980200394.95
2008-01-14,sz.000858,47.0,47.5,45.92,46.81,31786158,1484761581.88
2008-01-15,sz.000858,46.98,47.48,46.0,46.37,26427755,1236493706.53
2008-01-16,sz.000858,46.0,46.01,44.95,45.1,26104690,1183012818.39
2008-01-17,sz.000858,44.7,45.38,42.01,43.17,31999120,1391123135.03
2008-01-18,sz.000858,43.16,43.9,42.5,43.7,17693284,765784144.65
2008-01-21,sz.000858,43.8,43.97,40.0,40.85,20977628,880038709.82
2008-01-22,sz.000858,39.9,41.98,38.0,39.45,42555972,1695131403.91
2008-01-23,sz.000858,40.23,42.5,39.85,42.49,33639852,1388586415.18
2008-01-24,sz.000858,42.56,43.65,42.5,42.82,27453502,1183982574.5
2008-01-25,sz.000858,42.7,43.2,41.9,42.08,18515746,784077790.2
2008-01-28,sz.000858,41.8,41.8,38.9,38.91,19295901,767466778.02
2008-01-29,sz.000858,39.0,40.5,38.9,39.3,10650992,419458865.4
2008-01-30,sz.000858,40.0,40.5,38.5,39.02,10572564,416904092.05
2008-01-31,sz.000858,38.8,39.38,37.7,37.75,14656765,561455883.99
2008-02-01,sz.000858,37.75,38.19,34.96,36.06,18079673,653058871.5
2008-02-04,sz.000858,37.1,39.67,37.1,39.65,17916549,690558941.05
2008-02-05,sz.000858,39.88,39.98,38.86,39.27,11429824,450515028.34
2008-02-13,sz.000858,39.0,39.0,38.02,38.08,7684821,294209882.61
2008-02-14,sz.000858,38.38,38.98,37.88,38.5,10256257,392161566.03
2008-02-15,sz.000858,38.0,38.18,36.96,37.33,8286982,309435107.04
2008-02-18,sz.000858,37.8,38.39,37.42,38.06,12129132,459041535.09
2008-02-19,sz.000858,38.2,39.1,37.7,39.0,13293087,512382740.82
2008-02-20,sz.000858,39.0,40.3,39.0,39.3,19753766,783646494.38
2008-02-21,sz.000858,39.02,39.3,38.1,38.65,8569262,331527327.72
2008-02-22,sz.000858,38.49,38.49,36.66,36.94,18844506,702584845.45
2008-02-25,sz.000858,37.0,37.5,34.99,35.1,16512603,589484275.52
2008-02-26,sz.000858,36.02,36.49,33.5,34.4,23892552,826500176.1
2008-02-27,sz.000858,34.59,36.5,33.81,36.45,25780882,901608917.98
2008-02-28,sz.000858,35.6,35.6,33.0,34.91,26586715,929578381.5
2008-02-29,sz.000858,34.75,36.8,34.0,36.2,30493480,1096347253.04
2008-03-03,sz.000858,36.26,38.85,35.6,38.28,34140384,1304411263.19
2008-03-04,sz.000858,38.7,39.11,37.52,37.57,21151354,808122054.0
2008-03-05,sz.000858,37.13,37.95,36.0,37.15,15122961,556033960.96
2008-03-06,sz.000858,37.28,37.57,36.0,36.8,10745376,395304527.35
2008-03-07,sz.000858,36.71,36.71,36.0,36.1,8580114,310388669.5
2008-03-10,sz.000858,36.0,36.0,34.42,35.0,14061900,492018573.78
2008-03-11,sz.000858,34.8,36.0,34.0,35.99,14194086,495614564.47
2008-03-12,sz.000858,36.56,36.76,34.8,34.85,9474082,335862333.59
2008-03-13,sz.000858,34.7,34.71,32.6,33.47,15733253,530627166.1
2008-03-14,sz.000858,33.46,33.7,32.6,33.0,8299753,273640941.31
2008-03-17,sz.000858,32.98,32.98,29.71,29.8,13437196,417928866.42
2008-03-18,sz.000858,29.5,29.7,26.82,26.82,22073798,610513426.84
2008-03-19,sz.000858,27.3,28.14,26.3,27.65,29150055,799094955.85
2008-03-20,sz.000858,27.0,28.45,25.05,28.01,27207546,729142271.71
2008-03-21,sz.000858,28.02,29.38,27.3,28.27,20045863,573368330.81
2008-03-24,sz.000858,28.52,29.1,26.85,26.9,16454045,462648243.82
2008-03-25,sz.000858,26.3,27.08,25.5,26.69,14792593,389032803.61
2008-03-26,sz.000858,26.8,27.38,25.8,25.92,19292247,508694242.68
2008-03-27,sz.000858,25.91,25.91,24.38,24.39,22505607,563849029.61
2008-03-31,sz.000858,24.39,25.32,23.69,24.2,32051611,789901221.23
2008-04-01,sz.000858,23.99,24.39,21.78,21.78,41641430,940328820.3
2008-04-02,sz.000858,21.8,22.55,20.08,21.4,45508321,971149170.9
2008-04-03,sz.000858,21.3,22.84,20.82,22.7,29334335,647711236.76
2008-04-07,sz.000858,22.44,24.97,22.01,24.97,49984585,1208822832.94
2008-04-08,sz.000858,25.3,26.34,25.0,25.6,50583334,1295672038.06
2008-04-09,sz.000858,25.0,25.9,23.91,24.07,29921016,747860119.0
2008-04-10,sz.000858,23.75,24.85,23.43,24.8,22369792,541381242.47
2008-04-11,sz.000858,24.96,25.29,24.44,24.68,17071469,424446859.11
2008-04-14,sz.000858,24.17,24.17,22.6,22.8,21944006,510279537.94
2008-04-15,sz.000858,22.6,23.8,21.89,23.7,18849271,427485283.06
2008-04-16,sz.000858,23.7,25.0,23.2,24.45,35120174,856255094.58
2008-04-17,sz.000858,24.18,25.35,23.86,24.23,33975449,842560956.57
2008-04-18,sz.000858,24.18,24.81,23.17,23.45,24384709,583108494.79
2008-04-21,sz.000858,25.48,25.48,23.64,24.06,26240567,646134577.07
2008-04-22,sz.000858,23.71,24.78,22.7,24.55,19564768,461204599.26
2008-04-23,sz.000858,24.7,26.32,23.98,26.11,46675740,1189886870.18
2008-04-24,sz.000858,28.5,28.72,27.5,28.72,89061540,2526571131.84
2008-04-25,sz.000858,28.5,29.3,28.03,28.39,62971958,1812840973.93
2008-04-28,sz.000858,27.81,28.45,26.98,27.65,35080912,969789696.71
2008-04-29,sz.000858,27.38,27.7,26.9,27.02,33704850,917180779.03
2008-04-30,sz.000858,27.19,28.55,27.19,28.45,41823808,1175881398.23
2008-05-05,sz.000858,28.71,28.96,27.99,28.59,37681215,1068648635.93
2008-05-06,sz.000858,28.41,28.41,27.55,27.84,31505103,880079643.64
2008-05-07,sz.000858,27.5,28.5,26.9,26.9,32128971,891743125.73
2008-05-08,sz.000858,26.5,27.25,26.2,27.22,20979745,560353503.87
2008-05-09,sz.000858,27.26,27.51,26.2,26.64,21550309,577824715.88
2008-05-12,sz.000858,26.38,28.42,25.88,27.79,30048545,823117652.1
2008-05-13,sz.000858,26.9,28.29,26.88,27.12,32493039,895044778.29
2008-05-14,sz.000858,27.0,28.2,26.91,28.01,29115338,812845193.84
2008-05-15,sz.000858,28.0,28.75,27.97,28.0,28551213,808745488.69
2008-05-16,sz.000858,27.85,28.36,27.0,27.33,19472970,536154772.9
2008-05-19,sz.000858,27.32,27.32,26.53,26.78,12005820,322342771.8
2008-05-20,sz.000858,26.55,27.08,24.25,24.56,33885143,867107365.63
2008-05-21,sz.000858,24.3,25.09,23.37,24.91,22680493,543877743.6
2008-05-22,sz.000858,24.7,24.74,23.9,23.97,18522024,449293556.47
2008-05-23,sz.000858,23.98,24.38,23.19,23.42,14291545,337271063.11
2008-05-26,sz.000858,23.0,23.27,22.56,22.81,10859789,248349449.03
2008-05-27,sz.000858,22.8,23.1,22.71,22.96,9334670,213928590.87
2008-05-28,sz.000858,23.05,24.0,22.8,23.73,11487175,268999289.45
2008-05-29,sz.000858,23.7,23.7,22.96,22.97,8901852,207521258.21
2008-05-30,sz.000858,23.0,23.3,22.3,22.6,15336479,347065115.33
2008-06-02,sz.000858,22.5,23.15,22.45,22.89,10094665,230097537.62
2008-06-03,sz.000858,22.89,23.45,22.71,23.04,10424219,240744711.99
2008-06-04,sz.000858,23.0,23.13,22.5,22.57,8804075,199737183.02
2008-06-05,sz.000858,22.6,22.88,22.47,22.63,6636228,150716501.82
2008-06-06,sz.000858,22.63,22.8,22.4,22.6,5467721,123559625.86
2008-06-10,sz.000858,21.6,21.6,20.34,20.4,19259812,400976711.96
2008-06-11,sz.000858,20.39,20.5,19.7,20.12,13565144,273331625.83
2008-06-12,sz.000858,19.98,20.3,19.0,19.3,16049108,313045126.35
2008-06-13,sz.000858,19.41,19.68,18.2,18.21,14650309,274734369.28
2008-06-16,sz.000858,18.22,18.48,16.98,17.39,29477680,514126364.44
2008-06-17,sz.000858,17.38,17.49,16.55,16.7,21826341,370003515.96
2008-06-18,sz.000858,16.71,17.95,16.03,17.82,21581714,370907891.04
2008-06-19,sz.000858,17.55,17.68,16.16,16.21,15960343,270409264.49
2008-06-20,sz.000858,16.66,17.61,16.0,17.08,22210115,379162891.21
2008-06-23,sz.000858,17.0,17.8,16.8,17.17,18118705,315272761.19
2008-06-24,sz.000858,17.25,18.1,17.0,17.99,19820729,352004920.08
2008-06-25,sz.000858,18.0,19.31,17.91,19.2,26278284,495760956.39
2008-06-26,sz.000858,19.18,19.38,18.65,19.01,26189632,498164068.29
2008-06-27,sz.000858,18.0,18.47,17.5,17.79,23716772,426558452.1
2008-06-30,sz.000858,17.64,18.66,17.51,18.22,15821318,287813080.78
2008-07-01,sz.000858,18.51,18.55,17.85,18.07,10835177,196685141.81
2008-07-02,sz.000858,18.15,18.85,18.07,18.7,18198828,337713044.31
2008-07-03,sz.000858,18.35,19.8,18.15,19.39,28587838,547228123.6
2008-07-04,sz.000858,19.28,19.55,18.88,19.4,17079607,327045989.64
2008-07-07,sz.000858,19.38,20.45,19.26,20.05,19820070,396925641.69
2008-07-08,sz.000858,20.1,20.48,19.58,20.2,17840201,357789197.62
2008-07-09,sz.000858,20.33,21.01,20.15,20.85,25177313,519469212.95
2008-07-10,sz.000858,20.5,20.79,20.18,20.18,23081637,471256560.4
2008-07-11,sz.000858,20.0,20.18,19.55,20.1,22060067,438377430.54
2008-07-14,sz.000858,19.6,20.33,19.6,20.06,9660827,193580663.82
2008-07-15,sz.000858,20.06,20.3,18.9,19.0,18618865,360848070.36
2008-07-16,sz.000858,18.8,19.1,18.22,18.63,20794882,385656010.17
2008-07-17,sz.000858,19.01,19.62,18.85,19.4,28603018,553977932.32
2008-07-18,sz.000858,19.78,20.8,19.65,20.8,42550229,856705433.58
2008-08-04,sz.000858,21.0,22.66,21.0,21.98,74369809,1639601159.18
2008-08-05,sz.000858,22.0,22.06,20.8,21.5,30448924,657809079.57
2008-08-06,sz.000858,21.55,21.9,20.82,21.8,21964120,471432144.1
2008-08-07,sz.000858,21.51,22.22,21.51,21.85,15889784,348450132.65
2008-08-08,sz.000858,22.09,22.58,20.97,21.04,21844847,475369751.9
2008-08-11,sz.000858,20.7,21.1,19.0,19.15,26121097,515716655.97
2008-08-12,sz.000858,19.0,19.48,18.6,19.02,13351493,255417469.9
2008-08-13,sz.000858,18.9,19.21,18.28,19.0,13258712,247154678.45
2008-08-14,sz.000858,18.85,19.38,18.7,19.05,7794546,148886165.3
2008-08-15,sz.000858,18.9,19.41,18.81,19.1,6799712,130346481.72
2008-08-18,sz.000858,19.18,19.35,18.09,18.3,11413389,211469070.85
2008-08-19,sz.000858,18.17,18.68,18.01,18.6,7379987,136318887.63
2008-08-20,sz.000858,18.5,20.45,18.19,20.39,19003662,374916652.49
2008-08-21,sz.000858,19.96,20.37,19.34,19.42,12955698,256559498.89
2008-08-22,sz.000858,19.3,19.5,18.74,19.01,7466358,142346437.5
2008-08-25,sz.000858,19.16,19.46,18.81,19.02,4916726,94414146.44
2008-08-26,sz.000858,18.8,19.19,17.82,18.2,8920341,164820820.52
2008-08-27,sz.000858,18.2,18.6,17.88,18.08,6106634,111058374.79
2008-08-28,sz.000858,18.19,18.4,18.03,18.16,4206542,76731757.16
2008-08-29,sz.000858,18.21,19.1,18.21,18.83,8497807,159205586.71
2008-09-01,sz.000858,18.79,18.79,17.72,17.8,12460166,224899701.32
2008-09-02,sz.000858,17.6,17.63,16.8,17.21,13850976,236364211.08
2008-09-03,sz.000858,17.09,17.09,16.0,16.17,21073068,343645988.33
2008-09-04,sz.000858,16.22,16.44,16.0,16.36,10294642,167223996.2
2008-09-05,sz.000858,15.8,15.99,15.55,15.61,13211242,207758351.24
2008-09-08,sz.000858,15.68,15.87,15.01,15.06,9978151,152505749.68
2008-09-09,sz.000858,15.28,15.38,14.5,14.65,11630318,172022850.42
2008-09-10,sz.000858,14.7,15.3,14.37,14.93,13277541,197558869.51
2008-09-11,sz.000858,14.98,15.29,14.71,14.79,12129089,181905064.06
2008-09-12,sz.000858,14.8,15.46,14.79,15.28,12345289,188423388.26
2008-09-16,sz.000858,15.25,16.1,15.0,15.87,24818457,389847223.97
2008-09-17,sz.000858,15.87,16.1,15.5,15.83,16003657,253659812.4
2008-09-18,sz.000858,15.5,15.89,14.84,15.43,15405579,235502757.14
2008-09-19,sz.000858,16.97,16.97,16.59,16.97,16316025,276231859.41
2008-09-22,sz.000858,18.28,18.67,17.11,17.8,38086576,683643836.28
2008-09-23,sz.000858,17.0,17.17,16.08,16.21,27197149,450688958.09
2008-09-24,sz.000858,15.36,16.65,15.36,16.65,16168544,260404220.72
2008-09-25,sz.000858,16.68,17.3,16.5,16.75,22163243,375507900.75
2008-09-26,sz.000858,17.01,17.1,16.38,16.7,18028264,302494089.2
2008-10-06,sz.000858,16.01,16.45,15.83,15.96,14045603,225243892.78
2008-10-07,sz.000858,15.39,15.82,14.9,15.63,14138869,217289733.56
2008-10-08,sz.000858,15.25,15.48,15.1,15.22,11381643,173755406.0
2008-10-09,sz.000858,15.6,15.7,14.94,14.99,15682339,237193911.27
2008-10-10,sz.000858,14.6,14.6,13.8,13.8,20659963,292215180.08
2008-10-13,sz.000858,13.8,14.0,12.6,13.75,22962862,305018170.98
2008-10-14,sz.000858,14.4,14.54,13.3,13.35,20092788,281167594.61
2008-10-15,sz.000858,13.26,13.26,12.89,13.1,14069508,183378996.91
2008-10-16,sz.000858,12.5,12.81,12.38,12.4,15089391,188993910.3
2008-10-17,sz.000858,12.6,12.92,12.42,12.8,12686377,160377477.58
2008-10-20,sz.000858,13.05,13.69,12.64,13.55,20855575,276295269.36
2008-10-21,sz.000858,13.75,13.75,13.3,13.31,15719345,212839756.1
2008-10-22,sz.000858,13.15,13.8,13.06,13.7,23185812,312590269.82
2008-10-23,sz.000858,13.37,13.81,13.25,13.63,12976338,176581255.78
2008-10-24,sz.000858,13.71,13.79,12.98,13.16,13602121,181433315.92
2008-10-27,sz.000858,12.61,12.89,11.95,12.02,15092139,188094199.91
2008-10-28,sz.000858,11.98,12.68,11.71,12.58,15291239,187755250.63
2008-10-29,sz.000858,12.85,12.89,12.2,12.22,12626461,158377522.71
2008-10-30,sz.000858,12.42,12.77,12.21,12.49,11885019,148825488.01
2008-10-31,sz.000858,12.48,12.66,12.1,12.22,8501511,105113586.09
2008-11-03,sz.000858,12.17,12.55,12.03,12.26,7402584,91387008.41
2008-11-04,sz.000858,12.28,12.35,11.98,12.15,7390021,89642987.68
2008-11-05,sz.000858,12.3,12.75,12.28,12.58,13035750,163685076.16
2008-11-06,sz.000858,12.29,12.39,12.01,12.2,10012855,122146261.92
2008-11-07,sz.000858,11.95,12.26,11.69,12.15,21886229,261225177.46
2008-11-10,sz.000858,12.38,13.05,12.37,12.99,32342004,411946838.84
2008-11-11,sz.000858,12.99,12.99,12.61,12.62,19281898,246175878.1
2008-11-12,sz.000858,12.5,12.71,12.4,12.63,17359742,218111138.44
2008-11-13,sz.000858,12.5,13.4,12.3,13.15,42400080,546057175.99
2008-11-14,sz.000858,13.28,14.43,13.2,14.23,58477912,811253019.42
2008-11-17,sz.000858,14.1,14.5,13.86,14.42,48144303,686067074.85
2008-11-18,sz.000858,14.3,14.3,13.18,13.2,46772913,642007221.66
2008-11-19,sz.000858,13.18,14.13,13.18,14.08,32570185,448062085.86
2008-11-20,sz.000858,13.75,14.8,13.5,14.52,54493027,778670195.76
2008-11-21,sz.000858,14.03,15.18,13.81,14.74,48399637,702663795.85
2008-11-24,sz.000858,14.7,15.05,14.32,14.41,33118660,487264255.47
2008-11-25,sz.000858,14.55,14.75,13.8,14.19,24555348,350726533.33
2008-11-26,sz.000858,14.28,14.48,13.99,14.23,16458064,234124343.25
2008-11-27,sz.000858,15.08,15.3,14.73,14.78,55265552,829195095.3
2008-11-28,sz.000858,14.58,15.65,14.51,15.48,64371263,985530064.11
2008-12-01,sz.000858,15.32,15.76,15.02,15.56,29589299,457985773.04
2008-12-02,sz.000858,15.18,15.85,15.05,15.33,28949338,445087540.24
2008-12-03,sz.000858,15.42,15.88,15.42,15.87,35980364,564848189.09
2008-12-04,sz.000858,16.03,16.65,15.79,15.8,47530789,773642990.49
2008-12-05,sz.000858,15.8,16.28,15.5,15.93,30139096,477471460.32
2008-12-08,sz.000858,16.03,16.48,16.0,16.25,29512447,478175630.23
2008-12-09,sz.000858,16.45,16.45,15.62,15.77,29681247,473324788.18
2008-12-10,sz.000858,15.68,15.89,15.3,15.8,28881472,451867058.87
2008-12-11,sz.000858,15.77,16.18,15.55,15.71,31616141,503778318.75
2008-12-12,sz.000858,15.58,15.58,14.7,14.87,26250761,395552866.56
2008-12-15,sz.000858,15.01,15.25,14.81,15.22,17557373,264888624.58
2008-12-16,sz.000858,15.08,15.38,14.74,15.3,15189293,228273056.87
2008-12-17,sz.000858,15.4,15.88,15.28,15.44,24950314,389965336.08
2008-12-18,sz.000858,15.45,15.95,15.28,15.92,27457493,431661205.21
2008-12-19,sz.000858,15.9,16.1,15.7,15.9,20381433,324694072.72
2008-12-22,sz.000858,15.91,16.03,15.36,15.54,19773926,308157276.79
2008-12-23,sz.000858,15.6,15.69,14.81,14.85,29107305,437996706.82
2008-12-24,sz.000858,14.8,15.15,14.43,14.82,19466093,287538518.74
2008-12-25,sz.000858,14.8,14.95,14.2,14.38,15480453,225135121.08
2008-12-26,sz.000858,14.37,14.5,14.23,14.26,8879646,127333300.66
2008-12-29,sz.000858,14.24,14.25,13.81,14.08,10563477,148038381.98
2008-12-30,sz.000858,14.1,14.28,13.7,13.75,16763586,234024122.7
2008-12-31,sz.000858,13.76,13.87,13.3,13.34,19958824,269023162.05
2009-01-05,sz.000858,13.52,13.75,13.4,13.75,25157383,341695999.23
2009-01-06,sz.000858,13.76,14.35,13.7,14.3,27156089,381352123.34
2009-01-07,sz.000858,14.31,14.4,14.08,14.13,19246563,273654391.28
2009-01-08,sz.000858,13.9,13.97,13.6,13.95,15553512,214782682.96
2009-01-09,sz.000858,14.0,14.39,13.93,14.27,20225841,286252907.09
2009-01-12,sz.000858,14.15,14.38,14.11,14.24,14624355,208425877.5
2009-01-13,sz.000858,14.01,14.09,13.72,13.73,13545514,187958045.49
2009-01-14,sz.000858,13.7,14.29,13.68,14.22,23983116,335144537.54
2009-01-15,sz.000858,14.0,14.19,13.79,13.96,30973791,432218788.72
2009-01-16,sz.000858,14.08,14.88,14.0,14.69,67318362,976336845.81
2009-01-19,sz.000858,14.78,14.97,14.38,14.57,40412944,594641673.87
2009-01-20,sz.000858,14.5,14.56,14.1,14.44,33520472,479709277.38
2009-01-21,sz.000858,14.22,14.38,14.0,14.15,29369136,416966982.81
2009-01-22,sz.000858,14.25,14.58,14.2,14.39,35640006,512279488.46
2009-01-23,sz.000858,14.37,14.43,14.1,14.13,27395032,389825799.64
2009-02-02,sz.000858,14.27,14.35,13.88,14.24,32113375,452884597.56
2009-02-03,sz.000858,14.25,15.25,14.18,15.1,83767528,1239208839.59
2009-02-04,sz.000858,15.08,15.25,14.88,15.17,55753480,840970449.87
2009-02-05,sz.000858,15.13,15.5,14.88,14.99,53070917,808194726.47
2009-02-06,sz.000858,14.99,15.85,14.99,15.75,63154537,982857331.81
2009-02-09,sz.000858,15.89,16.8,15.78,16.45,81340149,1326474870.08
2009-02-10,sz.000858,16.28,16.6,15.91,16.52,53019424,859718122.53
2009-02-11,sz.000858,16.1,18.17,15.88,17.9,132626792,2316976182.75
2009-02-12,sz.000858,17.8,18.04,17.12,17.78,67560517,1189296193.98
2009-02-13,sz.000858,17.76,18.24,17.5,18.17,63770205,1147038641.11
2009-02-16,sz.000858,18.29,18.52,17.68,18.15,71564921,1294585953.82
2009-02-17,sz.000858,18.16,18.3,17.2,17.35,64742850,1147901584.11
2009-02-18,sz.000858,16.9,17.2,16.0,16.11,75696116,1255437394.51
2009-02-19,sz.000858,16.28,16.59,15.98,16.27,58443561,949885956.82
2009-02-20,sz.000858,16.35,16.76,16.0,16.62,54702170,895488499.15
2009-02-23,sz.000858,16.48,17.12,16.03,16.92,62167370,1037524434.48
2009-02-24,sz.000858,16.72,17.05,16.0,16.07,63197546,1039151401.98
2009-02-25,sz.000858,16.26,16.37,15.12,15.6,75042036,1174681159.62
2009-02-26,sz.000858,15.67,15.9,14.8,15.05,50073728,775947999.7
2009-02-27,sz.000858,14.96,15.23,14.8,14.99,37509665,561788164.73
2009-03-02,sz.000858,14.81,15.2,14.73,15.08,26902630,402864331.5
2009-03-03,sz.000858,14.75,14.83,14.42,14.69,39028209,570436621.21
2009-03-04,sz.000858,14.7,15.67,14.7,15.49,53395776,811995438.64
2009-03-05,sz.000858,15.6,15.69,15.14,15.31,51727503,798071585.84
2009-03-06,sz.000858,15.0,15.85,14.89,15.46,46900946,720122027.92
2009-03-09,sz.000858,15.49,15.64,14.73,14.75,36372008,551425052.98
2009-03-10,sz.000858,14.7,15.08,14.56,15.01,20705361,306578106.91
2009-03-11,sz.000858,15.29,15.36,14.76,14.82,29498345,442633414.82
2009-03-12,sz.000858,14.7,14.79,14.08,14.38,51617041,739596437.54
2009-03-13,sz.000858,14.43,14.55,14.24,14.31,26653161,383157860.3
2009-03-16,sz.000858,14.35,14.53,14.25,14.49,17992726,259064261.62
2009-03-17,sz.000858,14.54,15.2,14.5,15.03,39439238,587406890.48
2009-03-18,sz.000858,15.1,15.3,14.96,15.03,40992749,620135444.95
2009-03-19,sz.000858,15.02,15.55,15.02,15.47,47378405,728665497.88
2009-03-20,sz.000858,15.52,15.62,15.12,15.29,36504729,559545358.72
2009-03-23,sz.000858,15.3,15.68,15.29,15.5,47543963,737635671.84
2009-03-24,sz.000858,15.77,16.19,15.65,15.93,70149813,1118879621.47
2009-03-25,sz.000858,15.96,15.96,15.34,15.35,51950854,807978847.03
2009-03-26,sz.000858,15.28,15.58,15.05,15.53,38846581,594917391.36
2009-03-27,sz.000858,15.6,15.83,15.42,15.69,44721528,699802022.38
2009-03-30,sz.000858,15.71,15.88,15.57,15.61,34890918,548574165.1
2009-03-31,sz.000858,15.36,16.11,15.21,15.92,45436110,711673932.13
2009-04-01,sz.000858,16.0,16.1,15.82,15.96,53963522,860832950.82
2009-04-02,sz.000858,16.05,16.39,15.9,16.09,72506650,1172221585.74
2009-04-07,sz.000858,16.02,16.3,15.8,15.94,49826869,797856266.45
2009-04-08,sz.000858,15.91,15.92,15.26,15.26,49031357,761137098.58
2009-04-09,sz.000858,15.2,15.37,15.1,15.34,28685061,436349409.23
2009-04-10,sz.000858,15.41,15.85,15.31,15.71,44198730,689260094.96
2009-04-13,sz.000858,15.72,16.19,15.71,16.03,58998468,942870430.7
2009-04-14,sz.000858,16.03,16.26,15.8,16.23,64667146,1035785835.09
2009-04-15,sz.000858,16.15,16.17,15.8,16.03,48513954,776167031.21
2009-04-16,sz.000858,16.03,16.56,16.03,16.28,74683075,1220172436.12
2009-04-17,sz.000858,16.29,16.7,16.1,16.39,79087705,1303946612.75
2009-04-20,sz.000858,16.39,17.18,16.31,17.06,80485795,1354903391.85
2009-04-21,sz.000858,16.83,16.98,16.5,16.72,59663825,998630435.24
2009-04-22,sz.000858,17.07,17.6,16.1,16.31,102892797,1753519492.6
2009-04-23,sz.000858,16.32,17.1,16.25,16.91,65514653,1091010813.25
2009-04-24,sz.000858,17.05,17.68,17.05,17.25,105450115,1837684665.28
2009-04-27,sz.000858,17.2,17.23,16.5,16.55,50807731,849220713.1
2009-04-28,sz.000858,16.45,16.67,15.91,16.29,49182971,799819924.99
2009-04-29,sz.000858,16.29,16.73,16.11,16.63,37193095,612456004.01
2009-04-30,sz.000858,16.67,16.85,16.45,16.57,36930518,614571570.34
2009-05-04,sz.000858,16.57,17.3,16.57,17.15,51840250,884739797.08
2009-05-05,sz.000858,17.26,17.5,16.9,17.26,57416333,986187445.13
2009-05-06,sz.000858,17.33,17.65,17.24,17.49,54195462,946191889.02
2009-05-07,sz.000858,17.54,17.85,17.06,17.35,62136168,1084030181.86
2009-05-08,sz.000858,17.2,17.35,16.81,17.2,50994375,871151337.4
2009-05-11,sz.000858,17.22,17.66,16.8,16.81,61048366,1058206297.0
2009-05-12,sz.000858,16.6,17.0,16.55,16.95,40981071,688424460.31
2009-05-13,sz.000858,17.05,17.1,16.79,17.0,34542694,585708484.26
2009-05-14,sz.000858,16.85,17.15,16.8,17.04,30119998,511160265.95
2009-05-15,sz.000858,17.09,17.45,17.07,17.22,35904371,619367056.13
2009-05-18,sz.000858,17.22,17.76,16.81,17.56,60847637,1057219768.6
2009-05-19,sz.000858,17.65,17.74,17.32,17.42,37800909,659043455.91
2009-05-20,sz.000858,17.45,17.46,17.1,17.1,31461219,541699012.33
2009-05-21,sz.000858,17.0,17.1,16.58,16.7,39279437,658679962.31
2009-05-22,sz.000858,16.6,16.84,16.55,16.69,19304333,322229709.05
2009-05-25,sz.000858,16.4,16.66,16.22,16.58,22536013,370346106.75
2009-05-26,sz.000858,16.6,16.78,16.46,16.54,22012893,365919836.91
2009-05-27,sz.000858,16.6,16.74,16.54,16.64,17800956,296145971.96
2009-06-01,sz.000858,16.76,17.04,16.7,16.99,33416946,564729266.89
2009-06-02,sz.000858,17.01,17.25,16.9,16.97,32494779,554840443.59
2009-06-03,sz.000858,16.9,17.38,16.9,17.3,45186697,774676732.66
2009-06-04,sz.000858,17.29,17.29,16.9,17.14,41907736,715116591.21
2009-06-05,sz.000858,17.15,18.48,17.1,17.86,126526267,2251441777.9
2009-06-08,sz.000858,17.9,17.93,17.48,17.59,56053133,990451695.22
2009-06-09,sz.000858,17.61,18.44,17.61,18.23,99238730,1799839221.6
2009-06-10,sz.000858,18.28,18.85,18.2,18.32,83837132,1554613385.86
2009-06-11,sz.000858,18.34,18.81,18.17,18.21,55813406,1032540880.88
2009-06-12,sz.000858,18.21,18.49,17.55,17.73,49108330,882062951.58
2009-06-15,sz.000858,17.7,18.86,17.62,18.63,72916350,1339380712.7
2009-06-16,sz.000858,18.47,19.74,18.4,19.39,116211236,2239035700.99
2009-06-17,sz.000858,19.38,19.95,19.2,19.4,68042384,1330284557.07
2009-06-18,sz.000858,19.65,20.35,19.2,19.8,89219997,1771188150.13
2009-06-19,sz.000858,19.59,20.0,19.41,19.96,80096286,1573622010.31
2009-06-22,sz.000858,20.03,20.28,19.3,19.31,68664355,1350781315.95
2009-06-23,sz.000858,19.01,19.25,18.7,18.93,55758456,1057594561.78
2009-06-24,sz.000858,18.94,19.18,18.76,19.1,39251617,745114768.82
2009-06-25,sz.000858,19.1,19.37,18.95,19.2,40671064,780155521.25
2009-06-26,sz.000858,19.39,19.39,18.9,18.91,29696546,565196017.61
2009-06-29,sz.000858,18.91,19.95,18.9,19.84,56770042,1118259295.09
2009-06-30,sz.000858,20.0,20.18,19.6,19.73,38166841,757130233.86
2009-07-01,sz.000858,19.75,20.01,19.6,19.84,40845986,810221632.22
2009-07-02,sz.000858,19.9,20.33,19.77,20.0,47090609,944715436.44
2009-07-03,sz.000858,19.89,20.15,19.6,19.86,40947023,812247104.49
2009-07-06,sz.000858,20.01,20.78,19.88,20.7,65767884,1332232564.4
2009-07-07,sz.000858,20.59,21.74,20.47,21.14,78101545,1661042494.71
2009-07-08,sz.000858,20.9,21.23,20.6,20.63,28559456,597484054.29
2009-07-13,sz.000858,22.69,22.69,22.69,22.69,4206610,95447980.9
2009-07-14,sz.000858,24.96,24.96,23.28,23.63,128360887,3080882488.07
2009-07-15,sz.000858,23.91,24.17,23.04,23.57,68474847,1610718470.65
2009-07-16,sz.000858,23.7,24.57,23.28,24.14,66821335,1594069015.36
2009-07-17,sz.000858,23.98,24.4,23.68,23.9,43387725,1042182015.17
2009-07-20,sz.000858,23.91,24.22,23.62,23.95,47529180,1137390971.69
2009-07-21,sz.000858,24.01,24.98,23.81,23.99,65722195,1605322261.9
2009-07-22,sz.000858,24.01,24.18,23.74,24.07,44669854,1069985977.29
2009-07-23,sz.000858,24.08,24.33,23.78,23.94,40507363,970962696.53
2009-07-24,sz.000858,24.05,24.28,23.3,23.76,50351528,1201525740.47
2009-07-27,sz.000858,23.48,24.2,23.1,24.0,74447610,1761791379.75
2009-07-28,sz.000858,24.02,24.8,23.8,24.22,60035548,1460776345.14
2009-07-29,sz.000858,24.3,24.37,21.94,22.67,67634723,1582709146.33
2009-07-30,sz.000858,23.05,23.45,22.1,22.98,49921563,1140558415.84
2009-07-31,sz.000858,23.05,23.58,22.98,23.52,41648092,971571909.24
2009-08-03,sz.000858,24.2,25.25,24.2,24.64,94985245,2352694348.45
2009-08-04,sz.000858,24.68,24.68,23.81,24.15,57111773,1377167093.38
2009-08-05,sz.000858,24.26,25.5,24.26,25.42,105515106,2636314549.52
2009-08-06,sz.000858,25.35,25.35,24.61,24.78,65143638,1628263036.5
2009-08-07,sz.000858,24.69,25.06,23.55,23.65,53859704,1301189943.81
2009-08-10,sz.000858,23.98,24.13,22.8,23.25,39517370,923341277.88
2009-08-11,sz.000858,23.31,24.13,23.06,23.66,29158976,689330333.43
2009-08-12,sz.000858,23.64,23.97,22.74,22.87,33957392,791752048.24
2009-08-13,sz.000858,22.87,23.15,22.36,22.67,28098160,636382276.28
2009-08-14,sz.000858,22.71,22.85,21.35,21.5,41208382,901306649.73
2009-08-17,sz.000858,21.34,21.34,20.4,20.4,44520452,923780379.14
2009-08-18,sz.000858,20.2,21.2,20.2,21.12,37899469,791458871.28
2009-08-19,sz.000858,21.21,21.96,20.7,20.94,48268936,1027750409.95
2009-08-20,sz.000858,20.99,21.81,20.99,21.69,36518996,785968212.38
2009-08-21,sz.000858,21.8,22.13,21.65,21.96,29312983,643021213.11
2009-08-24,sz.000858,22.0,22.34,21.55,22.19,31174486,684509977.17
2009-08-25,sz.000858,22.2,22.24,20.9,21.58,29732153,642766340.72
2009-08-26,sz.000858,21.39,22.42,21.3,22.23,28489776,629718465.45
2009-08-27,sz.000858,22.1,22.66,21.9,22.42,32151252,720941707.21
2009-08-28,sz.000858,22.39,23.09,22.22,22.56,52088032,1187887250.45
2009-08-31,sz.000858,22.3,22.97,21.55,21.57,56322212,1252734115.17
2009-09-01,sz.000858,21.5,22.48,21.34,21.8,33491575,738381201.07
2009-09-02,sz.000858,21.5,22.29,21.46,22.12,22947876,503919120.48
2009-09-03,sz.000858,22.12,22.88,22.0,22.82,37105874,836567712.79
2009-09-04,sz.000858,22.81,23.7,22.69,23.38,38036578,882886838.02
2009-09-07,sz.000858,23.52,24.97,23.52,24.2,63695425,1547882527.19
2009-09-08,sz.000858,24.01,24.96,23.82,24.1,41742527,1016398204.9
2009-09-09,sz.000858,24.1,24.43,21.69,22.6,226596814,5095165609.78
2009-09-10,sz.000858,21.75,22.27,21.03,21.88,131233781,2862826099.45
2009-09-11,sz.000858,21.95,22.6,21.95,22.35,80755541,1802381542.67
2009-09-14,sz.000858,22.5,23.36,22.25,23.07,89118641,2026809822.08
2009-09-15,sz.000858,23.13,23.49,22.79,23.07,68305045,1577081015.37
2009-09-16,sz.000858,23.22,23.35,22.6,22.96,51374366,1180345236.6
2009-09-17,sz.000858,23.1,23.28,22.85,23.2,54705541,1260019155.16
2009-09-18,sz.000858,23.19,23.19,22.22,22.44,61297702,1393447002.74
2009-09-21,sz.000858,22.3,22.45,21.5,22.37,35843363,787645506.74
2009-09-22,sz.000858,22.3,23.07,22.1,22.5,50461967,1148159438.12
2009-09-23,sz.000858,22.42,22.58,21.58,21.6,44759638,978022715.05
2009-09-30,sz.000858,20.52,21.5,20.52,20.91,64647592,1352289395.64
2009-10-09,sz.000858,21.29,21.85,21.0,21.69,38080535,819908636.23
2009-10-12,sz.000858,21.8,22.46,21.69,21.9,30637093,677078852.18
2009-10-13,sz.000858,21.9,22.08,21.69,21.95,20301766,444118292.09
2009-10-14,sz.000858,21.85,22.26,21.6,21.7,42355466,928141117.89
2009-10-15,sz.000858,21.75,21.95,21.09,21.2,48115125,1026400782.35
2009-10-16,sz.000858,21.2,21.45,20.9,21.41,31476071,666137218.05
2009-10-19,sz.000858,21.89,22.18,21.77,21.98,48858850,1072627342.81
2009-10-20,sz.000858,22.14,24.07,22.12,23.83,111272762,2586689014.72
2009-10-21,sz.000858,23.68,24.06,23.5,23.62,54584956,1296670788.36
2009-10-22,sz.000858,23.62,23.94,23.03,23.67,41714687,978322147.65
2009-10-23,sz.000858,23.66,23.82,23.5,23.65,41506440,982484852.08
2009-10-26,sz.000858,23.7,23.76,22.8,23.08,45824169,1059051058.24
2009-10-27,sz.000858,22.9,23.0,22.5,22.52,30500677,692680033.61
2009-10-28,sz.000858,22.53,22.96,22.53,22.89,25493944,580970265.72
2009-10-29,sz.000858,22.54,22.81,22.3,22.4,23019836,518882480.37
2009-10-30,sz.000858,22.7,22.9,22.42,22.43,25224013,570864590.14
2009-11-02,sz.000858,22.0,23.16,21.84,23.06,35058073,795797886.5
2009-11-03,sz.000858,23.0,23.6,22.91,23.24,34066667,795748491.12
2009-11-04,sz.000858,23.24,24.05,23.1,23.76,50826212,1207960934.28
2009-11-05,sz.000858,23.76,24.0,23.61,23.77,27374601,651012218.5
2009-11-06,sz.000858,23.81,24.0,23.32,23.41,40905373,966549562.42
2009-11-09,sz.000858,23.41,23.6,23.05,23.37,26159538,609807955.51
2009-11-10,sz.000858,23.44,23.96,23.44,23.67,36391921,866386979.97
2009-11-11,sz.000858,23.66,24.9,23.5,24.52,71876926,1757934931.84
2009-11-12,sz.000858,24.54,25.99,24.54,25.53,84516396,2149449036.77
2009-11-13,sz.000858,25.52,26.33,25.36,25.83,56837702,1473382150.72
2009-11-16,sz.000858,25.93,27.0,25.93,26.58,50552070,1342386389.08
2009-11-17,sz.000858,26.68,26.7,26.0,26.36,33176713,871169836.48
2009-11-18,sz.000858,26.36,27.12,26.3,26.54,31416078,836953076.1
2009-11-19,sz.000858,26.57,26.75,26.0,26.34,28087452,737730353.89
2009-11-20,sz.000858,26.02,27.46,26.02,27.41,49961160,1347658117.5
2009-11-23,sz.000858,27.39,28.11,27.18,28.0,45438077,1263281595.01
2009-11-24,sz.000858,28.13,28.28,26.49,26.73,51446821,1409632333.26
2009-11-25,sz.000858,26.57,28.2,26.46,28.03,56008416,1540981037.06
2009-11-26,sz.000858,28.1,28.26,26.28,26.38,60559986,1643334022.9
2009-11-27,sz.000858,25.85,26.68,25.33,25.85,47632951,1239087184.63
2009-11-30,sz.000858,26.0,28.44,26.0,28.44,81158517,2252367375.94
2009-12-01,sz.000858,28.56,29.99,28.44,29.58,78926316,2296372141.69
2009-12-02,sz.000858,29.38,29.76,29.0,29.52,42606221,1248551632.92
2009-12-03,sz.000858,29.35,30.0,29.01,29.73,44417350,1314702152.8
2009-12-04,sz.000858,29.5,29.78,28.28,28.97,49522249,1433943073.31
2009-12-07,sz.000858,29.99,30.58,29.56,29.65,39488793,1177778976.42
2009-12-08,sz.000858,29.7,29.89,29.1,29.3,31390744,921791986.32
2009-12-09,sz.000858,29.01,29.58,28.7,29.2,28868050,843997184.69
2009-12-10,sz.000858,29.31,30.14,29.31,29.96,33262135,991179450.85
2009-12-11,sz.000858,30.02,30.48,29.92,29.99,28306838,855172282.39
2009-12-14,sz.000858,30.0,30.16,29.15,29.7,27936168,824147840.47
2009-12-15,sz.000858,29.71,29.89,29.3,29.68,21278337,629698663.53
2009-12-16,sz.000858,29.67,29.9,29.06,29.16,21610738,634318925.29
2009-12-17,sz.000858,29.16,29.4,27.85,28.14,33823815,961238569.53
2009-12-18,sz.000858,27.99,28.6,27.21,27.74,32984267,921408102.28
2009-12-21,sz.000858,27.8,29.25,27.8,29.25,36014717,1034376051.88
2009-12-22,sz.000858,29.32,29.7,28.8,28.95,40624274,1192001515.31
2009-12-23,sz.000858,29.5,30.28,29.36,29.97,45687647,1363913605.52
2009-12-24,sz.000858,30.15,32.65,30.08,31.85,72737398,2317742901.85
2009-12-25,sz.000858,31.86,32.37,31.5,31.84,47315302,1516543574.67
2009-12-28,sz.000858,31.91,32.23,31.54,32.2,35092254,1120419175.53
2009-12-29,sz.000858,32.19,32.19,30.94,31.67,44719868,1410513814.01
2009-12-30,sz.000858,31.5,31.64,30.69,31.1,37611367,1170149348.97
2009-12-31,sz.000858,31.41,31.89,31.28,31.66,34123105,1077481708.11
2010-01-04,sz.000858,31.8,32.0,31.36,31.45,26409039,836351949.35
2010-01-05,sz.000858,31.48,31.95,31.48,31.78,29098216,923787443.2
2010-01-06,sz.000858,31.78,31.98,30.9,30.94,42822040,1340542565.01
2010-01-07,sz.000858,30.78,30.78,29.49,30.0,61705156,1850035534.86
2010-01-08,sz.000858,29.85,29.96,29.09,29.94,36477184,1075206246.95
2010-01-11,sz.000858,30.2,30.55,29.43,29.66,27831764,829528053.45
2010-01-12,sz.000858,29.65,30.58,29.5,30.51,29138111,880580770.81
2010-01-13,sz.000858,30.0,31.05,29.8,30.27,36716285,1121175095.69
2010-01-14,sz.000858,30.39,31.76,30.2,31.44,45444965,1415275350.99
2010-01-15,sz.000858,31.96,32.2,31.28,31.56,45035983,1429719063.21
2010-01-18,sz.000858,31.7,32.35,31.3,32.1,39365350,1254827907.98
2010-01-19,sz.000858,32.2,32.28,31.59,31.69,22988172,729902956.93
2010-01-20,sz.000858,31.7,31.7,30.27,30.45,36951698,1139869923.06
2010-01-21,sz.000858,30.45,30.68,29.79,30.35,32381967,975981519.04
2010-01-22,sz.000858,29.93,30.02,29.18,29.61,28044582,830457403.34
2010-01-25,sz.000858,29.54,30.37,29.32,30.0,22525325,676264121.12
2010-01-26,sz.000858,30.2,30.36,29.18,29.58,21577455,642137448.39
2010-01-27,sz.000858,29.66,29.82,28.4,28.56,28371392,819268184.66
2010-01-28,sz.000858,28.39,29.11,27.95,28.81,23340063,666073005.1
2010-01-29,sz.000858,28.75,29.8,28.56,29.19,18171082,533053432.23
2010-02-01,sz.000858,29.69,30.05,29.2,29.75,28965737,859332837.4
2010-02-02,sz.000858,29.87,29.95,28.92,28.95,20973884,617528913.06
2010-02-03,sz.000858,28.95,29.26,28.37,29.08,22836489,658362410.13
2010-02-04,sz.000858,29.11,29.58,28.98,29.31,16474441,483024742.07
2010-02-05,sz.000858,28.9,28.98,28.65,28.86,15356624,442490855.88
2010-02-08,sz.000858,28.71,29.19,28.71,28.93,9467542,274399349.0
2010-02-09,sz.000858,28.89,29.19,28.58,28.81,10682228,308474601.29
2010-02-10,sz.000858,29.05,29.15,28.75,29.08,8606368,248804505.39
2010-02-11,sz.000858,29.1,29.77,29.0,29.49,13497506,397973517.01
2010-02-12,sz.000858,29.53,29.7,29.29,29.52,10662230,314413703.37
2010-02-22,sz.000858,29.52,29.52,28.8,28.82,13823275,401224198.13
2010-02-23,sz.000858,28.73,28.73,27.72,28.0,21525067,603337853.95
2010-02-24,sz.000858,27.98,28.4,27.82,28.29,13230701,372415304.17
2010-02-25,sz.000858,28.33,28.67,28.3,28.57,17287073,493151873.6
2010-02-26,sz.000858,28.57,28.68,27.97,28.04,18152526,513358249.64
2010-03-01,sz.000858,27.97,28.55,27.79,28.4,17797335,501953517.37
2010-03-02,sz.000858,28.6,28.71,28.12,28.27,17861264,507300070.23
2010-03-03,sz.000858,28.27,28.56,28.0,28.41,18973756,536358411.84
2010-03-04,sz.000858,28.46,29.17,28.1,28.2,28287395,811272922.96
2010-03-05,sz.000858,28.22,28.62,27.99,28.29,14490330,410765569.57
2010-03-08,sz.000858,28.4,28.5,28.16,28.2,11792089,333069987.76
2010-03-09,sz.000858,28.21,28.28,27.88,28.04,19998996,559854995.88
2010-03-10,sz.000858,28.04,28.04,27.48,27.51,24231417,670906151.0
2010-03-11,sz.000858,27.51,27.87,27.48,27.53,12093543,333931739.1
2010-03-12,sz.000858,27.55,27.84,27.18,27.22,13625141,375090670.22
2010-03-15,sz.000858,27.18,27.22,26.28,26.38,24361004,647572814.5
2010-03-16,sz.000858,26.51,26.9,26.48,26.57,13198107,351796619.64
2010-03-17,sz.000858,26.62,27.4,26.62,27.4,17055572,463005234.2
2010-03-18,sz.000858,27.46,27.79,27.25,27.31,12571964,346492894.11
2010-03-19,sz.000858,27.46,28.05,27.46,28.03,26065039,724843750.57
2010-03-22,sz.000858,28.12,28.21,27.85,28.05,16761106,469493811.77
2010-03-23,sz.000858,28.06,28.35,27.85,28.08,17462432,491829617.32
2010-03-24,sz.000858,28.16,29.03,28.12,28.68,30817299,885715160.5
2010-03-25,sz.000858,28.69,28.9,28.29,28.4,19383802,554091467.3
2010-03-26,sz.000858,28.4,28.59,28.15,28.4,12682492,360127837.74
2010-03-29,sz.000858,28.71,29.03,28.69,28.89,20677696,597869001.75
2010-03-30,sz.000858,28.92,29.21,28.58,28.6,16511085,476081745.3
2010-03-31,sz.000858,28.7,28.88,28.0,28.17,19223071,543140371.58
2010-04-01,sz.000858,28.17,28.79,28.09,28.51,19174029,546179851.28
2010-04-02,sz.000858,28.48,28.73,28.18,28.3,18331767,519381613.42
2010-04-06,sz.000858,28.28,28.46,27.92,28.04,25657042,720388715.67
2010-04-07,sz.000858,27.95,28.4,27.91,28.36,15970543,450224903.32
2010-04-08,sz.000858,28.3,28.3,27.7,27.76,22200681,620151775.24
2010-04-09,sz.000858,27.78,28.08,27.5,28.05,21223414,589573958.21
2010-04-12,sz.000858,28.1,28.17,27.48,27.52,25625034,708961557.45
2010-04-13,sz.000858,27.65,28.18,27.53,27.89,30785390,858551187.64
2010-04-14,sz.000858,27.9,28.78,27.81,28.77,42358648,1203267891.32
2010-04-15,sz.000858,28.85,29.57,28.74,29.0,40717911,1186113286.24
2010-04-19,sz.000858,28.7,28.98,27.89,27.9,34567945,982461283.16
2010-04-20,sz.000858,27.92,28.22,27.53,28.05,26238613,733890607.35
2010-04-21,sz.000858,28.07,29.45,27.9,29.25,36984203,1065919383.31
2010-04-22,sz.000858,29.29,29.98,28.77,29.3,42294825,1248406447.33
2010-04-23,sz.000858,29.36,30.0,28.83,29.0,27181654,799066606.81
2010-04-26,sz.000858,28.0,28.66,27.8,27.98,34432975,971521132.05
2010-04-27,sz.000858,27.88,27.9,26.66,27.08,24672199,671045596.96
2010-04-28,sz.000858,27.03,27.4,26.57,26.79,15996729,430250515.27
2010-04-29,sz.000858,27.0,27.1,26.7,26.7,12433350,334373137.34
2010-04-30,sz.000858,26.69,26.7,25.4,26.29,16876111,438361710.23
2010-05-04,sz.000858,26.0,26.67,25.7,26.3,9231168,243511472.15
2010-05-05,sz.000858,25.9,27.1,25.85,27.08,14959963,396343854.62
2010-05-06,sz.000858,26.81,27.2,26.0,26.01,12458134,331049141.84
2010-05-07,sz.000858,25.7,26.21,25.4,25.66,12123295,312175374.87
2010-05-10,sz.000858,25.7,26.34,25.5,25.9,12098703,313664114.4
2010-05-11,sz.000858,26.5,26.65,25.39,25.41,11842520,307273395.59
2010-05-12,sz.000858,25.38,25.41,23.96,24.57,20053703,493645853.36
2010-05-13,sz.000858,24.6,25.38,24.36,25.3,15665373,390820596.99
2010-05-14,sz.000858,25.1,25.39,24.82,25.12,8279241,207961543.58
2010-05-17,sz.000858,24.8,24.95,23.65,23.69,13793123,333922347.64
2010-05-18,sz.000858,23.68,24.08,23.0,23.84,17064310,400448694.67
2010-05-19,sz.000858,23.79,24.22,23.25,23.9,12154679,289124662.29
2010-05-20,sz.000858,23.62,24.47,23.61,23.96,16689967,403455247.44
2010-05-21,sz.000858,23.5,24.8,23.3,24.8,19741383,478804551.58
2010-05-24,sz.000858,25.05,25.99,25.05,25.54,16929969,432451231.51
2010-05-25,sz.000858,25.3,25.87,25.0,25.03,15239952,385269553.48
2010-05-26,sz.000858,25.02,25.43,24.7,24.9,8374297,208918300.18
2010-05-27,sz.000858,24.9,25.61,24.68,25.5,16413469,415798481.04
2010-05-28,sz.000858,25.62,25.86,25.44,25.47,17159700,440295616.73
2010-05-31,sz.000858,25.48,25.56,24.82,24.86,10774858,271028537.93
2010-06-01,sz.000858,24.77,25.23,24.4,25.0,16528223,411210011.38
2010-06-02,sz.000858,24.9,25.1,23.98,24.54,12530578,305472047.57
2010-06-03,sz.000858,24.57,24.86,24.31,24.5,10337703,254016215.06
2010-06-04,sz.000858,24.46,25.2,24.33,25.0,11259423,278687978.62
2010-06-07,sz.000858,24.61,25.8,24.5,25.55,23750813,604439307.79
2010-06-08,sz.000858,25.45,25.94,25.4,25.69,12828179,329408250.77
2010-06-09,sz.000858,25.72,26.65,25.72,26.59,25227959,666413667.81
2010-06-10,sz.000858,26.56,27.35,26.49,26.87,24434958,660465397.96
2010-06-11,sz.000858,27.08,27.33,26.48,26.61,15832131,426173034.93
2010-06-17,sz.000858,26.63,26.81,25.7,25.8,15303054,399764419.18
2010-06-18,sz.000858,25.9,26.26,25.12,25.15,14510626,372958014.38
2010-06-21,sz.000858,25.25,26.3,25.1,26.29,14991509,388547679.38
2010-06-22,sz.000858,26.26,26.27,25.77,25.85,12490795,323940767.24
2010-06-23,sz.000858,25.79,26.14,25.64,26.02,8144029,210828633.66
2010-06-24,sz.000858,26.03,26.05,25.56,25.67,9493202,243932889.06
2010-06-25,sz.000858,25.62,25.86,25.5,25.7,8261879,212076432.82
2010-06-28,sz.000858,25.6,25.83,25.3,25.31,7831113,199758604.88
2010-06-29,sz.000858,25.3,25.55,24.26,24.3,12462836,309411418.5
2010-06-30,sz.000858,24.25,24.45,24.02,24.23,7618086,184607141.38
2010-07-01,sz.000858,24.3,24.5,23.89,24.02,7112235,172039942.11
2010-07-02,sz.000858,24.0,24.28,22.2,23.56,16113056,375257406.6
2010-07-05,sz.000858,23.31,23.85,22.9,23.6,11562572,268976439.54
2010-07-06,sz.000858,23.58,24.24,23.5,23.98,6442153,154169987.99
2010-07-07,sz.000858,23.98,24.15,23.7,24.08,5533779,132899506.99
2010-07-08,sz.000858,24.2,24.31,23.72,23.85,5086736,122110391.42
2010-07-09,sz.000858,23.91,25.35,23.66,25.0,17884254,443672105.14
2010-07-12,sz.000858,25.0,25.15,24.73,24.98,7297885,181893073.05
2010-07-13,sz.000858,24.94,25.56,24.55,25.3,12505119,313403765.3
2010-07-14,sz.000858,25.13,25.59,24.9,25.0,6778844,170777981.2
2010-07-15,sz.000858,25.08,25.49,24.8,25.0,7833529,196941218.12
2010-07-16,sz.000858,24.89,25.95,24.82,25.8,20042157,510867197.0
2010-07-19,sz.000858,25.7,26.6,25.62,26.43,19897259,523396090.27
2010-07-20,sz.000858,26.43,27.12,26.4,26.79,25328060,680729265.59
2010-07-21,sz.000858,26.8,27.27,26.69,26.8,16258727,438372175.57
2010-07-22,sz.000858,26.75,27.26,26.75,27.03,12152886,328863573.67
2010-07-23,sz.000858,27.05,27.68,27.05,27.42,19308194,528988237.79
2010-07-26,sz.000858,27.55,28.37,27.55,27.95,22290151,624636416.66
2010-07-27,sz.000858,27.95,28.34,27.7,28.05,17427856,489618862.06
2010-07-28,sz.000858,28.11,28.46,27.98,28.26,18367369,519476582.65
2010-07-29,sz.000858,28.28,28.41,27.65,27.8,21469002,598273677.96
2010-07-30,sz.000858,27.73,27.95,27.5,27.78,12169720,337392528.19
2010-08-02,sz.000858,28.0,29.46,28.0,29.17,33524182,969140056.18
2010-08-03,sz.000858,29.1,29.37,28.77,28.78,22943834,666559607.82
2010-08-04,sz.000858,28.61,29.45,28.61,29.35,30695427,895647531.55
2010-08-05,sz.000858,29.35,30.28,29.06,29.7,28936944,865232706.84
2010-08-06,sz.000858,29.58,30.05,29.18,29.78,20652089,611855596.79
2010-08-09,sz.000858,29.78,30.69,29.78,30.0,19624647,592097387.6
2010-08-10,sz.000858,30.02,30.1,28.9,28.91,28644072,837709554.77
2010-08-11,sz.000858,29.16,29.89,29.0,29.58,29356531,865325772.14
2010-08-12,sz.000858,29.39,30.65,29.14,29.78,35017344,1052045685.24
2010-08-13,sz.000858,29.79,30.27,29.4,30.19,21322284,637187874.39
2010-08-16,sz.000858,30.25,31.1,30.1,30.98,33530854,1035108009.84
2010-08-17,sz.000858,31.0,31.35,30.75,31.08,21204784,658037805.8
2010-08-18,sz.000858,31.1,31.2,30.56,30.85,17092607,527383678.8
2010-08-19,sz.000858,30.74,31.06,30.45,30.54,16028357,493237865.49
2010-08-20,sz.000858,30.4,30.54,29.45,29.8,23766395,709501020.53
2010-08-23,sz.000858,30.0,30.1,29.6,29.9,11654746,347733465.67
2010-08-24,sz.000858,29.88,30.4,29.38,30.02,14729449,441197608.4
2010-08-25,sz.000858,29.91,30.8,29.83,30.0,16657074,505743386.27
2010-08-26,sz.000858,30.2,30.58,29.7,29.94,9710787,291210907.09
2010-08-27,sz.000858,29.95,30.16,29.58,29.99,8669944,259307892.79
2010-08-30,sz.000858,30.15,31.95,30.15,31.69,34488353,1078575521.34
2010-08-31,sz.000858,31.6,32.0,31.41,31.72,23127501,735308848.73
2010-09-01,sz.000858,31.75,32.18,30.86,31.21,21445514,675863943.43
2010-09-02,sz.000858,31.43,32.1,31.3,31.78,16969814,539954332.75
2010-09-03,sz.000858,31.78,32.6,31.63,32.2,22578693,726114664.41
2010-09-06,sz.000858,32.6,33.24,32.5,32.52,20318025,667352944.28
2010-09-07,sz.000858,32.5,32.5,31.78,32.18,12834014,411899274.5
2010-09-08,sz.000858,32.0,32.97,31.89,32.75,14247598,464491754.95
2010-09-09,sz.000858,33.02,33.54,32.52,32.59,20666235,684186170.43
2010-09-10,sz.000858,32.56,33.99,32.21,33.89,28744478,955952195.05
2010-09-13,sz.000858,33.89,34.58,33.65,34.05,27970547,954754996.55
2010-09-14,sz.000858,34.0,34.14,33.53,33.71,15391328,519825860.49
2010-09-15,sz.000858,33.66,33.71,32.91,33.01,13422123,446087230.42
2010-09-16,sz.000858,33.13,33.3,31.7,32.3,20136945,650633562.69
2010-09-17,sz.000858,32.3,33.65,31.78,33.21,23101442,762194149.22
2010-09-20,sz.000858,33.21,33.59,32.61,33.28,13372883,444178146.47
2010-09-21,sz.000858,33.18,33.67,33.0,33.25,12483810,416536848.58
2010-09-27,sz.000858,33.24,33.96,32.7,33.78,17743565,591726833.72
2010-09-28,sz.000858,33.81,34.98,33.8,34.91,28743943,989649825.42
2010-09-29,sz.000858,34.86,34.86,34.02,34.12,18347135,633043519.8
2010-09-30,sz.000858,33.9,34.6,33.7,34.33,13909275,476107048.65
2010-10-08,sz.000858,34.49,36.16,34.4,35.7,26147072,930719775.04
2010-10-11,sz.000858,35.7,36.28,34.45,34.6,33010111,1159681512.86
2010-10-12,sz.000858,34.48,35.2,33.78,34.25,26136443,894754140.35
2010-10-13,sz.000858,34.1,34.1,32.35,33.15,57747785,1904609722.34
2010-10-14,sz.000858,33.6,33.7,31.8,31.89,61078001,1984162459.78
2010-10-15,sz.000858,32.0,32.87,31.86,32.66,53109824,1715241389.8
2010-10-18,sz.000858,32.59,33.61,31.75,33.35,43712489,1422938891.84
2010-10-19,sz.000858,33.3,34.78,32.87,34.57,41802311,1421062178.77
2010-10-20,sz.000858,34.05,36.21,34.01,36.15,65495641,2336154367.95
2010-10-21,sz.000858,36.3,36.99,35.45,35.77,41712557,1512710697.13
2010-10-22,sz.000858,35.81,36.68,35.81,36.0,32863105,1188979614.08
2010-10-25,sz.000858,36.12,38.1,36.12,38.02,50670193,1900855898.89
2010-10-26,sz.000858,38.2,38.2,36.97,37.27,34115210,1269670202.75
2010-10-27,sz.000858,37.26,37.26,35.95,35.95,31532198,1148956855.73
2010-10-28,sz.000858,35.82,36.97,35.81,36.35,19705220,716562260.79
2010-10-29,sz.000858,36.2,36.95,35.59,36.5,22242606,808309063.11
2010-11-01,sz.000858,36.6,37.7,36.59,37.47,26586126,991916173.62
2010-11-02,sz.000858,37.47,37.47,36.6,36.7,28776858,1060514120.1
2010-11-03,sz.000858,36.7,37.5,36.33,36.7,21030781,779204044.58
2010-11-04,sz.000858,36.6,37.76,36.6,37.6,27617978,1030558269.18
2010-11-05,sz.000858,37.98,38.1,37.0,37.2,25260819,946527975.31
2010-11-08,sz.000858,37.3,37.46,36.41,36.85,26146438,960699931.98
2010-11-09,sz.000858,36.9,37.2,36.48,37.02,31786522,1173039051.62
2010-11-10,sz.000858,37.08,40.0,36.91,38.52,64113168,2481588946.58
2010-11-11,sz.000858,38.8,39.43,38.1,38.11,36148834,1402864324.87
2010-11-12,sz.000858,38.0,39.61,36.8,36.9,48092492,1823952455.24
2010-11-15,sz.000858,37.1,38.78,36.97,38.77,40106692,1524152584.24
2010-11-16,sz.000858,38.9,38.97,36.96,37.34,37175755,1410982153.35
2010-11-17,sz.000858,36.88,36.9,34.68,35.9,46564178,1652951887.21
2010-11-18,sz.000858,35.86,36.29,35.12,36.01,24119132,864662388.01
2010-11-19,sz.000858,36.4,37.26,36.02,37.0,29886907,1097684095.3
2010-11-22,sz.000858,36.99,38.31,36.68,37.37,36216954,1365107104.03
2010-11-23,sz.000858,37.39,38.24,36.68,37.86,35211224,1319433313.54
2010-11-24,sz.000858,37.66,39.98,37.55,39.27,54073851,2121066695.43
2010-11-25,sz.000858,39.18,39.61,38.7,39.14,27043879,1059823810.18
2010-11-26,sz.000858,39.23,40.94,38.86,40.44,59151431,2374606548.79
2010-11-29,sz.000858,40.45,41.48,39.84,40.77,44761817,1819826139.87
2010-11-30,sz.000858,40.3,40.3,38.13,39.13,45158194,1771193646.64
2010-12-01,sz.000858,39.14,39.14,38.29,38.49,21065254,812680891.67
2010-12-02,sz.000858,38.99,39.15,37.89,38.05,27603595,1059989905.4
2010-12-03,sz.000858,37.99,38.51,37.7,38.22,15394443,585788164.04
2010-12-06,sz.000858,38.2,38.3,36.98,37.19,24698284,922136866.34
2010-12-07,sz.000858,37.08,37.93,36.57,37.8,20637235,773018665.25
2010-12-08,sz.000858,37.86,38.57,37.71,37.88,16696814,636822858.94
2010-12-09,sz.000858,37.92,37.98,37.28,37.31,14001855,525453391.63
2010-12-10,sz.000858,37.3,37.59,36.78,37.45,22201615,823344445.71
2010-12-13,sz.000858,37.6,38.0,36.91,37.99,52336184,1957015821.06
2010-12-14,sz.000858,38.09,38.32,37.8,37.99,25732275,978057158.36
2010-12-15,sz.000858,38.1,38.78,37.92,37.99,28116161,1079219300.01
2010-12-16,sz.000858,39.0,39.58,38.38,38.6,36709383,1426162381.65
2010-12-17,sz.000858,38.7,38.9,37.9,38.15,27703324,1057277063.66
2010-12-20,sz.000858,38.18,38.3,36.08,36.68,64427916,2374665245.01
2010-12-21,sz.000858,36.7,36.95,35.77,36.25,52972004,1912102960.1
2010-12-22,sz.000858,36.35,36.39,35.6,35.84,33071712,1185814530.58
2010-12-23,sz.000858,35.8,36.2,35.62,35.81,24883180,893685731.33
2010-12-24,sz.000858,35.81,35.83,34.68,34.73,28117432,984552458.15
2010-12-27,sz.000858,35.0,35.2,33.01,33.29,33035265,1139322540.17
2010-12-28,sz.000858,33.1,34.45,32.35,33.94,41857017,1388211531.06
2010-12-29,sz.000858,33.9,34.35,33.6,34.32,21363394,727276983.99
2010-12-30,sz.000858,34.34,34.39,33.4,33.94,19892952,676229578.39
2010-12-31,sz.000858,33.93,34.65,33.8,34.63,21107791,722395676.26
2011-01-04,sz.000858,34.9,35.0,34.18,34.62,26566610,916852875.43
2011-01-05,sz.000858,34.44,34.44,33.63,33.68,32126497,1086646881.22
2011-01-06,sz.000858,33.66,34.14,33.33,33.45,20818682,699962291.3
2011-01-07,sz.000858,33.51,33.8,32.87,33.3,20046408,667192709.02
2011-01-10,sz.000858,33.29,33.29,32.28,32.44,23242743,761553511.64
2011-01-11,sz.000858,32.28,33.07,32.03,32.9,19806210,648178694.81
2011-01-12,sz.000858,32.9,32.9,32.43,32.76,11607132,378948306.76
2011-01-13,sz.000858,32.8,33.94,32.57,33.68,27379958,918937891.18
2011-01-14,sz.000858,33.6,33.9,32.96,33.8,22014457,736578162.91
2011-01-17,sz.000858,33.59,34.16,32.8,32.85,17213598,574263090.45
2011-01-18,sz.000858,32.79,33.8,32.1,33.49,22283773,742234728.07
2011-01-19,sz.000858,33.66,34.17,33.46,34.09,22310972,756504747.0
2011-01-20,sz.000858,34.1,34.1,32.8,32.81,15364277,513288976.75
2011-01-21,sz.000858,32.69,33.1,32.11,32.3,19993108,650614679.6
2011-01-24,sz.000858,32.3,32.54,30.97,32.0,24236870,765094703.43
2011-01-25,sz.000858,31.75,31.99,31.25,31.58,8936571,282345384.89
2011-01-26,sz.000858,31.6,32.12,31.6,31.89,9613754,306371867.75
2011-01-27,sz.000858,31.58,32.58,31.35,32.31,16403030,527307910.83
2011-01-28,sz.000858,32.32,32.89,32.32,32.78,12268492,400705390.1
2011-01-31,sz.000858,32.78,33.26,32.23,32.85,14085274,462800568.85
2011-02-01,sz.000858,32.95,33.3,32.7,33.06,15778510,521424235.33
2011-02-09,sz.000858,33.0,33.4,32.4,32.41,11196822,368925945.22
2011-02-10,sz.000858,32.41,34.05,32.21,33.93,29025654,965542241.72
2011-02-11,sz.000858,33.87,34.68,33.71,34.1,24450367,836858594.72
2011-02-14,sz.000858,34.0,34.88,33.95,34.67,28131154,972474842.02
2011-02-15,sz.000858,34.7,34.97,34.24,34.28,27667451,953231088.37
2011-02-16,sz.000858,34.08,34.49,33.66,34.19,24535032,831961509.73
2011-02-17,sz.000858,34.25,34.3,33.57,33.74,20507670,693875867.94
2011-02-18,sz.000858,33.7,35.09,33.4,34.47,36224657,1250119073.38
2011-02-21,sz.000858,34.21,34.6,33.8,34.52,22572272,771889201.71
2011-02-22,sz.000858,34.52,34.55,33.3,33.39,24681531,830848958.17
2011-02-23,sz.000858,33.37,33.37,32.7,33.0,17261092,570935481.81
2011-02-24,sz.000858,32.99,33.15,32.53,32.88,16276068,534416262.28
2011-02-25,sz.000858,33.06,33.5,32.9,32.97,17485996,580843433.22
2011-02-28,sz.000858,32.97,33.4,32.69,32.97,22205367,731321091.32
2011-03-01,sz.000858,33.0,33.3,32.9,33.13,21797077,720637115.62
2011-03-02,sz.000858,33.0,33.04,32.6,32.78,20003844,655456260.19
2011-03-03,sz.000858,32.99,33.1,31.88,31.97,47103267,1519207491.84
2011-03-04,sz.000858,31.98,32.25,31.37,32.2,28405127,903979495.32
2011-03-07,sz.000858,32.21,32.65,32.19,32.59,28807120,935947286.22
2011-03-08,sz.000858,32.78,32.9,32.36,32.9,21880794,714244852.14
2011-03-09,sz.000858,32.92,33.05,32.58,32.62,18257283,597065668.07
2011-03-10,sz.000858,32.62,33.75,32.43,33.02,40405046,1342310293.74
2011-03-11,sz.000858,32.88,33.49,32.59,32.72,23310581,771160476.7
2011-03-14,sz.000858,32.52,33.15,32.52,33.15,23226428,764667286.24
2011-03-15,sz.000858,33.1,33.15,32.11,32.97,21391765,698337126.02
2011-03-16,sz.000858,33.01,33.86,32.72,33.48,39942257,1333960068.27
2011-03-17,sz.000858,33.15,33.88,32.88,33.25,25588048,854175861.34
2011-03-18,sz.000858,33.55,33.64,33.0,33.0,19710619,655673779.89
2011-03-21,sz.000858,33.19,33.45,32.37,32.4,25373963,830376444.69
2011-03-22,sz.000858,32.51,32.75,32.09,32.35,13164883,425731938.59
2011-03-23,sz.000858,32.33,32.55,32.1,32.48,18535778,598685155.99
2011-03-24,sz.000858,32.56,32.68,32.17,32.26,15830858,512343204.7
2011-03-25,sz.000858,32.38,32.69,32.22,32.37,21188713,687268437.53
2011-03-28,sz.000858,32.46,32.56,31.58,31.66,42663720,1365197109.86
2011-03-29,sz.000858,31.66,31.93,31.3,31.36,22290622,704224804.36
2011-03-30,sz.000858,31.37,31.79,31.26,31.59,15144425,477827560.38
2011-03-31,sz.000858,31.61,32.36,31.59,31.89,21829194,700363928.25
2011-04-01,sz.000858,31.87,32.1,31.6,31.81,11432128,362659438.61
2011-04-06,sz.000858,31.7,31.73,30.0,30.67,42989058,1321016410.8
2011-04-07,sz.000858,30.69,30.85,30.35,30.63,24776939,757366174.08
2011-04-08,sz.000858,30.66,31.23,30.66,30.99,17368792,538700213.84
2011-04-11,sz.000858,31.1,31.23,30.79,30.81,18350364,568533032.17
2011-04-12,sz.000858,30.8,31.35,30.75,31.07,14273501,444250302.23
2011-04-13,sz.000858,31.07,31.65,30.93,31.6,20597685,647447757.11
2011-04-14,sz.000858,31.6,31.73,31.38,31.6,15403571,486462430.24
2011-04-15,sz.000858,31.6,31.77,31.1,31.43,16719905,525026418.45
2011-04-18,sz.000858,31.43,31.5,31.09,31.2,12324748,385014868.35
2011-04-19,sz.000858,31.18,31.99,30.45,31.6,25832565,804756668.08
2011-04-20,sz.000858,31.59,32.37,31.51,32.23,32585877,1044305209.04
2011-04-21,sz.000858,32.3,32.38,31.9,31.95,18504689,595012288.64
2011-04-25,sz.000858,31.8,32.8,31.8,32.32,29351532,952211928.18
2011-04-26,sz.000858,32.31,32.39,31.53,31.66,13827693,440624777.3
2011-04-27,sz.000858,32.14,33.05,32.14,32.48,42613506,1392357474.35
2011-04-28,sz.000858,32.5,33.02,32.25,32.4,25253563,824043109.07
2011-04-29,sz.000858,32.4,33.05,32.4,32.97,26565396,873218337.51
2011-05-03,sz.000858,33.0,33.95,32.87,33.79,36277328,1212822390.81
2011-05-04,sz.000858,33.77,34.05,33.09,33.45,31509996,1059189016.93
2011-05-05,sz.000858,33.45,34.12,33.32,33.75,26129892,883799247.18
2011-05-06,sz.000858,33.57,33.99,33.31,33.54,22328708,752116128.46
2011-05-09,sz.000858,33.62,33.71,32.66,32.8,29025512,959754626.25
2011-05-10,sz.000858,32.75,33.15,32.37,32.86,14908775,488753798.98
2011-05-11,sz.000858,32.81,33.33,32.6,33.2,14354839,473750672.91
2011-05-12,sz.000858,33.08,33.88,32.9,33.48,20229458,678743256.68
2011-05-13,sz.000858,33.22,33.48,32.56,33.04,12716994,419194129.69
2011-05-16,sz.000858,32.9,33.45,32.83,33.1,13930210,462578650.54
2011-05-17,sz.000858,33.05,33.41,32.95,33.05,13556200,450242015.1
2011-05-18,sz.000858,33.12,33.98,33.1,33.84,25427859,858970037.98
2011-05-19,sz.000858,33.84,34.75,33.84,34.34,31924128,1099054622.72
2011-05-20,sz.000858,34.4,34.59,33.93,34.4,17736442,606353023.86
2011-05-23,sz.000858,34.39,34.39,33.35,33.35,18637790,630453715.89
2011-05-24,sz.000858,33.2,33.35,32.6,33.16,16572654,546246490.15
2011-05-25,sz.000858,33.0,33.73,32.8,33.04,10911677,363254404.18
2011-05-26,sz.000858,33.15,33.56,32.72,32.79,13555828,447759844.66
2011-05-27,sz.000858,32.71,32.99,32.09,32.18,12514223,406343396.59
2011-05-30,sz.000858,31.95,33.27,31.6,33.0,18348176,600793019.84
2011-05-31,sz.000858,33.0,33.28,32.77,33.01,11677323,385426517.61
2011-06-01,sz.000858,33.02,34.1,32.81,33.88,27348755,922860994.94
2011-06-02,sz.000858,33.51,34.27,33.37,33.82,24286372,822448318.71
2011-06-03,sz.000858,33.75,34.8,33.6,34.52,29457744,1013374747.14
2011-06-07,sz.000858,34.41,35.05,34.3,34.57,23989817,833746841.57
2011-06-08,sz.000858,34.53,34.55,33.88,34.4,14118428,483094507.75
2011-06-09,sz.000858,34.36,34.36,33.5,33.5,14315085,484184589.6
2011-06-10,sz.000858,33.5,34.67,33.46,34.65,33757196,1156300296.29
2011-06-13,sz.000858,34.71,35.07,34.39,35.0,29886773,1040990483.08
2011-06-14,sz.000858,34.9,35.55,34.8,35.06,24153401,851849978.33
2011-06-15,sz.000858,34.99,35.48,34.58,34.6,17838097,624186978.2
2011-06-16,sz.000858,34.5,34.79,34.16,34.34,13265349,456900205.78
2011-06-17,sz.000858,34.33,34.98,34.31,34.53,14923985,518718510.98
2011-06-20,sz.000858,34.46,34.55,33.76,34.4,17518761,596841766.08
2011-06-21,sz.000858,34.2,34.78,34.2,34.63,15662115,540371709.18
2011-06-22,sz.000858,34.65,35.3,34.65,35.18,21566592,756923440.46
2011-06-23,sz.000858,35.18,35.75,34.92,35.72,23669849,841234286.13
2011-06-24,sz.000858,35.65,36.06,35.45,35.6,29028936,1037851998.23
2011-06-27,sz.000858,35.5,36.0,35.4,35.94,19191684,685102492.38
2011-06-28,sz.000858,36.0,36.14,35.64,35.93,17861864,640972548.32
2011-06-29,sz.000858,35.87,36.12,35.41,35.47,13207302,470866790.3
2011-06-30,sz.000858,35.5,36.04,35.46,35.72,13218694,473979596.1
2011-07-01,sz.000858,35.78,35.93,35.58,35.67,11152744,398600245.7
2011-07-04,sz.000858,35.68,36.76,35.68,36.2,22716900,824985339.01
2011-07-05,sz.000858,36.24,36.35,35.9,36.07,11905363,429482816.26
2011-07-06,sz.000858,36.07,36.55,35.82,36.51,18741501,681786726.84
2011-07-07,sz.000858,36.5,37.5,36.43,37.15,29930834,1110979514.4
2011-07-08,sz.000858,37.2,37.8,36.98,37.15,18012081,671837313.81
2011-07-11,sz.000858,37.17,38.27,37.12,38.14,23181749,878395477.52
2011-07-12,sz.000858,37.98,38.78,37.68,37.97,24862586,949545728.25
2011-07-13,sz.000858,38.01,38.74,37.81,38.0,22704068,867672275.28
2011-07-14,sz.000858,38.01,38.35,37.18,37.37,31723190,1190032881.22
2011-07-15,sz.000858,37.31,37.87,37.15,37.45,20531770,769683038.47
2011-07-18,sz.000858,37.46,38.45,37.46,38.15,23420157,893942216.12
2011-07-19,sz.000858,38.11,38.42,37.94,37.97,16587817,633481749.12
2011-07-20,sz.000858,38.22,38.84,38.01,38.81,28317400,1091291314.47
2011-07-21,sz.000858,38.83,39.59,38.81,39.08,33372263,1308641752.0
2011-07-22,sz.000858,38.9,39.52,38.77,39.1,23436200,917018319.64
2011-07-25,sz.000858,39.05,39.35,37.75,38.05,34930000,1337913721.62
2011-07-26,sz.000858,38.01,38.16,37.33,37.78,26122744,984968117.81
2011-07-27,sz.000858,37.5,38.54,37.5,38.4,21739582,831975674.65
2011-07-28,sz.000858,38.2,38.54,37.85,38.52,15571671,593887728.83
2011-07-29,sz.000858,38.44,38.55,37.9,38.0,10662640,406593520.98
2011-08-01,sz.000858,38.0,38.1,37.19,37.27,19563331,734280523.62
2011-08-02,sz.000858,37.18,37.38,36.52,37.36,22426416,825343411.13
2011-08-03,sz.000858,37.01,37.98,37.0,37.82,16846803,635930709.67
2011-08-04,sz.000858,37.9,38.7,37.87,38.24,15350984,588217097.97
2011-08-05,sz.000858,37.3,38.55,36.96,37.82,17505574,664511896.76
2011-08-08,sz.000858,37.44,38.26,36.35,37.48,29611864,1108942253.22
2011-08-09,sz.000858,36.89,37.55,35.81,37.4,30337146,1116061022.74
2011-08-10,sz.000858,37.8,38.69,37.21,38.61,41718499,1586738227.27
2011-08-11,sz.000858,38.12,39.8,38.11,39.77,57092080,2240312240.89
2011-08-12,sz.000858,39.82,39.98,39.39,39.56,26307332,1042965383.57
2011-08-15,sz.000858,39.65,39.96,39.14,39.2,21126635,832018036.26
2011-08-16,sz.000858,39.96,40.57,39.5,39.65,39331140,1576238299.73
2011-08-17,sz.000858,39.78,40.29,39.28,39.33,18149295,721520075.72
2011-08-18,sz.000858,39.33,39.87,39.08,39.2,18801345,742325094.19
2011-08-19,sz.000858,38.89,39.64,38.81,39.6,19662582,772248519.3
2011-08-22,sz.000858,39.61,39.78,37.9,38.03,32153581,1247166384.29
2011-08-23,sz.000858,37.73,38.4,37.73,38.17,17148649,653072832.2
2011-08-24,sz.000858,38.31,38.88,38.24,38.55,14626673,564365076.28
2011-08-25,sz.000858,38.66,39.22,38.27,39.15,17694674,685651521.51
2011-08-26,sz.000858,39.03,39.5,38.81,39.41,16482048,645572636.53
2011-08-29,sz.000858,39.25,40.1,39.07,39.88,19787846,786182369.39
2011-08-30,sz.000858,39.95,40.3,39.25,39.41,20640360,821271482.29
2011-08-31,sz.000858,40.37,40.8,39.73,40.4,48311141,1950518300.1
2011-09-01,sz.000858,40.5,40.59,39.4,39.65,21800206,870628284.59
2011-09-02,sz.000858,39.56,39.79,39.1,39.4,11918994,469438562.65
2011-09-05,sz.000858,39.3,39.77,38.88,39.1,17703727,695544728.39
2011-09-06,sz.000858,39.0,39.26,37.98,38.29,20065920,771183175.48
2011-09-07,sz.000858,38.5,39.48,38.4,39.46,15231671,592098777.02
2011-09-08,sz.000858,39.6,39.61,38.76,38.9,10890921,427059753.84
2011-09-09,sz.000858,39.19,39.5,38.05,38.26,12719813,491409306.89
2011-09-13,sz.000858,37.9,38.45,37.5,37.76,13593803,515591593.26
2011-09-14,sz.000858,37.86,38.12,36.7,37.43,18028822,673079330.07
2011-09-15,sz.000858,37.43,38.23,37.4,37.6,14059169,532756934.16
2011-09-16,sz.000858,37.8,38.24,37.8,38.05,9789262,371992455.52
2011-09-19,sz.000858,38.03,38.03,37.6,37.65,9835142,371403153.05
2011-09-20,sz.000858,37.52,37.69,36.96,37.39,10523712,391528390.77
2011-09-21,sz.000858,37.39,38.3,37.29,38.19,11002163,417681401.62
2011-09-22,sz.000858,38.0,38.0,37.15,37.16,9535810,358076741.94
2011-09-23,sz.000858,36.67,37.2,35.77,36.43,25424593,928669873.23
2011-09-26,sz.000858,36.0,36.66,35.65,35.75,12400126,446190594.91
2011-09-27,sz.000858,36.08,36.56,35.55,36.14,11493474,414130141.24
2011-09-28,sz.000858,36.28,36.65,35.94,36.28,8788858,319112822.89
2011-09-29,sz.000858,35.99,36.56,35.8,35.9,11476447,414721664.41
2011-09-30,sz.000858,36.28,36.58,35.96,36.3,11482122,417117406.96
2011-10-10,sz.000858,36.28,36.42,35.6,35.66,10934075,393094050.27
2011-10-11,sz.000858,36.28,36.43,34.38,34.89,19074639,674284102.76
2011-10-12,sz.000858,34.69,36.19,34.5,36.01,17169555,609330425.3
2011-10-13,sz.000858,35.9,36.55,35.81,36.17,15002628,542950407.5
2011-10-14,sz.000858,36.19,36.26,35.79,35.98,7692248,276905419.79
2011-10-17,sz.000858,35.96,37.07,35.96,36.95,16639533,611456867.25
2011-10-18,sz.000858,36.8,37.36,36.6,36.6,12696530,469869497.83
2011-10-19,sz.000858,36.69,37.2,36.5,36.68,9974810,366899248.86
2011-10-20,sz.000858,36.3,36.45,35.61,35.8,10357802,372655115.2
2011-10-21,sz.000858,35.7,35.96,35.5,35.7,6610948,236160897.7
2011-10-24,sz.000858,35.72,36.9,35.37,36.8,12700374,458552513.32
2011-10-25,sz.000858,36.72,37.4,36.6,37.16,15044751,558807785.09
2011-10-26,sz.000858,37.1,37.48,36.98,37.2,12155648,453569061.58
2011-10-27,sz.000858,37.39,37.49,36.9,37.16,12525596,465193926.77
2011-10-28,sz.000858,37.4,37.77,37.29,37.61,20752588,779027250.59
2011-10-31,sz.000858,37.64,37.65,36.18,36.69,40487750,1486407126.93
2011-11-01,sz.000858,36.44,37.07,36.25,36.76,24872815,912120485.04
2011-11-02,sz.000858,36.46,36.99,36.33,36.99,19445977,712124287.9
2011-11-03,sz.000858,37.11,37.8,37.11,37.31,24494411,918475401.39
2011-11-04,sz.000858,37.63,37.77,37.25,37.42,12061503,451843742.04
2011-11-07,sz.000858,37.4,37.51,36.79,36.94,10983495,406795078.94
2011-11-08,sz.000858,37.13,37.25,36.88,37.11,8239226,305271066.84
2011-11-09,sz.000858,37.2,37.4,36.64,37.36,16181583,598909224.82
2011-11-10,sz.000858,37.06,37.08,36.54,36.78,14409719,529694551.23
2011-11-11,sz.000858,36.67,36.83,36.11,36.19,14707682,535193015.12
2011-11-14,sz.000858,36.38,36.95,36.2,36.88,17546541,642758243.14
2011-11-15,sz.000858,36.93,36.94,36.2,36.29,15205600,554226936.62
2011-11-17,sz.000858,35.8,36.43,35.74,36.0,16580038,598780894.03
2011-11-18,sz.000858,35.79,35.99,35.1,35.12,16174107,574082189.83
2011-11-21,sz.000858,35.3,35.88,35.0,35.77,15732835,560635868.98
2011-11-22,sz.000858,35.71,36.97,35.6,36.91,30683566,1124730891.34
2011-11-23,sz.000858,37.01,37.74,37.0,37.43,29562136,1104575114.64
2011-11-24,sz.000858,37.2,37.76,37.07,37.37,20130612,753551066.67
2011-11-25,sz.000858,37.35,38.38,37.1,38.07,27157902,1032450840.17
2011-11-28,sz.000858,38.08,38.66,37.85,38.44,23779768,911763353.08
2011-11-29,sz.000858,38.58,38.59,37.9,38.08,21609381,824655368.31
2011-11-30,sz.000858,38.12,38.45,37.23,37.53,19759582,745498327.38
2011-12-01,sz.000858,38.27,38.3,37.6,37.78,21086686,801595711.58
2011-12-02,sz.000858,37.63,38.18,37.38,37.4,13661707,516666564.67
2011-12-05,sz.000858,37.27,37.64,36.3,36.36,19241175,709929124.29
2011-12-06,sz.000858,36.33,36.58,35.53,36.0,14782012,532430791.65
2011-12-07,sz.000858,36.02,36.54,36.02,36.4,8385773,304983927.12
2011-12-08,sz.000858,36.43,36.84,36.05,36.33,6494828,236395905.28
2011-12-09,sz.000858,36.1,36.32,35.3,35.5,17559782,626394975.79
2011-12-12,sz.000858,35.6,35.78,35.23,35.37,9148802,324540150.11
2011-12-13,sz.000858,35.28,35.28,34.4,34.55,15213272,528135074.8
2011-12-14,sz.000858,34.35,34.96,33.97,34.04,13521680,464113138.0
2011-12-15,sz.000858,33.92,34.17,33.61,34.07,14485698,491409188.84
2011-12-16,sz.000858,34.07,34.74,34.07,34.74,14709577,506735575.49
2011-12-19,sz.000858,34.6,34.84,33.8,34.49,15510251,529775293.54
2011-12-20,sz.000858,34.5,35.12,34.26,34.48,9223895,319122603.29
2011-12-21,sz.000858,34.69,34.78,33.57,33.62,10002617,342228701.38
2011-12-22,sz.000858,33.55,34.15,33.34,34.0,12822538,432612543.46
2011-12-23,sz.000858,34.03,34.6,34.01,34.15,9417992,323093930.03
2011-12-26,sz.000858,34.15,34.15,32.98,33.1,18738908,626245141.65
2011-12-27,sz.000858,33.06,33.06,31.8,32.0,20797514,671500540.15
2011-12-28,sz.000858,31.88,32.15,31.48,32.13,12922439,410785299.66
2011-12-29,sz.000858,32.0,32.78,31.88,32.39,13942165,452820362.47
2011-12-30,sz.000858,32.55,33.13,32.4,32.8,12071160,396789993.35
2012-01-04,sz.000858,33.0,33.08,31.36,31.36,17882935,573218373.44
2012-01-05,sz.000858,31.23,31.58,30.88,31.38,13079934,407142583.83
2012-01-06,sz.000858,31.4,31.7,31.08,31.51,11033855,345925148.87
2012-01-09,sz.000858,31.6,31.76,30.01,31.74,22522531,703973780.34
2012-01-10,sz.000858,31.75,32.99,31.5,32.99,25115344,810901616.0
2012-01-11,sz.000858,32.9,32.9,32.1,32.59,19661360,639847652.97
2012-01-12,sz.000858,32.59,33.38,32.5,32.75,14542191,479037781.95
2012-01-13,sz.000858,32.76,32.99,31.88,32.21,12441990,403489391.09
2012-01-16,sz.000858,31.91,31.91,30.08,30.45,25650014,789786718.0
2012-01-17,sz.000858,30.45,31.58,29.82,31.35,32981507,1011265190.61
2012-01-18,sz.000858,31.18,31.4,30.17,30.22,23464220,721369609.96
2012-01-19,sz.000858,30.23,30.98,29.98,30.56,14982840,457802331.2
2012-01-20,sz.000858,30.71,31.8,30.71,31.76,22432151,705111950.85
2012-01-30,sz.000858,31.85,31.95,31.08,31.31,12520417,394169695.75
2012-01-31,sz.000858,31.38,31.99,31.26,31.99,14931839,474117149.73
2012-02-01,sz.000858,31.88,32.52,31.68,31.82,15770264,505670983.36
2012-02-02,sz.000858,31.87,32.09,31.3,32.03,15437323,489094154.53
2012-02-03,sz.000858,31.9,32.2,31.5,32.05,15990875,509833709.46
2012-02-06,sz.000858,32.05,32.63,31.88,32.59,18141486,585969441.82
2012-02-07,sz.000858,32.36,32.63,31.87,31.92,13581860,436315097.88
2012-02-08,sz.000858,31.88,32.75,31.7,32.53,16458798,532134858.36
2012-02-09,sz.000858,32.46,33.33,32.41,32.78,18676607,615466351.27
2012-02-10,sz.000858,32.65,33.0,32.46,32.66,15676272,512288616.7
2012-02-13,sz.000858,32.48,33.3,32.3,32.87,12644330,416282157.59
2012-02-14,sz.000858,32.98,33.15,32.7,32.98,11923915,392508934.52
2012-02-15,sz.000858,32.86,33.59,32.86,33.37,15589318,520113848.54
2012-02-16,sz.000858,33.45,33.45,32.8,33.05,10784720,358031762.19
2012-02-17,sz.000858,33.18,33.36,32.85,33.08,7934870,262488686.84
2012-02-20,sz.000858,33.34,33.43,32.98,33.0,11772300,391073472.2
2012-02-21,sz.000858,33.12,33.25,32.8,33.14,9731841,322319305.96
2012-02-22,sz.000858,33.14,33.28,32.9,33.26,16156195,535454398.61
2012-02-23,sz.000858,33.25,33.8,33.1,33.48,20935827,701504232.96
2012-02-24,sz.000858,33.5,34.28,33.4,34.18,22606467,767724319.31
2012-02-27,sz.000858,34.23,34.48,33.87,34.03,18401729,628574481.03
2012-02-28,sz.000858,33.9,34.86,33.86,34.8,25326615,875171527.76
2012-02-29,sz.000858,34.74,35.98,34.7,35.24,29432573,1042064166.47
2012-03-01,sz.000858,35.01,35.66,34.8,35.0,12850218,453054000.0
2012-03-02,sz.000858,35.05,35.25,34.79,35.14,16788446,586797248.95
2012-03-05,sz.000858,35.24,35.61,34.71,34.8,18289654,641452843.62
2012-03-06,sz.000858,34.65,35.0,34.52,34.55,13602641,472957083.36
2012-03-07,sz.000858,34.3,34.5,33.9,33.96,13771433,471578255.28
2012-03-08,sz.000858,33.93,34.7,33.93,34.26,8957354,307843919.65
2012-03-09,sz.000858,34.32,35.65,34.2,35.64,19684824,690421821.49
2012-03-12,sz.000858,35.68,36.22,35.49,35.83,18675063,669334412.27
2012-03-13,sz.000858,35.8,36.75,35.72,36.6,23186828,844810124.58
2012-03-14,sz.000858,36.75,37.52,35.0,35.5,24862686,905127030.93
2012-03-15,sz.000858,35.8,36.45,35.5,36.22,22207833,801101589.49
2012-03-16,sz.000858,36.28,37.5,36.28,37.35,25432620,943648220.54
2012-03-19,sz.000858,37.37,37.81,36.8,37.0,23453665,873635421.76
2012-03-20,sz.000858,36.97,36.98,36.49,36.5,11056533,405569005.88
2012-03-21,sz.000858,36.56,36.88,35.58,36.01,12100194,437392181.22
2012-03-22,sz.000858,36.0,36.44,35.68,35.7,10064548,362090246.38
2012-03-23,sz.000858,35.83,36.35,35.57,35.75,13536974,486903659.22
2012-03-26,sz.000858,35.6,36.9,35.6,36.9,14525609,529437711.36
2012-03-27,sz.000858,36.0,36.35,34.3,34.5,38061362,1348396374.94
2012-03-28,sz.000858,34.38,34.71,33.45,33.8,26363036,896839494.24
2012-03-29,sz.000858,33.78,34.55,33.45,33.82,17976378,613317117.66
2012-03-30,sz.000858,33.95,34.07,32.55,32.84,18187821,600684650.45
2012-04-05,sz.000858,32.85,34.2,32.45,34.08,20728383,696782709.9
2012-04-06,sz.000858,34.05,34.95,33.85,34.71,18826431,649468874.46
2012-04-09,sz.000858,34.55,34.65,34.01,34.39,9942695,341629469.49
2012-04-10,sz.000858,34.37,34.42,33.62,34.19,9553860,324104087.4
2012-04-11,sz.000858,33.87,35.0,33.8,34.58,8639490,297781036.04
2012-04-12,sz.000858,34.58,35.04,34.1,35.02,12019294,416871385.57
2012-04-13,sz.000858,35.06,35.15,34.64,34.73,9749582,340128619.94
2012-04-16,sz.000858,34.67,34.94,34.29,34.33,10989233,379313220.94
2012-04-17,sz.000858,34.38,34.49,33.75,33.75,12611851,428871194.87
2012-04-18,sz.000858,33.99,34.36,33.62,34.2,13984916,476167580.89
2012-04-19,sz.000858,34.12,34.3,33.38,33.97,23318663,785440946.26
2012-04-23,sz.000858,34.72,34.84,34.05,34.37,21673599,746711635.07
2012-04-24,sz.000858,34.15,34.56,33.71,34.37,13420047,459469242.17
2012-04-25,sz.000858,34.37,34.64,34.11,34.47,15275173,525703355.29
2012-04-26,sz.000858,34.59,35.35,34.46,35.3,20765045,724221086.88
2012-04-27,sz.000858,35.27,36.05,35.16,35.62,25761946,922188970.79
2012-05-02,sz.000858,36.0,36.25,35.55,35.88,25734206,923175274.28
2012-05-03,sz.000858,35.92,36.3,35.9,36.22,19320729,697611734.61
2012-05-04,sz.000858,36.21,37.19,36.1,37.06,29151934,1071417965.81
2012-05-07,sz.000858,37.02,37.5,36.7,37.26,25659478,952417134.49
2012-05-08,sz.000858,37.1,37.21,35.96,36.5,28738365,1046087099.53
2012-05-09,sz.000858,36.0,36.11,35.6,35.68,21872930,783113925.05
2012-05-10,sz.000858,35.7,35.84,35.29,35.59,18447653,654960575.42
2012-05-11,sz.000858,35.59,36.1,35.33,35.75,16238171,581214371.6
2012-05-14,sz.000858,35.98,35.99,34.91,34.98,24261728,854888538.56
2012-05-15,sz.000858,34.79,35.24,34.68,35.17,15434020,540082403.98
2012-05-16,sz.000858,34.71,34.72,33.89,33.92,18926344,647858020.66
2012-05-17,sz.000858,33.93,34.33,33.82,34.25,18160364,618801540.34
2012-05-18,sz.000858,34.01,34.05,33.35,33.55,22490781,757174652.11
2012-05-21,sz.000858,33.57,34.33,33.18,33.96,22024196,744048083.38
2012-05-22,sz.000858,34.09,34.68,34.01,34.63,23973268,825323040.92
2012-05-23,sz.000858,34.4,34.61,33.95,34.2,27052186,926672829.18
2012-05-24,sz.000858,34.0,34.15,32.38,32.59,58385276,1928209093.41
2012-05-25,sz.000858,32.5,32.5,31.45,31.95,42005781,1334538279.03
2012-05-28,sz.000858,31.72,32.43,31.38,32.39,22082876,705664713.1
2012-05-29,sz.000858,32.28,32.58,31.8,32.42,25353664,816583474.76
2012-05-30,sz.000858,32.42,32.77,32.21,32.35,19033201,619452471.38
2012-05-31,sz.000858,32.11,32.41,31.91,32.25,20038496,644552151.74
2012-06-01,sz.000858,32.39,33.65,32.28,33.22,38699535,1279534293.11
2012-06-04,sz.000858,32.79,33.2,32.63,32.69,21399341,704509763.91
2012-06-05,sz.000858,32.79,33.1,32.61,32.78,13282970,435867426.43
2012-06-06,sz.000858,32.78,32.89,32.3,32.46,12320677,399902152.77
2012-06-07,sz.000858,32.74,32.97,32.32,32.49,11585264,378430725.58
2012-06-08,sz.000858,32.8,32.83,32.0,32.55,13551751,439207652.69
2012-06-11,sz.000858,32.49,32.67,31.84,32.19,18433676,592563906.93
2012-06-12,sz.000858,32.08,32.08,31.68,31.74,12809997,407496796.06
2012-06-13,sz.000858,31.8,32.41,31.7,32.36,17127365,550976195.52
2012-06-14,sz.000858,32.4,33.43,32.21,32.94,31931685,1054926848.24
2012-06-15,sz.000858,32.96,33.18,32.53,33.02,17368722,571573123.74
2012-06-18,sz.000858,33.16,33.73,33.1,33.5,18922546,633806713.21
2012-06-19,sz.000858,33.5,33.55,32.99,33.06,11367493,377474245.17
2012-06-20,sz.000858,33.1,33.27,32.75,32.95,7014400,231547412.75
2012-06-21,sz.000858,32.89,32.9,32.28,32.35,9482453,307750750.99
2012-06-25,sz.000858,32.26,32.5,31.92,32.02,11243289,361971152.0
2012-06-26,sz.000858,31.92,32.18,31.7,31.86,12782262,407526952.54
2012-06-27,sz.000858,31.92,32.27,31.86,32.0,9195505,294822666.73
2012-06-28,sz.000858,32.08,32.22,31.78,31.99,10627295,339761509.88
2012-06-29,sz.000858,31.87,32.84,31.78,32.76,17769306,578111549.05
2012-07-02,sz.000858,32.88,33.53,32.5,32.95,29135144,964909036.62
2012-07-03,sz.000858,32.94,33.72,32.72,33.5,32486267,1085165782.33
2012-07-04,sz.000858,33.61,33.68,33.02,33.15,16869105,560210511.03
2012-07-05,sz.000858,33.0,33.0,32.36,32.53,15172521,494828206.82
2012-07-06,sz.000858,32.65,35.58,32.51,35.01,82141424,2826381918.14
2012-07-09,sz.000858,35.6,36.33,35.53,35.6,93394724,3348583518.4
2012-07-10,sz.000858,35.6,36.05,35.19,35.31,44808750,1597993151.45
2012-07-11,sz.000858,35.21,36.87,35.05,36.75,60460512,2179065379.6
2012-07-12,sz.000858,36.7,39.55,36.55,37.99,95740868,3637176019.44
2012-07-13,sz.000858,37.9,38.96,37.47,38.38,49568030,1897375623.51
2012-07-16,sz.000858,38.14,38.59,37.7,37.8,33631113,1282717980.04
2012-07-17,sz.000858,37.68,37.71,36.47,36.86,47362714,1741333493.39
2012-07-18,sz.000858,36.9,37.38,36.06,36.86,37702067,1384093851.64
2012-07-19,sz.000858,36.67,37.02,36.08,36.55,25554592,935153392.32
2012-07-20,sz.000858,36.35,37.07,35.95,35.96,23144568,845566538.19
2012-07-23,sz.000858,35.45,35.82,35.1,35.6,23919319,847260918.77
2012-07-24,sz.000858,35.55,36.34,35.28,35.83,28430835,1018101195.24
2012-07-25,sz.000858,35.69,36.0,34.95,35.3,27222269,966103899.25
2012-07-26,sz.000858,35.1,36.1,35.09,35.33,23216212,829784904.95
2012-07-27,sz.000858,35.4,35.53,34.57,35.5,28162446,987814179.87
2012-07-30,sz.000858,35.3,36.15,35.21,35.93,26654210,957027238.02
2012-07-31,sz.000858,35.91,36.17,34.9,35.0,21165867,754744272.89
2012-08-01,sz.000858,34.88,35.8,34.73,35.26,17138169,604230347.23
2012-08-02,sz.000858,35.22,35.5,34.8,34.93,14627327,512986482.02
2012-08-03,sz.000858,35.0,36.0,34.65,35.95,22637961,800795740.97
2012-08-06,sz.000858,35.7,36.9,35.67,36.6,23979569,870866207.19
2012-08-07,sz.000858,36.58,36.84,36.28,36.59,15858416,578974569.47
2012-08-08,sz.000858,36.6,36.9,35.9,36.05,20094923,730117092.37
2012-08-09,sz.000858,35.99,37.68,35.96,37.46,39202012,1452230818.06
2012-08-10,sz.000858,37.1,37.1,36.23,36.58,30588795,1117966185.23
2012-08-13,sz.000858,36.37,36.66,36.12,36.13,15126523,550831297.16
2012-08-14,sz.000858,36.16,36.88,35.66,36.41,19404264,703444784.17
2012-08-15,sz.000858,36.57,36.76,36.0,36.12,12994477,471537571.41
2012-08-16,sz.000858,36.11,36.25,35.19,35.26,17048709,607693075.23
2012-08-17,sz.000858,35.26,35.44,33.5,34.16,33085097,1132207704.0
2012-08-20,sz.000858,34.16,35.01,33.81,34.85,17823085,614929374.7
2012-08-21,sz.000858,34.88,35.87,34.81,35.3,17396730,616537634.58
2012-08-22,sz.000858,35.39,35.4,34.4,34.6,15301627,530815457.13
2012-08-23,sz.000858,34.61,34.88,33.91,34.42,16022281,548971553.66
2012-08-24,sz.000858,34.25,34.61,33.92,34.2,11969885,411484296.82
2012-08-27,sz.000858,34.2,34.51,33.89,34.22,14292548,489690035.2
2012-08-28,sz.000858,34.22,34.6,33.9,33.91,14134711,484027847.87
2012-08-29,sz.000858,33.8,33.85,33.01,33.06,15713576,523765220.52
2012-08-30,sz.000858,32.84,33.19,31.93,32.48,21802468,706961610.09
2012-08-31,sz.000858,32.45,32.99,32.26,32.57,9485895,311104765.62
2012-09-03,sz.000858,33.02,34.15,33.02,33.89,20817658,703076946.46
2012-09-04,sz.000858,34.29,34.5,33.29,33.53,19560975,662999083.04
2012-09-05,sz.000858,33.42,33.65,33.05,33.47,11089124,370139141.56
2012-09-06,sz.000858,33.5,33.78,32.97,33.5,10048199,335035459.27
2012-09-07,sz.000858,33.8,35.49,33.58,34.7,33946076,1174297207.68
2012-09-10,sz.000858,34.75,34.91,34.23,34.43,20881051,722366292.72
2012-09-11,sz.000858,34.45,34.45,34.05,34.41,13345297,456188801.14
2012-09-12,sz.000858,34.6,34.8,34.1,34.41,12817785,441141880.13
2012-09-13,sz.000858,34.37,34.61,34.23,34.33,10035301,345436777.36
2012-09-14,sz.000858,34.5,34.74,34.12,34.62,14317210,493845029.05
2012-09-17,sz.000858,34.6,34.6,33.7,33.7,15776586,537353731.52
2012-09-18,sz.000858,33.55,33.7,33.27,33.3,8819065,294847652.94
2012-09-19,sz.000858,33.33,33.49,32.55,32.85,18757239,615282657.92
2012-09-20,sz.000858,32.85,32.9,32.2,32.23,14082608,457191282.1
2012-09-21,sz.000858,32.15,32.68,32.06,32.53,9435010,305966954.39
2012-09-24,sz.000858,32.38,32.86,32.01,32.65,11856068,386190307.08
2012-09-25,sz.000858,32.6,33.26,32.45,32.86,11410955,375827944.05
2012-09-26,sz.000858,32.91,33.08,32.35,32.38,10572671,345370706.2
2012-09-27,sz.000858,32.39,33.41,32.35,33.3,16743013,553206912.97
2012-09-28,sz.000858,33.15,33.95,33.05,33.9,20958933,705989991.05
2012-10-08,sz.000858,33.92,33.99,32.8,33.0,15025290,499326758.18
2012-10-09,sz.000858,33.1,33.77,33.1,33.59,13302300,445937026.05
2012-10-10,sz.000858,33.65,33.77,33.18,33.59,13040858,436489431.17
2012-10-11,sz.000858,33.48,33.68,33.26,33.3,11116993,371853465.87
2012-10-12,sz.000858,33.37,33.7,33.21,33.37,7781491,260172577.49
2012-10-15,sz.000858,34.55,34.99,34.18,34.67,38019218,1312441024.72
2012-10-16,sz.000858,34.67,35.73,34.6,35.05,39432903,1388076439.58
2012-10-17,sz.000858,35.21,35.35,34.54,34.9,22975158,802396854.05
2012-10-18,sz.000858,35.0,35.84,34.97,35.24,27047740,957453011.87
2012-10-19,sz.000858,35.43,35.58,34.9,35.13,17908931,630690410.08
2012-10-22,sz.000858,35.04,35.23,34.77,35.0,15676355,548013693.12
2012-10-23,sz.000858,35.0,35.1,34.01,34.05,22904085,788720193.29
2012-10-24,sz.000858,34.05,34.38,34.0,34.09,13771598,470429857.6
2012-10-25,sz.000858,34.17,34.51,33.97,34.12,13351663,457185836.41
2012-10-26,sz.000858,34.19,34.39,33.39,33.58,18568236,627649732.24
2012-10-29,sz.000858,33.6,33.8,33.26,33.69,11320744,379666898.14
2012-10-30,sz.000858,33.71,33.9,33.22,33.7,16947984,569792744.09
2012-10-31,sz.000858,33.68,33.68,33.25,33.6,13039320,436276614.25
2012-11-01,sz.000858,33.68,34.7,33.55,34.6,24806189,850074342.17
2012-11-02,sz.000858,34.65,34.67,34.21,34.45,16339859,562598397.99
2012-11-05,sz.000858,34.45,34.54,33.64,33.69,19669607,666264243.33
2012-11-06,sz.000858,33.7,33.75,32.71,33.02,26429924,872441121.5
2012-11-07,sz.000858,33.02,33.2,32.86,33.13,11201607,370118227.15
2012-11-08,sz.000858,32.94,33.13,32.63,32.72,12462155,409151005.87
2012-11-09,sz.000858,32.69,32.85,32.55,32.73,9459656,309544239.88
2012-11-12,sz.000858,32.75,32.92,32.0,32.36,17390242,563466198.75
2012-11-13,sz.000858,32.37,32.38,31.87,32.02,12477444,399383406.15
2012-11-14,sz.000858,32.05,32.64,31.96,32.64,10820483,349819393.26
2012-11-15,sz.000858,32.5,32.5,32.07,32.1,8139764,262389581.61
2012-11-16,sz.000858,32.11,32.13,30.52,30.91,32824379,1019636638.2
2012-11-19,sz.000858,30.84,30.84,28.28,29.11,52802568,1546329142.48
2012-11-20,sz.000858,28.8,29.45,28.75,28.99,25393530,738621797.71
2012-11-21,sz.000858,28.98,29.28,27.96,28.8,37682171,1070948162.29
2012-11-22,sz.000858,27.8,27.84,27.25,27.46,42334696,1166402011.89
2012-11-23,sz.000858,27.4,28.25,27.4,27.71,38658704,1076011091.47
2012-11-26,sz.000858,27.65,27.82,26.96,27.08,27702929,755910061.91
2012-11-27,sz.000858,27.0,27.55,26.93,27.35,24295693,663443330.0
2012-11-28,sz.000858,27.29,27.29,26.8,27.17,18231409,493538951.16
2012-11-29,sz.000858,27.22,27.59,27.15,27.21,22266300,609251999.74
2012-11-30,sz.000858,27.22,27.3,26.66,26.97,21952551,590615907.09
2012-12-03,sz.000858,26.87,26.88,24.27,24.31,63576490,1605050274.29
2012-12-04,sz.000858,23.79,24.87,23.31,24.66,56213226,1352868083.28
2012-12-05,sz.000858,24.3,25.65,23.99,25.04,67881628,1688558876.1
2012-12-06,sz.000858,24.9,25.14,23.97,24.76,45630615,1120570291.75
2012-12-07,sz.000858,25.1,25.75,24.89,25.61,49941940,1268858496.68
2012-12-10,sz.000858,24.97,26.14,24.7,25.92,63511156,1604896156.55
2012-12-11,sz.000858,25.71,26.43,25.64,25.82,49808471,1293545353.71
2012-12-12,sz.000858,25.98,26.06,25.32,25.91,31971579,822398107.04
2012-12-13,sz.000858,25.89,26.14,24.86,24.96,45748393,1166131971.74
2012-12-14,sz.000858,24.9,25.8,24.7,25.33,67948158,1724511870.37
2012-12-17,sz.000858,25.5,26.87,25.35,26.66,91882911,2396605678.19
2012-12-18,sz.000858,26.6,27.48,26.39,27.19,76262869,2056953549.39
2012-12-19,sz.000858,27.2,28.04,27.2,27.79,57762402,1601732973.04
2012-12-20,sz.000858,27.8,28.06,27.12,27.6,43103084,1190722405.88
2012-12-21,sz.000858,27.7,28.11,27.55,27.78,41790937,1163389372.14
2012-12-24,sz.000858,27.85,27.85,26.48,26.94,48337951,1304302605.35
2012-12-25,sz.000858,26.93,27.53,26.6,27.28,42028537,1144400134.99
2012-12-26,sz.000858,27.2,27.75,27.08,27.53,35638302,977993579.83
2012-12-27,sz.000858,27.61,28.5,27.33,28.01,48595785,1353493921.38
2012-12-28,sz.000858,27.95,28.59,27.88,28.23,35742481,1011137330.07
2012-12-31,sz.000858,28.24,28.45,27.7,28.23,37780927,1057806807.53
2013-01-04,sz.000858,28.47,28.48,27.58,27.9,40950760,1146059307.16
2013-01-07,sz.000858,27.87,27.87,27.23,27.54,32221651,885773241.19
2013-01-08,sz.000858,27.48,28.37,27.4,28.13,41889103,1173208923.7
2013-01-09,sz.000858,28.14,28.84,28.05,28.63,45961705,1314365603.67
2013-01-10,sz.000858,28.75,29.04,28.41,28.54,32177573,923645218.29
2013-01-11,sz.000858,28.95,29.02,28.4,28.78,51735326,1485854995.06
2013-01-14,sz.000858,28.4,28.85,27.68,28.71,62462704,1766635551.06
2013-01-15,sz.000858,28.7,28.73,28.3,28.53,51047361,1455425520.32
2013-01-16,sz.000858,28.27,28.38,27.9,28.11,39454106,1110214155.0
2013-01-17,sz.000858,28.08,28.44,27.97,28.1,27839565,785113918.52
2013-01-18,sz.000858,27.96,28.19,27.14,27.58,55228659,1520900569.75
2013-01-21,sz.000858,27.48,27.48,26.75,26.82,59812335,1616717167.72
2013-01-22,sz.000858,26.73,26.74,25.94,26.36,60346750,1580921726.9
2013-01-23,sz.000858,26.19,26.48,25.97,26.3,39985155,1050352764.05
2013-01-24,sz.000858,26.3,26.42,25.85,25.9,38542639,1007466147.07
2013-01-25,sz.000858,25.63,25.68,25.09,25.12,42059608,1062737978.28
2013-01-28,sz.000858,25.0,25.0,24.09,24.49,67436716,1648130956.73
2013-01-29,sz.000858,24.4,25.25,24.11,25.25,74606110,1850550293.24
2013-01-30,sz.000858,25.23,26.07,25.06,25.8,70134653,1803313441.72
2013-01-31,sz.000858,25.81,25.87,25.28,25.5,39091267,995594851.17
2013-02-01,sz.000858,25.51,25.97,25.33,25.58,38419805,985177222.66
2013-02-04,sz.000858,25.65,25.73,25.01,25.26,40202774,1013049910.89
2013-02-05,sz.000858,25.27,26.4,25.02,26.36,63305231,1633060878.12
2013-02-06,sz.000858,26.35,26.43,25.88,26.09,43646065,1140924416.76
2013-02-07,sz.000858,26.11,26.28,25.78,25.9,38282093,994657850.06
2013-02-08,sz.000858,25.9,26.16,25.83,25.91,37003686,961037789.45
2013-02-18,sz.000858,25.95,25.97,25.2,25.2,36030028,914626747.18
2013-02-19,sz.000858,25.1,25.33,24.8,24.81,42379153,1059474705.43
2013-02-20,sz.000858,24.8,24.88,24.3,24.77,29005603,715059624.39
2013-02-21,sz.000858,24.57,25.48,24.4,25.12,52271925,1313834181.17
2013-02-22,sz.000858,25.1,26.04,25.01,25.77,62231927,1604496345.97
2013-02-25,sz.000858,25.7,25.7,25.12,25.19,30444542,770001283.46
2013-02-26,sz.000858,25.19,25.49,24.55,24.62,40866267,1019373733.68
2013-02-27,sz.000858,24.62,24.81,24.44,24.54,23073835,567314160.84
2013-02-28,sz.000858,24.63,24.68,24.0,24.44,44314398,1075803061.14
2013-03-01,sz.000858,24.45,24.68,24.27,24.56,30673429,750870751.18
2013-03-04,sz.000858,24.5,24.87,24.03,24.2,30379746,743036663.67
2013-03-05,sz.000858,24.15,24.49,24.15,24.31,22632147,550785226.4
2013-03-06,sz.000858,24.36,24.79,24.13,24.74,38240601,932664156.19
2013-03-07,sz.000858,24.73,25.58,24.64,25.11,56317667,1421779857.61
2013-03-08,sz.000858,25.13,25.25,24.79,24.8,20795902,519637166.45
2013-03-11,sz.000858,24.78,24.78,24.33,24.5,17216654,421641443.95
2013-03-12,sz.000858,24.5,24.74,24.13,24.27,19705679,480346124.42
2013-03-13,sz.000858,24.27,24.55,24.16,24.34,14646691,356251280.98
2013-03-14,sz.000858,24.3,24.37,24.05,24.25,16571390,400397449.25
2013-03-15,sz.000858,24.11,24.25,23.7,24.0,24163639,578979492.51
2013-03-18,sz.000858,23.98,24.0,22.9,22.91,38563107,895728384.0
2013-03-19,sz.000858,22.78,23.0,22.05,22.44,28699764,645614080.0
2013-03-20,sz.000858,22.39,23.14,22.3,22.97,24836649,565945280.0
2013-03-21,sz.000858,22.86,23.27,22.7,23.05,22602526,520461440.0
2013-03-22,sz.000858,23.05,23.36,22.92,23.13,15407375,357354176.0
2013-03-25,sz.000858,23.13,23.23,22.91,23.0,12497806,287921664.0
2013-03-26,sz.000858,22.99,23.19,22.87,22.94,14751502,339627584.0
2013-03-27,sz.000858,22.95,23.07,22.17,22.3,30934357,694303616.0
2013-03-28,sz.000858,22.18,22.18,21.51,21.89,27491007,600306240.0
2013-03-29,sz.000858,21.89,22.49,21.72,22.34,28208093,624075968.0
2013-04-01,sz.000858,22.31,22.32,21.8,21.93,15343038,337148448.0
2013-04-02,sz.000858,22.25,22.34,21.96,22.02,23607101,521652384.0
2013-04-03,sz.000858,22.06,22.18,21.86,21.95,13639640,299843648.0
2013-04-08,sz.000858,21.7,21.91,21.3,21.76,20142420,434806688.0
2013-04-09,sz.000858,21.75,22.05,21.71,21.77,13799299,301331264.0
2013-04-10,sz.000858,21.77,23.1,21.7,22.76,41401476,934528576.0
2013-04-11,sz.000858,22.76,22.77,22.24,22.26,19510341,438544960.0
2013-04-12,sz.000858,22.23,22.94,22.15,22.48,22684519,512813056.0
2013-04-15,sz.000858,22.4,22.6,22.02,22.18,14328190,318481952.0
2013-04-16,sz.000858,21.9,22.28,21.8,22.12,13843210,304964576.0
2013-04-17,sz.000858,22.08,22.6,22.08,22.49,21581843,483481728.0
2013-04-18,sz.000858,22.43,22.6,22.14,22.3,14705303,328864960.0
2013-04-19,sz.000858,22.31,22.75,22.31,22.64,23349376,526092448.0
2013-04-22,sz.000858,22.48,22.6,22.09,22.12,26883880,598560768.0
2013-04-23,sz.000858,22.23,22.56,22.1,22.18,26090121,582809344.0
2013-04-24,sz.000858,22.28,22.34,21.77,22.16,21298156,469046144.0
2013-04-25,sz.000858,22.01,22.32,21.84,22.0,15618301,345103936.0
2013-04-26,sz.000858,22.09,22.29,21.85,21.95,13457108,297275296.0
2013-05-02,sz.000858,21.94,21.94,21.37,21.47,17546991,377235872.0
2013-05-03,sz.000858,21.47,21.81,21.47,21.62,14289939,309286304.0
2013-05-06,sz.000858,21.62,22.31,21.62,22.29,22143542,488450176.0
2013-05-07,sz.000858,22.31,22.98,22.3,22.87,42309428,962236032.0
2013-05-08,sz.000858,22.87,22.94,22.53,22.73,22595049,513400192.0
2013-05-09,sz.000858,22.78,23.35,22.74,23.14,37955033,877953216.0
2013-05-10,sz.000858,23.14,23.36,22.95,23.15,22105941,512858816.0
2013-05-13,sz.000858,23.2,23.56,23.04,23.16,22182466,516662656.0
2013-05-14,sz.000858,23.1,23.1,22.55,22.63,17344953,394010304.0
2013-05-15,sz.000858,22.64,22.96,22.64,22.73,10633911,242210832.0
2013-05-16,sz.000858,22.7,23.02,22.47,22.9,18041089,412250752.0
2013-05-17,sz.000858,22.9,23.45,22.85,23.4,26848255,623505152.0
2013-05-20,sz.000858,23.55,23.84,23.45,23.48,24283298,574064640.0
2013-05-21,sz.000858,23.51,23.53,23.23,23.5,19535193,456564608.0
2013-05-22,sz.000858,23.52,24.22,23.52,24.22,42357710,1013750656.0
2013-05-23,sz.000858,24.2,24.56,23.85,23.98,40443875,983047040.0
2013-05-24,sz.000858,24.02,24.43,24.02,24.19,24412074,591197120.0
2013-05-27,sz.000858,24.15,24.16,23.86,23.98,19000291,455433728.0
2013-05-28,sz.000858,23.98,24.33,23.73,24.27,21013388,505921600.0
2013-05-29,sz.000858,24.28,24.64,24.25,24.27,21819269,533474048.0
2013-05-30,sz.000858,24.2,24.33,23.9,24.0,17585467,423009632.0
2013-05-31,sz.000858,24.1,24.17,23.72,23.75,13901107,332544832.0
2013-06-03,sz.000858,23.75,23.96,23.64,23.79,17360834,413241248.0
2013-06-04,sz.000858,23.75,23.88,23.44,23.46,18047515,426372224.0
2013-06-05,sz.000858,23.46,23.78,23.24,23.71,14549012,342476544.0
2013-06-06,sz.000858,23.72,24.1,23.59,23.59,18029170,429072992.0
2013-06-07,sz.000858,22.91,22.95,22.08,22.22,17561869,395684288.0
2013-06-13,sz.000858,22.01,22.01,21.19,21.48,19057619,411544320.0
2013-06-14,sz.000858,21.55,21.73,21.44,21.48,13262108,285775552.0
2013-06-17,sz.000858,21.5,21.59,21.01,21.15,16610032,353632960.0
2013-06-18,sz.000858,21.15,21.36,21.14,21.3,10891730,231459504.0
2013-06-19,sz.000858,21.27,21.9,21.01,21.77,20907322,448826688.0
2013-06-20,sz.000858,21.64,21.78,21.13,21.19,13742900,294516384.0
2013-06-21,sz.000858,20.98,21.47,20.75,21.17,13005100,275954048.0
2013-06-24,sz.000858,21.23,21.3,20.2,20.2,22185472,460495104.0
2013-06-25,sz.000858,20.15,20.5,18.9,19.8,30114300,594777408.0
2013-06-26,sz.000858,19.9,19.9,19.27,19.69,20633780,404408032.0
2013-06-27,sz.000858,19.7,20.1,19.56,19.56,16556799,329030336.0
2013-06-28,sz.000858,19.56,20.27,19.52,20.04,18173302,363638656.0
2013-07-01,sz.000858,19.95,20.23,19.75,19.97,11457144,228571904.0
2013-07-02,sz.000858,20.05,20.55,19.65,20.4,21851794,441515840.0
2013-07-03,sz.000858,20.41,20.41,20.0,20.16,12258511,247555920.0
2013-07-04,sz.000858,20.06,20.4,19.9,20.1,14325098,289334080.0
2013-07-05,sz.000858,20.07,20.44,20.06,20.12,13935127,282569216.0
2013-07-08,sz.000858,19.99,19.99,19.66,19.67,14040831,277835840.0
2013-07-09,sz.000858,19.61,19.75,19.54,19.59,7945894,156111808.0
2013-07-10,sz.000858,19.59,19.97,19.54,19.95,10093552,199355312.0
2013-07-11,sz.000858,20.01,21.02,19.9,20.78,31801521,654801024.0
2013-07-12,sz.000858,20.69,20.8,20.15,20.18,20469351,419330144.0
2013-07-15,sz.000858,20.33,20.39,19.95,20.16,19970021,402239712.0
2013-07-16,sz.000858,20.18,20.66,19.96,20.53,23813285,485372608.0
2013-07-17,sz.000858,20.46,20.57,20.12,20.12,16162447,328596736.0
2013-07-18,sz.000858,20.08,20.2,19.9,19.9,11408753,228197024.0
2013-07-19,sz.000858,19.89,20.0,19.3,19.3,25736999,503304928.0
2013-07-22,sz.000858,19.15,19.46,19.01,19.31,10488332,201831904.0
2013-07-23,sz.000858,19.45,19.73,19.32,19.59,14597843,285940928.0
2013-07-24,sz.000858,19.58,19.68,19.2,19.31,18004259,349020512.0
2013-07-25,sz.000858,19.45,19.93,19.21,19.54,25265391,496074304.0
2013-07-26,sz.000858,19.49,19.53,19.16,19.25,16433868,317299072.0
2013-07-29,sz.000858,19.15,19.17,18.86,18.91,15309015,291203008.0
2013-07-30,sz.000858,19.0,19.28,18.82,19.04,11922865,227428640.0
2013-07-31,sz.000858,19.26,19.31,18.91,18.95,10555645,201190896.0
2013-08-01,sz.000858,19.13,19.28,18.98,19.22,14572798,279159424.0
2013-08-02,sz.000858,19.25,19.5,19.24,19.25,16418467,317582560.0
2013-08-05,sz.000858,19.27,19.4,19.18,19.37,11241886,216908448.0
2013-08-06,sz.000858,19.43,19.59,19.24,19.49,18765667,364284864.0
2013-08-07,sz.000858,19.47,19.65,19.33,19.38,26081808,507862112.0
2013-08-08,sz.000858,19.33,19.45,19.25,19.27,13519121,261272800.0
2013-08-09,sz.000858,19.37,19.43,19.01,19.11,19296278,369710048.0
2013-08-12,sz.000858,19.1,19.68,19.1,19.68,35225573,686351104.0
2013-08-13,sz.000858,19.7,19.95,19.63,19.81,24263911,479745248.0
2013-08-14,sz.000858,19.81,20.1,19.6,19.65,25961966,516275040.0
2013-08-15,sz.000858,20.1,20.4,19.92,20.12,46953123,947480192.0
2013-08-16,sz.000858,20.1,20.6,19.99,20.09,38054015,770497088.0
2013-08-19,sz.000858,20.01,20.09,19.64,19.8,33115183,655020928.0
2013-08-20,sz.000858,19.7,19.94,19.61,19.69,24060145,475153920.0
2013-08-21,sz.000858,19.71,19.77,19.61,19.73,15304293,301474496.0
2013-08-22,sz.000858,19.7,19.86,19.63,19.66,13140905,259121280.0
2013-08-23,sz.000858,19.71,19.76,19.2,19.38,17678902,344287424.0
2013-08-26,sz.000858,19.41,19.56,19.25,19.55,21720438,422325504.0
2013-08-27,sz.000858,19.5,19.92,19.47,19.89,25925544,511160640.0
2013-08-28,sz.000858,19.7,19.78,19.51,19.6,18496841,363251360.0
2013-08-29,sz.000858,19.58,19.66,19.31,19.4,18801567,365528928.0
2013-08-30,sz.000858,19.4,19.51,19.32,19.37,13743701,266682496.0
2013-09-02,sz.000858,19.3,19.35,18.28,18.33,59307709,1095609728.0
2013-09-03,sz.000858,18.35,18.7,18.3,18.6,28964359,535915392.0
2013-09-04,sz.000858,18.59,18.7,18.52,18.57,16543675,307620544.0
2013-09-05,sz.000858,18.6,18.86,18.44,18.65,19890820,370104576.0
2013-09-06,sz.000858,18.65,18.85,18.65,18.67,16896479,316429248.0
2013-09-09,sz.000858,18.74,18.94,18.65,18.88,29063260,547252480.0
2013-09-10,sz.000858,18.9,19.07,18.8,19.06,23548055,446266304.0
2013-09-11,sz.000858,19.09,19.46,18.96,19.34,36917436,710391056.0
2013-09-12,sz.000858,19.32,19.47,19.14,19.17,25482767,490556688.0
2013-09-13,sz.000858,19.14,19.68,19.14,19.39,38182379,741048832.0
2013-09-16,sz.000858,19.45,19.46,19.04,19.07,21672763,416270128.0
2013-09-17,sz.000858,19.06,19.07,18.43,18.48,30815083,574817984.0
2013-09-18,sz.000858,18.48,18.65,18.43,18.45,15355618,284560880.0
2013-09-23,sz.000858,18.47,18.6,18.46,18.55,15156314,280996768.0
2013-09-24,sz.000858,18.73,18.77,18.32,18.6,25453017,472020720.0
2013-09-25,sz.000858,18.64,18.74,18.38,18.4,20077054,372205248.0
2013-09-26,sz.000858,18.38,18.48,18.14,18.16,19917778,363900272.0
2013-09-27,sz.000858,18.18,18.27,17.93,17.96,19007147,342820400.0
2013-09-30,sz.000858,17.96,18.06,17.82,18.0,14095880,252660155.0
2013-10-08,sz.000858,17.92,18.1,17.72,18.07,15391541,275655552.0
2013-10-09,sz.000858,18.02,18.07,17.89,18.01,15390099,276476560.0
2013-10-10,sz.000858,18.0,18.0,17.8,17.8,16293571,291570512.0
2013-10-11,sz.000858,17.8,17.92,17.77,17.88,18537286,330834048.0
2013-10-14,sz.000858,18.0,18.54,17.91,18.36,36518400,668389152.0
2013-10-15,sz.000858,18.34,18.53,18.18,18.38,22278069,408742992.0
2013-10-16,sz.000858,18.47,18.65,18.08,18.16,26026853,477462176.0
2013-10-17,sz.000858,18.2,18.32,18.07,18.19,15712301,285778928.0
2013-10-18,sz.000858,18.2,18.29,17.93,18.03,13940430,251869064.0
2013-10-21,sz.000858,18.04,18.27,18.0,18.24,16039418,291165648.0
2013-10-22,sz.000858,18.22,18.36,18.11,18.14,12978410,236409699.0
2013-10-23,sz.000858,18.16,18.3,17.99,18.02,14942707,270820064.0
2013-10-24,sz.000858,18.04,18.07,17.79,17.85,17376670,311162128.0
2013-10-25,sz.000858,17.85,17.9,17.4,17.47,22666728,399597376.0
2013-10-28,sz.000858,16.45,16.62,16.05,16.29,53869873,878913408.0
2013-10-29,sz.000858,16.18,16.31,16.01,16.1,28043814,452602048.0
2013-10-30,sz.000858,16.1,16.19,16.02,16.12,16149467,259876985.0
2013-10-31,sz.000858,16.09,16.48,16.05,16.31,26973009,439267312.0
2013-11-01,sz.000858,16.21,16.3,16.05,16.15,14859173,239840535.0
2013-11-04,sz.000858,16.2,16.25,16.11,16.12,12250997,198065655.0
2013-11-05,sz.000858,16.12,16.14,15.89,16.07,15550607,248869116.0
2013-11-06,sz.000858,16.01,16.45,15.99,16.27,26867226,437079536.0
2013-11-07,sz.000858,16.19,16.4,16.08,16.2,12693753,205907472.0
2013-11-08,sz.000858,16.13,16.55,16.12,16.26,16803012,274982336.0
2013-11-11,sz.000858,16.27,16.63,16.18,16.51,25123771,413765008.0
2013-11-12,sz.000858,16.51,17.27,16.37,17.04,41629098,702332592.0
2013-11-13,sz.000858,16.9,17.12,16.6,16.62,25307711,426497936.0
2013-11-14,sz.000858,16.62,16.7,16.44,16.48,12900920,213264683.0
2013-11-15,sz.000858,16.48,16.8,16.48,16.6,17468873,290971248.0
2013-11-18,sz.000858,16.68,16.85,16.59,16.84,21240954,354894576.0
2013-11-19,sz.000858,16.82,17.04,16.74,16.8,18535456,312923936.0
2013-11-20,sz.000858,16.97,16.98,16.68,16.84,14735253,247159432.0
2013-11-21,sz.000858,16.78,16.78,16.52,16.57,13452765,223346608.0
2013-11-22,sz.000858,16.73,16.73,16.54,16.56,9082452,150882339.0
2013-11-25,sz.000858,16.49,16.83,16.44,16.63,13029927,217555668.0
2013-11-26,sz.000858,16.6,16.72,16.5,16.51,11503837,190822072.0
2013-11-27,sz.000858,16.51,16.64,16.38,16.5,11862161,195737351.0
2013-11-28,sz.000858,16.53,16.78,16.53,16.69,15542930,259481092.0
2013-11-29,sz.000858,16.71,16.78,16.61,16.75,14957424,249819281.0
2013-12-02,sz.000858,16.7,16.7,16.29,16.33,20047206,331076016.0
2013-12-03,sz.000858,16.32,16.68,16.29,16.64,13570892,224422586.0
2013-12-04,sz.000858,16.6,16.85,16.54,16.75,19130573,320464816.0
2013-12-05,sz.000858,16.74,16.79,16.65,16.72,10475780,175166915.0
2013-12-06,sz.000858,16.7,16.88,16.68,16.86,15792736,265574547.0
2013-12-09,sz.000858,16.84,16.96,16.68,16.81,17728564,298412720.0
2013-12-10,sz.000858,16.81,16.88,16.68,16.74,10307605,172618112.0
2013-12-11,sz.000858,16.69,16.78,16.5,16.56,13096751,217900866.0
2013-12-12,sz.000858,16.51,16.63,16.38,16.41,10081517,166546472.0
2013-12-13,sz.000858,16.31,16.47,16.29,16.34,9286049,152063625.0
2013-12-16,sz.000858,16.4,16.41,15.97,15.98,14625066,236020638.0
2013-12-17,sz.000858,15.98,16.16,15.98,16.06,9033546,145316514.0
2013-12-18,sz.000858,16.05,16.13,16.05,16.07,6324660,101672539.0
2013-12-19,sz.000858,16.12,16.15,15.9,15.91,11195400,178839505.0
2013-12-20,sz.000858,15.96,16.0,15.2,15.2,20476604,318925712.0
2013-12-23,sz.000858,15.3,15.37,15.12,15.26,12026190,183359509.0
2013-12-24,sz.000858,15.27,15.38,15.12,15.22,8881266,135593678.0
2013-12-25,sz.000858,15.22,15.3,15.15,15.21,7771108,118298564.0
2013-12-26,sz.000858,15.21,15.26,14.63,14.77,21730927,323162384.0
2013-12-27,sz.000858,14.77,15.24,14.7,15.19,16769529,251468797.0
2013-12-30,sz.000858,15.2,15.24,14.88,14.91,13853602,208015225.0
2013-12-31,sz.000858,14.9,15.8,14.81,15.66,37631158,582776752.0
2014-01-02,sz.000858,15.5,15.59,15.37,15.44,15425058,238222463.0
2014-01-03,sz.000858,15.33,15.38,15.05,15.19,11183514,169720578.0
2014-01-06,sz.000858,15.14,15.14,14.57,14.6,21744870,320079776.0
2014-01-07,sz.000858,14.51,14.68,14.46,14.63,12657043,184332432.0
2014-01-08,sz.000858,14.63,14.74,14.46,14.47,12094031,175865212.0
2014-01-09,sz.000858,14.41,15.36,14.33,14.77,33252622,495936784.0
2014-01-10,sz.000858,14.6,14.86,14.54,14.66,16649868,244335979.0
2014-01-13,sz.000858,14.75,15.09,14.62,14.93,21492296,320652848.0
2014-01-14,sz.000858,14.94,15.43,14.84,15.29,25716885,391661696.0
2014-01-15,sz.000858,15.27,15.27,14.91,15.0,13773145,207174516.0
2014-01-16,sz.000858,15.01,15.24,14.87,15.04,15318119,230677995.0
2014-01-17,sz.000858,14.98,14.98,14.66,14.71,12882669,190763806.0
2014-01-20,sz.000858,14.65,15.1,14.62,14.84,16857060,250660496.0
2014-01-21,sz.000858,14.8,14.92,14.69,14.74,13519152,200103289.0
2014-01-22,sz.000858,14.75,15.25,14.71,15.18,31446383,474832544.0
2014-01-23,sz.000858,15.15,15.25,14.95,15.13,23734912,358375216.0
2014-01-24,sz.000858,15.1,15.24,15.04,15.09,20378498,308412928.0
2014-01-27,sz.000858,15.0,15.45,15.0,15.25,30899138,471958992.0
2014-01-28,sz.000858,15.25,15.31,15.06,15.13,14174060,214767038.0
2014-01-29,sz.000858,15.17,15.26,14.77,14.85,19207808,287143984.0
2014-01-30,sz.000858,14.82,14.84,14.56,14.64,12628279,185038040.0
2014-02-07,sz.000858,14.52,14.71,14.52,14.7,10503916,153746283.0
2014-02-10,sz.000858,14.69,14.91,14.65,14.83,18039535,267034562.0
2014-02-11,sz.000858,14.83,15.1,14.73,14.95,25416692,380170912.0
2014-02-12,sz.000858,15.0,15.08,14.82,15.01,17561024,262495026.0
2014-02-13,sz.000858,15.0,15.22,14.96,15.02,22739401,343504608.0
2014-02-14,sz.000858,15.04,15.54,15.03,15.52,45407832,698116560.0
2014-02-17,sz.000858,15.62,16.48,15.6,16.18,74677490,1200858832.0
2014-02-18,sz.000858,16.1,16.34,15.9,16.04,33013903,530213888.0
2014-02-19,sz.000858,16.05,16.45,16.02,16.07,34993572,567892832.0
2014-02-20,sz.000858,16.1,16.21,15.7,15.8,22540145,358451888.0
2014-02-21,sz.000858,15.75,15.96,15.66,15.95,22482600,355658352.0
2014-02-24,sz.000858,15.87,15.96,15.59,15.76,16621217,261583681.0
2014-02-25,sz.000858,15.75,15.82,15.06,15.11,30495612,467500928.0
2014-02-26,sz.000858,15.02,15.21,14.81,15.1,17066700,256394593.0
2014-02-27,sz.000858,15.13,15.23,14.98,15.1,13481918,203389873.0
2014-02-28,sz.000858,15.09,15.38,15.04,15.27,15272394,232712208.0
2014-03-03,sz.000858,15.2,15.81,15.04,15.78,30923150,479945664.0
2014-03-04,sz.000858,15.6,16.29,15.53,15.9,35644995,569434304.0
2014-03-05,sz.000858,16.0,16.33,15.71,16.17,38200173,615110448.0
2014-03-06,sz.000858,16.1,16.26,15.85,16.11,22473240,361643040.0
2014-03-07,sz.000858,16.09,16.34,15.8,16.16,27467206,442260480.0
2014-03-10,sz.000858,16.0,16.09,15.44,15.45,25199517,396910464.0
2014-03-11,sz.000858,15.4,16.66,15.35,16.59,63279389,1026347664.0
2014-03-12,sz.000858,16.61,17.12,16.41,16.73,80309452,1351401648.0
2014-03-13,sz.000858,16.78,17.9,16.73,17.8,92677456,1622924432.0
2014-03-14,sz.000858,17.6,17.84,17.37,17.58,45678146,801674928.0
2014-03-17,sz.000858,17.58,17.87,17.31,17.76,35158511,618133232.0
2014-03-18,sz.000858,17.64,18.47,17.63,18.03,63742767,1158956912.0
2014-03-19,sz.000858,17.82,17.98,17.39,17.55,30551824,538516240.0
2014-03-20,sz.000858,17.46,17.75,17.01,17.02,30235416,523716992.0
2014-03-21,sz.000858,17.0,17.48,16.96,17.4,24747609,425909072.0
2014-03-24,sz.000858,17.38,17.8,17.2,17.78,27636507,485549760.0
2014-03-25,sz.000858,17.6,17.6,16.99,17.25,30901563,531855376.0
2014-03-26,sz.000858,17.25,17.56,17.05,17.09,19553862,338446656.0
2014-03-27,sz.000858,17.09,17.27,17.02,17.06,15551363,266892692.0
2014-03-28,sz.000858,17.03,17.19,16.48,16.6,25566414,427437328.0
2014-03-31,sz.000858,16.56,16.89,16.56,16.67,12286064,205773836.0
2014-04-01,sz.000858,16.64,17.25,16.57,17.23,23443026,397270384.0
2014-04-02,sz.000858,17.17,17.64,17.1,17.28,25561192,444706832.0
2014-04-03,sz.000858,17.34,17.4,17.17,17.19,11481833,198239714.0
2014-04-04,sz.000858,17.14,17.19,16.85,17.17,10786249,183718366.0
2014-04-08,sz.000858,17.08,17.28,16.84,17.22,17745755,303625824.0
2014-04-09,sz.000858,17.25,17.57,17.12,17.33,19207060,333265328.0
2014-04-10,sz.000858,17.28,17.56,17.12,17.45,18022156,312270064.0
2014-04-11,sz.000858,17.45,18.3,17.37,18.17,52912797,955341824.0
2014-04-14,sz.000858,18.0,18.17,17.87,17.97,17181172,309063296.0
2014-04-15,sz.000858,17.95,18.01,17.58,17.6,16235640,287928016.0
2014-04-16,sz.000858,17.65,17.77,17.5,17.61,10097071,177971815.0
2014-04-17,sz.000858,17.62,17.82,17.55,17.67,9974816,176301991.0
2014-04-18,sz.000858,17.59,17.85,17.5,17.66,8881713,157104147.0
2014-04-21,sz.000858,17.55,17.72,17.08,17.18,12120224,211257829.0
2014-04-22,sz.000858,17.12,17.27,16.89,17.09,12836384,218813405.0
2014-04-23,sz.000858,17.09,17.86,17.01,17.7,24092220,424436928.0
2014-04-24,sz.000858,17.7,17.92,17.48,17.87,15400971,272804112.0
2014-04-25,sz.000858,17.67,17.75,17.2,17.24,18759319,328030560.0
2014-04-28,sz.000858,17.3,17.55,17.0,17.21,16961312,293681360.0
2014-04-29,sz.000858,17.1,17.8,17.07,17.57,14902138,261171867.0
2014-04-30,sz.000858,17.55,17.8,17.46,17.6,12733463,224379517.0
2014-05-05,sz.000858,17.49,17.49,16.84,17.14,15741280,269063120.0
2014-05-06,sz.000858,17.03,17.24,16.97,17.06,8413726,143878407.0
2014-05-07,sz.000858,17.07,17.12,16.96,17.0,5890938,100275376.0
2014-05-08,sz.000858,17.0,17.21,16.9,16.91,7102281,121029464.0
2014-05-09,sz.000858,16.88,17.09,16.78,16.91,10112097,170790387.0
2014-05-12,sz.000858,17.0,17.34,16.9,17.15,16083836,275674032.0
2014-05-13,sz.000858,17.15,17.35,17.08,17.26,10657399,183597272.0
2014-05-14,sz.000858,17.26,17.3,16.87,16.95,13271254,225897960.0
2014-05-15,sz.000858,16.95,17.04,16.7,16.73,9744498,164076281.0
2014-05-16,sz.000858,16.7,16.89,16.7,16.82,5195691,87295909.0
2014-05-19,sz.000858,16.59,16.7,16.18,16.4,14671643,239866068.0
2014-05-20,sz.000858,16.45,16.49,15.99,16.09,16733813,269880432.0
2014-05-21,sz.000858,16.0,16.48,15.95,16.44,13461369,218921914.0
2014-05-22,sz.000858,16.33,16.57,16.29,16.39,6687493,109848277.0
2014-05-23,sz.000858,16.38,16.57,16.26,16.5,5243911,86151182.0
2014-05-26,sz.000858,16.59,16.76,16.55,16.59,5830829,97113906.0
2014-05-27,sz.000858,16.58,16.82,16.51,16.62,6579678,109973712.0
2014-05-28,sz.000858,16.62,16.9,16.55,16.84,10657634,178850794.0
2014-05-29,sz.000858,16.84,17.02,16.75,16.79,7624925,128801908.0
2014-05-30,sz.000858,16.79,16.95,16.76,16.78,4577037,77018460.0
2014-06-03,sz.000858,16.78,16.96,16.65,16.71,5368137,90028541.0
2014-06-04,sz.000858,16.71,16.76,16.46,16.52,5310355,88091764.0
2014-06-05,sz.000858,16.5,16.84,16.44,16.83,6292424,104817575.0
2014-06-06,sz.000858,16.9,17.03,16.8,16.95,9823385,166429180.0
2014-06-09,sz.000858,17.0,17.01,16.83,16.93,5559924,94113900.0
2014-06-10,sz.000858,16.94,17.45,16.94,17.4,18391188,317974784.0
2014-06-11,sz.000858,17.39,17.6,17.35,17.51,10392211,181581263.0
2014-06-12,sz.000858,17.5,17.8,17.35,17.53,9243485,162419004.0
2014-06-13,sz.000858,17.51,17.82,17.46,17.7,11833087,209520326.0
2014-06-16,sz.000858,17.68,17.78,17.38,17.47,10555014,185235252.0
2014-06-17,sz.000858,17.47,17.47,16.98,17.15,14817577,255013985.0
2014-06-18,sz.000858,17.15,17.33,17.06,17.17,7475481,128745581.0
2014-06-19,sz.000858,17.16,17.3,17.08,17.18,6411762,110036514.0
2014-06-20,sz.000858,17.24,17.24,16.92,17.04,7626707,129808632.0
2014-06-23,sz.000858,17.05,17.28,17.05,17.25,6000203,103134893.0
2014-06-24,sz.000858,17.24,17.7,17.2,17.63,13845072,243073761.0
2014-06-25,sz.000858,17.63,17.63,17.47,17.49,7987254,140225538.0
2014-06-26,sz.000858,17.58,18.01,17.55,17.74,13965412,249224021.0
2014-06-27,sz.000858,17.74,17.85,17.62,17.84,10433771,185237547.0
2014-06-30,sz.000858,17.83,18.2,17.81,17.93,20585893,371934656.0
2014-07-01,sz.000858,17.33,17.33,16.95,17.01,12935837,221100046.0
2014-07-02,sz.000858,17.03,17.13,16.97,17.07,8922618,152165112.0
2014-07-03,sz.000858,17.07,17.44,17.02,17.41,13871807,240134924.0
2014-07-04,sz.000858,17.41,17.45,17.28,17.36,10612235,184372240.0
2014-07-07,sz.000858,17.31,17.69,17.29,17.62,11952978,209567226.0
2014-07-08,sz.000858,17.69,17.9,17.46,17.73,13763255,243934769.0
2014-07-09,sz.000858,17.68,18.0,17.31,17.31,14695776,258816612.0
2014-07-10,sz.000858,17.31,17.98,17.31,17.72,16037351,284776336.0
2014-07-11,sz.000858,17.71,18.11,17.63,17.91,15825789,284049216.0
2014-07-14,sz.000858,17.91,19.0,17.9,18.96,44350087,824107600.0
2014-07-15,sz.000858,18.9,19.82,18.86,19.21,50673281,986900016.0
2014-07-16,sz.000858,19.23,19.68,19.0,19.16,19522731,377175488.0
2014-07-17,sz.000858,19.13,19.19,18.44,18.72,26890170,502854256.0
2014-07-18,sz.000858,18.53,19.7,18.53,19.3,30932193,596298320.0
2014-07-21,sz.000858,19.2,19.66,18.95,18.95,18742812,361875104.0
2014-07-22,sz.000858,18.91,19.62,18.91,19.49,21078087,410048736.0
2014-07-23,sz.000858,19.44,19.77,19.26,19.48,12408508,241964771.0
2014-07-24,sz.000858,19.55,19.88,19.2,19.5,18113705,354947024.0
2014-07-25,sz.000858,19.51,19.74,19.35,19.63,18712120,365608272.0
2014-07-28,sz.000858,19.66,20.35,19.66,20.02,26938601,539365840.0
2014-07-29,sz.000858,20.08,20.11,19.51,19.53,25900951,510974112.0
2014-07-30,sz.000858,19.48,19.68,18.85,19.23,38416798,736879904.0
2014-07-31,sz.000858,19.18,19.45,19.12,19.39,15725849,303499600.0
2014-08-01,sz.000858,19.33,19.68,19.28,19.3,19594926,382363552.0
2014-08-04,sz.000858,19.3,19.72,19.3,19.68,18411471,360877136.0
2014-08-05,sz.000858,19.68,19.79,19.25,19.5,19757750,384371088.0
2014-08-06,sz.000858,19.37,19.47,19.17,19.39,14316866,276068528.0
2014-08-07,sz.000858,19.33,19.47,18.9,18.97,25664193,491469120.0
2014-08-08,sz.000858,18.95,19.13,18.75,19.03,16571442,313869264.0
2014-08-11,sz.000858,19.02,19.31,18.99,19.19,14099768,270539648.0
2014-08-12,sz.000858,19.19,19.32,19.08,19.18,11938667,229253240.0
2014-08-13,sz.000858,19.18,19.86,19.14,19.49,36237773,705887616.0
2014-08-14,sz.000858,19.52,19.75,19.27,19.28,17435171,339998640.0
2014-08-15,sz.000858,19.28,19.67,19.28,19.5,21313104,416132928.0
2014-08-18,sz.000858,19.58,19.85,19.51,19.63,16861373,331322896.0
2014-08-19,sz.000858,19.65,19.66,19.35,19.49,17342361,337909808.0
2014-08-20,sz.000858,19.41,19.79,19.28,19.75,24443030,480002464.0
2014-08-21,sz.000858,19.75,19.77,19.33,19.42,12983219,252745101.0
2014-08-22,sz.000858,19.43,19.56,19.35,19.44,12273810,238799593.0
2014-08-25,sz.000858,19.38,19.38,18.85,18.87,24197222,459868752.0
2014-08-26,sz.000858,18.83,18.96,18.69,18.7,13694727,257592230.0
2014-08-27,sz.000858,18.68,18.87,18.68,18.8,7531815,141262348.0
2014-08-28,sz.000858,18.71,18.84,18.36,18.37,19065713,353321440.0
2014-08-29,sz.000858,18.4,18.76,18.38,18.73,13959288,259679870.0
2014-09-01,sz.000858,18.75,18.91,18.49,18.81,20793600,388992000.0
2014-09-02,sz.000858,18.94,19.39,18.8,19.33,30052342,576660480.0
2014-09-03,sz.000858,19.37,19.78,19.34,19.43,22059585,431779072.0
2014-09-04,sz.000858,19.45,19.68,19.42,19.54,13669923,266866110.0
2014-09-05,sz.000858,19.66,19.69,19.29,19.41,20068883,390167296.0
2014-09-09,sz.000858,19.42,19.5,19.06,19.15,20350030,390491952.0
2014-09-10,sz.000858,19.15,19.27,19.01,19.18,13202631,252943761.0
2014-09-11,sz.000858,19.19,19.27,19.0,19.03,18928391,362253488.0
2014-09-12,sz.000858,19.01,19.01,18.8,19.01,16950677,320386352.0
2014-09-15,sz.000858,19.0,19.0,18.76,18.87,20050909,377529664.0
2014-09-16,sz.000858,18.86,18.95,18.52,18.53,21071556,395320304.0
2014-09-17,sz.000858,18.55,18.63,18.34,18.5,18064648,334142160.0
2014-09-18,sz.000858,18.5,18.57,18.38,18.49,19637792,362674592.0
2014-09-19,sz.000858,18.5,18.79,18.46,18.68,19147074,355729040.0
2014-09-22,sz.000858,18.63,18.63,18.06,18.09,23080045,421033472.0
2014-09-23,sz.000858,18.09,18.18,17.92,18.17,19741777,356942688.0
2014-09-24,sz.000858,18.12,18.46,17.98,18.46,21500619,392422576.0
2014-09-25,sz.000858,18.52,18.7,18.36,18.47,25548540,473997648.0
2014-09-26,sz.000858,18.4,18.49,18.2,18.36,13738124,251846057.0
2014-09-29,sz.000858,18.38,18.57,18.36,18.45,15774098,291162560.0
2014-09-30,sz.000858,18.5,18.54,18.42,18.47,14106115,260501094.0
2014-10-08,sz.000858,18.48,18.5,18.08,18.36,24907108,454479312.0
2014-10-09,sz.000858,18.32,18.64,18.18,18.62,24984061,461196160.0
2014-10-10,sz.000858,18.54,18.59,18.24,18.35,20767392,382078896.0
2014-10-13,sz.000858,18.24,18.25,17.85,18.02,25465442,459056160.0
2014-10-14,sz.000858,17.94,18.13,17.89,17.94,18936143,340983744.0
2014-10-15,sz.000858,17.91,17.94,17.59,17.78,31530542,559175600.0
2014-10-16,sz.000858,17.72,17.87,17.6,17.7,22440515,398170448.0
2014-10-17,sz.000858,17.7,18.05,17.67,18.03,26259982,468655248.0
2014-10-20,sz.000858,18.06,18.11,17.75,17.85,19908240,356004496.0
2014-10-21,sz.000858,17.86,17.9,17.68,17.69,14226027,253041988.0
2014-10-22,sz.000858,17.73,17.75,17.47,17.52,16052628,282875584.0
2014-10-23,sz.000858,17.5,17.51,17.21,17.26,18329162,317917680.0
2014-10-24,sz.000858,17.26,17.29,17.0,17.0,21514982,367796096.0
2014-10-27,sz.000858,16.99,17.14,16.8,17.07,13781109,233788277.0
2014-10-28,sz.000858,17.11,17.28,17.06,17.28,15754367,270629472.0
2014-10-29,sz.000858,17.18,17.42,17.07,17.38,25557039,441180256.0
2014-10-30,sz.000858,17.34,17.47,17.26,17.32,20791672,360679712.0
2014-10-31,sz.000858,17.35,17.76,17.31,17.69,33089303,580355456.0
2014-11-03,sz.000858,17.7,17.85,17.52,17.6,21770114,384604608.0
2014-11-04,sz.000858,17.6,17.6,17.35,17.38,20221028,352345024.0
2014-11-05,sz.000858,17.38,17.38,17.1,17.21,19079869,328607344.0
2014-11-06,sz.000858,17.27,17.34,17.18,17.32,16947850,292593216.0
2014-11-07,sz.000858,17.33,17.33,17.12,17.17,22525621,388010528.0
2014-11-10,sz.000858,17.25,17.96,17.23,17.96,60187078,1064491952.0
2014-11-11,sz.000858,18.1,18.19,17.73,17.9,61474040,1105556176.0
2014-11-12,sz.000858,17.9,18.06,17.77,18.0,27827838,498251312.0
2014-11-13,sz.000858,18.02,18.02,17.71,17.8,24322724,433297520.0
2014-11-14,sz.000858,17.79,18.33,17.72,18.22,48291121,875332016.0
2014-11-17,sz.000858,18.6,18.76,17.96,17.98,39923418,729166032.0
2014-11-18,sz.000858,17.89,17.99,17.51,17.65,30253468,536618640.0
2014-11-19,sz.000858,17.58,17.66,17.37,17.5,20680755,362082304.0
2014-11-20,sz.000858,17.39,17.52,17.35,17.5,13059924,227742270.0
2014-11-21,sz.000858,17.5,17.66,17.43,17.65,20137956,353196224.0
2014-11-24,sz.000858,17.65,17.94,17.64,17.83,34418642,612585296.0
2014-11-25,sz.000858,17.84,17.98,17.76,17.96,30050362,537045648.0
2014-11-26,sz.000858,17.97,18.2,17.85,18.15,41302767,744828560.0
2014-11-27,sz.000858,18.19,18.25,17.94,18.06,39971355,723209712.0
2014-11-28,sz.000858,18.06,18.13,17.85,18.1,41207534,739515520.0
2014-12-01,sz.000858,18.16,18.99,18.11,18.85,105065873,1953994144.0
2014-12-02,sz.000858,18.8,19.02,18.48,18.92,80450734,1512145872.0
2014-12-03,sz.000858,19.01,19.98,19.01,19.44,118106967,2301389136.0
2014-12-04,sz.000858,19.45,20.05,19.38,20.03,94975722,1885335872.0
2014-12-05,sz.000858,20.32,20.7,19.13,19.63,118256564,2351545808.0
2014-12-08,sz.000858,19.55,20.32,19.21,20.23,89842287,1785138720.0
2014-12-09,sz.000858,20.19,21.59,19.61,19.74,150205121,3098436768.0
2014-12-10,sz.000858,19.93,20.68,19.7,20.57,82427045,1676004960.0
2014-12-11,sz.000858,20.58,21.05,20.13,20.35,66721157,1372883968.0
2014-12-12,sz.000858,20.37,20.7,20.31,20.37,51251119,1048685616.0
2014-12-15,sz.000858,20.38,20.61,20.01,20.51,52202567,1061462032.0
2014-12-16,sz.000858,20.48,20.48,20.03,20.27,53873034,1088529040.0
2014-12-17,sz.000858,20.3,20.35,19.8,19.98,57208843,1142767824.0
2014-12-18,sz.000858,19.95,20.24,19.88,19.96,42076821,842179760.0
2014-12-19,sz.000858,20.08,20.5,19.81,20.02,98789858,1984106928.0
2014-12-22,sz.000858,20.08,21.3,19.75,21.3,159291408,3288819792.0
2014-12-23,sz.000858,21.2,22.49,21.0,21.73,172890755,3744426352.0
2014-12-24,sz.000858,21.69,22.28,20.88,21.03,118261127,2554369616.0
2014-12-25,sz.000858,21.12,21.48,20.98,21.42,75507016,1600573568.0
2014-12-26,sz.000858,21.3,21.69,21.1,21.61,77401434,1656634240.0
2014-12-29,sz.000858,21.55,22.4,21.45,21.65,107281451,2342238160.0
2014-12-30,sz.000858,21.5,21.68,21.25,21.32,60603891,1299811232.0
2014-12-31,sz.000858,21.3,21.65,21.26,21.5,53077304,1139378736.0
2015-01-05,sz.000858,21.59,23.65,21.51,23.65,167342764,3804923280.0
2015-01-06,sz.000858,23.65,23.98,23.28,23.76,128098499,3026412816.0
2015-01-07,sz.000858,23.78,24.52,23.23,23.48,93095420,2215338496.0
2015-01-08,sz.000858,23.55,24.39,23.21,23.93,88698487,2110107168.0
2015-01-09,sz.000858,23.72,24.95,23.71,23.72,97230366,2367707584.0
2015-01-12,sz.000858,23.49,23.58,22.71,23.04,70708719,1636654080.0
2015-01-13,sz.000858,22.92,23.38,22.76,22.97,36895897,850294064.0
2015-01-14,sz.000858,22.98,23.2,22.18,22.33,56103111,1267417856.0
2015-01-15,sz.000858,22.35,22.87,22.09,22.86,42433856,953670368.0
2015-01-16,sz.000858,23.02,23.4,22.88,23.37,47674305,1103523344.0
2015-01-19,sz.000858,22.3,22.98,21.1,21.55,75677934,1682074656.0
2015-01-20,sz.000858,21.78,22.38,21.65,22.11,52785148,1163823568.0
2015-01-21,sz.000858,22.47,22.85,22.05,22.77,48956388,1103695632.0
2015-01-22,sz.000858,22.85,23.28,22.63,22.94,46067575,1056323344.0
2015-01-23,sz.000858,22.96,23.07,22.25,22.41,52108315,1177290656.0
2015-01-26,sz.000858,22.43,22.76,22.21,22.69,40398470,907596624.0
2015-01-27,sz.000858,22.71,23.16,22.55,23.03,65577529,1500762848.0
2015-01-28,sz.000858,22.85,23.12,22.65,22.7,36501379,834904576.0
2015-01-29,sz.000858,22.49,22.64,22.2,22.23,33053758,738994464.0
2015-01-30,sz.000858,22.3,22.62,22.2,22.2,30484804,683442304.0
2015-02-02,sz.000858,21.84,22.0,21.4,21.46,36300950,784198144.0
2015-02-03,sz.000858,21.65,21.76,21.3,21.7,30580687,658352848.0
2015-02-04,sz.000858,21.71,21.98,21.53,21.56,27498456,597942784.0
2015-02-05,sz.000858,21.82,21.95,21.1,21.15,32285568,696131664.0
2015-02-06,sz.000858,21.08,21.21,20.21,20.33,42779056,882436880.0
2015-02-09,sz.000858,20.34,20.83,20.3,20.77,30705813,635654480.0
2015-02-10,sz.000858,20.77,21.49,20.77,21.15,27832677,588688752.0
2015-02-11,sz.000858,21.18,21.32,21.02,21.13,17247733,365326432.0
2015-02-12,sz.000858,21.21,21.64,21.17,21.53,26964991,577766864.0
2015-02-13,sz.000858,21.7,21.78,21.44,21.48,32924657,712611856.0
2015-02-16,sz.000858,21.55,21.55,21.15,21.39,28847655,614730960.0
2015-02-17,sz.000858,21.45,21.54,21.19,21.27,29942320,638878000.0
2015-02-25,sz.000858,21.28,21.34,20.61,20.72,43450585,907219712.0
2015-02-26,sz.000858,20.69,21.24,20.61,21.22,29370905,616116032.0
2015-02-27,sz.000858,21.3,21.64,21.26,21.38,47102833,1009783072.0
2015-03-02,sz.000858,21.45,21.45,21.08,21.24,46075949,976106944.0
2015-03-03,sz.000858,21.2,21.2,20.78,20.83,38456314,806020752.0
2015-03-04,sz.000858,20.93,21.08,20.78,21.04,28239903,591907184.0
2015-03-05,sz.000858,21.01,21.06,20.51,20.73,33119119,687397120.0
2015-03-06,sz.000858,20.79,21.06,20.68,20.92,32682835,683272016.0
2015-03-09,sz.000858,20.86,21.28,20.66,21.27,40069206,839462416.0
2015-03-10,sz.000858,21.29,21.48,21.18,21.31,40448905,862732496.0
2015-03-11,sz.000858,21.3,21.6,21.24,21.3,36430428,780151920.0
2015-03-12,sz.000858,21.45,21.74,21.24,21.7,54055628,1165160400.0
2015-03-13,sz.000858,21.75,21.8,21.5,21.64,37790705,818028704.0
2015-03-16,sz.000858,21.77,22.19,21.7,22.18,51050487,1124314512.0
2015-03-17,sz.000858,22.29,22.86,22.15,22.48,73438527,1653452592.0
2015-03-18,sz.000858,22.49,22.86,22.33,22.84,61252527,1389880976.0
2015-03-19,sz.000858,22.75,22.76,22.24,22.42,57519510,1294801504.0
2015-03-20,sz.000858,22.47,22.87,22.41,22.63,51693348,1169876480.0
2015-03-23,sz.000858,22.72,22.98,22.66,22.84,64806549,1477464288.0
2015-03-24,sz.000858,23.0,23.18,22.4,22.76,86235326,1969214432.0
2015-03-25,sz.000858,22.76,22.76,22.41,22.48,57197077,1289295120.0
2015-03-26,sz.000858,22.49,23.42,22.41,23.34,102530576,2357791216.0
2015-03-27,sz.000858,23.38,23.45,22.95,23.13,57968641,1340118224.0
2015-03-30,sz.000858,23.19,23.62,23.06,23.53,71053997,1660055136.0
2015-03-31,sz.000858,23.49,24.0,23.1,23.18,82918995,1951956208.0
2015-04-01,sz.000858,23.13,23.26,23.0,23.21,76422756,1767887584.0
2015-04-02,sz.000858,23.25,23.58,23.09,23.36,65073599,1518019936.0
2015-04-03,sz.000858,23.18,23.47,23.14,23.41,62756638,1465018304.0
2015-04-07,sz.000858,23.52,24.3,23.45,24.18,102550183,2447635168.0
2015-04-08,sz.000858,24.2,24.76,23.81,24.17,102881707,2501701104.0
2015-04-09,sz.000858,24.21,24.36,23.31,23.61,77413969,1839300128.0
2015-04-10,sz.000858,23.61,24.28,23.53,24.17,79232775,1899312688.0
2015-04-13,sz.000858,24.28,24.88,24.04,24.67,83605762,2044776672.0
2015-04-14,sz.000858,24.65,25.89,24.52,25.06,96770858,2440503456.0
2015-04-15,sz.000858,25.07,25.47,24.5,24.78,71596231,1790380640.0
2015-04-16,sz.000858,24.78,27.26,24.68,27.05,181555650,4817906176.0
2015-04-17,sz.000858,27.04,27.39,26.48,26.75,160985276,4327118336.0
2015-04-20,sz.000858,26.6,27.26,26.06,26.17,121075861,3230897024.0
2015-04-21,sz.000858,26.27,28.45,26.26,28.06,154609659,4240138160.0
2015-04-22,sz.000858,28.1,28.28,27.61,28.18,101395418,2833588384.0
2015-04-23,sz.000858,28.11,28.3,27.41,27.81,78043040,2166905024.0
2015-04-24,sz.000858,27.37,27.7,25.99,26.89,88922179,2396559072.0
2015-04-27,sz.000858,26.81,27.5,26.77,27.01,69168994,1869557328.0
2015-04-28,sz.000858,26.85,26.98,25.92,26.16,70893273,1865677648.0
2015-04-29,sz.000858,25.58,26.36,25.58,26.16,54564279,1421981104.0
2015-04-30,sz.000858,26.25,26.39,26.1,26.11,39489280,1035513120.0
2015-05-04,sz.000858,26.18,27.1,26.14,26.58,52980958,1410940848.0
2015-05-05,sz.000858,26.58,26.58,25.22,25.23,59561501,1535342336.0
2015-05-06,sz.000858,25.59,25.77,24.66,24.79,58590871,1487012752.0
2015-05-07,sz.000858,24.8,25.28,24.78,24.85,42647344,1065763632.0
2015-05-08,sz.000858,25.17,25.65,24.98,25.55,57984731,1469988096.0
2015-05-11,sz.000858,25.55,26.16,25.24,26.13,60119647,1548993136.0
2015-05-12,sz.000858,26.18,26.45,25.85,26.14,53679619,1401938096.0
2015-05-13,sz.000858,26.12,26.68,25.99,26.25,65133811,1718423152.0
2015-05-14,sz.000858,26.23,26.23,25.6,25.68,49623817,1279981344.0
2015-05-15,sz.000858,25.69,25.95,25.15,25.25,45808410,1165784128.0
2015-05-18,sz.000858,25.05,25.22,24.93,25.0,35304849,885896064.0
2015-05-19,sz.000858,25.0,25.73,24.85,25.69,47279411,1203065552.0
2015-05-20,sz.000858,25.61,26.15,25.58,25.69,54583926,1414103232.0
2015-05-21,sz.000858,25.69,26.67,25.69,26.59,67651480,1786097840.0
2015-05-22,sz.000858,26.78,27.25,26.41,27.09,76613009,2059081632.0
2015-05-25,sz.000858,27.1,27.68,27.09,27.6,87630289,2403079296.0
2015-05-26,sz.000858,27.71,27.95,27.13,27.9,96355455,2658515152.0
2015-05-27,sz.000858,27.9,27.94,27.31,27.59,79625147,2200265872.0
2015-05-28,sz.000858,27.88,29.18,26.5,27.0,128358528,3624169760.0
2015-05-29,sz.000858,27.01,27.49,26.3,26.83,74286927,2003706288.0
2015-06-01,sz.000858,26.94,28.23,26.79,28.22,73964855,2042249936.0
2015-06-02,sz.000858,28.32,28.55,27.66,28.55,75975880,2140974480.0
2015-06-03,sz.000858,28.58,28.68,27.44,27.98,64464941,1811063584.0
2015-06-04,sz.000858,27.96,28.08,26.15,27.53,74779540,2032055344.0
2015-06-05,sz.000858,27.6,28.32,27.17,28.09,89741289,2509684576.0
2015-06-08,sz.000858,28.05,29.34,27.61,29.16,120035054,3418770848.0
2015-06-09,sz.000858,29.18,29.48,28.5,28.75,86059730,2487675520.0
2015-06-10,sz.000858,28.5,30.06,28.26,29.5,105579534,3106113120.0
2015-06-11,sz.000858,29.3,29.5,28.96,29.34,59376352,1735018832.0
2015-06-12,sz.000858,29.42,32.08,29.42,30.81,118459522,3670907264.0
2015-06-15,sz.000858,31.3,33.2,30.84,32.38,126762907,4106182496.0
2015-06-16,sz.000858,32.24,32.24,30.68,31.29,86354533,2719904640.0
2015-06-17,sz.000858,30.85,32.6,29.8,32.38,76247136,2363743680.0
2015-06-18,sz.000858,32.18,32.63,30.3,30.33,82048902,2588320800.0
2015-06-19,sz.000858,29.08,29.96,27.76,28.21,69743306,2005849616.0
2015-06-23,sz.000858,28.35,30.88,27.9,30.83,88651067,2590065008.0
2015-06-24,sz.000858,31.0,33.85,31.0,32.86,128358296,4170551280.0
2015-06-25,sz.000858,33.0,33.41,31.36,31.9,94538607,3069460528.0
2015-06-26,sz.000858,30.9,31.91,28.71,29.56,113636916,3441003680.0
2015-06-29,sz.000858,30.75,31.84,28.1,30.46,145077895,4421646336.0
2015-06-30,sz.000858,30.4,32.09,28.5,31.7,141781871,4298661120.0
2015-07-01,sz.000858,31.0,33.58,30.17,30.66,125769973,4069479712.0
2015-07-02,sz.000858,30.75,30.87,27.59,27.59,127409514,3663702176.0
2015-07-03,sz.000858,26.49,28.15,24.83,25.05,120767746,3110013104.0
2015-07-06,sz.000858,27.56,27.56,23.38,25.6,128468501,3298838848.0
2015-07-07,sz.000858,24.83,25.03,23.18,24.36,124446825,3002129248.0
2015-07-08,sz.000858,21.92,22.88,21.92,21.92,170846381,3803785888.0
2015-07-09,sz.000858,21.92,24.11,21.92,24.11,110796514,2573607120.0
2015-07-10,sz.000858,25.18,26.52,24.8,26.52,133782872,3517676816.0
2015-07-13,sz.000858,26.55,28.7,26.01,28.36,135450605,3717282912.0
2015-07-14,sz.000858,27.45,27.95,25.96,26.32,100234441,2709928464.0
2015-07-15,sz.000858,25.9,26.15,24.45,24.72,64299839,1624336208.0
2015-07-16,sz.000858,24.72,26.5,24.72,25.64,58296475,1489527392.0
2015-07-17,sz.000858,25.9,27.2,25.7,26.9,58199532,1548085632.0
2015-07-20,sz.000858,26.95,27.43,26.18,26.4,53153204,1423417696.0
2015-07-21,sz.000858,26.25,27.11,25.91,26.71,41481136,1106459488.0
2015-07-22,sz.000858,27.0,27.99,26.72,27.62,75084837,2069155392.0
2015-07-23,sz.000858,27.72,27.99,27.3,27.9,60836531,1685121616.0
2015-07-24,sz.000858,27.99,29.15,27.54,27.7,93734774,2673925072.0
2015-07-27,sz.000858,27.27,27.96,24.93,24.93,73884273,1953819536.0
2015-07-28,sz.000858,24.3,25.71,24.0,25.6,76192041,1899834944.0
2015-07-29,sz.000858,25.53,26.17,25.33,25.73,20828526,535030992.0
2015-11-02,sz.000858,24.93,25.96,23.4,24.2,112481371,2774243952.0
2015-11-03,sz.000858,24.21,24.78,23.9,24.07,39383650,959336432.0
2015-11-04,sz.000858,24.12,25.56,24.12,25.48,68098992,1708283744.0
2015-11-05,sz.000858,25.37,26.37,25.1,25.82,61486604,1593849216.0
2015-11-06,sz.000858,25.67,26.25,25.6,25.92,43099618,1115299856.0
2015-11-09,sz.000858,25.82,27.09,25.63,26.79,54161932,1430832256.0
2015-11-10,sz.000858,26.6,26.74,26.23,26.45,39484572,1044280752.0
2015-11-11,sz.000858,26.4,26.65,25.9,26.16,37543976,983077152.0
2015-11-12,sz.000858,26.15,26.26,25.55,25.77,31731601,818535984.0
2015-11-13,sz.000858,25.53,26.04,25.41,25.75,33000225,851695328.0
2015-11-16,sz.000858,25.3,25.75,25.21,25.64,22565434,575255760.0
2015-11-17,sz.000858,25.76,26.15,25.6,25.91,37980556,982657552.0
2015-11-18,sz.000858,25.91,26.34,25.72,26.02,32541204,848034672.0
2015-11-19,sz.000858,26.06,26.42,25.98,26.28,25228496,661720096.0
2015-11-20,sz.000858,26.29,26.46,25.81,26.0,26643420,693099680.0
2015-11-23,sz.000858,25.9,25.99,25.36,25.45,27004250,692910592.0
2015-11-24,sz.000858,25.39,25.49,25.02,25.28,21185551,534045696.0
2015-11-25,sz.000858,25.26,25.41,25.0,25.33,26109861,658022896.0
2015-11-26,sz.000858,25.41,25.48,25.01,25.17,24118642,607930864.0
2015-11-27,sz.000858,25.05,25.17,24.1,24.26,30677538,754890192.0
2015-11-30,sz.000858,24.3,24.49,23.55,24.03,23645951,567831872.0
2015-12-01,sz.000858,24.0,24.92,23.8,24.79,24217592,590081312.0
2015-12-02,sz.000858,24.7,26.0,24.6,25.68,44182408,1126003360.0
2015-12-03,sz.000858,25.6,25.85,25.49,25.61,25970180,666072400.0
2015-12-04,sz.000858,25.53,25.55,25.2,25.3,16725594,423827856.0
2015-12-07,sz.000858,25.45,25.8,25.24,25.55,20928741,534149312.0
2015-12-08,sz.000858,25.45,25.45,24.75,24.85,16529750,413108768.0
2015-12-09,sz.000858,24.85,25.03,24.6,24.87,14296764,355092656.0
2015-12-10,sz.000858,24.9,24.95,24.46,24.52,17601237,434692208.0
2015-12-11,sz.000858,24.46,24.75,24.17,24.6,14553750,354637408.0
2015-12-14,sz.000858,24.35,24.96,24.31,24.92,16654881,411627168.0
2015-12-15,sz.000858,24.99,25.19,24.87,25.13,18622747,466508224.0
2015-12-16,sz.000858,25.17,25.23,24.88,24.93,15375695,385418032.0
2015-12-17,sz.000858,25.07,25.55,25.07,25.54,25972840,658604000.0
2015-12-18,sz.000858,25.58,26.1,25.33,25.95,37608416,968248384.0
2015-12-21,sz.000858,25.88,28.15,25.83,27.69,94809551,2608302784.0
2015-12-22,sz.000858,27.72,28.35,27.1,27.69,50841573,1407444368.0
2015-12-23,sz.000858,27.71,27.99,27.33,27.48,30665799,847611264.0
2015-12-24,sz.000858,27.5,27.98,27.31,27.65,30308577,836878400.0
2015-12-25,sz.000858,27.85,27.9,26.92,27.12,25878947,706260464.0
2015-12-28,sz.000858,27.32,27.58,26.31,26.4,30385562,818362464.0
2015-12-29,sz.000858,26.52,27.26,26.45,27.23,28076191,755316736.0
2015-12-30,sz.000858,27.39,27.95,27.32,27.56,33010965,912706880.0
2015-12-31,sz.000858,27.68,27.83,27.1,27.28,22861286,627431584.0
2016-01-04,sz.000858,27.38,27.45,25.5,25.67,22700240,601351712.0
2016-01-05,sz.000858,25.5,26.58,25.12,26.0,37333699,969314176.0
2016-01-06,sz.000858,25.91,26.88,25.74,26.58,31830538,839001120.0
2016-01-07,sz.000858,26.27,26.27,25.13,25.28,6628601,170483989.0
2016-01-08,sz.000858,25.68,26.46,24.51,25.91,32262722,831205824.0
2016-01-11,sz.000858,25.45,25.85,23.93,24.07,36922859,917948528.0
2016-01-12,sz.000858,24.5,24.54,23.83,24.08,20740719,501339600.0
2016-01-13,sz.000858,24.24,24.92,24.02,24.11,29089274,712525888.0
2016-01-14,sz.000858,23.6,24.56,23.41,24.3,21279020,512968400.0
2016-01-15,sz.000858,24.21,24.6,23.45,23.6,19783361,475468288.0
2016-01-18,sz.000858,23.41,24.21,23.25,23.94,18535795,443340880.0
2016-01-19,sz.000858,23.93,24.91,23.88,24.91,22370886,549500912.0
2016-01-20,sz.000858,24.76,24.94,24.0,24.61,21781607,531969200.0
2016-01-21,sz.000858,24.28,24.94,24.01,24.04,19179163,469461040.0
2016-01-22,sz.000858,24.33,24.4,23.7,24.08,11754508,282318768.0
2016-01-25,sz.000858,24.3,24.53,24.1,24.44,12293557,299734976.0
2016-01-26,sz.000858,24.37,24.69,23.3,23.55,17676424,426670656.0
2016-01-27,sz.000858,23.58,23.7,22.51,22.95,18677271,428811664.0
2016-01-28,sz.000858,22.95,23.28,22.6,22.68,10510214,241189065.0
2016-01-29,sz.000858,22.68,23.89,22.68,23.66,16534325,387052160.0
2016-02-01,sz.000858,23.66,24.45,23.55,24.02,17873452,431576064.0
2016-02-02,sz.000858,24.05,24.57,24.05,24.2,12997016,316101856.0
2016-02-03,sz.000858,24.01,24.29,23.86,24.29,7208472,173616633.0
2016-02-04,sz.000858,24.35,24.63,24.27,24.32,12569261,307055424.0
2016-02-05,sz.000858,24.36,24.47,23.67,23.68,13675586,327003584.0
2016-02-15,sz.000858,23.3,23.44,22.8,23.27,12821395,296921840.0
2016-02-16,sz.000858,23.39,24.13,23.34,24.04,13093245,312618864.0
2016-02-17,sz.000858,24.0,24.15,23.71,23.94,10195224,243537073.0
2016-02-18,sz.000858,24.06,24.1,23.37,23.45,20938087,496341920.0
2016-02-19,sz.000858,23.38,23.47,23.0,23.3,17849781,414793856.0
2016-02-22,sz.000858,23.5,23.96,23.33,23.85,23016568,544993648.0
2016-02-23,sz.000858,23.9,24.36,23.64,24.0,26363902,632952896.0
2016-02-24,sz.000858,23.8,24.21,23.7,24.19,19297475,461961328.0
2016-02-25,sz.000858,24.19,24.2,22.81,23.08,21971999,516805344.0
2016-02-26,sz.000858,23.18,23.82,22.93,23.44,10812376,251715040.0
2016-02-29,sz.000858,23.4,23.59,22.31,22.46,17495439,396522176.0
2016-03-01,sz.000858,22.55,23.04,22.42,22.83,11328145,256938021.0
2016-03-02,sz.000858,22.81,23.95,22.81,23.87,24773006,580947744.0
2016-03-03,sz.000858,23.92,25.19,23.87,24.5,36772467,907878880.0
2016-03-04,sz.000858,24.44,25.49,24.31,25.17,52867652,1323824432.0
2016-03-07,sz.000858,25.31,25.83,25.05,25.36,37225431,946537600.0
2016-03-08,sz.000858,25.31,25.31,24.52,25.06,18150443,451266096.0
2016-03-09,sz.000858,24.62,24.9,24.2,24.79,16436965,405433600.0
2016-03-10,sz.000858,24.7,25.55,24.61,25.14,26682077,675366576.0
2016-03-11,sz.000858,25.15,25.8,24.86,25.4,19397001,492338208.0
2016-03-14,sz.000858,25.61,26.46,25.38,25.45,32075208,830571568.0
2016-03-15,sz.000858,25.31,25.85,24.92,25.52,20551996,519837168.0
2016-03-16,sz.000858,25.41,25.7,24.91,25.28,12887219,327244544.0
2016-03-17,sz.000858,25.48,25.73,25.07,25.5,17735944,451183184.0
2016-03-18,sz.000858,25.57,26.35,25.18,26.1,42131894,1088017488.0
2016-03-21,sz.000858,26.11,26.84,25.93,26.4,57654393,1514392896.0
2016-03-22,sz.000858,26.25,26.87,26.08,26.47,34019200,901646032.0
2016-03-23,sz.000858,26.31,26.53,26.0,26.34,18232118,479620464.0
2016-03-24,sz.000858,26.26,27.26,26.18,26.7,39543922,1058814240.0
2016-03-25,sz.000858,26.84,27.41,26.7,27.25,33962775,923325376.0
2016-03-28,sz.000858,27.38,28.68,27.38,28.08,55526913,1564138688.0
2016-03-29,sz.000858,28.1,28.28,27.6,28.0,27229829,760155824.0
2016-03-30,sz.000858,28.0,28.32,27.78,28.12,27908660,782182624.0
2016-03-31,sz.000858,28.25,28.49,27.96,28.11,26227612,739872624.0
2016-04-01,sz.000858,28.0,28.17,27.69,27.99,20087879,560839344.0
2016-04-05,sz.000858,27.88,28.2,27.78,28.08,27236724,762756480.0
2016-04-06,sz.000858,28.01,28.71,28.0,28.59,28566048,810802720.0
2016-04-07,sz.000858,28.49,28.7,27.79,27.79,19775404,556875104.0
2016-04-08,sz.000858,27.59,28.05,27.01,27.25,22996139,632960832.0
2016-04-11,sz.000858,27.48,27.85,27.07,27.24,39996354,1093146528.0
2016-04-12,sz.000858,27.2,27.24,26.97,27.2,16369207,443570784.0
2016-04-13,sz.000858,27.23,27.75,27.2,27.37,25680050,706626064.0
2016-04-14,sz.000858,27.41,27.79,27.32,27.61,13178316,362970928.0
2016-04-15,sz.000858,27.65,27.9,27.52,27.7,14547582,402785632.0
2016-04-18,sz.000858,27.48,27.58,26.92,26.99,14960842,405649184.0
2016-04-19,sz.000858,27.15,27.22,26.37,26.68,25654044,682708128.0
2016-04-20,sz.000858,26.68,26.82,25.71,26.2,22386226,586919136.0
2016-04-21,sz.000858,26.13,26.64,26.13,26.28,13321023,351567216.0
2016-04-22,sz.000858,26.09,26.92,26.05,26.8,15591046,416489456.0
2016-04-25,sz.000858,26.71,27.38,26.71,27.14,18656685,505551712.0
2016-04-26,sz.000858,27.1,27.43,27.1,27.3,12055909,328211872.0
2016-04-27,sz.000858,27.3,27.84,27.3,27.71,17431625,482160000.0
2016-04-28,sz.000858,27.76,27.89,27.29,27.53,11685411,322170080.0
2016-04-29,sz.000858,28.6,29.14,28.28,28.4,67572606,1945826320.0
2016-05-03,sz.000858,28.68,31.15,28.5,31.0,92271880,2777648304.0
2016-05-04,sz.000858,30.9,31.25,30.5,30.66,50736138,1565612624.0
2016-05-05,sz.000858,30.57,31.05,30.12,30.4,37441069,1143886000.0
2016-05-06,sz.000858,30.45,30.45,29.31,29.31,43531584,1297800928.0
2016-05-09,sz.000858,29.22,29.69,29.1,29.27,36968730,1086058784.0
2016-05-10,sz.000858,29.15,30.37,28.85,29.72,48144942,1429020784.0
2016-05-11,sz.000858,29.78,30.96,29.62,30.32,50517769,1540597296.0
2016-05-12,sz.000858,30.0,30.3,29.23,30.1,29845317,894214016.0
2016-05-13,sz.000858,29.98,31.1,29.56,29.88,29037866,881326176.0
2016-05-16,sz.000858,29.6,29.83,29.05,29.82,29264283,861709168.0
2016-05-17,sz.000858,29.9,29.9,29.33,29.35,21658380,640035568.0
2016-05-18,sz.000858,29.1,29.55,28.48,29.2,24518045,712889632.0
2016-05-19,sz.000858,29.15,29.52,28.95,29.05,15940295,465960224.0
2016-05-20,sz.000858,29.05,29.45,28.88,29.44,15262562,445942304.0
2016-05-23,sz.000858,29.4,30.0,29.3,29.99,19661861,584222672.0
2016-05-24,sz.000858,30.0,30.0,29.3,29.5,12847418,379310784.0
2016-05-25,sz.000858,29.64,29.81,28.88,28.92,17431076,510541904.0
2016-05-26,sz.000858,28.94,29.13,28.41,28.88,16872174,484222032.0
2016-05-27,sz.000858,28.88,29.05,28.67,28.86,14819515,427606400.0
2016-05-30,sz.000858,28.76,28.97,28.33,28.8,14945927,428539664.0
2016-05-31,sz.000858,28.8,30.19,28.78,30.03,31068462,925343744.0
2016-06-01,sz.000858,30.0,30.2,29.83,29.92,15552469,466399312.0
2016-06-02,sz.000858,29.9,30.36,29.82,30.28,20392356,614179440.0
2016-06-03,sz.000858,30.27,31.87,30.19,31.33,47721378,1491803408.0
2016-06-06,sz.000858,31.33,31.49,30.75,31.12,26542959,826150912.0
2016-06-07,sz.000858,31.15,31.44,30.95,31.32,19912768,620896752.0
2016-06-08,sz.000858,31.22,31.22,30.47,30.7,19406342,596647952.0
2016-06-13,sz.000858,30.31,30.85,29.96,29.99,19772523,601662896.0
2016-06-14,sz.000858,29.96,30.57,29.96,30.4,19836856,601387328.0
2016-06-15,sz.000858,30.16,31.58,30.01,31.35,32819070,1019300384.0
2016-06-16,sz.000858,31.29,31.46,30.9,31.16,24106094,752227520.0
2016-06-17,sz.000858,31.33,32.79,31.3,32.71,52143429,1686260304.0
2016-06-20,sz.000858,32.45,32.55,31.76,32.15,26429021,846028096.0
2016-06-21,sz.000858,32.28,32.68,31.6,31.78,14471935,465062656.0
2016-06-22,sz.000858,31.7,32.15,31.63,31.98,13152607,419295952.0
2016-06-23,sz.000858,31.9,32.34,31.53,31.96,15389382,491987408.0
2016-06-24,sz.000858,31.84,32.13,30.9,31.21,21147543,664510336.0
2016-06-27,sz.000858,31.2,32.43,31.2,32.24,24251726,778319984.0
2016-06-28,sz.000858,32.04,32.48,31.97,32.27,16298441,524846544.0
2016-06-29,sz.000858,32.35,32.45,31.81,32.19,12933150,415046256.0
2016-06-30,sz.000858,32.2,33.11,32.2,32.53,26039346,851566560.0
2016-07-01,sz.000858,32.4,33.16,32.32,32.37,15028863,490795232.0
2016-07-04,sz.000858,32.33,32.8,32.06,32.47,26132626,849416512.0
2016-07-05,sz.000858,32.62,33.65,32.3,32.99,42453213,1403055904.0
2016-07-06,sz.000858,32.94,35.66,32.82,35.41,74871703,2588251440.0
2016-07-07,sz.000858,35.25,35.94,34.48,34.82,47466764,1670520048.0
2016-07-08,sz.000858,34.93,36.23,34.5,35.7,48744546,1722146048.0
2016-07-11,sz.000858,35.55,38.8,35.55,37.34,78362184,2928172688.0
2016-07-12,sz.000858,37.25,38.53,36.8,38.07,57940649,2189112272.0
2016-07-13,sz.000858,37.92,37.92,36.8,37.42,40533445,1507879232.0
2016-07-14,sz.000858,37.42,38.08,36.74,37.12,35425857,1320867216.0
2016-07-15,sz.000858,37.0,37.39,36.56,37.14,27803077,1026517616.0
2016-07-18,sz.000858,37.0,37.36,36.62,37.02,25011808,926598464.0
2016-07-19,sz.000858,37.1,37.23,34.9,35.47,59666909,2125864944.0
2016-07-20,sz.000858,35.4,35.59,35.05,35.26,30903216,1090322272.0
2016-07-21,sz.000858,35.31,35.99,35.21,35.63,38329661,1366143616.0
2016-07-22,sz.000858,35.6,35.65,34.66,34.91,32380556,1135747552.0
2016-07-25,sz.000858,34.11,35.11,34.08,34.64,31930729,1108939360.0
2016-07-26,sz.000858,34.56,35.67,34.18,35.61,35658887,1247112896.0
2016-07-27,sz.000858,35.53,35.83,34.27,35.08,38812891,1362334848.0
2016-07-28,sz.000858,34.79,36.26,34.69,35.79,40463991,1444367648.0
2016-07-29,sz.000858,35.8,37.14,35.69,36.17,38788038,1412679616.0
2016-08-01,sz.000858,36.2,36.28,34.69,34.83,32611129,1146568816.0
2016-08-02,sz.000858,34.69,35.16,34.19,34.64,27015244,933644864.0
2016-08-03,sz.000858,34.49,35.14,34.3,34.93,19161006,667407584.0
2016-08-04,sz.000858,34.82,35.29,34.54,34.9,15682348,545562432.0
2016-08-05,sz.000858,34.9,35.1,34.3,34.42,18550379,643662256.0
2016-08-08,sz.000858,34.25,34.52,33.53,34.46,35554794,1210752080.0
2016-08-09,sz.000858,34.33,35.56,34.18,35.36,35413606,1238307472.0
2016-08-10,sz.000858,35.13,35.43,34.85,34.96,19389137,679887760.0
2016-08-11,sz.000858,35.01,36.08,35.01,35.52,39942016,1423689552.0
2016-08-12,sz.000858,35.47,35.8,35.0,35.66,27688505,977619904.0
2016-08-15,sz.000858,35.7,36.85,35.51,36.6,52093882,1892335728.0
2016-08-16,sz.000858,36.67,37.29,36.02,36.2,44600482,1634149312.0
2016-08-17,sz.000858,36.3,37.13,36.1,36.55,38176188,1397603040.0
2016-08-18,sz.000858,36.35,36.53,35.84,35.95,28807609,1039982832.0
2016-08-19,sz.000858,35.85,36.15,35.43,35.62,19606601,700001312.0
2016-08-22,sz.000858,35.59,36.38,35.55,35.81,21921027,788166864.0
2016-08-23,sz.000858,35.7,36.07,35.02,35.35,25247726,898440016.0
2016-08-24,sz.000858,35.0,35.34,34.71,35.03,33977145,1188778496.0
2016-08-25,sz.000858,34.81,34.89,34.55,34.79,22554153,782000112.0
2016-08-26,sz.000858,34.73,35.06,34.48,34.57,18623927,648227904.0
2016-08-29,sz.000858,34.7,34.93,34.46,34.51,17925015,620838224.0
2016-08-30,sz.000858,34.7,35.07,34.58,34.73,19663373,684718816.0
2016-08-31,sz.000858,35.17,35.19,34.56,34.91,35019962,1218241664.0
2016-09-01,sz.000858,34.91,34.97,34.28,34.31,31306747,1079870416.0
2016-09-02,sz.000858,34.2,34.35,33.62,33.85,28352734,963931136.0
2016-09-05,sz.000858,33.9,34.15,33.66,34.01,18628459,632649056.0
2016-09-06,sz.000858,33.87,34.44,33.6,34.34,17335830,590501184.0
2016-09-07,sz.000858,34.34,34.34,33.62,33.81,28707512,972545280.0
2016-09-08,sz.000858,33.58,33.82,33.5,33.58,22606571,759929808.0
2016-09-09,sz.000858,33.65,33.86,33.33,33.4,17374241,582842512.0
2016-09-12,sz.000858,33.07,33.23,32.02,32.12,36685957,1194217680.0
2016-09-13,sz.000858,32.32,32.5,32.04,32.45,16320983,526745472.0
2016-09-14,sz.000858,32.28,32.48,32.05,32.12,13054364,420857440.0
2016-09-19,sz.000858,32.25,32.63,32.25,32.54,16756874,544252224.0
2016-09-20,sz.000858,32.52,32.96,32.46,32.53,14465228,473082096.0
2016-09-21,sz.000858,32.53,32.77,32.53,32.68,9907089,323523344.0
2016-09-22,sz.000858,32.83,33.55,32.75,33.48,29686223,989315120.0
2016-09-23,sz.000858,33.4,33.48,33.02,33.28,15151733,503512704.0
2016-09-26,sz.000858,33.2,33.2,32.28,32.28,18583619,605117408.0
2016-09-27,sz.000858,32.25,32.53,32.25,32.52,9832360,318817552.0
2016-09-28,sz.000858,32.65,32.65,32.3,32.32,6704614,217490800.0
2016-09-29,sz.000858,32.31,32.98,32.3,32.68,13244357,432941040.0
2016-09-30,sz.000858,32.62,33.49,32.62,33.36,23175186,771623216.0
2016-10-10,sz.000858,33.47,33.92,33.36,33.67,22054298,742989696.0
2016-10-11,sz.000858,33.77,33.87,33.21,33.47,22611729,757048016.0
2016-10-12,sz.000858,33.38,33.73,33.3,33.49,13025225,436671296.0
2016-10-13,sz.000858,33.43,33.64,33.0,33.05,18664623,619565328.0
2016-10-14,sz.000858,33.05,33.27,33.0,33.13,11835654,392363312.0
2016-10-17,sz.000858,33.13,33.75,33.03,33.3,20023847,668938560.0
2016-10-18,sz.000858,33.3,33.94,33.3,33.89,28774107,972758816.0
2016-10-19,sz.000858,34.0,34.02,33.6,33.8,16638254,561752752.0
2016-10-20,sz.000858,33.75,34.02,33.6,33.64,11954450,403462672.0
2016-10-21,sz.000858,33.66,33.8,33.25,33.57,15204143,509430192.0
2016-10-24,sz.000858,33.4,33.83,33.35,33.71,15282712,514888832.0
2016-10-25,sz.000858,33.68,34.37,33.66,34.33,33249246,1136904272.0
2016-10-26,sz.000858,34.35,35.88,34.3,34.93,57290343,2015540912.0
2016-10-27,sz.000858,34.88,34.88,34.33,34.65,26878233,928707120.0
2016-10-28,sz.000858,34.5,35.55,34.5,35.33,42440111,1499232768.0
2016-10-31,sz.000858,35.15,35.6,34.74,34.98,24228385,850038416.0
2016-11-01,sz.000858,34.96,35.26,34.59,35.19,19376215,676539648.0
2016-11-02,sz.000858,35.1,35.1,34.62,34.64,14557559,506388272.0
2016-11-03,sz.000858,34.6,35.09,34.55,34.78,16015914,557888912.0
2016-11-04,sz.000858,34.74,34.9,34.2,34.28,19837748,683161088.0
2016-11-07,sz.000858,34.46,34.82,34.19,34.54,15635313,539898816.0
2016-11-08,sz.000858,34.62,35.15,34.62,34.92,20195765,706046480.0
2016-11-09,sz.000858,34.97,35.09,34.31,34.7,18830110,653324096.0
2016-11-10,sz.000858,34.99,35.08,34.85,35.0,17166339,600144096.0
2016-11-11,sz.000858,35.04,35.04,34.58,34.79,22086222,766599488.0
2016-11-14,sz.000858,34.79,34.88,34.18,34.35,28638961,986264992.0
2016-11-15,sz.000858,34.34,34.86,34.21,34.81,21449261,742407808.0
2016-11-16,sz.000858,34.8,34.81,34.43,34.53,11776927,407028544.0
2016-11-17,sz.000858,34.4,34.78,34.34,34.61,12257903,424451968.0
2016-11-18,sz.000858,34.64,34.67,34.3,34.46,11302571,388872944.0
2016-11-21,sz.000858,34.45,34.6,34.34,34.45,11820585,407323312.0
2016-11-22,sz.000858,34.45,34.55,34.3,34.42,15470825,531809600.0
2016-11-23,sz.000858,34.57,35.08,34.49,35.05,36496613,1269579728.0
2016-11-24,sz.000858,34.95,35.45,34.63,35.15,34910115,1223478592.0
2016-11-25,sz.000858,35.15,35.43,34.75,35.17,16629465,582609072.0
2016-11-28,sz.000858,35.6,36.17,35.45,35.47,34121808,1218097472.0
2016-11-29,sz.000858,35.48,37.57,35.44,36.72,73303062,2696389328.0
2016-11-30,sz.000858,36.45,37.07,35.85,35.93,39402942,1426043936.0
2016-12-01,sz.000858,36.13,36.65,35.67,36.17,34202902,1233479440.0
2016-12-02,sz.000858,36.02,36.25,35.5,35.75,24382315,873578720.0
2016-12-05,sz.000858,35.11,36.48,35.11,35.54,33351008,1196856768.0
2016-12-06,sz.000858,35.66,36.25,35.54,36.17,28702950,1032222672.0
2016-12-07,sz.000858,36.35,36.41,35.9,36.2,20726242,747998736.0
2016-12-08,sz.000858,36.29,37.68,35.98,36.8,48575442,1792908896.0
2016-12-09,sz.000858,36.7,37.09,36.52,36.66,24353697,895319072.0
2016-12-12,sz.000858,36.8,37.39,35.34,35.57,36006898,1303172000.0
2016-12-13,sz.000858,35.4,36.44,35.24,36.26,33502238,1206150224.0
2016-12-14,sz.000858,36.18,36.2,35.4,35.47,27093755,969025280.0
2016-12-15,sz.000858,35.7,36.14,35.01,35.34,31641103,1124019808.0
2016-12-16,sz.000858,35.4,35.58,34.98,35.45,15251903,538382832.0
2016-12-19,sz.000858,35.53,36.48,35.53,36.01,32238108,1164584512.0
2016-12-20,sz.000858,35.9,35.99,35.3,35.4,24335977,866628496.0
2016-12-21,sz.000858,35.55,35.85,35.5,35.63,12815520,456793168.0
2016-12-22,sz.000858,35.63,35.78,35.3,35.41,10159827,360125904.0
2016-12-23,sz.000858,35.44,35.44,34.42,34.42,23261965,809628912.0
2016-12-26,sz.000858,34.15,34.35,33.65,34.35,19686074,669150096.0
2016-12-27,sz.000858,34.4,34.67,34.3,34.34,11835392,408056592.0
2016-12-28,sz.000858,34.31,34.46,33.86,33.91,12407956,422777024.0
2016-12-29,sz.000858,33.91,34.08,33.77,33.85,11029684,373576288.0
2016-12-30,sz.000858,34.03,34.64,33.89,34.48,23201908,797104496.0
2017-01-03,sz.000858,34.48,34.88,34.3,34.66,15534740,537407600.0
2017-01-04,sz.000858,34.66,35.95,34.55,35.9,46053667,1637950784.0
2017-01-05,sz.000858,36.03,36.24,35.7,35.93,25815923,927811504.0
2017-01-06,sz.000858,35.93,36.6,35.76,36.1,33652039,1220341984.0
2017-01-09,sz.000858,36.0,36.8,35.93,36.45,26692245,974179040.0
2017-01-10,sz.000858,36.4,36.97,36.4,36.5,22885904,840655872.0
2017-01-11,sz.000858,36.6,36.79,35.65,35.86,22294346,802004096.0
2017-01-12,sz.000858,35.99,36.0,35.41,35.6,15825878,564764864.0
2017-01-13,sz.000858,35.68,35.89,35.32,35.69,15631495,557529856.0
2017-01-16,sz.000858,35.47,35.97,34.88,35.45,19198129,679701408.0
2017-01-17,sz.000858,35.4,36.16,35.32,35.76,17756018,635715024.0
2017-01-18,sz.000858,35.77,37.04,35.4,36.95,44741831,1642819008.0
2017-01-19,sz.000858,37.05,37.06,36.63,36.85,19015209,699761872.0
2017-01-20,sz.000858,36.9,37.0,36.68,36.91,16535872,608985856.0
2017-01-23,sz.000858,37.15,38.1,37.08,37.38,39390729,1481709280.0
2017-01-24,sz.000858,37.55,37.84,37.0,37.42,19021290,711031408.0
2017-01-25,sz.000858,37.08,37.58,36.81,37.27,18676334,696743616.0
2017-01-26,sz.000858,37.4,37.49,36.98,37.0,14243808,529488016.0
2017-02-03,sz.000858,37.1,37.18,36.32,36.41,14552029,533432448.0
2017-02-06,sz.000858,36.42,36.85,36.39,36.45,13931545,509472928.0
2017-02-07,sz.000858,36.58,36.85,36.39,36.45,12108227,442424464.0
2017-02-08,sz.000858,36.51,37.34,36.26,37.09,19983088,737094272.0
2017-02-09,sz.000858,37.16,37.85,37.1,37.34,22521013,845962352.0
2017-02-10,sz.000858,37.4,38.1,37.37,37.83,28284154,1071008768.0
2017-02-13,sz.000858,37.83,39.26,37.71,38.58,39356687,1521216048.0
2017-02-14,sz.000858,38.7,38.9,38.3,38.66,16832098,650070240.0
2017-02-15,sz.000858,38.87,39.15,38.3,38.4,14712002,567692944.0
2017-02-16,sz.000858,38.44,38.77,38.22,38.46,12140073,466093472.0
2017-02-17,sz.000858,38.52,39.69,38.5,38.95,24153708,944939376.0
2017-02-20,sz.000858,39.02,41.4,39.02,41.4,47690952,1928243168.0
2017-02-21,sz.000858,41.3,41.33,40.42,40.86,24245020,990510352.0
2017-02-22,sz.000858,40.9,41.59,40.6,41.28,29154767,1200108160.0
2017-02-23,sz.000858,41.1,41.86,40.2,40.48,21183618,867247808.0
2017-02-24,sz.000858,40.4,40.48,39.82,40.29,16424697,658625168.0
2017-02-27,sz.000858,40.26,40.28,39.29,39.39,21824501,865270112.0
2017-02-28,sz.000858,39.5,39.85,39.3,39.56,12119871,479096768.0
2017-03-01,sz.000858,39.52,40.32,39.5,39.98,17462272,698692368.0
2017-03-02,sz.000858,39.9,40.19,39.71,39.96,11794003,471215072.0
2017-03-03,sz.000858,39.72,40.17,39.5,39.99,14442974,575641088.0
2017-03-06,sz.000858,40.0,40.68,39.61,40.55,25414126,1021344432.0
2017-03-07,sz.000858,40.4,41.72,40.33,41.65,29548334,1223950992.0
2017-03-08,sz.000858,41.6,41.61,41.0,41.12,14142243,583027616.0
2017-03-09,sz.000858,41.11,41.11,40.31,40.67,15050345,611016528.0
2017-03-10,sz.000858,40.5,41.52,40.48,40.66,19700636,809491056.0
2017-03-13,sz.000858,40.75,41.75,40.75,41.65,28798339,1193460528.0
2017-03-14,sz.000858,41.63,41.94,41.01,41.38,14474419,599761216.0
2017-03-15,sz.000858,41.39,41.85,41.38,41.54,12508655,520984512.0
2017-03-16,sz.000858,41.97,42.28,40.6,41.04,38411034,1582220992.0
2017-03-17,sz.000858,40.85,41.5,40.66,40.76,20112247,826003824.0
2017-03-20,sz.000858,40.76,41.14,40.6,41.09,17475558,714047424.0
2017-03-21,sz.000858,41.37,43.68,41.3,43.38,69607524,2965555520.0
2017-03-22,sz.000858,43.01,44.2,42.8,43.96,38144701,1657889536.0
2017-03-23,sz.000858,43.7,43.88,42.95,43.56,22565460,981649104.0
2017-03-24,sz.000858,43.97,44.58,43.01,43.24,27192730,1189363312.0
2017-03-27,sz.000858,43.01,43.47,42.0,42.55,26857955,1145045680.0
2017-03-28,sz.000858,42.63,42.77,42.1,42.77,16534690,702047888.0
2017-03-29,sz.000858,42.72,43.56,42.58,43.1,22193805,958273552.0
2017-03-30,sz.000858,43.07,43.5,42.17,42.73,20190945,863705792.0
2017-03-31,sz.000858,42.52,43.02,42.05,43.0,21676956,922910208.0
2017-04-05,sz.000858,42.79,43.84,42.68,43.12,24151169,1045988816.0
2017-04-06,sz.000858,43.23,43.29,42.5,42.95,16809411,719573184.0
2017-04-07,sz.000858,42.87,43.11,42.6,42.69,13812967,591485232.0
2017-04-10,sz.000858,42.65,42.66,41.42,41.66,26067613,1089896096.0
2017-04-11,sz.000858,41.49,41.66,39.85,40.95,32670966,1330882720.0
2017-04-12,sz.000858,40.73,42.38,40.56,42.05,31026351,1293259392.0
2017-04-13,sz.000858,42.01,43.0,41.83,42.81,20772770,884497040.0
2017-04-14,sz.000858,43.0,43.18,41.92,42.35,15750860,668378384.0
2017-04-17,sz.000858,42.05,43.33,41.85,42.96,20397529,876210032.0
2017-04-18,sz.000858,42.95,44.5,42.83,43.88,30494053,1341270944.0
2017-04-19,sz.000858,44.1,44.85,43.4,44.0,21411693,946000256.0
2017-04-20,sz.000858,44.01,45.89,43.8,45.65,35490588,1606555760.0
2017-04-21,sz.000858,45.66,46.1,45.03,45.65,24663720,1123511808.0
2017-04-24,sz.000858,45.0,45.15,44.03,44.31,20766359,927467920.0
2017-04-25,sz.000858,44.75,46.71,44.75,46.6,34054132,1559251120.0
2017-04-26,sz.000858,46.57,47.75,45.51,45.7,37061654,1730845440.0
2017-04-27,sz.000858,45.49,46.2,45.0,46.0,18762562,855252048.0
2017-04-28,sz.000858,46.66,46.8,44.32,45.5,34678260,1564756128.0
2017-05-02,sz.000858,45.26,45.26,44.08,44.6,20882591,931011024.0
2017-05-03,sz.000858,44.66,45.45,44.44,44.92,15116828,678377712.0
2017-05-04,sz.000858,44.9,44.92,44.22,44.38,13934135,620702768.0
2017-05-05,sz.000858,44.38,44.75,43.77,44.16,20494350,907381536.0
2017-05-08,sz.000858,44.23,44.23,42.62,42.62,24311886,1051463504.0
2017-05-09,sz.000858,42.53,43.75,41.81,43.67,24781465,1059664448.0
2017-05-10,sz.000858,43.59,44.33,43.37,43.49,17560711,771388256.0
2017-05-11,sz.000858,43.48,44.47,43.28,44.33,18203050,801570640.0
2017-05-12,sz.000858,43.55,44.27,43.01,44.25,19609509,857684480.0
2017-05-15,sz.000858,44.26,45.5,44.11,45.18,19195201,864066336.0
2017-05-16,sz.000858,45.15,47.6,44.83,47.6,41133154,1921926704.0
2017-05-17,sz.000858,47.42,47.65,46.31,46.36,23139738,1085062000.0
2017-05-18,sz.000858,46.17,47.45,46.11,46.5,16015098,749478832.0
2017-05-19,sz.000858,46.51,47.4,46.5,47.08,15786409,741788832.0
2017-05-22,sz.000858,47.21,47.56,46.52,47.13,14387799,676005984.0
2017-05-23,sz.000858,47.13,48.75,46.84,48.26,27114211,1306270912.0
2017-05-24,sz.000858,48.25,48.61,46.9,47.95,23805410,1135073568.0
2017-05-25,sz.000858,47.84,48.18,47.1,47.73,15637031,745554304.0
2017-05-26,sz.000858,47.8,48.26,46.9,47.56,19259404,915014608.0
2017-05-31,sz.000858,47.14,47.88,46.36,47.88,21149466,995050752.0
2017-06-01,sz.000858,47.5,48.54,47.27,48.34,19566050,940552880.0
2017-06-02,sz.000858,48.16,48.74,47.4,47.96,16731047,803138176.0
2017-06-05,sz.000858,48.01,48.5,47.05,47.09,17161751,815019856.0
2017-06-06,sz.000858,47.09,48.6,47.0,48.51,18703696,894954704.0
2017-06-07,sz.000858,48.6,51.2,48.55,50.9,36078651,1808407552.0
2017-06-08,sz.000858,50.96,52.55,50.61,51.4,30019781,1551306752.0
2017-06-09,sz.000858,51.4,52.87,51.4,52.17,22421062,1168904576.0
2017-06-12,sz.000858,52.69,55.99,52.52,54.83,39041905,2117491120.0
2017-06-13,sz.000858,54.83,54.83,53.52,54.69,25482824,1379771824.0
2017-06-14,sz.000858,54.2,55.17,53.11,53.7,30678796,1654983376.0
2017-06-15,sz.000858,53.5,53.71,51.8,52.21,39471071,2070609984.0
2017-06-16,sz.000858,52.07,53.16,51.68,52.02,24033423,1257006032.0
2017-06-19,sz.000858,52.33,53.08,51.97,52.57,37036876,1944706368.0
2017-06-20,sz.000858,52.65,52.96,51.9,52.2,34893202,1821526656.0
2017-06-21,sz.000858,52.5,54.61,51.75,54.61,45263456,2391227504.0
2017-06-22,sz.000858,54.57,55.26,53.88,54.15,46808450,2552510960.0
2017-06-23,sz.000858,53.73,55.12,53.45,55.0,35085488,1911711344.0
2017-06-26,sz.000858,55.08,57.18,55.08,56.74,37038461,2089209008.0
2017-06-27,sz.000858,56.63,57.2,56.0,57.16,31307389,1771439280.0
2017-06-28,sz.000858,56.79,56.88,55.6,55.64,27582268,1548727184.0
2017-06-29,sz.000858,55.61,55.95,54.9,55.42,25571255,1412990960.0
2017-06-30,sz.000858,55.32,56.0,55.0,55.66,20075326,1116508448.0
2017-07-03,sz.000858,55.6,55.89,53.78,54.03,33166228,1801733696.0
2017-07-04,sz.000858,53.8,53.8,51.97,52.55,39001962,2053979952.0
2017-07-05,sz.000858,52.52,53.58,52.5,53.42,30327331,1610599792.0
2017-07-06,sz.000858,53.5,53.5,52.19,52.99,31370657,1652540272.0
2017-07-07,sz.000858,52.78,52.78,51.6,51.8,30890584,1602293280.0
2017-07-10,sz.000858,51.59,52.93,50.76,52.79,40733979,2112491488.0
2017-07-11,sz.000858,52.65,54.28,52.45,53.69,34226179,1836879536.0
2017-07-12,sz.000858,53.67,53.67,52.05,52.18,27722977,1463246496.0
2017-07-13,sz.000858,52.01,53.12,51.86,52.18,23843309,1247064512.0
2017-07-14,sz.000858,51.95,52.77,51.6,52.54,20202809,1053780928.0
2017-07-17,sz.000858,52.69,52.69,50.7,51.51,29468000,1522315232.0
2017-07-18,sz.000858,51.7,52.7,50.89,52.59,23913165,1241870976.0
2017-07-19,sz.000858,52.66,54.3,52.63,53.71,29949235,1606216272.0
2017-07-20,sz.000858,53.71,54.87,53.71,54.81,28370871,1543500736.0
2017-07-21,sz.000858,54.8,55.59,54.33,54.71,24618552,1356818608.0
2017-07-24,sz.000858,54.85,56.75,54.85,55.91,27426965,1538206928.0
2017-07-25,sz.000858,56.38,56.44,55.31,55.36,16795869,937380816.0
2017-07-26,sz.000858,55.4,56.01,53.5,54.01,23526651,1278858208.0
2017-07-27,sz.000858,54.0,54.3,53.05,53.75,20862244,1119273072.0
2017-07-28,sz.000858,53.73,55.79,53.42,55.73,33678614,1853866704.0
2017-07-31,sz.000858,55.94,57.38,55.6,55.76,42299998,2389011776.0
2017-08-01,sz.000858,55.88,56.58,55.01,56.58,22920903,1280407952.0
2017-08-02,sz.000858,56.1,56.68,55.38,55.71,18480330,1033391152.0
2017-08-03,sz.000858,55.4,55.86,54.12,54.5,26313309,1435945792.0
2017-08-04,sz.000858,54.5,55.05,53.95,54.09,19489802,1058514384.0
2017-08-07,sz.000858,53.9,56.15,53.42,56.0,27072133,1486094208.0
2017-08-08,sz.000858,55.79,56.38,55.4,55.81,16623396,928832800.0
2017-08-09,sz.000858,55.61,57.8,55.02,56.64,41440425,2363696496.0
2017-08-10,sz.000858,56.78,58.88,56.64,57.6,41624727,2411510928.0
2017-08-11,sz.000858,57.0,57.58,55.95,56.0,28591698,1621909264.0
2017-08-14,sz.000858,56.15,57.8,56.15,57.38,30578175,1744486768.0
2017-08-15,sz.000858,57.38,57.97,56.92,57.5,17083084,982197088.0
2017-08-16,sz.000858,57.5,57.5,56.38,56.85,17247809,978751024.0
2017-08-17,sz.000858,56.78,56.78,55.48,55.81,23442083,1310465296.0
2017-08-18,sz.000858,55.45,56.21,55.27,55.81,12938447,721783200.0
2017-08-21,sz.000858,55.81,56.1,55.08,55.51,17854200,988854256.0
2017-08-22,sz.000858,55.01,55.11,52.8,54.08,39643883,2137185344.0
2017-08-23,sz.000858,53.72,55.0,53.6,54.79,21013867,1142768128.0
2017-08-24,sz.000858,54.74,55.0,53.9,54.06,15314069,831710784.0
2017-08-25,sz.000858,54.08,54.48,53.53,54.1,23102937,1246281024.0
2017-08-28,sz.000858,54.97,56.5,54.97,55.43,43888728,2443203584.0
2017-08-29,sz.000858,55.37,55.85,54.88,55.19,23125750,1280576592.0
2017-08-30,sz.000858,55.31,56.47,55.1,56.25,26056361,1456970288.0
2017-08-31,sz.000858,56.25,56.54,55.05,55.49,19022089,1058224256.0
2017-09-01,sz.000858,55.35,55.93,55.06,55.5,17744894,984771104.0
2017-09-04,sz.000858,55.45,55.45,54.08,54.21,29862143,1626579376.0
2017-09-05,sz.000858,54.23,54.77,54.03,54.27,15102485,821048720.0
2017-09-06,sz.000858,54.2,54.49,53.7,53.83,18834495,1017715808.0
2017-09-07,sz.000858,53.9,54.04,52.8,53.15,22573441,1199532208.0
2017-09-08,sz.000858,52.96,52.96,51.62,51.85,34400992,1791448832.0
2017-09-11,sz.000858,51.58,53.0,50.65,52.87,40671465,2115022848.0
2017-09-12,sz.000858,52.52,53.65,52.23,53.6,24861153,1326135364.95
2017-09-13,sz.000858,53.63,55.5,53.58,54.96,36445778,1994782765.73
2017-09-14,sz.000858,54.86,55.39,54.5,54.8,21513204,1182285369.03
2017-09-15,sz.000858,54.81,55.58,54.69,54.93,19711872,1087867330.42
2017-09-18,sz.000858,55.15,56.8,55.1,56.42,28720032,1615316019.58
2017-09-19,sz.000858,56.5,57.5,56.12,56.47,22188037,1257913122.7
2017-09-20,sz.000858,56.87,57.5,56.11,56.52,18529984,1053741519.68
2017-09-21,sz.000858,56.54,56.54,55.43,55.72,16426705,916675909.35
2017-09-22,sz.000858,55.43,56.43,55.4,56.08,14385003,805162848.08
2017-09-25,sz.000858,56.28,57.5,56.28,57.42,24614433,1405390390.49
2017-09-26,sz.000858,57.35,57.35,56.51,56.89,14299463,813898614.44
2017-09-27,sz.000858,56.67,57.22,56.15,56.7,15862601,896422632.15
2017-09-28,sz.000858,56.61,58.11,56.53,57.45,29043719,1670672617.77
2017-09-29,sz.000858,57.4,58.45,56.63,57.28,21716197,1253717250.25
2017-10-09,sz.000858,58.0,59.1,57.01,58.54,21684904,1268405187.03
2017-10-10,sz.000858,58.54,59.21,57.94,59.18,21535488,1266543955.22
2017-10-11,sz.000858,59.18,61.83,58.8,61.18,31321043,1902171753.12
2017-10-12,sz.000858,61.36,61.95,60.46,60.81,17600466,1073412431.35
2017-10-13,sz.000858,60.86,61.95,60.85,61.62,16202388,995669000.15
2017-10-16,sz.000858,61.14,62.15,59.6,59.65,27003278,1635212067.85
2017-10-17,sz.000858,59.6,60.3,58.92,60.1,14629264,874178783.7
2017-10-18,sz.000858,60.12,61.35,59.17,61.35,17653550,1062478441.85
2017-10-19,sz.000858,61.01,63.8,60.81,63.0,27871861,1744925529.23
2017-10-20,sz.000858,62.5,62.84,61.71,62.51,15181979,944325935.64
2017-10-23,sz.000858,62.49,63.18,61.82,62.6,13649799,852603486.11
2017-10-24,sz.000858,62.45,63.86,61.85,63.59,24862604,1565469643.43
2017-10-25,sz.000858,63.59,63.83,62.5,63.02,15740970,992966250.45
2017-10-26,sz.000858,65.91,67.18,64.24,65.06,41403157,2719287566.98
2017-10-27,sz.000858,65.0,68.99,64.31,67.99,42370988,2810914635.78
2017-10-30,sz.000858,67.5,68.01,66.0,67.0,33666677,2253930547.73
2017-10-31,sz.000858,66.5,66.95,65.5,66.62,20553558,1359946393.53
2017-11-01,sz.000858,66.65,68.44,66.63,67.02,21530441,1451488588.61
2017-11-02,sz.000858,67.05,68.4,66.7,67.62,26806185,1806405545.13
2017-11-03,sz.000858,67.45,69.28,67.2,68.33,24052556,1646990653.08
2017-11-06,sz.000858,68.85,70.38,68.41,70.15,24885613,1729483360.0
2017-11-07,sz.000858,70.45,72.8,69.88,71.0,30055123,2142109700.25
2017-11-08,sz.000858,71.0,72.13,70.0,70.47,24631356,1753224798.21
2017-11-09,sz.000858,70.38,71.22,69.0,71.15,24410575,1708667357.77
2017-11-10,sz.000858,70.9,74.73,70.67,74.6,31606294,2308173163.25
2017-11-13,sz.000858,74.62,75.01,73.03,74.44,25587296,1900429833.67
2017-11-14,sz.000858,74.32,74.4,72.1,72.19,29481615,2149759055.13
2017-11-15,sz.000858,71.95,74.87,71.7,74.8,33050579,2431549950.17
2017-11-16,sz.000858,74.6,76.76,74.18,76.2,34445747,2623626479.09
2017-11-17,sz.000858,74.0,75.6,72.2,74.86,47033596,3470762410.28
2017-11-20,sz.000858,73.3,73.3,70.07,72.93,32310208,2340210119.08
2017-11-21,sz.000858,72.69,74.44,71.2,73.95,30819765,2260040646.43
2017-11-22,sz.000858,73.95,75.9,71.54,71.9,39523966,2893486158.99
2017-11-23,sz.000858,71.25,71.25,67.0,67.57,48586164,3355596069.47
2017-11-24,sz.000858,67.57,68.48,64.87,68.46,46733707,3112090306.75
2017-11-27,sz.000858,67.77,68.68,66.01,67.59,28097804,1894106970.55
2017-11-28,sz.000858,67.38,69.38,67.0,68.68,24691262,1695244302.79
2017-11-29,sz.000858,69.0,69.2,65.54,66.22,25854241,1729488491.0
2017-11-30,sz.000858,66.22,67.5,64.53,65.6,21744143,1434527244.01
2017-12-01,sz.000858,66.21,66.65,64.91,65.3,21172961,1391760655.25
2017-12-04,sz.000858,65.2,68.71,64.03,67.95,40686245,2731108233.47
2017-12-05,sz.000858,67.65,69.59,67.36,68.32,34202592,2347062277.66
2017-12-06,sz.000858,68.4,69.5,67.5,68.32,23902258,1632767000.82
2017-12-07,sz.000858,68.0,68.8,65.8,65.96,23199000,1552376752.87
2017-12-08,sz.000858,65.71,68.05,65.69,67.9,25699212,1724479607.68
2017-12-11,sz.000858,68.7,72.24,68.68,71.9,47997786,3394742894.62
2017-12-12,sz.000858,72.26,73.0,71.3,71.86,27824509,2006321820.51
2017-12-13,sz.000858,72.0,74.35,71.4,74.15,29951504,2187299101.13
2017-12-14,sz.000858,74.2,74.88,73.41,74.69,20967313,1557985222.69
2017-12-15,sz.000858,74.31,75.45,72.89,72.95,23098142,1707969810.75
2017-12-18,sz.000858,75.0,77.08,74.6,77.08,50553294,3859030907.99
2017-12-19,sz.000858,76.5,79.81,76.5,78.42,37955663,2975094453.52
2017-12-20,sz.000858,78.86,81.69,78.03,81.6,34102959,2747943741.07
2017-12-21,sz.000858,81.47,83.58,80.5,82.15,37939547,3094053165.3
2017-12-22,sz.000858,81.98,82.5,80.0,80.58,35180174,2841150644.7
2017-12-25,sz.000858,80.6,81.49,78.61,80.56,35763142,2855501619.67
2017-12-26,sz.000858,80.39,80.69,78.5,79.47,23816621,1891876217.84
2017-12-27,sz.000858,79.25,79.94,77.86,77.9,26333042,2072640193.2
2017-12-28,sz.000858,79.99,81.98,78.44,80.86,52670572,4229394767.88
2017-12-29,sz.000858,81.0,81.96,78.0,79.88,42744727,3411580328.07
2018-01-02,sz.000858,80.2,81.0,78.33,80.58,31525233,2515564441.97
2018-01-03,sz.000858,80.5,81.76,79.85,80.9,28461426,2303523783.85
2018-01-04,sz.000858,80.79,83.61,80.6,82.99,36057706,2979263417.84
2018-01-05,sz.000858,82.77,83.45,81.4,82.68,23195809,1913069874.17
2018-01-08,sz.000858,82.59,83.61,81.6,82.2,28681834,2367460141.77
2018-01-09,sz.000858,82.4,86.1,82.36,86.1,38836460,3297220843.5
2018-01-10,sz.000858,86.49,89.16,85.01,88.9,34245866,2978674635.81
2018-01-11,sz.000858,88.74,89.78,87.33,87.96,25477862,2249762450.12
2018-01-12,sz.000858,87.96,91.75,87.62,91.37,32092356,2870276321.09
2018-01-15,sz.000858,91.2,93.18,90.68,91.75,37964408,3482483788.06
2018-01-16,sz.000858,90.61,92.5,89.87,90.82,36615522,3335555956.44
2018-01-17,sz.000858,90.3,91.12,85.65,86.01,49610896,4346534429.94
2018-01-18,sz.000858,86.31,88.35,84.3,86.4,42970090,3712081698.13
2018-01-19,sz.000858,86.4,86.88,84.31,85.17,38200365,3259552587.24
2018-01-22,sz.000858,85.67,90.5,85.67,90.42,44582353,3918907687.47
2018-01-23,sz.000858,90.42,90.8,88.41,89.71,38468166,3439974330.32
2018-01-24,sz.000858,89.58,89.58,86.66,87.35,34969575,3063373440.45
2018-01-25,sz.000858,86.6,87.09,84.18,86.0,42112892,3604252895.62
2018-01-26,sz.000858,85.5,87.77,85.12,86.84,31205375,2700119273.48
2018-01-29,sz.000858,86.6,86.6,81.7,82.08,59138327,4943911228.18
2018-01-30,sz.000858,81.1,83.08,80.12,81.4,37462177,3052119414.12
2018-01-31,sz.000858,81.32,85.09,81.32,84.38,41788143,3505918466.77
2018-02-01,sz.000858,83.6,83.85,81.18,82.98,44568953,3673372380.68
2018-02-02,sz.000858,82.15,83.88,80.73,82.28,34858228,2863027755.15
2018-02-05,sz.000858,79.31,79.7,75.17,77.87,71330226,5572736828.78
2018-02-06,sz.000858,76.0,77.75,74.9,76.44,54196919,4133274384.74
2018-02-07,sz.000858,77.59,78.1,70.12,71.02,70381493,5213875293.33
2018-02-08,sz.000858,70.85,73.88,70.85,72.02,54490699,3947815137.98
2018-02-09,sz.000858,69.22,71.4,66.93,71.2,58892094,4118273897.79
2018-02-12,sz.000858,72.0,75.0,72.0,74.4,44602248,3294954327.33
2018-02-13,sz.000858,75.09,76.95,75.0,75.1,28384041,2154585818.65
2018-02-14,sz.000858,76.1,76.66,74.52,76.6,20804303,1574485186.43
2018-02-22,sz.000858,77.8,80.23,77.6,80.1,29097829,2293498101.01
2018-02-23,sz.000858,80.01,80.98,78.52,79.64,18911704,1508538665.26
2018-02-26,sz.000858,79.6,79.95,77.0,78.52,32026964,2511465945.18
2018-02-27,sz.000858,78.99,79.1,75.9,76.1,29074902,2243446084.45
2018-02-28,sz.000858,74.0,75.78,73.0,74.28,33010190,2444849428.24
2018-03-01,sz.000858,73.8,75.46,73.53,74.32,25464928,1898957362.68
2018-03-02,sz.000858,73.8,74.8,72.5,73.42,24660697,1813429720.1
2018-03-05,sz.000858,73.81,74.48,72.01,72.09,21115132,1534679284.87
2018-03-06,sz.000858,72.76,73.31,70.02,73.24,40694235,2914565018.53
2018-03-07,sz.000858,73.24,75.08,73.0,73.28,28376080,2102488980.18
2018-03-08,sz.000858,73.79,76.96,73.3,76.9,39520411,2984000307.44
2018-03-09,sz.000858,77.3,78.39,76.18,77.1,24552854,1894214324.98
2018-03-12,sz.000858,77.6,77.8,75.46,76.15,24233436,1848556888.66
2018-03-13,sz.000858,76.24,76.99,74.5,74.61,23113760,1744599434.11
2018-03-14,sz.000858,74.0,75.67,73.1,75.55,24022456,1789564265.21
2018-03-15,sz.000858,75.68,78.28,75.67,78.0,37340376,2897589116.12
2018-03-16,sz.000858,78.2,78.74,76.82,76.87,20518937,1593762700.56
2018-03-19,sz.000858,76.34,78.15,76.0,77.71,21019573,1624137665.11
2018-03-20,sz.000858,76.56,76.95,74.63,75.65,23932435,1808025014.74
2018-03-21,sz.000858,76.32,76.58,74.18,74.52,24310066,1827536926.51
2018-03-22,sz.000858,74.08,74.61,72.0,72.13,32849545,2389981815.56
2018-03-23,sz.000858,70.0,71.48,68.8,71.37,32138345,2262435107.31
2018-03-26,sz.000858,70.53,71.0,69.1,69.99,27866806,1950578700.22
2018-03-27,sz.000858,71.0,71.55,67.3,68.47,54114758,3725130510.68
2018-03-28,sz.000858,67.1,68.16,64.66,64.74,66248850,4362252821.67
2018-03-29,sz.000858,65.5,67.85,63.88,67.5,52291220,3444044172.14
2018-03-30,sz.000858,67.25,67.65,65.91,66.36,31431119,2098175069.32
2018-04-02,sz.000858,65.9,67.81,65.02,66.43,33105740,2200519197.39
2018-04-03,sz.000858,65.9,67.64,65.83,67.12,39623208,2653203066.91
2018-04-04,sz.000858,67.48,70.66,67.41,69.9,50076876,3482435492.99
2018-04-09,sz.000858,69.89,70.59,68.85,69.75,24102141,1678408756.98
2018-04-10,sz.000858,69.75,70.38,69.25,70.38,20743086,1447802101.46
2018-04-11,sz.000858,70.76,71.4,70.01,70.31,24083870,1704348557.05
2018-04-12,sz.000858,70.29,70.7,69.15,69.2,20716396,1442430066.25
2018-04-13,sz.000858,69.89,70.25,67.53,67.98,23659999,1625272506.46
2018-04-16,sz.000858,67.7,68.98,67.01,67.97,22397760,1522825990.73
2018-04-17,sz.000858,68.4,68.75,66.6,67.0,20055726,1363917820.47
2018-04-18,sz.000858,67.6,67.94,65.15,66.33,23950533,1589663456.83
2018-04-19,sz.000858,67.3,70.5,66.42,70.37,37086767,2556716433.53
2018-04-20,sz.000858,70.0,71.35,68.88,69.63,30706027,2154424575.97
2018-04-23,sz.000858,69.3,70.5,68.68,69.69,21469676,1492450926.63
2018-04-24,sz.000858,70.0,72.6,70.0,72.43,36973742,2660105985.54
2018-04-25,sz.000858,71.91,72.65,71.7,72.34,17474827,1262337931.23
2018-04-26,sz.000858,71.9,71.91,68.8,69.1,28351699,1975528198.97
2018-04-27,sz.000858,69.97,69.97,66.8,67.98,23621586,1607040276.08
2018-05-02,sz.000858,69.2,71.25,68.01,71.22,34830625,2442217861.82
2018-05-03,sz.000858,71.29,73.98,70.5,73.8,31984117,2323274726.08
2018-05-04,sz.000858,73.55,73.94,72.8,72.9,19882975,1455358587.9
2018-05-07,sz.000858,73.28,76.18,72.98,76.0,34444873,2594926610.95
2018-05-08,sz.000858,75.8,76.85,75.33,76.04,28532017,2172832592.81
2018-05-09,sz.000858,75.8,76.37,74.85,76.25,20926220,1578934106.29
2018-05-10,sz.000858,76.37,78.19,76.35,77.98,28304427,2198742268.55
2018-05-11,sz.000858,78.55,79.35,77.0,77.06,22238963,1735583565.7
2018-05-14,sz.000858,77.66,78.98,77.3,78.32,22892925,1786981011.27
2018-05-15,sz.000858,78.31,79.5,77.48,79.38,23369601,1833390827.96
2018-05-16,sz.000858,79.43,80.11,78.95,79.17,26135149,2081238266.87
2018-05-17,sz.000858,79.4,79.64,76.6,77.07,26873152,2084934603.55
2018-05-18,sz.000858,76.91,77.98,75.5,77.59,21657075,1665226221.32
2018-05-21,sz.000858,78.1,79.06,76.62,77.18,18679108,1449622080.12
2018-05-22,sz.000858,76.9,78.08,76.15,77.65,17287556,1334239417.68
2018-05-23,sz.000858,77.5,78.14,76.33,76.44,19462606,1500173188.45
2018-05-24,sz.000858,76.4,76.98,74.0,74.02,28880850,2171382488.06
2018-05-25,sz.000858,74.02,75.66,74.01,74.3,24733727,1846699438.43
2018-05-28,sz.000858,74.88,77.45,74.26,77.45,34950878,2667347200.37
2018-05-29,sz.000858,77.5,79.16,76.13,76.34,32925326,2564551156.17
2018-05-30,sz.000858,75.65,78.08,74.1,76.8,26765570,2045859932.05
2018-05-31,sz.000858,77.79,79.59,76.85,78.98,41529427,3266151334.14
2018-06-01,sz.000858,78.64,79.9,77.74,78.62,27637920,2173363366.43
2018-06-04,sz.000858,78.88,82.13,77.9,81.8,45702140,3680041020.11
2018-06-05,sz.000858,82.0,83.73,80.62,82.8,39510595,3248037847.42
2018-06-06,sz.000858,82.75,83.6,81.8,82.11,28119042,2319392687.71
2018-06-07,sz.000858,82.4,82.78,80.44,80.85,24022867,1959665574.8
2018-06-08,sz.000858,80.33,81.49,79.13,80.39,25687684,2056435707.58
2018-06-11,sz.000858,80.35,83.58,80.08,82.48,41789436,3435464323.45
2018-06-12,sz.000858,82.83,86.47,82.16,86.0,46043240,3903915961.3
2018-06-13,sz.000858,85.79,86.66,85.03,85.47,28697253,2460756755.82
2018-06-14,sz.000858,85.38,86.11,82.65,84.41,26587416,2237838346.1
2018-06-15,sz.000858,84.0,84.51,82.61,83.25,24069632,2003984497.3
2018-06-19,sz.000858,82.0,82.73,79.29,79.88,38042230,3073242295.58
2018-06-20,sz.000858,80.0,82.2,79.59,82.06,26342617,2137142810.4
2018-06-21,sz.000858,81.7,83.36,80.8,80.88,26582382,2178315930.46
2018-06-22,sz.000858,80.4,80.7,79.03,80.18,24893380,1986219735.66
2018-06-25,sz.000858,81.02,83.67,81.02,82.11,36660963,3029558089.27
2018-06-26,sz.000858,81.9,82.93,80.05,81.48,28982518,2351950446.4
2018-06-27,sz.000858,81.0,81.6,76.29,76.55,42271193,3309866061.78
2018-06-28,sz.000858,75.22,75.74,73.07,73.65,33243447,2471122707.57
2018-06-29,sz.000858,74.0,76.68,73.3,76.0,22957358,1724744132.65
2018-07-02,sz.000858,76.01,77.76,73.53,74.28,26221408,1981522179.88
2018-07-03,sz.000858,73.6,74.9,69.58,72.38,41705767,2994709213.56
2018-07-04,sz.000858,72.08,72.97,70.55,70.7,24826384,1776041016.48
2018-07-05,sz.000858,71.69,72.71,69.7,70.82,32858302,2334023503.84
2018-07-06,sz.000858,69.9,71.98,68.88,70.62,33176915,2334076324.92
2018-07-09,sz.000858,71.58,73.55,70.4,73.54,32110114,2323873970.33
2018-07-10,sz.000858,73.57,74.13,72.08,73.37,22014356,1607141813.46
2018-07-11,sz.000858,71.2,72.64,70.93,72.08,19172467,1377729665.07
2018-07-12,sz.000858,72.0,74.77,71.98,73.9,28313629,2086611498.36
2018-07-13,sz.000858,74.25,75.9,73.51,75.75,27565653,2068808408.97
2018-07-16,sz.000858,75.63,76.69,74.9,75.42,20407727,1542523507.51
2018-07-17,sz.000858,75.5,75.67,73.15,74.04,18954570,1401078112.1
2018-07-18,sz.000858,74.38,74.8,73.18,73.31,16659354,1231365687.35
2018-07-19,sz.000858,73.98,74.11,72.95,73.38,14456706,1060790202.31
2018-07-20,sz.000858,73.18,73.83,71.5,73.43,25061759,1822785335.77
2018-07-23,sz.000858,73.0,73.9,70.81,72.12,29899460,2150492051.3
2018-07-24,sz.000858,72.25,75.14,71.58,75.03,37924439,2798512515.07
2018-07-25,sz.000858,75.14,75.5,74.52,75.0,23553211,1766246342.74
2018-07-26,sz.000858,75.11,75.28,74.0,74.19,20307725,1516383849.01
2018-07-27,sz.000858,74.0,74.97,73.38,74.19,16394908,1219507575.46
2018-07-30,sz.000858,74.24,74.4,71.93,72.6,19872102,1444181932.9
2018-07-31,sz.000858,72.4,72.96,71.73,72.15,14953196,1080385795.2
2018-08-01,sz.000858,72.8,72.8,69.98,70.02,26091672,1850440407.28
2018-08-02,sz.000858,70.0,70.02,66.62,67.92,33533444,2275594234.94
2018-08-03,sz.000858,68.0,68.0,65.66,65.67,26407210,1755022499.81
2018-08-06,sz.000858,65.09,66.0,63.88,64.34,25704067,1665999742.66
2018-08-07,sz.000858,65.0,66.67,64.0,66.48,27734378,1814190299.45
2018-08-08,sz.000858,66.6,66.6,64.24,64.44,23681812,1544553324.22
2018-08-09,sz.000858,64.1,66.5,63.82,66.36,26399041,1737604804.45
2018-08-10,sz.000858,66.26,67.19,65.34,66.05,21283369,1409830870.63
2018-08-13,sz.000858,65.25,65.25,63.1,64.41,36552137,2343183704.66
2018-08-14,sz.000858,64.99,65.92,64.11,65.1,29433738,1910064580.29
2018-08-15,sz.000858,65.11,65.11,63.28,63.33,20711286,1320142860.38
2018-08-16,sz.000858,62.33,63.41,61.14,61.15,30805573,1913089768.14
2018-08-17,sz.000858,61.85,62.3,60.3,60.61,25993542,1592610464.34
2018-08-20,sz.000858,60.99,62.15,59.58,62.03,29124979,1771847023.73
2018-08-21,sz.000858,62.05,64.66,61.9,64.33,35539212,2262787702.21
2018-08-22,sz.000858,63.99,64.37,63.28,63.69,14773268,942536719.05
2018-08-23,sz.000858,63.98,64.83,63.18,64.15,17891810,1147044329.52
2018-08-24,sz.000858,63.9,63.9,62.5,62.96,18476928,1163742383.27
2018-08-27,sz.000858,63.1,65.31,63.1,65.31,34040126,2198875203.21
2018-08-28,sz.000858,66.03,66.18,63.97,64.3,39097678,2527105908.04
2018-08-29,sz.000858,64.29,64.51,63.34,63.68,24228564,1543978648.58
2018-08-30,sz.000858,63.7,64.5,63.12,63.4,18969237,1209290718.07
2018-08-31,sz.000858,62.99,62.99,61.63,61.9,24456055,1517434104.44
2018-09-03,sz.000858,61.1,62.17,61.09,61.97,20832453,1283847415.24
2018-09-04,sz.000858,62.27,62.96,61.6,62.77,19483865,1215148333.55
2018-09-05,sz.000858,62.75,62.75,60.8,60.9,21713048,1342662987.18
2018-09-06,sz.000858,60.5,61.64,59.18,59.71,31922195,1924316865.77
2018-09-07,sz.000858,60.3,61.15,59.8,60.77,22272604,1347995371.45
2018-09-10,sz.000858,60.92,60.96,59.28,60.38,19591916,1179507359.97
2018-09-11,sz.000858,60.38,61.35,60.2,61.0,20291936,1235001569.65
2018-09-12,sz.000858,61.0,61.0,59.59,59.65,19160779,1150744732.12
2018-09-13,sz.000858,60.39,60.65,58.58,59.98,20686536,1232442100.07
2018-09-14,sz.000858,60.45,62.16,59.7,61.53,29496029,1800648312.98
2018-09-17,sz.000858,61.4,62.56,61.03,61.86,23550859,1458775764.23
2018-09-18,sz.000858,61.62,63.6,61.01,63.21,26386124,1647393657.37
2018-09-19,sz.000858,62.99,65.53,62.9,64.44,41136431,2653606009.85
2018-09-20,sz.000858,64.4,64.85,64.03,64.39,16416571,1056728297.38
2018-09-21,sz.000858,64.6,66.8,64.57,66.42,33103004,2175628239.7
2018-09-25,sz.000858,65.82,66.39,64.88,65.3,19515014,1279057649.45
2018-09-26,sz.000858,65.7,68.3,65.58,67.2,43804128,2938975084.87
2018-09-27,sz.000858,66.99,67.6,66.43,67.37,21631563,1449181804.91
2018-09-28,sz.000858,67.47,68.3,66.8,67.95,23382849,1580316135.33
2018-10-08,sz.000858,65.88,66.28,63.48,63.48,37057018,2385119273.89
2018-10-09,sz.000858,63.56,64.42,62.8,63.36,21420464,1360554848.68
2018-10-10,sz.000858,63.5,63.7,60.5,60.81,41960588,2588361097.19
2018-10-11,sz.000858,58.47,60.17,58.02,58.72,45745039,2689059911.82
2018-10-12,sz.000858,58.8,60.51,58.6,60.21,37152679,2208288025.61
2018-10-15,sz.000858,60.22,60.45,58.58,58.76,25620023,1522091214.37
2018-10-16,sz.000858,58.8,59.95,58.3,58.97,15252793,900184446.06
2018-10-17,sz.000858,59.9,59.98,57.7,59.4,26241678,1546537894.69
2018-10-18,sz.000858,58.81,59.17,57.76,58.0,17730318,1035333837.29
2018-10-19,sz.000858,57.8,59.74,56.57,59.49,36896532,2151505919.5
2018-10-22,sz.000858,60.22,63.0,60.21,62.48,44553185,2750470637.51
2018-10-23,sz.000858,62.15,62.15,57.18,58.0,54243318,3220258361.57
2018-10-24,sz.000858,56.6,57.5,54.81,56.29,44049534,2476913916.16
2018-10-25,sz.000858,54.95,55.38,54.02,54.8,29030242,1583783392.71
2018-10-26,sz.000858,54.9,55.46,54.0,54.3,23160445,1261671861.29
2018-10-29,sz.000858,50.95,51.0,48.87,48.87,37955851,1867188641.73
2018-10-30,sz.000858,46.8,48.84,46.06,47.49,55024193,2611486807.62
2018-10-31,sz.000858,48.0,48.75,47.49,48.15,46199489,2224915887.37
2018-11-01,sz.000858,49.1,50.95,48.71,49.65,63904550,3185378779.85
2018-11-02,sz.000858,51.78,53.69,50.85,53.69,59391564,3096208024.5
2018-11-05,sz.000858,52.66,52.9,51.1,51.75,45764085,2369001862.52
2018-11-06,sz.000858,51.73,51.73,50.02,50.8,28332405,1431547618.12
2018-11-07,sz.000858,50.91,51.5,50.22,50.5,24085654,1226555649.7
2018-11-08,sz.000858,51.14,51.49,50.5,50.69,18200962,928122739.82
2018-11-09,sz.000858,50.01,50.44,49.89,50.01,14637808,733423985.36
2018-11-12,sz.000858,49.84,50.19,49.0,50.05,26182166,1301791732.02
2018-11-13,sz.000858,49.4,51.69,49.27,51.25,32615089,1651313768.24
2018-11-14,sz.000858,51.25,51.26,50.06,50.17,20628963,1040308055.18
2018-11-15,sz.000858,50.36,50.84,50.21,50.59,15193511,768330766.9
2018-11-16,sz.000858,50.8,51.18,50.41,50.69,19654868,998312549.96
2018-11-19,sz.000858,50.84,51.98,50.6,51.69,24718444,1271045173.71
2018-11-20,sz.000858,51.48,51.5,50.6,50.61,18098637,921741031.28
2018-11-21,sz.000858,50.01,51.44,49.9,51.13,18284843,931815890.53
2018-11-22,sz.000858,51.3,51.48,50.36,50.99,12411632,631537107.7
2018-11-23,sz.000858,50.98,51.2,50.0,50.02,13797926,693820133.89
2018-11-26,sz.000858,50.4,50.64,50.0,50.09,9509880,477612277.92
2018-11-27,sz.000858,50.37,50.37,49.54,49.78,10074605,502445554.24
2018-11-28,sz.000858,49.97,50.63,49.66,50.24,13733770,688851436.72
2018-11-29,sz.000858,51.13,51.48,50.4,50.43,24341460,1242372769.78
2018-11-30,sz.000858,50.7,52.39,50.5,52.39,39886604,2068637920.81
2018-12-03,sz.000858,54.07,55.2,53.4,55.09,46020824,2511545475.39
2018-12-04,sz.000858,55.0,55.41,54.41,54.95,21503516,1178732543.1
2018-12-05,sz.000858,54.19,55.61,53.95,54.91,28071491,1542561985.62
2018-12-06,sz.000858,54.05,54.46,52.73,53.0,29960836,1601536564.65
2018-12-07,sz.000858,53.51,53.67,52.8,53.2,14689412,782201158.06
2018-12-10,sz.000858,52.49,53.15,51.89,52.33,15876096,832455350.85
2018-12-11,sz.000858,52.35,52.99,52.12,52.82,11012014,578637435.69
2018-12-12,sz.000858,53.49,53.49,52.69,53.17,12163417,645047991.17
2018-12-13,sz.000858,53.15,54.45,52.9,54.01,23011367,1241031288.3
2018-12-14,sz.000858,53.83,53.9,52.92,52.99,17318616,922137672.65
2018-12-17,sz.000858,52.74,53.0,52.21,52.82,10384389,546825431.37
2018-12-18,sz.000858,52.41,53.04,52.3,52.94,10670645,561857538.27
2018-12-19,sz.000858,52.8,54.05,52.51,52.56,19096504,1019671419.53
2018-12-20,sz.000858,52.55,52.74,50.91,51.86,18203973,941847194.7
2018-12-21,sz.000858,51.4,51.5,50.05,50.6,19493928,988024605.17
2018-12-24,sz.000858,50.2,51.25,50.06,50.96,10492946,532943451.89
2018-12-25,sz.000858,50.27,51.1,49.85,50.86,12080036,608934763.71
2018-12-26,sz.000858,50.84,51.18,50.2,50.41,9119744,461720963.45
2018-12-27,sz.000858,51.2,51.48,50.15,50.15,13435416,683348924.43
2018-12-28,sz.000858,50.32,51.25,49.82,50.88,19068489,967588986.97
2019-01-02,sz.000858,51.6,51.8,49.83,49.94,23226724,1174716785.58
2019-01-03,sz.000858,50.04,50.04,48.27,48.96,27802962,1356928388.74
2019-01-04,sz.000858,48.23,49.78,48.0,49.54,24149801,1185479550.49
2019-01-07,sz.000858,49.9,50.15,49.03,49.31,23379693,1155244860.51
2019-01-08,sz.000858,49.48,49.6,48.88,49.02,16784439,824599215.6
2019-01-09,sz.000858,49.41,50.67,49.15,50.03,33078486,1658874318.2
2019-01-10,sz.000858,49.88,50.15,49.23,49.86,18637444,925758405.73
2019-01-11,sz.000858,50.05,50.77,49.72,50.69,24766779,1247223823.44
2019-01-14,sz.000858,50.5,50.59,49.48,49.59,21780059,1083865427.35
2019-01-15,sz.000858,49.75,53.1,49.51,52.97,50041349,2572947449.81
2019-01-16,sz.000858,52.8,52.8,52.03,52.2,33007796,1727407213.35
2019-01-17,sz.000858,52.4,52.79,51.56,51.92,23390986,1221557212.13
2019-01-18,sz.000858,52.2,54.5,52.2,53.88,52123534,2803566846.83
2019-01-21,sz.000858,54.65,56.37,54.62,56.0,54911173,3061837196.03
2019-01-22,sz.000858,56.0,56.0,54.65,55.21,33569156,1848120935.53
2019-01-23,sz.000858,54.88,55.55,54.6,55.07,20224228,1112986460.39
2019-01-24,sz.000858,55.3,55.75,54.5,55.2,19359761,1067519359.55
2019-01-25,sz.000858,55.55,55.85,54.72,55.25,24174003,1341239754.37
2019-01-28,sz.000858,56.0,58.55,55.5,57.47,59237546,3412999036.58
2019-01-29,sz.000858,57.6,58.58,56.7,58.58,31713216,1837922041.3
2019-01-30,sz.000858,58.39,59.17,57.2,57.28,28680178,1664437445.74
2019-01-31,sz.000858,57.71,60.66,56.61,60.3,52732368,3103402259.35
2019-02-01,sz.000858,60.8,61.36,60.22,61.18,39035408,2375429263.66
2019-02-11,sz.000858,61.87,65.23,60.6,64.7,43398199,2753822285.85
2019-02-12,sz.000858,64.85,66.77,64.3,64.75,43764170,2856721810.05
2019-02-13,sz.000858,65.48,66.24,64.48,66.07,37435649,2448957573.32
2019-02-14,sz.000858,65.95,68.3,65.59,67.96,44614646,3004589301.37
2019-02-15,sz.000858,68.0,68.2,66.07,66.4,31127211,2082676229.38
2019-02-18,sz.000858,67.1,69.9,67.1,69.87,43977028,3023099194.81
2019-02-19,sz.000858,69.68,70.47,68.61,69.67,33964852,2359916161.5
2019-02-20,sz.000858,69.5,70.48,67.8,69.01,29628140,2047537231.24
2019-02-21,sz.000858,68.96,69.24,67.56,68.05,28349805,1939785170.4
2019-02-22,sz.000858,67.39,68.5,66.8,68.5,23804524,1612149500.15
2019-02-25,sz.000858,68.66,71.85,67.49,71.26,59350605,4126012682.72
2019-02-26,sz.000858,70.96,71.0,68.8,68.92,45065352,3137917046.28
2019-02-27,sz.000858,69.55,72.48,69.15,70.06,48830743,3448272493.08
2019-02-28,sz.000858,69.8,72.6,68.51,71.5,39447795,2804495424.06
2019-03-01,sz.000858,72.1,76.12,71.7,75.9,49318998,3648644759.31
2019-03-04,sz.000858,76.59,79.5,75.51,77.25,61247124,4731317564.74
2019-03-05,sz.000858,77.24,78.56,76.77,77.77,33285888,2577911820.54
2019-03-06,sz.000858,77.25,77.4,76.0,76.99,34185096,2619984243.06
2019-03-07,sz.000858,76.08,76.08,73.2,73.97,46417664,3452843502.85
2019-03-08,sz.000858,71.74,74.38,71.01,71.44,42140085,3053064892.21
2019-03-11,sz.000858,71.6,76.51,71.6,76.0,45333022,3365404170.7
2019-03-12,sz.000858,75.88,77.15,74.77,75.3,34597522,2617867826.2
2019-03-13,sz.000858,75.0,77.16,74.65,76.5,32098342,2441832251.0
2019-03-14,sz.000858,76.9,78.99,75.72,77.15,43831252,3412067635.33
2019-03-15,sz.000858,76.87,79.59,75.01,78.78,40766689,3195204171.45
2019-03-18,sz.000858,78.68,86.66,78.5,86.66,78502853,6597656097.72
2019-03-19,sz.000858,84.93,88.61,84.3,86.0,61471264,5293626419.35
2019-03-20,sz.000858,85.0,88.18,84.4,85.7,40412261,3473591304.27
2019-03-21,sz.000858,85.72,86.0,84.53,84.9,21863519,1857556465.89
2019-03-22,sz.000858,84.55,86.62,84.01,86.05,28722831,2459037963.3
2019-03-25,sz.000858,84.5,85.5,82.3,82.81,33348523,2793616226.19
2019-03-26,sz.000858,83.2,85.67,83.17,84.47,32321293,2724755664.38
2019-03-27,sz.000858,85.38,89.95,84.55,87.98,49444264,4308324502.21
2019-03-28,sz.000858,89.8,91.89,88.01,90.3,60734571,5493378455.45
2019-03-29,sz.000858,91.5,98.08,91.14,95.0,57499553,5426052479.69
2019-04-01,sz.000858,95.0,97.46,94.0,96.57,54871096,5244031795.28
2019-04-02,sz.000858,96.0,96.48,94.28,96.06,35698969,3399871594.89
2019-04-03,sz.000858,94.61,97.01,94.61,95.4,24743843,2369519371.58
2019-04-04,sz.000858,94.66,101.53,94.19,100.23,51629797,5094805404.54
2019-04-08,sz.000858,104.65,105.39,100.01,102.0,53574123,5478418894.18
2019-04-09,sz.000858,100.16,110.13,100.11,110.02,47313725,4884426196.24
2019-04-10,sz.000858,106.0,110.03,103.0,107.0,67314447,7185973863.16
2019-04-11,sz.000858,105.9,106.9,97.57,99.8,67620791,6875381507.71
2019-04-12,sz.000858,97.9,100.3,97.0,99.62,41082462,4052939503.14
2019-04-15,sz.000858,102.0,104.94,100.0,100.6,46450328,4759979024.76
2019-04-16,sz.000858,98.6,102.23,97.06,102.21,47471447,4751005774.26
2019-04-17,sz.000858,100.98,105.48,100.3,103.62,42313686,4356259331.6
2019-04-18,sz.000858,103.32,104.5,101.8,102.34,27866312,2862113036.53
2019-04-19,sz.000858,102.34,102.42,99.86,101.66,30235053,3052000832.07
2019-04-22,sz.000858,101.0,103.9,100.5,101.13,35074375,3571766313.58
2019-04-23,sz.000858,100.6,106.5,100.5,104.31,52179397,5401052567.04
2019-04-24,sz.000858,105.0,106.5,101.0,103.5,36260720,3738473481.51
2019-04-25,sz.000858,102.8,104.0,100.6,100.6,32452314,3310704569.89
2019-04-26,sz.000858,99.9,103.5,99.9,102.27,41070659,4170490844.57
2019-04-29,sz.000858,101.0,105.11,98.8,102.29,57844278,5918159012.46
2019-04-30,sz.000858,102.0,104.5,101.0,102.36,29919652,3066006981.28
2019-05-06,sz.000858,98.34,98.63,92.12,92.12,71699288,6811943471.79
2019-05-07,sz.000858,93.3,96.97,93.3,95.96,51724250,4939402434.05
2019-05-08,sz.000858,93.17,97.66,93.02,95.88,33331643,3192877613.78
2019-05-09,sz.000858,94.9,95.88,90.02,91.81,52505788,4852605179.24
2019-05-10,sz.000858,94.59,99.48,93.61,99.2,59712662,5777245727.28
2019-05-13,sz.000858,99.0,104.3,97.0,103.6,52161819,5335656536.84
2019-05-14,sz.000858,101.0,104.99,101.0,102.48,43103407,4441800280.61
2019-05-15,sz.000858,104.2,110.5,103.16,109.9,64752067,6923929594.46
2019-05-16,sz.000858,108.76,111.99,107.8,109.98,42650271,4675545683.35
2019-05-17,sz.000858,109.02,110.98,104.99,106.46,50119516,5378725800.75
2019-05-20,sz.000858,105.8,105.93,101.6,104.0,39848030,4127376688.51
2019-05-21,sz.000858,104.01,106.18,101.9,104.2,41802959,4339949492.6
2019-05-22,sz.000858,103.3,105.13,101.0,103.31,28154190,2903441868.65
2019-05-23,sz.000858,102.22,103.0,99.33,99.83,42803482,4314285880.87
2019-05-24,sz.000858,100.11,102.88,99.8,101.02,32483843,3284967739.19
2019-05-27,sz.000858,101.5,102.65,98.5,102.0,35118546,3534292353.49
2019-05-28,sz.000858,101.6,104.2,101.3,103.1,42784082,4399951006.55
2019-05-29,sz.000858,101.98,105.22,101.6,104.55,43169848,4487115414.31
2019-05-30,sz.000858,103.8,105.2,101.99,103.13,24927582,2571306202.92
2019-05-31,sz.000858,103.4,103.4,101.03,101.25,28848416,2938475708.57
2019-06-03,sz.000858,101.3,103.55,100.06,101.46,26133637,2653955613.16
2019-06-04,sz.000858,102.38,102.5,98.63,99.19,32098094,3192822293.7
2019-06-05,sz.000858,100.55,100.61,98.88,99.05,23542007,2346988264.17
2019-06-06,sz.000858,97.98,98.77,96.66,97.29,21720447,2118748151.01
2019-06-10,sz.000858,97.3,101.13,96.0,100.44,34585705,3428090377.71
2019-06-11,sz.000858,101.16,109.52,100.68,108.95,64152654,6792227836.56
2019-06-12,sz.000858,109.11,109.8,106.41,107.61,38459328,4155736709.28
2019-06-13,sz.000858,108.02,108.15,105.15,106.8,27469333,2924978251.25
2019-06-14,sz.000858,106.78,108.7,104.69,104.96,34824273,3709509512.1
2019-06-17,sz.000858,104.96,106.24,102.11,103.7,30060892,3129573468.45
2019-06-18,sz.000858,103.46,105.13,102.2,104.08,23270902,2416587880.61
2019-06-19,sz.000858,107.78,108.2,105.86,105.9,37826025,4049045244.0
2019-06-20,sz.000858,105.46,113.1,105.33,112.97,63113288,6984596749.9
2019-06-21,sz.000858,112.06,113.88,111.2,112.98,42898624,4826930124.03
2019-06-24,sz.000858,112.98,117.4,112.01,115.06,42801426,4920809658.8
2019-06-25,sz.000858,115.06,116.57,112.0,114.9,38759654,4414668439.09
2019-06-26,sz.000858,114.24,114.84,113.19,113.82,20314890,2313679180.34
2019-06-27,sz.000858,114.51,118.47,114.51,117.3,44692926,5219625987.78
2019-06-28,sz.000858,117.58,118.34,115.88,117.95,27036146,3173238391.51
2019-07-01,sz.000858,121.18,126.0,121.05,126.0,47980942,5957481819.8
2019-07-02,sz.000858,124.71,128.0,124.61,128.0,38293861,4819052184.0
2019-07-03,sz.000858,127.0,130.29,122.14,123.91,71443386,9012422827.11
2019-07-04,sz.000858,123.89,124.86,120.28,123.09,48313464,5912603655.03
2019-07-05,sz.000858,123.5,130.18,123.0,129.81,56284313,7145349870.9
2019-07-08,sz.000858,129.78,129.8,124.5,127.03,46616192,5915433713.39
2019-07-09,sz.000858,126.72,128.8,124.5,126.0,36763638,4648787014.64
2019-07-10,sz.000858,126.88,127.44,125.4,126.43,24640005,3115224797.8
2019-07-11,sz.000858,127.45,127.92,122.83,123.5,42100356,5284580704.31
2019-07-12,sz.000858,123.73,126.53,122.9,125.58,33453302,4185378161.31
2019-07-15,sz.000858,124.02,125.46,121.5,125.09,29438667,3649762390.16
2019-07-16,sz.000858,125.1,126.0,123.19,123.58,22980004,2852294240.25
2019-07-17,sz.000858,123.5,124.74,122.5,123.6,19844862,2452457673.56
2019-07-18,sz.000858,123.51,124.25,121.0,121.0,27961769,3420457851.7
2019-07-19,sz.000858,122.0,123.88,121.1,122.14,23843334,2923077635.08
2019-07-22,sz.000858,122.3,123.78,121.33,123.45,22928970,2814700738.46
2019-07-23,sz.000858,123.7,123.78,118.68,120.05,42676139,5141805061.0
2019-07-24,sz.000858,120.22,121.13,119.0,119.5,28278572,3392025182.85
2019-07-25,sz.000858,119.3,121.77,116.2,121.68,43975274,5225971396.15
2019-07-26,sz.000858,120.81,122.5,120.5,121.25,23523112,2859765034.27
2019-07-29,sz.000858,121.5,124.18,120.93,123.75,35604106,4382731013.72
2019-07-30,sz.000858,124.1,124.68,122.5,122.9,23894477,2948652613.87
2019-07-31,sz.000858,122.2,123.1,120.28,120.71,24268263,2940184907.29
2019-08-01,sz.000858,120.03,121.32,118.13,119.03,26073594,3109917796.42
2019-08-02,sz.000858,116.31,118.65,116.02,118.12,27001114,3167999085.43
2019-08-05,sz.000858,116.53,119.39,116.22,116.95,26994647,3169877896.93
2019-08-06,sz.000858,116.8,121.8,114.3,121.28,53310230,6331332804.51
2019-08-07,sz.000858,121.8,121.85,118.86,118.88,25685751,3082279497.18
2019-08-08,sz.000858,119.49,121.61,119.26,120.52,25217971,3043542051.97
2019-08-09,sz.000858,121.5,121.98,117.5,118.02,27818507,3321550416.88
2019-08-12,sz.000858,120.99,123.2,119.01,122.84,39537008,4797396604.65
2019-08-13,sz.000858,122.0,123.0,121.38,122.3,19187436,2342683338.12
2019-08-14,sz.000858,124.2,127.0,123.51,125.85,41626948,5232740560.23
2019-08-15,sz.000858,123.9,126.44,123.51,125.98,24699937,3086946678.25
2019-08-16,sz.000858,126.5,129.0,125.4,126.3,31217017,3974054169.07
2019-08-19,sz.000858,127.3,128.81,125.73,127.9,31274691,3982435339.57
2019-08-20,sz.000858,128.0,130.22,127.7,129.59,30661661,3970361320.22
2019-08-21,sz.000858,129.49,129.88,127.6,127.85,23290010,2992919479.0
2019-08-22,sz.000858,128.34,131.0,127.86,130.5,30208688,3912514036.6
2019-08-23,sz.000858,130.54,131.68,129.18,130.1,32066729,4184735271.29
2019-08-26,sz.000858,127.9,129.0,126.6,127.42,28321987,3616949036.18
2019-08-27,sz.000858,128.77,133.28,128.45,132.38,37967088,4996837361.86
2019-08-28,sz.000858,133.2,136.55,131.7,133.92,34376375,4610003446.89
2019-08-29,sz.000858,134.4,137.74,133.72,137.0,31629032,4294986772.59
2019-08-30,sz.000858,138.05,143.1,138.03,141.5,44079767,6195944729.79
2019-09-02,sz.000858,141.5,142.55,138.1,141.89,32990052,4649797983.69
2019-09-03,sz.000858,142.0,142.79,139.4,141.5,27475366,3872907647.14
2019-09-04,sz.000858,140.06,141.0,137.5,138.31,38055567,5269300147.97
2019-09-05,sz.000858,138.28,140.24,137.8,138.9,30024701,4172563456.17
2019-09-06,sz.000858,139.65,140.1,137.22,140.01,27932773,3879562633.14
2019-09-09,sz.000858,140.06,140.73,138.6,139.2,22490260,3131952949.31
2019-09-10,sz.000858,138.2,138.5,136.21,137.25,24783638,3401992978.96
2019-09-11,sz.000858,135.0,135.6,128.68,129.26,70230982,9220352269.73
2019-09-12,sz.000858,127.5,132.14,127.5,131.55,41275448,5390859933.15
2019-09-16,sz.000858,130.47,131.8,129.1,130.92,23810803,3107715798.57
2019-09-17,sz.000858,130.1,133.74,129.58,131.54,25786137,3398413396.61
2019-09-18,sz.000858,132.1,135.92,132.01,135.56,36393551,4907950565.63
2019-09-19,sz.000858,136.0,136.25,133.71,134.92,18204494,2452341152.78
2019-09-20,sz.000858,135.5,137.52,135.5,136.84,25790534,3523702834.83
2019-09-23,sz.000858,136.72,136.72,132.0,134.85,20957318,2814843037.6
2019-09-24,sz.000858,134.25,137.72,134.25,136.51,26869373,3672327398.3
2019-09-25,sz.000858,136.0,137.88,134.66,136.54,18963438,2588651274.86
2019-09-26,sz.000858,136.97,137.62,133.35,134.1,21939303,2964217247.44
2019-09-27,sz.000858,133.11,135.3,132.2,133.8,16671138,2233718323.65
2019-09-30,sz.000858,133.0,133.95,129.5,129.8,26543399,3473617322.74
2019-10-08,sz.000858,129.8,134.57,129.8,132.76,22689638,3022296806.26
2019-10-09,sz.000858,133.0,133.09,130.7,131.81,16882911,2221320313.44
2019-10-10,sz.000858,128.61,131.65,126.08,130.99,29345896,3786598649.41
2019-10-11,sz.000858,131.5,132.65,129.0,131.25,22670709,2967723909.6
2019-10-14,sz.000858,133.0,133.5,130.3,130.86,21041065,2764340142.81
2019-10-15,sz.000858,131.0,133.53,130.0,132.69,27487661,3641762778.39
2019-10-16,sz.000858,129.9,131.25,128.74,130.13,27437116,3569058486.45
2019-10-17,sz.000858,131.0,131.13,129.75,130.3,14755560,1923019606.17
2019-10-18,sz.000858,129.98,129.98,126.67,127.3,32536856,4170460177.04
2019-10-21,sz.000858,127.3,128.5,126.13,128.12,16563683,2116275971.73
2019-10-22,sz.000858,129.0,129.38,128.0,129.0,14442132,1859987013.98
2019-10-23,sz.000858,129.0,130.08,127.02,127.32,19181167,2462727681.42
2019-10-24,sz.000858,127.55,128.2,124.25,124.53,27060582,3395329986.92
2019-10-25,sz.000858,125.15,128.5,124.42,128.2,25785280,3268792452.69
2019-10-28,sz.000858,128.22,130.8,127.28,130.05,23636430,3064652343.19
2019-10-29,sz.000858,131.0,132.65,130.26,131.5,21468578,2830140054.68
2019-10-30,sz.000858,131.5,131.87,129.58,130.95,13281604,1733800237.85
2019-10-31,sz.000858,135.66,136.0,131.71,132.08,33327198,4458545241.16
2019-11-01,sz.000858,132.7,134.18,131.85,133.7,22376828,2975884621.9
2019-11-04,sz.000858,133.9,135.85,133.84,133.99,22047279,2968606687.81
2019-11-05,sz.000858,134.5,135.28,133.55,134.28,16396464,2205196709.81
2019-11-06,sz.000858,134.98,134.98,132.51,132.63,19092258,2540229476.71
2019-11-07,sz.000858,132.64,133.49,132.12,133.17,10399280,1383132376.62
2019-11-08,sz.000858,134.3,136.63,134.0,134.59,28921955,3912720223.88
2019-11-11,sz.000858,134.0,134.88,132.0,132.72,21772694,2894022133.44
2019-11-12,sz.000858,133.1,133.85,132.19,133.37,16013871,2130045591.51
2019-11-13,sz.000858,133.8,135.28,132.68,134.62,18158898,2438350701.35
2019-11-14,sz.000858,134.65,135.5,133.68,134.55,18723881,2524776839.7
2019-11-15,sz.000858,134.98,134.98,133.0,133.33,13065315,1746120606.57
2019-11-18,sz.000858,133.42,134.09,132.5,133.0,13464186,1788831704.93
2019-11-19,sz.000858,133.0,133.7,132.57,133.5,15571662,2071712323.42
2019-11-20,sz.000858,133.0,135.56,132.8,134.0,21008904,2823391065.58
2019-11-21,sz.000858,133.65,134.25,132.91,133.66,12816526,1708768225.16
2019-11-22,sz.000858,133.37,134.07,128.05,128.97,28311900,3702375517.27
2019-11-25,sz.000858,128.3,129.58,125.72,128.7,23431277,2991410070.75
2019-11-26,sz.000858,128.71,130.72,128.71,130.72,17290856,2247438028.27
2019-11-27,sz.000858,130.49,132.3,129.73,131.49,15469072,2030274022.91
2019-11-28,sz.000858,132.01,132.8,129.9,130.81,11386396,1494448474.05
2019-11-29,sz.000858,130.6,130.6,126.0,127.55,25875927,3301606331.82
2019-12-02,sz.000858,127.45,128.94,125.2,127.0,14121785,1797000338.23
2019-12-03,sz.000858,126.36,126.79,124.88,126.04,13950866,1751894507.33
2019-12-04,sz.000858,127.96,128.57,126.88,128.45,19221202,2460398234.57
2019-12-05,sz.000858,128.5,128.7,127.5,128.16,11277894,1444566390.99
2019-12-06,sz.000858,128.15,131.2,128.01,130.98,20298314,2646395631.65
2019-12-09,sz.000858,131.77,132.98,130.2,130.49,13149531,1729362052.05
2019-12-10,sz.000858,129.88,131.08,129.5,130.86,9711599,1265677535.55
2019-12-11,sz.000858,130.4,130.85,128.0,128.82,14718510,1895323879.12
2019-12-12,sz.000858,129.0,129.22,127.3,127.78,12977588,1660017933.43
2019-12-13,sz.000858,128.58,130.22,128.2,129.52,16466625,2129229226.51
2019-12-16,sz.000858,130.22,130.3,127.6,128.83,20212079,2593321997.81
2019-12-17,sz.000858,128.99,130.33,128.85,130.25,25266098,3279889507.84
2019-12-18,sz.000858,130.5,132.92,130.25,130.94,23557396,3096584394.6
2019-12-19,sz.000858,131.0,131.65,129.18,129.86,13036263,1694680210.64
2019-12-20,sz.000858,130.0,130.28,128.9,129.1,13045860,1685840239.47
2019-12-23,sz.000858,127.5,129.5,126.99,128.14,15676477,2013854463.22
2019-12-24,sz.000858,128.44,129.62,128.4,128.7,8308120,1071252225.41
2019-12-25,sz.000858,129.16,129.19,127.69,128.1,10982186,1405926673.22
2019-12-26,sz.000858,128.1,128.32,127.28,128.15,10114355,1293330428.3
2019-12-27,sz.000858,128.98,130.25,128.82,129.0,19653000,2547996968.01
2019-12-30,sz.000858,129.2,133.25,128.58,132.82,34011693,4485255974.17
2019-12-31,sz.000858,133.0,134.12,132.2,133.01,19507442,2597567643.91
2020-01-02,sz.000858,132.0,133.5,129.59,132.08,30667439,4038536854.95
2020-01-03,sz.000858,131.6,132.07,129.61,130.55,20469248,2672531470.23
2020-01-06,sz.000858,130.0,130.25,128.52,129.2,25936979,3353682073.13
2020-01-07,sz.000858,129.5,131.07,129.0,129.37,22327793,2901574233.08
2020-01-08,sz.000858,128.99,129.76,128.05,128.89,16180218,2083242871.05
2020-01-09,sz.000858,129.0,131.2,128.25,130.77,25549057,3317934212.41
2020-01-10,sz.000858,130.5,134.05,130.5,133.62,42969542,5712380855.97
2020-01-13,sz.000858,134.26,140.0,134.25,139.66,49604194,6847185988.3
2020-01-14,sz.000858,140.1,140.68,138.2,138.56,19907317,2767444878.89
2020-01-15,sz.000858,138.56,142.81,138.55,140.8,23478904,3309331109.81
2020-01-16,sz.000858,140.8,142.0,139.3,140.66,14535988,2046672621.12
2020-01-17,sz.000858,141.26,141.8,138.3,138.55,14847814,2068064059.85
2020-01-20,sz.000858,140.55,140.66,136.8,137.56,16753769,2308928098.7
2020-01-21,sz.000858,136.5,136.5,132.01,132.62,29307308,3903226854.52
2020-01-22,sz.000858,130.99,132.67,129.76,131.7,25753051,3375415201.52
2020-01-23,sz.000858,131.77,131.77,125.0,126.16,41593668,5294268764.02
2020-02-03,sz.000858,113.54,113.54,113.54,113.54,16763900,1903373206.0
2020-02-04,sz.000858,109.0,120.0,109.0,114.5,71021426,8017646168.99
2020-02-05,sz.000858,115.9,119.8,114.1,117.51,38878339,4546389350.93
2020-02-06,sz.000858,119.0,119.94,116.6,119.15,30655105,3619248778.77
2020-02-07,sz.000858,119.25,120.93,117.61,120.58,28011695,3346691769.07
2020-02-10,sz.000858,119.5,122.33,118.58,121.13,22187650,2682789606.04
2020-02-11,sz.000858,121.15,125.5,121.15,124.79,24577382,3049430907.63
2020-02-12,sz.000858,124.5,125.25,122.77,124.49,17511362,2168783486.48
2020-02-13,sz.000858,124.88,126.66,123.37,124.14,17862884,2230165010.37
2020-02-14,sz.000858,124.2,125.88,122.45,123.43,16971973,2094049251.54
2020-02-17,sz.000858,123.18,124.3,122.58,124.3,23816908,2941280509.98
2020-02-18,sz.000858,123.8,124.3,123.01,123.39,12872775,1590249168.59
2020-02-19,sz.000858,123.78,127.18,122.68,126.0,31662776,3976674952.02
2020-02-20,sz.000858,127.0,130.58,126.89,130.15,33466160,4332207305.97
2020-02-21,sz.000858,130.0,131.2,129.02,130.0,20743751,2695003477.31
2020-02-24,sz.000858,129.4,129.4,126.7,127.1,23560124,3005249413.49
2020-02-25,sz.000858,124.8,127.0,123.86,125.3,24063330,3014293143.31
2020-02-26,sz.000858,123.83,126.42,123.0,124.1,21417866,2662201890.95
2020-02-27,sz.000858,124.8,127.75,124.5,126.3,23573167,2986686525.44
2020-02-28,sz.000858,124.0,124.03,119.0,120.6,36601211,4445668089.26
2020-03-02,sz.000858,120.1,123.6,119.6,122.65,26982238,3287615181.0
2020-03-03,sz.000858,123.7,125.88,123.7,124.37,23092324,2878896360.57
2020-03-04,sz.000858,124.0,125.93,124.0,125.27,19757510,2471690889.51
2020-03-05,sz.000858,126.55,134.88,126.0,133.2,56561987,7399037627.07
2020-03-06,sz.000858,132.0,134.88,130.0,130.07,29165822,3845033468.46
2020-03-09,sz.000858,128.0,128.25,126.04,126.3,24454158,3106158207.37
2020-03-10,sz.000858,126.3,131.63,126.2,130.72,31077221,4017374185.62
2020-03-11,sz.000858,132.5,132.8,129.5,129.9,18763487,2452609914.83
2020-03-12,sz.000858,126.88,128.11,125.86,126.04,25266000,3199005135.69
2020-03-13,sz.000858,120.0,125.22,118.88,122.6,35088698,4280415922.71
2020-03-16,sz.000858,121.4,122.4,114.41,115.5,37024247,4379489484.69
2020-03-17,sz.000858,114.5,117.58,108.58,112.36,35297954,3975112228.21
2020-03-18,sz.000858,113.2,115.97,106.69,107.59,40442259,4528147000.34
2020-03-19,sz.000858,105.8,107.0,98.63,102.11,60169789,6133825332.91
2020-03-20,sz.000858,104.32,109.66,104.21,108.51,42206390,4484741875.15
2020-03-23,sz.000858,104.0,106.5,103.04,104.51,32826540,3443583082.04
2020-03-24,sz.000858,107.08,109.89,106.04,109.05,35636342,3859693788.5
2020-03-25,sz.000858,113.1,114.96,111.84,114.0,30947333,3508691590.55
2020-03-26,sz.000858,112.98,116.3,111.9,113.89,20880123,2397709906.11
2020-03-27,sz.000858,115.6,117.8,115.6,115.81,23543496,2745616755.87
2020-03-30,sz.000858,112.82,114.02,111.7,113.23,20580583,2321514404.45
2020-03-31,sz.000858,115.0,116.59,114.06,115.2,18849621,2179898621.24
2020-04-01,sz.000858,116.0,116.99,114.44,115.0,17596852,2033698724.25
2020-04-02,sz.000858,114.0,117.19,113.52,117.19,19153739,2218330786.42
2020-04-03,sz.000858,117.7,119.47,116.8,117.52,17580586,2076905527.11
2020-04-07,sz.000858,120.6,124.58,120.6,124.14,29451150,3627761364.58
2020-04-08,sz.000858,124.14,125.99,123.43,125.28,20113362,2515223465.74
2020-04-09,sz.000858,126.65,127.6,123.01,124.98,15879620,1985606241.45
2020-04-10,sz.000858,124.98,128.8,124.2,126.52,19896089,2526071157.92
2020-04-13,sz.000858,125.15,127.02,124.2,125.0,14606018,1831925095.04
2020-04-14,sz.000858,126.61,128.88,125.2,128.45,19461888,2481573352.81
2020-04-15,sz.000858,128.47,130.28,127.21,127.91,16296718,2095661173.69
2020-04-16,sz.000858,127.01,127.8,125.52,126.1,18825435,2379554855.73
2020-04-17,sz.000858,127.17,129.7,126.74,128.82,23471089,3022344869.28
2020-04-20,sz.000858,129.92,130.48,128.88,129.31,13218834,1710863422.65
2020-04-21,sz.000858,128.08,128.95,125.08,126.47,20552372,2596092234.03
2020-04-22,sz.000858,126.54,130.99,125.42,130.3,26598477,3436601399.74
2020-04-23,sz.000858,131.2,134.3,130.8,131.09,21331870,2822832124.0
2020-04-24,sz.000858,131.24,133.29,129.37,131.4,16773324,2215246722.03
2020-04-27,sz.000858,132.51,133.62,130.38,132.7,15934244,2110526723.89
2020-04-28,sz.000858,136.0,141.22,134.51,139.0,42077345,5811722420.06
2020-04-29,sz.000858,139.0,140.15,134.0,135.5,29183204,3980521441.33
2020-04-30,sz.000858,135.5,139.2,134.02,135.77,22864055,3121490868.85
2020-05-06,sz.000858,134.5,139.05,133.98,138.21,25104481,3442757066.21
2020-05-07,sz.000858,138.38,142.0,137.37,141.91,27796178,3911603340.04
2020-05-08,sz.000858,142.65,145.5,140.93,142.9,24326698,3478295310.58
2020-05-11,sz.000858,143.22,145.1,141.0,141.85,23681991,3384838039.21
2020-05-12,sz.000858,141.0,143.79,140.89,142.9,15184489,2167669765.73
2020-05-13,sz.000858,142.9,146.21,142.3,146.0,19635029,2845747547.17
2020-05-14,sz.000858,145.9,147.0,144.4,146.3,15361261,2244204771.75
2020-05-15,sz.000858,147.5,147.99,144.08,145.22,16064447,2338474671.03
2020-05-18,sz.000858,145.0,152.46,144.6,151.19,24881015,3718097608.91
2020-05-19,sz.000858,153.33,153.49,150.37,151.42,17650556,2669709609.73
2020-05-20,sz.000858,152.5,152.98,150.51,150.85,17041214,2580358165.72
2020-05-21,sz.000858,151.86,153.53,151.03,151.68,17092150,2602103042.56
2020-05-22,sz.000858,150.76,150.78,143.65,144.25,38352639,5597327855.31
2020-05-25,sz.000858,144.01,147.4,141.1,147.03,24355991,3540747465.39
2020-05-26,sz.000858,147.03,149.12,146.15,147.81,16511925,2436906020.3
2020-05-27,sz.000858,147.82,148.4,145.68,146.16,14596302,2143082940.19
2020-05-28,sz.000858,146.15,148.02,144.5,146.16,14818404,2166223144.01
2020-05-29,sz.000858,145.0,148.59,144.83,148.2,16321720,2408655795.79
2020-06-01,sz.000858,150.06,160.18,150.06,158.59,35784358,5624344618.44
2020-06-02,sz.000858,158.39,163.65,158.02,158.77,29158586,4669324668.49
2020-06-03,sz.000858,160.86,161.76,156.68,158.24,25275933,4004118585.55
2020-06-04,sz.000858,158.03,159.98,157.0,158.85,13631755,2166142874.92
2020-06-05,sz.000858,159.11,160.68,157.6,160.09,15985906,2547709184.77
2020-06-08,sz.000858,159.5,164.95,159.3,160.61,22255110,3596734091.46
2020-06-09,sz.000858,160.58,163.0,159.01,162.61,16111888,2610701054.12
2020-06-10,sz.000858,162.65,163.78,161.08,162.54,14948146,2428166146.25
2020-06-11,sz.000858,161.8,162.74,157.95,160.07,19946097,3195703175.3
2020-06-12,sz.000858,157.0,161.88,156.1,161.5,17647613,2822869416.69
2020-06-15,sz.000858,159.0,160.88,156.5,157.0,26621961,4206860399.46
2020-06-16,sz.000858,157.1,159.26,156.4,157.68,25984652,4095546267.0
2020-06-17,sz.000858,157.26,157.5,153.9,155.88,23242329,3610097414.34
2020-06-18,sz.000858,156.6,158.58,155.96,158.36,19949002,3145346589.35
2020-06-19,sz.000858,158.5,166.5,158.43,165.57,38702809,6342808631.14
2020-06-22,sz.000858,164.0,164.0,161.0,163.0,21631228,3513415729.75
2020-06-23,sz.000858,163.0,168.4,162.08,167.98,26532477,4413501330.97
2020-06-24,sz.000858,168.41,171.3,167.0,168.61,18798602,3172425486.94
2020-06-29,sz.000858,166.61,168.5,165.8,167.5,19993555,3331811630.36
2020-06-30,sz.000858,168.54,171.67,168.5,171.12,18989762,3238678111.02
2020-07-01,sz.000858,171.12,185.1,171.12,181.98,27181836,4886748745.68
2020-07-02,sz.000858,180.0,192.34,179.88,189.49,34887021,6549218075.85
2020-07-03,sz.000858,189.99,190.5,182.5,188.72,30815941,5745184556.17
2020-07-06,sz.000858,188.71,196.0,185.56,192.82,32843107,6291466679.81
2020-07-07,sz.000858,192.78,206.38,190.32,201.89,38411125,7693352358.73
2020-07-08,sz.000858,201.5,205.8,199.0,203.36,29232255,5907018139.99
2020-07-09,sz.000858,203.39,205.36,201.5,203.72,29524349,5988999450.12
2020-07-10,sz.000858,203.0,211.8,200.8,207.0,33547581,6923294758.01
2020-07-13,sz.000858,207.0,225.0,207.0,218.2,48880722,10648696886.73
2020-07-14,sz.000858,218.3,225.33,212.03,220.9,43873308,9589876574.79
2020-07-15,sz.000858,219.0,226.0,217.6,223.95,37169954,8289624150.2
2020-07-16,sz.000858,221.0,221.05,201.56,201.56,70573669,14817949981.64
2020-07-17,sz.000858,195.0,209.7,195.0,205.39,52976677,10785868982.32
2020-07-20,sz.000858,205.5,208.5,191.01,201.68,44290656,8808311369.08
2020-07-21,sz.000858,201.0,208.9,198.8,205.58,31785876,6514435742.86
2020-07-22,sz.000858,204.25,212.87,202.75,208.9,28066323,5873887494.71
2020-07-23,sz.000858,207.3,211.9,205.6,210.07,26541311,5547862012.53
2020-07-24,sz.000858,208.0,208.95,198.0,201.39,40538626,8233915251.91
2020-07-27,sz.000858,203.39,206.8,201.41,204.1,24634688,5038945709.51
2020-07-28,sz.000858,205.89,216.94,204.67,214.0,38449712,8143034019.78
2020-07-29,sz.000858,214.35,215.48,209.01,214.98,30136414,6417584055.91
2020-07-30,sz.000858,214.0,218.05,213.0,216.32,25322564,5483434280.25
2020-07-31,sz.000858,216.51,221.01,214.28,217.5,26231782,5707639443.34
2020-08-03,sz.000858,218.18,219.93,215.2,217.72,20145355,4369803363.66
2020-08-04,sz.000858,217.5,219.8,214.0,215.8,20676941,4483369686.71
2020-08-05,sz.000858,215.6,217.76,213.0,217.48,18671238,4024536334.49
2020-08-06,sz.000858,217.48,218.54,209.66,211.02,32304359,6855967077.04
2020-08-07,sz.000858,210.0,213.0,203.18,207.26,28723584,5960012764.43
2020-08-10,sz.000858,207.26,208.88,202.94,205.94,19152100,3941811351.93
2020-08-11,sz.000858,207.0,213.35,207.0,209.0,25009077,5285963734.06
2020-08-12,sz.000858,207.92,209.88,203.04,206.47,18024993,3701984354.95
2020-08-13,sz.000858,208.0,210.0,205.5,206.9,12320969,2555092632.77
2020-08-14,sz.000858,206.3,213.3,206.22,212.9,24431491,5144549732.09
2020-08-17,sz.000858,214.5,222.0,214.5,219.99,31515599,6913069145.2
2020-08-18,sz.000858,219.99,223.0,218.12,220.57,19038249,4208955657.71
2020-08-19,sz.000858,220.47,225.96,217.27,222.2,23847268,5300628768.77
2020-08-20,sz.000858,220.0,220.92,216.0,216.44,18490663,4022580052.98
2020-08-21,sz.000858,220.0,220.98,216.44,218.4,15731861,3438178399.95
2020-08-24,sz.000858,219.98,226.3,219.19,225.0,23152218,5170962343.5
2020-08-25,sz.000858,226.0,236.75,225.99,235.6,28547871,6659413393.18
2020-08-26,sz.000858,235.4,239.87,232.2,236.65,26209992,6176301738.01
2020-08-27,sz.000858,238.98,238.98,231.14,238.08,21348858,5024119736.09
2020-08-28,sz.000858,235.98,244.86,233.2,240.5,32724152,7823482204.55
2020-08-31,sz.000858,242.0,246.7,240.0,240.0,31571514,7691010330.72
2020-09-01,sz.000858,237.48,239.8,233.1,236.24,30087024,7091377402.81
2020-09-02,sz.000858,235.2,239.78,233.8,235.0,19633125,4642766180.07
2020-09-03,sz.000858,235.4,243.0,235.19,238.64,27569574,6599198582.21
2020-09-04,sz.000858,234.0,234.0,226.27,230.22,37092062,8495154315.04
2020-09-07,sz.000858,229.35,233.45,225.1,226.89,23622659,5428172452.06
2020-09-08,sz.000858,227.14,229.35,217.6,221.93,35708526,7906064618.82
2020-09-09,sz.000858,218.81,220.66,216.0,217.0,22706135,4950173117.73
2020-09-10,sz.000858,220.0,225.76,219.96,223.2,23154133,5168118227.55
2020-09-11,sz.000858,221.45,227.88,220.18,227.88,20470064,4597798171.25
2020-09-14,sz.000858,229.08,231.44,224.18,230.08,20749216,4747190668.99
2020-09-15,sz.000858,230.0,231.4,228.0,230.33,12036547,2765306525.56
2020-09-16,sz.000858,230.74,232.19,225.0,226.02,18453747,4206118388.09
2020-09-17,sz.000858,222.06,226.0,218.9,222.65,22801632,5066620919.79
2020-09-18,sz.000858,222.65,229.52,220.82,229.52,19015650,4291299127.94
2020-09-21,sz.000858,228.0,229.55,224.47,224.9,13028469,2942680885.29
2020-09-22,sz.000858,222.46,226.77,222.0,222.9,12091370,2711926528.18
2020-09-23,sz.000858,216.6,221.49,212.46,219.32,25179488,5469429699.28
2020-09-24,sz.000858,218.08,221.37,215.88,216.3,16365237,3569684235.51
2020-09-25,sz.000858,217.01,219.44,216.37,217.2,11251653,2449369664.98
2020-09-28,sz.000858,218.34,222.85,218.0,220.13,15264425,3363291339.01
2020-09-29,sz.000858,222.0,222.8,218.77,219.73,9972097,2199769865.19
2020-09-30,sz.000858,221.0,225.0,220.1,221.0,16234185,3608733491.7
2020-10-09,sz.000858,225.0,229.55,223.29,227.57,20893388,4736861700.78
2020-10-12,sz.000858,229.0,242.01,229.0,241.75,32455704,7713734277.58
2020-10-13,sz.000858,241.75,244.6,238.84,242.27,17191051,4169972230.29
2020-10-14,sz.000858,241.79,244.33,238.18,239.4,18319372,4414453297.73
2020-10-15,sz.000858,239.51,240.5,238.34,238.91,11176087,2673550249.89
2020-10-16,sz.000858,238.9,240.82,235.24,236.88,11835750,2812810615.79
2020-10-19,sz.000858,240.0,241.6,234.6,236.18,12290083,2920521351.4
2020-10-20,sz.000858,236.0,241.0,235.0,240.98,17996331,4313854388.78
2020-10-21,sz.000858,240.98,243.7,239.69,241.77,13707691,3309649772.36
2020-10-22,sz.000858,242.0,242.99,236.68,241.74,15041607,3620503899.72
2020-10-23,sz.000858,240.79,242.24,236.3,236.63,13452273,3217550682.48
2020-10-26,sz.000858,230.0,234.59,223.0,232.61,16000039,3696971910.06
2020-10-27,sz.000858,233.01,235.35,230.7,233.5,14302682,3339001551.88
2020-10-28,sz.000858,235.0,242.0,233.42,239.98,17076230,4079939455.59
2020-10-29,sz.000858,238.8,253.77,238.49,250.0,34962748,8707106516.05
2020-10-30,sz.000858,246.95,250.0,243.27,244.35,23948951,5883433065.62
2020-11-02,sz.000858,247.07,251.05,244.5,245.7,15733705,3880439537.77
2020-11-03,sz.000858,248.1,250.4,245.5,250.4,16535083,4112229156.28
2020-11-04,sz.000858,250.25,253.0,248.3,253.0,12992837,3267104849.37
2020-11-05,sz.000858,255.99,259.85,254.05,259.41,18968980,4898017531.93
2020-11-06,sz.000858,260.05,261.2,255.05,259.3,15116483,3901814024.49
2020-11-09,sz.000858,261.0,270.0,260.6,270.0,20628388,5513207008.0
2020-11-10,sz.000858,270.74,278.65,267.25,272.8,22308070,6085547697.87
2020-11-11,sz.000858,270.7,279.0,268.35,268.9,22787338,6218718170.54
2020-11-12,sz.000858,268.9,271.49,265.0,267.65,17623158,4716978361.35
2020-11-13,sz.000858,265.0,267.37,258.0,265.0,18843071,4950551088.07
2020-11-16,sz.000858,268.0,273.15,263.51,273.0,19577792,5269426372.13
2020-11-17,sz.000858,272.99,274.55,266.0,269.1,17947672,4847011187.19
2020-11-18,sz.000858,267.99,269.52,259.0,263.72,19456273,5134604862.27
2020-11-19,sz.000858,262.34,266.3,260.0,264.7,12448246,3287372158.62
2020-11-20,sz.000858,266.54,270.5,264.8,268.47,11122604,2984187157.87
2020-11-23,sz.000858,271.5,277.77,271.5,272.58,15634214,4282239108.57
2020-11-24,sz.000858,272.58,272.6,267.0,271.79,12503527,3370155283.97
2020-11-25,sz.000858,271.8,272.39,262.81,262.97,16559440,4404834698.35
2020-11-26,sz.000858,262.17,265.18,252.7,260.58,19905229,5158676272.66
2020-11-27,sz.000858,260.58,262.31,258.1,262.3,11259290,2933632286.32
2020-11-30,sz.000858,260.65,261.99,253.65,254.0,21174104,5419775805.74
2020-12-01,sz.000858,255.0,258.88,255.0,257.99,13648057,3509920228.47
2020-12-02,sz.000858,260.0,261.99,257.1,260.55,11637763,3028626146.37
2020-12-03,sz.000858,260.06,262.0,258.97,261.63,9208685,2403046138.54
2020-12-04,sz.000858,260.5,268.0,260.15,267.19,17051140,4536004928.11
2020-12-07,sz.000858,267.21,275.2,267.21,270.24,19621618,5339342747.59
2020-12-08,sz.000858,271.55,274.05,268.55,272.0,14777562,4019960930.27
2020-12-09,sz.000858,273.0,274.0,269.5,269.72,11677649,3166929094.92
2020-12-10,sz.000858,269.0,272.0,267.3,267.67,13410208,3611981639.75
2020-12-11,sz.000858,268.85,269.99,263.4,267.52,15005255,3995342178.62
2020-12-14,sz.000858,268.5,273.5,266.08,273.15,18174424,4937790460.43
2020-12-15,sz.000858,273.15,273.3,267.31,270.8,14611814,3949335198.05
2020-12-16,sz.000858,273.0,275.0,272.0,274.33,16025487,4392611714.0
2020-12-17,sz.000858,274.54,280.0,274.21,277.81,19976098,5547260940.95
2020-12-18,sz.000858,276.9,279.68,274.08,276.86,15082525,4179755003.66
2020-12-21,sz.000858,275.31,281.98,275.31,281.91,16188978,4537599926.1
2020-12-22,sz.000858,282.98,288.0,281.97,282.38,18706371,5338602866.72
2020-12-23,sz.000858,283.0,288.5,275.0,278.29,25221586,7103972923.96
2020-12-24,sz.000858,276.0,278.9,272.36,275.32,15616076,4293939903.91
2020-12-25,sz.000858,272.6,277.43,271.5,275.92,11111390,3051169983.17
2020-12-28,sz.000858,276.0,286.16,275.98,285.95,19381209,5490499481.44
2020-12-29,sz.000858,286.08,286.66,279.18,281.0,14658930,4136060906.06
2020-12-30,sz.000858,282.89,287.6,281.26,286.88,16882539,4826857468.15
2020-12-31,sz.000858,288.01,294.47,288.0,291.85,16003830,4661694421.84
2021-01-04,sz.000858,292.0,300.0,291.99,298.05,23427822,6977115208.07
2021-01-05,sz.000858,297.2,319.98,294.5,319.98,31460633,9802665755.95
2021-01-06,sz.000858,320.15,335.66,317.79,328.3,31343033,10211616773.81
2021-01-07,sz.000858,328.31,330.68,317.08,330.0,24255948,7882443069.06
2021-01-08,sz.000858,330.06,331.6,308.94,317.0,37870249,12096818569.53
2021-01-11,sz.000858,316.43,316.5,299.5,301.2,38195291,11637052715.69
2021-01-12,sz.000858,298.95,311.3,298.0,310.0,23025505,7067492692.49
2021-01-13,sz.000858,311.53,313.48,302.12,305.33,23365302,7164303594.2
2021-01-14,sz.000858,304.0,304.88,289.0,289.4,35489554,10426526438.55
2021-01-15,sz.000858,288.0,292.29,278.07,287.7,41713251,11843762786.67
2021-01-18,sz.000858,285.0,287.14,279.33,284.55,27255864,7724438136.53
2021-01-19,sz.000858,287.0,290.0,280.0,281.5,29388857,8340023174.86
2021-01-20,sz.000858,280.0,285.61,274.94,284.85,26404034,7448387724.92
2021-01-21,sz.000858,285.8,298.99,285.5,296.95,29402390,8608576887.97
2021-01-22,sz.000858,295.08,299.91,292.58,295.56,24946675,7369528934.09
2021-01-25,sz.000858,295.57,316.33,293.2,315.69,41290940,12821666909.26
2021-01-26,sz.000858,315.69,315.71,305.1,305.78,24143501,7458358973.55
2021-01-27,sz.000858,302.9,302.9,287.0,292.58,30793847,9033475506.81
2021-01-28,sz.000858,288.23,292.0,283.0,286.0,27607757,7911157526.91
2021-01-29,sz.000858,290.0,295.14,288.78,291.14,22010914,6431745130.42
2021-02-01,sz.000858,293.01,299.87,292.29,292.29,19575992,5790219683.45
2021-02-02,sz.000858,292.0,304.33,291.9,304.12,29749240,8931329219.1
2021-02-03,sz.000858,303.8,309.0,301.12,308.75,22454665,6862660163.87
2021-02-04,sz.000858,306.0,316.8,305.01,313.6,28057460,8823190961.67
2021-02-05,sz.000858,314.01,330.0,314.0,319.76,32891319,10624157468.1
2021-02-08,sz.000858,324.0,330.5,313.8,320.0,26652998,8556525644.7
2021-02-09,sz.000858,322.0,330.0,317.86,329.5,22477980,7323491251.05
2021-02-10,sz.000858,333.0,345.68,332.5,342.65,33193163,11318193474.32
2021-02-18,sz.000858,354.49,357.19,330.89,333.5,34381508,11828646631.58
2021-02-19,sz.000858,333.6,346.2,325.95,344.4,27475002,9295089531.72
2021-02-22,sz.000858,342.0,342.3,310.98,313.06,41458220,13367286789.39
2021-02-23,sz.000858,306.0,322.86,304.17,315.0,27866832,8795804295.91
2021-02-24,sz.000858,315.0,315.01,288.65,293.08,41724817,12424962071.9
2021-02-25,sz.000858,296.5,299.98,285.58,288.9,24904649,7274333597.83
2021-02-26,sz.000858,280.56,287.37,271.0,280.0,28897086,8100247691.1
2021-03-01,sz.000858,286.0,294.0,281.01,289.02,25506327,7352003877.16
2021-03-02,sz.000858,293.2,295.88,275.3,280.7,24412465,6955462354.95
2021-03-03,sz.000858,276.0,286.8,271.61,285.3,21171711,5951313500.26
2021-03-04,sz.000858,280.0,280.0,265.0,266.31,32935886,8896042111.29
2021-03-05,sz.000858,258.0,272.19,254.0,266.5,29165040,7727068295.58
2021-03-08,sz.000858,268.0,270.03,244.44,244.5,38365377,9779570334.63
2021-03-09,sz.000858,242.0,249.2,230.0,242.5,43874577,10599045847.54
2021-03-10,sz.000858,248.0,255.0,247.1,252.6,30958230,7776577821.57
2021-03-11,sz.000858,255.01,269.5,250.08,265.04,30153094,7909417124.12
2021-03-12,sz.000858,269.1,269.49,255.77,264.45,25143785,6596290241.2
2021-03-15,sz.000858,262.45,266.5,246.0,251.01,24899734,6320778553.22
2021-03-16,sz.000858,251.6,262.55,250.55,262.41,23165605,5953026225.43
2021-03-17,sz.000858,261.5,268.03,255.0,264.31,19887801,5234840656.89
2021-03-18,sz.000858,265.0,275.0,265.0,270.39,20130334,5462748512.37
2021-03-19,sz.000858,263.0,265.0,257.67,260.79,19784981,5158274508.6
2021-03-22,sz.000858,260.95,263.59,254.71,259.5,14278219,3700614995.3
2021-03-23,sz.000858,259.5,263.98,256.98,262.25,12695157,3309793203.79
2021-03-24,sz.000858,259.09,269.0,258.62,260.8,17942151,4728182217.31
2021-03-25,sz.000858,256.94,257.89,252.0,255.98,18625855,4750886353.76
2021-03-26,sz.000858,258.0,267.18,255.82,265.95,23020269,6054732217.53
2021-03-29,sz.000858,267.0,279.95,265.99,272.09,28199481,7712653715.51
2021-03-30,sz.000858,270.5,278.52,270.5,273.46,16870779,4624076063.97
2021-03-31,sz.000858,270.7,270.7,265.01,267.98,13411104,3583946108.29
2021-04-01,sz.000858,270.0,273.89,267.01,273.08,12114212,3280567357.94
2021-04-02,sz.000858,277.01,285.0,275.0,284.56,22962623,6443304987.84
2021-04-06,sz.000858,285.95,288.0,282.0,284.76,15550845,4431624295.8
2021-04-07,sz.000858,283.01,283.65,268.8,270.85,24493627,6674234724.26
2021-04-08,sz.000858,265.0,274.85,264.06,273.08,16211426,4396674335.34
2021-04-09,sz.000858,271.0,272.5,265.0,265.3,14611556,3895892301.85
2021-04-12,sz.000858,265.2,267.36,260.0,260.99,13323255,3495254788.33
2021-04-13,sz.000858,261.26,268.22,261.26,262.9,13875729,3670699723.09
2021-04-14,sz.000858,262.91,267.61,261.25,263.78,14817752,3916715200.48
2021-04-15,sz.000858,261.31,262.99,249.32,255.8,28595938,7267459255.06
2021-04-16,sz.000858,255.8,263.63,255.8,261.8,18754302,4877110716.42
2021-04-19,sz.000858,260.0,268.21,253.5,265.67,18815579,4960854542.1
2021-04-20,sz.000858,265.0,273.79,263.01,267.75,19914658,5367602759.5
2021-04-21,sz.000858,265.0,272.97,263.58,270.85,15923160,4295280588.79
2021-04-22,sz.000858,270.9,274.0,269.0,271.19,11627423,3157592141.8
2021-04-23,sz.000858,272.25,281.0,272.25,280.0,20783326,5769545850.01
2021-04-26,sz.000858,283.0,285.89,274.86,275.0,20390370,5710005243.17
2021-04-27,sz.000858,277.0,281.82,272.34,281.82,14231452,3950995457.28
2021-04-28,sz.000858,275.0,285.6,273.8,285.6,22027859,6211307911.41
2021-04-29,sz.000858,287.06,291.0,281.31,289.5,20693602,5941444368.69
2021-04-30,sz.000858,287.0,289.3,283.68,285.0,15803059,4521364969.46
2021-05-06,sz.000858,282.0,285.8,275.8,276.44,16866057,4713100400.27
2021-05-07,sz.000858,280.01,280.23,271.28,272.1,12500753,3441009131.74
2021-05-10,sz.000858,270.58,274.0,261.4,264.0,19524824,5183389746.39
2021-05-11,sz.000858,262.22,275.46,261.99,275.45,19232636,5208651090.07
2021-05-12,sz.000858,274.2,279.58,274.0,277.51,12106344,3356761370.54
2021-05-13,sz.000858,274.19,278.55,272.5,276.0,9707922,2670400820.39
2021-05-14,sz.000858,277.96,288.4,275.18,287.0,21808451,6208023602.52
2021-05-17,sz.000858,288.22,304.67,288.22,297.19,28061495,8373250451.85
2021-05-18,sz.000858,298.01,300.0,294.3,299.5,14728692,4370179795.68
2021-05-19,sz.000858,298.0,309.1,296.03,302.79,16700066,5082549122.21
2021-05-20,sz.000858,304.7,307.98,301.56,303.51,14023985,4268328787.1
2021-05-21,sz.000858,305.0,305.69,295.06,296.6,17262089,5161569642.85
2021-05-24,sz.000858,300.0,305.2,295.35,305.01,15708894,4729942081.37
2021-05-25,sz.000858,306.0,323.06,304.92,323.03,32305889,10261281423.67
2021-05-26,sz.000858,320.5,324.01,316.0,319.0,19075117,6100319124.39
2021-05-27,sz.000858,318.17,326.23,314.22,318.18,16436312,5251052172.96
2021-05-28,sz.000858,320.12,321.08,314.39,316.9,13024503,4116488946.49
2021-05-31,sz.000858,315.3,315.62,309.32,315.12,17768388,5542253079.75
2021-06-01,sz.000858,316.3,317.3,310.38,315.7,16387574,5152812416.33
2021-06-02,sz.000858,315.7,318.37,308.5,311.84,15653208,4890684590.14
2021-06-03,sz.000858,311.84,320.0,310.18,313.61,17917736,5652744412.02
2021-06-04,sz.000858,312.0,318.5,309.51,315.3,17528770,5497026749.65
2021-06-07,sz.000858,316.36,317.43,308.87,312.91,18737019,5843427388.71
2021-06-08,sz.000858,313.0,313.5,291.99,297.95,31165284,9408595821.76
2021-06-09,sz.000858,297.0,300.0,291.55,296.5,17157668,5075838987.57
2021-06-10,sz.000858,297.01,305.5,295.5,303.05,15077251,4565221138.1
2021-06-11,sz.000858,303.06,304.0,296.0,301.57,15912782,4783871682.81
2021-06-15,sz.000858,301.52,304.05,292.77,299.26,14516108,4323376155.33
2021-06-16,sz.000858,299.26,299.26,289.22,292.32,14062999,4120477427.3
2021-06-17,sz.000858,291.11,298.0,291.11,294.22,10904554,3213936358.76
2021-06-18,sz.000858,295.31,297.0,286.0,291.0,19071578,5539524449.89
2021-06-21,sz.000858,293.0,297.3,291.0,296.87,20602803,6063841832.74
2021-06-22,sz.000858,298.0,302.5,297.3,299.89,16166358,4846385284.64
2021-06-23,sz.000858,299.3,299.5,290.0,290.94,23056410,6749757120.58
2021-06-24,sz.000858,288.5,295.0,284.18,292.7,16551834,4788276581.61
2021-06-25,sz.000858,291.05,301.38,290.88,299.92,20522327,6107081700.46
2021-06-28,sz.000858,300.01,306.53,300.01,306.31,16125387,4908850411.1
2021-06-29,sz.000858,306.48,306.64,296.68,298.55,15672026,4707055411.7
2021-06-30,sz.000858,296.0,302.4,295.49,297.89,10339509,3090106555.09
2021-07-01,sz.000858,296.75,299.0,292.0,298.2,13631042,4012429333.77
2021-07-02,sz.000858,294.0,294.69,285.2,286.03,21169160,6104707041.98
2021-07-05,sz.000858,284.17,288.5,280.02,281.1,18054256,5106360245.49
2021-07-06,sz.000858,279.85,281.03,270.22,277.25,23895451,6571285948.29
2021-07-07,sz.000858,280.0,285.0,278.88,284.59,17454367,4936536496.58
2021-07-08,sz.000858,285.0,285.79,267.62,269.84,43957567,12010041260.96
2021-07-09,sz.000858,269.45,270.58,262.0,267.28,21367447,5702882115.73
2021-07-12,sz.000858,270.0,272.96,262.69,270.95,26424669,7111433622.02
2021-07-13,sz.000858,270.97,279.34,270.97,276.0,21899748,6044746554.72
2021-07-14,sz.000858,273.9,277.0,268.0,275.3,20921830,5710321392.79
2021-07-15,sz.000858,275.0,281.2,272.71,280.83,19549471,5443652587.79
2021-07-16,sz.000858,280.85,283.36,277.0,277.52,15151398,4230603079.25
2021-07-19,sz.000858,275.8,282.5,274.49,280.89,14331986,3994088405.34
2021-07-20,sz.000858,279.0,284.21,277.77,282.3,13009223,3669251201.44
2021-07-21,sz.000858,282.29,285.97,280.01,281.22,14960510,4226787177.48
2021-07-22,sz.000858,282.51,284.66,278.65,280.1,14310378,4028250662.36
2021-07-23,sz.000858,278.86,279.0,268.12,271.21,21230352,5760869080.21
2021-07-26,sz.000858,268.66,268.66,244.09,249.54,46213123,11693393537.94
2021-07-27,sz.000858,247.0,248.8,231.0,231.15,42331305,10158683399.06
2021-07-28,sz.000858,231.18,237.9,224.89,236.68,36114290,8397862029.36
2021-07-29,sz.000858,245.44,245.79,233.68,235.05,31322153,7483908399.47
2021-07-30,sz.000858,235.06,235.06,216.84,220.75,42797929,9495555500.18
2021-08-02,sz.000858,215.37,234.9,212.15,234.45,46844440,10454507732.91
2021-08-03,sz.000858,229.1,240.66,227.7,240.05,34171933,8061076932.77
2021-08-04,sz.000858,237.0,238.89,233.0,234.5,23028951,5412225848.8
2021-08-05,sz.000858,229.0,236.0,225.5,227.17,28551069,6538505734.31
2021-08-06,sz.000858,225.0,227.9,221.25,226.0,19152922,4306125513.04
2021-08-09,sz.000858,224.0,236.68,222.0,230.01,26492924,6099681510.57
2021-08-10,sz.000858,231.26,250.0,227.38,248.9,46083746,11083250874.95
2021-08-11,sz.000858,245.97,251.12,241.97,246.2,25307547,6234986634.42
2021-08-12,sz.000858,245.0,248.6,237.15,237.92,23714946,5718032984.27
2021-08-13,sz.000858,237.0,243.0,236.0,240.8,16003140,3832138024.4
2021-08-16,sz.000858,240.0,244.37,238.4,240.7,13317313,3210893055.9
2021-08-17,sz.000858,239.41,242.0,229.78,229.95,21873039,5137552314.97
2021-08-18,sz.000858,228.0,232.5,223.9,229.0,21264488,4858678332.53
2021-08-19,sz.000858,228.9,231.29,222.0,222.65,28968942,6520859197.65
2021-08-20,sz.000858,211.52,216.68,205.39,206.38,53400435,11218172732.12
2021-08-23,sz.000858,206.39,211.77,204.9,206.04,41836373,8684039375.14
2021-08-24,sz.000858,208.0,212.65,204.0,210.0,41190375,8606900863.09
2021-08-25,sz.000858,210.88,218.93,210.66,217.5,38179885,8242448408.28
2021-08-26,sz.000858,217.37,217.37,206.0,207.17,33228274,6953022887.87
2021-08-27,sz.000858,207.16,210.0,204.5,205.68,27190967,5618956602.37
2021-08-30,sz.000858,208.5,209.99,199.46,207.0,34732935,7094644686.32
2021-08-31,sz.000858,206.5,208.0,199.4,201.69,31855168,6427633946.75
2021-09-01,sz.000858,201.7,211.06,197.0,207.71,50364302,10338242748.19
2021-09-02,sz.000858,207.94,208.1,200.2,201.23,37460164,7590159048.52
2021-09-03,sz.000858,199.8,206.55,196.77,205.89,34479528,6994069662.16
2021-09-06,sz.000858,204.5,215.3,202.55,211.46,44070983,9315590567.97
2021-09-07,sz.000858,210.5,214.12,209.06,211.97,25937444,5483883908.22
2021-09-08,sz.000858,212.0,212.71,206.0,207.72,21553677,4498947533.97
2021-09-09,sz.000858,207.73,209.21,205.0,207.33,17757531,3672149965.06
2021-09-10,sz.000858,207.33,214.4,206.5,213.7,31883473,6744385341.51
2021-09-13,sz.000858,212.0,214.7,206.99,207.79,26342826,5526541970.76
2021-09-14,sz.000858,207.72,209.81,205.24,205.73,23596742,4881373812.36
2021-09-15,sz.000858,203.0,204.55,196.7,198.5,38203577,7625717389.99
2021-09-16,sz.000858,196.0,199.58,192.43,197.0,33538704,6590288015.27
2021-09-17,sz.000858,196.0,205.0,194.07,201.95,29439702,5901688645.79
2021-09-22,sz.000858,197.0,198.5,193.45,193.93,24908981,4852441663.84
2021-09-23,sz.000858,194.82,196.88,192.64,194.42,18811296,3661752983.86
2021-09-24,sz.000858,193.9,204.0,193.06,200.52,35053997,7023121318.73
2021-09-27,sz.000858,207.62,220.57,207.62,220.57,76006557,16521941311.03
2021-09-28,sz.000858,220.32,222.6,214.0,216.94,41145863,8943981561.71
2021-09-29,sz.000858,216.89,221.23,212.7,218.68,31136680,6769523772.76
2021-09-30,sz.000858,217.0,223.29,217.0,219.39,33190568,7321693530.51
2021-10-08,sz.000858,220.6,235.98,217.6,228.22,41627865,9498183647.3
2021-10-11,sz.000858,229.44,235.23,225.49,227.8,26146575,5990773979.15
2021-10-12,sz.000858,227.0,230.0,223.01,229.34,20342373,4632611152.8
2021-10-13,sz.000858,228.37,244.6,227.2,239.49,34777422,8246438709.19
2021-10-14,sz.000858,238.0,244.68,236.16,240.0,24058960,5770465386.36
2021-10-15,sz.000858,235.8,237.88,230.01,234.32,30215786,7060878521.16
2021-10-18,sz.000858,224.95,224.95,212.5,215.32,52228655,11335046052.6
2021-10-19,sz.000858,213.0,220.88,213.0,218.97,27151971,5912575916.81
2021-10-20,sz.000858,220.5,222.2,216.88,219.94,17171231,3767655125.46
2021-10-21,sz.000858,221.0,222.95,219.0,220.99,15781385,3483824011.23
2021-10-22,sz.000858,222.7,228.92,221.01,225.03,22614868,5094183379.52
2021-10-25,sz.000858,223.0,224.89,218.0,220.36,24815964,5460700048.8
2021-10-26,sz.000858,220.36,223.0,218.0,220.66,17197532,3792558316.47
2021-10-27,sz.000858,219.01,220.66,214.0,216.0,20048493,4335703423.24
2021-10-28,sz.000858,217.0,219.98,213.78,215.29,21925324,4755135735.19
2021-10-29,sz.000858,215.27,221.53,215.08,216.51,23633532,5148687289.78
2021-11-01,sz.000858,200.0,209.52,196.9,204.94,58003653,11775758002.68
2021-11-02,sz.000858,203.98,205.9,199.65,201.32,34933447,7067034632.45
2021-11-03,sz.000858,201.52,202.5,198.68,199.13,21891968,4378799392.72
2021-11-04,sz.000858,201.09,207.86,200.3,206.82,29864162,6104737433.18
2021-11-05,sz.000858,206.82,214.7,206.81,210.31,30142997,6372245155.61
2021-11-08,sz.000858,210.0,212.41,207.76,210.99,15637386,3290544446.15
2021-11-09,sz.000858,209.68,212.68,207.55,208.77,15503934,3250092170.94
2021-11-10,sz.000858,208.77,209.88,203.2,205.7,17200267,3532443273.27
2021-11-11,sz.000858,205.66,207.0,203.58,206.51,16652085,3416388386.15
2021-11-12,sz.000858,207.37,207.67,203.11,203.85,15788512,3227721076.22
2021-11-15,sz.000858,204.99,207.5,203.11,204.7,20724480,4251527056.15
2021-11-16,sz.000858,205.89,213.45,205.11,212.0,31435675,6618521492.36
2021-11-17,sz.000858,211.05,213.0,209.0,211.51,17421460,3668952608.0
2021-11-18,sz.000858,209.99,210.98,207.55,208.62,13220262,2759820062.09
2021-11-19,sz.000858,207.88,216.5,207.4,212.6,24292959,5188161635.04
2021-11-22,sz.000858,214.0,222.0,213.0,215.97,31978276,6972004751.38
2021-11-23,sz.000858,214.99,218.5,213.36,214.8,19386637,4190535756.9
2021-11-24,sz.000858,218.0,227.98,218.0,224.42,47627847,10627879572.45
2021-11-25,sz.000858,228.0,229.15,222.17,222.95,28462827,6397889416.91
2021-11-26,sz.000858,222.86,223.58,219.08,222.86,16247295,3602490660.95
2021-11-29,sz.000858,220.5,225.0,220.25,224.73,19236411,4292901366.93
2021-11-30,sz.000858,224.98,225.5,218.0,218.0,23014598,5063790458.63
2021-12-01,sz.000858,223.02,224.84,218.11,220.56,19248621,4256218970.15
2021-12-02,sz.000858,220.6,223.9,219.31,222.75,17530974,3898019542.27
2021-12-03,sz.000858,223.5,232.8,223.3,229.45,34030029,7800955259.83
2021-12-06,sz.000858,231.0,235.0,229.0,232.3,28878669,6720204454.39
2021-12-07,sz.000858,235.0,239.65,233.15,234.0,30890437,7293861939.73
2021-12-08,sz.000858,234.01,244.51,231.28,244.0,39786891,9593919616.05
2021-12-09,sz.000858,245.0,254.96,242.68,251.0,47297011,11826016126.15
2021-12-10,sz.000858,248.72,250.9,244.5,247.0,33227496,8208024535.95
2021-12-13,sz.000858,252.0,257.21,249.0,249.98,35535037,9000318795.65
2021-12-14,sz.000858,249.0,253.0,246.21,250.0,22557352,5643907697.88
2021-12-15,sz.000858,248.1,248.91,243.0,243.8,26356782,6461313841.89
2021-12-16,sz.000858,244.3,245.1,237.05,243.5,28971230,6971022371.6
2021-12-17,sz.000858,242.0,242.0,234.86,235.16,25483452,6040427057.02
2021-12-20,sz.000858,235.16,239.47,235.16,236.0,18882740,4471963227.81
2021-12-21,sz.000858,236.0,237.5,229.0,231.65,23454247,5446651924.95
2021-12-22,sz.000858,232.5,233.5,230.49,232.12,15199808,3524368526.66
2021-12-23,sz.000858,233.33,239.46,229.0,237.01,28205116,6610688703.79
2021-12-24,sz.000858,237.11,245.31,237.11,241.94,28942925,7012988263.48
2021-12-27,sz.000858,238.9,239.5,233.0,236.21,18405368,4343284678.83
2021-12-28,sz.000858,236.3,239.58,235.5,237.58,14368216,3406736939.75
2021-12-29,sz.000858,237.58,237.58,224.1,225.7,34975896,7998864967.17
2021-12-30,sz.000858,225.07,227.5,223.51,225.5,26476873,5963128773.13
2021-12-31,sz.000858,225.51,225.8,220.61,222.66,24043667,5340438229.18
2022-01-04,sz.000858,222.66,223.88,218.08,223.56,20178673,4460248125.25
2022-01-05,sz.000858,222.82,227.28,221.03,223.75,20562209,4608528413.24
2022-01-06,sz.000858,223.32,226.0,218.14,219.48,19764347,4366330606.35
2022-01-07,sz.000858,219.47,220.5,216.52,217.66,16868239,3671458253.97
2022-01-10,sz.000858,215.74,217.63,210.12,214.96,20842313,4477043193.07
2022-01-11,sz.000858,214.5,216.35,213.05,213.36,13162334,2819944192.73
2022-01-12,sz.000858,215.01,218.09,214.22,217.92,17894272,3865370481.83
2022-01-13,sz.000858,219.0,219.04,208.0,208.9,26762334,5678771184.31
2022-01-14,sz.000858,207.01,210.34,206.5,207.2,13646759,2844403651.99
2022-01-17,sz.000858,206.78,209.0,203.5,208.84,16936224,3497443782.49
2022-01-18,sz.000858,208.8,213.98,206.31,211.49,18474875,3904185741.85
2022-01-19,sz.000858,214.33,214.33,208.28,210.8,14401864,3039014332.5
2022-01-20,sz.000858,210.8,214.0,208.35,213.22,19468561,4146262233.69
2022-01-21,sz.000858,213.0,218.72,211.22,217.26,23974661,5195067275.15
2022-01-24,sz.000858,216.0,217.93,213.2,215.07,13800857,2968569093.09
2022-01-25,sz.000858,213.55,215.0,208.0,208.36,15558209,3284058720.04
2022-01-26,sz.000858,208.1,211.76,202.23,206.05,21509539,4439752203.77
2022-01-27,sz.000858,207.0,211.26,203.17,203.4,20992325,4339832716.53
2022-01-28,sz.000858,203.99,205.3,198.0,198.38,25781484,5160817186.02
2022-02-07,sz.000858,200.0,202.86,194.68,195.62,24808023,4899710426.26
2022-02-08,sz.000858,195.65,196.33,184.9,190.0,30451687,5740104552.24
2022-02-09,sz.000858,189.0,196.3,189.0,195.98,23742057,4585366336.72
2022-02-10,sz.000858,195.98,196.5,191.11,193.04,16874256,3254038393.45
2022-02-11,sz.000858,192.5,198.63,191.35,194.27,27374928,5365712651.99
2022-02-14,sz.000858,192.0,199.2,191.5,198.01,19031649,3747901334.87
2022-02-15,sz.000858,198.8,200.36,196.8,199.8,17739048,3537513875.9
2022-02-16,sz.000858,199.82,200.63,197.96,199.41,11908541,2375601897.13
2022-02-17,sz.000858,199.88,200.16,196.82,197.44,13054643,2583633352.2
2022-02-18,sz.000858,197.0,199.38,195.45,199.0,11614365,2297554258.88
2022-02-21,sz.000858,199.71,203.96,197.8,199.2,15192567,3044972483.46
2022-02-22,sz.000858,197.81,197.93,191.85,193.4,19367733,3749346933.76
2022-02-23,sz.000858,193.27,196.58,192.03,196.2,14797343,2875772247.49
2022-02-24,sz.000858,194.0,195.0,187.3,188.69,25960987,4940978924.44
2022-02-25,sz.000858,189.99,192.97,189.99,190.48,13666374,2611874594.72
2022-02-28,sz.000858,191.0,191.5,187.0,190.0,14309281,2700046288.0
2022-03-01,sz.000858,190.1,193.89,190.06,193.19,20028521,3853590512.0
2022-03-02,sz.000858,191.3,191.41,188.4,189.2,15016488,2841554768.0
2022-03-03,sz.000858,189.77,190.2,182.0,182.07,31288930,5775912448.0
2022-03-04,sz.000858,179.98,181.39,175.88,176.37,31292974,5577557248.0
2022-03-07,sz.000858,174.25,174.25,165.25,166.0,47738912,8036888576.0
2022-03-08,sz.000858,169.99,171.5,165.27,166.25,33350717,5611790592.0
2022-03-09,sz.000858,167.0,167.73,156.8,162.88,39921892,6488949504.0
2022-03-10,sz.000858,167.99,172.24,165.99,172.15,41773972,7087219712.0
2022-03-11,sz.000858,169.0,172.55,167.23,171.77,25797110,4378228992.0
2022-03-14,sz.000858,168.99,169.59,166.27,166.27,18140303,3043660704.0
2022-03-15,sz.000858,163.0,164.78,156.7,157.15,31294532,5020399616.0
2022-03-16,sz.000858,163.0,165.55,155.14,164.8,34899969,5622615296.0
2022-03-17,sz.000858,168.5,171.86,166.0,168.24,34829153,5869489664.0
2022-03-18,sz.000858,167.0,169.08,165.0,167.9,18585704,3107945064.98
2022-03-21,sz.000858,169.75,169.78,165.01,165.71,17105436,2842223351.47
2022-03-22,sz.000858,165.7,167.3,164.0,164.3,12290508,2029492693.4
2022-03-23,sz.000858,164.32,167.29,162.74,165.94,18463877,3049956331.39
2022-03-24,sz.000858,164.4,164.4,160.68,161.36,19808605,3207819881.02
2022-03-25,sz.000858,163.55,163.58,156.68,157.19,21364110,3393360049.65
2022-03-28,sz.000858,154.3,154.3,150.5,151.2,27446634,4167231496.01
2022-03-29,sz.000858,150.99,153.77,149.11,149.18,23521130,3552871390.39
2022-03-30,sz.000858,152.97,156.95,151.16,156.95,32367269,4993851923.04
2022-03-31,sz.000858,156.0,156.6,154.5,155.06,20136648,3126382334.03
2022-04-01,sz.000858,155.0,162.23,154.45,159.9,28749478,4581621784.21
2022-04-06,sz.000858,158.0,162.26,157.5,160.01,17944305,2866077985.98
2022-04-07,sz.000858,159.0,163.89,158.53,160.45,18557169,2996915190.3
2022-04-08,sz.000858,161.0,162.77,159.5,160.59,16544628,2661592736.85
2022-04-11,sz.000858,158.01,158.68,152.85,153.66,24257721,3752027960.17
2022-04-12,sz.000858,154.26,164.69,154.26,163.88,33416391,5333900918.56
2022-04-13,sz.000858,162.8,165.0,160.63,162.32,23885459,3897075048.49
2022-04-14,sz.000858,163.9,173.0,162.93,171.57,43119146,7300575091.35
2022-04-15,sz.000858,170.0,174.0,168.6,169.9,22643958,3871918113.21
2022-04-18,sz.000858,168.9,168.9,164.21,167.18,18411135,3062759959.97
2022-04-19,sz.000858,168.0,170.0,164.04,165.0,16499269,2740121569.74
2022-04-20,sz.000858,165.49,169.0,161.64,165.9,20634107,3422120976.35
2022-04-21,sz.000858,164.0,166.53,161.68,162.58,17122910,2807078120.19
2022-04-22,sz.000858,162.57,166.18,158.98,165.43,20014422,3268498121.98
2022-04-25,sz.000858,162.0,162.62,154.5,155.0,28635086,4556272568.36
2022-04-26,sz.000858,155.0,161.81,154.54,158.5,25453892,4045539333.43
2022-04-27,sz.000858,158.5,163.41,158.5,161.39,23927789,3849331177.97
2022-04-28,sz.000858,161.4,166.66,160.55,165.85,25711994,4235742307.12
2022-04-29,sz.000858,166.3,167.3,158.86,162.13,44874280,7241581132.87
2022-05-05,sz.000858,160.0,164.46,159.15,161.54,24480158,3973322638.0
2022-05-06,sz.000858,158.03,159.66,156.51,157.06,19086139,3007833166.94
2022-05-09,sz.000858,155.01,156.5,152.33,154.78,18623627,2874663797.29
2022-05-10,sz.000858,151.0,156.5,149.6,155.33,20108042,3092729203.53
2022-05-11,sz.000858,155.33,159.65,155.0,157.51,24390245,3846228733.73
2022-05-12,sz.000858,156.2,159.68,156.1,158.08,17068607,2699983161.02
2022-05-13,sz.000858,159.6,159.87,156.05,156.94,15255576,2401106195.14
2022-05-16,sz.000858,158.97,158.98,154.2,155.18,17765146,2767778350.85
2022-05-17,sz.000858,155.17,156.49,154.64,156.15,13341235,2078095645.91
2022-05-18,sz.000858,156.35,156.49,153.45,154.58,16560504,2560375191.78
2022-05-19,sz.000858,152.87,153.6,152.22,153.52,14878282,2273068154.03
2022-05-20,sz.000858,154.3,162.98,153.69,162.47,45229675,7222107584.62
2022-05-23,sz.000858,161.61,162.18,158.0,159.43,27645321,4410754725.38
2022-05-24,sz.000858,160.43,161.0,156.28,156.57,18855234,2974172508.85
2022-05-25,sz.000858,156.45,158.56,155.0,157.45,16395707,2565767960.34
2022-05-26,sz.000858,157.0,159.7,155.0,157.22,19431756,3043721248.09
2022-05-27,sz.000858,159.65,161.5,157.29,157.95,21068308,3356383642.3
2022-05-30,sz.000858,160.01,167.75,160.0,166.18,51093206,8416468103.97
2022-05-31,sz.000858,166.0,172.82,165.02,171.4,48654483,8293724659.27
2022-06-01,sz.000858,172.99,173.3,169.03,170.41,21930245,3739434437.68
2022-06-02,sz.000858,169.03,171.0,168.68,169.75,16522354,2801365549.2
2022-06-06,sz.000858,170.5,173.49,166.58,172.94,27814175,4762415124.05
2022-06-07,sz.000858,173.1,178.4,172.0,174.12,29507703,5177758449.39
2022-06-08,sz.000858,174.3,179.99,173.02,178.13,32527871,5770812837.22
2022-06-09,sz.000858,178.36,179.9,175.79,176.01,20783889,3688662162.24
2022-06-10,sz.000858,175.03,178.5,173.5,177.42,21563045,3804237561.42
2022-06-13,sz.000858,175.19,176.4,171.1,172.51,26434591,4580799636.06
2022-06-14,sz.000858,170.2,174.0,169.65,173.8,19733328,3385240807.7
2022-06-15,sz.000858,173.82,179.9,171.79,177.28,32544108,5743255076.67
2022-06-16,sz.000858,178.0,181.0,177.0,177.6,20500586,3668452193.78
2022-06-17,sz.000858,176.5,181.18,176.5,181.18,28620361,5145018831.72
2022-06-20,sz.000858,182.76,187.0,179.0,183.49,31195435,5705313088.65
2022-06-21,sz.000858,182.66,185.5,180.45,181.66,21811575,3990195909.14
2022-06-22,sz.000858,182.0,182.88,177.75,178.07,22352764,4006768455.38
2022-06-23,sz.000858,178.1,180.9,177.79,180.4,15972518,2867621353.45
2022-06-24,sz.000858,181.5,185.51,179.91,185.0,24518674,4504178660.84
2022-06-27,sz.000858,187.0,195.68,187.0,193.0,36637471,7058190240.4
2022-06-28,sz.000858,193.0,199.87,191.2,199.65,31678590,6232395065.79
2022-06-29,sz.000858,196.99,197.14,190.5,192.0,28997090,5625269618.95
2022-06-30,sz.000858,192.18,205.0,192.18,201.93,42521450,8521483468.39
2022-07-01,sz.000858,202.08,205.0,198.0,203.0,21936590,4418343886.3
2022-07-04,sz.000858,200.99,202.8,198.2,201.04,22587623,4525333760.97
2022-07-05,sz.000858,201.65,202.66,196.26,198.61,26296492,5224558250.28
2022-07-06,sz.000858,198.12,199.62,193.35,194.74,22763312,4459016819.63
2022-07-07,sz.000858,194.74,194.74,188.47,191.59,26677066,5095578644.08
2022-07-08,sz.000858,193.35,194.8,190.96,192.7,16409671,3167643747.28
2022-07-11,sz.000858,190.02,190.8,186.0,189.38,19257469,3621672903.27
2022-07-12,sz.000858,188.78,192.74,187.54,190.0,16993479,3229606651.08
2022-07-13,sz.000858,189.57,194.78,187.61,193.1,18991870,3656106376.92
2022-07-14,sz.000858,191.17,193.56,189.05,190.13,15107930,2880607577.87
2022-07-15,sz.000858,190.15,195.51,188.0,189.9,20720892,3979169055.29
2022-07-18,sz.000858,189.63,189.8,184.2,187.33,17803426,3320023854.5
2022-07-19,sz.000858,187.0,189.65,186.5,188.9,12021415,2259044880.28
2022-07-20,sz.000858,190.8,191.5,188.0,189.11,11249772,2134516122.7
2022-07-21,sz.000858,188.99,189.9,186.58,186.7,11072844,2082697378.03
2022-07-22,sz.000858,187.5,188.5,185.0,185.91,11698563,2180797972.02
2022-07-25,sz.000858,186.85,188.5,184.75,188.08,12479902,2336297100.14
2022-07-26,sz.000858,188.86,192.0,188.68,190.99,13747445,2627310530.76
2022-07-27,sz.000858,190.05,191.01,187.56,188.1,9749124,1844277552.98
2022-07-28,sz.000858,188.45,190.5,186.85,187.12,9260926,1744687638.89
2022-07-29,sz.000858,186.49,186.49,177.8,178.4,34031091,6166191233.29
2022-08-01,sz.000858,178.5,179.99,176.82,178.58,15608201,2791638728.27
2022-08-02,sz.000858,176.9,178.66,173.08,175.66,17673794,3114640798.56
2022-08-03,sz.000858,175.88,179.5,174.3,174.59,15403054,2710918104.25
2022-08-04,sz.000858,174.6,177.49,174.45,176.78,13368553,2350151179.61
2022-08-05,sz.000858,177.45,179.5,176.21,179.18,12701711,2260873414.15
2022-08-08,sz.000858,178.3,181.53,177.5,177.91,13025113,2331931587.74
2022-08-09,sz.000858,177.05,178.0,176.22,176.98,8538631,1511033062.51
2022-08-10,sz.000858,175.58,177.5,173.0,174.0,14354932,2503385132.53
2022-08-11,sz.000858,174.99,177.91,174.55,177.91,13967051,2468539673.55
2022-08-12,sz.000858,178.3,179.66,176.71,178.7,10861895,1936659422.43
2022-08-15,sz.000858,177.63,179.6,175.7,176.0,13844011,2446911672.63
2022-08-16,sz.000858,175.97,177.3,174.7,175.23,10997543,1929236389.49
2022-08-17,sz.000858,175.31,176.97,174.02,176.2,12211628,2144649842.49
2022-08-18,sz.000858,175.0,175.2,172.01,173.43,17955216,3110937647.55
2022-08-19,sz.000858,172.5,175.15,172.0,173.66,12603780,2189742324.96
2022-08-22,sz.000858,172.3,173.45,170.26,171.5,15513018,2663565072.08
2022-08-23,sz.000858,171.7,172.29,167.5,168.0,22924845,3868689013.11
2022-08-24,sz.000858,167.96,169.5,166.0,167.24,18025460,3021329672.78
2022-08-25,sz.000858,167.89,169.98,167.23,169.41,17485390,2949656306.11
2022-08-26,sz.000858,171.88,173.8,169.56,170.1,24378683,4181288061.74
2022-08-29,sz.000858,167.44,169.55,165.0,165.35,25430564,4218793349.6
2022-08-30,sz.000858,164.0,164.76,162.19,164.03,18643252,3046737234.46
2022-08-31,sz.000858,162.9,167.98,162.5,167.19,26733348,4444754516.0
2022-09-01,sz.000858,166.0,166.0,163.3,163.56,15844189,2607493588.41
2022-09-02,sz.000858,164.49,164.49,161.01,161.84,15592424,2524463031.79
2022-09-05,sz.000858,160.0,160.35,157.07,159.02,22432012,3551118312.01
2022-09-06,sz.000858,159.02,161.35,158.27,160.53,14693767,2346001119.1
2022-09-07,sz.000858,160.0,160.01,158.0,158.94,14150787,2245681617.84
2022-09-08,sz.000858,160.01,161.35,158.88,159.07,14867178,2377952563.71
2022-09-09,sz.000858,159.11,161.65,158.36,161.46,20318847,3269738015.06
2022-09-13,sz.000858,163.88,164.97,161.7,163.63,22455447,3676000836.57
2022-09-14,sz.000858,162.0,163.23,160.98,162.4,14343803,2325532849.69
2022-09-15,sz.000858,162.67,166.5,162.1,164.4,24493222,4041538788.81
2022-09-16,sz.000858,164.0,164.79,160.78,161.08,17805222,2882822677.64
2022-09-19,sz.000858,160.75,165.13,159.52,163.02,17237096,2810086974.82
2022-09-20,sz.000858,164.0,165.96,162.17,165.79,18488126,3048376405.91
2022-09-21,sz.000858,165.19,165.77,163.3,163.45,12764774,2093973068.43
2022-09-22,sz.000858,162.0,162.29,158.55,158.9,18211404,2916788948.25
2022-09-23,sz.000858,158.0,160.62,157.9,159.13,12025892,1916778416.38
2022-09-26,sz.000858,158.0,163.99,157.77,162.11,21041611,3411760442.77
2022-09-27,sz.000858,163.93,171.4,161.99,170.83,35443991,5929460447.01
2022-09-28,sz.000858,170.55,172.54,169.5,169.6,24431050,4176068020.04
2022-09-29,sz.000858,172.49,172.52,167.55,168.51,17564712,2971843108.63
2022-09-30,sz.000858,169.89,172.0,168.86,169.23,16701001,2843915545.0
2022-10-10,sz.000858,169.5,170.1,158.69,158.9,25650912,4179453267.87
2022-10-11,sz.000858,158.91,160.01,154.9,158.59,16389813,2587296299.44
2022-10-12,sz.000858,158.3,158.3,152.0,156.6,24238545,3740666460.43
2022-10-13,sz.000858,154.99,155.68,152.51,153.57,19140141,2950015935.78
2022-10-14,sz.000858,154.58,160.3,154.57,159.12,22872293,3619001261.22
2022-10-17,sz.000858,157.68,158.5,155.29,157.65,14670055,2301214745.08
2022-10-18,sz.000858,158.68,160.98,158.02,158.7,13968916,2225727909.43
2022-10-19,sz.000858,158.51,158.51,154.0,154.5,17392932,2703461176.3
2022-10-20,sz.000858,152.5,156.8,152.0,154.15,16120045,2484510763.75
2022-10-21,sz.000858,154.0,154.13,151.5,152.15,16321002,2488390106.18
2022-10-24,sz.000858,150.01,150.41,142.25,143.23,34403887,5003671162.98
2022-10-25,sz.000858,140.75,145.27,140.51,142.12,20962963,2986369243.41
2022-10-26,sz.000858,142.9,145.9,142.0,143.4,17959323,2580590731.16
2022-10-27,sz.000858,144.98,145.07,136.58,137.1,36965491,5154612979.53
2022-10-28,sz.000858,137.56,139.97,136.17,137.5,25586220,3534562740.41
2022-10-31,sz.000858,135.2,136.4,132.33,133.5,22591665,3030064410.1
2022-11-01,sz.000858,135.55,142.58,133.41,142.58,39155069,5440179979.74
2022-11-02,sz.000858,142.0,146.38,140.06,143.62,31867439,4565035333.85
2022-11-03,sz.000858,141.01,141.5,139.71,140.92,19281931,2710951378.21
2022-11-04,sz.000858,140.5,152.0,140.35,150.0,47898344,7099560990.25
2022-11-07,sz.000858,149.0,152.7,147.68,151.14,22869078,3435765568.23
2022-11-08,sz.000858,151.01,152.27,146.11,147.49,23567786,3491479586.25
2022-11-09,sz.000858,147.2,149.05,145.08,145.4,15124223,2208052553.76
2022-11-10,sz.000858,144.49,146.56,143.71,145.76,17674813,2568169858.62
2022-11-11,sz.000858,151.49,151.5,146.54,150.02,36853384,5514689559.22
2022-11-14,sz.000858,151.0,155.41,149.9,150.3,28195258,4287401009.36
2022-11-15,sz.000858,150.3,155.0,148.42,154.15,27656711,4223081944.53
2022-11-16,sz.000858,154.15,156.5,153.08,154.21,18259366,2827414142.72
2022-11-17,sz.000858,153.5,155.79,151.0,152.6,16558118,2529048876.58
2022-11-18,sz.000858,153.0,155.3,152.71,153.61,14585598,2246335618.42
2022-11-21,sz.000858,150.5,150.97,148.0,148.93,21762482,3243860974.7
2022-11-22,sz.000858,148.92,152.9,148.81,150.23,14376998,2162414725.74
2022-11-23,sz.000858,150.23,151.5,148.9,149.77,11346208,1702094212.77
2022-11-24,sz.000858,151.0,151.49,147.0,147.81,15085804,2238041525.96
2022-11-25,sz.000858,147.93,148.93,146.4,147.38,10676624,1575517166.71
2022-11-28,sz.000858,144.83,148.01,142.05,147.65,19013147,2750115838.34
2022-11-29,sz.000858,149.92,155.15,149.9,155.05,41040650,6284033997.83
2022-11-30,sz.000858,154.8,159.97,154.0,156.86,25228605,3961994532.37
2022-12-01,sz.000858,165.0,169.99,163.86,164.59,44092117,7325021108.31
2022-12-02,sz.000858,164.8,166.88,162.26,163.06,21047820,3461949871.67
2022-12-05,sz.000858,168.88,169.98,165.68,168.51,29795799,5007534615.36
2022-12-06,sz.000858,167.97,178.22,167.1,175.4,43369522,7576837370.67
2022-12-07,sz.000858,175.41,177.8,173.01,173.68,31128834,5443269231.41
2022-12-08,sz.000858,173.0,175.55,172.01,174.76,15644818,2723693945.98
2022-12-09,sz.000858,174.63,183.47,174.12,183.27,41957765,7550074236.44
2022-12-12,sz.000858,182.0,183.38,177.91,178.35,29905954,5387580972.7
2022-12-13,sz.000858,178.0,180.9,176.02,179.47,19276219,3447321252.81
2022-12-14,sz.000858,179.45,185.27,178.36,184.08,28698912,5255273236.65
2022-12-15,sz.000858,184.2,185.8,180.77,181.96,19934421,3643457578.67
2022-12-16,sz.000858,180.22,183.08,178.66,182.52,18642633,3377432021.71
2022-12-19,sz.000858,183.5,184.71,179.0,179.95,19418435,3512784487.61
2022-12-20,sz.000858,179.94,180.5,169.88,172.51,34345756,5965655880.27
2022-12-21,sz.000858,175.0,175.67,173.55,174.49,15385319,2687724560.26
2022-12-22,sz.000858,176.03,181.55,174.67,179.5,24442393,4381920906.42
2022-12-23,sz.000858,177.0,183.0,176.4,180.29,19861964,3587724307.08
2022-12-26,sz.000858,180.29,181.2,177.56,178.6,17829834,3198529055.22
2022-12-27,sz.000858,180.0,182.5,179.15,181.05,15227535,2758777142.24
2022-12-28,sz.000858,180.99,180.99,177.88,180.18,13937786,2503523214.23
2022-12-29,sz.000858,179.0,180.0,176.74,178.75,16850491,3003533016.61
2022-12-30,sz.000858,179.78,181.19,179.0,180.69,14976495,2702577294.54
2023-01-03,sz.000858,181.0,181.81,176.51,178.2,18206204,3240728572.4
2023-01-04,sz.000858,178.0,180.5,176.3,178.62,12883584,2299619966.21
2023-01-05,sz.000858,181.5,189.51,180.4,189.0,40279056,7535626605.79
2023-01-06,sz.000858,191.11,191.11,187.78,190.46,23338295,4428033739.33
2023-01-09,sz.000858,192.45,196.89,190.16,195.88,27557314,5362756420.79
2023-01-10,sz.000858,195.8,196.71,194.61,195.24,20275236,3965377700.54
2023-01-11,sz.000858,195.04,195.99,192.6,194.1,16999458,3304975110.03
2023-01-12,sz.000858,195.0,195.77,192.01,193.39,13822699,2675310868.61
2023-01-13,sz.000858,193.39,199.41,193.34,198.58,24506446,4833945957.62
2023-01-16,sz.000858,200.0,209.27,200.0,206.52,36352479,7493040737.32
2023-01-17,sz.000858,207.0,207.78,201.61,202.86,21507890,4383014176.66
2023-01-18,sz.000858,204.93,211.79,204.32,205.8,27241217,5639270861.86
2023-01-19,sz.000858,206.45,206.5,202.35,205.3,18119892,3710296047.53
2023-01-20,sz.000858,207.89,212.0,207.1,208.72,27348025,5738958670.25
2023-01-30,sz.000858,218.59,219.89,214.28,217.6,32180876,7001555735.16
2023-01-31,sz.000858,216.99,217.77,208.9,209.0,25724708,5456751654.42
2023-02-01,sz.000858,208.5,210.6,203.76,210.06,25655223,5334911716.63
2023-02-02,sz.000858,211.69,214.5,210.15,212.51,18327161,3899833436.27
2023-02-03,sz.000858,210.0,212.0,206.0,210.0,19935209,4156921813.54
2023-02-06,sz.000858,199.53,204.53,197.28,201.7,33407544,6710340317.7
2023-02-07,sz.000858,201.7,205.3,201.5,203.17,15811588,3216023677.76
2023-02-08,sz.000858,203.17,204.0,198.22,199.55,16905733,3384827003.51
2023-02-09,sz.000858,199.66,207.74,199.55,207.39,24493992,5026717804.17
2023-02-10,sz.000858,207.39,207.48,203.12,204.7,14032129,2872338309.45
2023-02-13,sz.000858,203.0,214.9,202.99,212.4,28908783,6110099289.12
2023-02-14,sz.000858,212.4,213.75,208.6,209.24,18490190,3886700986.34
2023-02-15,sz.000858,211.59,213.89,209.5,211.0,16925791,3584495859.09
2023-02-16,sz.000858,209.35,214.68,207.8,210.79,21337960,4522470619.71
2023-02-17,sz.000858,209.45,214.45,208.0,208.15,18446776,3901124992.92
2023-02-20,sz.000858,208.2,213.8,205.5,212.95,19166754,4024080431.96
2023-02-21,sz.000858,212.5,212.62,208.5,210.08,13939573,2922693859.24
2023-02-22,sz.000858,208.45,210.54,206.5,207.5,14100545,2931801635.6
2023-02-23,sz.000858,206.5,208.22,203.7,205.1,14580801,2993988117.77
2023-02-24,sz.000858,205.07,205.07,199.82,201.1,20395718,4104764613.59
2023-02-27,sz.000858,199.06,206.23,198.84,204.81,17299557,3517673755.25
2023-02-28,sz.000858,207.0,208.06,202.08,204.42,11480142,2342737529.15
2023-03-01,sz.000858,204.17,208.85,202.9,207.38,15446575,3196937763.35
2023-03-02,sz.000858,206.1,207.61,205.36,206.24,7447671,1537653713.85
2023-03-03,sz.000858,208.0,209.46,203.5,205.76,9283668,1912804916.33
2023-03-06,sz.000858,205.01,206.5,202.58,204.58,11140226,2277420060.91
2023-03-07,sz.000858,204.35,204.35,200.11,200.45,12527207,2532351682.61
2023-03-08,sz.000858,199.0,201.5,198.0,199.3,10219130,2035672769.6
2023-03-09,sz.000858,199.0,199.7,193.9,198.0,16850486,3323035486.67
2023-03-10,sz.000858,196.21,199.58,195.17,195.24,11095657,2181297329.28
2023-03-13,sz.000858,195.0,200.28,195.0,198.6,12647223,2510450829.77
2023-03-14,sz.000858,198.7,198.72,193.7,195.28,10284259,2013558948.67
2023-03-15,sz.000858,198.0,199.33,192.3,192.32,12988009,2527648821.37
2023-03-16,sz.000858,191.0,194.2,189.33,191.2,12054371,2309099789.8
2023-03-17,sz.000858,193.85,194.24,188.0,188.5,15607045,2970579105.05
2023-03-20,sz.000858,190.0,190.59,185.0,185.9,15464264,2889012995.06
2023-03-21,sz.000858,187.4,193.11,185.22,192.24,18789280,3583069187.23
2023-03-22,sz.000858,192.25,196.08,191.42,191.77,10853212,2097093752.68
2023-03-23,sz.000858,190.9,195.99,190.06,194.58,13284214,2578838699.02
2023-03-24,sz.000858,194.0,195.95,191.5,193.02,10253022,1984030937.58
2023-03-27,sz.000858,192.81,192.84,189.0,190.41,11879852,2258153854.92
2023-03-28,sz.000858,190.39,193.91,190.21,192.5,10918609,2099319286.01
2023-03-29,sz.000858,194.0,196.0,191.6,195.28,15953932,3103306613.7
2023-03-30,sz.000858,195.28,198.96,194.18,198.39,15148689,2983220917.77
2023-03-31,sz.000858,201.0,202.0,197.0,197.0,12758987,2541477089.18
2023-04-03,sz.000858,196.98,197.0,193.08,195.19,13366024,2604697433.72
2023-04-04,sz.000858,195.5,196.66,192.95,196.15,14247340,2772976030.63
2023-04-06,sz.000858,195.0,195.0,189.07,190.54,15107492,2889971045.36
2023-04-07,sz.000858,189.8,191.83,187.54,189.06,11303817,2139054071.98
2023-04-10,sz.000858,185.0,185.02,178.2,184.65,33973209,6169351676.17
2023-04-11,sz.000858,183.97,184.15,180.01,180.53,19119446,3472021583.25
2023-04-12,sz.000858,181.0,181.11,175.55,175.82,27283391,4827573321.99
2023-04-13,sz.000858,176.0,179.9,175.55,177.88,21080214,3748131434.09
2023-04-14,sz.000858,178.22,178.5,175.03,175.59,14465308,2549260307.3
2023-04-17,sz.000858,176.79,179.92,176.49,178.18,18555289,3301205326.77
2023-04-18,sz.000858,179.0,180.17,177.58,178.32,14406696,2574306113.17
2023-04-19,sz.000858,178.67,178.96,175.5,176.29,12617246,2225609750.7
2023-04-20,sz.000858,176.34,176.98,172.5,173.5,14800856,2578285583.86
2023-04-21,sz.000858,174.0,175.3,171.8,172.0,12091951,2096658341.55
2023-04-24,sz.000858,172.1,172.9,167.5,168.0,17609069,2970098989.03
2023-04-25,sz.000858,168.0,169.88,165.65,169.8,15489726,2602607466.01
2023-04-26,sz.000858,169.1,171.18,167.58,168.61,14812682,2500348754.99
2023-04-27,sz.000858,168.6,170.3,166.4,169.17,15039314,2530897180.8
2023-04-28,sz.000858,171.26,171.95,167.88,169.0,17938564,3038219039.74
2023-05-04,sz.000858,172.5,172.95,167.45,168.95,26587793,4516684021.78
2023-05-05,sz.000858,168.95,174.1,168.25,173.71,25172690,4324694284.67
2023-05-08,sz.000858,174.5,175.5,170.79,171.4,17753373,3055844963.34
2023-05-09,sz.000858,170.83,177.5,170.0,174.77,22292312,3891367973.61
2023-05-10,sz.000858,172.8,174.5,171.59,173.32,11890994,2057577182.94
2023-05-11,sz.000858,173.98,176.49,172.21,172.57,12289631,2138045981.25
2023-05-12,sz.000858,172.2,174.5,169.36,169.37,12959157,2218100020.61
2023-05-15,sz.000858,168.25,172.49,168.03,172.44,13079986,2232478635.11
2023-05-16,sz.000858,172.3,172.36,169.8,170.49,9936468,1694257812.46
2023-05-17,sz.000858,170.0,170.9,168.75,169.34,8602150,1458848097.52
2023-05-18,sz.000858,169.49,170.71,168.0,168.66,8780386,1484050324.31
2023-05-19,sz.000858,168.09,171.26,166.75,170.8,12074586,2048104075.08
2023-05-22,sz.000858,170.89,179.06,169.08,177.61,30244522,5326580957.92
2023-05-23,sz.000858,177.8,178.5,174.0,174.0,13672431,2402618291.16
2023-05-24,sz.000858,173.52,173.98,170.35,170.35,13355066,2297763605.4
2023-05-25,sz.000858,169.42,169.68,167.45,168.2,14392525,2421836658.99
2023-05-26,sz.000858,168.2,171.89,168.0,170.1,12287480,2088300565.38
2023-05-29,sz.000858,170.94,171.85,167.58,168.26,12976880,2191774953.54
2023-05-30,sz.000858,168.0,169.45,163.5,165.17,18360334,3039522846.43
2023-05-31,sz.000858,165.0,165.13,160.02,161.18,21344841,3448000885.39
2023-06-01,sz.000858,162.49,166.6,161.2,163.32,16901644,2774057591.26
2023-06-02,sz.000858,165.0,168.4,163.33,167.9,19208397,3199284099.23
2023-06-05,sz.000858,167.28,167.68,164.63,165.2,11344697,1879812886.16
2023-06-06,sz.000858,166.3,168.43,164.53,165.62,13536764,2256103841.73
2023-06-07,sz.000858,166.15,167.05,164.0,164.0,9532561,1574392182.62
2023-06-08,sz.000858,164.21,166.07,163.02,164.82,9157282,1504742545.15
2023-06-09,sz.000858,164.94,165.98,163.8,164.59,11963517,1970427702.28
2023-06-12,sz.000858,164.02,172.0,162.94,170.41,24183801,4073838204.34
2023-06-13,sz.000858,170.0,173.9,169.41,173.08,18293646,3156768738.75
2023-06-14,sz.000858,174.8,179.35,172.66,177.68,24101542,4279986457.1
2023-06-15,sz.000858,179.21,182.82,178.0,182.0,24045009,4346343723.32
2023-06-16,sz.000858,182.6,185.6,181.5,184.08,21631380,3975777953.65
2023-06-19,sz.000858,183.0,183.71,176.5,177.54,24234172,4330534592.71
2023-06-20,sz.000858,177.0,178.4,173.6,174.01,17868934,3129124754.64
2023-06-21,sz.000858,173.99,174.89,171.2,171.4,13948450,2409049470.18
2023-06-26,sz.000858,169.5,169.89,165.0,166.66,21934031,3652673793.87
2023-06-27,sz.000858,164.17,166.5,162.2,166.12,20067906,3307807251.25
2023-06-28,sz.000858,165.23,168.6,164.38,166.67,11942640,1990481708.04
2023-06-29,sz.000858,166.0,166.5,163.27,163.81,11772352,1934965472.19
2023-06-30,sz.000858,164.7,165.1,162.8,163.57,10337054,1695951752.1
2023-07-03,sz.000858,163.27,167.49,162.85,167.36,17337306,2875749982.29
2023-07-04,sz.000858,167.0,168.5,165.55,168.22,12595742,2107039767.76
2023-07-05,sz.000858,167.52,167.6,165.0,165.38,11541608,1911856438.76
2023-07-06,sz.000858,165.3,166.81,163.85,164.3,10144977,1672166188.07
2023-07-07,sz.000858,164.19,165.0,163.32,163.66,7896985,1294178677.75
2023-07-10,sz.000858,164.98,166.5,164.21,164.6,9671525,1597774604.93
2023-07-11,sz.000858,165.45,165.76,163.88,165.14,7020562,1156564822.32
2023-07-12,sz.000858,165.2,166.66,165.0,165.46,11884029,1970009879.55
2023-07-13,sz.000858,167.88,173.0,166.65,172.65,32351360,5531880616.32
2023-07-14,sz.000858,173.6,174.33,170.79,171.99,15072288,2594877559.34
2023-07-17,sz.000858,170.5,170.98,168.16,169.66,9325675,1575729873.74
2023-07-18,sz.000858,169.7,170.23,168.0,168.4,8195902,1381227321.48
2023-07-19,sz.000858,167.82,168.76,166.81,168.32,7685551,1288284982.86
2023-07-20,sz.000858,169.0,171.28,168.08,168.56,12750198,2163844782.35
2023-07-21,sz.000858,169.88,174.0,167.88,171.27,19538688,3356305156.71
2023-07-24,sz.000858,169.13,170.0,167.9,169.36,13171639,2222174196.24
2023-07-25,sz.000858,176.0,180.67,175.17,179.5,44063194,7867658288.1
2023-07-26,sz.000858,179.5,180.68,176.85,177.8,17402543,3104017698.43
2023-07-27,sz.000858,178.97,180.85,176.85,178.46,18798706,3367125649.57
2023-07-28,sz.000858,177.3,182.16,176.63,181.18,31969316,5753479229.95
2023-07-31,sz.000858,186.6,188.57,180.98,181.0,31559353,5816020903.4
2023-08-01,sz.000858,181.69,184.15,178.5,179.88,19571803,3543719055.67
2023-08-02,sz.000858,179.0,180.99,177.2,177.98,15508019,2770075423.76
2023-08-03,sz.000858,177.04,179.96,175.13,178.6,15264598,2712382851.11
2023-08-04,sz.000858,181.39,182.5,178.7,179.28,14347761,2585669217.15
2023-08-07,sz.000858,178.3,179.28,176.4,177.31,15692962,2784302714.0
2023-08-08,sz.000858,176.18,178.06,175.18,176.88,11614322,2050696313.23
2023-08-09,sz.000858,177.46,177.88,176.1,177.18,8679551,1536212479.15
2023-08-10,sz.000858,176.88,177.0,174.66,176.31,10423785,1833070603.5
2023-08-11,sz.000858,177.46,177.55,172.27,172.36,14888627,2590746331.32
2023-08-14,sz.000858,170.0,170.33,166.0,168.62,21094514,3548868734.7
2023-08-15,sz.000858,168.61,168.9,165.69,166.5,16814467,2803400143.15
2023-08-16,sz.000858,166.28,167.4,165.2,166.7,11627666,1937166439.28
2023-08-17,sz.000858,165.9,168.61,164.5,168.44,16693182,2790070934.69
2023-08-18,sz.000858,168.42,168.68,163.5,163.53,27947953,4605753430.52
2023-08-21,sz.000858,162.18,164.36,161.38,161.97,16450664,2676283337.51
2023-08-22,sz.000858,162.62,163.5,160.48,162.15,15692086,2538910286.11
2023-08-23,sz.000858,162.05,162.14,160.0,160.01,14683900,2360128005.76
2023-08-24,sz.000858,160.08,163.5,159.21,162.26,17589545,2842412943.63
2023-08-25,sz.000858,161.02,162.77,160.55,161.55,11630171,1877818205.04
2023-08-28,sz.000858,168.01,168.99,157.01,157.49,54577070,8739965733.49
2023-08-29,sz.000858,156.0,160.1,155.33,159.4,23873176,3780207169.13
2023-08-30,sz.000858,159.4,160.12,157.6,157.82,22598663,3580879499.59
2023-08-31,sz.000858,157.82,157.83,155.83,155.91,22001837,3443917302.81
2023-09-01,sz.000858,157.0,159.96,157.0,159.74,23238672,3701951294.13
2023-09-04,sz.000858,161.6,168.0,161.6,167.93,46496459,7710567731.95
2023-09-05,sz.000858,167.8,168.23,165.24,165.72,19055024,3170571173.46
2023-09-06,sz.000858,165.06,166.45,164.0,165.69,13049265,2155900998.3
2023-09-07,sz.000858,165.0,165.17,162.9,163.1,11886106,1947052985.57
2023-09-08,sz.000858,162.26,162.7,160.5,161.92,10497211,1695834401.17
2023-09-11,sz.000858,161.0,165.31,160.15,164.35,16068274,2625927002.72
2023-09-12,sz.000858,163.4,164.06,162.61,162.98,8942828,1459902261.27
2023-09-13,sz.000858,164.0,165.39,162.45,163.65,13114721,2150208869.54
2023-09-14,sz.000858,163.65,164.23,161.03,162.0,13047323,2115828262.3
2023-09-15,sz.000858,162.07,163.04,159.3,159.71,17755546,2846912332.74
2023-09-18,sz.000858,159.0,163.01,158.01,162.8,16298317,2634257627.86
2023-09-19,sz.000858,162.01,162.2,159.5,160.91,11367416,1824120705.53
2023-09-20,sz.000858,160.2,161.0,159.7,159.84,8712360,1394723510.57
2023-09-21,sz.000858,159.0,159.5,157.52,157.66,12945475,2046008258.75
2023-09-22,sz.000858,157.0,160.31,156.7,159.92,15431992,2451918127.02
2023-09-25,sz.000858,159.76,159.88,158.6,158.9,10536495,1676603466.31
2023-09-26,sz.000858,158.88,159.47,156.65,156.65,12501574,1969171204.71
2023-09-27,sz.000858,156.66,158.65,156.0,156.59,13281201,2083949327.42
2023-09-28,sz.000858,156.59,157.38,155.68,156.1,12385723,1933102453.43
2023-10-09,sz.000858,156.09,156.09,151.8,154.27,15357335,2365643872.37
2023-10-10,sz.000858,155.49,156.58,153.06,153.41,12717530,1965311403.8
2023-10-11,sz.000858,154.57,155.23,153.36,153.7,9912197,1526531426.61
2023-10-12,sz.000858,155.25,156.0,154.21,155.73,13797215,2144168262.31
2023-10-13,sz.000858,154.5,154.5,152.01,153.63,14293386,2189951710.51
2023-10-16,sz.000858,153.08,153.4,149.71,150.14,15236613,2299307439.95
2023-10-17,sz.000858,150.14,151.24,148.56,150.41,10720176,1610282340.05
2023-10-18,sz.000858,149.98,151.32,149.18,149.24,10110520,1516335018.72
2023-10-19,sz.000858,148.0,148.0,143.96,144.25,21738492,3161472146.56
2023-10-20,sz.000858,143.0,145.93,142.57,143.7,13316438,1920618082.39
2023-10-23,sz.000858,143.64,145.81,142.4,143.75,12029229,1727517065.63
2023-10-24,sz.000858,143.76,144.99,141.7,144.05,16707389,2395874812.76
2023-10-25,sz.000858,146.95,151.0,146.95,149.34,25442154,3792234580.05
2023-10-26,sz.000858,148.0,151.2,147.8,151.05,14617728,2187779863.38
2023-10-27,sz.000858,150.57,153.55,150.16,152.99,17065390,2603681374.11
2023-10-30,sz.000858,155.95,158.36,155.0,156.6,27403019,4289723342.52
2023-10-31,sz.000858,157.5,157.65,155.02,156.0,14497863,2261223856.93
2023-11-01,sz.000858,166.0,167.28,160.0,160.0,46934602,7622902568.18
2023-11-02,sz.000858,160.08,160.96,157.73,157.9,16513168,2623333602.26
2023-11-03,sz.000858,157.9,160.0,157.66,159.67,13814386,2200311515.69
2023-11-06,sz.000858,160.67,160.87,158.5,159.84,13751203,2192590029.11
2023-11-07,sz.000858,159.3,159.9,158.0,159.31,10730364,1705482356.26
2023-11-08,sz.000858,158.5,159.78,157.57,158.63,12646303,2003995988.48
2023-11-09,sz.000858,158.0,159.5,158.0,158.55,9198879,1458982551.84
2023-11-10,sz.000858,157.5,158.28,156.5,156.9,8963080,1407108917.11
2023-11-13,sz.000858,156.89,157.17,154.06,154.88,12557539,1948615157.18
2023-11-14,sz.000858,155.88,157.89,155.0,155.9,11299159,1764357472.68
2023-11-15,sz.000858,157.81,158.14,156.7,157.25,10175715,1601063926.14
2023-11-16,sz.000858,157.0,157.7,156.13,156.37,7036398,1102563043.31
2023-11-17,sz.000858,155.5,156.48,154.36,155.0,8452069,1309342330.97
2023-11-20,sz.000858,154.99,155.94,153.6,154.4,11485928,1773729316.45
2023-11-21,sz.000858,155.0,156.64,153.25,155.3,16697698,2595787143.62
2023-11-22,sz.000858,154.2,154.92,153.51,153.51,8691277,1338320985.63
2023-11-23,sz.000858,153.0,153.45,151.85,153.07,9457601,1442390953.89
2023-11-24,sz.000858,152.9,153.88,152.31,153.23,9309548,1425448392.18
2023-11-27,sz.000858,152.79,152.8,148.89,149.25,18526959,2774364092.32
2023-11-28,sz.000858,149.29,150.08,147.65,148.75,13910316,2066506935.76
2023-11-29,sz.000858,148.58,148.6,146.9,148.3,8648476,1279519709.13
2023-11-30,sz.000858,148.17,149.39,148.01,149.15,10683306,1591108412.32
2023-12-01,sz.000858,149.0,149.0,146.01,147.21,13430375,1977001207.31
2023-12-04,sz.000858,146.49,147.67,145.59,145.85,10695582,1565168595.28
2023-12-05,sz.000858,145.5,145.83,142.24,142.67,15041103,2167619334.59
2023-12-06,sz.000858,142.6,145.2,141.66,144.1,14474212,2081995216.85
2023-12-07,sz.000858,144.1,144.27,141.5,142.52,15107094,2152755581.71
2023-12-08,sz.000858,142.52,144.3,142.22,142.93,14475928,2075536415.27
2023-12-11,sz.000858,139.6,140.0,136.56,139.2,32312072,4465383122.8
2023-12-12,sz.000858,138.0,139.68,137.73,139.3,14402267,2002700041.68
2023-12-13,sz.000858,138.6,138.68,133.58,133.78,31864580,4313281475.84
2023-12-14,sz.000858,135.0,135.98,132.65,132.65,21441794,2872608825.88
2023-12-15,sz.000858,133.67,135.8,132.8,133.7,20013278,2685090415.6
2023-12-18,sz.000858,132.05,134.8,131.87,134.0,12930013,1727901875.36
2023-12-19,sz.000858,133.99,133.99,132.56,133.33,13016041,1732968199.63
2023-12-20,sz.000858,133.85,133.93,132.1,132.13,10629969,1411911254.62
2023-12-21,sz.000858,131.88,134.45,131.48,134.1,17664844,2355445615.95
2023-12-22,sz.000858,134.06,134.8,132.57,133.42,16402338,2191023169.19
2023-12-25,sz.000858,133.32,134.57,132.95,134.55,9862125,1322860816.57
2023-12-26,sz.000858,134.55,134.55,133.61,134.32,7367832,986855945.14
2023-12-27,sz.000858,134.32,134.78,133.03,133.83,10430850,1395667156.77
2023-12-28,sz.000858,133.83,141.14,133.55,140.1,33610901,4647651265.17
2023-12-29,sz.000858,140.0,141.64,139.29,140.31,19454076,2730826835.35
2024-01-02,sz.000858,140.3,140.3,135.8,136.0,21526999,2947170556.8
2024-01-03,sz.000858,135.98,136.67,133.75,134.88,16417109,2211980500.19
2024-01-04,sz.000858,134.88,134.9,132.01,132.32,17876323,2371204451.67
2024-01-05,sz.000858,132.0,133.3,130.78,131.24,15630369,2062827516.43
2024-01-08,sz.000858,131.01,131.14,128.0,128.1,21020047,2706248455.91
2024-01-09,sz.000858,128.1,129.38,127.41,127.81,17483816,2241449420.48
2024-01-10,sz.000858,127.81,129.58,126.01,128.8,16530411,2118536476.06
2024-01-11,sz.000858,128.7,130.5,127.22,129.62,15646396,2021717963.8
2024-01-12,sz.000858,128.88,130.12,128.1,128.75,11920766,1539729131.14
2024-01-15,sz.000858,128.0,129.39,127.08,128.68,11582558,1485609938.54
2024-01-16,sz.000858,127.92,129.28,126.93,128.41,12528653,1604334707.82
2024-01-17,sz.000858,127.6,127.8,125.14,125.14,17675746,2232551975.01
2024-01-18,sz.000858,124.8,128.13,123.19,127.9,23594821,2961463081.82
2024-01-19,sz.000858,127.0,129.51,126.12,128.89,22502046,2891090563.72
2024-01-22,sz.000858,128.4,129.15,125.8,127.0,21340958,2733754455.75
2024-01-23,sz.000858,126.8,128.12,125.48,127.38,16198659,2053575259.83
2024-01-24,sz.000858,128.18,128.48,125.26,128.05,16682387,2118643963.14
2024-01-25,sz.000858,128.0,131.11,127.56,131.11,27342127,3546308960.29
2024-01-26,sz.000858,130.11,131.99,129.5,131.0,19317416,2522565252.1
2024-01-29,sz.000858,131.09,133.67,131.09,131.78,21614965,2860907561.52
2024-01-30,sz.000858,130.8,130.9,127.58,127.71,17071977,2196117733.31
2024-01-31,sz.000858,127.5,128.68,126.29,126.3,13521837,1717132838.83
2024-02-01,sz.000858,125.74,127.72,125.14,126.5,13787549,1745356476.42
2024-02-02,sz.000858,126.5,128.65,122.56,123.82,21086217,2658388904.9
2024-02-05,sz.000858,123.82,127.88,122.91,126.57,30804209,3864410348.59
2024-02-06,sz.000858,126.0,133.0,125.7,132.99,32384190,4239033653.04
2024-02-07,sz.000858,133.11,134.7,132.1,133.87,29067328,3882655957.27
2024-02-08,sz.000858,134.8,136.12,132.7,133.59,24374798,3267001019.28
2024-02-19,sz.000858,138.9,138.95,134.78,136.15,28857883,3951748629.55
2024-02-20,sz.000858,136.0,137.0,133.0,134.38,21181874,2841706723.75
2024-02-21,sz.000858,133.4,142.68,132.84,141.02,46656281,6492866976.98
2024-02-22,sz.000858,140.11,141.66,139.43,141.1,18840109,2646660001.48
2024-02-23,sz.000858,141.04,143.38,140.05,141.71,18439323,2613714172.22
2024-02-26,sz.000858,141.5,142.28,139.05,139.76,13994707,1961062779.9
2024-02-27,sz.000858,139.01,139.8,138.05,139.76,15061741,2092382020.62
2024-02-28,sz.000858,139.76,141.4,138.77,139.53,19619411,2753522611.35
2024-02-29,sz.000858,139.0,142.33,138.7,142.25,17660377,2496984973.38
2024-03-01,sz.000858,142.05,143.78,140.88,142.59,15881306,2261267887.41
2024-03-04,sz.000858,141.51,142.2,140.04,140.33,15430682,2170817658.18
2024-03-05,sz.000858,139.98,141.88,139.33,141.59,16001586,2251931872.98
2024-03-06,sz.000858,141.0,141.3,138.51,139.06,17652769,2459134905.94
2024-03-07,sz.000858,139.06,139.98,138.25,138.25,11219842,1559868152.03
2024-03-08,sz.000858,138.06,139.13,136.66,138.42,12245203,1687886718.86
2024-03-11,sz.000858,138.35,141.29,138.02,141.16,19356925,2713055196.92
2024-03-12,sz.000858,141.17,149.3,141.17,148.31,45079147,6608708732.85
2024-03-13,sz.000858,147.5,149.18,147.14,147.76,17912970,2649479635.48
2024-03-14,sz.000858,147.2,151.0,147.06,149.56,22227356,3320434207.38
2024-03-15,sz.000858,149.0,154.78,148.8,152.49,23887367,3639737822.84
2024-03-18,sz.000858,152.4,154.66,150.71,153.5,18987361,2908432466.18
2024-03-19,sz.000858,153.88,158.97,153.54,157.37,33882634,5328394236.71
2024-03-20,sz.000858,156.88,158.26,155.49,156.95,16160021,2535854998.21
2024-03-21,sz.000858,156.9,158.54,155.65,156.61,13643008,2139591363.23
2024-03-22,sz.000858,156.4,156.76,152.36,153.43,20156403,3098381510.57
2024-03-25,sz.000858,152.51,152.9,150.0,151.72,16167547,2447539788.49
2024-03-26,sz.000858,151.77,155.38,151.77,155.22,18088963,2787590493.53
2024-03-27,sz.000858,155.0,155.3,152.6,152.66,12363048,1899180647.43
2024-03-28,sz.000858,152.66,155.34,152.05,153.1,14419203,2217801274.64
2024-03-29,sz.000858,153.1,155.02,152.56,153.51,8834848,1358438656.59
2024-04-01,sz.000858,154.5,158.56,154.5,157.28,17726202,2788229516.44
2024-04-02,sz.000858,157.0,157.18,154.86,155.5,11410098,1779060166.67
2024-04-03,sz.000858,155.9,156.97,153.3,154.6,9826116,1522506389.62
2024-04-08,sz.000858,152.0,152.0,147.05,147.29,27000663,4002147876.33
2024-04-09,sz.000858,146.5,148.21,145.68,146.48,13039729,1909631397.01
2024-04-10,sz.000858,146.2,146.5,142.14,143.12,17167574,2464329866.93
2024-04-11,sz.000858,142.6,142.66,140.6,142.34,15994283,2264027608.89
2024-04-12,sz.000858,142.0,143.45,140.1,140.49,13407310,1895837989.01
2024-04-15,sz.000858,140.6,147.98,140.06,147.32,25429182,3701903874.94
2024-04-16,sz.000858,146.6,147.16,144.31,144.97,13567789,1976125482.89
2024-04-17,sz.000858,144.53,145.54,143.8,145.3,13702335,1982007044.08
2024-04-18,sz.000858,144.07,146.78,143.3,144.98,15245280,2213439016.53
2024-04-19,sz.000858,143.98,144.5,141.99,142.9,12726175,1818608488.11
2024-04-22,sz.000858,142.9,146.48,142.9,144.56,14036604,2035476601.31
2024-04-23,sz.000858,144.0,147.49,143.97,147.03,17171181,2507417591.46
2024-04-24,sz.000858,147.93,149.2,146.0,148.98,14225100,2103883224.01
2024-04-25,sz.000858,148.5,149.35,147.02,148.98,10077553,1496358807.6
2024-04-26,sz.000858,149.2,152.7,149.2,152.25,17946172,2719514005.5
2024-04-29,sz.000858,151.0,156.56,150.01,151.75,27538469,4217464058.74
2024-04-30,sz.000858,152.3,153.49,150.43,150.43,15529607,2359135139.91
2024-05-06,sz.000858,153.44,158.33,153.4,155.01,31679595,4940155160.96
2024-05-07,sz.000858,155.0,156.42,153.55,155.94,14549977,2265634112.41
2024-05-08,sz.000858,155.98,156.32,154.35,155.0,10107370,1567926317.44
2024-05-09,sz.000858,154.33,155.69,153.73,154.84,11327468,1750315446.51
2024-05-10,sz.000858,155.0,155.89,152.8,154.43,10251379,1579216046.17
2024-05-13,sz.000858,152.8,152.98,150.27,151.1,17262826,2608851173.05
2024-05-14,sz.000858,151.1,151.85,150.03,151.34,11345529,1713073765.3
2024-05-15,sz.000858,151.33,151.83,150.5,151.37,7842841,1186554216.77
2024-05-16,sz.000858,151.7,155.08,150.71,154.05,14937612,2289335629.06
2024-05-17,sz.000858,154.0,156.43,153.21,156.41,16184342,2509981114.04
2024-05-20,sz.000858,156.4,159.8,156.4,157.3,19373643,3066112975.96
2024-05-21,sz.000858,156.8,157.18,155.09,156.54,8803686,1374785552.74
2024-05-22,sz.000858,156.01,156.41,154.27,155.12,10847769,1682580309.16
2024-05-23,sz.000858,155.0,155.97,153.32,153.6,8988893,1383814569.83
2024-05-24,sz.000858,152.86,153.13,151.0,151.15,11203941,1700150955.41
2024-05-27,sz.000858,151.14,152.3,150.58,151.58,10156716,1535721670.47
2024-05-28,sz.000858,151.6,151.94,150.0,150.03,10387436,1566391577.67
2024-05-29,sz.000858,150.05,150.99,148.86,149.21,9102373,1363621239.51
2024-05-30,sz.000858,148.95,148.95,145.91,146.26,16111129,2363289777.56
2024-05-31,sz.000858,146.9,147.99,146.6,146.7,13141188,1934209403.16
2024-06-03,sz.000858,146.89,147.25,144.65,145.98,14092998,2051213337.61
2024-06-04,sz.000858,145.98,148.1,145.5,147.78,10302099,1514138600.83
2024-06-05,sz.000858,147.72,148.0,145.65,145.76,11114765,1629419453.81
2024-06-06,sz.000858,146.01,146.62,144.06,144.9,12730851,1844855885.91
2024-06-07,sz.000858,145.5,145.55,141.9,142.34,15869270,2266797197.91
2024-06-11,sz.000858,141.4,141.4,138.0,138.48,20665469,2873140131.85
2024-06-12,sz.000858,138.1,139.83,137.55,137.9,15452411,2136862848.64
2024-06-13,sz.000858,137.89,138.1,134.44,134.56,24362284,3301287598.42
2024-06-14,sz.000858,134.2,135.7,132.09,135.68,28721911,3851661909.41
2024-06-17,sz.000858,134.4,136.16,131.3,135.73,24627240,3299559711.36
2024-06-18,sz.000858,135.0,137.34,133.42,133.89,20298120,2740736863.24
2024-06-19,sz.000858,134.18,135.3,132.83,134.22,13704527,1839596879.53
2024-06-20,sz.000858,134.1,135.07,132.18,132.2,12619163,1679993028.77
2024-06-21,sz.000858,132.01,132.86,128.8,130.2,21388642,2781028408.8
2024-06-24,sz.000858,126.02,132.67,125.6,131.03,23923514,3102546742.54
2024-06-25,sz.000858,131.8,133.29,130.6,131.51,17715159,2341480948.41
2024-06-26,sz.000858,130.4,132.18,130.35,131.3,10221249,1341298503.07
2024-06-27,sz.000858,131.33,131.37,128.72,129.65,12264610,1587676455.09
2024-06-28,sz.000858,128.99,130.49,127.56,128.04,15689886,2019328025.78
2024-07-01,sz.000858,128.2,129.16,126.0,128.3,15433459,1964232828.84
2024-07-02,sz.000858,127.7,132.68,127.5,131.56,24747909,3244049457.35
2024-07-03,sz.000858,131.56,132.7,130.1,131.0,12427733,1631928152.24
2024-07-04,sz.000858,131.0,132.4,130.03,130.59,10049528,1315554603.88
2024-07-05,sz.000858,130.59,131.97,128.14,128.95,13941250,1803448224.62
2024-07-08,sz.000858,128.98,129.2,125.22,125.91,20745544,2630909852.06
2024-07-09,sz.000858,125.91,128.2,125.18,127.07,19540437,2475816884.36
2024-07-10,sz.000858,126.5,128.46,126.18,126.54,15457159,1964272870.02
2024-07-11,sz.000858,127.5,131.5,127.17,130.48,25779636,3349449291.3
2024-07-12,sz.000858,126.68,127.79,125.65,127.4,18938660,2401467289.18
2024-07-15,sz.000858,127.0,129.36,126.58,127.5,11973781,1532479885.12
2024-07-16,sz.000858,126.73,128.1,125.8,127.48,15468916,1967032427.83
2024-07-17,sz.000858,127.0,130.99,126.37,130.76,22884217,2960415563.93
2024-07-18,sz.000858,130.04,133.0,130.03,131.1,18591713,2444968667.24
2024-07-19,sz.000858,130.68,133.49,129.78,133.42,19024378,2517623683.32
2024-07-22,sz.000858,133.4,133.95,131.0,131.22,15642939,2065619592.12
2024-07-23,sz.000858,131.01,131.51,126.8,126.8,19756404,2540829813.49
2024-07-24,sz.000858,126.58,127.7,125.5,126.06,14364962,1813586525.01
2024-07-25,sz.000858,125.1,126.66,125.1,125.78,11814145,1485089890.16
2024-07-26,sz.000858,126.0,127.38,125.1,126.2,11421502,1439101532.43
2024-07-29,sz.000858,126.0,126.7,124.1,124.1,13936430,1745197563.84
2024-07-30,sz.000858,123.0,124.3,121.48,123.29,20725348,2538151160.57
2024-07-31,sz.000858,122.68,128.18,122.66,126.86,26057917,3286415866.78
2024-08-01,sz.000858,126.87,126.95,123.88,124.0,17473861,2180765965.31
2024-08-02,sz.000858,123.0,124.52,122.88,123.7,9950169,1231884912.06
2024-08-05,sz.000858,123.7,128.0,123.6,126.0,24189241,3060405977.49
2024-08-06,sz.000858,126.52,128.0,125.38,125.9,15347283,1940983188.7
2024-08-07,sz.000858,126.0,127.58,125.3,127.0,13259071,1678186222.67
2024-08-08,sz.000858,126.48,129.67,125.95,128.35,20013087,2559755533.74
2024-08-09,sz.000858,129.5,130.0,127.74,128.08,15846790,2041741165.9
2024-08-12,sz.000858,127.5,128.49,127.12,127.71,7310797,934639850.56
2024-08-13,sz.000858,127.59,127.96,125.12,125.6,12451739,1567828596.93
2024-08-14,sz.000858,125.5,125.59,123.89,124.33,9494697,1181885782.0
2024-08-15,sz.000858,124.02,126.15,123.86,124.95,11162349,1395432331.9
2024-08-16,sz.000858,124.5,125.37,123.58,125.01,9726670,1211693479.26
2024-08-19,sz.000858,125.0,127.0,123.9,123.95,13875921,1732841551.47
2024-08-20,sz.000858,123.95,124.0,122.66,123.15,10985221,1352259414.56
2024-08-21,sz.000858,122.8,123.14,122.1,122.2,9710809,1189648677.41
2024-08-22,sz.000858,122.21,122.39,119.96,120.99,18528513,2234186007.82
2024-08-23,sz.000858,120.6,122.1,120.52,121.11,8898800,1078393647.25
2024-08-26,sz.000858,120.98,121.87,118.04,118.12,20401007,2429417311.3
2024-08-27,sz.000858,117.7,118.2,115.55,117.7,15660884,1831272407.47
2024-08-28,sz.000858,117.0,117.0,112.92,114.0,24729242,2821002956.19
2024-08-29,sz.000858,115.5,120.29,115.13,118.78,30025609,3546177235.89
2024-08-30,sz.000858,118.0,124.66,116.78,123.03,33779842,4114623948.37
2024-09-02,sz.000858,122.0,122.31,119.0,119.0,17755490,2134586803.91
2024-09-03,sz.000858,119.08,121.47,119.0,120.32,12798410,1538909785.99
2024-09-04,sz.000858,119.33,120.8,119.03,119.11,8469238,1011886744.1
2024-09-05,sz.000858,119.1,119.88,118.5,119.55,8279466,987295999.11
2024-09-06,sz.000858,119.5,119.5,117.5,117.53,7772198,920196138.14
2024-09-09,sz.000858,116.9,117.49,115.52,116.22,11158667,1296332675.27
2024-09-10,sz.000858,116.22,118.26,115.9,116.43,10605023,1237792376.22
2024-09-11,sz.000858,115.8,117.07,115.0,116.01,7659099,888345206.8
2024-09-12,sz.000858,116.0,116.38,113.36,113.36,16984847,1945710693.73
2024-09-13,sz.000858,113.3,113.3,109.2,109.2,31153086,3444726618.29
2024-09-18,sz.000858,108.25,109.57,107.21,107.69,17763923,1916365125.08
2024-09-19,sz.000858,107.73,112.86,106.33,110.9,31818095,3511889907.71
2024-09-20,sz.000858,110.13,110.85,108.6,110.28,19668110,2158043124.56
2024-09-23,sz.000858,110.91,113.79,110.4,112.29,20371180,2298355085.44
2024-09-24,sz.000858,114.9,120.4,113.51,120.36,47346927,5559354900.52
2024-09-25,sz.000858,123.6,125.62,121.88,122.1,41718945,5168860913.22
2024-09-26,sz.000858,122.1,134.31,121.91,134.31,66453364,8594482227.56
2024-09-27,sz.000858,141.8,147.74,138.53,147.74,86457718,12438562566.83
2024-09-30,sz.000858,156.02,162.51,152.7,162.51,98620119,15752197755.52
2024-10-08,sz.000858,178.76,178.76,155.55,164.05,130680565,22218231044.69
2024-10-09,sz.000858,160.0,160.0,147.66,147.68,81546859,12409184179.14
2024-10-10,sz.000858,147.67,155.53,147.67,151.98,60060115,9164464306.6
2024-10-11,sz.000858,150.0,153.32,148.0,149.65,28515763,4283807927.93
2024-10-14,sz.000858,151.0,151.0,146.01,149.76,33496575,4986283992.84
2024-10-15,sz.000858,150.0,150.1,144.0,144.0,32970192,4840842560.33
2024-10-16,sz.000858,142.0,144.29,140.08,141.65,31227224,4430542144.18
2024-10-17,sz.000858,142.5,142.92,137.89,137.95,28250755,3957974225.62
2024-10-18,sz.000858,137.01,145.56,136.36,143.0,44144323,6206988496.45
2024-10-21,sz.000858,143.99,145.5,141.1,143.01,29576515,4223086214.96
2024-10-22,sz.000858,142.8,146.45,142.21,145.44,30466330,4419839157.54
2024-10-23,sz.000858,145.47,149.53,144.0,148.53,35813825,5277833035.92
2024-10-24,sz.000858,146.8,148.5,146.11,146.46,18642006,2743177643.67
2024-10-25,sz.000858,145.46,149.87,145.46,148.11,19805485,2926843948.56
2024-10-28,sz.000858,149.01,154.0,146.67,153.97,43810985,6649586215.49
2024-10-29,sz.000858,153.97,156.88,150.4,150.8,30315753,4641639291.51
2024-10-30,sz.000858,149.0,151.31,147.3,148.8,21187042,3158474275.2
2024-10-31,sz.000858,147.0,149.2,145.41,146.83,26944088,3957475706.73
2024-11-01,sz.000858,145.72,150.8,145.72,147.92,22719198,3379402017.88
2024-11-04,sz.000858,148.5,149.21,146.08,148.6,20505185,3030626417.3
2024-11-05,sz.000858,148.0,152.99,146.8,152.8,32031809,4839032609.09
2024-11-06,sz.000858,152.76,153.0,149.15,151.25,30206560,4568777903.38
2024-11-07,sz.000858,150.04,163.02,149.83,162.24,67187150,10602928042.25
2024-11-08,sz.000858,164.0,164.6,156.0,156.47,56747365,9025428027.87
2024-11-11,sz.000858,153.35,154.85,151.2,154.82,36601207,5603393228.05
2024-11-12,sz.000858,154.82,159.0,153.65,154.3,35134682,5496005682.15
2024-11-13,sz.000858,153.0,155.33,152.66,153.94,19433400,2990077534.77
2024-11-14,sz.000858,153.11,155.88,152.15,153.49,21792782,3357496177.85
2024-11-15,sz.000858,153.48,154.13,150.55,151.29,25544269,3894476942.73
2024-11-18,sz.000858,151.28,153.36,149.0,149.33,20986101,3164795002.82
2024-11-19,sz.000858,149.56,150.64,145.3,148.45,23341346,3447738671.24
2024-11-20,sz.000858,148.45,150.39,147.2,149.6,14981538,2233265261.15
2024-11-21,sz.000858,149.0,150.1,148.16,149.5,11446054,1706377342.04
2024-11-22,sz.000858,149.4,150.01,144.65,144.89,18942474,2785311385.17
2024-11-25,sz.000858,145.89,147.18,142.7,143.8,19168995,2771219117.26
2024-11-26,sz.000858,143.5,146.6,142.5,144.8,17535782,2539251070.42
2024-11-27,sz.000858,144.77,147.89,143.58,147.05,20024978,2921829639.85
2024-11-28,sz.000858,145.0,146.95,143.8,144.0,19045387,2760020463.69
2024-11-29,sz.000858,145.02,149.69,144.4,146.77,28727796,4234632625.5
2024-12-02,sz.000858,147.13,148.43,145.56,147.4,17976352,2645657930.73
2024-12-03,sz.000858,147.7,147.77,146.2,146.99,14014314,2059980757.04
2024-12-04,sz.000858,146.9,146.94,144.77,145.73,14843403,2161996959.31
2024-12-05,sz.000858,145.0,145.66,144.51,145.03,10321021,1496758490.67
2024-12-06,sz.000858,144.66,148.0,144.66,146.44,18754575,2745488834.28
2024-12-09,sz.000858,146.45,147.41,145.15,145.76,14542425,2124782350.84
2024-12-10,sz.000858,153.0,154.88,148.9,149.1,46326278,7021977459.73
2024-12-11,sz.000858,148.02,151.5,148.02,149.4,19999335,2993662412.56
2024-12-12,sz.000858,149.44,152.0,148.47,151.82,25365291,3819524049.44
2024-12-13,sz.000858,150.35,150.68,148.0,148.04,28422742,4230330395.73
2024-12-16,sz.000858,148.03,148.04,144.02,144.59,26477262,3846200007.75
2024-12-17,sz.000858,144.58,146.75,143.6,144.89,15949283,2318651653.82
2024-12-18,sz.000858,145.0,146.28,144.56,145.2,12067558,1755251344.92
2024-12-19,sz.000858,144.1,144.41,143.31,143.55,15198227,2184469847.63
2024-12-20,sz.000858,143.7,144.47,142.72,143.21,17283558,2479372352.39
2024-12-23,sz.000858,142.32,143.94,142.25,142.45,14260102,2039345026.45
2024-12-24,sz.000858,142.35,143.5,141.71,143.48,14333019,2045707407.6
2024-12-25,sz.000858,143.48,143.88,142.58,143.08,9613952,1376290843.2
2024-12-26,sz.000858,143.12,143.23,141.85,142.49,10476825,1493951272.06
2024-12-27,sz.000858,142.6,142.95,141.57,142.52,13445059,1912027992.9
2024-12-30,sz.000858,142.02,143.17,141.0,141.21,16367180,2320655236.7
2024-12-31,sz.000858,141.22,143.6,140.01,140.04,24521867,3472955734.44
2025-01-02,sz.000858,140.0,140.0,136.3,136.99,25564735,3517884975.58
2025-01-03,sz.000858,137.08,137.96,134.75,135.4,16823014,2295817771.8
2025-01-06,sz.000858,131.9,133.96,130.38,130.83,27943013,3679523519.83
2025-01-07,sz.000858,131.2,131.66,129.6,130.85,19018740,2478571210.2
2025-01-08,sz.000858,130.86,131.74,128.02,129.7,19287619,2504007320.49
2025-01-09,sz.000858,129.91,132.35,128.15,130.58,15918343,2080588918.09
2025-01-10,sz.000858,130.5,130.83,128.6,128.6,13537786,1753729758.88
2025-01-13,sz.000858,127.32,129.5,126.96,129.2,12149103,1562285331.23
2025-01-14,sz.000858,129.3,133.3,128.9,133.02,22862469,3014664381.32
2025-01-15,sz.000858,133.3,133.68,132.22,132.77,12812277,1701391089.62
2025-01-16,sz.000858,133.4,134.3,131.06,131.48,16309620,2160311225.44
2025-01-17,sz.000858,132.0,133.88,131.55,132.3,15245016,2021963286.68
2025-01-20,sz.000858,132.88,135.49,132.73,134.3,19417359,2611169665.15
2025-01-21,sz.000858,134.85,135.0,132.8,133.39,13279686,1774069694.68
2025-01-22,sz.000858,132.95,133.0,130.13,130.35,17418217,2277963645.97
2025-01-23,sz.000858,129.0,130.99,128.47,128.65,18448933,2387735894.45
2025-01-24,sz.000858,127.8,128.58,126.49,127.72,18943572,2418169298.34
2025-01-27,sz.000858,128.0,128.55,127.1,127.2,12653510,1616070922.73
2025-02-05,sz.000858,127.55,127.88,124.51,125.01,18691574,2343981886.2
2025-02-06,sz.000858,124.8,126.39,124.69,125.9,13819081,1734038681.57
2025-02-07,sz.000858,126.0,128.88,125.12,127.63,23247330,2960433850.16
2025-02-10,sz.000858,127.68,128.2,126.9,127.53,13654558,1740615096.16
2025-02-11,sz.000858,127.6,128.07,125.72,126.26,17600170,2221320156.48
2025-02-12,sz.000858,126.26,127.71,125.6,127.7,17735327,2240677199.26
2025-02-13,sz.000858,127.72,132.0,127.25,131.51,46762606,6110655128.57
2025-02-14,sz.000858,130.55,132.2,130.1,131.23,21810735,2857398901.05
2025-02-17,sz.000858,131.89,133.53,131.09,131.55,20507840,2710093082.35
2025-02-18,sz.000858,131.48,132.39,129.36,130.2,18596134,2435399272.53
2025-02-19,sz.000858,130.2,131.5,129.34,131.11,15364181,2003027066.45
2025-02-20,sz.000858,130.39,132.79,130.3,130.5,13253049,1737767288.45
2025-02-21,sz.000858,130.6,132.66,129.93,131.12,21001653,2756687286.09
2025-02-24,sz.000858,130.9,133.49,130.36,131.9,24439219,3229422469.21
2025-02-25,sz.000858,130.88,130.92,128.58,128.75,22190136,2872796622.15
2025-02-26,sz.000858,128.71,129.8,128.1,129.8,17924348,2311292299.8
2025-02-27,sz.000858,129.99,133.09,129.8,132.75,37079506,4909364775.13
2025-02-28,sz.000858,132.6,135.7,131.5,131.58,33720213,4510232386.21
2025-03-03,sz.000858,131.58,135.6,130.35,130.84,21035512,2780161096.24
2025-03-04,sz.000858,130.06,130.36,128.71,129.75,14934839,1933207043.52
2025-03-05,sz.000858,129.75,130.0,127.62,128.61,19936646,2558423708.32
2025-03-06,sz.000858,129.33,131.8,128.65,131.68,23585718,3075149470.14
2025-03-07,sz.000858,131.2,134.8,130.91,134.8,34007291,4536723523.12
2025-03-10,sz.000858,134.5,134.5,131.66,132.69,20635305,2735377365.74
2025-03-11,sz.000858,131.51,135.21,131.46,135.2,32103562,4304327283.42
2025-03-12,sz.000858,135.3,136.21,132.62,132.97,28801774,3844719011.93
2025-03-13,sz.000858,132.97,134.32,132.25,132.39,16792264,2233018514.76
2025-03-14,sz.000858,133.0,141.98,133.0,140.8,76551575,10604804482.24
2025-03-17,sz.000858,142.4,142.96,139.38,139.84,38773048,5457575155.24
2025-03-18,sz.000858,140.22,140.55,138.72,139.55,18673497,2608207824.85
2025-03-19,sz.000858,139.55,140.79,138.36,138.92,16815724,2339543020.11
2025-03-20,sz.000858,138.88,139.0,135.86,135.99,22872209,3130766821.03
2025-03-21,sz.000858,135.7,137.5,134.19,134.6,19713023,2669031188.2
2025-03-24,sz.000858,134.06,134.93,133.03,134.31,18048886,2417592735.64
2025-03-25,sz.000858,134.6,134.7,132.6,133.56,17567115,2342967012.6
2025-03-26,sz.000858,133.54,133.88,132.89,133.35,10882580,1452491544.38
2025-03-27,sz.000858,133.08,134.77,132.5,133.9,14086564,1882916851.12
2025-03-28,sz.000858,134.08,134.25,132.4,133.23,12099601,1610808297.34
2025-03-31,sz.000858,133.21,133.38,131.35,131.35,14485487,1912983576.96
2025-04-01,sz.000858,131.43,132.25,131.14,131.79,12170463,1602816956.68
2025-04-02,sz.000858,131.87,132.55,131.06,131.15,10102473,1328718376.94
2025-04-03,sz.000858,129.55,133.48,129.39,132.0,16562264,2187566525.17
2025-04-07,sz.000858,128.5,130.45,123.8,126.78,46309272,5889478917.85
2025-04-08,sz.000858,126.78,131.24,126.78,130.76,33185668,4295611989.98
2025-04-09,sz.000858,129.5,132.84,129.35,132.25,29699887,3910869674.7
2025-04-10,sz.000858,132.3,133.49,130.5,133.15,23310636,3091985054.75
2025-04-11,sz.000858,132.2,133.47,130.58,131.6,17429334,2296050286.07
2025-04-14,sz.000858,131.5,132.67,131.01,131.04,12578106,1655429086.36
2025-04-15,sz.000858,131.0,131.45,130.08,131.35,11482502,1502439501.46
2025-04-16,sz.000858,130.8,132.55,129.68,132.3,16668022,2177739510.25
2025-04-17,sz.000858,131.33,132.99,131.0,132.53,15292281,2022126157.58
2025-04-18,sz.000858,132.01,132.57,131.21,131.75,8947834,1179998315.8
2025-04-21,sz.000858,131.59,132.0,130.14,130.34,14436366,1887006445.39
2025-04-22,sz.000858,130.2,130.74,129.5,130.1,11585468,1507639703.83
2025-04-23,sz.000858,130.48,130.7,129.55,129.97,9594427,1246940578.83
2025-04-24,sz.000858,129.8,130.2,129.01,129.06,13152369,1703623363.71
2025-04-25,sz.000858,129.2,130.22,128.96,129.05,10718307,1388082599.75
2025-04-28,sz.000858,130.11,131.66,129.9,130.85,18504541,2422404104.72
2025-04-29,sz.000858,130.15,130.6,129.29,129.55,12479570,1619377345.3
2025-04-30,sz.000858,129.61,130.3,128.67,128.7,14662657,1893634510.76
2025-05-06,sz.000858,129.0,129.55,128.07,129.49,14634943,1889145118.08
2025-05-07,sz.000858,130.9,131.81,129.8,129.99,15247040,1990960978.19
2025-05-08,sz.000858,129.71,133.0,129.28,131.8,20802315,2735442055.08
2025-05-09,sz.000858,131.8,132.1,131.01,131.58,11054836,1454604448.26
2025-05-12,sz.000858,132.0,133.25,131.5,132.97,16456000,2182417151.11
2025-05-13,sz.000858,133.66,133.66,132.43,132.99,12039542,1599600056.05
2025-05-14,sz.000858,132.71,137.18,132.17,135.26,29148950,3932377808.04
2025-05-15,sz.000858,135.01,135.59,133.61,133.67,14494424,1947912220.54
2025-05-16,sz.000858,133.38,133.59,131.05,131.08,17354288,2288769532.38
2025-05-19,sz.000858,129.2,130.1,128.88,129.3,23700824,3062514441.1
2025-05-20,sz.000858,129.0,129.63,128.87,129.13,15936916,2058475919.06
2025-05-21,sz.000858,129.13,129.88,129.0,129.26,14169298,1832618626.67
2025-05-22,sz.000858,129.27,129.47,128.84,129.09,9605451,1239750922.27
2025-05-23,sz.000858,129.05,129.66,128.15,128.15,15037984,1937195759.85
2025-05-26,sz.000858,127.97,128.15,125.89,126.41,27361547,3460707609.17
2025-05-27,sz.000858,126.28,126.95,125.89,126.16,15126840,1908812014.26
2025-05-28,sz.000858,126.3,127.13,125.5,126.92,18138470,2291200545.2
2025-05-29,sz.000858,126.6,127.5,125.9,127.32,16034701,2036182267.96
2025-05-30,sz.000858,127.0,127.55,126.0,126.44,14682788,1858195533.38
2025-06-03,sz.000858,125.18,125.55,124.57,124.68,23748287,2965933456.49
2025-06-04,sz.000858,124.68,125.22,124.1,124.55,19350308,2410315627.36
2025-06-05,sz.000858,124.55,125.5,124.19,125.03,20231200,2525601313.34
2025-06-06,sz.000858,124.97,125.85,124.7,125.09,11888498,1488927363.02
2025-06-09,sz.000858,125.09,125.2,124.61,124.96,19842902,2477799331.4
2025-06-10,sz.000858,124.8,125.1,124.28,124.39,17105298,2132365672.41
2025-06-11,sz.000858,124.4,125.2,124.2,124.7,14547273,1816144261.52
2025-06-12,sz.000858,124.5,124.55,122.38,122.5,38065992,4680660151.56
2025-06-13,sz.000858,121.89,121.9,119.02,119.12,36696171,4395342693.8
2025-06-16,sz.000858,117.83,118.44,117.0,118.27,27148875,3192006584.9
2025-06-17,sz.000858,118.21,118.84,117.43,117.71,19650205,2316678379.7
2025-06-18,sz.000858,118.69,119.44,117.87,118.33,20049069,2378709213.87
2025-06-19,sz.000858,117.55,118.45,117.1,117.28,16357242,1926506404.1
2025-06-20,sz.000858,117.5,120.0,117.38,119.56,29681382,3536127314.97
2025-06-23,sz.000858,118.9,119.09,117.79,118.28,17338663,2053039386.25
2025-06-24,sz.000858,118.57,119.99,118.4,119.75,17895787,2138966777.28
2025-06-25,sz.000858,120.0,120.22,118.88,120.18,17864721,2135738739.04
2025-06-26,sz.000858,120.11,120.64,119.63,119.73,16637264,1997480065.35
2025-06-27,sz.000858,119.71,119.93,119.04,119.18,16021567,1913691951.75
2025-06-30,sz.000858,119.18,119.58,118.28,118.9,22368008,2660701232.46
2025-07-01,sz.000858,118.99,118.99,118.28,118.63,12218321,1449250746.04
2025-07-02,sz.000858,118.63,119.9,118.51,119.18,15447681,1840968959.54
2025-07-03,sz.000858,119.18,119.83,118.9,119.62,12243011,1463537870.11
2025-07-04,sz.000858,119.29,120.75,119.19,120.39,17067930,2049279008.08
2025-07-07,sz.000858,120.21,120.52,119.81,119.91,8581080,1030097660.83
2025-07-08,sz.000858,119.85,120.87,119.83,120.78,11663123,1404970363.01
2025-07-09,sz.000858,120.83,122.85,120.49,121.6,20349574,2482658941.47
2025-07-10,sz.000858,121.03,122.88,120.9,122.58,16271646,1983620003.9
2025-07-11,sz.000858,122.57,124.98,122.22,124.3,28718907,3562808114.22
2025-07-14,sz.000858,124.36,125.54,123.4,125.41,21913998,2734366850.91
2025-07-15,sz.000858,124.82,125.52,124.32,125.0,19332839,2415360199.92
2025-07-16,sz.000858,124.6,125.88,124.6,125.28,17869945,2237883046.03
2025-07-17,sz.000858,125.28,126.11,124.87,125.82,17299880,2171582212.29
2025-07-18,sz.000858,122.88,124.65,121.86,123.78,21020856,2597764485.28
2025-07-21,sz.000858,123.78,123.79,122.25,122.56,18778433,2304021397.08
2025-07-22,sz.000858,122.56,125.89,122.56,125.53,30377165,3784887029.55
2025-07-23,sz.000858,125.7,126.88,125.13,125.2,22906716,2887980079.32
2025-07-24,sz.000858,125.15,125.76,124.5,125.55,15601222,1955643592.43
2025-07-25,sz.000858,125.55,125.6,123.47,123.54,18400674,2284994445.37
2025-07-28,sz.000858,123.52,124.17,122.0,124.06,17851106,2196293738.38
2025-07-29,sz.000858,123.5,123.99,122.2,123.52,18515092,2276717869.45
2025-07-30,sz.000858,123.56,125.15,123.28,124.52,22412427,2789922636.36
2025-07-31,sz.000858,124.02,124.1,120.85,121.15,30468735,3717607979.08
2025-08-01,sz.000858,121.14,121.62,120.39,121.0,12322595,1491109254.91
2025-08-04,sz.000858,120.63,121.23,120.45,120.92,8593314,1038364797.9
2025-08-05,sz.000858,120.95,122.22,120.95,121.95,13944554,1698256512.41
2025-08-06,sz.000858,121.97,122.5,121.49,122.16,11968359,1460865583.17
2025-08-07,sz.000858,122.13,123.14,121.95,122.55,11570286,1419842885.34
2025-08-08,sz.000858,122.55,122.88,121.96,122.22,8242559,1008572356.44
2025-08-11,sz.000858,122.15,124.35,122.11,123.94,18266039,2257903784.2
2025-08-12,sz.000858,123.9,125.33,123.01,123.19,21137375,2625229653.63
2025-08-13,sz.000858,123.01,123.47,122.52,123.19,15582285,1916294685.52
2025-08-14,sz.000858,123.18,124.85,122.77,122.84,19906336,2461442361.7
2025-08-15,sz.000858,122.54,123.3,121.9,123.1,19394317,2376497642.36
2025-08-18,sz.000858,123.1,124.66,122.81,123.75,25530142,3163846038.28
2025-08-19,sz.000858,123.77,125.75,123.77,124.41,32724162,4087820977.62
2025-08-20,sz.000858,124.42,126.5,123.35,125.78,40431044,5083056590.98
2025-08-21,sz.000858,125.8,126.13,124.86,125.45,23189477,2908492490.98
2025-08-22,sz.000858,125.45,125.82,124.95,125.79,20484997,2567683361.09
2025-08-25,sz.000858,126.18,130.09,126.18,129.93,47980003,6165955080.5
2025-08-26,sz.000858,129.93,131.85,128.65,129.74,34979445,4552425052.89
2025-08-27,sz.000858,129.5,129.5,126.6,126.62,34684706,4441325743.63
2025-08-28,sz.000858,126.61,127.2,124.0,125.47,34583488,4340085829.48
2025-08-29,sz.000858,126.18,129.8,126.12,129.53,43525090,5610236643.19
2025-09-01,sz.000858,130.0,130.1,127.52,128.87,31694195,4074402940.83
2025-09-02,sz.000858,128.41,131.12,128.11,128.56,34916169,4522779364.71
2025-09-03,sz.000858,129.0,131.5,126.39,126.62,30286319,3883434402.01
2025-09-04,sz.000858,126.3,126.5,124.73,125.51,26187312,3286629624.84
2025-09-05,sz.000858,125.4,127.02,124.8,126.81,20173355,2537085184.54
2025-09-08,sz.000858,126.7,129.15,126.26,129.09,30536352,3923785754.0
2025-09-09,sz.000858,129.08,129.38,127.58,128.8,18440608,2368186108.24
2025-09-10,sz.000858,128.8,129.48,127.66,128.06,19964491,2565580225.42
2025-09-11,sz.000858,127.42,128.54,126.8,128.52,22997326,2932816233.12
2025-09-12,sz.000858,128.5,129.67,127.12,127.19,26270390,3359522973.5
2025-09-15,sz.000858,126.6,127.1,126.05,126.65,16656948,2109473460.31
2025-09-16,sz.000858,126.65,126.85,125.4,125.8,19108652,2405374663.48
2025-09-17,sz.000858,125.81,126.33,124.82,125.96,18133640,2276167359.8
2025-09-18,sz.000858,125.95,125.96,123.53,123.94,27547752,3434002462.59
2025-09-19,sz.000858,123.93,124.6,122.8,124.08,19668801,2431126955.62
2025-09-22,sz.000858,123.6,123.7,122.18,122.5,19643327,2412049778.93
2025-09-23,sz.000858,122.01,123.26,121.56,122.19,17207909,2101237748.88
2025-09-24,sz.000858,122.19,122.85,121.8,122.37,13056429,1597546878.68
2025-09-25,sz.000858,122.4,122.66,121.51,121.52,19455497,2371492766.58
2025-09-26,sz.000858,121.52,121.67,120.02,120.17,26192542,3154953964.4
2025-09-29,sz.000858,120.26,122.57,119.79,121.92,25635752,3105049103.74
2025-09-30,sz.000858,121.44,121.83,120.87,121.48,15457057,1875945187.3
2025-10-09,sz.000858,121.44,121.44,119.89,121.16,20375652,2455273213.22
2025-10-10,sz.000858,121.14,122.12,120.65,120.73,17535995,2126979085.42
2025-10-13,sz.000858,119.65,120.4,119.24,119.85,19583470,2345294275.78
2025-10-14,sz.000858,120.57,122.57,120.02,122.07,29165582,3543893434.16
2025-10-15,sz.000858,121.34,122.65,121.06,122.07,19459557,2371853782.76
2025-10-16,sz.000858,121.75,122.75,121.5,122.74,19847810,2427170002.37
2025-10-17,sz.000858,122.0,122.96,121.06,121.07,18040798,2197211376.19
2025-10-20,sz.000858,121.35,121.55,120.1,120.46,13164496,1589202775.08
2025-10-21,sz.000858,120.78,121.5,120.35,120.52,14729356,1780274210.51
2025-10-22,sz.000858,120.0,120.77,119.9,120.1,12782668,1536553799.65
2025-10-23,sz.000858,120.0,121.45,119.96,121.33,15571808,1879432996.48
2025-10-24,sz.000858,120.97,121.28,120.1,120.29,17432200,2099912710.83
2025-10-27,sz.000858,120.05,120.55,119.88,120.29,14394337,1729967256.59
2025-10-28,sz.000858,120.29,120.69,120.01,120.1,14019459,1686492047.71
2025-10-29,sz.000858,119.86,119.95,118.21,118.83,24508270,2910549079.75
2025-10-30,sz.000858,118.01,119.55,118.0,118.47,20432985,2423170733.86
2025-10-31,sz.000858,115.4,119.64,115.4,118.99,42107702,4986642236.88
2025-11-03,sz.000858,118.5,119.6,117.5,118.98,22327034,2646147017.83
2025-11-04,sz.000858,118.78,118.99,117.01,117.16,17273363,2034069113.26
2025-11-05,sz.000858,116.35,117.0,116.0,116.18,16463035,1915561293.49
2025-11-06,sz.000858,116.51,117.3,116.06,116.17,15467307,1803321901.63
2025-11-07,sz.000858,116.17,116.99,115.95,116.75,14543557,1694831993.2
2025-11-10,sz.000858,116.75,121.58,116.54,120.8,42906459,5132402568.96
2025-11-11,sz.000858,120.25,120.97,119.2,120.78,22926794,2754670109.74
2025-11-12,sz.000858,120.79,122.5,120.35,120.38,22254439,2700551156.56
2025-11-13,sz.000858,120.0,121.27,119.63,121.2,16002293,1928439961.07
2025-11-14,sz.000858,120.68,121.99,120.19,120.21,13924365,1683294872.05
2025-11-17,sz.000858,120.02,120.53,119.01,120.15,11738778,1406740311.9
2025-11-18,sz.000858,120.0,121.75,119.76,120.36,14766867,1784778981.66
2025-11-19,sz.000858,120.32,120.49,119.7,119.89,9514962,1142098879.05
2025-11-20,sz.000858,119.88,121.64,119.6,120.25,15825845,1909518433.06
2025-11-21,sz.000858,120.11,121.41,119.41,119.68,20507164,2468277643.79
2025-11-24,sz.000858,119.75,120.46,118.5,118.52,17301096,2066246185.87
2025-11-25,sz.000858,118.52,118.91,117.83,118.51,14660888,1735233690.37
2025-11-26,sz.000858,118.52,119.29,118.0,118.26,9169759,1085069921.14
2025-11-27,sz.000858,118.3,118.49,117.7,117.94,9215651,1087246956.09
2025-11-28,sz.000858,117.9,117.94,117.35,117.85,8029619,945107391.43
2025-12-01,sz.000858,117.8,118.62,117.1,117.65,12091201,1422932700.05
2025-12-02,sz.000858,117.6,117.77,116.5,116.57,12492841,1461213467.33
2025-12-03,sz.000858,116.72,117.05,115.5,115.6,16587100,1923087546.31
2025-12-04,sz.000858,115.61,115.75,114.12,114.45,16929153,1940544885.11
2025-12-05,sz.000858,114.47,115.37,114.21,114.96,11768183,1351054927.14
2025-12-08,sz.000858,114.85,115.13,113.1,113.27,27697874,3157374146.68
2025-12-09,sz.000858,113.0,113.08,110.5,110.88,30431037,3390789037.33
2025-12-10,sz.000858,110.5,111.75,109.51,111.62,17869587,1984146057.73
2025-12-11,sz.000858,112.0,112.73,111.78,111.9,15788422,1772255901.76
2025-12-12,sz.000858,112.3,113.7,111.6,111.6,25702210,2889348466.87
2025-12-15,sz.000858,112.3,113.26,112.05,112.45,21568629,2429077630.45
2025-12-16,sz.000858,112.0,113.09,111.66,113.0,14506767,1631458612.14
2025-12-17,sz.000858,113.0,113.75,112.1,113.4,15314001,1732389485.74
2025-12-18,sz.000858,110.82,111.16,110.33,110.43,12462850,1379153249.95
2025-12-19,sz.000858,110.65,110.88,110.04,110.53,13818718,1526045351.12
2025-12-22,sz.000858,110.51,110.8,110.12,110.33,10846497,1197376767.17
2025-12-23,sz.000858,110.13,110.43,109.33,109.72,11354023,1248444947.76
2025-12-24,sz.000858,109.5,109.59,108.78,109.28,11790469,1286401443.89
2025-12-25,sz.000858,109.28,110.7,109.2,110.6,12570809,1385101983.39
2025-12-26,sz.000858,110.1,110.49,109.44,109.78,11475889,1261539559.56
2025-12-29,sz.000858,109.44,109.6,108.0,108.06,19545251,2119598415.75
2025-12-30,sz.000858,107.9,107.99,107.02,107.36,15847027,1700875913.94
2025-12-31,sz.000858,107.19,107.25,105.61,105.94,20867682,2214652657.67
2026-01-05,sz.000858,105.9,108.19,105.7,107.9,22266864,2390973424.47
2026-01-06,sz.000858,107.92,108.43,106.92,108.17,18623239,2006335249.82
2026-01-07,sz.000858,108.18,108.34,107.4,107.52,12309189,1326159416.45
2026-01-08,sz.000858,107.38,107.38,106.66,106.9,12912133,1379204588.92
2026-01-09,sz.000858,107.05,108.55,106.88,107.14,16074962,1727812911.25
2026-01-12,sz.000858,107.15,108.85,107.13,108.55,23335607,2526732763.84
2026-01-13,sz.000858,108.99,109.22,107.82,108.0,19737379,2140822642.57
2026-01-14,sz.000858,107.88,108.84,106.68,107.04,22560863,2430589610.24
2026-01-15,sz.000858,106.7,107.22,106.02,106.09,16292886,1733698629.33
2026-01-16,sz.000858,106.25,106.41,105.05,105.16,19870993,2096582183.89
2026-01-19,sz.000858,104.99,105.38,104.34,104.55,18229885,1908481790.79
2026-01-20,sz.000858,104.5,105.47,104.3,104.91,17281662,1813980704.79
2026-01-21,sz.000858,104.62,104.7,103.0,103.05,26228280,2711884886.18
2026-01-22,sz.000858,103.07,103.72,102.61,102.76,18691474,1926511774.17
2026-01-23,sz.000858,102.8,103.71,102.7,102.99,21455918,2214166356.93
2026-01-26,sz.000858,102.96,103.5,101.06,102.34,31296115,3203042467.48
2026-01-27,sz.000858,102.12,102.33,101.02,101.02,22528720,2283721967.52
2026-01-28,sz.000858,101.03,101.85,100.63,100.7,26676739,2696600350.89
2026-01-29,sz.000858,100.7,110.77,100.5,110.77,98660393,10450873885.52
2026-01-30,sz.000858,110.77,110.78,105.0,105.0,66817118,7156298338.79
2026-02-02,sz.000858,105.08,110.76,105.08,107.29,53197704,5754087576.64
2026-02-03,sz.000858,107.08,108.78,106.6,107.28,33164323,3556634123.24
2026-02-04,sz.000858,106.5,109.41,106.28,108.52,37891682,4088740226.48
2026-02-05,sz.000858,107.9,110.55,107.66,108.89,37284641,4071834696.1
2026-02-06,sz.000858,108.9,109.73,106.81,107.0,27652192,2975510011.68
2026-02-09,sz.000858,106.8,107.69,106.47,107.36,20889162,2237802124.03
2026-02-10,sz.000858,107.18,107.18,105.79,106.5,18504047,1967153218.0
2026-02-11,sz.000858,106.31,106.65,105.85,106.04,11499591,1219688887.85
2026-02-12,sz.000858,105.9,106.11,104.4,104.62,18172982,1906604083.34
2026-02-13,sz.000858,104.7,106.88,104.17,106.06,24123984,2557578441.15
2026-02-24,sz.000858,108.18,109.19,105.0,105.16,21014361,2233159175.11
2026-02-25,sz.000858,105.0,106.11,104.87,105.17,16152900,1703140852.63
2026-02-26,sz.000858,105.0,105.33,103.6,103.88,19232479,2004360013.44
2026-02-27,sz.000858,103.88,104.55,103.88,104.05,11918816,1242973438.5
2026-03-02,sz.000858,103.0,104.6,102.34,103.22,20406363,2106133136.07
2026-03-03,sz.000858,103.01,104.38,101.9,102.55,23059451,2370559086.74
2026-03-04,sz.000858,102.0,102.01,100.75,101.02,18301822,1850959672.31
2026-03-05,sz.000858,101.62,101.97,101.15,101.45,10052078,1020367656.2
2026-03-06,sz.000858,101.34,102.49,101.05,102.4,11291640,1150357291.89
2026-03-09,sz.000858,101.32,102.6,101.27,101.52,17778084,1811068890.67
2026-03-10,sz.000858,101.88,102.39,101.76,102.05,11169430,1139370871.52
2026-03-11,sz.000858,102.05,102.35,101.59,102.18,10780126,1099529974.19
2026-03-12,sz.000858,102.0,102.73,101.6,102.27,11661418,1189182247.4
2026-03-13,sz.000858,102.06,103.66,101.85,102.95,15318710,1577733442.95
2026-03-16,sz.000858,102.8,105.31,102.7,104.54,20304875,2119088706.0
2026-03-17,sz.000858,104.54,105.82,104.0,104.79,17770249,1867733131.75
2026-03-18,sz.000858,104.79,104.99,103.4,103.72,11720905,1217253899.66
2026-03-19,sz.000858,103.01,103.41,102.51,102.53,11437347,1176973860.48
2026-03-20,sz.000858,102.53,103.18,101.9,102.4,10286504,1053023021.84
