date,code,open,high,low,close,volume,amount
2011-06-30,sz.002594,22.0,26.19,22.0,25.45,56292534,1349342268.22
2011-07-01,sz.002594,25.77,28.0,25.0,28.0,33561279,898679187.4
2011-07-04,sz.002594,28.88,30.8,28.58,30.8,21964591,653517902.24
2011-07-05,sz.002594,32.78,33.88,31.89,33.05,38108083,1257045595.83
2011-07-06,sz.002594,32.8,35.55,32.11,33.4,31296719,1056613865.84
2011-07-07,sz.002594,33.1,33.97,32.58,33.59,22645017,753817699.41
2011-07-08,sz.002594,33.4,33.66,31.86,33.07,17506435,571756761.97
2011-07-11,sz.002594,32.8,33.62,32.51,32.83,13096733,431480979.87
2011-07-12,sz.002594,32.48,32.63,31.2,31.51,18060353,573997323.86
2011-07-13,sz.002594,30.82,31.3,30.52,31.19,16781524,519016769.86
2011-07-14,sz.002594,31.19,31.57,29.33,30.0,19380477,588273968.97
2011-07-15,sz.002594,29.8,30.18,29.13,29.81,13946810,413502318.22
2011-07-18,sz.002594,29.79,32.6,29.71,32.04,31365928,976900506.29
2011-07-19,sz.002594,31.1,31.44,29.9,30.05,16085710,488925108.62
2011-07-20,sz.002594,30.5,31.25,30.09,30.4,11017285,338149346.92
2011-07-21,sz.002594,30.05,30.1,29.01,29.16,10073127,295566876.91
2011-07-22,sz.002594,29.2,29.6,28.81,29.4,6143671,180016380.37
2011-07-25,sz.002594,29.01,29.15,27.5,27.66,8572878,242368968.45
2011-07-26,sz.002594,27.68,28.3,27.32,28.02,5468334,152789204.7
2011-07-27,sz.002594,27.9,29.31,27.4,29.2,9917567,284095006.27
2011-07-28,sz.002594,28.6,28.7,27.91,28.4,5765946,163589283.23
2011-07-29,sz.002594,28.41,29.2,28.01,28.17,5122494,146357835.84
2011-08-01,sz.002594,28.06,29.58,28.0,29.11,8312528,241332081.48
2011-08-02,sz.002594,28.66,31.96,28.21,30.64,17374921,524957816.66
2011-08-03,sz.002594,30.2,32.0,30.03,30.57,13281982,411353363.75
2011-08-04,sz.002594,30.3,30.88,29.65,29.93,8657615,259924071.07
2011-08-05,sz.002594,28.53,29.36,28.0,28.63,7309318,209889849.51
2011-08-08,sz.002594,28.0,28.0,25.8,26.24,9057060,243182930.57
2011-08-09,sz.002594,25.03,26.7,24.07,26.45,8998269,230757588.96
2011-08-10,sz.002594,26.99,27.42,26.42,26.45,7356631,197888411.66
2011-08-11,sz.002594,25.05,26.55,25.05,26.49,5225961,136539948.4
2011-08-12,sz.002594,26.75,27.89,26.66,26.88,6832513,186010041.18
2011-08-15,sz.002594,27.0,29.15,27.0,28.45,11674421,330605642.08
2011-08-16,sz.002594,28.3,28.3,27.5,27.61,6699903,186667622.23
2011-08-17,sz.002594,27.5,28.17,27.41,27.79,3789707,105697707.34
2011-08-18,sz.002594,27.82,27.99,26.71,26.8,4699424,127311203.69
2011-08-19,sz.002594,26.0,26.37,25.68,26.11,3850210,100115453.63
2011-08-22,sz.002594,26.11,26.62,25.9,26.31,3451566,90872027.01
2011-08-23,sz.002594,26.35,26.77,25.65,26.63,5665202,148580317.34
2011-08-24,sz.002594,26.6,26.63,25.64,25.74,7905716,205672342.16
2011-08-25,sz.002594,25.55,26.12,25.06,25.96,6024780,154614134.64
2011-08-26,sz.002594,25.81,26.46,25.68,26.08,5323654,139008104.84
2011-08-29,sz.002594,26.02,26.05,25.6,25.6,3479470,89636483.64
2011-08-30,sz.002594,25.75,26.5,25.61,25.72,5454064,142259341.39
2011-08-31,sz.002594,25.68,25.68,24.33,24.78,5448295,135470419.4
2011-09-01,sz.002594,24.78,25.08,24.0,24.1,4716819,114918402.5
2011-09-02,sz.002594,24.0,24.26,23.62,24.07,3115825,74780194.48
2011-09-05,sz.002594,24.13,24.13,22.66,22.8,3903166,90812425.95
2011-09-06,sz.002594,22.66,23.1,22.36,22.81,3010989,68575715.73
2011-09-07,sz.002594,22.92,23.86,22.92,23.47,4515008,105666086.65
2011-09-08,sz.002594,23.49,23.5,22.5,22.54,3788917,87172278.24
2011-09-13,sz.002594,21.11,21.47,20.5,21.13,4321614,90861034.01
2011-09-14,sz.002594,21.0,21.38,20.62,21.36,3372105,71230770.83
2011-09-15,sz.002594,21.0,21.65,21.0,21.04,3666890,78076319.42
2011-09-16,sz.002594,21.24,21.34,20.77,20.79,3006554,62949125.28
2011-09-19,sz.002594,20.7,20.7,19.6,19.65,3987500,79635510.2
2011-09-20,sz.002594,19.22,20.38,19.2,20.08,3946642,78759989.04
2011-09-21,sz.002594,19.9,20.81,19.88,20.64,4063619,82979389.09
2011-09-22,sz.002594,20.47,20.48,19.88,19.91,3351536,67388145.72
2011-09-23,sz.002594,19.32,19.67,19.16,19.32,2527543,48782242.98
2011-09-26,sz.002594,19.23,19.68,19.06,19.2,2420928,46876229.47
2011-09-27,sz.002594,19.26,21.1,19.2,20.95,9901857,201724685.67
2011-09-28,sz.002594,20.95,21.32,20.2,20.35,7868788,162621765.18
2011-09-29,sz.002594,20.0,20.58,19.5,19.71,4153298,82909264.76
2011-09-30,sz.002594,19.2,19.55,19.01,19.3,5402700,104445048.08
2011-10-10,sz.002594,19.3,19.5,17.98,18.09,7739420,141509108.28
2011-10-11,sz.002594,18.59,18.95,17.77,18.03,5520295,101359588.5
2011-10-12,sz.002594,17.99,18.72,17.4,18.6,5769019,105478569.53
2011-10-13,sz.002594,18.5,20.27,18.25,19.85,10417550,202740318.97
2011-10-14,sz.002594,19.5,19.66,19.21,19.6,6300404,122617012.71
2011-10-17,sz.002594,19.6,19.79,19.3,19.65,3925001,76818559.25
2011-10-18,sz.002594,19.5,19.5,18.6,18.6,5084510,95909677.29
2011-10-19,sz.002594,18.57,20.1,18.45,19.41,6446122,124724510.33
2011-10-20,sz.002594,19.1,19.38,18.31,18.95,3320899,62801070.88
2011-10-21,sz.002594,19.01,19.97,19.0,19.41,6108542,119554778.92
2011-10-24,sz.002594,19.43,21.14,19.43,20.79,11464120,234132970.15
2011-10-25,sz.002594,20.73,21.65,20.12,21.2,10721771,223752474.05
2011-10-26,sz.002594,20.73,21.3,20.55,20.78,8478788,176998267.63
2011-10-27,sz.002594,20.99,22.38,20.82,21.65,12101313,261296630.15
2011-10-28,sz.002594,22.0,22.04,21.31,21.74,7981033,172896218.79
2011-10-31,sz.002594,21.91,23.2,21.91,22.85,11940245,272001161.82
2011-11-01,sz.002594,22.59,25.14,22.4,25.14,19198220,468118074.88
2011-11-02,sz.002594,25.06,26.15,24.85,25.82,18102016,461834625.37
2011-11-03,sz.002594,25.4,25.59,24.94,25.34,12686898,320353121.66
2011-11-04,sz.002594,25.34,25.5,24.85,25.04,7711010,193524047.09
2011-11-07,sz.002594,24.8,24.8,23.91,24.36,7411579,180182963.13
2011-11-08,sz.002594,24.2,24.98,24.1,24.36,7074395,174134789.05
2011-11-09,sz.002594,24.35,24.65,23.4,24.42,6889457,165665084.29
2011-11-10,sz.002594,23.82,24.05,23.54,23.8,7151003,169817537.23
2011-11-11,sz.002594,23.7,23.98,23.25,23.3,4954263,116849284.53
2011-11-14,sz.002594,24.5,25.63,24.33,25.63,10650651,268667950.66
2011-11-15,sz.002594,27.5,28.15,26.5,27.5,24077253,658952721.17
2011-11-16,sz.002594,27.15,27.16,26.2,26.43,12047849,322319312.56
2011-11-17,sz.002594,26.35,27.15,26.33,26.54,8136999,217634490.01
2011-11-18,sz.002594,26.0,26.0,24.95,25.12,8704311,220947515.52
2011-11-21,sz.002594,25.18,26.25,25.07,25.45,7377908,189062400.12
2011-11-22,sz.002594,24.8,25.43,24.33,25.4,6090855,152078590.52
2011-11-23,sz.002594,25.39,25.57,25.0,25.01,4745507,120153985.67
2011-11-24,sz.002594,24.7,25.85,24.1,25.3,8208105,205791031.09
2011-11-25,sz.002594,25.0,25.22,24.36,24.5,4761248,117985421.03
2011-11-28,sz.002594,24.52,25.05,24.38,24.61,3104667,76715698.12
2011-11-29,sz.002594,25.03,25.14,24.7,24.99,3795975,94596184.55
2011-11-30,sz.002594,24.98,24.99,23.16,23.35,5596357,134547566.23
2011-12-01,sz.002594,24.3,24.85,23.73,23.9,4973650,120475605.7
2011-12-02,sz.002594,23.8,24.09,23.06,23.3,3272265,76633888.49
2011-12-05,sz.002594,23.21,23.23,22.0,22.03,2854921,63877560.62
2011-12-06,sz.002594,21.99,22.55,21.99,22.28,2264286,50403461.48
2011-12-07,sz.002594,22.28,22.59,22.0,22.53,2135284,47817081.59
2011-12-08,sz.002594,22.61,23.25,21.48,22.91,4762344,106940040.7
2011-12-09,sz.002594,22.55,22.79,22.26,22.6,2734219,61648747.12
2011-12-12,sz.002594,23.0,24.4,23.0,23.04,5710872,134749617.22
2011-12-13,sz.002594,22.7,22.76,21.5,22.05,3369093,74647982.39
2011-12-14,sz.002594,22.0,22.49,21.6,21.66,3025392,66729057.47
2011-12-15,sz.002594,21.5,21.5,20.0,20.55,3117144,64718435.7
2011-12-16,sz.002594,20.5,21.5,20.2,21.45,3049395,63612934.01
2011-12-19,sz.002594,21.38,23.16,20.89,22.86,8068171,181381183.79
2011-12-20,sz.002594,22.5,23.19,22.41,22.59,4362203,99402719.54
2011-12-21,sz.002594,22.82,22.98,21.18,21.21,3545434,78590714.5
2011-12-22,sz.002594,21.0,22.19,20.2,21.95,4618219,97561233.57
2011-12-23,sz.002594,21.6,22.6,21.55,21.94,3716263,82163179.41
2011-12-26,sz.002594,22.0,22.88,21.84,22.15,4186053,93804455.96
2011-12-27,sz.002594,22.0,22.06,21.23,21.72,3119754,67408201.62
2011-12-28,sz.002594,21.02,21.93,20.91,21.84,3013429,64545882.66
2011-12-29,sz.002594,21.7,22.48,21.51,22.25,3840805,85151959.51
2011-12-30,sz.002594,22.39,22.8,22.25,22.8,3989684,90019662.5
2012-01-04,sz.002594,23.4,23.42,22.27,22.43,4099659,94161297.42
2012-01-05,sz.002594,22.02,22.53,21.49,21.53,2905916,63797562.99
2012-01-06,sz.002594,21.3,21.9,21.02,21.88,2251370,48216941.59
2012-01-09,sz.002594,21.75,22.9,20.4,22.81,4787523,104956814.16
2012-01-10,sz.002594,22.4,24.2,22.26,23.75,6368847,149230089.38
2012-01-11,sz.002594,23.51,25.9,23.45,24.35,7604238,186988088.32
2012-01-12,sz.002594,23.98,25.16,23.86,24.4,5818429,143948390.93
2012-01-13,sz.002594,24.4,24.79,23.5,23.87,4498785,108629768.61
2012-01-16,sz.002594,23.72,24.75,23.55,23.55,4984132,120408937.34
2012-01-17,sz.002594,23.69,25.45,23.68,25.3,5738473,141487118.6
2012-01-18,sz.002594,25.29,25.78,24.31,24.67,4510507,112990107.8
2012-01-19,sz.002594,24.56,24.93,23.87,24.22,3310003,80692158.75
2012-01-20,sz.002594,24.3,24.69,24.2,24.32,2215021,54114390.66
2012-01-30,sz.002594,24.5,24.75,24.11,24.25,2074673,50702772.74
2012-01-31,sz.002594,24.33,24.43,23.3,23.75,3048647,72071839.58
2012-02-01,sz.002594,23.8,23.99,23.4,23.48,1732586,41103839.82
2012-02-02,sz.002594,23.2,24.09,23.2,24.09,2772228,65966198.73
2012-02-03,sz.002594,24.09,24.46,23.89,24.3,3082223,74590175.82
2012-02-06,sz.002594,24.29,24.52,23.73,24.03,2564449,61517773.19
2012-02-07,sz.002594,23.94,25.55,23.6,24.81,7168412,177178715.94
2012-02-08,sz.002594,24.82,26.68,24.63,26.58,11655869,301837522.17
2012-02-09,sz.002594,26.3,26.8,25.88,26.22,7485118,196563140.78
2012-02-10,sz.002594,26.01,26.22,25.81,25.96,4072458,105740243.22
2012-02-13,sz.002594,25.8,26.5,25.5,26.0,4227317,109958228.92
2012-02-14,sz.002594,25.82,26.38,25.56,26.06,3901099,101528898.67
2012-02-15,sz.002594,26.05,26.41,25.84,26.29,4486658,117460672.39
2012-02-16,sz.002594,26.1,26.52,25.81,25.97,4439236,116198860.28
2012-02-17,sz.002594,26.1,27.14,26.01,26.09,5011202,132648027.93
2012-02-20,sz.002594,26.5,26.5,25.58,25.6,4122407,107147841.13
2012-02-21,sz.002594,25.32,25.86,25.3,25.77,2699585,69059158.38
2012-02-22,sz.002594,25.68,27.1,25.68,26.74,8035899,214277552.08
2012-02-23,sz.002594,26.6,27.18,26.21,26.52,4427647,117920673.02
2012-02-24,sz.002594,26.61,26.69,26.0,26.52,4698344,123487423.49
2012-02-27,sz.002594,27.75,28.4,26.52,26.57,8443842,231570721.68
2012-02-28,sz.002594,26.29,26.98,26.0,26.38,4335643,114483216.53
2012-02-29,sz.002594,26.17,26.58,26.01,26.14,2995069,78530112.37
2012-03-01,sz.002594,26.11,26.25,25.62,25.74,3415167,88369088.78
2012-03-02,sz.002594,25.75,26.16,25.75,26.16,3229261,83958756.94
2012-03-05,sz.002594,26.29,26.5,26.05,26.4,3659408,96046724.48
2012-03-06,sz.002594,26.49,27.38,26.49,26.65,7299094,195776803.44
2012-03-07,sz.002594,26.05,27.3,25.75,27.29,8143026,216707817.31
2012-03-08,sz.002594,27.55,28.2,27.0,27.13,10493578,289337827.3
2012-03-09,sz.002594,27.0,27.65,26.7,27.39,5100273,138429287.91
2012-03-12,sz.002594,27.38,27.39,26.9,27.12,3452383,93546709.16
2012-03-13,sz.002594,27.12,27.15,26.76,27.13,2949561,79474879.28
2012-03-14,sz.002594,27.17,27.27,24.95,25.35,6283474,165400158.14
2012-03-15,sz.002594,25.33,25.7,24.25,24.61,5074650,125686098.41
2012-03-16,sz.002594,24.59,25.44,24.54,25.35,3623460,90642147.31
2012-03-19,sz.002594,25.38,26.41,25.0,26.37,5758902,149222472.85
2012-03-20,sz.002594,26.53,26.79,25.84,25.97,4394017,115424676.75
2012-03-21,sz.002594,26.02,26.44,25.6,26.33,3424709,89134580.56
2012-03-22,sz.002594,26.33,27.15,26.11,26.97,6865815,183897267.59
2012-03-23,sz.002594,26.75,27.17,25.65,26.0,3717461,98109878.34
2012-03-26,sz.002594,25.25,26.48,25.0,26.47,5192528,133654516.73
2012-03-27,sz.002594,26.46,27.08,26.26,26.92,6703194,179847330.02
2012-03-28,sz.002594,27.0,27.1,26.05,26.25,6415648,171008034.64
2012-03-29,sz.002594,26.0,27.35,25.3,27.2,8082741,215625319.38
2012-03-30,sz.002594,27.22,28.3,26.85,28.3,10245919,283343132.2
2012-04-05,sz.002594,28.2,29.1,27.63,28.93,8670498,245273011.79
2012-04-06,sz.002594,28.8,29.22,28.2,28.37,6711401,193116337.28
2012-04-09,sz.002594,28.04,28.6,27.6,28.39,4290278,120218312.19
2012-04-10,sz.002594,28.2,28.83,27.49,28.74,4221222,118870349.89
2012-04-11,sz.002594,28.28,31.11,28.09,30.6,9895903,299891019.58
2012-04-12,sz.002594,30.02,31.9,29.98,31.4,7420490,230078580.54
2012-04-13,sz.002594,31.3,31.6,30.71,30.85,4332775,134673039.9
2012-04-16,sz.002594,30.69,31.25,30.06,30.66,4314766,132559812.8
2012-04-17,sz.002594,30.94,31.46,30.08,30.66,4571290,140436173.29
2012-04-18,sz.002594,30.5,31.65,30.3,31.35,7239816,225640951.41
2012-04-19,sz.002594,31.82,32.7,28.5,28.79,19824616,595122837.49
2012-04-20,sz.002594,28.2,28.3,27.5,27.79,10617839,294956711.28
2012-04-23,sz.002594,27.79,27.88,27.0,27.1,5662414,155304924.82
2012-04-24,sz.002594,26.83,28.19,26.7,27.95,8278934,228743903.81
2012-04-25,sz.002594,27.79,27.79,27.1,27.4,4510254,123398872.37
2012-04-26,sz.002594,27.02,27.38,26.36,26.39,5903028,157527944.98
2012-04-27,sz.002594,26.2,26.36,25.57,25.76,4955135,128070226.96
2012-05-02,sz.002594,25.77,26.64,25.76,26.29,4674095,123018469.49
2012-05-03,sz.002594,26.29,26.43,25.98,26.33,2671101,69911790.03
2012-05-04,sz.002594,26.4,26.73,26.37,26.61,2879145,76562564.78
2012-05-07,sz.002594,26.55,27.55,26.32,26.78,6259507,169367221.93
2012-05-08,sz.002594,26.89,26.89,26.32,26.67,4247149,112768729.9
2012-05-09,sz.002594,26.58,26.58,25.78,25.83,3932146,102409032.89
2012-05-10,sz.002594,25.82,26.09,25.28,25.59,4366592,111693182.9
2012-05-11,sz.002594,25.38,25.79,25.18,25.35,2328092,59315490.34
2012-05-14,sz.002594,25.4,25.74,24.84,24.87,3906855,98166519.35
2012-05-15,sz.002594,24.56,24.58,23.7,24.2,5141007,123442459.52
2012-05-16,sz.002594,24.21,24.37,23.94,24.15,2698947,65121131.73
2012-05-17,sz.002594,24.24,25.34,24.24,25.12,6548464,164091695.09
2012-05-18,sz.002594,24.9,25.1,24.17,24.2,3753917,92469630.34
2012-05-21,sz.002594,24.2,24.81,24.01,24.58,2995104,73216637.31
2012-05-22,sz.002594,24.59,24.87,24.59,24.87,2699968,66868852.34
2012-05-23,sz.002594,24.77,25.09,24.52,24.79,3263260,80804122.43
2012-05-24,sz.002594,24.79,25.0,24.07,24.15,3363244,82738892.13
2012-05-25,sz.002594,24.26,24.64,24.06,24.38,2054508,49904448.34
2012-05-28,sz.002594,23.51,23.95,21.94,23.75,6282323,144503737.94
2012-05-29,sz.002594,23.73,24.7,22.8,24.3,8598110,204299593.12
2012-05-30,sz.002594,24.3,24.74,24.3,24.46,5593863,137188633.12
2012-05-31,sz.002594,24.79,24.79,24.43,24.6,4782266,117811386.56
2012-06-01,sz.002594,24.64,24.66,24.0,24.28,3167787,76729311.09
2012-06-04,sz.002594,23.78,24.31,23.5,23.65,3269424,77772601.71
2012-06-05,sz.002594,23.8,23.9,23.01,23.2,2419099,56368164.94
2012-06-06,sz.002594,23.26,23.65,23.01,23.17,1714348,39938208.62
2012-06-07,sz.002594,23.41,23.5,22.75,22.81,1746744,40352542.74
2012-06-11,sz.002594,22.85,23.16,22.3,22.94,2491482,56583690.71
2012-06-12,sz.002594,22.85,22.85,22.35,22.36,2028839,45609619.55
2012-06-13,sz.002594,22.35,22.67,22.2,22.57,1942696,43627621.25
2012-06-14,sz.002594,22.58,24.17,22.58,23.34,5291206,124794595.7
2012-06-15,sz.002594,23.03,23.43,22.81,23.13,2429730,56223234.54
2012-06-18,sz.002594,23.33,24.18,23.3,23.57,3662540,87152162.38
2012-06-19,sz.002594,23.48,23.69,23.2,23.21,2073095,48380363.93
2012-06-20,sz.002594,23.21,23.53,23.03,23.17,1639276,38035604.6
2012-06-21,sz.002594,23.17,23.2,22.57,22.72,1889003,42904824.92
2012-06-25,sz.002594,22.64,22.64,21.8,21.8,1964795,43431618.62
2012-06-26,sz.002594,21.5,21.79,21.14,21.6,1795751,38505721.24
2012-06-27,sz.002594,21.23,21.78,21.23,21.43,1321974,28514753.66
2012-06-28,sz.002594,21.43,21.68,20.31,20.4,2992535,62411821.82
2012-06-29,sz.002594,20.36,20.36,18.65,19.86,3447807,67254313.46
2012-07-02,sz.002594,19.69,20.38,19.13,20.27,4487290,88292269.15
2012-07-03,sz.002594,19.8,19.9,19.46,19.82,6213109,122203002.11
2012-07-04,sz.002594,19.4,19.55,19.06,19.08,5876957,113202567.93
2012-07-05,sz.002594,18.7,19.35,18.55,19.12,3214084,61046773.74
2012-07-06,sz.002594,19.3,19.69,18.91,19.64,3702779,71610144.25
2012-07-09,sz.002594,19.32,19.66,18.95,19.04,4778069,91371348.13
2012-07-10,sz.002594,19.1,19.35,18.96,19.07,3381702,64719309.11
2012-07-11,sz.002594,19.09,19.54,18.57,19.01,4040452,77261805.39
2012-07-12,sz.002594,19.06,19.85,19.05,19.65,4747112,91955839.06
2012-07-13,sz.002594,19.45,19.45,18.8,19.05,9791356,186213959.66
2012-07-16,sz.002594,18.45,18.45,17.15,17.15,9744871,170302952.93
2012-07-17,sz.002594,16.6,17.15,16.51,16.96,3574486,60308257.24
2012-07-18,sz.002594,16.96,17.25,16.76,17.18,3358446,57447615.5
2012-07-19,sz.002594,17.18,17.51,17.11,17.39,3247967,56457415.2
2012-07-20,sz.002594,17.0,17.17,16.58,16.72,5534076,93388467.71
2012-07-23,sz.002594,16.65,16.98,15.96,16.65,2987165,49593251.88
2012-07-24,sz.002594,16.63,16.99,16.5,16.86,2682207,45168301.72
2012-07-25,sz.002594,16.87,16.91,16.21,16.3,4579186,75476970.32
2012-07-26,sz.002594,15.9,15.95,15.2,15.3,10994836,171077012.04
2012-07-27,sz.002594,15.36,15.47,14.75,15.13,8236170,123945298.95
2012-07-30,sz.002594,15.0,15.0,13.92,14.2,13221165,190590100.4
2012-07-31,sz.002594,14.2,14.25,13.58,14.2,5547797,77928812.62
2012-08-01,sz.002594,13.98,14.5,13.91,14.27,5214923,74648665.85
2012-08-02,sz.002594,14.2,14.57,14.12,14.3,5466233,78435106.08
2012-08-03,sz.002594,14.36,14.47,13.91,14.41,6619794,94384923.95
2012-08-06,sz.002594,14.66,15.6,14.65,15.45,18292611,277858229.86
2012-08-07,sz.002594,15.5,15.52,15.2,15.37,9762006,149919328.85
2012-08-08,sz.002594,15.39,15.4,14.97,15.03,7048075,106520768.9
2012-08-09,sz.002594,14.95,15.65,14.7,15.4,12021229,184361368.14
2012-08-10,sz.002594,15.42,15.61,15.25,15.43,7774606,119840278.34
2012-08-13,sz.002594,15.42,15.42,14.68,14.73,6528109,97784940.56
2012-08-14,sz.002594,14.58,14.86,14.24,14.72,5328758,77684211.62
2012-08-15,sz.002594,14.7,14.7,14.42,14.43,3167335,45996856.15
2012-08-16,sz.002594,14.4,14.51,14.2,14.26,2915337,41951567.65
2012-08-17,sz.002594,14.26,14.65,14.23,14.54,4530584,65722771.34
2012-08-20,sz.002594,14.54,14.88,14.33,14.81,5709189,83525060.85
2012-08-21,sz.002594,14.86,15.43,14.73,15.2,10441875,158036031.76
2012-08-22,sz.002594,15.2,15.27,14.75,14.84,6149976,92214928.53
2012-08-23,sz.002594,14.95,15.24,14.9,15.13,6043420,91057720.92
2012-08-24,sz.002594,15.1,15.21,14.81,14.91,5514294,82510954.37
2012-08-27,sz.002594,14.78,15.45,14.3,15.08,9650155,143985792.56
2012-08-28,sz.002594,14.7,15.39,14.5,15.13,8493753,128090038.76
2012-08-29,sz.002594,14.9,15.7,14.83,15.69,15439237,238633669.87
2012-08-30,sz.002594,15.56,15.78,15.13,15.55,10978417,170219261.35
2012-08-31,sz.002594,15.51,15.74,15.43,15.65,8290885,129438237.35
2012-09-03,sz.002594,15.65,15.98,15.55,15.63,11584665,182750945.47
2012-09-04,sz.002594,15.59,15.64,15.3,15.59,8943178,138351533.95
2012-09-05,sz.002594,15.5,15.79,15.32,15.48,6608417,102732173.26
2012-09-06,sz.002594,15.42,15.86,15.35,15.77,7696888,120622415.59
2012-09-07,sz.002594,15.86,16.53,15.75,16.34,14183747,230452306.6
2012-09-10,sz.002594,16.55,17.35,16.55,16.67,13159410,221199828.7
2012-09-11,sz.002594,16.57,17.0,16.25,16.8,8669870,145167092.08
2012-09-12,sz.002594,16.86,17.16,16.51,16.78,7346161,123516551.03
2012-09-13,sz.002594,16.78,16.95,16.33,16.33,6231948,104041399.52
2012-09-14,sz.002594,16.48,16.77,16.21,16.67,6793544,112335580.18
2012-09-17,sz.002594,16.93,17.17,16.39,16.45,8844893,148793443.75
2012-09-18,sz.002594,16.4,16.4,15.72,15.8,5489816,87662433.02
2012-09-19,sz.002594,15.75,16.04,15.73,15.91,3004048,47747544.36
2012-09-20,sz.002594,15.83,15.86,15.36,15.59,6278248,97830429.14
2012-09-21,sz.002594,15.49,15.52,14.8,14.97,5741037,86785598.63
2012-09-24,sz.002594,14.87,14.95,14.44,14.84,3845473,56472493.08
2012-09-25,sz.002594,14.79,15.1,14.68,14.78,2843697,42344436.83
2012-09-26,sz.002594,14.74,14.87,13.9,13.99,6493159,92126752.14
2012-09-27,sz.002594,14.25,14.32,13.51,14.13,6891112,96101735.86
2012-09-28,sz.002594,13.93,14.35,13.85,14.32,5111299,72530123.54
2012-10-08,sz.002594,14.29,14.49,14.22,14.3,3004153,43076767.53
2012-10-09,sz.002594,14.31,14.97,14.31,14.84,4548544,66935624.07
2012-10-10,sz.002594,14.9,15.58,14.9,15.57,8723663,134115557.92
2012-10-11,sz.002594,15.58,15.65,15.0,15.07,4270359,65205186.01
2012-10-12,sz.002594,15.02,15.38,14.75,15.13,3565620,53825294.42
2012-10-15,sz.002594,15.12,15.29,14.97,15.18,3033555,45978494.5
2012-10-16,sz.002594,15.18,15.24,14.94,15.0,2430525,36674952.52
2012-10-17,sz.002594,15.0,15.13,14.87,15.03,1726157,25893767.41
2012-10-18,sz.002594,15.02,15.4,15.02,15.31,3712041,56752015.32
2012-10-19,sz.002594,15.35,15.77,15.27,15.5,5398751,83945081.26
2012-10-22,sz.002594,15.43,15.43,15.25,15.37,2337588,35862455.6
2012-10-23,sz.002594,15.38,15.49,15.08,15.18,3620861,55244786.06
2012-10-24,sz.002594,15.12,15.17,14.91,14.97,3025503,45501159.2
2012-10-25,sz.002594,14.93,15.38,14.91,15.0,3174418,48008525.03
2012-10-26,sz.002594,15.0,15.15,14.42,14.45,3948584,57644772.57
2012-10-29,sz.002594,14.45,14.81,14.28,14.35,2081223,30123074.74
2012-10-30,sz.002594,14.11,14.35,14.1,14.18,3496631,49611437.5
2012-10-31,sz.002594,14.14,14.5,14.01,14.41,2015911,28746923.41
2012-11-01,sz.002594,14.5,14.91,14.42,14.77,2530371,37284806.14
2012-11-02,sz.002594,14.82,14.87,14.57,14.72,2394962,35157035.24
2012-11-05,sz.002594,14.74,15.28,14.71,15.2,5207432,78714879.28
2012-11-06,sz.002594,15.08,15.69,15.0,15.57,7576309,117413029.68
2012-11-07,sz.002594,15.57,16.48,15.37,16.3,11128641,178165456.32
2012-11-08,sz.002594,16.1,16.18,15.49,15.49,7413933,117354838.55
2012-11-09,sz.002594,15.34,16.45,15.3,16.24,8342634,133199483.73
2012-11-12,sz.002594,16.36,17.5,16.36,17.05,16819965,286375515.83
2012-11-13,sz.002594,16.9,17.09,16.38,16.39,8353913,138873639.39
2012-11-14,sz.002594,16.38,16.95,16.1,16.25,7068024,116664917.07
2012-11-15,sz.002594,16.25,16.28,15.8,16.0,4883947,78081525.09
2012-11-16,sz.002594,15.97,16.28,15.8,16.23,3952773,63364397.73
2012-11-19,sz.002594,15.75,16.04,15.46,15.91,5332190,83921635.55
2012-11-20,sz.002594,15.92,16.05,15.65,15.74,3789554,59931304.6
2012-11-21,sz.002594,15.7,16.23,15.7,16.23,4385615,70438676.77
2012-11-22,sz.002594,16.22,16.27,15.9,16.27,2997229,48183933.63
2012-11-23,sz.002594,16.29,16.7,16.23,16.48,5971728,98639643.15
2012-11-26,sz.002594,16.47,16.48,15.86,15.86,2566073,41531751.4
2012-11-27,sz.002594,15.87,15.95,15.51,15.52,2957920,46255280.28
2012-11-28,sz.002594,15.44,15.44,14.72,15.04,3876838,57991495.47
2012-11-29,sz.002594,15.05,15.34,14.8,14.87,1849590,27891410.66
2012-11-30,sz.002594,14.97,15.47,14.97,15.43,2488105,38011479.38
2012-12-03,sz.002594,15.37,15.67,15.12,15.46,3497775,53883049.93
2012-12-04,sz.002594,15.47,15.54,14.98,15.41,2609403,39928293.44
2012-12-05,sz.002594,15.35,16.53,15.3,16.33,7055879,113243231.58
2012-12-06,sz.002594,16.33,16.44,16.01,16.02,3179209,51449257.68
2012-12-07,sz.002594,16.02,16.52,16.0,16.44,5660822,92605323.75
2012-12-10,sz.002594,16.5,16.96,16.44,16.75,6616476,110915546.23
2012-12-11,sz.002594,16.89,16.89,16.49,16.53,3578270,59475956.85
2012-12-12,sz.002594,16.48,16.6,16.05,16.26,2978465,48437079.51
2012-12-13,sz.002594,16.2,16.96,16.1,16.46,5026157,83635559.11
2012-12-14,sz.002594,16.4,17.14,16.4,16.99,8037479,135627419.97
2012-12-17,sz.002594,17.0,17.35,16.8,16.92,6404168,109260162.77
2012-12-18,sz.002594,16.88,17.68,16.68,17.57,10459070,180866238.22
2012-12-19,sz.002594,17.54,19.08,17.28,18.69,10969985,200553760.95
2012-12-20,sz.002594,18.4,18.78,18.21,18.56,5841715,107741789.29
2012-12-21,sz.002594,18.56,19.1,18.3,18.62,6613119,123927721.07
2012-12-24,sz.002594,18.51,19.41,18.4,19.35,8307493,158463731.1
2012-12-25,sz.002594,19.37,19.74,19.02,19.43,7541072,145878896.37
2012-12-26,sz.002594,19.41,19.41,18.8,18.95,6877338,131028029.05
2012-12-27,sz.002594,18.89,19.4,18.68,18.96,6103133,116781510.66
2012-12-28,sz.002594,18.96,19.58,18.85,19.32,6320657,122304387.72
2012-12-31,sz.002594,19.48,20.48,19.48,20.35,9150069,183544149.46
2013-01-04,sz.002594,20.35,20.6,19.6,20.01,7721327,154636023.33
2013-01-07,sz.002594,19.99,20.51,19.89,20.1,5292805,107077586.83
2013-01-08,sz.002594,20.38,20.9,20.08,20.2,5096367,103785563.17
2013-01-09,sz.002594,20.25,21.7,20.22,21.26,9212403,193045811.24
2013-01-10,sz.002594,21.26,22.56,21.24,21.83,10749746,236547021.8
2013-01-11,sz.002594,21.85,22.2,21.38,21.57,6776716,146938253.35
2013-01-14,sz.002594,21.42,22.5,21.41,22.49,5468236,121378733.73
2013-01-15,sz.002594,22.5,24.66,22.49,23.85,7738479,182723749.49
2013-01-16,sz.002594,23.8,24.85,22.6,23.6,9937072,236254816.7
2013-01-17,sz.002594,23.39,23.48,22.22,22.29,7552230,171869846.83
2013-01-18,sz.002594,22.29,24.26,22.29,23.96,9799289,227492326.65
2013-01-21,sz.002594,24.14,24.55,23.62,23.97,6231366,149974756.8
2013-01-22,sz.002594,23.95,23.95,22.96,23.2,5527287,129069386.24
2013-01-23,sz.002594,23.2,23.47,22.68,23.14,4220512,96938010.45
2013-01-24,sz.002594,23.0,23.98,22.12,22.44,7524566,174423943.14
2013-01-25,sz.002594,22.52,23.0,22.41,22.46,3894904,88147863.3
2013-01-28,sz.002594,22.6,23.15,22.48,23.04,5281270,120629414.41
2013-01-29,sz.002594,23.01,23.03,22.21,22.51,7154104,160952010.91
2013-01-30,sz.002594,22.51,22.9,22.31,22.79,5226051,118490375.57
2013-01-31,sz.002594,22.8,23.47,22.43,23.47,5682925,130500737.96
2013-02-01,sz.002594,23.52,24.17,23.23,23.6,5553307,131748702.39
2013-02-04,sz.002594,24.1,24.6,23.4,23.54,6041058,144970611.96
2013-02-05,sz.002594,23.36,23.85,22.98,23.46,3987435,93119157.28
2013-02-06,sz.002594,23.51,24.12,23.35,23.94,5869554,140119628.42
2013-02-07,sz.002594,24.0,24.46,23.92,24.46,5285432,127902839.61
2013-02-08,sz.002594,24.61,25.6,24.61,25.43,7096605,178704474.35
2013-02-18,sz.002594,27.0,27.97,26.58,27.17,11000823,300089966.57
2013-02-19,sz.002594,27.0,27.2,25.93,26.15,6706150,176302098.96
2013-02-20,sz.002594,26.0,27.0,25.8,26.5,4957368,131217192.07
2013-02-21,sz.002594,26.1,26.39,25.1,25.33,6281396,161137059.02
2013-02-22,sz.002594,25.16,25.88,24.91,25.15,4778057,120897594.2
2013-02-25,sz.002594,25.25,25.65,24.58,25.2,4273072,107210012.81
2013-02-26,sz.002594,25.0,25.69,24.8,24.81,4363930,109981281.4
2013-02-27,sz.002594,25.0,25.49,24.84,24.9,3633154,91004433.83
2013-02-28,sz.002594,24.66,25.48,24.66,25.22,5237115,131770807.52
2013-03-01,sz.002594,25.02,25.56,24.6,25.55,6911830,174209887.54
2013-03-04,sz.002594,25.5,26.0,24.79,25.03,5967552,151656356.42
2013-03-05,sz.002594,25.02,25.6,24.81,25.6,4679067,118145618.19
2013-03-06,sz.002594,25.59,25.78,25.09,25.41,5597057,142180794.55
2013-03-07,sz.002594,25.27,25.3,23.27,23.79,10514611,253934544.38
2013-03-08,sz.002594,24.04,24.35,23.38,23.58,4779438,114672913.28
2013-03-11,sz.002594,23.58,24.45,23.43,23.86,3591323,86345675.35
2013-03-12,sz.002594,23.97,24.19,22.82,23.21,4639978,108519545.64
2013-03-13,sz.002594,23.25,23.6,22.74,23.04,2977116,68843897.64
2013-03-14,sz.002594,23.19,23.37,22.85,23.28,3882733,89720593.85
2013-03-15,sz.002594,23.26,24.03,22.85,23.37,4601075,108430219.02
2013-03-18,sz.002594,22.77,23.14,22.15,22.18,5097207,114741256.0
2013-03-19,sz.002594,22.24,22.48,21.9,22.36,3300045,73195336.0
2013-03-20,sz.002594,22.45,23.9,22.45,23.75,7441810,174292112.0
2013-03-21,sz.002594,23.95,23.99,23.1,23.5,7204881,169520608.0
2013-03-22,sz.002594,23.4,23.57,23.14,23.4,3095527,72317960.0
2013-03-25,sz.002594,24.01,24.15,23.37,23.51,3844632,90952192.0
2013-03-26,sz.002594,23.4,23.4,22.91,23.13,3023198,69854512.0
2013-03-27,sz.002594,23.13,23.65,23.1,23.33,2733959,63971264.0
2013-03-28,sz.002594,23.19,23.19,22.01,22.7,3451881,78140320.0
2013-03-29,sz.002594,22.89,23.01,21.99,22.07,3341342,74933464.0
2013-04-01,sz.002594,21.96,22.01,21.43,21.6,3460953,74969528.0
2013-04-02,sz.002594,21.85,22.36,21.6,21.7,3520758,77364272.0
2013-04-03,sz.002594,21.79,22.11,21.48,21.73,2024918,44039284.0
2013-04-08,sz.002594,20.88,21.4,20.54,21.37,5956922,124842592.0
2013-04-09,sz.002594,21.37,21.85,21.35,21.44,2853045,61438024.0
2013-04-10,sz.002594,21.41,21.78,21.03,21.12,3178659,67948720.0
2013-04-11,sz.002594,21.35,21.74,21.32,21.43,3268588,70483536.0
2013-04-12,sz.002594,21.21,21.49,21.11,21.3,1568970,33393972.0
2013-04-15,sz.002594,21.4,21.5,20.31,20.53,3365415,69633312.0
2013-04-16,sz.002594,20.22,21.15,19.96,21.02,2823805,57905068.0
2013-04-17,sz.002594,21.02,21.25,20.86,21.23,2185724,46081496.0
2013-04-18,sz.002594,21.05,21.99,21.0,21.9,3811783,82138160.0
2013-04-19,sz.002594,21.98,23.08,21.98,22.65,6980072,157526800.0
2013-04-22,sz.002594,22.5,23.94,22.45,23.91,8223219,191601408.0
2013-04-23,sz.002594,23.91,23.99,23.14,23.26,6359579,149046096.0
2013-04-24,sz.002594,23.22,24.52,23.1,24.38,6940412,167096656.0
2013-04-25,sz.002594,24.35,25.16,23.5,23.82,8854062,216733072.0
2013-04-26,sz.002594,24.78,25.1,24.36,24.55,7882916,194928304.0
2013-05-02,sz.002594,24.38,25.05,23.8,24.6,6337717,155481264.0
2013-05-03,sz.002594,24.95,27.0,24.9,26.2,14526546,380915040.0
2013-05-06,sz.002594,26.48,28.82,26.25,28.82,25601655,720511872.0
2013-05-07,sz.002594,29.2,30.35,28.73,29.46,25911262,764331584.0
2013-05-08,sz.002594,29.0,30.13,28.72,29.67,15353513,451462784.0
2013-05-09,sz.002594,29.67,32.64,29.67,32.64,33571166,1068622464.0
2013-05-10,sz.002594,32.8,34.1,32.05,33.98,32883024,1094651136.0
2013-05-13,sz.002594,33.0,35.58,32.1,33.2,23641663,801947520.0
2013-05-14,sz.002594,33.91,36.52,32.3,36.52,29680369,1026137728.0
2013-05-15,sz.002594,35.4,37.96,34.5,36.7,28683919,1044143488.0
2013-05-16,sz.002594,36.68,37.52,35.96,37.23,19731332,726134656.0
2013-05-17,sz.002594,37.13,37.8,36.1,36.4,21041819,778123904.0
2013-05-20,sz.002594,35.76,36.87,35.3,36.14,19293140,694139712.0
2013-05-21,sz.002594,36.15,37.49,35.5,35.85,17812537,650549376.0
2013-05-22,sz.002594,35.99,37.38,35.78,37.25,22187064,812052480.0
2013-05-23,sz.002594,36.68,36.7,34.5,34.82,22641903,800830592.0
2013-05-24,sz.002594,34.92,35.33,34.3,35.0,10738998,375091520.0
2013-05-27,sz.002594,35.4,35.87,34.87,35.33,12583189,445116672.0
2013-05-28,sz.002594,34.9,35.29,33.6,34.65,13751553,475029280.0
2013-05-29,sz.002594,35.55,38.12,34.9,37.73,32907589,1212347648.0
2013-05-30,sz.002594,36.5,37.05,36.0,36.75,18110603,660654976.0
2013-05-31,sz.002594,36.62,36.9,35.25,35.29,10442135,374403456.0
2013-06-03,sz.002594,35.2,35.95,34.4,35.12,6867295,242004304.0
2013-06-04,sz.002594,35.0,35.76,33.15,34.01,10499824,361814336.0
2013-06-05,sz.002594,33.96,34.2,32.78,33.23,10061191,336162688.0
2013-06-06,sz.002594,33.43,33.8,32.65,33.4,10534985,351526528.0
2013-06-07,sz.002594,33.08,33.72,32.25,32.9,7791811,257875680.0
2013-06-13,sz.002594,32.3,32.32,30.03,31.4,9674515,302828736.0
2013-06-14,sz.002594,31.45,33.94,31.45,33.5,11621038,383127168.0
2013-06-17,sz.002594,33.49,35.0,33.0,33.82,11624616,396434560.0
2013-06-18,sz.002594,34.29,35.16,34.07,34.74,10000629,346929728.0
2013-06-19,sz.002594,34.69,35.34,34.4,34.69,9147209,318463040.0
2013-06-20,sz.002594,33.86,33.86,31.8,31.84,13613410,446084544.0
2013-06-21,sz.002594,30.6,32.88,29.55,32.6,12037513,374956288.0
2013-06-24,sz.002594,32.3,32.3,29.34,29.34,11566487,353537312.0
2013-06-25,sz.002594,28.35,30.27,26.55,29.96,14907461,432100992.0
2013-06-26,sz.002594,30.12,30.9,29.55,30.7,11649521,353382848.0
2013-06-27,sz.002594,30.91,31.21,29.02,29.57,10256919,310677920.0
2013-06-28,sz.002594,29.33,30.69,28.95,29.91,6876602,205043984.0
2013-07-01,sz.002594,30.3,32.9,30.0,32.9,14372054,454158784.0
2013-07-02,sz.002594,33.9,35.8,33.44,35.17,18746333,652008448.0
2013-07-03,sz.002594,35.1,36.4,34.25,35.96,19278584,685296768.0
2013-07-04,sz.002594,36.0,39.5,35.4,38.55,25970782,982744960.0
2013-07-05,sz.002594,39.0,39.0,36.7,37.09,18226712,688209664.0
2013-07-08,sz.002594,36.0,37.8,35.19,36.28,15152887,552160256.0
2013-07-09,sz.002594,35.98,36.4,34.24,34.93,17006978,597007104.0
2013-07-10,sz.002594,34.89,36.11,34.7,36.0,14554113,515553472.0
2013-07-11,sz.002594,35.7,36.75,35.34,35.68,15986970,575168512.0
2013-07-12,sz.002594,35.5,36.74,35.3,35.67,12669936,457512224.0
2013-07-15,sz.002594,37.55,38.5,36.76,36.92,18419706,692267008.0
2013-07-16,sz.002594,37.35,38.27,37.1,37.66,13061463,490726784.0
2013-07-17,sz.002594,36.42,36.45,34.88,35.02,20826749,742474944.0
2013-07-18,sz.002594,35.57,35.93,35.02,35.22,10570091,375651360.0
2013-07-19,sz.002594,35.18,35.79,34.05,35.31,12242303,426767168.0
2013-07-22,sz.002594,34.76,35.28,34.38,35.08,6941560,242097808.0
2013-07-23,sz.002594,35.51,36.2,35.36,35.91,10711513,384836224.0
2013-07-24,sz.002594,36.0,36.0,34.68,35.4,9054705,319635456.0
2013-07-25,sz.002594,35.37,36.59,35.21,35.4,11233916,403675840.0
2013-07-26,sz.002594,34.88,35.47,33.92,34.16,8792277,302190144.0
2013-07-29,sz.002594,34.29,34.89,33.8,34.07,5399687,185342736.0
2013-07-30,sz.002594,34.56,34.82,33.2,33.58,6436338,217796848.0
2013-07-31,sz.002594,33.58,34.08,33.0,33.1,5908257,197413344.0
2013-08-01,sz.002594,33.11,35.2,33.1,35.09,10580923,361872576.0
2013-08-02,sz.002594,35.26,35.44,34.41,34.53,6397082,223648768.0
2013-08-05,sz.002594,34.53,35.38,34.35,35.1,7268445,253598432.0
2013-08-06,sz.002594,35.18,37.45,35.18,36.79,17319449,630330496.0
2013-08-07,sz.002594,36.45,36.8,35.6,36.0,9867534,355418560.0
2013-08-08,sz.002594,36.36,36.95,36.0,36.29,9525374,347464960.0
2013-08-09,sz.002594,36.92,37.2,35.01,35.49,10289173,370041664.0
2013-08-12,sz.002594,35.79,36.08,35.1,35.76,8622642,305917440.0
2013-08-13,sz.002594,35.5,36.3,35.08,36.08,8836756,316751488.0
2013-08-14,sz.002594,36.02,36.68,35.5,35.69,7147310,257357456.0
2013-08-15,sz.002594,35.35,35.59,34.46,34.46,7886665,274932864.0
2013-08-16,sz.002594,34.29,35.0,33.32,33.47,6805082,232989104.0
2013-08-19,sz.002594,33.3,34.59,33.01,34.28,5152486,175472736.0
2013-08-20,sz.002594,34.11,34.49,33.5,33.75,5104018,173480416.0
2013-08-21,sz.002594,33.96,34.06,33.43,33.85,4163619,140188000.0
2013-08-22,sz.002594,33.86,35.44,33.66,35.26,8948744,308922880.0
2013-08-23,sz.002594,35.36,36.18,34.75,35.96,14293136,508302112.0
2013-08-26,sz.002594,35.8,35.8,34.6,35.1,17320695,606759680.0
2013-08-27,sz.002594,34.9,34.9,33.87,34.46,13200806,452197440.0
2013-08-28,sz.002594,34.12,34.15,33.21,33.25,13946742,467127584.0
2013-08-29,sz.002594,33.24,33.95,33.09,33.18,7567115,252822144.0
2013-08-30,sz.002594,33.39,33.5,30.98,31.77,14904542,476847232.0
2013-09-02,sz.002594,31.77,32.59,31.6,31.95,8970937,288262848.0
2013-09-03,sz.002594,32.24,33.46,32.07,33.24,10376519,341800000.0
2013-09-04,sz.002594,33.45,33.98,33.13,33.29,7655852,256478096.0
2013-09-05,sz.002594,33.11,33.45,32.67,33.2,7023731,232680256.0
2013-09-06,sz.002594,33.15,36.52,33.03,36.52,28845148,1023390208.0
2013-09-09,sz.002594,37.88,39.25,37.27,37.62,29299451,1114430080.0
2013-09-10,sz.002594,37.5,39.3,36.94,37.92,21561397,825355776.0
2013-09-11,sz.002594,39.4,41.71,37.94,41.71,35041002,1409805008.0
2013-09-12,sz.002594,41.5,42.96,40.3,40.51,26640355,1102287904.0
2013-09-13,sz.002594,40.64,41.26,39.8,40.52,16930827,685531152.0
2013-09-16,sz.002594,40.27,41.49,39.28,39.58,14554393,587800112.0
2013-09-17,sz.002594,39.98,40.5,38.5,39.0,12567389,492353440.0
2013-09-18,sz.002594,39.73,40.28,36.52,39.0,25632031,974382512.0
2013-09-23,sz.002594,39.0,42.33,38.55,41.55,24698617,1001651440.0
2013-09-24,sz.002594,41.0,42.48,40.76,40.92,16125967,671137072.0
2013-09-25,sz.002594,40.87,41.3,39.0,39.0,12111113,482518464.0
2013-09-26,sz.002594,38.55,39.87,38.1,39.13,10240108,400311920.0
2013-09-27,sz.002594,38.9,39.83,37.96,38.19,7920449,305907072.0
2013-09-30,sz.002594,38.01,39.78,38.0,39.36,7202541,282920320.0
2013-10-08,sz.002594,41.0,41.5,40.0,40.15,9792552,398088752.0
2013-10-09,sz.002594,39.8,41.21,39.5,40.8,8563552,348231568.0
2013-10-10,sz.002594,40.98,41.35,39.45,39.5,10103417,406376016.0
2013-10-11,sz.002594,39.72,40.1,38.9,39.9,8097285,320374624.0
2013-10-14,sz.002594,40.0,40.0,38.49,38.75,8447466,328610800.0
2013-10-15,sz.002594,38.64,39.61,38.64,39.08,6055714,236762260.0
2013-10-16,sz.002594,38.9,38.9,37.63,37.9,6801676,259031358.0
2013-10-17,sz.002594,38.15,38.71,37.79,37.85,4385490,167076883.0
2013-10-18,sz.002594,37.85,41.2,37.79,40.75,12451978,495888848.0
2013-10-21,sz.002594,40.36,42.6,40.1,41.89,13972938,578739520.0
2013-10-22,sz.002594,42.5,43.56,41.5,41.7,14048029,596941408.0
2013-10-23,sz.002594,41.69,43.66,40.7,41.51,13788159,585142368.0
2013-10-24,sz.002594,41.18,41.4,39.6,40.68,7827621,316801072.0
2013-10-25,sz.002594,40.98,42.15,39.84,40.95,8123211,333122272.0
2013-10-28,sz.002594,41.25,41.48,38.75,39.45,7058685,279315296.0
2013-10-29,sz.002594,39.47,39.89,37.28,38.08,8172733,312776608.0
2013-10-30,sz.002594,38.18,39.3,37.81,39.3,5954003,230479037.0
2013-10-31,sz.002594,39.2,39.2,37.7,37.98,4869153,186164415.0
2013-11-01,sz.002594,38.29,38.95,37.81,38.07,4666747,178686276.0
2013-11-04,sz.002594,37.9,38.6,37.0,38.52,5208739,197524584.0
2013-11-05,sz.002594,38.15,39.2,37.5,38.85,7049590,271130432.0
2013-11-06,sz.002594,38.91,39.21,37.8,37.85,4742790,183023852.0
2013-11-07,sz.002594,37.0,37.0,35.0,35.6,9230270,333913664.0
2013-11-08,sz.002594,35.15,35.58,34.53,35.09,4318863,151665501.0
2013-11-11,sz.002594,35.3,36.68,35.3,36.01,4286310,155050132.0
2013-11-12,sz.002594,36.2,36.64,35.7,36.08,2871885,103690362.0
2013-11-13,sz.002594,36.3,36.39,34.71,34.72,3861637,136701221.0
2013-11-14,sz.002594,34.95,35.4,34.7,35.04,4245281,148832235.0
2013-11-15,sz.002594,35.35,36.6,35.05,35.9,4961255,178491784.0
2013-11-18,sz.002594,36.1,36.58,35.79,36.48,5441784,197547444.0
2013-11-19,sz.002594,36.47,36.48,35.8,36.1,4406910,158977115.0
2013-11-20,sz.002594,36.36,36.57,35.9,36.36,3278720,118631837.0
2013-11-21,sz.002594,36.0,36.15,35.18,35.54,5439917,193318893.0
2013-11-22,sz.002594,35.47,37.92,35.31,37.0,9176306,339695488.0
2013-11-25,sz.002594,36.8,37.09,36.11,36.53,4224802,154953108.0
2013-11-26,sz.002594,36.53,37.5,36.25,37.0,5360436,197196070.0
2013-11-27,sz.002594,36.98,38.43,36.88,38.11,9014477,341146416.0
2013-11-28,sz.002594,38.11,38.6,37.82,38.1,4910479,186981108.0
2013-11-29,sz.002594,38.03,38.23,37.53,37.86,4462256,168819839.0
2013-12-02,sz.002594,36.8,37.34,35.18,35.4,7696533,278073984.0
2013-12-03,sz.002594,35.2,36.2,35.01,35.96,4923985,176377658.0
2013-12-04,sz.002594,36.13,36.78,35.78,36.03,6307180,228966973.0
2013-12-05,sz.002594,36.03,37.98,35.9,37.65,10264762,382382624.0
2013-12-06,sz.002594,37.66,38.8,37.5,38.02,8784887,335591520.0
2013-12-09,sz.002594,38.08,38.45,37.46,37.95,4997351,189190846.0
2013-12-10,sz.002594,38.18,38.74,37.73,38.0,4904740,187068487.0
2013-12-11,sz.002594,37.81,37.85,36.91,37.28,3793689,141839225.0
2013-12-12,sz.002594,37.13,38.95,37.01,38.34,6249715,238179899.0
2013-12-13,sz.002594,37.82,38.98,37.72,38.73,6216360,239904642.0
2013-12-16,sz.002594,38.79,39.46,38.2,39.18,7028005,273854240.0
2013-12-17,sz.002594,39.22,39.58,38.38,38.46,5564818,216900145.0
2013-12-18,sz.002594,38.46,38.9,37.3,37.3,5121209,194135999.0
2013-12-19,sz.002594,37.6,38.14,37.26,37.56,4825235,182118271.0
2013-12-20,sz.002594,37.6,37.85,36.3,36.55,4110384,151772226.0
2013-12-23,sz.002594,36.8,37.17,36.1,36.48,2954363,108208287.0
2013-12-24,sz.002594,36.4,37.2,36.4,37.0,3998519,147727714.0
2013-12-25,sz.002594,37.07,37.69,36.82,37.23,2584183,96198246.0
2013-12-26,sz.002594,37.23,37.45,36.0,36.1,3397634,124356882.0
2013-12-27,sz.002594,36.11,37.39,36.1,36.96,4283125,158532579.0
2013-12-30,sz.002594,37.09,37.69,36.98,37.5,4597853,172151037.0
2013-12-31,sz.002594,37.1,38.12,37.1,37.68,4671822,176795922.0
2014-01-02,sz.002594,37.68,38.05,37.2,37.97,5376373,203707635.0
2014-01-03,sz.002594,37.9,38.79,37.6,38.41,5234517,199728873.0
2014-01-06,sz.002594,38.35,39.2,37.6,38.0,5880937,226039521.0
2014-01-07,sz.002594,37.9,38.97,37.71,38.48,3996304,153426161.0
2014-01-08,sz.002594,38.5,39.56,38.49,39.54,6939918,271427920.0
2014-01-09,sz.002594,39.42,39.49,38.53,38.56,5381680,210489653.0
2014-01-10,sz.002594,38.7,38.81,37.01,37.01,5643153,213395662.0
2014-01-13,sz.002594,37.06,37.97,37.0,37.85,3276074,123123619.0
2014-01-14,sz.002594,37.99,38.5,37.61,38.18,2569642,98085041.0
2014-01-15,sz.002594,38.4,39.3,38.4,39.0,4281300,166542086.0
2014-01-16,sz.002594,39.17,39.17,37.99,38.0,4398679,169226033.0
2014-01-17,sz.002594,38.01,38.29,37.37,37.4,3242710,122435153.0
2014-01-20,sz.002594,37.44,37.98,36.7,37.01,3095805,115369984.0
2014-01-21,sz.002594,37.1,37.47,36.98,37.16,3096611,115113526.0
2014-01-22,sz.002594,37.45,38.1,37.07,38.04,3810145,143335172.0
2014-01-23,sz.002594,38.1,38.27,37.01,37.46,4143652,156108245.0
2014-01-24,sz.002594,37.45,38.8,37.4,38.6,6164890,236783430.0
2014-01-27,sz.002594,38.73,39.1,38.05,38.58,6388131,247015577.0
2014-01-28,sz.002594,39.7,40.68,39.12,40.2,13241201,529618896.0
2014-01-29,sz.002594,40.3,40.33,39.52,39.76,5574667,221854431.0
2014-01-30,sz.002594,39.92,40.45,38.51,38.65,4736481,187597859.0
2014-02-07,sz.002594,38.46,39.66,38.31,39.5,4815495,187686321.0
2014-02-10,sz.002594,40.3,43.45,40.3,43.45,11083742,475592832.0
2014-02-11,sz.002594,45.9,46.45,43.81,44.29,20075418,904745296.0
2014-02-12,sz.002594,44.2,46.23,43.5,45.26,13032723,586214624.0
2014-02-13,sz.002594,46.2,49.79,46.01,49.0,22521685,1092764560.0
2014-02-14,sz.002594,48.0,50.2,47.48,48.43,13265414,651997840.0
2014-02-17,sz.002594,49.14,50.48,48.0,50.15,13579717,668977312.0
2014-02-18,sz.002594,49.8,49.8,47.45,47.94,12319129,594298448.0
2014-02-19,sz.002594,49.67,49.99,46.76,48.06,11192678,538941296.0
2014-02-20,sz.002594,47.26,49.02,47.26,47.99,10472938,505710640.0
2014-02-21,sz.002594,48.01,48.48,46.32,46.7,7341011,346626912.0
2014-02-24,sz.002594,46.01,49.15,45.59,48.71,9569944,454881360.0
2014-02-25,sz.002594,48.69,50.45,47.8,48.56,12196632,600809808.0
2014-02-26,sz.002594,50.0,53.42,49.99,53.42,24991080,1320899472.0
2014-02-27,sz.002594,55.92,57.0,52.83,52.95,26173797,1443345968.0
2014-02-28,sz.002594,53.28,57.88,51.51,56.91,22179698,1239742992.0
2014-03-03,sz.002594,56.91,58.05,55.4,57.0,14736010,834030592.0
2014-03-04,sz.002594,55.85,56.99,55.3,56.48,8002056,449361600.0
2014-03-05,sz.002594,56.03,59.29,55.6,56.1,10594958,609022320.0
2014-03-06,sz.002594,55.01,55.78,53.5,55.1,8186782,446697648.0
2014-03-07,sz.002594,54.82,57.99,54.61,56.0,8238404,465786464.0
2014-03-10,sz.002594,55.0,57.59,54.0,54.75,8147423,454110736.0
2014-03-11,sz.002594,54.47,55.94,50.7,51.92,10835722,572298688.0
2014-03-12,sz.002594,51.5,52.68,49.3,50.63,9005498,457313728.0
2014-03-13,sz.002594,50.62,53.03,50.3,52.49,7394852,382312544.0
2014-03-14,sz.002594,52.0,52.05,49.84,50.23,7831526,398569648.0
2014-03-17,sz.002594,50.31,53.6,50.31,53.49,8967252,472444384.0
2014-03-18,sz.002594,53.45,54.92,52.98,53.15,6423730,346076464.0
2014-03-19,sz.002594,53.16,54.65,52.73,54.4,5144448,278336704.0
2014-03-20,sz.002594,52.39,53.0,49.98,50.42,11372957,587803184.0
2014-03-21,sz.002594,50.0,52.35,48.02,51.4,9109674,460050000.0
2014-03-24,sz.002594,51.99,51.99,49.7,49.95,5411434,271999472.0
2014-03-25,sz.002594,49.95,50.73,49.06,49.96,4380300,219322903.0
2014-03-26,sz.002594,50.5,51.92,49.96,51.2,5780820,296281408.0
2014-03-27,sz.002594,51.2,51.62,49.5,50.14,4733216,237768305.0
2014-03-28,sz.002594,50.0,50.31,48.89,49.1,3441648,170151124.0
2014-03-31,sz.002594,48.88,50.0,47.71,48.11,4318071,209355413.0
2014-04-01,sz.002594,48.1,49.1,48.08,48.5,2296672,111438147.0
2014-04-02,sz.002594,48.78,49.78,48.48,48.7,2299058,112801594.0
2014-04-03,sz.002594,49.25,49.85,48.78,48.95,2485348,122542607.0
2014-04-04,sz.002594,48.95,49.79,48.64,49.69,2107710,103833203.0
2014-04-08,sz.002594,49.03,49.84,48.5,49.69,3124814,153925035.0
2014-04-09,sz.002594,48.85,50.32,48.85,50.1,2533698,126411307.0
2014-04-10,sz.002594,50.12,51.63,49.4,51.0,5415725,274835616.0
2014-04-11,sz.002594,50.58,50.98,49.52,49.75,3243448,162123183.0
2014-04-14,sz.002594,49.8,50.76,49.65,50.07,2158057,108508711.0
2014-04-15,sz.002594,50.0,50.73,48.52,48.57,3856420,190314505.0
2014-04-16,sz.002594,48.5,49.1,48.34,48.78,2250557,109793352.0
2014-04-17,sz.002594,48.95,49.3,48.56,48.66,2069228,100996805.0
2014-04-18,sz.002594,48.51,49.4,48.19,49.28,2526709,123737318.0
2014-04-21,sz.002594,49.5,50.26,48.9,49.06,3150692,156325956.0
2014-04-22,sz.002594,49.1,49.58,47.0,47.99,4372784,209655624.0
2014-04-23,sz.002594,48.1,48.2,45.59,46.15,5638886,261200964.0
2014-04-24,sz.002594,45.84,46.33,45.0,45.26,3074151,140505979.0
2014-04-25,sz.002594,45.45,47.2,45.45,46.14,3886094,180877738.0
2014-04-28,sz.002594,46.18,46.99,45.5,46.25,2911363,134312272.0
2014-04-29,sz.002594,46.29,46.54,45.5,46.1,1916860,88162766.0
2014-04-30,sz.002594,46.4,46.7,46.11,46.22,1354384,62655412.0
2014-05-05,sz.002594,46.1,46.1,44.71,45.65,2764032,125476116.0
2014-05-06,sz.002594,45.65,46.43,45.65,45.9,2120669,97525009.0
2014-05-07,sz.002594,45.8,45.81,42.99,43.32,5585662,244919939.0
2014-05-08,sz.002594,43.0,43.65,41.15,42.07,6225113,264584408.0
2014-05-09,sz.002594,41.01,41.39,39.87,40.74,5292609,214866638.0
2014-05-12,sz.002594,40.82,42.2,40.8,41.83,3676696,152380680.0
2014-05-13,sz.002594,42.0,43.2,41.68,41.8,5310871,225639365.0
2014-05-14,sz.002594,41.82,42.4,41.52,42.01,1618103,68148891.0
2014-05-15,sz.002594,42.05,42.45,40.9,41.06,2041543,85160223.0
2014-05-16,sz.002594,40.8,41.53,40.8,40.97,1558660,64026200.0
2014-05-19,sz.002594,41.0,41.2,40.41,40.9,1322174,53905455.0
2014-05-20,sz.002594,41.1,41.64,40.51,40.69,1814717,74330850.0
2014-05-21,sz.002594,40.5,41.61,40.0,41.58,1836219,75337008.0
2014-05-22,sz.002594,41.6,43.22,41.59,42.16,3913417,166359966.0
2014-05-23,sz.002594,42.21,42.69,42.01,42.16,919731,38973149.0
2014-05-26,sz.002594,44.45,46.38,44.3,46.38,12211600,557563952.0
2014-05-27,sz.002594,46.18,46.65,45.25,46.65,6633026,304523008.0
2014-05-28,sz.002594,46.64,48.9,46.25,47.8,9700987,464148240.0
2014-05-29,sz.002594,47.83,47.99,46.2,46.29,4746446,223183307.0
2014-05-30,sz.002594,46.18,48.09,45.6,46.68,6101391,286252000.0
2014-06-03,sz.002594,46.68,46.93,45.65,45.91,3322672,153274626.0
2014-06-04,sz.002594,45.9,45.91,44.38,44.69,3468286,155793347.0
2014-06-05,sz.002594,44.34,45.35,44.12,45.35,2805275,126027772.0
2014-06-06,sz.002594,45.32,46.31,45.17,46.07,3921703,180205975.0
2014-06-09,sz.002594,46.1,46.36,45.5,45.7,1891740,86951720.0
2014-06-10,sz.002594,45.72,46.16,44.5,45.64,3750264,169362251.0
2014-06-11,sz.002594,45.31,45.55,44.91,45.3,1957640,88437285.0
2014-06-12,sz.002594,45.3,46.13,45.06,45.14,3345699,152811940.0
2014-06-13,sz.002594,45.7,48.0,45.16,47.8,10480645,493899696.0
2014-06-16,sz.002594,47.58,47.97,46.6,47.15,6049950,285677504.0
2014-06-17,sz.002594,46.9,47.69,46.59,46.67,4652470,219405676.0
2014-06-18,sz.002594,46.75,47.37,46.6,47.0,3670897,172522750.0
2014-06-19,sz.002594,47.0,47.37,45.2,45.8,2917385,135195900.0
2014-06-20,sz.002594,46.3,47.24,45.5,46.6,4545280,212481405.0
2014-06-23,sz.002594,47.0,47.36,46.5,46.8,2560361,120016815.0
2014-06-24,sz.002594,47.45,48.6,46.95,48.46,7987232,382208656.0
2014-06-25,sz.002594,48.52,49.08,48.1,48.85,6196785,301497136.0
2014-06-26,sz.002594,48.55,50.0,48.25,49.5,4900574,240679131.0
2014-06-27,sz.002594,49.99,51.08,48.51,48.91,9420195,472773568.0
2014-06-30,sz.002594,47.99,48.25,46.4,47.49,8616225,409053616.0
2014-07-01,sz.002594,47.5,48.42,47.01,47.7,6351375,304176016.0
2014-07-02,sz.002594,47.47,48.17,47.13,47.9,4109941,195965080.0
2014-07-03,sz.002594,47.95,49.49,47.5,48.85,8785740,427928032.0
2014-07-04,sz.002594,48.93,49.1,48.29,48.29,4995092,242779840.0
2014-07-07,sz.002594,48.39,48.8,47.6,47.75,4201252,201892486.0
2014-07-08,sz.002594,47.73,49.46,47.73,49.23,10329139,502775664.0
2014-07-09,sz.002594,49.22,49.25,47.59,47.96,7368969,356088112.0
2014-07-10,sz.002594,49.0,49.45,46.58,46.59,13717523,657638416.0
2014-07-11,sz.002594,45.89,47.0,44.5,46.91,8903576,408352208.0
2014-07-14,sz.002594,47.5,49.5,47.48,48.74,11563455,559960464.0
2014-07-15,sz.002594,48.69,48.69,47.33,47.71,6885858,328972928.0
2014-07-16,sz.002594,47.68,48.3,46.8,47.1,4042521,192249377.0
2014-07-17,sz.002594,47.6,47.64,46.3,46.49,3523687,164428661.0
2014-07-18,sz.002594,46.52,46.91,46.27,46.36,3066934,143083811.0
2014-07-21,sz.002594,46.36,46.5,45.91,46.03,3870151,178588767.0
2014-07-22,sz.002594,46.39,49.25,46.3,48.6,12471001,602510112.0
2014-07-23,sz.002594,48.2,48.49,47.2,47.7,5318670,254576006.0
2014-07-24,sz.002594,47.9,48.22,46.79,47.71,3967705,188541816.0
2014-07-25,sz.002594,47.8,48.58,47.8,48.43,4853161,234148862.0
2014-07-28,sz.002594,48.65,49.4,48.65,49.07,6901326,338823200.0
2014-07-29,sz.002594,49.1,52.7,48.55,51.41,12513846,638548240.0
2014-07-30,sz.002594,51.51,52.45,50.85,51.39,7271873,375434656.0
2014-07-31,sz.002594,51.45,51.86,50.5,50.71,5082513,259450457.0
2014-08-01,sz.002594,50.88,51.2,49.69,49.69,4999075,252787461.0
2014-08-04,sz.002594,49.99,51.49,49.8,51.47,5180492,264549980.0
2014-08-05,sz.002594,51.48,51.8,50.39,51.39,3529632,179941780.0
2014-08-06,sz.002594,50.8,52.5,50.6,52.5,7117226,370257712.0
2014-08-07,sz.002594,52.68,53.66,51.29,51.3,6228705,325731632.0
2014-08-08,sz.002594,51.5,52.28,51.22,51.45,3386874,175394763.0
2014-08-11,sz.002594,51.3,52.6,51.08,51.9,3447063,179231723.0
2014-08-12,sz.002594,51.85,52.19,51.27,51.59,3707496,191574736.0
2014-08-13,sz.002594,51.85,52.19,50.54,51.21,4077209,208812762.0
2014-08-14,sz.002594,50.9,51.9,50.65,51.55,3960521,203878945.0
2014-08-15,sz.002594,51.5,51.94,51.01,51.6,3247748,167076022.0
2014-08-18,sz.002594,51.62,52.25,51.31,51.5,3362001,174154980.0
2014-08-19,sz.002594,51.5,52.09,51.1,51.35,3645113,187895916.0
2014-08-20,sz.002594,51.18,51.18,50.24,50.6,3891018,197065413.0
2014-08-21,sz.002594,50.61,50.97,49.99,50.95,3379734,170149819.0
2014-08-22,sz.002594,50.9,50.9,49.83,49.98,4372960,218923572.0
2014-08-25,sz.002594,49.0,50.14,48.4,49.87,5806762,284571072.0
2014-08-26,sz.002594,49.72,49.94,48.94,49.35,2600390,128330742.0
2014-08-27,sz.002594,49.5,50.58,49.49,50.33,4365297,218520045.0
2014-08-28,sz.002594,50.32,50.33,49.09,49.24,2567252,127507913.0
2014-08-29,sz.002594,49.65,50.66,49.4,50.55,3693403,185304080.0
2014-09-01,sz.002594,51.0,51.55,50.56,51.09,4867929,248174971.0
2014-09-02,sz.002594,51.1,51.3,50.81,51.3,5191024,265306400.0
2014-09-03,sz.002594,51.5,51.88,51.48,51.76,5486001,283899824.0
2014-09-04,sz.002594,51.85,52.14,51.38,51.61,3405406,175865834.0
2014-09-05,sz.002594,51.75,51.94,51.19,51.75,3463816,178641467.0
2014-09-09,sz.002594,51.81,54.29,51.79,54.13,10548799,555227376.0
2014-09-10,sz.002594,53.38,53.98,53.06,53.66,6215650,333458976.0
2014-09-11,sz.002594,53.65,53.65,52.0,52.11,4756139,251256829.0
2014-09-12,sz.002594,52.55,52.64,51.46,51.9,3967774,205888833.0
2014-09-15,sz.002594,51.5,51.99,51.39,51.6,3079573,159116388.0
2014-09-16,sz.002594,51.48,51.49,49.95,49.98,5335099,269193968.0
2014-09-17,sz.002594,50.28,50.86,49.45,50.26,4195436,209811586.0
2014-09-18,sz.002594,49.87,50.4,49.61,49.91,2947667,147207822.0
2014-09-19,sz.002594,49.91,50.24,49.85,50.0,3053734,152801094.0
2014-09-22,sz.002594,49.96,50.02,48.1,48.45,3746736,183138830.0
2014-09-23,sz.002594,48.4,49.06,48.3,48.85,3030725,147469525.0
2014-09-24,sz.002594,48.98,49.7,48.52,49.54,5030495,246777244.0
2014-09-25,sz.002594,49.99,50.08,48.89,49.04,4677881,231682417.0
2014-09-26,sz.002594,49.05,49.33,48.68,48.88,2572969,125856361.0
2014-09-29,sz.002594,48.89,49.7,48.89,49.05,4378562,215882457.0
2014-09-30,sz.002594,49.15,49.39,48.7,48.83,3529231,172464691.0
2014-10-08,sz.002594,48.88,49.49,48.75,49.45,4532947,222534985.0
2014-10-09,sz.002594,49.55,50.86,49.53,50.32,7774714,390501232.0
2014-10-10,sz.002594,50.32,50.32,49.45,49.5,4790276,238248811.0
2014-10-13,sz.002594,49.5,49.51,48.34,49.08,4234407,206322859.0
2014-10-14,sz.002594,49.25,49.3,48.1,48.25,4980592,241958554.0
2014-10-15,sz.002594,48.26,48.47,47.58,48.35,4352055,208542595.0
2014-10-16,sz.002594,48.1,48.42,47.62,47.93,4232303,203049398.0
2014-10-17,sz.002594,48.0,48.4,47.4,47.87,4570145,218804575.0
2014-10-20,sz.002594,47.83,48.54,47.76,48.2,3659649,176673936.0
2014-10-21,sz.002594,48.21,48.43,47.3,47.31,3839376,183028254.0
2014-10-22,sz.002594,47.3,47.9,47.2,47.3,3337881,158488819.0
2014-10-23,sz.002594,47.3,47.78,47.1,47.3,2605822,123686390.0
2014-10-24,sz.002594,47.36,47.85,47.3,47.41,2424089,115191986.0
2014-10-27,sz.002594,47.39,47.68,46.2,46.76,3626326,169396512.0
2014-10-28,sz.002594,46.76,47.6,46.7,47.38,4226549,198888385.0
2014-10-29,sz.002594,47.43,48.23,47.42,48.1,5226858,250255836.0
2014-10-30,sz.002594,48.2,48.66,47.3,47.33,6911677,330607248.0
2014-10-31,sz.002594,47.17,47.18,46.34,46.97,5054421,235841917.0
2014-11-03,sz.002594,46.96,46.96,46.0,46.18,5916846,274244528.0
2014-11-04,sz.002594,46.2,46.56,46.17,46.34,2785700,129152133.0
2014-11-05,sz.002594,46.3,46.3,45.97,46.01,2587813,119361474.0
2014-11-06,sz.002594,45.92,46.29,45.85,46.15,2365871,108991128.0
2014-11-07,sz.002594,46.18,46.48,45.9,46.08,3317961,153640342.0
2014-11-10,sz.002594,46.1,46.55,45.96,46.54,4275566,198373117.0
2014-11-11,sz.002594,46.6,46.65,44.5,44.63,6077851,277231376.0
2014-11-12,sz.002594,44.5,44.86,42.99,43.9,5865414,257856001.0
2014-11-13,sz.002594,43.71,43.84,42.25,42.9,6781062,289922160.0
2014-11-14,sz.002594,42.9,44.95,42.38,44.19,6082076,266901119.0
2014-11-17,sz.002594,43.8,44.8,43.66,44.01,4358878,192953094.0
2014-11-18,sz.002594,44.0,44.0,42.6,42.83,4317093,185774595.0
2014-11-19,sz.002594,42.7,43.45,42.47,42.8,4314441,184994758.0
2014-11-20,sz.002594,42.72,43.2,42.36,42.6,3415077,146172205.0
2014-11-21,sz.002594,42.78,42.89,42.51,42.82,3339177,142550809.0
2014-11-24,sz.002594,43.34,43.97,42.91,43.85,6355631,276043040.0
2014-11-25,sz.002594,43.95,44.75,43.7,44.03,6400971,283078000.0
2014-11-26,sz.002594,44.25,45.1,44.25,44.51,6848753,306081872.0
2014-11-27,sz.002594,44.55,44.73,43.8,43.99,7429465,327465184.0
2014-11-28,sz.002594,43.7,43.72,42.88,43.3,6355359,274507072.0
2014-12-01,sz.002594,43.3,44.15,43.0,43.4,5234573,227036807.0
2014-12-02,sz.002594,43.4,43.83,43.12,43.52,6234539,271758144.0
2014-12-03,sz.002594,43.68,43.69,42.68,43.15,12452533,536217600.0
2014-12-04,sz.002594,43.19,44.85,43.19,44.58,17555164,774405712.0
2014-12-05,sz.002594,44.66,44.73,43.0,43.36,12893793,564595152.0
2014-12-08,sz.002594,43.0,43.18,41.7,41.96,16303431,688408128.0
2014-12-09,sz.002594,41.85,41.85,39.53,39.66,18316397,738368912.0
2014-12-10,sz.002594,39.88,40.4,39.48,40.25,15938681,637486560.0
2014-12-11,sz.002594,40.02,40.25,39.53,40.16,8129474,325000608.0
2014-12-12,sz.002594,40.14,43.0,39.9,42.28,18634736,777808880.0
2014-12-15,sz.002594,42.42,42.63,41.09,42.18,8517787,358141168.0
2014-12-16,sz.002594,42.12,42.19,41.39,41.72,10528003,438667568.0
2014-12-17,sz.002594,41.42,41.48,40.02,40.48,10507950,427093408.0
2014-12-18,sz.002594,40.71,41.48,36.43,36.43,34959621,1337368880.0
2014-12-19,sz.002594,36.7,39.0,36.7,37.47,28531253,1073647888.0
2014-12-22,sz.002594,37.2,37.21,33.8,34.81,16088542,562713856.0
2014-12-23,sz.002594,34.75,36.0,34.54,35.16,10643155,376762240.0
2014-12-24,sz.002594,35.36,36.94,34.85,36.68,13451809,485244064.0
2014-12-25,sz.002594,37.06,37.99,36.5,37.15,12062261,449960832.0
2014-12-26,sz.002594,37.14,37.14,36.22,36.76,9043572,331042704.0
2014-12-29,sz.002594,36.8,37.29,36.03,36.5,9118536,335076720.0
2014-12-30,sz.002594,37.99,39.23,37.45,38.06,16903728,647925600.0
2014-12-31,sz.002594,38.07,38.84,37.51,38.15,10696432,409463232.0
2015-01-05,sz.002594,38.3,41.1,37.75,40.26,19214892,749732272.0
2015-01-06,sz.002594,39.38,41.45,39.05,40.33,13889067,562214832.0
2015-01-07,sz.002594,40.25,40.25,38.9,38.94,11167398,438781184.0
2015-01-08,sz.002594,38.93,39.2,38.38,38.51,6891785,266454781.0
2015-01-09,sz.002594,38.54,39.5,38.35,38.44,8515094,331242752.0
2015-01-12,sz.002594,38.48,40.33,38.48,39.48,11348854,447585488.0
2015-01-13,sz.002594,40.0,40.89,39.5,40.32,13327085,539057952.0
2015-01-14,sz.002594,40.3,40.7,39.0,39.48,6989417,277811424.0
2015-01-15,sz.002594,39.6,39.88,38.58,39.08,5957550,232630832.0
2015-01-16,sz.002594,39.11,39.68,38.79,39.57,7273230,285132384.0
2015-01-19,sz.002594,39.42,40.43,37.79,38.31,10800447,421254544.0
2015-01-20,sz.002594,38.44,39.35,38.28,38.95,8750457,340120912.0
2015-01-21,sz.002594,39.09,39.78,38.95,39.48,9254367,364431920.0
2015-01-22,sz.002594,39.65,39.95,39.2,39.81,9529465,377569792.0
2015-01-23,sz.002594,39.95,40.96,39.88,40.11,14148146,571837152.0
2015-01-26,sz.002594,40.3,40.8,39.56,40.1,9529417,381414544.0
2015-01-27,sz.002594,40.1,40.4,39.6,40.0,10637339,426213904.0
2015-01-28,sz.002594,40.21,40.9,39.88,40.4,10893355,440078880.0
2015-01-29,sz.002594,40.54,40.59,39.42,39.76,9244837,368366464.0
2015-01-30,sz.002594,39.7,39.98,38.25,38.26,10189346,395335120.0
2015-02-02,sz.002594,38.0,38.91,37.5,38.47,5250615,201662536.0
2015-02-03,sz.002594,39.19,39.3,38.61,38.73,5874292,227921781.0
2015-02-04,sz.002594,39.35,39.35,38.0,38.27,9158483,354400016.0
2015-02-05,sz.002594,38.33,38.52,37.7,37.73,6962999,265432073.0
2015-02-06,sz.002594,37.99,38.12,35.91,36.23,10964533,401582864.0
2015-02-09,sz.002594,36.36,36.59,36.03,36.23,4800813,174416498.0
2015-02-10,sz.002594,36.49,37.32,36.11,37.14,5956994,218138692.0
2015-02-11,sz.002594,36.8,37.34,36.46,36.61,7137068,263054406.0
2015-02-12,sz.002594,36.65,37.97,36.45,37.88,10284868,382626256.0
2015-02-13,sz.002594,38.49,41.67,38.06,41.67,36938735,1494306000.0
2015-02-16,sz.002594,43.86,45.84,43.58,45.84,37752751,1698779312.0
2015-02-17,sz.002594,48.8,50.42,45.84,50.42,35038793,1740619760.0
2015-02-25,sz.002594,52.5,52.55,49.37,49.89,50831085,2570060784.0
2015-02-26,sz.002594,49.89,50.8,48.27,49.28,33074280,1637213888.0
2015-02-27,sz.002594,48.95,50.8,48.1,50.58,36840414,1824774368.0
2015-03-02,sz.002594,52.1,55.64,51.3,51.78,50259946,2681467536.0
2015-03-03,sz.002594,51.0,54.68,50.53,51.36,32862701,1711219856.0
2015-03-04,sz.002594,51.0,53.88,50.36,51.99,29897665,1568522480.0
2015-03-05,sz.002594,51.5,57.19,51.39,57.19,37251621,2028158416.0
2015-03-06,sz.002594,59.15,59.6,51.8,52.3,51454068,2803548240.0
2015-03-09,sz.002594,50.5,52.0,49.08,51.2,25923701,1312632112.0
2015-03-10,sz.002594,51.1,52.88,50.7,51.2,21563600,1121268416.0
2015-03-11,sz.002594,50.6,51.5,49.58,50.0,18830945,949154720.0
2015-03-12,sz.002594,50.58,50.58,48.3,49.12,19381482,951119696.0
2015-03-13,sz.002594,49.5,50.35,48.8,49.98,17509617,868710112.0
2015-03-16,sz.002594,50.54,51.49,50.01,51.14,20111494,1022957568.0
2015-03-17,sz.002594,51.3,52.66,50.48,51.5,22345450,1149694464.0
2015-03-18,sz.002594,51.5,53.99,51.01,53.35,26989559,1429298672.0
2015-03-19,sz.002594,53.35,55.79,53.1,53.88,26297276,1430433232.0
2015-03-20,sz.002594,53.0,53.62,52.0,52.8,21847551,1147790240.0
2015-03-23,sz.002594,52.79,53.33,52.48,53.11,19659897,1040592448.0
2015-03-24,sz.002594,53.15,54.88,51.91,53.4,27855115,1482318496.0
2015-03-25,sz.002594,53.2,53.68,51.95,52.19,21332517,1120596448.0
2015-03-26,sz.002594,52.38,55.0,52.01,54.22,29585813,1583253408.0
2015-03-27,sz.002594,54.48,54.48,51.9,52.85,19541604,1029417040.0
2015-03-30,sz.002594,53.05,53.6,52.3,52.71,18493963,975959920.0
2015-03-31,sz.002594,52.73,53.68,52.27,52.4,18740490,989549216.0
2015-04-01,sz.002594,54.0,57.64,54.0,57.64,33653026,1886140064.0
2015-04-02,sz.002594,60.0,62.44,57.55,59.84,46844934,2808275440.0
2015-04-03,sz.002594,59.06,61.75,58.03,61.35,30811412,1850824240.0
2015-04-07,sz.002594,61.36,61.58,59.7,60.39,19310894,1163222560.0
2015-04-08,sz.002594,60.37,60.88,56.85,57.88,22123344,1294200912.0
2015-04-09,sz.002594,57.7,57.7,53.36,56.0,22485984,1250441984.0
2015-04-10,sz.002594,56.68,57.95,56.58,56.9,15968479,911729568.0
2015-04-13,sz.002594,56.9,59.2,55.5,59.2,21565771,1228043200.0
2015-04-14,sz.002594,58.88,59.1,56.98,57.05,16044519,930473616.0
2015-04-15,sz.002594,56.05,56.97,55.45,56.0,12814342,719634976.0
2015-04-16,sz.002594,55.86,58.28,55.44,57.7,15081869,863928464.0
2015-04-17,sz.002594,58.62,58.99,57.0,57.15,16322590,946480336.0
2015-04-20,sz.002594,56.58,56.58,54.7,54.8,16906920,939476480.0
2015-04-21,sz.002594,54.81,56.49,54.81,56.11,12765327,713394192.0
2015-04-22,sz.002594,56.5,58.78,56.3,57.25,15582787,897460176.0
2015-04-23,sz.002594,58.0,62.98,58.0,62.98,44092611,2724936944.0
2015-04-28,sz.002594,64.0,66.5,58.89,59.51,38541899,2393255536.0
2015-04-29,sz.002594,59.52,64.0,57.5,61.19,22242887,1355397504.0
2015-04-30,sz.002594,62.2,62.56,59.88,60.0,16195042,994285712.0
2015-05-04,sz.002594,60.0,64.6,60.0,61.39,18616193,1159606432.0
2015-05-05,sz.002594,61.0,61.0,57.8,58.39,15861749,937090848.0
2015-05-06,sz.002594,59.5,60.6,57.7,58.15,13004855,771230992.0
2015-05-07,sz.002594,57.77,59.3,57.06,58.75,11216962,655754320.0
2015-05-08,sz.002594,59.21,59.85,57.98,59.5,13363321,787786240.0
2015-05-11,sz.002594,59.8,63.8,59.38,63.09,24883247,1545565472.0
2015-05-12,sz.002594,63.11,65.17,62.0,64.5,24122056,1538169152.0
2015-05-13,sz.002594,64.2,64.48,61.76,63.13,17684038,1116497824.0
2015-05-14,sz.002594,63.13,64.0,61.08,62.75,15377906,955488880.0
2015-05-15,sz.002594,62.6,63.2,60.38,60.82,14810972,910362944.0
2015-05-18,sz.002594,61.34,62.6,60.48,62.5,20802678,1284634192.0
2015-05-19,sz.002594,63.55,66.89,62.8,64.56,25295409,1640835296.0
2015-05-20,sz.002594,64.57,68.68,64.41,66.19,27573210,1839636800.0
2015-05-21,sz.002594,67.0,72.81,66.01,72.81,25884629,1847246080.0
2015-05-22,sz.002594,75.16,80.07,75.16,76.0,35226424,2729553184.0
2015-06-04,sz.002594,83.6,83.6,80.01,83.6,26618545,2220425744.0
2015-06-05,sz.002594,85.9,87.6,79.0,79.49,41700206,3413771040.0
2015-06-08,sz.002594,78.76,78.76,73.25,74.95,27889091,2105844368.0
2015-06-09,sz.002594,74.95,76.95,73.53,74.14,18440817,1383725024.0
2015-06-10,sz.002594,74.14,77.92,74.0,75.83,27089912,2059268480.0
2015-06-11,sz.002594,75.65,75.65,72.9,74.0,19465342,1437425056.0
2015-06-12,sz.002594,74.0,76.5,73.49,74.9,20611178,1547423888.0
2015-06-15,sz.002594,74.97,77.5,72.54,75.77,30313827,2263020784.0
2015-06-16,sz.002594,74.5,75.0,71.99,72.87,14302634,1048463888.0
2015-06-17,sz.002594,72.9,73.77,70.09,70.9,18420604,1316898208.0
2015-06-18,sz.002594,70.96,72.87,67.4,67.64,20124874,1408885968.0
2015-06-19,sz.002594,66.85,66.88,61.58,61.9,20494699,1307006560.0
2015-06-23,sz.002594,61.8,63.35,58.09,63.12,19698325,1204132976.0
2015-06-24,sz.002594,63.35,64.5,61.5,63.58,18303013,1157977840.0
2015-06-25,sz.002594,63.86,64.62,61.2,61.99,15842653,1001999200.0
2015-06-26,sz.002594,59.9,60.91,55.79,55.79,20233600,1169166512.0
2015-06-29,sz.002594,57.1,57.27,50.21,50.21,23964297,1255322144.0
2015-06-30,sz.002594,49.33,55.23,45.58,55.23,29600159,1491820800.0
2015-07-01,sz.002594,55.1,57.97,52.58,52.99,24569668,1368399088.0
2015-07-02,sz.002594,53.0,55.18,47.75,49.27,25548325,1317805152.0
2015-07-03,sz.002594,48.5,52.95,45.61,49.55,27533630,1349516720.0
2015-07-06,sz.002594,54.2,54.2,45.9,50.75,29927440,1517176656.0
2015-07-07,sz.002594,48.9,49.85,45.68,46.99,43615565,2037049440.0
2015-07-08,sz.002594,42.29,46.59,42.29,44.68,50934239,2236149008.0
2015-07-09,sz.002594,44.68,49.15,43.51,49.15,23035293,1090391504.0
2015-07-10,sz.002594,51.9,54.07,50.1,54.07,20639227,1104304672.0
2015-07-13,sz.002594,55.9,59.48,54.2,59.48,34798244,1991226224.0
2015-07-14,sz.002594,58.0,61.02,55.84,56.2,33044958,1931883600.0
2015-07-15,sz.002594,54.95,55.98,50.58,50.58,24041062,1266540880.0
2015-07-16,sz.002594,50.58,53.45,48.0,52.19,18401439,946006352.0
2015-07-17,sz.002594,52.8,56.5,52.35,55.55,18337870,996065504.0
2015-07-20,sz.002594,55.55,56.4,53.83,54.99,19199258,1056735840.0
2015-07-21,sz.002594,54.0,56.48,52.5,54.82,15405724,849698000.0
2015-07-22,sz.002594,55.32,56.8,54.9,55.56,15652722,874525504.0
2015-07-23,sz.002594,55.56,57.18,54.19,56.58,16703622,934727344.0
2015-07-24,sz.002594,56.7,58.05,55.49,55.59,18690972,1056946992.0
2015-07-27,sz.002594,53.98,55.49,50.03,50.03,18120818,954348256.0
2015-07-28,sz.002594,47.8,50.97,45.5,49.8,20432635,982651408.0
2015-07-29,sz.002594,50.68,54.78,49.1,54.78,19988239,1039550176.0
2015-07-30,sz.002594,54.02,55.78,51.18,51.8,16235133,878649056.0
2015-07-31,sz.002594,50.98,55.63,50.76,55.6,22472594,1218020208.0
2015-08-03,sz.002594,54.6,57.84,54.3,57.78,24998538,1412324784.0
2015-08-04,sz.002594,57.88,60.48,55.19,59.66,26199893,1528937744.0
2015-08-05,sz.002594,58.68,62.99,58.41,59.45,20054380,1220519328.0
2015-08-06,sz.002594,58.95,65.4,57.18,65.4,36039946,2319434864.0
2015-08-07,sz.002594,67.0,67.71,63.88,65.0,33839592,2222391488.0
2015-08-10,sz.002594,65.95,67.88,63.0,66.81,23223110,1523307088.0
2015-08-11,sz.002594,65.55,68.58,65.06,65.7,20455349,1357478480.0
2015-08-12,sz.002594,64.5,64.92,61.8,61.99,17419232,1102034592.0
2015-08-13,sz.002594,61.97,64.2,61.0,63.84,13159482,828197520.0
2015-08-14,sz.002594,63.6,66.35,63.6,63.75,13438002,872372464.0
2015-08-17,sz.002594,62.7,65.23,62.1,64.2,10952022,699740848.0
2015-08-18,sz.002594,64.18,64.18,57.78,57.78,17193762,1039710144.0
2015-08-19,sz.002594,56.0,59.6,52.2,58.48,16660495,926777152.0
2015-08-20,sz.002594,57.0,57.4,54.0,54.4,11173274,624928496.0
2015-08-21,sz.002594,53.0,54.04,49.56,49.8,16608306,852199776.0
2015-08-24,sz.002594,47.3,47.3,44.82,44.82,16116787,734111808.0
2015-08-25,sz.002594,40.8,45.99,40.34,40.34,20030502,840397072.0
2015-08-26,sz.002594,41.6,44.37,39.85,44.37,24752948,1059971184.0
2015-08-27,sz.002594,45.99,48.81,45.99,48.81,20984909,997453792.0
2015-08-28,sz.002594,50.5,52.25,47.84,51.01,23096969,1149489552.0
2015-08-31,sz.002594,50.87,52.78,49.0,49.85,17855032,906500000.0
2015-09-01,sz.002594,49.0,49.65,45.32,49.59,19669450,948461136.0
2015-09-02,sz.002594,47.2,51.5,45.76,45.8,13588024,657789024.0
2015-09-07,sz.002594,47.8,50.05,47.01,47.69,12883263,624449504.0
2015-09-08,sz.002594,48.4,51.96,47.26,51.8,14837895,739834448.0
2015-09-09,sz.002594,52.58,56.0,52.17,55.5,22124801,1208202784.0
2015-09-10,sz.002594,53.8,54.99,52.4,52.7,13476708,724323408.0
2015-09-11,sz.002594,52.53,53.99,51.68,52.85,9325096,492777424.0
2015-09-14,sz.002594,52.85,54.13,47.61,47.85,13342659,672308576.0
2015-09-15,sz.002594,46.7,49.4,46.24,47.15,9765580,465990896.0
2015-09-16,sz.002594,48.02,51.87,47.31,51.87,13523834,671951232.0
2015-09-17,sz.002594,53.0,56.21,52.61,52.85,24131443,1317726176.0
2015-09-18,sz.002594,54.0,56.8,53.47,55.18,18440910,1019277408.0
2015-09-21,sz.002594,54.5,56.75,53.23,56.07,15053106,831851584.0
2015-09-22,sz.002594,56.05,56.66,54.51,55.24,11133638,617916800.0
2015-09-23,sz.002594,54.6,60.76,54.2,59.01,23487283,1382839696.0
2015-09-24,sz.002594,59.5,59.75,56.88,57.8,16082967,933405344.0
2015-09-25,sz.002594,57.67,60.18,56.28,58.52,17607397,1034477552.0
2015-09-28,sz.002594,59.2,62.6,58.85,61.8,17536507,1067749840.0
2015-09-29,sz.002594,60.45,62.5,59.55,61.08,13059353,793899264.0
2015-09-30,sz.002594,63.05,64.0,59.5,60.01,15353378,948363040.0
2015-10-08,sz.002594,63.13,64.8,60.6,60.68,24578796,1535450720.0
2015-10-09,sz.002594,60.7,62.18,59.25,60.94,14960416,907526464.0
2015-10-12,sz.002594,61.1,63.99,58.5,59.46,43396493,2661699280.0
2015-10-13,sz.002594,58.99,60.5,58.16,60.46,19995456,1191402032.0
2015-10-14,sz.002594,60.45,60.46,58.35,58.65,17017891,1006418480.0
2015-10-15,sz.002594,58.3,60.64,58.2,60.35,17015165,1019440400.0
2015-10-16,sz.002594,60.9,62.51,59.81,60.6,20010847,1219171040.0
2015-10-19,sz.002594,61.5,66.66,61.37,66.66,32339846,2074792560.0
2015-10-20,sz.002594,68.88,68.97,64.51,66.22,32791304,2168912496.0
2015-10-21,sz.002594,65.51,65.95,59.6,59.75,33837939,2113130272.0
2015-10-22,sz.002594,59.79,62.31,57.69,61.44,30610723,1846113328.0
2015-10-23,sz.002594,63.01,64.66,61.7,62.69,30170312,1898851296.0
2015-10-26,sz.002594,64.0,68.96,62.75,68.96,63345853,4287444592.0
2015-10-27,sz.002594,68.2,69.19,65.0,68.35,29527522,2002712720.0
2015-10-28,sz.002594,68.27,71.7,67.33,68.81,30974625,2164859136.0
2015-10-29,sz.002594,69.5,69.85,66.38,68.89,18826372,1274021728.0
2015-10-30,sz.002594,68.15,69.76,65.8,67.1,18315035,1243187520.0
2015-11-02,sz.002594,66.0,66.88,63.0,63.66,21754084,1417507392.0
2015-11-03,sz.002594,63.81,66.18,62.4,65.49,20033247,1291132752.0
2015-11-04,sz.002594,65.4,70.23,65.02,69.9,30879734,2079295120.0
2015-11-05,sz.002594,69.0,69.5,67.2,67.3,26719180,1820855792.0
2015-11-06,sz.002594,66.8,68.8,66.6,67.75,25136158,1695306544.0
2015-11-09,sz.002594,67.15,73.05,66.7,71.6,35280368,2465833648.0
2015-11-10,sz.002594,71.0,71.25,68.88,69.8,26070073,1823695104.0
2015-11-11,sz.002594,70.0,71.02,67.4,68.8,26526981,1825453984.0
2015-11-12,sz.002594,68.95,71.28,68.0,70.6,32235557,2256188880.0
2015-11-13,sz.002594,70.0,74.83,68.18,70.7,40241195,2876014432.0
2015-11-16,sz.002594,68.5,69.8,68.19,69.49,19533044,1348563856.0
2015-11-17,sz.002594,70.3,70.6,66.7,67.88,30254836,2077666432.0
2015-11-18,sz.002594,67.95,68.8,65.67,66.18,18785914,1258937872.0
2015-11-19,sz.002594,66.5,68.67,65.5,68.4,17534925,1170532656.0
2015-11-20,sz.002594,68.12,68.2,66.27,66.6,16942548,1133723904.0
2015-11-23,sz.002594,66.0,66.99,64.7,64.9,17163187,1126657696.0
2015-11-24,sz.002594,64.99,64.99,62.86,64.51,18726228,1194439520.0
2015-11-25,sz.002594,64.2,65.69,63.82,65.12,15709262,1019115472.0
2015-11-26,sz.002594,65.5,65.7,63.68,63.73,15634791,1009955296.0
2015-11-27,sz.002594,63.05,64.43,60.0,60.3,20141180,1257538800.0
2015-11-30,sz.002594,60.8,62.83,58.28,62.68,20318411,1241626368.0
2015-12-01,sz.002594,62.65,62.67,61.35,61.95,9090449,562915248.0
2015-12-02,sz.002594,61.75,63.55,61.5,63.12,12069569,756385472.0
2015-12-03,sz.002594,63.11,63.89,62.61,63.29,11597573,732490208.0
2015-12-04,sz.002594,63.15,63.15,61.51,61.82,10907826,679399360.0
2015-12-07,sz.002594,61.84,63.0,61.2,62.06,9507812,590640192.0
2015-12-08,sz.002594,61.8,61.93,60.0,60.3,10437248,635856912.0
2015-12-09,sz.002594,59.87,63.49,59.58,62.88,21074640,1313684576.0
2015-12-10,sz.002594,63.5,63.98,62.21,62.42,13099349,825302144.0
2015-12-11,sz.002594,62.15,62.45,60.62,61.59,9986746,610441952.0
2015-12-14,sz.002594,60.8,62.0,60.51,62.0,8175542,501215136.0
2015-12-15,sz.002594,62.14,63.21,62.14,62.56,10244372,643587392.0
2015-12-16,sz.002594,62.6,63.0,62.03,62.9,7703928,482091168.0
2015-12-17,sz.002594,62.99,64.42,62.98,63.8,14678576,936837088.0
2015-12-18,sz.002594,63.7,63.89,62.51,63.79,13951304,882077792.0
2015-12-21,sz.002594,63.85,64.88,62.6,63.02,18473840,1181361872.0
2015-12-22,sz.002594,63.1,63.26,62.05,62.82,10419264,651366064.0
2015-12-23,sz.002594,63.0,63.1,62.0,62.03,9620318,600272288.0
2015-12-24,sz.002594,63.0,64.51,62.75,63.47,21158807,1353368384.0
2015-12-25,sz.002594,63.5,63.95,62.58,63.45,10088458,638018576.0
2015-12-28,sz.002594,63.45,64.17,62.05,62.14,12617917,797895712.0
2015-12-29,sz.002594,62.1,65.45,61.3,64.55,19498523,1241166288.0
2015-12-30,sz.002594,65.0,67.0,65.0,66.0,22365046,1478921072.0
2015-12-31,sz.002594,66.01,66.95,64.01,64.4,14374504,938969648.0
2016-01-04,sz.002594,64.4,64.4,58.4,58.76,11488014,709177584.0
2016-01-05,sz.002594,55.8,60.61,55.8,59.35,16670492,983037056.0
2016-01-06,sz.002594,59.5,60.78,59.37,60.42,9882486,594339872.0
2016-01-07,sz.002594,59.0,59.47,55.0,55.41,4129310,236717552.0
2016-01-08,sz.002594,58.0,60.68,56.7,59.43,20356718,1201830688.0
2016-01-11,sz.002594,57.99,60.99,57.2,57.88,20049350,1184370784.0
2016-01-12,sz.002594,58.75,60.18,57.95,59.82,15317436,909233344.0
2016-01-13,sz.002594,60.48,61.3,57.36,57.36,14898871,881214032.0
2016-01-14,sz.002594,56.5,59.98,56.3,59.9,14623855,853221312.0
2016-01-15,sz.002594,59.01,59.8,57.02,58.05,10958400,639074960.0
2016-01-18,sz.002594,57.01,58.6,56.52,57.68,10570497,607753584.0
2016-01-19,sz.002594,57.5,59.1,56.98,58.87,13739999,798925280.0
2016-01-20,sz.002594,59.0,59.7,57.1,57.74,11369267,663507664.0
2016-01-21,sz.002594,57.1,58.3,56.0,56.02,11532917,660993152.0
2016-01-22,sz.002594,56.2,56.85,53.4,55.16,12301758,677639104.0
2016-01-25,sz.002594,55.7,56.0,54.25,55.0,8977712,494629264.0
2016-01-26,sz.002594,54.17,54.89,49.5,49.97,15161615,787099072.0
2016-01-27,sz.002594,50.48,50.68,45.01,48.18,13286038,632329664.0
2016-01-28,sz.002594,47.0,48.2,45.07,45.3,9402202,439850368.0
2016-01-29,sz.002594,45.2,48.4,45.2,47.59,10575349,494660848.0
2016-02-01,sz.002594,47.85,49.58,47.3,48.6,11649275,567275392.0
2016-02-02,sz.002594,48.61,50.79,48.6,50.46,10517334,528591536.0
2016-02-03,sz.002594,50.39,50.68,49.73,50.41,6677999,334550928.0
2016-02-04,sz.002594,51.0,52.3,50.71,51.21,7164066,369396704.0
2016-02-05,sz.002594,51.5,51.9,50.01,50.07,6589092,333300432.0
2016-02-15,sz.002594,48.19,50.47,47.9,50.0,5205495,256365496.0
2016-02-16,sz.002594,50.25,52.63,50.25,52.08,8002115,415262224.0
2016-02-17,sz.002594,52.2,54.98,52.2,53.81,12998686,700028064.0
2016-02-18,sz.002594,54.61,54.76,53.1,53.25,6740950,361546240.0
2016-02-19,sz.002594,53.9,55.25,53.5,54.29,9327495,506556688.0
2016-02-22,sz.002594,55.2,55.5,54.01,54.51,10922075,597064464.0
2016-02-23,sz.002594,54.76,55.71,54.05,54.7,9920218,543904064.0
2016-02-24,sz.002594,54.23,55.25,53.02,55.02,9975760,541977648.0
2016-02-25,sz.002594,56.03,56.65,51.15,51.8,21372012,1169319536.0
2016-02-26,sz.002594,52.81,53.09,51.22,52.35,8841262,462164384.0
2016-02-29,sz.002594,53.1,53.3,49.0,50.51,12417734,630542592.0
2016-03-01,sz.002594,50.54,51.88,50.08,51.54,8022988,409803600.0
2016-03-02,sz.002594,51.09,54.21,51.09,53.9,11828817,623608128.0
2016-03-03,sz.002594,54.0,54.92,53.55,53.58,9776604,529712880.0
2016-03-04,sz.002594,53.41,55.0,52.75,53.7,11579003,625504320.0
2016-03-07,sz.002594,54.53,54.99,53.62,53.95,6869520,371520512.0
2016-03-08,sz.002594,54.0,54.0,51.55,53.11,7784680,408570928.0
2016-03-09,sz.002594,52.12,52.7,51.8,52.0,5679426,296179728.0
2016-03-10,sz.002594,52.0,52.45,51.25,51.5,5208423,268636288.0
2016-03-11,sz.002594,51.4,52.1,50.62,51.26,4014769,205633475.0
2016-03-14,sz.002594,52.1,54.0,51.62,53.33,9779923,519334832.0
2016-03-15,sz.002594,53.2,55.49,53.2,54.44,16142419,880730752.0
2016-03-16,sz.002594,54.62,54.75,52.9,53.0,8634195,462486000.0
2016-03-17,sz.002594,53.68,55.3,53.28,55.06,14335013,783634288.0
2016-03-18,sz.002594,55.06,57.39,55.06,56.95,15085403,855458112.0
2016-03-21,sz.002594,57.66,57.86,56.02,57.03,14248192,810929552.0
2016-03-22,sz.002594,56.9,58.2,56.1,57.71,13202336,758552816.0
2016-03-23,sz.002594,57.2,57.98,56.68,57.3,8249342,472493424.0
2016-03-24,sz.002594,56.9,58.39,56.1,56.48,9100798,518424896.0
2016-03-25,sz.002594,56.48,57.61,56.1,56.96,8135057,462177840.0
2016-03-28,sz.002594,57.57,59.86,57.2,58.05,14056920,824880256.0
2016-03-29,sz.002594,58.3,59.38,56.86,56.87,14590200,844984528.0
2016-03-30,sz.002594,57.15,58.92,57.15,58.8,10424155,605828128.0
2016-03-31,sz.002594,58.83,59.77,58.38,58.81,10193415,601474592.0
2016-04-01,sz.002594,58.79,58.8,57.26,58.3,5837644,338765968.0
2016-04-05,sz.002594,59.18,60.23,58.53,58.97,14329541,853440960.0
2016-04-06,sz.002594,58.54,58.95,57.9,58.35,9669631,563382672.0
2016-04-07,sz.002594,58.48,58.66,56.69,57.05,8880572,510245312.0
2016-04-08,sz.002594,56.6,57.95,56.57,57.7,7166621,410464848.0
2016-04-11,sz.002594,57.7,58.83,57.41,57.83,8467590,491337520.0
2016-04-12,sz.002594,57.75,58.4,56.8,57.9,8976873,516656720.0
2016-04-13,sz.002594,58.6,59.33,58.43,58.59,11929095,702845536.0
2016-04-14,sz.002594,58.8,59.08,58.33,58.75,6573534,385405536.0
2016-04-15,sz.002594,58.59,58.89,57.6,58.24,6515869,379622000.0
2016-04-18,sz.002594,58.27,60.18,57.66,60.02,12588102,743192192.0
2016-04-19,sz.002594,59.76,65.5,59.66,62.44,22864152,1433670528.0
2016-04-20,sz.002594,62.0,62.31,58.05,60.21,17149732,1039526640.0
2016-04-21,sz.002594,60.01,63.8,59.77,62.13,15411780,961752336.0
2016-04-22,sz.002594,61.27,62.99,60.67,61.9,8898960,551830752.0
2016-04-25,sz.002594,61.91,62.0,60.0,60.75,8819960,535873840.0
2016-04-26,sz.002594,60.5,62.96,60.5,62.03,7285094,452928640.0
2016-04-27,sz.002594,62.5,63.29,62.03,62.33,9147518,573415744.0
2016-04-28,sz.002594,62.57,62.79,60.51,61.89,7602505,467163472.0
2016-04-29,sz.002594,62.2,64.61,62.2,63.71,16138331,1029449904.0
2016-05-03,sz.002594,63.8,64.32,62.77,64.3,13567026,864598720.0
2016-05-04,sz.002594,63.93,64.69,63.37,63.55,9659307,617598480.0
2016-05-05,sz.002594,63.51,63.55,62.6,63.47,7138630,449741440.0
2016-05-06,sz.002594,63.01,63.47,61.0,61.2,10281204,638044848.0
2016-05-09,sz.002594,60.11,60.8,58.25,59.0,10120399,603200528.0
2016-05-10,sz.002594,59.0,59.49,58.43,58.7,5662332,333635984.0
2016-05-11,sz.002594,59.0,59.38,57.82,58.31,6945119,407011312.0
2016-05-12,sz.002594,58.03,59.97,57.41,59.51,8247441,487780112.0
2016-05-13,sz.002594,59.46,60.38,58.85,59.17,5816009,346461680.0
2016-05-16,sz.002594,59.33,60.58,59.03,60.56,6588742,395406384.0
2016-05-17,sz.002594,60.56,61.0,59.66,60.34,5432643,327224272.0
2016-05-18,sz.002594,59.79,59.79,58.11,58.56,5872586,346260464.0
2016-05-19,sz.002594,58.92,59.48,58.44,58.57,3754217,221050181.0
2016-05-20,sz.002594,58.3,59.17,57.99,59.1,3658736,215447589.0
2016-05-23,sz.002594,59.2,60.21,59.2,59.43,5161859,307939024.0
2016-05-24,sz.002594,59.55,60.16,59.03,59.23,6220634,370386512.0
2016-05-25,sz.002594,59.76,60.0,59.01,59.12,4204015,250309431.0
2016-05-26,sz.002594,59.39,59.72,57.6,58.77,5742266,334900608.0
2016-05-27,sz.002594,58.6,58.69,57.6,57.79,5901042,342420464.0
2016-05-30,sz.002594,57.81,58.36,57.38,57.92,4273473,248092651.0
2016-05-31,sz.002594,57.95,59.95,57.95,59.8,8739302,517580080.0
2016-06-01,sz.002594,59.89,60.2,59.56,59.74,6949904,416050000.0
2016-06-02,sz.002594,59.84,60.13,59.0,59.92,4921505,293575280.0
2016-06-03,sz.002594,59.98,60.44,59.94,60.0,6274484,377694624.0
2016-06-06,sz.002594,60.45,60.92,59.78,60.15,5872478,354139264.0
2016-06-07,sz.002594,60.26,61.98,60.01,61.26,8995053,549160784.0
2016-06-08,sz.002594,61.27,61.38,60.0,60.35,6688407,404215072.0
2016-06-13,sz.002594,59.53,60.0,57.43,57.44,10682807,625226928.0
2016-06-14,sz.002594,57.06,57.86,56.82,57.06,5665108,324573776.0
2016-06-15,sz.002594,56.52,59.89,56.52,59.14,11273076,662195152.0
2016-06-16,sz.002594,58.73,60.98,58.07,59.42,10258329,609670096.0
2016-06-17,sz.002594,59.48,60.34,58.85,59.21,6717240,400331856.0
2016-06-20,sz.002594,59.51,60.16,59.28,59.6,4449736,265601791.0
2016-06-21,sz.002594,59.95,60.6,59.21,59.39,9804729,589060144.0
2016-06-22,sz.002594,60.42,61.8,60.15,60.92,13320845,813809728.0
2016-06-23,sz.002594,60.36,60.99,59.77,60.03,6565658,395510304.0
2016-06-24,sz.002594,59.99,60.49,57.3,59.11,8235735,487675520.0
2016-06-27,sz.002594,59.0,59.94,58.86,59.67,4769061,283438848.0
2016-06-28,sz.002594,59.3,60.4,58.87,60.3,7013072,417605440.0
2016-06-29,sz.002594,60.04,60.5,59.76,60.4,6758838,406484496.0
2016-06-30,sz.002594,60.45,61.48,60.03,61.01,8785976,533814944.0
2016-07-01,sz.002594,60.98,62.05,60.46,61.39,9111774,558680320.0
2016-07-04,sz.002594,61.25,61.93,60.62,61.45,8244265,505874256.0
2016-07-05,sz.002594,61.4,61.56,60.21,60.8,9186683,557273872.0
2016-07-06,sz.002594,60.77,61.2,60.38,60.82,4959488,301374688.0
2016-07-07,sz.002594,60.8,62.53,60.6,61.93,12333795,763077232.0
2016-07-08,sz.002594,62.17,63.09,61.83,62.19,9119991,568456832.0
2016-07-11,sz.002594,62.59,62.91,61.15,61.23,6891037,428221760.0
2016-07-12,sz.002594,60.98,61.47,60.18,61.07,8876836,539495264.0
2016-07-13,sz.002594,61.0,61.12,60.45,60.93,8992294,546125760.0
2016-07-14,sz.002594,60.73,61.36,60.47,61.2,7083608,431523264.0
2016-07-15,sz.002594,61.69,64.18,61.46,62.99,19115516,1201518336.0
2016-07-18,sz.002594,63.35,63.88,62.46,62.65,9843198,620707248.0
2016-07-19,sz.002594,62.76,62.96,62.18,62.8,5160945,322840688.0
2016-07-20,sz.002594,62.81,63.3,62.5,62.5,5459347,343176640.0
2016-07-21,sz.002594,62.65,62.85,61.81,61.94,6611199,410895568.0
2016-07-22,sz.002594,62.65,62.8,61.0,61.5,7655026,472178976.0
2016-07-25,sz.002594,61.5,61.98,60.31,60.52,7670406,469124896.0
2016-07-26,sz.002594,60.9,61.35,60.59,61.17,5364739,327261264.0
2016-07-27,sz.002594,61.14,61.14,58.53,59.38,10083412,603839088.0
2016-07-28,sz.002594,59.5,60.32,59.01,59.75,5208363,310691712.0
2016-07-29,sz.002594,59.75,60.25,59.19,59.35,3738250,222997048.0
2016-08-01,sz.002594,59.36,59.77,58.7,58.9,3477049,205289028.0
2016-08-02,sz.002594,58.6,59.09,58.55,58.96,3806989,223826937.0
2016-08-03,sz.002594,58.96,59.08,58.64,58.84,2651790,155989734.0
2016-08-04,sz.002594,58.87,59.17,58.7,59.08,3154162,185958651.0
2016-08-05,sz.002594,59.09,59.5,58.72,58.77,4290714,253389435.0
2016-08-08,sz.002594,58.83,58.98,58.07,58.91,3819299,223518508.0
2016-08-09,sz.002594,58.95,59.19,58.55,59.15,4719154,277422416.0
2016-08-10,sz.002594,59.16,59.47,58.76,58.89,3380222,199634780.0
2016-08-11,sz.002594,58.88,59.39,58.59,58.6,4813453,284372944.0
2016-08-12,sz.002594,59.0,59.75,58.7,59.27,5271847,312370960.0
2016-08-15,sz.002594,59.49,60.6,59.0,60.07,9641772,577711488.0
2016-08-16,sz.002594,60.2,60.35,59.8,59.92,7810269,468587344.0
2016-08-17,sz.002594,60.0,61.2,60.0,60.72,8713795,529854432.0
2016-08-18,sz.002594,60.7,60.7,59.94,60.06,5942044,358107536.0
2016-08-19,sz.002594,60.0,60.18,59.65,59.86,3776939,225968692.0
2016-08-22,sz.002594,59.89,60.1,58.63,58.68,6305316,373599840.0
2016-08-23,sz.002594,58.96,59.06,58.56,58.91,3430108,201622136.0
2016-08-24,sz.002594,59.0,59.17,58.78,59.08,3090119,182378753.0
2016-08-25,sz.002594,58.96,58.96,57.63,58.2,6534826,380306848.0
2016-08-26,sz.002594,58.5,58.5,58.0,58.35,4416357,257151341.0
2016-08-29,sz.002594,58.85,59.13,58.15,58.29,6737327,393911984.0
2016-08-30,sz.002594,58.4,58.54,58.15,58.47,3955193,230860855.0
2016-08-31,sz.002594,58.63,58.64,58.2,58.55,2802645,163867982.0
2016-09-01,sz.002594,58.65,58.72,58.45,58.46,3102506,181784406.0
2016-09-02,sz.002594,58.45,58.45,57.8,57.86,4415633,256123333.0
2016-09-05,sz.002594,58.0,58.26,57.6,57.92,2671251,154861351.0
2016-09-06,sz.002594,58.12,59.52,57.78,59.51,8473265,500155296.0
2016-09-07,sz.002594,59.5,59.6,58.9,58.97,5128728,303663856.0
2016-09-08,sz.002594,58.98,59.25,58.75,58.9,3272436,192775711.0
2016-09-09,sz.002594,59.03,60.28,58.99,59.01,6766429,403114816.0
2016-09-12,sz.002594,58.0,58.47,57.61,57.67,5735314,332129584.0
2016-09-13,sz.002594,58.0,58.1,56.8,57.02,6738130,385278784.0
2016-09-14,sz.002594,57.0,57.0,56.0,56.01,6151539,346762080.0
2016-09-19,sz.002594,56.09,56.92,56.09,56.68,4114424,233140452.0
2016-09-20,sz.002594,56.85,57.05,56.12,56.31,3093148,174746977.0
2016-09-21,sz.002594,56.52,56.93,56.17,56.75,3194648,180758690.0
2016-09-22,sz.002594,56.9,57.18,56.81,57.1,4655786,265300784.0
2016-09-23,sz.002594,57.15,57.2,56.82,56.98,2723045,155163742.0
2016-09-26,sz.002594,56.98,57.01,55.16,55.4,5053971,283005024.0
2016-09-27,sz.002594,55.33,55.73,55.08,55.44,3153943,174990754.0
2016-09-28,sz.002594,55.71,55.71,55.3,55.33,2168978,120304810.0
2016-09-29,sz.002594,55.49,55.75,54.99,55.21,3681361,204100746.0
2016-09-30,sz.002594,55.15,55.76,55.01,55.59,3034671,168334939.0
2016-10-10,sz.002594,55.91,56.87,55.91,56.8,4404787,248043569.0
2016-10-11,sz.002594,56.88,58.35,56.6,57.89,9088748,524781040.0
2016-10-12,sz.002594,57.85,57.95,57.18,57.54,4828624,277516432.0
2016-10-13,sz.002594,57.6,58.22,57.16,57.31,4459553,256548468.0
2016-10-14,sz.002594,57.46,57.75,56.65,57.27,3670602,209800415.0
2016-10-17,sz.002594,57.35,57.65,56.63,56.78,4479583,256419572.0
2016-10-18,sz.002594,56.79,57.48,56.6,57.35,4836359,276291392.0
2016-10-19,sz.002594,57.38,57.65,56.9,57.04,3821311,218619641.0
2016-10-20,sz.002594,57.06,57.23,56.7,56.83,3627699,206278673.0
2016-10-21,sz.002594,56.82,56.97,56.16,56.51,3239174,183130727.0
2016-10-24,sz.002594,56.89,57.49,56.5,56.96,5483039,312442688.0
2016-10-25,sz.002594,56.88,57.22,56.7,56.89,3437916,195725172.0
2016-10-26,sz.002594,56.89,57.1,56.46,56.53,2926151,165646077.0
2016-10-27,sz.002594,56.58,56.93,56.43,56.6,2643082,149611380.0
2016-10-28,sz.002594,56.63,56.79,56.2,56.26,3020306,170258229.0
2016-10-31,sz.002594,56.39,56.58,55.88,56.16,3251187,182471960.0
2016-11-01,sz.002594,56.17,56.5,55.95,56.38,2695977,151548236.0
2016-11-02,sz.002594,56.6,56.65,56.24,56.46,3249322,183466556.0
2016-11-03,sz.002594,56.46,56.53,55.42,56.0,5517045,308743280.0
2016-11-04,sz.002594,55.95,55.95,55.27,55.35,4857485,270061968.0
2016-11-07,sz.002594,55.39,55.94,55.36,55.51,3876428,215738155.0
2016-11-08,sz.002594,55.65,55.99,55.53,55.65,3322831,185245339.0
2016-11-09,sz.002594,55.68,55.8,54.5,55.09,6700794,369081088.0
2016-11-10,sz.002594,55.49,55.63,55.2,55.34,3519244,194849860.0
2016-11-11,sz.002594,55.0,55.36,54.75,55.15,5440472,298972048.0
2016-11-14,sz.002594,55.2,55.85,55.18,55.49,5094177,283003008.0
2016-11-15,sz.002594,55.4,55.77,55.31,55.6,3052970,169396819.0
2016-11-16,sz.002594,55.79,55.88,55.63,55.73,4184309,233316152.0
2016-11-17,sz.002594,55.7,55.78,55.35,55.75,2924689,162483983.0
2016-11-18,sz.002594,55.78,55.98,55.21,55.28,3041727,168976973.0
2016-11-21,sz.002594,55.29,55.6,55.0,55.15,3700837,204459879.0
2016-11-22,sz.002594,55.11,55.31,54.99,55.24,3300478,181922926.0
2016-11-23,sz.002594,55.4,56.99,55.4,56.52,12312795,695633536.0
2016-11-24,sz.002594,56.3,56.39,55.5,55.69,6568533,367478016.0
2016-11-25,sz.002594,55.75,55.9,54.87,55.39,4538835,250854963.0
2016-11-28,sz.002594,55.59,55.93,55.2,55.63,6467911,359195216.0
2016-11-29,sz.002594,55.63,56.32,55.21,55.58,5920792,329736288.0
2016-11-30,sz.002594,55.3,55.8,55.2,55.33,3667817,203073929.0
2016-12-01,sz.002594,55.32,55.73,55.13,55.3,4191287,232043878.0
2016-12-02,sz.002594,55.2,55.45,54.51,54.75,5167838,283610544.0
2016-12-05,sz.002594,54.63,54.88,53.57,53.67,7236161,391940784.0
2016-12-06,sz.002594,53.79,54.0,53.0,53.12,6761313,359844496.0
2016-12-07,sz.002594,53.16,53.33,52.25,52.99,7252221,381985040.0
2016-12-08,sz.002594,52.99,53.49,52.8,53.03,3949626,209985571.0
2016-12-09,sz.002594,53.04,53.09,52.51,52.75,3808904,200980215.0
2016-12-12,sz.002594,52.73,53.07,49.54,49.82,9040589,464114064.0
2016-12-13,sz.002594,49.6,50.69,49.51,50.31,5444762,273464816.0
2016-12-14,sz.002594,50.49,50.59,49.0,49.1,5546229,275447376.0
2016-12-15,sz.002594,49.0,49.78,48.91,49.48,3934658,194498139.0
2016-12-16,sz.002594,49.75,51.1,49.75,51.1,6173628,311817040.0
2016-12-19,sz.002594,51.3,51.48,50.28,50.4,3689605,186863666.0
2016-12-20,sz.002594,50.41,50.81,50.15,50.4,2847538,143523910.0
2016-12-21,sz.002594,50.79,51.2,50.52,50.75,2733925,138989740.0
2016-12-22,sz.002594,50.85,51.6,50.31,51.38,4678825,238670698.0
2016-12-23,sz.002594,51.44,51.45,50.11,50.18,4122800,208839146.0
2016-12-26,sz.002594,50.0,50.23,49.21,50.15,3824056,189851066.0
2016-12-27,sz.002594,50.15,50.17,49.45,49.45,4194551,209496702.0
2016-12-28,sz.002594,49.51,49.94,49.19,49.3,2718067,134413291.0
2016-12-29,sz.002594,49.33,49.84,49.03,49.35,3210706,158780359.0
2016-12-30,sz.002594,49.55,49.79,49.4,49.68,2088673,103682416.0
2017-01-03,sz.002594,49.6,50.2,49.58,49.83,3800491,189836309.0
2017-01-04,sz.002594,49.9,50.98,49.71,50.8,7620168,384790064.0
2017-01-05,sz.002594,50.81,50.85,50.38,50.43,3991726,201824019.0
2017-01-06,sz.002594,50.44,50.6,49.8,49.8,4215360,211167708.0
2017-01-09,sz.002594,49.85,50.12,49.71,49.91,3220473,160778322.0
2017-01-10,sz.002594,49.97,50.05,49.4,49.65,2961142,147345868.0
2017-01-11,sz.002594,49.65,49.81,49.36,49.43,2397851,118771245.0
2017-01-12,sz.002594,49.45,49.75,48.93,48.96,3549823,174899617.0
2017-01-13,sz.002594,48.95,49.35,48.8,48.91,3204975,157329022.0
2017-01-16,sz.002594,48.91,49.15,46.5,47.76,4475374,215981347.0
2017-01-17,sz.002594,47.98,48.44,47.6,48.2,2779417,133517236.0
2017-01-18,sz.002594,48.46,48.46,48.02,48.11,2220189,107149056.0
2017-01-19,sz.002594,48.16,48.3,48.0,48.1,1747768,84220141.0
2017-01-20,sz.002594,48.05,48.7,48.05,48.58,2479638,120324606.0
2017-01-23,sz.002594,48.77,49.24,48.77,48.86,2373310,116240578.0
2017-01-24,sz.002594,49.14,49.14,48.49,48.65,2562814,124811910.0
2017-01-25,sz.002594,48.66,49.17,48.45,48.9,3000354,146682673.0
2017-01-26,sz.002594,49.27,49.27,48.56,48.68,3862650,188188764.0
2017-02-03,sz.002594,48.7,48.78,48.31,48.35,2921651,141629649.0
2017-02-06,sz.002594,48.4,48.84,48.4,48.67,3554990,172961702.0
2017-02-07,sz.002594,48.81,49.88,48.8,49.34,8157307,402822688.0
2017-02-08,sz.002594,49.34,50.8,48.66,50.5,7452234,368336384.0
2017-02-09,sz.002594,50.45,50.46,49.89,49.98,7126896,357318480.0
2017-02-10,sz.002594,50.12,50.2,49.51,49.63,4833899,240664687.0
2017-02-13,sz.002594,49.63,50.18,49.32,49.73,5019077,250044338.0
2017-02-14,sz.002594,49.8,49.98,49.4,49.54,4246166,210712341.0
2017-02-15,sz.002594,49.6,49.89,48.56,48.75,7410868,364115472.0
2017-02-16,sz.002594,48.96,49.36,48.65,48.9,3692881,180934599.0
2017-02-17,sz.002594,48.91,49.2,48.48,48.56,3807838,185633830.0
2017-02-20,sz.002594,48.58,49.28,48.58,49.16,3663334,179319037.0
2017-02-21,sz.002594,49.33,50.26,49.32,50.04,10734419,536939616.0
2017-02-22,sz.002594,50.19,50.22,49.76,49.97,4857959,242490259.0
2017-02-23,sz.002594,50.1,50.4,49.77,50.31,5800003,290350832.0
2017-02-24,sz.002594,50.23,50.3,49.9,50.22,3480250,174310517.0
2017-02-27,sz.002594,50.52,51.52,50.19,50.27,10158985,517619632.0
2017-02-28,sz.002594,50.27,50.83,49.86,50.11,4920312,247467411.0
2017-03-01,sz.002594,50.09,50.49,49.91,50.19,5005268,251094394.0
2017-03-02,sz.002594,50.35,50.5,49.74,49.75,4659815,232762851.0
2017-03-03,sz.002594,49.75,51.09,49.68,51.01,11537540,583642784.0
2017-03-06,sz.002594,51.59,51.59,50.58,50.9,7569796,385768336.0
2017-03-07,sz.002594,50.89,51.28,50.68,51.0,4900475,249591943.0
2017-03-08,sz.002594,51.05,51.36,50.8,50.84,5202405,265455137.0
2017-03-09,sz.002594,50.8,50.83,50.1,50.17,4718861,237145109.0
2017-03-10,sz.002594,50.12,50.58,49.91,50.19,5198385,260642993.0
2017-03-13,sz.002594,49.98,49.98,49.07,49.84,6498439,323000224.0
2017-03-14,sz.002594,49.88,50.21,49.61,49.76,4228993,210950302.0
2017-03-15,sz.002594,49.9,49.9,49.0,49.47,3781902,187281184.0
2017-03-16,sz.002594,49.75,50.16,49.69,50.02,4932768,246285782.0
2017-03-17,sz.002594,50.15,50.28,49.48,49.49,5773730,288105664.0
2017-03-20,sz.002594,49.45,49.45,48.98,49.19,5283684,259912157.0
2017-03-21,sz.002594,49.2,49.39,49.06,49.3,3881954,191104216.0
2017-03-22,sz.002594,49.2,49.23,48.8,48.9,3904507,191186268.0
2017-03-23,sz.002594,48.93,49.77,48.93,49.45,5582110,275918224.0
2017-03-24,sz.002594,49.82,49.84,49.38,49.65,4143071,205578832.0
2017-03-27,sz.002594,49.8,50.25,49.52,49.6,3670993,182935046.0
2017-03-28,sz.002594,49.73,49.99,49.62,49.9,3911810,194960714.0
2017-03-29,sz.002594,49.01,49.3,48.5,48.8,8581436,419686960.0
2017-03-30,sz.002594,48.77,48.78,47.68,47.82,6779789,325765504.0
2017-03-31,sz.002594,47.82,48.29,47.8,48.02,4598439,221134026.0
2017-04-05,sz.002594,48.63,49.67,48.63,49.4,7600065,374764336.0
2017-04-06,sz.002594,49.45,49.97,49.01,49.48,5130552,254071603.0
2017-04-07,sz.002594,49.5,49.81,49.4,49.6,4352397,216135567.0
2017-04-10,sz.002594,49.62,50.12,49.29,49.65,4336603,215230590.0
2017-04-11,sz.002594,49.85,54.43,49.8,53.01,26227160,1385995584.0
2017-04-12,sz.002594,52.79,53.48,52.03,52.98,11541461,609650832.0
2017-04-13,sz.002594,52.5,52.98,51.98,52.45,5910278,309646880.0
2017-04-14,sz.002594,52.44,52.48,51.3,51.35,6870991,355954000.0
2017-04-17,sz.002594,51.03,51.7,50.72,51.38,4622074,236677848.0
2017-04-18,sz.002594,51.99,52.45,51.52,51.6,6751743,351262624.0
2017-04-19,sz.002594,51.58,52.08,50.35,51.26,6848841,350341680.0
2017-04-20,sz.002594,51.3,51.95,50.4,51.95,5860807,299802640.0
2017-04-21,sz.002594,51.96,52.72,51.75,51.97,6668547,348116560.0
2017-04-24,sz.002594,51.96,52.49,50.75,50.84,5873825,302580816.0
2017-04-25,sz.002594,51.0,51.46,50.66,51.18,4336928,221889094.0
2017-04-26,sz.002594,51.36,52.97,51.18,52.52,9052542,473902064.0
2017-04-27,sz.002594,52.47,52.47,51.51,52.09,5948951,308908016.0
2017-04-28,sz.002594,51.99,52.6,51.0,51.88,6198855,320502400.0
2017-05-02,sz.002594,51.15,51.35,49.54,49.7,10929311,548737552.0
2017-05-03,sz.002594,49.5,49.6,48.53,48.8,6919861,338392880.0
2017-05-04,sz.002594,48.82,49.27,48.58,48.71,3807765,186105336.0
2017-05-05,sz.002594,48.7,48.95,48.3,48.34,3230050,156745226.0
2017-05-08,sz.002594,48.34,49.2,48.34,48.79,3491415,170485605.0
2017-05-09,sz.002594,48.79,49.15,48.41,49.0,2482661,121222122.0
2017-05-10,sz.002594,49.09,49.19,48.0,48.0,3910330,190542978.0
2017-05-11,sz.002594,48.0,48.1,46.57,47.83,6212130,294299920.0
2017-05-12,sz.002594,47.84,48.11,47.5,48.03,2996146,143557520.0
2017-05-15,sz.002594,48.24,48.48,47.91,47.93,1902181,91739725.0
2017-05-16,sz.002594,47.92,48.85,47.49,48.65,3110667,149412636.0
2017-05-17,sz.002594,48.65,49.55,48.57,48.86,4244165,208618072.0
2017-05-18,sz.002594,48.5,49.13,48.33,48.37,2072572,100790587.0
2017-05-19,sz.002594,48.45,48.74,48.2,48.55,2336325,113239155.0
2017-05-22,sz.002594,48.55,48.86,47.93,48.39,2470502,119675389.0
2017-05-23,sz.002594,48.39,48.91,47.45,48.79,4547300,219324651.0
2017-05-24,sz.002594,48.6,48.95,48.0,48.8,3291126,160081850.0
2017-05-25,sz.002594,48.8,48.88,48.2,48.75,3379034,163972121.0
2017-05-26,sz.002594,48.85,49.26,48.76,49.11,4069914,199387273.0
2017-05-31,sz.002594,49.38,50.0,49.3,49.85,5575294,276534560.0
2017-06-01,sz.002594,49.85,50.07,49.01,49.33,3864048,191414290.0
2017-06-02,sz.002594,49.39,49.7,48.8,49.44,2527536,124282022.0
2017-06-05,sz.002594,49.51,50.2,49.51,50.2,5089493,254333825.0
2017-06-06,sz.002594,50.2,50.3,49.7,50.0,2695788,134786202.0
2017-06-07,sz.002594,50.06,50.57,49.9,50.5,4636020,233517868.0
2017-06-08,sz.002594,50.52,50.61,50.12,50.5,2747371,138447553.0
2017-06-09,sz.002594,50.6,50.78,49.96,50.24,3868230,194073372.0
2017-06-12,sz.002594,50.0,50.88,49.71,50.5,5522211,277483408.0
2017-06-13,sz.002594,50.41,52.49,50.38,51.82,8447017,436146400.0
2017-06-14,sz.002594,51.82,52.83,51.58,51.6,9106995,476553920.0
2017-06-15,sz.002594,51.7,51.96,51.35,51.7,3949580,203844291.0
2017-06-16,sz.002594,51.85,52.1,51.0,51.05,5115930,263461006.0
2017-06-19,sz.002594,51.0,51.62,50.87,51.23,3631808,186094832.0
2017-06-20,sz.002594,51.4,51.81,50.55,50.58,4997227,255456823.0
2017-06-21,sz.002594,50.76,51.27,50.52,50.95,5380853,273301440.0
2017-06-22,sz.002594,50.93,51.25,50.76,50.77,5526969,281679504.0
2017-06-23,sz.002594,50.7,50.88,50.15,50.6,4596287,231809268.0
2017-06-26,sz.002594,50.54,51.76,50.54,51.52,6756780,346654544.0
2017-06-27,sz.002594,51.6,51.98,51.18,51.47,4628217,238798256.0
2017-06-28,sz.002594,51.12,51.17,50.46,50.56,4705524,238564224.0
2017-06-29,sz.002594,50.65,50.8,50.24,50.31,4120152,207772933.0
2017-06-30,sz.002594,50.21,50.27,49.49,49.95,5651637,281261808.0
2017-07-03,sz.002594,49.75,50.28,49.74,50.03,2561534,128078311.0
2017-07-04,sz.002594,50.09,51.08,50.08,50.5,4946945,250786936.0
2017-07-05,sz.002594,50.51,51.46,50.51,51.18,5198184,265549226.0
2017-07-06,sz.002594,50.99,51.53,50.52,50.85,5756060,293959680.0
2017-07-07,sz.002594,50.78,50.9,50.34,50.67,3292456,166618442.0
2017-07-10,sz.002594,50.66,50.66,50.01,50.05,3805700,191155906.0
2017-07-11,sz.002594,50.02,50.5,50.0,50.09,2651277,133130713.0
2017-07-12,sz.002594,50.39,50.4,49.41,49.84,4433924,220597889.0
2017-07-13,sz.002594,49.8,50.1,49.66,49.86,2488789,124118181.0
2017-07-14,sz.002594,50.15,50.92,49.88,50.57,4687838,236872536.0
2017-07-17,sz.002594,50.57,50.64,48.91,49.0,6143350,304009424.0
2017-07-18,sz.002594,49.19,49.55,48.68,48.97,2743047,134468591.0
2017-07-19,sz.002594,49.09,49.69,48.98,49.59,3270832,161628353.0
2017-07-20,sz.002594,49.61,50.29,49.57,50.08,3591887,179475930.0
2017-07-21,sz.002594,50.11,50.93,49.72,50.49,5730382,290041312.0
2017-07-24,sz.002594,50.51,50.8,49.33,49.89,5691923,283645712.0
2017-07-25,sz.002594,50.01,50.05,49.3,49.39,3848276,190503721.0
2017-07-26,sz.002594,49.77,49.77,48.62,48.9,5207967,255136770.0
2017-07-27,sz.002594,49.0,49.3,48.88,49.1,3792485,186246195.0
2017-07-28,sz.002594,49.1,49.54,49.09,49.47,2996955,147881668.0
2017-07-31,sz.002594,49.61,49.67,48.85,49.0,5189210,254905211.0
2017-08-01,sz.002594,49.0,49.3,48.92,49.06,4498578,220751525.0
2017-08-02,sz.002594,49.11,49.18,48.45,48.5,5243545,255442363.0
2017-08-03,sz.002594,48.54,48.84,48.41,48.67,5098549,247641072.0
2017-08-04,sz.002594,48.69,48.78,48.4,48.51,2673037,129821463.0
2017-08-07,sz.002594,48.56,49.05,48.56,48.91,3046423,148872114.0
2017-08-08,sz.002594,48.91,49.45,48.67,49.21,4011870,196964970.0
2017-08-09,sz.002594,49.15,49.39,48.9,49.13,2989224,146744557.0
2017-08-10,sz.002594,49.14,49.25,48.5,48.73,2896610,141549382.0
2017-08-11,sz.002594,48.59,48.59,47.67,47.85,5925732,284783568.0
2017-08-14,sz.002594,48.0,48.29,47.89,48.2,2735305,131646281.0
2017-08-15,sz.002594,48.3,48.38,47.86,48.0,3205047,153941418.0
2017-08-16,sz.002594,48.01,48.32,47.6,48.26,3157254,151598581.0
2017-08-17,sz.002594,48.3,48.39,48.04,48.32,2624032,126497145.0
2017-08-18,sz.002594,48.29,48.7,48.05,48.55,3167432,153626476.0
2017-08-21,sz.002594,48.5,49.08,48.48,48.66,3386829,164854875.0
2017-08-22,sz.002594,48.8,48.96,48.12,48.16,3771536,182505874.0
2017-08-23,sz.002594,48.2,48.45,48.01,48.27,2111213,101819233.0
2017-08-24,sz.002594,48.31,48.39,47.91,48.0,3392672,163248155.0
2017-08-25,sz.002594,48.51,48.99,48.09,48.68,5340592,260138570.0
2017-08-28,sz.002594,48.8,49.58,48.71,49.35,6410641,316073104.0
2017-08-29,sz.002594,49.0,49.0,48.13,48.42,7452109,360559696.0
2017-08-30,sz.002594,48.3,48.45,47.99,48.39,3778909,182161660.0
2017-08-31,sz.002594,48.31,48.67,48.3,48.49,2931439,142056447.0
2017-09-01,sz.002594,48.49,48.6,48.11,48.29,3350064,161731351.0
2017-09-04,sz.002594,48.42,48.99,48.41,48.76,4933169,240744075.0
2017-09-05,sz.002594,48.79,48.93,48.67,48.88,3233150,157831796.0
2017-09-06,sz.002594,49.05,50.88,49.04,50.3,12870078,644059296.0
2017-09-07,sz.002594,50.01,50.3,49.51,49.57,6710945,334326432.0
2017-09-08,sz.002594,49.65,49.85,49.39,49.82,4264869,211530238.0
2017-09-11,sz.002594,52.62,53.5,51.65,51.85,19019388,993398560.0
2017-09-12,sz.002594,52.4,57.04,52.4,55.81,49552942,2746256727.37
2017-09-13,sz.002594,55.0,55.35,54.0,54.88,23651315,1291741256.64
2017-09-14,sz.002594,55.6,55.88,54.0,54.47,14604751,798992544.59
2017-09-15,sz.002594,54.17,54.19,53.0,53.4,12587360,672584956.53
2017-09-18,sz.002594,53.39,58.54,53.39,57.93,37263168,2105090645.19
2017-09-19,sz.002594,57.5,57.66,56.38,57.25,21540982,1228898008.05
2017-09-20,sz.002594,57.17,62.98,56.66,61.82,54830047,3359873751.85
2017-09-21,sz.002594,61.35,64.38,60.61,62.57,44749386,2798742958.84
2017-09-22,sz.002594,62.31,64.5,61.71,62.32,29049599,1831760254.03
2017-09-25,sz.002594,62.0,62.65,59.65,60.29,24895405,1520891606.65
2017-09-26,sz.002594,59.8,65.0,59.8,65.0,38317284,2427224404.21
2017-09-27,sz.002594,66.1,70.93,65.56,67.87,47480358,3241461154.55
2017-09-28,sz.002594,67.1,70.48,66.57,68.95,32526396,2219983031.91
2017-09-29,sz.002594,68.25,69.46,66.86,68.3,29485576,2005780685.1
2017-10-09,sz.002594,72.6,73.5,70.5,72.08,37803329,2727755023.68
2017-10-10,sz.002594,71.01,71.99,69.85,70.62,23107049,1637321731.52
2017-10-11,sz.002594,71.25,71.6,68.08,68.65,22979052,1584085229.29
2017-10-12,sz.002594,68.35,69.68,66.93,68.3,22882596,1559905993.65
2017-10-13,sz.002594,68.4,68.59,66.6,67.72,16044263,1079412942.12
2017-10-16,sz.002594,67.75,69.35,66.5,67.4,20148371,1370037807.32
2017-10-17,sz.002594,67.1,68.35,66.71,67.37,11579998,780476725.93
2017-10-18,sz.002594,67.8,68.8,67.3,67.43,14156025,962447350.1
2017-10-19,sz.002594,67.55,67.84,65.03,65.15,19688119,1295850152.27
2017-10-20,sz.002594,65.02,68.68,64.5,68.55,21807930,1456656111.26
2017-10-23,sz.002594,68.28,68.66,66.63,66.91,17372622,1168661896.55
2017-10-24,sz.002594,66.84,67.55,63.88,65.06,20480716,1339470167.74
2017-10-25,sz.002594,65.08,66.0,64.53,65.48,11823818,772896725.19
2017-10-26,sz.002594,64.79,66.73,64.06,65.8,15915332,1039928786.03
2017-10-27,sz.002594,65.97,66.5,64.8,65.13,11641355,763542709.99
2017-10-30,sz.002594,64.85,64.85,61.7,62.53,20512698,1287173023.92
2017-10-31,sz.002594,62.44,63.39,62.03,63.0,10312507,648127183.26
2017-11-01,sz.002594,64.05,65.48,63.77,64.2,15059050,975306221.94
2017-11-02,sz.002594,64.0,64.44,62.61,63.32,10087916,639052791.07
2017-11-03,sz.002594,63.32,65.65,63.03,64.25,13952067,903065031.36
2017-11-06,sz.002594,65.44,66.15,64.43,65.57,13487786,882061773.45
2017-11-07,sz.002594,65.85,66.77,64.85,65.52,11389642,746407099.49
2017-11-08,sz.002594,65.5,68.36,65.12,67.37,22070945,1484376001.77
2017-11-09,sz.002594,67.84,69.3,67.01,67.99,16708707,1137272812.2
2017-11-10,sz.002594,67.9,67.9,66.73,67.65,13207567,889563474.76
2017-11-13,sz.002594,68.01,70.23,67.75,70.1,24013755,1664811921.68
2017-11-14,sz.002594,70.11,70.25,67.71,68.0,17274784,1188914356.68
2017-11-15,sz.002594,67.51,67.69,63.7,63.96,23300418,1516989636.6
2017-11-16,sz.002594,63.8,64.9,62.76,64.23,11789631,753593296.65
2017-11-17,sz.002594,64.99,65.95,63.59,63.59,11753914,760782578.04
2017-11-20,sz.002594,64.48,69.52,63.85,69.49,28214711,1898640794.82
2017-11-21,sz.002594,69.6,73.45,69.02,72.3,36285411,2606743576.79
2017-11-22,sz.002594,72.28,73.8,71.59,72.79,28893462,2098373490.85
2017-11-23,sz.002594,72.59,73.78,70.51,70.61,21616752,1554460927.88
2017-11-24,sz.002594,70.65,72.28,69.83,70.7,21456437,1528520309.81
2017-11-27,sz.002594,70.21,70.27,63.63,63.63,34556842,2290501553.99
2017-11-28,sz.002594,63.5,64.86,61.71,64.73,22401101,1419502842.42
2017-11-29,sz.002594,64.82,64.98,63.0,64.35,14417769,924072963.6
2017-11-30,sz.002594,63.6,64.05,62.11,62.22,13517222,850257006.95
2017-12-01,sz.002594,62.2,63.66,61.71,63.35,9838877,620077095.41
2017-12-04,sz.002594,63.49,64.67,63.0,63.43,9355904,599016497.18
2017-12-05,sz.002594,62.62,64.4,62.01,62.69,10723098,678552969.52
2017-12-06,sz.002594,63.13,63.8,58.02,60.9,27817912,1674009228.7
2017-12-07,sz.002594,60.0,60.46,58.8,59.07,11412212,678933558.09
2017-12-08,sz.002594,59.2,60.57,59.2,59.75,12314594,739118658.42
2017-12-11,sz.002594,60.51,62.88,60.08,62.59,14913860,922622265.34
2017-12-12,sz.002594,63.18,64.0,62.0,62.07,14857185,933129078.58
2017-12-13,sz.002594,62.11,63.01,61.64,63.0,8865588,554367593.62
2017-12-14,sz.002594,62.99,63.8,62.31,63.66,10333733,654156603.94
2017-12-15,sz.002594,63.08,63.3,61.7,62.75,10826887,676816593.47
2017-12-18,sz.002594,62.54,63.33,61.8,62.51,6622257,414439330.48
2017-12-19,sz.002594,62.5,62.84,61.8,62.29,5816947,361975730.81
2017-12-20,sz.002594,62.58,62.68,60.66,60.8,8665121,531677163.02
2017-12-21,sz.002594,60.72,62.41,60.0,62.0,7910891,486446532.72
2017-12-22,sz.002594,62.3,62.69,61.77,62.2,5761303,359125181.26
2017-12-25,sz.002594,61.88,62.63,61.68,61.99,5265209,327164195.8
2017-12-26,sz.002594,62.39,63.95,62.01,63.36,10263665,649400740.36
2017-12-27,sz.002594,63.75,69.51,63.37,67.11,26716357,1769635660.22
2017-12-28,sz.002594,67.0,68.75,65.55,65.68,18604015,1243510630.78
2017-12-29,sz.002594,65.85,65.85,64.1,65.05,10553270,684215257.4
2018-01-02,sz.002594,65.28,66.55,64.96,65.85,12714077,837153614.47
2018-01-03,sz.002594,64.98,67.1,64.4,66.12,15190950,1000075488.81
2018-01-04,sz.002594,66.0,66.36,64.91,65.05,11841697,773631609.01
2018-01-05,sz.002594,64.9,65.2,63.83,64.38,10487000,673396088.81
2018-01-08,sz.002594,64.6,66.34,64.53,65.21,13674015,894169179.26
2018-01-09,sz.002594,65.2,66.18,64.7,65.42,9430926,616396032.52
2018-01-10,sz.002594,65.6,65.97,64.88,65.67,9426504,615796957.49
2018-01-11,sz.002594,65.98,65.98,64.88,65.4,7629868,498923642.81
2018-01-12,sz.002594,65.66,67.85,65.62,67.08,19597880,1316801695.91
2018-01-15,sz.002594,67.25,68.1,64.88,65.14,15189034,1006209959.8
2018-01-16,sz.002594,64.5,65.75,64.46,64.8,9591973,622943133.92
2018-01-17,sz.002594,64.68,64.68,62.51,63.75,11652506,738922968.17
2018-01-18,sz.002594,64.18,64.58,62.88,63.17,7370145,468859834.32
2018-01-19,sz.002594,63.6,63.63,62.68,63.2,5237008,330860117.96
2018-01-22,sz.002594,63.68,67.01,63.62,66.6,17265708,1134014385.49
2018-01-23,sz.002594,66.64,67.37,66.06,66.81,12351848,824929033.33
2018-01-24,sz.002594,67.05,67.09,65.5,66.51,7641650,506242911.82
2018-01-25,sz.002594,66.52,67.47,65.56,65.64,8083989,535708498.95
2018-01-26,sz.002594,65.64,66.3,65.0,65.5,6355866,416434838.54
2018-01-29,sz.002594,65.88,65.88,62.8,62.9,12521938,800199750.61
2018-01-30,sz.002594,62.88,63.95,62.76,63.45,5587707,354826318.65
2018-01-31,sz.002594,63.05,63.96,62.9,63.04,5429788,343948048.43
2018-02-01,sz.002594,63.05,63.49,59.88,60.66,12698390,773267406.12
2018-02-02,sz.002594,60.6,62.27,60.16,61.9,6972102,428724465.15
2018-02-05,sz.002594,60.3,61.78,60.24,61.47,4061040,248908792.59
2018-02-06,sz.002594,60.0,60.88,58.5,58.51,10398563,617879621.77
2018-02-07,sz.002594,59.99,60.39,57.03,58.9,8208535,483267912.11
2018-02-08,sz.002594,58.9,59.88,58.51,59.51,4597233,273521091.12
2018-02-09,sz.002594,57.9,58.45,56.33,56.65,9307603,533844304.91
2018-02-12,sz.002594,57.1,60.0,57.1,59.62,8051516,475216154.49
2018-02-13,sz.002594,60.0,60.62,59.31,59.5,5508074,330539304.18
2018-02-14,sz.002594,61.18,61.5,60.2,60.5,5590212,339523509.61
2018-02-22,sz.002594,61.98,63.35,61.3,62.32,9741308,608542083.08
2018-02-23,sz.002594,62.34,63.32,61.81,62.8,5983648,374402303.2
2018-02-26,sz.002594,63.88,65.69,63.88,64.91,15611445,1015836694.71
2018-02-27,sz.002594,64.5,64.93,63.38,63.46,10065076,644261728.76
2018-02-28,sz.002594,63.22,64.5,62.67,63.51,7737117,491273053.04
2018-03-01,sz.002594,62.95,63.44,62.5,63.27,7493469,472004143.91
2018-03-02,sz.002594,62.51,63.36,62.37,62.87,5927689,372641750.46
2018-03-05,sz.002594,63.0,65.9,62.91,65.12,14950507,969390126.88
2018-03-06,sz.002594,65.13,66.8,64.8,66.58,14968593,986303922.83
2018-03-07,sz.002594,66.0,66.49,64.5,64.53,9494193,620764971.14
2018-03-08,sz.002594,64.81,65.59,64.11,64.87,6430185,417031838.97
2018-03-09,sz.002594,65.0,65.8,64.37,65.55,8751471,570045131.17
2018-03-12,sz.002594,66.03,67.16,65.52,66.85,13719565,911208094.06
2018-03-13,sz.002594,66.85,67.5,65.68,66.0,11811185,785220076.5
2018-03-14,sz.002594,65.7,65.89,64.36,64.36,9978066,649479489.75
2018-03-15,sz.002594,64.02,65.44,64.02,64.7,7805325,505013096.8
2018-03-16,sz.002594,64.74,65.49,64.2,64.23,6841467,443482218.7
2018-03-19,sz.002594,64.25,64.85,63.9,64.25,5023529,323461041.94
2018-03-20,sz.002594,63.7,63.7,62.0,62.8,10842684,680033628.19
2018-03-21,sz.002594,62.99,63.82,62.4,62.6,8334041,527104976.18
2018-03-22,sz.002594,62.95,63.19,61.9,62.59,5897749,368290682.52
2018-03-23,sz.002594,59.97,61.94,58.8,59.48,12822271,769016433.16
2018-03-26,sz.002594,58.99,60.5,58.0,60.4,8401212,498479000.67
2018-03-27,sz.002594,61.1,61.6,60.72,61.3,7205320,440900076.19
2018-03-28,sz.002594,55.17,58.04,55.17,56.19,33011758,1857779370.91
2018-03-29,sz.002594,55.71,56.3,54.51,55.99,14004222,776010888.46
2018-03-30,sz.002594,56.88,56.98,56.01,56.3,8090050,456258468.47
2018-04-02,sz.002594,56.5,56.56,55.6,55.67,8326611,465170811.44
2018-04-03,sz.002594,55.0,55.0,53.7,54.27,12363418,669731880.04
2018-04-04,sz.002594,54.55,55.35,54.35,54.82,8153662,447590120.3
2018-04-09,sz.002594,54.9,56.98,54.9,56.34,11984061,672904833.76
2018-04-10,sz.002594,56.33,57.75,55.88,56.66,10846948,615247987.38
2018-04-11,sz.002594,56.7,56.87,55.8,56.13,7456937,418713522.74
2018-04-12,sz.002594,56.15,56.39,55.8,55.9,5243763,294093347.12
2018-04-13,sz.002594,56.21,56.4,55.47,55.6,4133347,230903158.02
2018-04-16,sz.002594,55.5,56.07,54.7,54.92,5304659,293221747.59
2018-04-17,sz.002594,55.12,55.3,53.51,53.59,7227299,391578011.64
2018-04-18,sz.002594,54.2,54.3,51.98,53.45,9204701,488104454.49
2018-04-19,sz.002594,53.36,54.2,53.03,53.87,5136294,276457848.02
2018-04-20,sz.002594,54.0,54.0,52.1,52.26,5854371,309786715.7
2018-04-23,sz.002594,52.24,53.19,52.1,52.95,5392605,284605142.35
2018-04-24,sz.002594,52.88,54.1,52.88,54.08,5542609,297599247.96
2018-04-25,sz.002594,53.86,54.19,53.6,53.84,4487094,241713280.43
2018-04-26,sz.002594,53.91,54.1,52.5,52.53,5253581,278828634.36
2018-04-27,sz.002594,53.11,53.38,52.54,52.96,4199609,222444774.41
2018-05-02,sz.002594,50.8,50.81,48.89,49.25,14000805,693760452.03
2018-05-03,sz.002594,49.26,49.78,48.58,49.61,7399793,363859038.62
2018-05-04,sz.002594,49.1,49.45,48.96,49.25,4959069,243739610.65
2018-05-07,sz.002594,49.88,50.8,49.0,50.36,7491973,375182085.51
2018-05-08,sz.002594,50.37,52.35,50.36,51.88,8114348,418570268.16
2018-05-09,sz.002594,52.0,52.02,51.21,51.5,4674431,240992244.95
2018-05-10,sz.002594,51.65,52.35,51.16,51.84,4166991,215527482.5
2018-05-11,sz.002594,51.83,53.4,51.32,52.95,9219343,485080674.73
2018-05-14,sz.002594,53.15,53.86,52.42,52.66,6623421,351087631.67
2018-05-15,sz.002594,52.83,53.46,52.52,53.07,5533835,293343587.05
2018-05-16,sz.002594,53.05,53.46,52.33,52.68,5493480,290527932.44
2018-05-17,sz.002594,52.72,53.19,52.53,52.77,3762015,198769278.51
2018-05-18,sz.002594,52.98,54.25,52.79,54.0,8874363,475746084.95
2018-05-21,sz.002594,54.45,55.18,54.11,54.54,7449515,406861057.45
2018-05-22,sz.002594,54.55,55.2,54.14,55.0,5623949,308464966.96
2018-05-23,sz.002594,54.49,55.79,53.71,54.68,7866064,432530174.05
2018-05-24,sz.002594,54.5,54.99,53.8,54.15,5034905,273646243.2
2018-05-25,sz.002594,54.2,55.23,54.2,54.22,5060632,276703124.59
2018-05-28,sz.002594,54.29,54.98,52.72,52.78,6013217,322785115.66
2018-05-29,sz.002594,52.53,54.28,52.42,53.5,7287745,391219743.94
2018-05-30,sz.002594,53.0,53.02,50.01,50.4,10383038,531139583.65
2018-05-31,sz.002594,50.42,51.25,50.42,51.15,5792853,295133224.45
2018-06-01,sz.002594,51.36,51.37,50.02,50.91,4515916,229157934.96
2018-06-04,sz.002594,50.72,51.2,50.05,50.2,5279613,265822585.42
2018-06-05,sz.002594,50.2,51.24,49.8,51.22,5528592,279721414.7
2018-06-06,sz.002594,50.85,51.8,50.6,51.12,6498378,331700726.43
2018-06-07,sz.002594,51.5,51.57,50.9,50.92,4328999,221696045.98
2018-06-08,sz.002594,50.92,50.99,49.9,50.13,5133867,257351122.42
2018-06-11,sz.002594,50.12,50.13,49.3,49.42,4280618,212520366.46
2018-06-12,sz.002594,49.69,50.2,49.0,50.03,4621218,229627048.39
2018-06-13,sz.002594,50.1,50.12,48.91,49.06,4881987,240481696.96
2018-06-14,sz.002594,48.68,49.44,48.6,49.05,3812559,186776441.45
2018-06-15,sz.002594,49.09,49.28,48.13,48.18,4937586,239521337.77
2018-06-19,sz.002594,47.6,47.6,43.45,44.98,11973944,544796160.49
2018-06-20,sz.002594,44.44,46.22,44.44,45.39,5696299,257906372.23
2018-06-21,sz.002594,45.77,47.36,45.4,45.77,7618262,353226547.57
2018-06-22,sz.002594,45.82,47.25,45.52,46.85,6045474,280666477.82
2018-06-25,sz.002594,47.7,47.7,45.92,46.06,5741805,267602978.88
2018-06-26,sz.002594,45.99,47.12,45.22,46.38,6411604,297323008.87
2018-06-27,sz.002594,46.59,48.1,46.5,47.1,9552488,453690793.79
2018-06-28,sz.002594,47.1,47.44,45.81,46.01,6127316,285276155.69
2018-06-29,sz.002594,46.12,47.77,45.99,47.68,7497605,351475140.99
2018-07-02,sz.002594,47.67,47.67,45.85,45.98,6175749,288563470.44
2018-07-03,sz.002594,46.46,46.72,44.06,45.35,9310313,421287431.59
2018-07-04,sz.002594,45.35,46.13,45.0,45.79,6341935,289309686.95
2018-07-05,sz.002594,45.79,46.89,45.4,45.58,5573749,257799358.91
2018-07-06,sz.002594,46.27,46.76,45.52,46.03,6781212,314076550.31
2018-07-09,sz.002594,46.39,46.95,45.91,46.52,7289341,337170010.67
2018-07-10,sz.002594,46.55,46.88,46.31,46.63,4639056,216079243.82
2018-07-11,sz.002594,45.62,46.03,44.73,45.46,5074254,230516244.76
2018-07-12,sz.002594,45.8,47.0,45.68,46.52,6961729,322903030.45
2018-07-13,sz.002594,46.62,46.62,45.8,45.95,5328370,246023438.25
2018-07-16,sz.002594,44.8,44.8,42.8,43.95,12503328,549450646.32
2018-07-17,sz.002594,43.46,43.9,42.78,43.55,6939540,300926791.97
2018-07-18,sz.002594,43.55,44.24,43.22,43.3,4487454,196079174.87
2018-07-19,sz.002594,43.58,43.58,41.98,42.15,6187697,263568678.07
2018-07-20,sz.002594,42.5,43.16,42.16,42.91,5693464,243361983.93
2018-07-23,sz.002594,42.69,43.85,42.51,43.5,5194110,225317617.79
2018-07-24,sz.002594,43.7,44.43,43.41,44.29,5547984,244567193.46
2018-07-25,sz.002594,44.54,44.54,43.7,44.05,6474865,285047289.78
2018-07-26,sz.002594,44.05,44.23,42.88,43.0,5179019,224937888.34
2018-07-27,sz.002594,43.02,43.34,42.72,42.99,3678962,158234195.68
2018-07-30,sz.002594,42.95,43.1,41.85,42.5,5592982,236871679.29
2018-07-31,sz.002594,42.54,42.54,42.04,42.24,3021163,127788053.35
2018-08-01,sz.002594,42.82,42.97,41.88,41.98,4429180,187567711.26
2018-08-02,sz.002594,41.95,41.98,39.5,40.1,10798045,434793686.13
2018-08-03,sz.002594,40.28,40.48,38.2,38.33,9651578,378310911.24
2018-08-06,sz.002594,38.33,38.65,36.88,37.29,7378820,279140177.29
2018-08-07,sz.002594,37.68,38.0,36.73,38.0,6816475,255655370.01
2018-08-08,sz.002594,38.02,39.49,38.02,38.29,7306954,282739399.41
2018-08-09,sz.002594,37.89,39.55,37.83,39.25,7487555,292537448.82
2018-08-10,sz.002594,39.4,41.77,39.4,41.69,10358365,422283651.97
2018-08-13,sz.002594,41.1,43.55,40.88,43.17,13233097,562164129.14
2018-08-14,sz.002594,43.17,43.95,42.61,43.15,8199057,354897702.45
2018-08-15,sz.002594,43.0,43.9,41.78,42.13,9882281,422981147.33
2018-08-16,sz.002594,41.45,43.2,41.24,42.26,7403766,313880308.51
2018-08-17,sz.002594,42.95,43.0,42.01,42.45,5745969,244648242.82
2018-08-20,sz.002594,42.97,45.35,42.9,45.24,14721713,652700919.12
2018-08-21,sz.002594,45.25,45.58,44.4,44.9,9845957,442864999.18
2018-08-22,sz.002594,45.55,45.81,44.16,44.79,9088071,408588402.12
2018-08-23,sz.002594,44.82,45.4,43.62,44.32,8331691,370017549.61
2018-08-24,sz.002594,44.35,44.35,42.82,43.45,7830950,339680030.42
2018-08-27,sz.002594,43.44,45.25,43.38,45.01,8764104,392169181.93
2018-08-28,sz.002594,45.05,46.15,44.92,45.59,8094281,368320457.24
2018-08-29,sz.002594,45.41,46.82,45.41,46.3,9144833,423581624.83
2018-08-30,sz.002594,45.5,46.42,44.64,45.0,9124095,413735712.81
2018-08-31,sz.002594,44.42,44.88,43.9,44.46,6689826,296774484.0
2018-09-03,sz.002594,44.39,44.39,43.13,43.67,5608026,244217934.58
2018-09-04,sz.002594,43.89,44.58,43.61,44.52,5957430,263787461.51
2018-09-05,sz.002594,44.08,44.51,42.5,42.5,8285524,358289748.45
2018-09-06,sz.002594,42.5,43.2,42.05,42.6,4691589,200948426.34
2018-09-07,sz.002594,43.29,44.08,42.65,42.82,6876474,298371255.22
2018-09-10,sz.002594,42.98,43.44,41.15,41.73,5293319,222230731.6
2018-09-11,sz.002594,41.55,41.86,40.91,41.52,3522314,145958369.28
2018-09-12,sz.002594,41.01,42.5,40.71,42.04,5587593,233559547.2
2018-09-13,sz.002594,42.71,43.05,42.09,42.92,5544831,235991197.25
2018-09-14,sz.002594,44.21,45.45,44.21,44.81,10533703,470960344.04
2018-09-17,sz.002594,44.0,45.46,43.5,44.81,8519487,380849816.82
2018-09-18,sz.002594,44.17,45.34,44.05,45.08,6812547,305784416.35
2018-09-19,sz.002594,45.1,47.38,44.7,46.96,13001123,605521150.33
2018-09-20,sz.002594,46.96,47.5,45.95,45.95,8202530,384946509.73
2018-09-21,sz.002594,47.5,48.75,46.6,47.01,16241236,771531286.21
2018-09-25,sz.002594,47.3,48.65,47.3,48.2,10244705,493193076.95
2018-09-26,sz.002594,48.66,48.95,47.78,48.26,9968182,481689819.5
2018-09-27,sz.002594,48.5,48.6,47.5,47.8,6277425,301075048.55
2018-09-28,sz.002594,48.0,49.28,47.9,49.1,7687114,375320282.59
2018-10-08,sz.002594,47.0,47.95,46.42,46.55,11138904,525032408.68
2018-10-09,sz.002594,46.61,47.6,46.61,47.09,4162304,196036934.19
2018-10-10,sz.002594,47.35,47.56,45.45,45.91,8821547,406966964.63
2018-10-11,sz.002594,44.41,45.18,42.67,42.82,11979539,525829641.73
2018-10-12,sz.002594,43.21,46.8,43.21,46.42,12920513,582234034.45
2018-10-15,sz.002594,46.58,47.85,46.3,46.93,9543135,449287101.98
2018-10-16,sz.002594,46.95,47.46,45.28,45.96,6469709,298245832.38
2018-10-17,sz.002594,46.7,47.66,45.88,47.31,11026262,517523050.51
2018-10-18,sz.002594,47.0,47.3,45.71,46.18,8386495,389252607.22
2018-10-19,sz.002594,45.08,47.27,44.0,47.02,11998553,548809979.34
2018-10-22,sz.002594,47.61,50.2,47.56,50.01,16894490,830863889.3
2018-10-23,sz.002594,49.85,49.99,47.3,48.46,11535817,561568014.03
2018-10-24,sz.002594,48.3,49.74,48.01,48.77,10453687,511363113.41
2018-10-25,sz.002594,47.35,49.75,46.89,49.6,11084735,534735630.12
2018-10-26,sz.002594,49.99,50.14,47.98,48.62,7678049,375759895.54
2018-10-29,sz.002594,48.63,48.98,46.9,47.38,6928376,330502208.75
2018-10-30,sz.002594,47.45,47.74,44.88,46.53,9648676,446449785.25
2018-10-31,sz.002594,46.44,47.45,46.1,46.79,6115922,286724573.73
2018-11-01,sz.002594,47.23,47.5,44.98,45.7,10901961,506616966.15
2018-11-02,sz.002594,46.45,48.15,45.7,48.02,13915635,653896214.37
2018-11-05,sz.002594,48.0,49.12,47.2,48.25,11008811,530983606.58
2018-11-06,sz.002594,48.17,48.18,46.9,47.63,5565795,263813779.85
2018-11-07,sz.002594,46.6,48.05,46.59,47.25,6952911,328618537.42
2018-11-08,sz.002594,47.68,49.55,47.68,48.98,14215855,691476023.2
2018-11-09,sz.002594,48.8,50.89,48.33,50.0,14677306,733720348.48
2018-11-12,sz.002594,49.98,52.1,49.7,51.61,13371184,686089554.92
2018-11-13,sz.002594,50.62,52.45,50.5,51.0,10587544,544505063.21
2018-11-14,sz.002594,50.93,52.8,50.88,51.9,10212868,532606599.41
2018-11-15,sz.002594,51.66,52.29,51.36,51.81,6945786,359591469.08
2018-11-16,sz.002594,52.0,52.7,50.89,51.55,11324088,586888029.2
2018-11-19,sz.002594,51.72,55.3,51.58,54.7,16248777,875664702.55
2018-11-20,sz.002594,54.0,56.98,53.4,55.4,17321080,959224885.81
2018-11-21,sz.002594,54.76,56.0,54.1,55.0,9410096,516953989.17
2018-11-22,sz.002594,54.65,56.96,54.65,55.3,10200186,570471566.82
2018-11-23,sz.002594,55.3,55.67,53.31,54.0,9517096,515611648.03
2018-11-26,sz.002594,53.91,55.3,53.48,54.16,8274626,449937036.88
2018-11-27,sz.002594,54.55,57.4,54.55,57.25,15915610,898849519.09
2018-11-28,sz.002594,57.25,58.68,56.31,57.65,12095946,695702141.14
2018-11-29,sz.002594,57.85,59.1,57.1,57.65,10492041,609939043.11
2018-11-30,sz.002594,57.43,58.4,56.42,57.0,8964839,514882194.42
2018-12-03,sz.002594,58.35,58.92,55.58,56.08,19425836,1110534662.47
2018-12-04,sz.002594,55.4,56.84,55.11,56.32,11827968,663603374.39
2018-12-05,sz.002594,55.65,58.15,55.14,57.93,15624838,887736695.95
2018-12-06,sz.002594,57.51,57.8,54.88,55.35,13582484,759428435.25
2018-12-07,sz.002594,55.9,57.9,55.55,56.89,12635419,718653311.32
2018-12-10,sz.002594,56.02,56.55,55.05,55.39,11549923,642323334.4
2018-12-11,sz.002594,55.72,57.34,55.7,56.16,11147780,630306945.09
2018-12-12,sz.002594,56.7,58.48,56.6,58.25,13120408,756589988.35
2018-12-13,sz.002594,58.25,58.56,57.12,58.4,10106504,585047648.95
2018-12-14,sz.002594,58.37,58.99,56.9,57.3,9291118,537878635.7
2018-12-17,sz.002594,56.67,57.0,54.0,54.89,14295598,786141531.9
2018-12-18,sz.002594,54.05,56.1,53.98,55.04,9136520,504509550.12
2018-12-19,sz.002594,55.21,55.95,53.38,53.5,11336310,617053242.73
2018-12-20,sz.002594,53.51,54.34,52.83,53.87,10432225,560669532.81
2018-12-21,sz.002594,53.61,54.19,51.92,52.98,10320890,545598258.83
2018-12-24,sz.002594,52.73,53.44,52.08,53.21,8160071,431280133.38
2018-12-25,sz.002594,52.6,52.99,50.88,52.22,11245635,584096975.24
2018-12-26,sz.002594,52.24,52.68,51.0,51.0,7739062,401148280.14
2018-12-27,sz.002594,52.11,52.45,50.76,50.84,10076150,519075086.05
2018-12-28,sz.002594,50.86,51.4,50.11,51.0,8250706,419993120.42
2019-01-02,sz.002594,51.02,51.39,48.98,49.17,8555445,424670600.26
2019-01-03,sz.002594,49.26,49.87,47.98,48.06,8347760,407386244.46
2019-01-04,sz.002594,47.8,51.0,47.51,50.65,12653787,627892541.76
2019-01-07,sz.002594,50.85,51.88,50.0,51.39,13604550,693197812.74
2019-01-08,sz.002594,52.3,53.64,52.05,52.88,14705157,777381422.63
2019-01-09,sz.002594,51.8,53.0,48.5,50.46,26220530,1327590600.24
2019-01-10,sz.002594,49.9,50.19,48.64,48.85,15345590,757175097.62
2019-01-11,sz.002594,48.5,49.29,48.38,49.02,9679955,472494719.31
2019-01-14,sz.002594,49.2,49.21,47.31,48.8,10974634,527419471.1
2019-01-15,sz.002594,48.39,48.96,47.85,48.8,8353065,405053064.4
2019-01-16,sz.002594,48.8,49.12,48.32,48.93,6592379,321851881.04
2019-01-17,sz.002594,48.9,48.91,47.33,47.49,9874378,471791914.63
2019-01-18,sz.002594,47.49,47.49,46.04,46.82,12599591,587354337.16
2019-01-21,sz.002594,46.76,48.26,46.12,48.21,13123326,623110349.02
2019-01-22,sz.002594,48.06,48.8,47.6,47.7,8409377,405187157.13
2019-01-23,sz.002594,47.42,48.88,47.33,48.8,9661967,468388887.43
2019-01-24,sz.002594,48.93,48.97,47.66,48.52,7171159,346868853.15
2019-01-25,sz.002594,48.55,49.64,48.19,49.18,10092916,495909173.06
2019-01-28,sz.002594,49.2,49.85,48.28,48.46,8625359,421062141.89
2019-01-29,sz.002594,48.45,48.45,47.03,48.0,6150317,294079276.11
2019-01-30,sz.002594,47.95,48.27,46.9,47.15,8342614,395168911.38
2019-01-31,sz.002594,47.1,47.49,46.27,46.42,7188509,336548858.57
2019-02-01,sz.002594,46.75,48.31,46.51,48.27,9178000,437206887.7
2019-02-11,sz.002594,48.8,50.33,48.8,50.2,12887065,643280484.92
2019-02-12,sz.002594,50.21,51.15,49.88,50.58,10299151,520271543.73
2019-02-13,sz.002594,50.58,52.09,50.32,51.57,12296482,631189934.42
2019-02-14,sz.002594,51.85,54.06,51.85,53.72,16912415,900048082.77
2019-02-15,sz.002594,53.4,53.4,51.52,51.67,15291589,798355783.25
2019-02-18,sz.002594,51.93,52.79,51.64,52.45,16818485,878505553.56
2019-02-19,sz.002594,52.5,52.66,50.99,51.74,14436453,746470487.8
2019-02-20,sz.002594,51.8,52.8,51.54,52.36,12499899,653706171.73
2019-02-21,sz.002594,52.3,53.01,51.56,51.94,12605557,659357725.73
2019-02-22,sz.002594,51.8,51.88,50.9,51.88,11967784,614630406.86
2019-02-25,sz.002594,51.88,55.13,51.5,55.06,25838209,1389428008.96
2019-02-26,sz.002594,57.2,58.67,56.44,56.74,29199550,1676147790.16
2019-02-27,sz.002594,56.2,56.25,54.15,54.96,22854262,1257964248.31
2019-02-28,sz.002594,55.12,55.22,54.16,54.51,9423738,515781621.77
2019-03-01,sz.002594,54.88,54.98,52.88,53.8,17456253,935733501.23
2019-03-04,sz.002594,54.0,54.79,52.73,53.68,30225810,1617182254.72
2019-03-05,sz.002594,53.66,54.23,53.0,54.08,19630591,1054132204.0
2019-03-06,sz.002594,54.5,54.96,53.5,54.44,22052178,1195892022.01
2019-03-07,sz.002594,54.1,54.1,53.01,53.38,18283943,976603632.7
2019-03-08,sz.002594,53.0,53.0,51.05,51.12,18528150,962751253.22
2019-03-11,sz.002594,51.1,52.48,51.1,52.37,12619650,654575666.55
2019-03-12,sz.002594,52.4,52.88,51.71,51.99,13861548,725665664.02
2019-03-13,sz.002594,51.78,52.77,51.3,52.0,12720968,662997519.03
2019-03-14,sz.002594,52.01,55.15,52.01,54.57,35036743,1889955259.41
2019-03-15,sz.002594,55.05,56.2,54.13,55.39,25542562,1416034163.82
2019-03-18,sz.002594,55.5,56.44,55.39,55.66,15458909,863433541.01
2019-03-19,sz.002594,56.15,56.66,55.51,55.99,12405988,695763500.43
2019-03-20,sz.002594,56.25,56.67,54.85,55.4,12272270,685243136.55
2019-03-21,sz.002594,55.4,55.98,54.64,55.05,10900192,603820541.72
2019-03-22,sz.002594,55.15,57.58,54.99,57.0,17303254,982926478.66
2019-03-25,sz.002594,56.0,57.97,55.72,56.5,12456202,709514797.52
2019-03-26,sz.002594,57.0,57.55,55.08,55.25,10554904,594394980.05
2019-03-27,sz.002594,54.77,56.55,53.7,54.71,14745006,804456203.39
2019-03-28,sz.002594,55.65,55.66,52.5,52.77,16794728,895034578.65
2019-03-29,sz.002594,52.86,53.56,52.16,53.49,12835396,680888783.66
2019-04-01,sz.002594,53.54,54.79,53.3,54.45,16069815,870253123.13
2019-04-02,sz.002594,54.61,54.98,54.0,54.68,12843660,697294567.16
2019-04-03,sz.002594,54.71,54.9,54.17,54.39,10170257,554172127.54
2019-04-04,sz.002594,54.54,55.64,54.42,55.19,14770621,814495088.95
2019-04-08,sz.002594,55.48,55.62,52.9,53.44,16560019,896323907.51
2019-04-09,sz.002594,53.55,55.3,53.55,54.93,13304870,724828855.24
2019-04-10,sz.002594,54.95,56.3,53.67,55.52,17645457,976494639.45
2019-04-11,sz.002594,55.78,57.4,54.73,54.93,18387302,1031866080.18
2019-04-12,sz.002594,54.75,54.75,53.67,54.09,8946041,484592128.34
2019-04-15,sz.002594,54.46,55.24,53.33,53.54,10020148,544377825.21
2019-04-16,sz.002594,53.54,57.05,53.3,56.73,21009570,1165362389.3
2019-04-17,sz.002594,58.1,62.4,58.1,62.4,49171414,2999382073.34
2019-04-18,sz.002594,62.3,62.31,58.9,59.32,31469652,1902702645.8
2019-04-19,sz.002594,59.01,61.8,58.51,60.13,17436429,1050880591.18
2019-04-22,sz.002594,60.0,60.13,57.19,57.71,15252484,888126618.22
2019-04-23,sz.002594,57.75,57.91,56.61,56.96,9968587,569865394.84
2019-04-24,sz.002594,57.44,58.17,56.65,58.15,11292285,651607907.2
2019-04-25,sz.002594,57.7,57.7,56.0,56.16,9292485,526376238.23
2019-04-26,sz.002594,56.09,56.59,55.13,55.36,8208926,457693828.77
2019-04-29,sz.002594,56.5,56.98,55.45,55.65,10512820,591529429.1
2019-04-30,sz.002594,55.55,56.9,55.25,56.9,7927423,447723208.08
2019-05-06,sz.002594,54.88,55.28,51.84,52.05,13554364,725208717.19
2019-05-07,sz.002594,52.42,53.58,52.07,53.01,8574247,454013999.15
2019-05-08,sz.002594,52.03,53.32,51.41,51.85,9814703,511300537.45
2019-05-09,sz.002594,51.9,52.25,50.67,51.11,7426390,380777299.41
2019-05-10,sz.002594,51.86,52.32,49.7,52.26,9046503,467950646.4
2019-05-13,sz.002594,52.2,52.2,50.5,51.02,6496077,331705667.92
2019-05-14,sz.002594,50.45,51.0,50.1,50.19,6297478,318067063.02
2019-05-15,sz.002594,50.61,51.33,50.33,51.29,6802685,346688295.53
2019-05-16,sz.002594,51.25,51.89,51.2,51.47,5837700,300715977.26
2019-05-17,sz.002594,51.3,51.45,50.0,50.22,6750482,340767750.82
2019-05-20,sz.002594,50.4,50.42,48.5,49.0,7829597,383243529.61
2019-05-21,sz.002594,49.16,49.61,48.7,49.4,5986063,295136969.61
2019-05-22,sz.002594,49.49,49.51,48.6,48.93,5262337,257348049.21
2019-05-23,sz.002594,49.3,49.48,47.47,47.59,10705719,514288095.93
2019-05-24,sz.002594,47.71,49.69,47.0,48.61,9376616,451740393.15
2019-05-27,sz.002594,48.3,48.99,47.3,48.81,7956686,383543247.94
2019-05-28,sz.002594,48.81,50.5,48.71,50.5,12252548,610836937.65
2019-05-29,sz.002594,49.51,49.95,49.27,49.6,5665872,281063737.33
2019-05-30,sz.002594,49.5,49.5,48.25,48.37,5540362,269187302.95
2019-05-31,sz.002594,48.64,48.93,47.87,48.25,5359067,259382616.62
2019-06-03,sz.002594,48.71,49.16,48.04,48.79,5396170,261923867.16
2019-06-04,sz.002594,48.44,48.6,47.7,48.51,4933099,237326287.1
2019-06-05,sz.002594,48.98,49.35,48.6,48.9,6727146,329419970.4
2019-06-06,sz.002594,49.69,50.12,49.0,49.37,10634788,527701775.62
2019-06-10,sz.002594,51.0,51.91,50.66,50.9,13108181,671025777.62
2019-06-11,sz.002594,50.57,51.69,50.15,51.55,11968634,611970770.94
2019-06-12,sz.002594,51.56,51.56,50.56,50.75,9379099,476661987.28
2019-06-13,sz.002594,50.7,50.7,49.89,50.22,6805893,341679829.65
2019-06-14,sz.002594,50.3,50.49,49.3,49.35,6255308,311449188.73
2019-06-17,sz.002594,49.49,49.93,49.0,49.1,5300507,261630786.24
2019-06-18,sz.002594,49.11,49.6,48.97,49.2,5472368,269093638.6
2019-06-19,sz.002594,50.12,50.35,49.46,49.6,9254967,461559434.38
2019-06-20,sz.002594,49.6,50.49,49.08,50.29,12116866,604664111.42
2019-06-21,sz.002594,50.2,50.68,50.0,50.55,10652486,537052469.83
2019-06-24,sz.002594,50.55,50.88,50.21,50.76,6540116,331224645.04
2019-06-25,sz.002594,50.5,50.68,49.7,49.9,7874219,393724882.46
2019-06-26,sz.002594,49.56,50.6,49.41,50.03,5713927,286425558.19
2019-06-27,sz.002594,50.2,50.86,50.06,50.54,8118108,410302470.55
2019-06-28,sz.002594,50.55,50.83,50.23,50.72,5517097,278912037.38
2019-07-01,sz.002594,51.6,52.13,51.08,51.91,11436363,591468284.77
2019-07-02,sz.002594,51.91,54.4,51.55,53.18,15855634,845973987.85
2019-07-03,sz.002594,53.18,54.2,52.77,53.4,11872344,636771038.96
2019-07-04,sz.002594,53.42,54.11,52.82,53.24,8147145,435697733.48
2019-07-05,sz.002594,53.24,53.77,52.18,53.26,8251329,437855977.28
2019-07-08,sz.002594,53.27,53.29,51.26,52.32,9730846,509579132.02
2019-07-09,sz.002594,52.19,55.05,52.07,54.89,18105310,978273334.34
2019-07-10,sz.002594,54.6,54.6,53.51,53.9,11979195,645839746.43
2019-07-11,sz.002594,53.92,54.15,52.89,53.25,9230370,493283916.06
2019-07-12,sz.002594,53.3,54.78,53.2,54.26,10375030,562711506.12
2019-07-15,sz.002594,54.28,55.88,53.62,55.35,12220676,672943701.46
2019-07-16,sz.002594,55.14,55.25,54.6,54.78,5394609,295764350.3
2019-07-17,sz.002594,54.79,55.2,54.4,54.65,6212871,340228560.85
2019-07-18,sz.002594,54.37,54.37,53.06,53.45,8958440,478991316.61
2019-07-19,sz.002594,53.61,54.23,53.36,53.93,6007225,323902159.82
2019-07-22,sz.002594,54.5,55.43,54.04,54.9,11534418,632700582.54
2019-07-23,sz.002594,54.8,57.25,54.36,56.33,14107181,790277018.22
2019-07-24,sz.002594,56.8,57.26,56.2,56.34,10612397,602258056.37
2019-07-25,sz.002594,56.34,56.98,55.82,56.8,6902262,389643343.57
2019-07-26,sz.002594,56.25,57.88,56.0,57.42,10588385,605449724.41
2019-07-29,sz.002594,57.84,57.95,56.59,57.22,6343402,362394960.08
2019-07-30,sz.002594,57.25,57.46,56.54,57.08,7548523,429968220.71
2019-07-31,sz.002594,56.8,56.8,55.48,55.95,8971983,502687430.17
2019-08-01,sz.002594,55.7,56.28,55.18,55.73,8866960,493036920.66
2019-08-02,sz.002594,54.06,55.03,53.85,54.39,8417992,458483256.19
2019-08-05,sz.002594,54.2,54.47,52.21,52.38,10457532,555556899.13
2019-08-06,sz.002594,51.41,51.98,50.45,51.37,10836219,554889918.84
2019-08-07,sz.002594,51.65,51.9,50.57,50.8,7113098,363369325.42
2019-08-08,sz.002594,51.13,51.31,50.5,50.86,7145616,363707712.0
2019-08-09,sz.002594,51.3,51.96,50.86,50.99,8577344,440459429.1
2019-08-12,sz.002594,50.88,51.2,49.8,51.2,9073899,458849775.08
2019-08-13,sz.002594,50.51,50.69,49.4,49.5,13533320,674159669.13
2019-08-14,sz.002594,50.2,50.5,49.76,50.29,9268729,465589310.85
2019-08-15,sz.002594,49.45,50.37,49.04,50.11,6644666,330083346.47
2019-08-16,sz.002594,50.3,51.55,50.12,51.07,9030127,461801383.15
2019-08-19,sz.002594,52.0,52.19,51.2,52.1,10680625,553165931.24
2019-08-20,sz.002594,51.79,52.09,51.3,51.43,8799564,454068932.7
2019-08-21,sz.002594,51.33,51.62,50.88,51.62,8567785,438446555.62
2019-08-22,sz.002594,50.9,50.9,49.67,50.21,21108924,1057906186.18
2019-08-23,sz.002594,50.0,50.01,48.24,48.89,24696939,1209219992.71
2019-08-26,sz.002594,48.02,49.05,47.74,49.03,14227441,690592163.65
2019-08-27,sz.002594,49.12,49.63,49.1,49.54,14479160,715147678.66
2019-08-28,sz.002594,50.3,51.34,49.79,49.81,17650972,890016555.92
2019-08-29,sz.002594,49.78,49.78,48.8,49.1,9740862,478134197.34
2019-08-30,sz.002594,49.58,49.89,49.16,49.45,10182534,504256094.56
2019-09-02,sz.002594,49.98,50.0,49.34,49.72,11833676,587224054.49
2019-09-03,sz.002594,49.99,49.99,49.15,49.49,9567533,472364324.5
2019-09-04,sz.002594,49.48,49.48,49.01,49.37,10703502,525959123.46
2019-09-05,sz.002594,49.5,50.4,49.49,50.14,17490743,875402270.34
2019-09-06,sz.002594,50.34,51.2,50.21,50.49,14657357,741340589.6
2019-09-09,sz.002594,50.85,51.66,50.56,51.58,19482841,997120932.35
2019-09-10,sz.002594,51.7,51.87,50.86,51.15,12837364,656697450.51
2019-09-11,sz.002594,51.26,51.68,50.9,51.11,11635720,595551884.75
2019-09-12,sz.002594,51.3,51.38,50.36,50.79,9914481,503285197.58
2019-09-16,sz.002594,51.35,51.36,50.85,51.16,8378772,428267710.27
2019-09-17,sz.002594,51.2,51.23,49.68,49.97,10559765,529991140.73
2019-09-18,sz.002594,50.0,50.13,49.81,50.04,5328299,266325727.5
2019-09-19,sz.002594,50.18,50.26,49.8,50.19,6170761,308751024.16
2019-09-20,sz.002594,50.4,50.44,50.0,50.07,6876285,344745443.78
2019-09-23,sz.002594,49.9,49.95,48.85,49.18,9593517,471134534.17
2019-09-24,sz.002594,49.4,50.4,49.19,49.87,7983375,398163616.48
2019-09-25,sz.002594,49.85,49.85,48.9,49.04,8075345,396537328.54
2019-09-26,sz.002594,49.3,49.5,48.48,48.49,6952445,339274800.96
2019-09-27,sz.002594,48.49,48.81,48.38,48.58,4068099,197703060.87
2019-09-30,sz.002594,48.65,49.13,48.54,48.78,4914451,240165086.83
2019-10-08,sz.002594,48.8,49.26,48.3,48.42,4861484,237568931.19
2019-10-09,sz.002594,48.3,48.32,47.28,48.09,5047112,241379431.67
2019-10-10,sz.002594,48.4,49.2,48.36,49.0,6255309,306006456.89
2019-10-11,sz.002594,48.5,48.96,47.97,48.43,7574174,368013990.38
2019-10-14,sz.002594,48.98,49.38,48.5,48.85,8388152,410269732.84
2019-10-15,sz.002594,48.9,49.0,47.9,48.0,7661072,369180666.98
2019-10-16,sz.002594,48.0,48.24,47.48,47.52,7150354,340699060.43
2019-10-17,sz.002594,47.52,47.75,47.4,47.52,3851023,183173449.84
2019-10-18,sz.002594,47.99,47.99,46.82,46.9,7500971,353826124.12
2019-10-21,sz.002594,46.9,46.98,46.21,46.57,5282536,245221092.31
2019-10-22,sz.002594,46.59,46.86,46.52,46.8,3322407,155146533.53
2019-10-23,sz.002594,46.79,46.95,46.56,46.6,3036755,141635932.95
2019-10-24,sz.002594,46.5,46.82,46.5,46.66,3156884,147314379.99
2019-10-25,sz.002594,46.8,47.17,46.44,47.04,3707553,173422874.15
2019-10-28,sz.002594,47.03,47.46,47.03,47.3,5259192,248669255.01
2019-10-29,sz.002594,47.34,47.89,47.1,47.15,5510938,261660444.34
2019-10-30,sz.002594,45.9,45.9,43.5,43.96,17241884,764931680.79
2019-10-31,sz.002594,43.95,43.95,42.6,42.85,11068357,475701013.34
2019-11-01,sz.002594,42.8,43.75,42.3,43.57,6730450,291051703.68
2019-11-04,sz.002594,43.57,43.8,43.13,43.43,5411918,234941651.69
2019-11-05,sz.002594,43.52,44.35,43.02,43.95,7699013,336061252.93
2019-11-06,sz.002594,44.1,44.85,43.53,44.31,9671421,429240472.75
2019-11-07,sz.002594,44.03,45.65,43.69,44.68,9683550,433523302.55
2019-11-08,sz.002594,45.88,45.95,44.8,44.88,9137313,414639250.2
2019-11-11,sz.002594,44.8,44.8,43.63,43.95,6167358,272426327.86
2019-11-12,sz.002594,43.92,44.33,43.55,44.1,4456929,196281802.93
2019-11-13,sz.002594,44.12,44.17,43.0,43.28,5797794,251998384.69
2019-11-14,sz.002594,43.5,43.82,43.32,43.52,4039789,175929259.88
2019-11-15,sz.002594,43.53,43.63,42.8,43.12,4614919,199139088.34
2019-11-18,sz.002594,42.9,43.03,42.52,42.83,5368647,229761352.41
2019-11-19,sz.002594,42.56,43.75,42.56,43.74,5346348,231949857.69
2019-11-20,sz.002594,43.6,43.6,43.01,43.1,3938684,170527992.56
2019-11-21,sz.002594,43.2,43.87,42.78,43.62,5699971,247633914.54
2019-11-22,sz.002594,43.73,44.6,43.45,43.82,7026890,309191771.9
2019-11-25,sz.002594,44.16,45.28,43.54,44.87,12172663,541772289.83
2019-11-26,sz.002594,44.78,45.09,43.75,44.6,9956805,442825714.55
2019-11-27,sz.002594,44.46,44.47,43.85,43.9,4833098,212902105.76
2019-11-28,sz.002594,43.58,43.73,43.15,43.18,4812003,208644192.04
2019-11-29,sz.002594,43.27,43.62,43.02,43.39,4410362,190926826.85
2019-12-02,sz.002594,43.39,43.54,43.05,43.15,4331093,187308255.85
2019-12-03,sz.002594,43.15,43.84,42.99,43.79,4704804,204097553.82
2019-12-04,sz.002594,43.72,44.44,43.44,44.13,6895971,303525492.79
2019-12-05,sz.002594,44.2,44.41,43.9,44.04,6286453,277165400.34
2019-12-06,sz.002594,44.05,44.14,43.47,43.71,6814573,297440950.94
2019-12-09,sz.002594,43.71,43.8,43.27,43.38,5825985,252881168.6
2019-12-10,sz.002594,43.53,43.53,43.2,43.43,4217317,182927320.06
2019-12-11,sz.002594,43.36,44.23,43.19,44.12,8887329,389740624.2
2019-12-12,sz.002594,44.09,44.09,43.23,43.48,8092275,353467368.38
2019-12-13,sz.002594,43.79,43.89,43.23,43.37,14160083,614076972.9
2019-12-16,sz.002594,43.43,44.15,43.23,44.13,12526348,547285347.04
2019-12-17,sz.002594,44.17,45.55,44.16,45.04,19047175,857264002.81
2019-12-18,sz.002594,45.08,45.08,44.53,44.7,11322913,506519518.38
2019-12-19,sz.002594,44.7,45.0,44.26,44.97,10116347,451499532.34
2019-12-20,sz.002594,45.23,47.28,45.05,46.62,28983802,1344330942.02
2019-12-23,sz.002594,46.32,46.42,45.47,45.54,13277509,608250688.66
2019-12-24,sz.002594,45.75,46.85,45.75,46.78,15660222,725017631.29
2019-12-25,sz.002594,47.05,48.14,46.51,46.85,19183257,906693865.86
2019-12-26,sz.002594,46.21,47.25,46.14,46.41,11034572,513101998.78
2019-12-27,sz.002594,46.2,46.85,46.0,46.0,10962127,507597022.2
2019-12-30,sz.002594,46.35,47.8,46.02,47.64,19647712,925707980.02
2019-12-31,sz.002594,47.51,48.1,46.9,47.67,13216616,626863842.8
2020-01-02,sz.002594,47.69,48.47,47.51,48.17,15934570,765516493.15
2020-01-03,sz.002594,48.2,48.99,47.68,48.04,12993607,628361961.37
2020-01-06,sz.002594,47.39,49.19,47.19,48.28,16987138,822172472.98
2020-01-07,sz.002594,48.31,48.5,47.77,48.05,9340058,449013435.67
2020-01-08,sz.002594,47.55,48.35,47.15,47.28,11097445,529249404.07
2020-01-09,sz.002594,47.75,48.2,47.38,47.65,8921700,425352462.6
2020-01-10,sz.002594,47.66,47.66,46.61,46.92,10929463,512929719.08
2020-01-13,sz.002594,51.61,51.61,50.51,51.61,51882759,2662873914.8
2020-01-14,sz.002594,55.0,55.99,53.0,53.44,61497596,3356918724.91
2020-01-15,sz.002594,54.01,54.75,52.28,53.31,29870523,1594534514.3
2020-01-16,sz.002594,53.49,54.54,51.78,54.09,33573707,1778235678.36
2020-01-17,sz.002594,53.86,59.5,53.2,57.95,53060038,3022542423.36
2020-01-20,sz.002594,57.3,59.9,56.5,58.76,30077562,1742179866.54
2020-01-21,sz.002594,57.72,57.73,56.55,56.72,20383657,1161444870.54
2020-01-22,sz.002594,56.5,60.5,56.1,59.27,32797995,1927419433.55
2020-01-23,sz.002594,57.99,61.88,57.51,59.83,29158496,1735366427.87
2020-02-03,sz.002594,53.85,54.48,53.85,53.85,10039800,540735185.53
2020-02-04,sz.002594,54.0,57.5,54.0,56.36,36777530,2057907669.3
2020-02-05,sz.002594,57.7,62.0,56.99,60.81,44623025,2698234964.68
2020-02-06,sz.002594,58.45,60.85,58.4,60.75,30113181,1792085752.62
2020-02-07,sz.002594,60.74,60.74,56.66,57.9,32128159,1868897083.38
2020-02-10,sz.002594,59.2,63.36,58.85,60.93,35279646,2143782477.47
2020-02-11,sz.002594,60.0,60.12,58.28,59.04,19617574,1162310506.24
2020-02-12,sz.002594,59.04,60.6,58.35,59.19,19745556,1171671704.85
2020-02-13,sz.002594,58.5,60.13,57.5,57.55,23694703,1387055829.59
2020-02-14,sz.002594,57.56,57.9,56.44,56.9,21117383,1205977325.29
2020-02-17,sz.002594,56.91,58.56,56.91,58.48,20988900,1215249654.91
2020-02-18,sz.002594,57.8,60.0,57.77,59.47,22836532,1350970758.86
2020-02-19,sz.002594,64.47,64.48,61.66,61.91,43747653,2773613068.11
2020-02-20,sz.002594,63.17,68.1,63.11,68.1,64939094,4366081680.35
2020-02-21,sz.002594,67.0,68.27,65.68,67.5,45518916,3046190980.67
2020-02-24,sz.002594,65.42,67.14,64.96,66.2,35796879,2351741646.73
2020-02-25,sz.002594,64.4,72.19,64.17,70.85,40743409,2786635361.11
2020-02-26,sz.002594,69.78,75.8,69.0,71.7,52276832,3774510844.19
2020-02-27,sz.002594,71.68,73.15,68.08,70.05,27269996,1912686987.02
2020-02-28,sz.002594,66.66,68.99,64.95,65.37,33825352,2251947903.34
2020-03-02,sz.002594,65.6,67.23,64.0,66.85,22564321,1492112197.82
2020-03-03,sz.002594,69.8,70.2,67.46,67.87,27425292,1880749812.21
2020-03-04,sz.002594,66.95,67.8,64.72,66.58,18093253,1198529239.81
2020-03-05,sz.002594,67.02,67.62,65.5,66.81,17000367,1128290419.9
2020-03-06,sz.002594,65.5,67.55,65.33,65.36,14720960,972613004.97
2020-03-09,sz.002594,63.29,63.29,59.18,59.45,29247882,1789143869.38
2020-03-10,sz.002594,57.6,61.5,57.33,60.17,26680523,1578089168.49
2020-03-11,sz.002594,60.77,61.15,58.6,58.75,22221247,1327803130.2
2020-03-12,sz.002594,57.31,57.66,55.9,57.03,23238254,1319050413.39
2020-03-13,sz.002594,53.8,56.5,52.35,55.66,21319807,1162290579.74
2020-03-16,sz.002594,56.59,57.33,53.88,53.88,23877348,1326361268.95
2020-03-17,sz.002594,53.88,54.96,51.88,53.04,18091852,961588993.56
2020-03-18,sz.002594,53.59,54.67,52.02,52.09,17268432,925695049.5
2020-03-19,sz.002594,52.11,52.52,49.88,51.36,19445000,993678521.17
2020-03-20,sz.002594,52.3,52.79,51.4,52.52,14829620,772921084.95
2020-03-23,sz.002594,50.25,50.8,47.89,48.15,24273976,1190535685.04
2020-03-24,sz.002594,49.26,49.88,47.39,49.73,20502711,1002130021.74
2020-03-25,sz.002594,51.55,52.8,51.04,52.25,28978742,1504804536.94
2020-03-26,sz.002594,52.5,55.18,51.61,54.27,29662084,1588496992.78
2020-03-27,sz.002594,55.4,56.05,54.44,54.78,22997249,1269534018.55
2020-03-30,sz.002594,55.0,57.78,54.87,56.23,32893740,1855914322.09
2020-03-31,sz.002594,56.76,59.99,55.45,59.97,35017444,2037070401.56
2020-04-01,sz.002594,59.9,60.66,57.02,57.12,36556547,2139092105.55
2020-04-02,sz.002594,56.7,56.7,54.8,56.59,23384169,1300691383.23
2020-04-03,sz.002594,56.59,56.59,54.91,55.0,16918966,940495658.7
2020-04-07,sz.002594,56.44,56.92,55.6,56.31,18911589,1061432559.75
2020-04-08,sz.002594,55.8,55.8,55.04,55.32,12954327,717031923.64
2020-04-09,sz.002594,55.81,56.54,55.55,55.65,13333832,746729511.39
2020-04-10,sz.002594,56.28,56.28,54.15,54.57,13185472,727755054.05
2020-04-13,sz.002594,54.73,55.94,54.73,55.8,10255956,569833086.68
2020-04-14,sz.002594,55.8,58.0,55.38,57.92,23386305,1338857701.52
2020-04-15,sz.002594,59.36,62.39,58.38,60.14,30622736,1847393286.1
2020-04-16,sz.002594,60.1,61.3,59.05,60.01,16525891,992639139.03
2020-04-17,sz.002594,60.6,60.98,58.68,58.8,15649005,931863464.88
2020-04-20,sz.002594,59.4,59.4,58.16,58.86,10747360,630616732.03
2020-04-21,sz.002594,58.5,59.68,57.8,59.37,14714834,864113083.51
2020-04-22,sz.002594,58.4,60.0,57.88,59.43,12145802,715492487.41
2020-04-23,sz.002594,59.99,60.55,58.04,58.25,11602798,686078406.94
2020-04-24,sz.002594,58.67,60.49,58.5,58.73,13594893,806969227.69
2020-04-27,sz.002594,59.02,59.09,56.88,56.98,13826532,799777332.94
2020-04-28,sz.002594,57.0,57.59,54.76,56.98,12865794,725365013.97
2020-04-29,sz.002594,58.2,59.45,57.56,58.0,16512556,964564485.88
2020-04-30,sz.002594,58.82,60.58,58.51,59.96,21887625,1303496245.77
2020-05-06,sz.002594,59.4,62.5,59.1,62.18,23190623,1420097901.58
2020-05-07,sz.002594,62.17,62.17,59.98,60.09,22511802,1362997620.58
2020-05-08,sz.002594,60.11,60.5,59.3,59.78,17147173,1025569471.3
2020-05-11,sz.002594,59.29,59.66,58.11,58.88,19071621,1121805579.78
2020-05-12,sz.002594,58.89,59.14,58.2,59.13,10401966,610124974.38
2020-05-13,sz.002594,59.13,59.75,58.5,58.99,11111516,657743992.7
2020-05-14,sz.002594,58.9,58.9,57.55,57.69,11836313,688315256.97
2020-05-15,sz.002594,57.79,58.58,57.3,57.96,10277106,595823315.54
2020-05-18,sz.002594,57.4,58.4,56.4,57.18,10474339,601110774.94
2020-05-19,sz.002594,58.0,58.6,57.75,58.22,9404190,547143039.56
2020-05-20,sz.002594,58.7,60.3,58.67,59.01,16470785,981282457.34
2020-05-21,sz.002594,59.11,59.37,57.01,57.15,12096788,697047198.03
2020-05-22,sz.002594,57.16,57.67,55.51,56.03,9234961,522767760.13
2020-05-25,sz.002594,56.03,56.55,55.31,56.52,5969703,334368698.21
2020-05-26,sz.002594,56.8,58.38,56.8,58.3,9854368,570419227.99
2020-05-27,sz.002594,59.6,59.95,57.07,57.3,11361742,662802627.27
2020-05-28,sz.002594,57.35,58.23,56.4,57.48,8630023,494679180.33
2020-05-29,sz.002594,57.12,58.02,56.81,57.41,6803639,390882856.88
2020-06-01,sz.002594,57.75,59.69,57.44,59.33,16106781,949983296.78
2020-06-02,sz.002594,59.57,62.18,58.88,61.0,20479610,1235513478.85
2020-06-03,sz.002594,60.79,61.05,59.48,59.93,14635695,882603748.28
2020-06-04,sz.002594,60.48,61.2,59.71,60.11,10574332,637797409.73
2020-06-05,sz.002594,61.0,63.28,60.33,63.2,26545122,1643855456.31
2020-06-08,sz.002594,63.0,63.83,62.45,62.79,17244111,1087013121.78
2020-06-09,sz.002594,63.0,64.41,61.69,61.98,20443053,1285542235.23
2020-06-10,sz.002594,62.26,62.42,60.68,61.05,18619403,1140629413.21
2020-06-11,sz.002594,61.87,64.2,61.51,62.84,28023252,1764678741.02
2020-06-12,sz.002594,61.4,61.93,60.63,61.48,17549710,1075893063.65
2020-06-15,sz.002594,62.5,63.88,61.25,62.5,19574028,1225432620.41
2020-06-16,sz.002594,63.8,64.46,63.13,64.1,21411572,1367780377.4
2020-06-17,sz.002594,64.0,64.11,62.36,64.11,14437818,912074334.76
2020-06-18,sz.002594,63.8,66.76,62.94,66.74,27903336,1829902632.39
2020-06-19,sz.002594,66.69,68.68,66.3,66.99,22061887,1487253014.87
2020-06-22,sz.002594,66.6,68.78,66.29,68.0,19625480,1325805162.26
2020-06-23,sz.002594,67.57,72.09,67.0,71.03,26037491,1812606801.84
2020-06-24,sz.002594,71.1,73.06,70.76,71.7,19668098,1414432114.05
2020-06-29,sz.002594,71.5,72.43,70.3,70.6,17337630,1233307830.75
2020-06-30,sz.002594,71.41,72.85,70.87,71.8,16983101,1223207515.8
2020-07-01,sz.002594,73.21,75.45,71.03,72.47,23509322,1726221255.52
2020-07-02,sz.002594,72.63,74.61,71.8,72.14,21407418,1559734669.13
2020-07-03,sz.002594,73.3,79.35,73.23,79.35,45538812,3497719615.7
2020-07-06,sz.002594,79.33,81.59,77.41,80.9,46122416,3661516239.9
2020-07-07,sz.002594,84.76,88.5,83.0,83.0,46670587,3978641289.79
2020-07-08,sz.002594,81.94,84.28,81.86,82.75,31915588,2647763129.46
2020-07-09,sz.002594,82.75,86.3,81.46,84.46,32797352,2764110590.9
2020-07-10,sz.002594,84.47,92.36,83.05,89.0,39602931,3495161210.76
2020-07-13,sz.002594,92.6,97.9,92.29,97.9,57987128,5536512876.44
2020-07-14,sz.002594,97.9,97.91,90.58,96.55,53638869,5075817585.67
2020-07-15,sz.002594,97.0,97.29,92.69,94.5,38869586,3699030985.02
2020-07-16,sz.002594,94.4,95.5,85.05,85.05,56046663,4984540817.65
2020-07-17,sz.002594,83.02,85.36,80.07,81.59,43096874,3549101616.6
2020-07-20,sz.002594,83.7,89.3,81.61,87.17,43173031,3684539642.17
2020-07-21,sz.002594,89.9,91.33,87.68,88.09,31722234,2834375732.08
2020-07-22,sz.002594,86.0,89.48,85.5,87.19,26954483,2367987141.1
2020-07-23,sz.002594,86.06,89.0,85.58,88.99,32728656,2869841089.13
2020-07-24,sz.002594,87.78,88.14,82.5,83.0,38817374,3298033865.21
2020-07-27,sz.002594,83.5,85.2,82.3,83.52,20882846,1753284470.45
2020-07-28,sz.002594,85.98,86.66,83.0,83.91,21644067,1829407614.81
2020-07-29,sz.002594,83.31,87.5,82.52,86.93,28797550,2464892396.71
2020-07-30,sz.002594,87.02,87.63,84.3,85.0,22449269,1917850499.35
2020-07-31,sz.002594,84.96,86.66,83.46,85.39,25812289,2201963263.8
2020-08-03,sz.002594,85.41,86.5,84.4,86.17,28030360,2394349093.02
2020-08-04,sz.002594,86.95,91.0,86.88,89.0,38395587,3414415346.4
2020-08-05,sz.002594,89.0,89.0,86.58,88.15,19022684,1667411299.23
2020-08-06,sz.002594,88.81,89.6,87.0,88.73,20533266,1815887526.94
2020-08-07,sz.002594,87.6,88.76,83.81,85.38,24597416,2120266841.32
2020-08-10,sz.002594,83.79,84.35,80.0,81.98,33653884,2752165156.49
2020-08-11,sz.002594,81.9,83.2,80.95,81.0,19417260,1596334584.38
2020-08-12,sz.002594,81.18,81.98,78.45,81.98,22097173,1768144489.04
2020-08-13,sz.002594,83.5,83.8,81.65,81.8,13582779,1119875379.09
2020-08-14,sz.002594,82.1,82.59,80.0,81.93,12062031,981262741.92
2020-08-17,sz.002594,82.2,83.23,81.33,82.92,15103194,1246372799.71
2020-08-18,sz.002594,84.01,84.51,81.8,82.18,16155250,1335564954.34
2020-08-19,sz.002594,81.4,81.64,79.52,79.65,18735826,1504274090.25
2020-08-20,sz.002594,79.64,80.0,78.1,78.55,12272430,967851099.16
2020-08-21,sz.002594,80.0,80.64,78.9,79.58,11190548,893244022.57
2020-08-24,sz.002594,79.9,82.28,79.69,81.44,17128061,1384872483.52
2020-08-25,sz.002594,81.0,82.88,80.5,81.24,14510634,1182125999.34
2020-08-26,sz.002594,82.0,85.31,81.68,83.42,32047153,2691953337.86
2020-08-27,sz.002594,86.5,87.55,84.7,85.42,25203489,2168640349.35
2020-08-28,sz.002594,85.0,86.06,83.02,85.39,18647043,1572760241.0
2020-08-31,sz.002594,87.02,88.22,84.88,85.0,21534690,1864842718.15
2020-09-01,sz.002594,86.99,93.5,86.31,93.5,39461265,3573272701.83
2020-09-02,sz.002594,95.88,96.0,91.63,94.3,39704708,3719378787.68
2020-09-03,sz.002594,92.88,95.16,92.15,92.59,22779495,2129704437.98
2020-09-04,sz.002594,88.8,90.59,88.02,90.0,22202132,1979126649.32
2020-09-07,sz.002594,89.48,97.5,89.4,94.74,40998653,3862436332.89
2020-09-08,sz.002594,95.88,95.88,90.7,91.0,27908409,2590896624.18
2020-09-09,sz.002594,88.01,88.7,84.85,85.99,26329156,2281813618.48
2020-09-10,sz.002594,87.84,90.17,86.9,87.09,21706271,1923920285.13
2020-09-11,sz.002594,87.85,91.2,87.22,91.2,20576370,1843068555.01
2020-09-14,sz.002594,91.3,94.5,91.3,92.5,22383909,2078549015.7
2020-09-15,sz.002594,94.01,101.75,93.5,101.3,57922128,5761285366.1
2020-09-16,sz.002594,100.28,107.87,99.0,105.4,49378934,5154280712.88
2020-09-17,sz.002594,105.51,115.94,105.15,115.94,60235110,6707262639.45
2020-09-18,sz.002594,113.99,115.5,111.5,115.5,47375377,5363840116.27
2020-09-21,sz.002594,116.0,119.32,104.34,105.77,58877087,6535043671.29
2020-09-22,sz.002594,106.5,110.65,104.01,106.77,46288194,4971987390.62
2020-09-23,sz.002594,109.0,111.01,106.3,110.4,38140914,4146613365.78
2020-09-24,sz.002594,107.88,110.03,106.01,106.4,26612570,2864183119.86
2020-09-25,sz.002594,108.2,109.79,103.8,105.09,32436317,3457966850.3
2020-09-28,sz.002594,106.19,108.1,105.65,106.4,21188287,2260356210.66
2020-09-29,sz.002594,108.59,109.51,104.25,107.89,27004576,2884125029.18
2020-09-30,sz.002594,108.58,118.23,107.1,116.24,44420102,5073415251.24
2020-10-09,sz.002594,123.1,126.14,119.2,120.35,55967807,6870685597.39
2020-10-12,sz.002594,123.8,129.03,120.45,128.5,52808892,6521180717.42
2020-10-13,sz.002594,128.0,131.88,125.0,129.29,46052746,5958597982.73
2020-10-14,sz.002594,129.15,132.32,128.1,130.5,31047158,4041272251.36
2020-10-15,sz.002594,134.6,137.73,131.33,131.55,40289307,5425288384.91
2020-10-16,sz.002594,132.56,133.85,125.0,127.8,41353551,5301212698.31
2020-10-19,sz.002594,128.0,129.81,126.3,128.08,22200611,2832538854.15
2020-10-20,sz.002594,126.18,140.33,126.18,140.0,54167901,7240427470.28
2020-10-21,sz.002594,137.99,139.7,134.17,137.5,38056707,5212917457.7
2020-10-22,sz.002594,137.23,145.0,132.07,143.79,43438939,6061013977.18
2020-10-23,sz.002594,142.02,145.78,136.5,138.67,40099412,5645291379.98
2020-10-26,sz.002594,136.5,142.85,133.1,139.96,30979604,4319369738.83
2020-10-27,sz.002594,137.42,141.5,135.83,140.28,29654540,4122784516.56
2020-10-28,sz.002594,139.51,153.48,139.02,151.6,51797365,7669731453.65
2020-10-29,sz.002594,147.91,166.76,147.91,158.38,63470495,10022998772.13
2020-10-30,sz.002594,160.0,170.3,154.2,159.81,67329183,10882457196.12
2020-11-02,sz.002594,160.91,168.75,160.5,167.98,52491093,8660252633.64
2020-11-03,sz.002594,172.0,172.45,159.58,164.08,66161664,10960743413.7
2020-11-04,sz.002594,167.0,170.33,163.0,168.03,46094823,7689440146.7
2020-11-05,sz.002594,175.0,184.83,171.0,184.83,67409211,11951954710.65
2020-11-06,sz.002594,189.5,198.85,179.89,190.44,80766685,15261972051.2
2020-11-09,sz.002594,191.6,193.67,184.12,190.95,52501612,9934097169.98
2020-11-10,sz.002594,186.86,186.88,176.88,182.58,63534950,11543486452.89
2020-11-11,sz.002594,176.9,181.89,164.32,164.35,80567515,13840949837.0
2020-11-12,sz.002594,168.0,173.3,165.78,169.33,58663961,9953360351.72
2020-11-13,sz.002594,180.0,182.02,173.29,175.9,60919392,10790305828.02
2020-11-16,sz.002594,171.03,171.5,163.5,170.02,54256539,9094656059.22
2020-11-17,sz.002594,173.5,175.18,164.46,167.0,56840934,9641027028.03
2020-11-18,sz.002594,165.88,169.18,162.25,167.0,41703316,6941378987.79
2020-11-19,sz.002594,168.0,168.7,159.52,161.62,47005440,7652210663.6
2020-11-20,sz.002594,164.65,177.24,163.22,176.06,70752694,12067220425.73
2020-11-23,sz.002594,176.9,185.02,172.07,184.2,60402664,10841291967.54
2020-11-24,sz.002594,191.77,194.99,180.71,184.19,64675209,12193378658.21
2020-11-25,sz.002594,183.0,191.7,180.6,183.53,47385764,8798105734.04
2020-11-26,sz.002594,183.61,184.8,171.23,175.82,49653819,8751195066.67
2020-11-27,sz.002594,175.31,177.9,169.33,174.1,39747615,6868605930.01
2020-11-30,sz.002594,171.5,176.74,166.01,172.15,37921283,6493585105.94
2020-12-01,sz.002594,168.7,177.0,167.0,176.81,40156431,6983133536.82
2020-12-02,sz.002594,171.1,172.5,168.0,169.75,49240138,8354836225.81
2020-12-03,sz.002594,169.75,173.66,166.96,171.09,36558081,6251135998.37
2020-12-04,sz.002594,171.6,178.8,170.4,171.86,39448988,6888910896.89
2020-12-07,sz.002594,171.3,176.66,169.11,175.29,32218589,5617848450.07
2020-12-08,sz.002594,178.1,182.0,176.7,177.97,44574324,7995315241.12
2020-12-09,sz.002594,179.0,181.03,173.0,173.24,31571447,5563503434.33
2020-12-10,sz.002594,168.0,171.66,166.02,169.52,37043628,6243808669.93
2020-12-11,sz.002594,169.35,169.35,162.8,167.0,35487818,5902635219.67
2020-12-14,sz.002594,166.8,170.88,163.0,170.2,30213225,5064250844.47
2020-12-15,sz.002594,170.25,175.05,168.5,174.7,36221802,6234488461.78
2020-12-16,sz.002594,176.0,176.7,170.9,171.87,23815385,4110951042.6
2020-12-17,sz.002594,171.18,172.93,169.01,171.79,18977260,3245175544.78
2020-12-18,sz.002594,172.5,180.09,171.22,176.0,48848510,8625943227.25
2020-12-21,sz.002594,176.5,193.6,175.5,193.6,66779763,12342923957.87
2020-12-22,sz.002594,192.98,192.98,183.66,184.0,58681041,11044848425.55
2020-12-23,sz.002594,183.89,190.8,182.96,186.79,42707945,7982526892.91
2020-12-24,sz.002594,185.0,185.0,180.0,183.0,26045354,4739171492.37
2020-12-25,sz.002594,183.32,186.15,181.1,185.22,21133069,3892733282.98
2020-12-28,sz.002594,184.3,190.37,182.6,187.93,30338431,5674752366.14
2020-12-29,sz.002594,186.0,186.0,178.46,178.6,36117782,6530622526.53
2020-12-30,sz.002594,180.66,191.95,180.66,186.0,51043108,9559070846.65
2020-12-31,sz.002594,188.86,195.83,184.26,194.3,50511942,9665582055.56
2021-01-04,sz.002594,189.0,211.16,187.09,206.76,58950161,11803190657.25
2021-01-05,sz.002594,206.0,221.23,202.01,219.9,54530597,11642247812.98
2021-01-06,sz.002594,219.72,222.18,212.0,216.3,43465214,9376648611.71
2021-01-07,sz.002594,216.6,228.32,214.2,225.04,42860254,9516502256.39
2021-01-08,sz.002594,233.0,234.32,220.7,227.51,42675836,9705879745.66
2021-01-11,sz.002594,234.59,245.0,230.98,234.86,53425466,12681067407.98
2021-01-12,sz.002594,231.8,239.75,220.0,236.99,43312458,9980651742.6
2021-01-13,sz.002594,238.0,249.88,229.69,239.3,48034787,11590837002.07
2021-01-14,sz.002594,232.0,235.45,222.34,223.95,44595502,10176085741.17
2021-01-15,sz.002594,222.0,228.92,216.5,225.2,37705046,8420560824.97
2021-01-18,sz.002594,220.0,224.0,216.26,221.69,26378933,5826658747.5
2021-01-19,sz.002594,222.06,225.2,213.56,216.2,27625013,6035553036.44
2021-01-20,sz.002594,219.9,226.3,218.01,222.0,38140108,8483028913.23
2021-01-21,sz.002594,220.0,239.6,216.81,235.52,58570987,13384594647.59
2021-01-22,sz.002594,235.72,243.66,231.51,242.92,42388678,10112061191.37
2021-01-25,sz.002594,246.5,262.95,245.0,260.0,55938894,14213433428.73
2021-01-26,sz.002594,257.0,262.59,250.99,254.22,39455544,10115831947.54
2021-01-27,sz.002594,250.2,259.44,234.5,257.0,52135100,12813494921.2
2021-01-28,sz.002594,245.97,252.5,242.98,244.36,32646175,8081858717.11
2021-01-29,sz.002594,249.0,250.43,237.5,247.0,33598269,8182542031.04
2021-02-01,sz.002594,245.0,250.13,239.0,246.89,26379450,6500021796.18
2021-02-02,sz.002594,252.0,268.0,250.5,267.5,47109997,12220620147.81
2021-02-03,sz.002594,268.1,273.37,260.3,263.0,38402952,10231620474.06
2021-02-04,sz.002594,258.0,264.89,255.34,259.9,31035090,8061146636.29
2021-02-05,sz.002594,262.0,268.28,247.5,249.0,48055051,12356334243.98
2021-02-08,sz.002594,248.99,252.98,240.01,250.2,37246177,9210843639.02
2021-02-09,sz.002594,253.1,259.02,247.5,257.0,37495428,9540424163.04
2021-02-10,sz.002594,261.0,270.66,253.0,266.95,41893871,10995341387.71
2021-02-18,sz.002594,268.86,268.86,255.33,258.99,47264558,12353076536.01
2021-02-19,sz.002594,254.9,257.66,245.73,257.35,38258702,9607262916.01
2021-02-22,sz.002594,256.6,256.66,239.45,239.52,42713093,10558143268.14
2021-02-23,sz.002594,229.59,235.02,222.9,225.0,47651022,10877530627.39
2021-02-24,sz.002594,225.0,228.59,203.6,208.99,67648518,14532205192.84
2021-02-25,sz.002594,215.77,215.85,205.8,209.25,36953222,7788184186.82
2021-02-26,sz.002594,196.5,204.0,194.0,197.27,50361602,9978745767.84
2021-03-01,sz.002594,201.0,210.99,197.5,210.9,44429351,9087918556.53
2021-03-02,sz.002594,214.65,215.8,205.22,211.4,38792835,8178911875.23
2021-03-03,sz.002594,205.0,210.3,201.97,209.75,26306180,5431739316.55
2021-03-04,sz.002594,205.0,205.1,197.3,198.5,34684991,6955695359.97
2021-03-05,sz.002594,187.37,199.51,186.18,196.37,32531909,6313240677.64
2021-03-08,sz.002594,196.37,197.33,176.73,176.73,59132823,10922889310.46
2021-03-09,sz.002594,172.41,178.6,162.03,170.68,59920495,10247665524.55
2021-03-10,sz.002594,180.0,181.88,175.78,177.19,43150717,7706833381.5
2021-03-11,sz.002594,176.95,185.0,174.1,182.97,36782790,6671343291.06
2021-03-12,sz.002594,186.17,187.99,178.9,181.68,30184822,5517620552.7
2021-03-15,sz.002594,178.55,181.0,172.0,174.26,29560239,5187723277.53
2021-03-16,sz.002594,177.58,179.1,173.37,176.47,19705640,3474844999.29
2021-03-17,sz.002594,174.02,179.97,171.48,176.88,21370528,3770679570.54
2021-03-18,sz.002594,178.79,180.63,177.28,178.55,20106437,3593541020.42
2021-03-19,sz.002594,173.0,175.37,169.66,171.15,25822722,4438615910.64
2021-03-22,sz.002594,172.33,175.48,170.01,173.8,18568291,3221954915.91
2021-03-23,sz.002594,175.8,176.18,166.3,168.97,22664897,3844462853.79
2021-03-24,sz.002594,167.99,169.24,162.0,162.74,24826930,4082242404.76
2021-03-25,sz.002594,157.0,163.45,155.6,161.2,25619064,4082120997.88
2021-03-26,sz.002594,163.01,172.0,162.9,170.99,32853032,5528686167.44
2021-03-29,sz.002594,170.01,170.48,164.8,168.1,23472864,3941708905.3
2021-03-30,sz.002594,161.0,169.0,159.1,169.0,33893090,5574391479.49
2021-03-31,sz.002594,169.21,172.64,162.56,164.51,27015303,4488285761.69
2021-04-01,sz.002594,168.0,171.9,167.01,169.07,29995780,5089544668.16
2021-04-02,sz.002594,170.99,178.2,168.58,175.87,34953200,6083577384.51
2021-04-06,sz.002594,176.8,179.24,172.8,176.09,25590985,4492985632.8
2021-04-07,sz.002594,177.15,178.08,169.5,170.99,28170350,4848030064.19
2021-04-08,sz.002594,169.0,171.5,167.12,170.48,16004306,2723993028.06
2021-04-09,sz.002594,171.9,172.1,166.0,166.72,20499577,3436476688.29
2021-04-12,sz.002594,166.73,169.39,162.6,163.46,20126800,3320602667.36
2021-04-13,sz.002594,163.48,167.63,163.48,164.01,15857894,2617908978.03
2021-04-14,sz.002594,167.0,171.0,167.0,170.95,29847317,5057752083.32
2021-04-15,sz.002594,168.5,168.65,163.5,165.5,24991213,4136742969.65
2021-04-16,sz.002594,165.4,166.4,160.33,165.3,23459944,3837152368.03
2021-04-19,sz.002594,165.0,177.0,164.18,176.05,50735050,8764759455.33
2021-04-20,sz.002594,175.0,175.0,169.78,171.24,37567703,6460740489.54
2021-04-21,sz.002594,169.0,170.59,167.17,168.59,23048888,3880491430.36
2021-04-22,sz.002594,170.0,171.78,167.22,168.71,19750844,3336754764.52
2021-04-23,sz.002594,167.18,171.38,166.27,169.25,22882799,3878511212.89
2021-04-26,sz.002594,170.0,173.0,167.25,167.5,31951410,5432612153.71
2021-04-27,sz.002594,166.0,167.4,163.4,164.94,25563921,4211994738.06
2021-04-28,sz.002594,164.86,168.54,162.96,165.5,21841198,3621682455.69
2021-04-29,sz.002594,163.0,164.93,162.2,162.95,27585404,4496785166.03
2021-04-30,sz.002594,161.49,162.2,156.71,158.57,35989914,5715463804.98
2021-05-06,sz.002594,157.0,157.0,150.0,150.0,42315808,6423783465.08
2021-05-07,sz.002594,148.12,149.96,143.39,143.95,37798038,5528741179.95
2021-05-10,sz.002594,143.95,148.35,141.44,147.0,26073875,3802268898.23
2021-05-11,sz.002594,143.7,148.76,140.97,146.56,26963996,3893703682.62
2021-05-12,sz.002594,148.26,155.0,148.26,153.73,38465914,5872804588.47
2021-05-13,sz.002594,150.75,151.0,148.56,148.99,21269609,3180710318.96
2021-05-14,sz.002594,147.9,154.1,146.31,153.53,30027866,4532481587.0
2021-05-17,sz.002594,155.43,160.88,154.45,159.78,36300256,5761021601.62
2021-05-18,sz.002594,160.0,161.8,156.88,158.7,19495212,3094498220.49
2021-05-19,sz.002594,159.9,174.0,159.88,172.78,59649087,10150054899.59
2021-05-20,sz.002594,170.0,177.56,169.1,172.94,49988848,8686052329.52
2021-05-21,sz.002594,174.01,177.99,170.1,173.2,33496551,5822862674.49
2021-05-24,sz.002594,171.91,175.5,169.98,173.47,27172287,4685927113.66
2021-05-25,sz.002594,175.0,178.0,172.7,176.52,33152287,5830353651.71
2021-05-26,sz.002594,178.0,184.58,176.0,176.17,34557799,6206769477.31
2021-05-27,sz.002594,179.0,179.68,174.5,177.45,23402610,4146048380.89
2021-05-28,sz.002594,177.45,185.0,176.07,181.68,37119487,6754993796.25
2021-05-31,sz.002594,175.26,179.11,170.18,178.7,43755316,7660152240.16
2021-06-01,sz.002594,178.73,190.9,178.73,189.46,51360412,9530431696.89
2021-06-02,sz.002594,190.0,191.85,185.2,186.5,29434964,5527643767.46
2021-06-03,sz.002594,186.6,187.5,180.18,183.9,25080057,4608194800.0
2021-06-04,sz.002594,181.61,192.0,180.52,189.4,31984839,6004827146.85
2021-06-07,sz.002594,191.0,192.87,187.0,190.35,25451802,4842637639.75
2021-06-08,sz.002594,194.0,205.6,193.25,202.81,55923856,11191285973.68
2021-06-09,sz.002594,202.9,203.5,197.02,202.0,31655582,6342951329.25
2021-06-10,sz.002594,202.05,216.05,201.0,214.11,44100032,9339300343.01
2021-06-11,sz.002594,214.3,229.95,212.08,227.02,54008511,11985830243.34
2021-06-15,sz.002594,231.54,237.8,224.87,232.32,51810075,12090497119.83
2021-06-16,sz.002594,226.0,231.66,210.66,211.0,61817590,13579272747.69
2021-06-17,sz.002594,210.96,232.1,210.83,232.1,51997758,11627218257.91
2021-06-18,sz.002594,236.0,252.32,234.65,245.0,57189601,13931101474.06
2021-06-21,sz.002594,243.88,249.56,232.13,242.58,43052635,10400538802.76
2021-06-22,sz.002594,243.0,247.0,236.0,237.88,31642808,7571777590.88
2021-06-23,sz.002594,233.0,249.8,232.5,243.3,39450060,9605891907.15
2021-06-24,sz.002594,244.0,251.87,240.18,244.89,31228504,7696250339.64
2021-06-25,sz.002594,247.0,248.66,238.0,244.99,29650236,7205570873.77
2021-06-28,sz.002594,244.99,255.0,243.52,253.63,34727198,8732379669.98
2021-06-29,sz.002594,257.4,259.6,250.0,253.3,30625754,7778037778.81
2021-06-30,sz.002594,250.0,256.5,246.0,251.0,28540731,7146112745.94
2021-07-01,sz.002594,251.0,252.5,235.6,236.6,42260287,10182009938.14
2021-07-02,sz.002594,233.0,243.5,228.89,239.04,37426013,8897622556.22
2021-07-05,sz.002594,236.04,250.0,235.57,249.55,32490116,7984671152.37
2021-07-06,sz.002594,255.0,261.02,241.0,250.5,51791670,13098186044.33
2021-07-07,sz.002594,244.0,258.6,240.88,255.09,38638656,9711793849.87
2021-07-08,sz.002594,253.0,261.54,251.12,251.96,39390995,10127585813.01
2021-07-09,sz.002594,250.88,254.99,241.88,248.82,36494699,9057948774.54
2021-07-12,sz.002594,253.3,272.91,251.5,266.48,56005708,14759940060.42
2021-07-13,sz.002594,266.49,269.73,260.22,265.1,27731391,7330680655.64
2021-07-14,sz.002594,261.0,261.0,245.0,245.29,61271686,15300069250.3
2021-07-15,sz.002594,239.0,243.55,230.0,236.4,55189867,13026880866.97
2021-07-16,sz.002594,235.75,235.75,221.03,222.92,56274148,12801309443.76
2021-07-19,sz.002594,220.0,231.99,214.3,223.97,37218723,8367318503.67
2021-07-20,sz.002594,220.0,229.46,219.11,227.5,24674966,5582671898.43
2021-07-21,sz.002594,231.2,244.99,230.01,241.23,47151119,11232169397.24
2021-07-22,sz.002594,246.3,249.44,240.17,248.96,37477327,9242619143.23
2021-07-23,sz.002594,247.44,262.0,245.08,258.68,46056227,11846110496.81
2021-07-26,sz.002594,250.58,259.74,241.01,248.55,40442824,10130659972.41
2021-07-27,sz.002594,246.0,257.88,237.2,238.71,37770720,9406136905.47
2021-07-28,sz.002594,229.99,241.1,223.99,236.5,33219863,7758094419.11
2021-07-29,sz.002594,246.94,257.3,242.82,257.2,42885105,10764228893.99
2021-07-30,sz.002594,257.19,268.3,252.13,264.71,45799399,11995907836.15
2021-08-02,sz.002594,276.0,291.18,273.3,291.18,62225903,17648921236.4
2021-08-03,sz.002594,299.0,299.0,275.01,280.08,48934853,13975748744.5
2021-08-04,sz.002594,283.01,308.09,282.0,308.09,53430639,16003136931.93
2021-08-05,sz.002594,301.0,306.25,294.87,299.46,36882291,11063466319.96
2021-08-06,sz.002594,313.0,317.3,298.5,303.48,45362627,13945125845.15
2021-08-09,sz.002594,295.0,297.4,283.0,293.55,34162079,9914944523.21
2021-08-10,sz.002594,293.56,302.31,282.0,292.0,33103516,9604456927.94
2021-08-11,sz.002594,289.0,298.83,286.16,294.99,26399395,7742097441.05
2021-08-12,sz.002594,293.0,313.38,289.37,308.98,38277898,11687505016.87
2021-08-13,sz.002594,303.0,312.5,297.99,300.02,24690646,7475335873.34
2021-08-16,sz.002594,297.0,297.0,285.0,285.4,30506701,8815872752.52
2021-08-17,sz.002594,283.45,290.5,278.0,280.31,27205840,7713091722.34
2021-08-18,sz.002594,285.41,288.09,278.19,283.66,22172302,6281190851.44
2021-08-19,sz.002594,283.66,298.68,278.57,293.72,36167179,10474777900.5
2021-08-20,sz.002594,289.0,293.6,282.0,285.09,24717320,7084185439.54
2021-08-23,sz.002594,281.5,294.44,275.55,289.8,29582687,8526532884.98
2021-08-24,sz.002594,292.79,302.0,290.05,298.25,27439906,8152952115.26
2021-08-25,sz.002594,297.8,299.8,291.0,296.2,17914538,5272706497.55
2021-08-26,sz.002594,297.0,298.77,282.5,282.5,26368159,7570972707.03
2021-08-27,sz.002594,280.99,296.03,280.0,288.15,26288930,7628216261.36
2021-08-30,sz.002594,277.44,288.0,273.96,281.97,41909234,11735714830.89
2021-08-31,sz.002594,286.88,286.88,266.55,277.0,32966834,9041075460.81
2021-09-01,sz.002594,277.0,277.97,257.6,266.3,28767422,7678475358.79
2021-09-02,sz.002594,267.01,271.99,262.7,267.0,16524443,4421950962.76
2021-09-03,sz.002594,267.01,271.0,250.4,254.11,28796413,7420408930.05
2021-09-06,sz.002594,259.99,279.0,259.0,277.6,39778881,10725519555.4
2021-09-07,sz.002594,277.6,281.11,273.27,275.95,20763353,5743962165.35
2021-09-08,sz.002594,277.9,279.28,268.61,269.59,18257806,4971116497.13
2021-09-09,sz.002594,272.0,279.58,265.8,271.71,21625641,5891876583.82
2021-09-10,sz.002594,271.71,272.53,262.64,265.61,23875736,6341377790.9
2021-09-13,sz.002594,268.33,271.98,259.18,261.36,21349179,5623333361.12
2021-09-14,sz.002594,261.39,276.0,257.06,269.23,35469000,9581432835.31
2021-09-15,sz.002594,267.89,270.0,260.0,261.15,21880911,5742276749.61
2021-09-16,sz.002594,261.15,264.77,250.53,251.0,22080971,5613770464.05
2021-09-17,sz.002594,253.0,257.0,250.49,255.12,13942107,3544731219.94
2021-09-22,sz.002594,248.0,251.44,244.03,247.2,16341286,4037944329.35
2021-09-23,sz.002594,253.83,257.52,248.88,249.92,14978418,3773864372.32
2021-09-24,sz.002594,250.96,257.5,247.0,251.77,15826700,4002973166.88
2021-09-27,sz.002594,254.0,257.49,246.8,252.5,17999094,4548951212.26
2021-09-28,sz.002594,251.9,253.82,246.29,246.86,16244438,4060118403.75
2021-09-29,sz.002594,243.0,244.88,235.0,236.0,24555481,5859195956.97
2021-09-30,sz.002594,238.2,249.7,237.2,249.51,22503801,5528259622.41
2021-10-08,sz.002594,257.98,259.98,250.0,253.0,19410395,4939109186.28
2021-10-11,sz.002594,253.1,263.1,248.0,255.75,21197273,5448306885.61
2021-10-12,sz.002594,255.0,262.9,253.01,257.01,21165134,5464868602.0
2021-10-13,sz.002594,257.01,273.6,254.33,271.2,32197810,8631470872.98
2021-10-14,sz.002594,271.0,275.99,268.14,272.94,17779932,4844827927.51
2021-10-15,sz.002594,275.0,287.5,271.0,283.33,28784505,8089636933.32
2021-10-18,sz.002594,284.25,288.63,280.04,285.92,21621378,6155818958.17
2021-10-19,sz.002594,288.0,294.91,284.0,284.79,19385785,5581983586.13
2021-10-20,sz.002594,286.0,295.0,285.24,290.6,21704509,6300647166.95
2021-10-21,sz.002594,291.0,292.6,284.01,287.01,18062575,5184267795.79
2021-10-22,sz.002594,292.2,301.0,289.0,300.0,33654868,10022899338.68
2021-10-25,sz.002594,303.11,318.65,302.23,317.35,33518976,10469605348.14
2021-10-26,sz.002594,330.5,333.33,317.76,319.01,31324434,10148404490.64
2021-10-27,sz.002594,313.0,326.73,311.28,321.74,21906777,7024365486.24
2021-10-28,sz.002594,319.61,323.8,305.4,307.98,29826714,9334453596.58
2021-10-29,sz.002594,305.13,313.76,293.77,311.31,34715958,10585996588.09
2021-11-01,sz.002594,301.41,308.41,293.82,302.0,28478587,8570609748.05
2021-11-02,sz.002594,310.0,319.8,307.64,313.88,29008740,9102548555.06
2021-11-03,sz.002594,313.13,313.85,299.86,303.01,19724814,6017080222.99
2021-11-04,sz.002594,311.13,329.0,309.03,325.0,34996434,11223980650.81
2021-11-05,sz.002594,324.0,327.0,313.01,314.0,19418326,6178126193.57
2021-11-08,sz.002594,308.09,319.61,307.0,315.0,16984947,5344230944.12
2021-11-09,sz.002594,315.05,329.97,315.05,320.69,20330504,6580787588.72
2021-11-10,sz.002594,314.0,315.6,301.58,310.26,27487850,8480095668.8
2021-11-11,sz.002594,313.0,316.99,308.05,311.99,13885150,4327235823.89
2021-11-12,sz.002594,315.8,316.74,305.5,306.78,14888382,4590558597.63
2021-11-15,sz.002594,306.78,306.78,290.44,294.94,22537224,6667949870.9
2021-11-16,sz.002594,294.0,297.69,288.0,293.51,15180848,4462067584.68
2021-11-17,sz.002594,300.0,303.24,294.0,296.85,16337775,4875749071.92
2021-11-18,sz.002594,294.8,298.88,290.0,295.4,12909722,3802420935.77
2021-11-19,sz.002594,295.72,300.0,288.0,296.82,17515864,5144668932.11
2021-11-22,sz.002594,298.4,311.51,298.2,311.0,28702045,8785850014.87
2021-11-23,sz.002594,307.88,309.73,303.98,308.48,15036257,4609989313.88
2021-11-24,sz.002594,305.43,309.6,301.0,303.2,14193817,4319711029.38
2021-11-25,sz.002594,303.2,304.49,291.3,298.0,17097144,5070667609.77
2021-11-26,sz.002594,295.0,304.77,294.05,297.66,12249393,3671367398.28
2021-11-29,sz.002594,291.8,307.07,289.93,304.46,20015675,6053231132.26
2021-11-30,sz.002594,307.0,308.0,303.0,304.7,13178826,4023809746.72
2021-12-01,sz.002594,305.2,307.5,300.38,305.32,10827864,3295906128.99
2021-12-02,sz.002594,305.0,314.06,303.1,308.8,18007211,5567674844.68
2021-12-03,sz.002594,306.99,309.8,298.86,306.9,21032715,6367075408.5
2021-12-06,sz.002594,301.0,311.51,300.86,301.75,17880086,5465317712.71
2021-12-07,sz.002594,306.01,306.35,291.08,294.8,22767860,6727286964.8
2021-12-08,sz.002594,296.01,301.0,294.5,300.79,15438176,4606774780.2
2021-12-09,sz.002594,300.0,300.63,297.03,299.5,11295711,3375316207.25
2021-12-10,sz.002594,295.99,302.03,292.8,301.42,14487273,4325991091.97
2021-12-13,sz.002594,302.99,303.0,298.0,298.4,14294124,4278869484.01
2021-12-14,sz.002594,295.5,297.07,291.69,293.4,15711128,4609509733.59
2021-12-15,sz.002594,293.41,295.5,291.71,293.35,9815036,2877855925.65
2021-12-16,sz.002594,293.0,293.49,279.0,286.2,27866516,7928142188.16
2021-12-17,sz.002594,284.0,285.88,278.61,278.98,15111815,4240478259.44
2021-12-20,sz.002594,279.23,281.47,268.28,270.5,21784503,5964658201.32
2021-12-21,sz.002594,270.5,276.78,269.41,276.21,14965305,4098708738.02
2021-12-22,sz.002594,280.01,285.18,277.01,279.22,14444230,4061024216.12
2021-12-23,sz.002594,282.03,284.9,277.16,279.99,12302134,3451820145.64
2021-12-24,sz.002594,281.98,282.0,264.96,270.0,20996881,5675961283.78
2021-12-27,sz.002594,269.0,271.54,266.0,267.03,10718995,2874395592.49
2021-12-28,sz.002594,268.15,271.0,266.21,270.85,11854284,3183320996.06
2021-12-29,sz.002594,272.15,272.22,263.0,269.0,14160304,3783958091.83
2021-12-30,sz.002594,268.0,272.98,266.0,267.13,11732673,3158736176.88
2021-12-31,sz.002594,273.0,274.19,267.0,268.12,11629197,3136714687.59
2022-01-04,sz.002594,276.0,279.45,265.22,271.0,24466089,6673692547.76
2022-01-05,sz.002594,264.55,266.48,251.72,253.26,30170891,7725244308.62
2022-01-06,sz.002594,250.0,254.53,247.89,250.02,17590784,4396413606.7
2022-01-07,sz.002594,251.8,252.96,245.0,246.5,16193355,4009535493.33
2022-01-10,sz.002594,245.0,249.47,239.03,246.3,16214182,3964485468.36
2022-01-11,sz.002594,246.28,246.28,237.8,239.09,21244147,5100240704.58
2022-01-12,sz.002594,246.0,256.0,244.31,256.0,32360224,8103336076.67
2022-01-13,sz.002594,257.74,258.56,248.61,255.31,21710390,5516666113.4
2022-01-14,sz.002594,250.8,257.3,250.0,253.14,14954815,3798549606.98
2022-01-17,sz.002594,253.02,267.49,253.02,266.49,24114466,6349270849.3
2022-01-18,sz.002594,266.41,268.96,262.3,266.08,12505443,3325099879.97
2022-01-19,sz.002594,265.95,267.88,250.31,252.97,23188180,5960665206.52
2022-01-20,sz.002594,252.1,253.71,247.0,251.07,14998647,3759819343.75
2022-01-21,sz.002594,251.08,255.74,246.33,250.4,11239432,2822719636.12
2022-01-24,sz.002594,246.08,252.88,244.27,251.4,10837686,2706367141.73
2022-01-25,sz.002594,248.0,251.0,240.0,240.31,17277223,4222848972.66
2022-01-26,sz.002594,245.0,251.38,242.31,249.49,17444584,4321964224.97
2022-01-27,sz.002594,247.0,249.3,241.0,241.27,13264963,3242987819.76
2022-01-28,sz.002594,239.98,242.0,219.76,226.8,32437311,7392709579.15
2022-02-07,sz.002594,240.79,249.28,238.01,244.4,25112453,6117950238.08
2022-02-08,sz.002594,243.0,243.0,230.64,236.97,19903953,4669048973.07
2022-02-09,sz.002594,239.05,246.4,235.03,245.18,19992864,4854528826.38
2022-02-10,sz.002594,246.77,248.0,238.1,240.12,14628460,3521519984.33
2022-02-11,sz.002594,236.05,240.12,228.5,230.19,19943926,4646313004.16
2022-02-14,sz.002594,230.2,235.0,225.0,231.98,13319949,3079221402.31
2022-02-15,sz.002594,232.18,239.96,232.18,238.31,15852428,3757722229.85
2022-02-16,sz.002594,242.0,244.99,240.39,240.6,12872491,3117890740.75
2022-02-17,sz.002594,242.24,248.74,239.0,245.41,19106386,4670631745.12
2022-02-18,sz.002594,241.0,245.39,240.0,242.96,9910466,2407158413.0
2022-02-21,sz.002594,241.0,245.8,239.64,241.89,10953804,2657589017.39
2022-02-22,sz.002594,239.0,239.0,234.3,237.45,12545211,2966441429.57
2022-02-23,sz.002594,241.9,252.52,239.01,252.0,29114890,7232161935.29
2022-02-24,sz.002594,248.11,251.78,241.58,244.86,23821988,5865805706.63
2022-02-25,sz.002594,249.9,252.38,247.83,247.84,14601353,3646918799.61
2022-02-28,sz.002594,246.9,250.19,246.0,249.6,11829090,2936223648.0
2022-03-01,sz.002594,255.0,256.61,249.25,251.78,17651958,4476715008.0
2022-03-02,sz.002594,249.0,249.36,243.96,248.6,12124247,2998567648.0
2022-03-03,sz.002594,249.52,250.86,244.0,245.21,9963340,2449485392.0
2022-03-04,sz.002594,237.31,241.86,230.0,233.8,29170634,6857430784.0
2022-03-07,sz.002594,226.89,227.69,220.02,223.61,23612920,5286036224.0
2022-03-08,sz.002594,221.08,225.49,210.0,216.19,29149934,6317187584.0
2022-03-09,sz.002594,217.0,223.6,210.0,223.59,25113522,5484773632.0
2022-03-10,sz.002594,232.91,233.43,229.0,229.1,24834283,5744788992.0
2022-03-11,sz.002594,222.0,231.79,220.02,229.85,18611604,4186645904.0
2022-03-14,sz.002594,225.0,225.0,219.0,219.0,15084061,3336922832.0
2022-03-15,sz.002594,211.13,222.0,209.43,212.8,19820362,4269341888.0
2022-03-16,sz.002594,221.0,230.0,214.2,229.43,33376627,7432043520.0
2022-03-17,sz.002594,240.38,240.88,234.66,234.9,31584430,7518685440.0
2022-03-18,sz.002594,234.9,238.87,232.05,234.5,15054856,3530653259.47
2022-03-21,sz.002594,240.0,248.87,238.17,245.38,27917768,6829415269.77
2022-03-22,sz.002594,245.0,247.4,242.02,244.8,11507907,2815900951.71
2022-03-23,sz.002594,250.0,251.0,246.27,247.17,14850096,3696654258.36
2022-03-24,sz.002594,243.7,250.0,242.4,247.08,11368127,2794432827.62
2022-03-25,sz.002594,247.1,248.96,234.01,235.31,20802373,4984988435.72
2022-03-28,sz.002594,234.9,234.9,228.88,230.4,14310354,3306510715.7
2022-03-29,sz.002594,232.92,236.5,228.8,231.0,13858731,3224438270.09
2022-03-30,sz.002594,227.0,237.02,222.22,237.02,25125996,5807876452.33
2022-03-31,sz.002594,234.21,235.0,226.89,229.8,16173143,3721363312.28
2022-04-01,sz.002594,226.79,239.56,226.6,235.96,18294805,4301758390.48
2022-04-06,sz.002594,245.0,246.0,239.61,241.9,20529330,4976485481.52
2022-04-07,sz.002594,240.0,245.3,239.01,240.0,12269953,2964659964.35
2022-04-08,sz.002594,240.01,246.5,239.1,243.98,17171897,4185742781.55
2022-04-11,sz.002594,240.0,241.48,229.5,233.0,19307007,4519392606.63
2022-04-12,sz.002594,232.0,238.56,231.2,238.16,12888867,3034073575.1
2022-04-13,sz.002594,235.02,241.95,233.01,237.0,10967251,2614119776.57
2022-04-14,sz.002594,242.0,244.99,240.87,241.29,13163750,3198011078.07
2022-04-15,sz.002594,238.5,240.0,232.75,236.2,12923931,3049510858.04
2022-04-18,sz.002594,234.79,241.0,230.0,239.1,11059238,2613800696.93
2022-04-19,sz.002594,243.16,250.9,243.13,244.86,20778154,5140377761.57
2022-04-20,sz.002594,247.66,248.33,240.86,241.78,13078093,3187144240.04
2022-04-21,sz.002594,237.77,240.77,232.1,234.04,15404876,3625535264.84
2022-04-22,sz.002594,230.01,235.66,229.06,235.4,10816219,2522975078.68
2022-04-25,sz.002594,230.0,236.44,226.62,227.5,16188917,3741670659.63
2022-04-26,sz.002594,228.99,235.85,228.43,231.81,15817620,3670084739.19
2022-04-27,sz.002594,226.61,235.81,218.81,235.01,25434167,5794106499.6
2022-04-28,sz.002594,234.6,235.5,230.0,231.98,14637213,3405250082.37
2022-04-29,sz.002594,233.8,243.83,230.75,243.0,24816310,5912448351.22
2022-05-05,sz.002594,246.2,252.39,241.77,248.8,25325879,6282897504.48
2022-05-06,sz.002594,241.02,246.0,240.1,242.08,14548866,3530097270.26
2022-05-09,sz.002594,231.0,236.89,231.0,232.73,17511635,4086613976.42
2022-05-10,sz.002594,224.1,233.66,222.28,233.33,20969664,4792958516.77
2022-05-11,sz.002594,232.0,256.66,231.5,252.7,45952571,11482476078.34
2022-05-12,sz.002594,249.99,257.7,248.71,254.09,24115606,6107994847.84
2022-05-13,sz.002594,259.8,271.5,255.91,270.08,36712061,9733352389.78
2022-05-16,sz.002594,271.11,273.0,265.3,267.12,20236880,5441551549.91
2022-05-17,sz.002594,268.98,285.0,268.5,282.5,29348903,8193618911.28
2022-05-18,sz.002594,282.5,288.0,279.0,281.42,20530270,5812000945.55
2022-05-19,sz.002594,275.31,285.35,274.3,284.51,17363651,4879756542.54
2022-05-20,sz.002594,287.01,291.61,281.2,287.7,17868336,5125699547.29
2022-05-23,sz.002594,292.7,298.0,287.81,295.2,25558816,7496178213.03
2022-05-24,sz.002594,290.0,292.96,281.0,281.0,29049653,8303003901.44
2022-05-25,sz.002594,281.26,288.65,278.03,287.2,23085773,6563211986.81
2022-05-26,sz.002594,287.37,291.22,282.5,286.64,14309499,4106312149.15
2022-05-27,sz.002594,292.95,297.61,286.65,288.88,15318685,4467796258.85
2022-05-30,sz.002594,292.0,299.7,291.08,298.12,21852350,6485731976.77
2022-05-31,sz.002594,300.0,300.96,293.51,295.91,17701119,5242211080.43
2022-06-01,sz.002594,298.0,304.8,293.12,299.98,21691175,6501902117.09
2022-06-02,sz.002594,296.0,305.0,295.22,301.02,17772777,5355773611.15
2022-06-06,sz.002594,304.0,320.47,302.55,318.23,29475729,9260502506.99
2022-06-07,sz.002594,318.0,319.87,311.11,314.89,20022089,6296538085.77
2022-06-08,sz.002594,318.6,328.06,313.01,327.41,29051340,9321932807.22
2022-06-09,sz.002594,334.03,334.8,321.0,322.41,30754172,10050640389.76
2022-06-10,sz.002594,321.5,350.0,321.06,348.8,43824900,14790622514.61
2022-06-13,sz.002594,346.0,358.86,340.6,348.8,36068132,12573534324.27
2022-06-14,sz.002594,342.0,344.79,327.23,343.59,40478934,13634616447.58
2022-06-15,sz.002594,343.97,346.23,332.52,335.0,30394787,10285857694.72
2022-06-16,sz.002594,335.5,342.7,333.41,336.0,19017245,6410739473.5
2022-06-17,sz.002594,330.1,341.2,327.07,338.0,26214759,8830738833.57
2022-06-20,sz.002594,338.08,348.66,335.02,342.18,24541557,8405361560.33
2022-06-21,sz.002594,339.76,341.8,332.2,341.0,19782739,6666969508.66
2022-06-22,sz.002594,342.42,347.63,338.0,339.88,18678783,6412052153.05
2022-06-23,sz.002594,344.7,354.05,338.0,353.5,32314226,11251775973.6
2022-06-24,sz.002594,352.99,356.28,346.01,351.05,23598355,8273168196.72
2022-06-27,sz.002594,352.07,357.0,348.33,349.69,21715524,7630684844.79
2022-06-28,sz.002594,347.0,358.8,342.71,352.9,26963471,9447959127.73
2022-06-29,sz.002594,349.99,350.0,331.49,331.61,36114602,12246017194.84
2022-06-30,sz.002594,331.0,339.35,330.0,333.49,22014478,7372602921.34
2022-07-01,sz.002594,332.18,333.0,320.1,329.2,23411263,7658689347.64
2022-07-04,sz.002594,332.0,338.21,330.2,336.16,20951206,7020823754.35
2022-07-05,sz.002594,337.0,340.6,329.59,333.89,17375703,5819208075.49
2022-07-06,sz.002594,333.8,340.6,331.99,336.1,18343420,6179119713.14
2022-07-07,sz.002594,337.7,351.95,333.37,349.38,30464874,10511816688.85
2022-07-08,sz.002594,349.38,351.88,338.0,338.0,19047757,6547699048.42
2022-07-11,sz.002594,335.88,335.88,318.88,324.3,25431744,8284856773.03
2022-07-12,sz.002594,320.0,321.0,300.08,309.0,45051469,13935271930.66
2022-07-13,sz.002594,309.0,313.84,296.77,309.88,34106695,10439432846.37
2022-07-14,sz.002594,308.91,323.0,307.0,323.0,27248936,8631732044.24
2022-07-15,sz.002594,335.0,349.89,333.0,338.19,44450784,15284697866.33
2022-07-18,sz.002594,345.0,346.0,328.0,337.1,23891156,8007559906.57
2022-07-19,sz.002594,337.1,337.1,327.62,331.1,15818025,5239778187.42
2022-07-20,sz.002594,332.98,333.86,329.08,331.7,10326348,3425066981.27
2022-07-21,sz.002594,329.0,331.0,322.94,324.5,13200328,4303073903.06
2022-07-22,sz.002594,326.01,334.66,326.0,329.62,14177374,4687025063.19
2022-07-25,sz.002594,326.0,327.0,320.0,322.95,11501710,3705167359.35
2022-07-26,sz.002594,322.48,327.68,320.0,325.0,10765616,3493834391.48
2022-07-27,sz.002594,324.0,329.8,321.01,325.8,9105572,2961812248.59
2022-07-28,sz.002594,329.02,331.45,324.0,325.43,10906517,3572559081.57
2022-07-29,sz.002594,323.0,327.8,317.96,320.36,11485364,3695131506.07
2022-08-01,sz.002594,317.98,332.08,316.32,330.54,18758376,6141512246.28
2022-08-02,sz.002594,324.9,330.48,321.3,326.6,15664266,5110091377.52
2022-08-03,sz.002594,326.7,334.85,318.89,321.99,18872311,6197191078.22
2022-08-04,sz.002594,328.0,331.47,322.1,326.8,18663677,6098858888.61
2022-08-05,sz.002594,330.0,331.89,318.28,324.49,15756385,5115620394.38
2022-08-08,sz.002594,322.11,324.9,319.0,321.35,12948786,4158491944.2
2022-08-09,sz.002594,321.18,323.8,318.15,319.72,11610661,3719885520.15
2022-08-10,sz.002594,319.7,319.7,305.0,308.35,25849901,7998810820.76
2022-08-11,sz.002594,311.43,315.89,305.6,315.02,16544481,5159742999.32
2022-08-12,sz.002594,315.02,316.28,310.0,311.93,10133763,3165436406.24
2022-08-15,sz.002594,312.2,319.23,311.22,315.21,13511926,4265356111.56
2022-08-16,sz.002594,315.8,321.89,315.5,318.92,15724331,5029761317.39
2022-08-17,sz.002594,319.99,329.6,316.72,327.93,21087113,6808620193.78
2022-08-18,sz.002594,327.0,330.0,323.84,326.04,14279044,4659424798.77
2022-08-19,sz.002594,325.03,327.44,317.0,319.39,12428923,3993178339.9
2022-08-22,sz.002594,316.0,326.09,312.22,323.09,14766765,4747212897.21
2022-08-23,sz.002594,324.0,325.55,318.98,321.61,9299975,2989844194.59
2022-08-24,sz.002594,321.68,322.96,309.3,309.5,18678283,5854016197.05
2022-08-25,sz.002594,309.56,311.08,302.66,309.58,14022073,4308297636.81
2022-08-26,sz.002594,312.99,317.93,310.0,315.73,12212655,3849213721.03
2022-08-29,sz.002594,313.67,316.87,311.49,313.55,8591166,2696123150.78
2022-08-30,sz.002594,315.5,318.5,310.0,310.85,11024737,3454778559.87
2022-08-31,sz.002594,291.0,296.6,284.0,287.98,40805974,11841919126.44
2022-09-01,sz.002594,285.0,294.6,284.03,286.7,19258233,5566420144.72
2022-09-02,sz.002594,288.7,289.6,278.1,282.0,16166192,4561284361.67
2022-09-05,sz.002594,269.0,270.88,261.1,268.76,35120827,9364600412.1
2022-09-06,sz.002594,268.77,274.45,267.21,272.94,18990284,5154529157.93
2022-09-07,sz.002594,272.0,285.05,270.6,282.7,19087317,5345727757.12
2022-09-08,sz.002594,283.0,284.99,277.0,278.26,11642911,3267426058.84
2022-09-09,sz.002594,280.99,281.49,276.99,279.7,7609826,2125233636.1
2022-09-13,sz.002594,282.0,286.69,279.37,284.8,11152411,3162351106.79
2022-09-14,sz.002594,282.0,283.8,276.26,278.33,10515106,2935617132.72
2022-09-15,sz.002594,280.0,280.5,266.91,269.5,15239523,4126260384.99
2022-09-16,sz.002594,268.0,271.45,264.36,265.98,10447636,2797971959.02
2022-09-19,sz.002594,268.0,273.9,266.68,270.35,11094999,3006108121.18
2022-09-20,sz.002594,273.8,277.49,272.01,274.21,11124502,3058894058.59
2022-09-21,sz.002594,271.8,272.61,267.0,270.0,8375363,2258898397.52
2022-09-22,sz.002594,267.49,269.38,261.3,268.55,9279950,2468839436.32
2022-09-23,sz.002594,267.09,269.77,264.28,266.4,7964412,2125444094.97
2022-09-26,sz.002594,266.4,276.0,263.58,272.95,14360640,3911414126.97
2022-09-27,sz.002594,272.96,274.83,270.06,273.96,8309593,2262822665.47
2022-09-28,sz.002594,273.0,273.0,265.5,265.62,8562018,2293531516.44
2022-09-29,sz.002594,270.0,271.8,264.0,264.57,8835668,2355802795.76
2022-09-30,sz.002594,263.0,263.55,249.0,252.01,21403588,5421385039.32
2022-10-10,sz.002594,252.27,256.4,249.44,251.2,11747850,2967008053.9
2022-10-11,sz.002594,252.0,257.38,249.33,255.01,13282039,3370369988.09
2022-10-12,sz.002594,254.0,263.25,249.95,262.34,14487143,3708582158.11
2022-10-13,sz.002594,260.0,263.0,258.08,258.18,9618660,2497932932.31
2022-10-14,sz.002594,262.08,269.1,259.95,264.54,14569451,3854443048.81
2022-10-17,sz.002594,263.0,263.0,256.69,260.66,10967836,2842978644.52
2022-10-18,sz.002594,279.0,279.0,272.5,273.67,24414179,6717206760.96
2022-10-19,sz.002594,273.67,276.44,266.88,267.5,13400403,3642369173.85
2022-10-20,sz.002594,264.0,265.58,257.4,263.51,12841678,3355270263.24
2022-10-21,sz.002594,263.52,270.88,262.01,266.3,10478554,2794657481.96
2022-10-24,sz.002594,264.9,266.31,253.57,255.57,16741256,4324097663.28
2022-10-25,sz.002594,253.0,260.59,250.03,257.91,11324267,2897739554.19
2022-10-26,sz.002594,260.0,264.04,255.29,257.87,12641527,3279130695.61
2022-10-27,sz.002594,258.99,260.72,255.0,255.0,9776582,2516238985.32
2022-10-28,sz.002594,253.0,253.0,235.81,239.89,26316393,6372054067.38
2022-10-31,sz.002594,237.5,251.0,237.11,246.67,18794233,4625511532.23
2022-11-01,sz.002594,247.11,262.2,247.0,261.82,21928271,5620272304.03
2022-11-02,sz.002594,261.0,271.6,258.36,267.56,18731929,4980989814.63
2022-11-03,sz.002594,265.02,271.76,264.1,267.98,10238397,2747240766.43
2022-11-04,sz.002594,268.98,283.02,268.0,280.2,22488689,6270505264.36
2022-11-07,sz.002594,275.0,282.03,272.99,278.88,13584206,3781158419.5
2022-11-08,sz.002594,279.45,282.6,273.5,276.41,10563449,2925766812.0
2022-11-09,sz.002594,278.15,278.88,268.64,269.63,11194636,3038705770.15
2022-11-10,sz.002594,264.63,264.97,255.8,260.26,15549677,4039239830.46
2022-11-11,sz.002594,270.5,272.97,265.16,268.8,16609959,4467701122.29
2022-11-14,sz.002594,269.23,272.54,262.76,263.79,11523697,3071390410.29
2022-11-15,sz.002594,263.99,268.3,260.1,267.0,11284835,2985500713.78
2022-11-16,sz.002594,265.78,266.6,260.1,261.08,10354941,2719934793.35
2022-11-17,sz.002594,259.91,259.91,253.58,257.0,11126057,2842104512.8
2022-11-18,sz.002594,257.77,259.56,253.5,254.68,10118376,2595461705.13
2022-11-21,sz.002594,252.84,254.6,248.51,254.2,8251507,2082807824.6
2022-11-22,sz.002594,255.0,255.25,250.0,250.49,8014551,2013576333.06
2022-11-23,sz.002594,250.49,251.5,247.2,251.5,8846881,2209509305.64
2022-11-24,sz.002594,253.35,255.0,248.28,249.39,8531406,2137710347.92
2022-11-25,sz.002594,249.0,249.0,245.0,245.05,8782164,2160628974.42
2022-11-28,sz.002594,240.0,245.13,237.22,245.11,9910928,2387430972.84
2022-11-29,sz.002594,246.28,249.68,243.0,248.3,12358078,3051509362.17
2022-11-30,sz.002594,248.36,260.0,246.48,259.52,21287338,5434244562.94
2022-12-01,sz.002594,268.0,270.95,264.92,266.66,25798585,6927128718.24
2022-12-02,sz.002594,264.92,267.57,260.48,262.08,11607538,3062453851.98
2022-12-05,sz.002594,265.95,267.59,261.9,263.36,10523309,2776465998.91
2022-12-06,sz.002594,260.55,271.63,260.01,267.6,12300679,3283672654.46
2022-12-07,sz.002594,267.65,278.28,267.65,273.74,19266593,5284876702.79
2022-12-08,sz.002594,273.75,275.0,270.87,274.29,9458065,2587392485.85
2022-12-09,sz.002594,275.48,277.7,271.45,274.7,10099232,2768392889.38
2022-12-12,sz.002594,271.96,273.47,268.0,269.88,8012821,2168695196.08
2022-12-13,sz.002594,272.0,275.0,269.5,269.8,6138433,1667300817.76
2022-12-14,sz.002594,269.41,269.44,263.6,266.4,9436462,2507895816.83
2022-12-15,sz.002594,266.33,272.28,263.51,271.46,9712345,2610706543.72
2022-12-16,sz.002594,270.07,271.37,267.55,270.51,5619664,1512400641.37
2022-12-19,sz.002594,268.99,275.0,265.61,266.5,8403891,2264390154.86
2022-12-20,sz.002594,265.9,265.9,258.68,261.6,8490821,2218820934.7
2022-12-21,sz.002594,261.58,262.85,259.6,260.8,4196630,1095313221.68
2022-12-22,sz.002594,263.0,263.5,258.51,259.19,5920995,1543323319.1
2022-12-23,sz.002594,256.1,256.4,250.5,252.18,9081868,2294101017.91
2022-12-26,sz.002594,252.2,263.5,252.19,262.42,9354753,2430254724.83
2022-12-27,sz.002594,263.46,263.98,259.8,262.12,5553654,1453871979.26
2022-12-28,sz.002594,257.5,259.2,253.0,254.62,10256378,2612261022.46
2022-12-29,sz.002594,253.99,258.86,252.13,254.76,7225577,1841122253.64
2022-12-30,sz.002594,258.5,260.37,256.51,256.97,7488973,1931977379.46
2023-01-03,sz.002594,256.41,261.92,250.0,260.48,12137430,3108609040.59
2023-01-04,sz.002594,260.0,260.48,256.5,259.1,7267459,1881537611.89
2023-01-05,sz.002594,262.52,267.59,261.06,265.08,11893600,3143084205.35
2023-01-06,sz.002594,267.91,271.2,265.1,266.2,13885523,3726792588.77
2023-01-09,sz.002594,268.0,268.0,262.29,263.38,11416882,3020383479.88
2023-01-10,sz.002594,262.05,269.58,257.31,266.59,17351254,4568518534.9
2023-01-11,sz.002594,264.9,271.0,261.41,268.99,12836375,3429408754.48
2023-01-12,sz.002594,271.51,284.45,270.7,277.3,22347919,6213489747.34
2023-01-13,sz.002594,277.41,279.93,275.0,278.58,12841101,3556565563.29
2023-01-16,sz.002594,278.58,278.77,272.0,273.8,16499989,4536354778.25
2023-01-17,sz.002594,273.81,274.5,268.93,269.99,11166571,3020383061.27
2023-01-18,sz.002594,269.85,272.5,266.49,269.0,8610817,2315435132.64
2023-01-19,sz.002594,267.88,270.85,266.52,270.5,8123863,2185520061.14
2023-01-20,sz.002594,271.0,271.88,267.02,270.07,10464935,2819530181.01
2023-01-30,sz.002594,285.0,288.0,281.0,281.99,28185441,8014418507.92
2023-01-31,sz.002594,285.0,288.8,280.39,285.8,18711017,5339962478.48
2023-02-01,sz.002594,287.98,304.33,286.14,304.33,27298697,8144001077.42
2023-02-02,sz.002594,305.87,306.13,299.96,302.62,14802993,4485489933.08
2023-02-03,sz.002594,299.95,299.95,292.8,295.0,15294828,4517779880.13
2023-02-06,sz.002594,291.69,291.69,287.61,289.98,10044660,2906251550.27
2023-02-07,sz.002594,291.99,292.48,287.6,289.0,7683474,2223584357.9
2023-02-08,sz.002594,289.0,289.0,282.8,285.66,9290144,2653105085.39
2023-02-09,sz.002594,284.0,288.82,282.3,288.33,9064889,2602093563.52
2023-02-10,sz.002594,285.88,285.9,280.0,281.86,12970811,3659502383.76
2023-02-13,sz.002594,279.01,283.29,277.06,282.32,9346144,2628940179.13
2023-02-14,sz.002594,284.0,284.5,279.1,281.97,7364368,2068766543.49
2023-02-15,sz.002594,283.0,283.9,278.56,279.0,9083216,2549250813.75
2023-02-16,sz.002594,280.0,281.79,274.85,277.02,10334815,2883947589.31
2023-02-17,sz.002594,276.49,278.1,271.28,271.66,10099650,2764372531.12
2023-02-20,sz.002594,271.59,273.3,267.0,272.8,13070148,3524868434.68
2023-02-21,sz.002594,272.0,276.56,270.28,274.75,11369006,3115649014.03
2023-02-22,sz.002594,271.9,272.62,268.9,270.42,8508796,2301668445.48
2023-02-23,sz.002594,269.9,271.67,268.5,270.44,10035821,2705234150.25
2023-02-24,sz.002594,269.02,269.88,267.0,267.58,6686761,1790064871.94
2023-02-27,sz.002594,265.0,265.89,258.0,259.81,16970381,4428436083.08
2023-02-28,sz.002594,261.0,262.0,257.57,260.8,12033003,3122819223.88
2023-03-01,sz.002594,260.75,266.54,257.76,265.5,14365761,3781045100.69
2023-03-02,sz.002594,266.12,268.13,262.0,263.71,11490496,3043464760.13
2023-03-03,sz.002594,264.99,265.23,262.08,263.79,6398161,1686348718.11
2023-03-06,sz.002594,264.0,264.63,258.0,264.27,11212447,2932174904.51
2023-03-07,sz.002594,264.18,266.99,260.5,260.68,10593288,2789608646.13
2023-03-08,sz.002594,258.5,259.79,255.0,256.99,12089760,3104294281.17
2023-03-09,sz.002594,256.5,259.83,254.01,256.07,9673143,2481897868.2
2023-03-10,sz.002594,252.0,253.0,242.3,243.14,28346408,6951755744.42
2023-03-13,sz.002594,241.72,242.95,237.0,240.49,16734341,4010230472.09
2023-03-14,sz.002594,240.0,242.5,233.03,239.98,19856816,4715842057.42
2023-03-15,sz.002594,241.5,242.48,237.41,238.62,12071459,2895736124.32
2023-03-16,sz.002594,235.0,239.62,234.0,234.79,11837025,2793057410.9
2023-03-17,sz.002594,236.78,240.98,235.53,237.91,13500262,3213067915.67
2023-03-20,sz.002594,237.91,239.36,234.6,235.57,8632333,2041533811.33
2023-03-21,sz.002594,236.89,239.51,234.79,239.51,10887269,2585297267.87
2023-03-22,sz.002594,242.2,247.58,242.08,243.2,15533932,3800940795.9
2023-03-23,sz.002594,242.99,245.5,239.5,245.49,9746104,2374450292.86
2023-03-24,sz.002594,245.5,247.63,243.49,246.02,8101826,1990565427.15
2023-03-27,sz.002594,245.99,245.99,240.3,243.65,9249536,2246213086.39
2023-03-28,sz.002594,244.5,245.67,242.4,245.01,8184504,1998797290.67
2023-03-29,sz.002594,246.55,250.25,246.55,247.7,14430262,3588758349.33
2023-03-30,sz.002594,250.0,257.2,250.0,257.2,20926722,5317797712.17
2023-03-31,sz.002594,258.97,260.86,255.0,256.02,16700761,4304295451.65
2023-04-03,sz.002594,256.0,258.24,252.26,255.92,13369125,3412119592.75
2023-04-04,sz.002594,255.81,255.81,247.99,250.92,13774433,3448255050.96
2023-04-06,sz.002594,248.0,250.88,245.68,250.0,8194227,2036216982.21
2023-04-07,sz.002594,250.05,252.13,248.33,249.28,6872291,1718631440.72
2023-04-10,sz.002594,249.28,251.2,246.0,251.0,9805791,2436804938.71
2023-04-11,sz.002594,252.15,254.49,248.6,249.83,8745512,2194591845.3
2023-04-12,sz.002594,248.8,248.8,243.33,243.4,11232970,2751446164.0
2023-04-13,sz.002594,240.58,243.0,237.77,242.82,8096464,1952037226.04
2023-04-14,sz.002594,243.4,247.47,242.99,246.06,10550644,2589957802.96
2023-04-17,sz.002594,245.0,249.68,244.21,249.44,9039385,2244153586.58
2023-04-18,sz.002594,250.4,252.18,248.44,249.0,7843220,1961474846.37
2023-04-19,sz.002594,249.0,253.2,246.09,250.85,11192747,2793037791.07
2023-04-20,sz.002594,249.93,249.93,245.0,245.02,10030830,2470721410.23
2023-04-21,sz.002594,244.5,248.95,243.0,243.0,10405248,2553937672.05
2023-04-24,sz.002594,244.1,258.6,243.18,253.49,26701734,6747607047.4
2023-04-25,sz.002594,251.0,251.8,242.2,244.3,18741873,4589549733.2
2023-04-26,sz.002594,243.0,254.54,241.0,251.0,17449204,4353221179.83
2023-04-27,sz.002594,250.0,258.99,249.55,258.92,24246438,6228404692.62
2023-04-28,sz.002594,261.47,262.97,254.0,255.86,19194480,4933612984.11
2023-05-04,sz.002594,255.0,257.61,251.4,252.52,11812427,3002183826.95
2023-05-05,sz.002594,252.55,253.8,247.95,250.07,10243959,2560075787.17
2023-05-08,sz.002594,253.0,259.1,252.52,254.03,12162620,3104234523.95
2023-05-09,sz.002594,250.04,253.36,249.0,250.11,8988483,2253697878.87
2023-05-10,sz.002594,251.0,262.18,249.2,259.79,25369089,6542224182.82
2023-05-11,sz.002594,260.77,269.8,258.68,263.75,21423687,5669565807.84
2023-05-12,sz.002594,266.0,268.25,259.52,260.1,10457353,2750523183.88
2023-05-15,sz.002594,260.1,266.55,258.7,264.9,13692627,3615695775.88
2023-05-16,sz.002594,264.39,267.42,263.2,265.13,8163931,2162966660.8
2023-05-17,sz.002594,264.99,265.8,259.01,261.0,8955605,2336687603.08
2023-05-18,sz.002594,262.3,263.88,256.56,259.08,10069665,2610927790.57
2023-05-19,sz.002594,258.18,260.92,256.3,259.18,6010582,1557739695.36
2023-05-22,sz.002594,260.92,266.0,257.08,265.1,12016521,3160916356.91
2023-05-23,sz.002594,265.04,266.88,262.93,262.93,9061940,2401159868.83
2023-05-24,sz.002594,261.6,265.0,259.52,261.91,6809295,1787131273.37
2023-05-25,sz.002594,261.96,263.85,255.14,255.6,13207895,3413072493.97
2023-05-26,sz.002594,253.0,253.0,242.8,246.99,18581340,4583193890.32
2023-05-29,sz.002594,250.0,250.55,242.0,244.93,12472291,3051361332.85
2023-05-30,sz.002594,245.95,255.0,245.83,252.2,16688058,4201064907.25
2023-05-31,sz.002594,252.2,254.9,249.65,253.66,11838117,2995495153.94
2023-06-01,sz.002594,253.66,257.88,253.23,255.45,8673571,2217698925.98
2023-06-02,sz.002594,257.88,259.59,255.6,259.06,11067975,2854069098.12
2023-06-05,sz.002594,259.0,259.06,251.67,258.32,10479452,2682476683.9
2023-06-06,sz.002594,257.95,265.0,256.18,260.88,12898111,3371155484.97
2023-06-07,sz.002594,262.0,263.44,255.5,256.55,10049028,2598158541.15
2023-06-08,sz.002594,256.19,258.84,254.47,255.0,6445426,1650438581.6
2023-06-09,sz.002594,258.8,259.1,252.5,258.0,10748401,2753073834.57
2023-06-12,sz.002594,256.5,263.0,255.5,260.51,10289121,2682484319.81
2023-06-13,sz.002594,260.5,262.0,257.13,261.22,8151147,2117925895.65
2023-06-14,sz.002594,262.68,265.39,261.5,263.0,12577600,3318766725.93
2023-06-15,sz.002594,263.5,275.01,263.29,271.88,24396107,6622887119.05
2023-06-16,sz.002594,273.86,275.86,270.0,271.08,15229682,4146755899.36
2023-06-19,sz.002594,271.08,274.99,267.88,269.21,12356475,3342857528.61
2023-06-20,sz.002594,269.01,269.2,264.9,268.25,10236616,2734002024.93
2023-06-21,sz.002594,267.01,273.28,266.25,267.78,10781176,2906861071.14
2023-06-26,sz.002594,262.43,268.69,262.3,262.89,10151222,2681452521.69
2023-06-27,sz.002594,262.02,263.85,257.08,260.05,9902865,2570404963.75
2023-06-28,sz.002594,260.0,262.5,258.1,260.25,5726951,1489543300.79
2023-06-29,sz.002594,260.25,260.78,255.23,255.7,8348505,2148587117.07
2023-06-30,sz.002594,254.13,260.0,253.7,258.27,7572436,1952424866.32
2023-07-03,sz.002594,258.88,269.27,258.88,267.48,16256506,4313305226.43
2023-07-04,sz.002594,268.5,275.0,266.51,271.5,15712002,4271284305.32
2023-07-05,sz.002594,271.51,272.48,265.69,267.0,9303313,2493339683.16
2023-07-06,sz.002594,267.0,272.0,266.8,268.1,8371185,2249759122.78
2023-07-07,sz.002594,267.0,267.66,264.11,264.4,6219150,1650354364.44
2023-07-10,sz.002594,267.0,269.5,262.75,263.55,6887762,1824432454.29
2023-07-11,sz.002594,265.0,270.69,263.8,269.33,10240520,2744333128.69
2023-07-12,sz.002594,270.5,271.15,264.66,265.61,8703195,2328017075.51
2023-07-13,sz.002594,267.5,269.5,265.01,267.83,8275301,2213414441.05
2023-07-14,sz.002594,267.8,267.8,263.5,264.41,10272203,2718639360.54
2023-07-17,sz.002594,267.0,267.0,262.35,264.49,7892663,2086663750.62
2023-07-18,sz.002594,265.25,267.57,260.5,265.48,9845648,2603934532.06
2023-07-19,sz.002594,265.49,265.9,262.74,264.83,5025000,1328126186.9
2023-07-20,sz.002594,265.5,269.5,264.0,264.95,9127051,2434017185.02
2023-07-21,sz.002594,264.0,264.8,261.55,264.32,7528703,1979318622.2
2023-07-24,sz.002594,261.01,262.77,257.49,257.5,9595037,2491708305.58
2023-07-25,sz.002594,262.68,266.99,262.65,264.59,17388284,4604657751.54
2023-07-26,sz.002594,263.76,263.76,260.6,262.09,6586488,1723363551.36
2023-07-27,sz.002594,264.5,265.77,260.8,261.63,11265069,2962230531.88
2023-07-28,sz.002594,260.0,267.65,258.22,267.0,17330825,4584230665.56
2023-07-31,sz.002594,270.0,276.58,269.88,272.0,21506016,5874722582.93
2023-08-01,sz.002594,271.76,272.76,266.5,268.5,12033993,3239067594.49
2023-08-02,sz.002594,270.7,272.0,266.36,268.0,8739351,2346829431.29
2023-08-03,sz.002594,267.28,268.48,265.51,268.23,6616988,1766952896.19
2023-08-04,sz.002594,268.99,270.07,266.65,268.3,8805315,2358257628.14
2023-08-07,sz.002594,267.93,267.93,265.19,266.99,6420380,1710317723.01
2023-08-08,sz.002594,265.2,266.5,262.51,263.3,9171188,2419517104.52
2023-08-09,sz.002594,262.0,263.5,260.23,262.9,7249937,1897124687.56
2023-08-10,sz.002594,263.0,264.87,260.74,262.7,6001610,1575799641.46
2023-08-11,sz.002594,262.69,262.7,259.01,259.25,8612528,2242256361.19
2023-08-14,sz.002594,255.0,256.99,243.49,245.82,25289035,6237439722.0
2023-08-15,sz.002594,245.82,246.13,241.9,244.54,11502129,2804377792.91
2023-08-16,sz.002594,243.28,245.5,242.21,244.2,7997936,1953463841.64
2023-08-17,sz.002594,243.37,246.34,240.4,246.01,8683555,2118628433.05
2023-08-18,sz.002594,245.56,245.56,240.0,240.29,9846650,2385483842.91
2023-08-21,sz.002594,239.8,239.88,234.05,234.41,12787920,3022536162.14
2023-08-22,sz.002594,237.97,238.5,230.9,234.54,11211589,2620973083.49
2023-08-23,sz.002594,234.54,234.54,230.03,230.09,8123755,1882331986.32
2023-08-24,sz.002594,231.01,237.0,231.01,234.9,10681059,2501734160.95
2023-08-25,sz.002594,233.28,234.33,231.5,232.6,6677526,1554437026.78
2023-08-28,sz.002594,248.0,248.0,234.25,235.53,13352736,3189524811.18
2023-08-29,sz.002594,236.81,247.5,236.81,246.71,21322346,5201525920.49
2023-08-30,sz.002594,249.33,251.47,247.84,249.8,15218735,3798606951.32
2023-08-31,sz.002594,250.51,250.99,248.0,249.4,8873396,2214559038.93
2023-09-01,sz.002594,253.0,254.47,248.0,249.12,7777183,1949444068.95
2023-09-04,sz.002594,251.6,253.0,248.88,252.45,9651160,2427791468.68
2023-09-05,sz.002594,252.2,252.2,248.69,249.03,7457050,1864915960.48
2023-09-06,sz.002594,250.0,252.3,249.3,250.45,6592856,1653726026.59
2023-09-07,sz.002594,250.42,250.42,248.11,248.4,6091302,1517662851.65
2023-09-08,sz.002594,247.01,247.01,242.69,244.05,6763440,1651599177.69
2023-09-11,sz.002594,243.7,248.5,242.2,247.01,7651344,1876707032.36
2023-09-12,sz.002594,248.7,253.37,247.1,251.99,11953240,3004363229.2
2023-09-13,sz.002594,252.0,254.28,250.4,251.55,9147897,2305291959.71
2023-09-14,sz.002594,246.8,246.95,242.0,243.63,15258025,3722930909.04
2023-09-15,sz.002594,244.0,246.84,241.51,244.29,8225595,2010812283.73
2023-09-18,sz.002594,244.5,251.2,244.29,247.38,9640522,2395846502.98
2023-09-19,sz.002594,246.0,248.28,243.8,247.17,6239693,1533948926.6
2023-09-20,sz.002594,245.0,246.28,244.0,244.0,5449710,1332673932.91
2023-09-21,sz.002594,243.0,243.87,238.55,239.68,9296462,2232606210.05
2023-09-22,sz.002594,239.52,245.66,238.5,245.05,9676396,2356419361.2
2023-09-25,sz.002594,246.83,246.98,244.35,245.8,6478680,1592828380.15
2023-09-26,sz.002594,245.0,245.0,238.3,238.5,11846263,2846103699.66
2023-09-27,sz.002594,239.11,242.22,237.79,237.83,7573367,1808518865.65
2023-09-28,sz.002594,238.8,239.5,236.05,236.7,8525768,2022931183.51
2023-10-09,sz.002594,236.7,238.51,229.66,237.97,9179071,2162900146.9
2023-10-10,sz.002594,237.96,240.02,237.0,237.91,6393661,1524841110.79
2023-10-11,sz.002594,241.96,242.5,238.0,238.59,7668373,1838352973.98
2023-10-12,sz.002594,240.4,245.5,239.0,244.45,13934094,3391600251.18
2023-10-13,sz.002594,241.9,242.77,239.8,240.36,6644523,1598611951.89
2023-10-16,sz.002594,240.4,241.08,236.5,237.51,6602221,1573224653.24
2023-10-17,sz.002594,237.52,239.99,236.5,238.0,4916359,1169236111.59
2023-10-18,sz.002594,245.6,251.0,244.0,249.07,30786284,7646061770.59
2023-10-19,sz.002594,246.95,247.97,240.34,240.6,14775328,3595894522.39
2023-10-20,sz.002594,240.0,241.8,238.21,239.2,8565861,2050294970.85
2023-10-23,sz.002594,240.0,240.0,236.2,238.65,7353683,1747793907.15
2023-10-24,sz.002594,239.3,240.5,234.67,235.55,11077892,2614866693.57
2023-10-25,sz.002594,237.97,240.01,236.22,237.4,8367573,1993861827.76
2023-10-26,sz.002594,236.06,238.8,235.7,238.61,7319935,1738279509.52
2023-10-27,sz.002594,238.0,243.5,237.52,241.95,10320556,2490630304.57
2023-10-30,sz.002594,239.51,244.99,238.7,244.6,11729547,2849732929.01
2023-10-31,sz.002594,243.5,243.99,237.5,238.54,12720475,3044814889.04
2023-11-01,sz.002594,238.0,238.0,235.42,236.2,9339042,2206820550.57
2023-11-02,sz.002594,237.86,237.88,234.8,234.8,8541416,2015702321.15
2023-11-03,sz.002594,235.51,239.15,234.88,238.65,9067942,2154652391.25
2023-11-06,sz.002594,240.51,243.43,240.0,242.9,14354786,3472633480.41
2023-11-07,sz.002594,243.0,244.3,240.51,240.97,9451293,2287202177.21
2023-11-08,sz.002594,240.36,240.86,239.18,240.0,8012814,1921682141.44
2023-11-09,sz.002594,240.0,240.75,238.34,239.3,7318274,1750698708.03
2023-11-10,sz.002594,239.0,239.0,235.66,236.96,8190190,1940054002.55
2023-11-13,sz.002594,237.88,238.18,235.1,237.12,6973846,1649215950.55
2023-11-14,sz.002594,237.3,238.2,236.6,237.63,5521655,1310694854.05
2023-11-15,sz.002594,239.9,240.0,238.3,238.64,7869167,1881360640.9
2023-11-16,sz.002594,239.8,239.8,237.22,238.3,6169007,1471253077.4
2023-11-17,sz.002594,237.0,238.59,236.0,236.76,5946229,1408060177.59
2023-11-20,sz.002594,235.8,236.5,234.58,235.0,7677094,1804923944.25
2023-11-21,sz.002594,235.69,236.68,233.66,234.2,8238634,1937039109.31
2023-11-22,sz.002594,233.5,233.5,229.88,230.0,10557108,2440478826.77
2023-11-23,sz.002594,230.5,231.28,227.12,228.83,10576394,2425947586.33
2023-11-24,sz.002594,228.8,228.8,215.4,216.85,28065948,6162803841.07
2023-11-27,sz.002594,212.0,212.0,205.0,208.9,21548087,4487132026.79
2023-11-28,sz.002594,208.92,211.77,207.01,209.91,12221143,2562912238.29
2023-11-29,sz.002594,209.88,209.9,201.39,201.98,21924630,4464902232.03
2023-11-30,sz.002594,201.6,202.73,198.45,199.15,18724215,3745049005.82
2023-12-01,sz.002594,200.48,200.82,192.81,197.05,19418985,3799477664.21
2023-12-04,sz.002594,197.05,199.29,193.6,196.39,11761315,2317283540.3
2023-12-05,sz.002594,197.0,199.96,195.61,196.34,15237247,3021632365.0
2023-12-06,sz.002594,196.35,201.24,196.0,201.19,17634737,3523669817.72
2023-12-07,sz.002594,201.19,201.2,197.3,199.45,10316924,2051259486.34
2023-12-08,sz.002594,199.03,200.36,198.32,198.55,7770019,1547061882.45
2023-12-11,sz.002594,196.75,199.58,194.64,199.19,10108635,1989856427.67
2023-12-12,sz.002594,198.18,198.73,196.12,196.33,7979721,1572793711.16
2023-12-13,sz.002594,195.82,195.82,191.72,191.8,11753492,2270646820.88
2023-12-14,sz.002594,193.0,196.18,191.11,191.18,9249670,1787086925.23
2023-12-15,sz.002594,193.08,194.39,191.08,193.28,10184134,1966549057.21
2023-12-18,sz.002594,191.06,192.5,188.31,189.06,10051147,1906643035.57
2023-12-19,sz.002594,188.53,188.68,186.16,188.0,7936972,1487629708.83
2023-12-20,sz.002594,188.33,189.33,184.87,184.88,8492482,1585187696.77
2023-12-21,sz.002594,183.33,189.98,182.85,189.68,13314943,2494208947.45
2023-12-22,sz.002594,189.9,195.38,188.04,192.25,11799766,2267509852.29
2023-12-25,sz.002594,193.0,194.2,190.21,192.18,5376986,1032287275.25
2023-12-26,sz.002594,192.16,192.16,190.0,191.75,4138033,790091023.1
2023-12-27,sz.002594,193.0,193.5,190.7,191.45,6136402,1174486108.27
2023-12-28,sz.002594,191.03,198.66,190.66,198.05,13877780,2722971139.94
2023-12-29,sz.002594,198.97,199.8,197.15,198.0,8036729,1591969845.9
2024-01-02,sz.002594,199.61,199.62,192.37,192.6,11392832,2212162400.36
2024-01-03,sz.002594,192.5,193.87,190.7,193.17,8448596,1624093056.05
2024-01-04,sz.002594,194.34,194.65,191.1,193.02,8987036,1731882120.2
2024-01-05,sz.002594,192.47,197.5,191.13,192.68,11240188,2187835615.06
2024-01-08,sz.002594,192.8,193.66,189.15,189.4,8107839,1543893918.74
2024-01-09,sz.002594,191.0,196.0,190.2,192.86,11218651,2167747851.79
2024-01-10,sz.002594,191.7,193.3,189.6,190.29,7141623,1364589161.69
2024-01-11,sz.002594,190.2,198.7,188.81,196.78,15986174,3120354835.76
2024-01-12,sz.002594,196.78,198.25,195.29,195.87,8702264,1711086655.61
2024-01-15,sz.002594,194.72,197.0,192.42,194.61,7021993,1364639692.18
2024-01-16,sz.002594,193.9,196.55,193.07,195.3,8380860,1633959522.52
2024-01-17,sz.002594,194.2,194.55,186.8,186.8,16079471,3050944390.44
2024-01-18,sz.002594,185.65,191.0,184.91,190.48,11459165,2150839668.13
2024-01-19,sz.002594,189.49,192.96,188.7,189.34,8090516,1540978198.75
2024-01-22,sz.002594,188.87,191.3,184.56,185.34,13223973,2487370788.56
2024-01-23,sz.002594,185.0,188.96,184.3,187.85,11072562,2072060503.59
2024-01-24,sz.002594,189.28,189.85,184.08,188.7,9664121,1805379382.4
2024-01-25,sz.002594,188.88,190.9,185.66,189.9,13076908,2470818453.07
2024-01-26,sz.002594,189.0,189.0,185.5,185.86,11585464,2160578276.22
2024-01-29,sz.002594,185.9,186.0,178.31,178.44,14604252,2647388165.71
2024-01-30,sz.002594,173.08,175.48,170.3,171.97,19076118,3296016841.46
2024-01-31,sz.002594,171.09,175.28,170.32,170.73,12536841,2155163736.0
2024-02-01,sz.002594,170.0,173.0,168.36,170.89,11665074,1996429636.62
2024-02-02,sz.002594,170.96,171.88,163.01,167.0,14799171,2485326236.05
2024-02-05,sz.002594,165.0,171.78,162.77,168.0,18621620,3122618402.6
2024-02-06,sz.002594,166.0,176.11,165.5,175.87,17618975,3054635572.85
2024-02-07,sz.002594,177.25,183.0,176.1,179.56,16009370,2880398921.91
2024-02-08,sz.002594,181.49,183.35,180.7,181.17,11924566,2168509150.22
2024-02-19,sz.002594,183.88,185.35,181.84,183.5,11968707,2192419553.49
2024-02-20,sz.002594,183.5,183.68,177.0,179.02,11335736,2023820071.64
2024-02-21,sz.002594,177.1,185.6,176.66,183.0,14769298,2700340930.5
2024-02-22,sz.002594,182.9,183.64,181.26,182.99,8090613,1476863326.44
2024-02-23,sz.002594,182.99,183.99,180.83,182.68,9117490,1660682308.43
2024-02-26,sz.002594,186.0,190.13,185.55,186.0,15546076,2912982360.47
2024-02-27,sz.002594,187.45,193.93,187.2,193.7,20634265,3958101886.88
2024-02-28,sz.002594,196.0,196.52,188.0,188.0,16829153,3223632042.64
2024-02-29,sz.002594,187.01,191.61,186.19,191.2,12236289,2323915656.97
2024-03-01,sz.002594,190.9,192.98,188.77,192.18,12215828,2336111333.57
2024-03-04,sz.002594,190.0,191.7,188.1,189.27,12686510,2401200046.06
2024-03-05,sz.002594,187.5,191.65,185.5,190.82,14962443,2826124074.26
2024-03-06,sz.002594,190.0,192.98,189.0,191.65,10010040,1914828108.58
2024-03-07,sz.002594,192.06,193.96,188.8,188.89,10132688,1935953171.65
2024-03-08,sz.002594,188.3,190.15,187.25,188.09,6714968,1263993368.05
2024-03-11,sz.002594,188.0,199.9,188.0,198.74,27808046,5440726382.81
2024-03-12,sz.002594,201.0,206.66,197.77,205.1,24502892,4958824423.44
2024-03-13,sz.002594,206.92,210.4,205.83,206.36,17781291,3691839468.95
2024-03-14,sz.002594,208.42,215.36,208.42,212.08,21135219,4497086169.98
2024-03-15,sz.002594,210.0,211.38,206.18,209.47,14662802,3057950743.5
2024-03-18,sz.002594,211.85,218.25,211.61,218.03,19698182,4250885883.53
2024-03-19,sz.002594,218.03,219.85,214.39,216.8,14697268,3194716172.75
2024-03-20,sz.002594,217.01,220.78,217.01,218.48,9680523,2118610339.15
2024-03-21,sz.002594,218.92,219.8,217.0,218.95,8866709,1938901107.67
2024-03-22,sz.002594,218.95,218.97,215.2,216.95,10467161,2266796544.33
2024-03-25,sz.002594,216.37,217.79,212.85,214.2,9910940,2133902461.97
2024-03-26,sz.002594,216.0,219.99,215.27,219.6,13134627,2864082716.93
2024-03-27,sz.002594,219.61,219.7,210.01,211.98,18884898,4058093219.72
2024-03-28,sz.002594,209.85,211.84,206.01,208.38,15943531,3327175192.21
2024-03-29,sz.002594,208.43,208.52,201.17,203.06,14138108,2873380485.75
2024-04-01,sz.002594,203.06,212.98,203.06,212.01,14290927,2995671850.58
2024-04-02,sz.002594,212.01,217.3,211.8,212.34,10758479,2301699125.87
2024-04-03,sz.002594,210.5,211.11,207.55,208.16,8363379,1747159207.03
2024-04-08,sz.002594,207.0,215.0,206.39,212.0,12822718,2722271577.79
2024-04-09,sz.002594,211.75,214.99,211.35,212.08,8420846,1791256312.56
2024-04-10,sz.002594,214.3,214.5,210.0,211.84,7241085,1537375543.48
2024-04-11,sz.002594,209.0,215.44,207.8,212.98,10085395,2130444827.97
2024-04-12,sz.002594,212.0,217.19,209.54,210.6,11491789,2453371047.11
2024-04-15,sz.002594,210.0,215.5,209.09,213.62,11333192,2418635356.92
2024-04-16,sz.002594,212.4,215.35,210.71,211.63,9832304,2090984650.23
2024-04-17,sz.002594,211.0,213.18,209.6,213.0,9692162,2046775944.73
2024-04-18,sz.002594,212.0,216.5,209.4,213.6,13399756,2863779538.22
2024-04-19,sz.002594,212.19,212.87,207.06,210.13,11177043,2342512356.49
2024-04-22,sz.002594,210.0,211.53,208.1,208.56,6469478,1353615963.08
2024-04-23,sz.002594,208.55,208.56,203.99,205.04,8729994,1793533842.51
2024-04-24,sz.002594,206.89,208.8,204.5,207.42,7497892,1546983915.54
2024-04-25,sz.002594,207.4,211.51,206.62,208.94,9468384,1980120669.24
2024-04-26,sz.002594,210.0,219.76,210.0,219.37,25345378,5502292294.48
2024-04-29,sz.002594,221.08,225.4,218.73,221.38,19167593,4256800047.75
2024-04-30,sz.002594,223.5,224.38,218.5,218.5,11555966,2542063035.11
2024-05-06,sz.002594,225.0,228.39,223.5,226.3,18677887,4226418539.22
2024-05-07,sz.002594,226.3,231.99,224.04,229.88,14419048,3301364339.72
2024-05-08,sz.002594,228.54,228.88,226.0,226.23,9113178,2070673827.4
2024-05-09,sz.002594,226.3,228.4,226.15,228.15,7900735,1796491172.59
2024-05-10,sz.002594,227.0,229.52,226.0,227.8,8061330,1833828035.67
2024-05-13,sz.002594,225.2,227.36,222.58,225.7,8248116,1857506899.26
2024-05-14,sz.002594,225.71,227.57,224.11,224.91,6261853,1414943425.01
2024-05-15,sz.002594,224.5,226.0,218.3,219.14,9973351,2204936672.77
2024-05-16,sz.002594,219.15,219.96,216.61,218.31,8715722,1901165661.74
2024-05-17,sz.002594,219.39,220.33,217.66,219.59,7148666,1564639157.87
2024-05-20,sz.002594,218.48,224.0,218.48,222.87,7595857,1688534368.27
2024-05-21,sz.002594,221.98,221.99,217.42,218.78,8408043,1838619340.95
2024-05-22,sz.002594,218.19,219.5,215.16,216.92,8839817,1916325810.23
2024-05-23,sz.002594,215.85,215.85,213.51,214.95,6228723,1336506236.87
2024-05-24,sz.002594,213.98,214.0,208.8,209.3,10287552,2166851356.35
2024-05-27,sz.002594,210.0,210.8,206.6,208.35,7604551,1580461907.49
2024-05-28,sz.002594,208.8,208.91,206.58,207.38,6094646,1265112510.56
2024-05-29,sz.002594,211.0,226.0,210.99,224.7,30264777,6633165250.97
2024-05-30,sz.002594,224.42,229.38,223.9,227.86,22379181,5070762670.7
2024-05-31,sz.002594,228.8,231.6,226.99,229.02,18542984,4264400521.58
2024-06-03,sz.002594,229.01,240.48,225.99,237.1,27014589,6370453739.0
2024-06-04,sz.002594,236.9,239.8,235.95,238.15,15742916,3744672009.99
2024-06-05,sz.002594,238.48,246.3,238.48,240.79,19443395,4732184009.34
2024-06-06,sz.002594,241.2,243.8,237.5,238.5,17586542,4227834836.23
2024-06-07,sz.002594,239.03,241.39,232.13,235.5,18259398,4304211408.71
2024-06-11,sz.002594,234.63,246.0,234.33,244.63,22159693,5386278075.64
2024-06-12,sz.002594,241.63,247.55,241.63,242.9,18733197,4573251956.69
2024-06-13,sz.002594,248.8,258.28,248.11,252.99,29251928,7423395269.91
2024-06-14,sz.002594,251.48,253.93,246.53,253.05,20260976,5066109116.72
2024-06-17,sz.002594,252.0,259.87,250.87,257.21,20864880,5371512599.82
2024-06-18,sz.002594,255.6,257.3,253.0,255.64,12878911,3282495366.5
2024-06-19,sz.002594,256.0,258.0,253.41,254.0,9910811,2529117363.53
2024-06-20,sz.002594,252.88,253.77,249.3,251.5,11619994,2921098947.88
2024-06-21,sz.002594,251.99,254.37,247.81,250.67,11633012,2916085593.76
2024-06-24,sz.002594,250.0,253.98,247.78,249.94,10842302,2719528810.03
2024-06-25,sz.002594,252.0,258.74,250.36,254.01,19574643,4998561939.22
2024-06-26,sz.002594,252.0,254.3,249.38,252.72,11191676,2814435213.53
2024-06-27,sz.002594,251.02,252.36,248.42,249.5,8291084,2074271452.09
2024-06-28,sz.002594,248.0,252.13,246.88,250.25,9298207,2324520983.89
2024-07-01,sz.002594,250.25,251.85,242.5,246.8,12927332,3179627870.49
2024-07-02,sz.002594,246.87,247.7,243.05,243.97,10262737,2515326294.99
2024-07-03,sz.002594,243.96,245.38,240.0,243.1,9657403,2340645421.07
2024-07-04,sz.002594,245.0,249.69,244.5,244.63,9919634,2449191850.83
2024-07-05,sz.002594,243.17,244.5,238.88,242.03,9566478,2308221433.2
2024-07-08,sz.002594,241.8,248.22,241.18,244.99,10537466,2591239966.71
2024-07-09,sz.002594,245.2,253.51,241.51,252.6,14076255,3506898661.22
2024-07-10,sz.002594,252.49,256.53,251.5,252.5,10928256,2767913672.44
2024-07-11,sz.002594,255.0,256.26,251.68,253.06,10035945,2546645361.94
2024-07-12,sz.002594,253.52,264.0,251.89,262.62,18886322,4891988725.17
2024-07-15,sz.002594,262.3,264.8,260.61,261.71,9871552,2590423501.88
2024-07-16,sz.002594,260.61,262.2,256.35,258.99,11758768,3043326155.82
2024-07-17,sz.002594,259.0,261.52,256.62,259.51,10519171,2726321475.46
2024-07-18,sz.002594,257.9,262.9,257.51,261.43,9532204,2487441703.58
2024-07-19,sz.002594,260.5,266.0,259.74,264.06,13621379,3593320511.78
2024-07-22,sz.002594,264.1,270.1,264.1,265.61,10074955,2688874276.28
2024-07-23,sz.002594,264.99,265.41,253.0,253.23,16741049,4318283785.42
2024-07-24,sz.002594,253.23,255.15,248.49,249.99,11864005,2976544505.07
2024-07-25,sz.002594,249.97,254.54,247.5,250.39,10110420,2533958369.11
2024-07-26,sz.002594,252.97,257.63,251.15,254.95,12484165,3180235006.51
2024-07-29,sz.002594,252.93,253.0,246.58,249.1,7885932,1960649994.07
2024-07-30,sz.002594,247.59,247.8,241.62,243.91,11039339,2686057413.63
2024-07-31,sz.002594,242.61,248.02,242.57,247.05,8749003,2153504528.39
2024-08-01,sz.002594,248.0,248.74,240.0,244.2,10363488,2519341335.4
2024-08-02,sz.002594,241.99,242.26,234.6,234.78,14567117,3453944602.55
2024-08-05,sz.002594,230.84,236.67,230.01,231.18,10526835,2457359662.24
2024-08-06,sz.002594,234.0,234.62,225.98,228.94,12910151,2955783827.37
2024-08-07,sz.002594,229.04,231.0,226.47,228.95,8202186,1882919963.49
2024-08-08,sz.002594,227.8,227.8,223.5,226.45,8535741,1925911439.18
2024-08-09,sz.002594,228.06,235.88,228.04,231.62,11985218,2790790707.01
2024-08-12,sz.002594,232.01,233.49,229.5,230.4,5377901,1242071532.34
2024-08-13,sz.002594,230.36,230.39,226.0,228.73,6043650,1378452593.36
2024-08-14,sz.002594,228.6,228.6,225.2,226.6,5632985,1276584732.1
2024-08-15,sz.002594,226.57,232.5,224.88,231.49,8854538,2039684342.39
2024-08-16,sz.002594,232.11,238.32,230.5,235.11,10221858,2406276093.84
2024-08-19,sz.002594,235.25,238.98,235.01,235.42,7018242,1662452527.07
2024-08-20,sz.002594,236.0,237.33,233.43,236.48,6248422,1475807675.68
2024-08-21,sz.002594,234.66,243.13,232.0,241.0,11104338,2658947673.91
2024-08-22,sz.002594,241.0,242.77,239.62,240.52,6248845,1506260848.31
2024-08-23,sz.002594,239.8,241.3,238.15,239.34,4978602,1193437029.74
2024-08-26,sz.002594,239.5,243.0,237.71,239.41,5651342,1354660288.18
2024-08-27,sz.002594,237.51,241.28,236.5,240.8,5092646,1219258016.16
2024-08-28,sz.002594,240.27,240.28,232.8,236.85,8904070,2098577189.51
2024-08-29,sz.002594,233.33,236.5,231.3,234.85,7938487,1858678051.41
2024-08-30,sz.002594,237.98,251.79,237.26,249.42,19302792,4764660206.01
2024-09-02,sz.002594,248.02,250.42,241.0,241.1,10113482,2468600915.45
2024-09-03,sz.002594,240.4,247.45,240.4,247.08,10181990,2497421913.25
2024-09-04,sz.002594,245.5,251.9,245.44,250.32,10060596,2506778350.99
2024-09-05,sz.002594,250.0,255.6,249.6,252.85,10012555,2542189362.96
2024-09-06,sz.002594,252.86,255.1,251.42,251.6,7814152,1982245013.05
2024-09-09,sz.002594,249.48,253.96,248.58,249.98,7085126,1774845243.84
2024-09-10,sz.002594,250.0,252.8,248.62,249.65,6124829,1533462723.87
2024-09-11,sz.002594,250.0,260.6,249.44,258.1,15536148,4001603969.48
2024-09-12,sz.002594,258.7,260.0,257.0,257.01,7725108,1995755898.51
2024-09-13,sz.002594,257.2,258.0,254.85,254.99,5699161,1458587905.76
2024-09-18,sz.002594,255.02,259.33,254.1,258.43,6681981,1715595537.64
2024-09-19,sz.002594,259.01,259.38,253.3,255.36,9104323,2326365318.9
2024-09-20,sz.002594,255.38,258.8,252.88,256.1,8989793,2292829764.93
2024-09-23,sz.002594,255.95,256.96,248.79,250.0,10758273,2712153559.79
2024-09-24,sz.002594,253.0,255.5,246.76,254.29,15649454,3949080823.05
2024-09-25,sz.002594,258.0,269.66,257.66,262.8,20571034,5442651982.01
2024-09-26,sz.002594,264.0,269.7,262.1,269.61,14906641,3960197853.87
2024-09-27,sz.002594,273.0,291.99,271.5,283.99,30992240,8683447958.42
2024-09-30,sz.002594,290.0,308.08,290.0,307.31,38880459,11640545413.1
2024-10-08,sz.002594,338.04,338.04,307.31,327.38,44343939,14484952068.34
2024-10-09,sz.002594,315.0,320.71,300.5,305.69,32591858,10166970123.49
2024-10-10,sz.002594,310.0,322.0,309.98,315.89,25016687,7918647495.83
2024-10-11,sz.002594,314.02,314.02,296.01,300.05,18641849,5671879376.72
2024-10-14,sz.002594,300.99,309.98,300.2,307.0,17236482,5268100404.73
2024-10-15,sz.002594,305.5,308.38,298.0,298.0,12214902,3695577335.23
2024-10-16,sz.002594,293.0,295.98,287.0,289.79,15032187,4362898826.78
2024-10-17,sz.002594,292.51,297.85,289.12,289.42,10245654,3005198739.74
2024-10-18,sz.002594,289.45,306.2,288.08,300.3,19109242,5674148204.69
2024-10-21,sz.002594,303.0,308.6,300.9,306.45,15781602,4819617233.25
2024-10-22,sz.002594,305.0,310.12,303.0,304.75,10373266,3174859558.84
2024-10-23,sz.002594,304.75,311.8,302.68,308.88,12669500,3911383612.4
2024-10-24,sz.002594,308.88,309.97,302.58,303.68,9688514,2959755260.68
2024-10-25,sz.002594,304.0,311.8,304.0,308.14,13982037,4306245200.84
2024-10-28,sz.002594,309.0,309.0,301.75,305.1,10932439,3323177977.18
2024-10-29,sz.002594,309.0,310.28,303.8,305.4,11854561,3635542203.37
2024-10-30,sz.002594,303.0,307.51,301.5,305.55,10844820,3301164357.47
2024-10-31,sz.002594,302.01,302.99,293.0,293.19,24085199,7127704551.25
2024-11-01,sz.002594,293.2,295.6,290.1,290.31,14304086,4174457395.28
2024-11-04,sz.002594,296.0,308.92,295.61,306.98,21731889,6600399617.25
2024-11-05,sz.002594,304.06,308.44,300.5,307.5,16781998,5124245708.8
2024-11-06,sz.002594,308.0,309.75,298.0,300.36,18486120,5611830833.85
2024-11-07,sz.002594,295.03,301.88,294.0,301.78,15067592,4484370171.83
2024-11-08,sz.002594,307.12,307.52,297.0,297.9,16671572,5022195686.37
2024-11-11,sz.002594,295.0,299.47,292.6,299.29,18085930,5349190917.28
2024-11-12,sz.002594,300.15,310.0,299.31,300.81,24655746,7520312653.8
2024-11-13,sz.002594,298.0,301.33,295.3,300.57,14511579,4326957543.62
2024-11-14,sz.002594,300.0,300.3,294.0,294.75,12458290,3690676831.42
2024-11-15,sz.002594,294.79,295.79,288.02,290.0,15323594,4471450174.24
2024-11-18,sz.002594,290.01,292.95,286.66,288.68,11620595,3364288894.42
2024-11-19,sz.002594,288.68,291.48,282.02,287.99,13194669,3785016710.44
2024-11-20,sz.002594,288.01,290.4,285.5,288.46,10601693,3049973686.34
2024-11-21,sz.002594,288.47,288.49,284.0,286.0,9553294,2727230001.41
2024-11-22,sz.002594,285.5,285.86,278.0,278.49,12514178,3529973028.97
2024-11-25,sz.002594,283.0,289.36,280.89,283.0,17453315,4981714331.78
2024-11-26,sz.002594,280.0,286.0,277.88,281.01,9520645,2686423189.13
2024-11-27,sz.002594,279.28,281.0,277.0,281.0,11000281,3068303752.07
2024-11-28,sz.002594,281.2,281.56,273.0,274.58,15858922,4365779156.54
2024-11-29,sz.002594,273.0,277.88,272.05,274.83,12800460,3516186178.74
2024-12-02,sz.002594,276.61,284.0,274.08,282.4,15135721,4255616768.38
2024-12-03,sz.002594,284.8,285.88,280.58,282.65,9144971,2585320048.37
2024-12-04,sz.002594,281.34,283.33,278.8,279.98,8501286,2389151937.26
2024-12-05,sz.002594,277.19,278.48,274.31,275.26,9026771,2486214937.29
2024-12-06,sz.002594,275.67,281.98,274.01,280.28,12469840,3469413044.88
2024-12-09,sz.002594,279.23,283.99,277.68,280.49,9215268,2590143544.39
2024-12-10,sz.002594,293.0,294.0,282.0,282.55,17592915,5057037510.83
2024-12-11,sz.002594,282.03,283.87,279.4,280.77,9335988,2623997225.72
2024-12-12,sz.002594,280.1,283.68,278.4,283.68,10013395,2816818034.74
2024-12-13,sz.002594,281.33,281.62,276.42,276.51,11235863,3130392699.07
2024-12-16,sz.002594,276.52,278.18,273.58,274.95,7149026,1967314539.05
2024-12-17,sz.002594,274.92,285.66,273.98,282.8,17568207,4960329885.56
2024-12-18,sz.002594,283.25,286.88,282.63,284.65,8410638,2397657885.43
2024-12-19,sz.002594,281.81,286.94,280.0,285.4,8672852,2465377213.9
2024-12-20,sz.002594,285.01,286.75,280.2,280.2,9670711,2730666916.66
2024-12-23,sz.002594,280.5,283.29,278.88,280.7,8151596,2291275853.09
2024-12-24,sz.002594,279.89,288.51,279.13,288.42,14228738,4072070487.74
2024-12-25,sz.002594,288.73,291.36,285.7,285.92,8339103,2405517152.19
2024-12-26,sz.002594,285.92,286.8,284.0,284.86,6760455,1928774413.55
2024-12-27,sz.002594,286.8,287.55,283.0,286.28,7868319,2249658028.46
2024-12-30,sz.002594,287.2,289.5,283.33,284.99,8294681,2371257353.79
2024-12-31,sz.002594,285.0,286.5,282.0,282.66,7761976,2201903440.1
2025-01-02,sz.002594,283.0,283.08,269.42,271.1,16878404,4624073917.86
2025-01-03,sz.002594,271.5,274.59,268.24,270.73,9936476,2693072230.19
2025-01-06,sz.002594,271.94,273.89,269.03,271.28,8244683,2236590143.88
2025-01-07,sz.002594,271.28,277.73,267.5,274.03,9572218,2627167272.83
2025-01-08,sz.002594,272.99,273.99,265.81,269.18,10908247,2933447141.97
2025-01-09,sz.002594,269.0,271.7,266.66,269.39,6561288,1766873664.35
2025-01-10,sz.002594,269.0,270.39,264.78,266.02,8054821,2147363099.92
2025-01-13,sz.002594,263.0,268.47,262.21,266.0,6721375,1787448697.26
2025-01-14,sz.002594,266.34,277.15,266.01,276.3,12578973,3438827616.87
2025-01-15,sz.002594,276.2,277.31,274.5,274.69,6233583,1718769123.17
2025-01-16,sz.002594,274.7,277.33,270.53,272.76,7257175,1984685717.9
2025-01-17,sz.002594,273.52,279.2,272.48,276.6,8614153,2376770800.05
2025-01-20,sz.002594,279.0,286.43,278.92,284.43,13579709,3863727458.08
2025-01-21,sz.002594,285.0,287.43,283.0,286.05,7644144,2184132797.3
2025-01-22,sz.002594,285.0,286.3,279.8,282.5,8105689,2287303620.42
2025-01-23,sz.002594,284.98,285.0,277.0,277.11,9617392,2690601164.04
2025-01-24,sz.002594,276.51,280.5,276.0,279.08,6814367,1898979250.77
2025-01-27,sz.002594,279.09,280.12,274.5,274.5,6340768,1755529339.7
2025-02-05,sz.002594,282.73,286.75,281.6,282.8,14535090,4128876836.05
2025-02-06,sz.002594,282.81,311.08,282.45,311.08,38145868,11416508784.31
2025-02-07,sz.002594,320.0,330.0,314.0,326.9,48707526,15691989047.57
2025-02-10,sz.002594,326.91,332.0,321.58,330.13,27271140,8908518536.6
2025-02-11,sz.002594,339.3,340.3,326.01,329.9,28036356,9315885530.05
2025-02-12,sz.002594,327.5,346.94,322.65,345.05,27935722,9451048634.3
2025-02-13,sz.002594,341.2,346.35,339.5,341.3,19983985,6859997620.51
2025-02-14,sz.002594,341.52,359.6,341.52,356.05,24364461,8574633633.17
2025-02-17,sz.002594,356.05,358.8,344.5,348.5,23201509,8111345838.94
2025-02-18,sz.002594,351.4,363.48,348.84,356.22,25179738,8977762526.02
2025-02-19,sz.002594,353.52,360.0,353.0,358.5,16191782,5784129670.21
2025-02-20,sz.002594,363.48,367.66,358.2,362.78,15693717,5695876654.95
2025-02-21,sz.002594,366.0,386.5,365.23,383.0,23929245,9089497618.41
2025-02-24,sz.002594,385.0,388.66,373.48,376.28,19940747,7586289373.78
2025-02-25,sz.002594,370.0,380.0,368.81,372.49,16110252,6008878409.26
2025-02-26,sz.002594,372.49,375.8,365.0,372.1,13852896,5125594765.18
2025-02-27,sz.002594,382.0,383.99,371.01,375.5,16844614,6350435990.24
2025-02-28,sz.002594,371.1,374.77,359.01,361.82,23930429,8762214821.87
2025-03-03,sz.002594,369.0,370.0,357.79,360.21,15207822,5524500397.17
2025-03-04,sz.002594,340.03,348.0,338.03,344.84,26345330,9062924960.49
2025-03-05,sz.002594,347.0,355.19,347.0,353.96,13906886,4885879812.39
2025-03-06,sz.002594,360.18,362.17,357.0,358.93,11460099,4120637644.5
2025-03-07,sz.002594,358.9,361.0,355.24,356.4,8758413,3131517605.2
2025-03-10,sz.002594,355.9,357.39,349.0,351.0,9917660,3484351089.32
2025-03-11,sz.002594,345.0,351.77,344.88,350.38,9536997,3314689326.43
2025-03-12,sz.002594,354.45,359.88,351.0,351.0,12951056,4593312533.26
2025-03-13,sz.002594,351.87,357.36,351.13,354.5,10221085,3624758940.84
2025-03-14,sz.002594,357.0,377.18,355.62,375.94,22469718,8292987453.86
2025-03-17,sz.002594,382.32,383.0,375.96,380.25,13306887,5060211612.55
2025-03-18,sz.002594,388.55,390.0,380.01,384.57,17333878,6672881109.13
2025-03-19,sz.002594,384.53,399.0,382.54,397.07,18835150,7404859764.84
2025-03-20,sz.002594,400.0,403.4,395.99,399.99,15941284,6372989565.18
2025-03-21,sz.002594,393.01,393.31,370.0,372.0,28210676,10685254370.83
2025-03-24,sz.002594,377.0,378.5,367.86,375.36,14789405,5522974120.0
2025-03-25,sz.002594,377.98,379.6,368.98,369.59,12308536,4595791802.18
2025-03-26,sz.002594,369.59,379.0,368.0,376.01,12020484,4503762855.04
2025-03-27,sz.002594,376.1,391.28,376.09,386.5,14439437,5554865370.91
2025-03-28,sz.002594,386.5,390.8,381.5,382.5,11493982,4428715749.31
2025-03-31,sz.002594,380.0,383.28,374.0,374.9,11578391,4370400299.42
2025-04-01,sz.002594,377.77,377.87,364.36,365.5,15407199,5663384880.32
2025-04-02,sz.002594,365.0,365.67,358.88,360.5,11710041,4226638862.52
2025-04-03,sz.002594,355.5,361.53,354.26,357.51,10102322,3618676870.28
2025-04-07,sz.002594,333.34,337.7,321.76,321.76,27349840,8911483833.66
2025-04-08,sz.002594,321.76,335.88,318.0,327.51,27464351,8924529992.96
2025-04-09,sz.002594,319.8,328.0,313.66,324.6,21193856,6822376377.27
2025-04-10,sz.002594,334.5,347.06,334.0,336.4,21089578,7165511480.53
2025-04-11,sz.002594,337.0,357.55,336.4,354.98,18994493,6621821826.86
2025-04-14,sz.002594,363.2,363.7,355.6,359.0,14206917,5115484102.7
2025-04-15,sz.002594,364.6,365.0,357.33,359.97,11651557,4195947008.5
2025-04-16,sz.002594,356.62,357.0,348.1,352.15,13182793,4618462218.32
2025-04-17,sz.002594,349.94,353.45,346.67,349.68,8528864,2985985218.94
2025-04-18,sz.002594,347.9,347.9,344.0,346.0,7386013,2553879766.85
2025-04-21,sz.002594,346.0,349.87,345.24,348.76,7495341,2609226235.17
2025-04-22,sz.002594,348.76,356.93,346.78,354.84,11212206,3956085869.05
2025-04-23,sz.002594,377.0,378.0,367.23,371.99,24792689,9216822110.03
2025-04-24,sz.002594,372.48,374.6,363.35,366.0,15089211,5557113198.78
2025-04-25,sz.002594,370.0,375.3,368.1,370.83,13386942,4975314905.12
2025-04-28,sz.002594,367.13,367.13,356.56,360.0,17978320,6459136359.64
2025-04-29,sz.002594,359.1,360.63,353.0,355.0,11898307,4237606410.13
2025-04-30,sz.002594,354.9,354.93,349.3,353.09,13047947,4599074534.65
2025-05-06,sz.002594,360.0,362.3,355.92,359.96,14829353,5326196143.28
2025-05-07,sz.002594,365.0,365.68,358.14,359.2,10883990,3937980382.23
2025-05-08,sz.002594,356.52,361.98,355.7,359.28,8338169,2994908337.11
2025-05-09,sz.002594,360.75,366.0,359.3,363.22,14372616,5218995470.89
2025-05-12,sz.002594,365.0,370.28,360.58,370.28,16137017,5890708994.27
2025-05-13,sz.002594,376.0,376.58,366.03,366.5,13177107,4874657843.91
2025-05-14,sz.002594,366.5,373.1,363.36,373.1,13569307,5012059706.8
2025-05-15,sz.002594,373.0,385.0,369.28,376.8,20880137,7894571014.52
2025-05-16,sz.002594,375.03,390.99,373.58,389.17,22932794,8858484483.81
2025-05-19,sz.002594,388.0,388.0,377.0,382.81,16137281,6159126224.05
2025-05-20,sz.002594,383.5,394.8,381.5,394.8,17209991,6705400029.45
2025-05-21,sz.002594,393.94,404.0,391.01,400.0,19947886,7967115092.16
2025-05-22,sz.002594,399.98,405.56,398.0,398.8,14636280,5868800084.14
2025-05-23,sz.002594,399.0,416.98,398.13,405.0,23557418,9627525188.04
2025-05-26,sz.002594,401.81,403.0,380.0,381.0,30955063,12014228946.46
2025-05-27,sz.002594,375.88,381.0,368.88,372.41,23027544,8594833865.33
2025-05-28,sz.002594,372.41,372.95,362.07,362.88,17775388,6513230208.83
2025-05-29,sz.002594,359.59,366.0,355.08,361.13,19206113,6942900394.87
2025-05-30,sz.002594,357.02,358.8,351.3,352.3,19055991,6733498590.72
2025-06-03,sz.002594,351.25,357.99,349.0,356.0,18189270,6453885813.19
2025-06-04,sz.002594,359.5,364.32,358.15,360.52,14690410,5311224036.65
2025-06-05,sz.002594,362.39,362.74,356.03,360.75,10861275,3908084317.51
2025-06-06,sz.002594,361.0,362.38,357.5,359.96,8969768,3228098167.59
2025-06-09,sz.002594,356.12,356.41,345.11,348.14,25509134,8932441522.56
2025-06-10,sz.002594,349.6,355.0,348.23,353.13,17178588,6042960183.12
2025-06-11,sz.002594,354.01,365.98,354.01,361.99,20310674,7326544793.73
2025-06-12,sz.002594,359.89,359.89,353.01,353.24,14404696,5117764843.95
2025-06-13,sz.002594,349.5,349.91,341.49,346.0,21023987,7256548253.58
2025-06-16,sz.002594,345.99,347.04,340.8,344.43,10228405,3508947839.19
2025-06-17,sz.002594,344.0,346.4,342.4,343.74,7004530,2408912943.95
2025-06-18,sz.002594,342.82,349.2,341.97,346.95,10289697,3565398001.68
2025-06-19,sz.002594,344.03,345.29,340.35,340.5,10038121,3437688886.94
2025-06-20,sz.002594,340.03,342.97,339.8,340.25,7353816,2507526429.81
2025-06-23,sz.002594,336.85,339.71,333.6,338.2,9459334,3185477391.05
2025-06-24,sz.002594,341.23,346.2,341.23,343.38,14471259,4979495319.17
2025-06-25,sz.002594,345.99,349.73,343.02,349.27,12573827,4352301719.65
2025-06-26,sz.002594,344.31,344.31,336.83,337.44,20493214,6967640374.17
2025-06-27,sz.002594,334.0,336.72,333.44,334.24,13861749,4633461708.45
2025-06-30,sz.002594,334.24,334.24,328.59,331.91,14400344,4768270278.13
2025-07-01,sz.002594,330.3,333.35,328.79,331.34,8851804,2931303336.66
2025-07-02,sz.002594,332.0,333.86,328.93,330.66,9327011,3083342650.35
2025-07-03,sz.002594,330.98,335.25,330.67,334.56,12349781,4123732531.23
2025-07-04,sz.002594,332.55,334.99,329.77,331.0,10410355,3454495463.05
2025-07-07,sz.002594,329.2,330.49,328.44,328.59,8820772,2901015557.38
2025-07-08,sz.002594,327.0,329.78,325.72,326.88,11691814,3825413668.2
2025-07-09,sz.002594,326.9,328.21,325.78,325.8,12163311,3969384130.1
2025-07-10,sz.002594,325.81,326.09,318.85,321.23,21002206,6741345468.09
2025-07-11,sz.002594,319.9,326.85,319.02,323.91,16826983,5456832017.95
2025-07-14,sz.002594,323.91,323.91,317.56,318.49,17230914,5502331853.72
2025-07-15,sz.002594,318.2,325.0,318.0,323.05,16279094,5252631321.92
2025-07-16,sz.002594,323.06,325.91,323.06,323.72,11075835,3594544238.09
2025-07-17,sz.002594,325.0,328.72,324.1,328.02,15689135,5138610960.73
2025-07-18,sz.002594,329.13,329.5,325.25,329.11,13686649,4482466755.08
2025-07-21,sz.002594,327.99,334.12,327.26,334.12,15394503,5102459145.61
2025-07-22,sz.002594,335.0,342.01,333.21,341.69,21416417,7227731006.63
2025-07-23,sz.002594,342.09,343.0,337.0,338.07,15890735,5395840274.18
2025-07-24,sz.002594,338.08,346.54,337.63,342.72,18906327,6489370095.95
2025-07-25,sz.002594,341.0,341.4,335.0,337.93,15704076,5307866610.59
2025-07-28,sz.002594,337.93,339.1,335.53,337.0,11705670,3947000993.53
2025-07-29,sz.002594,112.01,112.5,109.77,111.42,38735984,4322742015.41
2025-07-30,sz.002594,108.05,111.16,107.12,108.7,52483427,5743878668.38
2025-07-31,sz.002594,108.2,108.2,105.0,105.24,59949943,6344900790.83
2025-08-01,sz.002594,104.95,106.24,104.36,105.8,36233692,3816659557.87
2025-08-04,sz.002594,104.0,105.14,102.57,104.88,41293694,4293903589.58
2025-08-05,sz.002594,104.88,105.21,103.78,104.86,33834986,3539636639.53
2025-08-06,sz.002594,104.86,105.0,103.9,104.35,30561960,3184784992.59
2025-08-07,sz.002594,104.27,106.43,104.16,105.33,42876298,4526612773.43
2025-08-08,sz.002594,105.0,105.03,103.91,103.93,32661461,3405317252.01
2025-08-11,sz.002594,103.88,105.66,103.23,105.52,35669790,3741329572.1
2025-08-12,sz.002594,105.4,106.43,104.7,105.67,31219504,3302639096.41
2025-08-13,sz.002594,106.29,107.65,105.84,106.83,45983014,4908744877.15
2025-08-14,sz.002594,107.37,107.5,105.79,106.37,41954793,4478119017.41
2025-08-15,sz.002594,105.85,106.64,105.32,106.07,36135346,3831047052.11
2025-08-18,sz.002594,105.66,109.49,105.66,108.37,61925173,6680761816.28
2025-08-19,sz.002594,108.67,108.92,107.18,107.63,38973519,4205349328.86
2025-08-20,sz.002594,107.18,108.26,106.01,108.25,38505345,4130459251.5
2025-08-21,sz.002594,107.8,108.83,107.0,107.1,44946378,4843670255.1
2025-08-22,sz.002594,107.11,110.97,107.11,110.66,76312005,8351469725.95
2025-08-25,sz.002594,111.31,112.49,110.31,111.61,61162758,6803182882.92
2025-08-26,sz.002594,111.75,114.69,110.71,113.75,69291585,7850511029.36
2025-08-27,sz.002594,113.96,114.06,110.66,110.68,68974693,7761766930.98
2025-08-28,sz.002594,109.39,110.19,107.11,109.32,76252199,8278465955.83
2025-08-29,sz.002594,108.88,116.59,108.12,114.06,114490194,12973326090.99
2025-09-01,sz.002594,108.5,111.48,108.5,109.7,132986738,14546890246.63
2025-09-02,sz.002594,108.79,111.1,108.6,110.02,77322410,8495472755.14
2025-09-03,sz.002594,110.5,110.73,107.01,107.21,73522327,7975948715.56
2025-09-04,sz.002594,106.59,107.09,103.71,104.0,81574074,8588835880.93
2025-09-05,sz.002594,103.86,107.5,103.11,107.26,78752385,8307907947.57
2025-09-08,sz.002594,106.15,107.13,105.51,106.25,55592345,5910440231.73
2025-09-09,sz.002594,106.0,107.2,105.27,105.49,38163622,4049249506.54
2025-09-10,sz.002594,105.52,106.45,105.02,105.2,32236895,3401353898.36
2025-09-11,sz.002594,105.25,106.6,104.89,106.59,53778149,5683446688.51
2025-09-12,sz.002594,106.6,107.58,105.9,105.91,45591018,4859782579.06
2025-09-15,sz.002594,106.0,110.85,106.0,108.7,97480407,10620465040.63
2025-09-16,sz.002594,109.0,109.0,107.22,107.8,53316021,5753437964.22
2025-09-17,sz.002594,108.2,112.0,108.2,110.99,98123971,10827682692.16
2025-09-18,sz.002594,110.99,112.8,108.56,109.71,93401380,10362193293.46
2025-09-19,sz.002594,109.8,110.8,109.0,109.09,47297748,5188176204.4
2025-09-22,sz.002594,108.87,108.91,107.15,107.99,49155923,5293961578.02
2025-09-23,sz.002594,107.45,107.69,104.64,105.6,65096262,6888232045.71
2025-09-24,sz.002594,105.0,105.83,104.0,105.71,54816227,5758922304.81
2025-09-25,sz.002594,105.34,108.8,104.87,107.5,69348204,7421942404.64
2025-09-26,sz.002594,107.45,111.23,107.0,107.29,75661207,8250492997.18
2025-09-29,sz.002594,107.0,109.14,106.39,108.61,61398368,6621874267.35
2025-09-30,sz.002594,108.19,109.98,107.76,109.21,56775550,6200518749.86
2025-10-09,sz.002594,108.67,112.48,108.07,110.6,100872197,11196004666.78
2025-10-10,sz.002594,110.55,110.55,107.58,107.79,59010253,6420415513.32
2025-10-13,sz.002594,105.0,105.98,104.1,105.69,74442980,7841774365.12
2025-10-14,sz.002594,106.68,109.36,105.62,105.99,76778627,8244228528.63
2025-10-15,sz.002594,106.45,107.51,105.5,107.1,47579133,5063179652.06
2025-10-16,sz.002594,107.0,109.3,106.51,106.96,52309638,5628738804.39
2025-10-17,sz.002594,106.6,106.63,104.26,104.43,62572494,6576614911.1
2025-10-20,sz.002594,105.22,105.63,104.08,104.52,35561452,3721699722.1
2025-10-21,sz.002594,104.69,105.07,104.24,104.76,29907419,3133789475.42
2025-10-22,sz.002594,104.1,104.32,103.37,103.78,35787419,3715302135.68
2025-10-23,sz.002594,103.3,103.73,102.0,103.69,37860342,3889661810.81
2025-10-24,sz.002594,103.98,104.37,103.61,103.76,30554268,3173964302.23
2025-10-27,sz.002594,104.0,104.97,103.88,104.01,34598784,3607756848.47
2025-10-28,sz.002594,104.02,104.32,103.5,103.72,26541583,2755526046.73
2025-10-29,sz.002594,103.73,105.18,103.0,104.52,39734040,4128608368.72
2025-10-30,sz.002594,104.0,104.86,103.5,103.61,35898945,3733925602.84
2025-10-31,sz.002594,101.0,101.32,100.0,100.79,63705259,6418551106.33
2025-11-03,sz.002594,100.79,100.99,98.5,99.6,55167021,5472679664.54
2025-11-04,sz.002594,99.0,99.54,97.71,97.8,43501704,4274197473.75
2025-11-05,sz.002594,96.66,96.66,94.73,95.8,58721510,5617215879.19
2025-11-06,sz.002594,95.58,97.75,95.4,97.52,40200367,3897723836.01
2025-11-07,sz.002594,97.0,98.15,96.83,97.2,32256073,3145817990.54
2025-11-10,sz.002594,97.35,100.35,97.35,99.39,55487690,5513238812.76
2025-11-11,sz.002594,99.5,99.78,98.14,98.71,31985788,3161124109.67
2025-11-12,sz.002594,98.8,98.99,97.54,97.77,26064335,2555847684.22
2025-11-13,sz.002594,97.01,100.5,97.01,99.83,57999022,5759429263.98
2025-11-14,sz.002594,99.0,100.5,98.33,98.37,34298466,3396134915.94
2025-11-17,sz.002594,97.8,98.59,97.25,98.08,20724759,2029207778.62
2025-11-18,sz.002594,97.54,97.85,96.02,96.49,30475645,2949162764.52
2025-11-19,sz.002594,96.4,96.66,95.01,95.17,34829235,3327809283.94
2025-11-20,sz.002594,95.17,95.5,93.5,93.61,39181087,3692348084.89
2025-11-21,sz.002594,92.49,94.39,91.7,92.7,45171313,4182916492.54
2025-11-24,sz.002594,93.1,94.41,92.2,93.93,32730213,3064736738.52
2025-11-25,sz.002594,94.0,95.38,93.7,93.91,27748887,2620855758.23
2025-11-26,sz.002594,94.75,95.44,94.45,95.09,30657697,2914626392.7
2025-11-27,sz.002594,94.6,95.16,94.22,94.29,20227996,1915349541.08
2025-11-28,sz.002594,94.6,95.23,94.2,95.17,21935062,2080615710.1
2025-12-01,sz.002594,95.39,96.3,95.14,95.77,23371272,2237016414.3
2025-12-02,sz.002594,96.42,97.8,96.25,96.62,35921746,3483571735.4
2025-12-03,sz.002594,96.64,96.65,94.89,95.05,23157284,2207429345.9
2025-12-04,sz.002594,94.92,95.29,94.2,95.24,16614164,1576759405.22
2025-12-05,sz.002594,95.29,96.22,94.71,95.98,21161847,2021250208.5
2025-12-08,sz.002594,96.21,97.15,96.21,96.53,24780498,2397261754.42
2025-12-09,sz.002594,96.21,96.66,95.7,96.03,16322702,1568057388.33
2025-12-10,sz.002594,95.6,96.65,94.9,96.47,19840224,1902988179.72
2025-12-11,sz.002594,96.98,97.12,95.85,96.23,25090767,2422448208.27
2025-12-12,sz.002594,96.2,97.7,95.65,97.0,55462088,5390456375.38
2025-12-15,sz.002594,96.55,97.16,95.53,95.53,29330099,2824248327.37
2025-12-16,sz.002594,95.5,95.7,94.14,94.25,25876771,2450336536.01
2025-12-17,sz.002594,94.5,95.7,93.68,95.21,27282500,2584139144.72
2025-12-18,sz.002594,94.39,94.6,93.5,93.53,25279734,2376126962.27
2025-12-19,sz.002594,94.0,95.27,93.73,94.23,27206794,2573037717.75
2025-12-22,sz.002594,94.7,95.36,94.25,94.37,20623482,1952361858.31
2025-12-23,sz.002594,94.5,95.5,94.5,94.81,23661741,2247679864.35
2025-12-24,sz.002594,94.8,94.8,94.05,94.42,19280995,1819358258.51
2025-12-25,sz.002594,94.43,95.23,94.12,94.84,18220163,1725723850.6
2025-12-26,sz.002594,95.28,101.45,95.25,100.01,102095895,10178557961.83
2025-12-29,sz.002594,100.5,101.3,99.6,100.21,51916696,5209488142.03
2025-12-30,sz.002594,99.26,100.15,98.74,99.75,31875638,3174697985.99
2025-12-31,sz.002594,99.98,100.2,97.38,97.72,40285887,3955310311.36
2026-01-05,sz.002594,98.4,99.48,97.9,98.11,38262521,3762797878.26
2026-01-06,sz.002594,98.22,100.5,98.12,99.99,52178486,5185026166.42
2026-01-07,sz.002594,99.96,99.96,97.06,97.6,56084881,5502570730.88
2026-01-08,sz.002594,97.2,97.2,96.33,96.88,30065475,2908439428.93
2026-01-09,sz.002594,97.05,97.95,96.9,97.01,35034058,3412630184.79
2026-01-12,sz.002594,97.01,98.0,96.3,97.47,42525719,4125432529.12
2026-01-13,sz.002594,99.0,99.6,96.88,97.19,49872272,4905229941.76
2026-01-14,sz.002594,96.81,97.74,95.51,96.1,51474973,4975154616.41
2026-01-15,sz.002594,96.08,96.64,95.6,95.67,29563546,2835803089.86
2026-01-16,sz.002594,96.7,97.44,95.6,95.86,38458802,3705328915.52
2026-01-19,sz.002594,96.81,97.3,95.77,96.19,33492715,3227653861.74
2026-01-20,sz.002594,96.22,96.26,94.68,94.74,38914947,3699337566.25
2026-01-21,sz.002594,94.01,94.94,94.0,94.1,30833393,2910327666.12
2026-01-22,sz.002594,94.72,95.13,93.89,94.12,29101425,2741536605.29
2026-01-23,sz.002594,94.24,94.36,93.51,93.65,38330272,3598066420.86
2026-01-26,sz.002594,93.65,93.66,92.5,92.63,37545961,3485372554.28
2026-01-27,sz.002594,92.67,92.99,91.8,91.81,36298092,3340756010.26
2026-01-28,sz.002594,91.8,93.5,90.01,93.34,71556618,6553150013.29
2026-01-29,sz.002594,92.66,92.92,91.61,92.31,37182481,3423462524.93
2026-01-30,sz.002594,92.27,92.27,90.7,90.89,32917560,3001871204.27
2026-02-02,sz.002594,88.0,89.09,86.97,87.05,64697385,5676850726.51
2026-02-03,sz.002594,87.2,87.4,85.88,87.37,37782685,3275997178.85
2026-02-04,sz.002594,86.99,89.33,86.45,89.14,37650471,3322530225.39
2026-02-05,sz.002594,88.5,91.23,88.33,90.11,35424031,3184480192.98
2026-02-06,sz.002594,89.39,90.66,89.0,89.82,24708779,2217096985.32
2026-02-09,sz.002594,90.5,90.65,89.83,90.06,20817951,1875980039.28
2026-02-10,sz.002594,90.0,91.57,89.84,90.81,26760481,2434219974.85
2026-02-11,sz.002594,90.88,92.95,90.88,92.28,39694959,3662117778.54
2026-02-12,sz.002594,92.29,92.35,91.08,91.16,23031332,2106032227.12
2026-02-13,sz.002594,90.05,91.09,89.88,90.27,21733887,1963579416.68
2026-02-24,sz.002594,91.98,91.99,90.61,90.87,20644458,1879888761.45
2026-02-25,sz.002594,90.89,92.79,90.89,91.45,32478010,2985714580.09
2026-02-26,sz.002594,91.4,91.4,89.61,89.85,29101894,2619922211.49
2026-02-27,sz.002594,89.4,89.94,89.1,89.32,21934083,1962319079.4
2026-03-02,sz.002594,88.0,97.25,87.72,96.79,143513688,13507227574.29
2026-03-03,sz.002594,96.39,96.99,93.99,95.21,86574145,8272503575.74
2026-03-04,sz.002594,95.2,96.8,93.7,95.99,70096892,6674964517.79
2026-03-05,sz.002594,96.8,96.82,93.89,94.47,55243997,5235746090.45
2026-03-06,sz.002594,96.0,96.0,93.25,93.62,50354037,4743654924.93
2026-03-09,sz.002594,93.62,98.0,93.0,97.52,109340899,10562485734.53
2026-03-10,sz.002594,97.18,97.49,96.08,96.6,50746243,4907397250.96
2026-03-11,sz.002594,96.75,100.34,95.67,99.22,90374375,8925093667.94
2026-03-12,sz.002594,99.23,100.69,98.7,99.1,50252357,4995016177.19
2026-03-13,sz.002594,99.0,100.79,98.3,99.67,51976482,5199004697.47
2026-03-16,sz.002594,99.67,105.0,98.79,104.62,108781426,11184164654.67
2026-03-17,sz.002594,104.63,106.66,102.71,102.87,84138860,8793237612.73
2026-03-18,sz.002594,102.82,102.82,100.05,101.69,61799648,6257459329.85
2026-03-19,sz.002594,100.99,103.88,100.47,102.31,53105939,5450382395.36
2026-03-20,sz.002594,102.0,104.45,101.56,103.03,62878324,6495105103.63
