date,code,open,high,low,close,volume,amount
2019-08-26,sz.003816,2.99,3.59,2.99,3.59,6879920,24576609.0
2019-08-27,sz.003816,3.95,3.95,3.95,3.95,3499337,13822381.0
2019-08-28,sz.003816,4.35,4.35,4.35,4.35,6936108,30172069.8
2019-08-29,sz.003816,4.79,4.79,4.79,4.79,12316022,58993745.38
2019-08-30,sz.003816,5.22,5.25,4.8,5.18,1263079792,6270395717.25
2019-09-02,sz.003816,4.91,4.96,4.71,4.85,607334288,2949143951.99
2019-09-03,sz.003816,4.79,4.94,4.7,4.85,440670784,2122508663.49
2019-09-04,sz.003816,4.8,4.82,4.72,4.76,352130096,1676682246.84
2019-09-05,sz.003816,4.77,4.94,4.71,4.85,543308736,2623193312.01
2019-09-06,sz.003816,4.8,4.81,4.72,4.75,320436640,1525643511.11
2019-09-09,sz.003816,4.78,4.79,4.73,4.77,224416567,1067256359.71
2019-09-10,sz.003816,4.75,4.76,4.71,4.72,204260973,965092893.42
2019-09-11,sz.003816,4.72,4.74,4.6,4.61,291312672,1357301131.56
2019-09-12,sz.003816,4.61,4.61,4.51,4.54,178461143,811538936.09
2019-09-16,sz.003816,4.55,4.63,4.53,4.58,138106658,633093736.59
2019-09-17,sz.003816,4.55,4.56,4.44,4.45,157252707,704926494.85
2019-09-18,sz.003816,4.45,4.47,4.36,4.37,133889453,588358553.64
2019-09-19,sz.003816,4.36,4.4,4.34,4.38,82992246,362308757.55
2019-09-20,sz.003816,4.38,4.39,4.35,4.36,76214931,332734013.3
2019-09-23,sz.003816,4.35,4.35,4.21,4.23,120165612,510944577.6
2019-09-24,sz.003816,4.23,4.64,4.22,4.47,298493936,1338806147.35
2019-09-25,sz.003816,4.4,4.4,4.3,4.31,139227380,603173763.91
2019-09-26,sz.003816,4.3,4.35,4.21,4.22,98897938,421405252.39
2019-09-27,sz.003816,4.24,4.26,4.21,4.23,63641814,269263395.08
2019-09-30,sz.003816,4.23,4.25,4.2,4.2,50696980,213955162.11
2019-10-08,sz.003816,4.2,4.22,4.13,4.14,73728526,306810799.23
2019-10-09,sz.003816,4.12,4.15,4.06,4.12,68590495,281052580.27
2019-10-10,sz.003816,4.11,4.27,4.1,4.19,95113550,398980230.68
2019-10-11,sz.003816,4.17,4.21,4.16,4.19,65329444,273865099.09
2019-10-14,sz.003816,4.22,4.24,4.19,4.22,75330751,317875345.48
2019-10-15,sz.003816,4.21,4.22,4.15,4.16,61814233,257537196.57
2019-10-16,sz.003816,4.17,4.19,4.11,4.12,49628719,205569879.56
2019-10-17,sz.003816,4.12,4.13,4.08,4.09,47577886,195023975.75
2019-10-18,sz.003816,4.1,4.11,4.04,4.05,53127561,216180429.08
2019-10-21,sz.003816,4.05,4.06,3.95,3.99,68160808,271014428.79
2019-10-22,sz.003816,3.98,3.99,3.95,3.99,41995321,166741824.85
2019-10-23,sz.003816,3.99,3.99,3.95,3.96,39683853,157247720.14
2019-10-24,sz.003816,3.97,4.1,3.94,4.0,91287957,366789090.6
2019-10-25,sz.003816,3.98,3.99,3.95,3.98,46627011,184920536.43
2019-10-28,sz.003816,3.98,4.05,3.97,4.02,54634857,219494548.68
2019-10-29,sz.003816,4.02,4.02,3.96,3.96,49632932,197717587.21
2019-10-30,sz.003816,3.95,3.96,3.86,3.86,72691605,283040519.91
2019-10-31,sz.003816,3.88,3.91,3.86,3.87,45566945,176557004.95
2019-11-01,sz.003816,3.86,3.87,3.81,3.86,48826589,187511627.09
2019-11-04,sz.003816,3.85,3.88,3.84,3.85,40276725,155240901.52
2019-11-05,sz.003816,3.85,3.86,3.82,3.84,42382722,162636885.98
2019-11-06,sz.003816,3.84,3.84,3.76,3.78,57706712,219560569.63
2019-11-07,sz.003816,3.77,3.78,3.74,3.75,45655296,171619960.58
2019-11-08,sz.003816,3.77,3.78,3.75,3.76,42462539,159888823.39
2019-11-11,sz.003816,3.74,3.75,3.62,3.63,71125927,260568392.5
2019-11-12,sz.003816,3.64,3.65,3.53,3.57,58784262,209973008.1
2019-11-13,sz.003816,3.56,3.56,3.47,3.48,68006510,237674401.43
2019-11-14,sz.003816,3.47,3.67,3.43,3.57,118518997,424075180.11
2019-11-15,sz.003816,3.53,3.55,3.47,3.47,58327374,204233204.4
2019-11-18,sz.003816,3.47,3.5,3.44,3.47,33994964,117784275.44
2019-11-19,sz.003816,3.47,3.56,3.45,3.52,53062913,186776741.09
2019-11-20,sz.003816,3.51,3.56,3.5,3.53,43409857,153363549.42
2019-11-21,sz.003816,3.52,3.64,3.5,3.6,82237342,294034595.91
2019-11-22,sz.003816,3.6,3.66,3.58,3.61,71880055,259842500.78
2019-11-25,sz.003816,3.61,3.66,3.58,3.64,58004951,210598062.12
2019-11-26,sz.003816,3.64,3.65,3.56,3.57,51947200,186800958.99
2019-11-27,sz.003816,3.55,3.58,3.54,3.54,38087122,135384132.62
2019-11-28,sz.003816,3.55,3.56,3.49,3.5,39932075,140421066.34
2019-11-29,sz.003816,3.48,3.5,3.46,3.49,30243558,105277699.84
2019-12-02,sz.003816,3.5,3.51,3.46,3.47,27387072,95294791.94
2019-12-03,sz.003816,3.45,3.54,3.45,3.51,33665109,117750933.21
2019-12-04,sz.003816,3.5,3.53,3.48,3.51,27257559,95574808.5
2019-12-05,sz.003816,3.51,3.53,3.5,3.52,35910872,126407108.47
2019-12-06,sz.003816,3.52,3.54,3.51,3.53,27778556,97914588.87
2019-12-09,sz.003816,3.54,3.55,3.52,3.52,32880744,116175382.27
2019-12-10,sz.003816,3.53,3.59,3.51,3.58,75361788,267948113.27
2019-12-11,sz.003816,3.58,3.58,3.55,3.56,38984448,138874558.4
2019-12-12,sz.003816,3.56,3.57,3.53,3.53,33431472,118563769.98
2019-12-13,sz.003816,3.52,3.56,3.52,3.56,40781129,144501163.78
2019-12-16,sz.003816,3.56,3.61,3.55,3.6,62976199,225534732.68
2019-12-17,sz.003816,3.61,3.73,3.6,3.7,134921804,496156047.83
2019-12-18,sz.003816,3.69,3.72,3.67,3.68,79296906,293287922.71
2019-12-19,sz.003816,3.7,3.71,3.67,3.69,48232199,177722532.48
2019-12-20,sz.003816,3.69,3.76,3.68,3.69,60020629,222914424.7
2019-12-23,sz.003816,3.69,3.7,3.59,3.59,59802401,217247626.21
2019-12-24,sz.003816,3.59,3.63,3.58,3.61,32273478,116443360.2
2019-12-25,sz.003816,3.61,3.61,3.58,3.58,36657781,131667664.98
2019-12-26,sz.003816,3.58,3.62,3.58,3.6,29477934,106019132.06
2019-12-27,sz.003816,3.61,3.62,3.59,3.59,42170409,151970358.04
2019-12-30,sz.003816,3.58,3.6,3.54,3.6,44174774,157983352.1
2019-12-31,sz.003816,3.6,3.6,3.57,3.6,33889368,121558237.44
2020-01-02,sz.003816,3.62,3.67,3.61,3.65,80605263,294038708.97
2020-01-03,sz.003816,3.66,3.68,3.63,3.67,65144833,238533170.23
2020-01-06,sz.003816,3.65,3.69,3.64,3.67,69797283,255992144.64
2020-01-07,sz.003816,3.66,3.72,3.66,3.7,64709272,238925967.08
2020-01-08,sz.003816,3.69,3.69,3.63,3.63,69048626,252649181.38
2020-01-09,sz.003816,3.67,3.74,3.65,3.72,122164173,452464965.02
2020-01-10,sz.003816,3.72,3.72,3.66,3.68,59672645,219928832.46
2020-01-13,sz.003816,3.68,3.69,3.66,3.69,37486254,137579194.55
2020-01-14,sz.003816,3.68,3.72,3.67,3.7,57033846,210852953.2
2020-01-15,sz.003816,3.7,3.7,3.66,3.67,34953288,128339002.76
2020-01-16,sz.003816,3.67,3.68,3.63,3.64,33676900,122962216.0
2020-01-17,sz.003816,3.64,3.66,3.63,3.63,24834861,90410497.43
2020-01-20,sz.003816,3.63,3.67,3.63,3.67,35437216,129606911.19
2020-01-21,sz.003816,3.67,3.76,3.63,3.69,83876101,310280470.69
2020-01-22,sz.003816,3.67,3.68,3.63,3.66,46153676,168518246.86
2020-01-23,sz.003816,3.64,3.65,3.51,3.57,74227884,266078324.32
2020-02-03,sz.003816,3.21,3.21,3.21,3.21,26783100,85973751.0
2020-02-04,sz.003816,2.95,3.19,2.95,3.15,90058687,281818982.02
2020-02-05,sz.003816,3.15,3.23,3.15,3.2,59779020,191142147.34
2020-02-06,sz.003816,3.2,3.25,3.17,3.24,67988759,218238803.23
2020-02-07,sz.003816,3.22,3.24,3.2,3.23,54471578,175237185.92
2020-02-10,sz.003816,3.22,3.26,3.2,3.26,47687544,154667250.76
2020-02-11,sz.003816,3.26,3.36,3.24,3.28,67368657,222515437.56
2020-02-12,sz.003816,3.26,3.3,3.26,3.3,46769389,153353697.14
2020-02-13,sz.003816,3.29,3.29,3.25,3.26,43016140,140581506.47
2020-02-14,sz.003816,3.26,3.27,3.24,3.25,33058607,107469146.75
2020-02-17,sz.003816,3.26,3.31,3.25,3.3,68917076,226317460.19
2020-02-18,sz.003816,3.3,3.33,3.29,3.32,62522744,207167504.54
2020-02-19,sz.003816,3.32,3.32,3.3,3.3,47681076,157760227.3
2020-02-20,sz.003816,3.3,3.44,3.29,3.4,113334372,381363276.97
2020-02-21,sz.003816,3.38,3.39,3.36,3.37,86475726,291487649.26
2020-02-24,sz.003816,3.38,3.45,3.38,3.41,75491234,257604958.76
2020-02-25,sz.003816,3.36,3.37,3.31,3.35,85321065,285064678.87
2020-02-26,sz.003816,3.34,3.39,3.3,3.35,79712547,267321563.94
2020-02-27,sz.003816,3.18,3.28,3.15,3.23,362537648,1162518362.03
2020-02-28,sz.003816,3.14,3.17,3.08,3.09,162235742,507263760.05
2020-03-02,sz.003816,3.09,3.17,3.09,3.17,106138377,334145946.9
2020-03-03,sz.003816,3.2,3.22,3.17,3.19,112450399,359016757.42
2020-03-04,sz.003816,3.17,3.19,3.15,3.19,81860332,259602646.63
2020-03-05,sz.003816,3.2,3.25,3.19,3.24,138488554,446329977.15
2020-03-06,sz.003816,3.21,3.24,3.19,3.22,102737406,329635692.68
2020-03-09,sz.003816,3.16,3.19,3.14,3.15,100262234,316940674.7
2020-03-10,sz.003816,3.11,3.17,3.09,3.16,89703540,280877945.16
2020-03-11,sz.003816,3.16,3.17,3.13,3.13,63081293,198717716.86
2020-03-12,sz.003816,3.12,3.12,3.08,3.09,60263546,186539981.01
2020-03-13,sz.003816,3.0,3.07,2.96,3.04,81639762,246156097.71
2020-03-16,sz.003816,3.07,3.08,2.99,3.0,65152054,197544690.26
2020-03-17,sz.003816,3.0,3.03,2.92,2.98,63651129,189017167.46
2020-03-18,sz.003816,2.99,3.01,2.95,2.95,53644041,160206809.13
2020-03-19,sz.003816,2.94,2.96,2.9,2.93,63437796,185357098.69
2020-03-20,sz.003816,2.94,2.96,2.92,2.94,50454544,148384867.56
2020-03-23,sz.003816,2.91,2.93,2.89,2.9,46052182,133879262.84
2020-03-24,sz.003816,2.92,2.93,2.89,2.92,39798077,115920736.65
2020-03-25,sz.003816,2.95,2.96,2.94,2.96,46875647,138338251.8
2020-03-26,sz.003816,2.96,2.96,2.91,2.93,48805509,143007353.7
2020-03-27,sz.003816,2.94,2.97,2.92,2.94,42813371,125907040.03
2020-03-30,sz.003816,2.92,2.93,2.9,2.92,47397836,138087444.39
2020-03-31,sz.003816,2.93,2.94,2.9,2.91,27387171,79934578.9
2020-04-01,sz.003816,2.9,2.92,2.9,2.91,27159947,78981945.09
2020-04-02,sz.003816,2.89,2.93,2.88,2.92,39555992,114818177.45
2020-04-03,sz.003816,2.92,2.92,2.89,2.9,27206000,79041898.0
2020-04-07,sz.003816,2.92,2.96,2.91,2.95,58327815,171164310.8
2020-04-08,sz.003816,2.93,2.94,2.92,2.93,36061676,105622847.59
2020-04-09,sz.003816,2.94,2.94,2.93,2.93,28483305,83534334.65
2020-04-10,sz.003816,2.94,2.94,2.9,2.91,33576888,97960485.54
2020-04-13,sz.003816,2.91,2.91,2.89,2.9,26428549,76556822.61
2020-04-14,sz.003816,2.9,2.92,2.89,2.92,25330533,73689197.41
2020-04-15,sz.003816,2.92,2.92,2.9,2.9,23565683,68542004.82
2020-04-16,sz.003816,2.9,2.96,2.89,2.93,63962496,187524469.71
2020-04-17,sz.003816,2.93,2.94,2.91,2.92,41152200,120160194.0
2020-04-20,sz.003816,2.91,2.92,2.91,2.92,19261207,56121467.37
2020-04-21,sz.003816,2.91,2.92,2.89,2.9,36351324,105333329.5
2020-04-22,sz.003816,2.89,2.91,2.88,2.91,24614729,71316136.94
2020-04-23,sz.003816,2.91,2.91,2.89,2.9,26444743,76709588.76
2020-04-24,sz.003816,2.9,2.91,2.88,2.88,29594024,85429573.41
2020-04-27,sz.003816,2.88,2.9,2.88,2.89,22313229,64510183.91
2020-04-28,sz.003816,2.89,2.9,2.8,2.84,47051026,133974653.59
2020-04-29,sz.003816,2.83,2.85,2.82,2.83,26891151,76174755.72
2020-04-30,sz.003816,2.84,2.86,2.83,2.85,34586548,98460825.99
2020-05-06,sz.003816,2.83,2.87,2.82,2.86,34593525,98546674.16
2020-05-07,sz.003816,2.86,2.86,2.84,2.85,26372043,75110509.72
2020-05-08,sz.003816,2.85,2.97,2.84,2.92,104874542,305261036.14
2020-05-11,sz.003816,2.9,2.94,2.9,2.91,53108775,154969681.06
2020-05-12,sz.003816,2.92,2.92,2.88,2.9,34087309,98748948.48
2020-05-13,sz.003816,2.89,2.9,2.88,2.9,24263855,70158973.95
2020-05-14,sz.003816,2.89,2.89,2.86,2.86,31633429,90939304.82
2020-05-15,sz.003816,2.88,2.88,2.85,2.87,22024381,63066693.66
2020-05-18,sz.003816,2.87,2.87,2.85,2.86,23087888,65998316.46
2020-05-19,sz.003816,2.87,2.87,2.86,2.87,18087824,51788610.64
2020-05-20,sz.003816,2.87,2.87,2.84,2.85,21483853,61262259.05
2020-05-21,sz.003816,2.85,2.86,2.83,2.84,26092271,74219864.56
2020-05-22,sz.003816,2.84,2.84,2.81,2.82,29832785,84254212.7
2020-05-25,sz.003816,2.81,2.83,2.8,2.82,20202840,56880831.8
2020-05-26,sz.003816,2.82,2.85,2.82,2.84,18759214,53179984.61
2020-05-27,sz.003816,2.84,2.84,2.82,2.83,16677136,47180043.88
2020-05-28,sz.003816,2.83,2.85,2.81,2.83,20436113,57790874.91
2020-05-29,sz.003816,2.83,2.83,2.81,2.82,13626647,38447446.54
2020-06-01,sz.003816,2.83,2.86,2.82,2.85,33763546,96121203.34
2020-06-02,sz.003816,2.85,2.95,2.85,2.93,107767512,313810610.12
2020-06-03,sz.003816,2.92,2.93,2.89,2.91,55425281,160955945.43
2020-06-04,sz.003816,2.91,2.91,2.89,2.9,32509799,94289002.11
2020-06-05,sz.003816,2.91,2.93,2.9,2.92,42131451,123050268.41
2020-06-08,sz.003816,2.93,2.95,2.92,2.95,49363491,145259781.48
2020-06-09,sz.003816,2.95,2.96,2.93,2.94,30879485,90894096.19
2020-06-10,sz.003816,2.95,2.98,2.93,2.98,59785629,176582294.86
2020-06-11,sz.003816,2.98,3.08,2.97,3.04,142077453,431618422.39
2020-06-12,sz.003816,3.0,3.12,2.98,3.02,198107260,608904051.64
2020-06-15,sz.003816,3.02,3.11,3.02,3.08,109510917,336874581.7
2020-06-16,sz.003816,3.09,3.1,3.04,3.07,64680849,198525893.36
2020-06-17,sz.003816,3.07,3.07,3.01,3.03,52748497,159902879.86
2020-06-18,sz.003816,3.01,3.04,3.01,3.03,28789919,87131330.41
2020-06-19,sz.003816,3.04,3.04,3.02,3.04,38326520,116053893.48
2020-06-22,sz.003816,3.03,3.04,3.01,3.01,37211267,112523478.69
2020-06-23,sz.003816,3.01,3.02,2.97,2.97,33812300,100891482.0
2020-06-24,sz.003816,2.97,2.99,2.97,2.97,20404390,60719179.53
2020-06-29,sz.003816,2.98,2.98,2.94,2.95,27105172,80078307.96
2020-06-30,sz.003816,2.96,2.97,2.95,2.96,21099388,62415918.46
2020-07-01,sz.003816,2.95,2.97,2.94,2.97,29850097,88003952.13
2020-07-02,sz.003816,2.96,3.02,2.95,3.01,49635206,148545682.58
2020-07-03,sz.003816,3.02,3.07,3.02,3.05,63512187,193506245.7
2020-07-06,sz.003816,3.07,3.24,3.07,3.23,187917632,594008054.83
2020-07-07,sz.003816,3.3,3.35,3.2,3.2,173463082,563711187.24
2020-07-08,sz.003816,3.18,3.25,3.17,3.24,102604074,329508501.32
2020-07-09,sz.003816,3.25,3.29,3.22,3.29,120321443,391889822.44
2020-07-10,sz.003816,3.23,3.23,3.15,3.15,111490993,354992353.05
2020-07-13,sz.003816,3.13,3.2,3.12,3.19,92020918,291909521.82
2020-07-14,sz.003816,3.2,3.28,3.17,3.24,154449634,497848666.75
2020-07-15,sz.003816,3.22,3.24,3.14,3.15,93786688,297835909.44
2020-07-16,sz.003816,3.16,3.18,3.06,3.07,77182037,240855116.24
2020-07-17,sz.003816,3.08,3.1,3.02,3.05,48653364,148969530.68
2020-07-20,sz.003816,3.06,3.14,3.05,3.13,61955122,192711009.85
2020-07-21,sz.003816,3.14,3.15,3.1,3.11,41550928,129621076.04
2020-07-22,sz.003816,3.12,3.14,3.08,3.11,49292612,153535762.78
2020-07-23,sz.003816,3.09,3.18,3.04,3.11,91512806,283006391.57
2020-07-24,sz.003816,3.1,3.1,3.02,3.03,68770136,210064095.33
2020-07-27,sz.003816,3.03,3.05,3.0,3.02,34930858,105488791.26
2020-07-28,sz.003816,3.02,3.04,3.01,3.02,27889964,84382171.96
2020-07-29,sz.003816,3.02,3.06,3.01,3.06,34428998,104660777.02
2020-07-30,sz.003816,3.05,3.07,3.03,3.04,28885304,87943077.87
2020-07-31,sz.003816,3.04,3.07,3.03,3.05,36956362,112537324.29
2020-08-03,sz.003816,3.06,3.08,3.04,3.08,59095369,181051483.31
2020-08-04,sz.003816,3.08,3.08,3.05,3.07,40920614,125440785.76
2020-08-05,sz.003816,3.07,3.07,3.03,3.05,40045322,121964171.23
2020-08-06,sz.003816,3.04,3.05,3.03,3.05,37389666,113554380.45
2020-08-07,sz.003816,3.04,3.04,3.01,3.02,42760997,129226144.63
2020-08-10,sz.003816,3.03,3.09,3.01,3.06,74666816,228293166.38
2020-08-11,sz.003816,3.06,3.12,3.05,3.07,104965648,324483795.3
2020-08-12,sz.003816,3.05,3.06,3.01,3.04,63901557,193920361.58
2020-08-13,sz.003816,3.04,3.05,3.03,3.04,33730810,102561642.14
2020-08-14,sz.003816,3.04,3.05,3.02,3.04,28583271,86702912.13
2020-08-17,sz.003816,3.04,3.08,3.03,3.07,47115566,144231250.19
2020-08-18,sz.003816,3.07,3.11,3.05,3.09,62264010,191647906.82
2020-08-19,sz.003816,3.08,3.14,3.05,3.11,99086863,306932031.58
2020-08-20,sz.003816,3.09,3.09,3.05,3.06,52940487,162391853.22
2020-08-21,sz.003816,3.07,3.09,3.06,3.06,34863907,107178787.14
2020-08-24,sz.003816,3.07,3.07,3.03,3.03,39727930,120975503.9
2020-08-25,sz.003816,3.03,3.05,3.01,3.02,40555502,122729352.02
2020-08-26,sz.003816,3.02,3.03,2.98,2.99,39410499,118528318.62
2020-08-27,sz.003816,3.0,3.04,3.0,3.04,45478798,137592806.07
2020-08-28,sz.003816,3.04,3.05,3.0,3.02,70854518,213523388.44
2020-08-31,sz.003816,3.02,3.04,3.01,3.01,51416590,155472243.8
2020-09-01,sz.003816,3.01,3.02,2.99,3.01,45436331,136395903.18
2020-09-02,sz.003816,3.01,3.01,2.98,3.0,61214630,183146101.7
2020-09-03,sz.003816,3.01,3.07,3.01,3.03,105002695,319408585.88
2020-09-04,sz.003816,2.99,3.01,2.98,3.0,51280448,153573600.52
2020-09-07,sz.003816,3.0,3.01,2.97,2.98,54739822,163499663.78
2020-09-08,sz.003816,2.98,3.01,2.97,3.0,52539567,157311597.9
2020-09-09,sz.003816,2.99,3.04,2.98,3.01,89241618,269060536.63
2020-09-10,sz.003816,3.01,3.02,2.95,2.95,72439400,215740785.0
2020-09-11,sz.003816,2.94,2.96,2.93,2.95,28459682,83787282.9
2020-09-14,sz.003816,2.95,2.96,2.94,2.95,25563331,75382827.45
2020-09-15,sz.003816,2.95,2.96,2.93,2.94,28014715,82304740.77
2020-09-16,sz.003816,2.94,2.96,2.92,2.94,24333989,71588933.51
2020-09-17,sz.003816,2.94,2.95,2.92,2.93,30899662,90570677.06
2020-09-18,sz.003816,2.93,2.96,2.92,2.96,44157337,129654298.08
2020-09-21,sz.003816,2.96,2.96,2.93,2.94,26449200,77860514.0
2020-09-22,sz.003816,2.93,2.94,2.9,2.91,29640944,86648173.7
2020-09-23,sz.003816,2.91,2.92,2.9,2.91,20721500,60322950.0
2020-09-24,sz.003816,2.91,2.91,2.86,2.86,33048575,95161583.5
2020-09-25,sz.003816,2.87,2.88,2.85,2.86,18404069,52743236.53
2020-09-28,sz.003816,2.86,2.87,2.84,2.84,18652600,53255539.0
2020-09-29,sz.003816,2.85,2.87,2.84,2.85,15226840,43479086.46
2020-09-30,sz.003816,2.86,2.87,2.84,2.87,19920284,56909120.95
2020-10-09,sz.003816,2.88,2.9,2.87,2.89,25039009,72392674.77
2020-10-12,sz.003816,2.89,2.93,2.88,2.93,36834434,107305567.88
2020-10-13,sz.003816,2.92,2.93,2.9,2.92,18888701,54992371.86
2020-10-14,sz.003816,2.92,2.92,2.89,2.9,24330655,70579565.9
2020-10-15,sz.003816,2.9,2.91,2.88,2.89,20753054,59971349.52
2020-10-16,sz.003816,2.89,2.9,2.88,2.9,19015835,54961158.86
2020-10-19,sz.003816,2.9,2.91,2.88,2.89,27194630,78662629.4
2020-10-20,sz.003816,2.88,2.88,2.86,2.87,21536831,61798070.11
2020-10-21,sz.003816,2.87,2.88,2.84,2.86,31388130,89601492.5
2020-10-22,sz.003816,2.86,2.86,2.84,2.86,17956600,51190595.0
2020-10-23,sz.003816,2.85,2.86,2.84,2.85,18768800,53552834.0
2020-10-26,sz.003816,2.86,2.86,2.83,2.84,20433170,58066994.63
2020-10-27,sz.003816,2.84,2.84,2.82,2.83,24474192,69211841.92
2020-10-28,sz.003816,2.82,2.83,2.79,2.8,48416004,135607042.18
2020-10-29,sz.003816,2.78,2.79,2.74,2.75,73190391,201635969.34
2020-10-30,sz.003816,2.75,2.76,2.72,2.73,42682600,116838786.5
2020-11-02,sz.003816,2.73,2.74,2.66,2.69,57691263,156326797.47
2020-11-03,sz.003816,2.7,2.74,2.69,2.73,28447104,77411915.01
2020-11-04,sz.003816,2.73,2.74,2.68,2.7,50192906,135491964.12
2020-11-05,sz.003816,2.71,2.72,2.7,2.71,34257352,92774840.59
2020-11-06,sz.003816,2.71,2.73,2.7,2.72,45806290,124564533.24
2020-11-09,sz.003816,2.72,2.77,2.72,2.77,54299207,149622540.17
2020-11-10,sz.003816,2.76,2.79,2.75,2.76,44410057,123006667.96
2020-11-11,sz.003816,2.75,2.77,2.73,2.76,44471483,122060222.25
2020-11-12,sz.003816,2.75,2.76,2.71,2.72,62973768,171490320.99
2020-11-13,sz.003816,2.71,2.72,2.69,2.7,36294111,97943261.55
2020-11-16,sz.003816,2.7,2.73,2.7,2.73,52209616,141752647.46
2020-11-17,sz.003816,2.73,2.75,2.71,2.74,54089039,147732534.18
2020-11-18,sz.003816,2.74,2.78,2.72,2.76,81364472,223912488.94
2020-11-19,sz.003816,2.75,2.76,2.74,2.75,36361300,99900261.0
2020-11-20,sz.003816,2.75,2.75,2.72,2.74,60350102,164990693.46
2020-11-23,sz.003816,2.74,2.79,2.73,2.77,92463500,255220843.0
2020-11-24,sz.003816,2.77,2.77,2.75,2.75,46492350,128212548.46
2020-11-25,sz.003816,2.76,2.8,2.75,2.76,85982321,238931871.91
2020-11-26,sz.003816,2.76,2.82,2.75,2.81,112727281,315491049.08
2020-11-27,sz.003816,2.8,2.83,2.78,2.81,82342724,230361069.96
2020-11-30,sz.003816,2.82,2.85,2.8,2.81,112778919,318500210.07
2020-12-01,sz.003816,2.8,2.81,2.77,2.81,74466519,207943049.78
2020-12-02,sz.003816,2.8,2.84,2.78,2.82,88212030,247942902.07
2020-12-03,sz.003816,2.82,2.82,2.79,2.8,67692481,189337978.8
2020-12-04,sz.003816,2.8,2.84,2.77,2.82,94021888,263097954.13
2020-12-07,sz.003816,2.82,2.82,2.77,2.78,66075266,184034635.3
2020-12-08,sz.003816,2.78,2.8,2.76,2.77,40325088,112091557.52
2020-12-09,sz.003816,2.77,2.78,2.72,2.73,64354364,177197382.64
2020-12-10,sz.003816,2.73,2.76,2.72,2.75,57778801,158319336.12
2020-12-11,sz.003816,2.74,2.8,2.74,2.77,142414099,395135223.39
2020-12-14,sz.003816,2.78,2.82,2.76,2.81,106159337,297379697.5
2020-12-15,sz.003816,2.81,2.81,2.77,2.78,40881250,113903691.1
2020-12-16,sz.003816,2.78,2.79,2.73,2.74,55686880,153553500.61
2020-12-17,sz.003816,2.74,2.76,2.72,2.75,40294245,110536460.51
2020-12-18,sz.003816,2.76,2.83,2.75,2.8,122249669,341896465.82
2020-12-21,sz.003816,2.8,2.8,2.76,2.78,83740500,232926854.0
2020-12-22,sz.003816,2.77,2.78,2.72,2.73,72454941,199276735.52
2020-12-23,sz.003816,2.73,2.81,2.73,2.79,105935218,294571143.97
2020-12-24,sz.003816,2.8,2.8,2.75,2.76,61139358,169129574.42
2020-12-25,sz.003816,2.75,2.88,2.73,2.86,222364325,628450430.37
2020-12-28,sz.003816,2.85,2.93,2.82,2.86,214577808,615378306.25
2020-12-29,sz.003816,2.86,2.87,2.81,2.83,125744034,355911126.72
2020-12-30,sz.003816,2.81,2.85,2.8,2.82,86334300,243866970.0
2020-12-31,sz.003816,2.82,2.84,2.79,2.82,91619306,257652272.06
2021-01-04,sz.003816,2.82,2.82,2.79,2.81,91878084,257518813.91
2021-01-05,sz.003816,2.8,2.81,2.76,2.78,105879803,294169759.19
2021-01-06,sz.003816,2.77,2.83,2.76,2.83,127224602,356245654.83
2021-01-07,sz.003816,2.82,2.83,2.76,2.79,103299728,288536829.68
2021-01-08,sz.003816,2.79,2.81,2.77,2.8,73881435,206119133.93
2021-01-11,sz.003816,2.79,2.8,2.74,2.75,88507964,244443786.87
2021-01-12,sz.003816,2.74,2.78,2.73,2.77,73393978,202446876.0
2021-01-13,sz.003816,2.75,2.92,2.73,2.86,272123296,769743805.16
2021-01-14,sz.003816,2.82,2.98,2.81,2.88,275206992,797498788.6
2021-01-15,sz.003816,2.87,2.9,2.84,2.87,142588844,408791143.93
2021-01-18,sz.003816,2.85,2.87,2.83,2.85,114048264,325013742.98
2021-01-19,sz.003816,2.85,2.86,2.81,2.85,111208673,315159846.75
2021-01-20,sz.003816,2.84,2.85,2.82,2.83,63952945,181073071.35
2021-01-21,sz.003816,2.82,2.83,2.8,2.82,68946260,194014000.08
2021-01-22,sz.003816,2.81,2.81,2.78,2.79,73668090,205805244.19
2021-01-25,sz.003816,2.78,2.81,2.76,2.78,78632498,218928400.64
2021-01-26,sz.003816,2.77,2.78,2.75,2.75,70313150,194241875.5
2021-01-27,sz.003816,2.75,2.78,2.74,2.76,59066471,163189848.96
2021-01-28,sz.003816,2.75,2.8,2.74,2.76,90276271,250050566.61
2021-01-29,sz.003816,2.76,2.77,2.72,2.74,77293758,211706094.0
2021-02-01,sz.003816,2.75,2.75,2.72,2.73,55215614,150701683.97
2021-02-02,sz.003816,2.73,2.74,2.69,2.7,72368719,195868445.3
2021-02-03,sz.003816,2.7,2.7,2.66,2.67,57590500,154212310.35
2021-02-04,sz.003816,2.66,2.67,2.62,2.63,64207888,169563515.51
2021-02-05,sz.003816,2.62,2.66,2.6,2.62,56706411,148810522.06
2021-02-08,sz.003816,2.62,2.64,2.61,2.63,60368800,158329028.0
2021-02-09,sz.003816,2.62,2.65,2.6,2.64,63827668,167192377.9
2021-02-10,sz.003816,2.63,2.64,2.62,2.64,52015740,136845282.8
2021-02-18,sz.003816,2.66,2.68,2.65,2.68,63022064,168007029.24
2021-02-19,sz.003816,2.67,2.73,2.66,2.73,86937894,235070643.39
2021-02-22,sz.003816,2.73,2.79,2.72,2.75,124994871,344821326.79
2021-02-23,sz.003816,2.75,2.77,2.72,2.73,73968308,202664606.58
2021-02-24,sz.003816,2.73,2.74,2.68,2.7,82187721,223185558.21
2021-02-25,sz.003816,2.71,2.74,2.7,2.73,70244577,191187144.42
2021-02-26,sz.003816,2.71,2.76,2.69,2.75,95467764,260457160.18
2021-03-01,sz.003816,2.74,2.76,2.72,2.75,63709508,174400238.58
2021-03-02,sz.003816,2.75,2.78,2.74,2.76,69479542,191566228.5
2021-03-03,sz.003816,2.76,2.77,2.74,2.77,62241047,171245653.41
2021-03-04,sz.003816,2.76,2.82,2.75,2.81,125140834,347284003.53
2021-03-05,sz.003816,2.8,2.82,2.77,2.81,96085807,268816212.47
2021-03-08,sz.003816,2.84,2.92,2.83,2.84,206003938,591409331.45
2021-03-09,sz.003816,2.84,2.88,2.74,2.85,200390982,564943396.46
2021-03-10,sz.003816,2.85,2.87,2.78,2.78,97382199,275195496.12
2021-03-11,sz.003816,2.77,2.85,2.76,2.84,116859648,328736765.4
2021-03-12,sz.003816,2.84,2.98,2.82,2.94,358857552,1048735139.01
2021-03-15,sz.003816,2.94,3.0,2.91,2.93,208592427,615333828.58
2021-03-16,sz.003816,2.94,2.98,2.9,2.97,135494847,398489924.17
2021-03-17,sz.003816,2.95,2.95,2.9,2.91,109649073,319736731.01
2021-03-18,sz.003816,2.9,2.94,2.87,2.91,121514214,352559972.52
2021-03-19,sz.003816,2.88,2.93,2.86,2.88,121151114,350254789.42
2021-03-22,sz.003816,2.9,3.01,2.89,2.99,281840560,837055289.63
2021-03-23,sz.003816,2.99,2.99,2.9,2.92,178424946,523726551.38
2021-03-24,sz.003816,2.9,2.93,2.86,2.88,174749913,505116933.04
2021-03-25,sz.003816,2.87,2.87,2.79,2.8,168501700,474351783.0
2021-03-26,sz.003816,2.8,2.85,2.79,2.84,105524200,298873867.0
2021-03-29,sz.003816,2.83,2.88,2.82,2.84,98530800,279879252.0
2021-03-30,sz.003816,2.84,2.85,2.79,2.81,91092997,255588206.6
2021-03-31,sz.003816,2.81,2.85,2.79,2.84,129589858,366998213.04
2021-04-01,sz.003816,2.84,2.85,2.81,2.83,84779193,239822493.4
2021-04-02,sz.003816,2.83,2.83,2.8,2.81,68097568,191311970.94
2021-04-06,sz.003816,2.81,2.82,2.8,2.8,57043900,160083662.0
2021-04-07,sz.003816,2.81,2.83,2.8,2.82,67341230,189594782.3
2021-04-08,sz.003816,2.82,2.83,2.79,2.8,80169929,224597665.91
2021-04-09,sz.003816,2.8,2.8,2.77,2.78,62807745,174660415.0
2021-04-12,sz.003816,2.78,2.78,2.76,2.78,67224151,186141488.53
2021-04-13,sz.003816,2.77,2.77,2.71,2.73,81862300,224206850.0
2021-04-14,sz.003816,2.75,2.8,2.74,2.8,95343943,264499846.11
2021-04-15,sz.003816,2.79,2.79,2.76,2.78,49427600,137035252.88
2021-04-16,sz.003816,2.78,2.8,2.76,2.79,77915284,216177023.68
2021-04-19,sz.003816,2.78,2.8,2.77,2.79,66322120,184806726.8
2021-04-20,sz.003816,2.78,2.79,2.76,2.77,53911400,149724926.0
2021-04-21,sz.003816,2.76,2.76,2.74,2.75,47773075,131475908.63
2021-04-22,sz.003816,2.76,2.76,2.74,2.75,46692962,128480870.5
2021-04-23,sz.003816,2.75,2.76,2.72,2.73,56514815,154498060.8
2021-04-26,sz.003816,2.73,2.74,2.72,2.73,58206453,159014351.36
2021-04-27,sz.003816,2.73,2.73,2.69,2.7,57998148,156676896.1
2021-04-28,sz.003816,2.7,2.72,2.69,2.72,40989099,111040367.28
2021-04-29,sz.003816,2.71,2.76,2.7,2.74,73465778,200275723.14
2021-04-30,sz.003816,2.73,2.74,2.7,2.71,46214500,125602165.0
2021-05-06,sz.003816,2.71,2.74,2.71,2.73,42004381,114629349.13
2021-05-07,sz.003816,2.73,2.76,2.72,2.76,60397958,165857261.34
2021-05-10,sz.003816,2.76,2.76,2.74,2.76,56637131,155706360.22
2021-05-11,sz.003816,2.75,2.76,2.73,2.76,60213075,165235113.5
2021-05-12,sz.003816,2.75,2.76,2.73,2.76,57120882,156784102.9
2021-05-13,sz.003816,2.75,2.77,2.74,2.75,62219157,171312848.32
2021-05-14,sz.003816,2.75,2.77,2.74,2.76,58213718,160509932.68
2021-05-17,sz.003816,2.76,2.79,2.75,2.78,59078761,163837016.97
2021-05-18,sz.003816,2.77,2.78,2.76,2.78,38037800,105448034.0
2021-05-19,sz.003816,2.78,2.78,2.74,2.75,62874100,173391767.0
2021-05-20,sz.003816,2.76,2.79,2.76,2.76,59509407,164841862.32
2021-05-21,sz.003816,2.75,2.78,2.75,2.77,63384498,175255713.48
2021-05-24,sz.003816,2.77,2.79,2.76,2.78,53466730,148550429.18
2021-05-25,sz.003816,2.78,2.79,2.75,2.78,88960582,246656081.32
2021-05-26,sz.003816,2.77,2.78,2.76,2.78,68808000,190622303.0
2021-05-27,sz.003816,2.77,2.79,2.76,2.79,72530166,201447971.48
2021-05-28,sz.003816,2.78,2.79,2.76,2.78,61817000,171542052.09
2021-05-31,sz.003816,2.78,2.78,2.76,2.78,58081600,160671084.0
2021-06-01,sz.003816,2.77,2.77,2.74,2.75,67552334,186097472.5
2021-06-02,sz.003816,2.75,2.76,2.74,2.76,58188500,159810828.0
2021-06-03,sz.003816,2.76,2.76,2.74,2.75,45468401,125099454.4
2021-06-04,sz.003816,2.75,2.75,2.73,2.73,48685436,133345978.64
2021-06-07,sz.003816,2.73,2.74,2.72,2.73,40319883,110048010.76
2021-06-08,sz.003816,2.73,2.74,2.71,2.73,54551417,148507761.07
2021-06-09,sz.003816,2.73,2.74,2.72,2.73,36903450,100730951.5
2021-06-10,sz.003816,2.73,2.74,2.72,2.73,43804458,119661167.34
2021-06-11,sz.003816,2.73,2.75,2.72,2.73,71018065,194574962.11
2021-06-15,sz.003816,2.73,2.74,2.69,2.7,81685000,221436815.0
2021-06-16,sz.003816,2.7,2.71,2.69,2.7,43425735,117131878.15
2021-06-17,sz.003816,2.69,2.7,2.68,2.69,44840780,120725732.4
2021-06-18,sz.003816,2.69,2.7,2.66,2.67,66991300,178703513.0
2021-06-21,sz.003816,2.66,2.68,2.66,2.67,43397661,115807311.26
2021-06-22,sz.003816,2.67,2.69,2.66,2.67,64214500,171922897.0
2021-06-23,sz.003816,2.67,2.7,2.67,2.7,56087200,150596759.2
2021-06-24,sz.003816,2.7,2.71,2.68,2.7,59509900,160555804.0
2021-06-25,sz.003816,2.69,2.71,2.69,2.71,51646896,139493119.8
2021-06-28,sz.003816,2.72,2.73,2.66,2.68,116600227,314876648.36
2021-06-29,sz.003816,2.67,2.7,2.66,2.67,77146371,206954350.99
2021-06-30,sz.003816,2.67,2.68,2.66,2.67,43436348,116059826.24
2021-07-01,sz.003816,2.68,2.69,2.67,2.67,40004171,107162407.92
2021-07-02,sz.003816,2.68,2.69,2.67,2.67,55166661,147736420.75
2021-07-05,sz.003816,2.68,2.68,2.66,2.67,69320099,184886894.34
2021-07-06,sz.003816,2.67,2.68,2.65,2.68,54236570,144517965.04
2021-07-07,sz.003816,2.68,2.68,2.66,2.67,66171948,176426056.11
2021-07-08,sz.003816,2.6,2.61,2.57,2.58,83939962,217304243.06
2021-07-09,sz.003816,2.57,2.59,2.57,2.59,65970123,170369180.99
2021-07-12,sz.003816,2.59,2.61,2.58,2.59,106910285,277699014.41
2021-07-13,sz.003816,2.59,2.61,2.58,2.61,51955546,135136178.12
2021-07-14,sz.003816,2.61,2.61,2.58,2.6,59540292,154638034.28
2021-07-15,sz.003816,2.6,2.6,2.57,2.58,44254893,114290047.94
2021-07-16,sz.003816,2.58,2.59,2.58,2.58,35977358,92906862.64
2021-07-19,sz.003816,2.58,2.59,2.56,2.57,48377483,124202585.48
2021-07-20,sz.003816,2.56,2.57,2.54,2.56,58982007,150602904.6
2021-07-21,sz.003816,2.56,2.56,2.54,2.55,43485175,110983959.25
2021-07-22,sz.003816,2.55,2.58,2.54,2.58,57245016,147023685.32
2021-07-23,sz.003816,2.57,2.59,2.55,2.56,50412900,129374335.0
2021-07-26,sz.003816,2.56,2.56,2.53,2.54,54119140,137632487.2
2021-07-27,sz.003816,2.53,2.55,2.53,2.53,51993274,131940925.92
2021-07-28,sz.003816,2.53,2.54,2.5,2.53,73998059,186342244.41
2021-07-29,sz.003816,2.53,2.53,2.51,2.52,48555542,122287457.84
2021-07-30,sz.003816,2.51,2.54,2.49,2.54,65429147,164898850.95
2021-08-02,sz.003816,2.53,2.58,2.51,2.57,91350997,232574743.73
2021-08-03,sz.003816,2.56,2.59,2.54,2.58,66650404,171342243.33
2021-08-04,sz.003816,2.57,2.58,2.56,2.57,48433389,124571771.73
2021-08-05,sz.003816,2.57,2.59,2.55,2.56,63128700,162304630.0
2021-08-06,sz.003816,2.56,2.56,2.53,2.53,58793740,149323351.84
2021-08-09,sz.003816,2.53,2.57,2.52,2.56,60350442,154125931.81
2021-08-10,sz.003816,2.55,2.56,2.53,2.55,48131612,122421551.48
2021-08-11,sz.003816,2.55,2.57,2.54,2.55,47165010,120645309.5
2021-08-12,sz.003816,2.56,2.56,2.54,2.55,48375501,123474122.55
2021-08-13,sz.003816,2.55,2.55,2.53,2.55,50257481,127816437.74
2021-08-16,sz.003816,2.54,2.57,2.54,2.56,58664463,150004523.96
2021-08-17,sz.003816,2.55,2.56,2.53,2.53,67317619,171413750.45
2021-08-18,sz.003816,2.53,2.58,2.52,2.57,92590105,236621543.85
2021-08-19,sz.003816,2.57,2.58,2.54,2.55,69318199,177329316.42
2021-08-20,sz.003816,2.55,2.57,2.54,2.57,61532673,157304256.12
2021-08-23,sz.003816,2.56,2.6,2.56,2.6,102346124,264911887.7
2021-08-24,sz.003816,2.6,2.62,2.59,2.6,82792223,215607792.88
2021-08-25,sz.003816,2.59,2.61,2.57,2.61,69282452,179524780.79
2021-08-26,sz.003816,2.6,2.63,2.58,2.6,94933618,247033883.65
2021-08-27,sz.003816,2.59,2.62,2.58,2.6,77500640,201453966.59
2021-08-30,sz.003816,2.6,2.61,2.58,2.58,64524503,167187334.74
2021-08-31,sz.003816,2.59,2.65,2.58,2.65,162522966,427594209.77
2021-09-01,sz.003816,2.65,2.77,2.64,2.71,284583408,773432774.45
2021-09-02,sz.003816,2.71,2.76,2.69,2.75,181399311,494954775.02
2021-09-03,sz.003816,2.76,2.84,2.75,2.78,297583392,832789245.06
2021-09-06,sz.003816,2.79,2.87,2.78,2.83,292088176,826840701.78
2021-09-07,sz.003816,2.82,2.84,2.79,2.83,172224253,484290887.12
2021-09-08,sz.003816,2.82,3.06,2.81,3.0,555981856,1648999868.37
2021-09-09,sz.003816,2.96,3.04,2.92,3.01,404337136,1202498590.86
2021-09-10,sz.003816,2.98,3.04,2.92,2.94,283629456,843404556.88
2021-09-13,sz.003816,2.92,3.1,2.92,3.1,434328640,1320125862.54
2021-09-14,sz.003816,3.1,3.11,2.96,2.97,307767168,927863790.7
2021-09-15,sz.003816,2.96,3.07,2.94,3.0,220980522,664521440.52
2021-09-16,sz.003816,3.02,3.05,2.92,2.93,234403754,697338905.56
2021-09-17,sz.003816,2.92,3.02,2.91,2.96,229730760,681846917.02
2021-09-22,sz.003816,2.94,3.25,2.92,3.22,637878544,2004148650.14
2021-09-23,sz.003816,3.25,3.42,3.23,3.36,679347920,2258855870.04
2021-09-24,sz.003816,3.33,3.36,3.24,3.28,377787888,1245871301.37
2021-09-27,sz.003816,3.36,3.46,3.17,3.25,387050096,1272041518.8
2021-09-28,sz.003816,3.29,3.5,3.24,3.5,563262944,1905390519.82
2021-09-29,sz.003816,3.39,3.45,3.3,3.35,372106720,1250088600.33
2021-09-30,sz.003816,3.32,3.39,3.21,3.37,340432720,1124118850.46
2021-10-08,sz.003816,3.44,3.49,3.26,3.29,276674208,922258609.65
2021-10-11,sz.003816,3.32,3.35,3.12,3.2,262503893,839002182.47
2021-10-12,sz.003816,3.08,3.14,2.95,3.01,318787040,963897471.72
2021-10-13,sz.003816,2.98,3.0,2.86,2.92,228188973,664369905.11
2021-10-14,sz.003816,2.9,2.96,2.89,2.92,118399768,346593180.92
2021-10-15,sz.003816,2.96,2.98,2.9,2.93,118901683,349156624.09
2021-10-18,sz.003816,2.93,3.0,2.92,2.98,123879505,368221058.15
2021-10-19,sz.003816,2.98,2.98,2.93,2.94,122288147,360155244.14
2021-10-20,sz.003816,2.94,3.09,2.92,3.05,240095567,726636039.59
2021-10-21,sz.003816,3.02,3.06,2.99,3.0,125929403,380400494.58
2021-10-22,sz.003816,3.01,3.02,2.93,2.95,118016400,349549202.32
2021-10-25,sz.003816,2.95,3.03,2.92,2.99,94044957,281419990.26
2021-10-26,sz.003816,2.98,3.05,2.95,2.97,114264679,342601852.05
2021-10-27,sz.003816,2.97,3.01,2.93,2.97,158980399,473491612.0
2021-10-28,sz.003816,2.98,3.0,2.92,2.93,148085425,437026426.71
2021-10-29,sz.003816,2.91,2.93,2.83,2.92,135577523,391019079.55
2021-11-01,sz.003816,2.9,2.96,2.89,2.93,90434713,265180958.13
2021-11-02,sz.003816,2.92,2.99,2.87,2.91,126102271,369349273.2
2021-11-03,sz.003816,2.9,2.95,2.86,2.92,108671024,316687047.38
2021-11-04,sz.003816,2.93,2.95,2.9,2.94,97617999,285746465.24
2021-11-05,sz.003816,2.94,2.95,2.85,2.85,113391700,326745014.66
2021-11-08,sz.003816,2.85,2.86,2.77,2.84,107798523,303629935.9
2021-11-09,sz.003816,2.84,2.89,2.84,2.88,90987782,260516532.99
2021-11-10,sz.003816,2.87,2.87,2.8,2.82,97552580,275330645.68
2021-11-11,sz.003816,2.82,2.84,2.8,2.84,74422070,210530706.82
2021-11-12,sz.003816,2.83,2.83,2.79,2.82,76718718,215739275.58
2021-11-15,sz.003816,2.81,2.83,2.8,2.82,59884322,168558140.51
2021-11-16,sz.003816,2.81,2.82,2.77,2.77,74667609,208555546.42
2021-11-17,sz.003816,2.77,2.79,2.76,2.78,62632504,173667425.83
2021-11-18,sz.003816,2.78,2.79,2.76,2.78,58941040,163662966.13
2021-11-19,sz.003816,2.77,2.83,2.75,2.82,100601630,281000600.0
2021-11-22,sz.003816,2.84,2.91,2.82,2.87,150960621,433538517.93
2021-11-23,sz.003816,2.87,2.93,2.86,2.91,125966565,366353058.55
2021-11-24,sz.003816,2.9,2.91,2.86,2.89,78734866,226842557.36
2021-11-25,sz.003816,2.9,2.92,2.89,2.91,63884046,185460879.4
2021-11-26,sz.003816,2.9,2.93,2.86,2.87,91888854,265492880.52
2021-11-29,sz.003816,2.84,2.91,2.81,2.9,105237006,301729697.85
2021-11-30,sz.003816,2.89,2.93,2.88,2.9,82579263,240244524.11
2021-12-01,sz.003816,2.9,2.97,2.89,2.96,168885463,495332197.22
2021-12-02,sz.003816,2.99,3.01,2.94,2.96,142794221,425695288.92
2021-12-03,sz.003816,2.94,3.02,2.93,3.0,156862899,468145848.14
2021-12-06,sz.003816,3.0,3.06,2.98,2.99,144657036,435386243.84
2021-12-07,sz.003816,3.0,3.0,2.95,2.99,98790346,294564891.43
2021-12-08,sz.003816,2.99,3.0,2.96,2.98,82207790,245053821.09
2021-12-09,sz.003816,2.98,3.02,2.97,3.0,108091143,324381657.25
2021-12-10,sz.003816,2.99,3.02,2.96,2.97,106504250,317493584.6
2021-12-13,sz.003816,2.97,3.02,2.96,3.0,130633235,392152571.37
2021-12-14,sz.003816,2.99,2.99,2.92,2.94,137754458,406034432.49
2021-12-15,sz.003816,2.93,3.0,2.93,2.99,126946949,378086563.54
2021-12-16,sz.003816,2.99,3.03,2.98,3.02,111651962,336338635.13
2021-12-17,sz.003816,3.03,3.08,3.0,3.03,136238471,414935690.86
2021-12-20,sz.003816,3.03,3.05,2.96,2.98,113821767,340606771.68
2021-12-21,sz.003816,2.98,3.06,2.97,3.05,148185494,447281615.1
2021-12-22,sz.003816,3.07,3.08,3.02,3.03,115625169,351682755.15
2021-12-23,sz.003816,3.02,3.1,3.0,3.09,192366650,590849971.84
2021-12-24,sz.003816,3.09,3.29,3.07,3.17,340353984,1084963009.01
2021-12-27,sz.003816,3.17,3.27,3.14,3.17,227448114,729197996.04
2021-12-28,sz.003816,3.16,3.16,3.07,3.11,155363589,481564257.06
2021-12-29,sz.003816,3.1,3.1,3.02,3.02,134512296,409549705.87
2021-12-30,sz.003816,3.02,3.1,3.01,3.07,121699424,372472337.29
2021-12-31,sz.003816,3.07,3.17,3.07,3.13,138641099,433655934.08
2022-01-04,sz.003816,3.15,3.19,3.13,3.14,137169870,432644476.09
2022-01-05,sz.003816,3.13,3.13,3.05,3.05,128227989,394487440.45
2022-01-06,sz.003816,3.05,3.08,3.03,3.05,97822914,298536854.42
2022-01-07,sz.003816,3.05,3.07,3.01,3.01,123810246,375893976.92
2022-01-10,sz.003816,3.01,3.04,2.99,3.02,93995344,283185321.32
2022-01-11,sz.003816,3.02,3.05,3.0,3.01,94462279,285630406.34
2022-01-12,sz.003816,3.02,3.03,2.99,3.01,80136950,240922410.0
2022-01-13,sz.003816,3.0,3.01,2.97,2.97,84458983,252210752.51
2022-01-14,sz.003816,2.96,2.97,2.93,2.94,89975623,264818138.39
2022-01-17,sz.003816,2.93,2.95,2.92,2.94,60484019,177681117.24
2022-01-18,sz.003816,2.93,2.99,2.92,2.98,93279522,276187133.26
2022-01-19,sz.003816,2.97,2.99,2.94,2.98,59181432,175830690.64
2022-01-20,sz.003816,2.98,3.03,2.97,3.01,81573911,244876175.79
2022-01-21,sz.003816,3.0,3.02,2.97,2.98,56673101,169603257.63
2022-01-24,sz.003816,2.97,2.98,2.94,2.96,49504500,146461230.0
2022-01-25,sz.003816,2.95,2.97,2.88,2.88,71368198,208615179.24
2022-01-26,sz.003816,2.89,2.94,2.89,2.91,60344319,175965355.29
2022-01-27,sz.003816,2.91,2.93,2.88,2.89,56789411,164731753.6
2022-01-28,sz.003816,2.88,2.91,2.85,2.88,63535957,183150738.32
2022-02-07,sz.003816,2.91,2.96,2.91,2.95,70353861,206727097.81
2022-02-08,sz.003816,2.95,3.05,2.94,3.04,113867764,341949970.1
2022-02-09,sz.003816,3.05,3.09,3.02,3.06,106204693,324985059.34
2022-02-10,sz.003816,3.06,3.1,3.05,3.09,103377411,318350073.09
2022-02-11,sz.003816,3.07,3.12,3.06,3.09,121070052,375084335.27
2022-02-14,sz.003816,3.08,3.09,3.01,3.02,88263381,268349638.08
2022-02-15,sz.003816,3.02,3.04,2.98,2.99,64774903,195092165.41
2022-02-16,sz.003816,3.01,3.04,2.99,3.0,50642258,152634209.14
2022-02-17,sz.003816,3.0,3.0,2.97,2.98,65580858,195568207.84
2022-02-18,sz.003816,2.97,3.0,2.96,3.0,47265900,141175242.17
2022-02-21,sz.003816,2.99,3.0,2.97,2.99,46856213,139904815.74
2022-02-22,sz.003816,2.98,2.99,2.93,2.95,80572800,237757563.0
2022-02-23,sz.003816,2.95,2.97,2.93,2.94,51118490,150436584.61
2022-02-24,sz.003816,2.95,2.96,2.88,2.9,87105526,254247884.22
2022-02-25,sz.003816,2.91,2.94,2.9,2.93,73403277,214488687.52
2022-02-28,sz.003816,2.93,2.98,2.92,2.94,71105729,209600388.0
2022-03-01,sz.003816,2.95,2.96,2.94,2.95,50373087,148699159.0
2022-03-02,sz.003816,2.94,2.97,2.93,2.97,57451890,169856133.0
2022-03-03,sz.003816,2.97,3.02,2.96,3.01,96799200,290525344.0
2022-03-04,sz.003816,3.0,3.0,2.96,2.99,104726771,312081840.0
2022-03-07,sz.003816,2.99,3.04,2.96,2.97,121568947,365477120.0
2022-03-08,sz.003816,2.95,2.98,2.88,2.89,96515682,282212016.0
2022-03-09,sz.003816,2.92,3.02,2.86,2.95,198420671,586059744.0
2022-03-10,sz.003816,2.96,3.03,2.92,3.0,159935915,478172288.0
2022-03-11,sz.003816,2.96,2.96,2.87,2.94,168784355,492384800.0
2022-03-14,sz.003816,2.91,2.93,2.86,2.87,105816003,306454080.0
2022-03-15,sz.003816,2.85,2.86,2.66,2.67,180147511,496932928.0
2022-03-16,sz.003816,2.7,2.75,2.62,2.75,127264979,343442320.0
2022-03-17,sz.003816,2.76,2.79,2.74,2.75,104920425,290181216.0
2022-03-18,sz.003816,2.72,2.78,2.71,2.77,114046964,314116845.03
2022-03-21,sz.003816,2.77,2.78,2.67,2.72,174945761,475873308.45
2022-03-22,sz.003816,2.7,2.74,2.68,2.72,95682754,259482837.12
2022-03-23,sz.003816,2.74,2.77,2.72,2.72,86847540,237723697.61
2022-03-24,sz.003816,2.71,2.73,2.69,2.71,65195000,176673278.0
2022-03-25,sz.003816,2.71,2.72,2.68,2.69,81292024,218857142.62
2022-03-28,sz.003816,2.68,2.71,2.64,2.7,77796114,207911275.58
2022-03-29,sz.003816,2.7,2.75,2.7,2.74,121169642,330819344.08
2022-03-30,sz.003816,2.75,2.75,2.71,2.74,66407485,181239284.0
2022-03-31,sz.003816,2.73,2.75,2.72,2.73,56482254,154338884.42
2022-04-01,sz.003816,2.72,2.75,2.71,2.74,62282102,170193723.86
2022-04-06,sz.003816,2.73,2.78,2.73,2.77,83019092,228887026.0
2022-04-07,sz.003816,2.77,2.79,2.74,2.75,82038661,226640879.75
2022-04-08,sz.003816,2.75,2.77,2.73,2.76,59516900,163539215.33
2022-04-11,sz.003816,2.76,2.78,2.73,2.75,94003169,258641773.17
2022-04-12,sz.003816,2.74,2.76,2.7,2.75,74899769,204401375.57
2022-04-13,sz.003816,2.75,2.75,2.72,2.72,50792436,138917924.92
2022-04-14,sz.003816,2.73,2.74,2.72,2.72,54533909,148773035.46
2022-04-15,sz.003816,2.72,2.74,2.7,2.72,55342078,150577828.74
2022-04-18,sz.003816,2.71,2.74,2.69,2.73,57141192,154982231.75
2022-04-19,sz.003816,2.72,2.83,2.72,2.8,159925180,444712633.18
2022-04-20,sz.003816,2.82,2.82,2.74,2.76,96192658,266340443.4
2022-04-21,sz.003816,2.8,2.81,2.73,2.74,134447745,371310051.76
2022-04-22,sz.003816,2.73,2.94,2.7,2.9,323440320,922009158.47
2022-04-25,sz.003816,2.86,2.91,2.81,2.82,232557414,666639529.36
2022-04-26,sz.003816,2.81,2.84,2.73,2.74,146132764,407071618.63
2022-04-27,sz.003816,2.72,2.79,2.64,2.78,135425661,368463342.64
2022-04-28,sz.003816,2.76,2.81,2.73,2.79,101010478,279878010.26
2022-04-29,sz.003816,2.8,2.83,2.77,2.83,118997195,334243853.26
2022-05-05,sz.003816,2.8,2.85,2.8,2.85,108696312,307745113.76
2022-05-06,sz.003816,2.8,2.81,2.76,2.77,90753316,252262741.24
2022-05-09,sz.003816,2.75,2.79,2.75,2.77,55131200,152865926.0
2022-05-10,sz.003816,2.75,2.85,2.73,2.84,114260107,320313899.55
2022-05-11,sz.003816,2.83,2.88,2.79,2.79,128397779,363447344.77
2022-05-12,sz.003816,2.79,2.85,2.78,2.8,69221784,194824443.09
2022-05-13,sz.003816,2.81,2.84,2.8,2.81,95627687,269249026.59
2022-05-16,sz.003816,2.82,2.83,2.77,2.79,105309983,293322086.28
2022-05-17,sz.003816,2.79,2.8,2.77,2.78,69861377,194112176.29
2022-05-18,sz.003816,2.77,2.79,2.76,2.78,68573390,190182378.3
2022-05-19,sz.003816,2.75,2.78,2.74,2.78,71016235,195722380.6
2022-05-20,sz.003816,2.78,2.83,2.77,2.82,110439016,309875592.9
2022-05-23,sz.003816,2.82,2.83,2.79,2.82,86985226,244407924.95
2022-05-24,sz.003816,2.82,2.83,2.74,2.75,97289232,271132334.54
2022-05-25,sz.003816,2.75,2.8,2.74,2.8,71434425,198344991.75
2022-05-26,sz.003816,2.8,2.82,2.78,2.81,94831582,266023698.52
2022-05-27,sz.003816,2.81,2.83,2.78,2.8,71595100,200808934.0
2022-05-30,sz.003816,2.8,2.81,2.77,2.78,91846539,255831220.07
2022-05-31,sz.003816,2.79,2.81,2.77,2.8,78826523,220070456.91
2022-06-01,sz.003816,2.8,2.81,2.77,2.81,98229557,274540481.34
2022-06-02,sz.003816,2.8,2.81,2.78,2.79,61412499,171362490.22
2022-06-06,sz.003816,2.8,2.8,2.78,2.8,71294906,198732929.74
2022-06-07,sz.003816,2.79,2.81,2.77,2.78,91056367,254045353.26
2022-06-08,sz.003816,2.78,2.82,2.78,2.81,145726272,408469668.84
2022-06-09,sz.003816,2.81,2.84,2.8,2.81,116264651,328174444.85
2022-06-10,sz.003816,2.8,2.82,2.79,2.82,95911188,269115303.28
2022-06-13,sz.003816,2.8,2.81,2.77,2.79,113362922,316075416.37
2022-06-14,sz.003816,2.78,2.81,2.76,2.81,89147635,247986702.71
2022-06-15,sz.003816,2.8,2.85,2.79,2.82,147421025,415901713.01
2022-06-16,sz.003816,2.82,2.83,2.79,2.8,107377441,301002954.53
2022-06-17,sz.003816,2.79,2.8,2.77,2.79,83877363,233673029.61
2022-06-20,sz.003816,2.8,2.81,2.78,2.79,84235002,235483244.5
2022-06-21,sz.003816,2.8,2.83,2.79,2.81,102113267,286958452.02
2022-06-22,sz.003816,2.81,2.82,2.78,2.79,74964268,209806118.72
2022-06-23,sz.003816,2.78,2.8,2.78,2.79,70062523,195335115.36
2022-06-24,sz.003816,2.8,2.81,2.79,2.79,60511328,169280863.98
2022-06-27,sz.003816,2.8,2.81,2.79,2.8,62965432,176143077.0
2022-06-28,sz.003816,2.8,2.81,2.79,2.81,82735858,231764964.66
2022-06-29,sz.003816,2.81,2.81,2.79,2.8,81035272,226890357.86
2022-06-30,sz.003816,2.8,2.81,2.79,2.8,85458748,239157194.92
2022-07-01,sz.003816,2.8,2.82,2.79,2.8,94836627,266157069.6
2022-07-04,sz.003816,2.81,2.9,2.8,2.88,199879054,571613752.44
2022-07-05,sz.003816,2.88,2.92,2.87,2.9,136393356,394842138.86
2022-07-06,sz.003816,2.9,2.91,2.83,2.86,120286855,344499094.75
2022-07-07,sz.003816,2.8,2.9,2.79,2.83,179672881,512693475.47
2022-07-08,sz.003816,2.86,2.88,2.82,2.84,112545799,319670352.11
2022-07-11,sz.003816,2.85,2.9,2.84,2.86,129215862,370633445.75
2022-07-12,sz.003816,2.86,2.9,2.84,2.87,112628829,323753374.63
2022-07-13,sz.003816,2.88,2.94,2.86,2.93,147705943,430071971.95
2022-07-14,sz.003816,2.92,2.92,2.84,2.86,116588510,334384354.5
2022-07-15,sz.003816,2.85,2.86,2.8,2.8,92122255,260031904.4
2022-07-18,sz.003816,2.81,2.88,2.8,2.87,105542019,301181973.68
2022-07-19,sz.003816,2.87,2.87,2.83,2.84,62899738,178792533.92
2022-07-20,sz.003816,2.85,2.86,2.82,2.84,61365581,173781855.44
2022-07-21,sz.003816,2.83,2.83,2.78,2.79,88165128,247080568.2
2022-07-22,sz.003816,2.79,2.81,2.77,2.79,62930670,175616796.3
2022-07-25,sz.003816,2.79,2.8,2.76,2.77,57498700,159595659.0
2022-07-26,sz.003816,2.77,2.78,2.75,2.78,56738560,156914979.1
2022-07-27,sz.003816,2.77,2.78,2.76,2.76,44880021,124127344.96
2022-07-28,sz.003816,2.77,2.78,2.76,2.77,58566283,162308574.14
2022-07-29,sz.003816,2.77,2.8,2.76,2.76,68315715,189745279.4
2022-08-01,sz.003816,2.76,2.77,2.73,2.74,66444062,182255041.88
2022-08-02,sz.003816,2.73,2.73,2.65,2.68,101677722,272096820.52
2022-08-03,sz.003816,2.68,2.71,2.66,2.66,51757891,138710297.97
2022-08-04,sz.003816,2.67,2.69,2.66,2.68,45342859,121512881.53
2022-08-05,sz.003816,2.68,2.7,2.68,2.7,39099317,105174799.58
2022-08-08,sz.003816,2.7,2.72,2.69,2.71,37841917,102306263.92
2022-08-09,sz.003816,2.7,2.71,2.68,2.69,42653002,114732865.84
2022-08-10,sz.003816,2.69,2.69,2.67,2.68,33986900,91025504.0
2022-08-11,sz.003816,2.68,2.71,2.67,2.71,52481726,141631491.76
2022-08-12,sz.003816,2.7,2.74,2.7,2.73,60663666,165208962.24
2022-08-15,sz.003816,2.73,2.75,2.72,2.75,58619881,160443096.69
2022-08-16,sz.003816,2.75,2.77,2.74,2.75,50603645,139224545.75
2022-08-17,sz.003816,2.76,2.8,2.75,2.78,83670469,232214149.03
2022-08-18,sz.003816,2.77,2.79,2.72,2.73,64746523,177831053.72
2022-08-19,sz.003816,2.73,2.82,2.73,2.8,152575617,424806369.62
2022-08-22,sz.003816,2.81,2.85,2.8,2.83,106789518,302053338.0
2022-08-23,sz.003816,2.81,2.85,2.8,2.83,71969403,203702084.31
2022-08-24,sz.003816,2.83,2.84,2.78,2.79,79582174,223223411.86
2022-08-25,sz.003816,2.79,2.82,2.77,2.82,79268525,222095956.0
2022-08-26,sz.003816,2.82,2.87,2.8,2.83,108418765,307502642.95
2022-08-29,sz.003816,2.82,2.85,2.8,2.84,70562622,199746798.48
2022-08-30,sz.003816,2.84,2.89,2.82,2.84,62100829,176705784.07
2022-08-31,sz.003816,2.83,2.85,2.81,2.81,64994141,183841490.71
2022-09-01,sz.003816,2.81,2.82,2.78,2.79,55734937,156137873.25
2022-09-02,sz.003816,2.79,2.82,2.78,2.81,52468112,147181756.03
2022-09-05,sz.003816,2.81,2.86,2.8,2.86,74339305,210976234.56
2022-09-06,sz.003816,2.86,2.87,2.84,2.86,60058756,171617421.8
2022-09-07,sz.003816,2.85,2.88,2.85,2.87,62240713,178286277.31
2022-09-08,sz.003816,2.87,2.93,2.86,2.89,100431342,290653029.11
2022-09-09,sz.003816,2.89,2.92,2.87,2.9,73768963,213795679.98
2022-09-13,sz.003816,2.9,2.9,2.84,2.85,67049820,191893875.2
2022-09-14,sz.003816,2.83,2.84,2.8,2.8,55156187,155209973.72
2022-09-15,sz.003816,2.85,2.88,2.77,2.8,93380830,264078225.9
2022-09-16,sz.003816,2.79,2.8,2.71,2.72,91391500,251450471.0
2022-09-19,sz.003816,2.72,2.74,2.7,2.72,52026385,141424455.98
2022-09-20,sz.003816,2.73,2.74,2.7,2.7,54103566,146863734.2
2022-09-21,sz.003816,2.7,2.73,2.68,2.72,66774470,180810191.9
2022-09-22,sz.003816,2.71,2.74,2.7,2.73,53360701,145085961.37
2022-09-23,sz.003816,2.73,2.74,2.7,2.73,61193569,166563273.85
2022-09-26,sz.003816,2.71,2.72,2.65,2.66,75154273,201886308.71
2022-09-27,sz.003816,2.67,2.68,2.65,2.68,55049615,146702957.23
2022-09-28,sz.003816,2.67,2.68,2.65,2.66,48261924,128539055.01
2022-09-29,sz.003816,2.67,2.68,2.62,2.63,59665102,157968110.68
2022-09-30,sz.003816,2.63,2.65,2.62,2.64,42971789,113331432.0
2022-10-10,sz.003816,2.64,2.68,2.63,2.66,66706676,177580154.23
2022-10-11,sz.003816,2.65,2.71,2.65,2.7,83419960,223663915.54
2022-10-12,sz.003816,2.69,2.7,2.65,2.7,74008150,197907576.5
2022-10-13,sz.003816,2.68,2.73,2.68,2.71,94380979,255586196.72
2022-10-14,sz.003816,2.72,2.74,2.71,2.73,59625644,162765770.12
2022-10-17,sz.003816,2.72,2.76,2.7,2.74,64689231,176891043.78
2022-10-18,sz.003816,2.74,2.76,2.73,2.73,47078738,129285713.04
2022-10-19,sz.003816,2.74,2.74,2.71,2.71,31810346,86755108.42
2022-10-20,sz.003816,2.71,2.76,2.7,2.73,52011079,142284195.03
2022-10-21,sz.003816,2.73,2.77,2.73,2.75,49526735,136533665.9
2022-10-24,sz.003816,2.76,2.77,2.72,2.75,75935390,208183567.29
2022-10-25,sz.003816,2.74,2.76,2.72,2.74,50513901,138367824.11
2022-10-26,sz.003816,2.74,2.76,2.73,2.74,43970868,120735094.0
2022-10-27,sz.003816,2.73,2.74,2.7,2.7,52623465,143061160.5
2022-10-28,sz.003816,2.7,2.71,2.64,2.66,87266551,232172493.15
2022-10-31,sz.003816,2.65,2.65,2.62,2.64,77789901,204942989.63
2022-11-01,sz.003816,2.63,2.66,2.63,2.66,90834554,239814621.26
2022-11-02,sz.003816,2.66,2.66,2.64,2.65,51656212,136979310.59
2022-11-03,sz.003816,2.65,2.66,2.63,2.64,68323030,180218731.49
2022-11-04,sz.003816,2.64,2.68,2.63,2.67,73655976,196057067.92
2022-11-07,sz.003816,2.67,2.68,2.66,2.67,72111107,192504896.61
2022-11-08,sz.003816,2.67,2.67,2.65,2.66,55685396,148039938.36
2022-11-09,sz.003816,2.65,2.67,2.65,2.66,39952157,106359939.62
2022-11-10,sz.003816,2.65,2.67,2.65,2.66,40905114,108942026.24
2022-11-11,sz.003816,2.68,2.7,2.67,2.69,93244283,250307584.98
2022-11-14,sz.003816,2.69,2.71,2.65,2.66,106720850,286098862.06
2022-11-15,sz.003816,2.66,2.69,2.65,2.68,68806359,183859227.12
2022-11-16,sz.003816,2.68,2.7,2.67,2.68,64057654,172201840.59
2022-11-17,sz.003816,2.68,2.68,2.66,2.68,50211282,134161139.94
2022-11-18,sz.003816,2.68,2.69,2.67,2.69,50524794,135351894.3
2022-11-21,sz.003816,2.68,2.68,2.67,2.67,31834154,85076002.18
2022-11-22,sz.003816,2.67,2.74,2.67,2.71,132927825,360067475.56
2022-11-23,sz.003816,2.71,2.76,2.7,2.75,142030750,388981058.65
2022-11-24,sz.003816,2.74,2.75,2.71,2.71,73068690,199217817.99
2022-11-25,sz.003816,2.72,2.76,2.71,2.75,99008049,271513737.44
2022-11-28,sz.003816,2.74,2.76,2.7,2.75,109087658,298280875.98
2022-11-29,sz.003816,2.75,2.78,2.73,2.76,96954655,266895160.07
2022-11-30,sz.003816,2.76,2.77,2.74,2.75,63630098,175309898.13
2022-12-01,sz.003816,2.76,2.77,2.74,2.74,68946110,189776683.4
2022-12-02,sz.003816,2.75,2.75,2.72,2.73,62266682,170317898.86
2022-12-05,sz.003816,2.75,2.83,2.74,2.82,198152990,553884369.93
2022-12-06,sz.003816,2.82,2.82,2.79,2.8,90150009,252867911.65
2022-12-07,sz.003816,2.79,2.8,2.76,2.77,91988534,255543361.01
2022-12-08,sz.003816,2.77,2.79,2.75,2.76,87971951,243176780.95
2022-12-09,sz.003816,2.76,2.77,2.73,2.74,138918605,381415856.52
2022-12-12,sz.003816,2.74,2.75,2.71,2.73,99666793,271865572.11
2022-12-13,sz.003816,2.73,2.76,2.72,2.75,76266992,209130617.69
2022-12-14,sz.003816,2.75,2.76,2.73,2.74,58330800,160092986.8
2022-12-15,sz.003816,2.73,2.74,2.72,2.72,42851514,116813828.08
2022-12-16,sz.003816,2.71,2.74,2.71,2.73,41876901,114098842.73
2022-12-19,sz.003816,2.73,2.74,2.67,2.68,73498300,198362101.0
2022-12-20,sz.003816,2.67,2.69,2.66,2.68,39820200,106476991.0
2022-12-21,sz.003816,2.67,2.68,2.65,2.66,46005065,122572586.9
2022-12-22,sz.003816,2.67,2.67,2.64,2.65,52095769,138274652.16
2022-12-23,sz.003816,2.64,2.65,2.63,2.65,32260000,85311455.0
2022-12-26,sz.003816,2.65,2.67,2.64,2.66,41368885,109995639.55
2022-12-27,sz.003816,2.67,2.68,2.66,2.68,41717688,111410828.08
2022-12-28,sz.003816,2.67,2.7,2.67,2.69,57193671,153815534.29
2022-12-29,sz.003816,2.69,2.69,2.67,2.67,30005054,80447782.18
2022-12-30,sz.003816,2.68,2.7,2.67,2.69,36723652,98807475.36
2023-01-03,sz.003816,2.7,2.72,2.69,2.71,69533230,188399721.27
2023-01-04,sz.003816,2.72,2.72,2.7,2.7,51911119,140825015.49
2023-01-05,sz.003816,2.71,2.72,2.69,2.69,67395562,182103622.78
2023-01-06,sz.003816,2.7,2.71,2.68,2.69,78831617,212432828.48
2023-01-09,sz.003816,2.69,2.7,2.68,2.68,49054199,132007296.32
2023-01-10,sz.003816,2.68,2.69,2.66,2.66,49557000,132396666.0
2023-01-11,sz.003816,2.66,2.68,2.66,2.66,45006551,120025161.66
2023-01-12,sz.003816,2.66,2.67,2.65,2.65,50489576,134216831.4
2023-01-13,sz.003816,2.66,2.67,2.65,2.67,38930971,103632538.45
2023-01-16,sz.003816,2.67,2.69,2.66,2.68,65477516,175390053.41
2023-01-17,sz.003816,2.68,2.69,2.66,2.67,48646455,129957834.42
2023-01-18,sz.003816,2.67,2.68,2.66,2.68,29563185,79048802.95
2023-01-19,sz.003816,2.68,2.69,2.66,2.68,44818294,119902096.74
2023-01-20,sz.003816,2.68,2.71,2.67,2.71,71896430,193863705.08
2023-01-30,sz.003816,2.72,2.73,2.7,2.7,91881900,248999598.08
2023-01-31,sz.003816,2.71,2.72,2.69,2.71,57831752,156414591.4
2023-02-01,sz.003816,2.71,2.73,2.7,2.72,76527539,207407267.17
2023-02-02,sz.003816,2.72,2.73,2.7,2.71,73234279,198509268.82
2023-02-03,sz.003816,2.71,2.71,2.69,2.7,57826298,156103830.6
2023-02-06,sz.003816,2.7,2.71,2.69,2.7,48423659,130715624.56
2023-02-07,sz.003816,2.7,2.71,2.69,2.7,69729260,188258127.7
2023-02-08,sz.003816,2.7,2.71,2.69,2.69,43457948,117260315.25
2023-02-09,sz.003816,2.69,2.71,2.69,2.7,54991577,148353399.13
2023-02-10,sz.003816,2.7,2.72,2.69,2.71,76805345,207817718.23
2023-02-13,sz.003816,2.71,2.72,2.7,2.71,71864359,194793462.1
2023-02-14,sz.003816,2.72,2.72,2.7,2.71,49263519,133602857.49
2023-02-15,sz.003816,2.72,2.72,2.7,2.7,48806666,131975798.2
2023-02-16,sz.003816,2.7,2.72,2.69,2.69,96870207,262046211.97
2023-02-17,sz.003816,2.69,2.7,2.68,2.69,55394785,149022714.8
2023-02-20,sz.003816,2.7,2.72,2.68,2.71,81672014,220852076.6
2023-02-21,sz.003816,2.72,2.74,2.71,2.74,102675738,280300853.94
2023-02-22,sz.003816,2.73,2.74,2.71,2.72,65418504,178340098.88
2023-02-23,sz.003816,2.73,2.73,2.71,2.72,50043900,136263172.0
2023-02-24,sz.003816,2.73,2.73,2.71,2.72,37903274,103089493.18
2023-02-27,sz.003816,2.72,2.73,2.71,2.72,54049178,146820701.52
2023-02-28,sz.003816,2.71,2.73,2.71,2.73,68642652,186650126.92
2023-03-01,sz.003816,2.73,2.77,2.72,2.76,163658880,449978291.57
2023-03-02,sz.003816,2.76,2.82,2.75,2.79,185378375,517841936.17
2023-03-03,sz.003816,2.8,2.84,2.79,2.83,170927471,482219884.65
2023-03-06,sz.003816,2.85,2.88,2.82,2.83,153609527,436914491.57
2023-03-07,sz.003816,2.84,2.9,2.83,2.85,203378246,583965340.38
2023-03-08,sz.003816,2.84,2.85,2.82,2.84,91546081,259237617.45
2023-03-09,sz.003816,2.85,2.88,2.83,2.87,96266157,274948473.3
2023-03-10,sz.003816,2.85,2.86,2.82,2.82,88014534,249884371.81
2023-03-13,sz.003816,2.81,2.88,2.81,2.88,120918548,344865958.28
2023-03-14,sz.003816,2.87,2.9,2.84,2.87,100641473,288637038.07
2023-03-15,sz.003816,2.87,2.95,2.84,2.94,191103917,556553407.27
2023-03-16,sz.003816,2.92,2.92,2.88,2.89,143692367,416391641.23
2023-03-17,sz.003816,2.9,2.95,2.89,2.93,172551314,504469451.38
2023-03-20,sz.003816,2.92,3.01,2.91,2.93,249824943,740348693.14
2023-03-21,sz.003816,2.93,2.96,2.89,2.91,134287788,393327105.6
2023-03-22,sz.003816,2.93,3.0,2.92,2.97,173427397,514848098.65
2023-03-23,sz.003816,2.98,2.98,2.94,2.98,101193905,299616703.43
2023-03-24,sz.003816,2.97,2.99,2.91,2.93,140849957,416109906.41
2023-03-27,sz.003816,2.93,2.95,2.86,2.88,112822922,325545566.46
2023-03-28,sz.003816,2.88,2.9,2.85,2.86,74677738,214213170.15
2023-03-29,sz.003816,2.85,2.87,2.82,2.84,87407458,247986896.38
2023-03-30,sz.003816,2.85,2.9,2.84,2.88,96170525,275810004.74
2023-03-31,sz.003816,2.87,2.88,2.84,2.87,67557495,192924648.75
2023-04-03,sz.003816,2.86,2.88,2.84,2.86,89296391,255003072.69
2023-04-04,sz.003816,2.86,2.94,2.85,2.92,121406474,352586346.5
2023-04-06,sz.003816,2.94,2.95,2.91,2.93,76839214,224883697.75
2023-04-07,sz.003816,2.93,2.93,2.9,2.91,58409100,169961243.0
2023-04-10,sz.003816,2.91,2.94,2.88,2.92,106271490,309776330.26
2023-04-11,sz.003816,2.93,2.95,2.89,2.94,103447273,302356875.19
2023-04-12,sz.003816,2.94,3.01,2.93,3.0,149964560,447608377.02
2023-04-13,sz.003816,3.0,3.06,2.99,3.01,154297348,467060266.42
2023-04-14,sz.003816,3.01,3.03,2.98,3.02,98975730,297778595.05
2023-04-17,sz.003816,3.01,3.05,3.0,3.04,123095485,373165781.27
2023-04-18,sz.003816,3.04,3.04,3.0,3.02,77294024,233376683.24
2023-04-19,sz.003816,3.02,3.09,3.0,3.01,121042287,368248038.98
2023-04-20,sz.003816,3.02,3.04,2.97,3.03,107816496,324576152.68
2023-04-21,sz.003816,3.02,3.07,3.0,3.0,100342443,304109002.32
2023-04-24,sz.003816,3.0,3.05,2.98,3.01,121912440,367114325.37
2023-04-25,sz.003816,3.01,3.05,2.98,3.03,113795921,343337749.5
2023-04-26,sz.003816,3.05,3.08,2.98,3.05,194836497,589881981.39
2023-04-27,sz.003816,3.04,3.08,3.02,3.08,139613542,426649625.44
2023-04-28,sz.003816,3.08,3.13,3.05,3.1,182019417,562637256.74
2023-05-04,sz.003816,3.1,3.26,3.09,3.22,271799623,868694566.77
2023-05-05,sz.003816,3.24,3.27,3.14,3.19,245639239,782343956.02
2023-05-08,sz.003816,3.19,3.3,3.18,3.26,237814494,774164281.14
2023-05-09,sz.003816,3.28,3.29,3.18,3.19,215878100,699736585.09
2023-05-10,sz.003816,3.18,3.21,3.14,3.15,141282500,447115499.44
2023-05-11,sz.003816,3.15,3.34,3.14,3.23,240545765,779202230.26
2023-05-12,sz.003816,3.22,3.27,3.16,3.2,151158324,485007038.43
2023-05-15,sz.003816,3.21,3.23,3.08,3.18,214835380,675306354.56
2023-05-16,sz.003816,3.18,3.21,3.12,3.14,110137577,348576283.75
2023-05-17,sz.003816,3.14,3.18,3.1,3.17,94964300,299134169.24
2023-05-18,sz.003816,3.17,3.2,3.15,3.17,79279128,251845276.58
2023-05-19,sz.003816,3.15,3.17,3.11,3.11,88615511,277568120.5
2023-05-22,sz.003816,3.11,3.22,3.1,3.19,125959679,400271967.52
2023-05-23,sz.003816,3.19,3.19,3.1,3.11,87511792,274298649.29
2023-05-24,sz.003816,3.1,3.12,3.04,3.04,123103435,377188783.19
2023-05-25,sz.003816,3.03,3.1,3.02,3.07,98137314,301171290.12
2023-05-26,sz.003816,3.07,3.13,3.06,3.1,74475454,230732722.46
2023-05-29,sz.003816,3.11,3.16,3.1,3.16,87780117,276131618.55
2023-05-30,sz.003816,3.15,3.19,3.12,3.15,67469229,212469437.06
2023-05-31,sz.003816,3.15,3.15,3.09,3.11,67304183,209667635.75
2023-06-01,sz.003816,3.12,3.17,3.1,3.11,76609523,239988364.75
2023-06-02,sz.003816,3.13,3.13,3.07,3.08,78755500,243693151.0
2023-06-05,sz.003816,3.08,3.09,3.04,3.05,92194235,282206793.17
2023-06-06,sz.003816,3.06,3.07,2.99,3.0,88783728,268738741.97
2023-06-07,sz.003816,3.0,3.03,2.99,3.01,75197103,225949776.37
2023-06-08,sz.003816,3.01,3.06,3.0,3.06,73494641,222837256.32
2023-06-09,sz.003816,3.04,3.12,3.02,3.11,109732974,338065908.52
2023-06-12,sz.003816,3.1,3.14,3.07,3.07,86139088,267073059.21
2023-06-13,sz.003816,3.06,3.11,3.05,3.07,55670811,170922042.83
2023-06-14,sz.003816,3.07,3.09,3.03,3.04,59010455,180325106.75
2023-06-15,sz.003816,3.03,3.05,3.01,3.02,53041478,160399471.48
2023-06-16,sz.003816,3.03,3.05,3.02,3.03,70975549,214925533.11
2023-06-19,sz.003816,3.02,3.04,2.99,3.04,66145578,199488403.93
2023-06-20,sz.003816,3.03,3.05,3.01,3.02,61204632,185197579.64
2023-06-21,sz.003816,3.02,3.05,3.01,3.02,62287323,189143565.56
2023-06-26,sz.003816,3.01,3.07,3.0,3.03,82769000,251127313.7
2023-06-27,sz.003816,3.04,3.09,2.98,3.09,116317749,353919589.22
2023-06-28,sz.003816,3.08,3.15,3.07,3.14,120155106,374767511.44
2023-06-29,sz.003816,3.14,3.18,3.11,3.14,99477098,312569274.57
2023-06-30,sz.003816,3.13,3.16,3.1,3.11,70294413,219317800.59
2023-07-03,sz.003816,3.11,3.15,3.11,3.14,59911457,187641363.09
2023-07-04,sz.003816,3.14,3.14,3.1,3.12,53314014,166068350.46
2023-07-05,sz.003816,3.11,3.14,3.09,3.09,47487829,147671631.19
2023-07-06,sz.003816,3.09,3.12,3.08,3.11,54940085,170489287.5
2023-07-07,sz.003816,3.04,3.08,3.02,3.06,95792159,292269685.91
2023-07-10,sz.003816,3.07,3.12,3.05,3.08,71281237,219166701.23
2023-07-11,sz.003816,3.08,3.08,3.04,3.07,61867235,189326989.36
2023-07-12,sz.003816,3.08,3.09,3.05,3.06,61667171,189017866.26
2023-07-13,sz.003816,3.06,3.07,3.03,3.05,80017120,244140348.6
2023-07-14,sz.003816,3.05,3.08,3.03,3.06,70520991,215410882.93
2023-07-17,sz.003816,3.05,3.07,3.04,3.05,53939231,164479738.93
2023-07-18,sz.003816,3.05,3.05,3.02,3.03,60155962,182472103.86
2023-07-19,sz.003816,3.03,3.07,3.03,3.06,67485262,205720925.1
2023-07-20,sz.003816,3.06,3.07,3.01,3.01,62506000,189647553.0
2023-07-21,sz.003816,3.01,3.03,3.0,3.02,48321806,145752642.08
2023-07-24,sz.003816,3.01,3.03,3.0,3.01,35773798,107818092.83
2023-07-25,sz.003816,3.03,3.03,3.01,3.02,51924702,156988195.04
2023-07-26,sz.003816,3.02,3.04,3.01,3.02,51789074,156526152.48
2023-07-27,sz.003816,3.02,3.06,3.02,3.03,74137972,225314690.7
2023-07-28,sz.003816,3.02,3.06,3.01,3.06,89496716,272299353.18
2023-07-31,sz.003816,3.06,3.13,3.05,3.11,151909316,469060521.12
2023-08-01,sz.003816,3.15,3.17,3.11,3.14,150499183,472408688.13
2023-08-02,sz.003816,3.13,3.13,3.08,3.09,101228200,313652640.0
2023-08-03,sz.003816,3.09,3.14,3.07,3.13,99857064,309973452.04
2023-08-04,sz.003816,3.13,3.16,3.11,3.12,81600695,255029733.88
2023-08-07,sz.003816,3.11,3.13,3.09,3.12,74716815,232630647.05
2023-08-08,sz.003816,3.12,3.14,3.1,3.11,68677697,213856137.67
2023-08-09,sz.003816,3.1,3.11,3.05,3.06,85823209,263184690.54
2023-08-10,sz.003816,3.07,3.09,3.04,3.07,64098167,196622675.69
2023-08-11,sz.003816,3.08,3.09,3.03,3.04,66551503,203407398.21
2023-08-14,sz.003816,3.03,3.08,3.01,3.07,85428242,260123685.03
2023-08-15,sz.003816,3.07,3.17,3.06,3.15,190569801,598183404.03
2023-08-16,sz.003816,3.15,3.17,3.12,3.16,118101150,372483861.5
2023-08-17,sz.003816,3.16,3.18,3.1,3.17,136910644,429891676.98
2023-08-18,sz.003816,3.17,3.2,3.15,3.17,93774944,297459878.86
2023-08-21,sz.003816,3.17,3.19,3.12,3.14,83048384,261893640.72
2023-08-22,sz.003816,3.15,3.18,3.12,3.17,96683227,304453653.5
2023-08-23,sz.003816,3.17,3.2,3.15,3.17,85531885,271756867.66
2023-08-24,sz.003816,3.17,3.17,3.06,3.08,142112226,440148583.48
2023-08-25,sz.003816,3.07,3.19,3.07,3.15,140585914,442923176.76
2023-08-28,sz.003816,3.26,3.3,3.15,3.16,144261625,461099942.8
2023-08-29,sz.003816,3.15,3.17,3.11,3.12,168196245,528802662.4
2023-08-30,sz.003816,3.12,3.16,3.07,3.08,102516900,318079138.0
2023-08-31,sz.003816,3.08,3.15,3.06,3.14,120007487,374872310.33
2023-09-01,sz.003816,3.14,3.17,3.13,3.17,79743109,251576465.83
2023-09-04,sz.003816,3.18,3.19,3.15,3.18,114578581,363749856.58
2023-09-05,sz.003816,3.18,3.21,3.16,3.2,81914474,261521376.56
2023-09-06,sz.003816,3.19,3.2,3.17,3.18,63760439,203074125.02
2023-09-07,sz.003816,3.18,3.22,3.15,3.19,156922528,500546098.86
2023-09-08,sz.003816,3.2,3.22,3.16,3.21,88966711,284278524.64
2023-09-11,sz.003816,3.22,3.27,3.21,3.24,117703811,381553878.67
2023-09-12,sz.003816,3.25,3.28,3.21,3.22,118111580,382898512.56
2023-09-13,sz.003816,3.22,3.24,3.2,3.23,72163814,232492386.88
2023-09-14,sz.003816,3.24,3.27,3.23,3.26,98816883,321805707.28
2023-09-15,sz.003816,3.27,3.27,3.19,3.21,101288031,326968830.22
2023-09-18,sz.003816,3.21,3.22,3.16,3.2,95414672,303935855.68
2023-09-19,sz.003816,3.2,3.25,3.18,3.23,97518576,314579088.39
2023-09-20,sz.003816,3.24,3.24,3.18,3.22,73184250,234776695.82
2023-09-21,sz.003816,3.22,3.23,3.18,3.19,63144300,202416425.0
2023-09-22,sz.003816,3.2,3.21,3.16,3.17,86626989,274988033.13
2023-09-25,sz.003816,3.17,3.21,3.16,3.19,89149788,284607219.86
2023-09-26,sz.003816,3.2,3.22,3.18,3.19,52570448,168106336.66
2023-09-27,sz.003816,3.18,3.2,3.13,3.14,97317800,306855151.57
2023-09-28,sz.003816,3.15,3.17,3.13,3.14,51498598,161979399.74
2023-10-09,sz.003816,3.14,3.18,3.11,3.18,90278198,284404985.72
2023-10-10,sz.003816,3.18,3.18,3.13,3.14,73617498,231574691.72
2023-10-11,sz.003816,3.13,3.14,3.08,3.09,85028550,264091585.5
2023-10-12,sz.003816,3.11,3.14,3.1,3.14,55860871,174590715.12
2023-10-13,sz.003816,3.12,3.13,3.08,3.09,60745500,188115384.0
2023-10-16,sz.003816,3.1,3.14,3.09,3.14,76614276,238727550.88
2023-10-17,sz.003816,3.14,3.17,3.12,3.14,70490408,221533509.96
2023-10-18,sz.003816,3.14,3.17,3.12,3.12,83465018,262411428.78
2023-10-19,sz.003816,3.13,3.13,3.06,3.07,108423400,334019886.0
2023-10-20,sz.003816,3.07,3.09,3.03,3.06,78264810,239472863.9
2023-10-23,sz.003816,3.05,3.07,2.97,3.0,75551449,227947919.32
2023-10-24,sz.003816,2.99,3.03,2.97,3.01,97464807,292885814.9
2023-10-25,sz.003816,3.02,3.06,3.01,3.02,69398976,210337538.28
2023-10-26,sz.003816,3.0,3.03,2.95,3.02,99815108,297998678.66
2023-10-27,sz.003816,3.01,3.05,3.0,3.02,84445400,255466312.6
2023-10-30,sz.003816,3.01,3.02,2.97,2.97,119687508,357105670.75
2023-10-31,sz.003816,2.97,2.98,2.96,2.97,59512449,176755625.53
2023-11-01,sz.003816,2.97,3.01,2.96,2.99,88803800,265395068.0
2023-11-02,sz.003816,2.99,3.06,2.98,3.03,119244057,360473730.6
2023-11-03,sz.003816,3.03,3.06,2.99,2.99,109935959,331217120.0
2023-11-06,sz.003816,3.0,3.01,2.96,2.97,108662325,323363495.25
2023-11-07,sz.003816,2.97,2.98,2.95,2.96,64003700,189582861.0
2023-11-08,sz.003816,2.96,2.97,2.93,2.93,77692692,228919857.56
2023-11-09,sz.003816,2.93,2.96,2.93,2.96,70672553,208307519.11
2023-11-10,sz.003816,2.95,2.96,2.91,2.93,73066375,214180791.79
2023-11-13,sz.003816,2.94,2.97,2.93,2.95,63642699,187585259.3
2023-11-14,sz.003816,2.95,3.0,2.94,2.99,106882500,318057304.4
2023-11-15,sz.003816,2.99,3.01,2.95,2.98,75935704,225910646.88
2023-11-16,sz.003816,2.98,2.99,2.96,2.98,61004792,181637004.16
2023-11-17,sz.003816,2.98,2.98,2.94,2.95,62743000,185583570.0
2023-11-20,sz.003816,2.96,2.98,2.95,2.96,69407571,205563531.87
2023-11-21,sz.003816,2.96,2.97,2.95,2.95,67348710,199271717.6
2023-11-22,sz.003816,2.95,2.96,2.92,2.92,50302804,147840557.72
2023-11-23,sz.003816,2.93,2.95,2.92,2.94,51634300,151506326.0
2023-11-24,sz.003816,2.94,2.96,2.93,2.94,55697861,164249125.01
2023-11-27,sz.003816,2.95,2.95,2.93,2.94,58859400,173048281.0
2023-11-28,sz.003816,2.94,2.95,2.91,2.94,82896275,242715924.84
2023-11-29,sz.003816,2.94,3.0,2.94,2.98,124460823,369054031.38
2023-11-30,sz.003816,2.96,3.04,2.96,3.03,202995410,611650654.81
2023-12-01,sz.003816,3.02,3.04,3.0,3.02,89977328,271750911.84
2023-12-04,sz.003816,3.02,3.06,3.01,3.04,89570109,272410871.55
2023-12-05,sz.003816,3.04,3.06,3.02,3.03,110543800,336995460.0
2023-12-06,sz.003816,3.03,3.03,2.98,3.01,95386093,286107612.07
2023-12-07,sz.003816,3.01,3.03,2.98,3.01,66292177,199351917.97
2023-12-08,sz.003816,3.02,3.06,3.01,3.03,88627694,268905072.44
2023-12-11,sz.003816,3.03,3.07,2.98,3.07,137004957,415392474.65
2023-12-12,sz.003816,3.06,3.11,3.05,3.09,81580877,251889712.7
2023-12-13,sz.003816,3.09,3.12,3.08,3.1,69305898,214667920.82
2023-12-14,sz.003816,3.11,3.12,3.09,3.1,64952676,201652645.99
2023-12-15,sz.003816,3.11,3.14,3.06,3.07,74021209,229089272.2
2023-12-18,sz.003816,3.09,3.13,3.06,3.1,103458757,321407037.91
2023-12-19,sz.003816,3.11,3.11,3.07,3.1,71508574,221189841.66
2023-12-20,sz.003816,3.11,3.15,3.1,3.12,103050703,322477637.96
2023-12-21,sz.003816,3.12,3.12,3.08,3.1,96905017,300131658.74
2023-12-22,sz.003816,3.11,3.14,3.09,3.12,84356359,263292321.48
2023-12-25,sz.003816,3.11,3.16,3.09,3.14,83522491,260754283.79
2023-12-26,sz.003816,3.13,3.16,3.12,3.12,45136304,141462528.48
2023-12-27,sz.003816,3.12,3.15,3.1,3.14,63560693,198794454.02
2023-12-28,sz.003816,3.14,3.16,3.06,3.07,140256321,433912116.62
2023-12-29,sz.003816,3.07,3.11,3.06,3.11,86296621,266945594.06
2024-01-02,sz.003816,3.11,3.22,3.1,3.2,175735580,558905482.09
2024-01-03,sz.003816,3.2,3.28,3.19,3.27,146875159,475990030.33
2024-01-04,sz.003816,3.26,3.3,3.24,3.29,143405856,468918456.77
2024-01-05,sz.003816,3.29,3.32,3.26,3.28,108759576,357515661.52
2024-01-08,sz.003816,3.28,3.33,3.25,3.32,186359988,614853178.1
2024-01-09,sz.003816,3.31,3.38,3.25,3.36,172579690,575984790.83
2024-01-10,sz.003816,3.37,3.4,3.33,3.36,107774743,362335607.48
2024-01-11,sz.003816,3.35,3.38,3.33,3.35,119204043,400189702.3
2024-01-12,sz.003816,3.34,3.44,3.33,3.43,144120444,490068072.72
2024-01-15,sz.003816,3.43,3.44,3.38,3.41,120693574,412379915.72
2024-01-16,sz.003816,3.4,3.45,3.38,3.44,132866589,454328183.93
2024-01-17,sz.003816,3.44,3.45,3.37,3.38,111014525,379091862.62
2024-01-18,sz.003816,3.37,3.38,3.26,3.37,176195352,584724129.04
2024-01-19,sz.003816,3.38,3.39,3.34,3.35,128271631,431621476.59
2024-01-22,sz.003816,3.36,3.37,3.24,3.26,145490379,481442420.71
2024-01-23,sz.003816,3.26,3.33,3.2,3.31,123908073,404695055.47
2024-01-24,sz.003816,3.32,3.44,3.31,3.41,174871732,591790935.62
2024-01-25,sz.003816,3.43,3.58,3.41,3.57,215828713,758219820.6
2024-01-26,sz.003816,3.57,3.59,3.5,3.57,144891915,513757935.0
2024-01-29,sz.003816,3.57,3.71,3.56,3.62,220558306,805424272.82
2024-01-30,sz.003816,3.59,3.73,3.56,3.66,192095908,705391981.75
2024-01-31,sz.003816,3.63,3.85,3.63,3.82,285801663,1076337025.86
2024-02-01,sz.003816,3.77,3.8,3.65,3.69,251111284,929982979.94
2024-02-02,sz.003816,3.66,3.77,3.6,3.72,216910409,804265528.06
2024-02-05,sz.003816,3.69,3.77,3.67,3.74,186306847,696030376.58
2024-02-06,sz.003816,3.72,3.91,3.7,3.79,276408887,1044386007.63
2024-02-07,sz.003816,3.77,3.77,3.66,3.73,243434303,904565337.04
2024-02-08,sz.003816,3.73,3.81,3.62,3.75,213337612,788969577.82
2024-02-19,sz.003816,3.75,3.89,3.71,3.88,206061979,785847915.62
2024-02-20,sz.003816,3.88,4.06,3.83,3.99,191864163,760595823.32
2024-02-21,sz.003816,3.97,4.01,3.91,3.95,133390576,528717530.7
2024-02-22,sz.003816,3.93,3.99,3.92,3.97,112097438,442797802.81
2024-02-23,sz.003816,3.96,3.99,3.89,3.94,156792235,615150893.21
2024-02-26,sz.003816,3.92,3.93,3.77,3.81,195667293,749378528.65
2024-02-27,sz.003816,3.77,3.82,3.75,3.81,142774565,539924347.05
2024-02-28,sz.003816,3.8,3.87,3.76,3.81,157629324,601941305.31
2024-02-29,sz.003816,3.81,3.87,3.79,3.86,136472856,523363249.04
2024-03-01,sz.003816,3.86,3.92,3.8,3.82,125666184,483693593.68
2024-03-04,sz.003816,3.81,3.97,3.78,3.97,173595853,674844152.56
2024-03-05,sz.003816,3.96,4.11,3.94,4.08,205321238,830638736.06
2024-03-06,sz.003816,4.09,4.12,4.02,4.05,134313383,547228007.49
2024-03-07,sz.003816,4.04,4.12,4.02,4.07,97307400,397550441.44
2024-03-08,sz.003816,4.06,4.15,4.04,4.13,97795801,401424762.98
2024-03-11,sz.003816,4.16,4.17,3.98,4.03,164363511,662411390.64
2024-03-12,sz.003816,4.01,4.02,3.76,3.8,311912554,1203837632.28
2024-03-13,sz.003816,3.77,3.82,3.7,3.79,184264827,692075553.57
2024-03-14,sz.003816,3.77,3.83,3.75,3.81,123158093,467436451.08
2024-03-15,sz.003816,3.81,3.86,3.78,3.82,120045295,459176053.54
2024-03-18,sz.003816,3.81,3.92,3.79,3.87,121100498,467923653.56
2024-03-19,sz.003816,3.87,3.88,3.82,3.82,92532427,355682303.77
2024-03-20,sz.003816,3.83,3.91,3.82,3.86,143600564,556610668.84
2024-03-21,sz.003816,3.88,3.89,3.79,3.88,130309782,501093636.0
2024-03-22,sz.003816,3.85,3.91,3.82,3.85,112695913,434460707.92
2024-03-25,sz.003816,3.84,3.89,3.82,3.84,108799158,420162751.22
2024-03-26,sz.003816,3.84,3.98,3.82,3.97,170046439,661438400.1
2024-03-27,sz.003816,3.95,3.97,3.86,3.93,154387671,604173192.43
2024-03-28,sz.003816,3.88,3.99,3.87,3.98,137252186,540206525.62
2024-03-29,sz.003816,3.97,4.05,3.96,4.04,123710057,497831430.39
2024-04-01,sz.003816,4.04,4.1,3.96,3.98,140737765,566146254.57
2024-04-02,sz.003816,3.96,4.04,3.95,4.01,102603021,411591357.3
2024-04-03,sz.003816,3.99,4.02,3.91,3.99,113938471,450994437.59
2024-04-08,sz.003816,3.98,4.15,3.96,4.11,170306108,695332445.63
2024-04-09,sz.003816,4.12,4.13,4.04,4.04,131579167,535846786.68
2024-04-10,sz.003816,4.04,4.14,4.03,4.11,116731200,478551910.0
2024-04-11,sz.003816,4.1,4.16,4.08,4.12,107030308,442141622.38
2024-04-12,sz.003816,4.12,4.15,4.08,4.09,87772908,360469052.97
2024-04-15,sz.003816,4.09,4.27,4.07,4.25,160298974,672109368.46
2024-04-16,sz.003816,4.26,4.32,4.13,4.2,155077797,655470722.16
2024-04-17,sz.003816,4.18,4.3,4.12,4.28,134570819,566670897.3
2024-04-18,sz.003816,4.26,4.32,4.17,4.21,149375812,633074814.22
2024-04-19,sz.003816,4.18,4.3,4.17,4.24,116406525,494356908.44
2024-04-22,sz.003816,4.27,4.32,4.18,4.23,155205109,658367590.18
2024-04-23,sz.003816,4.22,4.23,4.12,4.14,102551679,426633954.85
2024-04-24,sz.003816,4.16,4.26,4.14,4.23,125483123,528167257.8
2024-04-25,sz.003816,4.23,4.25,4.15,4.18,103552772,433718142.96
2024-04-26,sz.003816,4.18,4.21,4.02,4.06,237357104,969576368.12
2024-04-29,sz.003816,4.04,4.08,3.98,4.04,153887004,619870814.71
2024-04-30,sz.003816,4.04,4.14,4.03,4.11,125826923,516554535.69
2024-05-06,sz.003816,4.13,4.14,4.01,4.09,140513281,570589311.88
2024-05-07,sz.003816,4.09,4.12,4.04,4.07,106979659,436115107.97
2024-05-08,sz.003816,4.05,4.11,4.05,4.08,78173417,319041395.36
2024-05-09,sz.003816,4.08,4.09,4.03,4.06,110402144,448500504.64
2024-05-10,sz.003816,4.07,4.1,4.05,4.08,103922500,423484613.0
2024-05-13,sz.003816,4.08,4.16,4.06,4.13,136453600,561642780.0
2024-05-14,sz.003816,4.12,4.13,4.04,4.09,123145432,501704465.65
2024-05-15,sz.003816,4.08,4.11,4.02,4.03,74217556,301096548.8
2024-05-16,sz.003816,4.03,4.04,3.97,3.97,111791885,446952418.15
2024-05-17,sz.003816,3.96,4.02,3.95,3.99,93088575,371348599.75
2024-05-20,sz.003816,3.98,4.04,3.93,4.02,132443624,527345915.56
2024-05-21,sz.003816,4.01,4.03,3.99,4.01,73206724,293271622.0
2024-05-22,sz.003816,4.01,4.07,4.0,4.01,99928600,403093346.0
2024-05-23,sz.003816,4.01,4.05,3.96,3.99,93578000,374063880.0
2024-05-24,sz.003816,3.98,4.12,3.96,4.09,198803610,809340920.6
2024-05-27,sz.003816,4.1,4.2,4.1,4.17,125081094,520785627.42
2024-05-28,sz.003816,4.16,4.26,4.15,4.23,134299508,566097913.16
2024-05-29,sz.003816,4.23,4.27,4.17,4.25,109997009,465285925.16
2024-05-30,sz.003816,4.25,4.3,4.19,4.22,91391436,387667413.56
2024-05-31,sz.003816,4.22,4.25,4.16,4.19,101357336,425517630.54
2024-06-03,sz.003816,4.18,4.3,4.18,4.26,133457282,566746542.38
2024-06-04,sz.003816,4.27,4.29,4.2,4.25,115374309,489324583.92
2024-06-05,sz.003816,4.25,4.31,4.24,4.26,116458334,497789864.84
2024-06-06,sz.003816,4.26,4.41,4.24,4.34,194931340,848769690.27
2024-06-07,sz.003816,4.33,4.43,4.3,4.41,141737120,618609401.59
2024-06-11,sz.003816,4.41,4.45,4.26,4.34,172813552,749304123.72
2024-06-12,sz.003816,4.32,4.44,4.28,4.41,131767176,577930802.54
2024-06-13,sz.003816,4.43,4.58,4.39,4.52,142368627,641589048.15
2024-06-14,sz.003816,4.52,4.52,4.31,4.37,181755448,801553787.31
2024-06-17,sz.003816,4.33,4.39,4.29,4.34,117804432,510086547.6
2024-06-18,sz.003816,4.32,4.37,4.26,4.35,110536165,476844081.79
2024-06-19,sz.003816,4.36,4.4,4.31,4.33,78914525,343401241.47
2024-06-20,sz.003816,4.34,4.4,4.31,4.38,119969267,524281466.64
2024-06-21,sz.003816,4.38,4.43,4.32,4.35,98012418,428256097.3
2024-06-24,sz.003816,4.34,4.48,4.33,4.41,145882700,645269959.0
2024-06-25,sz.003816,4.41,4.56,4.36,4.5,160523609,716438475.3
2024-06-26,sz.003816,4.48,4.54,4.41,4.51,120137270,536427830.17
2024-06-27,sz.003816,4.5,4.61,4.45,4.46,147307145,665995677.48
2024-06-28,sz.003816,4.45,4.64,4.43,4.63,177153367,806175804.54
2024-07-01,sz.003816,4.64,4.83,4.63,4.74,194585786,922619963.44
2024-07-02,sz.003816,4.75,4.83,4.69,4.79,148156472,705355406.54
2024-07-03,sz.003816,4.78,4.82,4.74,4.79,102583482,490296050.03
2024-07-04,sz.003816,4.78,4.87,4.77,4.79,100752600,483932847.74
2024-07-05,sz.003816,4.79,4.82,4.7,4.79,101398395,481732791.43
2024-07-08,sz.003816,4.79,5.05,4.78,4.96,194945582,963166299.63
2024-07-09,sz.003816,4.95,5.1,4.88,5.04,195566061,974963664.17
2024-07-10,sz.003816,4.98,5.01,4.76,4.83,192357035,930682891.13
2024-07-11,sz.003816,4.82,4.9,4.74,4.89,138562770,668444697.9
2024-07-12,sz.003816,4.88,4.97,4.77,4.8,152008803,736657682.81
2024-07-15,sz.003816,4.78,4.92,4.71,4.91,136845158,664448338.04
2024-07-16,sz.003816,4.91,5.06,4.87,5.0,153876247,765170475.05
2024-07-17,sz.003816,4.99,5.02,4.85,4.91,161357635,796278304.8
2024-07-18,sz.003816,4.86,5.04,4.83,5.04,161189473,798489604.64
2024-07-19,sz.003816,5.01,5.08,4.96,5.0,135018941,675817494.12
2024-07-22,sz.003816,5.0,5.01,4.84,4.95,141094497,693559880.12
2024-07-23,sz.003816,4.93,5.01,4.91,4.96,106196515,527694801.34
2024-07-24,sz.003816,4.94,5.22,4.93,5.21,233480291,1197472996.4
2024-07-25,sz.003816,5.22,5.25,5.12,5.21,179105266,928538317.93
2024-07-26,sz.003816,5.18,5.2,5.01,5.08,206825354,1049253571.34
2024-07-29,sz.003816,5.04,5.11,5.0,5.08,94340870,477288506.92
2024-07-30,sz.003816,5.08,5.12,4.92,4.96,157454445,786597967.88
2024-07-31,sz.003816,4.92,4.94,4.64,4.68,357665472,1689731675.75
2024-08-01,sz.003816,4.64,4.83,4.64,4.75,192152028,913612357.27
2024-08-02,sz.003816,4.72,4.78,4.65,4.72,126693121,596893476.69
2024-08-05,sz.003816,4.66,4.76,4.61,4.72,162147929,762463958.87
2024-08-06,sz.003816,4.7,4.77,4.64,4.72,142441604,671037699.46
2024-08-07,sz.003816,4.72,4.95,4.7,4.88,169573343,825415054.36
2024-08-08,sz.003816,4.87,4.95,4.78,4.79,131253546,635132373.99
2024-08-09,sz.003816,4.77,4.79,4.71,4.74,84424356,400741152.0
2024-08-12,sz.003816,4.76,4.82,4.64,4.69,127756441,602565434.91
2024-08-13,sz.003816,4.66,4.75,4.66,4.71,86632410,407039373.8
2024-08-14,sz.003816,4.69,4.85,4.66,4.77,153357687,732068520.29
2024-08-15,sz.003816,4.78,4.86,4.74,4.83,108725006,522963423.66
2024-08-16,sz.003816,4.84,4.87,4.77,4.83,105330864,508178533.18
2024-08-19,sz.003816,4.84,4.99,4.83,4.97,140792204,694681975.68
2024-08-20,sz.003816,5.05,5.09,4.88,4.98,183174200,906805957.49
2024-08-21,sz.003816,4.96,4.96,4.83,4.89,108779438,530972668.44
2024-08-22,sz.003816,4.87,5.08,4.83,5.06,157572891,785409416.63
2024-08-23,sz.003816,5.02,5.08,4.93,4.99,135241216,674392513.26
2024-08-26,sz.003816,4.97,5.0,4.88,4.92,103082864,506690479.79
2024-08-27,sz.003816,4.91,4.95,4.87,4.95,82931276,407921639.55
2024-08-28,sz.003816,4.92,5.02,4.91,4.93,124530488,616961344.46
2024-08-29,sz.003816,4.9,4.91,4.75,4.78,166022605,797723778.8
2024-08-30,sz.003816,4.73,4.81,4.68,4.78,161414813,767684144.91
2024-09-02,sz.003816,4.75,4.83,4.7,4.8,114482484,549151674.73
2024-09-03,sz.003816,4.79,4.83,4.46,4.49,282502601,1292867568.39
2024-09-04,sz.003816,4.44,4.5,4.39,4.41,163290428,722382579.83
2024-09-05,sz.003816,4.41,4.44,4.34,4.36,125596851,550522590.21
2024-09-06,sz.003816,4.35,4.41,4.2,4.24,126890924,545127541.05
2024-09-09,sz.003816,4.19,4.27,4.13,4.22,144602763,606202815.6
2024-09-10,sz.003816,4.22,4.25,4.11,4.16,133978675,557918630.46
2024-09-11,sz.003816,4.16,4.16,3.92,3.95,251561840,1005169614.45
2024-09-12,sz.003816,3.94,3.97,3.88,3.9,175479500,687620159.66
2024-09-13,sz.003816,3.89,3.99,3.87,3.95,129995347,514000836.81
2024-09-18,sz.003816,3.95,4.03,3.9,3.96,126325432,500609889.6
2024-09-19,sz.003816,3.96,3.97,3.87,3.96,143666020,563468057.12
2024-09-20,sz.003816,3.95,3.98,3.9,3.96,123891743,488179760.45
2024-09-23,sz.003816,3.96,4.11,3.95,4.07,165613912,670655986.64
2024-09-24,sz.003816,4.09,4.25,4.02,4.23,198009594,823015485.84
2024-09-25,sz.003816,4.25,4.37,4.15,4.18,260393798,1108333157.64
2024-09-26,sz.003816,4.17,4.21,4.11,4.2,198344082,826044163.19
2024-09-27,sz.003816,4.2,4.26,4.11,4.2,333763371,1390642640.62
2024-09-30,sz.003816,4.22,4.53,4.22,4.5,569084159,2476589159.05
2024-10-08,sz.003816,4.92,4.92,4.38,4.5,603656372,2772897020.43
2024-10-09,sz.003816,4.51,4.51,4.15,4.18,359855412,1549796503.27
2024-10-10,sz.003816,4.19,4.49,4.19,4.35,363418423,1587363622.28
2024-10-11,sz.003816,4.37,4.38,4.18,4.23,216460902,925930165.14
2024-10-14,sz.003816,4.24,4.36,4.2,4.3,204851511,880878081.18
2024-10-15,sz.003816,4.31,4.31,4.18,4.19,182708270,774449883.3
2024-10-16,sz.003816,4.15,4.23,4.12,4.19,131145961,548543057.48
2024-10-17,sz.003816,4.22,4.32,4.21,4.22,201653051,859073175.59
2024-10-18,sz.003816,4.23,4.28,4.15,4.25,227827784,959439799.53
2024-10-21,sz.003816,4.25,4.25,4.17,4.18,201087484,842013898.59
2024-10-22,sz.003816,4.17,4.27,4.15,4.26,217065102,917329823.28
2024-10-23,sz.003816,4.26,4.31,4.21,4.22,193259192,819395958.49
2024-10-24,sz.003816,4.2,4.21,4.16,4.17,150890387,630268952.92
2024-10-25,sz.003816,4.18,4.19,4.06,4.1,259626516,1064422300.78
2024-10-28,sz.003816,4.09,4.13,4.05,4.13,179475189,735445757.36
2024-10-29,sz.003816,4.12,4.14,4.07,4.09,127467106,522883948.48
2024-10-30,sz.003816,4.07,4.08,4.0,4.04,154557623,623065548.46
2024-10-31,sz.003816,4.05,4.09,4.03,4.04,184755780,749226165.89
2024-11-01,sz.003816,4.02,4.1,4.0,4.08,194230998,788531183.38
2024-11-04,sz.003816,4.07,4.1,4.03,4.07,132287700,536749701.0
2024-11-05,sz.003816,4.06,4.13,4.04,4.13,191803522,785083259.43
2024-11-06,sz.003816,4.12,4.14,4.08,4.1,138969800,570872078.0
2024-11-07,sz.003816,4.09,4.16,4.07,4.16,158750193,655318990.95
2024-11-08,sz.003816,4.18,4.22,4.12,4.14,185172347,771272001.74
2024-11-11,sz.003816,4.12,4.13,4.05,4.08,170703609,694534813.49
2024-11-12,sz.003816,4.06,4.08,4.01,4.02,180058560,727549673.84
2024-11-13,sz.003816,4.02,4.11,3.98,4.09,226464500,921464986.36
2024-11-14,sz.003816,4.09,4.13,4.03,4.03,132093738,538023579.79
2024-11-15,sz.003816,4.02,4.14,4.01,4.11,229037983,937637746.28
2024-11-18,sz.003816,4.11,4.19,4.08,4.15,238114726,987306855.9
2024-11-19,sz.003816,4.14,4.16,4.05,4.1,201914786,825612760.96
2024-11-20,sz.003816,4.09,4.15,4.07,4.14,179117823,738278715.22
2024-11-21,sz.003816,4.14,4.21,4.13,4.18,190651813,797466608.27
2024-11-22,sz.003816,4.19,4.22,4.05,4.05,151498849,625353551.58
2024-11-25,sz.003816,4.07,4.08,3.92,3.94,219215807,874573834.21
2024-11-26,sz.003816,3.92,3.96,3.89,3.9,125589733,491477424.99
2024-11-27,sz.003816,3.9,3.93,3.85,3.93,117492090,457779726.8
2024-11-28,sz.003816,3.93,3.95,3.88,3.9,108453292,424077402.81
2024-11-29,sz.003816,3.89,3.93,3.88,3.91,104968500,410693174.0
2024-12-02,sz.003816,3.89,3.95,3.88,3.93,130053500,509325267.0
2024-12-03,sz.003816,3.93,4.04,3.91,4.04,200368973,797818621.55
2024-12-04,sz.003816,4.02,4.08,3.99,4.06,141633639,571978169.99
2024-12-05,sz.003816,4.05,4.08,4.0,4.04,115173051,464827032.06
2024-12-06,sz.003816,4.04,4.09,4.03,4.06,108751920,442583658.69
2024-12-09,sz.003816,4.06,4.1,4.04,4.08,103639327,422550020.16
2024-12-10,sz.003816,4.12,4.13,4.05,4.06,155439693,634194701.22
2024-12-11,sz.003816,4.05,4.08,4.04,4.06,102077425,413804618.25
2024-12-12,sz.003816,4.06,4.06,4.02,4.05,132117365,533425772.6
2024-12-13,sz.003816,4.04,4.04,3.98,3.99,162809636,651310443.28
2024-12-16,sz.003816,3.99,4.1,3.99,4.1,235151064,955363974.73
2024-12-17,sz.003816,4.09,4.17,4.08,4.11,188526622,779086401.65
2024-12-18,sz.003816,4.12,4.2,4.11,4.13,176477927,733766068.75
2024-12-19,sz.003816,4.11,4.13,4.05,4.07,116532386,476357519.27
2024-12-20,sz.003816,4.07,4.09,4.0,4.01,126930588,511263055.88
2024-12-23,sz.003816,4.01,4.18,3.97,4.14,288228828,1184857382.37
2024-12-24,sz.003816,4.12,4.17,4.1,4.16,137191895,568208279.3
2024-12-25,sz.003816,4.16,4.2,4.13,4.18,144377295,602187524.25
2024-12-26,sz.003816,4.17,4.22,4.07,4.09,244994911,1009417055.67
2024-12-27,sz.003816,4.09,4.15,4.08,4.14,146302258,602685688.12
2024-12-30,sz.003816,4.14,4.18,4.11,4.13,121058191,500712703.19
2024-12-31,sz.003816,4.12,4.19,4.11,4.13,182928314,760170857.82
2025-01-02,sz.003816,4.13,4.15,3.93,3.95,269349180,1084138454.2
2025-01-03,sz.003816,3.96,3.97,3.87,3.89,164486641,644970704.74
2025-01-06,sz.003816,3.87,3.89,3.75,3.78,198602527,758242004.79
2025-01-07,sz.003816,3.78,3.79,3.7,3.76,169014653,631766513.46
2025-01-08,sz.003816,3.76,3.85,3.75,3.8,180021939,684838952.62
2025-01-09,sz.003816,3.81,3.82,3.68,3.69,188910900,703292741.0
2025-01-10,sz.003816,3.67,3.68,3.6,3.6,165930985,601944270.35
2025-01-13,sz.003816,3.56,3.59,3.48,3.58,183471153,648544372.0
2025-01-14,sz.003816,3.58,3.66,3.57,3.65,127345678,461484806.28
2025-01-15,sz.003816,3.65,3.69,3.63,3.64,109325410,400198697.38
2025-01-16,sz.003816,3.65,3.68,3.6,3.63,120245984,437700893.38
2025-01-17,sz.003816,3.62,3.64,3.56,3.62,96054328,346986083.08
2025-01-20,sz.003816,3.64,3.65,3.58,3.59,122286898,440910245.82
2025-01-21,sz.003816,3.61,3.62,3.58,3.58,87740520,315442307.16
2025-01-22,sz.003816,3.59,3.61,3.56,3.59,102604769,367916496.59
2025-01-23,sz.003816,3.62,3.71,3.6,3.61,149801129,546800850.49
2025-01-24,sz.003816,3.61,3.64,3.55,3.62,154233780,554943684.4
2025-01-27,sz.003816,3.62,3.71,3.62,3.69,190071599,700668470.79
2025-02-05,sz.003816,3.69,3.7,3.63,3.66,133418430,487716412.4
2025-02-06,sz.003816,3.66,3.71,3.64,3.7,124645076,457792828.81
2025-02-07,sz.003816,3.7,3.73,3.68,3.71,131252326,485883431.59
2025-02-10,sz.003816,3.7,3.72,3.66,3.68,155158581,571388122.46
2025-02-11,sz.003816,3.68,3.7,3.66,3.67,107163481,393915666.86
2025-02-12,sz.003816,3.67,3.69,3.66,3.68,92066500,338085473.0
2025-02-13,sz.003816,3.68,3.72,3.67,3.69,130569278,483057282.6
2025-02-14,sz.003816,3.69,3.73,3.67,3.68,134838419,498277206.92
2025-02-17,sz.003816,3.69,3.8,3.66,3.8,228002600,851777561.04
2025-02-18,sz.003816,3.79,3.84,3.75,3.76,157419350,596229026.93
2025-02-19,sz.003816,3.75,3.77,3.71,3.74,123493969,461123902.68
2025-02-20,sz.003816,3.73,3.75,3.7,3.72,94057840,350226632.8
2025-02-21,sz.003816,3.73,3.84,3.71,3.78,225955215,855627883.45
2025-02-24,sz.003816,3.78,3.89,3.77,3.84,174598226,672650429.05
2025-02-25,sz.003816,3.85,3.85,3.77,3.78,126334740,480670674.36
2025-02-26,sz.003816,3.77,3.8,3.77,3.78,99878004,377809697.03
2025-02-27,sz.003816,3.79,3.8,3.68,3.71,165831089,616860987.3
2025-02-28,sz.003816,3.7,3.71,3.59,3.62,180858700,661206084.0
2025-03-03,sz.003816,3.63,3.68,3.61,3.64,129415418,471686992.52
2025-03-04,sz.003816,3.63,3.64,3.6,3.62,98368531,356035566.08
2025-03-05,sz.003816,3.62,3.69,3.61,3.68,131529626,481246861.67
2025-03-06,sz.003816,3.68,3.69,3.64,3.66,112438023,411334986.12
2025-03-07,sz.003816,3.66,3.68,3.63,3.64,115770392,423321768.04
2025-03-10,sz.003816,3.65,3.66,3.62,3.63,84062400,305416790.44
2025-03-11,sz.003816,3.62,3.65,3.61,3.63,101534451,368147392.64
2025-03-12,sz.003816,3.63,3.64,3.61,3.62,108212359,391776268.58
2025-03-13,sz.003816,3.62,3.66,3.62,3.65,145688675,530120948.32
2025-03-14,sz.003816,3.65,3.68,3.64,3.68,143459273,525697928.56
2025-03-17,sz.003816,3.69,3.72,3.67,3.67,123682118,456095362.04
2025-03-18,sz.003816,3.68,3.69,3.64,3.66,110659968,404964623.94
2025-03-19,sz.003816,3.67,3.7,3.65,3.68,118742304,436720469.86
2025-03-20,sz.003816,3.69,3.69,3.66,3.66,102644783,377067846.78
2025-03-21,sz.003816,3.66,3.71,3.65,3.65,205317288,755506791.3
2025-03-24,sz.003816,3.65,3.66,3.56,3.59,231221353,833041542.46
2025-03-25,sz.003816,3.58,3.72,3.56,3.72,298276861,1094086349.79
2025-03-26,sz.003816,3.71,3.77,3.67,3.74,231064901,861068697.5
2025-03-27,sz.003816,3.74,3.75,3.64,3.65,211066914,774840971.1
2025-03-28,sz.003816,3.65,3.67,3.63,3.64,102840312,375014874.07
2025-03-31,sz.003816,3.63,3.67,3.61,3.63,140250619,511272664.97
2025-04-01,sz.003816,3.64,3.71,3.63,3.71,173863006,638073000.23
2025-04-02,sz.003816,3.69,3.7,3.63,3.64,174997400,639072278.0
2025-04-03,sz.003816,3.62,3.7,3.61,3.69,183751143,674858185.88
2025-04-07,sz.003816,3.61,3.63,3.33,3.41,331225812,1157237237.65
2025-04-08,sz.003816,3.41,3.59,3.41,3.58,240855404,846111103.53
2025-04-09,sz.003816,3.56,3.59,3.48,3.56,210044348,744636521.53
2025-04-10,sz.003816,3.58,3.59,3.53,3.56,140682380,501082053.35
2025-04-11,sz.003816,3.56,3.56,3.52,3.53,102880656,363447022.12
2025-04-14,sz.003816,3.55,3.62,3.54,3.61,162676556,583478666.6
2025-04-15,sz.003816,3.61,3.63,3.58,3.63,110105203,397142687.86
2025-04-16,sz.003816,3.61,3.64,3.58,3.62,109442011,395157904.64
2025-04-17,sz.003816,3.62,3.64,3.61,3.62,80873539,292990262.33
2025-04-18,sz.003816,3.61,3.62,3.59,3.62,64148742,230982806.2
2025-04-21,sz.003816,3.6,3.63,3.6,3.61,71035900,256601234.0
2025-04-22,sz.003816,3.61,3.69,3.6,3.62,142043486,517687007.96
2025-04-23,sz.003816,3.62,3.63,3.57,3.58,145759235,523379947.95
2025-04-24,sz.003816,3.55,3.57,3.51,3.52,171782227,608449897.56
2025-04-25,sz.003816,3.53,3.55,3.51,3.53,97544480,344241462.64
2025-04-28,sz.003816,3.62,3.67,3.57,3.6,323920880,1172680032.78
2025-04-29,sz.003816,3.59,3.6,3.53,3.54,182863506,648708853.8
2025-04-30,sz.003816,3.54,3.55,3.51,3.52,113119633,398678611.16
2025-05-06,sz.003816,3.53,3.56,3.52,3.56,118539616,419967472.85
2025-05-07,sz.003816,3.57,3.58,3.55,3.57,107471262,383072327.11
2025-05-08,sz.003816,3.56,3.58,3.54,3.57,92786236,331101558.52
2025-05-09,sz.003816,3.57,3.59,3.56,3.57,96789636,346298952.52
2025-05-12,sz.003816,3.58,3.58,3.56,3.57,79817935,285067532.95
2025-05-13,sz.003816,3.58,3.6,3.57,3.59,107265301,384582606.57
2025-05-14,sz.003816,3.59,3.62,3.57,3.62,116299784,417921564.5
2025-05-15,sz.003816,3.61,3.67,3.6,3.62,149356590,543189138.8
2025-05-16,sz.003816,3.62,3.64,3.57,3.58,119491377,429562945.66
2025-05-19,sz.003816,3.58,3.64,3.57,3.64,129325842,467678015.06
2025-05-20,sz.003816,3.64,3.68,3.63,3.68,138825667,508478445.38
2025-05-21,sz.003816,3.69,3.7,3.67,3.67,101902610,375298923.9
2025-05-22,sz.003816,3.67,3.69,3.63,3.66,95021952,347296151.8
2025-05-23,sz.003816,3.66,3.7,3.64,3.64,114417502,420148658.3
2025-05-26,sz.003816,3.66,3.74,3.66,3.74,225291590,836851568.42
2025-05-27,sz.003816,3.74,3.75,3.69,3.7,138947802,515870247.46
2025-05-28,sz.003816,3.7,3.72,3.68,3.69,104217655,385281338.4
2025-05-29,sz.003816,3.69,3.7,3.66,3.69,96044234,353694170.12
2025-05-30,sz.003816,3.69,3.7,3.66,3.67,110830700,407446992.0
2025-06-03,sz.003816,3.67,3.67,3.64,3.66,82667839,301870151.79
2025-06-04,sz.003816,3.66,3.7,3.65,3.65,99097384,363854424.06
2025-06-05,sz.003816,3.66,3.67,3.63,3.64,86528880,315471000.87
2025-06-06,sz.003816,3.64,3.66,3.63,3.66,75118917,274058084.05
2025-06-09,sz.003816,3.66,3.66,3.64,3.64,78807032,287504850.71
2025-06-10,sz.003816,3.64,3.67,3.62,3.63,146432402,533173665.53
2025-06-11,sz.003816,3.63,3.66,3.62,3.64,94719434,345033732.76
2025-06-12,sz.003816,3.64,3.65,3.6,3.61,122086931,441336044.09
2025-06-13,sz.003816,3.61,3.67,3.6,3.66,184907731,673985406.07
2025-06-16,sz.003816,3.66,3.68,3.63,3.64,108823814,396687612.82
2025-06-17,sz.003816,3.64,3.72,3.63,3.7,175004103,643869907.5
2025-06-18,sz.003816,3.71,3.78,3.7,3.77,238593818,894925299.85
2025-06-19,sz.003816,3.78,3.79,3.69,3.73,144300641,536854456.57
2025-06-20,sz.003816,3.72,3.75,3.69,3.69,106402480,395289907.88
2025-06-23,sz.003816,3.69,3.7,3.66,3.68,105633767,388580001.13
2025-06-24,sz.003816,3.68,3.69,3.66,3.67,138588437,508990296.89
2025-06-25,sz.003816,3.67,3.7,3.66,3.7,144286363,530967238.29
2025-06-26,sz.003816,3.7,3.72,3.67,3.68,106756498,394240652.64
2025-06-27,sz.003816,3.69,3.71,3.64,3.65,179235406,657811999.84
2025-06-30,sz.003816,3.65,3.66,3.63,3.64,119097648,433390317.63
2025-07-01,sz.003816,3.64,3.7,3.64,3.69,156896239,577354961.49
2025-07-02,sz.003816,3.7,3.73,3.68,3.72,128520693,476529758.06
2025-07-03,sz.003816,3.65,3.66,3.62,3.65,140751052,512690265.8
2025-07-04,sz.003816,3.65,3.68,3.64,3.66,113290461,415270685.74
2025-07-07,sz.003816,3.68,3.73,3.66,3.72,195963564,725042827.72
2025-07-08,sz.003816,3.73,3.73,3.67,3.72,185265662,684662699.7
2025-07-09,sz.003816,3.7,3.74,3.69,3.7,169503517,629512082.48
2025-07-10,sz.003816,3.71,3.74,3.69,3.7,120515350,447329970.5
2025-07-11,sz.003816,3.7,3.72,3.68,3.69,119335400,441699936.0
2025-07-14,sz.003816,3.71,3.78,3.7,3.74,181526379,680652762.79
2025-07-15,sz.003816,3.75,3.76,3.67,3.69,177293964,654812893.52
2025-07-16,sz.003816,3.69,3.7,3.66,3.67,100624884,369649881.6
2025-07-17,sz.003816,3.67,3.68,3.65,3.66,93603227,342094980.55
2025-07-18,sz.003816,3.66,3.7,3.65,3.69,148662392,546671576.32
2025-07-21,sz.003816,3.69,3.75,3.69,3.73,162491425,605770452.83
2025-07-22,sz.003816,3.73,3.78,3.71,3.78,205779349,772309349.73
2025-07-23,sz.003816,3.82,3.88,3.78,3.79,238644076,911564297.5
2025-07-24,sz.003816,3.8,3.81,3.75,3.8,150007184,567690604.82
2025-07-25,sz.003816,3.8,3.82,3.74,3.75,160299900,604971260.0
2025-07-28,sz.003816,3.75,3.76,3.73,3.74,105296445,393865748.01
2025-07-29,sz.003816,3.74,3.75,3.71,3.73,103629100,386223675.0
2025-07-30,sz.003816,3.74,3.82,3.73,3.78,196776145,744808950.42
2025-07-31,sz.003816,3.78,3.78,3.67,3.68,223015907,826719283.25
2025-08-01,sz.003816,3.68,3.72,3.66,3.67,125892708,464306356.08
2025-08-04,sz.003816,3.66,3.7,3.66,3.69,85801293,316099224.24
2025-08-05,sz.003816,3.69,3.71,3.68,3.7,77813380,287829309.45
2025-08-06,sz.003816,3.7,3.72,3.67,3.69,109956481,405570731.41
2025-08-07,sz.003816,3.7,3.7,3.68,3.7,78713852,290592411.88
2025-08-08,sz.003816,3.7,3.73,3.69,3.72,98966978,367721273.27
2025-08-11,sz.003816,3.72,3.73,3.67,3.69,109364832,403454161.08
2025-08-12,sz.003816,3.69,3.74,3.68,3.73,154049247,573316903.24
2025-08-13,sz.003816,3.74,3.76,3.71,3.72,107012631,399109107.93
2025-08-14,sz.003816,3.73,3.73,3.68,3.68,121181104,448463354.21
2025-08-15,sz.003816,3.68,3.69,3.66,3.69,132849984,488748984.12
2025-08-18,sz.003816,3.69,3.7,3.68,3.69,120017734,442653264.12
2025-08-19,sz.003816,3.69,3.7,3.66,3.67,127233004,467645107.82
2025-08-20,sz.003816,3.67,3.68,3.65,3.67,110874299,405918674.78
2025-08-21,sz.003816,3.67,3.71,3.66,3.7,160054599,591316694.94
2025-08-22,sz.003816,3.7,3.71,3.67,3.7,124299896,457555397.32
2025-08-25,sz.003816,3.7,3.84,3.7,3.82,362629954,1370145213.04
2025-08-26,sz.003816,3.83,3.83,3.78,3.81,191153052,726952790.12
2025-08-27,sz.003816,3.81,3.84,3.76,3.77,203168118,773761074.93
2025-08-28,sz.003816,3.79,3.82,3.74,3.82,210797600,798055698.0
2025-08-29,sz.003816,3.81,3.95,3.8,3.84,352726008,1367402490.28
2025-09-01,sz.003816,3.84,3.84,3.76,3.78,210972523,798485896.52
2025-09-02,sz.003816,3.78,3.8,3.75,3.79,150437625,568659309.5
2025-09-03,sz.003816,3.79,3.8,3.7,3.7,144190063,539748287.56
2025-09-04,sz.003816,3.71,3.72,3.63,3.67,204761157,749717643.11
2025-09-05,sz.003816,3.66,3.68,3.63,3.67,161144792,587907737.68
2025-09-08,sz.003816,3.67,3.72,3.66,3.7,144221080,533250131.69
2025-09-09,sz.003816,3.7,3.71,3.67,3.7,114434445,422261767.04
2025-09-10,sz.003816,3.7,3.74,3.68,3.73,150263518,557231926.7
2025-09-11,sz.003816,3.72,3.75,3.7,3.75,151320621,564339331.71
2025-09-12,sz.003816,3.75,3.76,3.7,3.72,131009125,489107387.75
2025-09-15,sz.003816,3.73,3.75,3.7,3.73,145034184,539848648.0
2025-09-16,sz.003816,3.73,3.74,3.69,3.71,105966449,392823751.9
2025-09-17,sz.003816,3.71,3.74,3.68,3.74,138246293,513707839.79
2025-09-18,sz.003816,3.73,3.74,3.67,3.69,151688455,561143956.85
2025-09-19,sz.003816,3.68,3.68,3.63,3.64,152413806,555881611.78
2025-09-22,sz.003816,3.64,3.65,3.58,3.6,148346755,534129027.24
2025-09-23,sz.003816,3.6,3.65,3.57,3.63,145771504,528160969.38
2025-09-24,sz.003816,3.63,3.67,3.62,3.64,111201839,404379933.77
2025-09-25,sz.003816,3.63,3.65,3.6,3.63,94066225,340141511.89
2025-09-26,sz.003816,3.62,3.64,3.61,3.63,89295844,323866003.9
2025-09-29,sz.003816,3.62,3.64,3.58,3.63,122608237,441989640.85
2025-09-30,sz.003816,3.63,3.63,3.6,3.62,75265300,271884716.0
2025-10-09,sz.003816,3.64,3.82,3.64,3.82,446060924,1672534002.13
2025-10-10,sz.003816,3.82,3.86,3.77,3.83,253609834,969829555.27
2025-10-13,sz.003816,3.78,3.85,3.74,3.83,259427573,984455039.81
2025-10-14,sz.003816,3.85,3.94,3.84,3.91,296462706,1157779105.05
2025-10-15,sz.003816,3.92,3.99,3.88,3.95,280262222,1104348054.44
2025-10-16,sz.003816,3.95,4.03,3.92,4.02,264720170,1058207441.24
2025-10-17,sz.003816,4.02,4.03,3.94,3.96,180671200,719199310.0
2025-10-20,sz.003816,3.96,4.0,3.88,4.0,225939837,892254263.09
2025-10-21,sz.003816,3.98,4.04,3.96,4.02,176474180,706971370.47
2025-10-22,sz.003816,4.01,4.07,4.0,4.05,166013573,672965856.35
2025-10-23,sz.003816,4.05,4.07,4.01,4.03,123855599,500439799.95
2025-10-24,sz.003816,4.02,4.03,3.96,3.99,151745915,605186528.96
2025-10-27,sz.003816,4.0,4.2,4.0,4.13,281043542,1159218765.88
2025-10-28,sz.003816,4.12,4.16,4.06,4.07,155773935,639276313.04
2025-10-29,sz.003816,4.05,4.12,4.02,4.09,137825054,561421468.38
2025-10-30,sz.003816,4.09,4.12,4.04,4.07,156706342,637732067.82
2025-10-31,sz.003816,4.06,4.07,3.93,3.94,205877914,816218451.2
2025-11-03,sz.003816,3.97,4.02,3.94,4.01,137040371,546172662.64
2025-11-04,sz.003816,4.01,4.05,3.98,3.99,119703395,480225031.15
2025-11-05,sz.003816,3.98,4.08,3.96,4.06,152827556,617074201.76
2025-11-06,sz.003816,4.08,4.15,4.07,4.11,152112300,626945539.95
2025-11-07,sz.003816,4.12,4.17,4.1,4.11,129289387,534573793.14
2025-11-10,sz.003816,4.12,4.15,4.08,4.11,115098700,473775458.0
2025-11-11,sz.003816,4.12,4.15,4.09,4.12,111108393,458014658.2
2025-11-12,sz.003816,4.12,4.14,4.09,4.13,125989250,519312414.5
2025-11-13,sz.003816,4.12,4.13,4.02,4.04,135358978,548340163.63
2025-11-14,sz.003816,4.03,4.06,3.99,4.0,102152000,410930992.0
2025-11-17,sz.003816,3.99,4.0,3.91,3.94,124642557,490693063.78
2025-11-18,sz.003816,3.94,3.95,3.88,3.91,102413586,400342430.76
2025-11-19,sz.003816,3.9,3.92,3.88,3.91,89958732,350619371.8
2025-11-20,sz.003816,3.91,3.94,3.88,3.89,95474191,373480973.5
2025-11-21,sz.003816,3.87,3.88,3.81,3.82,139454231,535968490.22
2025-11-24,sz.003816,3.84,3.85,3.76,3.77,155770351,589575498.27
2025-11-25,sz.003816,3.77,3.79,3.76,3.78,93732316,353661016.48
2025-11-26,sz.003816,3.77,3.79,3.76,3.78,90837737,342779529.68
2025-11-27,sz.003816,3.77,3.82,3.76,3.79,92842130,351787655.83
2025-11-28,sz.003816,3.8,3.8,3.74,3.77,110872831,417465945.87
2025-12-01,sz.003816,3.77,3.81,3.74,3.79,121900593,460006891.01
2025-12-02,sz.003816,3.79,3.83,3.78,3.8,93890747,356935910.96
2025-12-03,sz.003816,3.8,3.89,3.79,3.85,155593334,598126568.06
2025-12-04,sz.003816,3.85,3.87,3.81,3.83,93795431,360242113.4
2025-12-05,sz.003816,3.83,3.86,3.82,3.85,102866000,394944605.0
2025-12-08,sz.003816,3.86,3.88,3.8,3.8,129511225,495739725.0
2025-12-09,sz.003816,3.81,3.85,3.78,3.79,127498260,485326320.77
2025-12-10,sz.003816,3.79,3.83,3.78,3.81,94906293,361336185.33
2025-12-11,sz.003816,3.81,3.84,3.79,3.79,97641120,372738426.88
2025-12-12,sz.003816,3.8,3.86,3.78,3.85,137142541,525215714.14
2025-12-15,sz.003816,3.86,3.88,3.84,3.87,122922065,475030279.72
2025-12-16,sz.003816,3.87,3.88,3.81,3.83,119827015,459135266.73
2025-12-17,sz.003816,3.83,3.85,3.79,3.83,108757274,414709258.68
2025-12-18,sz.003816,3.82,3.85,3.8,3.83,68805773,263420069.55
2025-12-19,sz.003816,3.84,3.86,3.83,3.85,71896807,276663117.28
2025-12-22,sz.003816,3.85,3.86,3.83,3.84,85998428,330697152.41
2025-12-23,sz.003816,3.84,3.87,3.81,3.82,95050315,364839027.38
2025-12-24,sz.003816,3.82,3.85,3.81,3.84,85805447,328601228.48
2025-12-25,sz.003816,3.84,3.9,3.84,3.85,134776184,522247861.1
2025-12-26,sz.003816,3.86,3.87,3.84,3.86,83509973,322192468.78
2025-12-29,sz.003816,3.86,3.87,3.81,3.82,114442770,438254997.7
2025-12-30,sz.003816,3.81,3.82,3.75,3.76,175325750,660610651.14
2025-12-31,sz.003816,3.76,3.77,3.75,3.76,75373903,283211372.25
2026-01-05,sz.003816,3.76,3.78,3.75,3.77,105464694,397106392.71
2026-01-06,sz.003816,3.78,3.82,3.77,3.82,133326426,506616848.64
2026-01-07,sz.003816,3.82,3.89,3.81,3.85,136386861,525959411.86
2026-01-08,sz.003816,3.85,3.95,3.84,3.93,170753663,667153390.26
2026-01-09,sz.003816,3.93,3.93,3.88,3.9,135824589,529660336.48
2026-01-12,sz.003816,3.9,3.95,3.87,3.92,170315225,666257577.76
2026-01-13,sz.003816,3.93,3.94,3.87,3.88,169281800,660209893.95
2026-01-14,sz.003816,3.88,3.9,3.84,3.85,152627183,591150604.72
2026-01-15,sz.003816,3.84,3.86,3.82,3.83,106880695,409840058.9
2026-01-16,sz.003816,3.84,3.91,3.83,3.85,159853169,617781382.34
2026-01-19,sz.003816,3.85,3.9,3.83,3.88,137043664,531685964.0
2026-01-20,sz.003816,3.88,3.94,3.88,3.94,201405472,789312768.51
2026-01-21,sz.003816,3.93,3.95,3.88,3.88,146894594,572759999.9
2026-01-22,sz.003816,3.9,3.97,3.89,3.91,177109103,695179819.24
2026-01-23,sz.003816,3.91,3.92,3.87,3.88,151819646,589436244.02
2026-01-26,sz.003816,3.88,3.92,3.85,3.9,169924644,660650283.34
2026-01-27,sz.003816,3.89,3.89,3.83,3.84,161201350,620760643.84
2026-01-28,sz.003816,3.84,3.88,3.82,3.86,157672913,607861026.63
2026-01-29,sz.003816,3.86,3.86,3.78,3.85,197913513,755666250.18
2026-01-30,sz.003816,3.85,3.88,3.82,3.85,141813110,547045888.12
2026-02-02,sz.003816,3.87,3.94,3.85,3.87,249566006,972841536.28
2026-02-03,sz.003816,3.87,3.88,3.81,3.84,187806010,720641065.1
2026-02-04,sz.003816,3.84,3.93,3.83,3.92,283874729,1108815702.15
2026-02-05,sz.003816,3.92,3.95,3.9,3.92,158610529,622139014.77
2026-02-06,sz.003816,3.91,3.95,3.91,3.92,130624972,513057845.24
2026-02-09,sz.003816,3.93,3.95,3.91,3.92,106771002,418702224.55
2026-02-10,sz.003816,3.92,3.93,3.9,3.9,71565394,279906976.36
2026-02-11,sz.003816,3.91,3.92,3.88,3.89,78962472,307898905.08
2026-02-12,sz.003816,3.9,3.91,3.87,3.88,97874401,380845525.25
2026-02-13,sz.003816,3.87,3.88,3.83,3.83,152200690,585756391.7
2026-02-24,sz.003816,3.85,3.92,3.84,3.91,163096968,634342374.92
2026-02-25,sz.003816,3.91,3.94,3.9,3.91,145639408,570793622.68
2026-02-26,sz.003816,3.91,3.94,3.9,3.92,133950873,525666944.64
2026-02-27,sz.003816,3.93,3.98,3.92,3.95,272812462,1078511119.3
2026-03-02,sz.003816,3.95,4.09,3.94,4.06,271664146,1097133360.92
2026-03-03,sz.003816,4.06,4.1,4.01,4.02,249041931,1009129196.04
2026-03-04,sz.003816,4.01,4.08,3.95,4.05,238163709,960675860.78
2026-03-05,sz.003816,4.08,4.15,4.07,4.12,247373457,1017770927.63
2026-03-06,sz.003816,4.12,4.17,4.09,4.15,178000051,737345928.35
2026-03-09,sz.003816,4.17,4.25,4.16,4.17,263448143,1106243992.52
2026-03-10,sz.003816,4.15,4.26,4.11,4.23,230020162,967316377.3
2026-03-11,sz.003816,4.22,4.39,4.18,4.37,283881638,1221669052.52
2026-03-12,sz.003816,4.38,4.4,4.3,4.38,257989605,1124134340.49
2026-03-13,sz.003816,4.36,4.37,4.27,4.33,272211203,1177438281.69
2026-03-16,sz.003816,4.33,4.35,4.21,4.23,220296073,939086336.26
2026-03-17,sz.003816,4.23,4.26,4.14,4.16,181098162,759333108.3
2026-03-18,sz.003816,4.17,4.21,4.1,4.15,157117369,651291189.59
2026-03-19,sz.003816,4.13,4.2,4.11,4.13,158002527,655826519.86
2026-03-20,sz.003816,4.12,4.19,4.07,4.11,185142971,764580400.71
2026-03-23,sz.003816,4.12,4.24,4.09,4.2,418276147,1747433866.17
