date,code,open,high,low,close,volume,amount
2010-03-19,sz.300059,61.0,62.2,58.03,58.35,19737326,1182393994.95
2010-03-22,sz.300059,61.1,64.19,60.26,64.19,11010362,693595698.54
2010-03-23,sz.300059,63.0,65.66,62.52,65.1,8552214,547135876.47
2010-03-24,sz.300059,65.18,71.49,64.64,68.69,7253024,491778563.25
2010-03-25,sz.300059,68.68,71.6,68.02,69.78,6022514,419010108.85
2010-03-26,sz.300059,68.9,69.6,67.0,68.5,4315433,295658719.38
2010-03-29,sz.300059,68.71,74.49,67.01,73.56,6768558,476779869.52
2010-03-30,sz.300059,73.0,79.8,72.55,79.0,4833058,366877102.45
2010-03-31,sz.300059,78.88,86.9,78.0,86.72,5881164,493669145.55
2010-04-01,sz.300059,87.1,94.0,85.3,86.59,6147886,553713289.42
2010-04-02,sz.300059,85.2,90.58,85.18,88.49,4970156,436542448.34
2010-04-06,sz.300059,89.5,97.34,88.51,97.34,4851636,450479396.69
2010-04-07,sz.300059,97.32,101.98,96.0,101.9,4694537,464443838.81
2010-04-08,sz.300059,100.0,101.3,91.71,91.71,6201852,596345710.09
2010-04-09,sz.300059,89.98,97.8,88.0,96.96,5894276,543470804.67
2010-04-12,sz.300059,95.02,96.0,87.95,90.85,5608177,515284827.11
2010-04-13,sz.300059,89.66,89.66,81.77,81.77,7863741,660275907.13
2010-04-14,sz.300059,80.41,83.19,79.01,81.61,4252674,345359339.86
2010-04-15,sz.300059,81.3,81.3,74.81,78.2,5392971,419930743.23
2010-04-16,sz.300059,76.75,80.45,76.72,78.18,3939987,310581775.12
2010-04-19,sz.300059,77.48,81.07,76.0,77.0,3357242,264804097.74
2010-04-20,sz.300059,77.66,78.0,70.77,72.95,3617104,263841874.33
2010-04-21,sz.300059,71.9,75.79,71.6,75.32,3463982,257638303.97
2010-04-22,sz.300059,74.5,79.7,74.0,78.18,4057484,314914396.73
2010-04-23,sz.300059,77.6,79.22,74.5,75.0,3069443,235719350.43
2010-04-27,sz.300059,70.0,73.47,69.69,71.12,3350742,238193365.8
2010-04-28,sz.300059,69.0,70.88,65.71,67.59,3072591,210769144.2
2010-04-29,sz.300059,68.48,70.09,66.5,66.7,2079992,142795993.38
2010-04-30,sz.300059,67.01,69.97,63.0,69.12,2672599,177296125.32
2010-05-04,sz.300059,67.53,70.77,67.0,68.31,1910436,131906979.24
2010-05-05,sz.300059,67.4,71.47,67.0,71.4,2323656,162598119.45
2010-05-06,sz.300059,70.66,71.36,67.01,67.08,2527632,174490780.63
2010-05-07,sz.300059,64.0,66.5,63.89,64.2,1811442,118088745.25
2010-05-10,sz.300059,63.5,64.5,59.2,62.0,2253290,139243416.58
2010-05-11,sz.300059,63.6,63.6,59.0,59.2,1731674,105984955.49
2010-05-12,sz.300059,58.48,61.0,57.18,60.3,2034523,121279196.37
2010-05-13,sz.300059,60.6,60.9,57.28,60.8,2055246,122642068.95
2010-05-14,sz.300059,60.4,62.3,59.0,61.9,1800793,109597254.21
2010-05-17,sz.300059,60.5,61.29,57.0,57.02,1840558,109859693.53
2010-05-19,sz.300059,57.65,62.7,57.5,60.51,3408179,204465034.53
2010-05-20,sz.300059,59.6,62.26,59.4,59.81,2146289,130206252.45
2010-05-21,sz.300059,57.4,65.58,57.32,65.01,3815531,234765646.47
2010-05-24,sz.300059,65.2,68.87,64.44,67.4,3784420,253788860.31
2010-05-25,sz.300059,66.9,67.6,65.0,66.6,2585120,171240117.66
2010-05-26,sz.300059,66.7,67.18,64.4,64.69,1885669,123469619.1
2010-05-27,sz.300059,64.65,67.16,62.9,66.63,2277169,148505227.36
2010-05-28,sz.300059,67.23,67.6,65.0,65.7,1745490,115605939.31
2010-05-31,sz.300059,65.47,66.22,62.75,62.75,1984872,128437838.93
2010-06-01,sz.300059,61.9,62.1,57.36,59.73,2065169,123248385.86
2010-06-02,sz.300059,59.55,61.7,58.52,61.7,1274025,76675377.75
2010-06-03,sz.300059,61.88,63.57,60.0,60.25,1881968,116899314.24
2010-06-04,sz.300059,59.9,62.1,59.2,61.9,1625829,98284003.25
2010-06-07,sz.300059,60.0,66.25,59.21,65.73,3551736,227021034.06
2010-06-08,sz.300059,65.73,65.88,63.7,64.7,2229152,144167689.17
2010-06-09,sz.300059,64.75,68.5,64.75,65.99,3583305,239428304.16
2010-06-10,sz.300059,65.9,68.48,65.4,68.02,2957981,199165319.85
2010-06-11,sz.300059,69.24,73.95,68.55,70.75,4584597,324381588.8
2010-06-17,sz.300059,71.2,71.46,64.92,65.24,3091571,210062111.36
2010-06-18,sz.300059,64.4,64.98,60.37,61.15,2129752,132646253.1
2010-06-21,sz.300059,60.5,62.88,57.38,62.46,5267999,318074261.22
2010-06-22,sz.300059,61.38,63.86,61.18,62.12,2912447,182936904.23
2010-06-23,sz.300059,61.6,65.45,61.45,65.05,3146801,199799449.44
2010-06-24,sz.300059,64.6,65.87,63.85,64.35,2140219,138432198.83
2010-06-25,sz.300059,63.75,65.2,60.8,62.75,2547322,160943335.54
2010-06-28,sz.300059,62.31,63.45,60.5,60.8,2376031,146043226.39
2010-06-29,sz.300059,60.6,61.24,54.8,54.8,4069436,233514061.41
2010-06-30,sz.300059,53.33,54.85,52.1,54.14,2315163,122917618.09
2010-07-01,sz.300059,53.5,54.48,51.5,51.52,2104582,110628026.45
2010-07-02,sz.300059,51.8,52.0,47.65,50.78,2489661,124095768.05
2010-07-05,sz.300059,49.5,49.89,47.51,48.87,1615465,78789631.46
2010-07-06,sz.300059,48.51,50.99,48.01,50.35,1975819,99099808.49
2010-07-07,sz.300059,50.38,51.45,49.38,51.31,1884667,95096559.04
2010-07-08,sz.300059,51.66,51.9,49.61,50.92,1813124,92300887.68
2010-07-09,sz.300059,50.77,52.86,49.9,52.38,2006292,103943918.66
2010-07-12,sz.300059,52.39,53.0,51.89,52.29,1457551,76217098.52
2010-07-13,sz.300059,51.9,51.9,49.77,51.0,1747745,88670058.36
2010-07-14,sz.300059,51.38,52.0,50.66,50.98,1302915,66841904.1
2010-07-15,sz.300059,50.98,51.39,49.0,49.29,1214523,61103013.27
2010-07-16,sz.300059,49.02,49.65,48.04,49.3,1073261,52302745.09
2010-07-19,sz.300059,48.51,50.98,48.51,50.59,1129017,56313888.49
2010-07-20,sz.300059,50.59,52.38,50.59,52.31,1682530,87048272.68
2010-07-21,sz.300059,52.5,53.8,51.95,52.06,2331813,122990026.93
2010-07-22,sz.300059,51.8,52.66,51.12,52.4,1513430,78602833.89
2010-07-23,sz.300059,52.68,53.65,52.05,52.96,1854666,98039040.08
2010-07-26,sz.300059,53.05,53.47,51.8,52.7,1667340,87557680.12
2010-07-27,sz.300059,52.64,52.64,51.8,52.02,1620902,84574586.15
2010-07-28,sz.300059,51.99,53.46,51.69,53.38,2773992,146064176.32
2010-07-29,sz.300059,53.32,54.21,53.01,53.45,2393199,128362359.95
2010-07-30,sz.300059,53.49,53.55,52.12,53.2,1789280,94556067.2
2010-08-02,sz.300059,52.99,56.0,52.7,55.88,2962031,162476569.96
2010-08-03,sz.300059,55.9,56.07,54.09,54.09,2480842,136444310.86
2010-08-04,sz.300059,54.21,54.69,52.8,53.77,1809606,96642935.08
2010-08-05,sz.300059,53.77,55.15,53.6,54.36,2081678,113334003.17
2010-08-06,sz.300059,54.6,55.5,53.29,55.34,2293000,125034853.4
2010-08-09,sz.300059,55.85,57.37,55.35,56.96,3112577,175659050.28
2010-08-10,sz.300059,56.99,57.3,53.9,54.0,2616263,145657768.78
2010-08-11,sz.300059,54.5,54.7,53.7,54.47,1246729,67487364.14
2010-08-12,sz.300059,53.62,54.5,53.51,53.6,1377790,74354512.31
2010-08-13,sz.300059,53.58,54.99,53.23,54.83,1612344,87498177.8
2010-08-16,sz.300059,54.99,56.22,54.83,55.83,1708892,94890692.51
2010-08-17,sz.300059,55.88,56.4,54.75,55.25,2181315,120645876.87
2010-08-18,sz.300059,55.5,55.68,54.6,54.98,1312838,72183981.07
2010-08-19,sz.300059,54.92,55.16,54.01,54.64,1606043,87801268.22
2010-08-20,sz.300059,54.8,54.85,50.88,51.35,3010062,158908256.57
2010-08-23,sz.300059,51.4,51.88,50.4,50.69,2058878,105005108.65
2010-08-24,sz.300059,50.21,51.69,50.1,51.4,1188034,60763628.59
2010-08-25,sz.300059,51.0,51.3,49.65,49.75,1242870,62629716.32
2010-08-26,sz.300059,49.9,50.38,49.71,50.18,794636,39738014.25
2010-08-27,sz.300059,50.02,51.0,49.72,51.0,1020692,51510297.26
2010-08-30,sz.300059,51.39,52.3,51.03,51.92,1302242,67480792.1
2010-08-31,sz.300059,51.69,52.0,51.02,51.79,1345929,69170500.85
2010-09-01,sz.300059,51.8,51.9,49.7,50.01,1632169,82802519.71
2010-09-02,sz.300059,50.46,52.2,50.0,52.2,2168872,111208601.7
2010-09-03,sz.300059,52.1,54.76,52.0,53.99,3743581,201656824.12
2010-09-06,sz.300059,54.2,55.2,52.22,52.68,2147163,114913094.98
2010-09-07,sz.300059,52.5,54.08,52.48,53.98,1425296,76487580.12
2010-09-08,sz.300059,53.8,53.8,52.68,53.4,1250009,66539675.0
2010-09-09,sz.300059,53.6,54.8,52.81,53.07,1862064,100254541.47
2010-09-10,sz.300059,53.08,53.4,51.2,52.19,1482090,77367419.67
2010-09-13,sz.300059,51.83,53.44,50.0,53.0,1166904,61580223.42
2010-09-14,sz.300059,52.7,53.19,51.58,51.83,1077407,56265738.63
2010-09-15,sz.300059,51.8,52.29,49.5,49.65,1384187,69583432.54
2010-09-16,sz.300059,49.65,50.11,48.21,48.55,1145599,56132825.22
2010-09-17,sz.300059,48.67,49.34,48.58,48.97,524929,25713286.14
2010-09-20,sz.300059,49.45,49.48,47.11,47.26,1261034,60362528.83
2010-09-21,sz.300059,47.78,47.79,46.28,46.5,546188,25485911.56
2010-09-27,sz.300059,46.65,47.21,46.19,47.05,561063,26267591.42
2010-09-29,sz.300059,46.7,46.9,45.6,45.61,929008,43011099.13
2010-09-30,sz.300059,45.61,46.95,45.31,46.58,555999,25625531.68
2010-10-08,sz.300059,46.83,48.06,46.71,47.56,688676,32704386.02
2010-10-11,sz.300059,47.6,48.34,47.25,47.8,1076942,51534926.29
2010-10-12,sz.300059,47.8,49.36,47.6,48.2,796646,38641616.34
2010-10-13,sz.300059,48.2,48.59,47.28,48.58,1003038,47946622.35
2010-10-14,sz.300059,48.6,50.39,48.3,49.15,1775744,88078454.85
2010-10-15,sz.300059,48.5,48.83,47.46,48.25,1303597,62640975.37
2010-10-18,sz.300059,47.7,48.18,46.13,47.19,984172,46157801.92
2010-10-19,sz.300059,47.05,51.91,47.05,51.91,2860321,144606826.28
2010-10-20,sz.300059,53.49,54.8,52.0,52.8,4345659,231518563.39
2010-10-21,sz.300059,52.77,52.77,50.01,51.01,1996603,102537620.27
2010-10-22,sz.300059,50.77,53.15,50.63,51.76,1881317,98113195.45
2010-10-25,sz.300059,51.82,52.99,51.82,52.67,1909329,100198003.25
2010-10-26,sz.300059,52.95,52.95,50.91,51.69,1503813,77622345.73
2010-10-27,sz.300059,51.65,52.3,50.9,51.16,881611,45403832.9
2010-10-28,sz.300059,51.11,51.65,50.78,51.4,867533,44435703.03
2010-10-29,sz.300059,51.8,54.6,51.58,53.03,2220183,118331526.98
2010-11-01,sz.300059,53.47,54.89,52.8,53.7,2353214,126621234.91
2010-11-02,sz.300059,56.96,59.07,55.19,59.07,6673787,382208920.08
2010-11-03,sz.300059,58.0,59.5,55.75,55.77,3265783,186919881.94
2010-11-04,sz.300059,56.3,57.6,55.6,56.74,2017680,113934905.41
2010-11-05,sz.300059,57.02,58.57,56.1,57.88,1901078,108965771.99
2010-11-08,sz.300059,58.7,58.7,57.58,57.83,1649378,95632722.88
2010-11-09,sz.300059,57.8,58.49,56.43,56.7,1492293,85544916.89
2010-11-10,sz.300059,56.98,58.5,56.0,58.0,1624573,93853482.95
2010-11-11,sz.300059,57.88,60.3,57.0,58.88,2291073,135015991.83
2010-11-12,sz.300059,58.25,59.5,55.0,55.07,1998194,114397582.46
2010-11-15,sz.300059,55.66,57.9,55.01,57.9,1812503,102782618.12
2010-11-16,sz.300059,57.94,59.9,55.5,55.97,1883463,108955636.06
2010-11-17,sz.300059,55.03,55.98,52.0,52.5,1493363,80312473.74
2010-11-18,sz.300059,52.74,53.47,52.42,53.15,744292,39355109.05
2010-11-19,sz.300059,53.36,54.5,52.82,54.48,1123687,60305270.06
2010-11-22,sz.300059,54.65,56.88,54.48,55.77,1619324,90430435.76
2010-11-23,sz.300059,55.5,55.52,53.0,54.78,1238804,67024827.67
2010-11-24,sz.300059,53.81,56.78,53.81,56.28,976593,54455530.96
2010-11-25,sz.300059,56.95,57.45,55.7,56.68,1304608,73915145.52
2010-11-26,sz.300059,56.69,58.69,56.04,57.68,1643429,94728230.57
2010-11-29,sz.300059,57.7,58.18,55.78,56.84,1020835,57819069.13
2010-11-30,sz.300059,56.88,57.19,52.78,54.16,1421555,77214181.86
2010-12-01,sz.300059,54.0,54.0,52.7,53.1,908349,48390883.57
2010-12-02,sz.300059,53.88,53.97,53.28,53.39,582507,31203919.61
2010-12-03,sz.300059,53.68,53.9,51.72,52.55,674983,35431600.86
2010-12-06,sz.300059,52.23,52.86,51.22,51.7,595864,30940602.63
2010-12-07,sz.300059,51.2,52.8,51.2,52.61,366714,19159643.33
2010-12-08,sz.300059,52.85,52.85,51.88,52.4,449325,23538162.17
2010-12-10,sz.300059,51.98,53.98,51.4,53.71,1048474,56033806.96
2010-12-13,sz.300059,55.21,57.98,55.2,55.9,1909194,107741905.68
2010-12-14,sz.300059,55.65,59.59,55.0,58.8,3514561,203426247.47
2010-12-15,sz.300059,58.34,59.3,57.3,58.12,2205703,128499349.17
2010-12-16,sz.300059,58.0,61.3,57.6,58.91,2379979,142859290.55
2010-12-17,sz.300059,58.51,59.5,57.0,58.3,1183053,68573905.46
2010-12-20,sz.300059,58.35,58.35,54.28,55.89,1463761,82680979.99
2010-12-21,sz.300059,55.93,56.88,55.6,56.43,667145,37645554.03
2010-12-22,sz.300059,56.43,57.48,55.81,56.0,729085,41110962.78
2010-12-23,sz.300059,55.85,56.37,54.35,54.67,648028,36023884.06
2010-12-24,sz.300059,54.3,54.88,53.0,53.75,603547,32466959.34
2010-12-27,sz.300059,53.76,54.88,51.95,52.25,551462,29590932.02
2010-12-28,sz.300059,51.79,52.97,51.5,52.3,396961,20754208.08
2010-12-29,sz.300059,52.98,52.98,52.01,52.88,340474,17878090.59
2010-12-30,sz.300059,52.81,53.2,52.42,52.76,471271,24877438.83
2010-12-31,sz.300059,52.61,53.47,52.0,53.25,394704,20872491.41
2011-01-04,sz.300059,53.2,53.94,53.03,53.85,591309,31641943.13
2011-01-05,sz.300059,53.85,54.45,53.33,53.59,522595,28121568.14
2011-01-06,sz.300059,53.79,53.79,52.4,52.41,477306,25189214.49
2011-01-07,sz.300059,52.03,53.08,52.03,52.32,315090,16561562.55
2011-01-10,sz.300059,51.71,52.96,51.49,51.55,387682,20119154.81
2011-01-11,sz.300059,51.57,51.86,49.8,50.1,478861,24143864.81
2011-01-12,sz.300059,50.08,50.76,49.88,50.25,491465,24669984.94
2011-01-13,sz.300059,50.51,50.74,49.0,49.66,399247,19846854.59
2011-01-14,sz.300059,49.6,49.72,48.1,48.2,377790,18411836.76
2011-01-17,sz.300059,48.11,48.19,46.41,46.86,357431,16896168.77
2011-01-18,sz.300059,46.86,47.2,46.3,47.0,191379,8970878.05
2011-01-19,sz.300059,47.0,47.68,46.87,47.6,308561,14624731.06
2011-01-20,sz.300059,47.65,47.76,45.6,45.72,316040,14705962.84
2011-01-21,sz.300059,45.7,46.67,45.7,46.17,226856,10465148.95
2011-01-24,sz.300059,46.22,46.6,45.18,45.68,184530,8437348.37
2011-01-25,sz.300059,45.9,45.97,45.19,45.41,147987,6712897.61
2011-01-27,sz.300059,45.55,46.39,45.45,46.18,568557,26099035.18
2011-01-28,sz.300059,46.31,46.87,45.88,46.06,936439,43200928.28
2011-01-31,sz.300059,46.06,46.45,45.58,46.29,624846,28823919.89
2011-02-01,sz.300059,46.49,46.74,46.08,46.37,317965,14719825.04
2011-02-09,sz.300059,46.0,46.17,45.11,45.46,500014,22859598.5
2011-02-10,sz.300059,45.36,48.1,45.36,47.17,963479,45338851.68
2011-02-11,sz.300059,47.19,47.49,46.84,47.2,658926,31072632.63
2011-02-14,sz.300059,47.25,50.5,47.2,49.65,1057572,51392753.14
2011-02-15,sz.300059,49.26,49.89,48.8,48.95,758581,37377027.61
2011-02-16,sz.300059,48.86,49.39,48.6,49.3,429722,21051652.01
2011-02-17,sz.300059,49.19,49.85,48.75,49.32,525063,25886497.35
2011-02-18,sz.300059,49.33,49.33,47.78,48.06,571807,27633024.92
2011-02-21,sz.300059,48.05,48.75,47.7,48.69,535049,25776191.28
2011-02-22,sz.300059,48.58,48.63,46.88,46.89,618570,29464090.19
2011-02-23,sz.300059,46.5,47.47,46.26,47.28,558047,26264215.62
2011-02-24,sz.300059,47.06,47.95,47.06,47.7,473914,22544062.61
2011-02-25,sz.300059,47.9,48.73,47.7,48.38,997175,48120648.61
2011-02-28,sz.300059,47.98,47.98,47.11,47.74,1094325,51983284.76
2011-03-01,sz.300059,47.67,47.77,47.26,47.77,575465,27385508.93
2011-03-02,sz.300059,47.7,47.7,46.46,46.99,676990,31766474.28
2011-03-03,sz.300059,46.99,47.2,46.28,46.29,507013,23655416.57
2011-03-04,sz.300059,46.48,46.63,45.43,46.43,563778,26000455.63
2011-03-07,sz.300059,46.48,46.98,46.48,46.86,562817,26296668.27
2011-03-08,sz.300059,46.88,47.68,46.65,47.4,523774,24721530.21
2011-03-09,sz.300059,47.62,47.62,46.86,47.09,477270,22458085.73
2011-03-10,sz.300059,47.09,47.99,46.87,47.2,901037,42741875.37
2011-03-11,sz.300059,46.9,47.68,46.8,47.25,762451,36117058.42
2011-03-14,sz.300059,46.92,47.11,46.21,46.65,673830,31368368.08
2011-03-15,sz.300059,46.65,46.87,45.5,45.82,643515,29541457.7
2011-03-16,sz.300059,45.81,46.32,45.8,46.28,408323,18840997.45
2011-03-17,sz.300059,46.2,46.2,45.65,45.73,567327,26002049.28
2011-03-18,sz.300059,46.01,46.28,45.92,46.13,350213,16154794.9
2011-03-21,sz.300059,45.99,46.1,44.57,45.0,1274568,57642474.71
2011-03-22,sz.300059,45.0,45.12,44.5,44.55,797992,35623104.79
2011-03-23,sz.300059,44.55,44.55,42.86,43.0,4348619,187839444.06
2011-03-24,sz.300059,43.08,43.21,42.95,43.2,2505624,107898588.59
2011-03-25,sz.300059,43.0,43.18,42.98,43.0,1956715,84235575.74
2011-03-28,sz.300059,43.04,43.18,42.68,43.02,1650904,70842983.54
2011-03-29,sz.300059,42.98,42.98,41.51,41.59,1793797,75359578.81
2011-03-30,sz.300059,41.63,41.99,41.22,41.3,862495,35782459.95
2011-03-31,sz.300059,41.48,42.38,41.46,42.01,1522116,64090556.62
2011-04-01,sz.300059,42.01,42.09,41.5,42.09,706007,29503135.03
2011-04-06,sz.300059,42.01,42.39,41.54,42.39,1216905,51034080.8
2011-04-07,sz.300059,42.4,42.66,42.1,42.55,910767,38606269.09
2011-04-08,sz.300059,42.47,42.68,42.2,42.54,922407,39244075.79
2011-04-11,sz.300059,42.68,42.7,41.51,41.53,1077184,45157281.52
2011-04-12,sz.300059,41.38,41.9,41.33,41.5,593254,24647645.23
2011-04-13,sz.300059,41.5,41.92,41.49,41.89,855997,35769946.1
2011-04-14,sz.300059,41.82,41.96,41.44,41.52,673856,28040000.78
2011-04-15,sz.300059,41.53,41.67,41.1,41.28,773049,31938921.54
2011-04-18,sz.300059,41.25,41.45,40.59,40.62,876172,35756654.85
2011-04-19,sz.300059,40.6,40.6,39.23,39.41,1232828,48888949.59
2011-04-20,sz.300059,39.28,39.99,39.28,39.83,1029433,40794531.47
2011-04-21,sz.300059,39.98,40.27,39.6,40.0,942556,37655418.43
2011-04-22,sz.300059,40.02,42.5,40.02,42.0,2848029,117138652.17
2011-04-25,sz.300059,42.1,42.1,40.86,40.99,1513877,62400852.89
2011-04-27,sz.300059,40.79,42.45,40.05,40.6,2825709,117510625.71
2011-04-28,sz.300059,40.5,40.58,36.54,37.1,2127448,80903419.82
2011-04-29,sz.300059,36.9,37.99,36.8,37.33,987598,36829936.13
2011-05-03,sz.300059,37.4,37.9,36.82,37.64,526703,19664305.94
2011-05-04,sz.300059,37.6,37.9,36.5,37.05,728862,27152662.12
2011-05-05,sz.300059,37.13,39.15,36.51,37.95,1124651,42923253.69
2011-05-06,sz.300059,37.75,38.8,37.54,38.5,849785,32628147.51
2011-05-09,sz.300059,38.78,39.5,38.2,38.58,517398,20073458.89
2011-05-10,sz.300059,38.62,39.06,38.45,38.92,690282,26754422.08
2011-05-11,sz.300059,38.91,39.19,38.52,39.02,635742,24715806.92
2011-05-12,sz.300059,39.02,39.38,37.36,37.4,761262,29294535.44
2011-05-13,sz.300059,37.43,37.93,36.7,37.72,562013,21090438.75
2011-05-16,sz.300059,37.57,38.44,37.57,37.78,499869,19022818.09
2011-05-17,sz.300059,38.07,38.07,37.24,37.65,283794,10670179.64
2011-05-18,sz.300059,37.5,38.05,37.2,37.59,378091,14233770.95
2011-05-19,sz.300059,37.8,37.81,36.81,36.84,409080,15252829.11
2011-05-20,sz.300059,36.7,37.0,35.9,36.88,836476,30400519.45
2011-05-23,sz.300059,36.5,36.6,35.21,35.6,760678,27241063.71
2011-05-24,sz.300059,35.48,36.84,33.88,36.0,1874346,66543238.06
2011-05-26,sz.300059,34.88,35.97,34.41,34.7,1182932,41392074.47
2011-05-27,sz.300059,34.5,34.7,33.89,33.89,666385,22788361.9
2011-05-30,sz.300059,33.52,34.99,33.52,34.31,1282641,44321496.83
2011-05-31,sz.300059,34.4,34.91,34.02,34.75,547939,18907790.84
2011-06-01,sz.300059,34.95,35.05,34.6,34.88,501205,17443350.2
2011-06-02,sz.300059,34.49,34.49,33.68,34.0,573871,19526221.68
2011-06-03,sz.300059,34.0,34.6,33.95,34.48,491151,16878853.55
2011-06-07,sz.300059,22.58,22.93,22.5,22.7,517929,11775249.7
2011-06-08,sz.300059,22.66,22.85,21.79,22.33,811937,17995880.51
2011-06-09,sz.300059,22.18,23.11,22.12,22.5,1891233,42891841.24
2011-06-10,sz.300059,22.31,22.48,21.68,22.24,968168,21331425.76
2011-06-13,sz.300059,22.02,23.07,21.8,22.81,1341857,30397668.51
2011-06-14,sz.300059,22.81,23.2,22.63,23.08,1531894,35196455.73
2011-06-15,sz.300059,22.95,23.49,22.71,22.75,1334739,30868103.72
2011-06-16,sz.300059,22.46,22.56,22.0,22.01,802117,17871666.43
2011-06-17,sz.300059,22.02,22.3,21.68,21.9,499286,10992281.05
2011-06-20,sz.300059,21.87,22.08,21.65,21.84,440763,9622079.15
2011-06-21,sz.300059,21.88,22.4,21.74,22.31,872798,19296217.3
2011-06-22,sz.300059,22.7,23.47,22.6,22.6,2155194,49484681.05
2011-06-23,sz.300059,22.65,23.29,22.0,23.17,2465230,56540490.69
2011-06-24,sz.300059,23.0,23.75,22.92,23.47,2775247,64790830.46
2011-06-27,sz.300059,23.4,23.84,23.23,23.51,1671383,39411261.58
2011-06-28,sz.300059,23.62,23.63,23.1,23.29,1298340,30288566.45
2011-06-29,sz.300059,23.47,23.8,22.88,22.91,1152390,26840564.08
2011-06-30,sz.300059,22.91,23.25,22.81,23.09,1046095,24147222.14
2011-07-01,sz.300059,23.17,23.49,23.01,23.18,1175239,27323132.83
2011-07-04,sz.300059,23.39,23.79,23.2,23.72,1700694,40018631.37
2011-07-05,sz.300059,24.12,24.48,23.75,24.01,3650661,87853080.1
2011-07-06,sz.300059,23.8,24.0,23.68,23.89,1556276,37051136.7
2011-07-07,sz.300059,23.89,24.7,23.85,24.22,3145658,76533703.79
2011-07-08,sz.300059,24.16,24.68,24.16,24.38,2083249,50822347.86
2011-07-11,sz.300059,24.28,24.48,24.02,24.38,1203728,29258760.67
2011-07-12,sz.300059,24.26,24.98,23.75,24.5,4449143,109075891.65
2011-07-13,sz.300059,24.31,24.85,24.15,24.71,2793506,68618492.05
2011-07-14,sz.300059,24.78,26.07,24.7,25.84,4825198,123094785.16
2011-07-15,sz.300059,25.7,26.45,25.61,25.88,3779761,98251101.52
2011-07-18,sz.300059,25.9,26.16,25.1,25.3,3061577,78497670.0
2011-07-19,sz.300059,25.3,25.39,24.7,24.92,1784219,44480546.29
2011-07-20,sz.300059,24.98,25.28,24.83,25.12,1342971,33629557.55
2011-07-21,sz.300059,25.12,25.12,24.24,24.31,2057110,50368875.13
2011-07-22,sz.300059,24.39,24.55,24.18,24.32,1127132,27460770.32
2011-07-25,sz.300059,24.2,24.24,23.4,23.41,1918658,45586302.78
2011-07-26,sz.300059,23.35,23.63,23.11,23.46,1054581,24590552.16
2011-07-27,sz.300059,23.5,24.1,23.23,24.04,1741696,41418620.94
2011-07-28,sz.300059,23.8,24.17,23.66,24.0,1296087,30961551.63
2011-07-29,sz.300059,23.87,24.35,23.53,23.62,1292905,30959085.32
2011-08-01,sz.300059,23.5,24.96,23.3,24.55,2238732,54564204.21
2011-08-02,sz.300059,24.5,24.96,23.9,24.91,1961851,47865349.05
2011-08-03,sz.300059,24.69,25.82,24.52,25.5,3458039,87775826.19
2011-08-04,sz.300059,25.52,25.65,24.99,25.07,2154957,54351083.6
2011-08-05,sz.300059,24.28,24.37,23.88,24.06,2221305,53599537.9
2011-08-08,sz.300059,23.8,23.96,22.1,22.48,2146625,49310130.8
2011-08-09,sz.300059,21.69,22.57,21.51,22.3,1557216,34441017.72
2011-08-10,sz.300059,22.52,23.07,22.52,22.67,1256710,28689400.61
2011-08-11,sz.300059,21.71,23.45,21.71,23.22,1415219,32302867.43
2011-08-12,sz.300059,23.35,23.84,23.3,23.48,1544618,36337340.41
2011-08-15,sz.300059,23.55,24.7,23.33,24.45,2339810,56743621.66
2011-08-16,sz.300059,24.31,24.54,24.03,24.1,1174752,28459098.18
2011-08-17,sz.300059,24.04,24.35,23.94,24.11,1027314,24795247.1
2011-08-18,sz.300059,23.98,24.34,23.42,23.5,1204291,28805449.64
2011-08-19,sz.300059,22.8,23.23,22.69,23.17,894215,20590894.37
2011-08-22,sz.300059,23.29,24.3,23.25,23.68,1254122,29929360.75
2011-08-23,sz.300059,23.91,24.85,23.75,24.8,2441631,59903147.77
2011-08-24,sz.300059,24.99,25.5,24.67,24.68,3103989,77804382.47
2011-08-25,sz.300059,24.53,25.48,24.36,25.34,3220945,80823961.51
2011-08-26,sz.300059,25.25,25.66,25.01,25.63,3018603,76878672.07
2011-08-29,sz.300059,25.6,25.65,25.22,25.28,2067358,52567494.48
2011-08-30,sz.300059,25.11,25.46,24.51,24.56,1929921,48307357.47
2011-08-31,sz.300059,24.52,24.76,24.17,24.37,1014843,24789264.02
2011-09-01,sz.300059,24.33,24.8,24.18,24.31,998253,24467648.54
2011-09-02,sz.300059,24.31,24.58,23.78,23.8,960016,23147294.48
2011-09-05,sz.300059,23.52,23.52,22.95,23.0,1275465,29575693.5
2011-09-06,sz.300059,22.56,23.26,22.56,23.2,729967,16763961.89
2011-09-07,sz.300059,23.15,23.7,23.1,23.63,707303,16557987.11
2011-09-08,sz.300059,23.63,23.77,23.03,23.06,586738,13779308.79
2011-09-09,sz.300059,23.1,23.39,22.76,22.91,476895,10983003.4
2011-09-13,sz.300059,22.77,23.2,22.3,23.16,898927,20534693.46
2011-09-14,sz.300059,23.27,23.55,22.49,22.99,2668207,61365670.76
2011-09-15,sz.300059,23.1,23.21,22.65,22.71,1083840,24867943.98
2011-09-16,sz.300059,22.99,23.25,22.71,22.72,909249,20872953.27
2011-09-19,sz.300059,22.72,22.72,21.64,21.73,1120318,24649447.87
2011-09-20,sz.300059,21.74,22.04,21.55,21.82,543930,11847239.93
2011-09-21,sz.300059,21.8,22.6,21.74,22.51,1076205,24038082.16
2011-09-22,sz.300059,22.38,22.52,21.73,21.73,741212,16418225.77
2011-09-23,sz.300059,21.5,21.6,20.95,21.2,1272629,26925695.78
2011-09-26,sz.300059,21.0,21.38,20.58,20.66,960177,20071948.65
2011-09-27,sz.300059,20.83,21.13,20.67,20.89,622244,13005819.89
2011-09-28,sz.300059,21.06,21.18,20.36,20.5,484778,10079143.24
2011-09-29,sz.300059,20.61,20.61,19.78,19.8,928854,18685543.38
2011-09-30,sz.300059,19.73,19.96,19.3,19.62,1053970,20593073.35
2011-10-10,sz.300059,19.8,19.86,19.55,19.76,347012,6834628.07
2011-10-11,sz.300059,20.38,20.58,19.3,19.55,736845,14703108.69
2011-10-12,sz.300059,19.72,20.78,19.51,20.67,1614813,32664017.7
2011-10-13,sz.300059,20.7,21.6,20.69,21.16,1933756,41025222.48
2011-10-14,sz.300059,21.06,21.2,20.81,21.09,855475,17946159.29
2011-10-17,sz.300059,21.09,21.3,21.0,21.17,892715,18875048.81
2011-10-18,sz.300059,21.01,21.01,20.14,20.16,1018767,20921684.35
2011-10-19,sz.300059,20.25,20.65,19.88,20.22,887207,17958285.34
2011-10-20,sz.300059,20.03,20.19,19.5,19.69,675793,13339091.76
2011-10-21,sz.300059,19.4,19.5,18.87,18.88,1738153,33102084.46
2011-10-24,sz.300059,18.79,18.94,18.11,18.74,2473284,45882267.03
2011-10-25,sz.300059,18.83,20.61,18.72,20.61,3221559,63487440.68
2011-10-26,sz.300059,20.6,22.2,20.59,21.35,5893007,125578162.0
2011-10-27,sz.300059,21.21,21.8,20.88,21.28,3352412,71452965.46
2011-10-28,sz.300059,21.54,22.5,21.26,22.22,3839809,84255030.99
2011-10-31,sz.300059,22.21,22.67,21.9,22.67,3267201,72870398.49
2011-11-01,sz.300059,22.28,22.68,21.83,22.0,3028362,67387453.85
2011-11-02,sz.300059,21.6,23.38,21.51,23.32,6227500,140684673.95
2011-11-03,sz.300059,23.45,24.5,23.45,23.5,7264751,174037990.01
2011-11-04,sz.300059,23.83,24.15,23.27,23.83,3057914,72504080.22
2011-11-07,sz.300059,23.66,24.0,23.2,23.29,2657862,62363023.92
2011-11-08,sz.300059,23.48,23.64,22.66,22.77,2664559,61363227.63
2011-11-09,sz.300059,22.92,23.98,22.42,23.98,3837484,89272709.06
2011-11-10,sz.300059,23.59,24.87,23.49,23.74,6319429,153176809.7
2011-11-11,sz.300059,23.7,23.98,22.98,23.41,3663830,85911091.66
2011-11-14,sz.300059,23.69,24.36,23.46,24.27,3314752,79717445.25
2011-11-15,sz.300059,24.2,24.35,23.95,24.22,2350414,56819221.51
2011-11-16,sz.300059,24.25,24.25,22.79,23.06,3898454,91247520.66
2011-11-17,sz.300059,23.15,23.58,22.91,23.0,1873566,43463018.88
2011-11-18,sz.300059,22.98,22.98,22.0,22.18,2951548,66146192.5
2011-11-21,sz.300059,22.2,22.37,21.8,22.35,1519720,33591801.97
2011-11-22,sz.300059,22.0,22.68,21.62,22.64,1882229,41945532.08
2011-11-23,sz.300059,22.58,22.83,22.31,22.59,1191039,26944312.93
2011-11-24,sz.300059,22.2,22.6,21.92,22.31,1258541,27996848.61
2011-11-25,sz.300059,22.2,22.68,22.08,22.22,1075961,24128434.03
2011-11-28,sz.300059,22.32,22.57,21.73,21.9,1206774,26543284.46
2011-11-29,sz.300059,22.15,23.23,21.96,22.99,2373724,53547208.46
2011-11-30,sz.300059,23.1,23.16,21.59,22.0,2456138,54809295.11
2011-12-01,sz.300059,22.69,24.2,22.62,23.3,3193460,74685463.85
2011-12-02,sz.300059,23.01,23.28,22.66,22.83,1628680,37323574.37
2011-12-05,sz.300059,23.04,23.05,20.55,20.65,2957651,63000118.05
2011-12-06,sz.300059,20.7,20.8,19.81,20.49,2062320,41831175.04
2011-12-07,sz.300059,20.31,20.9,20.3,20.52,1223805,25200812.73
2011-12-08,sz.300059,20.41,21.64,20.13,20.98,1988090,41786499.1
2011-12-09,sz.300059,20.62,20.98,20.43,20.7,1099793,22702817.77
2011-12-12,sz.300059,20.95,21.1,20.42,20.48,932398,19430550.48
2011-12-13,sz.300059,20.45,20.45,19.85,20.04,1250390,25023886.5
2011-12-14,sz.300059,19.71,20.51,19.58,19.71,1146984,22925696.51
2011-12-15,sz.300059,19.69,19.95,19.0,19.4,1268800,24863925.47
2011-12-16,sz.300059,19.2,20.4,19.2,20.39,1505329,29785762.92
2011-12-19,sz.300059,20.07,20.95,19.75,20.7,1621596,32794405.79
2011-12-20,sz.300059,20.58,20.95,20.0,20.15,1701298,34818567.04
2011-12-21,sz.300059,20.5,20.57,19.5,19.64,1410172,28530618.29
2011-12-22,sz.300059,19.58,20.1,18.7,19.66,1328091,25614397.28
2011-12-23,sz.300059,19.66,20.27,19.44,19.94,1361546,27190192.95
2011-12-26,sz.300059,20.0,20.58,19.83,19.9,1274451,25848175.23
2011-12-27,sz.300059,19.84,20.15,18.7,19.0,1354982,26136187.05
2011-12-28,sz.300059,18.92,19.0,18.0,18.56,1688602,31115455.61
2011-12-29,sz.300059,18.38,18.83,18.2,18.53,647778,12055122.6
2011-12-30,sz.300059,18.71,19.18,18.6,19.18,1018291,19287259.62
2012-01-04,sz.300059,19.35,19.4,18.65,18.65,1269813,24292479.11
2012-01-05,sz.300059,18.59,18.62,17.66,17.66,1027183,18596426.99
2012-01-06,sz.300059,17.68,17.88,17.05,17.65,1596335,27802898.01
2012-01-09,sz.300059,17.6,18.38,17.2,18.19,2612635,46763358.12
2012-01-10,sz.300059,18.19,19.28,18.15,18.9,3600291,67450688.09
2012-01-11,sz.300059,18.89,19.63,18.79,19.0,2414338,46400966.55
2012-01-12,sz.300059,18.98,19.18,18.8,18.8,1561181,29628837.28
2012-01-13,sz.300059,18.85,18.85,17.8,17.83,2596747,47168748.67
2012-01-16,sz.300059,17.72,17.72,17.25,17.25,1332160,23312592.44
2012-01-17,sz.300059,17.25,18.24,17.2,18.13,1929043,34333126.37
2012-01-18,sz.300059,18.13,18.23,17.25,17.34,1600489,28498711.0
2012-01-19,sz.300059,17.01,17.71,16.84,17.48,1547101,26779014.04
2012-01-20,sz.300059,17.39,18.16,17.39,17.73,1521731,27024844.97
2012-01-30,sz.300059,17.78,18.17,17.55,17.8,1265301,22601283.36
2012-01-31,sz.300059,17.8,17.9,17.47,17.8,1047747,18518645.95
2012-02-01,sz.300059,17.86,18.17,17.62,17.65,1623029,29032988.43
2012-02-02,sz.300059,17.65,18.0,17.43,17.95,2162978,38380252.08
2012-02-03,sz.300059,17.89,18.69,17.82,18.46,3296643,60378076.94
2012-02-06,sz.300059,18.47,18.75,18.37,18.56,2692970,49951622.76
2012-02-07,sz.300059,18.56,18.64,18.12,18.37,1692687,31105430.07
2012-02-08,sz.300059,18.33,19.05,18.2,18.98,4127713,77511115.16
2012-02-09,sz.300059,19.0,19.36,18.86,18.97,2926861,56076369.64
2012-02-10,sz.300059,18.93,19.19,18.8,19.15,1994777,37817254.98
2012-02-13,sz.300059,19.05,19.66,18.82,19.53,2744310,53370112.47
2012-02-14,sz.300059,19.53,19.58,19.01,19.2,1540800,29608253.86
2012-02-15,sz.300059,19.06,19.69,19.03,19.55,2237275,43540013.91
2012-02-16,sz.300059,19.47,19.65,19.01,19.25,2345250,45366071.51
2012-02-17,sz.300059,19.4,19.5,18.83,19.5,2072975,39927454.46
2012-02-20,sz.300059,19.85,21.44,19.72,20.44,7045533,145854125.79
2012-02-21,sz.300059,20.18,21.84,20.18,21.22,9188055,193537246.61
2012-02-22,sz.300059,21.45,23.34,21.45,23.34,15130356,345283207.96
2012-02-23,sz.300059,24.0,24.18,22.85,23.22,11487852,270520473.44
2012-02-24,sz.300059,23.28,25.54,23.13,24.4,21502996,533706024.29
2012-02-27,sz.300059,24.16,24.94,24.01,24.3,11113215,271110282.27
2012-02-28,sz.300059,24.1,24.35,22.89,23.25,12899018,301781454.75
2012-02-29,sz.300059,23.35,23.58,22.9,22.99,7131618,165954052.32
2012-03-01,sz.300059,22.91,23.4,22.88,22.98,5227334,120981479.63
2012-03-02,sz.300059,23.1,23.72,22.88,23.66,7056642,165019512.01
2012-03-05,sz.300059,23.8,24.77,23.6,23.6,8208951,197752225.07
2012-03-06,sz.300059,23.4,23.96,22.72,23.79,6608912,153549387.47
2012-03-07,sz.300059,23.4,24.05,23.3,23.47,5548579,131204603.5
2012-03-08,sz.300059,23.48,24.1,23.4,23.51,4997763,118765345.84
2012-03-09,sz.300059,23.7,23.98,23.36,23.73,5710775,135070168.39
2012-03-12,sz.300059,23.79,24.91,23.6,24.91,9719537,237206606.19
2012-03-13,sz.300059,25.3,25.35,24.35,24.76,6293148,155163016.6
2012-03-14,sz.300059,24.89,25.09,22.28,22.55,10038605,238506032.14
2012-03-15,sz.300059,22.75,22.82,21.7,22.15,6221326,138609296.18
2012-03-16,sz.300059,22.27,22.69,21.88,22.59,4021810,89990244.45
2012-03-20,sz.300059,22.69,22.7,21.62,21.72,4656395,102752673.41
2012-03-21,sz.300059,21.9,21.95,21.01,21.46,4581343,98332665.1
2012-03-22,sz.300059,21.51,21.97,21.29,21.71,2864284,62289409.26
2012-03-23,sz.300059,21.61,22.46,21.61,21.8,3448460,76010726.11
2012-03-26,sz.300059,21.5,22.28,21.5,21.84,2020890,44180926.75
2012-03-27,sz.300059,21.98,22.5,21.89,21.98,3036550,67305786.1
2012-03-28,sz.300059,21.77,21.77,20.61,20.66,3307657,69645364.57
2012-03-29,sz.300059,20.65,20.65,19.7,20.0,3023308,60767226.19
2012-03-30,sz.300059,20.0,20.18,19.61,19.9,1662041,32958700.95
2012-04-05,sz.300059,20.01,20.76,19.91,20.67,3160049,64562146.48
2012-04-06,sz.300059,20.58,21.05,20.44,20.85,2409467,50083596.76
2012-04-09,sz.300059,20.7,21.3,20.63,20.69,2437828,51223021.98
2012-04-10,sz.300059,20.4,20.85,19.8,20.84,3033316,61635139.67
2012-04-11,sz.300059,12.8,13.29,12.65,13.04,3846994,50175054.93
2012-04-12,sz.300059,13.0,13.46,13.0,13.45,5428124,72075902.33
2012-04-13,sz.300059,13.49,13.6,13.2,13.35,4631272,62207482.06
2012-04-16,sz.300059,13.19,13.72,13.12,13.68,5443110,73696798.15
2012-04-17,sz.300059,13.66,13.67,13.3,13.38,3856254,51972603.88
2012-04-18,sz.300059,13.4,14.13,13.31,13.88,5561216,76467329.11
2012-04-19,sz.300059,13.96,14.51,13.76,14.17,6801399,96891049.29
2012-04-20,sz.300059,14.15,14.99,13.92,14.81,12156638,176275025.37
2012-04-23,sz.300059,14.71,14.93,13.5,13.5,8817617,124612455.51
2012-04-24,sz.300059,13.5,14.4,13.27,14.32,9846475,135767311.85
2012-04-25,sz.300059,14.22,15.68,14.14,15.16,13125834,195645065.79
2012-04-26,sz.300059,14.99,15.3,14.79,15.09,7848188,117748369.05
2012-04-27,sz.300059,15.05,15.59,14.8,14.8,8479138,129556609.66
2012-05-02,sz.300059,15.0,15.35,14.7,14.94,5842239,87914392.23
2012-05-03,sz.300059,15.04,15.38,14.8,15.09,5159813,78001403.89
2012-05-04,sz.300059,15.0,15.32,14.81,15.15,4458781,67338018.53
2012-05-07,sz.300059,15.12,15.42,14.75,14.9,5216627,78434850.53
2012-05-08,sz.300059,14.88,14.97,14.35,14.5,6197185,90400471.93
2012-05-09,sz.300059,14.45,14.59,14.15,14.28,3480463,50069321.05
2012-05-10,sz.300059,14.26,14.85,14.1,14.84,6150638,89325721.82
2012-05-11,sz.300059,14.68,15.35,14.68,14.78,6893604,103959111.59
2012-05-14,sz.300059,14.89,15.45,14.8,15.16,6494501,98659754.42
2012-05-15,sz.300059,15.01,15.02,14.6,14.95,4139763,61250170.67
2012-05-16,sz.300059,14.85,15.08,14.46,14.48,2576059,37924996.93
2012-05-17,sz.300059,14.48,15.45,14.32,15.2,5991528,89726247.28
2012-05-18,sz.300059,14.98,15.28,14.6,14.6,4576198,68233977.79
2012-05-21,sz.300059,14.58,14.67,14.22,14.43,2839821,40957016.5
2012-05-22,sz.300059,14.58,14.75,14.46,14.7,2363200,34588649.56
2012-05-23,sz.300059,14.71,14.76,14.29,14.5,3409757,49263914.87
2012-05-24,sz.300059,14.5,14.54,14.09,14.19,3374067,48189099.5
2012-05-25,sz.300059,14.2,14.29,13.88,13.9,2243162,31589242.87
2012-05-28,sz.300059,13.77,14.12,13.57,14.0,2454229,33964799.38
2012-05-29,sz.300059,14.02,14.37,13.88,14.27,2592117,36808771.27
2012-05-30,sz.300059,14.19,14.49,14.14,14.24,2048306,29260262.23
2012-05-31,sz.300059,14.13,14.46,14.0,14.26,2238413,32000129.45
2012-06-01,sz.300059,14.19,14.34,13.9,13.95,2248149,31732816.1
2012-06-04,sz.300059,13.7,13.77,13.2,13.2,3746792,50316779.23
2012-06-05,sz.300059,13.25,13.42,13.12,13.14,2130975,28227189.14
2012-06-06,sz.300059,13.21,13.36,12.96,13.0,1540363,20219616.49
2012-06-07,sz.300059,13.23,13.29,12.74,12.85,2854522,37135459.91
2012-06-08,sz.300059,12.91,13.32,12.8,13.12,3788005,49641317.67
2012-06-11,sz.300059,13.2,13.46,13.0,13.43,2979520,39611856.38
2012-06-12,sz.300059,13.29,13.4,13.02,13.18,2430351,31967078.5
2012-06-13,sz.300059,13.16,13.5,12.91,13.43,3304971,43771393.02
2012-06-14,sz.300059,13.29,13.56,13.1,13.12,2448647,32729197.52
2012-06-15,sz.300059,13.15,13.45,12.97,13.25,2906381,38316320.66
2012-06-18,sz.300059,13.39,13.39,12.83,12.89,7800748,101682709.03
2012-06-19,sz.300059,12.76,12.81,12.34,12.36,7517862,93904451.63
2012-06-20,sz.300059,12.38,12.6,12.3,12.53,4175251,52096693.89
2012-06-21,sz.300059,12.45,12.49,11.81,12.0,4200538,50860416.03
2012-06-25,sz.300059,11.88,11.98,11.73,11.73,2002384,23708513.03
2012-06-26,sz.300059,11.78,11.99,11.53,11.89,2362593,27830614.47
2012-06-27,sz.300059,11.87,12.14,11.76,11.9,2803081,33567325.8
2012-06-28,sz.300059,11.95,12.04,11.6,11.6,1603706,18999130.93
2012-06-29,sz.300059,11.59,11.92,11.5,11.78,2045215,23960264.1
2012-07-02,sz.300059,11.88,11.97,11.65,11.92,2353308,27891857.2
2012-07-03,sz.300059,11.89,12.12,11.83,11.94,3467823,41607094.13
2012-07-04,sz.300059,12.05,12.06,11.6,11.65,2886199,33982932.85
2012-07-05,sz.300059,11.59,11.63,11.19,11.36,2908171,33104447.59
2012-07-06,sz.300059,11.42,11.75,11.21,11.66,2566983,29423575.1
2012-07-09,sz.300059,11.52,11.66,10.96,11.0,3460068,38703879.01
2012-07-10,sz.300059,10.98,11.21,10.79,11.07,2420877,26658444.07
2012-07-11,sz.300059,10.83,11.2,10.81,10.97,2137679,23446608.31
2012-07-12,sz.300059,10.93,11.45,10.92,11.38,2897654,32531449.4
2012-07-13,sz.300059,11.39,11.41,11.12,11.22,1605457,18116834.63
2012-07-16,sz.300059,11.22,11.22,10.68,10.72,2441722,26482907.08
2012-07-17,sz.300059,10.71,11.05,10.68,10.9,1049756,11415846.15
2012-07-18,sz.300059,10.95,11.1,10.72,11.08,1144476,12507532.81
2012-07-19,sz.300059,10.95,11.37,10.89,11.09,3513883,39220131.19
2012-07-20,sz.300059,11.07,11.15,10.67,10.77,3214407,34864590.4
2012-07-23,sz.300059,10.65,10.94,10.5,10.94,1355620,14597786.7
2012-07-24,sz.300059,10.8,11.17,10.8,10.9,1950149,21366479.05
2012-07-25,sz.300059,10.93,11.08,10.82,10.84,1878183,20561364.4
2012-07-26,sz.300059,10.83,11.0,10.79,10.83,1202485,13084037.57
2012-07-27,sz.300059,10.92,11.4,10.89,11.05,2282551,25303629.19
2012-07-30,sz.300059,10.99,11.09,10.79,10.83,1770016,19334670.03
2012-07-31,sz.300059,10.8,10.91,10.58,10.66,1719900,18381776.48
2012-08-01,sz.300059,10.66,11.08,10.65,10.9,1341923,14600534.77
2012-08-02,sz.300059,10.85,11.1,10.8,10.96,1376253,15099870.05
2012-08-03,sz.300059,10.98,11.39,10.95,11.35,2225977,24908290.23
2012-08-06,sz.300059,11.2,11.7,11.2,11.63,3326023,38236531.0
2012-08-07,sz.300059,11.57,11.78,11.5,11.71,2698471,31373430.55
2012-08-08,sz.300059,11.71,11.73,11.44,11.52,2020470,23360051.49
2012-08-09,sz.300059,11.43,11.82,11.43,11.67,1862616,21664572.0
2012-08-10,sz.300059,11.68,11.68,11.49,11.59,1483551,17168942.92
2012-08-13,sz.300059,11.5,11.54,11.18,11.19,1526220,17384180.19
2012-08-14,sz.300059,11.1,11.38,11.05,11.36,2081270,23365821.4
2012-08-15,sz.300059,11.32,11.34,11.08,11.1,1393352,15582179.15
2012-08-16,sz.300059,11.05,11.23,11.01,11.07,673220,7484579.63
2012-08-17,sz.300059,11.11,11.45,11.05,11.36,1780268,20142979.93
2012-08-20,sz.300059,11.25,11.67,11.18,11.61,2313412,26560464.56
2012-08-21,sz.300059,11.65,11.87,11.53,11.78,2427193,28473498.13
2012-08-22,sz.300059,11.74,11.77,11.4,11.5,2293058,26581158.95
2012-08-23,sz.300059,11.49,11.68,11.46,11.56,2437111,28162932.93
2012-08-24,sz.300059,11.52,11.55,11.2,11.28,1344501,15244973.33
2012-08-27,sz.300059,11.23,11.36,10.95,11.0,2317165,25724593.64
2012-08-28,sz.300059,10.95,11.2,10.91,11.15,974624,10789935.49
2012-08-29,sz.300059,11.16,11.28,11.0,11.04,1314101,14648179.57
2012-08-30,sz.300059,10.96,11.13,10.45,10.61,2648970,28427945.09
2012-08-31,sz.300059,10.6,10.7,10.4,10.43,2438094,25594550.99
2012-09-03,sz.300059,10.21,10.7,10.21,10.5,2354451,24706611.19
2012-09-04,sz.300059,10.51,10.75,10.42,10.51,3044092,32186205.5
2012-09-05,sz.300059,10.47,10.79,10.25,10.74,4234549,44908297.04
2012-09-06,sz.300059,10.78,10.83,10.55,10.74,3123874,33361550.32
2012-09-07,sz.300059,10.81,11.57,10.76,11.36,6719818,75721064.48
2012-09-10,sz.300059,11.35,11.8,11.26,11.56,5282284,61103267.3
2012-09-11,sz.300059,11.48,11.62,11.34,11.48,2460733,28214668.87
2012-09-12,sz.300059,11.58,11.6,11.29,11.42,2496600,28581041.94
2012-09-13,sz.300059,11.45,11.47,11.18,11.18,2253767,25565560.0
2012-09-14,sz.300059,11.3,11.4,11.13,11.31,2258411,25435698.49
2012-09-17,sz.300059,11.29,11.3,10.83,10.88,2313226,25443870.68
2012-09-18,sz.300059,10.84,10.93,10.69,10.74,1940554,20947091.98
2012-09-19,sz.300059,10.77,10.83,10.6,10.73,3849213,41165948.04
2012-09-20,sz.300059,10.67,10.67,10.22,10.26,3472663,36083679.76
2012-09-21,sz.300059,10.3,10.34,10.04,10.07,2890401,29388472.08
2012-09-24,sz.300059,10.01,10.18,9.8,10.06,2086776,20767682.13
2012-09-25,sz.300059,10.0,10.07,9.75,9.87,2019322,19981929.11
2012-09-26,sz.300059,9.83,9.99,9.58,9.6,2736610,26774048.98
2012-09-27,sz.300059,9.6,10.04,9.6,9.91,2002869,19732124.84
2012-09-28,sz.300059,9.86,10.3,9.76,10.25,2127901,21385613.08
2012-10-08,sz.300059,10.22,10.28,10.08,10.19,1431007,14540700.36
2012-10-09,sz.300059,10.2,10.63,10.16,10.63,3620640,37961267.12
2012-10-10,sz.300059,10.59,10.74,10.45,10.63,2143008,22769045.78
2012-10-11,sz.300059,10.59,11.11,10.51,10.62,4181421,45335688.34
2012-10-12,sz.300059,10.55,10.78,10.16,10.33,2919098,30468306.59
2012-10-15,sz.300059,9.5,9.98,9.5,9.96,2692183,26327044.82
2012-10-16,sz.300059,9.83,9.97,9.79,9.83,2105116,20795024.79
2012-10-17,sz.300059,9.92,9.92,9.66,9.82,1807389,17689133.61
2012-10-18,sz.300059,9.85,10.09,9.79,10.02,1816064,18081192.58
2012-10-19,sz.300059,9.99,10.06,9.87,9.98,1388241,13833408.2
2012-10-22,sz.300059,9.88,10.17,9.82,10.11,2452065,24468995.4
2012-10-23,sz.300059,10.11,10.2,9.88,9.88,1637435,16426334.2
2012-10-24,sz.300059,9.83,9.96,9.83,9.88,1253143,12400218.19
2012-10-25,sz.300059,9.93,9.98,9.8,9.82,791958,7820903.28
2012-10-26,sz.300059,9.83,9.85,9.42,9.49,1588483,15187163.27
2012-10-29,sz.300059,9.46,9.53,9.3,9.38,985722,9268359.27
2012-10-30,sz.300059,9.38,9.42,9.08,9.19,2223032,20493593.93
2012-10-31,sz.300059,9.2,9.25,9.13,9.2,1286674,11815190.72
2012-11-01,sz.300059,9.21,9.43,9.21,9.42,2025420,18952752.28
2012-11-02,sz.300059,9.42,9.45,9.28,9.43,1177239,11042463.92
2012-11-05,sz.300059,9.39,9.47,9.3,9.35,1230716,11506328.58
2012-11-06,sz.300059,9.35,9.35,9.1,9.25,1246963,11451232.57
2012-11-07,sz.300059,9.25,9.27,9.12,9.18,2146837,19674111.55
2012-11-08,sz.300059,9.1,9.12,8.96,9.06,2065847,18649053.99
2012-11-09,sz.300059,9.01,9.08,8.95,9.0,1468162,13182206.02
2012-11-12,sz.300059,9.03,9.11,8.98,9.05,958951,8662950.62
2012-11-13,sz.300059,9.11,9.11,8.78,8.9,1511553,13475147.3
2012-11-14,sz.300059,8.95,8.95,8.8,8.91,739562,6562210.95
2012-11-15,sz.300059,8.89,8.94,8.72,8.82,1038152,9191513.45
2012-11-16,sz.300059,8.7,8.8,8.59,8.75,939432,8171443.28
2012-11-19,sz.300059,8.75,8.78,8.63,8.77,1571805,13713456.37
2012-11-20,sz.300059,8.81,8.86,8.56,8.58,1626067,14141930.24
2012-11-21,sz.300059,8.6,8.69,8.11,8.44,3799305,31675064.29
2012-11-22,sz.300059,8.33,8.4,8.25,8.33,1627488,13532739.64
2012-11-23,sz.300059,8.33,8.44,8.28,8.32,2134235,17817194.88
2012-11-26,sz.300059,8.32,8.35,8.11,8.15,1167950,9582071.3
2012-11-27,sz.300059,8.11,8.13,7.85,7.89,2068755,16444017.03
2012-11-28,sz.300059,7.85,7.87,7.76,7.8,1273325,9933160.33
2012-11-29,sz.300059,7.81,7.87,7.66,7.69,1585807,12333566.44
2012-11-30,sz.300059,7.68,7.85,7.63,7.8,1132992,8804345.27
2012-12-03,sz.300059,7.79,7.82,7.49,7.49,958822,7375174.45
2012-12-04,sz.300059,7.49,7.65,7.31,7.62,1346310,10040630.64
2012-12-05,sz.300059,7.55,8.38,7.53,8.3,7567815,62681827.76
2012-12-06,sz.300059,8.24,8.29,8.02,8.09,3828396,31161825.9
2012-12-07,sz.300059,8.07,8.38,8.04,8.3,4119355,33953802.03
2012-12-10,sz.300059,8.32,8.62,8.23,8.56,5152632,43491263.43
2012-12-11,sz.300059,8.5,8.71,8.32,8.32,3675314,31084981.74
2012-12-12,sz.300059,8.29,8.36,8.15,8.28,2658372,21953220.7
2012-12-13,sz.300059,8.2,8.32,8.12,8.19,1251851,10294195.11
2012-12-14,sz.300059,8.22,8.76,8.18,8.73,5224689,44702344.43
2012-12-17,sz.300059,8.7,8.88,8.62,8.71,3008410,26155328.32
2012-12-18,sz.300059,8.65,8.89,8.62,8.66,3340283,29248486.06
2012-12-19,sz.300059,8.65,8.87,8.61,8.78,2828110,24693255.1
2012-12-20,sz.300059,8.76,8.95,8.62,8.84,3234396,28431203.76
2012-12-21,sz.300059,8.9,8.92,8.7,8.85,2846432,25096095.69
2012-12-24,sz.300059,8.83,9.03,8.81,8.88,1888418,16804966.75
2012-12-25,sz.300059,8.95,9.35,8.81,9.19,3966260,36198579.62
2012-12-26,sz.300059,9.23,9.52,9.13,9.5,4284627,40151118.95
2012-12-27,sz.300059,9.53,9.55,9.24,9.24,3776131,35231754.46
2012-12-28,sz.300059,9.16,9.37,9.12,9.29,2390861,22073019.14
2012-12-31,sz.300059,9.29,9.5,9.28,9.38,2363124,22188842.81
2013-01-04,sz.300059,9.47,9.52,9.16,9.2,1959573,18165083.13
2013-01-07,sz.300059,9.17,9.32,9.13,9.29,1853764,17083335.78
2013-01-08,sz.300059,9.3,9.47,9.17,9.38,2428221,22672394.59
2013-01-09,sz.300059,9.37,9.65,9.32,9.47,4275916,40615775.91
2013-01-10,sz.300059,9.47,10.42,9.47,9.99,9944844,99785878.53
2013-01-11,sz.300059,9.9,9.93,9.57,9.63,4455485,43447090.5
2013-01-14,sz.300059,9.54,10.09,9.5,10.0,6032161,59257430.56
2013-01-15,sz.300059,10.0,10.37,9.99,10.05,5960270,60588467.16
2013-01-16,sz.300059,10.01,10.13,9.83,9.93,3163039,31544097.99
2013-01-17,sz.300059,9.92,10.17,9.82,10.0,3410836,34207041.92
2013-01-18,sz.300059,9.9,10.13,9.75,10.07,3745793,37393914.62
2013-01-21,sz.300059,10.02,10.38,9.95,10.21,5987576,60694933.22
2013-01-22,sz.300059,10.22,10.22,9.58,9.7,7608311,75581120.23
2013-01-23,sz.300059,9.6,9.78,9.42,9.6,3831093,36667843.41
2013-01-24,sz.300059,9.57,9.8,9.12,9.21,3720716,35309709.96
2013-01-25,sz.300059,9.21,9.31,9.05,9.31,2484267,22861280.7
2013-01-28,sz.300059,9.4,9.57,9.31,9.52,3020215,28463234.11
2013-01-29,sz.300059,9.55,9.77,9.48,9.68,4034094,38985322.5
2013-01-30,sz.300059,9.66,10.32,9.61,9.85,7180762,71755556.92
2013-01-31,sz.300059,9.75,10.05,9.6,10.01,6425817,63180152.29
2013-02-01,sz.300059,9.95,10.75,9.84,10.58,12274789,127110549.46
2013-02-04,sz.300059,10.68,11.1,10.41,10.99,13861166,149645368.95
2013-02-05,sz.300059,10.8,11.0,10.6,10.9,6632645,71793724.78
2013-02-06,sz.300059,10.86,11.57,10.86,11.46,9640697,109146115.32
2013-02-07,sz.300059,11.43,11.78,11.14,11.35,6284236,71643733.5
2013-02-08,sz.300059,11.2,11.76,11.13,11.6,6934113,80052415.72
2013-02-18,sz.300059,11.65,11.67,10.93,10.96,6261218,69704568.4
2013-02-19,sz.300059,10.96,11.1,10.5,10.62,5573966,59859143.88
2013-02-20,sz.300059,10.6,11.58,10.56,11.4,10389942,114911498.08
2013-02-21,sz.300059,11.55,12.15,11.4,11.7,21703844,256008856.76
2013-02-22,sz.300059,11.54,12.57,11.51,12.27,14977759,181889302.07
2013-02-25,sz.300059,12.21,12.48,11.91,12.15,7805644,95028339.96
2013-02-26,sz.300059,12.08,12.85,12.08,12.34,9955250,124751871.88
2013-02-27,sz.300059,12.27,12.85,12.01,12.81,11267631,140172554.12
2013-02-28,sz.300059,12.74,14.09,12.6,13.99,14006384,188146303.41
2013-03-01,sz.300059,13.99,14.94,13.82,14.65,17969784,260538235.22
2013-03-04,sz.300059,14.5,15.3,14.0,14.63,13594995,199250359.04
2013-03-05,sz.300059,14.55,15.61,14.55,15.5,15540256,233881030.42
2013-03-06,sz.300059,15.5,17.05,15.5,17.05,19256855,319427898.76
2013-03-07,sz.300059,17.19,17.65,16.4,17.19,18739823,318808398.26
2013-03-08,sz.300059,17.04,17.23,15.95,16.17,13816382,227855370.79
2013-03-11,sz.300059,15.81,16.72,15.56,16.37,10111253,164707888.3
2013-03-12,sz.300059,16.77,16.9,15.38,16.1,13774536,222460540.95
2013-03-13,sz.300059,15.88,16.05,14.83,14.9,11272048,173837464.43
2013-03-14,sz.300059,14.9,15.38,14.55,14.74,9306315,138401823.11
2013-03-15,sz.300059,14.71,15.51,14.35,14.83,11581906,173631026.96
2013-03-18,sz.300059,14.5,15.3,14.45,14.92,6982151,104738632.0
2013-03-19,sz.300059,14.9,15.02,14.2,14.85,6453928,94377456.0
2013-03-20,sz.300059,14.9,15.6,14.7,15.41,9097912,138706048.0
2013-03-21,sz.300059,15.41,16.18,15.36,15.87,7733509,122303384.0
2013-03-22,sz.300059,16.0,16.1,15.57,15.87,3866805,61106632.0
2013-03-25,sz.300059,15.87,16.19,15.56,15.88,4361303,69086520.0
2013-03-26,sz.300059,15.88,15.88,15.32,15.5,3872964,60107772.0
2013-03-27,sz.300059,15.49,15.78,14.91,15.23,4291724,65468052.0
2013-03-28,sz.300059,15.1,15.11,14.66,14.73,4769768,71015072.0
2013-03-29,sz.300059,14.72,14.84,14.0,14.18,4032247,58239184.0
2013-04-01,sz.300059,14.02,15.6,13.86,15.33,8448247,125451688.0
2013-04-02,sz.300059,15.33,15.97,15.06,15.48,6004301,92770760.0
2013-04-03,sz.300059,15.35,15.52,14.76,15.24,3431284,51604436.0
2013-04-08,sz.300059,14.85,15.2,14.31,15.14,7550896,111872592.0
2013-04-09,sz.300059,15.01,15.41,14.86,15.36,7383111,111983072.0
2013-04-10,sz.300059,15.3,15.42,14.88,14.98,3845790,58135196.0
2013-04-11,sz.300059,14.93,15.24,14.91,15.04,2171526,32712944.0
2013-04-12,sz.300059,14.98,15.18,14.86,15.03,1156050,17332416.0
2013-04-15,sz.300059,14.81,15.3,14.81,15.04,1961093,29543860.0
2013-04-16,sz.300059,14.95,15.15,14.82,15.0,2998812,45055000.0
2013-04-17,sz.300059,15.0,16.28,14.99,16.18,8950926,141774848.0
2013-04-18,sz.300059,16.01,16.44,15.91,16.34,5190555,84355848.0
2013-04-19,sz.300059,16.65,17.88,16.35,17.4,10716002,184552928.0
2013-04-22,sz.300059,17.39,17.76,17.21,17.48,6464801,112789432.0
2013-04-23,sz.300059,17.5,17.55,16.32,16.32,8101738,135851808.0
2013-04-24,sz.300059,16.35,17.25,16.19,16.41,10146633,169359472.0
2013-04-25,sz.300059,16.4,16.61,15.6,15.69,7238675,116017680.0
2013-04-26,sz.300059,15.69,16.14,15.51,16.08,6191782,98320936.0
2013-05-02,sz.300059,16.03,16.37,15.82,16.17,4331798,69908552.0
2013-05-03,sz.300059,16.18,16.97,16.13,16.8,7286931,122263024.0
2013-05-06,sz.300059,16.8,18.48,16.71,18.48,16246344,293889152.0
2013-05-07,sz.300059,18.48,19.15,18.25,19.0,18632852,349655424.0
2013-05-08,sz.300059,19.17,19.17,18.58,19.05,9293180,175787984.0
2013-05-09,sz.300059,18.91,19.95,18.83,19.9,8733866,169823440.0
2013-05-10,sz.300059,20.5,21.89,20.02,21.89,24980046,535248576.0
2013-05-13,sz.300059,22.5,23.19,21.94,22.25,19154209,428684064.0
2013-05-14,sz.300059,22.29,22.3,20.98,21.59,11528831,248997648.0
2013-05-15,sz.300059,21.6,22.59,21.41,22.41,9223209,202956176.0
2013-05-16,sz.300059,22.42,23.25,21.31,21.63,10046131,221773616.0
2013-05-17,sz.300059,10.75,11.29,10.41,10.83,19983387,214338672.0
2013-05-20,sz.300059,10.7,11.63,10.5,11.3,23127802,256655520.0
2013-05-21,sz.300059,11.2,12.05,10.8,11.99,27700075,316133536.0
2013-05-22,sz.300059,11.76,12.29,11.15,11.28,26820841,312482752.0
2013-05-23,sz.300059,11.25,11.62,11.12,11.29,15062858,171123376.0
2013-05-24,sz.300059,11.34,11.66,11.24,11.53,13836934,158792496.0
2013-05-27,sz.300059,11.48,11.49,10.38,10.38,53917561,574054656.0
2013-05-28,sz.300059,10.46,10.54,9.85,10.1,40599684,410462016.0
2013-05-29,sz.300059,9.99,10.31,9.85,10.12,30732403,309582336.0
2013-05-30,sz.300059,10.0,10.28,9.95,10.05,20690043,209295840.0
2013-05-31,sz.300059,10.06,10.76,10.0,10.52,38124097,395200544.0
2013-06-03,sz.300059,10.36,10.49,10.08,10.13,19564575,200905344.0
2013-06-04,sz.300059,10.1,10.28,9.93,10.04,15401943,155113664.0
2013-06-05,sz.300059,10.05,10.13,9.59,9.78,17352727,169598624.0
2013-06-06,sz.300059,9.61,9.8,9.54,9.59,7422483,71613520.0
2013-06-07,sz.300059,9.58,9.8,9.56,9.77,8989958,86943448.0
2013-06-13,sz.300059,9.58,9.78,8.99,9.6,11636878,109119608.0
2013-06-14,sz.300059,9.77,10.17,9.73,10.05,20202567,201706400.0
2013-06-17,sz.300059,10.18,10.83,10.09,10.48,31580790,332539968.0
2013-06-18,sz.300059,10.45,10.8,10.06,10.76,23641844,248672656.0
2013-06-19,sz.300059,10.6,10.88,10.45,10.61,18132129,193998784.0
2013-06-20,sz.300059,10.47,10.7,9.86,9.86,15483829,160145824.0
2013-06-21,sz.300059,9.73,10.3,9.58,10.18,21701792,216546416.0
2013-06-24,sz.300059,10.18,10.65,10.07,10.52,30080377,312009408.0
2013-06-25,sz.300059,10.51,10.75,9.47,10.46,30396502,306366592.0
2013-06-26,sz.300059,10.35,11.51,10.28,11.51,47370837,530069760.0
2013-06-27,sz.300059,11.76,12.48,11.52,12.32,42056564,501808768.0
2013-06-28,sz.300059,12.21,13.55,12.0,13.55,27045357,353126464.0
2013-07-01,sz.300059,14.1,14.67,13.71,14.5,55254007,784899200.0
2013-07-02,sz.300059,14.49,15.51,14.18,14.31,64473907,953790464.0
2013-07-03,sz.300059,14.17,15.74,14.01,15.74,59097857,871089792.0
2013-07-04,sz.300059,15.05,15.55,14.51,15.02,49856230,751833728.0
2013-07-05,sz.300059,14.99,15.88,13.96,14.06,43975551,661234880.0
2013-07-08,sz.300059,13.62,15.4,13.24,14.96,50440396,735874368.0
2013-07-09,sz.300059,15.02,16.46,14.6,16.46,53062006,833290048.0
2013-07-10,sz.300059,16.45,17.99,16.32,17.02,58001893,996673536.0
2013-07-11,sz.300059,16.45,17.29,16.2,17.03,47894434,802186176.0
2013-07-12,sz.300059,16.83,17.69,16.65,16.97,39578768,683215040.0
2013-07-15,sz.300059,16.8,17.1,16.18,16.85,57875803,962134208.0
2013-07-16,sz.300059,16.7,16.85,15.68,16.15,46255773,749670144.0
2013-07-17,sz.300059,15.99,16.69,15.99,16.4,30384077,496938592.0
2013-07-18,sz.300059,16.21,16.69,16.07,16.58,23934505,393159520.0
2013-07-19,sz.300059,16.61,18.24,16.61,17.98,52901203,945691712.0
2013-07-22,sz.300059,17.88,19.17,17.88,18.35,50551450,931087744.0
2013-07-23,sz.300059,19.09,19.28,17.58,18.1,51843038,945789440.0
2013-07-24,sz.300059,17.85,18.75,17.35,18.1,39853924,715536192.0
2013-07-25,sz.300059,17.86,17.99,16.58,17.0,36661542,631526208.0
2013-07-26,sz.300059,17.03,17.69,16.7,17.69,22290225,386215264.0
2013-07-29,sz.300059,17.25,17.33,15.92,15.98,28435705,469715712.0
2013-07-30,sz.300059,15.94,16.23,14.6,15.9,32531261,502710304.0
2013-07-31,sz.300059,15.6,16.12,15.4,15.56,17389406,273470304.0
2013-08-01,sz.300059,15.5,17.12,15.48,16.75,32441165,530054592.0
2013-08-02,sz.300059,16.6,17.85,16.6,16.7,28716719,495355392.0
2013-08-05,sz.300059,16.72,17.15,16.2,16.76,12268984,203879520.0
2013-08-06,sz.300059,16.78,17.34,16.71,16.89,21901754,373315520.0
2013-08-07,sz.300059,16.75,16.8,15.69,15.7,22763113,367236960.0
2013-08-08,sz.300059,15.58,16.09,15.16,15.71,12533069,196364736.0
2013-08-09,sz.300059,15.7,15.88,14.98,15.34,13020526,200531600.0
2013-08-12,sz.300059,15.21,15.56,14.6,15.19,18313324,274883680.0
2013-08-13,sz.300059,15.28,15.88,14.96,15.45,19811655,306968288.0
2013-08-14,sz.300059,15.48,16.61,15.03,16.43,27912770,446491328.0
2013-08-15,sz.300059,16.2,16.97,16.1,16.39,24215151,402480000.0
2013-08-16,sz.300059,16.11,16.2,15.2,15.4,17043045,267851184.0
2013-08-19,sz.300059,15.22,15.78,15.1,15.59,15195032,234977520.0
2013-08-20,sz.300059,15.44,15.99,15.19,15.8,22061319,343682176.0
2013-08-21,sz.300059,15.72,15.98,15.35,15.58,12954476,202642288.0
2013-08-22,sz.300059,15.68,17.14,15.55,16.71,35872417,592019264.0
2013-08-23,sz.300059,16.65,17.12,15.92,16.6,31168061,519467456.0
2013-08-26,sz.300059,16.44,17.84,16.3,17.29,32968095,566390272.0
2013-08-27,sz.300059,17.11,17.94,16.96,17.84,30050297,527638336.0
2013-08-28,sz.300059,17.5,18.47,17.4,17.45,33637943,603741440.0
2013-08-29,sz.300059,17.36,17.52,16.72,16.84,16444563,280616768.0
2013-08-30,sz.300059,16.8,17.22,15.16,15.29,22671330,362346592.0
2013-09-02,sz.300059,15.1,16.0,15.01,15.6,13004489,203248720.0
2013-09-03,sz.300059,15.6,16.27,15.5,16.27,11895560,189927488.0
2013-09-04,sz.300059,16.3,16.75,16.08,16.39,11697719,192742304.0
2013-09-05,sz.300059,16.39,17.64,16.21,17.4,19615294,333871360.0
2013-09-06,sz.300059,17.23,18.41,17.18,17.6,25910181,463129088.0
2013-09-09,sz.300059,17.45,19.2,17.38,18.6,33557820,615181568.0
2013-09-10,sz.300059,18.6,18.97,18.18,18.26,26916498,497943520.0
2013-09-11,sz.300059,18.02,18.08,16.66,17.1,20720970,355769552.0
2013-09-12,sz.300059,16.82,18.81,16.76,18.81,31789498,578083040.0
2013-09-13,sz.300059,18.81,20.53,18.47,20.0,45158334,885025680.0
2013-09-16,sz.300059,19.8,21.09,19.51,19.93,34386726,701641616.0
2013-09-17,sz.300059,19.61,21.51,19.31,20.65,30468494,630129152.0
2013-09-18,sz.300059,20.65,20.88,19.73,20.49,20272254,413391056.0
2013-09-23,sz.300059,20.5,21.38,20.01,21.07,25709360,535655856.0
2013-09-24,sz.300059,20.9,21.09,20.2,20.35,20156648,415669104.0
2013-09-25,sz.300059,20.1,21.79,19.9,20.82,21957368,459340208.0
2013-09-26,sz.300059,20.9,21.68,20.08,20.25,19917299,418323984.0
2013-09-27,sz.300059,20.02,20.92,19.68,19.9,15760927,317429200.0
2013-09-30,sz.300059,19.89,21.68,19.68,21.43,22509205,469759728.0
2013-10-08,sz.300059,21.85,23.4,21.85,22.75,22515727,508609664.0
2013-10-09,sz.300059,22.3,23.88,22.01,23.61,20375811,471542960.0
2013-10-10,sz.300059,25.1,25.97,24.5,24.98,36731231,941609728.0
2013-10-11,sz.300059,24.9,25.97,23.8,24.42,22304667,548181600.0
2013-10-14,sz.300059,23.9,24.99,23.02,23.8,17424352,417290832.0
2013-10-15,sz.300059,23.8,24.47,22.7,23.03,18038673,424991808.0
2013-10-16,sz.300059,23.0,23.25,20.73,20.73,25514749,537730368.0
2013-10-17,sz.300059,20.32,20.92,18.97,19.47,26397038,521885552.0
2013-10-18,sz.300059,19.28,20.77,19.28,20.59,16757549,337914656.0
2013-10-21,sz.300059,20.7,22.31,20.6,22.31,20691916,447432032.0
2013-10-22,sz.300059,22.31,22.43,20.08,20.08,26879501,557761072.0
2013-10-23,sz.300059,19.44,20.34,18.65,19.53,13363198,260797338.0
2013-10-24,sz.300059,19.52,20.42,19.35,20.07,11509775,229633055.0
2013-10-25,sz.300059,20.5,20.8,18.06,18.06,25426725,474138544.0
2013-10-28,sz.300059,17.56,18.88,17.1,18.36,20861931,379936832.0
2013-10-29,sz.300059,18.36,19.61,17.72,19.18,27695918,518704752.0
2013-10-30,sz.300059,19.25,20.55,18.9,20.29,27552337,543832848.0
2013-10-31,sz.300059,20.09,20.15,18.9,19.44,17003678,333487792.0
2013-11-01,sz.300059,19.43,19.94,18.2,19.82,15978506,304718528.0
2013-11-04,sz.300059,19.5,19.81,19.2,19.43,7327630,142711156.0
2013-11-05,sz.300059,19.38,20.28,19.02,20.15,12372547,245986289.0
2013-11-06,sz.300059,20.08,21.04,19.66,19.66,20157858,413509376.0
2013-11-07,sz.300059,19.35,19.98,18.5,19.14,20020021,384034384.0
2013-11-08,sz.300059,18.8,19.05,18.2,18.81,14061758,261068213.0
2013-11-11,sz.300059,18.68,19.0,18.3,18.5,5728555,106368101.0
2013-11-12,sz.300059,18.46,18.81,18.01,18.6,7329883,135508342.0
2013-11-13,sz.300059,18.5,18.85,18.18,18.58,7300076,134972871.0
2013-11-14,sz.300059,18.35,19.25,18.01,19.07,13664676,257517620.0
2013-11-15,sz.300059,19.1,20.8,19.1,19.75,24966757,502489984.0
2013-11-18,sz.300059,19.81,20.49,19.4,20.35,17115301,343883344.0
2013-11-19,sz.300059,20.55,20.79,20.0,20.17,12363382,251906407.0
2013-11-20,sz.300059,20.15,20.35,19.58,19.91,9087937,180734028.0
2013-11-21,sz.300059,19.85,20.25,19.28,20.06,17247383,342077680.0
2013-11-22,sz.300059,19.95,19.99,18.66,18.95,22038564,423623536.0
2013-11-25,sz.300059,18.65,18.79,17.95,18.42,16612078,304183840.0
2013-11-26,sz.300059,18.3,18.65,18.23,18.28,7372032,135774058.0
2013-11-27,sz.300059,18.31,19.21,18.31,18.85,11809598,221808687.0
2013-11-28,sz.300059,18.51,18.89,18.31,18.41,14562761,270339360.0
2013-11-29,sz.300059,18.4,19.16,18.39,18.98,16017120,301593744.0
2013-12-02,sz.300059,18.0,18.6,17.2,17.24,21564672,383209424.0
2013-12-03,sz.300059,16.9,16.9,15.52,16.72,17224518,281371824.0
2013-12-04,sz.300059,16.6,17.45,16.5,16.72,11181952,191537461.0
2013-12-05,sz.300059,16.5,16.83,16.3,16.36,6725915,111175347.0
2013-12-06,sz.300059,16.3,16.96,16.2,16.76,8394644,139462335.0
2013-12-09,sz.300059,16.72,17.02,16.7,16.89,7739227,130454837.0
2013-12-10,sz.300059,16.82,16.95,16.32,16.42,7540711,124430966.0
2013-12-11,sz.300059,16.42,16.83,16.22,16.42,6506519,107380913.0
2013-12-12,sz.300059,16.44,17.3,16.32,17.25,19256879,327208864.0
2013-12-13,sz.300059,17.02,17.19,16.8,16.91,6502196,110567676.0
2013-12-16,sz.300059,16.85,17.09,16.2,16.49,7351100,122067914.0
2013-12-17,sz.300059,16.38,16.84,16.21,16.42,6930333,114103401.0
2013-12-18,sz.300059,16.35,16.49,15.87,15.94,5248405,84274249.0
2013-12-19,sz.300059,16.06,16.52,15.75,15.85,6464159,104468604.0
2013-12-20,sz.300059,15.85,15.98,14.71,15.19,11335839,172520114.0
2013-12-23,sz.300059,15.02,15.14,13.68,13.8,17256700,245327347.0
2013-12-24,sz.300059,13.75,14.17,13.59,13.97,10915133,151710188.0
2013-12-25,sz.300059,13.95,14.57,13.61,14.5,13994226,200562695.0
2013-12-26,sz.300059,14.48,14.51,13.6,13.6,12051182,169418381.0
2013-12-27,sz.300059,13.6,14.96,13.6,14.96,22002219,316423760.0
2013-12-30,sz.300059,15.0,15.66,14.8,15.5,22900248,350248240.0
2013-12-31,sz.300059,15.35,15.47,14.95,15.18,12183323,185103531.0
2014-01-02,sz.300059,15.25,15.5,15.15,15.2,11643508,178163954.0
2014-01-03,sz.300059,15.25,15.88,15.15,15.69,18745961,291760144.0
2014-01-06,sz.300059,15.55,15.56,14.49,14.5,13781852,206941664.0
2014-01-07,sz.300059,14.38,14.54,13.91,14.47,13660281,194082573.0
2014-01-08,sz.300059,14.59,15.92,14.4,15.68,34751516,540445216.0
2014-01-09,sz.300059,15.52,16.15,15.25,15.3,28084462,441772800.0
2014-01-10,sz.300059,15.25,15.63,14.83,14.9,12513286,190775668.0
2014-01-13,sz.300059,14.82,15.35,14.51,14.9,10191570,152699638.0
2014-01-14,sz.300059,14.78,15.69,14.75,15.69,16450464,252640592.0
2014-01-15,sz.300059,15.57,16.09,15.41,15.91,19350856,306508400.0
2014-01-16,sz.300059,15.95,16.25,15.4,15.58,15040537,236048523.0
2014-01-17,sz.300059,15.59,15.74,15.31,15.4,7955000,123437860.0
2014-01-20,sz.300059,15.19,15.7,13.95,14.03,19379242,284890400.0
2014-01-21,sz.300059,14.15,14.99,14.15,14.64,21465381,312668992.0
2014-01-22,sz.300059,14.64,15.61,14.54,15.51,21117164,319128640.0
2014-01-23,sz.300059,15.5,16.39,15.23,16.12,31626433,503491136.0
2014-01-24,sz.300059,15.96,17.73,15.81,17.73,34671589,587078096.0
2014-01-27,sz.300059,17.95,18.33,17.11,17.49,45810661,813059152.0
2014-01-28,sz.300059,17.4,17.7,16.79,17.1,21975404,376222192.0
2014-01-29,sz.300059,17.22,18.79,17.21,18.62,33883196,613500192.0
2014-01-30,sz.300059,18.31,20.28,18.17,19.21,37272979,725930896.0
2014-02-07,sz.300059,19.05,19.8,18.9,19.48,22684329,440508272.0
2014-02-10,sz.300059,19.48,19.83,18.72,19.81,26302049,508744320.0
2014-02-11,sz.300059,19.7,19.76,18.0,18.54,28154691,529649920.0
2014-02-12,sz.300059,18.99,18.99,18.1,18.57,18268538,337604960.0
2014-02-13,sz.300059,18.59,18.92,17.68,17.79,24582915,449988144.0
2014-02-14,sz.300059,17.81,18.6,17.47,18.52,18350552,333900352.0
2014-02-17,sz.300059,18.6,18.97,18.3,18.76,20376479,380264272.0
2014-02-18,sz.300059,18.63,18.65,17.79,17.96,26879010,484922576.0
2014-02-19,sz.300059,17.92,18.44,17.48,18.1,16894327,303148832.0
2014-02-20,sz.300059,18.09,18.2,17.22,17.49,16812550,295750336.0
2014-02-21,sz.300059,17.4,17.58,16.93,17.19,16085014,276795568.0
2014-02-24,sz.300059,17.15,17.76,17.05,17.6,14764973,258583750.0
2014-02-25,sz.300059,17.62,17.98,15.85,16.39,22845968,388197040.0
2014-02-26,sz.300059,16.0,16.38,15.41,16.35,13674530,219014400.0
2014-02-27,sz.300059,16.4,16.92,15.8,15.88,12703425,207249320.0
2014-02-28,sz.300059,15.7,16.32,15.7,16.17,7963170,127764330.0
2014-03-03,sz.300059,16.17,16.51,16.04,16.28,8538359,139304425.0
2014-03-04,sz.300059,16.2,16.65,15.95,16.27,9505591,155198364.0
2014-03-05,sz.300059,16.42,17.9,16.23,17.78,32410720,561017584.0
2014-03-06,sz.300059,17.63,17.86,17.2,17.47,22214676,389135040.0
2014-03-07,sz.300059,17.53,17.67,17.06,17.15,14691644,255511437.0
2014-03-10,sz.300059,16.72,17.0,15.96,16.13,16241673,267075822.0
2014-03-11,sz.300059,16.01,16.53,15.72,16.1,11062318,178350992.0
2014-03-12,sz.300059,15.93,16.2,15.02,15.98,15366634,242210755.0
2014-03-13,sz.300059,15.99,16.27,15.7,16.16,11357127,182026685.0
2014-03-14,sz.300059,16.0,16.16,15.58,15.97,11772049,187703778.0
2014-03-17,sz.300059,15.8,16.91,15.78,16.67,20580483,338332016.0
2014-03-18,sz.300059,16.7,17.25,16.67,17.05,16000129,272175968.0
2014-03-19,sz.300059,17.05,17.31,16.75,16.89,10865716,185245499.0
2014-03-20,sz.300059,16.75,17.49,16.71,16.89,13763452,235532402.0
2014-03-21,sz.300059,16.79,17.12,15.8,16.94,15810635,260492660.0
2014-03-24,sz.300059,16.83,18.51,16.75,17.9,20788994,365517232.0
2014-03-25,sz.300059,17.68,18.19,17.51,17.67,12141972,216790449.0
2014-03-26,sz.300059,17.7,18.43,17.7,17.8,12576529,227063867.0
2014-03-27,sz.300059,17.78,18.1,16.9,16.98,12395081,217247553.0
2014-03-28,sz.300059,16.98,17.45,16.73,17.14,11930245,204108889.0
2014-03-31,sz.300059,17.15,17.6,16.68,17.58,12374341,213843854.0
2014-04-01,sz.300059,17.58,19.34,17.46,19.0,40899376,769083408.0
2014-04-02,sz.300059,18.86,19.17,18.16,18.86,27748109,518577248.0
2014-04-03,sz.300059,18.87,19.5,18.71,19.0,19596888,375293376.0
2014-04-04,sz.300059,18.85,19.51,18.81,19.26,12322153,236953984.0
2014-04-08,sz.300059,19.15,19.16,18.4,18.8,12381486,232831181.0
2014-04-09,sz.300059,18.99,19.63,18.8,19.32,17413046,336680848.0
2014-04-10,sz.300059,19.61,19.98,18.76,19.18,17315969,333865744.0
2014-04-11,sz.300059,18.88,18.95,18.28,18.4,12613500,233771834.0
2014-04-14,sz.300059,18.39,18.77,18.32,18.39,7422939,137158940.0
2014-04-15,sz.300059,18.39,18.95,18.35,18.54,15918986,297049680.0
2014-04-16,sz.300059,18.17,18.3,17.85,18.04,11405952,206075748.0
2014-04-17,sz.300059,18.05,18.53,18.05,18.2,8417036,154320300.0
2014-04-18,sz.300059,18.28,18.73,18.28,18.6,11921051,221114950.0
2014-04-21,sz.300059,18.5,19.29,18.32,18.77,15528356,294082720.0
2014-04-22,sz.300059,18.7,18.95,17.95,18.52,9255173,169963224.0
2014-04-23,sz.300059,18.46,18.9,18.33,18.81,9344355,174809767.0
2014-04-24,sz.300059,18.83,18.88,17.88,18.22,10392826,190190214.0
2014-04-25,sz.300059,18.29,18.29,16.99,17.19,9785365,173019104.0
2014-04-28,sz.300059,16.98,17.78,16.87,17.2,8860633,153057941.0
2014-04-29,sz.300059,17.0,17.6,17.0,17.6,6215606,108350001.0
2014-04-30,sz.300059,17.63,19.0,17.63,18.9,20579624,382321424.0
2014-05-05,sz.300059,18.85,19.85,18.75,19.73,22508863,437913312.0
2014-05-06,sz.300059,19.63,19.96,19.53,19.62,13457482,265037592.0
2014-05-07,sz.300059,19.6,20.03,19.31,19.5,17635803,348289808.0
2014-05-08,sz.300059,19.22,19.62,18.8,19.02,15367668,294363312.0
2014-05-09,sz.300059,19.0,19.46,18.15,19.38,20892800,393180000.0
2014-05-12,sz.300059,19.9,19.9,19.19,19.57,19174725,376049728.0
2014-05-13,sz.300059,19.35,21.35,19.34,20.85,32198830,669156672.0
2014-05-14,sz.300059,20.75,20.95,20.35,20.77,13490373,278988384.0
2014-05-15,sz.300059,20.67,21.21,19.35,19.5,24394186,494976192.0
2014-05-16,sz.300059,19.17,19.49,17.8,18.25,25645055,476488448.0
2014-05-19,sz.300059,18.15,18.51,17.94,18.42,18413978,335958432.0
2014-05-20,sz.300059,18.7,18.96,18.1,18.35,21334121,395746576.0
2014-05-21,sz.300059,18.3,18.32,17.87,18.32,14006646,253788301.0
2014-05-22,sz.300059,18.2,18.76,18.15,18.41,21946743,406416464.0
2014-05-23,sz.300059,18.35,19.15,17.98,19.05,20844998,388788800.0
2014-05-26,sz.300059,10.61,11.15,10.45,10.88,52842751,572515440.0
2014-05-27,sz.300059,10.78,10.93,10.61,10.84,31342955,337887648.0
2014-05-28,sz.300059,10.83,11.35,10.65,11.16,53865565,595388352.0
2014-05-29,sz.300059,11.16,11.2,10.7,10.76,34270328,375933216.0
2014-05-30,sz.300059,10.74,11.77,10.6,11.48,67916308,767913840.0
2014-06-03,sz.300059,11.32,11.68,11.29,11.33,49442180,566750544.0
2014-06-04,sz.300059,11.39,11.88,11.22,11.57,44742178,516961440.0
2014-06-05,sz.300059,11.52,11.84,11.35,11.74,47827371,558347280.0
2014-06-06,sz.300059,11.76,12.32,11.63,11.78,60064881,718053312.0
2014-06-09,sz.300059,11.73,11.93,11.2,11.33,55562806,638002912.0
2014-06-10,sz.300059,11.32,11.89,11.09,11.76,55125985,635559136.0
2014-06-11,sz.300059,11.68,12.1,11.54,11.59,51772571,611160960.0
2014-06-12,sz.300059,11.53,11.68,11.37,11.45,49094230,564473664.0
2014-06-13,sz.300059,11.35,11.77,11.28,11.56,44923303,517292560.0
2014-06-16,sz.300059,11.5,12.44,11.5,12.25,74916631,901519536.0
2014-06-17,sz.300059,12.15,12.32,11.96,12.14,36033190,437737648.0
2014-06-18,sz.300059,12.18,12.3,12.05,12.16,33330674,405780464.0
2014-06-19,sz.300059,12.09,12.2,11.17,11.4,44472661,516264112.0
2014-06-20,sz.300059,11.41,11.79,11.3,11.62,24480568,283141584.0
2014-06-23,sz.300059,11.7,11.97,11.64,11.84,29688927,351612400.0
2014-06-24,sz.300059,11.8,12.02,11.5,11.7,25850098,303701424.0
2014-06-25,sz.300059,11.7,11.75,11.47,11.56,14496754,167931377.0
2014-06-26,sz.300059,11.58,12.08,11.58,11.98,33610339,400221248.0
2014-06-27,sz.300059,11.98,12.13,11.81,11.89,24463268,293387616.0
2014-06-30,sz.300059,11.95,12.11,11.73,12.03,27182599,325024032.0
2014-07-01,sz.300059,12.04,12.08,11.86,11.94,24911611,297746896.0
2014-07-02,sz.300059,11.92,12.01,11.71,11.8,24522708,290715760.0
2014-07-03,sz.300059,11.79,11.79,11.28,11.39,49218747,563779328.0
2014-07-04,sz.300059,11.41,11.53,11.01,11.51,39197619,441326912.0
2014-07-07,sz.300059,11.43,11.48,11.14,11.23,22996289,259096536.0
2014-07-08,sz.300059,11.16,11.42,11.15,11.36,21169694,239602304.0
2014-07-09,sz.300059,11.31,11.49,11.21,11.23,21101256,239261226.0
2014-07-10,sz.300059,11.29,11.38,11.05,11.25,19313784,216279628.0
2014-07-11,sz.300059,11.43,11.65,11.2,11.29,35092960,400733680.0
2014-07-14,sz.300059,11.12,11.14,10.45,10.63,48183161,515649088.0
2014-07-15,sz.300059,10.65,10.8,10.45,10.63,27942858,296711136.0
2014-07-16,sz.300059,10.6,10.68,10.06,10.21,36167422,372587696.0
2014-07-17,sz.300059,10.21,10.43,10.08,10.15,25771562,263500150.0
2014-07-18,sz.300059,10.15,10.38,10.11,10.18,21415237,219257504.0
2014-07-21,sz.300059,10.21,10.38,10.1,10.34,19977494,205141934.0
2014-07-22,sz.300059,10.34,10.49,10.28,10.47,18857079,196349030.0
2014-07-23,sz.300059,10.48,10.52,10.01,10.1,23386238,238887909.0
2014-07-24,sz.300059,10.11,10.14,9.74,9.83,26724734,263353826.0
2014-07-25,sz.300059,9.83,10.05,9.8,9.95,23381694,232088585.0
2014-07-28,sz.300059,9.96,10.65,9.92,10.55,41002337,423555088.0
2014-07-29,sz.300059,10.49,10.72,10.3,10.59,28566309,302775792.0
2014-07-30,sz.300059,10.55,10.86,10.45,10.71,27239465,292115232.0
2014-07-31,sz.300059,10.61,10.7,10.45,10.61,21225600,223860046.0
2014-08-01,sz.300059,10.6,10.68,10.31,10.33,26587314,279279296.0
2014-08-04,sz.300059,10.33,10.55,10.33,10.51,15570081,162956930.0
2014-08-05,sz.300059,10.45,10.92,10.45,10.83,40535127,436453856.0
2014-08-06,sz.300059,10.84,10.91,10.7,10.75,21766036,235120381.0
2014-08-07,sz.300059,10.75,11.04,10.69,10.76,30466602,330594000.0
2014-08-08,sz.300059,10.95,11.43,10.93,11.19,48783952,547741152.0
2014-08-11,sz.300059,11.01,11.29,11.0,11.18,26954103,301002640.0
2014-08-12,sz.300059,11.14,11.43,11.13,11.33,30789725,348546656.0
2014-08-13,sz.300059,11.53,11.63,11.03,11.37,38564387,438523568.0
2014-08-14,sz.300059,11.3,11.48,11.18,11.19,24156617,273403712.0
2014-08-15,sz.300059,11.33,11.41,11.18,11.32,24647706,277786208.0
2014-08-18,sz.300059,11.35,11.75,11.29,11.66,44567968,515893472.0
2014-08-19,sz.300059,12.0,12.32,11.47,11.67,50749239,601043120.0
2014-08-20,sz.300059,11.56,11.93,11.5,11.64,37154935,435407808.0
2014-08-21,sz.300059,11.67,12.28,11.5,12.24,46152480,547066224.0
2014-08-22,sz.300059,12.6,13.46,12.27,13.46,76071796,988638752.0
2014-08-25,sz.300059,13.79,14.34,13.31,13.31,134591610,1853170016.0
2014-08-26,sz.300059,13.04,13.37,12.63,12.77,76874602,998876480.0
2014-08-27,sz.300059,12.79,13.2,12.68,12.83,54871330,709132736.0
2014-08-28,sz.300059,12.69,12.82,12.41,12.45,42428190,534137600.0
2014-08-29,sz.300059,12.38,12.89,12.35,12.85,31095914,393633760.0
2014-09-01,sz.300059,12.88,13.46,12.71,13.33,51679088,679964384.0
2014-09-02,sz.300059,13.29,13.44,13.09,13.41,44480337,590939552.0
2014-09-03,sz.300059,13.4,13.9,13.28,13.53,56352517,768111456.0
2014-09-04,sz.300059,13.58,13.7,13.3,13.63,38403074,518888576.0
2014-09-05,sz.300059,13.65,14.24,13.58,13.98,51750955,723198608.0
2014-09-09,sz.300059,14.12,14.43,13.88,14.28,43261984,611294672.0
2014-09-10,sz.300059,14.15,14.3,13.93,14.16,41155340,580211424.0
2014-09-11,sz.300059,14.1,14.3,13.57,13.63,59633643,828354912.0
2014-09-12,sz.300059,13.68,13.91,13.3,13.9,53234635,721509920.0
2014-09-15,sz.300059,13.84,13.98,13.57,13.57,36703101,505510624.0
2014-09-16,sz.300059,13.73,13.97,13.02,13.03,44087159,597069984.0
2014-09-18,sz.300059,13.4,13.98,13.35,13.72,48070930,658090944.0
2014-09-19,sz.300059,13.68,14.08,13.65,13.97,33909306,470744064.0
2014-09-22,sz.300059,13.99,15.2,13.98,14.55,69981520,1020396304.0
2014-09-23,sz.300059,14.62,16.01,14.48,16.01,77050341,1181055904.0
2014-09-24,sz.300059,15.97,16.17,15.53,15.95,65253178,1035692400.0
2014-09-25,sz.300059,16.0,16.04,15.0,15.27,100405394,1541761024.0
2014-09-26,sz.300059,15.01,15.21,14.83,15.1,32898916,494845200.0
2014-09-29,sz.300059,15.14,15.34,14.79,15.12,41900267,628697408.0
2014-09-30,sz.300059,15.15,15.99,15.05,15.69,60726985,949602864.0
2014-10-08,sz.300059,15.7,15.79,15.22,15.49,46377646,716779680.0
2014-10-09,sz.300059,15.49,15.78,15.25,15.57,34761949,539820288.0
2014-10-10,sz.300059,15.44,15.45,14.9,15.04,38692003,586111584.0
2014-10-13,sz.300059,14.86,15.71,14.53,15.59,48622726,731852896.0
2014-10-14,sz.300059,15.42,15.97,15.23,15.54,43713627,683574832.0
2014-10-15,sz.300059,15.7,15.76,15.08,15.48,30751000,473090512.0
2014-10-16,sz.300059,15.32,15.58,14.96,14.99,23875253,364697568.0
2014-10-17,sz.300059,15.0,15.19,14.51,14.75,22955456,340930016.0
2014-10-20,sz.300059,14.85,15.16,14.75,15.11,20047868,299763600.0
2014-10-21,sz.300059,15.1,15.2,14.66,14.72,22484231,335181728.0
2014-10-22,sz.300059,14.67,15.11,14.58,14.83,26689220,396398160.0
2014-10-23,sz.300059,14.9,14.94,14.44,14.5,22049992,322700816.0
2014-10-24,sz.300059,14.51,14.92,14.51,14.9,19384621,286166704.0
2014-10-27,sz.300059,14.83,15.47,14.71,15.4,35124040,535936400.0
2014-10-28,sz.300059,15.37,15.94,15.36,15.89,49432516,779108432.0
2014-10-29,sz.300059,15.94,16.18,15.6,15.88,49023147,776899856.0
2014-10-30,sz.300059,15.7,16.85,15.7,16.8,66962677,1101514768.0
2014-10-31,sz.300059,16.65,16.9,16.3,16.5,33384392,553473920.0
2014-11-03,sz.300059,16.7,17.48,16.55,17.34,44974596,770879728.0
2014-11-04,sz.300059,17.1,17.82,17.01,17.06,40389190,704809984.0
2014-11-05,sz.300059,17.06,17.87,17.06,17.4,30470632,534063904.0
2014-11-06,sz.300059,17.5,17.6,16.78,17.52,31549608,542300912.0
2014-11-07,sz.300059,17.49,18.82,17.48,18.1,43951698,801133296.0
2014-11-10,sz.300059,18.5,18.85,18.0,18.24,29688512,548908240.0
2014-11-11,sz.300059,18.31,18.82,17.24,17.64,47773073,848960480.0
2014-11-12,sz.300059,17.5,18.35,17.01,18.3,29015374,514797040.0
2014-11-13,sz.300059,18.2,18.88,17.8,18.51,40722251,750741632.0
2014-11-14,sz.300059,18.22,18.56,17.97,18.09,26852114,487330624.0
2014-11-17,sz.300059,18.26,18.85,17.95,18.4,21212191,390578336.0
2014-11-18,sz.300059,18.15,19.9,18.13,19.56,40259249,761394816.0
2014-11-19,sz.300059,19.3,21.09,19.28,20.12,55376788,1122531056.0
2014-11-20,sz.300059,20.0,20.56,19.47,20.04,34791355,696793664.0
2014-11-21,sz.300059,19.99,20.39,19.75,20.33,23301827,468332688.0
2014-11-24,sz.300059,20.42,22.09,20.41,21.61,46314583,991677072.0
2014-11-25,sz.300059,22.63,23.77,21.98,23.77,68446879,1583059264.0
2014-11-26,sz.300059,23.77,25.15,23.45,24.99,67246420,1649761360.0
2014-11-27,sz.300059,24.99,25.8,23.93,25.52,57976414,1443917920.0
2014-11-28,sz.300059,25.0,27.0,24.44,26.21,64118059,1642611216.0
2014-12-01,sz.300059,26.0,26.83,25.06,25.5,58678775,1517714688.0
2014-12-02,sz.300059,25.1,26.39,24.22,25.88,67424819,1705619984.0
2014-12-03,sz.300059,25.7,27.86,24.71,27.09,67194853,1756388992.0
2014-12-04,sz.300059,27.03,29.8,26.76,29.8,46155349,1326674064.0
2014-12-05,sz.300059,32.0,32.78,28.6,31.27,79771533,2514538640.0
2014-12-08,sz.300059,30.99,33.1,29.74,29.98,76534203,2410646736.0
2014-12-09,sz.300059,28.88,31.47,26.98,26.98,74983889,2181281280.0
2014-12-10,sz.300059,26.25,28.78,25.91,27.38,50455520,1392130288.0
2014-12-11,sz.300059,27.0,28.79,26.6,27.49,35902694,999565056.0
2014-12-12,sz.300059,27.25,30.24,26.98,30.24,62102061,1782034912.0
2014-12-15,sz.300059,31.2,33.26,30.51,33.26,47384988,1538474704.0
2014-12-16,sz.300059,35.5,35.7,33.27,34.74,64072626,2210441056.0
2014-12-17,sz.300059,34.0,35.88,33.65,34.49,47093750,1641355024.0
2014-12-18,sz.300059,35.39,36.99,34.4,34.4,43763379,1567631616.0
2014-12-19,sz.300059,34.06,35.77,30.96,34.6,53160187,1761873328.0
2014-12-22,sz.300059,33.9,34.38,31.14,31.14,43177722,1386051152.0
2014-12-23,sz.300059,29.75,31.82,28.04,28.7,43098021,1283524656.0
2014-12-24,sz.300059,29.3,29.68,27.78,28.76,32725319,939385376.0
2014-12-25,sz.300059,28.72,31.5,28.7,31.18,42071443,1276083696.0
2014-12-26,sz.300059,31.8,33.28,30.95,32.39,41553876,1329199360.0
2014-12-29,sz.300059,32.0,32.89,30.6,31.0,47827290,1520613104.0
2014-12-30,sz.300059,30.3,31.15,28.04,28.1,54911520,1590082752.0
2014-12-31,sz.300059,27.5,29.25,27.3,27.96,43719126,1231048128.0
2015-01-05,sz.300059,28.0,28.85,25.5,28.77,60087127,1658041728.0
2015-01-06,sz.300059,28.2,31.65,27.99,31.65,47370565,1428216496.0
2015-01-07,sz.300059,33.0,34.1,30.99,32.9,71044152,2326228592.0
2015-01-08,sz.300059,32.4,35.2,32.17,33.78,59698334,2012511216.0
2015-01-09,sz.300059,33.3,36.3,33.2,35.0,64321963,2257444240.0
2015-01-12,sz.300059,36.66,38.5,36.01,38.5,66290439,2495143568.0
2015-01-13,sz.300059,38.7,39.85,37.1,37.29,59255379,2287641120.0
2015-01-14,sz.300059,36.91,38.2,36.8,37.21,38322589,1429553760.0
2015-01-15,sz.300059,37.25,40.7,37.25,40.11,47990860,1873472112.0
2015-01-16,sz.300059,40.15,44.12,39.43,44.12,54416194,2313226160.0
2015-01-22,sz.300059,44.88,46.27,42.0,44.6,74498124,3266901664.0
2015-01-23,sz.300059,44.5,44.5,40.14,40.15,80482088,3339875328.0
2015-01-26,sz.300059,40.53,42.68,39.87,42.29,56884248,2362908080.0
2015-01-27,sz.300059,41.6,42.51,40.1,41.66,44492931,1844448720.0
2015-01-28,sz.300059,41.6,42.03,39.85,39.9,31045826,1269519056.0
2015-01-29,sz.300059,38.9,40.71,38.5,40.02,31781208,1265818304.0
2015-01-30,sz.300059,40.02,40.58,38.03,38.51,26851864,1044079136.0
2015-02-02,sz.300059,38.08,42.36,37.75,40.95,42122808,1720012336.0
2015-02-03,sz.300059,40.9,45.05,40.59,44.0,77330749,3390852448.0
2015-02-04,sz.300059,43.85,44.95,42.89,44.2,47502181,2085167408.0
2015-02-05,sz.300059,44.79,47.47,42.8,43.68,58931536,2672719760.0
2015-02-06,sz.300059,43.0,44.0,40.28,41.25,42804822,1778926128.0
2015-04-16,sz.300059,32.36,32.36,32.36,32.36,1018916,32972121.0
2015-04-17,sz.300059,35.6,35.6,35.6,35.6,895739,31888308.0
2015-04-20,sz.300059,39.16,39.16,39.16,39.16,523716,20508718.0
2015-04-21,sz.300059,43.08,43.08,43.08,43.08,276602,11916014.0
2015-04-22,sz.300059,47.39,47.39,47.39,47.39,1187782,56288988.0
2015-04-23,sz.300059,52.13,52.13,52.13,52.13,593588,30943742.0
2015-04-24,sz.300059,57.34,57.34,57.34,57.34,1953674,112023667.0
2015-04-27,sz.300059,63.07,63.07,63.07,63.07,2156662,136020672.0
2015-04-28,sz.300059,69.38,69.38,69.38,69.38,10890252,755565680.0
2015-04-29,sz.300059,74.88,76.32,68.0,76.32,165028997,12236418560.0
2015-04-30,sz.300059,78.6,83.95,78.6,83.95,54491110,4462418432.0
2015-05-04,sz.300059,87.0,89.8,75.56,76.91,125490142,10112802304.0
2015-05-05,sz.300059,75.8,75.8,70.07,75.01,100739865,7356432640.0
2015-05-06,sz.300059,75.2,82.51,73.6,75.28,125160702,9755341824.0
2015-05-07,sz.300059,73.0,77.67,71.18,72.0,79379409,5856470272.0
2015-05-08,sz.300059,73.9,76.78,73.33,74.88,91869138,6884735232.0
2015-05-11,sz.300059,75.9,82.37,75.0,82.37,128697788,10320140288.0
2015-05-12,sz.300059,82.37,90.61,81.38,90.61,117033961,10028654336.0
2015-05-13,sz.300059,87.0,91.45,82.5,84.41,101114954,8826778880.0
2015-05-14,sz.300059,81.5,83.99,75.97,75.98,101770050,7948039680.0
2015-05-15,sz.300059,72.78,79.61,72.0,76.92,67442078,5159269376.0
2015-05-18,sz.300059,79.2,82.35,76.94,77.95,60399190,4780501504.0
2015-05-19,sz.300059,79.8,80.0,73.8,76.8,56069394,4288441424.0
2015-05-20,sz.300059,76.9,80.0,76.03,77.3,61555534,4815235840.0
2015-05-21,sz.300059,77.8,78.0,74.65,75.31,65559365,4968842496.0
2015-05-22,sz.300059,76.0,81.8,75.0,78.75,80559749,6312905216.0
2015-05-25,sz.300059,75.66,78.22,73.5,77.22,55902081,4262345168.0
2015-05-26,sz.300059,78.83,84.94,77.23,84.0,105769931,8796088320.0
2015-05-27,sz.300059,83.6,83.8,77.68,78.52,82781379,6591369728.0
2015-05-28,sz.300059,77.05,77.8,71.0,72.9,87855061,6541326080.0
2015-05-29,sz.300059,72.95,76.52,70.0,74.29,61310778,4587270912.0
2015-06-01,sz.300059,74.94,80.0,73.55,78.91,60582106,4726440960.0
2015-06-02,sz.300059,80.0,86.8,79.19,86.8,88606620,7481473792.0
2015-06-03,sz.300059,89.99,95.48,88.8,95.48,91155514,8609842688.0
2015-06-04,sz.300059,96.98,102.0,87.0,101.82,107971468,10399242240.0
2015-06-05,sz.300059,101.85,102.84,91.8,92.4,74862158,7251783680.0
2015-06-08,sz.300059,88.75,91.02,83.16,87.35,72160841,6189607680.0
2015-06-09,sz.300059,85.0,90.5,83.02,84.85,53215248,4613201408.0
2015-06-10,sz.300059,85.06,89.85,83.1,87.9,49029812,4250052432.0
2015-06-11,sz.300059,87.2,87.71,83.71,84.74,42560496,3628168736.0
2015-06-12,sz.300059,83.95,84.98,80.5,82.7,51202551,4217174992.0
2015-06-15,sz.300059,82.35,82.35,74.43,74.43,63225103,4827451648.0
2015-06-16,sz.300059,71.86,76.7,67.0,74.63,71889579,5223457280.0
2015-06-17,sz.300059,73.0,82.09,72.0,82.09,61755628,4784428544.0
2015-06-18,sz.300059,82.8,84.95,73.88,74.0,67224046,5339115776.0
2015-06-19,sz.300059,71.11,78.99,70.33,75.0,72503864,5518023168.0
2015-06-23,sz.300059,76.0,78.56,72.0,78.2,63309874,4816922368.0
2015-06-24,sz.300059,78.0,78.09,73.0,75.01,55722959,4191105408.0
2015-06-25,sz.300059,75.56,76.85,69.98,70.8,52719093,3837719344.0
2015-06-26,sz.300059,66.99,66.99,63.72,63.72,47233450,3040554112.0
2015-06-29,sz.300059,59.01,63.72,57.35,57.35,78484018,4556129280.0
2015-06-30,sz.300059,53.0,63.09,51.62,63.09,150894959,8682180096.0
2015-07-01,sz.300059,62.0,67.4,58.88,59.01,127557091,8235090688.0
2015-07-02,sz.300059,59.99,62.12,53.2,56.79,102163616,5962263552.0
2015-07-03,sz.300059,55.0,62.01,51.11,55.62,118816884,6575393280.0
2015-07-06,sz.300059,61.18,61.18,50.06,51.1,130232279,7172924416.0
2015-07-07,sz.300059,48.01,49.29,45.99,45.99,88409521,4114846528.0
2015-07-09,sz.300059,42.01,50.59,42.01,50.59,182046640,8608118272.0
2015-07-10,sz.300059,51.0,55.65,49.5,55.65,173686101,9460060672.0
2015-07-13,sz.300059,55.8,61.2,53.0,61.18,239913127,13863867648.0
2015-07-14,sz.300059,58.0,63.0,56.57,56.68,188934111,11193958400.0
2015-07-15,sz.300059,59.11,60.35,54.51,56.01,187891912,10904275456.0
2015-07-16,sz.300059,55.89,60.53,50.6,58.02,150743324,8601174784.0
2015-07-17,sz.300059,59.01,63.5,56.68,61.9,151741189,9131714304.0
2015-07-20,sz.300059,63.01,65.9,60.29,62.1,166619764,10585611264.0
2015-07-21,sz.300059,60.1,62.59,59.02,60.21,127691822,7712666368.0
2015-07-22,sz.300059,59.8,62.11,58.83,59.9,114380986,6895941120.0
2015-07-23,sz.300059,59.58,61.42,58.25,61.36,121444361,7277975040.0
2015-07-24,sz.300059,61.93,62.11,55.5,56.66,139140374,8290286592.0
2015-07-27,sz.300059,54.0,55.53,50.99,50.99,119267309,6333193472.0
2015-07-28,sz.300059,46.41,50.5,45.89,46.1,144762906,6824131328.0
2015-07-29,sz.300059,47.2,50.71,43.11,50.71,135578802,6410400256.0
2015-07-30,sz.300059,50.67,53.0,48.5,48.9,129214276,6601165056.0
2015-07-31,sz.300059,47.93,51.5,47.92,49.5,101125554,5052953856.0
2015-08-03,sz.300059,46.8,47.88,44.55,45.61,117578470,5344925952.0
2015-08-04,sz.300059,45.56,48.8,44.6,48.43,76882721,3609072368.0
2015-08-05,sz.300059,47.91,48.53,45.27,45.41,74862880,3506059792.0
2015-08-06,sz.300059,43.81,45.4,43.5,43.79,49453706,2188672880.0
2015-08-07,sz.300059,44.65,48.15,44.44,46.71,82821389,3856292592.0
2015-08-10,sz.300059,47.25,51.38,46.23,51.38,102769819,5031985920.0
2015-08-11,sz.300059,52.3,53.51,50.01,51.79,117833102,6125771264.0
2015-08-12,sz.300059,50.07,51.5,49.21,49.35,66618119,3363097168.0
2015-08-13,sz.300059,48.7,51.01,48.3,50.97,65157708,3246833520.0
2015-08-14,sz.300059,51.5,51.8,49.78,49.9,63040527,3200225808.0
2015-08-17,sz.300059,49.01,49.02,47.0,47.93,66598392,3191552000.0
2015-08-18,sz.300059,47.95,50.5,43.5,44.4,80440990,3852067712.0
2015-08-19,sz.300059,42.9,46.51,41.53,46.2,72018515,3184257536.0
2015-08-20,sz.300059,47.5,48.28,45.3,45.31,76772637,3603712624.0
2015-08-21,sz.300059,44.0,44.78,41.16,41.23,70491610,3009298384.0
2015-08-24,sz.300059,38.35,39.49,37.11,37.11,51159041,1918876992.0
2015-08-25,sz.300059,33.41,35.2,33.4,33.4,73751429,2488067232.0
2015-08-26,sz.300059,33.3,34.46,30.06,30.06,113152886,3634333056.0
2015-08-27,sz.300059,31.27,33.07,29.01,33.07,119640936,3752244784.0
2015-08-28,sz.300059,33.5,36.3,32.38,35.38,133666112,4549191680.0
2015-08-31,sz.300059,34.5,34.5,32.12,33.19,100764910,3358198672.0
2015-09-01,sz.300059,32.5,34.88,32.11,33.29,126669358,4263123216.0
2015-09-02,sz.300059,31.0,35.09,30.01,33.14,115475828,3778698880.0
2015-09-07,sz.300059,33.61,35.88,33.16,34.04,85450896,2955750624.0
2015-09-08,sz.300059,33.4,37.18,31.71,36.8,97885325,3372260848.0
2015-09-09,sz.300059,36.69,39.68,36.23,37.67,132402027,4980576512.0
2015-09-10,sz.300059,36.49,37.49,36.1,36.28,62373133,2295780864.0
2015-09-11,sz.300059,36.37,37.74,36.3,36.82,53134963,1961725392.0
2015-09-14,sz.300059,37.0,37.17,33.14,33.14,60511938,2086624480.0
2015-09-15,sz.300059,31.48,32.21,29.83,29.83,63200467,1959648272.0
2015-09-16,sz.300059,30.2,32.81,29.9,32.81,70641378,2215137184.0
2015-09-17,sz.300059,33.25,35.24,31.97,32.62,91066948,3039263744.0
2015-09-18,sz.300059,33.02,34.95,32.91,34.41,78360565,2665559632.0
2015-09-21,sz.300059,33.6,37.85,33.3,37.57,95639895,3421744896.0
2015-09-22,sz.300059,37.2,38.76,35.9,37.5,99356743,3705039984.0
2015-09-30,sz.300059,38.01,38.78,34.71,35.98,101115504,3704293520.0
2015-10-08,sz.300059,37.9,39.58,37.36,39.58,77385535,2990587648.0
2015-10-09,sz.300059,39.6,39.9,38.61,39.3,81482146,3191707376.0
2015-10-12,sz.300059,39.44,43.23,39.44,42.78,143378407,6092600832.0
2015-10-13,sz.300059,42.4,44.4,42.1,43.76,98320573,4276137120.0
2015-10-14,sz.300059,43.36,45.44,42.21,44.2,88535449,3889309232.0
2015-10-15,sz.300059,45.18,48.62,44.65,48.62,133001963,6275957504.0
2015-10-16,sz.300059,50.35,53.48,50.22,53.48,145711807,7657212928.0
2015-10-19,sz.300059,55.2,55.3,51.88,53.09,128860474,6885702912.0
2015-10-20,sz.300059,52.6,57.74,52.52,55.72,103426705,5734174976.0
2015-10-21,sz.300059,54.5,55.89,50.15,50.2,128206938,6745125632.0
2015-10-22,sz.300059,50.99,55.12,50.99,53.44,140053353,7409096960.0
2015-10-23,sz.300059,52.98,54.24,51.35,53.45,114801087,6063358976.0
2015-10-26,sz.300059,54.55,54.55,50.32,52.2,115393391,6030196736.0
2015-10-27,sz.300059,51.68,57.42,50.88,57.42,146991076,8001131776.0
2015-10-28,sz.300059,58.26,59.2,54.2,55.01,137478122,7800700928.0
2015-10-29,sz.300059,55.51,58.0,53.0,55.01,106666035,5914829056.0
2015-10-30,sz.300059,54.0,56.6,52.5,53.42,102281118,5577067776.0
2015-11-02,sz.300059,51.4,53.9,51.0,51.42,75236320,3940328672.0
2015-11-03,sz.300059,52.03,52.88,51.2,51.92,65993879,3435376864.0
2015-11-04,sz.300059,53.3,57.11,52.77,57.11,135963459,7561621504.0
2015-11-05,sz.300059,58.7,62.8,57.65,58.78,183670453,11020299264.0
2015-11-06,sz.300059,59.23,64.66,59.23,64.66,128156963,8058611968.0
2015-11-09,sz.300059,66.0,69.9,63.51,67.25,142485772,9489301760.0
2015-11-10,sz.300059,66.08,69.55,65.51,67.33,91513239,6185766912.0
2015-11-11,sz.300059,66.1,67.58,64.86,66.21,79605938,5258131968.0
2015-11-12,sz.300059,66.2,66.97,62.3,63.54,115752721,7434901504.0
2015-11-13,sz.300059,62.11,64.8,61.2,63.13,82406439,5211111680.0
2015-11-16,sz.300059,61.7,67.8,61.5,67.05,84050577,5378455040.0
2015-11-17,sz.300059,68.1,69.0,62.59,63.0,136527625,8978503680.0
2015-11-18,sz.300059,62.8,63.28,60.0,60.3,92862345,5700213760.0
2015-11-19,sz.300059,61.0,62.9,60.29,62.8,81683311,5044416000.0
2015-11-20,sz.300059,62.39,62.58,60.3,60.94,78129721,4773040896.0
2015-11-23,sz.300059,60.51,63.39,59.75,60.81,73677670,4524268544.0
2015-11-24,sz.300059,60.4,63.3,60.1,62.96,78118968,4833643776.0
2015-11-25,sz.300059,62.5,67.0,61.5,65.4,115250130,7415183104.0
2015-11-26,sz.300059,65.4,66.0,61.8,61.86,89114174,5643947520.0
2015-11-27,sz.300059,61.2,62.48,57.6,58.21,94111866,5660068352.0
2015-11-30,sz.300059,58.3,58.95,53.77,56.71,90571633,5132440320.0
2015-12-01,sz.300059,56.5,57.42,55.0,56.03,56057041,3142422864.0
2015-12-02,sz.300059,56.0,58.05,54.0,57.56,67058293,3786955664.0
2015-12-03,sz.300059,57.3,59.97,56.7,59.01,86985485,5092274944.0
2015-12-04,sz.300059,58.1,59.68,57.0,57.19,65697285,3807562816.0
2015-12-07,sz.300059,56.9,59.15,56.9,57.59,59257152,3441726272.0
2015-12-08,sz.300059,56.79,56.79,54.31,54.68,60668205,3368449904.0
2015-12-09,sz.300059,54.62,55.58,53.98,54.27,40792541,2232014112.0
2015-12-10,sz.300059,54.28,59.67,54.28,56.59,91677851,5194299648.0
2015-12-11,sz.300059,55.85,57.4,55.11,56.47,56589218,3192291984.0
2015-12-14,sz.300059,56.05,59.4,56.0,59.0,71339830,4109090416.0
2015-12-15,sz.300059,59.35,59.48,57.87,58.23,58215413,3417649840.0
2015-12-16,sz.300059,58.71,59.5,57.51,57.7,48760409,2843274592.0
2015-12-17,sz.300059,58.27,60.78,57.8,59.38,95129674,5663684608.0
2015-12-18,sz.300059,58.92,59.29,57.05,57.59,63025002,3650752944.0
2015-12-21,sz.300059,57.46,57.99,56.69,57.62,52168401,2991347312.0
2015-12-22,sz.300059,57.9,58.8,57.5,58.27,48192544,2802979824.0
2015-12-23,sz.300059,58.32,58.45,56.17,56.51,61898384,3545239744.0
2015-12-24,sz.300059,56.2,57.74,55.67,57.44,46130602,2625628752.0
2015-12-25,sz.300059,57.38,57.45,55.35,55.7,55668300,3123299136.0
2015-12-28,sz.300059,55.52,56.12,54.0,54.03,59331974,3264719280.0
2015-12-29,sz.300059,54.3,54.5,52.9,53.38,36120524,1930110352.0
2015-12-30,sz.300059,53.98,54.78,53.5,54.23,42808005,2322668128.0
2015-12-31,sz.300059,54.26,54.26,52.02,52.03,38719563,2049512768.0
2016-01-04,sz.300059,51.58,51.9,46.83,46.83,55350641,2692485024.0
2016-01-05,sz.300059,43.0,45.42,42.2,44.29,86008930,3793008384.0
2016-01-06,sz.300059,44.76,46.39,42.72,45.55,93895337,4174728560.0
2016-01-07,sz.300059,43.88,43.88,41.0,41.0,29631255,1254668352.0
2016-01-08,sz.300059,41.6,43.1,38.68,41.4,92572506,3821191040.0
2016-01-11,sz.300059,39.8,43.35,39.45,39.9,86178896,3529626064.0
2016-01-12,sz.300059,41.1,42.92,40.21,41.66,94702437,3939109920.0
2016-01-13,sz.300059,41.78,41.9,39.44,39.49,70238635,2855802448.0
2016-01-14,sz.300059,38.1,43.44,37.56,42.95,135367253,5629199872.0
2016-01-15,sz.300059,42.3,42.46,40.51,41.27,90784308,3786359360.0
2016-01-18,sz.300059,41.1,44.18,41.1,42.93,95041808,4098143184.0
2016-01-19,sz.300059,43.1,45.1,42.25,44.49,104915075,4576993792.0
2016-01-20,sz.300059,43.08,43.92,41.99,42.66,94452720,4060536704.0
2016-01-21,sz.300059,41.9,43.47,40.74,40.77,69458300,2931193296.0
2016-01-22,sz.300059,41.36,41.65,39.21,41.2,64500227,2623766384.0
2016-01-25,sz.300059,41.1,41.55,40.4,40.73,51722055,2114670624.0
2016-01-26,sz.300059,40.3,40.47,36.81,37.11,70668711,2729036096.0
2016-01-27,sz.300059,37.11,38.72,35.77,38.28,86137763,3224431584.0
2016-01-28,sz.300059,37.63,37.89,36.34,36.68,56039034,2076389760.0
2016-01-29,sz.300059,36.58,39.15,36.5,38.55,76729460,2927426128.0
2016-02-01,sz.300059,38.38,38.38,36.88,37.62,53747676,2024101776.0
2016-02-02,sz.300059,37.95,40.5,37.75,39.45,71874505,2824841968.0
2016-02-03,sz.300059,38.55,39.88,38.33,39.41,48964214,1904862592.0
2016-02-04,sz.300059,39.65,41.2,39.6,40.15,62717869,2524572384.0
2016-02-05,sz.300059,39.8,40.44,38.99,39.0,47523625,1880890000.0
2016-02-15,sz.300059,37.25,39.11,37.25,38.62,36078915,1377856816.0
2016-02-16,sz.300059,39.1,42.48,39.02,41.71,89901174,3691430288.0
2016-02-17,sz.300059,41.3,41.85,40.83,41.59,56321512,2329761792.0
2016-02-18,sz.300059,42.12,43.42,41.31,41.43,62774288,2652874240.0
2016-02-19,sz.300059,41.18,42.5,41.01,41.83,51549586,2148195488.0
2016-02-22,sz.300059,42.35,42.65,41.26,42.52,78184263,3285487232.0
2016-02-23,sz.300059,42.58,42.58,40.81,41.4,54856168,2275953728.0
2016-02-24,sz.300059,41.15,41.79,39.95,41.09,47844014,1952338864.0
2016-02-25,sz.300059,40.81,40.9,36.98,36.98,76734306,2952259040.0
2016-02-26,sz.300059,37.22,37.62,36.0,36.87,46376571,1716190704.0
2016-02-29,sz.300059,36.45,36.45,33.18,33.18,76171291,2567839936.0
2016-03-01,sz.300059,33.18,35.54,32.35,34.5,77167322,2624780208.0
2016-03-02,sz.300059,34.29,36.75,33.8,36.26,87491769,3076248160.0
2016-03-03,sz.300059,36.25,37.58,36.0,36.15,79007745,2897190032.0
2016-03-04,sz.300059,35.69,36.11,33.49,34.2,72277627,2502323904.0
2016-03-07,sz.300059,35.04,36.86,34.91,35.28,64884191,2319475248.0
2016-03-08,sz.300059,34.88,36.83,33.3,36.5,87493971,3109708464.0
2016-03-09,sz.300059,35.59,36.35,35.19,35.42,51896521,1856678512.0
2016-03-10,sz.300059,35.41,36.0,34.02,34.45,49674538,1738264832.0
2016-03-11,sz.300059,33.75,34.99,33.5,34.7,41127353,1413071856.0
2016-03-14,sz.300059,35.4,37.64,35.08,36.59,95127701,3486986384.0
2016-03-15,sz.300059,36.5,36.8,35.66,35.76,53965538,1950521520.0
2016-03-16,sz.300059,36.7,36.8,34.81,35.31,65705358,2346743456.0
2016-03-17,sz.300059,35.51,38.84,35.4,38.84,167176416,6337431808.0
2016-03-18,sz.300059,39.19,42.72,38.85,42.72,175774030,7152212480.0
2016-03-21,sz.300059,44.8,46.77,43.9,45.01,211925839,9531707904.0
2016-03-22,sz.300059,43.49,44.5,43.04,43.83,120607003,5286673152.0
2016-03-23,sz.300059,43.71,47.0,43.53,46.6,154680667,6978278144.0
2016-03-24,sz.300059,45.2,47.3,44.5,44.55,154297696,7021648896.0
2016-03-25,sz.300059,44.0,44.7,42.8,43.76,88170789,3847322064.0
2016-03-28,sz.300059,44.11,44.48,42.71,43.04,71227096,3108517344.0
2016-03-29,sz.300059,42.81,43.99,41.88,42.79,88717983,3813079696.0
2016-03-30,sz.300059,43.4,45.5,43.13,44.97,131479104,5833234176.0
2016-03-31,sz.300059,44.8,45.3,44.18,44.3,88924425,3964865664.0
2016-04-01,sz.300059,44.0,44.07,42.19,43.0,70761908,3047814400.0
2016-04-05,sz.300059,43.0,45.8,42.59,44.74,93526419,4145079184.0
2016-04-06,sz.300059,44.3,44.49,43.65,44.2,59592216,2628431312.0
2016-04-07,sz.300059,44.46,44.53,42.8,42.8,58072177,2525480000.0
2016-04-08,sz.300059,42.33,43.3,41.66,42.5,59047557,2509210112.0
2016-04-11,sz.300059,43.79,44.4,43.25,43.29,82763537,3628925104.0
2016-04-12,sz.300059,43.75,44.5,42.71,44.5,82879558,3621178640.0
2016-04-13,sz.300059,45.3,47.0,45.0,45.35,134772182,6202322688.0
2016-04-14,sz.300059,45.77,46.48,45.11,46.0,72949467,3342487168.0
2016-04-15,sz.300059,47.01,47.17,45.0,45.29,61731261,2816338640.0
2016-04-18,sz.300059,24.36,24.41,23.5,23.85,107982809,2587360208.0
2016-04-19,sz.300059,23.95,24.27,23.43,23.83,89211940,2124656320.0
2016-04-20,sz.300059,23.82,23.96,21.51,21.92,164493257,3700561952.0
2016-04-21,sz.300059,21.8,22.06,21.01,21.1,102267378,2208904560.0
2016-04-22,sz.300059,20.81,21.93,20.75,21.82,104964448,2261477920.0
2016-05-03,sz.300059,21.82,23.15,20.81,22.93,147463256,3291712480.0
2016-05-04,sz.300059,22.7,23.08,22.4,22.48,89122866,2018558624.0
2016-05-05,sz.300059,22.37,22.8,22.3,22.65,67080254,1512058080.0
2016-05-06,sz.300059,22.7,22.97,21.36,21.4,99086487,2198904704.0
2016-05-09,sz.300059,21.01,21.15,20.03,20.3,97342680,1993660272.0
2016-05-10,sz.300059,20.3,20.59,20.13,20.37,58548159,1191790752.0
2016-05-11,sz.300059,20.5,20.57,19.8,19.86,70344612,1420818480.0
2016-05-12,sz.300059,19.51,19.94,19.22,19.89,66887494,1309113696.0
2016-05-13,sz.300059,19.7,20.16,19.37,19.65,60509414,1194214768.0
2016-05-16,sz.300059,19.65,20.29,19.46,20.18,65489409,1306772656.0
2016-05-17,sz.300059,20.2,21.56,19.71,20.6,126407401,2599583440.0
2016-05-18,sz.300059,20.11,20.24,19.41,19.85,83987956,1672566128.0
2016-05-19,sz.300059,19.85,20.95,19.83,20.07,96970789,1976572464.0
2016-05-20,sz.300059,19.8,20.76,19.76,20.74,100616883,2053262064.0
2016-05-23,sz.300059,20.68,21.06,20.57,20.75,97457863,2027663392.0
2016-05-24,sz.300059,20.37,20.59,20.05,20.31,69873432,1417740592.0
2016-05-25,sz.300059,20.59,20.9,20.2,20.26,82807778,1702923024.0
2016-05-26,sz.300059,20.3,20.78,19.67,20.59,92616702,1869807600.0
2016-05-27,sz.300059,20.41,20.47,20.07,20.19,69146954,1402881504.0
2016-05-30,sz.300059,19.89,20.36,19.8,19.99,55194736,1107334224.0
2016-05-31,sz.300059,20.05,21.99,20.05,21.99,206394966,4446880256.0
2016-06-01,sz.300059,22.48,22.66,21.96,21.99,190841513,4247108416.0
2016-06-02,sz.300059,21.8,22.41,21.7,22.27,127506733,2822561008.0
2016-06-03,sz.300059,22.31,24.1,22.03,23.0,211539727,4861634048.0
2016-06-06,sz.300059,22.99,23.35,22.69,23.0,117768354,2705223776.0
2016-06-07,sz.300059,23.01,23.07,22.56,22.7,90064644,2049199568.0
2016-06-08,sz.300059,22.52,22.58,22.11,22.31,87663599,1961028560.0
2016-06-13,sz.300059,21.87,22.23,20.5,20.51,121377182,2604112912.0
2016-06-14,sz.300059,20.4,20.67,20.13,20.58,81607113,1668805808.0
2016-06-15,sz.300059,20.35,21.75,20.33,21.27,118764082,2512488480.0
2016-06-16,sz.300059,21.1,21.32,20.69,20.8,74037265,1554434480.0
2016-06-17,sz.300059,20.9,21.62,20.88,21.01,89432228,1901066544.0
2016-06-20,sz.300059,20.88,21.09,20.52,20.87,61344872,1274218976.0
2016-06-21,sz.300059,21.2,22.11,20.83,21.04,130077465,2791438864.0
2016-06-22,sz.300059,20.85,21.83,20.62,21.8,107833020,2308365088.0
2016-06-23,sz.300059,21.8,21.84,21.2,21.59,93536822,2016246016.0
2016-06-24,sz.300059,21.4,21.98,20.61,21.23,124989861,2671529568.0
2016-06-27,sz.300059,21.09,21.85,21.09,21.79,97901288,2111704112.0
2016-06-28,sz.300059,21.57,22.4,21.28,22.08,139927411,3049208048.0
2016-06-29,sz.300059,22.1,22.28,21.85,21.9,101672678,2240140048.0
2016-06-30,sz.300059,21.93,22.61,21.93,22.2,119644096,2664272704.0
2016-07-01,sz.300059,22.2,22.39,21.75,21.9,79972354,1762466784.0
2016-07-04,sz.300059,21.6,23.48,21.57,22.73,154863999,3501810016.0
2016-07-05,sz.300059,22.58,22.9,22.48,22.63,95614080,2166044192.0
2016-07-06,sz.300059,22.6,22.63,22.26,22.45,81466120,1825316448.0
2016-07-07,sz.300059,22.32,22.48,21.88,22.19,84016836,1864139952.0
2016-07-08,sz.300059,22.2,22.48,22.07,22.17,74103229,1651489840.0
2016-07-11,sz.300059,22.3,22.49,21.99,22.0,74309572,1652748080.0
2016-07-12,sz.300059,22.01,22.79,21.9,22.63,133277875,2973967232.0
2016-07-13,sz.300059,22.66,23.2,22.54,22.65,154774724,3540614192.0
2016-07-14,sz.300059,22.65,22.69,22.32,22.46,66849271,1502568352.0
2016-07-15,sz.300059,22.1,22.2,20.87,21.09,206494384,4438373632.0
2016-07-18,sz.300059,20.87,20.95,20.56,20.78,91207770,1892747680.0
2016-07-19,sz.300059,20.81,21.05,20.72,20.98,62670985,1310012096.0
2016-07-20,sz.300059,20.96,21.17,20.75,20.8,59668433,1250469872.0
2016-07-21,sz.300059,20.84,21.12,20.8,20.87,62133228,1303568192.0
2016-07-22,sz.300059,20.78,20.87,20.45,20.47,73507364,1513950400.0
2016-07-25,sz.300059,20.45,20.82,20.36,20.6,48030865,990364144.0
2016-07-26,sz.300059,20.6,21.05,20.51,20.85,53692686,1120896656.0
2016-07-27,sz.300059,20.93,20.94,19.4,19.83,105701612,2123970480.0
2016-07-28,sz.300059,19.82,20.09,19.53,19.74,56321972,1113724112.0
2016-07-29,sz.300059,19.82,19.88,19.45,19.55,37521157,736485024.0
2016-08-01,sz.300059,19.4,19.4,18.66,18.87,65957936,1248335024.0
2016-08-02,sz.300059,18.9,19.04,18.81,18.94,34515406,652608224.0
2016-08-03,sz.300059,18.85,18.97,18.66,18.79,37957850,713801680.0
2016-08-04,sz.300059,18.81,19.35,18.73,19.07,55428715,1055470128.0
2016-08-05,sz.300059,19.05,19.11,18.81,18.91,39333636,745386832.0
2016-08-08,sz.300059,18.86,19.76,18.71,19.61,82138175,1584343904.0
2016-08-09,sz.300059,19.5,19.65,19.35,19.63,42447707,827821072.0
2016-08-10,sz.300059,19.63,19.78,19.46,19.48,44063180,864539072.0
2016-08-11,sz.300059,19.45,19.75,19.35,19.38,46435820,907775152.0
2016-08-12,sz.300059,19.37,19.51,18.9,19.5,60064295,1158857968.0
2016-08-15,sz.300059,19.45,21.45,19.4,21.45,284272432,5938299648.0
2016-08-16,sz.300059,21.3,21.59,21.09,21.14,144728544,3079768144.0
2016-08-17,sz.300059,21.17,21.44,20.65,20.82,108010380,2266821440.0
2016-08-18,sz.300059,20.75,21.2,20.69,20.86,84580911,1764620880.0
2016-08-19,sz.300059,20.78,20.88,20.63,20.72,50306077,1042564256.0
2016-08-22,sz.300059,20.72,20.95,20.03,20.06,71903211,1466098112.0
2016-08-23,sz.300059,19.98,20.25,19.9,20.07,47432066,952099024.0
2016-08-24,sz.300059,20.14,20.37,19.97,20.07,55529143,1119633280.0
2016-08-25,sz.300059,19.87,19.87,19.52,19.76,68087545,1340849728.0
2016-08-26,sz.300059,19.85,20.35,19.74,19.77,71176503,1425662480.0
2016-08-29,sz.300059,19.81,20.05,19.72,19.9,32459043,645315536.0
2016-08-30,sz.300059,19.99,20.24,19.8,19.97,47983380,959834832.0
2016-08-31,sz.300059,19.97,20.17,19.76,20.14,52478471,1049306672.0
2016-09-01,sz.300059,20.14,20.16,19.8,19.8,40436005,808184464.0
2016-09-02,sz.300059,19.65,20.09,19.62,19.8,36003025,714588848.0
2016-09-05,sz.300059,19.89,20.08,19.74,19.8,32104690,639130064.0
2016-09-06,sz.300059,19.76,20.32,19.51,20.18,72666513,1452595104.0
2016-09-07,sz.300059,20.14,20.22,19.91,19.94,46117064,924698240.0
2016-09-08,sz.300059,19.9,20.13,19.82,19.95,39963273,798072208.0
2016-09-09,sz.300059,19.9,19.96,19.64,19.65,43676475,864592224.0
2016-09-12,sz.300059,19.28,19.34,19.01,19.02,67756780,1297026400.0
2016-09-13,sz.300059,19.17,19.21,18.97,19.1,29013792,553873744.0
2016-09-14,sz.300059,18.99,19.53,18.87,19.09,43223357,829360560.0
2016-09-19,sz.300059,19.09,19.45,19.08,19.21,31627425,608515648.0
2016-09-20,sz.300059,19.21,19.23,19.06,19.15,21603342,413178720.0
2016-09-21,sz.300059,19.14,19.35,19.12,19.18,31701393,609288960.0
2016-09-22,sz.300059,19.35,19.38,19.03,19.12,34374502,661372224.0
2016-09-23,sz.300059,19.18,19.23,19.04,19.08,21862370,418199904.0
2016-09-26,sz.300059,19.0,19.28,18.85,18.88,39473137,752470192.0
2016-09-27,sz.300059,18.87,19.15,18.85,19.12,28896299,548798192.0
2016-09-28,sz.300059,19.12,19.17,18.96,19.06,23632261,450369360.0
2016-09-29,sz.300059,19.1,19.32,19.04,19.14,38892548,746170960.0
2016-09-30,sz.300059,19.05,19.2,19.02,19.15,22602977,432414016.0
2016-10-10,sz.300059,19.34,19.75,19.19,19.6,64278377,1252183120.0
2016-10-11,sz.300059,19.6,19.61,19.39,19.5,34406286,670453872.0
2016-10-12,sz.300059,19.42,19.52,19.32,19.39,26008247,504854832.0
2016-10-13,sz.300059,19.45,19.62,19.4,19.46,38881657,758641344.0
2016-10-14,sz.300059,19.39,19.45,19.09,19.26,35193106,676767168.0
2016-10-17,sz.300059,19.22,19.27,18.92,18.96,34943767,667521568.0
2016-10-18,sz.300059,19.0,19.67,18.98,19.45,63790096,1236331728.0
2016-10-19,sz.300059,19.49,19.5,19.23,19.28,41918854,810080928.0
2016-10-20,sz.300059,19.3,19.33,19.14,19.23,30948945,595601152.0
2016-10-21,sz.300059,19.24,19.5,19.12,19.21,45393749,876045184.0
2016-10-24,sz.300059,19.22,19.98,19.11,19.58,97442613,1908513200.0
2016-10-25,sz.300059,19.55,19.57,19.41,19.48,42198790,821263296.0
2016-10-26,sz.300059,19.41,19.64,19.35,19.44,37361204,727613728.0
2016-10-27,sz.300059,19.45,19.79,19.41,19.6,55123275,1081274080.0
2016-10-28,sz.300059,19.73,20.37,19.63,19.68,117422372,2352794832.0
2016-10-31,sz.300059,19.44,19.56,19.28,19.46,37023729,718655984.0
2016-11-01,sz.300059,19.48,19.69,19.42,19.62,41579794,814428176.0
2016-11-02,sz.300059,19.57,19.75,19.33,19.35,49676946,968649456.0
2016-11-03,sz.300059,19.25,20.15,19.2,19.65,94445596,1861278448.0
2016-11-04,sz.300059,19.6,20.04,19.54,19.65,71233371,1407968528.0
2016-11-07,sz.300059,19.65,19.8,19.37,19.49,41153998,801003904.0
2016-11-08,sz.300059,19.65,19.77,19.52,19.61,43420202,852570672.0
2016-11-09,sz.300059,19.65,19.7,19.02,19.25,60802356,1176460192.0
2016-11-10,sz.300059,19.51,19.71,19.39,19.53,57806786,1131686368.0
2016-11-11,sz.300059,19.54,20.28,19.54,20.07,149468528,2988357184.0
2016-11-14,sz.300059,20.06,21.08,20.03,20.55,179782873,3710378512.0
2016-11-15,sz.300059,20.45,20.66,20.15,20.53,77976768,1590942368.0
2016-11-16,sz.300059,20.53,21.1,20.33,20.36,122195285,2538823136.0
2016-11-17,sz.300059,20.27,20.36,20.04,20.26,54084930,1090561824.0
2016-11-18,sz.300059,20.2,20.4,20.03,20.08,42192556,852547616.0
2016-11-21,sz.300059,19.99,20.49,19.95,20.08,50822806,1027319952.0
2016-11-22,sz.300059,20.11,21.2,19.96,21.2,133767597,2754256240.0
2016-11-23,sz.300059,21.33,21.55,20.83,20.9,180525221,3822364448.0
2016-11-24,sz.300059,20.77,21.26,20.61,20.77,108720518,2276141200.0
2016-11-25,sz.300059,20.77,21.09,20.25,21.0,105267902,2185796736.0
2016-11-28,sz.300059,21.1,21.4,20.83,20.9,102216318,2154945808.0
2016-11-29,sz.300059,20.78,21.38,20.45,21.15,146972872,3084406672.0
2016-11-30,sz.300059,21.0,22.45,20.96,21.68,216204959,4710832128.0
2016-12-01,sz.300059,21.51,21.8,21.41,21.76,104007291,2244407552.0
2016-12-02,sz.300059,21.74,22.07,21.01,21.07,111419091,2396728752.0
2016-12-05,sz.300059,20.7,21.32,20.35,20.52,99852672,2073200480.0
2016-12-06,sz.300059,20.55,20.68,19.88,19.99,86596504,1749062864.0
2016-12-07,sz.300059,19.96,20.09,19.9,20.07,51161235,1023825520.0
2016-12-08,sz.300059,20.11,20.13,19.63,19.66,64667731,1284679808.0
2016-12-09,sz.300059,19.62,19.85,19.45,19.7,68561498,1348170208.0
2016-12-12,sz.300059,19.64,19.64,18.01,18.1,129905383,2451846464.0
2016-12-13,sz.300059,18.01,18.28,17.68,17.99,66736523,1202612144.0
2016-12-14,sz.300059,18.0,18.33,17.8,18.0,56540246,1020725200.0
2016-12-15,sz.300059,17.97,18.34,17.88,18.13,47621349,865626848.0
2016-12-16,sz.300059,18.13,18.81,18.06,18.36,56031988,1033826016.0
2016-12-19,sz.300059,18.26,18.29,17.94,18.01,39460911,713050128.0
2016-12-20,sz.300059,18.06,18.16,17.9,18.05,29803569,536565424.0
2016-12-21,sz.300059,18.15,18.26,18.02,18.14,38879667,704609056.0
2016-12-22,sz.300059,18.14,18.14,17.85,17.93,30715906,551360160.0
2016-12-23,sz.300059,17.85,17.97,17.14,17.17,65439162,1145130480.0
2016-12-26,sz.300059,16.9,17.37,16.68,17.3,49578475,841953888.0
2016-12-27,sz.300059,17.2,17.34,17.12,17.17,27323393,470686816.0
2016-12-28,sz.300059,17.18,17.29,17.0,17.07,24332103,416276176.0
2016-12-29,sz.300059,17.04,17.22,16.93,16.95,28927927,494041200.0
2016-12-30,sz.300059,16.92,17.1,16.9,16.93,23103504,392439136.0
2017-01-03,sz.300059,17.0,17.21,16.99,17.08,38645753,660102480.0
2017-01-04,sz.300059,17.0,17.31,16.9,17.29,60292773,1034325824.0
2017-01-05,sz.300059,17.3,17.4,17.15,17.23,36712677,633420096.0
2017-01-06,sz.300059,17.28,17.3,17.05,17.07,28628731,489967472.0
2017-01-09,sz.300059,17.08,17.15,16.95,17.1,26894822,458920112.0
2017-01-10,sz.300059,17.06,17.13,17.0,17.0,25565754,435882320.0
2017-01-11,sz.300059,16.93,17.06,16.64,16.79,41794481,703950544.0
2017-01-12,sz.300059,16.75,16.95,16.75,16.77,28794361,484763248.0
2017-01-13,sz.300059,16.8,16.9,16.4,16.42,42952687,714869136.0
2017-01-16,sz.300059,16.46,16.55,14.8,15.39,68280342,1079283024.0
2017-01-17,sz.300059,15.34,16.3,15.1,15.99,73057407,1146574928.0
2017-01-18,sz.300059,15.8,15.99,15.66,15.72,37482430,591352336.0
2017-01-19,sz.300059,15.65,15.85,15.52,15.74,27984499,439561712.0
2017-01-20,sz.300059,15.74,16.33,15.67,16.01,48993122,787124896.0
2017-01-23,sz.300059,16.09,16.2,16.0,16.1,31087802,499918384.0
2017-01-24,sz.300059,16.09,16.1,15.8,15.89,25011363,397941872.0
2017-01-25,sz.300059,15.81,16.01,15.8,15.88,21827175,347085536.0
2017-01-26,sz.300059,15.87,16.06,15.85,15.92,23103655,368827792.0
2017-02-03,sz.300059,15.95,15.97,15.52,15.59,29917623,469063616.0
2017-02-06,sz.300059,15.57,15.87,15.52,15.75,27660548,434096912.0
2017-02-07,sz.300059,15.66,15.72,15.49,15.58,25039068,390353616.0
2017-02-08,sz.300059,15.55,16.07,15.49,16.03,54594304,863392576.0
2017-02-09,sz.300059,15.92,16.18,15.9,16.04,43502275,697881424.0
2017-02-10,sz.300059,16.02,16.29,15.97,16.06,48047055,775059104.0
2017-02-13,sz.300059,16.05,17.17,15.97,16.76,95860833,1599638512.0
2017-02-14,sz.300059,16.61,16.7,16.43,16.55,44009968,728473488.0
2017-02-15,sz.300059,16.52,17.15,16.51,16.54,71137647,1196404688.0
2017-02-16,sz.300059,16.5,16.75,16.34,16.66,39638277,657120720.0
2017-02-17,sz.300059,16.66,17.14,16.6,16.61,64391698,1084338704.0
2017-02-20,sz.300059,16.55,16.75,16.26,16.74,52708813,868511152.0
2017-02-21,sz.300059,16.74,17.1,16.61,16.91,57352619,970000880.0
2017-02-22,sz.300059,16.85,16.98,16.68,16.81,38673379,649584496.0
2017-02-23,sz.300059,16.86,16.86,16.56,16.71,34734019,578881136.0
2017-02-24,sz.300059,16.71,16.96,16.61,16.7,37530591,629081584.0
2017-02-27,sz.300059,16.66,16.7,16.4,16.44,36029292,596369680.0
2017-02-28,sz.300059,16.41,16.64,16.38,16.53,20810164,343938320.0
2017-03-01,sz.300059,16.55,16.8,16.47,16.61,32209681,536491392.0
2017-03-02,sz.300059,16.69,16.85,16.39,16.42,36655269,608794512.0
2017-03-03,sz.300059,16.3,16.38,16.2,16.27,30222021,492046720.0
2017-03-06,sz.300059,16.2,16.58,16.2,16.5,41291591,677908256.0
2017-03-07,sz.300059,16.57,16.58,16.37,16.45,32893095,541244496.0
2017-03-08,sz.300059,16.48,16.49,16.16,16.21,39095037,636800688.0
2017-03-09,sz.300059,16.25,16.25,15.85,15.94,36389073,581371568.0
2017-03-10,sz.300059,15.95,16.04,15.9,16.0,23365797,373443360.0
2017-03-13,sz.300059,15.98,16.05,15.72,16.0,24425490,388575632.0
2017-03-14,sz.300059,16.0,16.07,15.82,15.87,24378716,388376368.0
2017-03-15,sz.300059,15.85,16.08,15.68,15.91,43782772,695499232.0
2017-03-16,sz.300059,15.89,16.15,15.85,16.1,44058264,706661984.0
2017-03-17,sz.300059,16.17,16.48,15.89,15.9,67249927,1088269936.0
2017-03-20,sz.300059,15.82,15.86,15.61,15.78,39954083,628324320.0
2017-03-21,sz.300059,15.85,15.85,15.65,15.71,21772484,342275504.0
2017-03-22,sz.300059,15.6,15.67,15.44,15.46,31318490,486341664.0
2017-03-23,sz.300059,15.5,15.65,15.32,15.47,25759772,399404064.0
2017-03-24,sz.300059,15.47,15.8,15.39,15.62,31255894,487062528.0
2017-03-27,sz.300059,15.66,15.79,15.52,15.58,30723528,480688592.0
2017-03-28,sz.300059,15.57,15.68,15.55,15.6,15624816,243792664.0
2017-03-29,sz.300059,15.63,15.68,15.39,15.4,25960036,403003920.0
2017-03-30,sz.300059,15.35,15.37,14.91,14.93,44066633,665197296.0
2017-03-31,sz.300059,14.9,15.1,14.88,14.98,26554836,397444208.0
2017-04-05,sz.300059,14.97,15.17,14.76,15.12,41197083,619926432.0
2017-04-06,sz.300059,15.12,15.12,14.97,14.99,26151841,393095744.0
2017-04-07,sz.300059,14.99,15.05,14.83,14.85,29997904,447321200.0
2017-04-10,sz.300059,14.93,14.93,14.59,14.64,33979542,501187408.0
2017-04-11,sz.300059,14.61,14.83,14.52,14.79,36885545,540519168.0
2017-04-12,sz.300059,14.8,14.98,14.7,14.8,34510976,512588832.0
2017-04-13,sz.300059,14.78,14.97,14.75,14.83,20589723,306158304.0
2017-04-14,sz.300059,14.8,15.1,14.77,14.95,36183781,539791600.0
2017-04-17,sz.300059,14.9,14.92,14.55,14.63,30343266,446244000.0
2017-04-18,sz.300059,12.18,12.19,11.58,11.66,43387513,515710256.0
2017-04-19,sz.300059,11.61,11.61,11.16,11.33,43993875,497859840.0
2017-04-20,sz.300059,11.25,11.5,11.2,11.4,43234667,490505984.0
2017-04-21,sz.300059,11.35,11.43,11.1,11.14,36624491,411404080.0
2017-04-24,sz.300059,11.1,11.1,10.5,10.68,52458101,562831760.0
2017-04-25,sz.300059,10.7,10.95,10.66,10.7,34313493,370568528.0
2017-04-26,sz.300059,10.69,10.89,10.59,10.75,34031080,365687616.0
2017-04-27,sz.300059,10.7,11.34,10.37,11.14,87032091,948010256.0
2017-04-28,sz.300059,11.04,11.13,10.97,11.1,34758370,384231232.0
2017-05-02,sz.300059,11.08,11.14,10.97,11.02,24047931,265691786.0
2017-05-03,sz.300059,10.98,11.13,10.9,11.03,29578748,325677344.0
2017-05-04,sz.300059,11.0,11.05,10.75,10.77,36663934,399592832.0
2017-05-05,sz.300059,10.66,10.72,10.38,10.38,50075069,527292832.0
2017-05-08,sz.300059,10.25,11.2,10.23,10.93,109970816,1192486896.0
2017-05-09,sz.300059,10.88,11.22,10.81,11.2,84994116,937585040.0
2017-05-10,sz.300059,11.12,11.23,10.8,10.8,56154615,618196304.0
2017-05-11,sz.300059,10.7,11.14,10.63,11.0,60111911,657847440.0
2017-05-12,sz.300059,10.91,11.05,10.73,10.9,51279769,558641440.0
2017-05-15,sz.300059,10.92,11.0,10.55,10.63,48238758,521967712.0
2017-05-16,sz.300059,10.58,10.9,10.36,10.9,55526708,589328192.0
2017-05-17,sz.300059,10.86,11.99,10.83,11.29,176214538,2026829440.0
2017-05-18,sz.300059,11.15,11.66,11.12,11.47,114140945,1300465296.0
2017-05-19,sz.300059,11.52,11.57,11.1,11.16,66929907,753515472.0
2017-05-22,sz.300059,11.11,11.38,11.02,11.08,57767751,647855072.0
2017-05-23,sz.300059,11.04,11.31,11.02,11.06,57513385,642333072.0
2017-05-24,sz.300059,11.0,11.38,10.76,11.38,91828198,1026646128.0
2017-05-25,sz.300059,11.35,11.96,11.18,11.7,133721346,1548421888.0
2017-05-26,sz.300059,11.59,11.82,11.52,11.6,78563881,917322192.0
2017-05-31,sz.300059,11.79,12.1,11.68,11.79,120233790,1428227792.0
2017-06-01,sz.300059,11.7,12.02,11.4,11.47,85991084,1007483824.0
2017-06-02,sz.300059,11.47,12.4,11.4,12.13,142874279,1697369600.0
2017-06-05,sz.300059,12.01,12.42,12.01,12.21,116599091,1421778768.0
2017-06-06,sz.300059,12.12,12.33,12.06,12.17,63867628,777202768.0
2017-06-07,sz.300059,12.2,12.75,12.13,12.59,126756303,1583401600.0
2017-06-08,sz.300059,12.56,12.77,12.46,12.54,74194540,932602512.0
2017-06-09,sz.300059,12.57,12.65,12.33,12.43,72263284,898144288.0
2017-06-12,sz.300059,12.33,12.44,12.16,12.26,57809119,710057216.0
2017-06-13,sz.300059,12.24,12.64,12.21,12.5,78303224,974587472.0
2017-06-14,sz.300059,12.49,12.49,12.24,12.24,54406020,672044928.0
2017-06-15,sz.300059,12.21,12.73,12.19,12.5,101331608,1268981664.0
2017-06-16,sz.300059,12.48,12.63,12.37,12.45,43393061,541947888.0
2017-06-19,sz.300059,12.38,12.58,12.37,12.53,42033128,525083440.0
2017-06-20,sz.300059,12.53,12.7,12.24,12.24,77172862,964399584.0
2017-06-21,sz.300059,12.3,12.39,11.82,12.01,94593823,1143573248.0
2017-06-22,sz.300059,11.93,12.15,11.78,11.79,65133228,778913760.0
2017-06-23,sz.300059,11.75,11.86,11.47,11.76,62130700,724669504.0
2017-06-26,sz.300059,11.76,12.04,11.71,12.03,65041191,773078112.0
2017-06-27,sz.300059,12.03,12.55,11.99,12.35,107202112,1320506432.0
2017-06-28,sz.300059,12.28,12.34,12.12,12.31,49142325,600869248.0
2017-06-29,sz.300059,12.34,12.58,12.22,12.3,80597543,998305216.0
2017-06-30,sz.300059,12.19,12.21,11.92,12.02,63317254,764276480.0
2017-07-03,sz.300059,12.02,12.42,11.96,12.35,73534478,901783232.0
2017-07-04,sz.300059,12.35,12.41,12.13,12.29,56173616,688699792.0
2017-07-05,sz.300059,12.3,12.44,12.1,12.35,68318241,836338656.0
2017-07-06,sz.300059,12.33,12.36,11.98,12.08,63724107,775688928.0
2017-07-07,sz.300059,12.07,12.25,11.97,12.11,50798837,614182624.0
2017-07-10,sz.300059,12.02,12.14,11.8,11.8,63954992,764558960.0
2017-07-11,sz.300059,11.77,11.93,11.69,11.7,48370727,570824384.0
2017-07-12,sz.300059,11.7,11.85,11.25,11.73,82134361,948575184.0
2017-07-13,sz.300059,11.67,11.81,11.56,11.66,42332664,494119120.0
2017-07-14,sz.300059,11.63,11.85,11.55,11.61,45952459,538034160.0
2017-07-17,sz.300059,11.1,11.1,10.45,10.45,114725419,1238951168.0
2017-07-18,sz.300059,10.31,10.78,10.2,10.59,78803964,826798640.0
2017-07-19,sz.300059,10.54,10.83,10.42,10.83,70859725,756806624.0
2017-07-20,sz.300059,10.91,11.31,10.87,10.95,87821812,975631408.0
2017-07-21,sz.300059,10.91,11.02,10.77,10.83,42860188,466013808.0
2017-07-24,sz.300059,10.78,10.93,10.66,10.8,46956315,507169872.0
2017-07-25,sz.300059,10.74,10.94,10.74,10.78,40113391,434461392.0
2017-07-26,sz.300059,10.78,10.84,10.64,10.69,36303233,389539200.0
2017-07-27,sz.300059,10.7,11.69,10.64,11.56,158839798,1783730528.0
2017-07-28,sz.300059,11.38,11.48,11.25,11.33,87141498,987781408.0
2017-07-31,sz.300059,11.23,11.77,11.14,11.51,102173838,1171436144.0
2017-08-01,sz.300059,11.45,11.92,11.4,11.9,117406012,1371875488.0
2017-08-02,sz.300059,11.82,12.33,11.78,12.01,145224813,1754297872.0
2017-08-03,sz.300059,12.01,13.21,11.89,12.86,363929856,4691921664.0
2017-08-04,sz.300059,12.87,13.25,12.71,13.07,234462413,3049631328.0
2017-08-07,sz.300059,12.99,13.58,12.88,12.97,212585608,2803265200.0
2017-08-08,sz.300059,12.9,13.46,12.82,13.3,219904043,2890574800.0
2017-08-09,sz.300059,13.2,13.25,12.83,12.94,151449462,1974097792.0
2017-08-10,sz.300059,12.87,13.26,12.76,12.94,144822045,1884821536.0
2017-08-11,sz.300059,12.8,13.22,12.65,12.83,166817335,2157962640.0
2017-08-14,sz.300059,12.87,13.55,12.83,13.45,225277150,2981897648.0
2017-08-15,sz.300059,13.4,13.54,13.16,13.28,140713293,1870903984.0
2017-08-16,sz.300059,13.28,14.35,13.2,14.12,300937264,4175917424.0
2017-08-17,sz.300059,13.99,14.47,13.92,14.06,228594047,3239531216.0
2017-08-18,sz.300059,13.93,14.06,13.62,13.68,144571022,1998346048.0
2017-08-21,sz.300059,13.63,13.79,13.43,13.79,117366665,1598343312.0
2017-08-22,sz.300059,13.65,13.85,13.47,13.53,104611116,1424826544.0
2017-08-23,sz.300059,13.56,13.61,13.05,13.16,147000914,1955157488.0
2017-08-24,sz.300059,13.14,13.32,12.95,13.21,117489633,1545146752.0
2017-08-25,sz.300059,13.17,13.95,13.12,13.95,208159272,2829295264.0
2017-08-28,sz.300059,14.03,15.3,13.88,14.82,351087856,5143302400.0
2017-08-29,sz.300059,14.66,14.95,14.51,14.74,162386356,2388499552.0
2017-08-30,sz.300059,14.74,15.11,14.62,14.69,149758579,2226276960.0
2017-08-31,sz.300059,14.64,14.94,14.64,14.84,111683196,1649079504.0
2017-09-01,sz.300059,14.88,15.48,14.67,15.27,189714157,2857524640.0
2017-09-04,sz.300059,15.18,15.38,14.95,15.06,138720759,2104460304.0
2017-09-05,sz.300059,15.0,15.14,14.67,14.67,113862393,1689896816.0
2017-09-06,sz.300059,14.68,15.08,14.6,15.0,115616559,1718507408.0
2017-09-07,sz.300059,15.05,15.68,14.7,14.71,215985222,3279884032.0
2017-09-08,sz.300059,14.66,14.78,14.4,14.53,122201971,1776828800.0
2017-09-11,sz.300059,14.51,14.79,14.43,14.69,88661907,1294613920.0
2017-09-12,sz.300059,14.73,15.04,14.43,14.43,155123158,2287479414.89
2017-09-13,sz.300059,14.43,14.65,14.36,14.63,80654245,1170057398.16
2017-09-14,sz.300059,14.63,14.85,14.49,14.57,84037390,1230570262.07
2017-09-15,sz.300059,14.52,14.88,14.44,14.63,106923306,1568365592.17
2017-09-18,sz.300059,14.58,15.06,14.56,15.06,143856228,2143975444.42
2017-09-19,sz.300059,15.09,15.15,14.53,14.56,115829137,1713138786.97
2017-09-20,sz.300059,14.52,14.64,14.26,14.38,121204816,1745953586.02
2017-09-21,sz.300059,14.43,14.52,13.71,13.76,147860541,2094659814.31
2017-09-22,sz.300059,13.68,13.92,13.38,13.79,100965650,1377713015.49
2017-09-25,sz.300059,13.74,13.76,13.21,13.34,76108304,1029432289.96
2017-09-26,sz.300059,13.39,13.76,13.3,13.75,87049900,1179005696.81
2017-09-27,sz.300059,13.7,13.84,13.62,13.73,67226449,923222979.74
2017-09-28,sz.300059,13.68,13.83,13.68,13.69,54318032,747488519.73
2017-09-29,sz.300059,13.74,14.04,13.74,13.83,66828973,928656981.36
2017-10-09,sz.300059,14.31,14.42,13.99,14.04,95670906,1357219779.84
2017-10-10,sz.300059,14.04,14.3,13.99,14.29,80061814,1131626626.54
2017-10-11,sz.300059,14.28,14.44,14.11,14.13,67800700,966587709.83
2017-10-12,sz.300059,14.1,14.16,13.68,13.88,61965485,863771585.73
2017-10-13,sz.300059,13.89,14.14,13.69,14.03,61816620,861238102.2
2017-10-16,sz.300059,13.87,14.14,13.46,13.55,88539557,1219571050.04
2017-10-17,sz.300059,13.53,13.58,13.26,13.33,67333201,902589066.9
2017-10-18,sz.300059,13.4,13.63,13.31,13.34,72382161,973692888.48
2017-10-19,sz.300059,13.29,13.4,12.85,12.87,73034671,959136509.06
2017-10-20,sz.300059,12.88,13.15,12.78,13.08,49120396,639874252.31
2017-10-23,sz.300059,13.09,13.21,13.07,13.18,30106808,396164396.92
2017-10-24,sz.300059,13.18,13.39,13.01,13.39,51411907,678504936.17
2017-10-25,sz.300059,13.3,13.43,13.21,13.4,36827492,491387889.91
2017-10-26,sz.300059,13.39,13.64,13.27,13.39,67350146,907606198.06
2017-10-27,sz.300059,13.34,13.58,13.3,13.32,51002633,684736596.74
2017-10-30,sz.300059,13.26,13.27,12.22,12.3,124672748,1566201703.14
2017-10-31,sz.300059,12.25,12.47,12.12,12.36,65019335,801919501.01
2017-11-01,sz.300059,12.37,12.48,12.07,12.1,68814448,846034059.56
2017-11-02,sz.300059,12.1,12.44,11.96,12.25,81682839,997952101.24
2017-11-03,sz.300059,12.2,12.44,12.1,12.35,64101782,789034239.42
2017-11-06,sz.300059,12.35,12.5,12.11,12.4,53576263,658861195.28
2017-11-07,sz.300059,12.36,12.86,12.34,12.81,90530265,1143742842.65
2017-11-08,sz.300059,12.75,13.65,12.67,13.31,140303244,1860595813.27
2017-11-09,sz.300059,13.2,13.6,13.14,13.35,78307487,1047918442.98
2017-11-10,sz.300059,13.36,13.77,13.16,13.6,105056035,1416349844.72
2017-11-13,sz.300059,13.6,13.93,13.48,13.68,96290631,1321181369.35
2017-11-14,sz.300059,13.6,13.68,13.3,13.39,77478631,1040829098.52
2017-11-15,sz.300059,13.3,13.63,13.07,13.07,75774311,1010305669.83
2017-11-16,sz.300059,13.02,13.36,12.96,13.0,58084139,764239989.6
2017-11-17,sz.300059,13.12,13.46,12.75,12.86,92093357,1212503301.64
2017-11-20,sz.300059,12.73,12.78,12.22,12.74,71084378,894648006.42
2017-11-21,sz.300059,12.76,13.75,12.71,13.63,153049071,2055921999.32
2017-11-22,sz.300059,13.56,13.93,13.47,13.93,136814648,1874147935.1
2017-11-23,sz.300059,13.8,14.11,13.28,13.36,111708161,1533372055.48
2017-11-24,sz.300059,13.42,13.75,13.21,13.52,75844697,1029138790.19
2017-11-27,sz.300059,13.4,13.85,13.12,13.46,114295421,1546624316.34
2017-11-28,sz.300059,13.4,13.79,13.12,13.79,99848006,1341355190.69
2017-11-29,sz.300059,13.72,13.88,13.39,13.8,99258190,1356309971.76
2017-11-30,sz.300059,13.68,14.16,13.58,13.61,122853032,1704112576.86
2017-12-01,sz.300059,13.55,14.24,13.52,14.22,165278929,2317000307.37
2017-12-04,sz.300059,14.04,14.35,13.95,14.09,120821044,1705739790.14
2017-12-05,sz.300059,14.03,14.28,13.61,13.9,118123460,1643575406.15
2017-12-06,sz.300059,13.83,14.21,13.62,14.18,121390611,1689559376.67
2017-12-07,sz.300059,14.05,14.24,13.71,13.72,94788540,1325081490.73
2017-12-08,sz.300059,13.7,14.03,13.62,13.71,90697561,1251091439.92
2017-12-11,sz.300059,13.77,14.06,13.71,14.01,118169755,1646233673.3
2017-12-12,sz.300059,13.99,14.09,13.61,13.61,85391028,1180858233.6
2017-12-13,sz.300059,13.61,13.8,13.4,13.53,72698611,987395107.22
2017-12-14,sz.300059,13.57,13.58,12.96,13.1,125297229,1646390891.37
2017-12-15,sz.300059,13.04,13.19,12.96,13.04,56005440,732066786.9
2017-12-18,sz.300059,13.01,13.18,12.72,12.9,57736565,746250949.29
2017-12-19,sz.300059,12.91,13.3,12.91,13.27,80974945,1066873066.39
2017-12-20,sz.300059,13.15,13.19,12.82,12.88,68049151,883352383.67
2017-12-21,sz.300059,12.8,13.06,12.63,12.9,61311040,790187286.07
2017-12-22,sz.300059,12.86,13.06,12.82,12.9,38690411,501124520.74
2017-12-25,sz.300059,12.91,12.98,12.38,12.4,76256049,963898838.66
2017-12-26,sz.300059,12.4,12.63,12.38,12.59,41096020,515492139.85
2017-12-27,sz.300059,12.55,12.65,12.3,12.52,46785989,585183788.93
2017-12-28,sz.300059,12.49,13.03,12.44,12.93,89034283,1139870264.38
2017-12-29,sz.300059,12.89,13.04,12.79,12.95,44951634,580238038.37
2018-01-02,sz.300059,13.01,13.13,12.86,13.0,50837814,660022824.26
2018-01-03,sz.300059,13.03,13.33,12.92,13.24,93147394,1226259094.66
2018-01-04,sz.300059,13.15,13.18,12.94,13.05,63031217,821506660.89
2018-01-05,sz.300059,13.02,13.26,12.99,13.06,64489222,845376420.15
2018-01-08,sz.300059,13.0,13.39,12.85,13.2,102428124,1347551449.74
2018-01-09,sz.300059,13.21,13.28,12.94,13.0,61623568,804693872.31
2018-01-10,sz.300059,12.96,13.12,12.82,13.0,57721512,749097735.55
2018-01-11,sz.300059,12.95,13.39,12.74,13.3,132678214,1741720569.8
2018-01-12,sz.300059,13.31,13.47,13.15,13.23,95801726,1275214815.34
2018-01-15,sz.300059,13.11,13.11,12.51,12.62,92959209,1194910402.69
2018-01-16,sz.300059,12.59,12.65,12.32,12.63,94008851,1173405067.68
2018-01-17,sz.300059,12.68,13.45,12.62,13.18,177942779,2324835661.99
2018-01-18,sz.300059,13.13,13.34,13.04,13.14,81057451,1067763945.67
2018-01-19,sz.300059,13.17,13.97,13.08,13.65,196992172,2670582041.63
2018-01-22,sz.300059,13.66,14.78,13.53,14.36,240536876,3426714648.09
2018-01-23,sz.300059,14.28,14.73,14.2,14.66,193312916,2799518716.29
2018-01-24,sz.300059,14.58,16.13,14.51,15.99,398985376,6161091610.26
2018-01-25,sz.300059,15.98,16.87,15.73,15.98,375718736,6105883777.26
2018-01-26,sz.300059,16.15,16.57,15.92,16.39,246834270,4014689584.59
2018-01-29,sz.300059,16.27,16.45,15.86,16.08,218735245,3526565096.69
2018-01-30,sz.300059,16.03,16.34,15.71,15.88,164944403,2637067618.21
2018-01-31,sz.300059,15.68,15.7,15.0,15.29,247435176,3801669794.69
2018-02-01,sz.300059,15.4,15.68,14.95,15.15,217775091,3345607827.1
2018-02-02,sz.300059,14.84,15.56,14.7,15.15,226491616,3457789135.38
2018-02-05,sz.300059,14.91,15.38,14.73,15.24,156239820,2353808578.64
2018-02-06,sz.300059,14.78,15.5,14.04,14.18,230157721,3438985878.44
2018-02-07,sz.300059,14.59,15.06,14.16,14.58,249514207,3646316036.73
2018-02-08,sz.300059,14.33,14.71,14.23,14.35,144106165,2084310682.92
2018-02-09,sz.300059,13.8,13.97,12.92,12.92,245663886,3261967390.63
2018-02-12,sz.300059,12.98,13.29,12.6,13.13,170237294,2209077599.14
2018-02-13,sz.300059,13.16,13.53,13.02,13.05,139343602,1848154419.66
2018-02-14,sz.300059,12.95,13.05,12.71,12.82,97947201,1259630543.32
2018-02-22,sz.300059,13.04,13.59,12.95,13.41,137494637,1831421571.07
2018-02-23,sz.300059,13.42,13.51,13.15,13.32,103099972,1376330824.92
2018-02-26,sz.300059,13.62,14.05,13.38,13.93,162622730,2232202383.25
2018-02-27,sz.300059,13.9,14.06,13.77,13.89,145936826,2029610077.33
2018-02-28,sz.300059,13.65,14.13,13.55,13.79,142207264,1972185918.22
2018-03-01,sz.300059,13.57,14.2,13.51,14.16,183237396,2549920542.13
2018-03-02,sz.300059,13.95,14.15,13.63,13.65,139962665,1944487981.21
2018-03-05,sz.300059,13.75,13.93,13.63,13.88,89095425,1229525309.61
2018-03-06,sz.300059,13.98,14.24,13.92,14.03,149721322,2106954786.28
2018-03-07,sz.300059,13.92,14.14,13.77,13.82,85571002,1191675370.03
2018-03-08,sz.300059,13.76,13.93,13.71,13.8,60894214,840380018.17
2018-03-09,sz.300059,13.82,15.06,13.81,14.99,271895632,3931474255.29
2018-03-12,sz.300059,15.1,15.48,14.96,15.15,203068815,3077671156.88
2018-03-13,sz.300059,15.19,15.46,14.92,15.05,164557545,2498191534.73
2018-03-14,sz.300059,14.95,15.45,14.91,15.16,165246642,2514670589.62
2018-03-15,sz.300059,15.0,15.78,14.95,15.76,195977918,3004622565.62
2018-03-16,sz.300059,15.82,16.45,15.53,15.56,266104596,4273201752.52
2018-03-19,sz.300059,16.1,16.43,15.81,16.05,225961813,3641454899.21
2018-03-20,sz.300059,15.85,16.17,15.56,16.1,157891490,2508297711.14
2018-03-21,sz.300059,16.0,16.26,15.42,15.43,157152027,2495526738.76
2018-03-22,sz.300059,15.5,15.72,15.21,15.36,128807954,1990204252.71
2018-03-23,sz.300059,14.7,15.14,14.17,14.5,191754823,2816391342.27
2018-03-26,sz.300059,14.41,15.7,14.4,15.67,195369371,2926084088.85
2018-03-27,sz.300059,15.82,16.37,15.56,16.35,230432972,3681815394.02
2018-03-28,sz.300059,16.0,16.26,15.87,16.05,138968194,2233288592.84
2018-03-29,sz.300059,16.19,16.52,15.94,16.3,156044240,2534246373.43
2018-03-30,sz.300059,16.46,16.99,16.18,16.93,201448993,3327904827.24
2018-04-02,sz.300059,16.9,17.09,16.39,16.47,186494447,3128911749.17
2018-04-03,sz.300059,16.18,16.36,15.93,16.26,140016450,2258700204.42
2018-04-04,sz.300059,16.3,16.42,15.73,15.88,119978488,1930071632.29
2018-04-09,sz.300059,15.86,16.47,15.7,16.14,134146494,2164167729.45
2018-04-10,sz.300059,16.08,16.44,15.82,16.38,124669729,2009911021.45
2018-04-11,sz.300059,16.34,16.54,15.96,16.02,115759311,1878581483.73
2018-04-12,sz.300059,15.91,16.22,15.6,15.64,92418037,1468624873.14
2018-04-13,sz.300059,15.84,16.19,15.71,15.95,104746916,1673866117.49
2018-04-16,sz.300059,15.85,16.48,15.8,16.37,137569058,2232615108.99
2018-04-17,sz.300059,16.59,16.65,15.62,16.09,149985996,2416455249.09
2018-04-18,sz.300059,13.4,14.66,13.15,14.31,251123329,3472898978.86
2018-04-19,sz.300059,14.19,14.36,14.03,14.16,146669457,2082938553.93
2018-04-20,sz.300059,14.05,14.23,13.44,13.44,171622315,2367234292.03
2018-04-23,sz.300059,13.5,13.72,12.85,13.22,158007955,2104312752.98
2018-04-24,sz.300059,13.24,14.35,13.16,14.2,217995164,3023430988.48
2018-04-25,sz.300059,14.06,14.2,13.95,14.12,128927598,1816037468.17
2018-04-26,sz.300059,14.15,14.28,13.84,13.99,136951199,1928297974.39
2018-04-27,sz.300059,14.14,14.58,13.97,14.33,218137000,3128022793.61
2018-05-02,sz.300059,14.4,14.81,14.28,14.4,181386381,2637565834.45
2018-05-03,sz.300059,14.24,15.26,13.94,15.15,235844559,3452241517.02
2018-05-04,sz.300059,15.02,15.08,14.78,14.86,139213438,2078623338.4
2018-05-07,sz.300059,14.99,15.35,14.93,15.15,153922862,2331122886.93
2018-05-08,sz.300059,15.15,15.38,15.01,15.29,127779316,1942556290.17
2018-05-09,sz.300059,15.26,15.32,14.96,15.03,111440060,1679233896.65
2018-05-10,sz.300059,15.01,15.14,14.75,15.09,132879117,1983411178.57
2018-05-11,sz.300059,15.05,15.1,14.5,14.5,128163665,1889481030.96
2018-05-14,sz.300059,14.45,14.82,14.39,14.55,133989126,1956939709.84
2018-05-15,sz.300059,14.51,14.76,14.35,14.7,131091581,1909309853.92
2018-05-16,sz.300059,14.6,14.68,14.4,14.48,96133805,1397282725.97
2018-05-17,sz.300059,14.49,14.58,14.15,14.22,96466367,1382109903.9
2018-05-18,sz.300059,14.18,14.85,14.16,14.76,146658508,2130854878.27
2018-05-21,sz.300059,14.76,15.06,14.66,14.9,142597548,2122176331.12
2018-05-22,sz.300059,14.86,14.91,14.62,14.83,95851738,1414122748.26
2018-05-23,sz.300059,14.72,14.92,14.37,14.41,114337678,1674017347.63
2018-05-24,sz.300059,14.41,14.55,14.3,14.39,91978591,1325618377.89
2018-05-25,sz.300059,14.37,14.54,14.18,14.18,109780813,1577769348.81
2018-05-28,sz.300059,14.11,14.18,13.81,13.91,118536103,1658398826.51
2018-05-29,sz.300059,13.86,14.07,13.61,13.86,126775669,1758228037.92
2018-05-30,sz.300059,13.67,13.83,13.07,13.1,168890510,2270847000.7
2018-05-31,sz.300059,13.25,13.43,13.11,13.27,128824075,1708669652.73
2018-06-01,sz.300059,13.15,13.48,13.12,13.2,113816566,1510043761.61
2018-06-04,sz.300059,13.28,13.59,13.18,13.36,108953978,1460684698.36
2018-06-05,sz.300059,13.31,13.64,13.27,13.56,120189993,1619621973.32
2018-06-06,sz.300059,13.5,13.57,13.23,13.29,100964390,1349274083.23
2018-06-07,sz.300059,13.38,13.53,13.23,13.24,89739916,1199240428.39
2018-06-08,sz.300059,13.07,13.08,12.42,12.69,161103355,2049042570.03
2018-06-11,sz.300059,12.61,13.01,12.57,12.87,106290198,1366535840.82
2018-06-12,sz.300059,12.89,13.42,12.88,13.3,127290997,1677615962.6
2018-06-13,sz.300059,13.26,13.4,13.07,13.1,80927833,1073797539.28
2018-06-14,sz.300059,13.1,13.5,13.06,13.26,92071813,1225961788.7
2018-06-15,sz.300059,13.22,13.36,12.96,13.15,94622264,1248078442.06
2018-06-19,sz.300059,13.0,13.12,12.03,12.39,146423164,1843218811.36
2018-06-20,sz.300059,12.39,12.67,12.2,12.44,123110205,1535547539.23
2018-06-21,sz.300059,12.3,12.44,11.86,11.89,124274781,1509312119.9
2018-06-22,sz.300059,11.75,12.33,11.71,12.18,118038461,1427118744.93
2018-06-25,sz.300059,12.24,12.4,11.96,12.02,87517227,1067546314.23
2018-06-26,sz.300059,11.85,12.62,11.8,12.47,131738402,1624079029.18
2018-06-27,sz.300059,12.48,12.57,12.28,12.43,98879699,1227309821.52
2018-06-28,sz.300059,12.44,12.77,12.36,12.45,120708472,1513537657.24
2018-06-29,sz.300059,12.47,13.26,12.45,13.18,175418646,2270002613.47
2018-07-02,sz.300059,13.1,13.15,12.75,13.0,121281943,1572487768.55
2018-07-03,sz.300059,13.09,13.37,12.66,13.21,154994313,2020697561.23
2018-07-04,sz.300059,13.1,13.1,12.48,12.63,139035620,1775957498.34
2018-07-05,sz.300059,12.55,12.85,12.51,12.64,100179292,1272402245.88
2018-07-06,sz.300059,12.7,13.28,12.61,12.89,164578212,2135019126.75
2018-07-09,sz.300059,12.99,13.22,12.88,13.19,108999931,1429709065.22
2018-07-10,sz.300059,13.18,13.25,12.96,13.12,85531191,1119461392.69
2018-07-11,sz.300059,12.79,12.94,12.36,12.64,129553165,1639750519.0
2018-07-12,sz.300059,12.64,13.24,12.63,13.1,143100956,1864771776.47
2018-07-13,sz.300059,13.05,13.1,12.79,12.92,105796461,1368527702.8
2018-07-16,sz.300059,13.05,13.09,12.84,13.02,93934872,1218319219.21
2018-07-17,sz.300059,12.93,13.09,12.78,13.08,93799712,1213748075.42
2018-07-18,sz.300059,13.08,13.27,12.85,12.86,110642468,1447241878.8
2018-07-19,sz.300059,12.83,13.18,12.82,13.0,100730489,1312321569.45
2018-07-20,sz.300059,13.0,13.76,12.84,13.5,211597129,2824645483.17
2018-07-23,sz.300059,13.5,13.82,13.4,13.81,169237605,2306036849.47
2018-07-24,sz.300059,14.02,14.54,13.86,13.9,211220604,2986692418.41
2018-07-25,sz.300059,13.9,14.05,13.82,13.9,91907542,1279977113.27
2018-07-26,sz.300059,13.85,13.92,13.43,13.57,130407131,1774444470.02
2018-07-27,sz.300059,13.51,13.66,13.46,13.51,79505092,1078245654.48
2018-07-30,sz.300059,13.5,13.64,13.24,13.35,85559054,1146957271.29
2018-07-31,sz.300059,13.35,13.49,13.29,13.44,82802388,1108115807.44
2018-08-01,sz.300059,13.48,13.61,13.1,13.12,110975238,1485560963.38
2018-08-02,sz.300059,13.04,13.15,12.5,12.68,143272768,1828628832.24
2018-08-03,sz.300059,12.7,12.95,12.55,12.61,88787141,1130121079.14
2018-08-06,sz.300059,12.52,12.87,12.52,12.63,99028507,1257247632.19
2018-08-07,sz.300059,12.7,13.07,12.59,13.03,133911836,1725605256.96
2018-08-08,sz.300059,12.93,12.97,12.47,12.52,105891250,1349569127.21
2018-08-09,sz.300059,12.52,13.07,12.49,12.92,137137095,1764558845.5
2018-08-10,sz.300059,12.89,13.1,12.75,12.95,92004698,1188525701.29
2018-08-13,sz.300059,12.8,13.09,12.7,13.08,107963248,1391527507.67
2018-08-14,sz.300059,13.04,13.05,12.81,12.9,71386174,921742296.73
2018-08-15,sz.300059,12.86,12.9,12.52,12.59,75808982,961745507.26
2018-08-16,sz.300059,12.39,12.85,12.28,12.62,112404307,1414347718.54
2018-08-17,sz.300059,12.72,12.77,12.36,12.39,75315972,946781066.86
2018-08-20,sz.300059,12.36,12.73,12.33,12.73,87581225,1098099772.48
2018-08-21,sz.300059,12.65,12.96,12.62,12.77,92443249,1182058984.36
2018-08-22,sz.300059,12.71,12.81,12.59,12.66,52981342,672024387.93
2018-08-23,sz.300059,12.7,13.03,12.68,12.95,122431192,1578281375.72
2018-08-24,sz.300059,12.87,13.04,12.77,12.88,85129552,1097503048.87
2018-08-27,sz.300059,12.94,13.32,12.93,13.19,125314937,1650318453.22
2018-08-28,sz.300059,13.18,13.25,13.08,13.15,60752238,798369406.25
2018-08-29,sz.300059,13.12,13.16,12.93,13.0,63619872,827552105.25
2018-08-30,sz.300059,13.02,13.06,12.82,12.85,52742201,681568951.55
2018-08-31,sz.300059,12.83,12.9,12.65,12.69,59573044,760766906.45
2018-09-03,sz.300059,12.68,12.79,12.41,12.76,83747408,1053868008.36
2018-09-04,sz.300059,12.7,12.93,12.53,12.82,99823177,1273565867.36
2018-09-05,sz.300059,12.74,12.82,12.47,12.51,78713003,994787521.95
2018-09-06,sz.300059,12.47,12.65,12.43,12.58,67547956,847883475.65
2018-09-07,sz.300059,12.55,12.78,12.24,12.35,102768383,1284522748.0
2018-09-10,sz.300059,12.21,12.22,11.12,11.12,242742887,2739306637.37
2018-09-11,sz.300059,10.86,11.05,10.54,10.88,168555237,1819280590.21
2018-09-12,sz.300059,10.82,11.01,10.7,10.84,98308789,1068229391.18
2018-09-13,sz.300059,11.0,11.06,10.81,10.9,81328131,887072379.72
2018-09-14,sz.300059,10.91,10.95,10.39,10.43,134659906,1427775731.33
2018-09-17,sz.300059,10.39,10.54,10.28,10.48,92019885,961237708.01
2018-09-18,sz.300059,10.42,10.71,10.42,10.68,97136449,1026029027.19
2018-09-19,sz.300059,10.61,11.02,10.45,10.84,139507768,1505937521.98
2018-09-20,sz.300059,10.8,10.9,10.72,10.76,57187091,618427008.23
2018-09-21,sz.300059,10.8,11.35,10.72,11.22,151959215,1683538938.2
2018-09-25,sz.300059,11.08,11.17,10.99,11.03,76045710,840896238.97
2018-09-26,sz.300059,11.07,11.33,10.99,11.16,112200581,1255462771.95
2018-09-27,sz.300059,11.11,11.17,11.03,11.04,68201146,756575307.8
2018-09-28,sz.300059,11.09,11.28,11.06,11.25,87049141,973567665.9
2018-10-08,sz.300059,10.9,10.99,10.57,10.6,93229619,1007568051.06
2018-10-09,sz.300059,10.65,10.7,10.45,10.56,76898077,812336982.46
2018-10-10,sz.300059,10.68,10.9,10.61,10.78,109513804,1179852851.71
2018-10-11,sz.300059,10.35,10.64,10.03,10.16,150314728,1554054730.42
2018-10-12,sz.300059,10.18,10.73,10.16,10.59,130353200,1360347923.7
2018-10-15,sz.300059,10.61,10.69,10.42,10.59,83394254,881168616.09
2018-10-16,sz.300059,10.63,10.86,10.41,10.52,92121107,978237061.8
2018-10-17,sz.300059,10.69,11.1,10.56,10.99,158695725,1719394202.85
2018-10-18,sz.300059,10.86,11.25,10.82,10.96,147496609,1628092030.33
2018-10-19,sz.300059,10.8,11.88,10.77,11.79,202536256,2322461757.99
2018-10-22,sz.300059,12.02,12.97,12.01,12.97,299510160,3809650113.37
2018-10-23,sz.300059,13.1,13.1,12.45,12.6,240236646,3068446821.73
2018-10-24,sz.300059,12.5,12.81,12.38,12.45,213246342,2692245483.5
2018-10-25,sz.300059,11.99,12.76,11.96,12.65,192375552,2369041871.52
2018-10-26,sz.300059,12.55,12.62,12.05,12.1,156356650,1921655316.81
2018-10-29,sz.300059,12.16,12.36,11.93,12.12,133174286,1618981368.87
2018-10-30,sz.300059,12.11,13.0,11.92,12.42,264813386,3314836725.29
2018-10-31,sz.300059,12.32,12.55,12.04,12.37,149980057,1841884161.89
2018-11-01,sz.300059,12.5,13.05,12.36,12.37,209234877,2656691112.58
2018-11-02,sz.300059,12.87,13.02,12.68,12.97,231461693,2979488587.84
2018-11-05,sz.300059,12.9,13.25,12.59,12.93,175427290,2264592969.14
2018-11-06,sz.300059,12.8,13.0,12.6,12.85,97266849,1243261102.27
2018-11-07,sz.300059,12.8,13.17,12.68,12.92,139793960,1807816371.9
2018-11-08,sz.300059,13.09,13.16,12.25,12.27,166095202,2105764192.87
2018-11-09,sz.300059,12.2,12.5,12.17,12.34,124606089,1543644988.82
2018-11-12,sz.300059,12.34,12.91,12.29,12.86,149948037,1897512812.2
2018-11-13,sz.300059,12.68,13.35,12.65,13.04,196482923,2553798303.83
2018-11-14,sz.300059,12.94,13.35,12.82,12.97,142488402,1859156237.01
2018-11-15,sz.300059,12.99,14.1,12.97,13.83,247610582,3353577420.6
2018-11-16,sz.300059,13.74,14.4,13.72,13.9,230822958,3228428723.19
2018-11-19,sz.300059,13.96,14.08,13.7,13.95,135973388,1889539961.32
2018-11-20,sz.300059,13.81,13.87,13.3,13.38,164466351,2222433534.27
2018-11-21,sz.300059,13.31,13.51,13.2,13.44,108753549,1451731704.01
2018-11-22,sz.300059,13.42,13.42,12.98,13.2,130128027,1712639685.72
2018-11-23,sz.300059,13.1,13.17,12.58,12.81,130123697,1679288872.7
2018-11-26,sz.300059,12.81,12.93,12.68,12.85,68770188,880025711.39
2018-11-27,sz.300059,12.92,13.01,12.67,12.82,83716764,1076186630.56
2018-11-28,sz.300059,12.7,13.22,12.67,13.19,123399822,1610377733.65
2018-11-29,sz.300059,13.28,13.35,12.65,12.65,120370825,1569160954.48
2018-11-30,sz.300059,12.61,12.89,12.44,12.82,97690392,1236132412.46
2018-12-03,sz.300059,13.5,13.64,13.2,13.29,173121395,2326655272.5
2018-12-04,sz.300059,13.2,13.48,13.18,13.45,93189744,1246844440.82
2018-12-05,sz.300059,13.2,13.35,13.13,13.22,87689534,1159686124.22
2018-12-06,sz.300059,13.09,13.09,12.74,12.78,100098576,1289865432.56
2018-12-07,sz.300059,12.85,12.93,12.75,12.78,53234010,682407472.56
2018-12-10,sz.300059,12.72,12.9,12.62,12.8,68767810,877367822.04
2018-12-11,sz.300059,12.83,12.94,12.77,12.88,51701974,664142209.92
2018-12-12,sz.300059,12.94,13.04,12.83,12.9,60071851,776316999.93
2018-12-13,sz.300059,12.95,13.35,12.85,13.24,124055654,1635934863.22
2018-12-14,sz.300059,13.18,13.18,12.88,12.88,77697169,1013518412.6
2018-12-17,sz.300059,12.84,12.97,12.71,12.87,67417665,865736690.94
2018-12-18,sz.300059,12.78,12.92,12.55,12.69,81943038,1041434322.97
2018-12-19,sz.300059,12.72,12.79,12.46,12.57,75424349,953580938.04
2018-12-20,sz.300059,12.55,12.8,12.4,12.71,100318112,1264152126.03
2018-12-21,sz.300059,12.6,12.68,12.39,12.53,82777404,1035771145.22
2018-12-24,sz.300059,12.5,12.58,12.4,12.53,60488404,755451378.14
2018-12-25,sz.300059,12.3,12.4,11.93,12.23,101521618,1232059973.69
2018-12-26,sz.300059,12.17,12.32,12.01,12.12,62030567,754927695.27
2018-12-27,sz.300059,12.34,12.36,11.9,11.91,80866330,985731912.68
2018-12-28,sz.300059,11.96,12.29,11.95,12.1,69529572,840166192.01
2019-01-02,sz.300059,12.1,12.1,11.8,11.85,71018331,846903977.49
2019-01-03,sz.300059,11.85,12.29,11.85,11.99,106182690,1284108253.68
2019-01-04,sz.300059,11.82,12.98,11.81,12.79,207657571,2594592232.51
2019-01-07,sz.300059,12.7,12.93,12.62,12.82,146567813,1874854999.88
2019-01-08,sz.300059,12.73,12.9,12.65,12.75,86362655,1103616795.23
2019-01-09,sz.300059,12.79,13.13,12.73,12.73,132128632,1707299817.9
2019-01-10,sz.300059,12.67,12.76,12.49,12.51,82343723,1038844147.55
2019-01-11,sz.300059,12.55,12.73,12.51,12.66,58434833,737806911.89
2019-01-14,sz.300059,12.74,12.78,12.48,12.53,52851190,664850553.28
2019-01-15,sz.300059,12.5,13.02,12.5,13.0,130766563,1676311495.85
2019-01-16,sz.300059,13.0,13.06,12.78,12.82,88029957,1135979872.25
2019-01-17,sz.300059,12.85,12.86,12.61,12.62,69246835,880567532.26
2019-01-18,sz.300059,12.68,12.9,12.64,12.88,86375612,1105470059.41
2019-01-21,sz.300059,12.91,13.13,12.83,12.88,95248267,1234919129.33
2019-01-22,sz.300059,12.84,12.91,12.7,12.75,55500865,709826942.38
2019-01-23,sz.300059,12.75,12.83,12.68,12.77,36602310,466451943.8
2019-01-24,sz.300059,12.78,13.12,12.73,12.93,101893488,1320147480.06
2019-01-25,sz.300059,12.93,13.15,12.85,12.93,102043321,1325387978.12
2019-01-28,sz.300059,13.1,13.19,12.83,12.89,96029986,1248620946.94
2019-01-29,sz.300059,12.8,12.82,12.52,12.66,94851929,1200195770.08
2019-01-30,sz.300059,12.59,12.74,12.46,12.46,66507914,837866847.43
2019-01-31,sz.300059,12.58,13.02,12.54,12.87,122801153,1570832173.57
2019-02-01,sz.300059,13.0,13.32,12.95,13.28,152165551,1999470390.0
2019-02-11,sz.300059,13.29,13.55,13.2,13.51,143270367,1920671263.22
2019-02-12,sz.300059,13.5,13.58,13.33,13.42,121596238,1633874782.89
2019-02-13,sz.300059,13.45,14.17,13.39,13.98,216214518,2992597508.02
2019-02-14,sz.300059,13.93,13.98,13.76,13.87,114308806,1584120758.31
2019-02-15,sz.300059,13.85,13.88,13.53,13.56,123804152,1699761126.84
2019-02-18,sz.300059,13.68,14.47,13.67,14.47,207862882,2929507077.09
2019-02-19,sz.300059,14.48,15.06,14.23,14.4,247750804,3618756777.27
2019-02-20,sz.300059,14.36,14.6,14.18,14.46,140386177,2019751876.26
2019-02-21,sz.300059,14.38,15.91,14.3,15.33,425084608,6512890303.92
2019-02-22,sz.300059,15.49,16.86,15.18,16.86,436463184,7005721136.97
2019-02-25,sz.300059,18.55,18.55,18.0,18.55,301324480,5557554495.54
2019-02-26,sz.300059,20.0,20.41,19.41,19.5,810963328,16265390249.87
2019-02-27,sz.300059,19.66,20.15,18.41,18.96,591088960,11431186971.83
2019-02-28,sz.300059,18.6,19.88,18.06,19.6,481547472,9167061934.54
2019-03-01,sz.300059,19.83,21.38,19.23,20.9,563327184,11392192141.46
2019-03-04,sz.300059,21.35,22.68,20.4,20.95,592773088,12622613375.95
2019-03-05,sz.300059,20.43,21.35,20.31,21.28,359015792,7502773692.23
2019-03-06,sz.300059,21.0,22.88,20.88,22.22,527561456,11317512912.43
2019-03-07,sz.300059,21.84,22.47,21.0,21.33,542195792,11771333629.5
2019-03-08,sz.300059,19.98,20.73,19.25,19.3,496990672,9926558048.51
2019-03-11,sz.300059,19.42,20.17,19.11,19.92,302248624,5958395252.69
2019-03-12,sz.300059,19.88,21.11,19.83,20.32,430158544,8818597503.79
2019-03-13,sz.300059,20.2,20.22,19.33,19.43,329458656,6493440835.08
2019-03-14,sz.300059,19.25,19.85,18.91,19.41,268349278,5185933119.33
2019-03-15,sz.300059,19.6,19.74,19.13,19.25,220758616,4293605821.32
2019-03-18,sz.300059,19.18,20.05,18.66,19.97,288776432,5607973322.12
2019-03-19,sz.300059,19.79,19.99,19.45,19.6,200292580,3953745435.08
2019-03-20,sz.300059,19.62,20.2,19.49,19.87,259429475,5141409421.23
2019-03-21,sz.300059,19.98,20.92,19.76,20.24,363185168,7407540325.94
2019-03-22,sz.300059,20.14,20.33,19.41,19.85,228914933,4545799606.56
2019-03-25,sz.300059,19.3,19.5,18.75,18.79,267864916,5123639697.25
2019-03-26,sz.300059,18.96,19.1,18.14,18.35,229209740,4269515599.31
2019-03-27,sz.300059,18.51,18.66,18.08,18.41,201092521,3703449267.96
2019-03-28,sz.300059,18.22,18.56,18.01,18.01,214631657,3908052671.84
2019-03-29,sz.300059,18.18,19.4,18.09,19.38,390492400,7366805448.59
2019-04-01,sz.300059,19.46,20.88,19.2,20.25,423445584,8487223826.41
2019-04-02,sz.300059,20.26,21.52,20.11,20.45,450530432,9344278215.22
2019-04-03,sz.300059,20.02,21.09,19.98,20.88,361519008,7428197386.24
2019-04-04,sz.300059,21.03,21.2,20.45,20.55,257938847,5344478412.54
2019-04-08,sz.300059,20.8,20.82,19.6,20.09,281882496,5680924618.41
2019-04-09,sz.300059,19.99,20.28,19.62,19.9,206612321,4111948791.57
2019-04-10,sz.300059,19.73,19.76,18.92,19.21,293657872,5633637158.32
2019-04-11,sz.300059,19.14,19.46,18.79,19.13,218915590,4179672572.32
2019-04-12,sz.300059,19.16,19.38,19.02,19.16,164304146,3158852244.2
2019-04-15,sz.300059,19.61,19.71,18.5,18.54,219038991,4194069593.37
2019-04-16,sz.300059,18.4,19.17,18.27,19.15,211053051,3953892422.21
2019-04-17,sz.300059,18.95,19.15,18.84,18.92,145212656,2755746508.12
2019-04-18,sz.300059,18.88,19.14,18.8,18.87,110963710,2104080503.93
2019-04-19,sz.300059,19.0,19.33,18.91,19.25,152327522,2911176603.37
2019-04-22,sz.300059,19.45,19.57,18.63,18.73,175999077,3346046336.46
2019-04-23,sz.300059,18.68,19.27,18.43,18.83,167434928,3155355239.77
2019-04-24,sz.300059,18.83,19.14,18.63,19.07,143834323,2723290677.35
2019-04-25,sz.300059,18.98,19.14,18.22,18.26,174826664,3270938671.01
2019-04-26,sz.300059,18.1,18.64,18.03,18.19,159969388,2929593256.54
2019-04-29,sz.300059,17.88,17.99,16.49,16.63,306521664,5232959506.15
2019-04-30,sz.300059,16.63,16.86,16.25,16.39,169780790,2810371883.76
2019-05-06,sz.300059,15.05,15.58,14.75,14.75,287104384,4326568981.97
2019-05-07,sz.300059,14.88,15.09,14.53,15.04,228323742,3398406902.17
2019-05-08,sz.300059,14.65,15.37,14.56,15.05,167300524,2518470638.19
2019-05-09,sz.300059,14.81,15.3,14.8,15.05,162229324,2455843768.84
2019-05-10,sz.300059,15.35,16.15,15.12,16.04,309863280,4873861438.45
2019-05-13,sz.300059,15.7,15.81,15.35,15.49,171968642,2678094478.71
2019-05-14,sz.300059,15.46,15.75,15.41,15.46,156404654,2437038323.32
2019-05-15,sz.300059,15.65,15.84,15.53,15.76,167085628,2622393691.9
2019-05-16,sz.300059,15.76,15.76,15.4,15.57,133140272,2072155915.79
2019-05-17,sz.300059,15.59,15.6,14.63,14.83,179486826,2708093785.27
2019-05-20,sz.300059,14.79,15.33,14.62,15.13,157285903,2359199898.76
2019-05-21,sz.300059,15.07,15.57,15.02,15.4,147413454,2262963121.65
2019-05-22,sz.300059,12.75,12.9,12.45,12.62,136449344,1733279767.37
2019-05-23,sz.300059,12.56,12.88,12.35,12.58,159762003,2017141777.73
2019-05-24,sz.300059,12.61,12.7,12.5,12.53,116858157,1471332309.88
2019-05-27,sz.300059,12.62,13.07,12.53,12.96,250695878,3220554392.32
2019-05-28,sz.300059,12.88,13.09,12.83,13.05,196489004,2543550936.95
2019-05-29,sz.300059,12.93,13.22,12.88,13.05,161757528,2111248375.62
2019-05-30,sz.300059,12.9,12.96,12.63,12.81,140275843,1790418157.89
2019-05-31,sz.300059,12.8,12.87,12.65,12.65,100127187,1278582175.35
2019-06-03,sz.300059,12.81,12.95,12.61,12.64,121812521,1553506866.74
2019-06-04,sz.300059,12.6,12.66,12.45,12.55,111399007,1397063828.77
2019-06-05,sz.300059,12.73,12.8,12.54,12.59,120808033,1529465201.78
2019-06-06,sz.300059,12.54,12.68,12.23,12.27,129834324,1618681450.35
2019-06-10,sz.300059,12.3,12.41,11.9,12.17,134901023,1638124251.11
2019-06-11,sz.300059,12.19,13.18,12.17,13.12,321028016,4111226588.25
2019-06-12,sz.300059,12.99,13.06,12.82,12.86,187636668,2427477560.84
2019-06-13,sz.300059,12.86,13.06,12.81,12.9,149719313,1937025601.13
2019-06-14,sz.300059,12.9,12.98,12.5,12.51,133482872,1699592128.5
2019-06-17,sz.300059,12.53,12.68,12.4,12.53,91406542,1146992587.42
2019-06-18,sz.300059,12.56,12.76,12.38,12.68,106258127,1339462043.15
2019-06-19,sz.300059,13.46,13.56,12.87,12.87,302138944,3986506438.85
2019-06-20,sz.300059,12.86,13.93,12.86,13.63,401338304,5382732452.98
2019-06-21,sz.300059,13.86,14.26,13.76,14.05,377523376,5286734841.58
2019-06-24,sz.300059,14.08,14.11,13.71,13.81,196829545,2735736596.67
2019-06-25,sz.300059,13.78,13.93,13.38,13.77,217171255,2968672876.58
2019-06-26,sz.300059,13.4,13.66,13.35,13.5,128416447,1738541831.83
2019-06-27,sz.300059,13.61,13.97,13.61,13.66,178928020,2466605819.58
2019-06-28,sz.300059,13.6,13.68,13.38,13.55,121844021,1646877227.52
2019-07-01,sz.300059,14.07,14.18,13.88,13.99,268034708,3763714570.12
2019-07-02,sz.300059,13.97,14.0,13.78,13.85,138684395,1925671589.82
2019-07-03,sz.300059,13.8,13.8,13.45,13.52,149067858,2023689579.67
2019-07-04,sz.300059,13.58,13.72,13.47,13.59,108313850,1473130200.99
2019-07-05,sz.300059,13.58,13.68,13.46,13.65,99159424,1348559840.99
2019-07-08,sz.300059,13.51,13.62,12.96,13.0,176538444,2330832526.23
2019-07-09,sz.300059,13.05,13.15,12.86,13.08,123135855,1600806786.6
2019-07-10,sz.300059,13.05,13.1,12.86,12.92,81771004,1061299315.12
2019-07-11,sz.300059,13.04,13.18,12.88,12.94,97299614,1267883590.88
2019-07-12,sz.300059,12.97,13.2,12.88,13.15,103887706,1359627729.19
2019-07-15,sz.300059,13.21,14.1,13.1,13.88,297092448,4064202569.27
2019-07-16,sz.300059,13.8,14.06,13.76,13.99,204988524,2859248805.16
2019-07-17,sz.300059,13.98,14.55,13.93,14.27,317175712,4539835241.48
2019-07-18,sz.300059,14.16,14.62,14.13,14.23,271953536,3916341249.34
2019-07-19,sz.300059,14.47,14.96,14.38,14.79,269005184,3945366101.33
2019-07-22,sz.300059,14.84,14.93,14.11,14.19,252940131,3631292209.89
2019-07-23,sz.300059,14.3,14.51,14.2,14.45,182723534,2627763204.15
2019-07-24,sz.300059,14.5,14.65,14.27,14.36,238909339,3458301613.89
2019-07-25,sz.300059,14.29,14.53,14.24,14.52,154050075,2223996191.17
2019-07-26,sz.300059,14.51,14.51,14.26,14.37,120709829,1733726047.65
2019-07-29,sz.300059,14.29,14.33,14.0,14.1,151123254,2132148787.22
2019-07-30,sz.300059,14.15,14.78,14.11,14.52,271812880,3942928913.78
2019-07-31,sz.300059,14.46,14.57,14.34,14.55,147595969,2136417518.53
2019-08-01,sz.300059,14.46,14.55,14.2,14.44,160403311,2304758966.42
2019-08-02,sz.300059,14.0,14.16,13.84,14.08,218024991,3054180740.37
2019-08-05,sz.300059,13.9,14.08,13.43,13.52,224750052,3095529497.6
2019-08-06,sz.300059,13.17,13.62,12.91,13.39,260508431,3452950534.53
2019-08-07,sz.300059,13.44,13.45,13.05,13.08,147787493,1955720478.21
2019-08-08,sz.300059,13.41,13.52,13.23,13.25,159609586,2134123698.56
2019-08-09,sz.300059,13.37,13.41,13.02,13.09,121835694,1606214843.27
2019-08-12,sz.300059,13.22,13.69,13.22,13.68,200650400,2703230888.13
2019-08-13,sz.300059,13.46,13.51,13.37,13.44,120051663,1611403364.23
2019-08-14,sz.300059,13.74,13.78,13.46,13.48,155506702,2115957459.33
2019-08-15,sz.300059,13.15,13.68,13.08,13.65,168187876,2255423135.82
2019-08-16,sz.300059,13.57,14.09,13.57,13.82,256638975,3556981552.45
2019-08-19,sz.300059,14.05,15.2,13.97,15.2,483767936,7089786139.85
2019-08-20,sz.300059,15.41,15.41,14.79,14.86,361427008,5447751550.41
2019-08-21,sz.300059,14.83,14.95,14.76,14.79,184874987,2744645593.41
2019-08-22,sz.300059,14.84,14.94,14.72,14.88,159880992,2371697793.52
2019-08-23,sz.300059,14.92,15.3,14.74,14.76,228761573,3428280003.87
2019-08-26,sz.300059,14.4,14.65,14.35,14.47,212619991,3078738008.89
2019-08-27,sz.300059,14.59,15.25,14.53,14.88,304228992,4532002942.06
2019-08-28,sz.300059,14.76,14.85,14.6,14.65,155765260,2287349031.06
2019-08-29,sz.300059,14.7,14.81,14.51,14.54,125402867,1836413882.0
2019-08-30,sz.300059,14.75,14.9,14.26,14.47,183573894,2682585285.55
2019-09-02,sz.300059,14.46,15.21,14.45,15.02,300451936,4474308719.26
2019-09-03,sz.300059,15.01,15.06,14.81,14.98,195806845,2923105126.37
2019-09-04,sz.300059,14.95,15.72,14.9,15.5,357826560,5488203576.22
2019-09-05,sz.300059,15.96,16.98,15.96,16.05,551743152,9022195890.99
2019-09-06,sz.300059,16.34,16.4,15.97,16.3,294246672,4767391188.47
2019-09-09,sz.300059,16.66,16.7,16.3,16.5,344435776,5679392033.92
2019-09-10,sz.300059,16.4,16.84,16.14,16.44,300951968,4939024112.56
2019-09-11,sz.300059,16.61,16.75,16.34,16.42,264359968,4372293852.32
2019-09-12,sz.300059,16.53,16.63,16.16,16.55,219780475,3614808208.98
2019-09-16,sz.300059,16.6,16.62,16.15,16.27,189440131,3101323315.99
2019-09-17,sz.300059,16.19,16.23,15.58,15.7,250420166,3972514238.06
2019-09-18,sz.300059,15.79,15.8,15.44,15.58,153052204,2389015051.65
2019-09-19,sz.300059,15.69,15.83,15.5,15.83,176623307,2769067972.23
2019-09-20,sz.300059,15.72,15.77,15.5,15.64,156794900,2452048744.81
2019-09-23,sz.300059,15.5,15.52,15.26,15.42,162294404,2492850636.35
2019-09-24,sz.300059,15.47,15.79,15.35,15.49,198579482,3089161656.29
2019-09-25,sz.300059,15.35,15.56,15.25,15.38,161970645,2494922163.41
2019-09-26,sz.300059,15.45,15.53,14.93,15.01,217173748,3310566765.61
2019-09-27,sz.300059,15.08,15.25,15.01,15.22,119957482,1814982827.32
2019-09-30,sz.300059,15.18,15.25,14.73,14.78,115733038,1737727699.98
2019-10-08,sz.300059,14.84,14.94,14.67,14.77,114602966,1697776858.47
2019-10-09,sz.300059,14.61,14.92,14.51,14.92,114724307,1691700899.94
2019-10-10,sz.300059,14.9,15.09,14.82,15.06,145690008,2183635374.88
2019-10-11,sz.300059,15.09,15.52,14.89,15.31,232802467,3553281888.75
2019-10-14,sz.300059,15.51,15.87,15.35,15.48,254992406,3981297388.08
2019-10-15,sz.300059,15.58,15.78,15.35,15.54,186514530,2900669690.41
2019-10-16,sz.300059,15.6,15.77,15.38,15.4,145513042,2264249198.2
2019-10-17,sz.300059,15.35,15.54,15.21,15.28,106316514,1630198443.49
2019-10-18,sz.300059,15.34,15.4,14.8,14.82,163333503,2459856233.72
2019-10-21,sz.300059,14.86,14.88,14.58,14.77,115887179,1704476068.03
2019-10-22,sz.300059,14.8,14.96,14.75,14.96,103241468,1532471419.99
2019-10-23,sz.300059,14.99,15.06,14.72,14.77,108751887,1621738010.59
2019-10-24,sz.300059,14.78,15.03,14.73,14.85,108193036,1609158448.41
2019-10-25,sz.300059,14.81,15.12,14.63,15.08,157759085,2352409441.34
2019-10-28,sz.300059,15.54,16.06,15.23,15.87,379274320,5936356100.37
2019-10-29,sz.300059,15.68,15.69,15.16,15.18,231912228,3583114533.88
2019-10-30,sz.300059,15.1,15.25,14.96,14.99,131520675,1982301755.44
2019-10-31,sz.300059,15.04,15.13,14.87,14.92,100240897,1502317489.13
2019-11-01,sz.300059,14.85,15.23,14.81,15.16,136231354,2054975118.82
2019-11-04,sz.300059,15.22,15.41,15.1,15.2,132301485,2018698796.62
2019-11-05,sz.300059,15.2,15.58,15.17,15.36,195953816,3017317578.67
2019-11-06,sz.300059,15.3,15.34,14.98,15.07,132592358,2012746484.66
2019-11-07,sz.300059,14.99,15.24,14.96,15.14,90826404,1371897001.53
2019-11-08,sz.300059,15.29,15.38,15.05,15.07,133714178,2038115106.27
2019-11-11,sz.300059,14.9,14.94,14.53,14.6,151285389,2230711567.63
2019-11-12,sz.300059,14.56,14.63,14.29,14.53,129177123,1865431159.91
2019-11-13,sz.300059,14.44,14.5,14.32,14.42,82493389,1189049225.88
2019-11-14,sz.300059,14.44,14.54,14.27,14.45,100374036,1447754994.67
2019-11-15,sz.300059,14.44,14.49,13.93,13.95,158066646,2249075532.17
2019-11-18,sz.300059,13.96,14.19,13.91,14.13,102328435,1442754762.46
2019-11-19,sz.300059,14.12,14.45,14.07,14.44,128180902,1835680951.37
2019-11-20,sz.300059,14.38,14.44,14.05,14.09,111677170,1590981148.42
2019-11-21,sz.300059,14.0,14.22,13.96,14.14,66078256,931787539.26
2019-11-22,sz.300059,14.13,14.34,13.98,14.02,107183686,1512683855.77
2019-11-25,sz.300059,13.96,14.0,13.76,13.94,100629530,1397593310.52
2019-11-26,sz.300059,13.99,14.02,13.81,13.89,75402476,1047450794.14
2019-11-27,sz.300059,13.82,13.86,13.69,13.72,80209648,1103197701.45
2019-11-28,sz.300059,13.71,13.81,13.67,13.76,59137438,812178606.76
2019-11-29,sz.300059,13.74,13.98,13.68,13.85,90112992,1247150030.66
2019-12-02,sz.300059,14.03,14.14,13.87,13.91,111970882,1567688754.09
2019-12-03,sz.300059,13.8,14.04,13.75,14.02,88261738,1225110077.93
2019-12-04,sz.300059,13.91,13.98,13.86,13.98,78285880,1089612950.98
2019-12-05,sz.300059,14.05,14.36,14.03,14.3,205258933,2914481439.37
2019-12-06,sz.300059,14.25,14.39,14.19,14.32,117979309,1683303682.87
2019-12-09,sz.300059,14.39,14.39,14.16,14.2,99498745,1418443092.75
2019-12-10,sz.300059,14.14,14.33,14.09,14.3,113651000,1612961998.42
2019-12-11,sz.300059,14.3,14.44,14.21,14.25,132884016,1902210491.28
2019-12-12,sz.300059,14.24,14.41,14.22,14.25,110880988,1584932447.33
2019-12-13,sz.300059,14.5,15.44,14.46,15.18,479153664,7148070042.75
2019-12-16,sz.300059,15.15,15.6,15.03,15.4,346196368,5299371089.3
2019-12-17,sz.300059,15.43,16.28,15.31,15.73,432814128,6836972125.99
2019-12-18,sz.300059,15.67,15.95,15.6,15.63,282248464,4449069743.73
2019-12-19,sz.300059,15.63,15.72,15.36,15.49,199659954,3097295686.39
2019-12-20,sz.300059,15.58,15.75,15.3,15.31,231011285,3592329536.99
2019-12-23,sz.300059,15.31,15.48,14.96,14.96,188251273,2870539219.25
2019-12-24,sz.300059,15.05,15.2,15.01,15.19,116235126,1755188490.36
2019-12-25,sz.300059,15.15,15.39,15.05,15.19,133258352,2026647534.39
2019-12-26,sz.300059,15.21,15.52,15.15,15.49,163955192,2509240485.02
2019-12-27,sz.300059,15.51,15.64,15.01,15.06,242021667,3726181404.27
2019-12-30,sz.300059,14.95,16.06,14.9,15.79,366927104,5729767549.02
2019-12-31,sz.300059,15.7,15.87,15.62,15.77,208134308,3279001089.95
2020-01-02,sz.300059,16.1,16.18,15.83,15.9,301604400,4838053459.15
2020-01-03,sz.300059,15.89,16.16,15.83,16.0,189272368,3024522223.24
2020-01-06,sz.300059,15.86,16.45,15.83,16.15,268910960,4335189595.77
2020-01-07,sz.300059,16.15,16.25,15.86,16.14,202008749,3244565956.2
2020-01-08,sz.300059,15.99,15.99,15.53,15.54,209282573,3301142862.93
2020-01-09,sz.300059,15.89,16.1,15.86,16.01,206553355,3297195484.32
2020-01-10,sz.300059,16.3,16.36,16.02,16.11,258124464,4181775118.2
2020-01-13,sz.300059,15.83,16.19,15.68,16.19,220402627,3504645958.1
2020-01-14,sz.300059,16.22,16.3,15.84,15.87,161749517,2600530007.8
2020-01-15,sz.300059,15.82,15.96,15.7,15.75,122733448,1938272856.83
2020-01-16,sz.300059,15.8,15.83,15.68,15.7,93187454,1466140782.3
2020-01-17,sz.300059,15.79,16.0,15.72,15.75,113591048,1799277904.21
2020-01-20,sz.300059,15.74,16.05,15.74,16.03,149242651,2379620288.91
2020-01-21,sz.300059,15.92,15.95,15.53,15.6,172231107,2711396219.83
2020-01-22,sz.300059,15.5,15.95,15.35,15.87,188897552,2961876532.15
2020-01-23,sz.300059,15.6,15.77,14.9,15.08,244497237,3750783739.07
2020-02-03,sz.300059,13.57,13.57,13.57,13.57,36120300,490152471.0
2020-02-04,sz.300059,13.0,13.77,13.0,13.55,316330112,4256429712.07
2020-02-05,sz.300059,13.65,14.2,13.51,13.86,251047446,3475782335.74
2020-02-06,sz.300059,13.8,14.77,13.71,14.62,360474320,5148374956.32
2020-02-07,sz.300059,14.45,14.71,14.39,14.62,226748198,3299786285.09
2020-02-10,sz.300059,14.56,14.9,14.47,14.7,175224031,2572921904.97
2020-02-11,sz.300059,14.83,14.93,14.55,14.56,146576448,2156235443.3
2020-02-12,sz.300059,14.46,15.08,14.46,14.99,231596328,3431309030.33
2020-02-13,sz.300059,14.9,15.06,14.59,14.64,179353029,2649260301.29
2020-02-14,sz.300059,14.7,15.86,14.63,15.3,427573360,6545694481.42
2020-02-17,sz.300059,15.8,16.03,15.54,15.91,411400720,6499285959.32
2020-02-18,sz.300059,15.82,16.0,15.58,15.74,252014055,3974813872.94
2020-02-19,sz.300059,15.7,16.19,15.65,15.76,283920384,4526412990.44
2020-02-20,sz.300059,15.87,17.34,15.75,17.34,479410544,7938634975.86
2020-02-21,sz.300059,18.26,19.06,17.91,18.5,796652320,14695740956.63
2020-02-24,sz.300059,18.22,19.16,18.07,18.66,527528960,9823524651.44
2020-02-25,sz.300059,18.27,20.15,17.8,19.95,637979568,12030162084.08
2020-02-26,sz.300059,19.5,20.2,18.59,18.73,587358432,11393493258.22
2020-02-27,sz.300059,18.96,19.47,18.53,18.98,413449792,7870104398.89
2020-02-28,sz.300059,18.2,18.53,17.08,17.35,571187936,10227920731.17
2020-03-02,sz.300059,17.79,18.56,17.47,18.18,460452272,8301295913.08
2020-03-03,sz.300059,18.7,19.35,18.2,18.45,429830704,8048507664.2
2020-03-04,sz.300059,18.43,19.32,18.19,19.32,419961472,7863390431.39
2020-03-05,sz.300059,19.47,20.68,18.94,20.17,602990640,11924762912.26
2020-03-06,sz.300059,19.6,19.83,19.16,19.17,357778256,6953359990.64
2020-03-09,sz.300059,18.49,18.92,17.64,17.99,476315600,8689648737.07
2020-03-10,sz.300059,18.3,19.2,17.82,19.0,438322896,8114760202.54
2020-03-11,sz.300059,18.86,18.93,18.05,18.17,327486000,6057177933.76
2020-03-12,sz.300059,17.95,18.36,17.78,18.11,283313104,5115009489.86
2020-03-13,sz.300059,17.28,18.3,17.18,17.93,401504208,7097581270.02
2020-03-16,sz.300059,17.7,17.92,16.31,16.47,425299120,7273535782.78
2020-03-17,sz.300059,17.0,17.13,16.23,16.78,321065920,5380984258.48
2020-03-18,sz.300059,16.9,17.24,16.1,16.16,328901920,5522108890.44
2020-03-19,sz.300059,16.36,16.94,16.06,16.73,348306688,5747426163.96
2020-03-20,sz.300059,16.9,17.0,16.44,16.88,250325389,4196414620.4
2020-03-23,sz.300059,16.29,16.55,16.0,16.03,228745240,3720037499.9
2020-03-24,sz.300059,16.43,16.74,15.94,16.68,275846864,4526702289.11
2020-03-25,sz.300059,17.0,17.24,16.75,16.88,316492400,5377731428.15
2020-03-26,sz.300059,16.7,16.92,16.55,16.59,166837540,2790150941.24
2020-03-27,sz.300059,16.83,17.1,16.59,16.64,207462593,3488334615.83
2020-03-30,sz.300059,16.2,16.51,16.02,16.34,180025348,2920875930.36
2020-03-31,sz.300059,16.55,16.55,16.03,16.05,160957628,2621101704.9
2020-04-01,sz.300059,15.96,16.4,15.9,16.07,158255750,2563599693.01
2020-04-02,sz.300059,16.08,16.64,16.07,16.62,193467685,3159733312.48
2020-04-03,sz.300059,16.45,16.5,16.18,16.23,155248680,2534718402.01
2020-04-07,sz.300059,16.64,16.9,16.57,16.77,236024042,3948685284.56
2020-04-08,sz.300059,16.61,16.86,16.6,16.74,137152496,2291813697.54
2020-04-09,sz.300059,17.12,17.81,17.12,17.45,349022672,6103970730.81
2020-04-10,sz.300059,17.8,17.8,17.05,17.13,304429360,5292963193.98
2020-04-13,sz.300059,17.0,17.68,16.91,17.68,236483687,4094262647.77
2020-04-14,sz.300059,17.66,18.18,17.48,17.9,306878992,5457118047.0
2020-04-15,sz.300059,17.75,17.91,17.29,17.32,242773271,4274958916.29
2020-04-16,sz.300059,17.25,17.75,17.21,17.57,206886623,3629400538.98
2020-04-17,sz.300059,17.78,18.02,17.6,17.64,267849349,4769324709.23
2020-04-20,sz.300059,17.65,17.95,17.55,17.7,168554720,2990002926.0
2020-04-21,sz.300059,17.56,17.57,17.1,17.38,188007524,3258513995.28
2020-04-22,sz.300059,17.2,17.5,17.17,17.42,155775204,2700923840.25
2020-04-23,sz.300059,17.42,17.44,17.12,17.14,127106547,2190554519.71
2020-04-24,sz.300059,17.14,17.27,16.75,16.82,158192701,2684621242.97
2020-04-27,sz.300059,16.88,17.05,16.68,16.71,135646255,2290364850.41
2020-04-28,sz.300059,16.99,17.5,16.85,17.23,274011952,4713579808.75
2020-04-29,sz.300059,17.14,17.68,17.1,17.48,195326612,3413478428.76
2020-04-30,sz.300059,17.66,18.3,17.58,18.24,290697808,5250878321.74
2020-05-06,sz.300059,17.95,18.44,17.88,18.42,249994913,4534067144.61
2020-05-07,sz.300059,18.32,18.47,18.05,18.14,171202399,3122081566.49
2020-05-08,sz.300059,18.33,18.83,18.22,18.4,264739210,4890339310.47
2020-05-11,sz.300059,18.35,18.6,18.09,18.25,186845853,3427094189.55
2020-05-12,sz.300059,18.28,18.39,17.93,18.2,128866074,2339150978.24
2020-05-13,sz.300059,18.11,18.34,18.04,18.25,117442802,2138373096.11
2020-05-14,sz.300059,18.12,18.2,17.88,17.89,125542924,2263708755.73
2020-05-15,sz.300059,18.04,18.15,17.9,17.91,108682521,1958549511.01
2020-05-18,sz.300059,17.9,18.28,17.72,18.03,161424061,2915712872.32
2020-05-19,sz.300059,18.32,18.49,18.23,18.26,159131574,2915452346.31
2020-05-20,sz.300059,18.2,18.25,17.86,17.95,125891634,2274510667.89
2020-05-21,sz.300059,15.03,15.06,14.61,14.68,153381458,2271074709.0
2020-05-22,sz.300059,14.65,14.71,14.16,14.19,173669408,2500179533.51
2020-05-25,sz.300059,14.2,14.28,14.04,14.13,111019781,1571025176.79
2020-05-26,sz.300059,14.22,14.49,14.21,14.41,149186129,2141513043.65
2020-05-27,sz.300059,14.39,14.39,14.12,14.23,109826527,1563106411.69
2020-05-28,sz.300059,14.27,14.64,14.18,14.4,192988720,2778933004.33
2020-05-29,sz.300059,14.25,14.37,14.16,14.25,124135082,1767998026.89
2020-06-01,sz.300059,14.7,15.6,14.7,15.44,405140880,6119991813.62
2020-06-02,sz.300059,15.3,15.53,15.17,15.35,234854005,3598618573.75
2020-06-03,sz.300059,15.48,15.65,15.18,15.25,257460913,3971931110.8
2020-06-04,sz.300059,15.39,15.48,15.2,15.25,154510415,2364748069.92
2020-06-05,sz.300059,15.3,15.4,15.01,15.37,212877593,3238126777.36
2020-06-08,sz.300059,15.36,15.44,15.13,15.16,160470548,2452199137.16
2020-06-09,sz.300059,15.2,16.12,15.19,15.72,399562416,6282682193.88
2020-06-10,sz.300059,15.67,15.85,15.56,15.81,200283575,3147993616.92
2020-06-11,sz.300059,15.71,16.44,15.67,15.81,378416464,6048587049.12
2020-06-12,sz.300059,15.45,16.28,15.35,16.13,395594272,6315334944.71
2020-06-15,sz.300059,16.28,16.96,16.12,16.23,469622496,7742734530.59
2020-06-16,sz.300059,16.48,16.75,16.26,16.5,295886272,4879896544.18
2020-06-17,sz.300059,16.49,16.55,16.17,16.42,216559494,3542020967.45
2020-06-18,sz.300059,16.42,17.17,16.36,16.95,341324768,5742169925.03
2020-06-19,sz.300059,16.86,18.58,16.85,18.15,503326992,8915026864.5
2020-06-22,sz.300059,18.31,19.54,18.2,18.94,515088464,9726360197.69
2020-06-23,sz.300059,18.86,19.61,18.75,19.61,410550976,7868718305.37
2020-06-24,sz.300059,19.72,19.77,18.91,19.18,397244992,7632609653.24
2020-06-29,sz.300059,18.91,19.1,18.43,18.5,407077184,7619175328.24
2020-06-30,sz.300059,18.71,20.35,18.66,20.2,503416832,9816845701.59
2020-07-01,sz.300059,20.0,20.35,19.68,20.24,377769600,7562582714.41
2020-07-02,sz.300059,20.28,22.17,19.97,21.9,555844944,11632698265.9
2020-07-03,sz.300059,21.92,23.45,21.63,22.8,647753136,14590841982.42
2020-07-06,sz.300059,23.1,24.95,22.92,24.8,706535632,16949377391.02
2020-07-07,sz.300059,24.94,24.98,23.41,23.58,618642336,14890057072.43
2020-07-08,sz.300059,23.95,25.94,23.92,25.94,540681072,13399869491.05
2020-07-09,sz.300059,25.74,28.18,25.1,27.16,645810192,17334089288.05
2020-07-10,sz.300059,26.15,26.6,25.58,25.63,537205808,13990883481.86
2020-07-13,sz.300059,25.25,28.11,24.99,26.92,558433408,14777072380.8
2020-07-14,sz.300059,26.69,29.18,26.2,28.99,609802608,16984052438.32
2020-07-15,sz.300059,28.98,29.63,27.66,28.02,511636912,14551602111.19
2020-07-16,sz.300059,27.55,28.78,25.22,25.28,635393200,17044104486.35
2020-07-17,sz.300059,25.66,26.05,23.7,24.64,599857312,14947851226.26
2020-07-20,sz.300059,25.5,26.28,24.8,25.8,495514800,12651399110.89
2020-07-21,sz.300059,25.8,26.55,25.53,25.86,333740992,8697677603.56
2020-07-22,sz.300059,25.88,27.85,25.88,26.69,476817920,12831047110.48
2020-07-23,sz.300059,26.4,27.55,26.1,27.53,494659776,13302149910.85
2020-07-24,sz.300059,27.09,27.18,24.97,25.01,602718480,15635154920.66
2020-07-27,sz.300059,25.05,25.51,24.36,24.84,380488672,9481760746.91
2020-07-28,sz.300059,25.59,25.61,24.51,24.89,328456704,8231889093.32
2020-07-29,sz.300059,24.69,26.75,24.55,26.7,481425696,12477063945.65
2020-07-30,sz.300059,26.68,26.68,26.01,26.11,313147872,8227913472.25
2020-07-31,sz.300059,26.26,27.36,26.18,26.67,390943536,10465958620.2
2020-08-03,sz.300059,27.18,27.86,26.56,27.74,423986608,11547596571.53
2020-08-04,sz.300059,27.68,27.86,27.05,27.21,317922832,8716189424.47
2020-08-05,sz.300059,27.0,28.27,26.8,27.67,344029408,9526855648.99
2020-08-06,sz.300059,27.79,29.33,27.09,28.67,426531360,11893101410.02
2020-08-07,sz.300059,27.5,28.2,26.38,26.93,470586064,12807799474.27
2020-08-10,sz.300059,26.21,27.36,25.88,26.5,370322768,9810958175.22
2020-08-11,sz.300059,26.5,26.89,25.05,25.19,388831344,10098744289.16
2020-08-12,sz.300059,25.19,25.53,24.0,24.68,392241472,9695908196.49
2020-08-13,sz.300059,25.0,25.5,24.77,24.91,269075920,6755093494.27
2020-08-14,sz.300059,24.8,25.46,24.75,25.33,213091202,5367717641.75
2020-08-17,sz.300059,25.89,26.83,25.4,26.18,448335008,11714405968.6
2020-08-18,sz.300059,26.0,26.63,25.93,26.19,253994698,6662839161.68
2020-08-19,sz.300059,26.1,26.33,25.02,25.16,308031040,7947075502.84
2020-08-20,sz.300059,25.0,25.65,24.9,25.18,234848007,5930465568.12
2020-08-21,sz.300059,25.55,26.2,25.47,26.15,327959920,8474122932.05
2020-08-24,sz.300059,26.5,26.59,25.14,25.93,334669200,8649847093.53
2020-08-25,sz.300059,25.88,27.5,25.88,26.45,459340144,12230663383.05
2020-08-26,sz.300059,26.2,26.35,25.15,25.28,380241248,9750130067.54
2020-08-27,sz.300059,25.27,25.77,25.14,25.52,218920608,5571318004.07
2020-08-28,sz.300059,25.26,26.63,25.01,26.33,393677504,10165895403.28
2020-08-31,sz.300059,26.59,27.18,26.12,26.16,401051280,10703604357.77
2020-09-01,sz.300059,26.15,26.38,25.73,26.29,222147595,5788380136.59
2020-09-02,sz.300059,26.3,27.06,26.05,26.84,427234752,11373398257.07
2020-09-03,sz.300059,26.8,27.19,26.14,26.33,364395056,9704599615.01
2020-09-04,sz.300059,25.61,26.07,25.51,25.91,214825432,5553634544.37
2020-09-07,sz.300059,25.75,25.92,24.41,24.6,391703024,9849899634.24
2020-09-08,sz.300059,24.76,25.3,24.26,25.01,298392912,7399300033.57
2020-09-09,sz.300059,24.7,24.9,23.81,23.96,294545056,7171461032.74
2020-09-10,sz.300059,24.21,24.46,23.11,23.2,268015506,6412331886.71
2020-09-11,sz.300059,23.1,23.56,23.0,23.46,197256053,4609583380.39
2020-09-14,sz.300059,23.64,23.84,23.3,23.61,174830108,4120776484.68
2020-09-15,sz.300059,23.61,23.78,23.35,23.71,161093723,3803286775.46
2020-09-16,sz.300059,23.6,23.84,23.14,23.32,180795285,4246935480.2
2020-09-17,sz.300059,23.15,23.78,22.82,23.47,216230993,5023442589.0
2020-09-18,sz.300059,23.48,25.5,23.29,25.0,498463520,12163429166.78
2020-09-21,sz.300059,25.5,25.65,24.44,24.45,328010640,8163031026.87
2020-09-22,sz.300059,24.21,25.14,24.14,24.31,248634066,6105122974.55
2020-09-23,sz.300059,24.32,24.46,23.96,24.13,159615463,3861011904.03
2020-09-24,sz.300059,24.01,24.38,23.7,23.75,171193734,4115023319.52
2020-09-25,sz.300059,23.87,24.29,23.77,24.02,167375526,4022372003.1
2020-09-28,sz.300059,23.87,24.07,23.72,23.87,115411676,2759713191.66
2020-09-29,sz.300059,24.05,24.48,24.01,24.21,166321160,4036961719.61
2020-09-30,sz.300059,24.36,24.46,23.84,23.99,133242595,3220832073.42
2020-10-09,sz.300059,24.49,24.89,24.38,24.62,185005686,4556747263.33
2020-10-12,sz.300059,24.86,26.2,24.72,26.09,362616784,9324717777.68
2020-10-13,sz.300059,25.7,26.2,25.62,26.12,234342218,6074662079.65
2020-10-14,sz.300059,25.98,26.08,25.65,25.89,155679661,4021794281.02
2020-10-15,sz.300059,25.91,26.39,25.7,25.72,164318494,4268653101.01
2020-10-16,sz.300059,25.66,26.12,25.66,25.98,157849115,4093014633.37
2020-10-19,sz.300059,26.98,27.0,25.95,25.97,266270021,7045047518.18
2020-10-20,sz.300059,25.99,26.87,25.97,26.75,264967843,7021514214.68
2020-10-21,sz.300059,26.79,26.8,26.13,26.35,180202500,4754483303.86
2020-10-22,sz.300059,26.1,26.48,25.65,26.09,193448836,5037179137.16
2020-10-23,sz.300059,26.12,26.23,25.19,25.19,160870151,4140546838.57
2020-10-26,sz.300059,25.12,25.14,23.9,24.33,248332107,6063700399.97
2020-10-27,sz.300059,24.15,24.46,24.11,24.33,130490678,3169121680.87
2020-10-28,sz.300059,24.26,24.53,24.03,24.34,165080997,4011895385.13
2020-10-29,sz.300059,24.1,24.63,24.0,24.37,187313844,4556241070.99
2020-10-30,sz.300059,24.28,24.45,23.31,23.38,221671841,5288414559.85
2020-11-02,sz.300059,23.43,23.94,23.25,23.52,162004532,3824767758.12
2020-11-03,sz.300059,23.61,24.75,23.61,24.3,250510016,6090480351.21
2020-11-04,sz.300059,24.3,24.41,23.86,24.22,148974891,3596148427.64
2020-11-05,sz.300059,24.75,25.15,24.6,24.98,256840652,6391628615.9
2020-11-06,sz.300059,24.95,25.32,24.71,25.2,256659606,6428492101.71
2020-11-09,sz.300059,25.4,27.58,25.25,26.92,497659344,13183239094.25
2020-11-10,sz.300059,27.0,27.34,26.51,26.67,335161600,9004860951.6
2020-11-11,sz.300059,26.55,26.67,25.3,25.37,319219664,8233435214.77
2020-11-12,sz.300059,25.47,25.73,25.21,25.45,152510778,3884429395.39
2020-11-13,sz.300059,25.13,25.14,24.6,24.96,184681180,4593744194.91
2020-11-16,sz.300059,25.26,25.27,24.72,25.18,135263616,3387738915.87
2020-11-17,sz.300059,25.05,25.16,24.45,25.16,164276601,4070792693.31
2020-11-18,sz.300059,25.18,25.62,25.1,25.31,194035673,4928803472.1
2020-11-19,sz.300059,25.01,26.08,24.74,25.83,229372007,5853385622.02
2020-11-20,sz.300059,25.7,25.98,25.49,25.73,147507576,3791449935.88
2020-11-23,sz.300059,25.55,26.92,25.37,26.34,353762848,9314016529.52
2020-11-24,sz.300059,26.25,26.49,25.96,26.11,186973171,4906145523.51
2020-11-25,sz.300059,26.31,26.68,25.67,25.67,197044118,5161532673.21
2020-11-26,sz.300059,25.77,26.24,25.68,25.92,160302863,4151981282.83
2020-11-27,sz.300059,26.0,26.69,25.86,26.69,235784854,6209408594.28
2020-11-30,sz.300059,27.0,29.2,26.9,27.5,704893872,19802892874.47
2020-12-01,sz.300059,27.4,29.58,27.32,29.42,593411776,16899254831.33
2020-12-02,sz.300059,29.3,29.57,28.37,28.67,456237792,13214998515.95
2020-12-03,sz.300059,28.51,29.45,28.4,29.2,328012720,9489450545.96
2020-12-04,sz.300059,28.79,28.83,27.98,28.36,298510752,8461759676.86
2020-12-07,sz.300059,28.69,28.69,27.71,27.75,214465825,6023683889.09
2020-12-08,sz.300059,27.91,28.45,27.75,28.05,203288594,5715850213.2
2020-12-09,sz.300059,28.05,28.24,26.7,26.7,352675232,9650263481.39
2020-12-10,sz.300059,26.71,27.07,26.53,26.73,213143426,5715535261.57
2020-12-11,sz.300059,26.89,26.96,26.02,26.47,224526796,5939805910.35
2020-12-14,sz.300059,26.5,26.74,26.1,26.59,167387828,4428214974.62
2020-12-15,sz.300059,26.42,26.95,26.22,26.7,165495334,4398637072.48
2020-12-16,sz.300059,26.69,26.69,26.12,26.15,153909549,4058877821.13
2020-12-17,sz.300059,26.14,27.48,26.12,27.31,317190080,8536285892.53
2020-12-18,sz.300059,27.09,27.23,26.72,26.9,167206428,4509427114.36
2020-12-21,sz.300059,26.7,27.73,26.32,27.59,249119609,6769359905.82
2020-12-22,sz.300059,27.3,27.49,26.31,26.32,240111017,6463773561.21
2020-12-23,sz.300059,26.33,27.1,26.32,26.64,207059346,5511200319.63
2020-12-24,sz.300059,26.56,27.04,26.41,26.53,136058199,3631873304.35
2020-12-25,sz.300059,26.38,27.15,26.04,26.83,207657292,5547026838.47
2020-12-28,sz.300059,26.79,28.0,26.4,27.42,272173824,7475053833.62
2020-12-29,sz.300059,27.62,28.45,27.49,27.59,265611289,7436269716.26
2020-12-30,sz.300059,27.71,28.97,27.42,28.93,365498064,10388792463.24
2020-12-31,sz.300059,29.38,31.78,29.36,31.0,512471168,15738930692.77
2021-01-04,sz.300059,31.72,32.76,30.68,32.2,475336320,15125983430.44
2021-01-05,sz.300059,31.68,33.0,31.3,32.43,434368352,13983518039.9
2021-01-06,sz.300059,32.65,33.93,32.5,33.1,345176352,11454701000.32
2021-01-07,sz.300059,33.02,34.71,32.69,34.7,380011920,12747734153.31
2021-01-08,sz.300059,34.75,34.96,33.45,33.9,357447728,12116120216.92
2021-01-11,sz.300059,34.28,34.33,32.6,33.03,326014128,10932426116.11
2021-01-12,sz.300059,33.08,38.18,33.08,38.18,547589168,19342698968.15
2021-01-13,sz.300059,37.7,39.44,37.3,38.86,486127552,18642289747.33
2021-01-14,sz.300059,38.1,38.1,36.37,36.52,375219552,13920522563.86
2021-01-15,sz.300059,36.5,37.48,35.0,36.04,343278176,12467660873.6
2021-01-18,sz.300059,35.9,38.87,35.83,37.78,334752656,12626685267.42
2021-01-19,sz.300059,37.7,38.65,36.68,37.04,296131040,11144092563.68
2021-01-20,sz.300059,37.8,38.73,37.14,37.45,275728048,10436055607.8
2021-01-21,sz.300059,37.68,40.55,37.58,39.68,387440528,15192542164.98
2021-01-22,sz.300059,39.28,39.75,38.45,39.35,313326912,12255711990.36
2021-01-25,sz.300059,40.0,40.57,38.8,39.56,341528400,13560708465.03
2021-01-26,sz.300059,39.0,39.0,36.6,36.62,413462336,15547833708.01
2021-01-27,sz.300059,37.11,37.8,36.67,37.2,256939589,9575032065.14
2021-01-28,sz.300059,36.62,37.28,36.15,36.2,275271104,10038995659.85
2021-01-29,sz.300059,36.69,37.12,33.7,35.2,396024304,14079698472.7
2021-02-01,sz.300059,35.68,36.77,35.4,35.88,245138459,8870254383.36
2021-02-02,sz.300059,36.19,36.95,35.56,36.85,249644689,9065680642.97
2021-02-03,sz.300059,36.51,36.69,35.08,35.34,264230947,9430679331.67
2021-02-04,sz.300059,34.86,35.92,34.41,35.39,218955410,7692778558.64
2021-02-05,sz.300059,35.8,36.38,35.15,35.37,191460894,6840123216.93
2021-02-08,sz.300059,35.63,36.25,34.31,35.84,210516467,7459695296.77
2021-02-09,sz.300059,35.85,38.38,35.52,38.16,350762000,13070789256.03
2021-02-10,sz.300059,38.3,38.7,37.62,38.49,245529649,9395036231.11
2021-02-18,sz.300059,39.9,40.17,37.51,37.62,304172192,11767181293.7
2021-02-19,sz.300059,37.0,37.49,35.85,36.82,277189216,10138901390.93
2021-02-22,sz.300059,36.82,36.82,33.53,33.63,446594880,15597925379.43
2021-02-23,sz.300059,33.56,34.32,33.16,33.55,219885018,7422011199.92
2021-02-24,sz.300059,33.55,33.83,32.29,32.65,265741430,8765835002.08
2021-02-25,sz.300059,33.0,33.1,31.6,31.67,254264170,8215259010.38
2021-02-26,sz.300059,30.5,31.22,30.31,30.38,266623150,8164585003.42
2021-03-01,sz.300059,30.79,31.45,30.59,31.33,215368144,6700272577.8
2021-03-02,sz.300059,31.43,31.67,30.4,30.73,199630989,6184698490.31
2021-03-03,sz.300059,30.9,31.83,30.67,31.8,207402197,6527354869.51
2021-03-04,sz.300059,31.3,31.3,29.85,30.12,291788064,8868641040.37
2021-03-05,sz.300059,29.48,31.18,29.38,30.69,273195968,8311812027.51
2021-03-08,sz.300059,30.9,31.13,28.81,28.81,297650416,8893107499.18
2021-03-09,sz.300059,28.68,29.06,27.44,27.53,327894832,9214574089.77
2021-03-10,sz.300059,28.23,28.43,27.77,27.81,195250936,5478862759.97
2021-03-11,sz.300059,27.97,29.08,27.81,28.6,217198970,6198074003.97
2021-03-12,sz.300059,28.7,28.89,27.92,28.16,205780247,5817898494.15
2021-03-15,sz.300059,27.99,28.0,27.06,27.33,180811997,4957024106.19
2021-03-16,sz.300059,27.78,27.78,26.81,27.21,154958860,4221637355.46
2021-03-17,sz.300059,27.1,27.69,26.88,27.37,153535787,4199519559.13
2021-03-18,sz.300059,27.53,28.64,27.41,28.24,259650026,7317074692.5
2021-03-19,sz.300059,27.68,27.75,26.96,27.15,192209952,5252460029.92
2021-03-22,sz.300059,27.38,28.1,27.08,27.61,183863585,5068311132.02
2021-03-23,sz.300059,27.6,27.78,26.72,27.15,192328984,5228697784.68
2021-03-24,sz.300059,26.91,27.83,26.86,27.07,204952173,5585613319.63
2021-03-25,sz.300059,26.75,27.52,26.44,27.23,169596781,4575929097.26
2021-03-26,sz.300059,27.45,28.38,27.42,28.1,266689562,7451584714.78
2021-03-29,sz.300059,28.09,28.58,27.71,27.77,180624214,5074691111.24
2021-03-30,sz.300059,27.65,28.15,27.4,27.95,137213552,3820331924.92
2021-03-31,sz.300059,27.85,27.86,27.07,27.26,138686340,3786126888.94
2021-04-01,sz.300059,27.51,28.27,27.27,28.2,184918145,5146998481.63
2021-04-02,sz.300059,28.66,29.17,28.6,28.87,238635944,6880137122.25
2021-04-06,sz.300059,29.11,29.35,28.3,28.61,151726172,4356207096.1
2021-04-07,sz.300059,28.2,28.28,27.7,27.88,158070359,4409977471.75
2021-04-08,sz.300059,27.7,28.43,27.52,28.1,141861394,3986746853.61
2021-04-09,sz.300059,28.0,28.17,27.54,27.68,107304317,2986260770.28
2021-04-12,sz.300059,27.71,28.03,26.73,26.85,160549589,4388464303.36
2021-04-13,sz.300059,26.94,27.42,26.85,27.04,129641252,3517194613.66
2021-04-14,sz.300059,27.22,28.41,27.16,28.38,205763074,5767757113.41
2021-04-15,sz.300059,28.01,28.55,27.96,28.54,138111145,3898653299.64
2021-04-16,sz.300059,28.6,28.82,28.05,28.57,139928095,3982003801.91
2021-04-19,sz.300059,28.35,30.25,28.13,30.12,287740320,8482150138.62
2021-04-20,sz.300059,29.77,30.35,29.71,29.78,186842016,5613619445.2
2021-04-21,sz.300059,29.46,30.29,29.42,29.93,126948017,3802703603.63
2021-04-22,sz.300059,30.34,30.93,30.0,30.51,163334006,4979345292.32
2021-04-23,sz.300059,30.4,32.04,30.31,31.59,252103513,7932986814.35
2021-04-26,sz.300059,32.0,32.2,30.85,31.02,256758446,8114130229.18
2021-04-27,sz.300059,30.1,30.9,29.35,30.21,305949344,9181857444.6
2021-04-28,sz.300059,30.01,32.08,29.96,31.75,231761573,7278688420.68
2021-04-29,sz.300059,31.68,32.75,31.6,31.99,226160032,7277421468.14
2021-04-30,sz.300059,31.9,32.69,31.78,32.24,172781143,5583293691.37
2021-05-06,sz.300059,32.12,32.3,30.78,31.3,195178451,6145861577.38
2021-05-07,sz.300059,31.59,31.66,30.01,30.19,161468638,4956421411.35
2021-05-10,sz.300059,30.15,30.3,29.52,29.99,137623518,4108786498.0
2021-05-11,sz.300059,29.71,30.99,29.4,30.66,171375031,5172819538.91
2021-05-12,sz.300059,30.2,30.53,30.0,30.46,113511007,3439101613.77
2021-05-13,sz.300059,30.0,30.95,29.92,30.5,114002875,3466521448.64
2021-05-14,sz.300059,30.9,34.89,30.86,34.4,453381456,14990641638.57
2021-05-17,sz.300059,33.9,34.75,33.8,34.32,316358096,10872204642.29
2021-05-18,sz.300059,34.3,35.52,34.2,34.41,218217563,7574287902.99
2021-05-19,sz.300059,34.23,36.1,34.2,35.22,229721021,8110703057.68
2021-05-20,sz.300059,35.4,36.47,35.2,35.72,230202481,8232709774.49
2021-05-21,sz.300059,35.8,35.8,34.38,34.49,227752639,7930721726.38
2021-05-24,sz.300059,35.4,36.08,35.1,35.35,229317151,8155786351.09
2021-05-25,sz.300059,35.4,38.29,35.34,37.98,368103520,13744301625.72
2021-05-26,sz.300059,38.3,38.52,37.37,37.62,242414408,9162085748.25
2021-05-27,sz.300059,31.32,31.8,30.56,31.42,231073657,7196577117.07
2021-05-28,sz.300059,31.3,32.4,30.85,31.31,278433568,8776555853.63
2021-05-31,sz.300059,31.04,31.8,30.62,31.8,232828956,7280031144.44
2021-06-01,sz.300059,31.5,31.68,30.76,31.36,213190108,6656828859.48
2021-06-02,sz.300059,31.42,31.66,30.43,30.64,210402833,6504536872.06
2021-06-03,sz.300059,30.76,31.94,30.76,30.86,266602422,8370516849.87
2021-06-04,sz.300059,30.6,31.97,30.42,31.02,299496048,9319942883.45
2021-06-07,sz.300059,31.0,31.6,30.5,31.2,224338804,6960569437.12
2021-06-08,sz.300059,31.0,31.64,30.72,30.87,213861482,6658598528.12
2021-06-09,sz.300059,30.79,31.1,29.92,30.4,213757255,6489014914.99
2021-06-10,sz.300059,30.49,32.0,30.48,31.29,316801552,9945309820.16
2021-06-11,sz.300059,31.51,31.79,31.11,31.37,253999050,8004480892.68
2021-06-15,sz.300059,31.37,31.52,30.4,30.85,191080110,5909617968.02
2021-06-16,sz.300059,30.71,31.06,28.8,28.83,383079520,11301932419.24
2021-06-17,sz.300059,28.88,29.96,28.88,29.67,235938004,6969828439.01
2021-06-18,sz.300059,29.9,30.68,29.65,30.24,213217128,6432728981.23
2021-06-21,sz.300059,30.58,31.08,30.38,30.62,202475303,6209608302.76
2021-06-22,sz.300059,30.78,30.89,30.11,30.57,146261680,4457085071.18
2021-06-23,sz.300059,30.66,31.24,30.31,30.96,198009476,6105335908.83
2021-06-24,sz.300059,31.0,31.18,30.4,30.5,164818655,5066775684.41
2021-06-25,sz.300059,30.7,33.2,30.42,32.7,487187616,15690406399.79
2021-06-28,sz.300059,32.8,32.91,32.19,32.78,264954426,8644174047.15
2021-06-29,sz.300059,32.75,32.75,31.56,31.75,242087586,7755650991.24
2021-06-30,sz.300059,31.95,33.09,31.78,32.79,258229732,8390390764.25
2021-07-01,sz.300059,33.75,33.88,31.13,31.16,353182816,11308032998.72
2021-07-02,sz.300059,31.02,31.02,29.48,29.72,328294400,9862151992.82
2021-07-05,sz.300059,29.62,29.98,29.22,29.81,195073387,5781201045.36
2021-07-06,sz.300059,29.83,30.1,29.21,30.05,213020212,6304140931.35
2021-07-07,sz.300059,29.5,30.77,29.48,30.48,228947521,6937476784.49
2021-07-08,sz.300059,30.8,32.12,30.8,31.2,339963296,10718413947.2
2021-07-09,sz.300059,30.9,31.69,30.65,31.49,209619728,6551323448.57
2021-07-12,sz.300059,32.15,33.59,31.51,32.99,450854992,14746692195.42
2021-07-13,sz.300059,32.71,33.05,32.08,32.32,216741154,7048765082.58
2021-07-14,sz.300059,32.15,32.85,31.88,32.15,194469809,6277458624.86
2021-07-15,sz.300059,32.0,33.38,31.88,33.09,262881617,8607060136.58
2021-07-16,sz.300059,33.33,33.47,32.3,32.5,236598844,7792452130.32
2021-07-19,sz.300059,32.23,32.79,32.05,32.58,151134021,4907660965.98
2021-07-20,sz.300059,32.22,32.91,32.13,32.47,120485295,3910198417.58
2021-07-21,sz.300059,32.78,34.78,32.65,34.19,370694240,12632447190.25
2021-07-22,sz.300059,34.39,35.2,33.94,35.09,306114016,10575909622.42
2021-07-23,sz.300059,35.1,36.09,33.9,34.12,370432432,12866486741.33
2021-07-26,sz.300059,34.39,34.47,32.5,32.82,346932256,11624124633.82
2021-07-27,sz.300059,33.5,33.61,30.71,30.98,326221664,10459263340.93
2021-07-28,sz.300059,30.75,31.28,29.38,30.49,297661136,9062176966.08
2021-07-29,sz.300059,31.5,32.45,31.23,32.09,328842480,10483475120.58
2021-07-30,sz.300059,31.71,31.94,30.82,31.05,217174735,6792002510.26
2021-08-02,sz.300059,31.1,33.86,30.7,33.03,362073056,11814638128.34
2021-08-03,sz.300059,32.9,34.25,32.75,33.23,299164496,9979498042.09
2021-08-04,sz.300059,33.1,33.88,32.71,33.57,221857259,7391674521.93
2021-08-05,sz.300059,33.6,33.6,32.38,32.69,204156746,6722483078.53
2021-08-06,sz.300059,32.66,33.51,32.66,32.93,164706320,5442663826.97
2021-08-09,sz.300059,32.69,33.78,32.58,33.26,224218707,7485471845.52
2021-08-10,sz.300059,33.0,33.72,32.5,33.7,252380608,8355003336.17
2021-08-11,sz.300059,33.75,33.98,32.81,32.96,195150603,6490577131.49
2021-08-12,sz.300059,32.8,33.0,31.9,32.06,192275775,6216985402.22
2021-08-13,sz.300059,31.8,32.66,31.71,32.16,127196002,4096214870.43
2021-08-16,sz.300059,32.17,33.0,32.07,32.19,177036172,5761578675.83
2021-08-17,sz.300059,31.98,32.98,30.91,30.98,285972400,9135221154.47
2021-08-18,sz.300059,31.29,33.8,30.81,33.21,455916112,14895125959.11
2021-08-19,sz.300059,33.21,33.4,31.79,32.08,323906912,10500138441.91
2021-08-20,sz.300059,31.93,32.55,30.95,31.41,254079467,8016798690.85
2021-08-23,sz.300059,31.51,31.96,31.11,31.53,165420342,5215925263.27
2021-08-24,sz.300059,31.53,32.88,31.16,32.17,263451763,8436301945.88
2021-08-25,sz.300059,32.0,32.01,31.22,31.54,171289730,5400899874.26
2021-08-26,sz.300059,31.45,31.85,30.96,30.98,178243955,5586070370.22
2021-08-27,sz.300059,30.85,31.38,30.71,31.0,134090869,4147719055.43
2021-08-30,sz.300059,31.21,31.29,29.93,30.52,226827963,6924552440.02
2021-08-31,sz.300059,30.3,31.25,30.0,30.95,243394528,7454173062.63
2021-09-01,sz.300059,30.78,32.7,30.36,31.74,374678512,11864778024.75
2021-09-02,sz.300059,31.5,32.29,31.36,31.74,217563484,6929157113.82
2021-09-03,sz.300059,32.85,33.04,31.27,31.28,293977264,9456704254.53
2021-09-06,sz.300059,30.92,33.5,30.82,32.99,464616832,15167683285.88
2021-09-07,sz.300059,32.76,34.79,32.6,34.2,424676960,14305488306.18
2021-09-08,sz.300059,34.1,36.75,34.0,35.29,413562816,14751269053.34
2021-09-09,sz.300059,35.2,35.68,34.6,35.26,198784225,6960754391.65
2021-09-10,sz.300059,35.35,36.48,35.25,35.45,261917278,9375202966.97
2021-09-13,sz.300059,35.6,36.8,35.57,36.16,253000300,9180542328.83
2021-09-14,sz.300059,36.38,36.64,35.0,35.4,258182324,9226401634.5
2021-09-15,sz.300059,35.8,35.8,34.7,35.31,170694183,6015254910.57
2021-09-16,sz.300059,35.46,35.51,33.55,34.08,219566488,7539060290.58
2021-09-17,sz.300059,34.08,34.96,33.79,34.7,139944117,4817136462.39
2021-09-22,sz.300059,34.0,34.79,33.86,34.35,105815919,3633792920.88
2021-09-23,sz.300059,34.91,35.5,34.08,34.33,173017230,6011406107.77
2021-09-24,sz.300059,34.18,35.03,34.1,34.31,123202203,4259116836.57
2021-09-27,sz.300059,34.45,35.08,32.75,32.94,275894096,9399763515.48
2021-09-28,sz.300059,33.26,34.77,32.99,34.3,222197892,7593810090.17
2021-09-29,sz.300059,34.17,34.19,33.2,33.68,146715494,4938509374.23
2021-09-30,sz.300059,33.95,34.65,33.42,34.37,139295438,4769293586.3
2021-10-08,sz.300059,34.85,35.39,34.1,34.59,150977933,5238745213.6
2021-10-11,sz.300059,34.57,35.26,34.3,34.41,119223563,4135790427.87
2021-10-12,sz.300059,34.0,34.04,32.15,32.78,241365251,7958084467.75
2021-10-13,sz.300059,32.63,33.44,32.23,33.2,114832016,3787544702.67
2021-10-14,sz.300059,33.19,33.36,32.81,33.1,80756960,2675419496.46
2021-10-15,sz.300059,32.5,34.05,32.42,33.87,147994593,4962501320.11
2021-10-18,sz.300059,34.0,34.26,33.25,33.61,159133246,5363007378.76
2021-10-19,sz.300059,33.6,34.1,33.23,33.43,135396740,4543412559.45
2021-10-20,sz.300059,33.6,34.05,33.33,33.46,110671622,3725090053.39
2021-10-21,sz.300059,33.48,33.8,32.91,33.57,126139328,4214339062.31
2021-10-22,sz.300059,33.67,33.75,33.21,33.24,96658922,3228460141.51
2021-10-25,sz.300059,33.26,34.1,32.96,33.94,159907159,5365640518.52
2021-10-26,sz.300059,33.78,34.25,33.7,33.91,132336945,4500464397.02
2021-10-27,sz.300059,33.8,33.9,32.6,32.9,183164658,6042436461.53
2021-10-28,sz.300059,32.71,33.03,32.16,32.3,139121469,4529296115.32
2021-10-29,sz.300059,32.2,33.1,32.12,32.9,132186323,4327865280.98
2021-11-01,sz.300059,32.61,33.0,32.5,32.61,103283478,3380312092.86
2021-11-02,sz.300059,32.55,32.69,31.35,32.0,167341720,5354927576.43
2021-11-03,sz.300059,32.2,32.73,32.07,32.45,111760725,3627409605.92
2021-11-04,sz.300059,32.75,33.18,32.48,32.57,107033715,3512858015.36
2021-11-05,sz.300059,32.41,32.99,32.34,32.73,96914201,3171854514.07
2021-11-08,sz.300059,32.78,33.74,32.74,33.32,157491605,5236057346.23
2021-11-09,sz.300059,33.35,33.57,33.04,33.49,103231614,3441032306.57
2021-11-10,sz.300059,33.29,33.71,33.1,33.62,109727114,3665704434.28
2021-11-11,sz.300059,33.7,35.55,33.69,35.35,317994576,11121095978.43
2021-11-12,sz.300059,35.21,35.9,35.17,35.43,154694654,5482682369.26
2021-11-15,sz.300059,35.43,35.96,35.19,35.33,124053006,4404462954.45
2021-11-16,sz.300059,35.37,35.62,34.68,34.79,131884725,4628723818.44
2021-11-17,sz.300059,35.22,35.55,34.92,35.15,89084360,3138608298.46
2021-11-18,sz.300059,35.1,35.23,34.44,34.69,83949063,2915078078.49
2021-11-19,sz.300059,34.59,35.68,34.49,35.22,142830423,5026252387.83
2021-11-22,sz.300059,35.3,36.1,35.15,35.86,167894201,6003995456.7
2021-11-23,sz.300059,35.84,36.37,35.61,35.69,136305305,4899215686.04
2021-11-24,sz.300059,35.63,35.93,35.17,35.29,107664623,3819714534.37
2021-11-25,sz.300059,35.4,35.48,34.77,34.9,89567244,3132881053.55
2021-11-26,sz.300059,34.8,35.02,34.43,34.73,88316986,3064142625.92
2021-11-29,sz.300059,34.41,34.85,34.36,34.81,100104492,3467688296.09
2021-11-30,sz.300059,34.95,35.36,34.42,34.64,91861894,3200010475.3
2021-12-01,sz.300059,34.6,34.99,34.25,34.74,92211984,3195351851.17
2021-12-02,sz.300059,34.61,35.06,34.51,34.97,92524622,3224012745.64
2021-12-03,sz.300059,35.07,35.15,34.0,34.87,133109837,4608107234.46
2021-12-06,sz.300059,34.82,36.6,34.81,35.29,264752895,9491918042.8
2021-12-07,sz.300059,35.9,35.95,35.05,35.45,136679534,4845872478.26
2021-12-08,sz.300059,35.85,36.28,35.43,36.13,139395557,5008942756.67
2021-12-09,sz.300059,36.21,38.0,35.93,37.23,264642143,9787190187.4
2021-12-10,sz.300059,36.95,37.15,36.66,36.9,151027103,5575280103.19
2021-12-13,sz.300059,37.82,39.35,37.59,38.13,264181307,10145922324.56
2021-12-14,sz.300059,38.13,38.77,37.98,38.31,127681447,4891941761.02
2021-12-15,sz.300059,38.31,39.3,38.2,38.67,137602542,5342902585.77
2021-12-16,sz.300059,39.0,39.1,38.17,38.78,97713565,3764760501.47
2021-12-17,sz.300059,38.66,39.04,37.93,37.93,148174985,5691201811.9
2021-12-20,sz.300059,37.99,38.66,37.4,37.57,151229103,5735345446.98
2021-12-21,sz.300059,37.57,37.85,36.94,37.69,106682347,3997403656.58
2021-12-22,sz.300059,37.5,37.8,37.27,37.35,66978869,2511856006.32
2021-12-23,sz.300059,37.41,37.6,36.97,37.47,81369421,3037282973.12
2021-12-24,sz.300059,37.47,38.13,37.18,37.31,76291574,2863630964.23
2021-12-27,sz.300059,37.77,37.77,36.81,36.97,78846379,2926129871.27
2021-12-28,sz.300059,37.18,37.67,36.97,37.66,98658745,3682029527.33
2021-12-29,sz.300059,37.63,37.64,36.25,36.31,127431304,4689823140.35
2021-12-30,sz.300059,36.3,37.4,35.91,37.04,132751583,4893113060.38
2021-12-31,sz.300059,37.28,37.34,36.82,37.11,79377929,2944372612.76
2022-01-04,sz.300059,37.25,37.28,35.75,35.86,138863404,5017007140.8
2022-01-05,sz.300059,35.95,36.2,34.63,35.07,191721915,6737490922.52
2022-01-06,sz.300059,34.71,34.73,33.88,33.96,199863892,6822774010.23
2022-01-07,sz.300059,34.19,34.24,33.68,33.75,121573654,4126480770.87
2022-01-10,sz.300059,33.51,33.93,33.35,33.53,108833838,3658586552.74
2022-01-11,sz.300059,33.39,33.74,33.3,33.4,89345976,2992163308.39
2022-01-12,sz.300059,33.6,33.8,33.1,33.66,121372865,4065787922.4
2022-01-13,sz.300059,33.7,33.87,32.5,32.53,161075969,5307426791.09
2022-01-14,sz.300059,32.09,32.7,32.01,32.22,125140528,4041624623.14
2022-01-17,sz.300059,32.25,33.15,32.24,32.9,122540136,4021361416.5
2022-01-18,sz.300059,32.97,33.44,32.7,33.08,113341427,3754671832.08
2022-01-19,sz.300059,33.66,33.94,32.79,33.15,148343789,4954421324.38
2022-01-20,sz.300059,33.0,34.0,32.65,33.73,171507304,5757703709.53
2022-01-21,sz.300059,33.63,33.77,32.98,33.24,102577618,3410195006.48
2022-01-24,sz.300059,32.97,33.42,32.44,32.59,107811804,3541267576.62
2022-01-25,sz.300059,32.1,32.51,31.66,31.72,140418758,4512514670.35
2022-01-26,sz.300059,32.19,32.68,31.67,32.68,134578986,4335120875.54
2022-01-27,sz.300059,32.4,32.79,31.78,31.81,116334950,3742215129.06
2022-01-28,sz.300059,32.32,32.39,31.34,31.36,111206034,3549318806.6
2022-02-07,sz.300059,32.21,32.53,31.9,32.22,122936826,3956834565.07
2022-02-08,sz.300059,32.22,32.37,31.24,32.13,126410491,4020979847.68
2022-02-09,sz.300059,32.17,32.74,31.92,32.67,119271848,3864376829.76
2022-02-10,sz.300059,32.77,32.89,31.85,32.14,131255888,4228847725.62
2022-02-11,sz.300059,32.03,32.46,31.62,31.73,122463856,3923987495.14
2022-02-14,sz.300059,31.3,31.52,26.9,27.49,548867536,15640071074.57
2022-02-15,sz.300059,26.9,27.48,26.68,27.36,274954912,7454457638.16
2022-02-16,sz.300059,27.66,28.06,27.36,27.47,207472072,5750680824.03
2022-02-17,sz.300059,27.22,27.85,27.13,27.53,142035976,3908726665.05
2022-02-18,sz.300059,27.32,27.37,26.85,27.08,177174797,4787964899.21
2022-02-21,sz.300059,26.99,27.1,26.01,26.15,363319344,9575508736.68
2022-02-22,sz.300059,25.75,25.88,25.23,25.38,250225872,6391885477.96
2022-02-23,sz.300059,25.68,26.45,25.38,26.4,267688374,6963672075.42
2022-02-24,sz.300059,26.01,26.63,25.65,26.1,233831571,6112098945.86
2022-02-25,sz.300059,26.55,27.09,26.3,26.42,235037171,6255731838.86
2022-02-28,sz.300059,26.22,26.84,26.1,26.74,188473338,4991774720.0
2022-03-01,sz.300059,26.9,27.55,26.73,27.44,272867792,7437723392.0
2022-03-02,sz.300059,27.15,27.23,26.95,27.12,112337062,3041032896.0
2022-03-03,sz.300059,27.21,27.4,26.57,26.74,145512320,3914571824.0
2022-03-04,sz.300059,26.45,26.86,25.82,26.0,192069755,5035058688.0
2022-03-07,sz.300059,25.66,25.68,24.68,24.88,249421012,6249672960.0
2022-03-08,sz.300059,25.02,25.36,24.4,24.86,222940028,5575220224.0
2022-03-09,sz.300059,25.0,25.09,23.13,24.26,321484880,7731650816.0
2022-03-10,sz.300059,24.97,25.33,24.52,24.55,271964256,6775750912.0
2022-03-11,sz.300059,24.08,25.05,23.06,24.6,406266144,9729312000.0
2022-03-14,sz.300059,24.0,24.25,23.5,23.5,241817698,5770557184.0
2022-03-15,sz.300059,23.0,24.01,22.8,22.83,335790192,7849895168.0
2022-03-16,sz.300059,23.2,25.5,22.62,25.21,546648784,13223777024.0
2022-03-17,sz.300059,25.8,26.48,25.35,25.84,561721712,14569189120.0
2022-03-18,sz.300059,25.7,26.1,25.2,25.99,278082496,7141410593.08
2022-03-21,sz.300059,25.89,25.89,24.91,25.05,288317904,7298276951.26
2022-03-22,sz.300059,24.9,25.55,24.71,25.12,176995630,4444791632.51
2022-03-23,sz.300059,25.25,25.49,25.06,25.25,147234979,3719767109.64
2022-03-24,sz.300059,25.09,25.66,24.8,25.35,184042124,4645317001.58
2022-03-25,sz.300059,25.28,25.44,24.59,24.6,174865204,4360035104.01
2022-03-28,sz.300059,24.03,24.8,23.84,24.49,154113219,3751809213.89
2022-03-29,sz.300059,24.58,24.78,24.11,24.19,103394059,2526553820.74
2022-03-30,sz.300059,24.49,26.08,24.41,26.08,352001744,8966017806.33
2022-03-31,sz.300059,25.82,25.82,25.25,25.34,210891106,5379517714.49
2022-04-01,sz.300059,25.21,26.39,25.14,26.09,279116784,7241237094.66
2022-04-06,sz.300059,25.78,26.07,25.52,25.96,170440372,4398394141.36
2022-04-07,sz.300059,25.78,26.44,25.49,25.5,193474728,5009230111.08
2022-04-08,sz.300059,25.5,26.35,25.36,26.09,215981668,5601188116.32
2022-04-11,sz.300059,25.75,25.76,24.7,24.71,249140856,6236771322.61
2022-04-12,sz.300059,24.67,26.47,24.65,26.2,307692320,7919707926.7
2022-04-13,sz.300059,25.8,26.6,25.66,25.94,234952634,6124451242.64
2022-04-14,sz.300059,26.35,27.2,26.12,26.82,298975248,8006079486.18
2022-04-15,sz.300059,26.49,27.32,26.4,26.9,210391750,5657702093.57
2022-04-18,sz.300059,26.3,26.55,25.66,26.23,190758294,4981604911.31
2022-04-19,sz.300059,26.1,26.57,25.85,25.94,141202021,3688816640.41
2022-04-20,sz.300059,21.59,21.75,20.48,20.61,273416496,5730628839.56
2022-04-21,sz.300059,20.35,21.25,20.32,20.69,240323468,4977874662.82
2022-04-22,sz.300059,20.52,21.26,20.46,20.85,205064988,4293211153.65
2022-04-25,sz.300059,20.1,21.21,19.85,20.67,337401536,6946926220.73
2022-04-26,sz.300059,20.64,21.36,20.18,20.75,338601744,7042505558.29
2022-04-27,sz.300059,20.57,21.85,20.5,21.65,382727744,8158614317.96
2022-04-28,sz.300059,21.33,21.49,20.83,21.05,241865110,5116476356.12
2022-04-29,sz.300059,21.65,23.04,21.1,22.78,504452576,11242983622.0
2022-05-05,sz.300059,22.31,22.7,22.12,22.4,251956658,5643940691.09
2022-05-06,sz.300059,21.8,22.08,21.5,21.53,217916566,4736405503.68
2022-05-09,sz.300059,21.22,21.85,21.21,21.5,133986069,2883168013.28
2022-05-10,sz.300059,21.26,22.07,21.17,21.94,225388625,4905976331.09
2022-05-11,sz.300059,21.94,23.05,21.83,22.31,379493648,8534955394.82
2022-05-12,sz.300059,22.11,22.96,22.07,22.48,219496621,4926606519.76
2022-05-13,sz.300059,22.72,22.79,22.22,22.53,152095983,3422648918.89
2022-05-16,sz.300059,22.78,22.94,22.13,22.26,151800737,3402178928.12
2022-05-17,sz.300059,22.26,22.58,22.08,22.49,138718655,3103592769.64
2022-05-18,sz.300059,22.64,22.7,22.15,22.27,169859928,3801531427.05
2022-05-19,sz.300059,21.9,22.24,21.81,22.17,153877544,3388303242.84
2022-05-20,sz.300059,22.36,23.07,22.36,22.85,335010720,7633951078.93
2022-05-23,sz.300059,22.73,22.92,22.42,22.78,173890443,3937355312.07
2022-05-24,sz.300059,22.7,22.86,22.02,22.08,204700878,4584733295.17
2022-05-25,sz.300059,22.17,22.25,21.89,22.25,138843800,3065441201.95
2022-05-26,sz.300059,22.23,22.75,21.86,22.45,196413410,4384151559.2
2022-05-27,sz.300059,22.62,22.75,22.05,22.17,163203486,3659172071.18
2022-05-30,sz.300059,22.25,22.33,21.97,22.04,130575358,2885944281.75
2022-05-31,sz.300059,22.03,22.79,21.89,22.64,273279952,6134379141.04
2022-06-01,sz.300059,22.62,23.04,22.45,22.74,214255348,4874274680.1
2022-06-02,sz.300059,22.55,22.94,22.36,22.83,174841264,3970047978.16
2022-06-06,sz.300059,22.91,24.0,22.61,23.95,397207040,9338085808.43
2022-06-07,sz.300059,23.73,24.44,23.72,23.86,322804512,7770414597.61
2022-06-08,sz.300059,24.0,24.25,23.38,23.95,262980351,6272250299.71
2022-06-09,sz.300059,24.05,24.57,23.78,23.85,304984784,7376848506.19
2022-06-10,sz.300059,23.61,24.35,23.43,24.24,305190144,7288431188.23
2022-06-13,sz.300059,23.78,24.18,23.41,23.68,258391661,6144011186.8
2022-06-14,sz.300059,23.3,24.96,22.61,24.54,439758064,10360968831.38
2022-06-15,sz.300059,24.65,26.6,24.58,25.3,789001888,20262833728.6
2022-06-16,sz.300059,25.25,25.26,24.16,24.19,417937632,10304414541.02
2022-06-17,sz.300059,23.95,24.68,23.74,24.43,312409552,7558095475.32
2022-06-20,sz.300059,24.33,24.9,24.25,24.51,199802362,4902266247.35
2022-06-21,sz.300059,24.64,24.69,24.0,24.19,181342801,4407159726.91
2022-06-22,sz.300059,24.27,24.44,23.8,23.8,179210263,4323039424.16
2022-06-23,sz.300059,23.83,25.02,23.78,24.88,328372544,8065463483.31
2022-06-24,sz.300059,24.96,25.35,24.6,25.15,249695091,6247806088.79
2022-06-27,sz.300059,25.53,25.99,25.34,25.61,279591856,7184021325.25
2022-06-28,sz.300059,25.61,26.12,25.17,25.8,194455584,4969711312.12
2022-06-29,sz.300059,25.6,25.97,24.82,24.86,253596204,6449144712.92
2022-06-30,sz.300059,25.13,25.76,24.95,25.4,231730410,5888245456.06
2022-07-01,sz.300059,25.44,25.74,25.0,25.21,149566443,3789807036.1
2022-07-04,sz.300059,25.21,25.65,24.71,25.65,197440640,4986067133.78
2022-07-05,sz.300059,25.67,25.86,24.91,25.23,224458124,5667468899.35
2022-07-06,sz.300059,25.18,25.19,24.36,24.67,198474605,4923332661.98
2022-07-07,sz.300059,24.6,24.85,24.41,24.61,121448614,2995529922.09
2022-07-08,sz.300059,24.75,24.79,23.54,23.63,302368325,7274732692.66
2022-07-11,sz.300059,23.48,23.54,23.15,23.29,168279592,3921637820.15
2022-07-12,sz.300059,23.43,23.59,22.97,23.14,181832134,4231904371.89
2022-07-13,sz.300059,23.06,23.29,22.89,22.99,154827763,3573389172.43
2022-07-14,sz.300059,22.88,23.12,22.71,22.77,147784259,3385923776.91
2022-07-15,sz.300059,22.72,23.09,22.38,22.4,168150024,3820836074.94
2022-07-18,sz.300059,22.8,23.5,22.8,23.25,210136302,4862057689.57
2022-07-19,sz.300059,23.2,23.45,23.0,23.3,133081236,3086958410.61
2022-07-20,sz.300059,23.39,23.45,23.11,23.22,108183888,2519046846.19
2022-07-21,sz.300059,23.1,23.26,22.95,22.96,108657617,2506860121.85
2022-07-22,sz.300059,23.02,23.29,22.86,23.1,113047161,2610448684.67
2022-07-25,sz.300059,23.1,23.11,22.42,22.51,139805732,3168753697.64
2022-07-26,sz.300059,22.61,22.81,22.37,22.61,88978225,2011560585.56
2022-07-27,sz.300059,22.51,22.61,22.37,22.44,102512581,2303247029.49
2022-07-28,sz.300059,22.62,23.14,22.62,22.72,160864295,3680199526.11
2022-07-29,sz.300059,22.75,22.85,22.21,22.25,129989957,2922502770.43
2022-08-01,sz.300059,22.2,22.2,21.52,21.8,191979441,4172701832.77
2022-08-02,sz.300059,21.5,21.72,20.93,21.24,201991017,4293046475.5
2022-08-03,sz.300059,21.24,21.6,20.96,21.0,169592746,3602472688.72
2022-08-04,sz.300059,21.13,21.36,21.03,21.23,138185635,2927971735.2
2022-08-05,sz.300059,21.34,21.85,21.15,21.78,178954953,3849859676.3
2022-08-08,sz.300059,21.57,21.77,21.52,21.67,104837789,2271830013.75
2022-08-09,sz.300059,21.68,21.79,21.53,21.61,103253276,2236063822.45
2022-08-10,sz.300059,21.6,21.77,21.21,21.32,133939293,2871969794.83
2022-08-11,sz.300059,21.55,23.05,21.46,22.99,454345839,10202826781.12
2022-08-12,sz.300059,22.7,23.09,22.53,22.95,219101180,5010440281.81
2022-08-15,sz.300059,22.65,23.27,22.61,22.91,138122152,3170523260.57
2022-08-16,sz.300059,23.0,23.08,22.85,22.89,95778993,2197613436.88
2022-08-17,sz.300059,22.89,23.54,22.66,23.38,231151277,5375741009.0
2022-08-18,sz.300059,23.21,23.37,23.09,23.09,118209333,2739441826.64
2022-08-19,sz.300059,23.12,23.3,22.89,22.9,107695761,2484891016.01
2022-08-22,sz.300059,22.85,22.98,22.6,22.67,125446355,2853035744.66
2022-08-23,sz.300059,22.65,23.18,22.51,22.74,142089739,3237872315.98
2022-08-24,sz.300059,22.67,23.35,22.35,22.42,194377926,4433958299.35
2022-08-25,sz.300059,22.5,22.91,22.32,22.81,150468175,3400212199.67
2022-08-26,sz.300059,22.79,22.79,22.28,22.39,132415531,2979573438.08
2022-08-29,sz.300059,22.0,22.25,21.91,22.14,102663954,2267168138.32
2022-08-30,sz.300059,22.16,22.28,21.68,21.96,135064101,2963046776.01
2022-08-31,sz.300059,21.8,22.58,21.77,22.2,166769419,3702007151.34
2022-09-01,sz.300059,22.05,22.22,21.83,21.88,93796593,2065786369.69
2022-09-02,sz.300059,22.05,22.15,21.64,21.9,89283814,1955624029.68
2022-09-05,sz.300059,21.74,21.95,21.65,21.92,72866908,1588472847.35
2022-09-06,sz.300059,22.0,22.42,21.96,22.37,141498978,3142910241.34
2022-09-07,sz.300059,22.23,22.32,22.08,22.17,86964639,1929681695.56
2022-09-08,sz.300059,22.3,22.49,22.21,22.22,104326197,2331557077.97
2022-09-09,sz.300059,22.28,22.9,22.2,22.66,186647570,4231375172.3
2022-09-13,sz.300059,22.8,23.03,22.65,22.67,114080255,2600550246.27
2022-09-14,sz.300059,22.34,22.56,22.2,22.37,105133275,2351757642.71
2022-09-15,sz.300059,22.55,22.85,22.14,22.35,139409909,3141890687.81
2022-09-16,sz.300059,22.2,22.35,19.25,19.94,688252937,13703653033.91
2022-09-19,sz.300059,19.51,19.57,19.07,19.14,280639847,5406627116.55
2022-09-20,sz.300059,19.24,19.53,19.05,19.29,178954551,3450981987.51
2022-09-21,sz.300059,19.06,19.08,18.59,18.9,234038876,4403674911.04
2022-09-22,sz.300059,18.56,18.86,18.46,18.56,200226266,3730659940.28
2022-09-23,sz.300059,18.51,18.77,18.25,18.41,168112950,3114002371.5
2022-09-26,sz.300059,18.15,18.49,18.04,18.14,164391648,2998167052.39
2022-09-27,sz.300059,18.25,18.46,18.11,18.45,146116376,2673697027.04
2022-09-28,sz.300059,18.28,18.44,17.85,17.87,182995852,3322934779.91
2022-09-29,sz.300059,18.08,18.17,17.74,17.81,155708567,2794930943.84
2022-09-30,sz.300059,17.9,18.09,17.61,17.62,128150947,2284583196.91
2022-10-10,sz.300059,17.62,17.73,17.22,17.3,128796484,2248683848.23
2022-10-11,sz.300059,17.41,17.7,17.18,17.39,131506530,2289545074.31
2022-10-12,sz.300059,17.33,17.93,17.18,17.92,171649445,3013785948.76
2022-10-13,sz.300059,17.65,17.94,17.61,17.71,125600431,2228515132.57
2022-10-14,sz.300059,17.95,18.45,17.86,18.13,236215014,4290409716.29
2022-10-17,sz.300059,17.99,18.38,17.91,18.29,145223908,2641279672.31
2022-10-18,sz.300059,18.44,18.48,18.08,18.18,125558069,2289840899.5
2022-10-19,sz.300059,18.14,18.23,17.74,17.74,149176777,2676923163.18
2022-10-20,sz.300059,17.61,18.22,17.53,17.82,166369414,2966329231.42
2022-10-21,sz.300059,18.3,18.38,17.83,17.88,187283123,3389163143.53
2022-10-24,sz.300059,17.85,18.35,17.01,17.09,324299419,5739539792.35
2022-10-25,sz.300059,16.9,17.0,15.5,15.54,544645922,8637505966.44
2022-10-26,sz.300059,15.61,16.12,15.41,15.75,385298355,6071971226.92
2022-10-27,sz.300059,15.75,16.55,15.71,16.05,343585090,5543672058.09
2022-10-28,sz.300059,15.83,16.04,15.25,15.37,264898209,4153412088.76
2022-10-31,sz.300059,15.26,15.85,15.22,15.61,195769221,3056346894.53
2022-11-01,sz.300059,15.61,16.2,15.5,16.2,333480054,5305091354.61
2022-11-02,sz.300059,16.03,16.52,15.92,16.25,316545971,5120412245.42
2022-11-03,sz.300059,16.0,16.24,15.97,16.11,165182367,2656811150.71
2022-11-04,sz.300059,16.05,17.47,16.05,17.19,472507167,7984390914.92
2022-11-07,sz.300059,17.03,17.39,16.97,17.26,221853598,3817016672.23
2022-11-08,sz.300059,17.27,17.35,17.02,17.18,138817047,2382245637.92
2022-11-09,sz.300059,17.15,17.3,17.01,17.03,139352997,2384751494.79
2022-11-10,sz.300059,16.83,17.19,16.7,17.07,183172407,3110805768.71
2022-11-11,sz.300059,17.83,18.44,17.47,17.98,527641137,9472463465.58
2022-11-14,sz.300059,18.21,18.59,18.0,18.09,385574957,7052017454.57
2022-11-15,sz.300059,18.05,19.27,17.92,19.06,436249598,8198884159.42
2022-11-16,sz.300059,18.95,19.11,18.5,18.57,293229289,5520088996.39
2022-11-17,sz.300059,18.45,18.6,18.2,18.6,191338789,3524553105.91
2022-11-18,sz.300059,18.59,18.67,18.18,18.2,175609969,3224973674.02
2022-11-21,sz.300059,18.0,18.01,17.51,17.8,204994808,3634233040.31
2022-11-22,sz.300059,17.85,18.25,17.79,17.93,180904103,3254490553.22
2022-11-23,sz.300059,17.86,18.14,17.73,17.87,118201449,2117524746.71
2022-11-24,sz.300059,18.25,18.28,17.77,17.8,110246939,1979571162.2
2022-11-25,sz.300059,17.76,18.21,17.74,17.92,132964482,2387880049.49
2022-11-28,sz.300059,17.4,17.5,17.13,17.46,188011046,3255909865.79
2022-11-29,sz.300059,17.6,18.9,17.57,18.62,402830408,7400123095.42
2022-11-30,sz.300059,18.5,18.72,18.37,18.5,199514457,3700091020.74
2022-12-01,sz.300059,19.05,19.75,19.03,19.03,365999169,7084272139.95
2022-12-02,sz.300059,19.04,19.28,18.7,18.93,185320607,3513897490.51
2022-12-05,sz.300059,19.3,19.89,19.22,19.87,355604871,7001552800.64
2022-12-06,sz.300059,19.7,20.48,19.67,19.97,255297980,5133425250.76
2022-12-07,sz.300059,19.9,20.29,19.63,19.91,181978045,3625013269.08
2022-12-08,sz.300059,19.98,20.08,19.8,20.0,149588642,2982248728.41
2022-12-09,sz.300059,20.0,20.74,19.83,20.58,280355480,5687304117.02
2022-12-12,sz.300059,20.4,20.45,19.77,19.78,190292504,3810442446.41
2022-12-13,sz.300059,19.79,20.02,19.76,19.81,92432295,1836646493.44
2022-12-14,sz.300059,19.9,20.25,19.8,20.13,128929017,2581439755.26
2022-12-15,sz.300059,19.93,20.05,19.63,19.69,124540572,2459846759.23
2022-12-16,sz.300059,19.58,19.77,19.47,19.6,126552433,2480859810.76
2022-12-19,sz.300059,19.67,19.94,18.74,18.95,226936687,4350351067.22
2022-12-20,sz.300059,18.95,19.04,18.54,18.7,128291791,2405489916.25
2022-12-21,sz.300059,18.75,19.09,18.72,18.85,108079816,2041718424.33
2022-12-22,sz.300059,19.05,19.34,18.8,18.95,125925799,2404252691.65
2022-12-23,sz.300059,18.76,19.25,18.71,19.03,96372504,1831048538.03
2022-12-26,sz.300059,19.08,19.14,18.67,19.03,108447219,2056572832.6
2022-12-27,sz.300059,19.26,19.57,19.03,19.45,175940827,3413069686.93
2022-12-28,sz.300059,19.32,19.55,19.25,19.32,108766137,2106647827.67
2022-12-29,sz.300059,19.17,19.44,18.92,19.37,105244554,2023490858.6
2022-12-30,sz.300059,19.43,19.64,19.38,19.4,99614876,1942338790.93
2023-01-03,sz.300059,19.19,19.34,18.4,19.27,225173858,4254332372.01
2023-01-04,sz.300059,19.19,19.65,19.15,19.35,130090748,2523866216.49
2023-01-05,sz.300059,19.6,20.41,19.57,20.37,315321609,6354841836.36
2023-01-06,sz.300059,20.3,20.6,20.2,20.37,166926155,3403762597.82
2023-01-09,sz.300059,20.54,21.34,20.5,21.07,248979205,5230474561.6
2023-01-10,sz.300059,21.04,21.5,20.9,21.0,182127044,3857756486.97
2023-01-11,sz.300059,21.14,21.55,20.86,20.91,153363775,3240106354.17
2023-01-12,sz.300059,21.04,21.19,20.81,21.1,112517829,2366611303.97
2023-01-13,sz.300059,21.2,21.75,21.05,21.75,211786015,4547601385.78
2023-01-16,sz.300059,21.83,23.41,21.8,22.52,438562778,9971587991.53
2023-01-17,sz.300059,22.41,22.88,22.35,22.8,182777335,4132973526.2
2023-01-18,sz.300059,22.51,23.08,22.51,22.67,136711725,3113038915.89
2023-01-19,sz.300059,22.65,23.35,22.51,23.34,189905352,4366706219.23
2023-01-20,sz.300059,23.28,23.3,22.9,23.23,150401141,3479894429.42
2023-01-30,sz.300059,23.96,24.08,22.71,22.9,252445647,5890497673.32
2023-01-31,sz.300059,22.92,23.11,22.33,22.49,200123333,4531501324.51
2023-02-01,sz.300059,22.63,23.36,22.41,23.36,200013172,4575108324.8
2023-02-02,sz.300059,23.48,23.57,22.7,22.7,267014881,6140253281.14
2023-02-03,sz.300059,22.56,22.85,22.34,22.58,146197312,3299044542.56
2023-02-06,sz.300059,22.2,22.32,21.45,21.92,209138414,4580028082.19
2023-02-07,sz.300059,22.05,22.16,21.9,22.1,108097616,2380206969.72
2023-02-08,sz.300059,22.1,22.15,21.7,21.73,112294314,2453388679.86
2023-02-09,sz.300059,21.7,22.32,21.66,22.25,153503361,3382885184.63
2023-02-10,sz.300059,22.17,22.29,21.84,21.97,107333075,2365409520.59
2023-02-13,sz.300059,21.85,22.22,21.75,22.18,115585286,2546886106.89
2023-02-14,sz.300059,22.23,22.27,21.81,22.04,93797170,2060877234.29
2023-02-15,sz.300059,22.0,22.09,21.64,21.66,119810217,2606629200.15
2023-02-16,sz.300059,21.7,22.27,21.3,21.55,225633571,4941404169.73
2023-02-17,sz.300059,21.41,21.6,20.92,20.95,156346414,3317198055.62
2023-02-20,sz.300059,21.15,22.09,21.08,21.99,219690756,4749882466.01
2023-02-21,sz.300059,21.88,22.29,21.87,22.13,138765006,3061836089.64
2023-02-22,sz.300059,21.97,22.1,21.62,21.75,117901044,2574138016.61
2023-02-23,sz.300059,21.73,22.22,21.73,21.8,131990098,2896088125.56
2023-02-24,sz.300059,21.85,21.88,20.81,20.9,276427745,5843326825.25
2023-02-27,sz.300059,20.61,20.84,20.4,20.63,122063238,2519637650.2
2023-02-28,sz.300059,20.78,20.96,20.57,20.92,107121955,2227531774.42
2023-03-01,sz.300059,20.92,21.4,20.8,21.28,175512286,3720076563.17
2023-03-02,sz.300059,21.17,21.26,21.01,21.07,91819232,1939465670.3
2023-03-03,sz.300059,21.21,21.45,20.95,21.35,123057458,2616790696.45
2023-03-06,sz.300059,21.33,21.33,20.85,20.96,119619993,2510314012.97
2023-03-07,sz.300059,20.87,21.0,20.05,20.06,241469781,4934373096.59
2023-03-08,sz.300059,20.05,20.19,19.91,20.14,114390915,2296670721.91
2023-03-09,sz.300059,20.17,20.22,19.86,20.0,118775960,2379249534.54
2023-03-10,sz.300059,19.82,20.17,19.8,19.88,120369748,2404968447.81
2023-03-13,sz.300059,19.76,20.14,19.76,20.1,102844711,2059660786.15
2023-03-14,sz.300059,20.02,20.1,19.6,19.97,112004103,2227570399.93
2023-03-15,sz.300059,20.15,20.35,20.01,20.01,110588342,2233406665.88
2023-03-16,sz.300059,19.9,20.03,19.66,19.72,119696198,2373090063.57
2023-03-17,sz.300059,20.0,20.55,20.0,20.31,225259382,4571646830.88
2023-03-20,sz.300059,20.24,20.44,19.92,19.98,159308459,3215847761.19
2023-03-21,sz.300059,20.1,20.3,19.96,20.18,133735769,2689094630.83
2023-03-22,sz.300059,20.15,20.23,18.75,19.0,515951290,9943231765.31
2023-03-23,sz.300059,18.75,19.58,18.72,19.55,283333796,5463034450.53
2023-03-24,sz.300059,19.88,20.3,19.81,20.24,329376976,6628186191.76
2023-03-27,sz.300059,20.07,21.1,20.07,20.62,366121151,7570230417.35
2023-03-28,sz.300059,20.44,20.56,19.78,19.93,217811109,4362837641.21
2023-03-29,sz.300059,20.0,20.15,19.82,19.97,134456433,2689855358.79
2023-03-30,sz.300059,19.96,20.15,19.63,20.04,153114318,3044046416.32
2023-03-31,sz.300059,20.0,20.14,19.76,20.03,168031680,3354723849.8
2023-04-03,sz.300059,20.05,23.05,20.03,22.89,934010729,20458316724.35
2023-04-04,sz.300059,23.0,23.84,22.44,22.7,634257221,14567386352.77
2023-04-06,sz.300059,22.21,22.42,21.7,22.03,370087979,8141135455.15
2023-04-07,sz.300059,22.15,22.86,21.87,22.45,333392983,7476572234.66
2023-04-10,sz.300059,22.73,22.93,21.68,21.78,312882385,6950675172.75
2023-04-11,sz.300059,21.95,22.3,21.5,21.76,266373225,5837061135.03
2023-04-12,sz.300059,21.99,22.65,21.75,22.17,313666049,6963737405.76
2023-04-13,sz.300059,21.91,22.01,21.46,21.57,227256833,4930485827.88
2023-04-14,sz.300059,21.58,21.75,21.29,21.59,188056014,4046703874.61
2023-04-17,sz.300059,21.41,22.07,21.41,21.83,299230122,6522778532.79
2023-04-18,sz.300059,18.12,18.37,17.94,18.03,258280158,4678624696.01
2023-04-19,sz.300059,17.89,17.95,17.66,17.69,236216928,4195470503.68
2023-04-20,sz.300059,17.68,17.98,17.47,17.97,246629995,4382156255.65
2023-04-21,sz.300059,17.85,17.9,17.01,17.03,333818880,5794004379.97
2023-04-24,sz.300059,16.55,16.65,15.83,16.0,472887914,7643330137.52
2023-04-25,sz.300059,16.0,16.22,15.76,16.08,274246469,4387074004.4
2023-04-26,sz.300059,15.95,16.03,15.69,15.86,208221279,3304259540.37
2023-04-27,sz.300059,15.8,15.85,15.35,15.68,283709762,4433899324.7
2023-04-28,sz.300059,15.75,16.35,15.71,16.09,270129765,4332836989.25
2023-05-04,sz.300059,15.94,16.13,15.73,15.97,214845034,3422732215.09
2023-05-05,sz.300059,15.99,16.4,15.91,16.0,305566185,4928202484.07
2023-05-08,sz.300059,15.95,16.35,15.66,16.12,360394305,5774449874.97
2023-05-09,sz.300059,16.17,17.42,15.96,16.57,720610426,12118721194.76
2023-05-10,sz.300059,16.3,16.45,15.95,16.12,337576212,5456552140.45
2023-05-11,sz.300059,16.1,16.24,16.02,16.06,183405641,2952075683.78
2023-05-12,sz.300059,16.0,16.06,15.6,15.62,235948764,3730096290.45
2023-05-15,sz.300059,15.55,16.1,15.42,16.08,246920039,3893624888.79
2023-05-16,sz.300059,16.05,16.17,15.85,15.89,169014454,2700672033.86
2023-05-17,sz.300059,15.81,15.96,15.72,15.82,136613552,2161404476.71
2023-05-18,sz.300059,15.82,15.93,15.66,15.73,153261356,2420679982.67
2023-05-19,sz.300059,15.65,15.83,15.54,15.69,129083858,2022293144.55
2023-05-22,sz.300059,15.7,15.83,15.62,15.78,118470766,1864318562.74
2023-05-23,sz.300059,15.79,15.8,15.6,15.61,110384436,1730269961.37
2023-05-24,sz.300059,15.52,15.6,15.33,15.33,179813866,2777641119.48
2023-05-25,sz.300059,15.26,15.41,14.9,15.1,256867814,3883863269.2
2023-05-26,sz.300059,15.1,15.23,14.98,15.14,125259724,1892517982.44
2023-05-29,sz.300059,15.1,15.18,14.52,14.61,326433893,4816630513.89
2023-05-30,sz.300059,14.58,14.63,14.11,14.43,358664680,5136163168.9
2023-05-31,sz.300059,14.37,14.42,14.01,14.02,293624709,4152299361.09
2023-06-01,sz.300059,14.02,14.39,13.98,14.2,261468765,3720213858.75
2023-06-02,sz.300059,14.2,14.56,14.18,14.52,237238545,3423366535.3
2023-06-05,sz.300059,14.47,14.53,14.35,14.43,149133823,2149457017.53
2023-06-06,sz.300059,14.4,14.52,14.14,14.16,195685023,2800959748.69
2023-06-07,sz.300059,14.19,14.48,14.19,14.29,173620460,2490762650.46
2023-06-08,sz.300059,14.23,14.58,14.13,14.46,199305468,2865908210.44
2023-06-09,sz.300059,14.41,14.42,14.13,14.23,229053072,3261826171.87
2023-06-12,sz.300059,14.16,14.25,14.0,14.16,212600209,3003197078.84
2023-06-13,sz.300059,14.11,14.45,14.11,14.37,234151505,3354037691.34
2023-06-14,sz.300059,14.4,14.58,14.23,14.26,243237170,3500581600.81
2023-06-15,sz.300059,14.3,14.68,14.27,14.65,393111999,5709338723.18
2023-06-16,sz.300059,14.7,14.9,14.54,14.86,339475285,4996183141.68
2023-06-19,sz.300059,14.85,14.91,14.65,14.73,260470050,3846553271.83
2023-06-20,sz.300059,14.68,14.95,14.65,14.74,233280022,3445760173.27
2023-06-21,sz.300059,14.7,14.77,14.3,14.3,245388298,3554733787.51
2023-06-26,sz.300059,14.09,14.23,13.98,14.01,212466854,2988446894.5
2023-06-27,sz.300059,14.01,14.22,14.0,14.16,140216979,1978117663.28
2023-06-28,sz.300059,14.15,14.18,13.92,14.1,149322047,2097137028.34
2023-06-29,sz.300059,14.05,14.13,13.98,14.01,137950687,1935544575.46
2023-06-30,sz.300059,13.98,14.34,13.96,14.2,204964988,2908657321.27
2023-07-03,sz.300059,14.26,14.53,14.19,14.45,193752041,2787338694.86
2023-07-04,sz.300059,14.4,14.49,14.3,14.45,154301262,2220965456.9
2023-07-05,sz.300059,14.41,14.41,14.23,14.24,120902123,1729169684.47
2023-07-06,sz.300059,14.2,14.3,14.09,14.1,132650595,1878964857.16
2023-07-07,sz.300059,14.05,14.2,13.98,14.02,174080083,2446213722.05
2023-07-10,sz.300059,14.09,14.25,14.05,14.09,139599927,1974213356.04
2023-07-11,sz.300059,14.12,14.19,14.06,14.18,124016039,1752762384.85
2023-07-12,sz.300059,14.17,14.25,13.97,14.0,174909719,2465066063.53
2023-07-13,sz.300059,14.08,14.52,14.07,14.49,404904115,5836158379.44
2023-07-14,sz.300059,14.43,14.54,14.39,14.41,170032983,2456760251.53
2023-07-17,sz.300059,14.36,14.36,14.16,14.24,134523488,1914828634.27
2023-07-18,sz.300059,14.26,14.39,14.22,14.31,115691799,1654853400.54
2023-07-19,sz.300059,14.25,14.39,14.23,14.37,120150935,1720300667.69
2023-07-20,sz.300059,14.45,14.49,14.21,14.22,144658362,2073926601.02
2023-07-21,sz.300059,14.16,14.33,14.13,14.21,126264881,1794007111.7
2023-07-24,sz.300059,14.11,14.21,14.07,14.09,124344166,1755557796.03
2023-07-25,sz.300059,14.81,15.27,14.62,15.1,826586541,12319394068.49
2023-07-26,sz.300059,14.98,15.03,14.71,14.84,346821109,5154265976.11
2023-07-27,sz.300059,14.92,14.98,14.64,14.67,221556222,3279627978.11
2023-07-28,sz.300059,14.61,16.35,14.56,16.14,1051291549,16512039039.21
2023-07-31,sz.300059,16.4,16.71,16.04,16.08,887807000,14532143228.01
2023-08-01,sz.300059,15.88,16.33,15.79,15.91,461194272,7395015536.65
2023-08-02,sz.300059,15.85,16.64,15.82,16.17,515766102,8389215542.31
2023-08-03,sz.300059,16.37,16.96,16.08,16.92,682401725,11318019365.76
2023-08-04,sz.300059,17.5,17.9,16.95,16.96,1155285164,20126631261.43
2023-08-07,sz.300059,16.53,16.87,16.42,16.73,519036785,8639121357.51
2023-08-08,sz.300059,16.56,17.05,16.15,16.62,523544528,8694051522.11
2023-08-09,sz.300059,16.51,16.93,16.51,16.57,297226074,4953161285.93
2023-08-10,sz.300059,16.53,17.0,16.53,16.97,433525709,7271474625.72
2023-08-11,sz.300059,16.71,16.72,16.09,16.12,583331895,9563154900.61
2023-08-14,sz.300059,15.7,16.09,15.63,15.89,345346460,5499153939.18
2023-08-15,sz.300059,15.8,16.57,15.8,16.51,480257513,7834652190.75
2023-08-16,sz.300059,16.19,16.8,16.08,16.26,410708512,6738355735.0
2023-08-17,sz.300059,16.14,16.35,15.84,16.23,367417483,5918473388.0
2023-08-18,sz.300059,16.25,16.6,16.05,16.07,305541398,4988651289.74
2023-08-21,sz.300059,15.78,15.9,15.32,15.36,427209893,6639503032.49
2023-08-22,sz.300059,15.5,15.87,15.32,15.66,326728009,5084312200.15
2023-08-23,sz.300059,15.5,15.58,15.34,15.34,200123230,3089386792.63
2023-08-24,sz.300059,15.48,15.92,15.43,15.62,304933543,4776520930.66
2023-08-25,sz.300059,15.7,15.96,15.66,15.79,279498726,4414442121.18
2023-08-28,sz.300059,18.4,18.4,16.32,16.4,1196964925,20643360274.21
2023-08-29,sz.300059,16.15,16.97,15.96,16.66,678841268,11160850344.78
2023-08-30,sz.300059,16.47,16.54,16.18,16.22,405400085,6620363903.41
2023-08-31,sz.300059,16.2,16.33,15.87,15.87,278144140,4460391174.56
2023-09-01,sz.300059,15.99,16.2,15.89,15.98,227033800,3641616751.26
2023-09-04,sz.300059,16.05,16.18,15.84,16.1,231335551,3712059368.8
2023-09-05,sz.300059,15.99,16.0,15.84,15.89,172533410,2742897387.39
2023-09-06,sz.300059,15.81,15.82,15.57,15.73,200897226,3153399464.22
2023-09-07,sz.300059,15.7,15.86,15.6,15.64,178204717,2803875872.49
2023-09-08,sz.300059,15.6,15.75,15.48,15.68,147461883,2298909148.34
2023-09-11,sz.300059,15.68,15.95,15.53,15.82,228521048,3602474475.2
2023-09-12,sz.300059,15.75,15.76,15.59,15.6,148952701,2333337051.78
2023-09-13,sz.300059,15.57,15.65,15.31,15.38,162843746,2516420674.73
2023-09-14,sz.300059,15.43,15.47,15.31,15.41,117350774,1805217653.64
2023-09-15,sz.300059,15.46,15.54,15.33,15.39,136236537,2102953854.3
2023-09-18,sz.300059,15.31,15.52,15.18,15.4,129522663,1993884636.09
2023-09-19,sz.300059,15.37,15.42,15.22,15.31,122151229,1872291252.91
2023-09-20,sz.300059,15.27,15.37,15.21,15.25,97049126,1485847472.89
2023-09-21,sz.300059,15.21,15.34,14.92,14.95,173289267,2616980714.94
2023-09-22,sz.300059,14.89,15.6,14.89,15.56,285832002,4384869088.82
2023-09-25,sz.300059,15.4,15.4,15.15,15.2,173681881,2647419314.27
2023-09-26,sz.300059,15.19,15.27,15.14,15.17,110122596,1673117873.0
2023-09-27,sz.300059,15.15,15.28,15.13,15.18,120406428,1830982077.29
2023-09-28,sz.300059,15.25,15.29,15.15,15.2,102050020,1551457313.53
2023-10-09,sz.300059,15.08,15.21,14.9,15.12,133921320,2014152658.04
2023-10-10,sz.300059,15.21,15.33,15.12,15.13,114152803,1736751467.98
2023-10-11,sz.300059,15.22,15.35,15.13,15.23,138174667,2104582010.04
2023-10-12,sz.300059,15.55,15.59,15.31,15.37,166300396,2563796012.32
2023-10-13,sz.300059,15.21,15.27,15.08,15.13,119236597,1809157554.7
2023-10-16,sz.300059,15.14,15.16,14.91,14.96,129050214,1938196467.17
2023-10-17,sz.300059,14.99,15.28,14.93,15.13,151568023,2294116655.33
2023-10-18,sz.300059,15.0,15.15,14.96,15.02,107402973,1617275870.05
2023-10-19,sz.300059,14.95,15.23,14.95,14.97,174128832,2625799393.45
2023-10-20,sz.300059,14.8,15.08,14.75,14.96,130416362,1951327419.71
2023-10-23,sz.300059,14.86,14.92,14.38,14.54,196102122,2860005540.88
2023-10-24,sz.300059,14.61,15.11,14.56,14.99,241038300,3576936330.07
2023-10-25,sz.300059,15.12,15.13,14.88,14.91,172781218,2588174590.88
2023-10-26,sz.300059,14.81,14.89,14.69,14.84,132706736,1962538654.18
2023-10-27,sz.300059,14.72,15.14,14.69,15.06,182365536,2723264822.53
2023-10-30,sz.300059,14.96,15.24,14.93,15.19,192407268,2909224006.63
2023-10-31,sz.300059,15.14,15.38,15.1,15.27,177375474,2704693782.8
2023-11-01,sz.300059,15.35,15.49,15.17,15.19,121471053,1852916317.55
2023-11-02,sz.300059,15.23,15.31,15.05,15.05,115927032,1759625380.35
2023-11-03,sz.300059,15.11,15.42,15.09,15.36,185726244,2842849853.86
2023-11-06,sz.300059,15.65,15.93,15.52,15.79,342630340,5389511349.06
2023-11-07,sz.300059,15.68,15.79,15.61,15.67,213517851,3350651097.65
2023-11-08,sz.300059,15.66,15.73,15.46,15.57,168778692,2631844974.17
2023-11-09,sz.300059,15.57,15.67,15.52,15.54,113365180,1766053737.19
2023-11-10,sz.300059,15.47,15.59,15.38,15.43,119958933,1854253408.58
2023-11-13,sz.300059,15.45,15.49,15.36,15.44,114486587,1765441327.8
2023-11-14,sz.300059,15.47,15.76,15.43,15.55,209439288,3262575333.99
2023-11-15,sz.300059,15.72,15.78,15.51,15.54,167661059,2622244437.15
2023-11-16,sz.300059,15.5,15.56,15.28,15.29,139387371,2147321609.84
2023-11-17,sz.300059,15.28,15.35,15.2,15.3,107542893,1641597487.21
2023-11-20,sz.300059,15.29,15.3,15.05,15.25,131432543,1995955256.82
2023-11-21,sz.300059,15.31,15.46,15.2,15.2,157949660,2424602083.37
2023-11-22,sz.300059,15.15,15.23,15.0,15.0,125426051,1894493775.45
2023-11-23,sz.300059,15.0,15.06,14.91,15.05,99012497,1483722456.46
2023-11-24,sz.300059,15.03,15.03,14.85,14.88,104854014,1562663625.97
2023-11-27,sz.300059,14.81,14.87,14.7,14.82,103522785,1528451112.63
2023-11-28,sz.300059,14.8,14.88,14.72,14.81,91477809,1354719977.05
2023-11-29,sz.300059,14.83,14.86,14.6,14.63,99134243,1456968431.0
2023-11-30,sz.300059,14.67,14.76,14.59,14.64,95727878,1404047425.44
2023-12-01,sz.300059,14.64,14.77,14.49,14.72,128162001,1874272560.74
2023-12-04,sz.300059,14.7,14.87,14.62,14.72,118350260,1743815970.84
2023-12-05,sz.300059,14.69,14.69,14.47,14.48,118925626,1732557082.02
2023-12-06,sz.300059,14.45,14.54,14.37,14.41,114414507,1653472780.66
2023-12-07,sz.300059,14.36,14.53,14.32,14.46,108657457,1569074996.2
2023-12-08,sz.300059,14.45,14.52,14.35,14.37,114609542,1654776689.26
2023-12-11,sz.300059,14.3,14.65,14.13,14.58,202599439,2907365246.58
2023-12-12,sz.300059,14.5,14.59,14.45,14.51,101397421,1470604700.3
2023-12-13,sz.300059,14.49,14.49,14.18,14.18,124517266,1780851892.42
2023-12-14,sz.300059,14.27,14.35,14.13,14.15,95040272,1351947747.43
2023-12-15,sz.300059,14.2,14.34,14.13,14.18,106013081,1508266027.1
2023-12-18,sz.300059,14.13,14.29,14.11,14.16,106394036,1510181111.73
2023-12-19,sz.300059,14.15,14.24,14.06,14.17,108158253,1530008208.09
2023-12-20,sz.300059,14.17,14.2,13.85,13.86,138624398,1940958103.46
2023-12-21,sz.300059,13.8,14.03,13.7,13.92,126029417,1752495787.99
2023-12-22,sz.300059,13.89,14.01,13.76,13.89,116280621,1615559484.51
2023-12-25,sz.300059,13.86,13.92,13.81,13.86,67899896,940682319.93
2023-12-26,sz.300059,13.86,13.89,13.65,13.69,85958197,1180930649.67
2023-12-27,sz.300059,13.69,13.74,13.01,13.42,234297521,3119754939.47
2023-12-28,sz.300059,13.35,14.1,13.32,13.96,252341185,3486315836.23
2023-12-29,sz.300059,13.91,14.11,13.9,14.04,152028539,2130239153.9
2024-01-02,sz.300059,14.04,14.05,13.79,13.8,106437644,1477596644.91
2024-01-03,sz.300059,13.81,13.86,13.56,13.71,121363468,1662576103.34
2024-01-04,sz.300059,13.7,13.71,13.4,13.46,137469188,1855462567.51
2024-01-05,sz.300059,13.44,13.61,13.22,13.28,143309889,1922418189.65
2024-01-08,sz.300059,13.21,13.34,13.03,13.07,141988774,1867603033.07
2024-01-09,sz.300059,13.07,13.23,12.97,13.1,118809455,1554956162.13
2024-01-10,sz.300059,13.03,13.19,12.91,12.98,111993298,1461625820.76
2024-01-11,sz.300059,12.96,13.26,12.88,13.17,159051441,2084916668.36
2024-01-12,sz.300059,13.1,13.17,12.95,12.95,127701139,1668870712.63
2024-01-15,sz.300059,12.88,13.08,12.81,12.83,118966291,1533737755.98
2024-01-16,sz.300059,12.79,12.96,12.6,12.93,181337554,2318335345.0
2024-01-17,sz.300059,12.82,12.84,12.43,12.43,187431893,2369736055.75
2024-01-18,sz.300059,12.32,12.88,12.28,12.82,279432567,3512233016.35
2024-01-19,sz.300059,12.71,12.8,12.63,12.7,144892970,1841834342.06
2024-01-22,sz.300059,12.67,12.78,12.3,12.41,203477019,2568074046.65
2024-01-23,sz.300059,12.42,12.84,12.36,12.71,217321407,2753585398.82
2024-01-24,sz.300059,12.8,13.38,12.55,13.27,356773143,4621885112.46
2024-01-25,sz.300059,13.1,13.52,13.03,13.35,320199835,4251856190.37
2024-01-26,sz.300059,13.25,13.36,13.09,13.12,239587775,3166067646.3
2024-01-29,sz.300059,13.12,13.21,12.82,12.82,170918979,2220778411.95
2024-01-30,sz.300059,12.72,12.9,12.54,12.56,159230428,2027490823.48
2024-01-31,sz.300059,12.52,12.69,12.44,12.48,158344503,1988501228.68
2024-02-01,sz.300059,12.42,12.89,12.41,12.69,200894405,2550873039.42
2024-02-02,sz.300059,12.66,12.76,12.09,12.45,243575541,3029456918.55
2024-02-05,sz.300059,12.3,12.63,11.83,12.33,286260917,3513090693.73
2024-02-06,sz.300059,12.19,13.28,12.12,13.2,337673139,4351404586.99
2024-02-07,sz.300059,13.04,13.27,13.02,13.13,287225732,3776896748.34
2024-02-08,sz.300059,13.3,13.47,13.23,13.27,274802459,3660680066.49
2024-02-19,sz.300059,13.35,13.35,13.03,13.23,199151377,2625167735.74
2024-02-20,sz.300059,13.18,13.46,13.12,13.34,216507593,2880267050.7
2024-02-21,sz.300059,13.23,14.09,13.17,13.62,418501187,5741236315.5
2024-02-22,sz.300059,13.5,13.82,13.47,13.73,253511650,3461261050.12
2024-02-23,sz.300059,13.75,13.82,13.65,13.73,205378453,2819493490.98
2024-02-26,sz.300059,13.73,13.76,13.54,13.55,203403800,2775443617.83
2024-02-27,sz.300059,13.75,14.03,13.7,14.02,346102241,4794110364.6
2024-02-28,sz.300059,14.19,14.36,13.63,13.64,424843348,5973198175.2
2024-02-29,sz.300059,13.63,14.07,13.6,14.04,314581900,4363296798.08
2024-03-01,sz.300059,13.99,14.17,13.83,14.0,285350772,3981584560.32
2024-03-04,sz.300059,13.95,13.97,13.75,13.83,194381703,2690056343.13
2024-03-05,sz.300059,13.77,13.87,13.71,13.74,168396901,2320067788.95
2024-03-06,sz.300059,13.73,13.98,13.7,13.79,185842483,2571065823.34
2024-03-07,sz.300059,13.75,13.88,13.55,13.57,197533393,2706685905.33
2024-03-08,sz.300059,13.58,13.66,13.46,13.56,134455091,1821455960.41
2024-03-11,sz.300059,13.59,13.79,13.52,13.79,208220462,2848753178.69
2024-03-12,sz.300059,13.85,14.08,13.78,13.96,288710622,4015299440.62
2024-03-13,sz.300059,13.94,13.95,13.71,13.77,195319813,2695513931.28
2024-03-14,sz.300059,13.72,13.87,13.54,13.63,164036544,2246901580.58
2024-03-15,sz.300059,13.63,13.71,13.48,13.66,165730113,2252331023.63
2024-03-18,sz.300059,13.7,14.07,13.67,13.97,322580447,4487742244.81
2024-03-19,sz.300059,13.9,13.9,13.71,13.71,205284929,2833099860.39
2024-03-20,sz.300059,13.69,13.78,13.62,13.72,154507937,2116508952.89
2024-03-21,sz.300059,13.76,14.06,13.76,13.84,293243805,4081855298.93
2024-03-22,sz.300059,13.79,13.8,13.55,13.55,214347985,2922991373.65
2024-03-25,sz.300059,13.39,13.52,13.15,13.17,207016296,2753908494.73
2024-03-26,sz.300059,13.15,13.25,13.02,13.14,144290207,1894022199.02
2024-03-27,sz.300059,13.1,13.11,12.79,12.79,156438143,2021851026.51
2024-03-28,sz.300059,12.76,13.06,12.76,12.88,150782604,1944636648.27
2024-03-29,sz.300059,12.83,12.9,12.76,12.89,114230578,1467113689.79
2024-04-01,sz.300059,13.04,13.14,13.03,13.09,143497906,1876723900.8
2024-04-02,sz.300059,13.09,13.11,12.91,12.95,119735175,1554893761.25
2024-04-03,sz.300059,12.92,12.96,12.8,12.81,108790726,1397751062.72
2024-04-08,sz.300059,12.7,12.71,12.51,12.53,143606176,1808852678.29
2024-04-09,sz.300059,12.54,12.65,12.51,12.61,89731377,1129772982.19
2024-04-10,sz.300059,12.61,12.62,12.34,12.42,123337942,1535023590.26
2024-04-11,sz.300059,12.33,12.48,12.28,12.32,119030024,1473020491.91
2024-04-12,sz.300059,12.34,12.37,12.07,12.1,138502680,1688186224.23
2024-04-15,sz.300059,12.11,12.69,12.09,12.45,256621475,3183539073.54
2024-04-16,sz.300059,12.35,12.52,12.19,12.24,173926719,2150002561.97
2024-04-17,sz.300059,12.29,12.56,12.24,12.53,197684865,2459183741.54
2024-04-18,sz.300059,12.48,12.75,12.4,12.47,221806404,2788347183.62
2024-04-19,sz.300059,12.39,12.5,12.31,12.33,126170412,1562492894.97
2024-04-22,sz.300059,12.35,12.53,12.32,12.38,104147961,1292821540.5
2024-04-23,sz.300059,12.37,12.5,12.36,12.44,108151491,1343256683.97
2024-04-24,sz.300059,12.43,12.47,12.33,12.45,114904600,1426642648.16
2024-04-25,sz.300059,12.4,12.48,12.26,12.35,120056111,1483095908.97
2024-04-26,sz.300059,12.65,13.2,12.51,13.12,487706420,6267321704.63
2024-04-29,sz.300059,13.05,13.38,12.98,13.25,418187884,5524541343.37
2024-04-30,sz.300059,13.15,13.29,13.04,13.05,203435900,2669970783.41
2024-05-06,sz.300059,13.28,13.57,13.21,13.25,297269658,3969291161.93
2024-05-07,sz.300059,13.21,13.27,13.13,13.18,162353619,2141717849.02
2024-05-08,sz.300059,13.16,13.18,12.92,12.96,143114777,1862502370.2
2024-05-09,sz.300059,12.97,13.17,12.97,13.08,140817115,1841882940.23
2024-05-10,sz.300059,13.09,13.19,12.99,13.11,159360790,2086168574.26
2024-05-13,sz.300059,13.04,13.14,12.85,13.01,162257556,2110370290.68
2024-05-14,sz.300059,13.01,13.1,12.93,13.05,142315389,1851328346.88
2024-05-15,sz.300059,13.1,13.11,12.69,12.71,198598196,2550114843.45
2024-05-16,sz.300059,12.77,13.03,12.7,12.82,196721829,2532584386.84
2024-05-17,sz.300059,12.77,13.09,12.76,13.07,184224526,2381307087.26
2024-05-20,sz.300059,13.01,13.29,12.99,13.1,215801141,2838758797.55
2024-05-21,sz.300059,13.05,13.19,12.99,13.04,135867388,1777550415.81
2024-05-22,sz.300059,13.01,13.11,12.97,13.05,114987796,1498775540.81
2024-05-23,sz.300059,12.99,13.0,12.71,12.76,162119055,2079637429.88
2024-05-24,sz.300059,12.72,12.78,12.5,12.53,137305516,1732090616.73
2024-05-27,sz.300059,12.52,12.69,12.48,12.67,112394997,1414538753.0
2024-05-28,sz.300059,12.61,12.71,12.52,12.53,89224969,1123394662.54
2024-05-29,sz.300059,12.53,12.63,12.44,12.49,82795221,1038013156.58
2024-05-30,sz.300059,12.43,12.5,12.39,12.44,87185728,1083830545.66
2024-05-31,sz.300059,12.5,12.59,12.41,12.41,101552119,1268141273.91
2024-06-03,sz.300059,12.33,12.4,12.22,12.3,127931287,1572294682.73
2024-06-04,sz.300059,12.29,12.42,12.26,12.39,117531593,1452451878.93
2024-06-05,sz.300059,12.37,12.47,12.31,12.36,98150719,1216688996.81
2024-06-06,sz.300059,12.37,12.43,12.24,12.26,122525269,1508476339.42
2024-06-07,sz.300059,12.3,12.36,11.96,12.16,150035499,1824210125.99
2024-06-11,sz.300059,12.09,12.22,12.05,12.12,102717244,1247994967.73
2024-06-12,sz.300059,12.11,12.31,12.08,12.18,112141838,1365898434.01
2024-06-13,sz.300059,12.18,12.26,12.14,12.17,92701225,1129331286.23
2024-06-14,sz.300059,12.14,12.41,12.03,12.34,233772054,2860798564.52
2024-06-17,sz.300059,12.22,12.37,12.19,12.34,126578143,1557867341.01
2024-06-18,sz.300059,12.35,12.44,12.32,12.38,126535212,1566422598.38
2024-06-19,sz.300059,12.39,12.39,12.16,12.19,104177218,1277727402.56
2024-06-20,sz.300059,12.18,12.19,11.94,11.94,147766602,1778852260.86
2024-06-21,sz.300059,11.95,12.05,11.85,11.94,117419432,1401730997.56
2024-06-24,sz.300059,11.85,11.97,11.8,11.8,111382582,1322310060.73
2024-06-25,sz.300059,11.78,11.84,11.51,11.54,152340175,1775730207.39
2024-06-26,sz.300059,11.51,11.73,11.44,11.69,119378951,1385293069.2
2024-06-27,sz.300059,11.62,11.63,11.34,11.34,128432293,1475640774.02
2024-06-28,sz.300059,11.32,11.44,10.35,10.56,416615242,4525769408.19
2024-07-01,sz.300059,10.48,10.73,10.33,10.47,240874112,2524741523.07
2024-07-02,sz.300059,10.49,10.57,10.23,10.27,221449769,2306228980.17
2024-07-03,sz.300059,10.28,10.38,10.0,10.26,271951736,2767464677.08
2024-07-04,sz.300059,10.23,10.36,10.13,10.13,150604348,1538406350.68
2024-07-05,sz.300059,10.11,10.28,10.06,10.21,145882601,1484763542.55
2024-07-08,sz.300059,10.15,10.19,9.93,9.96,164410473,1650284832.33
2024-07-09,sz.300059,9.98,10.21,9.87,10.13,213894289,2150374979.5
2024-07-10,sz.300059,10.06,10.3,10.03,10.12,152460812,1550173818.82
2024-07-11,sz.300059,10.3,10.59,10.23,10.43,254023709,2645763874.63
2024-07-12,sz.300059,10.41,10.47,10.32,10.36,127622228,1324453467.0
2024-07-15,sz.300059,10.31,10.4,10.27,10.33,98832405,1021346253.98
2024-07-16,sz.300059,10.34,10.48,10.29,10.45,133959312,1396260491.73
2024-07-17,sz.300059,10.45,10.59,10.42,10.5,150744592,1583897040.34
2024-07-18,sz.300059,10.47,10.59,10.37,10.54,148456244,1556252288.63
2024-07-19,sz.300059,10.48,10.75,10.48,10.7,179107957,1908209497.36
2024-07-22,sz.300059,10.86,10.9,10.57,10.69,193913248,2077274601.62
2024-07-23,sz.300059,10.62,10.67,10.34,10.35,158970908,1671063927.07
2024-07-24,sz.300059,10.33,10.37,10.11,10.14,161838454,1653866185.46
2024-07-25,sz.300059,10.11,10.33,10.08,10.27,146404112,1501276958.71
2024-07-26,sz.300059,10.28,10.65,10.26,10.52,162767038,1709272228.63
2024-07-29,sz.300059,10.47,10.52,10.39,10.4,91129382,952011924.07
2024-07-30,sz.300059,10.36,10.44,10.3,10.38,104810665,1087728514.89
2024-07-31,sz.300059,10.4,11.39,10.38,11.14,484467739,5325308785.48
2024-08-01,sz.300059,11.0,11.12,10.94,10.98,245532816,2707916816.12
2024-08-02,sz.300059,10.93,11.08,10.73,10.78,178998637,1947816879.16
2024-08-05,sz.300059,10.7,11.05,10.69,10.73,209520229,2275619613.54
2024-08-06,sz.300059,10.87,10.92,10.62,10.75,158894952,1706135474.56
2024-08-07,sz.300059,10.71,10.83,10.62,10.68,121432187,1299540510.66
2024-08-08,sz.300059,10.64,10.88,10.57,10.67,159341957,1704161592.74
2024-08-09,sz.300059,10.73,10.76,10.46,10.46,155336287,1645542723.49
2024-08-12,sz.300059,10.53,10.69,10.48,10.55,140113837,1482831722.79
2024-08-13,sz.300059,10.56,10.73,10.47,10.72,142803350,1515321127.55
2024-08-14,sz.300059,10.65,10.75,10.64,10.65,124239216,1326913035.8
2024-08-15,sz.300059,10.62,10.83,10.61,10.67,233521248,2502145875.81
2024-08-16,sz.300059,10.61,10.65,10.52,10.57,132805795,1404501468.27
2024-08-19,sz.300059,10.55,10.71,10.53,10.61,113254353,1203841916.81
2024-08-20,sz.300059,10.61,10.66,10.5,10.52,121642933,1286733999.1
2024-08-21,sz.300059,10.47,10.56,10.43,10.51,78295481,822281989.83
2024-08-22,sz.300059,10.55,10.58,10.18,10.19,169111353,1746002459.85
2024-08-23,sz.300059,10.2,10.38,10.19,10.3,135524243,1393113972.54
2024-08-26,sz.300059,10.3,10.42,10.27,10.33,94520078,977374036.63
2024-08-27,sz.300059,10.3,10.32,10.17,10.21,82431277,841642963.69
2024-08-28,sz.300059,10.18,10.26,10.11,10.22,83913547,855287780.33
2024-08-29,sz.300059,10.19,10.44,10.18,10.39,135346910,1401245802.43
2024-08-30,sz.300059,10.39,10.96,10.35,10.8,345266631,3719405319.1
2024-09-02,sz.300059,10.74,10.78,10.39,10.4,201612990,2126806388.65
2024-09-03,sz.300059,10.35,10.53,10.34,10.46,130893474,1365458076.98
2024-09-04,sz.300059,10.36,10.57,10.35,10.46,112502852,1179633737.44
2024-09-05,sz.300059,10.47,10.7,10.47,10.65,148853063,1580923392.79
2024-09-06,sz.300059,10.8,10.88,10.54,10.56,216513222,2317913178.36
2024-09-09,sz.300059,10.48,10.65,10.42,10.55,130910352,1379306178.21
2024-09-10,sz.300059,10.56,10.6,10.35,10.52,122540688,1281992453.45
2024-09-11,sz.300059,10.48,10.57,10.46,10.53,94012358,988136986.5
2024-09-12,sz.300059,10.53,10.59,10.43,10.45,96841591,1017637316.19
2024-09-13,sz.300059,10.45,10.54,10.38,10.38,96829121,1011898287.58
2024-09-18,sz.300059,10.4,10.47,10.31,10.43,92858043,964672708.48
2024-09-19,sz.300059,10.51,11.06,10.46,10.76,345416895,3720765153.39
2024-09-20,sz.300059,10.66,10.78,10.63,10.76,171976133,1839359953.03
2024-09-23,sz.300059,10.77,10.83,10.68,10.73,109417714,1176058978.18
2024-09-24,sz.300059,10.94,11.97,10.74,11.96,821280567,9422277624.09
2024-09-25,sz.300059,12.32,12.8,12.16,12.42,916973399,11425846227.1
2024-09-26,sz.300059,12.26,14.29,12.25,14.1,1093387279,14357403682.07
2024-09-27,sz.300059,14.76,16.92,14.53,16.92,1802654190,28163847792.65
2024-09-30,sz.300059,19.49,20.3,19.16,20.3,1536951582,30597718303.09
2024-10-08,sz.300059,24.36,24.36,22.77,24.36,1366767757,33078472089.74
2024-10-09,sz.300059,24.0,29.0,22.61,24.9,3462350597,90037647343.97
2024-10-10,sz.300059,24.1,24.56,19.92,20.55,2386326668,51973140574.73
2024-10-11,sz.300059,19.51,21.5,19.51,20.85,1458306562,30143290044.08
2024-10-14,sz.300059,20.65,21.6,18.89,21.07,1653643915,33397212089.39
2024-10-15,sz.300059,20.3,21.26,20.13,20.16,1143795124,23638885421.22
2024-10-16,sz.300059,19.64,21.07,19.64,20.38,1128769776,22883131840.89
2024-10-17,sz.300059,20.52,20.93,19.86,19.9,1025068599,20858527817.72
2024-10-18,sz.300059,19.84,23.88,19.56,22.95,2487402450,54244873273.43
2024-10-21,sz.300059,21.91,22.9,21.85,22.25,1684305657,37552280403.89
2024-10-22,sz.300059,22.1,23.27,22.0,22.63,1270958229,28758797639.87
2024-10-23,sz.300059,22.88,23.72,22.28,22.52,1399865760,32078993404.51
2024-10-24,sz.300059,22.2,22.8,21.9,22.19,883548429,19669635198.51
2024-10-25,sz.300059,22.25,23.36,22.0,22.7,1150308955,26028612422.34
2024-10-28,sz.300059,22.48,22.94,22.4,22.66,761852126,17260726611.88
2024-10-29,sz.300059,22.82,23.14,22.1,22.18,905429795,20458360791.12
2024-10-30,sz.300059,21.9,22.22,21.32,21.57,845314051,18377925242.05
2024-10-31,sz.300059,21.58,24.5,21.39,23.19,1947877643,45130903729.78
2024-11-01,sz.300059,22.8,24.24,22.74,23.0,1583191583,37175032454.86
2024-11-04,sz.300059,23.0,25.0,22.77,24.78,1490958079,35516483807.47
2024-11-05,sz.300059,25.01,28.61,24.11,27.35,2084815730,55269637529.59
2024-11-06,sz.300059,27.63,29.5,26.0,26.44,2055370609,56805929140.84
2024-11-07,sz.300059,25.75,30.0,25.75,30.0,2138876929,59716940181.13
2024-11-08,sz.300059,31.0,31.0,28.02,28.24,1825695257,53516291820.64
2024-11-11,sz.300059,27.6,29.19,27.6,28.7,1056684731,30147097635.31
2024-11-12,sz.300059,28.71,29.12,27.6,28.35,1100986464,31251870483.53
2024-11-13,sz.300059,28.01,28.68,27.42,28.18,839893149,23531753369.74
2024-11-14,sz.300059,28.0,28.42,27.4,27.41,742885660,20736004978.13
2024-11-15,sz.300059,27.34,27.55,25.59,25.63,1139645601,30195067880.4
2024-11-18,sz.300059,25.6,26.5,24.81,25.83,968699694,24847822962.63
2024-11-19,sz.300059,25.93,27.12,25.65,26.97,1004814255,26410930250.86
2024-11-20,sz.300059,26.55,27.12,26.4,26.67,715601925,19103572292.44
2024-11-21,sz.300059,26.5,27.95,26.46,27.39,963501559,26191780553.21
2024-11-22,sz.300059,27.15,27.66,25.73,25.9,924516873,24723464289.12
2024-11-25,sz.300059,25.76,26.09,24.82,25.37,711715962,18026887968.74
2024-11-26,sz.300059,25.37,25.98,25.1,25.14,532103545,13567748826.15
2024-11-27,sz.300059,25.0,26.5,24.86,26.41,860307516,22180953280.88
2024-11-28,sz.300059,26.41,26.54,25.74,25.78,617766214,16111721447.2
2024-11-29,sz.300059,25.78,28.88,25.78,27.26,1325222027,36130428074.48
2024-12-02,sz.300059,26.8,27.79,26.7,27.46,827717629,22643098826.01
2024-12-03,sz.300059,27.35,27.95,26.91,27.36,714162322,19532944767.5
2024-12-04,sz.300059,27.1,27.66,26.81,26.93,576357366,15670348335.44
2024-12-05,sz.300059,26.83,27.77,26.79,27.48,631150682,17292196561.68
2024-12-06,sz.300059,27.4,28.44,27.15,27.84,899956045,25116729869.13
2024-12-09,sz.300059,27.57,28.14,27.2,27.54,574058500,15865793660.31
2024-12-10,sz.300059,30.0,30.0,27.79,28.0,1389798910,40306053345.24
2024-12-11,sz.300059,27.85,28.29,27.37,27.65,647546909,17974631355.07
2024-12-12,sz.300059,27.6,28.3,27.38,27.91,657822981,18306815365.25
2024-12-13,sz.300059,27.58,27.58,26.34,26.41,901220543,24323145432.52
2024-12-16,sz.300059,26.2,26.23,25.55,25.75,565812890,14633294310.57
2024-12-17,sz.300059,25.72,26.28,25.65,25.88,471075989,12212581476.28
2024-12-18,sz.300059,26.0,26.15,25.7,25.81,327352193,8473280921.11
2024-12-19,sz.300059,25.38,26.05,25.26,25.85,350831067,9037169792.07
2024-12-20,sz.300059,25.86,26.49,25.77,26.11,439027859,11468783022.2
2024-12-23,sz.300059,25.89,26.39,25.74,25.9,352317590,9177889374.46
2024-12-24,sz.300059,25.92,26.33,25.76,26.29,393573944,10275409952.02
2024-12-25,sz.300059,26.33,26.37,25.84,26.1,321091251,8379226561.92
2024-12-26,sz.300059,26.09,26.26,25.92,26.07,282609321,7383461169.31
2024-12-27,sz.300059,26.08,27.18,25.96,26.55,676687249,17957896751.39
2024-12-30,sz.300059,26.4,27.16,26.33,27.16,583746158,15674390684.34
2024-12-31,sz.300059,27.01,27.19,25.8,25.82,653932571,17319751362.35
2025-01-02,sz.300059,25.58,25.66,23.52,23.99,893769667,21955486319.17
2025-01-03,sz.300059,23.92,23.99,22.86,22.86,662108794,15395241695.81
2025-01-06,sz.300059,22.59,23.0,22.4,22.54,423374737,9592894528.96
2025-01-07,sz.300059,22.62,23.05,22.41,23.01,421549396,9589671347.49
2025-01-08,sz.300059,22.79,23.05,21.96,22.56,577817795,12977134867.73
2025-01-09,sz.300059,22.48,22.87,22.33,22.49,299200313,6766497055.81
2025-01-10,sz.300059,22.49,22.69,21.88,21.88,335247067,7479416742.78
2025-01-13,sz.300059,21.46,22.34,21.46,22.12,336840638,7397444291.51
2025-01-14,sz.300059,22.42,23.89,22.22,23.86,879873982,20478466016.15
2025-01-15,sz.300059,23.55,23.66,23.23,23.32,448905385,10509548065.84
2025-01-16,sz.300059,23.55,23.97,23.07,23.39,447302508,10511127822.31
2025-01-17,sz.300059,23.25,23.74,23.18,23.44,363527638,8540687875.96
2025-01-20,sz.300059,23.78,23.96,23.33,23.51,414318310,9802738643.24
2025-01-21,sz.300059,23.8,23.98,23.26,23.85,436691087,10327800395.99
2025-01-22,sz.300059,23.62,23.79,23.37,23.67,359664738,8470112899.48
2025-01-23,sz.300059,24.4,25.2,23.73,23.73,853089870,20823362128.95
2025-01-24,sz.300059,23.57,24.2,23.56,24.09,472939666,11357392837.19
2025-01-27,sz.300059,24.09,24.15,22.93,22.94,461455692,10809937324.73
2025-02-05,sz.300059,23.3,23.35,22.9,22.99,313468223,7245772125.35
2025-02-06,sz.300059,22.89,23.87,22.78,23.69,478346582,11213047472.85
2025-02-07,sz.300059,23.54,25.08,23.51,24.28,933607183,22655603027.6
2025-02-10,sz.300059,24.28,24.51,24.03,24.34,493714253,11988437533.97
2025-02-11,sz.300059,24.29,24.29,23.78,23.94,406732156,9745085023.09
2025-02-12,sz.300059,23.85,24.69,23.84,24.54,504645180,12210834687.78
2025-02-13,sz.300059,24.3,24.79,24.11,24.16,550843014,13428395783.41
2025-02-14,sz.300059,24.03,24.36,23.9,24.22,396225606,9564838961.23
2025-02-17,sz.300059,24.56,24.73,24.16,24.37,479336670,11724275351.91
2025-02-18,sz.300059,24.2,24.27,23.28,23.33,513812250,12229148713.64
2025-02-19,sz.300059,23.3,23.96,23.26,23.82,420993742,9973690260.48
2025-02-20,sz.300059,23.72,23.83,23.49,23.57,295836022,6987387623.36
2025-02-21,sz.300059,23.65,24.52,23.34,24.35,755270873,18191960957.51
2025-02-24,sz.300059,24.23,24.53,23.88,24.12,487393422,11793967701.68
2025-02-25,sz.300059,23.75,24.05,23.63,23.7,345957501,8239757940.56
2025-02-26,sz.300059,23.8,24.49,23.61,24.4,622889685,14991737998.01
2025-02-27,sz.300059,24.2,24.38,23.67,24.13,576351136,13839782608.4
2025-02-28,sz.300059,23.93,24.24,23.18,23.23,467747359,11069093802.23
2025-03-03,sz.300059,23.23,23.45,22.78,22.95,347331363,8032886858.45
2025-03-04,sz.300059,22.78,23.09,22.71,22.98,221929134,5093128743.27
2025-03-05,sz.300059,22.95,23.18,22.77,22.98,267756672,6149550515.0
2025-03-06,sz.300059,23.21,24.18,23.2,23.93,712048671,16947203630.99
2025-03-07,sz.300059,23.68,23.75,23.33,23.41,388868347,9161945308.91
2025-03-10,sz.300059,23.36,23.43,23.08,23.27,223974908,5199219405.52
2025-03-11,sz.300059,22.95,23.39,22.91,23.38,237556148,5509809303.37
2025-03-12,sz.300059,23.46,24.05,23.36,23.61,416768061,9879883537.4
2025-03-13,sz.300059,23.5,23.74,23.17,23.35,287650143,6739338267.08
2025-03-14,sz.300059,23.47,25.13,23.42,24.43,1079620355,26272703276.48
2025-03-17,sz.300059,24.19,24.35,23.96,24.08,469248423,11314462376.57
2025-03-18,sz.300059,24.31,24.37,24.01,24.13,268255912,6475616448.65
2025-03-19,sz.300059,24.12,24.25,23.95,24.03,281360274,6766577559.33
2025-03-20,sz.300059,24.06,24.07,23.69,23.81,250670660,5983610858.93
2025-03-21,sz.300059,23.71,23.91,23.23,23.27,330899299,7778007075.49
2025-03-24,sz.300059,23.26,23.32,22.93,23.27,262662819,6077282013.93
2025-03-25,sz.300059,23.3,23.32,22.9,22.93,207091605,4771278066.58
2025-03-26,sz.300059,22.98,23.23,22.96,22.97,165600548,3817536422.89
2025-03-27,sz.300059,22.9,23.25,22.78,22.98,204742493,4715409952.82
2025-03-28,sz.300059,23.04,23.18,22.9,23.0,179140484,4123235415.42
2025-03-31,sz.300059,22.82,22.98,22.39,22.58,263144559,5950019381.53
2025-04-01,sz.300059,22.68,22.78,22.15,22.2,297950453,6675487217.99
2025-04-02,sz.300059,22.2,22.65,22.15,22.44,223695421,5025251687.69
2025-04-03,sz.300059,22.19,22.65,22.17,22.45,194445587,4368318243.33
2025-04-07,sz.300059,21.0,21.45,18.18,19.33,846804585,16888038811.76
2025-04-08,sz.300059,19.66,20.15,19.44,19.7,520569024,10290949993.98
2025-04-09,sz.300059,19.46,20.75,19.02,20.5,615175279,12354608028.69
2025-04-10,sz.300059,21.0,21.18,20.48,20.5,520410596,10831319155.16
2025-04-11,sz.300059,20.35,20.87,20.33,20.58,318184441,6540367649.05
2025-04-14,sz.300059,20.71,20.83,20.56,20.6,236368019,4884591649.93
2025-04-15,sz.300059,20.54,20.54,20.31,20.44,168724846,3442858349.37
2025-04-16,sz.300059,20.29,20.41,19.98,20.32,198269660,4006073811.99
2025-04-17,sz.300059,20.2,20.44,20.16,20.25,155637612,3162151800.93
2025-04-18,sz.300059,20.2,20.57,20.16,20.48,195442715,3986796364.26
2025-04-21,sz.300059,20.3,20.77,20.27,20.63,194843914,4008909280.38
2025-04-22,sz.300059,20.54,20.74,20.49,20.55,168116580,3461159797.33
2025-04-23,sz.300059,20.7,20.84,20.56,20.62,218504554,4521040609.63
2025-04-24,sz.300059,20.6,20.72,20.39,20.48,179659742,3689419015.55
2025-04-25,sz.300059,20.58,20.83,20.5,20.7,266296641,5515523735.06
2025-04-28,sz.300059,20.65,20.71,20.49,20.56,156821680,3227016353.42
2025-04-29,sz.300059,20.56,20.65,20.45,20.49,136357564,2800724539.45
2025-04-30,sz.300059,20.53,20.8,20.43,20.57,191305112,3948031590.55
2025-05-06,sz.300059,20.7,21.08,20.61,20.99,328160124,6867607336.65
2025-05-07,sz.300059,22.0,22.58,21.1,21.25,651292094,14131316009.36
2025-05-08,sz.300059,21.09,21.39,21.04,21.22,267746495,5688789916.45
2025-05-09,sz.300059,21.21,21.27,20.77,20.83,220375703,4607385584.52
2025-05-12,sz.300059,21.06,21.97,20.89,21.72,524864624,11248063535.03
2025-05-13,sz.300059,21.9,21.9,21.42,21.45,320648475,6933044216.03
2025-05-14,sz.300059,21.42,23.28,21.21,22.53,884020944,19674701308.37
2025-05-15,sz.300059,22.16,22.3,21.8,21.82,415805780,9157960739.31
2025-05-16,sz.300059,21.76,21.97,21.51,21.53,229994175,4972142237.56
2025-05-19,sz.300059,21.49,21.65,21.27,21.5,171971442,3688317134.15
2025-05-20,sz.300059,21.58,21.71,21.45,21.52,197781176,4262763693.5
2025-05-21,sz.300059,21.46,21.64,21.35,21.38,196240548,4214269607.78
2025-05-22,sz.300059,21.3,21.44,21.18,21.23,161566646,3435139886.12
2025-05-23,sz.300059,21.16,21.38,20.76,20.78,270666662,5697965655.98
2025-05-26,sz.300059,20.71,20.86,20.67,20.8,159237200,3304055628.47
2025-05-27,sz.300059,20.8,20.85,20.63,20.69,128345978,2662153105.17
2025-05-28,sz.300059,20.75,20.78,20.47,20.5,132052665,2719571593.35
2025-05-29,sz.300059,20.54,20.97,20.5,20.85,217962633,4534311134.04
2025-05-30,sz.300059,20.74,20.75,20.52,20.62,155846615,3214187488.79
2025-06-03,sz.300059,20.48,20.88,20.44,20.66,168136376,3475602966.61
2025-06-04,sz.300059,20.65,21.13,20.57,20.94,247088370,5167756329.98
2025-06-05,sz.300059,20.97,21.26,20.86,21.13,238302387,5011383196.18
2025-06-06,sz.300059,21.13,21.19,20.87,20.89,170707833,3583426088.69
2025-06-09,sz.300059,21.01,21.58,21.0,21.46,394252543,8438986734.46
2025-06-10,sz.300059,21.39,21.49,20.77,20.97,295659608,6240789063.35
2025-06-11,sz.300059,21.05,21.9,20.99,21.49,464789661,10007737342.31
2025-06-12,sz.300059,21.31,22.08,21.3,21.65,402799229,8732900047.32
2025-06-13,sz.300059,21.48,21.64,21.27,21.33,308920138,6617099360.29
2025-06-16,sz.300059,21.33,21.77,21.33,21.73,269492794,5827122593.08
2025-06-17,sz.300059,21.75,21.78,21.58,21.71,199992738,4330488658.94
2025-06-18,sz.300059,21.63,21.68,21.3,21.5,199072084,4273003773.2
2025-06-19,sz.300059,21.45,21.46,20.86,20.93,262645506,5541018264.38
2025-06-20,sz.300059,21.0,21.05,20.69,20.71,163936699,3415733488.44
2025-06-23,sz.300059,20.6,21.02,20.52,20.93,199778062,4158272934.05
2025-06-24,sz.300059,21.0,22.1,20.93,21.81,609134035,13215275330.0
2025-06-25,sz.300059,21.89,24.44,21.81,24.0,1442646828,33234532646.72
2025-06-26,sz.300059,23.52,23.78,23.05,23.13,953058387,22290289803.91
2025-06-27,sz.300059,23.16,24.15,23.0,23.04,826358430,19429214505.99
2025-06-30,sz.300059,23.05,23.2,22.73,23.13,443466100,10200885529.06
2025-07-01,sz.300059,23.1,23.12,22.68,22.88,310407377,7096299966.99
2025-07-02,sz.300059,22.89,23.03,22.61,22.71,253828394,5783334186.46
2025-07-03,sz.300059,22.74,22.99,22.71,22.88,287265774,6567067713.81
2025-07-04,sz.300059,22.8,23.46,22.62,22.8,520331195,11968107628.63
2025-07-07,sz.300059,22.66,22.92,22.65,22.75,249661731,5692621877.74
2025-07-08,sz.300059,22.73,23.27,22.71,23.15,417884881,9633695615.82
2025-07-09,sz.300059,23.16,23.35,22.86,22.93,339484921,7835324046.31
2025-07-10,sz.300059,22.85,23.34,22.8,23.15,390710344,9037908535.12
2025-07-11,sz.300059,23.29,24.59,23.06,23.86,1098863085,26314406884.72
2025-07-14,sz.300059,23.97,23.97,23.53,23.62,419157084,9936660422.8
2025-07-15,sz.300059,23.62,23.94,23.38,23.53,365249651,8621353177.78
2025-07-16,sz.300059,23.6,23.71,23.26,23.42,261453222,6133735001.82
2025-07-17,sz.300059,23.4,23.65,23.36,23.6,281614983,6616962240.85
2025-07-18,sz.300059,23.6,23.7,23.39,23.52,263052035,6194386610.0
2025-07-21,sz.300059,23.18,23.5,22.85,23.35,479639123,11143195006.83
2025-07-22,sz.300059,23.45,23.77,23.26,23.54,457095424,10742489969.51
2025-07-23,sz.300059,23.75,24.32,23.64,23.71,803889338,19249274781.81
2025-07-24,sz.300059,23.6,24.45,23.54,24.32,712859889,17192057721.76
2025-07-25,sz.300059,24.55,24.68,23.92,23.99,471001961,11390699109.14
2025-07-28,sz.300059,24.02,24.45,23.92,24.12,394633190,9541819256.28
2025-07-29,sz.300059,23.95,24.18,23.58,24.18,411059624,9818209853.26
2025-07-30,sz.300059,24.11,24.25,23.6,23.81,398559938,9548770524.97
2025-07-31,sz.300059,23.67,24.04,23.1,23.23,443464864,10437835809.47
2025-08-01,sz.300059,23.2,23.47,23.06,23.17,266616387,6196831583.57
2025-08-04,sz.300059,23.01,23.36,23.0,23.35,206018455,4789741479.24
2025-08-05,sz.300059,23.46,23.64,23.31,23.63,278641186,6548166293.07
2025-08-06,sz.300059,23.58,23.69,23.45,23.63,209950920,4948975908.56
2025-08-07,sz.300059,23.69,23.85,23.43,23.54,277197497,6547246736.87
2025-08-08,sz.300059,23.46,23.47,23.2,23.2,235608668,5490472674.19
2025-08-11,sz.300059,23.17,23.97,23.17,23.8,464960776,11043760973.76
2025-08-12,sz.300059,23.78,24.08,23.66,23.99,365765430,8732463291.96
2025-08-13,sz.300059,24.15,24.8,23.86,24.58,835773375,20381611687.89
2025-08-14,sz.300059,24.58,25.09,24.35,24.36,756790060,18672264922.74
2025-08-15,sz.300059,24.31,27.2,24.29,26.76,1697079842,44212171537.85
2025-08-18,sz.300059,26.98,28.97,26.25,27.85,1638248391,45044000478.44
2025-08-19,sz.300059,27.39,27.86,26.83,26.9,902257820,24656743771.59
2025-08-20,sz.300059,26.64,27.08,26.32,27.08,665432246,17817596320.64
2025-08-21,sz.300059,27.36,27.45,26.62,26.8,507135070,13688259572.43
2025-08-22,sz.300059,26.7,28.0,26.7,27.85,907063960,24969646790.98
2025-08-25,sz.300059,28.28,28.92,27.77,28.23,1019254519,28708028226.02
2025-08-26,sz.300059,27.97,28.41,27.83,27.93,531556952,14927974157.63
2025-08-27,sz.300059,27.94,28.45,27.19,27.21,791027495,22077644019.0
2025-08-28,sz.300059,27.15,27.96,26.85,27.96,742437357,20299811795.27
2025-08-29,sz.300059,28.1,29.36,27.73,28.91,1132470411,32402549222.12
2025-09-01,sz.300059,28.79,29.05,28.24,28.69,650352102,18583533247.6
2025-09-02,sz.300059,28.56,28.59,27.62,27.85,775071979,21741205516.16
2025-09-03,sz.300059,28.08,28.38,26.33,26.63,800115658,21737377442.69
2025-09-04,sz.300059,26.55,26.97,25.9,26.21,740416751,19570505120.95
2025-09-05,sz.300059,26.32,26.69,25.9,26.6,500565200,13175826630.08
2025-09-08,sz.300059,26.4,26.72,26.24,26.42,397224927,10499204128.49
2025-09-09,sz.300059,26.42,26.66,26.12,26.19,391738158,10326222649.02
2025-09-10,sz.300059,26.24,26.57,26.12,26.19,313055469,8237771053.67
2025-09-11,sz.300059,26.05,27.58,25.93,27.27,704454177,18912311794.77
2025-09-12,sz.300059,27.17,27.64,26.91,26.95,484818765,13195154738.14
2025-09-15,sz.300059,26.95,27.56,26.86,27.21,453857852,12393762766.45
2025-09-16,sz.300059,27.26,27.95,26.96,27.71,560141567,15377601865.38
2025-09-17,sz.300059,27.61,28.5,27.5,28.21,680560849,19071362609.63
2025-09-18,sz.300059,27.9,27.9,26.6,26.87,917831786,25053883557.55
2025-09-19,sz.300059,26.77,27.03,26.55,26.55,429082754,11469988336.83
2025-09-22,sz.300059,26.55,26.97,26.55,26.89,324342278,8683821514.57
2025-09-23,sz.300059,26.57,26.59,25.7,26.12,537885585,14045065628.6
2025-09-24,sz.300059,26.0,26.73,25.89,26.45,444335769,11680076076.19
2025-09-25,sz.300059,26.4,26.79,26.35,26.47,358772768,9544896403.01
2025-09-26,sz.300059,26.37,26.53,26.05,26.06,303421146,7974434053.17
2025-09-29,sz.300059,26.04,28.45,25.99,27.58,1108684127,30276242546.41
2025-09-30,sz.300059,27.31,27.56,27.01,27.12,572184675,15562985360.88
2025-10-09,sz.300059,26.52,27.08,26.19,26.76,609947241,16210423517.8
2025-10-10,sz.300059,26.63,27.0,26.01,26.09,602985545,15985488362.22
2025-10-13,sz.300059,25.17,25.8,25.12,25.62,411921427,10513134709.31
2025-10-14,sz.300059,25.7,26.15,25.12,25.16,415799790,10645933309.14
2025-10-15,sz.300059,25.35,25.62,25.14,25.54,302139824,7664788719.09
2025-10-16,sz.300059,25.42,25.63,25.31,25.42,237781407,6049130897.72
2025-10-17,sz.300059,25.4,25.62,24.81,24.86,309566627,7789935982.56
2025-10-20,sz.300059,25.25,25.34,24.86,25.02,228260562,5731111209.95
2025-10-21,sz.300059,25.12,25.55,25.04,25.36,297415998,7531255567.64
2025-10-22,sz.300059,25.21,25.25,24.99,25.12,177622378,4460291598.38
2025-10-23,sz.300059,25.16,25.48,24.92,25.47,250384534,6312859324.98
2025-10-24,sz.300059,25.54,25.9,25.43,25.9,357851764,9181609128.58
2025-10-27,sz.300059,26.35,26.45,25.93,26.04,475197468,12416283781.37
2025-10-28,sz.300059,25.85,26.4,25.81,26.0,350368404,9134636594.19
2025-10-29,sz.300059,25.91,26.79,25.88,26.49,544258296,14385870599.68
2025-10-30,sz.300059,26.29,26.33,25.61,25.63,467608310,12134107615.14
2025-10-31,sz.300059,25.78,25.87,25.5,25.5,249902897,6413427265.14
2025-11-03,sz.300059,25.49,25.59,25.15,25.56,220117438,5581571329.4
2025-11-04,sz.300059,25.41,25.48,25.2,25.26,189508997,4797778472.81
2025-11-05,sz.300059,25.09,25.37,25.01,25.26,166593299,4207462650.83
2025-11-06,sz.300059,25.27,25.68,25.27,25.51,239845604,6114418752.89
2025-11-07,sz.300059,25.28,25.32,25.1,25.14,202422801,5098399821.9
2025-11-10,sz.300059,25.12,25.52,25.11,25.4,213742554,5408102906.3
2025-11-11,sz.300059,25.39,25.44,24.92,24.93,249958217,6271502532.31
2025-11-12,sz.300059,24.93,25.02,24.5,24.69,209423734,5187774600.19
2025-11-13,sz.300059,24.59,25.14,24.59,25.13,229532021,5712182387.17
2025-11-14,sz.300059,24.9,24.98,24.52,24.54,202810528,5023097061.29
2025-11-17,sz.300059,24.51,24.66,24.44,24.51,148618452,3642858803.33
2025-11-18,sz.300059,24.5,24.69,24.46,24.49,150722250,3700866408.35
2025-11-19,sz.300059,24.48,24.61,24.16,24.33,175068953,4264456584.35
2025-11-20,sz.300059,24.71,24.8,24.06,24.07,218813990,5351316756.87
2025-11-21,sz.300059,23.88,24.08,23.26,23.3,303657646,7157253254.74
2025-11-24,sz.300059,23.4,23.62,23.26,23.43,173326796,4065528687.42
2025-11-25,sz.300059,23.49,23.63,23.38,23.42,194443515,4570564753.65
2025-11-26,sz.300059,23.42,23.53,23.31,23.34,168890808,3954330983.51
2025-11-27,sz.300059,23.33,23.63,23.26,23.3,193737802,4540913977.97
2025-11-28,sz.300059,23.29,23.41,23.06,23.4,179086945,4170961222.9
2025-12-01,sz.300059,23.22,23.34,22.85,23.09,307525087,7101740604.66
2025-12-02,sz.300059,23.03,23.05,22.59,22.61,234266666,5325600950.09
2025-12-03,sz.300059,22.67,22.8,22.18,22.23,224382774,5023839987.64
2025-12-04,sz.300059,22.25,22.59,22.17,22.39,180008722,4028110431.24
2025-12-05,sz.300059,22.35,23.72,22.31,23.31,548068578,12685472397.21
2025-12-08,sz.300059,23.8,24.22,23.54,23.64,577238800,13777049984.24
2025-12-09,sz.300059,23.4,23.63,23.16,23.28,269716787,6293632699.41
2025-12-10,sz.300059,23.21,23.45,22.96,23.29,224914879,5217465647.33
2025-12-11,sz.300059,23.35,23.36,22.84,22.84,193809629,4471357387.47
2025-12-12,sz.300059,22.89,23.3,22.86,23.02,226127208,5211224361.07
2025-12-15,sz.300059,22.81,23.24,22.71,22.85,186663144,4284568228.09
2025-12-16,sz.300059,22.75,22.93,22.57,22.61,187502453,4254925939.35
2025-12-17,sz.300059,22.61,23.42,22.46,23.09,341817761,7847250690.89
2025-12-18,sz.300059,23.0,23.15,22.84,22.86,189319984,4346222952.89
2025-12-19,sz.300059,22.87,23.3,22.83,23.0,193665416,4465868277.28
2025-12-22,sz.300059,22.98,23.19,22.94,23.08,160098857,3694459531.75
2025-12-23,sz.300059,23.06,23.24,22.93,23.02,184964950,4266910791.01
2025-12-24,sz.300059,22.95,23.33,22.92,23.2,216164536,5000520928.84
2025-12-25,sz.300059,23.15,23.43,23.1,23.34,217205303,5057356883.93
2025-12-26,sz.300059,23.34,24.05,23.23,23.61,431928171,10237402535.42
2025-12-29,sz.300059,23.58,23.6,23.3,23.35,221402724,5188521962.31
2025-12-30,sz.300059,23.29,23.63,23.21,23.43,224793876,5258246009.43
2025-12-31,sz.300059,23.43,23.61,23.18,23.18,199239488,4654244538.79
2026-01-05,sz.300059,23.22,23.75,23.21,23.75,356523390,8400324243.01
2026-01-06,sz.300059,23.68,25.37,23.65,25.11,906092075,22367426103.29
2026-01-07,sz.300059,24.88,24.97,24.26,24.53,519386047,12792153719.58
2026-01-08,sz.300059,24.29,24.29,23.87,24.0,401345353,9654145968.14
2026-01-09,sz.300059,24.0,24.36,23.99,24.13,340988370,8235488024.91
2026-01-12,sz.300059,24.06,25.05,24.01,25.05,700622732,17298253949.59
2026-01-13,sz.300059,25.3,25.48,24.41,24.49,573442369,14290143645.29
2026-01-14,sz.300059,24.36,25.71,24.36,24.72,937107931,23490105487.24
2026-01-15,sz.300059,24.21,24.52,23.91,24.06,496353353,11983987171.01
2026-01-16,sz.300059,24.29,24.43,23.83,23.89,325169233,7819730531.71
2026-01-19,sz.300059,23.8,23.82,23.45,23.5,299735468,7064842651.6
2026-01-20,sz.300059,23.49,23.66,23.32,23.44,258570356,6066481126.51
2026-01-21,sz.300059,23.43,23.53,23.25,23.31,230701802,5395300542.53
2026-01-22,sz.300059,23.31,23.52,23.24,23.31,215739815,5036712865.4
2026-01-23,sz.300059,23.36,23.45,23.25,23.3,258945663,6041597453.34
2026-01-26,sz.300059,23.25,23.73,23.13,23.31,425535001,9960847234.63
2026-01-27,sz.300059,23.28,23.3,22.73,22.9,316475831,7262207500.22
2026-01-28,sz.300059,22.9,23.02,22.77,22.78,255135330,5837401845.11
2026-01-29,sz.300059,22.66,23.3,22.39,23.14,417787468,9565662298.29
2026-01-30,sz.300059,23.1,23.1,22.68,22.7,269854953,6164200939.02
2026-02-02,sz.300059,22.61,23.05,22.45,22.53,239788114,5455060973.25
2026-02-03,sz.300059,22.68,22.73,22.48,22.7,179950400,4068736686.51
2026-02-04,sz.300059,22.6,23.12,22.52,22.89,297568413,6780586032.6
2026-02-05,sz.300059,22.75,23.13,22.71,22.93,272039202,6234975615.87
2026-02-06,sz.300059,22.78,22.91,22.65,22.66,197822887,4503074670.3
2026-02-09,sz.300059,22.81,22.95,22.72,22.95,208806438,4777064554.16
2026-02-10,sz.300059,22.92,23.09,22.85,22.89,152251626,3491663908.6
2026-02-11,sz.300059,22.85,22.94,22.73,22.77,149466066,3410394917.98
2026-02-12,sz.300059,22.75,22.77,22.65,22.66,153362029,3479773138.61
2026-02-13,sz.300059,22.7,22.82,22.36,22.37,205468499,4641832483.13
2026-02-24,sz.300059,22.49,22.57,22.33,22.41,141213770,3165419384.83
2026-02-25,sz.300059,22.47,22.89,22.43,22.74,255964372,5823308971.41
2026-02-26,sz.300059,22.69,22.7,22.43,22.5,189153249,4259952898.05
2026-02-27,sz.300059,22.46,22.67,22.37,22.52,176681173,3977336616.4
2026-03-02,sz.300059,22.26,22.32,21.9,21.95,282677152,6238286637.83
2026-03-03,sz.300059,21.93,22.33,21.62,21.64,290761929,6391894421.36
2026-03-04,sz.300059,21.43,21.55,20.95,21.02,288548913,6116409247.19
2026-03-05,sz.300059,21.33,21.35,20.99,21.09,212806778,4499741994.33
2026-03-06,sz.300059,21.0,21.64,20.96,21.56,233819564,4997216418.48
2026-03-09,sz.300059,21.15,21.34,21.02,21.23,197301365,4176661230.28
2026-03-10,sz.300059,21.42,21.56,21.26,21.36,161120963,3446179143.48
2026-03-11,sz.300059,21.35,21.59,21.25,21.47,180302504,3864569748.59
2026-03-12,sz.300059,21.38,21.53,21.25,21.36,151737148,3243000739.43
2026-03-13,sz.300059,21.3,21.46,21.06,21.1,176613501,3748142630.14
2026-03-16,sz.300059,21.09,21.23,20.94,21.21,144707074,3050263460.54
2026-03-17,sz.300059,21.3,22.07,21.26,21.56,420042174,9134523163.78
2026-03-18,sz.300059,21.45,21.55,21.31,21.51,185757857,3977846209.0
2026-03-19,sz.300059,21.34,21.6,21.25,21.33,217463822,4646582554.36
2026-03-20,sz.300059,21.2,21.22,20.21,20.21,477462400,9813176075.5
2026-03-23,sz.300059,19.78,20.05,19.56,19.61,314124997,6221226087.88
2026-03-24,sz.300059,19.87,19.96,19.55,19.77,208891179,4122788054.99
2026-03-25,sz.300059,19.75,20.15,19.73,19.9,225141838,4477985382.8
2026-03-26,sz.300059,19.81,19.82,19.1,19.12,279438966,5416802117.17
