date,code,open,high,low,close,volume,amount
2011-03-16,sz.300189,26.5,28.0,26.02,26.85,23869676.0,642829759.33
2011-03-17,sz.300189,25.5,26.49,25.28,25.38,10296827.0,265205667.32
2011-03-18,sz.300189,25.8,26.5,25.5,25.78,6545642.0,170010392.94
2011-03-21,sz.300189,25.98,26.68,25.83,26.1,4885509.0,128216497.03
2011-03-22,sz.300189,26.08,26.76,25.9,26.64,5347951.0,141374997.25
2011-03-23,sz.300189,26.64,26.64,26.02,26.34,4439931.0,116423592.91
2011-03-24,sz.300189,26.2,26.3,25.61,25.72,4644613.0,120335410.09
2011-03-25,sz.300189,25.64,26.0,25.55,25.7,2760332.0,71115903.88
2011-03-28,sz.300189,25.63,25.85,25.25,25.25,3292330.0,83783852.47
2011-03-29,sz.300189,25.1,25.1,24.01,24.16,3544416.0,86475079.89
2011-03-30,sz.300189,24.1,24.25,23.75,24.14,2006193.0,48158916.93
2011-03-31,sz.300189,24.08,24.45,24.05,24.17,1302825.0,31586828.25
2011-04-01,sz.300189,24.2,24.38,24.11,24.18,1057407.0,25617927.09
2011-04-06,sz.300189,23.99,24.18,23.38,23.4,1948607.0,46170550.01
2011-04-07,sz.300189,23.41,23.91,23.05,23.68,1252143.0,29580361.71
2011-04-08,sz.300189,23.74,24.06,23.61,23.89,905457.0,21650485.75
2011-04-11,sz.300189,23.84,23.88,23.06,23.17,1715609.0,40078534.22
2011-04-12,sz.300189,23.17,23.35,23.03,23.22,935473.0,21707048.81
2011-04-13,sz.300189,23.2,23.65,23.15,23.55,919003.0,21563890.55
2011-04-14,sz.300189,23.6,24.15,23.6,23.8,1437300.0,34436823.72
2011-04-15,sz.300189,23.65,23.68,23.2,23.45,964264.0,22584193.7
2011-04-18,sz.300189,23.48,23.87,23.38,23.82,1017854.0,24072046.86
2011-04-19,sz.300189,23.92,24.78,23.92,24.1,2767140.0,67484273.92
2011-04-20,sz.300189,23.99,24.19,23.65,23.9,1225774.0,29167529.85
2011-04-21,sz.300189,23.8,24.0,23.53,23.61,1174589.0,27818705.0
2011-04-22,sz.300189,23.58,23.61,23.3,23.42,891866.0,20889162.39
2011-04-25,sz.300189,23.5,23.51,22.8,22.8,984158.0,22679137.8
2011-04-26,sz.300189,22.85,22.9,22.1,22.28,1045437.0,23351127.63
2011-04-27,sz.300189,22.31,22.45,21.51,21.63,703820.0,15460772.0
2011-04-28,sz.300189,22.51,22.77,21.8,21.88,1584991.0,35373439.34
2011-04-29,sz.300189,22.06,22.69,21.88,22.54,1461438.0,32800633.4
2011-05-03,sz.300189,22.6,22.88,22.5,22.8,1023932.0,23264968.7
2011-05-04,sz.300189,22.78,22.78,22.19,22.35,910016.0,20355481.06
2011-05-05,sz.300189,22.35,22.79,22.15,22.7,936520.0,21197196.77
2011-05-06,sz.300189,22.43,23.09,22.36,23.05,1179383.0,27011941.55
2011-05-09,sz.300189,23.08,23.2,22.8,22.9,817963.0,18786245.17
2011-05-10,sz.300189,22.9,22.95,22.57,22.73,770575.0,17477816.88
2011-05-11,sz.300189,23.19,23.49,22.93,22.97,1505763.0,34937136.69
2011-05-12,sz.300189,22.7,22.85,22.2,22.2,1054089.0,23770824.87
2011-05-13,sz.300189,22.48,22.48,22.08,22.38,571915.0,12719453.44
2011-05-16,sz.300189,22.4,22.49,22.2,22.22,551435.0,12311168.17
2011-05-17,sz.300189,22.18,22.63,22.16,22.46,725873.0,16220771.98
2011-05-18,sz.300189,22.51,22.56,22.37,22.47,565079.0,12694653.06
2011-05-19,sz.300189,22.5,22.75,20.4,22.1,782584.0,17527587.87
2011-05-20,sz.300189,22.1,22.13,21.21,21.3,1169531.0,25246547.01
2011-05-23,sz.300189,21.1,21.62,20.68,20.81,944245.0,19991200.79
2011-05-24,sz.300189,20.63,21.36,20.43,21.19,1368160.0,28655485.8
2011-05-25,sz.300189,21.08,21.48,20.88,20.92,995422.0,21144961.26
2011-05-26,sz.300189,21.19,21.59,20.9,20.93,1063491.0,22583549.34
2011-05-27,sz.300189,20.92,21.1,20.39,20.41,734681.0,15152664.62
2011-05-30,sz.300189,20.41,20.96,20.37,20.65,723159.0,15011201.46
2011-06-01,sz.300189,20.88,21.42,20.8,21.24,1355157.0,28679670.52
2011-06-02,sz.300189,21.09,21.09,20.64,21.0,1023052.0,21342410.87
2011-06-03,sz.300189,20.99,21.28,20.91,21.15,923506.0,19552570.2
2011-06-07,sz.300189,21.13,21.16,20.92,21.0,651764.0,13708973.11
2011-06-08,sz.300189,20.9,21.1,20.7,20.95,603165.0,12591723.8
2011-06-09,sz.300189,21.0,21.0,20.01,20.1,1015225.0,20753315.25
2011-06-10,sz.300189,20.04,20.12,19.5,19.79,798442.0,15785366.49
2011-06-13,sz.300189,19.5,19.62,19.02,19.41,559765.0,10824373.59
2011-06-14,sz.300189,19.5,19.83,19.39,19.75,733961.0,14441761.29
2011-06-15,sz.300189,19.72,20.06,19.52,19.56,872984.0,17352246.6
2011-06-16,sz.300189,19.43,19.43,18.79,18.82,1682730.0,32026355.98
2011-06-17,sz.300189,18.63,19.0,18.38,18.4,1653397.0,30681902.83
2011-06-20,sz.300189,18.3,18.44,17.9,17.99,1009013.0,18232886.92
2011-06-21,sz.300189,18.05,18.24,17.93,18.24,897964.0,16276483.68
2011-06-22,sz.300189,18.24,18.42,18.01,18.1,667089.0,12132564.29
2011-06-23,sz.300189,18.09,18.68,17.85,18.58,1916276.0,35248552.33
2011-06-24,sz.300189,18.4,19.22,18.35,19.05,2711281.0,51120950.37
2011-06-27,sz.300189,18.89,19.33,18.89,19.19,2596296.0,49753099.97
2011-06-28,sz.300189,19.11,19.19,18.9,19.1,1190957.0,22701258.0
2011-06-29,sz.300189,19.07,19.3,18.8,18.8,1036993.0,19733359.43
2011-06-30,sz.300189,18.81,19.26,18.81,19.06,993026.0,18929296.53
2011-07-01,sz.300189,19.11,19.38,19.09,19.18,1288490.0,24792278.06
2011-07-04,sz.300189,19.26,19.6,19.2,19.56,1965739.0,38247042.98
2011-07-05,sz.300189,19.55,19.82,19.45,19.54,1391426.0,27249320.34
2011-07-06,sz.300189,19.58,19.96,19.34,19.95,2020337.0,39582341.5
2011-07-07,sz.300189,19.94,20.68,19.9,20.33,3841137.0,78021100.16
2011-07-08,sz.300189,20.3,20.38,20.01,20.03,1510226.0,30449214.13
2011-07-11,sz.300189,19.88,20.14,19.77,20.12,1419322.0,28345268.47
2011-07-12,sz.300189,19.9,19.95,19.45,19.5,1664553.0,32747828.69
2011-07-13,sz.300189,19.45,20.29,19.45,20.24,2033771.0,40653398.23
2011-07-14,sz.300189,20.24,21.18,20.24,21.05,3716845.0,77271926.21
2011-07-15,sz.300189,20.91,21.38,20.91,21.27,2881455.0,61025176.66
2011-07-18,sz.300189,21.34,21.4,20.83,20.99,2168380.0,45551260.66
2011-07-19,sz.300189,20.75,20.89,20.36,20.39,2386445.0,48924619.96
2011-07-20,sz.300189,20.67,20.84,20.34,20.8,1461414.0,30106866.42
2011-07-21,sz.300189,20.68,20.78,20.28,20.3,1186075.0,24271920.62
2011-07-22,sz.300189,20.4,20.79,20.4,20.6,1313018.0,27079670.34
2011-07-25,sz.300189,20.49,21.08,19.88,20.0,2243507.0,46038193.36
2011-07-26,sz.300189,19.95,20.28,19.76,20.06,967384.0,19284460.58
2011-07-27,sz.300189,19.91,20.85,19.85,20.82,1873796.0,38389956.39
2011-07-28,sz.300189,20.64,21.13,20.58,21.0,2682976.0,56077612.62
2011-07-29,sz.300189,20.92,21.07,20.56,20.67,1607129.0,33365792.43
2011-08-01,sz.300189,20.59,21.25,20.58,21.11,1804657.0,37937667.87
2011-08-02,sz.300189,21.2,21.83,20.85,21.7,4890920.0,104414458.21
2011-08-03,sz.300189,21.34,22.78,21.23,22.11,5438833.0,120212026.33
2011-08-04,sz.300189,22.0,22.21,21.66,21.69,2837097.0,62060045.69
2011-08-05,sz.300189,20.9,22.2,20.51,21.77,3524305.0,76237039.37
2011-08-08,sz.300189,21.39,22.12,20.4,20.9,4159181.0,88580529.59
2011-08-09,sz.300189,20.11,20.72,19.4,20.32,3289171.0,66385641.14
2011-08-10,sz.300189,20.72,21.4,20.6,20.8,3504772.0,73746768.55
2011-08-11,sz.300189,20.32,22.47,20.32,22.31,6108376.0,132329105.21
2011-08-12,sz.300189,22.56,22.68,21.88,22.21,4545380.0,101370964.27
2011-08-15,sz.300189,22.1,22.45,22.06,22.37,2736345.0,60915555.38
2011-08-16,sz.300189,22.39,22.95,22.27,22.29,3680511.0,83171899.44
2011-08-17,sz.300189,22.12,22.42,22.07,22.19,2130068.0,47352875.92
2011-08-18,sz.300189,22.03,22.55,21.8,21.81,2270595.0,50383418.99
2011-08-19,sz.300189,21.32,21.62,21.03,21.44,2093581.0,44736064.45
2011-08-22,sz.300189,21.48,21.8,21.41,21.44,1626939.0,35150920.09
2011-08-23,sz.300189,21.25,22.27,21.25,22.26,2182265.0,47904393.7
2011-08-24,sz.300189,22.28,22.56,22.0,22.05,2554990.0,57080439.37
2011-08-25,sz.300189,21.91,22.27,21.6,22.08,3393709.0,74591555.62
2011-08-26,sz.300189,21.92,22.28,21.85,22.11,2046272.0,45227491.98
2011-08-29,sz.300189,22.32,23.19,22.29,22.6,5111894.0,116500317.32
2011-08-30,sz.300189,22.68,22.87,21.9,21.9,3022385.0,67721247.39
2011-08-31,sz.300189,21.86,22.34,21.65,21.78,2156350.0,47493727.62
2011-09-01,sz.300189,21.82,21.98,20.82,21.0,2871103.0,61100596.55
2011-09-02,sz.300189,21.0,21.11,20.63,20.78,1046059.0,21734567.81
2011-09-05,sz.300189,20.58,20.67,20.15,20.43,1438722.0,29340719.88
2011-09-06,sz.300189,20.35,20.4,19.83,20.01,1078433.0,21651618.21
2011-09-07,sz.300189,20.15,20.66,20.1,20.6,1302436.0,26591111.48
2011-09-08,sz.300189,20.61,20.7,20.01,20.01,1334859.0,27175287.35
2011-09-09,sz.300189,20.01,20.47,20.0,20.1,797928.0,16156520.96
2011-09-13,sz.300189,19.5,19.87,19.5,19.7,746943.0,14679127.13
2011-09-14,sz.300189,19.7,19.95,19.4,19.87,785423.0,15470134.96
2011-09-15,sz.300189,19.98,19.98,19.6,19.6,923733.0,18291667.4
2011-09-16,sz.300189,19.8,19.85,19.41,19.46,632890.0,12424050.7
2011-09-19,sz.300189,19.26,19.48,18.89,18.91,688480.0,13208237.4
2011-09-20,sz.300189,18.91,19.12,18.6,18.92,648969.0,12269859.9
2011-09-21,sz.300189,18.8,19.57,18.8,19.49,860159.0,16626912.56
2011-09-22,sz.300189,19.4,19.83,18.92,18.96,1073430.0,20917840.41
2011-09-23,sz.300189,18.6,18.9,18.41,18.8,845925.0,15758529.28
2011-09-26,sz.300189,18.55,18.86,18.39,18.4,677699.0,12610487.08
2011-09-27,sz.300189,18.66,18.7,18.39,18.51,489074.0,9060603.6
2011-09-28,sz.300189,18.58,18.78,18.21,18.32,434974.0,8045186.12
2011-09-29,sz.300189,18.22,18.35,17.58,17.6,1055349.0,18926092.81
2011-09-30,sz.300189,17.7,17.76,17.25,17.53,578609.0,10137276.95
2011-10-10,sz.300189,17.53,17.7,17.37,17.54,297422.0,5209748.98
2011-10-11,sz.300189,18.05,18.06,17.4,17.58,468004.0,8308679.03
2011-10-12,sz.300189,17.5,18.28,17.42,18.23,808794.0,14571789.01
2011-10-13,sz.300189,18.16,18.77,18.16,18.5,1131708.0,21005555.02
2011-10-14,sz.300189,18.39,18.5,18.12,18.26,657770.0,12020300.25
2011-10-17,sz.300189,18.49,18.51,18.2,18.41,513953.0,9460948.61
2011-10-18,sz.300189,18.2,18.89,18.1,18.31,1774986.0,32912380.23
2011-10-19,sz.300189,18.26,18.38,17.91,17.91,830415.0,15074392.94
2011-10-20,sz.300189,17.7,17.86,17.03,17.27,796699.0,13860955.78
2011-10-21,sz.300189,17.36,17.47,17.08,17.27,573667.0,9920546.45
2011-10-24,sz.300189,17.2,17.49,16.6,17.44,1094450.0,18637573.28
2011-10-25,sz.300189,17.5,17.84,17.11,17.77,1243698.0,21888233.44
2011-10-26,sz.300189,17.61,18.0,17.56,17.72,1297993.0,23114746.44
2011-10-27,sz.300189,17.71,17.82,17.61,17.63,909909.0,16120321.41
2011-10-28,sz.300189,17.76,18.17,17.73,18.05,1297942.0,23268999.86
2011-10-31,sz.300189,18.08,19.59,18.02,19.04,3347664.0,63405646.65
2011-11-01,sz.300189,18.85,19.52,18.71,18.88,2645545.0,50594851.24
2011-11-02,sz.300189,18.55,19.45,18.41,19.33,2469653.0,46962580.96
2011-11-03,sz.300189,19.58,20.99,19.41,19.47,3796388.0,76243856.59
2011-11-04,sz.300189,19.76,20.85,19.5,20.34,3617701.0,72942181.85
2011-11-07,sz.300189,20.19,20.34,19.76,19.94,1774060.0,35392222.31
2011-11-08,sz.300189,20.0,20.06,19.18,19.29,1989478.0,38894899.89
2011-11-09,sz.300189,19.39,19.8,19.15,19.77,1521418.0,29716364.88
2011-11-10,sz.300189,19.5,20.28,19.42,19.85,2782202.0,55644903.51
2011-11-11,sz.300189,19.98,19.98,19.28,19.42,1679181.0,32831500.37
2011-11-14,sz.300189,19.61,20.13,19.45,20.05,1787992.0,35501564.22
2011-11-15,sz.300189,20.0,20.22,19.88,20.01,1152168.0,23061214.48
2011-11-16,sz.300189,19.95,20.05,18.98,19.1,2127894.0,41301856.03
2011-11-17,sz.300189,19.1,19.46,18.99,19.18,1123872.0,21549897.28
2011-11-18,sz.300189,19.12,19.44,18.71,18.78,1554911.0,29740543.36
2011-11-21,sz.300189,18.78,18.89,18.13,18.39,1099794.0,20288088.73
2011-11-22,sz.300189,18.27,19.0,18.12,18.96,1528250.0,28443216.53
2011-11-23,sz.300189,18.97,19.08,18.7,18.71,1081558.0,20457695.12
2011-11-24,sz.300189,18.42,18.96,18.33,18.72,848449.0,15805918.2
2011-11-25,sz.300189,18.66,18.8,18.2,18.25,747994.0,13788333.95
2011-11-28,sz.300189,18.5,20.08,18.5,20.08,2592629.0,51380900.55
2011-11-29,sz.300189,21.08,22.08,20.99,21.54,12368243.0,266029337.86
2011-11-30,sz.300189,21.02,21.07,19.57,20.5,8797832.0,180162985.19
2011-12-01,sz.300189,20.88,21.48,20.36,20.71,7718332.0,161329456.88
2011-12-02,sz.300189,20.3,20.3,19.23,19.71,4263904.0,84178885.27
2011-12-05,sz.300189,19.5,19.66,19.01,19.35,2624020.0,50723994.85
2011-12-06,sz.300189,19.0,19.99,18.81,19.9,3414807.0,66965152.44
2011-12-07,sz.300189,19.71,20.4,19.71,20.16,3555569.0,71485677.64
2011-12-08,sz.300189,20.01,20.98,18.98,20.36,5968431.0,119137507.69
2011-12-09,sz.300189,19.88,20.68,19.8,20.39,4159085.0,83967883.59
2011-12-12,sz.300189,20.45,20.97,20.34,20.5,4340312.0,89386188.09
2011-12-13,sz.300189,20.17,20.44,19.57,19.97,3146553.0,62717015.09
2011-12-14,sz.300189,20.1,21.97,20.05,21.14,11558903.0,249114565.41
2011-12-15,sz.300189,21.14,21.6,20.52,20.68,7252221.0,152240537.49
2011-12-16,sz.300189,20.34,22.0,20.34,21.92,7688929.0,162787509.12
2011-12-19,sz.300189,21.59,22.74,21.09,22.49,7409100.0,160971796.75
2011-12-20,sz.300189,22.21,22.6,21.52,21.52,6254511.0,137920758.2
2011-12-21,sz.300189,21.8,21.98,20.76,20.76,4968003.0,106403381.78
2011-12-22,sz.300189,20.0,21.99,19.81,21.58,6275478.0,131021725.15
2011-12-23,sz.300189,21.31,21.79,21.0,21.57,5125374.0,109855692.6
2011-12-26,sz.300189,21.2,22.75,21.0,21.63,7019448.0,155010724.93
2011-12-27,sz.300189,21.49,21.7,19.81,19.96,6021332.0,125374044.56
2011-12-28,sz.300189,19.5,19.79,18.75,19.25,4206850.0,80641026.0
2011-12-29,sz.300189,19.01,19.45,18.56,18.6,3461999.0,65564622.07
2011-12-30,sz.300189,18.82,19.18,18.63,19.08,2651634.0,50119476.07
2012-01-04,sz.300189,19.28,19.88,18.82,19.09,4278521.0,82876056.28
2012-01-05,sz.300189,18.87,19.07,17.18,17.18,4072283.0,71851970.21
2012-01-06,sz.300189,16.72,16.91,15.88,16.58,3088274.0,50236757.78
2012-01-09,sz.300189,16.48,17.16,16.08,17.02,3021943.0,50786660.37
2012-01-10,sz.300189,17.55,18.56,17.41,18.13,4922932.0,88504120.32
2012-01-11,sz.300189,18.0,18.73,17.68,18.48,4279279.0,77929664.59
2012-01-12,sz.300189,18.21,18.39,17.85,17.96,2979918.0,54046105.89
2012-01-13,sz.300189,17.78,18.28,16.5,16.61,3079463.0,53027619.35
2012-01-16,sz.300189,16.5,16.97,16.1,16.12,1771068.0,29285729.42
2012-01-17,sz.300189,16.11,17.1,15.68,17.01,2725692.0,44913063.8
2012-01-18,sz.300189,16.98,17.06,15.85,16.0,2469808.0,40801074.33
2012-01-19,sz.300189,15.92,16.0,15.26,15.63,2319164.0,36438109.61
2012-01-20,sz.300189,15.68,16.57,15.68,16.43,2809522.0,45712177.41
2012-01-30,sz.300189,16.5,16.78,16.2,16.4,2451885.0,40437901.69
2012-01-31,sz.300189,16.32,16.63,15.72,16.62,2073829.0,33595343.6
2012-02-01,sz.300189,16.5,17.15,16.42,17.05,3779496.0,63907026.05
2012-02-02,sz.300189,17.8,18.41,17.3,17.46,6468532.0,114959420.23
2012-02-03,sz.300189,17.22,17.58,17.22,17.39,3242605.0,56405092.54
2012-02-06,sz.300189,17.33,17.61,17.16,17.59,2987451.0,51881793.28
2012-02-07,sz.300189,17.45,17.58,16.96,17.2,2252478.0,38816681.95
2012-02-08,sz.300189,17.11,17.5,16.99,17.48,2312029.0,39970272.2
2012-02-09,sz.300189,17.41,17.79,17.27,17.33,3106779.0,54411028.55
2012-02-10,sz.300189,17.34,17.97,17.08,17.81,5076906.0,89578411.18
2012-02-13,sz.300189,17.44,17.87,17.41,17.73,3274366.0,57692660.29
2012-02-14,sz.300189,17.76,17.87,17.42,17.53,2038879.0,35831164.22
2012-02-15,sz.300189,17.53,17.75,17.31,17.69,2481839.0,43607624.89
2012-02-16,sz.300189,17.67,18.09,17.58,17.73,3223556.0,57490833.69
2012-02-17,sz.300189,17.73,17.85,17.3,17.38,2187883.0,38212461.24
2012-02-20,sz.300189,17.55,17.78,17.33,17.33,2073486.0,36331149.93
2012-02-21,sz.300189,17.28,17.65,17.17,17.61,1596507.0,27812831.68
2012-02-22,sz.300189,17.65,17.98,17.58,17.94,3488288.0,62134489.29
2012-02-23,sz.300189,17.99,18.3,17.87,18.04,3709030.0,66933035.87
2012-02-24,sz.300189,18.0,18.35,17.86,18.3,3618490.0,65545653.86
2012-02-27,sz.300189,18.3,18.7,18.16,18.19,4479473.0,82683431.95
2012-02-28,sz.300189,18.15,18.99,18.0,18.73,5422522.0,100409865.24
2012-02-29,sz.300189,18.6,18.62,18.0,18.04,2981604.0,54425185.87
2012-03-01,sz.300189,17.9,18.18,17.81,18.09,1565847.0,28178409.55
2012-03-02,sz.300189,18.03,18.44,18.03,18.41,2303908.0,42199576.38
2012-03-05,sz.300189,18.5,18.75,18.2,18.36,2715043.0,50107785.92
2012-03-06,sz.300189,18.35,18.36,17.89,17.89,1751654.0,31559258.24
2012-03-07,sz.300189,17.75,17.85,17.5,17.5,1885125.0,33327617.1
2012-03-08,sz.300189,17.52,17.76,17.52,17.66,1586681.0,28015727.17
2012-03-09,sz.300189,17.85,17.95,17.67,17.94,1920020.0,34268129.75
2012-03-12,sz.300189,17.93,18.06,17.85,17.98,1708667.0,30640042.28
2012-03-13,sz.300189,17.99,18.26,17.9,18.21,2336790.0,42223301.25
2012-03-14,sz.300189,18.2,18.32,16.62,16.96,3630116.0,64630229.7
2012-03-15,sz.300189,16.8,17.0,16.28,16.43,2120988.0,35136176.91
2012-03-16,sz.300189,16.49,16.77,16.44,16.77,1842424.0,30658281.27
2012-03-19,sz.300189,16.8,17.16,16.8,17.13,1542528.0,26255271.0
2012-03-20,sz.300189,17.11,17.13,16.5,16.58,1334188.0,22339087.56
2012-03-21,sz.300189,16.65,16.88,16.5,16.81,1083258.0,18092969.85
2012-03-22,sz.300189,16.7,16.83,16.55,16.64,717944.0,11961339.15
2012-03-23,sz.300189,16.5,16.75,16.41,16.44,775337.0,12833199.47
2012-03-26,sz.300189,16.5,16.75,16.38,16.47,516656.0,8562336.06
2012-03-27,sz.300189,16.56,16.74,16.48,16.49,552545.0,9174563.32
2012-03-28,sz.300189,16.45,16.45,14.84,15.09,1638124.0,25441496.47
2012-03-29,sz.300189,14.95,15.0,14.67,14.8,1048293.0,15543708.15
2012-03-30,sz.300189,15.0,15.1,14.66,14.81,845961.0,12526477.59
2012-04-05,sz.300189,14.83,15.24,14.83,15.17,999487.0,15087506.61
2012-04-06,sz.300189,15.08,15.61,15.08,15.44,973601.0,15022906.9
2012-04-09,sz.300189,15.5,15.53,15.15,15.23,858761.0,13162023.57
2012-04-10,sz.300189,15.12,15.34,14.72,15.29,1066473.0,16015683.32
2012-04-11,sz.300189,15.2,15.75,15.02,15.61,1626647.0,25246018.7
2012-04-12,sz.300189,15.59,15.76,15.5,15.71,1692960.0,26535188.98
2012-04-13,sz.300189,15.75,15.8,15.61,15.74,1438476.0,22591242.03
2012-04-16,sz.300189,15.69,15.85,15.6,15.73,908920.0,14308842.06
2012-04-17,sz.300189,15.7,15.86,15.51,15.52,1043835.0,16385753.35
2012-04-18,sz.300189,15.6,15.83,15.48,15.78,1272804.0,19954606.32
2012-04-19,sz.300189,15.78,16.0,15.51,15.96,1641680.0,25944818.56
2012-04-20,sz.300189,15.88,16.18,15.71,16.14,1666770.0,26716580.08
2012-04-24,sz.300189,15.19,15.59,14.66,15.1,2684672.0,40429621.01
2012-04-25,sz.300189,14.89,15.36,14.85,15.34,1403453.0,21275669.3
2012-04-26,sz.300189,15.33,15.42,14.93,15.09,1406393.0,21334346.28
2012-04-27,sz.300189,15.44,16.6,15.41,16.6,3637442.0,58324583.04
2012-05-02,sz.300189,16.8,17.02,16.18,16.64,5640068.0,94084321.62
2012-05-03,sz.300189,16.5,17.1,16.41,16.8,2861370.0,48267931.81
2012-05-04,sz.300189,16.72,17.14,16.53,16.97,3280857.0,55390226.08
2012-05-07,sz.300189,16.83,16.97,16.67,16.94,2476152.0,41668522.05
2012-05-08,sz.300189,17.0,17.46,16.85,16.98,3227167.0,55306867.71
2012-05-09,sz.300189,16.83,16.84,16.47,16.51,2137651.0,35526214.7
2012-05-10,sz.300189,16.16,16.85,16.16,16.85,1687746.0,28125275.71
2012-05-11,sz.300189,16.8,16.99,16.69,16.79,1478085.0,24885825.97
2012-05-14,sz.300189,16.96,17.03,16.61,16.78,1285692.0,21666266.92
2012-05-15,sz.300189,16.69,17.13,16.51,17.09,1977806.0,33289901.84
2012-05-16,sz.300189,17.04,17.05,16.68,16.68,1404866.0,23643214.68
2012-05-17,sz.300189,16.7,16.86,16.56,16.81,974731.0,16315061.82
2012-05-18,sz.300189,16.75,16.83,16.28,16.5,1097607.0,18225530.13
2012-05-21,sz.300189,16.42,16.65,16.3,16.52,659715.0,10873280.68
2012-05-22,sz.300189,16.55,16.87,16.55,16.83,1086458.0,18220061.96
2012-05-23,sz.300189,16.82,16.82,16.46,16.66,864638.0,14366462.92
2012-05-24,sz.300189,16.76,16.92,16.69,16.72,1444948.0,24304740.21
2012-05-25,sz.300189,16.64,16.79,16.13,16.16,1486088.0,24308517.16
2012-05-28,sz.300189,16.03,16.25,15.81,16.19,882261.0,14193499.36
2012-05-29,sz.300189,16.2,16.42,16.03,16.36,1201317.0,19508534.95
2012-05-30,sz.300189,16.34,16.49,16.08,16.27,934349.0,15272306.53
2012-05-31,sz.300189,16.09,16.45,16.09,16.34,784581.0,12816303.48
2012-06-01,sz.300189,16.34,16.54,16.2,16.24,960595.0,15745295.77
2012-06-04,sz.300189,15.99,16.07,15.51,15.54,1168890.0,18500158.19
2012-06-05,sz.300189,15.66,15.78,15.4,15.44,672445.0,10441223.13
2012-06-06,sz.300189,15.5,15.65,15.44,15.57,561653.0,8739596.28
2012-06-07,sz.300189,15.77,16.7,15.77,16.22,3728687.0,60852609.79
2012-06-08,sz.300189,16.3,16.39,15.86,15.92,1958835.0,31517132.59
2012-06-11,sz.300189,15.93,16.24,15.9,16.24,1562292.0,25188889.44
2012-06-12,sz.300189,16.15,16.48,16.07,16.39,1485926.0,24215274.14
2012-06-13,sz.300189,16.45,16.7,16.42,16.61,2018402.0,33466371.66
2012-06-14,sz.300189,16.97,17.5,16.68,17.06,4998081.0,85446064.83
2012-06-15,sz.300189,17.01,17.29,16.65,17.18,3327382.0,56418895.51
2012-06-18,sz.300189,17.18,17.18,16.57,16.59,4786828.0,80660113.8
2012-06-19,sz.300189,16.53,16.74,16.51,16.62,2292716.0,38161483.89
2012-06-20,sz.300189,16.65,16.86,16.55,16.69,1896699.0,31671247.43
2012-06-21,sz.300189,16.66,16.72,16.1,16.15,2139662.0,34934955.54
2012-06-25,sz.300189,16.25,16.6,15.67,15.79,3781598.0,60946058.79
2012-06-26,sz.300189,15.8,16.16,15.41,16.12,2718226.0,42837255.89
2012-06-27,sz.300189,15.99,16.13,15.65,15.7,1834751.0,29231824.0
2012-06-28,sz.300189,15.69,15.9,15.39,15.39,1533166.0,23968272.16
2012-06-29,sz.300189,15.3,15.66,15.27,15.61,963822.0,14934244.34
2012-07-02,sz.300189,15.74,16.03,15.66,15.88,1304099.0,20705141.16
2012-07-03,sz.300189,15.95,16.13,15.82,15.9,1273384.0,20360663.7
2012-07-04,sz.300189,15.93,16.24,15.93,16.07,1603780.0,25812960.54
2012-07-05,sz.300189,16.01,16.08,15.53,15.63,1026597.0,16196912.19
2012-07-06,sz.300189,15.76,16.08,15.45,16.0,1357322.0,21486229.38
2012-07-09,sz.300189,15.87,16.42,15.8,15.97,3160818.0,51121868.56
2012-07-10,sz.300189,15.9,16.59,15.86,16.38,3862351.0,63353686.25
2012-07-11,sz.300189,16.55,17.16,16.5,16.73,6009302.0,101035784.54
2012-07-12,sz.300189,16.68,17.46,16.51,17.42,6762775.0,115810408.97
2012-07-13,sz.300189,17.3,17.32,16.88,17.0,4217761.0,71975678.52
2012-07-16,sz.300189,17.08,17.37,16.5,16.6,4382571.0,74560692.01
2012-07-17,sz.300189,10.06,10.46,9.38,9.87,6521461.0,64146338.94
2012-07-18,sz.300189,9.69,10.86,9.48,10.86,8747695.0,89368506.42
2012-07-19,sz.300189,11.11,11.69,11.11,11.2,20488900.0,231970890.21
2012-07-20,sz.300189,11.19,11.56,11.01,11.31,13685043.0,154791347.23
2012-07-23,sz.300189,11.08,12.3,10.95,11.68,19538977.0,228202662.44
2012-07-24,sz.300189,11.4,11.51,11.07,11.4,11380285.0,128816921.49
2012-07-25,sz.300189,11.21,11.65,11.11,11.23,9297504.0,105630061.64
2012-07-26,sz.300189,11.17,11.29,10.58,10.63,9774795.0,106916704.37
2012-07-27,sz.300189,10.57,10.86,10.32,10.43,6303223.0,66647388.36
2012-07-30,sz.300189,10.45,10.53,9.95,10.0,5473940.0,55525351.98
2012-07-31,sz.300189,9.96,10.27,9.81,10.02,3770570.0,37945083.76
2012-08-01,sz.300189,10.11,10.34,10.03,10.22,4514667.0,46077679.52
2012-08-02,sz.300189,10.15,10.87,10.1,10.69,9465321.0,99338492.42
2012-08-03,sz.300189,10.51,10.86,10.35,10.76,8339822.0,88503836.96
2012-08-06,sz.300189,10.6,11.12,10.48,10.94,7555684.0,81692351.26
2012-08-07,sz.300189,10.96,11.42,10.8,11.32,11696010.0,129964833.68
2012-08-08,sz.300189,11.19,11.2,10.88,10.95,6654319.0,73340282.29
2012-08-09,sz.300189,10.99,11.25,10.82,11.09,6749800.0,74912389.31
2012-08-10,sz.300189,11.07,11.18,10.86,10.91,4484478.0,49147964.31
2012-08-13,sz.300189,10.98,12.0,10.96,11.78,24578046.0,289556648.52
2012-08-14,sz.300189,11.52,12.45,11.46,12.42,23583599.0,282904738.11
2012-08-15,sz.300189,12.18,12.28,11.85,11.9,11984825.0,144432285.53
2012-08-16,sz.300189,11.9,12.24,11.53,11.58,9631224.0,114730073.86
2012-08-17,sz.300189,11.48,11.68,11.3,11.55,6038715.0,69102056.57
2012-08-20,sz.300189,11.6,12.69,11.5,12.58,17843887.0,217985414.18
2012-08-21,sz.300189,12.3,12.71,12.21,12.53,14594055.0,181214818.2
2012-08-22,sz.300189,12.45,12.88,12.26,12.33,12858771.0,161195825.12
2012-08-23,sz.300189,12.21,12.47,12.07,12.38,8040980.0,98589060.81
2012-08-24,sz.300189,12.23,12.27,11.6,11.67,8851007.0,105512661.02
2012-08-27,sz.300189,11.6,11.93,11.43,11.73,6460228.0,75797276.07
2012-08-28,sz.300189,11.7,11.9,11.43,11.8,5223016.0,61015095.29
2012-08-29,sz.300189,11.77,12.11,11.7,11.8,5916380.0,70665776.69
2012-08-30,sz.300189,11.65,11.66,10.62,10.84,9789231.0,108567605.91
2012-08-31,sz.300189,10.7,11.05,10.63,10.93,3957326.0,42943855.89
2012-09-03,sz.300189,10.93,11.35,10.9,11.28,5670987.0,63199978.27
2012-09-04,sz.300189,11.23,11.36,10.91,11.02,5372110.0,59656524.2
2012-09-05,sz.300189,10.96,11.27,10.91,11.15,4020455.0,44694829.1
2012-09-06,sz.300189,11.13,11.41,11.13,11.4,4397458.0,49563688.98
2012-09-07,sz.300189,11.49,11.84,11.41,11.74,7935326.0,92346753.13
2012-09-10,sz.300189,11.75,11.95,11.53,11.77,6679924.0,78254237.91
2012-09-11,sz.300189,11.74,11.76,11.51,11.68,4885965.0,56793981.54
2012-09-12,sz.300189,11.75,11.78,11.39,11.71,5704535.0,65958261.21
2012-09-13,sz.300189,11.64,12.18,11.61,11.62,9692467.0,115544866.93
2012-09-14,sz.300189,11.8,11.87,11.27,11.39,6825469.0,78525077.7
2012-09-17,sz.300189,11.35,11.36,10.8,10.8,4506535.0,49815277.05
2012-09-18,sz.300189,10.7,10.93,10.64,10.76,2212804.0,23890136.7
2012-09-19,sz.300189,10.77,10.9,10.63,10.85,1638249.0,17670730.12
2012-09-20,sz.300189,10.84,10.84,10.27,10.32,3019646.0,31785279.12
2012-09-21,sz.300189,10.21,10.37,10.06,10.06,2268194.0,23208146.74
2012-09-24,sz.300189,10.06,10.23,9.83,10.19,2072408.0,20842251.29
2012-09-25,sz.300189,10.1,10.3,10.07,10.08,1825711.0,18578644.03
2012-09-26,sz.300189,10.1,10.14,9.51,9.55,3025254.0,29506227.86
2012-09-27,sz.300189,9.55,9.86,9.49,9.74,2917305.0,28280331.12
2012-09-28,sz.300189,9.74,9.99,9.62,9.99,2769028.0,27360831.54
2012-10-08,sz.300189,10.14,10.43,10.09,10.2,3920460.0,40241177.2
2012-10-09,sz.300189,10.16,10.45,10.14,10.42,3415824.0,35359808.2
2012-10-10,sz.300189,10.38,10.7,10.3,10.65,4938158.0,52043921.67
2012-10-11,sz.300189,10.53,10.59,10.28,10.48,4402031.0,45935403.78
2012-10-12,sz.300189,10.53,10.58,10.28,10.34,2619642.0,27289506.96
2012-10-15,sz.300189,10.28,10.36,10.08,10.2,2984664.0,30459209.32
2012-10-16,sz.300189,10.15,10.33,10.09,10.12,2310559.0,23605650.83
2012-10-17,sz.300189,10.22,10.42,10.08,10.42,2963707.0,30411628.33
2012-10-18,sz.300189,10.35,10.6,10.33,10.51,3609617.0,37820883.59
2012-10-19,sz.300189,10.55,10.82,10.44,10.6,4223855.0,44877356.58
2012-10-22,sz.300189,10.45,10.55,10.32,10.49,2178220.0,22727735.87
2012-10-23,sz.300189,10.49,10.62,10.27,10.29,2645883.0,27571446.54
2012-10-24,sz.300189,10.15,10.28,10.09,10.12,2042639.0,20770776.65
2012-10-25,sz.300189,10.12,10.22,9.87,9.88,2296029.0,23029068.3
2012-10-26,sz.300189,9.88,9.99,9.61,9.68,1899248.0,18509136.81
2012-10-29,sz.300189,9.65,9.76,9.64,9.68,1087457.0,10538645.69
2012-10-30,sz.300189,9.68,9.75,9.63,9.68,1235801.0,11986689.28
2012-10-31,sz.300189,9.66,9.8,9.65,9.78,1170952.0,11379457.89
2012-11-01,sz.300189,9.78,9.99,9.78,9.94,1699480.0,16827069.82
2012-11-02,sz.300189,9.98,10.1,9.87,10.03,1900462.0,19005651.73
2012-11-05,sz.300189,10.0,10.15,9.92,10.11,1868002.0,18823120.69
2012-11-06,sz.300189,10.2,10.26,9.83,9.95,1938563.0,19334328.57
2012-11-07,sz.300189,9.9,10.04,9.88,9.91,1166288.0,11587048.48
2012-11-08,sz.300189,9.82,9.84,9.51,9.52,1663862.0,16141446.58
2012-11-09,sz.300189,9.52,9.58,9.39,9.42,1156549.0,10961741.48
2012-11-12,sz.300189,9.51,9.6,9.4,9.6,1167895.0,11105877.53
2012-11-13,sz.300189,9.55,9.56,9.2,9.21,1518618.0,14224933.33
2012-11-14,sz.300189,9.21,9.23,9.06,9.17,1320855.0,12080957.21
2012-11-15,sz.300189,9.05,9.13,8.85,8.87,1482339.0,13342707.01
2012-11-16,sz.300189,8.87,8.98,8.72,8.82,1038628.0,9138705.43
2012-11-19,sz.300189,8.81,8.93,8.74,8.89,813312.0,7179368.27
2012-11-20,sz.300189,8.98,9.78,8.92,9.46,7846745.0,74442569.21
2012-11-21,sz.300189,9.32,9.49,9.18,9.41,4868114.0,45556721.94
2012-11-22,sz.300189,9.36,9.7,9.32,9.47,4531204.0,43204409.57
2012-11-23,sz.300189,9.43,9.66,9.41,9.64,3745322.0,35771499.32
2012-11-26,sz.300189,9.57,9.63,9.16,9.17,2693753.0,25240300.57
2012-11-27,sz.300189,9.15,9.15,8.48,8.53,4118347.0,35868728.81
2012-11-28,sz.300189,8.46,8.52,8.28,8.42,1893138.0,15874883.46
2012-11-29,sz.300189,8.47,8.53,8.07,8.09,1952628.0,16287738.05
2012-11-30,sz.300189,8.09,8.29,8.04,8.19,1345252.0,10995396.08
2012-12-03,sz.300189,8.2,8.24,7.7,7.72,1984974.0,15857561.38
2012-12-04,sz.300189,7.71,7.85,7.48,7.8,2113910.0,16156460.07
2012-12-05,sz.300189,7.77,8.22,7.75,8.14,3085452.0,24834262.99
2012-12-06,sz.300189,8.13,8.23,8.07,8.14,2042988.0,16667163.07
2012-12-07,sz.300189,8.17,8.95,8.17,8.95,5932594.0,51894067.19
2012-12-10,sz.300189,9.19,9.38,8.97,9.33,10969773.0,101114463.16
2012-12-11,sz.300189,9.18,9.29,9.02,9.05,6450899.0,59070138.75
2012-12-12,sz.300189,9.0,9.13,8.75,8.99,4311782.0,38613505.65
2012-12-13,sz.300189,8.93,9.17,8.85,8.86,4092832.0,36958579.89
2012-12-14,sz.300189,8.79,9.5,8.77,9.32,7488837.0,69283164.03
2012-12-17,sz.300189,9.32,9.41,9.1,9.29,6560968.0,60725035.54
2012-12-18,sz.300189,9.22,10.19,9.17,9.56,10721498.0,104034048.07
2012-12-19,sz.300189,9.4,9.63,9.36,9.55,4438733.0,42062188.69
2012-12-20,sz.300189,9.49,10.0,9.44,9.99,8826134.0,85737212.46
2012-12-21,sz.300189,10.15,10.15,9.71,9.78,8298768.0,82292466.9
2012-12-24,sz.300189,9.84,9.86,9.54,9.69,5020123.0,48424459.43
2012-12-25,sz.300189,9.6,9.93,9.56,9.89,5484686.0,53689937.0
2012-12-26,sz.300189,9.97,10.09,9.81,10.0,6607102.0,65765777.11
2012-12-27,sz.300189,9.99,10.07,9.65,9.71,5556084.0,54396752.2
2012-12-28,sz.300189,9.64,9.78,9.58,9.7,3918907.0,37902283.45
2012-12-31,sz.300189,9.69,9.94,9.69,9.85,4127625.0,40578928.59
2013-01-04,sz.300189,9.98,10.08,9.57,9.65,4233410.0,41344420.84
2013-01-07,sz.300189,9.56,9.85,9.52,9.83,3692102.0,35836528.72
2013-01-08,sz.300189,9.83,9.98,9.65,9.93,6087371.0,59956469.22
2013-01-09,sz.300189,9.95,10.45,9.82,10.12,11060140.0,112255124.16
2013-01-10,sz.300189,10.01,10.17,9.91,10.02,5305674.0,53232905.51
2013-01-11,sz.300189,10.02,10.09,9.63,9.65,4585903.0,45078621.6
2013-01-14,sz.300189,9.6,10.05,9.59,10.05,6352453.0,63004636.57
2013-01-15,sz.300189,10.04,10.7,10.04,10.45,11948884.0,124512131.88
2013-01-16,sz.300189,10.59,10.68,10.25,10.58,10058108.0,105555584.64
2013-01-17,sz.300189,10.54,10.54,10.26,10.29,4685653.0,48474457.0
2013-01-18,sz.300189,10.36,10.94,10.36,10.91,10947096.0,116819088.55
2013-01-21,sz.300189,10.9,11.21,10.72,11.15,11409753.0,125354047.44
2013-01-22,sz.300189,11.16,11.68,10.75,11.46,14540028.0,162463232.15
2013-01-23,sz.300189,11.18,11.42,11.01,11.16,9081602.0,101421494.12
2013-01-24,sz.300189,11.16,11.24,10.45,10.6,8427260.0,91455459.28
2013-01-25,sz.300189,10.51,11.13,10.51,10.95,9344382.0,101971315.08
2013-01-28,sz.300189,10.9,11.16,10.82,11.09,7586847.0,83642104.41
2013-01-29,sz.300189,11.37,11.5,10.98,11.0,8346443.0,93127940.45
2013-01-30,sz.300189,11.0,11.07,10.68,10.86,5214233.0,56457989.22
2013-01-31,sz.300189,10.88,11.08,10.82,11.04,4681237.0,51300837.0
2013-02-01,sz.300189,11.15,11.42,10.89,10.92,11416214.0,127440127.28
2013-02-04,sz.300189,10.85,10.85,10.35,10.41,6937244.0,73035842.8
2013-02-05,sz.300189,10.37,10.5,10.2,10.45,3745748.0,38777046.04
2013-02-06,sz.300189,10.44,10.53,10.39,10.46,3043343.0,31797877.07
2013-02-07,sz.300189,10.47,10.48,10.3,10.43,2948452.0,30651827.91
2013-02-08,sz.300189,10.45,10.7,10.39,10.7,3905131.0,41453032.31
2013-02-18,sz.300189,10.81,10.92,10.7,10.81,3964059.0,42857861.6
2013-02-19,sz.300189,10.82,10.84,10.5,10.59,3162090.0,33554959.45
2013-02-20,sz.300189,10.58,10.87,10.52,10.86,3800126.0,40837958.73
2013-02-21,sz.300189,10.8,10.99,10.57,10.71,5961561.0,64539639.72
2013-02-22,sz.300189,10.61,10.93,10.61,10.74,3852256.0,41599794.98
2013-02-25,sz.300189,10.75,11.33,10.75,11.24,9275300.0,102618599.69
2013-02-26,sz.300189,11.13,11.27,10.89,10.91,7382622.0,81953104.78
2013-02-27,sz.300189,10.96,11.09,10.56,10.6,4796032.0,51551669.89
2013-02-28,sz.300189,10.62,10.79,10.42,10.77,4424008.0,46934376.98
2013-03-01,sz.300189,10.71,11.09,10.68,11.06,5994914.0,65379575.27
2013-03-04,sz.300189,11.11,11.42,10.83,10.88,13365667.0,149328315.5
2013-03-05,sz.300189,10.83,11.24,10.58,11.06,7706850.0,83929372.3
2013-03-06,sz.300189,11.08,11.38,11.01,11.35,8309229.0,92736694.53
2013-03-07,sz.300189,11.26,11.34,10.83,10.85,6345392.0,70223251.66
2013-03-08,sz.300189,10.88,10.92,10.58,10.59,5577433.0,59576378.21
2013-03-11,sz.300189,10.54,10.67,10.48,10.51,2037409.0,21537717.9
2013-03-12,sz.300189,10.88,10.98,10.3,10.61,8547135.0,91919634.23
2013-03-13,sz.300189,10.4,10.41,9.93,10.11,4833409.0,49093411.02
2013-03-14,sz.300189,10.09,10.19,9.95,9.97,2260519.0,22684131.33
2013-03-15,sz.300189,9.88,10.16,9.88,9.9,2676305.0,26785776.3
2013-03-18,sz.300189,9.92,10.02,9.69,9.71,2004377.0,19676770.0
2013-03-19,sz.300189,9.71,9.82,9.41,9.58,2297176.0,22042698.0
2013-03-20,sz.300189,9.58,9.86,9.57,9.85,2421116.0,23588932.0
2013-03-21,sz.300189,9.92,10.17,9.92,10.0,3512666.0,35349820.0
2013-03-22,sz.300189,10.01,10.05,9.86,9.96,2177922.0,21650908.0
2013-03-25,sz.300189,9.96,10.0,9.75,10.0,2841062.0,28039226.0
2013-03-26,sz.300189,9.98,10.09,9.63,10.04,3968988.0,39294628.0
2013-03-27,sz.300189,9.97,10.2,9.95,9.98,3889017.0,39182156.0
2013-03-28,sz.300189,9.85,9.88,9.53,9.53,2615453.0,25356936.0
2013-03-29,sz.300189,9.6,9.75,9.53,9.59,1367225.0,13156162.0
2013-04-01,sz.300189,9.58,9.72,9.58,9.65,1263981.0,12200999.0
2013-04-02,sz.300189,9.7,9.94,9.65,9.8,2709443.0,26562326.0
2013-04-03,sz.300189,9.89,9.89,9.33,9.4,2696234.0,25544190.0
2013-04-08,sz.300189,9.3,9.43,9.11,9.39,1364405.0,12654906.0
2013-04-09,sz.300189,9.4,9.64,9.39,9.55,1450009.0,13780004.0
2013-04-10,sz.300189,9.64,9.65,9.4,9.5,1275357.0,12143345.0
2013-04-11,sz.300189,9.5,9.78,9.49,9.52,1856961.0,17905732.0
2013-04-12,sz.300189,9.41,9.52,9.25,9.27,1430110.0,13382483.0
2013-04-15,sz.300189,9.27,9.27,8.88,8.89,1664290.0,14993931.0
2013-04-16,sz.300189,8.77,8.94,8.6,8.92,1658164.0,14521915.0
2013-04-17,sz.300189,8.92,8.94,8.74,8.86,1123095.0,9927790.0
2013-04-18,sz.300189,8.8,8.95,8.72,8.89,1180889.0,10485654.0
2013-04-19,sz.300189,8.87,9.15,8.86,9.12,1799586.0,16324024.0
2013-04-22,sz.300189,9.2,9.98,9.2,9.79,6700104.0,64526388.0
2013-04-23,sz.300189,9.68,10.17,9.68,9.72,8393916.0,82992080.0
2013-04-24,sz.300189,9.88,10.22,9.82,10.19,8536625.0,86352800.0
2013-04-25,sz.300189,10.15,10.47,10.01,10.03,7101996.0,72847816.0
2013-04-26,sz.300189,10.04,10.19,9.5,9.77,3928603.0,38968644.0
2013-05-02,sz.300189,9.7,10.29,9.7,10.29,4626603.0,46894328.0
2013-05-03,sz.300189,10.33,10.6,10.25,10.44,7207557.0,75066440.0
2013-05-06,sz.300189,10.55,10.72,10.38,10.4,6160986.0,64774200.0
2013-05-07,sz.300189,10.35,10.58,10.3,10.47,4333308.0,45276204.0
2013-05-08,sz.300189,10.48,10.56,10.29,10.4,5168748.0,53871968.0
2013-05-09,sz.300189,10.45,10.6,10.18,10.37,4955736.0,51351308.0
2013-05-10,sz.300189,10.3,10.49,10.23,10.36,4113391.0,42590928.0
2013-05-13,sz.300189,10.42,10.66,10.37,10.65,6598786.0,69688320.0
2013-05-14,sz.300189,10.64,10.64,10.26,10.28,4209394.0,43731308.0
2013-05-15,sz.300189,10.35,10.58,10.25,10.46,3939586.0,41022044.0
2013-05-16,sz.300189,10.46,10.62,10.23,10.29,6315603.0,65868368.0
2013-05-17,sz.300189,10.29,10.46,10.23,10.38,4042986.0,41863400.0
2013-05-20,sz.300189,10.43,11.05,10.38,10.96,11297854.0,122378072.0
2013-05-21,sz.300189,10.9,11.0,10.73,10.99,6148723.0,66843516.0
2013-05-22,sz.300189,10.93,10.97,10.57,10.6,6057393.0,65154488.0
2013-05-23,sz.300189,10.48,10.74,10.41,10.48,4255826.0,44958720.0
2013-05-24,sz.300189,10.5,10.83,10.5,10.69,3824283.0,40844720.0
2013-05-27,sz.300189,10.71,11.19,10.58,11.1,9648885.0,105562048.0
2013-05-28,sz.300189,11.09,11.1,10.73,10.84,6468899.0,70256152.0
2013-05-29,sz.300189,10.84,11.05,10.81,10.91,4463322.0,48821308.0
2013-05-30,sz.300189,10.88,11.05,10.78,11.04,5070118.0,55389364.0
2013-05-31,sz.300189,11.07,11.26,10.95,10.95,7537596.0,83890120.0
2013-06-03,sz.300189,10.99,11.15,10.64,10.66,4985665.0,53891264.0
2013-06-04,sz.300189,10.63,10.63,10.08,10.13,6948244.0,71274032.0
2013-06-05,sz.300189,10.18,10.36,10.13,10.25,2939142.0,30095388.0
2013-06-06,sz.300189,10.16,10.26,9.8,9.87,4145305.0,41447928.0
2013-06-07,sz.300189,9.83,10.05,9.65,9.69,2690009.0,26400788.0
2013-06-13,sz.300189,9.64,9.64,9.16,9.36,2402639.0,22383202.0
2013-06-14,sz.300189,9.45,9.66,9.38,9.58,2328092.0,22196720.0
2013-06-17,sz.300189,9.58,9.67,9.37,9.5,2493384.0,23700266.0
2013-06-18,sz.300189,9.5,9.57,9.28,9.52,1807075.0,17072044.0
2013-06-19,sz.300189,9.52,9.52,9.22,9.37,1865997.0,17376604.0
2013-06-20,sz.300189,9.37,9.37,8.98,9.0,2060258.0,18846208.0
2013-06-21,sz.300189,8.81,9.03,8.73,8.93,1881104.0,16718207.0
2013-06-24,sz.300189,8.87,8.95,8.15,8.17,2693087.0,22939730.0
2013-06-25,sz.300189,8.12,8.33,7.6,8.24,3700435.0,29594216.0
2013-06-26,sz.300189,8.21,8.52,8.05,8.47,3297653.0,27469716.0
2013-06-27,sz.300189,8.47,8.6,8.16,8.2,2793933.0,23551748.0
2013-06-28,sz.300189,8.21,8.4,8.05,8.2,1787248.0,14703921.0
2013-07-01,sz.300189,8.19,8.45,8.11,8.44,1592004.0,13223382.0
2013-07-02,sz.300189,8.45,8.65,8.4,8.61,2399161.0,20493456.0
2013-07-03,sz.300189,8.58,8.61,8.21,8.56,2635150.0,22308772.0
2013-07-04,sz.300189,8.46,8.8,8.44,8.7,3142442.0,27271110.0
2013-07-05,sz.300189,8.67,8.76,8.54,8.56,2212394.0,19093118.0
2013-07-08,sz.300189,8.41,8.54,8.08,8.12,2880762.0,23743642.0
2013-07-09,sz.300189,8.2,8.27,8.06,8.17,1632564.0,13295276.0
2013-07-10,sz.300189,8.18,8.43,8.13,8.42,1967260.0,16317179.0
2013-07-11,sz.300189,8.37,8.79,8.33,8.67,3699572.0,31741572.0
2013-07-12,sz.300189,8.65,8.93,8.58,8.74,4662701.0,40879488.0
2013-07-15,sz.300189,8.69,8.77,8.5,8.72,4055652.0,35103816.0
2013-07-16,sz.300189,8.72,8.86,8.59,8.84,3441452.0,30055912.0
2013-07-17,sz.300189,8.77,8.93,8.59,8.61,3485633.0,30581344.0
2013-07-18,sz.300189,8.64,8.83,8.51,8.71,2734035.0,23706532.0
2013-07-19,sz.300189,8.66,8.81,8.3,8.33,3258627.0,28023760.0
2013-07-22,sz.300189,8.19,8.37,8.11,8.35,3084799.0,25378260.0
2013-07-23,sz.300189,8.49,8.96,8.48,8.76,5432602.0,47650700.0
2013-07-24,sz.300189,8.8,8.93,8.66,8.9,4981648.0,43882212.0
2013-07-25,sz.300189,8.89,8.9,8.56,8.59,3230637.0,28129892.0
2013-07-26,sz.300189,8.55,8.75,8.54,8.73,1979704.0,17135486.0
2013-07-29,sz.300189,8.69,8.85,8.51,8.55,2608149.0,22655886.0
2013-07-30,sz.300189,8.54,8.72,8.41,8.57,1839811.0,15737514.0
2013-07-31,sz.300189,8.58,8.76,8.51,8.68,2042061.0,17661652.0
2013-08-01,sz.300189,8.68,9.17,8.68,9.14,6690496.0,60281476.0
2013-08-02,sz.300189,9.08,9.15,9.01,9.03,5003855.0,45402652.0
2013-08-05,sz.300189,9.03,9.46,9.02,9.29,5835190.0,53889580.0
2013-08-06,sz.300189,9.28,9.35,9.21,9.3,3322680.0,30823582.0
2013-08-07,sz.300189,9.21,9.32,9.0,9.03,3454051.0,31417594.0
2013-08-08,sz.300189,9.1,9.29,9.02,9.17,3106141.0,28468046.0
2013-08-09,sz.300189,9.18,9.26,9.04,9.14,2471703.0,22604668.0
2013-08-12,sz.300189,9.15,9.66,9.15,9.37,6062079.0,56955008.0
2013-08-13,sz.300189,9.36,9.42,9.21,9.38,3437670.0,32092900.0
2013-08-14,sz.300189,9.38,9.59,9.31,9.43,4672061.0,44157932.0
2013-08-15,sz.300189,9.4,9.48,9.18,9.18,3318404.0,30945484.0
2013-08-16,sz.300189,9.09,9.31,8.86,8.89,3320469.0,30261408.0
2013-08-19,sz.300189,8.96,9.13,8.89,9.12,1781505.0,16100454.0
2013-08-20,sz.300189,9.1,9.17,9.01,9.06,1781821.0,16213578.0
2013-08-21,sz.300189,9.06,9.2,9.01,9.2,2254592.0,20547148.0
2013-08-22,sz.300189,9.25,9.35,9.17,9.18,2414601.0,22379428.0
2013-08-23,sz.300189,9.26,9.29,8.98,9.13,3455458.0,31524412.0
2013-08-26,sz.300189,9.13,9.2,8.99,9.2,3376549.0,30775304.0
2013-08-27,sz.300189,9.17,9.38,9.17,9.34,4602336.0,42730668.0
2013-08-28,sz.300189,9.27,9.27,9.08,9.1,3076793.0,28185096.0
2013-08-29,sz.300189,9.07,9.2,9.06,9.12,2083514.0,18974088.0
2013-08-30,sz.300189,9.11,9.11,8.66,8.73,4053758.0,36098640.0
2013-09-02,sz.300189,8.73,9.36,8.62,9.21,5789113.0,52518104.0
2013-09-03,sz.300189,9.23,10.13,9.16,9.9,14678725.0,143506672.0
2013-09-04,sz.300189,9.8,9.81,9.43,9.65,9013754.0,86526104.0
2013-09-05,sz.300189,9.55,9.6,9.43,9.52,4148799.0,39400096.0
2013-09-06,sz.300189,9.45,9.52,9.35,9.47,3899355.0,36743336.0
2013-09-09,sz.300189,9.43,9.57,9.39,9.47,4020724.0,38065392.0
2013-09-10,sz.300189,9.45,9.52,9.35,9.48,4750048.0,44840936.0
2013-09-11,sz.300189,9.56,9.76,9.28,9.52,7378343.0,70152495.0
2013-09-12,sz.300189,9.42,9.51,9.35,9.37,3429890.0,32287246.0
2013-09-13,sz.300189,9.37,9.46,9.32,9.38,2418102.0,22720026.0
2013-09-16,sz.300189,9.39,9.42,9.3,9.33,2093800.0,19574209.0
2013-09-17,sz.300189,9.32,9.35,9.02,9.03,2865569.0,26251734.0
2013-09-18,sz.300189,9.09,9.16,9.02,9.13,1349589.0,12283939.0
2013-09-23,sz.300189,9.15,9.28,9.14,9.26,2055171.0,18974056.0
2013-09-24,sz.300189,9.26,9.41,9.16,9.34,3035593.0,28212804.0
2013-09-25,sz.300189,9.34,9.5,9.29,9.36,3528230.0,33186579.0
2013-09-26,sz.300189,9.37,9.82,9.37,9.59,9572240.0,92303463.0
2013-09-27,sz.300189,9.55,9.67,9.11,9.23,6148290.0,57120174.0
2013-09-30,sz.300189,9.32,9.55,9.2,9.49,3566126.0,33387960.0
2013-10-08,sz.300189,9.51,9.75,9.45,9.63,4925954.0,47323121.0
2013-10-09,sz.300189,9.52,9.79,9.5,9.75,4388377.0,42360350.0
2013-10-10,sz.300189,9.74,9.77,9.51,9.54,4371913.0,42084285.0
2013-10-11,sz.300189,9.55,9.76,9.54,9.71,3823267.0,36975736.0
2013-10-14,sz.300189,9.71,10.11,9.67,10.01,7547420.0,75200131.0
2013-10-15,sz.300189,9.96,9.99,9.66,9.76,5861085.0,57519338.0
2013-10-16,sz.300189,9.66,9.7,9.26,9.35,4646957.0,43773334.0
2013-10-17,sz.300189,9.39,9.58,9.37,9.46,2978039.0,28258205.0
2013-10-18,sz.300189,9.41,9.6,9.34,9.39,2350307.0,22155243.0
2013-10-21,sz.300189,9.46,9.64,9.41,9.64,3202587.0,30652084.0
2013-10-22,sz.300189,9.66,9.94,9.54,9.72,6357497.0,62192327.0
2013-10-23,sz.300189,9.73,9.76,9.35,9.37,3377185.0,32174919.0
2013-10-24,sz.300189,9.31,9.45,9.28,9.37,1414014.0,13245641.0
2013-10-25,sz.300189,9.4,9.44,9.08,9.12,2599349.0,23960359.0
2013-10-28,sz.300189,9.29,9.33,9.14,9.17,1668777.0,15386095.0
2013-10-29,sz.300189,9.18,9.26,8.46,8.7,4743271.0,41553560.0
2013-10-30,sz.300189,8.69,8.92,8.66,8.88,2181026.0,19225160.0
2013-10-31,sz.300189,8.85,8.85,8.65,8.7,1843863.0,16085114.0
2013-11-01,sz.300189,8.7,8.76,8.58,8.7,1125098.0,9752426.0
2013-11-04,sz.300189,8.67,8.86,8.67,8.8,1490306.0,13110700.0
2013-11-05,sz.300189,8.8,9.03,8.67,9.02,2685702.0,23918640.0
2013-11-06,sz.300189,8.95,9.02,8.87,8.89,2308727.0,20657079.0
2013-11-07,sz.300189,8.89,9.15,8.86,8.99,3444368.0,31085339.0
2013-11-08,sz.300189,8.88,8.88,8.67,8.7,2551461.0,22305157.0
2013-11-11,sz.300189,8.7,8.78,8.5,8.76,1576444.0,13646100.0
2013-11-12,sz.300189,8.75,8.82,8.66,8.77,1581651.0,13830637.0
2013-11-13,sz.300189,8.77,8.79,8.55,8.56,1892582.0,16366228.0
2013-11-14,sz.300189,8.56,9.16,8.52,9.13,6385792.0,57028149.0
2013-11-15,sz.300189,9.02,9.32,8.99,9.14,4699387.0,43098856.0
2013-11-18,sz.300189,9.24,9.4,9.13,9.28,3269684.0,30323275.0
2013-11-19,sz.300189,9.35,9.36,9.21,9.32,2688807.0,24948154.0
2013-11-20,sz.300189,9.3,9.33,9.22,9.3,1770100.0,16418035.0
2013-11-21,sz.300189,9.3,9.55,9.22,9.33,3085983.0,28960740.0
2013-11-22,sz.300189,9.35,9.57,9.35,9.38,2802021.0,26493019.0
2013-11-25,sz.300189,9.38,9.62,9.38,9.48,3336062.0,31801879.0
2013-11-26,sz.300189,9.49,9.63,9.43,9.63,3405772.0,32517396.0
2013-11-27,sz.300189,9.58,9.88,9.55,9.55,4222860.0,40862165.0
2013-11-28,sz.300189,9.57,9.71,9.5,9.64,3195445.0,30763448.0
2013-11-29,sz.300189,9.73,10.6,9.73,10.6,7298464.0,76268311.0
2013-12-02,sz.300189,10.13,11.0,10.01,10.4,21791225.0,231426331.0
2013-12-03,sz.300189,10.2,10.8,9.5,10.66,13692485.0,138322650.0
2013-12-04,sz.300189,10.47,11.17,10.47,10.75,18193996.0,197947795.0
2013-12-05,sz.300189,10.63,11.48,10.62,11.06,17526146.0,194972487.0
2013-12-06,sz.300189,11.14,11.14,10.72,10.99,8534205.0,93018724.0
2013-12-09,sz.300189,10.88,11.42,10.81,10.84,11321819.0,125998647.0
2013-12-10,sz.300189,10.7,10.9,10.52,10.71,7436078.0,79577520.0
2013-12-11,sz.300189,10.7,11.78,10.66,11.78,14590710.0,164896107.0
2013-12-12,sz.300189,12.13,12.96,11.83,12.48,28864900.0,353711616.0
2013-12-13,sz.300189,12.2,12.56,12.06,12.2,18304198.0,224258044.0
2013-12-16,sz.300189,12.9,13.42,12.34,13.42,19996513.0,263745410.0
2013-12-17,sz.300189,13.47,13.49,12.49,12.49,25991475.0,335271888.0
2013-12-18,sz.300189,12.19,13.74,12.18,13.45,30839734.0,408155904.0
2013-12-19,sz.300189,12.97,13.14,12.6,12.84,19230249.0,247426610.0
2013-12-20,sz.300189,12.78,13.72,12.51,13.47,23105519.0,306335776.0
2013-12-23,sz.300189,13.3,13.3,12.69,13.23,13873049.0,180663325.0
2013-12-24,sz.300189,13.15,13.67,12.71,13.36,18524399.0,243474145.0
2013-12-25,sz.300189,12.9,12.95,12.42,12.57,19462861.0,247399941.0
2013-12-26,sz.300189,12.64,12.94,11.93,11.97,15122750.0,188132320.0
2013-12-27,sz.300189,11.81,12.21,11.62,12.03,10990268.0,131201721.0
2013-12-30,sz.300189,11.9,12.35,11.68,12.3,12754547.0,153063703.0
2013-12-31,sz.300189,12.22,12.22,11.64,11.82,8988404.0,106591657.0
2014-01-02,sz.300189,11.8,12.03,11.71,11.87,6518226.0,77458362.0
2014-01-03,sz.300189,11.8,12.36,11.76,12.15,11972846.0,144747518.0
2014-01-06,sz.300189,12.01,12.02,11.05,11.25,9716229.0,111322214.0
2014-01-07,sz.300189,11.12,11.45,11.07,11.35,5425555.0,61141922.0
2014-01-08,sz.300189,11.42,11.98,11.32,11.75,9821677.0,114821333.0
2014-01-09,sz.300189,11.78,12.08,11.28,11.46,8527064.0,99914618.0
2014-01-10,sz.300189,11.4,11.75,11.11,11.43,5329857.0,60765956.0
2014-01-13,sz.300189,11.41,11.65,11.23,11.65,5270275.0,60406436.0
2014-01-14,sz.300189,11.67,12.09,11.51,12.07,8909899.0,105586118.0
2014-01-15,sz.300189,11.93,12.36,11.72,12.29,13791643.0,166435843.0
2014-01-16,sz.300189,12.35,12.43,11.94,12.0,10698427.0,130204099.0
2014-01-17,sz.300189,11.8,11.93,11.46,11.54,6749324.0,78581148.0
2014-01-20,sz.300189,11.89,12.46,11.8,11.84,14047990.0,169651264.0
2014-01-21,sz.300189,11.59,11.75,11.3,11.7,8272131.0,95307713.0
2014-01-22,sz.300189,11.7,11.91,11.48,11.77,7370296.0,86118673.0
2014-01-23,sz.300189,11.78,11.98,11.65,11.86,7196878.0,84962301.0
2014-01-24,sz.300189,11.88,12.24,11.75,12.11,9250443.0,110726179.0
2014-01-27,sz.300189,11.95,12.04,11.74,11.74,6122412.0,72719824.0
2014-01-28,sz.300189,11.74,11.84,11.33,11.38,5270425.0,60471430.0
2014-01-29,sz.300189,11.26,11.47,11.21,11.3,4685599.0,53188528.0
2014-01-30,sz.300189,11.4,11.4,11.2,11.33,2881257.0,32536502.0
2014-02-07,sz.300189,11.33,12.16,11.32,12.08,9571092.0,113591256.0
2014-02-10,sz.300189,12.09,12.42,11.92,12.34,11537788.0,140702412.0
2014-02-11,sz.300189,12.35,12.35,11.95,12.16,7540810.0,91603235.0
2014-02-12,sz.300189,12.1,12.76,12.0,12.63,11743487.0,146422626.0
2014-02-13,sz.300189,12.5,12.55,11.85,11.86,10770702.0,131405443.0
2014-02-14,sz.300189,11.86,12.07,11.77,12.05,5417671.0,64774490.0
2014-02-17,sz.300189,12.05,12.35,11.99,12.26,7381438.0,90243232.0
2014-02-18,sz.300189,12.26,12.56,12.18,12.43,9233648.0,114564214.0
2014-02-19,sz.300189,12.4,12.49,12.02,12.29,7002348.0,85556340.0
2014-02-20,sz.300189,12.49,13.52,12.3,12.95,26506621.0,347815552.0
2014-02-21,sz.300189,12.65,12.97,12.53,12.68,11676451.0,148389250.0
2014-02-24,sz.300189,12.65,12.65,12.2,12.46,6948520.0,86407060.0
2014-02-25,sz.300189,12.58,12.58,11.3,11.4,10321641.0,124209414.0
2014-02-26,sz.300189,11.36,11.36,10.81,11.16,5661224.0,62569864.0
2014-02-27,sz.300189,11.16,11.38,10.72,10.76,5494397.0,61092848.0
2014-02-28,sz.300189,10.77,10.99,10.52,10.99,3809307.0,40868802.0
2014-03-03,sz.300189,10.9,11.44,10.84,11.4,4915923.0,55044881.0
2014-03-04,sz.300189,11.26,11.58,11.09,11.23,4434425.0,50048637.0
2014-03-05,sz.300189,11.28,11.56,11.21,11.43,5088554.0,57831339.0
2014-03-06,sz.300189,11.35,11.36,11.01,11.16,3742569.0,41831748.0
2014-03-07,sz.300189,11.18,11.25,10.82,10.86,3556104.0,39235961.0
2014-03-10,sz.300189,10.75,10.75,10.04,10.13,4440048.0,45851133.0
2014-03-11,sz.300189,10.14,10.29,10.05,10.25,2449225.0,24957023.0
2014-03-12,sz.300189,10.17,10.29,9.9,10.23,2668939.0,26997639.0
2014-03-13,sz.300189,10.18,10.33,10.12,10.25,2395372.0,24517781.0
2014-03-14,sz.300189,10.24,10.36,10.11,10.27,2468666.0,25292267.0
2014-03-17,sz.300189,10.2,10.48,10.17,10.47,4246321.0,44061593.0
2014-03-18,sz.300189,10.5,10.68,10.35,10.52,3971344.0,41705562.0
2014-03-19,sz.300189,10.47,10.54,10.29,10.38,2820289.0,29312551.0
2014-03-20,sz.300189,10.33,10.48,10.21,10.21,2781354.0,28886404.0
2014-03-21,sz.300189,10.21,10.45,10.12,10.43,2786524.0,28803353.0
2014-03-24,sz.300189,10.47,10.47,10.27,10.38,2533294.0,26231155.0
2014-03-25,sz.300189,10.36,10.48,10.29,10.47,2592674.0,26952138.0
2014-03-26,sz.300189,10.49,10.6,10.38,10.43,3135571.0,32932223.0
2014-03-27,sz.300189,10.43,10.43,9.8,9.92,3068142.0,31220911.0
2014-03-28,sz.300189,9.93,10.02,9.5,9.55,4048131.0,39528012.0
2014-03-31,sz.300189,9.55,9.66,9.36,9.42,2288152.0,21747917.0
2014-04-01,sz.300189,9.46,9.61,9.43,9.58,1461041.0,13954849.0
2014-04-02,sz.300189,9.59,9.64,9.47,9.53,1739323.0,16580327.0
2014-04-03,sz.300189,9.53,9.66,9.51,9.57,1351568.0,12950940.0
2014-04-04,sz.300189,9.55,9.76,9.46,9.73,2879353.0,27858436.0
2014-04-08,sz.300189,9.66,9.66,9.5,9.61,4372056.0,41910322.0
2014-04-09,sz.300189,9.63,9.84,9.62,9.8,3533049.0,34398600.0
2014-04-10,sz.300189,9.71,9.83,9.71,9.77,3861020.0,37763241.0
2014-04-11,sz.300189,9.71,9.74,9.54,9.64,2675431.0,25751482.0
2014-04-14,sz.300189,9.62,9.81,9.58,9.75,2058660.0,19988731.0
2014-04-15,sz.300189,9.71,9.8,9.66,9.7,1971612.0,19151444.0
2014-04-16,sz.300189,9.71,10.09,9.62,10.04,5321755.0,52530340.0
2014-04-17,sz.300189,10.3,10.4,10.03,10.03,7245323.0,73902565.0
2014-04-18,sz.300189,9.91,10.02,9.88,9.92,2376954.0,23608466.0
2014-04-21,sz.300189,9.82,9.92,9.56,9.59,2698978.0,26314480.0
2014-04-22,sz.300189,9.6,9.67,9.29,9.41,2457872.0,23161918.0
2014-04-23,sz.300189,9.5,9.59,9.47,9.53,1551104.0,14788345.0
2014-04-24,sz.300189,9.5,9.5,9.29,9.36,1769064.0,16579344.0
2014-04-25,sz.300189,9.4,9.52,9.3,9.31,1784179.0,16820201.0
2014-04-28,sz.300189,9.29,9.3,9.03,9.04,1483825.0,13505129.0
2014-04-29,sz.300189,9.07,9.19,9.06,9.18,1419215.0,12966052.0
2014-04-30,sz.300189,9.23,9.3,9.17,9.3,1066927.0,9863923.0
2014-05-05,sz.300189,9.25,9.57,9.21,9.51,1682531.0,15898689.0
2014-05-06,sz.300189,9.45,9.69,9.45,9.66,2699830.0,25921122.0
2014-05-07,sz.300189,9.61,9.66,9.3,9.33,2591315.0,24453345.0
2014-05-08,sz.300189,9.33,9.52,9.33,9.41,1288613.0,12157669.0
2014-05-09,sz.300189,9.47,9.47,9.2,9.3,1171941.0,10926692.0
2014-05-12,sz.300189,9.39,9.6,9.33,9.55,1972638.0,18749343.0
2014-05-13,sz.300189,9.51,9.71,9.51,9.59,2047725.0,19675250.0
2014-05-14,sz.300189,9.66,9.7,9.53,9.65,1759023.0,16916344.0
2014-05-15,sz.300189,9.66,9.77,9.36,9.4,2499165.0,23969158.0
2014-05-16,sz.300189,9.23,9.65,9.23,9.58,2089125.0,19713037.0
2014-05-19,sz.300189,9.5,9.76,9.45,9.75,3958804.0,38183536.0
2014-05-20,sz.300189,9.89,9.94,9.61,9.75,4665253.0,45532099.0
2014-05-21,sz.300189,9.73,9.81,9.62,9.78,3306168.0,32142276.0
2014-05-22,sz.300189,9.79,9.86,9.68,9.69,3213210.0,31389074.0
2014-05-23,sz.300189,9.7,9.89,9.53,9.87,4738689.0,46046126.0
2014-05-26,sz.300189,9.82,10.25,9.75,10.2,7864056.0,78287713.0
2014-05-27,sz.300189,10.01,10.16,9.76,9.81,12214548.0,120904498.0
2014-05-28,sz.300189,9.7,9.84,9.59,9.82,6416257.0,62227138.0
2014-05-29,sz.300189,9.78,9.79,9.65,9.66,3120179.0,30319880.0
2014-05-30,sz.300189,9.64,9.75,9.6,9.64,2475287.0,23935039.0
2014-06-03,sz.300189,9.67,9.8,9.64,9.67,1766985.0,17134655.0
2014-06-04,sz.300189,9.63,9.68,9.41,9.49,2369968.0,22554320.0
2014-06-05,sz.300189,9.46,9.65,9.45,9.64,2041270.0,19508765.0
2014-06-06,sz.300189,9.64,9.74,9.59,9.7,2909988.0,28136257.0
2014-06-09,sz.300189,9.7,9.72,9.54,9.55,1468871.0,14158407.0
2014-06-10,sz.300189,9.66,9.77,9.6,9.73,2790512.0,27062534.0
2014-06-11,sz.300189,9.69,9.86,9.69,9.8,2940546.0,28759982.0
2014-06-12,sz.300189,9.8,9.8,9.67,9.75,2442401.0,23782782.0
2014-06-13,sz.300189,9.75,10.07,9.71,9.88,5501008.0,54563026.0
2014-06-16,sz.300189,9.85,9.99,9.81,9.93,8656455.0,85549362.0
2014-06-17,sz.300189,9.86,9.88,9.7,9.71,4941550.0,48278336.0
2014-06-18,sz.300189,9.72,9.72,9.51,9.58,3005105.0,28840423.0
2014-06-19,sz.300189,9.57,9.6,9.16,9.21,2898154.0,27272463.0
2014-06-20,sz.300189,9.25,9.43,9.15,9.41,2310582.0,21490890.0
2014-06-23,sz.300189,9.4,10.06,9.4,9.9,11737871.0,115739653.0
2014-06-24,sz.300189,9.8,9.8,9.63,9.76,11343761.0,110086911.0
2014-06-25,sz.300189,9.67,9.78,9.56,9.77,7160204.0,69204103.0
2014-06-26,sz.300189,9.65,9.85,9.59,9.79,10956565.0,106280140.0
2014-06-27,sz.300189,9.74,9.88,9.73,9.8,7376008.0,72347833.0
2014-06-30,sz.300189,9.94,9.98,9.81,9.96,7781440.0,77063134.0
2014-07-01,sz.300189,9.96,10.25,9.89,10.15,9134466.0,92241860.0
2014-07-02,sz.300189,10.16,10.22,9.95,10.12,8197822.0,82477885.0
2014-07-03,sz.300189,10.14,10.19,10.01,10.09,6518833.0,65932207.0
2014-07-04,sz.300189,6.28,6.28,6.17,6.23,6561139.0,40839963.0
2014-07-07,sz.300189,6.18,6.31,6.18,6.3,6487637.0,40656116.0
2014-07-08,sz.300189,6.31,6.31,6.18,6.25,8638752.0,53783457.0
2014-07-09,sz.300189,6.24,6.24,6.05,6.05,9551842.0,58752103.0
2014-07-10,sz.300189,6.05,6.2,5.98,6.14,7260860.0,44117255.0
2014-07-11,sz.300189,6.08,6.19,6.08,6.16,6215866.0,38212185.0
2014-07-14,sz.300189,6.15,6.2,6.07,6.19,7911771.0,48488886.0
2014-07-15,sz.300189,6.13,6.13,6.03,6.09,9022821.0,54896100.0
2014-07-16,sz.300189,6.07,6.14,6.05,6.09,8519244.0,51820530.0
2014-07-17,sz.300189,6.09,6.09,5.92,5.99,7851750.0,47221686.0
2014-07-18,sz.300189,5.98,6.04,5.95,5.97,5479722.0,32841839.0
2014-07-21,sz.300189,5.98,5.98,5.85,5.89,5472394.0,32315534.0
2014-07-22,sz.300189,5.86,5.94,5.83,5.9,7671563.0,45182362.0
2014-07-23,sz.300189,5.88,5.91,5.72,5.74,8511649.0,49566243.0
2014-07-24,sz.300189,5.75,5.79,5.69,5.76,6078525.0,34879544.0
2014-07-25,sz.300189,5.78,5.94,5.77,5.88,7239684.0,42484712.0
2014-07-28,sz.300189,5.91,6.03,5.88,5.98,9998962.0,59472382.0
2014-07-29,sz.300189,6.0,6.04,5.95,6.01,8703933.0,52200549.0
2014-07-30,sz.300189,5.96,6.07,5.94,6.05,10336105.0,61986117.0
2014-07-31,sz.300189,6.04,6.09,6.0,6.07,10697957.0,64660765.0
2014-08-01,sz.300189,6.07,6.25,6.02,6.09,26288972.0,161283296.0
2014-08-04,sz.300189,6.08,6.16,6.06,6.15,12633278.0,77309536.0
2014-08-05,sz.300189,6.12,6.45,6.1,6.34,25610882.0,160572687.0
2014-08-06,sz.300189,6.3,6.37,6.23,6.31,14525430.0,91592970.0
2014-08-07,sz.300189,6.31,6.5,6.26,6.29,17045082.0,108685149.0
2014-08-08,sz.300189,6.31,6.36,6.23,6.29,9871277.0,61976906.0
2014-08-11,sz.300189,6.32,6.49,6.3,6.49,18656067.0,119645990.0
2014-08-12,sz.300189,6.45,6.67,6.44,6.59,21883187.0,143961039.0
2014-08-13,sz.300189,6.61,6.66,6.42,6.49,15666613.0,101949551.0
2014-08-14,sz.300189,6.49,6.63,6.45,6.5,14545528.0,95116468.0
2014-08-15,sz.300189,6.5,6.56,6.44,6.51,12340265.0,80179793.0
2014-08-18,sz.300189,6.56,6.62,6.49,6.62,15426522.0,101154425.0
2014-08-19,sz.300189,6.63,6.78,6.5,6.75,23878476.0,158858109.0
2014-08-20,sz.300189,6.7,6.74,6.65,6.67,14531488.0,97279306.0
2014-08-21,sz.300189,6.66,6.72,6.47,6.62,12184677.0,80545907.0
2014-08-22,sz.300189,6.61,6.68,6.53,6.63,11387852.0,75290902.0
2014-08-25,sz.300189,6.61,6.78,6.49,6.71,21558687.0,143066919.0
2014-08-26,sz.300189,6.63,6.67,6.44,6.45,13944766.0,91323064.0
2014-08-27,sz.300189,6.46,6.55,6.44,6.47,6055185.0,39300622.0
2014-08-28,sz.300189,6.46,6.54,6.38,6.4,7260139.0,46889728.0
2014-08-29,sz.300189,6.4,6.47,6.38,6.47,6718499.0,43231089.0
2014-09-01,sz.300189,6.47,6.65,6.45,6.61,10627115.0,69776064.0
2014-09-02,sz.300189,6.63,6.7,6.6,6.68,13092569.0,87122149.0
2014-09-03,sz.300189,6.66,6.94,6.66,6.91,24185229.0,164620063.0
2014-09-04,sz.300189,7.02,7.02,6.84,6.93,19052617.0,131908297.0
2014-09-05,sz.300189,6.97,6.99,6.85,6.94,15132027.0,104620880.0
2014-09-09,sz.300189,6.92,6.93,6.8,6.91,16702749.0,114841265.0
2014-09-10,sz.300189,6.88,7.18,6.79,7.12,26556947.0,184447132.0
2014-09-11,sz.300189,7.04,7.25,6.94,7.04,28812981.0,204500248.0
2014-09-12,sz.300189,7.03,7.12,6.99,7.11,15539017.0,109759133.0
2014-09-15,sz.300189,7.08,7.31,7.07,7.23,15773639.0,113968400.0
2014-09-16,sz.300189,7.21,7.24,6.88,6.91,21238504.0,150197128.0
2014-09-17,sz.300189,6.93,6.96,6.8,6.93,12152673.0,83699343.0
2014-09-18,sz.300189,6.9,6.97,6.87,6.95,9963215.0,69067573.0
2014-09-19,sz.300189,6.94,7.17,6.92,7.09,15540706.0,109966126.0
2014-09-22,sz.300189,7.08,7.3,6.95,7.2,27731983.0,197832159.0
2014-09-23,sz.300189,7.15,7.55,7.13,7.45,32861577.0,242619291.0
2014-09-24,sz.300189,7.38,7.55,7.31,7.47,22316170.0,165883351.0
2014-09-25,sz.300189,7.51,7.54,7.35,7.43,18102457.0,134563451.0
2014-09-26,sz.300189,7.51,7.99,7.5,7.68,31922802.0,247183693.0
2014-09-29,sz.300189,7.83,8.45,7.83,8.45,27409808.0,226358286.0
2014-10-10,sz.300189,8.4,8.4,7.95,8.25,51997308.0,424081168.0
2014-10-13,sz.300189,8.11,8.18,7.9,7.99,25195310.0,201441731.0
2014-10-14,sz.300189,8.03,8.24,7.93,8.02,27473660.0,221445176.0
2014-10-15,sz.300189,7.9,8.0,7.65,7.97,28705954.0,224340483.0
2014-10-16,sz.300189,7.9,7.94,7.61,7.63,19495207.0,152331100.0
2014-10-17,sz.300189,7.62,7.77,7.46,7.64,14851460.0,113302363.0
2014-10-20,sz.300189,7.74,7.93,7.6,7.83,11468132.0,89400232.0
2014-10-21,sz.300189,7.79,8.06,7.72,8.02,21254715.0,168909465.0
2014-10-22,sz.300189,7.97,8.28,7.95,8.09,26975109.0,219662838.0
2014-10-23,sz.300189,8.07,8.19,7.68,7.91,18785620.0,149320867.0
2014-10-24,sz.300189,7.9,8.04,7.76,7.86,10602839.0,83800999.0
2014-11-27,sz.300189,7.91,8.05,7.5,7.81,67012165.0,519214288.0
2014-11-28,sz.300189,7.7,7.76,7.57,7.59,27779245.0,212444353.0
2014-12-01,sz.300189,7.55,7.72,7.55,7.65,17535832.0,133710384.0
2014-12-02,sz.300189,7.63,7.78,7.61,7.65,23216099.0,178666405.0
2014-12-03,sz.300189,7.73,7.79,7.46,7.72,37097572.0,282377056.0
2014-12-04,sz.300189,7.67,7.9,7.62,7.78,30372013.0,235254240.0
2014-12-05,sz.300189,7.78,7.82,7.25,7.45,27584207.0,206458287.0
2014-12-08,sz.300189,7.44,7.57,7.33,7.48,16114336.0,120224485.0
2014-12-09,sz.300189,7.43,7.68,7.21,7.35,29626359.0,221598578.0
2014-12-10,sz.300189,7.35,7.59,7.25,7.45,17520703.0,130267000.0
2014-12-11,sz.300189,7.4,7.69,7.36,7.65,22376973.0,168933743.0
2014-12-12,sz.300189,7.66,7.79,7.51,7.66,23198050.0,177694622.0
2014-12-15,sz.300189,7.62,7.77,7.56,7.74,18071456.0,139199987.0
2014-12-16,sz.300189,7.75,7.96,7.61,7.83,22154359.0,171847692.0
2014-12-17,sz.300189,7.77,7.77,7.44,7.49,22533090.0,170566351.0
2014-12-18,sz.300189,7.47,7.84,7.41,7.79,32666399.0,250441958.0
2014-12-19,sz.300189,7.8,7.97,7.58,7.95,45179939.0,353937344.0
2014-12-22,sz.300189,8.1,8.38,7.51,8.2,53471700.0,427862288.0
2014-12-23,sz.300189,7.95,8.0,7.44,7.48,25989930.0,200681040.0
2014-12-24,sz.300189,7.6,7.65,7.3,7.39,17653797.0,131009735.0
2014-12-25,sz.300189,7.4,7.56,7.31,7.43,14490089.0,107302824.0
2014-12-26,sz.300189,7.39,7.44,7.18,7.25,17963629.0,131081983.0
2014-12-29,sz.300189,7.16,7.23,6.85,6.88,19571698.0,136732003.0
2014-12-30,sz.300189,6.91,7.0,6.69,6.71,10425788.0,71212382.0
2014-12-31,sz.300189,6.69,6.8,6.68,6.74,7233123.0,48614467.0
2015-01-05,sz.300189,6.76,6.85,6.55,6.78,12182018.0,81496832.0
2015-01-06,sz.300189,6.73,6.96,6.69,6.95,11068167.0,75922067.0
2015-01-07,sz.300189,6.92,6.94,6.81,6.89,9125216.0,62592330.0
2015-01-08,sz.300189,6.93,7.03,6.88,6.93,13055330.0,91241588.0
2015-01-09,sz.300189,6.93,6.93,6.8,6.8,8562960.0,58844765.0
2015-01-12,sz.300189,6.78,6.83,6.6,6.66,6560643.0,44098924.0
2015-01-13,sz.300189,6.65,6.85,6.6,6.82,7707934.0,51850831.0
2015-01-14,sz.300189,6.77,6.8,6.68,6.69,6409741.0,43140525.0
2015-01-15,sz.300189,6.74,6.83,6.72,6.76,6526479.0,44220740.0
2015-01-16,sz.300189,6.76,6.94,6.72,6.89,8525926.0,58232162.0
2015-01-19,sz.300189,6.79,6.92,6.56,6.64,12088713.0,81599585.0
2015-01-20,sz.300189,6.69,6.85,6.65,6.83,9066651.0,61525797.0
2015-01-21,sz.300189,6.84,7.02,6.83,7.0,12996009.0,90160955.0
2015-01-22,sz.300189,7.02,7.28,6.96,7.2,15694624.0,112003521.0
2015-01-23,sz.300189,7.17,7.18,7.03,7.08,12063386.0,85357901.0
2015-01-26,sz.300189,7.08,7.18,7.04,7.16,9596956.0,68549335.0
2015-01-27,sz.300189,7.15,7.32,7.13,7.27,14046360.0,101721844.0
2015-01-28,sz.300189,7.27,7.28,7.14,7.2,8497284.0,61243354.0
2015-01-29,sz.300189,7.16,7.24,7.1,7.21,7474472.0,53725314.0
2015-01-30,sz.300189,7.27,7.42,7.14,7.37,13918350.0,101474263.0
2015-02-02,sz.300189,7.37,7.5,7.19,7.2,17645134.0,129523704.0
2015-02-03,sz.300189,7.18,7.19,7.03,7.14,11801195.0,83798021.0
2015-02-04,sz.300189,7.15,7.15,7.09,7.12,5992391.0,42625818.0
2015-02-05,sz.300189,7.28,7.32,7.12,7.12,10789310.0,77872664.0
2015-02-06,sz.300189,7.12,7.12,6.9,6.98,6809813.0,47918779.0
2015-02-09,sz.300189,6.96,7.03,6.92,6.98,4161642.0,29030795.0
2015-02-10,sz.300189,6.99,7.15,6.95,7.11,4852667.0,33984885.0
2015-02-11,sz.300189,7.05,7.14,7.05,7.13,4207518.0,29873598.0
2015-02-12,sz.300189,7.13,7.21,7.1,7.18,5363735.0,38441150.0
2015-02-13,sz.300189,7.2,7.28,7.2,7.25,7030727.0,50982302.0
2015-02-16,sz.300189,7.26,7.41,7.26,7.38,7684214.0,56525340.0
2015-02-17,sz.300189,7.39,7.45,7.31,7.43,8075218.0,59679047.0
2015-02-25,sz.300189,7.44,7.48,7.35,7.39,6379162.0,47364138.0
2015-02-26,sz.300189,7.39,7.49,7.37,7.47,6725905.0,50072011.0
2015-02-27,sz.300189,7.48,7.71,7.43,7.65,13705010.0,104296462.0
2015-03-02,sz.300189,7.64,7.74,7.54,7.74,11064980.0,84408412.0
2015-03-03,sz.300189,7.67,8.51,7.63,8.06,36854979.0,300762112.0
2015-03-04,sz.300189,8.05,8.2,8.02,8.13,16502669.0,134080712.0
2015-03-05,sz.300189,8.08,8.35,8.08,8.27,18918880.0,156033788.0
2015-03-06,sz.300189,8.27,8.33,7.98,7.98,13667061.0,110775642.0
2015-03-09,sz.300189,7.99,8.43,7.85,8.33,16599148.0,136161640.0
2015-03-10,sz.300189,8.28,8.49,8.18,8.31,13094814.0,108609971.0
2015-03-11,sz.300189,8.3,8.3,8.12,8.2,10859643.0,88889455.0
2015-03-12,sz.300189,8.15,8.23,7.92,7.99,10620481.0,85787407.0
2015-03-13,sz.300189,8.0,8.12,7.94,8.05,7916792.0,63554683.0
2015-03-16,sz.300189,8.11,8.79,8.06,8.49,27968320.0,236383019.0
2015-03-17,sz.300189,8.49,8.61,8.36,8.49,16098607.0,136593687.0
2015-03-18,sz.300189,8.49,8.78,8.45,8.58,19088477.0,164571317.0
2015-03-19,sz.300189,8.68,9.25,8.63,9.02,28969195.0,260380799.0
2015-03-20,sz.300189,8.98,9.1,8.82,8.95,17726029.0,158818231.0
2015-03-23,sz.300189,8.95,9.62,8.87,9.32,26365834.0,244236208.0
2015-03-24,sz.300189,9.35,9.44,8.97,9.4,24733695.0,228412146.0
2015-03-25,sz.300189,9.38,10.34,9.22,10.34,50663405.0,512706144.0
2015-03-26,sz.300189,10.2,10.44,9.83,10.12,27855488.0,281130752.0
2015-03-27,sz.300189,10.09,10.84,9.84,10.45,26183198.0,273815664.0
2015-03-30,sz.300189,10.88,11.4,10.5,10.85,26845970.0,295242032.0
2015-03-31,sz.300189,10.7,11.1,10.56,10.6,18256261.0,198120616.0
2015-04-01,sz.300189,10.6,11.37,10.58,11.27,19571215.0,216993035.0
2015-04-02,sz.300189,11.15,12.4,11.02,12.25,29699139.0,357735888.0
2015-04-03,sz.300189,12.09,13.36,12.09,13.0,23101905.0,298204048.0
2015-04-07,sz.300189,13.2,13.29,12.66,13.05,17962791.0,233412478.0
2015-04-08,sz.300189,13.05,13.77,12.28,13.16,26867539.0,355136016.0
2015-04-09,sz.300189,13.04,14.17,12.75,14.16,21771506.0,290491552.0
2015-04-10,sz.300189,14.15,15.58,13.88,15.58,24806293.0,368511872.0
2015-04-13,sz.300189,16.0,16.3,15.45,15.94,21761874.0,344162512.0
2015-04-14,sz.300189,15.9,16.56,15.0,15.55,28564691.0,445811968.0
2015-04-15,sz.300189,15.28,15.35,14.0,14.6,22964107.0,336482688.0
2015-04-16,sz.300189,14.3,15.2,13.7,14.65,18781986.0,270674096.0
2015-04-17,sz.300189,14.63,14.99,13.97,14.0,16307392.0,233083926.0
2015-04-20,sz.300189,14.29,14.3,13.25,13.4,21459829.0,294613440.0
2015-04-21,sz.300189,13.4,14.65,13.4,14.42,21584917.0,305538400.0
2015-04-22,sz.300189,14.41,15.6,14.41,15.49,19327704.0,291378784.0
2015-04-23,sz.300189,15.48,15.98,14.9,15.5,29491689.0,451614032.0
2015-04-24,sz.300189,15.75,15.75,14.4,14.7,31454101.0,468093024.0
2015-04-27,sz.300189,14.68,14.68,14.0,14.38,18795660.0,269103680.0
2015-04-28,sz.300189,14.38,14.77,14.05,14.3,12377855.0,177812014.0
2015-04-29,sz.300189,14.3,14.41,13.7,14.32,8571209.0,121593095.0
2015-04-30,sz.300189,14.35,14.71,13.95,14.6,16820881.0,241363487.0
2015-05-04,sz.300189,14.52,15.29,14.48,15.08,16173831.0,243693349.0
2015-05-05,sz.300189,15.08,15.77,14.85,15.39,17089524.0,260807424.0
2015-05-06,sz.300189,15.22,16.3,15.22,15.8,20257449.0,321943488.0
2015-05-07,sz.300189,15.99,15.99,14.99,15.7,13067407.0,203510772.0
2015-05-08,sz.300189,15.68,16.18,14.98,16.13,19618512.0,307656928.0
2015-05-11,sz.300189,16.51,17.74,15.88,17.43,22311836.0,370950864.0
2015-05-12,sz.300189,17.3,18.4,17.1,18.29,21762494.0,391453328.0
2015-05-13,sz.300189,18.08,20.07,17.61,19.3,26008952.0,500991760.0
2015-05-14,sz.300189,19.7,19.98,19.01,19.7,16283708.0,318486576.0
2015-05-15,sz.300189,19.45,21.67,18.9,21.3,21870882.0,444682864.0
2015-05-18,sz.300189,21.3,23.43,21.2,23.43,25038629.0,568461648.0
2015-05-19,sz.300189,23.38,24.89,22.5,23.78,18324405.0,436666400.0
2015-05-20,sz.300189,23.9,24.5,22.87,23.0,15766752.0,374135184.0
2015-05-21,sz.300189,22.8,23.45,21.8,22.53,22485087.0,503911840.0
2015-05-22,sz.300189,22.53,24.39,21.58,23.04,29475284.0,678041200.0
2015-05-25,sz.300189,22.4,24.35,21.6,23.9,26540337.0,618645216.0
2015-05-26,sz.300189,24.0,26.29,24.0,26.29,18939597.0,482658384.0
2015-05-27,sz.300189,27.0,28.56,25.9,27.39,17528202.0,480234880.0
2015-05-28,sz.300189,27.04,27.99,25.7,25.79,22604557.0,603671232.0
2015-05-29,sz.300189,25.6,28.37,24.2,28.37,25129492.0,677328784.0
2015-12-04,sz.300189,10.22,10.22,10.22,10.22,8113200.0,82916904.0
2015-12-07,sz.300189,9.2,9.46,9.2,9.2,185960498.0,1712133568.0
2015-12-08,sz.300189,8.8,9.77,8.78,9.28,279553968.0,2585478208.0
2015-12-09,sz.300189,8.9,9.14,8.35,8.36,169816287.0,1459948832.0
2015-12-10,sz.300189,8.27,8.57,7.79,8.5,155875313.0,1258549520.0
2015-12-11,sz.300189,8.2,8.47,8.01,8.02,79419220.0,652310432.0
2015-12-14,sz.300189,8.0,8.16,7.82,8.06,61270602.0,488746880.0
2015-12-15,sz.300189,8.08,8.27,8.01,8.14,57225184.0,465121152.0
2015-12-16,sz.300189,8.18,8.47,8.1,8.43,91984882.0,762478160.0
2015-12-17,sz.300189,8.35,8.64,8.32,8.47,86296076.0,731366416.0
2015-12-18,sz.300189,8.4,8.46,8.12,8.19,63961967.0,529311584.0
2015-12-21,sz.300189,8.12,8.36,8.12,8.21,50570498.0,417472112.0
2015-12-22,sz.300189,8.28,8.3,7.97,8.24,68787062.0,560517968.0
2015-12-23,sz.300189,8.15,8.23,8.0,8.03,46290867.0,374313248.0
2015-12-24,sz.300189,8.0,8.07,7.8,7.94,40693833.0,322012272.0
2015-12-25,sz.300189,7.89,8.06,7.86,7.95,34386358.0,272788768.0
2015-12-28,sz.300189,7.96,8.07,7.88,7.88,43961024.0,349741408.0
2015-12-29,sz.300189,7.82,7.91,7.71,7.78,33945657.0,264312199.0
2015-12-30,sz.300189,7.81,7.83,7.72,7.75,26467562.0,205680386.0
2015-12-31,sz.300189,7.78,7.79,7.4,7.41,44223162.0,335184240.0
2016-01-04,sz.300189,7.3,7.33,6.67,6.67,39520910.0,275451872.0
2016-01-05,sz.300189,6.27,6.6,6.01,6.22,55541286.0,348857792.0
2016-01-06,sz.300189,6.31,6.53,6.28,6.49,44581453.0,286385744.0
2016-01-07,sz.300189,6.31,6.34,5.84,5.84,13340337.0,80910246.0
2016-01-08,sz.300189,6.0,6.1,5.33,5.87,47415615.0,278115712.0
2016-01-11,sz.300189,5.78,6.18,5.62,5.75,50008307.0,296984240.0
2016-01-12,sz.300189,5.76,5.99,5.62,5.98,46677084.0,274339376.0
2016-01-13,sz.300189,6.02,6.04,5.76,5.78,35573213.0,210490422.0
2016-01-14,sz.300189,5.26,5.96,5.26,5.9,43833974.0,249531586.0
2016-01-15,sz.300189,5.78,5.88,5.31,5.41,40527355.0,227074009.0
2016-01-18,sz.300189,5.33,5.6,5.28,5.48,36615193.0,199319059.0
2016-01-19,sz.300189,5.44,5.74,5.37,5.68,44190161.0,246034729.0
2016-01-20,sz.300189,5.58,6.25,5.56,6.25,67787305.0,397729008.0
2016-01-21,sz.300189,6.05,6.26,5.78,5.79,67281338.0,408520896.0
2016-01-22,sz.300189,5.83,5.98,5.53,5.86,40007097.0,230387838.0
2016-01-25,sz.300189,5.89,5.95,5.76,5.85,27983392.0,164261189.0
2016-01-26,sz.300189,5.77,5.78,5.27,5.27,35579420.0,196043985.0
2016-01-27,sz.300189,5.27,5.34,4.81,5.15,33510799.0,169949104.0
2016-01-28,sz.300189,5.2,5.67,5.15,5.54,70803612.0,394876016.0
2016-01-29,sz.300189,5.39,5.65,5.2,5.55,78289488.0,424804320.0
2016-02-01,sz.300189,5.45,5.62,5.29,5.41,40905488.0,223759676.0
2016-02-02,sz.300189,5.41,5.65,5.41,5.58,35398706.0,196741375.0
2016-02-03,sz.300189,5.5,5.54,5.39,5.5,28736297.0,156719928.0
2016-02-04,sz.300189,5.5,6.02,5.49,5.88,44480495.0,251769306.0
2016-02-05,sz.300189,5.75,5.89,5.67,5.68,34602354.0,199526176.0
2016-02-15,sz.300189,5.39,5.61,5.39,5.55,20967359.0,115279491.0
2016-02-16,sz.300189,5.6,6.11,5.58,6.0,54416480.0,322844336.0
2016-02-17,sz.300189,5.92,6.6,5.88,6.41,77419350.0,482222928.0
2016-02-18,sz.300189,6.35,6.84,6.23,6.53,72910852.0,470615312.0
2016-02-19,sz.300189,6.43,6.55,6.37,6.45,40726882.0,262561905.0
2016-02-22,sz.300189,6.56,6.78,6.48,6.64,41479056.0,274889168.0
2016-02-23,sz.300189,6.54,6.68,6.41,6.6,41124660.0,268281117.0
2016-02-24,sz.300189,6.52,6.63,6.45,6.6,33321425.0,218282340.0
2016-05-12,sz.300189,5.94,5.94,5.94,5.94,5381700.0,31967298.0
2016-05-13,sz.300189,5.37,5.65,5.35,5.35,66074728.0,358589216.0
2016-05-16,sz.300189,5.15,5.31,5.12,5.3,34234097.0,178031906.0
2016-05-17,sz.300189,5.29,5.36,5.22,5.25,24254914.0,128082593.0
2016-05-18,sz.300189,5.2,5.21,4.8,4.93,30917798.0,154556730.0
2016-05-19,sz.300189,4.9,5.04,4.9,4.93,19491921.0,97127804.0
2016-05-20,sz.300189,4.9,5.02,4.85,5.01,16135576.0,80148465.0
2016-05-23,sz.300189,5.05,5.24,5.01,5.17,26750030.0,136994854.0
2016-05-24,sz.300189,5.17,5.17,5.0,5.13,23948482.0,121915452.0
2016-05-25,sz.300189,5.16,5.19,5.06,5.07,14898900.0,76266429.0
2016-05-26,sz.300189,5.08,5.15,5.01,5.12,17062082.0,86678673.0
2016-05-27,sz.300189,5.11,5.12,5.04,5.05,11352799.0,57648303.0
2016-05-30,sz.300189,5.03,5.04,4.9,5.0,11474860.0,57353154.0
2016-05-31,sz.300189,5.0,5.29,4.99,5.25,27735869.0,143717589.0
2016-06-01,sz.300189,5.25,5.29,5.19,5.23,25839288.0,135332504.0
2016-06-02,sz.300189,5.22,5.75,5.2,5.75,29435206.0,164810972.0
2016-06-03,sz.300189,5.8,6.04,5.8,5.84,65394473.0,386707056.0
2016-06-06,sz.300189,5.88,5.88,5.69,5.73,25601315.0,147691541.0
2016-06-07,sz.300189,5.72,5.73,5.58,5.63,22720518.0,127910577.0
2016-06-08,sz.300189,5.58,5.71,5.58,5.65,16762828.0,94712543.0
2016-06-13,sz.300189,5.5,5.58,5.16,5.17,24453455.0,132351813.0
2016-06-14,sz.300189,5.13,5.23,5.04,5.12,16755300.0,85843466.0
2016-06-15,sz.300189,5.05,5.41,5.05,5.29,24610365.0,129496963.0
2016-06-16,sz.300189,5.25,5.37,5.21,5.22,16931648.0,89364977.0
2016-06-17,sz.300189,5.24,5.45,5.23,5.32,21144831.0,112953731.0
2016-06-20,sz.300189,5.34,5.36,5.22,5.28,12380754.0,65217914.0
2016-06-21,sz.300189,5.29,5.34,5.17,5.19,16031379.0,84212978.0
2016-06-22,sz.300189,5.18,5.29,5.13,5.29,16886262.0,88134270.0
2016-06-23,sz.300189,5.27,5.34,5.16,5.25,18114308.0,95144287.0
2016-06-24,sz.300189,5.27,5.44,5.14,5.34,35170576.0,186576885.0
2016-06-27,sz.300189,5.26,5.53,5.26,5.38,35720361.0,192888584.0
2016-06-28,sz.300189,5.35,5.55,5.32,5.51,35572960.0,194305523.0
2016-06-29,sz.300189,5.55,5.62,5.44,5.5,27201396.0,149809498.0
2016-06-30,sz.300189,5.54,5.66,5.41,5.6,44709236.0,247854160.0
2016-07-01,sz.300189,5.59,5.69,5.5,5.51,26023520.0,145286671.0
2016-07-04,sz.300189,5.46,5.73,5.42,5.7,38802933.0,218942746.0
2016-07-05,sz.300189,5.71,5.98,5.71,5.92,47650709.0,278873616.0
2016-07-06,sz.300189,5.9,6.04,5.82,6.04,38257882.0,227275236.0
2016-07-07,sz.300189,6.17,6.47,6.1,6.19,88944585.0,558282800.0
2016-07-08,sz.300189,6.11,6.25,6.01,6.02,42215813.0,256523604.0
2016-07-11,sz.300189,6.02,6.1,5.83,5.88,33929311.0,203374092.0
2016-07-12,sz.300189,5.88,6.02,5.82,5.96,26251834.0,155229693.0
2016-07-13,sz.300189,5.99,6.06,5.91,6.03,25745422.0,154248822.0
2016-07-14,sz.300189,6.02,6.05,5.9,5.97,17317750.0,103556081.0
2016-07-15,sz.300189,6.0,6.03,5.87,5.9,17702827.0,104858123.0
2016-07-18,sz.300189,5.9,5.94,5.75,5.77,18373436.0,106534659.0
2016-07-19,sz.300189,5.8,5.87,5.74,5.84,17198989.0,100100979.0
2016-07-20,sz.300189,5.84,5.86,5.79,5.82,13825048.0,80598630.0
2016-07-21,sz.300189,5.79,5.84,5.75,5.78,14256599.0,82643493.0
2016-07-22,sz.300189,5.8,5.8,5.66,5.68,16160199.0,92563353.0
2016-07-25,sz.300189,5.69,5.73,5.66,5.68,10214373.0,58179969.0
2016-07-26,sz.300189,5.71,5.79,5.69,5.79,12062711.0,69429786.0
2016-07-27,sz.300189,5.77,5.82,5.3,5.4,25300214.0,139989775.0
2016-07-28,sz.300189,5.39,5.45,5.25,5.32,17922924.0,95710808.0
2016-07-29,sz.300189,5.35,5.35,5.26,5.27,8911982.0,47260921.0
2016-08-01,sz.300189,5.26,5.28,5.12,5.2,10320613.0,53425262.0
2016-08-02,sz.300189,5.22,5.24,5.17,5.23,6703024.0,34916897.0
2016-08-03,sz.300189,5.24,5.25,5.19,5.21,8208600.0,42872080.0
2016-08-04,sz.300189,5.23,5.25,5.18,5.25,7937280.0,41440612.0
2016-08-05,sz.300189,5.26,5.26,5.19,5.2,8825760.0,46029826.0
2016-08-08,sz.300189,5.18,5.25,5.14,5.23,8531362.0,44325955.0
2016-08-09,sz.300189,5.5,5.75,5.5,5.75,29814281.0,170727183.0
2016-08-10,sz.300189,5.8,5.97,5.72,5.73,79572944.0,464406784.0
2016-08-11,sz.300189,5.62,5.67,5.46,5.48,40373903.0,223753383.0
2016-08-12,sz.300189,5.44,5.63,5.41,5.54,23621371.0,130806428.0
2016-08-15,sz.300189,5.54,5.62,5.44,5.58,34617769.0,192060613.0
2016-08-16,sz.300189,5.59,5.78,5.54,5.67,31817984.0,180499451.0
2016-08-17,sz.300189,5.63,5.67,5.54,5.6,21443497.0,120183493.0
2016-08-18,sz.300189,5.61,5.67,5.59,5.64,18616297.0,104720477.0
2016-08-19,sz.300189,5.61,5.64,5.53,5.56,15166550.0,84495333.0
2016-08-22,sz.300189,5.55,5.72,5.54,5.58,21813550.0,122706931.0
2016-08-23,sz.300189,5.56,5.7,5.55,5.64,17344869.0,97366528.0
2016-08-24,sz.300189,5.63,5.68,5.59,5.62,11898391.0,66917776.0
2016-08-25,sz.300189,5.61,5.61,5.48,5.53,14324504.0,79249329.0
2016-08-26,sz.300189,5.55,5.6,5.5,5.55,10227172.0,56857901.0
2016-08-29,sz.300189,5.56,5.64,5.53,5.64,15337686.0,85692262.0
2016-08-30,sz.300189,5.65,5.75,5.65,5.69,25287423.0,144285131.0
2016-08-31,sz.300189,5.71,5.73,5.64,5.65,13399128.0,76059771.0
2016-09-01,sz.300189,5.66,5.66,5.54,5.55,12990850.0,72868204.0
2016-09-02,sz.300189,5.55,5.58,5.46,5.5,12641940.0,69857262.0
2016-09-05,sz.300189,5.52,5.54,5.48,5.5,9001596.0,49635315.0
2016-09-06,sz.300189,5.52,5.62,5.44,5.61,14154616.0,78384309.0
2016-09-07,sz.300189,5.61,5.91,5.57,5.76,47822298.0,276573440.0
2016-09-08,sz.300189,5.7,5.76,5.66,5.72,19395443.0,110833868.0
2016-09-20,sz.300189,5.5,5.53,5.21,5.29,71677723.0,381990400.0
2016-09-21,sz.300189,5.24,5.3,5.2,5.24,31223655.0,163607374.0
2016-09-22,sz.300189,5.27,5.28,5.21,5.22,23178821.0,121299313.0
2016-09-23,sz.300189,5.24,5.24,5.15,5.16,21511210.0,111422254.0
2016-09-26,sz.300189,5.15,5.15,5.01,5.02,24896193.0,126273873.0
2016-09-27,sz.300189,5.0,5.06,4.99,5.06,13630260.0,68514065.0
2016-09-28,sz.300189,5.06,5.06,5.02,5.03,8226655.0,41385949.0
2016-09-29,sz.300189,5.04,5.06,5.02,5.03,10543707.0,53112820.0
2016-09-30,sz.300189,5.02,5.07,5.01,5.06,9385285.0,47313449.0
2016-10-10,sz.300189,5.07,5.17,5.07,5.16,15908378.0,81620928.0
2016-10-11,sz.300189,5.16,5.22,5.14,5.19,14953402.0,77536141.0
2016-10-12,sz.300189,5.18,5.18,5.12,5.16,14366951.0,74038295.0
2016-10-13,sz.300189,5.17,5.18,5.13,5.17,12167803.0,62792051.0
2016-10-14,sz.300189,5.17,5.18,5.11,5.14,13984150.0,71742223.0
2016-10-17,sz.300189,5.1,5.13,5.06,5.07,13837038.0,70602433.0
2016-10-18,sz.300189,5.08,5.14,5.06,5.13,12845963.0,65573007.0
2016-10-19,sz.300189,5.13,5.16,5.1,5.12,12087859.0,62012766.0
2016-10-20,sz.300189,5.14,5.18,5.11,5.18,18584433.0,95628144.0
2016-10-21,sz.300189,5.18,5.19,5.09,5.13,16914653.0,86939575.0
2016-10-24,sz.300189,5.13,5.16,5.09,5.14,16976476.0,87122419.0
2016-10-25,sz.300189,5.14,5.21,5.14,5.18,19020555.0,98306228.0
2016-10-26,sz.300189,5.16,5.18,5.14,5.16,17209670.0,88776488.0
2016-10-27,sz.300189,5.16,5.18,5.13,5.17,10420082.0,53679000.0
2016-10-28,sz.300189,5.17,5.18,5.11,5.11,12292250.0,63197978.0
2016-10-31,sz.300189,5.08,5.12,5.05,5.1,11808634.0,59990213.0
2016-11-01,sz.300189,5.1,5.14,5.08,5.13,12849502.0,65656838.0
2016-11-02,sz.300189,5.12,5.13,5.06,5.08,12643775.0,64396094.0
2016-11-03,sz.300189,5.1,5.14,5.07,5.11,12331783.0,62988589.0
2016-11-04,sz.300189,5.1,5.12,5.07,5.08,11016500.0,56131424.0
2016-11-07,sz.300189,5.09,5.1,5.06,5.09,8752140.0,44490129.0
2016-11-08,sz.300189,5.09,5.14,5.09,5.13,12751575.0,65308941.0
2016-11-09,sz.300189,5.14,5.18,5.06,5.11,19745569.0,101252305.0
2016-11-10,sz.300189,5.14,5.35,5.12,5.31,53023740.0,278173024.0
2016-11-11,sz.300189,5.27,5.3,5.22,5.27,31580965.0,166161124.0
2016-11-14,sz.300189,5.25,5.39,5.24,5.37,36568251.0,194200488.0
2016-11-15,sz.300189,5.39,5.45,5.3,5.34,33108006.0,177335769.0
2016-11-16,sz.300189,5.37,5.38,5.31,5.31,21053755.0,112478354.0
2016-11-17,sz.300189,5.29,5.29,5.25,5.27,13349620.0,70286291.0
2016-11-18,sz.300189,5.27,5.3,5.24,5.25,10993000.0,57963139.0
2016-11-21,sz.300189,5.24,5.27,5.22,5.24,13310840.0,69761874.0
2016-11-22,sz.300189,5.26,5.29,5.22,5.29,13220214.0,69541511.0
2016-11-23,sz.300189,5.28,5.55,5.27,5.55,61865456.0,334790864.0
2016-11-24,sz.300189,5.59,5.7,5.41,5.46,55753203.0,308688992.0
2016-11-25,sz.300189,5.44,5.6,5.24,5.52,47135721.0,255554845.0
2016-11-28,sz.300189,5.53,5.55,5.44,5.44,23808805.0,130458816.0
2016-11-29,sz.300189,5.42,5.47,5.34,5.35,19047324.0,102975894.0
2016-11-30,sz.300189,5.34,5.4,5.32,5.38,17057520.0,91443816.0
2016-12-01,sz.300189,5.4,5.45,5.35,5.4,12255124.0,65985200.0
2016-12-02,sz.300189,5.4,5.42,5.26,5.27,17100977.0,90884505.0
2016-12-05,sz.300189,5.24,5.3,5.2,5.21,13215832.0,69231003.0
2016-12-06,sz.300189,5.22,5.27,5.22,5.22,10262032.0,53793603.0
2016-12-07,sz.300189,5.23,5.29,5.22,5.28,9561190.0,50252372.0
2016-12-08,sz.300189,5.28,5.4,5.27,5.3,20700925.0,110479910.0
2016-12-09,sz.300189,5.31,5.32,5.25,5.25,11458723.0,60462957.0
2017-02-28,sz.300189,5.34,5.76,5.02,5.43,78781329.0,419610208.0
2017-03-01,sz.300189,5.3,5.4,5.26,5.29,38043682.0,202787845.0
2017-03-02,sz.300189,5.28,5.28,5.12,5.13,29680594.0,153809365.0
2017-03-03,sz.300189,5.08,5.23,5.08,5.15,15680181.0,80955015.0
2017-03-06,sz.300189,5.15,5.19,5.13,5.19,13947332.0,71942835.0
2017-03-07,sz.300189,5.18,5.2,5.14,5.15,12544400.0,64720780.0
2017-03-08,sz.300189,5.15,5.18,5.09,5.11,12862030.0,66026679.0
2017-03-09,sz.300189,5.11,5.12,5.04,5.06,13936450.0,70710110.0
2017-03-10,sz.300189,5.08,5.09,5.05,5.07,8637915.0,43779776.0
2017-03-13,sz.300189,5.06,5.08,5.01,5.07,9986861.0,50450633.0
2017-03-14,sz.300189,5.07,5.12,5.06,5.1,10559587.0,53766790.0
2017-03-15,sz.300189,5.09,5.12,5.04,5.07,10249600.0,52027613.0
2017-03-16,sz.300189,5.08,5.1,5.06,5.09,8750138.0,44477247.0
2017-03-17,sz.300189,5.09,5.1,5.04,5.04,11442940.0,57990350.0
2017-03-20,sz.300189,5.04,5.06,5.01,5.05,10425387.0,52468025.0
2017-03-21,sz.300189,5.05,5.09,5.04,5.06,6218008.0,31429363.0
2017-03-22,sz.300189,5.04,5.04,4.97,4.99,12437040.0,62201435.0
2017-03-23,sz.300189,5.01,5.03,4.95,5.0,10530800.0,52555987.0
2017-03-24,sz.300189,4.99,4.99,4.93,4.98,11555522.0,57310196.0
2017-03-27,sz.300189,4.96,4.97,4.88,4.92,14117300.0,69488338.0
2017-03-28,sz.300189,4.92,4.93,4.89,4.91,7468725.0,36665435.0
2017-03-29,sz.300189,4.9,4.92,4.84,4.86,10379830.0,50599608.0
2017-03-30,sz.300189,4.86,4.86,4.68,4.7,18011724.0,85271944.0
2017-03-31,sz.300189,4.68,4.72,4.67,4.7,11034792.0,51815452.0
2017-04-05,sz.300189,4.7,4.78,4.68,4.77,8525692.0,40473655.0
2017-04-06,sz.300189,4.78,4.81,4.73,4.77,8217132.0,39145925.0
2017-04-07,sz.300189,4.76,4.77,4.72,4.73,8130037.0,38517996.0
2017-04-10,sz.300189,4.75,4.77,4.71,4.73,12024773.0,57027227.0
2017-04-11,sz.300189,4.73,4.75,4.67,4.73,11099101.0,52277343.0
2017-04-12,sz.300189,4.73,4.73,4.66,4.67,11550100.0,54077030.0
2017-04-13,sz.300189,4.65,4.69,4.65,4.68,8770991.0,40978851.0
2017-04-14,sz.300189,4.67,4.68,4.58,4.6,12625455.0,58274892.0
2017-04-17,sz.300189,4.59,4.59,4.39,4.44,18433054.0,82394972.0
2017-04-18,sz.300189,4.43,4.46,4.32,4.33,13730079.0,60292129.0
2017-04-19,sz.300189,4.33,4.33,4.13,4.22,15383695.0,64748565.0
2017-04-20,sz.300189,4.2,4.27,4.15,4.18,8194647.0,34465571.0
2017-04-21,sz.300189,4.21,4.24,4.18,4.22,6990230.0,29428569.0
2017-04-24,sz.300189,4.22,4.22,4.02,4.03,11214546.0,45885126.0
2017-04-25,sz.300189,4.04,4.13,4.01,4.08,9029277.0,36790332.0
2017-04-26,sz.300189,4.08,4.1,4.04,4.05,5877700.0,23893882.0
2017-04-27,sz.300189,4.05,4.06,3.91,4.02,13516150.0,53793212.0
2017-04-28,sz.300189,4.01,4.06,3.98,4.06,6186595.0,24955180.0
2017-05-02,sz.300189,4.04,4.12,4.04,4.09,8223983.0,33698100.0
2017-05-03,sz.300189,4.08,4.13,4.07,4.12,5919903.0,24289054.0
2017-05-04,sz.300189,4.11,4.23,4.08,4.16,11777811.0,48979331.0
2017-05-05,sz.300189,4.13,4.19,4.11,4.12,6698945.0,27722370.0
2017-05-08,sz.300189,4.1,4.12,3.96,3.96,8977707.0,36264764.0
2017-05-09,sz.300189,3.96,4.02,3.94,4.01,5571293.0,22193983.0
2017-05-10,sz.300189,4.02,4.04,3.93,3.94,6131228.0,24485509.0
2017-05-11,sz.300189,3.93,3.95,3.68,3.82,12787970.0,48757658.0
2017-05-12,sz.300189,3.82,3.84,3.79,3.8,5118455.0,19517670.0
2017-05-15,sz.300189,3.83,3.85,3.82,3.82,4162253.0,15952513.0
2017-05-16,sz.300189,3.82,3.91,3.75,3.9,9510505.0,36371068.0
2017-05-17,sz.300189,3.91,3.97,3.89,3.94,9880800.0,38913992.0
2017-05-18,sz.300189,3.9,3.95,3.88,3.91,5792264.0,22697568.0
2017-05-19,sz.300189,3.91,3.95,3.89,3.92,4205968.0,16466888.0
2017-05-22,sz.300189,3.9,3.91,3.73,3.8,9087155.0,34751521.0
2017-05-23,sz.300189,3.77,3.77,3.66,3.67,7756483.0,28864721.0
2017-05-24,sz.300189,3.64,3.73,3.53,3.71,8370080.0,30560816.0
2017-05-25,sz.300189,3.69,3.78,3.65,3.77,7274505.0,27085973.0
2017-05-26,sz.300189,3.75,3.81,3.74,3.74,6080358.0,22932374.0
2017-05-31,sz.300189,3.78,3.81,3.73,3.73,5771694.0,21741249.0
2017-06-01,sz.300189,3.72,3.75,3.58,3.62,6323648.0,23212872.0
2017-06-02,sz.300189,3.61,3.66,3.54,3.64,6345093.0,22830206.0
2017-06-05,sz.300189,3.64,3.73,3.63,3.71,6243665.0,23072452.0
2017-06-06,sz.300189,3.7,3.75,3.69,3.74,5392448.0,20051241.0
2017-06-07,sz.300189,3.74,3.84,3.72,3.84,11380195.0,43213323.0
2017-06-08,sz.300189,3.84,3.85,3.79,3.79,6305000.0,24033197.0
2017-06-09,sz.300189,3.8,3.81,3.72,3.79,8479490.0,31882115.0
2017-06-12,sz.300189,3.46,3.61,3.41,3.41,31175443.0,106916660.0
2017-06-13,sz.300189,3.07,3.32,3.07,3.22,76276371.0,241417272.0
2017-06-14,sz.300189,3.16,3.26,3.14,3.2,38316089.0,122854779.0
2017-06-15,sz.300189,3.21,3.28,3.17,3.23,32920730.0,106212619.0
2017-06-16,sz.300189,3.24,3.29,3.23,3.26,26910820.0,87673690.0
2017-06-19,sz.300189,3.28,3.41,3.27,3.33,30768382.0,103037533.0
2017-06-20,sz.300189,3.35,3.38,3.3,3.32,23150848.0,76881551.0
2017-06-21,sz.300189,3.34,3.39,3.31,3.38,28490239.0,95413205.0
2017-06-22,sz.300189,3.39,3.43,3.25,3.27,32810347.0,109767549.0
2017-06-23,sz.300189,3.25,3.28,3.2,3.26,19477375.0,63024984.0
2017-06-26,sz.300189,3.24,3.33,3.2,3.3,18484123.0,60352239.0
2017-06-27,sz.300189,3.3,3.33,3.26,3.29,15162769.0,49987592.0
2017-06-28,sz.300189,3.27,3.27,3.23,3.23,12837500.0,41608889.0
2017-06-29,sz.300189,3.22,3.28,3.22,3.24,11099850.0,36052641.0
2017-06-30,sz.300189,3.23,3.27,3.22,3.25,10576810.0,34324108.0
2017-07-03,sz.300189,3.25,3.33,3.23,3.32,21962072.0,72483793.0
2017-07-04,sz.300189,3.32,3.37,3.29,3.34,26035851.0,86749701.0
2017-07-05,sz.300189,3.34,3.36,3.3,3.34,15247800.0,50759179.0
2017-07-06,sz.300189,3.34,3.37,3.29,3.32,17921297.0,59657754.0
2017-07-07,sz.300189,3.31,3.37,3.29,3.34,21870928.0,72996492.0
2017-07-10,sz.300189,3.31,3.4,3.28,3.4,44223633.0,147989011.0
2017-07-11,sz.300189,3.38,3.38,3.32,3.33,18714150.0,62662215.0
2017-07-12,sz.300189,3.31,3.33,3.24,3.33,16455633.0,53999297.0
2017-07-13,sz.300189,3.31,3.32,3.27,3.3,11494380.0,37874084.0
2017-07-14,sz.300189,3.31,3.31,3.28,3.28,9173743.0,30215669.0
2017-07-17,sz.300189,3.27,3.28,3.04,3.07,19668343.0,61743341.0
2017-07-18,sz.300189,3.05,3.12,3.05,3.12,9286454.0,28696790.0
2017-07-19,sz.300189,3.13,3.17,3.09,3.17,9987377.0,31327413.0
2017-07-20,sz.300189,3.17,3.2,3.15,3.17,10349336.0,32941905.0
2017-07-21,sz.300189,3.16,3.21,3.15,3.2,10880640.0,34672589.0
2017-07-24,sz.300189,3.21,3.25,3.19,3.25,10903188.0,35205388.0
2017-07-25,sz.300189,3.26,3.29,3.22,3.26,10228152.0,33238928.0
2017-07-26,sz.300189,3.26,3.28,3.24,3.28,8305205.0,27063233.0
2017-07-27,sz.300189,3.27,3.39,3.25,3.37,24982741.0,83394337.0
2017-07-28,sz.300189,3.36,3.39,3.33,3.34,14882700.0,50006299.0
2017-07-31,sz.300189,3.35,3.37,3.33,3.35,11130610.0,37299044.0
2017-08-01,sz.300189,3.35,3.37,3.33,3.36,10655325.0,35686196.0
2017-08-02,sz.300189,3.36,3.36,3.31,3.32,11145575.0,37208753.0
2017-08-03,sz.300189,3.32,3.36,3.29,3.33,11230162.0,37405703.0
2017-08-04,sz.300189,3.32,3.49,3.3,3.45,33208489.0,112584473.0
2017-08-07,sz.300189,3.45,3.58,3.42,3.47,49062810.0,171956363.0
2017-08-08,sz.300189,3.44,3.78,3.38,3.67,73942292.0,265457280.0
2017-08-09,sz.300189,3.6,3.63,3.54,3.56,43545802.0,155859373.0
2017-08-10,sz.300189,3.56,3.68,3.53,3.54,34328850.0,123825105.0
2017-08-11,sz.300189,3.51,3.54,3.47,3.47,22508332.0,78790478.0
2017-08-14,sz.300189,3.46,3.65,3.46,3.6,21602952.0,76778786.0
2017-08-15,sz.300189,3.6,3.61,3.52,3.56,15226852.0,54316624.0
2017-08-16,sz.300189,3.55,3.61,3.54,3.58,17272662.0,61967303.0
2017-08-17,sz.300189,3.57,3.64,3.56,3.61,14818913.0,53426817.0
2017-08-18,sz.300189,3.59,3.59,3.55,3.56,12649611.0,45094459.0
2017-08-21,sz.300189,3.55,3.58,3.53,3.55,12891213.0,45724929.0
2017-08-22,sz.300189,3.56,3.62,3.53,3.56,13294950.0,47463795.0
2017-08-23,sz.300189,3.56,3.7,3.53,3.68,33975561.0,123735219.0
2017-08-24,sz.300189,3.7,3.89,3.65,3.84,63941009.0,241799285.0
2017-08-25,sz.300189,3.79,3.9,3.77,3.86,35040549.0,134172188.0
2017-08-28,sz.300189,3.84,3.95,3.83,3.86,26873625.0,103934436.0
2017-08-29,sz.300189,3.83,4.05,3.79,4.0,34899821.0,136479949.0
2017-08-30,sz.300189,3.98,4.08,3.96,4.0,24572104.0,99225460.0
2017-08-31,sz.300189,3.99,4.05,3.95,3.97,15458513.0,61553876.0
2017-09-01,sz.300189,3.99,4.03,3.88,3.92,18646317.0,73156216.0
2017-09-04,sz.300189,4.05,4.31,4.05,4.31,55037088.0,234550979.0
2017-09-05,sz.300189,4.37,4.37,4.2,4.22,47250628.0,202762334.0
2017-09-06,sz.300189,4.22,4.31,4.2,4.23,24262139.0,102972546.0
2017-09-07,sz.300189,4.21,4.22,4.11,4.11,32900134.0,136473253.0
2017-09-08,sz.300189,4.11,4.16,4.09,4.14,12063971.0,49782871.0
2017-09-11,sz.300189,4.15,4.15,4.08,4.13,11877276.0,48840664.0
2017-09-12,sz.300189,4.14,4.14,4.08,4.11,12087801.0,49644757.09
2017-09-13,sz.300189,4.11,4.36,4.09,4.33,33300650.0,142986697.0
2017-09-14,sz.300189,4.49,4.57,4.36,4.48,40133805.0,178814273.4
2017-09-15,sz.300189,4.41,4.46,4.32,4.4,17583415.0,77128707.5
2017-09-18,sz.300189,4.38,4.49,4.34,4.46,13355100.0,59011217.0
2017-09-19,sz.300189,4.49,4.55,4.42,4.47,15467952.0,69172208.78
2017-09-20,sz.300189,4.45,4.47,4.39,4.42,10117250.0,44765075.0
2017-09-21,sz.300189,4.41,4.41,4.25,4.27,16019050.0,69379782.5
2017-09-22,sz.300189,4.24,4.27,4.14,4.24,10334105.0,43516659.01
2017-09-25,sz.300189,4.25,4.25,4.1,4.1,9284650.0,38542532.0
2017-09-26,sz.300189,4.09,4.17,4.08,4.13,6160245.0,25380140.17
2017-09-27,sz.300189,4.14,4.22,4.12,4.2,6623591.0,27706539.87
2017-09-28,sz.300189,4.18,4.23,4.14,4.14,5183090.0,21608371.0
2017-09-29,sz.300189,4.14,4.18,4.12,4.16,4394449.0,18261390.57
2017-10-09,sz.300189,4.16,4.21,4.16,4.19,6849802.0,28624744.36
2017-10-10,sz.300189,4.22,4.39,4.19,4.36,17041879.0,73433508.37
2017-10-11,sz.300189,4.32,4.54,4.31,4.5,29598282.0,132868353.1
2017-10-12,sz.300189,4.46,4.46,4.37,4.42,13448332.0,59336958.8
2017-10-13,sz.300189,4.43,4.45,4.38,4.4,8479450.0,37387572.5
2017-10-16,sz.300189,4.34,4.51,4.26,4.28,19033951.0,83433337.3
2017-10-17,sz.300189,4.24,4.24,4.02,4.11,14005214.0,57676903.55
2017-10-18,sz.300189,4.11,4.19,4.1,4.11,8138850.0,33685870.5
2017-10-19,sz.300189,4.07,4.12,4.0,4.0,9133050.0,36865935.65
2017-10-20,sz.300189,3.98,4.09,3.95,4.07,5938726.0,24022790.28
2017-10-23,sz.300189,4.07,4.07,4.01,4.02,6248551.0,25138971.76
2017-10-24,sz.300189,4.03,4.04,4.0,4.01,4680000.0,18773857.0
2017-10-25,sz.300189,4.0,4.05,4.0,4.05,3913533.0,15787892.99
2017-10-26,sz.300189,4.03,4.15,4.03,4.12,6889358.0,28219381.6
2017-10-27,sz.300189,4.11,4.3,4.11,4.29,20703721.0,87953678.29
2017-10-30,sz.300189,4.31,4.43,4.21,4.36,27964367.0,121550735.41
2017-10-31,sz.300189,4.41,4.45,4.27,4.32,9663255.0,41938696.65
2017-11-01,sz.300189,4.31,4.34,4.14,4.2,11184295.0,47227101.0
2017-11-02,sz.300189,4.2,4.25,4.16,4.16,7186101.0,30300773.2
2017-11-03,sz.300189,4.15,4.18,4.11,4.13,4525313.0,18784938.69
2017-11-06,sz.300189,4.14,4.4,4.14,4.4,12151092.0,52057346.01
2017-11-07,sz.300189,4.38,4.4,4.25,4.33,11469440.0,49424288.27
2017-11-08,sz.300189,4.31,4.39,4.21,4.25,9886950.0,42544757.0
2017-11-09,sz.300189,4.18,4.24,4.15,4.2,8861213.0,37134896.6
2017-11-10,sz.300189,4.16,4.24,4.13,4.22,6743665.0,28214481.59
2017-11-13,sz.300189,4.22,4.22,4.12,4.15,8180040.0,33989000.53
2017-11-14,sz.300189,4.14,4.14,4.04,4.04,9458700.0,38653361.5
2017-11-15,sz.300189,4.03,4.12,4.01,4.05,5581350.0,22701268.5
2017-11-16,sz.300189,4.06,4.1,4.03,4.06,4032433.0,16393041.32
2017-11-17,sz.300189,4.05,4.08,3.8,3.84,10684500.0,41676217.0
2017-11-20,sz.300189,3.86,3.86,3.7,3.8,5932700.0,22345995.5
2017-11-21,sz.300189,3.81,3.97,3.8,3.85,4612495.0,17895596.05
2017-11-22,sz.300189,3.88,3.88,3.74,3.78,5458996.0,20738833.92
2017-11-23,sz.300189,3.76,3.76,3.7,3.7,4822150.0,17962920.0
2017-11-24,sz.300189,3.71,3.78,3.7,3.74,3003657.0,11230087.43
2017-11-27,sz.300189,3.72,3.76,3.7,3.7,3032000.0,11309010.0
2017-11-28,sz.300189,3.68,3.7,3.53,3.65,5497409.0,19972372.77
2017-11-29,sz.300189,3.65,3.65,3.53,3.61,5529590.0,19832003.3
2017-11-30,sz.300189,3.63,3.75,3.58,3.74,8668602.0,31864552.01
2017-12-01,sz.300189,3.73,3.95,3.7,3.89,12520079.0,48588680.03
2017-12-04,sz.300189,3.86,3.99,3.82,3.82,7052406.0,27627989.61
2017-12-05,sz.300189,3.88,3.93,3.72,3.74,4511605.0,17129817.9
2017-12-06,sz.300189,3.79,3.79,3.7,3.78,3818200.0,14321877.0
2017-12-07,sz.300189,3.77,3.81,3.74,3.76,2441440.0,9220745.4
2017-12-08,sz.300189,3.74,3.78,3.72,3.76,3971166.0,14915614.97
2017-12-11,sz.300189,3.75,3.78,3.74,3.76,3611351.0,13572841.83
2017-12-12,sz.300189,3.76,3.79,3.69,3.71,2644300.0,9905115.0
2017-12-13,sz.300189,3.69,3.73,3.6,3.64,6184050.0,22594733.5
2017-12-14,sz.300189,3.62,3.63,3.57,3.61,4272149.0,15411649.5
2017-12-15,sz.300189,3.59,3.66,3.59,3.61,3972199.0,14368394.87
2017-12-18,sz.300189,3.61,3.65,3.5,3.54,7100599.0,25236814.97
2017-12-19,sz.300189,3.54,3.57,3.5,3.56,4326700.0,15296314.0
2017-12-20,sz.300189,3.56,3.56,3.42,3.42,7061750.0,24522289.0
2017-12-21,sz.300189,3.41,3.44,3.35,3.38,4750800.0,16103246.0
2017-12-22,sz.300189,3.37,3.4,3.3,3.38,4877846.0,16332018.68
2017-12-25,sz.300189,3.36,3.38,3.3,3.31,4027350.0,13422130.5
2017-12-26,sz.300189,3.3,3.36,3.26,3.35,4309565.0,14285030.35
2017-12-27,sz.300189,3.35,3.35,3.3,3.32,2707950.0,9014847.5
2017-12-28,sz.300189,3.32,3.34,3.31,3.33,2973350.0,9910476.5
2017-12-29,sz.300189,3.35,3.57,3.33,3.5,10478850.0,36469680.04
2018-01-02,sz.300189,3.51,3.52,3.43,3.48,6570450.0,22709093.5
2018-01-03,sz.300189,3.46,3.49,3.45,3.47,3905950.0,13569673.0
2018-01-04,sz.300189,3.47,3.54,3.46,3.49,3827050.0,13398288.5
2018-01-05,sz.300189,3.51,3.58,3.49,3.55,5982815.0,21215067.5
2018-01-08,sz.300189,3.55,3.62,3.47,3.52,5526700.0,19538934.5
2018-01-09,sz.300189,3.51,3.57,3.49,3.52,4020050.0,14239643.0
2018-01-10,sz.300189,3.52,3.62,3.5,3.55,7151499.0,25531457.02
2018-01-11,sz.300189,3.6,3.68,3.55,3.68,9593307.0,34969426.86
2018-01-12,sz.300189,3.7,3.74,3.6,3.72,9059870.0,33250860.4
2018-01-15,sz.300189,3.69,3.7,3.59,3.59,6274652.0,22793705.02
2018-01-16,sz.300189,3.58,3.68,3.58,3.67,4825302.0,17620132.24
2018-01-17,sz.300189,3.66,3.73,3.61,3.63,5372400.0,19722480.0
2018-01-18,sz.300189,3.62,3.67,3.6,3.61,4094200.0,14879601.0
2018-01-19,sz.300189,3.61,3.66,3.6,3.61,4152759.0,15109701.49
2018-01-22,sz.300189,3.62,3.64,3.6,3.61,3256400.0,11779842.0
2018-01-23,sz.300189,3.6,3.71,3.56,3.67,7546836.0,27564195.34
2018-01-24,sz.300189,3.64,3.66,3.57,3.64,5739586.0,20787635.0
2018-01-25,sz.300189,3.61,3.86,3.6,3.7,9568770.0,35682319.28
2018-01-26,sz.300189,3.67,3.69,3.63,3.64,5247450.0,19181097.5
2018-01-29,sz.300189,3.64,3.73,3.61,3.65,5497800.0,20181287.0
2018-01-30,sz.300189,3.64,3.64,3.57,3.6,4923650.0,17742302.0
2018-01-31,sz.300189,3.58,3.6,3.35,3.41,6960550.0,24110822.5
2018-02-01,sz.300189,3.39,3.47,3.3,3.32,4943275.0,16614436.8
2018-02-02,sz.300189,3.32,3.38,3.28,3.35,3458300.0,11547181.0
2018-02-05,sz.300189,3.36,3.56,3.33,3.43,6348922.0,21887662.54
2018-02-06,sz.300189,3.38,3.39,3.3,3.3,5287505.0,17596492.55
2018-02-07,sz.300189,3.33,3.55,3.31,3.44,9141950.0,31277279.0
2018-02-08,sz.300189,3.43,3.51,3.39,3.4,6382750.0,21870438.0
2018-02-09,sz.300189,3.31,3.37,3.27,3.3,6451401.0,21362055.29
2018-02-12,sz.300189,3.28,3.41,3.28,3.38,4317600.0,14555104.5
2018-02-13,sz.300189,3.36,3.44,3.35,3.36,3321276.0,11257270.9
2018-02-14,sz.300189,3.38,3.54,3.31,3.5,7176966.0,24661013.1
2018-02-22,sz.300189,3.55,3.59,3.5,3.52,8719651.0,30846690.34
2018-02-23,sz.300189,3.49,3.63,3.44,3.58,9304651.0,32828120.03
2018-02-26,sz.300189,3.55,3.62,3.52,3.6,8524502.0,30514433.62
2018-02-27,sz.300189,3.59,3.62,3.53,3.6,7718764.0,27521740.85
2018-02-28,sz.300189,3.56,3.58,3.53,3.56,4317850.0,15352439.5
2018-03-01,sz.300189,3.57,3.66,3.55,3.63,8425965.0,30482827.0
2018-03-02,sz.300189,3.6,3.61,3.55,3.55,6534305.0,23334475.45
2018-03-05,sz.300189,3.54,3.55,3.48,3.5,5670235.0,19891602.96
2018-03-06,sz.300189,3.53,3.55,3.49,3.53,4021073.0,14161665.93
2018-03-07,sz.300189,3.53,3.56,3.48,3.52,5176925.0,18211586.5
2018-03-08,sz.300189,3.51,3.53,3.49,3.5,3190178.0,11185169.28
2018-03-09,sz.300189,3.51,3.58,3.51,3.57,6634151.0,23546519.56
2018-03-12,sz.300189,3.57,3.63,3.52,3.59,6297349.0,22627444.39
2018-03-13,sz.300189,3.58,3.68,3.55,3.68,15922642.0,57968165.8
2018-03-14,sz.300189,3.65,3.71,3.64,3.66,10157350.0,37274941.5
2018-03-15,sz.300189,3.69,3.69,3.61,3.67,8079100.0,29576725.0
2018-03-16,sz.300189,3.63,3.71,3.6,3.71,6637925.0,24214543.25
2018-03-19,sz.300189,3.69,3.74,3.67,3.67,5139500.0,18990175.5
2018-03-20,sz.300189,3.65,3.69,3.61,3.67,4860900.0,17658596.0
2018-03-21,sz.300189,3.67,3.7,3.61,3.61,5553500.0,20318909.93
2018-03-22,sz.300189,3.6,3.64,3.57,3.61,3831655.0,13774157.4
2018-03-23,sz.300189,3.57,3.79,3.55,3.65,29175950.0,107904209.6
2018-03-26,sz.300189,3.6,3.62,3.32,3.5,16370092.0,56831255.15
2018-03-27,sz.300189,3.48,3.66,3.47,3.65,12970451.0,46429021.04
2018-03-28,sz.300189,3.8,4.02,3.77,4.02,64171503.0,253258706.96
2018-03-29,sz.300189,3.9,3.94,3.81,3.84,39357655.0,152421427.65
2018-03-30,sz.300189,3.82,3.94,3.8,3.93,26526289.0,102726556.57
2018-04-02,sz.300189,3.87,4.08,3.87,3.93,20748050.0,82461538.95
2018-04-03,sz.300189,3.86,4.28,3.82,4.17,42288561.0,172515254.16
2018-04-04,sz.300189,4.13,4.42,4.06,4.35,43215480.0,183835038.7
2018-04-09,sz.300189,4.69,4.79,4.48,4.58,63565005.0,294655678.25
2018-04-10,sz.300189,4.31,4.58,4.12,4.12,57552925.0,245997082.9
2018-04-11,sz.300189,4.14,4.21,4.1,4.12,21680531.0,89860952.91
2018-04-12,sz.300189,4.15,4.35,4.1,4.33,31559028.0,133885182.07
2018-04-13,sz.300189,4.28,4.28,3.98,4.07,23756476.0,98237292.36
2018-04-16,sz.300189,4.48,4.48,4.37,4.48,53938917.0,241327984.61
2018-04-17,sz.300189,4.48,4.55,4.03,4.16,94406246.0,401662802.81
2018-04-18,sz.300189,4.0,4.06,3.87,4.02,35941997.0,142369005.89
2018-04-19,sz.300189,3.97,4.06,3.95,3.99,22635493.0,90678502.21
2018-04-20,sz.300189,3.92,3.95,3.75,3.77,25106987.0,96214854.27
2018-04-23,sz.300189,3.79,3.89,3.74,3.81,10877136.0,41436324.52
2018-04-24,sz.300189,3.83,3.85,3.73,3.8,13750147.0,52270453.22
2018-04-25,sz.300189,3.78,3.83,3.73,3.79,10175100.0,38439832.0
2018-04-26,sz.300189,3.76,3.78,3.65,3.66,12338650.0,45730024.5
2018-04-27,sz.300189,3.65,3.73,3.65,3.67,8862702.0,32660877.38
2018-05-02,sz.300189,3.67,3.67,3.49,3.51,14155202.0,50063737.04
2018-05-03,sz.300189,3.51,3.6,3.47,3.57,10302652.0,36491591.54
2018-05-04,sz.300189,3.57,3.6,3.54,3.58,7682502.0,27398474.08
2018-05-07,sz.300189,3.56,3.64,3.56,3.62,7665100.0,27673154.0
2018-05-08,sz.300189,3.6,3.75,3.57,3.73,14750700.0,54334256.0
2018-05-09,sz.300189,3.7,3.83,3.68,3.73,13170550.0,49585959.5
2018-05-10,sz.300189,3.74,3.81,3.73,3.79,11778400.0,44536680.0
2018-05-11,sz.300189,3.77,3.78,3.72,3.75,7285150.0,27346643.5
2018-05-14,sz.300189,3.73,3.76,3.61,3.62,7286900.0,26821540.0
2018-05-15,sz.300189,3.61,3.67,3.61,3.66,4025346.0,14660656.52
2018-05-16,sz.300189,3.62,3.77,3.61,3.77,10615450.0,39690948.0
2018-05-17,sz.300189,3.78,3.82,3.72,3.72,8540600.0,32191756.0
2018-05-18,sz.300189,3.73,3.85,3.69,3.82,11048064.0,41771232.38
2018-05-21,sz.300189,3.85,4.05,3.78,3.97,20770071.0,81933449.94
2018-05-22,sz.300189,3.96,4.06,3.9,3.95,13994000.0,55427310.9
2018-05-23,sz.300189,3.92,4.14,3.88,4.01,25006414.0,100945542.31
2018-05-24,sz.300189,4.03,4.29,3.99,4.19,38827493.0,162484183.5
2018-05-25,sz.300189,4.16,4.18,4.01,4.01,23585143.0,96192932.96
2018-05-28,sz.300189,3.92,3.98,3.61,3.83,20542350.0,78707908.5
2018-05-29,sz.300189,3.83,3.96,3.8,3.81,10425100.0,40438665.14
2018-05-30,sz.300189,3.78,4.11,3.7,3.97,33765464.0,135146613.72
2018-05-31,sz.300189,3.98,4.05,3.89,4.02,21421105.0,84998969.1
2018-06-01,sz.300189,3.98,4.08,3.91,3.91,17059373.0,68220014.89
2018-06-04,sz.300189,4.0,4.13,4.0,4.06,15550677.0,62927134.23
2018-06-05,sz.300189,4.04,4.09,3.95,4.04,15509862.0,62229486.23
2018-06-06,sz.300189,3.98,4.03,3.92,3.96,9092846.0,36021308.84
2018-06-07,sz.300189,3.94,3.96,3.84,3.91,13007015.0,50564277.95
2018-06-08,sz.300189,3.87,3.89,3.76,3.83,13385550.0,51015985.74
2018-06-11,sz.300189,3.84,3.85,3.76,3.78,6462754.0,24634191.04
2018-06-12,sz.300189,3.78,3.8,3.68,3.76,7616209.0,28441197.24
2018-06-13,sz.300189,3.72,3.83,3.72,3.77,6397794.0,24208896.35
2018-06-14,sz.300189,3.78,3.82,3.75,3.82,5580450.0,21186089.5
2018-06-15,sz.300189,3.82,3.84,3.7,3.72,8173405.0,30637903.5
2018-06-19,sz.300189,3.65,3.84,3.53,3.66,20475660.0,76097098.8
2018-06-20,sz.300189,3.51,3.77,3.5,3.77,9851990.0,35991534.1
2018-06-21,sz.300189,3.75,3.79,3.6,3.64,9699300.0,35745855.0
2018-06-22,sz.300189,3.6,3.79,3.58,3.76,6287900.0,23288027.0
2018-06-25,sz.300189,3.73,3.78,3.67,3.73,5968050.0,22188689.0
2018-06-26,sz.300189,3.69,3.74,3.67,3.71,4640003.0,17162704.33
2018-06-27,sz.300189,3.72,3.77,3.7,3.76,5899433.0,22092840.59
2018-06-28,sz.300189,3.75,3.75,3.61,3.62,5917943.0,21782225.23
2018-06-29,sz.300189,3.6,3.75,3.59,3.71,5144416.0,18892026.82
2018-07-02,sz.300189,3.69,3.82,3.65,3.66,6873400.0,25591619.0
2018-07-03,sz.300189,3.68,3.69,3.6,3.68,4646300.0,16926644.0
2018-07-04,sz.300189,3.65,3.73,3.6,3.62,5063100.0,18506148.0
2018-07-05,sz.300189,3.61,3.67,3.34,3.36,7341650.0,25779879.0
2018-07-06,sz.300189,3.38,3.6,3.2,3.45,12539463.0,42550415.54
2018-07-09,sz.300189,3.45,3.47,3.39,3.44,6813233.0,23352964.73
2018-07-10,sz.300189,3.45,3.47,3.37,3.42,4011309.0,13706065.28
2018-07-11,sz.300189,3.4,3.41,3.27,3.31,5044800.0,16764726.0
2018-07-12,sz.300189,3.27,3.38,3.27,3.36,4501300.0,15066181.91
2018-07-13,sz.300189,3.36,3.39,3.33,3.34,3064100.0,10284115.0
2018-07-16,sz.300189,3.33,3.33,3.24,3.25,5822153.0,19044890.28
2018-07-17,sz.300189,3.27,3.28,3.18,3.24,6366151.0,20561200.26
2018-07-18,sz.300189,3.21,3.26,3.21,3.22,3867750.0,12537221.75
2018-07-19,sz.300189,3.23,3.24,3.18,3.2,3667909.0,11795317.8
2018-07-20,sz.300189,3.2,3.22,3.14,3.21,4668469.0,14869033.37
2018-07-23,sz.300189,3.17,3.17,3.07,3.11,10743465.0,33362196.88
2018-07-24,sz.300189,3.1,3.16,3.09,3.14,6839959.0,21384986.49
2018-07-25,sz.300189,3.16,3.35,3.13,3.27,13018570.0,42027874.05
2018-07-26,sz.300189,3.23,3.3,3.23,3.29,7562098.0,24679622.52
2018-07-27,sz.300189,3.3,3.3,3.18,3.22,5297394.0,17171824.68
2018-07-30,sz.300189,3.21,3.21,3.1,3.13,5417800.0,17025568.0
2018-07-31,sz.300189,3.11,3.17,3.1,3.14,3640800.0,11436319.0
2018-08-01,sz.300189,3.12,3.16,3.1,3.1,3393800.0,10622283.0
2018-08-02,sz.300189,3.11,3.11,3.02,3.08,5438400.0,16692008.0
2018-08-03,sz.300189,3.04,3.13,3.03,3.1,4048870.0,12528938.35
2018-08-06,sz.300189,3.1,3.15,3.04,3.06,3818505.0,11775227.45
2018-08-07,sz.300189,3.04,3.1,3.04,3.1,4366690.0,13451945.85
2018-08-08,sz.300189,3.12,3.12,3.07,3.08,3264100.0,10084417.0
2018-08-09,sz.300189,3.03,3.12,3.02,3.11,5355200.0,16581915.0
2018-08-10,sz.300189,3.13,3.25,3.1,3.18,10460650.0,33257782.5
2018-08-13,sz.300189,3.17,3.17,3.07,3.12,6111990.0,18957972.5
2018-08-14,sz.300189,3.11,3.12,3.09,3.11,3015900.0,9358860.0
2018-08-15,sz.300189,3.1,3.11,3.06,3.07,3370410.0,10366952.1
2018-08-16,sz.300189,3.05,3.08,3.03,3.05,2407200.0,7360388.0
2018-08-17,sz.300189,3.07,3.09,3.02,3.02,2510800.0,7649236.0
2018-08-20,sz.300189,3.02,3.04,2.77,2.9,8028840.0,23333811.0
2018-08-21,sz.300189,2.88,2.91,2.85,2.88,3246200.0,9354204.0
2018-08-22,sz.300189,2.88,2.94,2.86,2.9,2890400.0,8380879.0
2018-08-23,sz.300189,2.9,2.91,2.83,2.85,3130450.0,8977985.5
2018-08-24,sz.300189,2.83,2.89,2.8,2.84,3727400.0,10582733.5
2018-08-27,sz.300189,2.83,2.87,2.82,2.86,3558100.0,10130715.0
2018-08-28,sz.300189,2.86,2.88,2.85,2.87,3080954.0,8828334.94
2018-08-29,sz.300189,2.87,2.87,2.83,2.84,2310450.0,6561179.0
2018-08-30,sz.300189,2.82,2.84,2.7,2.72,4362500.0,12117636.0
2018-08-31,sz.300189,2.72,2.76,2.72,2.73,2131855.0,5832992.25
2018-09-03,sz.300189,2.7,2.74,2.66,2.69,2966616.0,8004313.54
2018-09-04,sz.300189,2.68,2.75,2.66,2.75,3294100.0,8957254.5
2018-09-05,sz.300189,2.73,2.76,2.72,2.75,3113100.0,8530906.48
2018-09-06,sz.300189,2.74,2.76,2.69,2.7,2654200.0,7226175.98
2018-09-07,sz.300189,2.69,2.74,2.69,2.73,2809500.0,7633434.0
2018-09-10,sz.300189,2.74,2.74,2.65,2.66,3173750.0,8498771.0
2018-09-11,sz.300189,2.68,2.72,2.63,2.68,2431100.0,6532732.0
2018-09-12,sz.300189,2.69,2.69,2.65,2.68,1669700.0,4461388.0
2018-09-13,sz.300189,2.67,2.71,2.66,2.69,1782650.0,4773188.0
2018-09-14,sz.300189,2.69,2.72,2.67,2.69,2933650.0,7910007.5
2018-09-17,sz.300189,2.68,2.68,2.5,2.52,6374600.0,16234766.0
2018-09-18,sz.300189,2.52,2.57,2.52,2.56,3057450.0,7786767.5
2018-09-19,sz.300189,2.54,2.6,2.54,2.57,3139363.0,8098219.8
2018-09-20,sz.300189,2.59,2.6,2.57,2.59,2370500.0,6126831.0
2018-09-21,sz.300189,2.6,2.61,2.58,2.6,2998865.0,7784105.15
2018-09-25,sz.300189,2.6,2.6,2.55,2.58,2829900.0,7290583.0
2018-09-26,sz.300189,2.58,2.59,2.55,2.57,3963705.0,10182578.75
2018-09-27,sz.300189,2.58,2.78,2.55,2.62,10019510.0,26496968.9
2018-09-28,sz.300189,2.6,2.62,2.56,2.59,5634705.0,14532811.9
2018-10-08,sz.300189,2.56,2.56,2.49,2.49,3843700.0,9676874.0
2018-10-09,sz.300189,2.49,2.53,2.48,2.5,2384650.0,5979390.5
2018-10-10,sz.300189,2.49,2.52,2.48,2.5,1665800.0,4161457.0
2018-10-11,sz.300189,2.44,2.45,2.25,2.27,5858300.0,13659328.5
2018-10-12,sz.300189,2.24,2.32,2.17,2.24,3779650.0,8483533.5
2018-10-15,sz.300189,2.25,2.32,2.24,2.28,3615800.0,8269318.5
2018-10-16,sz.300189,2.28,2.47,2.27,2.32,8519600.0,20136365.0
2018-10-17,sz.300189,2.51,2.51,2.36,2.41,9491550.0,23186728.5
2018-10-18,sz.300189,2.33,2.34,2.23,2.25,6707400.0,15286816.5
2018-10-19,sz.300189,2.22,2.32,2.22,2.31,3710000.0,8508048.0
2018-10-22,sz.300189,2.31,2.54,2.29,2.54,16222751.0,40423572.04
2018-10-23,sz.300189,2.54,2.61,2.45,2.55,12215005.0,30877580.05
2018-10-24,sz.300189,2.5,2.6,2.49,2.51,5737713.0,14534846.5
2018-10-25,sz.300189,2.42,2.56,2.39,2.54,5649555.0,14091810.15
2018-10-26,sz.300189,2.56,2.6,2.52,2.6,5838099.0,14928905.47
2018-10-29,sz.300189,2.54,2.62,2.54,2.58,4722900.0,12205935.0
2018-10-30,sz.300189,2.6,2.62,2.51,2.58,9684600.0,24942309.69
2018-10-31,sz.300189,2.6,2.7,2.56,2.67,10378400.0,27520564.0
2018-11-01,sz.300189,2.66,2.79,2.64,2.75,10420021.0,28361819.49
2018-11-02,sz.300189,2.78,2.82,2.7,2.76,11511908.0,31729869.0
2018-11-05,sz.300189,2.75,2.77,2.69,2.72,6623950.0,18046177.5
2018-11-06,sz.300189,2.73,2.73,2.65,2.68,5337690.0,14279143.4
2018-11-07,sz.300189,2.69,2.7,2.66,2.69,4224340.0,11344353.8
2018-11-08,sz.300189,2.67,2.76,2.67,2.72,6154768.0,16809705.12
2018-11-09,sz.300189,2.7,2.77,2.7,2.72,3314208.0,9076626.68
2018-11-12,sz.300189,2.7,2.78,2.67,2.77,7221450.0,19736317.0
2018-11-13,sz.300189,2.75,2.91,2.73,2.86,12501850.0,35528534.5
2018-11-14,sz.300189,2.86,2.98,2.84,2.85,11215300.0,32607740.0
2018-11-15,sz.300189,2.93,2.96,2.85,2.89,7784050.0,22480747.95
2018-11-16,sz.300189,2.89,2.92,2.83,2.86,6891050.0,19704336.5
2018-11-19,sz.300189,2.84,2.88,2.84,2.87,4835390.0,13805732.4
2018-11-20,sz.300189,2.86,2.86,2.72,2.74,5891750.0,16485396.0
2018-11-21,sz.300189,2.7,2.79,2.68,2.77,3927640.0,10764584.5
2018-11-22,sz.300189,2.79,2.8,2.75,2.77,4012751.0,11110310.76
2018-11-23,sz.300189,2.79,2.79,2.59,2.59,5908900.0,15695842.49
2018-11-26,sz.300189,2.57,2.63,2.55,2.58,2242440.0,5818681.4
2018-11-27,sz.300189,2.59,2.64,2.59,2.61,2053340.0,5372079.74
2018-11-28,sz.300189,2.62,2.8,2.61,2.74,7354764.0,19858224.27
2018-11-29,sz.300189,2.74,2.76,2.65,2.65,5408800.0,14651497.0
2018-11-30,sz.300189,2.64,2.72,2.64,2.72,3696521.0,9927944.75
2018-12-03,sz.300189,2.78,2.79,2.72,2.76,5673920.0,15674932.0
2018-12-04,sz.300189,2.77,2.8,2.75,2.78,4156030.0,11543729.1
2018-12-05,sz.300189,2.76,2.87,2.72,2.81,6568168.0,18426688.67
2018-12-06,sz.300189,2.81,2.82,2.75,2.8,4239575.0,11816693.25
2018-12-07,sz.300189,2.78,2.8,2.74,2.77,2898016.0,8014930.65
2018-12-10,sz.300189,2.75,2.77,2.72,2.72,2136850.0,5860525.5
2018-12-11,sz.300189,2.74,2.95,2.74,2.84,7462843.0,21254876.49
2018-12-12,sz.300189,2.92,2.94,2.8,2.8,9599913.0,27370120.05
2018-12-13,sz.300189,2.79,2.8,2.69,2.74,6718750.0,18388747.0
2018-12-14,sz.300189,2.73,2.74,2.66,2.67,3487661.0,9420969.26
2018-12-17,sz.300189,2.67,2.7,2.66,2.67,2736943.0,7331774.5
2018-12-18,sz.300189,2.68,2.68,2.62,2.65,3096688.0,8189318.2
2018-12-19,sz.300189,2.66,2.67,2.6,2.61,2419389.0,6345956.02
2018-12-20,sz.300189,2.6,2.62,2.56,2.6,2463491.0,6379691.87
2018-12-21,sz.300189,2.6,2.6,2.55,2.56,2178998.0,5602147.9
2018-12-24,sz.300189,2.58,2.63,2.56,2.6,2351491.0,6121277.78
2018-12-25,sz.300189,2.6,2.6,2.45,2.58,2882550.0,7285838.28
2018-12-26,sz.300189,2.58,2.59,2.53,2.55,1696500.0,4331260.0
2018-12-27,sz.300189,2.58,2.61,2.45,2.45,2271750.0,5742525.0
2018-12-28,sz.300189,2.49,2.5,2.43,2.47,3715250.0,9176544.0
2019-01-02,sz.300189,2.46,2.53,2.46,2.49,4375109.0,10911447.82
2019-01-03,sz.300189,2.5,2.56,2.49,2.52,3721027.0,9402087.5
2019-01-04,sz.300189,2.5,2.59,2.47,2.58,3232162.0,8256430.89
2019-01-07,sz.300189,2.59,2.68,2.54,2.66,6874474.0,17872448.94
2019-01-08,sz.300189,2.64,2.71,2.61,2.66,8599077.0,22895902.62
2019-01-09,sz.300189,2.65,2.69,2.61,2.63,7857300.0,20855865.0
2019-01-10,sz.300189,2.64,2.64,2.61,2.62,3359000.0,8818049.0
2019-01-11,sz.300189,2.62,2.64,2.61,2.64,3125998.0,8222731.76
2019-01-14,sz.300189,2.64,2.66,2.62,2.63,2404100.0,6323733.0
2019-01-15,sz.300189,2.63,2.66,2.61,2.65,3194312.0,8438413.55
2019-01-16,sz.300189,2.65,2.66,2.63,2.65,2215305.0,5861499.2
2019-01-17,sz.300189,2.63,2.65,2.59,2.59,3437051.0,8981593.36
2019-01-18,sz.300189,2.59,2.62,2.57,2.61,3066893.0,7970528.8
2019-01-21,sz.300189,2.62,2.64,2.61,2.62,3277300.0,8604599.0
2019-01-22,sz.300189,2.62,2.69,2.6,2.69,8168700.0,21667110.0
2019-01-23,sz.300189,2.67,2.95,2.62,2.77,17338808.0,47801547.96
2019-01-24,sz.300189,2.73,2.82,2.68,2.73,12711338.0,34726856.25
2019-01-25,sz.300189,2.69,2.7,2.6,2.6,9586408.0,25294929.96
2019-01-28,sz.300189,2.63,2.63,2.53,2.53,4986800.0,12835933.0
2019-01-29,sz.300189,2.53,2.56,2.41,2.47,4238427.0,10470244.02
2019-01-30,sz.300189,2.45,2.5,2.45,2.46,2014998.0,4983097.18
2019-01-31,sz.300189,2.46,2.5,2.42,2.44,2681404.0,6601848.76
2019-02-01,sz.300189,2.44,2.53,2.44,2.51,2042239.0,5092505.93
2019-02-11,sz.300189,2.5,2.58,2.48,2.57,5418472.0,13824156.16
2019-02-12,sz.300189,2.59,2.61,2.57,2.6,4671074.0,12089534.66
2019-02-13,sz.300189,2.6,2.67,2.58,2.63,7144967.0,18747191.73
2019-02-14,sz.300189,2.62,2.66,2.62,2.64,5530750.0,14619031.98
2019-02-15,sz.300189,2.64,2.75,2.62,2.68,10441712.0,28063191.78
2019-02-18,sz.300189,2.68,2.79,2.68,2.79,10321700.0,28429357.5
2019-02-19,sz.300189,2.8,2.83,2.7,2.76,10567066.0,29219512.38
2019-02-20,sz.300189,2.95,3.04,2.95,3.04,37241482.0,112988679.74
2019-02-21,sz.300189,3.1,3.3,3.05,3.14,66586890.0,211891559.8
2019-02-22,sz.300189,3.02,3.09,2.97,3.09,30507354.0,92676458.33
2019-02-25,sz.300189,3.04,3.23,3.02,3.19,40212161.0,125572963.03
2019-02-26,sz.300189,3.14,3.26,3.1,3.16,32940795.0,104749798.84
2019-02-27,sz.300189,3.15,3.16,3.07,3.09,19575165.0,61112020.07
2019-02-28,sz.300189,3.07,3.14,3.06,3.09,10094768.0,31284676.84
2019-03-01,sz.300189,3.07,3.15,3.05,3.14,17416468.0,54138095.19
2019-03-04,sz.300189,3.18,3.2,3.12,3.16,20800354.0,65748473.26
2019-03-05,sz.300189,3.14,3.48,3.12,3.48,36307520.0,119465324.73
2019-03-06,sz.300189,3.71,3.73,3.48,3.55,47672029.0,170164010.45
2019-03-07,sz.300189,3.58,3.86,3.42,3.74,36552453.0,136060607.4
2019-03-08,sz.300189,3.75,4.05,3.63,3.75,41003169.0,157721415.06
2019-03-11,sz.300189,3.77,3.9,3.72,3.86,24141348.0,91799825.97
2019-03-12,sz.300189,3.9,3.96,3.81,3.88,25790144.0,99700152.88
2019-03-13,sz.300189,3.89,4.03,3.8,3.84,24406960.0,95881709.48
2019-03-14,sz.300189,3.84,3.87,3.56,3.59,22973650.0,84161915.52
2019-03-15,sz.300189,3.68,3.74,3.63,3.7,11450629.0,42261134.15
2019-03-18,sz.300189,3.74,3.76,3.67,3.73,9376375.0,34801384.9
2019-03-19,sz.300189,3.79,3.8,3.63,3.68,11692640.0,43287742.8
2019-03-20,sz.300189,3.72,3.72,3.6,3.66,9052140.0,33087461.4
2019-03-21,sz.300189,3.69,3.7,3.64,3.68,10007802.0,36765242.51
2019-03-22,sz.300189,3.7,3.8,3.69,3.75,12395643.0,46341133.98
2019-03-25,sz.300189,3.75,4.13,3.68,3.99,34965225.0,139939412.42
2019-03-26,sz.300189,4.0,4.24,3.78,4.2,53773762.0,219265917.55
2019-03-27,sz.300189,4.2,4.62,4.01,4.62,64695574.0,290337455.24
2019-03-28,sz.300189,4.6,4.98,4.4,4.75,55982861.0,262764852.19
2019-03-29,sz.300189,4.53,4.82,4.53,4.59,35483973.0,166725251.69
2019-04-01,sz.300189,4.56,4.76,4.56,4.61,29667780.0,137978804.4
2019-04-02,sz.300189,4.64,4.65,4.44,4.44,25508917.0,114550762.68
2019-04-03,sz.300189,4.48,4.52,4.28,4.4,19865067.0,86867028.89
2019-04-04,sz.300189,4.47,4.5,4.39,4.43,15222450.0,67647418.5
2019-04-08,sz.300189,4.44,4.5,4.11,4.22,30058993.0,128438338.91
2019-04-09,sz.300189,4.2,4.28,4.15,4.26,11292165.0,47766168.9
2019-04-10,sz.300189,4.21,4.25,4.16,4.2,10744935.0,45068135.6
2019-04-11,sz.300189,4.21,4.21,4.03,4.06,12187770.0,50435596.1
2019-04-12,sz.300189,4.07,4.18,4.02,4.05,11840375.0,48457091.94
2019-04-15,sz.300189,4.09,4.14,3.95,3.96,13182743.0,53727345.65
2019-04-16,sz.300189,3.99,4.06,3.88,4.04,12108776.0,48285470.15
2019-04-17,sz.300189,4.07,4.09,4.02,4.06,13504373.0,54738493.11
2019-04-18,sz.300189,4.07,4.47,4.07,4.47,39723948.0,171027512.85
2019-04-19,sz.300189,4.47,4.67,4.36,4.41,35338137.0,159101703.39
2019-04-22,sz.300189,4.38,4.42,4.18,4.19,22548918.0,96709757.66
2019-04-23,sz.300189,4.19,4.24,4.01,4.04,14170861.0,58159169.5
2019-04-24,sz.300189,4.08,4.2,4.06,4.17,11088106.0,45968531.46
2019-04-25,sz.300189,4.15,4.2,4.0,4.02,11736765.0,48014646.94
2019-04-26,sz.300189,3.91,4.08,3.88,3.99,11261502.0,44728849.89
2019-04-29,sz.300189,3.98,4.03,3.76,3.77,11423325.0,44244280.0
2019-04-30,sz.300189,3.67,3.95,3.66,3.89,7151652.0,27671694.28
2019-05-06,sz.300189,3.95,4.28,3.84,3.87,23320141.0,94174466.83
2019-05-07,sz.300189,3.72,4.05,3.72,4.0,18894367.0,73519877.2
2019-05-08,sz.300189,3.91,4.11,3.82,3.98,15104666.0,60691192.98
2019-05-09,sz.300189,3.96,4.11,3.83,4.04,12438700.0,49074363.0
2019-05-10,sz.300189,3.97,4.12,3.96,4.09,19950890.0,81149973.61
2019-05-13,sz.300189,4.11,4.45,4.07,4.31,29929991.0,127300384.93
2019-05-14,sz.300189,4.25,4.28,4.11,4.14,15439576.0,64737792.7
2019-05-15,sz.300189,4.15,4.27,4.12,4.19,15526389.0,65141909.82
2019-05-16,sz.300189,4.17,4.34,4.13,4.24,14796600.0,62979572.5
2019-05-17,sz.300189,4.19,4.57,4.17,4.38,35956443.0,157538525.57
2019-05-20,sz.300189,4.26,4.33,3.94,3.95,28373711.0,113858258.94
2019-05-21,sz.300189,3.85,4.01,3.78,3.96,10722040.0,41995976.1
2019-05-22,sz.300189,3.94,4.29,3.87,4.13,20539588.0,83191284.54
2019-05-23,sz.300189,4.04,4.09,3.87,3.88,14256650.0,56285249.5
2019-05-24,sz.300189,3.87,4.04,3.85,3.89,5654550.0,22156375.5
2019-05-27,sz.300189,3.92,3.97,3.84,3.95,6248978.0,24429169.38
2019-05-28,sz.300189,3.85,4.06,3.85,3.89,15363440.0,60496155.2
2019-05-29,sz.300189,3.85,3.98,3.8,3.89,17670450.0,68432801.5
2019-05-30,sz.300189,3.86,4.12,3.85,4.07,31419030.0,126449579.84
2019-05-31,sz.300189,4.02,4.05,3.81,3.91,19051000.0,74320766.5
2019-06-03,sz.300189,3.89,4.04,3.86,3.95,17705401.0,70324005.45
2019-06-04,sz.300189,3.86,3.89,3.72,3.72,16941651.0,64189439.86
2019-06-05,sz.300189,3.75,3.95,3.73,3.86,15714321.0,60560783.67
2019-06-06,sz.300189,3.86,3.91,3.7,3.72,12335918.0,46601139.12
2019-06-10,sz.300189,3.73,3.79,3.7,3.75,6181200.0,23146413.0
2019-06-11,sz.300189,3.74,3.97,3.72,3.96,15585800.0,60146909.0
2019-06-12,sz.300189,3.95,4.36,3.94,4.36,63415164.0,275040856.04
2019-06-13,sz.300189,4.8,4.8,4.58,4.8,83321629.0,399057031.34
2019-06-14,sz.300189,5.04,5.28,5.04,5.28,149169240.0,781730271.46
2019-06-17,sz.300189,5.63,5.81,4.75,4.92,216446322.0,1152586146.72
2019-06-18,sz.300189,4.7,5.17,4.57,4.62,155100176.0,752395662.74
2019-06-19,sz.300189,4.62,4.73,4.41,4.54,130349491.0,595982065.85
2019-06-20,sz.300189,4.45,4.51,4.2,4.33,107496909.0,463176061.25
2019-06-21,sz.300189,4.36,4.52,4.26,4.4,95550387.0,419329921.27
2019-06-24,sz.300189,4.38,4.62,4.3,4.56,104454622.0,467327998.75
2019-06-25,sz.300189,4.47,4.48,4.2,4.23,80081847.0,347372015.5
2019-06-26,sz.300189,4.24,4.25,4.02,4.04,56855652.0,233439004.76
2019-06-27,sz.300189,3.89,4.02,3.89,3.99,48776665.0,193298974.29
2019-06-28,sz.300189,3.96,3.99,3.8,3.86,38286436.0,148631016.49
2019-07-01,sz.300189,3.86,3.93,3.86,3.91,30431674.0,118527640.54
2019-07-02,sz.300189,3.9,3.98,3.87,3.93,25527676.0,100582977.57
2019-07-03,sz.300189,3.94,3.95,3.85,3.88,16055550.0,62500653.5
2019-07-04,sz.300189,3.87,3.91,3.78,3.79,16914400.0,64842222.0
2019-07-05,sz.300189,3.82,3.86,3.79,3.84,11739900.0,44929136.0
2019-07-08,sz.300189,3.86,3.87,3.71,3.8,20103701.0,75807570.29
2019-07-09,sz.300189,3.78,3.86,3.75,3.83,13807330.0,52645369.16
2019-07-10,sz.300189,3.8,3.83,3.73,3.73,11250700.0,42464541.0
2019-07-11,sz.300189,3.74,3.78,3.69,3.71,9587400.0,35759555.6
2019-07-12,sz.300189,3.64,3.66,3.46,3.53,24152200.0,85456133.26
2019-07-15,sz.300189,3.53,3.61,3.51,3.58,12074400.0,43027038.42
2019-07-16,sz.300189,3.61,3.63,3.57,3.58,10267278.0,36851380.54
2019-07-17,sz.300189,3.59,3.74,3.59,3.68,19248330.0,70713872.6
2019-07-18,sz.300189,3.68,3.94,3.66,3.81,30523955.0,117238603.4
2019-07-19,sz.300189,3.76,3.83,3.68,3.7,19721730.0,73963652.7
2019-07-22,sz.300189,3.68,3.68,3.46,3.54,15139900.0,53854083.0
2019-07-23,sz.300189,3.5,3.59,3.5,3.55,7413900.0,26212648.0
2019-07-24,sz.300189,3.58,3.59,3.53,3.56,9537000.0,33932353.0
2019-07-25,sz.300189,3.52,3.57,3.51,3.56,10307171.0,36489268.83
2019-07-26,sz.300189,3.53,3.59,3.52,3.58,7964355.0,28407795.7
2019-07-29,sz.300189,3.58,3.61,3.55,3.58,7663450.0,27415608.0
2019-07-30,sz.300189,3.56,3.61,3.55,3.56,7478400.0,26729776.0
2019-07-31,sz.300189,3.55,3.58,3.52,3.55,4895100.0,17387074.98
2019-08-01,sz.300189,3.5,3.55,3.48,3.5,7023900.0,24652911.0
2019-08-02,sz.300189,3.67,3.77,3.58,3.6,21197874.0,77230625.91
2019-08-05,sz.300189,3.58,3.78,3.55,3.7,20525750.0,75321556.7
2019-08-06,sz.300189,3.64,3.91,3.61,3.66,30212500.0,113532976.0
2019-08-07,sz.300189,3.59,3.7,3.5,3.65,23490250.0,84220476.0
2019-08-08,sz.300189,3.58,3.62,3.51,3.52,11781850.0,41842253.0
2019-08-09,sz.300189,3.55,3.57,3.5,3.5,7351090.0,25920033.8
2019-08-12,sz.300189,3.5,3.5,3.41,3.49,7830740.0,27094064.0
2019-08-13,sz.300189,3.49,3.53,3.45,3.45,5123288.0,17796639.62
2019-08-14,sz.300189,3.46,3.47,3.41,3.41,6575700.0,22616777.25
2019-08-15,sz.300189,3.37,3.37,3.3,3.36,8361953.0,27827250.1
2019-08-16,sz.300189,3.37,3.39,3.34,3.35,5243202.0,17621958.7
2019-08-19,sz.300189,3.34,3.41,3.33,3.41,7429559.0,25071943.28
2019-08-20,sz.300189,3.41,3.74,3.37,3.7,20473815.0,72721147.0
2019-08-21,sz.300189,3.61,3.65,3.55,3.57,15215800.0,54615429.83
2019-08-22,sz.300189,3.57,3.58,3.51,3.51,7290000.0,25771980.1
2019-08-23,sz.300189,3.48,3.6,3.48,3.53,8891558.0,31617741.46
2019-08-26,sz.300189,3.6,3.67,3.54,3.55,10752257.0,38569291.49
2019-08-27,sz.300189,3.5,3.59,3.48,3.57,10326745.0,36611368.67
2019-08-28,sz.300189,3.55,3.67,3.55,3.64,13392781.0,48274284.62
2019-08-29,sz.300189,3.65,3.66,3.52,3.52,10380956.0,37036355.62
2019-08-30,sz.300189,3.52,3.54,3.41,3.42,9811002.0,33949927.79
2019-09-02,sz.300189,3.37,3.47,3.37,3.45,5543850.0,19015588.7
2019-09-03,sz.300189,3.46,3.5,3.43,3.45,5257027.0,18182294.48
2019-09-04,sz.300189,3.45,3.47,3.43,3.46,4375655.0,15112694.75
2019-09-05,sz.300189,3.47,3.52,3.46,3.52,9598130.0,33535460.58
2019-09-06,sz.300189,3.52,3.52,3.46,3.47,6120887.0,21300871.89
2019-09-09,sz.300189,3.48,3.51,3.47,3.5,7973093.0,27823806.64
2019-09-10,sz.300189,3.52,3.67,3.51,3.6,20700427.0,74676379.87
2019-09-11,sz.300189,3.55,3.61,3.55,3.55,10164992.0,36246621.6
2019-09-12,sz.300189,3.58,3.59,3.54,3.57,5769455.0,20573584.35
2019-09-16,sz.300189,3.56,3.58,3.54,3.58,5997065.0,21387959.05
2019-09-17,sz.300189,3.58,3.6,3.42,3.46,10343101.0,36128259.46
2019-09-18,sz.300189,3.48,3.48,3.42,3.43,3834700.0,13190776.0
2019-09-19,sz.300189,3.43,3.47,3.41,3.45,4334960.0,14880953.2
2019-09-20,sz.300189,3.45,3.5,3.44,3.46,4117791.0,14296684.67
2019-09-23,sz.300189,3.45,3.53,3.41,3.41,8397094.0,29092322.17
2019-09-24,sz.300189,3.41,3.44,3.38,3.4,5037317.0,17154962.46
2019-09-25,sz.300189,3.39,3.41,3.34,3.35,4710850.0,15841767.0
2019-09-26,sz.300189,3.39,3.39,3.3,3.3,5272250.0,17635759.0
2019-09-27,sz.300189,3.31,3.34,3.3,3.31,3283928.0,10898760.68
2019-09-30,sz.300189,3.3,3.36,3.3,3.33,3318300.0,11072758.5
2019-10-08,sz.300189,3.31,3.36,3.31,3.36,2627550.0,8779711.0
2019-10-09,sz.300189,3.33,3.35,3.3,3.34,2926200.0,9743758.0
2019-10-10,sz.300189,3.35,3.36,3.32,3.35,3026109.0,10115098.37
2019-10-11,sz.300189,3.36,3.36,3.32,3.33,3767240.0,12577279.2
2019-10-14,sz.300189,3.35,3.42,3.35,3.4,8279800.0,28056643.0
2019-10-15,sz.300189,3.41,3.42,3.38,3.4,3941400.0,13379345.0
2019-10-16,sz.300189,3.37,3.41,3.35,3.35,3766400.0,12687541.0
2019-10-17,sz.300189,3.35,3.38,3.33,3.34,1916200.0,6427132.0
2019-10-18,sz.300189,3.35,3.41,3.34,3.35,5193335.0,17538837.25
2019-10-21,sz.300189,3.44,3.44,3.37,3.4,3749835.0,12714731.3
2019-10-22,sz.300189,3.4,3.4,3.35,3.38,3408200.0,11497092.0
2019-10-23,sz.300189,3.38,3.42,3.36,3.36,3566450.0,12076663.0
2019-10-24,sz.300189,3.37,3.38,3.32,3.35,2334000.0,7789633.0
2019-10-25,sz.300189,3.34,3.41,3.34,3.41,5526000.0,18732803.65
2019-10-28,sz.300189,3.4,3.46,3.38,3.45,5402985.0,18595239.05
2019-10-29,sz.300189,3.45,3.53,3.44,3.45,6797230.0,23607033.4
2019-10-30,sz.300189,3.42,3.51,3.42,3.5,7909545.0,27561470.85
2019-10-31,sz.300189,3.48,3.53,3.47,3.49,5511553.0,19284045.69
2019-11-01,sz.300189,3.47,3.51,3.45,3.5,3818195.0,13281148.55
2019-11-04,sz.300189,3.5,3.57,3.5,3.56,6455205.0,22852245.82
2019-11-05,sz.300189,3.54,3.63,3.54,3.62,7800998.0,28055411.78
2019-11-06,sz.300189,3.65,3.66,3.55,3.55,6598593.0,23701132.15
2019-11-07,sz.300189,3.63,3.8,3.62,3.71,14096710.0,52247701.7
2019-11-08,sz.300189,3.8,3.8,3.68,3.7,10280869.0,38262304.37
2019-11-11,sz.300189,3.74,3.99,3.71,3.84,25333821.0,98357478.41
2019-11-12,sz.300189,3.84,3.96,3.72,3.89,15552628.0,59880550.22
2019-11-13,sz.300189,3.9,3.9,3.8,3.84,8349605.0,32135986.8
2019-11-14,sz.300189,3.86,3.86,3.73,3.77,9625328.0,36352782.08
2019-11-15,sz.300189,3.8,3.8,3.72,3.74,5591172.0,20994857.45
2019-11-18,sz.300189,3.72,3.95,3.71,3.95,13187108.0,51140616.26
2019-11-19,sz.300189,3.95,4.11,3.9,4.1,14064716.0,57025054.08
2019-11-20,sz.300189,4.07,4.25,3.96,4.03,18558600.0,76012081.45
2019-11-21,sz.300189,4.03,4.12,3.97,4.0,13881247.0,55657766.69
2019-11-22,sz.300189,3.98,4.08,3.91,3.98,10748610.0,42888297.35
2019-11-25,sz.300189,4.02,4.03,3.88,3.89,6250800.0,24590526.17
2019-11-26,sz.300189,3.89,3.99,3.81,3.95,6188536.0,24338122.48
2019-11-27,sz.300189,3.97,4.12,3.91,4.06,12055005.0,48859452.18
2019-11-28,sz.300189,4.03,4.26,4.03,4.16,20179286.0,84348482.05
2019-11-29,sz.300189,4.18,4.18,3.97,3.98,12666653.0,51174857.49
2019-12-02,sz.300189,4.0,4.03,3.94,3.96,6898805.0,27438146.8
2019-12-03,sz.300189,3.97,4.08,3.91,4.08,7312804.0,29310863.57
2019-12-04,sz.300189,4.08,4.11,4.01,4.06,5859000.0,23734364.0
2019-12-05,sz.300189,4.06,4.06,3.95,4.01,7261170.0,29099351.3
2019-12-06,sz.300189,4.01,4.03,3.94,3.95,6141300.0,24360586.5
2019-12-09,sz.300189,3.92,3.96,3.82,3.86,9859860.0,38305352.8
2019-12-10,sz.300189,3.86,3.86,3.73,3.81,8365726.0,31649703.48
2019-12-11,sz.300189,3.81,3.85,3.76,3.77,4061200.0,15340031.0
2019-12-12,sz.300189,3.77,3.8,3.75,3.76,4328280.0,16357663.8
2019-12-13,sz.300189,3.76,3.92,3.76,3.89,8250424.0,31800044.42
2019-12-16,sz.300189,3.85,3.92,3.83,3.88,5715990.0,22117538.3
2019-12-17,sz.300189,3.89,3.89,3.81,3.86,6967402.0,26756781.12
2019-12-18,sz.300189,3.81,3.89,3.81,3.84,6694050.0,25728501.02
2019-12-19,sz.300189,3.8,3.85,3.78,3.78,6239550.0,23699402.0
2019-12-20,sz.300189,3.79,3.82,3.74,3.75,5625480.0,21253143.0
2019-12-23,sz.300189,3.75,3.77,3.6,3.6,9306400.0,34053827.0
2019-12-24,sz.300189,3.61,3.66,3.59,3.65,5310595.0,19255157.1
2019-12-25,sz.300189,3.66,3.67,3.58,3.58,5043950.0,18157911.5
2019-12-26,sz.300189,3.56,3.59,3.52,3.54,4774100.0,16920634.0
2019-12-27,sz.300189,3.54,3.58,3.53,3.54,4713300.0,16738054.0
2019-12-30,sz.300189,3.53,3.64,3.4,3.61,8737406.0,30600664.6
2019-12-31,sz.300189,3.7,3.8,3.61,3.61,10614136.0,39141947.46
2020-01-02,sz.300189,3.57,3.72,3.53,3.68,13010580.0,47202405.66
2020-01-03,sz.300189,3.7,4.05,3.7,4.05,44757301.0,180087550.09
2020-01-06,sz.300189,4.1,4.38,4.06,4.31,91047650.0,384789148.72
2020-01-07,sz.300189,4.11,4.2,3.95,4.06,61046409.0,247222405.62
2020-01-08,sz.300189,3.97,4.07,3.82,3.85,37387280.0,146415069.5
2020-01-09,sz.300189,3.85,3.91,3.82,3.89,19673450.0,76000459.0
2020-01-10,sz.300189,3.89,3.89,3.77,3.79,15389600.0,58677703.0
2020-01-13,sz.300189,3.75,3.81,3.64,3.74,13628866.0,50752596.18
2020-01-14,sz.300189,3.77,3.92,3.7,3.84,20535152.0,77969332.16
2020-01-15,sz.300189,3.79,3.83,3.7,3.73,11277200.0,42243062.0
2020-01-16,sz.300189,3.74,3.8,3.7,3.73,8253199.0,30931962.28
2020-01-17,sz.300189,3.71,3.73,3.65,3.65,9808008.0,36034981.44
2020-01-20,sz.300189,3.65,3.74,3.6,3.71,8297385.0,30474315.35
2020-01-21,sz.300189,3.72,3.72,3.62,3.63,6980560.0,25602862.8
2020-01-22,sz.300189,3.6,3.6,3.43,3.55,11470613.0,40414102.28
2020-01-23,sz.300189,3.52,3.58,3.43,3.46,9329317.0,32584204.56
2020-02-03,sz.300189,3.11,3.11,3.11,3.11,2320200.0,7215822.0
2020-02-04,sz.300189,2.8,2.95,2.8,2.94,16442751.0,47499428.59
2020-02-05,sz.300189,2.91,3.14,2.91,3.04,13226376.0,40390627.0
2020-02-06,sz.300189,3.12,3.26,3.07,3.23,15715513.0,50267903.09
2020-02-07,sz.300189,3.22,3.23,3.1,3.14,11819787.0,37232898.34
2020-02-10,sz.300189,3.15,3.45,3.14,3.45,16371133.0,54876620.89
2020-02-11,sz.300189,3.59,3.7,3.27,3.3,25175075.0,85405192.93
2020-02-12,sz.300189,3.2,3.45,3.15,3.37,20292815.0,68552316.5
2020-02-13,sz.300189,3.32,3.47,3.32,3.35,18582515.0,62880136.15
2020-02-14,sz.300189,3.36,3.39,3.25,3.35,13770840.0,45730663.3
2020-02-17,sz.300189,3.4,3.65,3.4,3.57,28970885.0,102233136.28
2020-02-18,sz.300189,3.47,3.52,3.45,3.5,21256100.0,74049809.0
2020-02-19,sz.300189,3.51,3.54,3.41,3.42,14405722.0,49900769.84
2020-02-20,sz.300189,3.45,3.46,3.37,3.44,10291504.0,35095913.56
2020-02-21,sz.300189,3.43,3.46,3.39,3.42,10482926.0,35893403.64
2020-02-24,sz.300189,3.41,3.53,3.39,3.48,16231600.0,56086377.0
2020-02-25,sz.300189,3.4,3.4,3.27,3.36,15954825.0,53453344.92
2020-02-26,sz.300189,3.42,3.48,3.37,3.39,17560127.0,60369026.14
2020-02-27,sz.300189,3.34,3.43,3.33,3.35,10256800.0,34498109.0
2020-02-28,sz.300189,3.25,3.3,3.16,3.16,13000400.0,42007270.0
2020-03-02,sz.300189,3.2,3.26,3.2,3.26,7310611.0,23669624.72
2020-03-03,sz.300189,3.29,3.37,3.26,3.31,10830804.0,35862227.72
2020-03-04,sz.300189,3.27,3.32,3.24,3.32,6622922.0,21813652.78
2020-03-05,sz.300189,3.35,3.45,3.31,3.41,15657313.0,53105943.02
2020-03-06,sz.300189,3.36,3.43,3.33,3.41,11572632.0,39218681.4
2020-03-09,sz.300189,3.39,3.43,3.32,3.34,13632078.0,45963818.58
2020-03-10,sz.300189,3.28,3.38,3.18,3.37,13200468.0,43162977.29
2020-03-11,sz.300189,3.37,3.71,3.33,3.71,43631556.0,157546707.35
2020-03-12,sz.300189,3.6,3.6,3.43,3.49,43790346.0,153738996.73
2020-03-13,sz.300189,3.32,3.84,3.28,3.84,61152086.0,223914171.17
2020-03-16,sz.300189,3.96,4.09,3.74,3.77,90220832.0,352844442.82
2020-03-17,sz.300189,3.69,3.86,3.53,3.66,37548434.0,137529069.63
2020-03-18,sz.300189,3.7,3.82,3.57,3.59,32969025.0,122177334.09
2020-03-19,sz.300189,3.52,3.56,3.31,3.45,26436214.0,91094899.96
2020-03-20,sz.300189,3.44,3.8,3.41,3.8,66708469.0,249909559.96
2020-03-23,sz.300189,3.65,4.08,3.65,3.89,93385172.0,361029890.21
2020-03-24,sz.300189,3.98,4.02,3.76,3.87,55808259.0,214762729.89
2020-03-25,sz.300189,3.89,4.08,3.78,4.08,63721590.0,251035683.58
2020-03-26,sz.300189,3.98,4.37,3.91,4.21,84621894.0,356190237.26
2020-03-27,sz.300189,4.15,4.23,3.88,3.94,52672781.0,213655021.56
2020-03-30,sz.300189,3.89,4.21,3.89,4.05,52219122.0,213002797.82
2020-03-31,sz.300189,3.94,4.34,3.91,4.3,73011810.0,305512069.36
2020-04-01,sz.300189,4.2,4.29,4.04,4.08,47992265.0,198775136.46
2020-04-02,sz.300189,4.03,4.04,3.79,3.92,36453232.0,142110604.36
2020-04-03,sz.300189,3.92,4.07,3.92,3.97,31181639.0,125026699.64
2020-04-07,sz.300189,3.94,4.25,3.88,4.2,50513985.0,207855321.5
2020-04-08,sz.300189,4.16,4.23,4.0,4.02,40569503.0,165626971.67
2020-04-09,sz.300189,4.06,4.2,3.91,4.06,36454722.0,147780733.05
2020-04-10,sz.300189,4.0,4.09,3.81,3.87,35332456.0,138561721.15
2020-04-13,sz.300189,3.84,3.84,3.65,3.66,23336050.0,86408896.5
2020-04-14,sz.300189,3.7,3.73,3.58,3.7,15194621.0,56058529.49
2020-04-15,sz.300189,3.69,3.85,3.64,3.74,20808500.0,78214196.0
2020-04-16,sz.300189,3.69,3.79,3.65,3.7,15470675.0,57447659.0
2020-04-17,sz.300189,3.67,3.85,3.65,3.77,22075695.0,82148919.62
2020-04-20,sz.300189,3.82,3.92,3.77,3.78,22776150.0,87623406.0
2020-04-21,sz.300189,3.71,3.81,3.65,3.73,15943800.0,59143528.0
2020-04-22,sz.300189,3.7,3.98,3.66,3.94,41026227.0,158221184.04
2020-04-23,sz.300189,3.94,4.33,3.89,4.33,116091926.0,492030577.24
2020-04-24,sz.300189,4.44,4.49,3.95,4.04,98474646.0,409634250.97
2020-04-27,sz.300189,4.06,4.14,3.85,3.85,62512818.0,248516671.18
2020-04-28,sz.300189,3.74,3.92,3.65,3.82,54099791.0,203591741.05
2020-04-29,sz.300189,3.76,3.82,3.69,3.69,24600700.0,91993493.5
2020-04-30,sz.300189,3.69,3.76,3.69,3.73,15971727.0,59438392.11
2020-05-06,sz.300189,3.71,3.89,3.69,3.82,23438246.0,89565534.5
2020-05-07,sz.300189,3.78,4.07,3.78,3.92,35126123.0,138441720.58
2020-05-08,sz.300189,3.88,4.0,3.86,3.91,24825241.0,97101550.34
2020-05-11,sz.300189,3.91,4.05,3.89,4.04,35698536.0,142342817.56
2020-05-12,sz.300189,3.98,4.02,3.89,3.98,26262056.0,103612365.02
2020-05-13,sz.300189,3.98,4.1,3.93,4.04,33901832.0,136443552.94
2020-05-14,sz.300189,3.99,4.0,3.88,3.89,21522873.0,84522735.24
2020-05-15,sz.300189,3.86,3.98,3.86,3.92,19045108.0,74888362.46
2020-05-18,sz.300189,3.89,4.31,3.89,4.13,55361898.0,227923804.64
2020-05-19,sz.300189,4.16,4.16,3.98,4.13,43546306.0,177390877.34
2020-05-20,sz.300189,4.14,4.25,4.03,4.05,37038986.0,152767969.76
2020-05-21,sz.300189,4.07,4.07,3.84,3.86,33458886.0,131628783.24
2020-05-22,sz.300189,3.81,4.18,3.77,4.03,45929421.0,184170143.38
2020-05-25,sz.300189,4.0,4.0,3.86,3.96,25100150.0,98835258.0
2020-05-26,sz.300189,3.95,4.23,3.91,4.14,53300223.0,218579205.18
2020-05-27,sz.300189,4.1,4.39,4.08,4.2,60582172.0,253886114.98
2020-05-28,sz.300189,4.21,4.35,4.02,4.25,63362219.0,265427877.04
2020-05-29,sz.300189,4.21,4.68,4.13,4.68,131700568.0,600691200.38
2020-06-01,sz.300189,4.51,4.75,4.4,4.68,136926666.0,623826858.54
2020-06-02,sz.300189,4.8,5.15,4.56,4.85,156362889.0,761668985.02
2020-06-03,sz.300189,4.66,4.71,4.5,4.52,91447057.0,418855356.31
2020-06-04,sz.300189,4.43,4.63,4.43,4.47,49088800.0,221600709.55
2020-06-05,sz.300189,4.47,4.47,4.25,4.27,47277532.0,204707661.08
2020-06-08,sz.300189,4.27,4.42,4.27,4.32,36394731.0,158215123.85
2020-06-09,sz.300189,4.3,4.33,4.16,4.22,29826352.0,126009528.36
2020-06-10,sz.300189,4.2,4.39,4.17,4.26,26652342.0,114266335.98
2020-06-11,sz.300189,4.23,4.39,4.18,4.38,35137696.0,151158642.81
2020-06-12,sz.300189,4.23,4.34,4.21,4.25,28362368.0,121455329.94
2020-06-15,sz.300189,4.24,4.4,4.22,4.26,26553905.0,114351080.3
2020-06-16,sz.300189,4.24,4.27,4.1,4.15,34990377.0,145442360.58
2020-06-17,sz.300189,4.13,4.22,4.07,4.16,30366414.0,125861510.76
2020-06-18,sz.300189,4.11,4.16,4.09,4.11,19863969.0,81704667.51
2020-06-19,sz.300189,4.13,4.14,4.09,4.11,15511900.0,63738758.0
2020-06-22,sz.300189,4.1,4.25,4.06,4.2,34073420.0,142016613.42
2020-06-23,sz.300189,4.15,4.22,4.09,4.11,24692501.0,102340736.19
2020-06-24,sz.300189,4.1,4.14,3.98,3.98,24661660.0,99661524.8
2020-06-29,sz.300189,3.97,4.05,3.96,3.97,12605062.0,50488660.14
2020-06-30,sz.300189,3.96,4.03,3.96,3.98,11095187.0,44247547.39
2020-07-01,sz.300189,3.99,4.01,3.93,3.96,15072350.0,59652121.0
2020-07-02,sz.300189,3.96,3.98,3.9,3.96,17846512.0,70382129.2
2020-07-03,sz.300189,3.95,4.0,3.93,3.98,19674235.0,78206730.6
2020-07-06,sz.300189,3.97,4.14,3.96,4.11,32093415.0,130331207.55
2020-07-07,sz.300189,4.16,4.22,4.06,4.13,39183664.0,162825028.79
2020-07-08,sz.300189,4.13,4.19,4.09,4.18,37230923.0,154634549.56
2020-07-09,sz.300189,4.22,4.37,4.21,4.35,51158427.0,219686976.94
2020-07-10,sz.300189,4.33,4.33,4.21,4.23,39787334.0,169771699.75
2020-07-13,sz.300189,4.3,4.59,4.3,4.58,71262372.0,317369723.91
2020-07-14,sz.300189,4.51,4.58,4.36,4.52,59546482.0,265297070.98
2020-07-15,sz.300189,4.45,4.49,4.25,4.26,36946012.0,161197089.71
2020-07-16,sz.300189,4.29,4.31,3.98,4.03,30813167.0,128194673.38
2020-07-17,sz.300189,4.04,4.08,3.97,4.07,18392622.0,74378487.5
2020-07-20,sz.300189,4.11,4.17,4.06,4.16,18662980.0,76984046.83
2020-07-21,sz.300189,4.15,4.18,4.08,4.1,17321601.0,71420604.15
2020-07-22,sz.300189,4.12,4.23,4.1,4.22,25637494.0,106840915.83
2020-07-23,sz.300189,4.19,4.21,4.08,4.13,24005000.0,99260189.15
2020-07-24,sz.300189,4.13,4.21,3.99,4.0,29742158.0,122010971.44
2020-07-27,sz.300189,4.04,4.14,4.03,4.09,20920355.0,85548268.04
2020-07-28,sz.300189,4.09,4.13,4.05,4.12,19707751.0,80910055.52
2020-07-29,sz.300189,4.12,4.13,4.04,4.13,19204360.0,78490645.8
2020-07-30,sz.300189,4.14,4.34,4.11,4.34,56810755.0,242533991.66
2020-07-31,sz.300189,4.31,4.38,4.22,4.33,38322930.0,164263632.45
2020-08-03,sz.300189,4.32,4.43,4.3,4.38,40442759.0,176803113.12
2020-08-04,sz.300189,4.41,4.55,4.3,4.32,54388937.0,242100679.0
2020-08-05,sz.300189,4.28,4.58,4.21,4.56,71521058.0,318623616.38
2020-08-06,sz.300189,4.48,4.51,4.34,4.42,50201571.0,221662501.07
2020-08-07,sz.300189,4.45,4.86,4.38,4.63,102107769.0,475451521.23
2020-08-10,sz.300189,4.53,4.82,4.36,4.56,73586705.0,339930517.59
2020-08-11,sz.300189,4.53,4.86,4.44,4.69,78790608.0,367343564.93
2020-08-12,sz.300189,4.65,5.16,4.6,5.16,153376772.0,781616763.74
2020-08-13,sz.300189,5.37,5.68,4.89,5.68,108498036.0,586552303.12
2020-08-14,sz.300189,6.25,6.25,5.72,5.93,348544656.0,2145352269.27
2020-08-17,sz.300189,5.34,5.86,5.34,5.43,243211250.0,1335005584.31
2020-08-18,sz.300189,5.32,5.97,5.31,5.97,280927968.0,1628962958.42
2020-08-19,sz.300189,5.79,6.48,5.5,6.03,301862432.0,1821619784.62
2020-08-20,sz.300189,5.71,6.05,5.43,5.53,170409630.0,962045526.54
2020-08-21,sz.300189,5.38,5.48,5.1,5.19,117308971.0,616768679.51
2020-08-24,sz.300189,5.12,5.91,5.06,5.58,149569256.0,826458566.66
2020-08-25,sz.300189,5.47,6.06,5.44,5.78,162341606.0,942694544.0
2020-08-26,sz.300189,5.67,5.81,5.3,5.58,122985040.0,672475792.37
2020-08-27,sz.300189,5.5,6.12,5.32,6.0,181648947.0,1066612189.54
2020-08-28,sz.300189,5.97,7.18,5.86,6.8,241409507.0,1568593700.2
2020-08-31,sz.300189,6.5,7.18,6.39,7.11,222144252.0,1518223738.19
2020-09-01,sz.300189,6.9,7.45,6.72,7.16,232947977.0,1659388049.62
2020-09-02,sz.300189,7.57,8.35,7.18,7.26,250402623.0,1939486176.86
2020-09-03,sz.300189,6.92,7.16,6.42,6.68,189748057.0,1291063181.42
2020-09-04,sz.300189,6.55,7.33,6.55,7.25,177963322.0,1245339265.18
2020-09-07,sz.300189,7.12,7.87,7.01,7.64,210133937.0,1570356560.79
2020-09-08,sz.300189,7.35,8.17,7.26,7.78,205055179.0,1598325660.11
2020-09-09,sz.300189,7.63,8.28,7.11,7.18,233507099.0,1827739774.0
2020-09-10,sz.300189,6.79,7.65,5.93,6.87,220839440.0,1477708866.94
2020-09-11,sz.300189,6.58,7.1,6.47,6.81,131625776.0,894943832.41
2020-09-14,sz.300189,6.82,7.73,6.71,7.67,196718428.0,1434647525.73
2020-09-15,sz.300189,7.69,7.92,7.35,7.48,165745088.0,1249100296.09
2020-09-16,sz.300189,7.51,7.98,7.46,7.85,166536601.0,1281012509.36
2020-09-17,sz.300189,7.63,8.07,7.55,7.92,158214553.0,1234599953.69
2020-09-18,sz.300189,8.04,8.23,7.47,7.51,167608325.0,1301900581.96
2020-09-21,sz.300189,7.15,7.83,7.09,7.47,125911795.0,944337646.77
2020-09-22,sz.300189,7.23,7.65,7.15,7.34,100481178.0,741593133.15
2020-09-23,sz.300189,7.39,7.43,6.85,6.91,117773336.0,829814195.17
2020-09-24,sz.300189,6.91,7.3,6.8,6.82,110992690.0,785852126.67
2020-09-25,sz.300189,6.7,6.7,6.15,6.19,119260588.0,753665112.9
2020-09-28,sz.300189,6.25,6.28,5.87,5.87,76605985.0,458740709.04
2020-09-29,sz.300189,5.94,6.13,5.85,5.94,67130913.0,401543340.86
2020-09-30,sz.300189,5.98,6.09,5.84,5.92,63879441.0,379916089.67
2020-10-09,sz.300189,6.08,6.3,5.95,6.19,74099409.0,456923177.76
2020-10-12,sz.300189,6.2,6.78,6.18,6.6,104718332.0,677706899.33
2020-10-13,sz.300189,6.55,6.8,6.42,6.7,98655579.0,655769268.25
2020-10-14,sz.300189,6.68,6.96,6.57,6.63,107824358.0,727280935.32
2020-10-15,sz.300189,6.6,7.09,6.48,7.05,149552280.0,1020122903.52
2020-10-16,sz.300189,6.94,6.94,6.61,6.75,97343445.0,659678092.39
2020-10-19,sz.300189,6.92,7.17,6.73,6.75,105305888.0,732749242.32
2020-10-20,sz.300189,6.66,6.93,6.53,6.75,73785963.0,493754750.35
2020-10-21,sz.300189,6.7,6.9,6.65,6.65,69464973.0,469606036.71
2020-10-22,sz.300189,6.49,6.59,6.13,6.4,75051020.0,476477903.97
2020-10-23,sz.300189,6.45,6.51,6.18,6.21,54453634.0,344895011.98
2020-10-26,sz.300189,6.21,6.44,6.12,6.38,54322672.0,343888670.72
2020-10-27,sz.300189,6.38,6.72,6.27,6.55,83952826.0,546735332.51
2020-10-28,sz.300189,6.49,6.57,6.22,6.34,62856769.0,398988787.28
2020-10-29,sz.300189,6.0,6.26,5.91,6.1,63023786.0,385495572.73
2020-10-30,sz.300189,6.15,6.15,5.48,5.49,97180554.0,558470002.19
2020-11-02,sz.300189,5.38,5.55,5.34,5.43,47944420.0,261409657.79
2020-11-03,sz.300189,5.46,5.83,5.38,5.71,68219931.0,384422691.46
2020-11-04,sz.300189,5.7,5.88,5.51,5.75,73204823.0,417811526.93
2020-11-05,sz.300189,5.62,5.81,5.62,5.76,55807675.0,319885979.72
2020-11-06,sz.300189,5.73,5.75,5.52,5.54,42366100.0,237144237.23
2020-11-09,sz.300189,5.57,5.7,5.56,5.67,41912603.0,236426422.12
2020-11-10,sz.300189,5.64,5.75,5.41,5.45,67228488.0,374287084.36
2020-11-11,sz.300189,5.46,5.88,5.46,5.63,79528278.0,451963594.66
2020-11-12,sz.300189,5.49,5.62,5.3,5.4,51747354.0,281432133.13
2020-11-13,sz.300189,5.41,5.43,5.15,5.25,43714845.0,228501190.66
2020-11-16,sz.300189,5.23,5.29,5.12,5.2,37002742.0,192079956.93
2020-11-17,sz.300189,5.22,5.3,5.05,5.26,44031122.0,227647805.65
2020-11-18,sz.300189,5.22,5.34,5.2,5.25,38864027.0,204575454.26
2020-11-19,sz.300189,5.27,5.54,5.13,5.41,64031259.0,341279459.75
2020-11-20,sz.300189,5.35,5.55,5.31,5.44,49352074.0,268247137.28
2020-11-23,sz.300189,5.38,5.65,5.31,5.58,62838852.0,347895943.47
2020-11-24,sz.300189,5.51,5.65,5.41,5.46,50998215.0,280166673.8
2020-11-25,sz.300189,5.45,5.46,5.23,5.25,41441959.0,220502792.74
2020-11-26,sz.300189,5.29,5.35,5.17,5.22,25513299.0,133567722.63
2020-11-27,sz.300189,5.22,5.43,5.21,5.32,40940090.0,218087304.14
2020-11-30,sz.300189,5.3,5.62,5.3,5.46,71332107.0,393341371.7
2020-12-01,sz.300189,5.46,5.58,5.38,5.52,51214320.0,280725336.82
2020-12-02,sz.300189,5.51,5.57,5.41,5.52,50869834.0,279429823.57
2020-12-03,sz.300189,5.46,5.87,5.35,5.75,110897965.0,624647711.02
2020-12-04,sz.300189,5.68,5.77,5.58,5.6,61142007.0,345765094.49
2020-12-07,sz.300189,5.52,5.95,5.51,5.84,92216930.0,534504292.78
2020-12-08,sz.300189,5.8,5.87,5.69,5.73,58093502.0,334986761.03
2020-12-09,sz.300189,5.7,5.95,5.62,5.72,72043976.0,417248714.86
2020-12-10,sz.300189,5.66,6.6,5.6,6.1,162249490.0,994614506.93
2020-12-11,sz.300189,5.95,6.5,5.92,6.38,164247508.0,1024575519.44
2020-12-14,sz.300189,6.26,6.8,6.16,6.51,166918159.0,1071486371.08
2020-12-15,sz.300189,6.35,6.56,6.22,6.3,103364640.0,654778921.41
2020-12-16,sz.300189,6.2,6.4,6.13,6.19,80080292.0,501074658.86
2020-12-17,sz.300189,6.19,6.28,5.87,6.01,87192334.0,523921935.82
2020-12-18,sz.300189,6.04,6.34,5.93,6.23,101441622.0,623541990.65
2020-12-21,sz.300189,6.66,6.89,6.47,6.76,186454544.0,1257523133.0
2020-12-22,sz.300189,6.7,6.97,6.4,6.43,154727682.0,1029611331.04
2020-12-23,sz.300189,6.31,6.93,6.11,6.82,166270020.0,1086691349.19
2020-12-24,sz.300189,6.7,7.06,6.51,6.56,154227386.0,1049910601.17
2020-12-25,sz.300189,6.28,6.75,6.21,6.51,94577254.0,613807854.77
2020-12-28,sz.300189,6.51,6.88,6.41,6.85,126085049.0,851209205.85
2020-12-29,sz.300189,6.85,6.93,6.25,6.28,124922705.0,825733800.15
2020-12-30,sz.300189,6.4,6.54,6.1,6.25,77779072.0,491388179.13
2020-12-31,sz.300189,6.14,6.44,6.11,6.3,69860298.0,440306079.57
2021-01-04,sz.300189,6.36,6.69,6.32,6.55,100782062.0,654322817.34
2021-01-05,sz.300189,6.4,6.64,6.27,6.3,109009993.0,699682384.38
2021-01-06,sz.300189,6.23,6.48,6.1,6.29,96073183.0,605962186.05
2021-01-07,sz.300189,6.0,6.0,5.03,5.06,165776058.0,872129404.93
2021-01-08,sz.300189,5.03,5.03,4.55,4.84,79927022.0,386529514.1
2021-01-11,sz.300189,4.72,4.72,4.33,4.35,96898385.0,438120761.19
2021-01-12,sz.300189,4.4,4.59,4.36,4.46,62605412.0,279513010.71
2021-01-13,sz.300189,4.43,4.49,4.13,4.19,69026573.0,294955267.15
2021-01-14,sz.300189,4.2,4.2,3.98,4.03,50004290.0,202627590.1
2021-01-15,sz.300189,4.04,4.16,4.01,4.12,46889838.0,191806172.9
2021-01-18,sz.300189,4.13,4.5,4.11,4.39,71452781.0,310839047.65
2021-01-19,sz.300189,4.34,4.48,4.32,4.4,55628473.0,244690905.74
2021-01-20,sz.300189,4.41,4.57,4.4,4.48,50649365.0,227100302.59
2021-01-21,sz.300189,4.44,4.59,4.34,4.53,56833490.0,254299744.89
2021-01-22,sz.300189,4.45,4.53,4.34,4.37,45185847.0,199672956.07
2021-01-25,sz.300189,4.35,4.7,4.22,4.63,76475956.0,340443827.01
2021-01-26,sz.300189,4.5,4.62,4.4,4.41,60130745.0,270154122.72
2021-01-27,sz.300189,4.35,4.48,4.27,4.35,41031953.0,178937017.09
2021-01-28,sz.300189,4.31,4.49,4.28,4.31,41500760.0,182065751.04
2021-01-29,sz.300189,4.32,4.36,4.06,4.15,42441432.0,177640344.43
2021-02-01,sz.300189,3.93,4.19,3.7,4.13,55394347.0,219721544.47
2021-02-02,sz.300189,4.1,4.13,3.94,3.98,41782136.0,167520095.42
2021-02-03,sz.300189,4.0,4.07,3.84,3.84,41507861.0,164877155.9
2021-02-04,sz.300189,3.75,3.87,3.57,3.69,43179023.0,159799766.72
2021-02-05,sz.300189,3.68,3.88,3.61,3.62,32026994.0,119829549.64
2021-02-08,sz.300189,3.7,3.7,3.52,3.54,25994705.0,93386775.55
2021-02-09,sz.300189,3.58,3.65,3.51,3.59,27537964.0,98721625.92
2021-02-10,sz.300189,3.59,3.7,3.56,3.56,31588500.0,114129223.0
2021-02-18,sz.300189,3.62,3.83,3.6,3.78,46184614.0,172240897.4
2021-02-19,sz.300189,3.83,4.42,3.8,4.36,96574186.0,403820154.2
2021-02-22,sz.300189,4.7,5.23,4.56,5.23,176644876.0,860654183.61
2021-02-23,sz.300189,5.25,5.25,4.6,4.99,140776504.0,697104386.59
2021-02-24,sz.300189,5.0,5.48,4.93,5.16,130024194.0,681632309.31
2021-02-25,sz.300189,4.9,5.37,4.73,5.15,137696924.0,690800694.41
2021-02-26,sz.300189,5.0,5.68,4.85,5.49,165078680.0,888526434.93
2021-03-01,sz.300189,5.36,5.68,5.23,5.43,126420001.0,688355939.03
2021-03-02,sz.300189,5.36,5.44,5.1,5.12,106855114.0,557772005.47
2021-03-03,sz.300189,5.23,5.43,5.22,5.25,100324114.0,531135060.68
2021-03-04,sz.300189,5.16,5.38,4.96,5.08,91473793.0,472818430.32
2021-03-05,sz.300189,4.99,5.52,4.95,5.35,122722413.0,652346439.76
2021-03-08,sz.300189,5.27,5.43,5.05,5.13,95990038.0,498527062.16
2021-03-09,sz.300189,5.11,5.15,4.61,4.7,76694608.0,366424665.72
2021-03-10,sz.300189,4.76,4.85,4.61,4.65,43844806.0,207109683.7
2021-03-11,sz.300189,4.68,4.78,4.5,4.75,47061840.0,219794193.72
2021-03-12,sz.300189,4.72,4.79,4.56,4.61,50747364.0,235840059.1
2021-03-15,sz.300189,4.58,4.65,4.43,4.47,38799700.0,175176707.0
2021-03-16,sz.300189,4.5,4.63,4.5,4.55,42327822.0,193105991.94
2021-03-17,sz.300189,4.55,5.46,4.55,5.45,174871444.0,896863671.31
2021-03-18,sz.300189,5.17,5.31,5.05,5.21,138042938.0,713164315.56
2021-03-19,sz.300189,5.21,5.49,5.21,5.28,119829462.0,637871798.13
2021-03-22,sz.300189,5.2,5.45,5.13,5.39,105672960.0,558952688.52
2021-03-23,sz.300189,5.31,5.8,5.11,5.45,142025832.0,771470957.87
2021-03-24,sz.300189,5.3,5.79,5.25,5.54,135045035.0,751335478.43
2021-03-25,sz.300189,5.54,5.97,5.21,5.22,150666423.0,853318568.17
2021-03-26,sz.300189,5.04,5.35,5.04,5.22,98499543.0,514207877.83
2021-03-29,sz.300189,5.26,5.3,5.05,5.06,75592100.0,388183015.58
2021-03-30,sz.300189,5.17,5.17,4.89,4.97,60078693.0,299571970.61
2021-03-31,sz.300189,4.96,5.01,4.85,4.91,45350815.0,222506358.17
2021-04-01,sz.300189,5.02,5.15,4.93,5.06,69168630.0,348716690.45
2021-04-02,sz.300189,4.99,5.05,4.88,4.97,53738418.0,266598116.0
2021-04-06,sz.300189,4.99,5.13,4.94,5.07,48514787.0,245538062.78
2021-04-07,sz.300189,5.05,5.27,4.94,5.21,82009692.0,419648485.06
2021-04-08,sz.300189,5.22,5.38,5.1,5.16,73424456.0,383606782.6
2021-04-09,sz.300189,5.13,5.35,5.1,5.22,77052106.0,403750007.95
2021-04-12,sz.300189,5.3,5.47,5.18,5.26,93469962.0,500995614.96
2021-04-13,sz.300189,5.11,5.41,4.9,5.32,103002774.0,527994680.88
2021-04-14,sz.300189,5.21,5.23,5.08,5.13,53510134.0,275399840.11
2021-04-15,sz.300189,5.1,5.19,4.93,4.95,43546982.0,219417027.0
2021-04-16,sz.300189,4.91,5.04,4.91,4.96,30414674.0,151480884.26
2021-04-19,sz.300189,4.9,5.18,4.9,5.11,57090580.0,290121986.13
2021-04-20,sz.300189,5.11,5.25,5.08,5.1,52876734.0,272713054.8
2021-04-21,sz.300189,5.07,5.09,4.93,4.95,45557134.0,227035471.27
2021-04-22,sz.300189,4.91,4.98,4.88,4.92,37785460.0,185835660.2
2021-04-23,sz.300189,4.93,4.98,4.86,4.91,34121361.0,167751339.54
2021-04-26,sz.300189,4.88,4.89,4.62,4.67,50187611.0,237789176.3
2021-04-27,sz.300189,4.7,4.83,4.66,4.72,28866208.0,137127456.26
2021-04-28,sz.300189,4.72,4.72,4.45,4.46,45044728.0,203366992.72
2021-04-29,sz.300189,4.44,4.5,4.3,4.31,31445124.0,137780161.06
2021-04-30,sz.300189,4.33,4.47,4.3,4.36,26694400.0,116991976.0
2021-05-06,sz.300189,4.39,4.62,4.32,4.54,41358537.0,187307711.35
2021-05-07,sz.300189,4.6,4.62,4.47,4.54,36225481.0,165349714.27
2021-05-10,sz.300189,4.54,4.59,4.44,4.55,29197840.0,131788646.9
2021-05-11,sz.300189,4.6,4.74,4.54,4.65,41145808.0,191688589.5
2021-05-12,sz.300189,4.48,4.88,4.45,4.77,61738900.0,290599956.09
2021-05-13,sz.300189,4.65,4.73,4.55,4.55,44364083.0,204688457.13
2021-05-14,sz.300189,4.59,4.6,4.51,4.56,27960000.0,127351312.0
2021-05-17,sz.300189,4.51,4.55,4.44,4.48,22142750.0,99469491.0
2021-05-18,sz.300189,4.49,4.57,4.45,4.55,22012674.0,99541873.14
2021-05-19,sz.300189,4.52,4.58,4.47,4.47,21299593.0,95962158.31
2021-05-20,sz.300189,4.45,4.51,4.42,4.43,18700273.0,83362408.12
2021-05-21,sz.300189,4.44,4.64,4.43,4.55,38928119.0,178114227.09
2021-05-24,sz.300189,4.76,4.9,4.55,4.56,46890278.0,219390726.98
2021-05-25,sz.300189,4.45,4.55,4.41,4.51,30723050.0,137425164.0
2021-05-26,sz.300189,4.45,4.59,4.45,4.55,24865486.0,112914998.58
2021-05-27,sz.300189,4.55,4.58,4.5,4.55,23210610.0,105199593.84
2021-05-28,sz.300189,4.51,4.63,4.51,4.57,32532710.0,148739689.4
2021-05-31,sz.300189,4.55,4.57,4.47,4.51,24468083.0,110269759.13
2021-06-01,sz.300189,4.53,4.69,4.5,4.6,44271150.0,204386004.5
2021-06-02,sz.300189,4.59,4.77,4.52,4.65,51288172.0,237833651.62
2021-06-03,sz.300189,4.61,4.64,4.49,4.52,37650800.0,172006041.0
2021-06-04,sz.300189,4.54,4.68,4.53,4.58,36454176.0,167941977.03
2021-06-07,sz.300189,4.57,4.57,4.43,4.44,39096627.0,174339763.72
2021-06-08,sz.300189,4.43,4.48,4.4,4.46,23379077.0,103651119.78
2021-06-09,sz.300189,4.43,4.46,4.4,4.42,17528308.0,77445929.28
2021-06-10,sz.300189,4.43,4.43,4.32,4.35,25665510.0,111772317.5
2021-06-11,sz.300189,4.34,4.45,4.33,4.36,21056150.0,92402519.5
2021-06-15,sz.300189,4.35,4.36,4.23,4.24,20352881.0,86854537.48
2021-06-16,sz.300189,4.23,4.36,4.15,4.25,24630956.0,104541250.0
2021-06-17,sz.300189,4.2,4.24,4.1,4.12,22127044.0,91952447.48
2021-06-18,sz.300189,4.14,4.17,4.1,4.16,14785933.0,61151981.03
2021-06-21,sz.300189,4.16,4.35,4.13,4.3,31397858.0,134064842.88
2021-06-22,sz.300189,4.34,5.16,4.3,4.89,155121527.0,758330317.65
2021-06-23,sz.300189,4.7,4.98,4.55,4.9,117835252.0,557539410.99
2021-06-24,sz.300189,4.8,4.85,4.66,4.66,63193542.0,298657064.02
2021-06-25,sz.300189,4.64,4.72,4.54,4.54,48000359.0,220839115.06
2021-06-28,sz.300189,4.61,4.79,4.56,4.65,54527522.0,255312254.26
2021-06-29,sz.300189,4.61,4.93,4.55,4.77,79909304.0,379531589.4
2021-06-30,sz.300189,4.7,4.8,4.62,4.7,59295186.0,278284833.54
2021-07-01,sz.300189,4.65,4.81,4.51,4.54,52933405.0,248491250.31
2021-07-02,sz.300189,4.48,4.94,4.41,4.63,64325442.0,303361552.14
2021-07-05,sz.300189,4.65,4.96,4.58,4.87,90486791.0,438325427.64
2021-07-06,sz.300189,4.85,5.45,4.77,5.1,152017280.0,767428960.31
2021-07-07,sz.300189,5.04,5.2,4.95,5.04,94951827.0,478580816.39
2021-07-08,sz.300189,5.09,5.34,4.98,5.24,119694584.0,618873990.55
2021-07-09,sz.300189,5.13,5.27,5.03,5.04,83823414.0,428663268.86
2021-07-12,sz.300189,5.41,5.64,5.02,5.03,128914563.0,674963920.02
2021-07-13,sz.300189,4.93,5.5,4.93,5.27,136798731.0,719517996.68
2021-07-14,sz.300189,5.16,5.32,5.06,5.08,98251729.0,504503428.68
2021-07-15,sz.300189,5.03,5.19,4.96,4.99,64151248.0,323636753.04
2021-07-16,sz.300189,4.94,4.99,4.86,4.9,55339545.0,271769249.47
2021-07-19,sz.300189,4.93,5.37,4.81,5.22,126174808.0,645910531.38
2021-07-20,sz.300189,5.11,5.16,4.98,5.03,73287754.0,369879191.72
2021-07-21,sz.300189,5.06,5.16,5.01,5.1,62534298.0,318488543.26
2021-07-22,sz.300189,5.12,5.34,5.05,5.24,102131439.0,532448138.95
2021-07-23,sz.300189,5.24,5.71,5.2,5.42,159520859.0,867067148.32
2021-07-26,sz.300189,5.31,5.8,5.21,5.35,141508448.0,774133012.61
2021-07-27,sz.300189,5.32,5.65,5.22,5.39,126449670.0,685850654.23
2021-07-28,sz.300189,5.25,5.3,4.83,4.86,103713504.0,516204051.77
2021-07-29,sz.300189,4.92,5.35,4.9,5.18,106859168.0,547074728.47
2021-07-30,sz.300189,5.29,5.52,5.19,5.4,111463451.0,598304345.14
2021-08-02,sz.300189,5.35,5.64,5.31,5.45,119539237.0,654383489.49
2021-08-03,sz.300189,5.5,5.76,5.38,5.61,151994052.0,849570137.78
2021-08-04,sz.300189,5.5,5.66,5.46,5.63,109201434.0,606450464.45
2021-08-05,sz.300189,5.58,5.99,5.49,5.78,183054238.0,1049616740.1
2021-08-06,sz.300189,5.65,5.69,5.48,5.52,108311962.0,602923879.88
2021-08-09,sz.300189,5.56,5.69,5.45,5.54,74901687.0,414740233.69
2021-08-10,sz.300189,5.5,5.66,5.46,5.53,74867210.0,415255245.84
2021-08-11,sz.300189,5.5,5.52,5.27,5.41,95765752.0,513105883.43
2021-08-12,sz.300189,5.45,5.54,5.33,5.34,68569682.0,370914190.78
2021-08-13,sz.300189,5.34,5.62,5.26,5.56,113909073.0,619794056.46
2021-08-16,sz.300189,5.55,5.76,5.41,5.42,100524337.0,558601067.74
2021-08-17,sz.300189,5.32,5.33,5.06,5.09,77472000.0,402701397.38
2021-08-18,sz.300189,5.06,5.16,5.06,5.12,35857577.0,183191028.93
2021-08-19,sz.300189,5.04,5.11,5.0,5.04,34644883.0,175004629.64
2021-08-20,sz.300189,5.02,5.13,4.95,5.06,29395555.0,148022818.34
2021-08-23,sz.300189,5.03,5.17,5.01,5.14,38468510.0,196748740.7
2021-08-24,sz.300189,5.12,5.21,5.08,5.1,40333257.0,206797752.67
2021-08-25,sz.300189,5.1,5.22,5.05,5.17,45680597.0,235766188.32
2021-08-26,sz.300189,5.17,5.17,4.85,4.86,75620032.0,376139459.17
2021-08-27,sz.300189,4.86,4.88,4.66,4.73,45170115.0,215148612.2
2021-08-30,sz.300189,4.69,4.86,4.68,4.74,34417612.0,164018300.07
2021-08-31,sz.300189,4.69,4.78,4.61,4.73,38425434.0,180350891.35
2021-09-01,sz.300189,4.72,4.76,4.66,4.7,25819954.0,121402524.88
2021-09-02,sz.300189,4.7,4.74,4.64,4.69,26558838.0,124409727.22
2021-09-03,sz.300189,4.66,4.97,4.65,4.86,59076311.0,285909413.29
2021-09-06,sz.300189,4.88,4.89,4.71,4.79,36442509.0,173696044.81
2021-09-07,sz.300189,4.75,4.82,4.75,4.8,22885615.0,109445536.7
2021-09-08,sz.300189,4.82,5.14,4.8,5.07,83849096.0,418555292.71
2021-09-09,sz.300189,5.1,5.49,5.1,5.16,114463794.0,603906981.21
2021-09-10,sz.300189,5.14,5.39,5.09,5.22,73852899.0,384403407.65
2021-09-13,sz.300189,5.14,5.2,5.01,5.14,62188955.0,316541413.61
2021-09-14,sz.300189,5.12,5.23,5.03,5.05,47845592.0,244889246.32
2021-09-15,sz.300189,5.0,5.16,4.97,5.15,47115739.0,239973294.39
2021-09-16,sz.300189,5.12,5.35,5.09,5.16,88691461.0,463043124.07
2021-09-17,sz.300189,5.05,5.08,4.9,4.95,58181746.0,289712397.27
2021-09-22,sz.300189,4.8,4.89,4.8,4.84,30643499.0,148043285.76
2021-09-23,sz.300189,4.87,5.12,4.85,5.09,63714717.0,319254554.66
2021-09-24,sz.300189,5.03,5.05,4.8,4.84,51790534.0,254077601.2
2021-09-27,sz.300189,4.8,4.87,4.6,4.67,30648659.0,145514021.11
2021-09-28,sz.300189,4.69,4.78,4.63,4.73,18567456.0,87116375.84
2021-09-29,sz.300189,4.61,4.65,4.45,4.45,28170200.0,128187186.0
2021-09-30,sz.300189,4.51,4.56,4.48,4.51,15777894.0,71367579.06
2021-10-08,sz.300189,4.55,4.91,4.55,4.79,50773875.0,242485240.57
2021-10-11,sz.300189,4.78,4.96,4.74,4.85,41222330.0,199946492.51
2021-10-12,sz.300189,4.76,4.84,4.68,4.75,27634910.0,131293802.22
2021-10-13,sz.300189,4.75,4.76,4.51,4.62,29184224.0,133880075.14
2021-10-14,sz.300189,4.62,4.74,4.54,4.68,21228930.0,98400144.4
2021-10-15,sz.300189,4.74,4.99,4.68,4.71,44674800.0,215621020.78
2021-10-18,sz.300189,4.56,4.91,4.5,4.86,46154538.0,218918441.96
2021-10-19,sz.300189,4.81,4.89,4.76,4.78,30850900.0,148501115.0
2021-10-20,sz.300189,4.75,4.79,4.68,4.68,20198855.0,95199611.0
2021-10-21,sz.300189,4.72,4.75,4.6,4.62,18854300.0,87742319.0
2021-10-22,sz.300189,4.61,4.66,4.57,4.59,16184200.0,74619560.7
2021-10-25,sz.300189,4.57,4.66,4.57,4.62,13287014.0,61243243.7
2021-10-26,sz.300189,4.59,4.66,4.56,4.56,15984600.0,73619475.0
2021-10-27,sz.300189,4.52,4.54,4.25,4.42,32912600.0,145036690.0
2021-10-28,sz.300189,4.4,4.41,4.2,4.2,20298284.0,86526249.74
2021-10-29,sz.300189,4.21,4.31,4.21,4.28,11652500.0,49827419.0
2021-11-01,sz.300189,4.26,4.46,4.26,4.4,16923150.0,74182893.5
2021-11-02,sz.300189,4.45,4.55,4.4,4.47,27908004.0,125017016.68
2021-11-03,sz.300189,4.45,4.54,4.39,4.47,22545449.0,101008692.59
2021-11-04,sz.300189,4.42,4.59,4.42,4.56,29782853.0,135018310.42
2021-11-05,sz.300189,4.56,4.64,4.48,4.49,23485471.0,106673097.0
2021-11-08,sz.300189,4.46,4.54,4.42,4.5,15572400.0,69627319.0
2021-11-09,sz.300189,4.5,4.75,4.48,4.66,48572569.0,225623602.4
2021-11-10,sz.300189,4.62,4.78,4.61,4.66,34877369.0,163417437.23
2021-11-11,sz.300189,4.71,4.72,4.63,4.68,29928800.0,139831872.64
2021-11-12,sz.300189,4.7,5.13,4.66,4.93,91961042.0,458866158.01
2021-11-15,sz.300189,4.85,4.92,4.64,4.7,67604000.0,320702779.64
2021-11-16,sz.300189,4.68,4.76,4.64,4.64,29266636.0,137299148.34
2021-11-17,sz.300189,4.64,4.74,4.6,4.73,23093450.0,107722827.59
2021-11-18,sz.300189,4.73,4.79,4.67,4.7,23761279.0,112093923.93
2021-11-19,sz.300189,4.68,4.71,4.62,4.69,18490091.0,86359040.56
2021-11-22,sz.300189,4.64,4.73,4.64,4.71,21606920.0,101288338.68
2021-11-23,sz.300189,4.72,4.75,4.62,4.66,26673183.0,124546187.11
2021-11-24,sz.300189,4.64,4.69,4.56,4.58,24443621.0,112217425.68
2021-11-25,sz.300189,4.59,4.61,4.54,4.59,17334000.0,79414413.0
2021-11-26,sz.300189,4.55,4.61,4.5,4.53,19367105.0,87866127.5
2021-11-29,sz.300189,4.48,4.59,4.47,4.54,17106538.0,77707769.4
2021-11-30,sz.300189,4.54,4.59,4.48,4.53,20537338.0,93198796.14
2021-12-01,sz.300189,4.53,4.57,4.5,4.57,16148970.0,73367267.08
2021-12-02,sz.300189,4.59,4.65,4.55,4.58,28946729.0,133224721.54
2021-12-03,sz.300189,4.56,4.62,4.53,4.56,20735411.0,94659994.05
2021-12-06,sz.300189,4.55,4.56,4.48,4.48,19534700.0,88074289.0
2021-12-07,sz.300189,4.53,4.58,4.5,4.53,18023969.0,81851941.57
2021-12-08,sz.300189,4.55,4.6,4.49,4.57,16989407.0,77165373.78
2021-12-09,sz.300189,4.56,4.73,4.56,4.65,35447650.0,164876936.0
2021-12-10,sz.300189,4.62,4.77,4.61,4.7,43776763.0,205451063.87
2021-12-13,sz.300189,4.75,4.8,4.62,4.67,27261300.0,127435043.95
2021-12-14,sz.300189,4.64,4.78,4.61,4.78,44052179.0,207641308.46
2021-12-15,sz.300189,4.76,4.79,4.7,4.73,27210305.0,128813413.15
2021-12-16,sz.300189,4.71,4.88,4.67,4.74,43897941.0,208448757.35
2021-12-17,sz.300189,4.7,4.93,4.68,4.85,63530779.0,306320422.15
2021-12-20,sz.300189,4.77,4.95,4.73,4.86,66136135.0,321719211.66
2021-12-21,sz.300189,4.81,4.93,4.74,4.93,49387156.0,238432065.4
2021-12-22,sz.300189,4.88,5.03,4.86,4.92,48953091.0,241176604.42
2021-12-23,sz.300189,4.87,5.04,4.84,5.03,64479201.0,319653898.41
2021-12-24,sz.300189,4.96,5.03,4.85,4.94,55871196.0,275936357.21
2021-12-27,sz.300189,5.0,5.05,4.77,4.78,55854778.0,272656940.07
2021-12-28,sz.300189,4.78,4.92,4.75,4.83,38628550.0,186675385.91
2021-12-29,sz.300189,4.78,4.8,4.65,4.67,40229807.0,189083947.82
2021-12-30,sz.300189,4.69,4.95,4.67,4.82,48393572.0,232933171.2
2021-12-31,sz.300189,4.82,4.86,4.77,4.79,24361680.0,117185727.8
2022-01-04,sz.300189,4.8,5.13,4.78,4.99,91416241.0,457252608.06
2022-01-05,sz.300189,5.15,5.2,4.89,4.95,54232413.0,271523184.02
2022-01-06,sz.300189,4.97,4.98,4.87,4.89,35429750.0,173807121.5
2022-01-07,sz.300189,4.86,4.9,4.66,4.67,55308172.0,263231015.23
2022-01-10,sz.300189,4.67,4.74,4.59,4.74,24276326.0,113937444.32
2022-01-11,sz.300189,4.75,4.97,4.7,4.79,37904548.0,183218648.64
2022-01-12,sz.300189,4.82,4.83,4.74,4.83,23486314.0,112510284.2
2022-01-13,sz.300189,4.79,4.99,4.77,4.86,41518101.0,203268774.86
2022-01-14,sz.300189,4.82,4.96,4.74,4.76,46140214.0,224503491.9
2022-01-17,sz.300189,4.8,4.95,4.77,4.86,37017217.0,178895631.1
2022-01-18,sz.300189,4.79,4.83,4.61,4.62,48435947.0,226085785.94
2022-01-19,sz.300189,4.58,4.66,4.57,4.61,20427520.0,94106904.0
2022-01-20,sz.300189,4.6,4.68,4.47,4.48,26820750.0,121985111.0
2022-01-21,sz.300189,4.48,4.49,4.4,4.4,15644397.0,69269834.71
2022-01-24,sz.300189,4.42,4.47,4.35,4.4,15268500.0,67330927.0
2022-01-25,sz.300189,4.4,4.41,4.1,4.13,29115200.0,123600151.0
2022-01-26,sz.300189,4.13,4.16,4.02,4.1,24556359.0,100849008.76
2022-01-27,sz.300189,4.11,4.13,3.92,3.93,22415800.0,90339115.0
2022-01-28,sz.300189,3.85,4.16,3.85,4.12,25298773.0,102724133.61
2022-02-07,sz.300189,4.24,4.28,4.12,4.27,21894405.0,92594029.3
2022-02-08,sz.300189,4.27,4.42,4.22,4.38,25687801.0,111872640.38
2022-02-09,sz.300189,4.38,4.5,4.34,4.45,27733100.0,122856896.0
2022-02-10,sz.300189,4.39,4.47,4.36,4.45,18191800.0,80735177.0
2022-02-11,sz.300189,4.43,4.46,4.34,4.38,17909450.0,78457329.5
2022-02-14,sz.300189,4.37,4.47,4.34,4.4,18118603.0,79869774.12
2022-02-15,sz.300189,4.38,4.41,4.29,4.37,18478900.0,80191552.0
2022-02-16,sz.300189,4.35,4.43,4.31,4.43,20520458.0,89534205.06
2022-02-17,sz.300189,4.37,4.43,4.33,4.36,18220764.0,79492724.09
2022-02-18,sz.300189,4.31,4.45,4.31,4.44,22421610.0,98689814.1
2022-02-21,sz.300189,4.4,4.57,4.38,4.57,33910496.0,153057482.6
2022-02-22,sz.300189,4.55,4.72,4.53,4.62,42116694.0,194139652.16
2022-02-23,sz.300189,4.72,4.78,4.48,4.5,57244000.0,262013033.75
2022-02-24,sz.300189,4.42,4.63,4.41,4.49,55083369.0,248524325.55
2022-02-25,sz.300189,4.39,4.47,4.34,4.41,32703444.0,144451981.9
2022-02-28,sz.300189,4.44,4.47,4.37,4.41,23899764.0,105681975.0
2022-03-01,sz.300189,4.41,4.49,4.39,4.45,21991814.0,97628549.0
2022-03-02,sz.300189,4.46,5.34,4.46,4.99,178058429.0,891278336.0
2022-03-03,sz.300189,4.88,5.24,4.8,5.11,167690912.0,838646848.0
2022-03-04,sz.300189,5.14,5.23,4.95,5.08,122154537.0,619724832.0
2022-03-07,sz.300189,5.25,5.39,4.97,5.12,121289983.0,623847360.0
2022-03-08,sz.300189,4.93,4.97,4.73,4.81,87928462.0,426082240.0
2022-03-09,sz.300189,4.7,4.88,4.46,4.86,81481955.0,385329168.0
2022-03-10,sz.300189,4.79,4.79,4.6,4.63,69503716.0,325460624.0
2022-03-11,sz.300189,4.64,5.25,4.62,5.02,145721380.0,725917984.0
2022-03-14,sz.300189,4.91,5.07,4.75,4.75,93972390.0,459224432.0
2022-03-15,sz.300189,4.66,4.86,4.41,4.41,78629600.0,365360784.0
2022-03-16,sz.300189,4.46,4.52,4.16,4.44,69713974.0,304336944.0
2022-03-17,sz.300189,4.44,4.76,4.41,4.57,67826879.0,311141152.0
2022-03-18,sz.300189,4.58,4.74,4.49,4.69,54379754.0,252653638.16
2022-03-21,sz.300189,4.7,5.36,4.7,5.15,153031121.0,773738694.47
2022-03-22,sz.300189,5.07,5.19,4.95,4.98,91436881.0,459230475.6
2022-03-23,sz.300189,4.98,5.03,4.89,4.91,54463406.0,268847877.34
2022-03-24,sz.300189,4.86,5.06,4.86,4.9,68058271.0,337557315.77
2022-03-25,sz.300189,4.85,5.48,4.85,5.16,143129872.0,745242708.76
2022-03-28,sz.300189,5.49,5.73,5.15,5.3,192566717.0,1026060837.76
2022-03-29,sz.300189,5.32,5.71,5.22,5.45,181951166.0,995648412.72
2022-03-30,sz.300189,5.1,5.29,4.99,5.15,160035878.0,825501794.78
2022-03-31,sz.300189,5.07,5.25,5.01,5.04,108378344.0,556083274.68
2022-04-01,sz.300189,5.25,5.45,5.04,5.09,138568316.0,723508791.04
2022-04-06,sz.300189,4.87,5.23,4.86,5.12,110182483.0,559663000.57
2022-04-07,sz.300189,5.07,5.13,4.87,4.93,80197300.0,397745190.22
2022-04-08,sz.300189,4.94,4.94,4.71,4.83,56268500.0,270468456.0
2022-04-11,sz.300189,4.81,5.8,4.81,5.8,283920160.0,1567287249.76
2022-04-12,sz.300189,5.61,5.74,5.4,5.53,266800216.0,1485505825.62
2022-04-13,sz.300189,5.43,6.06,5.31,5.56,245690150.0,1383009166.78
2022-04-14,sz.300189,5.48,5.88,5.39,5.63,174360422.0,979821329.08
2022-04-15,sz.300189,5.51,5.77,5.37,5.42,158863550.0,882585379.5
2022-04-18,sz.300189,5.43,5.98,5.39,5.72,178704233.0,1019109402.81
2022-04-19,sz.300189,5.87,6.26,5.64,5.98,225878269.0,1341586816.3
2022-04-20,sz.300189,5.82,6.47,5.8,5.84,246427865.0,1504896459.7
2022-04-21,sz.300189,5.77,6.2,5.3,5.33,208993693.0,1190260525.18
2022-04-22,sz.300189,5.09,5.23,4.88,4.93,137522039.0,688306535.44
2022-04-25,sz.300189,4.85,5.07,4.76,4.82,130216472.0,644041314.16
2022-04-26,sz.300189,4.85,4.91,4.4,4.46,114277995.0,525371632.2
2022-04-27,sz.300189,4.33,4.65,4.1,4.62,103034400.0,451223748.08
2022-04-28,sz.300189,4.51,4.54,4.2,4.25,90360098.0,391553670.68
2022-04-29,sz.300189,4.3,4.54,4.3,4.47,88857820.0,395114117.42
2022-05-05,sz.300189,4.57,4.77,4.43,4.69,88900627.0,417002601.55
2022-05-06,sz.300189,4.55,4.78,4.53,4.55,71055836.0,328721996.8
2022-05-09,sz.300189,4.5,4.72,4.46,4.62,56852780.0,262970880.58
2022-05-10,sz.300189,4.54,4.75,4.43,4.74,74071668.0,340250723.08
2022-05-11,sz.300189,4.66,4.84,4.61,4.74,100033124.0,474655634.48
2022-05-12,sz.300189,4.67,4.75,4.5,4.59,66497500.0,306594620.94
2022-05-13,sz.300189,4.62,4.76,4.58,4.67,68667650.0,321208138.5
2022-05-16,sz.300189,4.85,5.59,4.76,5.36,196640704.0,1030999093.34
2022-05-17,sz.300189,5.32,5.33,5.1,5.18,143556516.0,746570753.24
2022-05-18,sz.300189,5.11,5.28,5.09,5.15,90600153.0,468535828.99
2022-05-19,sz.300189,5.11,5.49,5.1,5.28,149878107.0,795564697.42
2022-05-20,sz.300189,5.2,5.53,5.15,5.4,133913051.0,715217293.58
2022-05-23,sz.300189,5.31,5.7,5.3,5.48,156356722.0,858528204.77
2022-05-24,sz.300189,5.42,5.51,5.16,5.19,125035690.0,664361072.81
2022-05-25,sz.300189,5.16,5.25,5.09,5.24,79085215.0,410215150.07
2022-05-26,sz.300189,5.2,5.24,5.05,5.2,65235472.0,336171507.32
2022-05-27,sz.300189,5.18,5.33,5.06,5.24,99846639.0,520015995.73
2022-05-30,sz.300189,5.35,5.64,5.31,5.36,142902182.0,779013426.86
2022-05-31,sz.300189,5.28,5.88,5.26,5.63,183562747.0,1037427493.07
2022-06-01,sz.300189,5.52,5.57,5.37,5.4,121638071.0,661310108.4
2022-06-02,sz.300189,5.36,5.64,5.3,5.52,123031998.0,675376105.81
2022-06-06,sz.300189,5.43,5.47,5.33,5.42,91032681.0,491653828.84
2022-06-07,sz.300189,5.43,5.45,5.1,5.12,105755388.0,552401964.47
2022-06-08,sz.300189,5.14,5.25,5.09,5.21,71306875.0,368302057.92
2022-06-09,sz.300189,5.26,5.49,5.21,5.27,77607150.0,412929340.46
2022-06-10,sz.300189,5.21,5.39,5.08,5.32,77173192.0,404170879.44
2022-06-13,sz.300189,5.25,5.49,5.22,5.47,99711495.0,536827168.42
2022-06-14,sz.300189,5.36,5.42,5.15,5.34,76931325.0,407306176.44
2022-06-15,sz.300189,5.32,5.37,5.22,5.23,60448428.0,320498916.16
2022-06-16,sz.300189,5.26,5.47,5.26,5.33,77523978.0,415739402.46
2022-06-29,sz.300189,5.5,5.87,5.41,5.46,132059665.0,741882829.72
2022-06-30,sz.300189,5.4,5.41,5.13,5.26,79207463.0,414797579.4
2022-07-01,sz.300189,5.25,5.36,5.15,5.16,49990712.0,262182221.3
2022-07-04,sz.300189,5.11,5.25,5.11,5.24,41281049.0,215247508.8
2022-07-05,sz.300189,5.25,5.26,4.95,5.03,65939340.0,333420177.04
2022-07-06,sz.300189,4.99,5.0,4.74,4.78,53401307.0,258429594.23
2022-07-07,sz.300189,4.78,4.84,4.76,4.8,29267150.0,140339755.5
2022-07-08,sz.300189,4.82,4.89,4.76,4.79,29528790.0,141959014.68
2022-07-11,sz.300189,4.77,4.84,4.71,4.81,27001776.0,129332143.76
2022-07-12,sz.300189,4.8,4.8,4.61,4.64,31388435.0,146832604.02
2022-07-13,sz.300189,4.63,4.79,4.57,4.75,29131892.0,136754101.84
2022-07-14,sz.300189,4.72,4.73,4.64,4.66,23954500.0,111874776.0
2022-07-15,sz.300189,4.68,4.68,4.49,4.49,26849380.0,122141047.2
2022-07-18,sz.300189,4.52,4.63,4.5,4.61,22532930.0,103438252.5
2022-07-19,sz.300189,4.64,4.71,4.6,4.67,19776700.0,92173526.5
2022-07-20,sz.300189,4.7,4.7,4.63,4.68,17111200.0,79776936.0
2022-07-21,sz.300189,4.68,4.68,4.59,4.6,19302600.0,89277206.0
2022-07-22,sz.300189,4.6,4.75,4.59,4.73,40400621.0,189238750.56
2022-07-25,sz.300189,4.72,4.73,4.6,4.62,22912172.0,106746734.93
2022-07-26,sz.300189,4.63,4.66,4.6,4.65,18071279.0,83685112.56
2022-07-27,sz.300189,4.65,4.72,4.63,4.67,21413638.0,100291571.04
2022-07-28,sz.300189,4.67,4.71,4.65,4.68,21413007.0,100246940.55
2022-07-29,sz.300189,4.71,4.87,4.67,4.77,44603230.0,213630681.64
2022-08-01,sz.300189,4.75,4.75,4.63,4.68,25271280.0,118042435.4
2022-08-02,sz.300189,4.64,4.88,4.51,4.82,74934525.0,355579852.69
2022-08-03,sz.300189,4.68,4.84,4.65,4.73,46962560.0,222914035.25
2022-08-04,sz.300189,4.71,4.73,4.56,4.61,36507224.0,169319826.92
2022-08-05,sz.300189,4.63,4.65,4.58,4.64,22850100.0,105639653.0
2022-08-08,sz.300189,4.61,4.67,4.59,4.63,19831400.0,91652404.0
2022-08-09,sz.300189,4.64,4.67,4.57,4.6,23936214.0,110464827.12
2022-08-10,sz.300189,4.58,4.61,4.51,4.52,24924502.0,113404227.04
2022-08-11,sz.300189,4.54,4.58,4.52,4.57,18889750.0,85999180.5
2022-08-12,sz.300189,4.57,4.63,4.54,4.58,19319150.0,88591924.5
2022-08-15,sz.300189,4.66,4.71,4.62,4.64,30478134.0,142049941.08
2022-08-16,sz.300189,4.6,4.7,4.58,4.69,34687659.0,161306248.39
2022-08-17,sz.300189,4.74,4.86,4.67,4.8,66230273.0,317446687.62
2022-08-18,sz.300189,4.75,4.77,4.66,4.67,38010739.0,178048239.72
2022-08-19,sz.300189,4.66,4.77,4.65,4.68,35273168.0,166343045.61
2022-08-22,sz.300189,4.72,4.91,4.7,4.77,50457084.0,242778687.72
2022-08-23,sz.300189,4.74,4.85,4.68,4.79,34204992.0,162983334.76
2022-08-24,sz.300189,4.77,5.15,4.74,4.9,108724020.0,535348121.44
2022-08-25,sz.300189,4.85,5.07,4.81,4.92,75918139.0,374128755.81
2022-08-26,sz.300189,4.89,5.04,4.76,4.97,71870483.0,352137516.0
2022-08-29,sz.300189,4.85,4.98,4.81,4.92,47643598.0,233975571.1
2022-08-30,sz.300189,4.93,4.96,4.76,4.77,47921821.0,231991616.76
2022-08-31,sz.300189,4.76,4.8,4.56,4.58,42012789.0,195453824.58
2022-09-01,sz.300189,4.6,4.82,4.58,4.69,49499202.0,234392800.56
2022-09-02,sz.300189,4.69,4.76,4.64,4.74,30595198.0,143941218.52
2022-09-05,sz.300189,4.72,4.78,4.63,4.68,25825964.0,120564920.88
2022-09-06,sz.300189,4.68,4.79,4.65,4.76,31941464.0,151442998.64
2022-09-07,sz.300189,4.76,4.83,4.7,4.78,30569936.0,145407592.36
2022-09-08,sz.300189,4.76,4.8,4.59,4.59,40366700.0,188081305.0
2022-09-09,sz.300189,4.59,4.63,4.56,4.61,19612828.0,89970191.8
2022-09-13,sz.300189,4.65,4.68,4.62,4.63,20043772.0,93273512.8
2022-09-14,sz.300189,4.57,4.59,4.51,4.53,21131455.0,96011132.15
2022-09-15,sz.300189,4.53,4.57,4.36,4.42,24363600.0,108838516.0
2022-09-16,sz.300189,4.42,4.46,4.35,4.35,16726220.0,73641628.18
2022-09-19,sz.300189,4.38,4.38,4.27,4.3,12604928.0,54407829.68
2022-09-20,sz.300189,4.33,4.38,4.33,4.34,10762128.0,46779260.52
2022-09-21,sz.300189,4.34,4.44,4.3,4.41,16781200.0,73695206.28
2022-09-22,sz.300189,4.39,4.53,4.36,4.44,22679546.0,100671881.62
2022-09-23,sz.300189,4.42,4.42,4.28,4.29,18911846.0,82166428.12
2022-09-26,sz.300189,4.27,4.27,4.05,4.07,19548600.0,81175648.0
2022-09-27,sz.300189,4.1,4.16,4.06,4.16,12979300.0,53355481.0
2022-09-28,sz.300189,4.15,4.16,3.95,3.96,17408800.0,70693445.0
2022-09-29,sz.300189,4.0,4.04,3.91,3.95,15710908.0,62375495.6
2022-09-30,sz.300189,3.94,4.0,3.93,3.96,10918700.0,43298183.0
2022-10-10,sz.300189,3.97,4.05,3.9,3.96,16569268.0,66054580.32
2022-10-11,sz.300189,3.98,3.99,3.87,3.98,12536950.0,49314432.0
2022-10-12,sz.300189,4.0,4.09,3.96,4.07,20888984.0,84305333.52
2022-10-13,sz.300189,4.02,4.25,4.01,4.16,33982837.0,140549508.66
2022-10-14,sz.300189,4.13,4.19,4.12,4.18,24980201.0,103982145.17
2022-10-17,sz.300189,4.15,4.29,4.15,4.23,22822300.0,96678844.0
2022-10-18,sz.300189,4.23,4.24,4.17,4.19,16735500.0,70150964.0
2022-10-19,sz.300189,4.16,4.2,4.1,4.11,14725200.0,60824430.0
2022-10-20,sz.300189,4.11,4.13,4.06,4.07,13152826.0,53866186.72
2022-10-21,sz.300189,4.09,4.1,4.02,4.03,11613700.0,47158230.0
2022-10-24,sz.300189,4.07,4.12,3.94,3.98,16822323.0,68001531.58
2022-10-25,sz.300189,3.93,3.98,3.88,3.97,15781750.0,62020609.5
2022-10-26,sz.300189,3.98,4.05,3.97,4.0,12679677.0,50802159.19
2022-10-27,sz.300189,4.0,4.04,3.97,4.01,13229700.0,53098094.0
2022-10-28,sz.300189,3.99,3.99,3.7,3.75,29763403.0,113899332.86
2022-10-31,sz.300189,3.78,3.93,3.76,3.85,22909099.0,88467012.18
2022-11-01,sz.300189,3.9,3.99,3.85,3.97,24844995.0,98006705.74
2022-11-02,sz.300189,3.96,4.03,3.95,4.01,22212128.0,88826673.3
2022-11-03,sz.300189,4.01,4.1,3.97,4.05,23419400.0,94565171.0
2022-11-04,sz.300189,4.03,4.08,4.02,4.07,19705150.0,79824067.6
2022-11-07,sz.300189,4.08,4.13,4.06,4.11,17948299.0,73596278.4
2022-11-08,sz.300189,4.12,4.13,4.04,4.08,13138847.0,53578651.76
2022-11-09,sz.300189,4.1,4.12,4.06,4.08,11780600.0,48161356.0
2022-11-10,sz.300189,4.07,4.15,4.06,4.11,19195400.0,79062190.7
2022-11-11,sz.300189,4.15,4.19,4.12,4.12,18470560.0,76505278.1
2022-11-14,sz.300189,4.14,4.15,4.06,4.07,13574530.0,55657943.9
2022-11-15,sz.300189,4.06,4.13,4.06,4.11,15537130.0,63628478.7
2022-11-16,sz.300189,4.11,4.16,4.09,4.14,17073324.0,70553465.86
2022-11-17,sz.300189,4.12,4.14,4.08,4.12,15222504.0,62463362.4
2022-11-18,sz.300189,4.13,4.13,4.02,4.03,21151502.0,85935760.14
2022-11-21,sz.300189,4.03,4.05,3.95,4.05,14604500.0,58397600.0
2022-11-22,sz.300189,4.05,4.07,3.94,3.94,16081231.0,64165057.69
2022-11-23,sz.300189,3.94,3.96,3.89,3.92,13102498.0,51410252.64
2022-11-24,sz.300189,3.93,3.97,3.9,3.91,10930100.0,42903475.0
2022-11-25,sz.300189,3.9,3.94,3.89,3.92,11999300.0,46922891.0
2022-11-28,sz.300189,3.89,3.97,3.85,3.96,19741609.0,77561997.55
2022-11-29,sz.300189,3.94,4.02,3.94,4.0,18616921.0,74422373.73
2022-11-30,sz.300189,4.03,4.14,4.0,4.07,35480938.0,145442138.22
2022-12-01,sz.300189,4.05,4.16,4.04,4.11,30848702.0,126542704.52
2022-12-02,sz.300189,4.14,4.18,4.09,4.12,27671754.0,114396674.1
2022-12-05,sz.300189,4.11,4.26,4.11,4.17,35269922.0,147502079.74
2022-12-06,sz.300189,4.19,4.45,4.17,4.27,71298907.0,306941768.8
2022-12-07,sz.300189,4.21,4.33,4.18,4.25,40013378.0,169755195.94
2022-12-08,sz.300189,4.24,4.25,4.14,4.16,29970600.0,125167693.0
2022-12-09,sz.300189,4.16,4.17,4.08,4.17,22348650.0,92221123.5
2022-12-12,sz.300189,4.16,4.23,4.13,4.19,27199300.0,113581353.0
2022-12-13,sz.300189,4.16,4.31,4.15,4.29,50782532.0,216355523.68
2022-12-14,sz.300189,4.26,4.28,4.19,4.27,27139200.0,114983682.0
2022-12-15,sz.300189,4.28,4.39,4.22,4.33,48037686.0,207330927.82
2022-12-16,sz.300189,4.29,4.33,4.24,4.26,26319200.0,112485115.68
2022-12-19,sz.300189,4.2,4.25,4.1,4.18,33848400.0,141141392.0
2022-12-20,sz.300189,4.16,4.19,4.05,4.05,26006200.0,106491535.0
2022-12-21,sz.300189,4.04,4.19,4.02,4.12,28046900.0,115898675.5
2022-12-22,sz.300189,4.13,4.18,4.05,4.1,20905258.0,86339457.96
2022-12-23,sz.300189,4.06,4.12,4.0,4.02,17575700.0,71279253.0
2022-12-26,sz.300189,4.13,4.27,4.03,4.09,59762768.0,247211782.4
2022-12-27,sz.300189,4.01,4.39,3.95,4.33,96290419.0,401806432.0
2022-12-28,sz.300189,4.24,4.24,4.1,4.11,57814483.0,240308132.16
2022-12-29,sz.300189,4.08,4.13,4.02,4.03,35188335.0,142908322.26
2022-12-30,sz.300189,4.04,4.06,3.99,4.06,24882250.0,100347792.5
2023-01-03,sz.300189,4.04,4.08,3.99,4.07,26647221.0,107458773.47
2023-01-04,sz.300189,4.05,4.1,4.03,4.07,24722179.0,100625895.54
2023-01-05,sz.300189,4.08,4.08,4.02,4.04,25751353.0,103999167.16
2023-01-06,sz.300189,4.03,4.05,4.0,4.01,19218501.0,77271192.01
2023-01-09,sz.300189,4.0,4.03,3.99,4.02,12975500.0,52055814.0
2023-01-10,sz.300189,4.02,4.04,3.98,3.99,14339807.0,57385913.93
2023-01-11,sz.300189,3.98,4.0,3.92,3.92,19753725.0,77994657.75
2023-01-12,sz.300189,3.92,3.95,3.9,3.92,10436113.0,40926448.94
2023-01-13,sz.300189,3.93,3.97,3.92,3.95,12101900.0,47827267.0
2023-01-16,sz.300189,3.95,3.99,3.94,3.98,12516710.0,49688770.6
2023-01-17,sz.300189,3.98,3.99,3.93,3.94,10767905.0,42619409.7
2023-01-18,sz.300189,3.94,3.96,3.93,3.95,10648500.0,42038781.0
2023-01-19,sz.300189,3.94,3.97,3.93,3.96,10329608.0,40863375.68
2023-01-20,sz.300189,3.98,4.05,3.97,4.05,21767632.0,87536156.0
2023-01-30,sz.300189,4.08,4.13,4.06,4.1,28470550.0,116484147.0
2023-01-31,sz.300189,4.07,4.17,4.05,4.13,30900068.0,127432493.76
2023-02-01,sz.300189,4.13,4.17,4.09,4.16,33403950.0,138195598.5
2023-02-02,sz.300189,4.14,4.25,4.13,4.24,47115275.0,197984589.71
2023-02-03,sz.300189,4.23,4.3,4.19,4.25,41624287.0,176199786.76
2023-02-06,sz.300189,4.21,4.23,4.17,4.22,27055700.0,113655966.0
2023-02-07,sz.300189,4.24,4.27,4.2,4.27,26848649.0,113747414.94
2023-02-08,sz.300189,4.28,4.28,4.18,4.18,24585475.0,103564174.5
2023-02-09,sz.300189,4.2,4.24,4.19,4.23,20474152.0,86366272.67
2023-02-10,sz.300189,4.25,4.37,4.23,4.32,62680956.0,269768124.11
2023-02-13,sz.300189,4.36,4.36,4.27,4.32,40125518.0,172673680.46
2023-02-14,sz.300189,4.32,4.32,4.18,4.19,52144837.0,219737943.4
2023-02-15,sz.300189,4.19,4.22,4.17,4.19,25045232.0,104865546.08
2023-02-16,sz.300189,4.19,4.22,4.06,4.1,32504728.0,135167313.64
2023-02-17,sz.300189,4.1,4.17,4.08,4.1,22882970.0,94201731.0
2023-02-20,sz.300189,4.13,4.13,4.04,4.1,21244246.0,86473189.16
2023-02-21,sz.300189,4.12,4.13,4.08,4.12,17308986.0,71116016.24
2023-02-22,sz.300189,4.13,4.17,4.11,4.12,21233731.0,87745425.79
2023-02-23,sz.300189,4.11,4.18,4.1,4.13,21534348.0,89112298.24
2023-02-24,sz.300189,4.11,4.13,4.06,4.08,14422756.0,58880496.42
2023-02-27,sz.300189,4.07,4.09,4.04,4.05,11358850.0,46140448.0
2023-02-28,sz.300189,4.06,4.08,4.03,4.08,11304408.0,45843914.48
2023-03-01,sz.300189,4.07,4.11,4.07,4.11,13764438.0,56242388.04
2023-03-02,sz.300189,4.1,4.11,4.06,4.08,12553438.0,51219993.28
2023-03-03,sz.300189,4.08,4.1,4.05,4.09,11674244.0,47576998.52
2023-03-06,sz.300189,4.09,4.18,4.07,4.15,28715200.0,118772229.0
2023-03-07,sz.300189,4.15,4.16,4.07,4.08,21170500.0,87012119.0
2023-03-08,sz.300189,4.06,4.09,4.05,4.09,10525500.0,42836852.0
2023-03-09,sz.300189,4.1,4.1,4.03,4.07,13902506.0,56409280.3
2023-03-10,sz.300189,4.05,4.08,4.01,4.04,13614200.0,55031475.0
2023-03-13,sz.300189,4.03,4.05,3.98,4.01,13715950.0,55017607.0
2023-03-14,sz.300189,4.0,4.08,3.98,4.02,20918550.0,84389816.0
2023-03-15,sz.300189,4.01,4.05,3.99,4.03,13482142.0,54191784.86
2023-03-16,sz.300189,4.03,4.17,4.03,4.09,46010456.0,189506903.32
2023-03-17,sz.300189,4.06,4.12,4.01,4.08,29682038.0,120414945.14
2023-03-20,sz.300189,4.06,4.07,3.98,3.99,22788750.0,91369727.44
2023-03-21,sz.300189,4.0,4.03,3.98,4.02,12274555.0,49116511.0
2023-03-22,sz.300189,4.03,4.04,3.99,4.01,11848656.0,47502536.5
2023-03-23,sz.300189,4.01,4.03,3.98,4.0,13684400.0,54699138.0
2023-03-24,sz.300189,4.01,4.01,3.97,3.98,11811506.0,47033171.88
2023-03-27,sz.300189,3.99,4.0,3.97,4.0,10989951.0,43786655.53
2023-03-28,sz.300189,4.0,4.05,3.98,4.02,18280945.0,73436358.35
2023-03-29,sz.300189,4.0,4.01,3.93,3.93,17208800.0,68073550.0
2023-03-30,sz.300189,3.93,3.95,3.9,3.92,8865495.0,34693392.45
2023-03-31,sz.300189,3.95,3.99,3.93,3.99,13941750.0,55443246.0
2023-04-03,sz.300189,3.96,4.02,3.95,3.98,13365230.0,53298754.9
2023-04-04,sz.300189,3.98,3.99,3.92,3.95,12244450.0,48399120.0
2023-04-06,sz.300189,3.93,3.98,3.92,3.94,11020801.0,43505348.92
2023-04-07,sz.300189,3.94,3.96,3.92,3.93,10080900.0,39642432.0
2023-04-10,sz.300189,3.92,3.93,3.87,3.88,13792900.0,53722814.0
2023-04-11,sz.300189,3.89,3.92,3.86,3.9,8369310.0,32458754.8
2023-04-12,sz.300189,3.88,3.9,3.82,3.85,13309400.0,51257317.0
2023-04-13,sz.300189,3.86,3.87,3.78,3.78,14170268.0,54087027.04
2023-04-14,sz.300189,3.79,3.8,3.68,3.74,18714361.0,69825313.53
2023-04-17,sz.300189,3.73,3.78,3.72,3.77,8706100.0,32650979.0
2023-04-18,sz.300189,3.78,3.78,3.71,3.71,8745600.0,32660441.0
2023-04-19,sz.300189,3.71,3.74,3.7,3.71,7348500.0,27341912.0
2023-04-20,sz.300189,3.71,3.71,3.56,3.56,21868350.0,78452606.0
2023-04-21,sz.300189,3.56,3.63,3.53,3.53,12795488.0,45756080.68
2023-04-24,sz.300189,3.52,3.53,3.37,3.39,20554100.0,70038014.6
2023-04-25,sz.300189,3.37,3.42,3.25,3.3,22308510.0,73942195.28
2023-04-26,sz.300189,3.28,3.38,3.28,3.35,11837802.0,39608359.68
2023-04-27,sz.300189,3.35,3.36,3.29,3.31,9944740.0,33060835.18
2023-04-28,sz.300189,3.31,3.42,3.31,3.41,12048107.0,40737960.87
2023-05-04,sz.300189,3.42,3.48,3.41,3.47,14993094.0,51809774.28
2023-05-05,sz.300189,3.48,3.49,3.4,3.43,9308800.0,31905859.0
2023-05-08,sz.300189,3.45,3.45,3.37,3.4,9852654.0,33458287.06
2023-05-09,sz.300189,3.39,3.41,3.34,3.34,11503800.0,38756084.0
2023-05-10,sz.300189,3.35,3.37,3.34,3.35,7157580.0,23987162.2
2023-05-11,sz.300189,3.32,3.42,3.32,3.39,9427310.0,31848587.7
2023-05-12,sz.300189,3.39,3.4,3.33,3.34,8548100.0,28662479.0
2023-05-15,sz.300189,3.33,3.37,3.29,3.35,8049656.0,26789343.04
2023-05-16,sz.300189,3.35,3.35,3.29,3.29,7876100.0,26062865.0
2023-05-17,sz.300189,3.3,3.35,3.28,3.34,7530000.0,25020340.0
2023-05-18,sz.300189,3.35,3.35,3.32,3.34,5835518.0,19447425.44
2023-05-19,sz.300189,3.33,3.38,3.3,3.38,9289900.0,31115878.0
2023-05-22,sz.300189,3.38,3.42,3.36,3.41,10958200.0,37150033.5
2023-05-23,sz.300189,3.4,3.41,3.33,3.34,7980900.0,26859993.0
2023-05-24,sz.300189,3.34,3.35,3.3,3.3,6257400.0,20733291.0
2023-05-25,sz.300189,3.31,3.32,3.23,3.25,10270300.0,33524957.0
2023-05-26,sz.300189,3.26,3.27,3.2,3.24,6707800.0,21651548.0
2023-05-29,sz.300189,3.25,3.28,3.2,3.21,6833085.0,22139625.42
2023-05-30,sz.300189,3.22,3.22,3.12,3.18,11510939.0,36426682.34
2023-05-31,sz.300189,3.18,3.28,3.16,3.2,10566600.0,33975574.0
2023-06-01,sz.300189,3.17,3.28,3.14,3.26,16238368.0,52094253.32
2023-06-02,sz.300189,3.23,3.24,3.21,3.23,10324773.0,33322012.23
2023-06-05,sz.300189,3.24,3.24,3.19,3.2,7165000.0,22966558.0
2023-06-06,sz.300189,3.2,3.21,3.11,3.11,11166756.0,35105911.16
2023-06-07,sz.300189,3.12,3.15,3.11,3.13,6384700.0,19967093.0
2023-06-08,sz.300189,3.13,3.25,3.13,3.21,17805859.0,57109138.9
2023-06-09,sz.300189,3.19,3.2,3.15,3.18,10546117.0,33413633.89
2023-06-12,sz.300189,3.2,3.27,3.16,3.23,13277056.0,42950388.32
2023-06-13,sz.300189,3.23,3.23,3.18,3.2,8337505.0,26698488.9
2023-06-14,sz.300189,3.21,3.45,3.19,3.35,39753828.0,132669505.02
2023-06-15,sz.300189,3.32,3.32,3.25,3.28,23393100.0,76481156.0
2023-06-16,sz.300189,3.27,3.34,3.26,3.3,14202100.0,46911058.0
2023-06-19,sz.300189,3.3,3.36,3.27,3.32,13622200.0,45265728.0
2023-06-20,sz.300189,3.31,3.31,3.24,3.24,12219873.0,39900021.52
2023-06-21,sz.300189,3.25,3.27,3.17,3.17,11070600.0,35505034.0
2023-06-26,sz.300189,3.17,3.2,3.12,3.13,8325600.0,26231680.0
2023-06-27,sz.300189,3.14,3.18,3.13,3.18,6655817.0,21087069.89
2023-06-28,sz.300189,3.18,3.19,3.12,3.19,7378850.0,23306874.0
2023-06-29,sz.300189,3.2,3.21,3.17,3.18,6825136.0,21744894.12
2023-06-30,sz.300189,3.17,3.25,3.17,3.24,8796167.0,28351214.41
2023-07-03,sz.300189,3.25,3.27,3.23,3.26,9213800.0,29949404.0
2023-07-04,sz.300189,3.27,3.27,3.23,3.26,6389035.0,20737063.07
2023-07-05,sz.300189,3.26,3.26,3.22,3.25,6704500.0,21706956.33
2023-07-06,sz.300189,3.25,3.29,3.2,3.26,11441150.0,37139737.58
2023-07-07,sz.300189,3.24,3.85,3.24,3.65,108982308.0,392264751.15
2023-07-10,sz.300189,3.58,3.59,3.49,3.52,63916569.0,225960093.86
2023-07-11,sz.300189,3.51,3.55,3.42,3.46,39883418.0,138158916.28
2023-07-12,sz.300189,3.5,3.74,3.46,3.64,84703240.0,304416287.2
2023-07-13,sz.300189,3.57,3.63,3.55,3.61,46806500.0,167800544.0
2023-07-14,sz.300189,3.58,3.79,3.55,3.67,68739377.0,252702441.2
2023-07-17,sz.300189,3.66,3.83,3.61,3.72,67725787.0,253842861.2
2023-07-18,sz.300189,3.9,4.04,3.69,3.72,83096920.0,320345338.82
2023-07-19,sz.300189,3.64,3.71,3.59,3.63,57366854.0,208875880.14
2023-07-20,sz.300189,3.71,3.83,3.61,3.61,50771500.0,187980427.88
2023-07-21,sz.300189,3.65,3.94,3.65,3.81,98058639.0,374356273.24
2023-07-24,sz.300189,3.7,3.75,3.64,3.66,65139000.0,239759952.27
2023-07-25,sz.300189,3.7,3.72,3.62,3.64,42209450.0,153789245.0
2023-07-26,sz.300189,3.61,3.7,3.57,3.66,39278455.0,142654508.1
2023-07-27,sz.300189,3.63,3.64,3.56,3.57,32059250.0,114908589.0
2023-07-28,sz.300189,3.57,3.62,3.54,3.59,26002530.0,93142298.4
2023-07-31,sz.300189,3.67,3.9,3.67,3.88,110134139.0,421863051.25
2023-08-01,sz.300189,3.81,3.85,3.76,3.8,54520609.0,206742506.02
2023-08-02,sz.300189,3.76,3.81,3.74,3.76,34585700.0,130388881.0
2023-08-03,sz.300189,3.8,3.89,3.74,3.8,55474509.0,210351174.38
2023-08-04,sz.300189,3.74,3.81,3.73,3.76,41472325.0,155567360.25
2023-08-07,sz.300189,3.89,4.35,3.88,4.18,214597746.0,882031269.44
2023-08-08,sz.300189,4.14,4.31,4.04,4.11,174229334.0,723362160.03
2023-08-09,sz.300189,4.07,4.23,4.04,4.06,98641805.0,405362027.48
2023-08-10,sz.300189,4.1,4.29,4.06,4.18,130117029.0,544651499.95
2023-08-11,sz.300189,4.1,4.12,3.89,3.92,109234445.0,434994031.54
2023-08-14,sz.300189,3.82,3.84,3.73,3.77,56296400.0,212926727.0
2023-08-15,sz.300189,3.78,3.83,3.71,3.72,44124503.0,165803368.16
2023-08-16,sz.300189,3.68,3.8,3.67,3.7,37174500.0,138429748.0
2023-08-17,sz.300189,3.67,3.72,3.6,3.72,41933200.0,152915780.0
2023-08-18,sz.300189,3.7,3.7,3.53,3.54,46755602.0,168250365.12
2023-08-21,sz.300189,3.52,3.58,3.5,3.51,23544900.0,83352094.0
2023-08-22,sz.300189,3.54,3.59,3.46,3.56,31454600.0,110874111.0
2023-08-23,sz.300189,3.52,3.69,3.51,3.62,51355900.0,185840004.0
2023-08-24,sz.300189,3.58,3.84,3.52,3.79,88283261.0,326368465.36
2023-08-25,sz.300189,3.75,3.88,3.67,3.69,72750734.0,274466183.5
2023-08-28,sz.300189,3.8,3.87,3.66,3.7,58900684.0,221024076.28
2023-08-29,sz.300189,3.65,3.74,3.62,3.74,47108459.0,174207032.48
2023-08-30,sz.300189,3.71,3.71,3.62,3.65,37142377.0,135860737.28
2023-08-31,sz.300189,3.64,3.64,3.55,3.57,26893557.0,96392009.43
2023-09-01,sz.300189,3.59,3.66,3.58,3.63,28329209.0,102682124.15
2023-09-04,sz.300189,3.6,3.66,3.6,3.65,24786325.0,90022526.0
2023-09-05,sz.300189,3.63,3.65,3.59,3.62,20795900.0,75112406.0
2023-09-06,sz.300189,3.6,3.62,3.53,3.54,25369500.0,90114920.0
2023-09-07,sz.300189,3.54,3.57,3.47,3.48,19387400.0,68022678.0
2023-09-08,sz.300189,3.47,3.47,3.41,3.43,17772546.0,61089646.78
2023-09-11,sz.300189,3.44,3.47,3.43,3.46,14366610.0,49556065.3
2023-09-12,sz.300189,3.44,3.48,3.43,3.46,13676150.0,47316763.5
2023-09-13,sz.300189,3.45,3.46,3.38,3.41,17105300.0,58400373.0
2023-09-14,sz.300189,3.43,3.43,3.36,3.36,11470191.0,38719348.95
2023-09-15,sz.300189,3.39,3.41,3.37,3.39,11860505.0,40186499.95
2023-09-18,sz.300189,3.38,3.45,3.33,3.42,12428325.0,42315569.75
2023-09-19,sz.300189,3.42,3.45,3.39,3.41,15777656.0,53931670.4
2023-09-20,sz.300189,3.39,3.46,3.37,3.42,16476000.0,56388013.0
2023-09-21,sz.300189,3.41,3.43,3.33,3.34,15875800.0,53314290.0
2023-09-22,sz.300189,3.37,3.4,3.34,3.39,18654306.0,63121075.34
2023-09-25,sz.300189,3.39,3.43,3.37,3.4,16807900.0,57192326.0
2023-09-26,sz.300189,3.39,3.4,3.35,3.36,12372200.0,41669223.0
2023-09-27,sz.300189,3.36,3.38,3.3,3.31,15759475.0,52640347.5
2023-09-28,sz.300189,3.33,3.34,3.31,3.34,10408275.0,34618341.0
2023-10-09,sz.300189,3.34,3.34,3.28,3.29,12683400.0,41809137.0
2023-10-10,sz.300189,3.3,3.34,3.29,3.3,11289979.0,37359322.67
2023-10-11,sz.300189,3.31,3.32,3.27,3.28,10556100.0,34715370.0
2023-10-12,sz.300189,3.29,3.34,3.28,3.33,14387500.0,47686756.0
2023-10-13,sz.300189,3.33,3.34,3.27,3.29,13879000.0,45715954.0
2023-10-16,sz.300189,3.29,3.37,3.27,3.36,25570100.0,85461632.0
2023-10-17,sz.300189,3.34,3.35,3.25,3.29,21028900.0,69234086.0
2023-10-18,sz.300189,3.34,3.6,3.33,3.49,81536149.0,285322718.96
2023-10-19,sz.300189,3.37,3.49,3.32,3.37,51371796.0,173598868.64
2023-10-20,sz.300189,3.4,3.41,3.24,3.36,40872500.0,135715654.0
2023-10-23,sz.300189,3.31,3.32,3.2,3.22,24623540.0,80137394.5
2023-10-24,sz.300189,3.2,3.28,3.2,3.27,18287156.0,59547327.06
2023-10-25,sz.300189,3.28,3.37,3.27,3.3,24994850.0,83103923.0
2023-10-26,sz.300189,3.27,3.31,3.23,3.28,18426540.0,60125525.0
2023-10-27,sz.300189,3.26,3.34,3.26,3.33,20659000.0,68430635.0
2023-10-30,sz.300189,3.33,3.39,3.28,3.38,20904500.0,70391390.0
2023-10-31,sz.300189,3.38,3.4,3.34,3.37,15063450.0,50682030.5
2023-11-01,sz.300189,3.37,3.4,3.35,3.4,16828300.0,56849244.0
2023-11-02,sz.300189,3.38,3.39,3.33,3.34,16069000.0,53877683.0
2023-11-03,sz.300189,3.34,3.38,3.34,3.35,17977992.0,60371249.28
2023-11-06,sz.300189,3.36,3.4,3.35,3.4,22082492.0,74732887.54
2023-11-07,sz.300189,3.4,3.44,3.37,3.43,28712650.0,97917063.0
2023-11-08,sz.300189,3.42,3.45,3.4,3.42,20534000.0,70335948.0
2023-11-09,sz.300189,3.42,3.45,3.39,3.39,16035365.0,54760907.15
2023-11-10,sz.300189,3.39,3.43,3.38,3.41,17368300.0,59133430.5
2023-11-13,sz.300189,3.41,3.43,3.39,3.42,18247800.0,62136489.0
2023-11-14,sz.300189,3.41,3.44,3.38,3.4,13402750.0,45592178.0
2023-11-15,sz.300189,3.41,3.43,3.39,3.41,15684400.0,53439212.0
2023-11-16,sz.300189,3.4,3.44,3.39,3.39,15776900.0,53805347.0
2023-11-17,sz.300189,3.39,3.41,3.38,3.39,14229753.0,48265719.67
2023-11-20,sz.300189,3.4,3.47,3.39,3.45,26710234.0,91958493.3
2023-11-21,sz.300189,3.45,3.48,3.42,3.43,19208250.0,66372920.5
2023-11-22,sz.300189,3.44,3.47,3.41,3.43,19224900.0,66170686.0
2023-11-23,sz.300189,3.44,3.47,3.41,3.45,18414700.0,63308577.0
2023-11-24,sz.300189,3.45,3.53,3.44,3.52,52308800.0,183059042.0
2023-11-27,sz.300189,3.49,3.62,3.49,3.56,56584038.0,201768119.62
2023-11-28,sz.300189,3.56,3.59,3.48,3.57,39203602.0,138573631.1
2023-11-29,sz.300189,3.56,3.64,3.52,3.57,37726029.0,134840466.82
2023-11-30,sz.300189,3.55,3.57,3.49,3.52,26344100.0,92695419.0
2023-12-01,sz.300189,3.52,3.55,3.48,3.51,20987550.0,73717268.0
2023-12-04,sz.300189,3.48,3.5,3.44,3.46,28688700.0,99347436.0
2023-12-05,sz.300189,3.44,3.5,3.41,3.41,21351400.0,73869196.0
2023-12-06,sz.300189,3.4,3.48,3.39,3.47,23723250.0,81704277.5
2023-12-07,sz.300189,3.45,3.46,3.39,3.43,20555200.0,70341823.0
2023-12-08,sz.300189,3.43,3.46,3.31,3.32,30318700.0,101756223.0
2023-12-11,sz.300189,3.31,3.33,3.27,3.32,19211000.0,63486064.0
2023-12-12,sz.300189,3.33,3.35,3.3,3.34,13594850.0,45222509.5
2023-12-13,sz.300189,3.33,3.34,3.29,3.29,14206700.0,47091113.0
2023-12-14,sz.300189,3.31,3.35,3.29,3.31,15660300.0,51967860.0
2023-12-15,sz.300189,3.3,3.33,3.29,3.3,14747900.0,48762888.0
2023-12-18,sz.300189,3.29,3.32,3.22,3.23,16626100.0,54259879.0
2023-12-19,sz.300189,3.24,3.3,3.22,3.26,15211800.0,49505034.0
2023-12-20,sz.300189,3.27,3.36,3.25,3.27,24039300.0,79399373.0
2023-12-21,sz.300189,3.39,3.58,3.38,3.4,77992908.0,269602092.36
2023-12-22,sz.300189,3.38,3.44,3.26,3.26,49327808.0,163693321.16
2023-12-25,sz.300189,3.25,3.27,3.17,3.18,28726300.0,91922699.0
2023-12-26,sz.300189,3.19,3.21,3.15,3.16,16989105.0,54039406.9
2023-12-27,sz.300189,3.19,3.24,3.14,3.21,18533030.0,59080497.7
2023-12-28,sz.300189,3.18,3.25,3.15,3.25,21149731.0,67939605.24
2023-12-29,sz.300189,3.24,3.29,3.22,3.29,18730711.0,61192286.86
2024-01-02,sz.300189,3.27,3.33,3.27,3.31,20132200.0,66621460.0
2024-01-03,sz.300189,3.3,3.32,3.27,3.3,12778540.0,42109033.6
2024-01-04,sz.300189,3.28,3.3,3.25,3.27,11558100.0,37879767.0
2024-01-05,sz.300189,3.25,3.28,3.18,3.19,15075000.0,48629645.0
2024-01-08,sz.300189,3.2,3.2,3.14,3.15,14757900.0,46756398.0
2024-01-09,sz.300189,3.14,3.2,3.14,3.17,10211009.0,32310349.35
2024-01-10,sz.300189,3.16,3.18,3.11,3.16,10813989.0,34123201.54
2024-01-11,sz.300189,3.16,3.21,3.14,3.2,9578088.0,30510685.72
2024-01-12,sz.300189,3.19,3.26,3.17,3.19,10625010.0,34134828.1
2024-01-15,sz.300189,3.18,3.24,3.16,3.19,10928300.0,34849033.0
2024-01-16,sz.300189,3.17,3.19,3.11,3.15,13427098.0,42169840.78
2024-01-17,sz.300189,3.15,3.15,3.04,3.05,15641300.0,48260161.0
2024-01-18,sz.300189,3.0,3.05,2.93,3.01,18346100.0,54597753.0
2024-01-19,sz.300189,3.01,3.04,2.98,2.99,8134800.0,24469938.0
2024-01-22,sz.300189,3.01,3.01,2.79,2.81,17956950.0,51856070.5
2024-01-23,sz.300189,2.82,2.86,2.77,2.83,11449100.0,32320568.0
2024-01-24,sz.300189,2.85,2.9,2.78,2.89,15454758.0,43970263.46
2024-01-25,sz.300189,2.9,2.99,2.87,2.98,13991010.0,41194040.38
2024-01-26,sz.300189,2.98,3.27,2.96,3.09,43550902.0,136241049.87
2024-01-29,sz.300189,3.0,3.05,2.92,2.92,28352800.0,84769696.0
2024-01-30,sz.300189,2.88,3.16,2.87,3.03,49223329.0,150677318.14
2024-01-31,sz.300189,2.96,3.05,2.86,2.87,38390000.0,112706812.0
2024-02-01,sz.300189,2.83,2.94,2.74,2.81,26515148.0,75823475.24
2024-02-02,sz.300189,2.83,2.89,2.6,2.69,27980700.0,77505907.0
2024-02-05,sz.300189,2.75,2.83,2.45,2.53,34861435.0,91298642.3
2024-02-06,sz.300189,2.4,2.64,2.2,2.56,28668113.0,69707379.24
2024-02-07,sz.300189,2.64,2.72,2.5,2.53,25246428.0,65228030.78
2024-02-08,sz.300189,2.55,2.68,2.51,2.67,23327868.0,60855466.95
2024-02-19,sz.300189,2.7,2.76,2.66,2.72,21579296.0,58625527.21
2024-02-20,sz.300189,2.69,2.73,2.65,2.71,15445659.0,41483714.71
2024-02-21,sz.300189,2.68,2.8,2.66,2.75,24497659.0,67420485.74
2024-02-22,sz.300189,2.73,2.98,2.72,2.88,45938304.0,131515741.93
2024-02-23,sz.300189,2.84,2.89,2.78,2.88,36165173.0,102655252.54
2024-02-26,sz.300189,2.88,2.92,2.83,2.89,27098541.0,78044339.26
2024-02-27,sz.300189,2.86,3.02,2.85,2.97,32415772.0,95797011.74
2024-02-28,sz.300189,2.96,3.26,2.87,3.08,79016298.0,240848747.98
2024-02-29,sz.300189,2.98,3.21,2.92,3.14,70863584.0,218748243.08
2024-03-01,sz.300189,3.06,3.13,3.03,3.09,43790998.0,134750520.38
2024-03-04,sz.300189,3.07,3.17,2.99,3.05,39094543.0,120268722.91
2024-03-05,sz.300189,3.04,3.05,2.93,2.93,29796400.0,89012068.67
2024-03-06,sz.300189,2.93,2.98,2.9,2.94,19390621.0,56984139.92
2024-03-07,sz.300189,2.94,2.99,2.93,2.94,21625908.0,63910460.6
2024-03-08,sz.300189,2.96,2.96,2.87,2.91,16902400.0,49097277.0
2024-03-11,sz.300189,2.91,2.94,2.89,2.94,14370316.0,41961166.88
2024-03-12,sz.300189,2.95,3.03,2.93,3.01,31959945.0,95476771.99
2024-03-13,sz.300189,3.1,3.2,3.02,3.02,45626816.0,141001288.44
2024-03-14,sz.300189,2.94,3.01,2.94,2.96,27382100.0,81132821.0
2024-03-15,sz.300189,2.96,2.99,2.93,2.99,17052215.0,50636872.71
2024-03-18,sz.300189,2.98,3.01,2.97,3.01,17938840.0,53590312.18
2024-03-19,sz.300189,2.99,3.08,2.98,3.05,28601799.0,86921005.97
2024-03-20,sz.300189,3.06,3.09,3.02,3.04,21736300.0,66155526.0
2024-03-21,sz.300189,3.02,3.1,3.02,3.08,32215131.0,98831958.6
2024-03-22,sz.300189,3.07,3.07,2.96,2.97,27041000.0,81058218.0
2024-03-25,sz.300189,2.95,2.97,2.87,2.87,17361989.0,50818379.55
2024-03-26,sz.300189,2.87,2.92,2.81,2.87,13660560.0,39066927.2
2024-03-27,sz.300189,2.87,2.89,2.81,2.81,14404200.0,41015964.0
2024-03-28,sz.300189,2.77,2.86,2.77,2.82,12799000.0,36090236.0
2024-03-29,sz.300189,2.82,2.87,2.8,2.86,12884400.0,36558976.0
2024-04-01,sz.300189,2.86,2.91,2.85,2.9,14188881.0,40971176.77
2024-04-02,sz.300189,2.89,2.91,2.85,2.87,13029153.0,37424835.08
2024-04-03,sz.300189,2.87,2.94,2.85,2.92,18816238.0,54562817.06
2024-04-08,sz.300189,2.92,2.92,2.82,2.83,17207833.0,49349127.41
2024-04-09,sz.300189,2.84,3.0,2.8,2.94,31644007.0,92085665.68
2024-04-10,sz.300189,2.88,2.89,2.8,2.82,23592102.0,66958023.6
2024-04-11,sz.300189,2.81,2.87,2.77,2.84,15476300.0,43852366.0
2024-04-12,sz.300189,2.82,2.83,2.73,2.74,14295800.0,39769210.0
2024-04-15,sz.300189,2.73,2.76,2.52,2.59,18029750.0,47497047.0
2024-04-16,sz.300189,2.58,2.59,2.32,2.32,24698400.0,59731508.35
2024-04-17,sz.300189,2.35,2.47,2.35,2.45,16065400.0,39158170.0
2024-04-18,sz.300189,2.46,2.47,2.4,2.42,11642100.0,28314556.0
2024-04-19,sz.300189,2.42,2.64,2.38,2.52,27986248.0,70067816.6
2024-04-22,sz.300189,2.48,2.49,2.42,2.45,13602600.0,33414215.0
2024-04-23,sz.300189,2.49,2.51,2.43,2.44,11457865.0,28181421.95
2024-04-24,sz.300189,2.44,2.45,2.42,2.44,10031400.0,24413006.0
2024-04-25,sz.300189,2.45,2.46,2.42,2.43,11234848.0,27391460.6
2024-04-26,sz.300189,2.43,2.44,2.35,2.43,20286755.0,48825692.45
2024-04-29,sz.300189,2.43,2.52,2.41,2.52,21478855.0,53510310.4
2024-04-30,sz.300189,2.53,2.55,2.46,2.48,14541700.0,36409877.0
2024-05-06,sz.300189,2.51,2.57,2.51,2.53,13118600.0,33216111.0
2024-05-07,sz.300189,2.55,2.56,2.51,2.54,12137200.0,30731660.0
2024-05-08,sz.300189,2.54,2.62,2.5,2.62,32948450.0,84696410.0
2024-05-09,sz.300189,2.58,2.65,2.57,2.63,30640700.0,79969264.97
2024-05-10,sz.300189,2.62,2.75,2.58,2.58,31608100.0,83679189.0
2024-05-13,sz.300189,2.55,2.56,2.47,2.48,21476850.0,53879622.5
2024-05-14,sz.300189,2.48,2.59,2.48,2.54,17766050.0,44952009.0
2024-05-15,sz.300189,2.53,2.53,2.49,2.5,11388400.0,28566850.0
2024-05-16,sz.300189,2.5,2.53,2.49,2.5,11317300.0,28418179.0
2024-05-17,sz.300189,2.45,2.48,2.29,2.35,55931790.0,131981092.1
2024-05-20,sz.300189,2.32,2.39,2.32,2.36,21568113.0,50924951.55
2024-05-21,sz.300189,2.37,2.37,2.28,2.31,18389300.0,42365154.0
2024-05-22,sz.300189,2.32,2.33,2.28,2.3,13562700.0,31184303.0
2024-05-23,sz.300189,2.3,2.3,2.26,2.27,15590900.0,35526963.0
2024-05-24,sz.300189,2.3,2.43,2.29,2.34,30257141.0,71320986.88
2024-05-27,sz.300189,2.28,2.3,2.22,2.25,29570300.0,66599981.0
2024-05-28,sz.300189,2.25,2.25,2.16,2.17,22377439.0,49195850.63
2024-05-29,sz.300189,2.18,2.24,2.15,2.19,17222442.0,37806444.76
2024-05-30,sz.300189,2.19,2.2,2.15,2.17,10412553.0,22559108.48
2024-05-31,sz.300189,2.19,2.22,2.17,2.2,11388003.0,24997693.57
2024-06-03,sz.300189,2.21,2.21,2.15,2.16,10606700.0,22987180.64
2024-06-04,sz.300189,2.16,2.16,1.97,2.04,36111700.0,73585747.0
2024-06-05,sz.300189,2.03,2.03,1.97,1.97,18387108.0,36692163.92
2024-06-06,sz.300189,1.95,2.01,1.78,1.8,48147693.0,89058187.2
2024-06-07,sz.300189,1.81,1.89,1.81,1.88,26152960.0,48764437.1
2024-06-11,sz.300189,1.9,1.9,1.83,1.88,17889600.0,33408963.0
2024-06-12,sz.300189,1.9,1.93,1.89,1.92,13446700.0,25743699.5
2024-06-13,sz.300189,1.93,1.94,1.86,1.86,12508600.0,23568344.0
2024-06-14,sz.300189,1.85,1.88,1.83,1.86,11246300.0,20860391.0
2024-06-17,sz.300189,1.87,1.87,1.81,1.81,10342900.0,18869111.0
2024-06-18,sz.300189,1.82,1.86,1.81,1.84,10988600.0,20185658.0
2024-06-19,sz.300189,1.84,1.86,1.81,1.82,10474003.0,19161039.52
2024-06-20,sz.300189,1.82,1.82,1.76,1.77,13162300.0,23511176.0
2024-06-21,sz.300189,1.78,1.85,1.75,1.83,18438850.0,33410182.71
2024-06-24,sz.300189,1.84,1.84,1.71,1.72,17881050.0,31246606.0
2024-06-25,sz.300189,1.72,1.76,1.71,1.72,11132800.0,19289336.0
2024-06-26,sz.300189,1.72,1.77,1.68,1.77,13592000.0,23562096.0
2024-06-27,sz.300189,1.8,1.9,1.74,1.83,32840279.0,59585472.07
2024-06-28,sz.300189,1.81,1.87,1.78,1.79,31624900.0,57132387.0
2024-07-01,sz.300189,1.74,2.1,1.74,1.99,76032422.0,148483575.52
2024-07-02,sz.300189,2.0,2.38,1.94,2.23,122736159.0,264352174.83
2024-07-03,sz.300189,2.44,2.62,2.15,2.15,151728193.0,364144878.34
2024-07-04,sz.300189,2.0,2.26,1.9,2.17,116231157.0,239421279.82
2024-07-05,sz.300189,2.09,2.12,2.01,2.01,74566100.0,152521856.0
2024-07-08,sz.300189,1.98,2.0,1.86,1.86,64137400.0,122330202.0
2024-07-09,sz.300189,1.81,1.9,1.76,1.85,48072330.0,87259267.8
2024-07-10,sz.300189,1.82,1.82,1.77,1.78,32272400.0,57809732.0
2024-07-11,sz.300189,1.8,1.98,1.8,1.96,61343250.0,116989849.5
2024-07-12,sz.300189,1.99,2.1,1.95,1.97,62788600.0,126193687.0
2024-07-15,sz.300189,1.97,1.99,1.89,1.89,32365898.0,61975225.2
2024-07-16,sz.300189,1.89,1.97,1.88,1.9,26242240.0,50421553.0
2024-07-17,sz.300189,1.9,1.98,1.89,1.95,36240000.0,70336097.0
2024-07-18,sz.300189,1.94,2.0,1.86,1.99,43629240.0,84199761.2
2024-07-19,sz.300189,1.95,1.97,1.91,1.94,31347340.0,60539530.2
2024-07-22,sz.300189,1.93,1.93,1.89,1.91,18474600.0,35168890.0
2024-07-23,sz.300189,1.91,1.94,1.86,1.87,23099600.0,44043006.0
2024-07-24,sz.300189,1.88,1.88,1.8,1.81,22114300.0,40260323.0
2024-07-25,sz.300189,1.79,1.84,1.78,1.81,14700200.0,26586892.0
2024-07-26,sz.300189,1.81,1.85,1.79,1.84,15978500.0,29250284.0
2024-07-29,sz.300189,1.83,1.86,1.81,1.85,15852700.0,29225490.0
2024-07-30,sz.300189,1.85,1.92,1.84,1.91,22439861.0,42452256.46
2024-07-31,sz.300189,1.89,1.95,1.88,1.95,24619300.0,47540575.0
2024-08-01,sz.300189,1.94,1.97,1.92,1.94,18530670.0,36023363.1
2024-08-02,sz.300189,1.93,1.98,1.92,1.94,21387000.0,41687380.0
2024-08-05,sz.300189,1.94,1.98,1.91,1.91,25241770.0,49169599.8
2024-08-06,sz.300189,2.08,2.22,2.01,2.05,85094078.0,179165147.26
2024-08-07,sz.300189,1.99,2.05,1.95,1.96,59164700.0,116799299.0
2024-08-08,sz.300189,1.94,2.35,1.93,2.35,152117259.0,330353202.97
2024-08-09,sz.300189,2.25,2.5,2.16,2.32,170735908.0,390419722.41
2024-08-12,sz.300189,2.27,2.3,2.16,2.2,82661700.0,182741369.68
2024-08-13,sz.300189,2.21,2.28,2.13,2.17,66679836.0,146546202.2
2024-08-14,sz.300189,2.15,2.24,2.11,2.19,55287236.0,119554095.48
2024-08-15,sz.300189,2.14,2.27,2.13,2.25,79636736.0,175392338.76
2024-08-16,sz.300189,2.22,2.23,2.13,2.13,55888200.0,121283052.0
2024-08-19,sz.300189,2.09,2.28,2.06,2.21,81097900.0,178658729.5
2024-08-20,sz.300189,2.15,2.2,2.1,2.11,50948800.0,108733697.0
2024-08-21,sz.300189,2.1,2.13,2.07,2.09,28066061.0,58677783.49
2024-08-22,sz.300189,2.09,2.1,1.99,2.0,38918805.0,79022577.4
2024-08-23,sz.300189,2.02,2.04,1.96,1.97,27099900.0,53921955.0
2024-08-26,sz.300189,1.98,2.1,1.98,2.05,43878432.0,89930022.92
2024-08-27,sz.300189,2.01,2.1,1.98,2.0,33036500.0,66785611.0
2024-08-28,sz.300189,1.96,2.06,1.95,2.01,28091500.0,56588496.0
2024-08-29,sz.300189,2.0,2.02,1.96,2.02,25791700.0,51389631.0
2024-08-30,sz.300189,2.02,2.13,2.0,2.1,53545200.0,111406197.0
2024-09-02,sz.300189,2.13,2.2,2.1,2.11,54940400.0,117974148.0
2024-09-03,sz.300189,2.08,2.23,2.08,2.19,58752076.0,126837127.07
2024-09-04,sz.300189,2.19,2.35,2.17,2.18,79671976.0,179507991.42
2024-09-05,sz.300189,2.22,2.22,2.14,2.17,51795200.0,112650276.0
2024-09-06,sz.300189,2.16,2.23,2.14,2.14,41937900.0,91435516.0
2024-09-09,sz.300189,2.14,2.19,2.1,2.18,38528100.0,82785773.56
2024-09-10,sz.300189,2.16,2.17,2.09,2.13,34035808.0,72154669.52
2024-09-11,sz.300189,2.08,2.09,2.05,2.07,28444476.0,58777284.32
2024-09-12,sz.300189,2.06,2.2,2.05,2.14,55590278.0,119551313.42
2024-09-13,sz.300189,2.15,2.19,2.11,2.14,35577502.0,76422445.28
2024-09-18,sz.300189,2.12,2.14,2.04,2.05,30491402.0,63117683.12
2024-09-19,sz.300189,2.09,2.21,2.07,2.17,59853592.0,129401471.72
2024-09-20,sz.300189,2.17,2.18,2.12,2.15,35988700.0,77090489.0
2024-09-23,sz.300189,2.12,2.14,2.09,2.13,28222870.0,59591302.3
2024-09-24,sz.300189,2.13,2.2,2.12,2.2,49832720.0,108402373.8
2024-09-25,sz.300189,2.23,2.28,2.2,2.24,59608000.0,133846778.0
2024-09-26,sz.300189,2.23,2.31,2.22,2.3,50829100.0,115495922.0
2024-09-27,sz.300189,2.32,2.47,2.3,2.4,78561900.0,186248270.0
2024-09-30,sz.300189,2.47,2.8,2.43,2.75,125031576.0,326760195.26
2024-10-08,sz.300189,3.27,3.27,2.8,3.15,151542988.0,458373603.99
2024-10-09,sz.300189,2.98,3.0,2.66,2.67,101599189.0,287677066.05
2024-10-10,sz.300189,2.72,3.06,2.72,2.85,112390975.0,325282051.45
2024-10-11,sz.300189,2.76,2.78,2.58,2.63,70941811.0,189538008.93
2024-10-14,sz.300189,2.63,2.85,2.61,2.75,70244680.0,192434595.4
2024-10-15,sz.300189,2.7,2.9,2.66,2.82,87363800.0,243067533.57
2024-10-16,sz.300189,2.76,2.93,2.74,2.83,79068150.0,224028446.0
2024-10-17,sz.300189,2.82,2.88,2.76,2.81,57779120.0,162270745.73
2024-10-18,sz.300189,2.8,2.88,2.68,2.84,75390731.0,209265485.97
2024-10-21,sz.300189,2.79,2.97,2.79,2.93,88972477.0,256699317.76
2024-10-22,sz.300189,2.91,3.39,2.89,3.16,181969183.0,569716768.07
2024-10-23,sz.300189,3.1,3.27,2.98,3.18,155629277.0,480860642.1
2024-10-24,sz.300189,3.09,3.14,3.01,3.01,89748300.0,274450409.0
2024-10-25,sz.300189,2.95,3.15,2.94,3.04,85160077.0,259925325.63
2024-10-28,sz.300189,3.03,3.35,3.02,3.27,160880732.0,522141829.0
2024-10-29,sz.300189,3.2,3.27,3.11,3.11,113891420.0,362035396.66
2024-10-30,sz.300189,3.08,3.25,3.04,3.18,109627440.0,344366446.59
2024-10-31,sz.300189,3.12,3.34,3.08,3.28,124071532.0,403826421.95
2024-11-01,sz.300189,3.25,3.63,3.22,3.24,167586098.0,564712900.44
2024-11-04,sz.300189,3.15,3.19,3.0,3.12,103808147.0,321778334.77
2024-11-05,sz.300189,3.1,3.32,3.07,3.29,118323807.0,383222218.85
2024-11-06,sz.300189,3.37,3.95,3.32,3.95,326700051.0,1218930606.94
2024-11-07,sz.300189,4.23,4.6,4.16,4.31,402827107.0,1760934325.57
2024-11-08,sz.300189,4.2,4.5,3.98,4.02,270959660.0,1124424815.8
2024-11-11,sz.300189,3.9,3.95,3.76,3.92,166867228.0,643265034.62
2024-11-12,sz.300189,3.86,3.94,3.74,3.8,121209373.0,466388104.5
2024-11-13,sz.300189,3.88,4.0,3.77,3.83,110868021.0,428665398.29
2024-11-14,sz.300189,3.74,3.79,3.57,3.57,106924605.0,391358813.93
2024-11-15,sz.300189,3.58,3.6,3.4,3.41,76030682.0,265866851.07
2024-11-18,sz.300189,3.41,3.46,3.23,3.27,65225568.0,216206279.2
2024-11-19,sz.300189,3.3,3.38,3.26,3.37,57972402.0,192362190.4
2024-11-20,sz.300189,3.38,3.58,3.35,3.57,95914638.0,335951975.59
2024-11-21,sz.300189,3.51,3.8,3.48,3.63,109803275.0,397637598.68
2024-11-22,sz.300189,3.56,3.75,3.53,3.58,111152478.0,404934561.68
2024-11-25,sz.300189,3.51,3.73,3.43,3.65,86244978.0,311761058.9
2024-11-26,sz.300189,3.81,4.07,3.66,3.68,136815730.0,526347631.72
2024-11-27,sz.300189,3.55,3.81,3.47,3.74,106443328.0,387016383.36
2024-11-28,sz.300189,3.7,4.07,3.69,3.99,183422952.0,722592531.28
2024-11-29,sz.300189,3.9,4.16,3.86,4.13,189145690.0,759544383.66
2024-12-02,sz.300189,4.25,4.96,4.14,4.96,329178348.0,1540898077.29
2024-12-03,sz.300189,5.15,5.29,4.55,4.58,384768465.0,1862987966.29
2024-12-04,sz.300189,4.36,4.62,4.26,4.31,221503950.0,981411893.2
2024-12-05,sz.300189,4.26,4.56,4.16,4.39,169286536.0,743441321.06
2024-12-06,sz.300189,4.31,4.74,4.28,4.54,191433589.0,856066682.6
2024-12-09,sz.300189,4.45,4.53,4.36,4.43,118959300.0,525649922.0
2024-12-10,sz.300189,4.6,4.73,4.45,4.5,168921558.0,772064300.76
2024-12-11,sz.300189,4.43,4.68,4.42,4.58,144039914.0,658513348.18
2024-12-12,sz.300189,4.53,4.78,4.41,4.76,173180575.0,800777771.91
2024-12-13,sz.300189,4.7,4.98,4.65,4.66,196038032.0,943703583.38
2024-12-16,sz.300189,4.63,5.24,4.63,4.9,220776341.0,1074629614.61
2024-12-17,sz.300189,4.9,5.24,4.56,4.87,218222187.0,1066399479.85
2024-12-18,sz.300189,4.79,4.97,4.66,4.73,155211143.0,743603115.96
2024-12-19,sz.300189,4.6,4.6,4.21,4.22,169017530.0,737341449.6
2024-12-20,sz.300189,4.14,4.38,4.14,4.29,99910298.0,424989194.08
2024-12-23,sz.300189,4.18,4.24,3.79,3.8,135784500.0,533554887.53
2024-12-24,sz.300189,3.77,3.86,3.53,3.69,117675973.0,428827900.68
2024-12-25,sz.300189,3.68,3.69,3.37,3.47,100467214.0,348305683.74
2024-12-26,sz.300189,3.44,3.58,3.44,3.49,98834200.0,345598618.0
2024-12-27,sz.300189,3.49,4.12,3.44,4.06,214252548.0,823874552.4
2024-12-30,sz.300189,3.96,3.98,3.81,3.87,137122943.0,529730329.65
2024-12-31,sz.300189,3.87,4.14,3.83,3.93,149137215.0,595342280.19
2025-01-02,sz.300189,3.87,4.09,3.8,3.87,115335731.0,456578794.07
2025-01-03,sz.300189,3.84,3.84,3.52,3.56,106096027.0,385994470.07
2025-01-06,sz.300189,3.5,3.64,3.35,3.43,76165300.0,264564732.0
2025-01-07,sz.300189,3.47,3.74,3.45,3.65,99402700.0,357621510.0
2025-01-08,sz.300189,3.6,3.66,3.45,3.62,86328100.0,306858883.0
2025-01-09,sz.300189,3.6,3.78,3.56,3.69,89409705.0,329166122.8
2025-01-10,sz.300189,3.64,3.9,3.57,3.66,100778732.0,373658968.38
2025-01-13,sz.300189,3.52,3.66,3.51,3.6,53895532.0,193572151.24
2025-01-14,sz.300189,3.6,3.88,3.6,3.82,98687929.0,370733816.34
2025-01-15,sz.300189,3.78,3.94,3.77,3.88,96299432.0,371475318.84
2025-01-16,sz.300189,3.88,4.04,3.85,3.92,105994882.0,417799142.94
2025-01-17,sz.300189,3.89,3.95,3.82,3.84,67786100.0,263081986.0
2025-01-20,sz.300189,3.83,3.87,3.71,3.77,71406850.0,268786865.0
2025-01-21,sz.300189,3.79,3.81,3.54,3.6,77044781.0,279106010.79
2025-01-22,sz.300189,3.58,3.65,3.52,3.63,45749997.0,164425768.94
2025-01-23,sz.300189,3.71,3.85,3.63,3.63,79612078.0,298729208.92
2025-01-24,sz.300189,3.53,3.64,3.52,3.6,60295033.0,215562994.39
2025-01-27,sz.300189,3.61,3.71,3.59,3.62,55479350.0,202554073.5
2025-02-05,sz.300189,3.6,3.8,3.56,3.79,89830850.0,333601090.5
2025-02-06,sz.300189,3.75,3.87,3.68,3.86,95193205.0,360523802.8
2025-02-07,sz.300189,3.82,3.95,3.8,3.88,104232900.0,404098999.0
2025-02-10,sz.300189,3.85,3.93,3.84,3.93,84592100.0,329274538.0
2025-02-11,sz.300189,3.9,3.95,3.82,3.88,68929902.0,266891938.72
2025-02-12,sz.300189,3.84,3.92,3.84,3.9,61148087.0,236984974.96
2025-02-13,sz.300189,3.89,4.14,3.88,3.97,159747155.0,644742751.17
2025-02-14,sz.300189,3.93,4.08,3.9,4.0,115338952.0,458267113.47
2025-02-17,sz.300189,3.95,4.34,3.94,4.28,182924131.0,766569272.25
2025-02-18,sz.300189,4.21,4.26,4.06,4.12,133129678.0,549193204.98
2025-02-19,sz.300189,4.11,4.18,4.01,4.18,108225483.0,445209078.41
2025-02-20,sz.300189,4.13,4.3,4.08,4.24,119074900.0,500954330.0
2025-02-21,sz.300189,4.2,4.47,4.17,4.34,140543900.0,604796018.5
2025-02-24,sz.300189,4.55,4.99,4.38,4.41,286045113.0,1339625556.1
2025-02-25,sz.300189,4.21,4.28,4.11,4.12,172573747.0,720444162.73
2025-02-26,sz.300189,4.08,4.12,3.98,4.02,123495236.0,496981490.72
2025-02-27,sz.300189,4.0,4.18,3.98,4.13,121956882.0,501732830.64
2025-02-28,sz.300189,4.08,4.09,3.87,3.88,99796140.0,394517634.94
2025-03-03,sz.300189,3.9,4.09,3.83,4.03,97048470.0,386664664.1
2025-03-04,sz.300189,4.05,4.12,3.95,4.04,76267407.0,306221902.28
2025-03-05,sz.300189,4.05,4.06,3.92,3.99,60303996.0,239022486.78
2025-03-06,sz.300189,3.98,4.02,3.95,4.0,69672152.0,277391731.41
2025-03-07,sz.300189,3.97,3.98,3.87,3.9,64663737.0,253611407.3
2025-03-10,sz.300189,3.94,3.96,3.87,3.9,37910444.0,148273536.72
2025-03-11,sz.300189,3.87,4.04,3.83,4.0,77687248.0,307400859.72
2025-03-12,sz.300189,3.96,3.99,3.92,3.92,57903981.0,228114492.38
2025-03-13,sz.300189,3.93,3.95,3.82,3.85,42965800.0,166496478.0
2025-03-14,sz.300189,3.83,3.92,3.82,3.91,41331413.0,160893027.42
2025-03-17,sz.300189,3.93,4.09,3.93,4.02,82612447.0,332603145.57
2025-03-18,sz.300189,3.98,4.01,3.93,3.97,53066016.0,209997044.06
2025-03-19,sz.300189,3.95,3.97,3.87,3.88,46937709.0,182991167.83
2025-03-20,sz.300189,3.87,3.9,3.82,3.83,43590350.0,168079120.5
2025-03-21,sz.300189,3.8,3.85,3.73,3.74,43763924.0,165253693.42
2025-03-24,sz.300189,3.76,3.77,3.54,3.62,53485500.0,193824412.0
2025-03-25,sz.300189,3.63,3.64,3.56,3.59,28798705.0,103535127.95
2025-03-26,sz.300189,3.57,3.65,3.56,3.61,29801600.0,107899878.0
2025-03-27,sz.300189,3.59,3.62,3.51,3.53,31973100.0,113567901.22
2025-03-28,sz.300189,3.53,3.54,3.45,3.46,32946296.0,114613608.2
2025-03-31,sz.300189,3.44,3.45,3.34,3.41,32843763.0,111218753.2
2025-04-01,sz.300189,3.43,3.47,3.38,3.46,32294063.0,111089609.46
2025-04-02,sz.300189,3.47,3.48,3.41,3.42,26225043.0,90197589.84
2025-04-03,sz.300189,3.49,3.64,3.49,3.59,86735100.0,309677447.85
2025-04-07,sz.300189,3.71,4.31,3.7,4.31,391273158.0,1608907621.33
2025-04-08,sz.300189,4.4,5.17,4.13,5.17,442029909.0,2086568692.14
2025-04-09,sz.300189,5.58,6.08,5.18,5.67,526332072.0,2997481122.67
2025-04-10,sz.300189,5.08,5.97,5.08,5.6,451794779.0,2497087349.78
2025-04-11,sz.300189,5.39,5.44,4.84,4.87,362916987.0,1831788962.17
2025-04-14,sz.300189,4.84,5.28,4.68,5.06,331322403.0,1651758112.73
2025-04-15,sz.300189,5.23,5.26,4.77,4.82,234683294.0,1150506706.57
2025-04-16,sz.300189,4.74,4.92,4.43,4.54,233493719.0,1084203769.98
2025-04-17,sz.300189,4.45,4.55,4.33,4.37,194897331.0,863883330.2
2025-04-18,sz.300189,4.38,4.42,4.15,4.16,176175883.0,744030473.91
2025-04-21,sz.300189,4.14,4.3,4.13,4.25,135909694.0,573472792.45
2025-04-22,sz.300189,4.28,4.58,4.22,4.57,273483594.0,1198929726.65
2025-04-23,sz.300189,4.41,4.44,4.2,4.21,211097947.0,908441818.4
2025-04-24,sz.300189,4.11,4.21,3.98,4.01,153419600.0,625793707.0
2025-04-25,sz.300189,4.0,4.05,3.87,3.88,122428200.0,483149412.0
2025-04-28,sz.300189,3.95,4.09,3.89,3.92,124706647.0,496106043.53
2025-04-29,sz.300189,3.9,3.99,3.83,3.93,87674750.0,344303888.0
2025-04-30,sz.300189,3.95,4.02,3.93,3.95,75494850.0,299248083.0
2025-05-06,sz.300189,3.98,4.11,3.96,4.11,112508200.0,458297217.19
2025-05-07,sz.300189,4.18,4.63,4.06,4.46,286905681.0,1235691775.91
2025-05-08,sz.300189,4.3,4.44,4.23,4.38,184273731.0,800212676.54
2025-05-09,sz.300189,4.45,4.68,4.31,4.34,226586025.0,1018594427.03
2025-05-12,sz.300189,4.29,4.32,4.15,4.23,167469600.0,704745492.5
2025-05-13,sz.300189,4.2,4.29,4.15,4.18,113878200.0,478727092.0
2025-05-14,sz.300189,4.18,4.34,4.12,4.28,156863298.0,667899744.48
2025-05-15,sz.300189,4.25,4.51,4.18,4.43,216419299.0,946900199.02
2025-05-16,sz.300189,4.35,4.38,4.21,4.24,137148302.0,583386550.6
2025-05-19,sz.300189,4.23,4.3,4.18,4.28,93115726.0,396166943.71
2025-05-20,sz.300189,4.24,4.43,4.23,4.35,121509366.0,529852600.59
2025-05-21,sz.300189,4.33,4.48,4.24,4.41,143731005.0,626076358.5
2025-05-22,sz.300189,4.34,4.57,4.32,4.43,184726455.0,827587354.41
2025-05-23,sz.300189,4.35,4.39,4.15,4.21,147843474.0,625387853.06
2025-05-26,sz.300189,4.16,4.2,4.12,4.19,63763049.0,265320345.8
2025-05-27,sz.300189,4.19,4.3,4.15,4.28,90609576.0,384530142.56
2025-05-28,sz.300189,4.24,4.27,4.13,4.15,80180067.0,334273754.38
2025-05-29,sz.300189,4.13,4.22,4.08,4.18,71783687.0,299250393.86
2025-05-30,sz.300189,4.2,4.26,4.15,4.16,73446150.0,308875878.5
2025-06-03,sz.300189,4.12,4.27,4.09,4.23,82849929.0,349760468.77
2025-06-04,sz.300189,4.22,4.39,4.14,4.34,126784647.0,541185391.75
2025-06-05,sz.300189,4.3,4.39,4.24,4.29,101197717.0,435591083.95
2025-06-06,sz.300189,4.27,4.47,4.27,4.34,154344200.0,675609269.85
2025-06-09,sz.300189,4.29,4.38,4.26,4.34,99165100.0,428689426.55
2025-06-10,sz.300189,4.33,5.08,4.23,4.7,301820282.0,1398929240.59
2025-06-11,sz.300189,4.48,4.7,4.48,4.65,213017794.0,980391654.51
2025-06-12,sz.300189,4.56,4.61,4.4,4.47,168249601.0,750166869.58
2025-06-13,sz.300189,4.48,4.64,4.38,4.38,173664000.0,786049340.0
2025-06-16,sz.300189,4.31,4.43,4.31,4.4,104486503.0,457664407.04
2025-06-17,sz.300189,4.38,4.53,4.37,4.5,139094602.0,621830185.94
2025-06-18,sz.300189,4.47,4.59,4.39,4.43,125625653.0,562661084.77
2025-06-19,sz.300189,4.4,4.42,4.18,4.19,112091800.0,479729112.0
2025-06-20,sz.300189,4.22,4.28,4.18,4.23,65059098.0,275271665.6
2025-06-23,sz.300189,4.2,4.32,4.14,4.32,75531558.0,322541003.32
2025-06-24,sz.300189,4.29,4.39,4.26,4.37,83356105.0,361970774.85
2025-06-25,sz.300189,4.34,4.41,4.28,4.41,109194381.0,475763265.9
2025-06-26,sz.300189,4.39,4.47,4.35,4.45,119343502.0,526497167.82
2025-06-27,sz.300189,4.44,4.45,4.37,4.38,75857755.0,334271261.0
2025-06-30,sz.300189,4.39,4.43,4.36,4.42,80271274.0,352895838.08
2025-07-01,sz.300189,4.41,4.5,4.39,4.48,101286200.0,451657986.0
2025-07-02,sz.300189,4.47,4.65,4.44,4.57,159820617.0,728977446.84
2025-07-03,sz.300189,4.52,4.62,4.47,4.58,111129700.0,506929564.0
2025-07-04,sz.300189,4.55,4.97,4.47,4.7,235619800.0,1105957825.0
2025-07-07,sz.300189,4.68,4.81,4.58,4.79,173725305.0,821656769.4
2025-07-08,sz.300189,4.72,4.8,4.68,4.76,149750850.0,708150310.5
2025-07-09,sz.300189,4.71,4.75,4.6,4.62,142770612.0,666090361.2
2025-07-10,sz.300189,4.6,4.66,4.55,4.59,100919350.0,463789089.0
2025-07-11,sz.300189,4.59,4.67,4.52,4.58,83230537.0,381723817.48
2025-07-14,sz.300189,4.57,4.63,4.54,4.59,58108642.0,266404450.36
2025-07-15,sz.300189,4.58,4.59,4.39,4.44,94125100.0,419445339.0
2025-07-16,sz.300189,4.45,4.55,4.41,4.5,68123900.0,306758437.0
2025-07-17,sz.300189,4.48,4.59,4.47,4.59,72860942.0,332130084.1
2025-07-18,sz.300189,4.59,4.68,4.56,4.64,78049300.0,360058838.0
2025-07-21,sz.300189,4.6,4.85,4.58,4.72,164128601.0,775513179.33
2025-07-22,sz.300189,4.74,4.81,4.65,4.81,156198193.0,739867719.26
2025-07-23,sz.300189,4.79,4.8,4.53,4.56,176257162.0,817327807.04
2025-07-24,sz.300189,4.57,5.47,4.55,5.47,475701871.0,2435606417.17
2025-07-25,sz.300189,5.45,5.45,4.91,4.94,350669796.0,1763053347.19
2025-07-28,sz.300189,4.97,4.98,4.8,4.84,194147136.0,944527073.63
2025-07-29,sz.300189,4.89,4.91,4.74,4.78,120324615.0,575400793.86
2025-07-30,sz.300189,4.76,5.0,4.75,4.94,255891850.0,1247340048.3
2025-07-31,sz.300189,4.88,4.88,4.74,4.75,155893576.0,746953217.18
2025-08-01,sz.300189,4.7,4.76,4.67,4.72,88644338.0,417365355.66
2025-08-04,sz.300189,4.65,4.74,4.62,4.71,69263556.0,325675618.88
2025-08-05,sz.300189,4.78,4.88,4.75,4.84,134326896.0,647481172.84
2025-08-06,sz.300189,4.8,4.82,4.75,4.81,96685318.0,462415544.54
2025-08-07,sz.300189,4.8,5.05,4.77,4.97,209864344.0,1038227674.88
2025-08-08,sz.300189,4.9,5.0,4.88,4.95,132450826.0,653480880.49
2025-08-11,sz.300189,4.93,4.98,4.86,4.98,123104026.0,606108635.69
2025-08-12,sz.300189,4.93,5.09,4.88,4.9,132864616.0,656161108.99
2025-08-13,sz.300189,4.9,4.93,4.85,4.91,91663992.0,447696555.8
2025-08-14,sz.300189,4.89,4.91,4.75,4.78,102665128.0,495686450.95
2025-08-15,sz.300189,4.78,4.88,4.77,4.85,83361096.0,402899452.92
2025-08-18,sz.300189,4.85,4.98,4.84,4.97,134405772.0,664959282.1
2025-08-19,sz.300189,4.97,5.04,4.92,4.95,99605664.0,494834302.72
2025-08-20,sz.300189,4.93,5.03,4.9,4.98,130330127.0,647838058.66
2025-08-21,sz.300189,4.94,5.18,4.93,5.01,172287779.0,870448790.11
2025-08-22,sz.300189,4.99,5.05,4.89,4.97,121169214.0,598010140.26
2025-08-25,sz.300189,4.96,5.08,4.94,5.05,136115988.0,684085044.65
2025-08-26,sz.300189,5.04,5.1,5.0,5.05,111504612.0,563840363.51
2025-08-27,sz.300189,5.01,5.28,4.91,5.18,243350369.0,1230098021.01
2025-08-28,sz.300189,5.08,5.15,4.96,5.04,180673184.0,910879160.84
2025-08-29,sz.300189,5.01,5.31,4.99,5.08,196616755.0,1015791835.43
2025-09-01,sz.300189,5.03,5.1,4.9,5.0,130461795.0,652706299.31
2025-09-02,sz.300189,4.99,5.25,4.92,5.06,189926629.0,963692340.19
2025-09-03,sz.300189,5.03,5.15,4.77,4.81,161400980.0,800228322.64
2025-09-04,sz.300189,4.77,4.77,4.56,4.62,117462370.0,547613819.39
2025-09-05,sz.300189,4.61,4.66,4.44,4.63,98463305.0,448050089.15
2025-09-08,sz.300189,4.63,4.75,4.61,4.69,77132966.0,361569936.4
2025-09-09,sz.300189,4.7,4.74,4.56,4.58,68801373.0,317971485.07
2025-09-10,sz.300189,4.58,4.64,4.55,4.64,62442964.0,286874490.4
2025-09-11,sz.300189,4.62,4.75,4.62,4.72,86839693.0,407062483.27
2025-09-12,sz.300189,4.7,4.78,4.66,4.69,83795954.0,395219391.96
2025-09-15,sz.300189,4.71,4.84,4.68,4.77,93509993.0,445223220.9
2025-09-16,sz.300189,4.73,4.77,4.66,4.76,79161227.0,372465365.25
2025-09-17,sz.300189,4.75,4.75,4.67,4.69,65368108.0,306573042.98
2025-09-18,sz.300189,4.69,4.74,4.53,4.59,80414005.0,374097277.25
2025-09-19,sz.300189,4.57,4.63,4.46,4.48,60960383.0,275846607.26
2025-09-22,sz.300189,4.48,4.5,4.38,4.43,47393580.0,209625315.8
2025-09-23,sz.300189,4.44,4.45,4.21,4.34,67838785.0,291870002.09
2025-09-24,sz.300189,4.33,4.38,4.29,4.37,38475998.0,167807108.1
2025-09-25,sz.300189,4.36,4.4,4.31,4.31,39010029.0,169376372.78
2025-09-26,sz.300189,4.32,4.42,4.32,4.36,55974609.0,245290161.74
2025-09-29,sz.300189,4.33,4.35,4.24,4.33,45631040.0,195996035.06
2025-09-30,sz.300189,4.32,4.39,4.32,4.37,36535918.0,159400537.37
2025-10-09,sz.300189,4.36,4.42,4.33,4.42,44383513.0,194260884.55
2025-10-10,sz.300189,4.42,4.51,4.41,4.46,55348630.0,247245507.25
2025-10-13,sz.300189,4.85,5.15,4.63,4.68,215900489.0,1042387727.24
2025-10-14,sz.300189,4.6,4.88,4.58,4.81,205708320.0,973538479.8
2025-10-15,sz.300189,4.66,4.68,4.58,4.64,127118319.0,588108535.31
2025-10-16,sz.300189,4.65,4.78,4.62,4.69,109958802.0,515638764.91
2025-10-17,sz.300189,4.65,4.92,4.61,4.71,146602686.0,694797390.75
2025-10-20,sz.300189,4.62,4.78,4.59,4.66,103782387.0,486896419.07
2025-10-21,sz.300189,4.65,4.72,4.53,4.7,100512718.0,467002996.15
2025-10-22,sz.300189,4.67,4.75,4.55,4.55,86771392.0,400134868.96
2025-10-23,sz.300189,4.51,4.58,4.44,4.52,65402600.0,295347548.0
2025-10-24,sz.300189,4.52,4.63,4.48,4.56,64558498.0,294986363.6
2025-10-27,sz.300189,4.52,4.56,4.49,4.51,58198275.0,262552216.5
2025-10-28,sz.300189,4.49,4.56,4.47,4.55,46120233.0,209050018.99
2025-10-29,sz.300189,4.63,4.86,4.6,4.74,174094427.0,825747140.84
2025-10-30,sz.300189,4.72,4.88,4.67,4.81,152185784.0,725256652.82
2025-10-31,sz.300189,4.72,4.95,4.7,4.86,144499421.0,698838048.09
2025-11-03,sz.300189,4.84,5.22,4.82,5.09,206767303.0,1044258351.54
2025-11-04,sz.300189,5.05,5.37,5.0,5.16,222847455.0,1150073054.57
2025-11-05,sz.300189,5.13,5.66,5.1,5.44,285984993.0,1547211093.83
2025-11-06,sz.300189,5.32,5.42,5.13,5.2,219351098.0,1143918278.28
2025-11-07,sz.300189,5.41,5.49,5.14,5.14,179240320.0,943161524.81
2025-11-10,sz.300189,5.13,5.35,5.07,5.22,147394265.0,770671156.87
2025-11-11,sz.300189,5.19,5.33,5.16,5.27,113849689.0,598952003.16
2025-11-12,sz.300189,5.27,5.35,5.18,5.19,90339198.0,473315740.65
2025-11-13,sz.300189,5.18,5.35,5.15,5.3,94906308.0,501079611.81
2025-11-14,sz.300189,5.27,5.65,5.27,5.48,205651735.0,1136763204.38
2025-11-17,sz.300189,5.61,5.93,5.52,5.64,198899814.0,1128879716.11
2025-11-18,sz.300189,5.71,6.08,5.6,5.78,228875878.0,1331886379.17
2025-11-19,sz.300189,5.6,5.85,5.46,5.62,205115607.0,1148892873.07
2025-11-20,sz.300189,5.57,5.96,5.47,5.72,236004690.0,1340447542.77
2025-11-21,sz.300189,5.71,6.6,5.69,5.93,379510183.0,2328915948.71
2025-11-24,sz.300189,5.68,6.16,5.49,5.65,267837603.0,1530708057.24
2025-11-25,sz.300189,5.57,5.82,5.5,5.79,242194815.0,1367047880.47
2025-11-26,sz.300189,5.68,6.19,5.6,5.96,275075236.0,1635404489.14
2025-11-27,sz.300189,5.86,5.89,5.45,5.51,209215331.0,1172736162.41
2025-11-28,sz.300189,5.61,6.1,5.41,6.0,286495249.0,1668579199.68
2025-12-01,sz.300189,6.1,6.17,5.92,6.01,195018277.0,1176438095.18
2025-12-02,sz.300189,6.01,6.43,5.9,6.35,262390249.0,1616478689.7
2025-12-03,sz.300189,6.17,6.4,6.05,6.08,221235866.0,1371562910.04
2025-12-04,sz.300189,6.01,6.12,5.8,5.82,171476051.0,1009595350.48
2025-12-05,sz.300189,5.89,6.12,5.67,6.01,187435323.0,1118874476.16
2025-12-08,sz.300189,5.99,6.25,5.97,6.15,161875581.0,997135248.59
2025-12-09,sz.300189,6.05,6.15,5.68,5.73,194054032.0,1128423512.73
2025-12-10,sz.300189,5.74,6.88,5.73,6.88,454935752.0,2940157893.39
2025-12-11,sz.300189,7.01,7.24,6.54,6.7,402335386.0,2749187655.55
2025-12-12,sz.300189,6.57,6.9,6.47,6.75,284789885.0,1918787556.23
2025-12-15,sz.300189,6.75,6.89,6.38,6.57,222757112.0,1468706425.96
2025-12-16,sz.300189,6.52,6.78,5.98,6.2,241881403.0,1518290315.5
2025-12-17,sz.300189,6.04,6.04,5.45,5.64,205578565.0,1161671365.51
2025-12-18,sz.300189,5.56,5.8,5.41,5.46,164163685.0,915607739.04
2025-12-19,sz.300189,5.46,6.33,5.3,5.94,263135520.0,1509200087.68
2025-12-22,sz.300189,6.01,7.13,5.95,7.13,403438309.0,2720008649.35
2025-12-23,sz.300189,7.61,8.56,7.61,7.79,550955834.0,4412175247.5
2025-12-24,sz.300189,7.75,8.14,7.44,7.9,366469840.0,2877813224.58
2025-12-25,sz.300189,8.01,8.23,7.46,7.51,276608645.0,2116595108.71
2025-12-26,sz.300189,7.53,8.68,7.53,8.06,399791614.0,3261064006.36
2025-12-29,sz.300189,7.92,8.19,7.67,7.73,278765088.0,2188920234.56
2025-12-30,sz.300189,7.6,7.71,7.3,7.41,229200732.0,1709320773.11
2025-12-31,sz.300189,7.54,7.88,7.18,7.44,261881814.0,1963468022.21
2026-01-05,sz.300189,7.3,7.36,6.91,7.07,238433204.0,1677175456.11
2026-01-06,sz.300189,7.12,7.66,7.09,7.31,263833322.0,1942061263.43
2026-01-07,sz.300189,7.24,7.4,7.09,7.13,180341905.0,1299270187.57
2026-01-08,sz.300189,7.14,7.38,7.09,7.25,177893671.0,1290068305.84
2026-01-09,sz.300189,7.23,7.54,7.22,7.5,217464381.0,1616687554.63
2026-01-12,sz.300189,7.37,7.86,7.33,7.77,231509596.0,1777330096.87
2026-01-13,sz.300189,7.65,7.7,7.12,7.16,212253414.0,1555396914.41
2026-01-14,sz.300189,7.06,7.15,6.75,6.89,208864766.0,1454484932.38
2026-01-15,sz.300189,6.83,6.83,6.52,6.59,130350168.0,867320087.37
2026-01-16,sz.300189,6.62,6.78,6.53,6.65,113543232.0,755129101.54
2026-01-19,sz.300189,6.57,7.44,6.52,7.29,249729171.0,1759442238.03
2026-01-20,sz.300189,7.15,7.15,6.65,6.72,186338970.0,1267002820.95
2026-01-21,sz.300189,6.66,6.66,6.41,6.57,105340079.0,690729028.92
2026-01-22,sz.300189,6.6,6.79,6.58,6.78,117077775.0,785173994.96
2026-01-23,sz.300189,6.71,6.98,6.7,6.87,129486886.0,891278873.36
2026-01-26,sz.300189,6.81,6.9,6.72,6.81,113925704.0,775036584.5
2026-01-27,sz.300189,6.73,6.76,6.51,6.72,88617872.0,588071734.11
2026-01-28,sz.300189,6.75,7.26,6.71,7.08,256208068.0,1811996438.63
2026-01-29,sz.300189,7.14,7.8,7.14,7.67,339190008.0,2561185581.46
2026-01-30,sz.300189,7.7,9.2,7.59,8.66,471463820.0,4075719317.18
2026-02-02,sz.300189,7.75,8.36,7.68,7.9,331410075.0,2637896639.43
2026-02-03,sz.300189,7.86,8.18,7.71,8.13,269582414.0,2157954613.47
2026-02-04,sz.300189,8.2,8.54,7.68,8.0,364742673.0,2949062866.12
2026-02-05,sz.300189,7.71,7.94,7.45,7.54,224439920.0,1719420215.97
2026-02-06,sz.300189,7.44,7.7,7.34,7.47,171006640.0,1291649805.21
2026-02-09,sz.300189,7.5,7.87,7.49,7.65,177257079.0,1364512586.92
2026-02-10,sz.300189,7.57,7.61,7.3,7.38,136689361.0,1011091373.94
2026-02-11,sz.300189,7.35,7.64,7.33,7.49,133575843.0,1003972723.63
2026-02-12,sz.300189,7.4,7.45,7.13,7.17,126911656.0,914569195.4
2026-02-13,sz.300189,7.23,7.35,7.17,7.26,100952145.0,734718669.18
2026-02-24,sz.300189,7.35,7.7,7.32,7.61,165480607.0,1253602516.75
2026-02-25,sz.300189,7.63,8.11,7.54,7.83,221517126.0,1744418301.89
2026-02-26,sz.300189,7.71,8.18,7.63,7.8,194777627.0,1540839589.98
2026-02-27,sz.300189,7.77,8.15,7.71,8.06,200630592.0,1607237733.1
2026-03-02,sz.300189,7.91,8.38,7.89,8.18,215077359.0,1757581393.76
2026-03-03,sz.300189,8.03,9.12,8.0,8.4,366708585.0,3143253469.76
2026-03-04,sz.300189,8.5,9.93,8.45,9.34,428111468.0,3892539029.29
2026-03-05,sz.300189,8.64,8.81,8.09,8.28,351981424.0,2947336103.58
2026-03-06,sz.300189,8.22,8.86,8.06,8.66,300891284.0,2580535437.96
2026-03-09,sz.300189,8.88,9.3,8.32,8.37,284430361.0,2483979999.11
2026-03-10,sz.300189,7.86,8.41,7.86,8.27,204314743.0,1673996174.36
2026-03-11,sz.300189,8.23,8.44,8.18,8.36,153037183.0,1270712666.8
2026-03-12,sz.300189,8.45,8.45,8.02,8.09,152427796.0,1237124850.72
2026-03-13,sz.300189,8.13,8.64,8.12,8.26,210551870.0,1756343361.2
2026-03-16,sz.300189,8.2,8.97,8.18,8.81,288530525.0,2509762835.06
2026-03-17,sz.300189,8.44,8.74,8.11,8.29,236829753.0,1975459530.09
2026-03-18,sz.300189,8.1,8.14,7.62,7.8,171683838.0,1336004577.22
2026-03-19,sz.300189,7.9,8.0,7.58,7.71,125426526.0,973022045.06
2026-03-20,sz.300189,7.52,7.6,7.28,7.29,120967655.0,898205538.0
2026-03-23,sz.300189,7.15,7.28,6.91,6.97,117870911.0,833505267.23
2026-03-24,sz.300189,7.13,7.18,6.86,7.18,95922483.0,674388623.52
