date,code,open,high,low,close,volume,amount
2018-06-11,sz.300750,30.17,36.2,30.17,36.2,78829,2845471.8
2018-06-12,sz.300750,39.82,39.82,39.82,39.82,26579,1058375.78
2018-06-13,sz.300750,43.8,43.8,43.8,43.8,45030,1972314.0
2018-06-14,sz.300750,48.18,48.18,48.18,48.18,74267,3578184.06
2018-06-15,sz.300750,53.0,53.0,53.0,53.0,256510,13595030.0
2018-06-19,sz.300750,58.3,58.3,58.3,58.3,1117428,65146052.4
2018-06-20,sz.300750,64.13,64.13,64.13,64.13,1310382,84034797.66
2018-06-21,sz.300750,70.54,70.54,70.54,70.54,1231660,86881296.4
2018-06-22,sz.300750,72.0,72.71,63.49,66.55,128170599,8599728955.52
2018-06-25,sz.300750,68.2,71.6,67.22,69.19,69981999,4868406844.02
2018-06-26,sz.300750,67.89,75.55,67.1,74.18,62553547,4537098812.25
2018-06-27,sz.300750,74.21,74.93,71.77,74.09,44138862,3241043472.73
2018-06-28,sz.300750,73.3,75.39,67.44,68.21,53080981,3770134240.69
2018-06-29,sz.300750,68.68,74.3,67.77,71.96,45698575,3231958793.35
2018-07-02,sz.300750,70.79,71.48,69.11,70.0,32470182,2278646004.68
2018-07-03,sz.300750,70.2,71.19,65.85,69.29,33910064,2337186967.56
2018-07-04,sz.300750,68.15,68.15,65.5,65.92,26282197,1749919477.55
2018-07-05,sz.300750,65.0,71.88,64.88,68.81,34337783,2343510066.96
2018-07-06,sz.300750,68.81,74.5,68.7,70.88,49213427,3511358606.62
2018-07-09,sz.300750,70.8,71.57,69.11,71.55,31068979,2183986505.88
2018-07-10,sz.300750,75.0,75.89,71.66,72.4,36484401,2666043239.85
2018-07-11,sz.300750,70.0,78.94,69.58,77.06,49120805,3695050773.74
2018-07-12,sz.300750,76.03,84.77,75.6,84.77,43085212,3430182907.14
2018-07-13,sz.300750,82.0,88.47,81.03,82.7,48202055,4049051405.3
2018-07-16,sz.300750,82.7,84.75,80.1,83.9,29515196,2439742028.8
2018-07-17,sz.300750,83.11,84.17,79.66,82.28,28615349,2336837084.78
2018-07-18,sz.300750,82.28,84.37,80.11,82.28,27113839,2233771784.96
2018-07-19,sz.300750,82.0,85.15,80.67,82.89,25074483,2089886953.76
2018-07-20,sz.300750,82.5,91.18,82.01,90.93,42695635,3750334637.77
2018-07-23,sz.300750,89.0,90.54,87.55,88.62,25014352,2223986140.57
2018-07-24,sz.300750,88.5,92.96,87.5,91.77,26501025,2395962685.56
2018-07-25,sz.300750,91.0,95.08,82.59,82.59,45719348,4027958763.72
2018-07-26,sz.300750,80.5,82.6,76.6,78.2,39286999,3115796617.37
2018-07-27,sz.300750,78.0,78.64,75.67,76.05,22809584,1748397062.28
2018-07-30,sz.300750,76.5,77.34,75.0,76.85,18041846,1377263289.26
2018-07-31,sz.300750,76.78,76.79,70.51,72.22,28128307,2055880224.98
2018-08-01,sz.300750,72.0,73.63,71.02,71.42,17933649,1298707855.01
2018-08-02,sz.300750,70.4,73.29,70.05,72.56,19853529,1429095207.76
2018-08-03,sz.300750,71.76,73.14,68.66,69.6,17288867,1223071469.51
2018-08-06,sz.300750,69.0,71.08,67.6,69.65,15706945,1096989857.83
2018-08-07,sz.300750,70.48,74.46,70.0,73.79,19964947,1445537173.05
2018-08-08,sz.300750,73.5,73.58,71.11,71.52,14770817,1067594665.9
2018-08-09,sz.300750,71.4,75.66,70.3,74.06,18474864,1364797399.79
2018-08-10,sz.300750,73.6,74.49,73.02,74.44,11673860,862092551.3
2018-08-13,sz.300750,73.0,74.19,72.03,74.01,10949557,800760025.76
2018-08-14,sz.300750,73.8,73.89,71.44,71.57,11735618,847545777.65
2018-08-15,sz.300750,70.98,72.03,69.0,69.11,12916705,905177224.1
2018-08-16,sz.300750,68.0,69.88,66.21,68.99,10715293,733358634.73
2018-08-17,sz.300750,69.9,70.51,68.1,68.16,8224837,570722229.15
2018-08-20,sz.300750,67.88,69.11,66.0,68.95,10922929,739769193.6
2018-08-21,sz.300750,68.97,70.78,68.02,69.57,10208839,709924230.93
2018-08-22,sz.300750,69.06,70.25,67.21,67.47,8999917,617772713.83
2018-08-23,sz.300750,67.65,69.65,67.08,69.1,12193136,835080332.41
2018-08-24,sz.300750,67.81,71.2,67.7,68.8,13360932,931622755.9
2018-08-27,sz.300750,68.58,70.98,67.89,70.46,12915092,900979594.97
2018-08-28,sz.300750,70.61,74.32,70.4,73.01,18813962,1362031257.34
2018-08-29,sz.300750,72.6,73.5,71.81,73.02,10333837,749871852.17
2018-08-30,sz.300750,73.19,74.0,69.63,69.99,13681809,979226463.1
2018-08-31,sz.300750,68.49,69.2,65.01,65.5,15901213,1072916773.79
2018-09-03,sz.300750,64.8,64.8,61.0,63.26,15910805,998632539.93
2018-09-04,sz.300750,63.2,64.25,62.76,63.85,8067558,512634921.2
2018-09-05,sz.300750,63.6,63.98,61.39,61.39,9689281,604400369.05
2018-09-06,sz.300750,60.6,62.65,60.32,61.84,8854073,547542957.37
2018-09-07,sz.300750,62.49,64.88,62.21,63.32,12748586,813256860.65
2018-09-10,sz.300750,63.56,63.79,61.0,61.35,6545100,404054151.53
2018-09-11,sz.300750,61.4,63.16,61.4,62.57,6629327,413926189.54
2018-09-12,sz.300750,62.8,65.25,62.61,64.5,12115986,779904478.88
2018-09-13,sz.300750,65.64,66.1,63.39,64.8,9852036,637747213.66
2018-09-14,sz.300750,66.3,69.0,65.86,65.9,15831828,1068356171.17
2018-09-17,sz.300750,64.57,65.48,63.59,63.71,7131416,460645757.55
2018-09-18,sz.300750,63.0,66.41,62.99,66.36,7789233,505525626.44
2018-09-19,sz.300750,65.99,68.56,65.45,67.33,9502594,637368899.65
2018-09-20,sz.300750,67.01,69.9,67.01,67.99,10200717,703066410.14
2018-09-21,sz.300750,68.63,69.9,67.86,69.19,7748207,535412407.32
2018-09-25,sz.300750,68.4,69.3,67.71,68.33,4204191,287948499.44
2018-09-26,sz.300750,68.66,73.5,68.66,72.89,16061574,1149820351.09
2018-09-27,sz.300750,72.25,74.95,71.7,72.55,13694667,1005558177.34
2018-09-28,sz.300750,72.11,75.09,72.11,73.0,11921098,880458280.35
2018-10-08,sz.300750,71.88,71.88,67.8,68.45,13116724,915229219.86
2018-10-09,sz.300750,68.91,69.16,64.1,64.9,13389377,888448838.14
2018-10-10,sz.300750,65.61,65.8,63.6,64.9,7163213,464126636.76
2018-10-11,sz.300750,61.88,63.47,59.51,60.45,12809465,785418488.81
2018-10-12,sz.300750,60.45,63.16,60.38,62.86,8600315,531900783.14
2018-10-15,sz.300750,68.8,69.15,67.88,69.15,19801487,1362852724.07
2018-10-16,sz.300750,70.0,70.36,67.94,68.85,10452197,723312823.38
2018-10-17,sz.300750,69.77,71.78,69.21,70.0,14232165,1000278466.89
2018-10-18,sz.300750,68.7,71.4,65.52,68.03,10810902,741423984.5
2018-10-19,sz.300750,67.01,74.26,67.01,73.77,14125112,1008056887.01
2018-10-22,sz.300750,74.09,81.1,74.09,79.1,18106362,1408026234.51
2018-10-23,sz.300750,78.1,79.96,76.1,78.0,12736627,987704573.63
2018-10-24,sz.300750,77.84,79.47,76.12,77.0,10042803,782578265.45
2018-10-25,sz.300750,75.0,81.58,74.51,80.91,13372207,1042168318.12
2018-10-26,sz.300750,80.69,80.69,73.01,74.6,17691702,1361043435.26
2018-10-29,sz.300750,74.94,75.4,70.6,70.76,12719771,923032362.85
2018-10-30,sz.300750,70.65,75.35,69.88,75.0,12887554,939263219.43
2018-10-31,sz.300750,75.29,77.43,74.2,74.5,9794351,743436076.36
2018-11-01,sz.300750,75.2,76.82,73.21,73.61,9723959,733949879.51
2018-11-02,sz.300750,76.14,78.63,76.05,78.48,13705894,1059238488.75
2018-11-05,sz.300750,78.48,82.48,77.8,79.39,13063517,1045459980.22
2018-11-06,sz.300750,79.03,82.4,76.0,81.57,12165834,954114789.62
2018-11-07,sz.300750,80.2,82.38,78.21,79.04,12658732,1013339456.92
2018-11-08,sz.300750,79.84,80.38,76.89,77.31,8044866,630122240.72
2018-11-09,sz.300750,77.0,79.05,76.66,77.75,6063937,473740955.36
2018-11-12,sz.300750,77.0,83.8,76.7,83.25,14889918,1205794048.38
2018-11-13,sz.300750,82.0,82.51,79.8,81.63,14287007,1158416128.03
2018-11-14,sz.300750,80.41,83.0,79.75,81.0,10790715,873812068.74
2018-11-15,sz.300750,80.41,82.2,79.9,81.35,7576857,614559636.64
2018-11-16,sz.300750,81.68,81.76,78.62,80.11,9809408,785031529.91
2018-11-19,sz.300750,79.59,81.48,79.0,79.35,7259001,579343248.6
2018-11-20,sz.300750,78.71,79.2,77.56,77.77,7722096,603966808.87
2018-11-21,sz.300750,77.5,79.75,76.5,78.65,7314829,573993355.1
2018-11-22,sz.300750,78.2,79.44,77.6,77.91,4071768,318546094.11
2018-11-23,sz.300750,77.91,77.95,73.9,73.98,10403744,782322413.3
2018-11-26,sz.300750,73.8,74.88,72.8,74.62,7610013,561073991.21
2018-11-27,sz.300750,74.68,76.85,73.76,75.6,7953332,599419287.5
2018-11-28,sz.300750,75.75,79.48,75.25,78.68,9918840,772880029.99
2018-11-29,sz.300750,79.5,81.5,78.03,78.03,9736251,778202196.45
2018-11-30,sz.300750,78.01,80.99,78.01,80.03,9067577,724258624.09
2018-12-03,sz.300750,82.52,83.49,80.56,80.85,12645226,1034073820.42
2018-12-04,sz.300750,80.2,83.08,80.04,82.3,9579665,785692897.38
2018-12-05,sz.300750,81.0,82.6,80.6,81.37,7391554,602269929.5
2018-12-06,sz.300750,80.8,82.28,79.0,79.01,11385399,917634576.88
2018-12-07,sz.300750,79.18,80.46,79.18,79.7,5642133,450938752.21
2018-12-10,sz.300750,79.45,80.37,76.8,78.29,7606831,593846045.77
2018-12-11,sz.300750,78.5,79.18,77.82,78.56,3450062,270881623.5
2018-12-12,sz.300750,79.34,81.98,79.0,81.5,9472483,767328382.41
2018-12-13,sz.300750,81.92,82.27,80.58,82.11,7244428,591252237.28
2018-12-14,sz.300750,81.93,82.48,79.31,79.34,7090513,573225336.26
2018-12-17,sz.300750,78.8,80.49,77.0,80.16,6864481,540779216.28
2018-12-18,sz.300750,79.0,80.59,78.68,79.55,4885589,388830542.63
2018-12-19,sz.300750,79.16,81.7,78.34,79.5,7092653,567762540.47
2018-12-20,sz.300750,79.38,79.39,76.23,77.34,9773738,757316340.93
2018-12-21,sz.300750,77.54,78.5,75.6,78.5,8873743,681882662.49
2018-12-24,sz.300750,77.68,79.24,77.01,78.03,5938803,463915421.24
2018-12-25,sz.300750,77.04,77.74,75.65,77.2,6588306,504970961.65
2018-12-26,sz.300750,77.2,77.9,75.53,75.9,4925282,376715930.85
2018-12-27,sz.300750,77.2,77.48,75.78,75.78,4881471,373262649.26
2018-12-28,sz.300750,75.69,76.62,73.8,73.8,5629239,424092160.76
2019-01-02,sz.300750,74.25,74.97,73.53,73.66,4394096,326259378.56
2019-01-03,sz.300750,72.51,74.54,72.51,73.83,4494903,332238737.63
2019-01-04,sz.300750,73.33,77.24,73.23,76.96,7905331,602100011.48
2019-01-07,sz.300750,76.94,77.65,76.3,77.42,5969559,460577318.22
2019-01-08,sz.300750,77.22,79.45,77.2,79.33,8574990,674107579.22
2019-01-09,sz.300750,77.0,78.21,75.18,77.98,12379879,952624089.74
2019-01-10,sz.300750,77.64,77.85,76.02,76.28,8394273,644858368.73
2019-01-11,sz.300750,76.6,76.75,74.8,75.29,6136703,463701250.73
2019-01-14,sz.300750,75.3,76.33,74.3,76.08,4848795,366505969.91
2019-01-15,sz.300750,76.0,77.48,74.85,77.37,5873635,448317233.92
2019-01-16,sz.300750,76.9,77.2,76.41,76.67,2573862,197749843.26
2019-01-17,sz.300750,76.95,77.69,76.41,76.66,3718809,286721586.88
2019-01-18,sz.300750,77.16,77.16,74.0,75.4,6503927,488797282.63
2019-01-21,sz.300750,75.03,75.63,74.26,75.24,5241159,392168954.03
2019-01-22,sz.300750,75.0,75.67,74.03,74.27,4258858,318440028.12
2019-01-23,sz.300750,74.26,75.66,74.01,75.44,4884798,367089066.62
2019-01-24,sz.300750,75.0,75.86,74.7,75.17,3798418,286305027.7
2019-01-25,sz.300750,75.64,78.79,75.17,77.44,9118956,707431983.52
2019-01-28,sz.300750,78.1,78.26,76.02,76.07,4628893,355879562.15
2019-01-29,sz.300750,76.26,77.39,74.1,76.68,5236313,395374218.95
2019-01-30,sz.300750,74.33,77.36,73.61,76.2,7707782,583430175.04
2019-01-31,sz.300750,76.27,77.77,76.05,76.12,4412755,339614007.96
2019-02-01,sz.300750,76.67,79.17,76.2,78.4,6214411,483480057.27
2019-02-11,sz.300750,78.99,81.38,78.98,81.0,8343327,670709803.98
2019-02-12,sz.300750,80.5,81.6,80.03,81.0,4989121,402647822.9
2019-02-13,sz.300750,80.8,83.57,80.37,81.7,7877177,647619276.48
2019-02-14,sz.300750,81.5,88.88,81.35,84.72,12723314,1084873164.69
2019-02-15,sz.300750,84.4,86.0,82.4,82.42,10515313,880799439.67
2019-02-18,sz.300750,83.15,84.88,82.56,84.46,8778720,735318290.16
2019-02-19,sz.300750,84.66,84.78,81.8,82.29,9425786,782086064.52
2019-02-20,sz.300750,82.8,84.5,82.1,83.17,6067442,506750853.8
2019-02-21,sz.300750,82.7,84.87,82.3,83.33,8228772,690870555.82
2019-02-22,sz.300750,83.0,85.3,82.11,84.37,8960036,752183500.54
2019-02-25,sz.300750,85.77,91.66,85.77,91.32,15411302,1380347010.06
2019-02-26,sz.300750,90.0,90.8,87.68,88.5,11324211,1009210794.58
2019-02-27,sz.300750,87.7,89.39,85.3,86.05,9103790,795251089.99
2019-02-28,sz.300750,86.01,89.18,86.01,87.7,7239918,637896402.79
2019-03-01,sz.300750,91.1,92.88,89.4,90.03,9619284,873963510.04
2019-03-04,sz.300750,91.5,95.16,90.73,92.39,14036947,1306102150.1
2019-03-05,sz.300750,92.38,92.98,91.2,92.6,8615692,793012158.99
2019-03-06,sz.300750,93.12,93.8,89.38,91.2,10432922,949501268.65
2019-03-07,sz.300750,90.85,90.85,86.68,87.89,13707148,1210805141.47
2019-03-08,sz.300750,86.0,88.3,84.72,84.97,11069663,951944818.31
2019-03-11,sz.300750,84.73,88.18,84.55,87.92,9354658,813096537.5
2019-03-12,sz.300750,91.6,93.85,89.21,91.07,14763435,1352038771.48
2019-03-13,sz.300750,90.99,90.99,87.71,88.08,7577721,674377765.3
2019-03-14,sz.300750,87.98,90.48,87.32,88.95,7982575,710913722.99
2019-03-15,sz.300750,90.01,91.4,88.97,89.83,7821543,707054564.9
2019-03-18,sz.300750,89.89,90.0,87.9,89.28,7275762,646068126.87
2019-03-19,sz.300750,89.15,91.88,88.0,88.6,6817028,611077097.97
2019-03-20,sz.300750,88.5,88.5,85.82,87.17,8814118,764749351.63
2019-03-21,sz.300750,87.0,88.4,85.95,87.12,8135960,707343505.65
2019-03-22,sz.300750,87.12,87.12,85.21,86.58,6018992,518360062.88
2019-03-25,sz.300750,87.97,90.58,87.02,89.0,12990646,1158349085.37
2019-03-26,sz.300750,88.02,88.49,84.9,85.3,9719783,836361947.69
2019-03-27,sz.300750,85.5,86.54,82.3,83.41,9492122,795590922.77
2019-03-28,sz.300750,83.34,84.36,82.1,83.2,5857193,487897668.45
2019-03-29,sz.300750,83.42,85.0,82.65,85.0,7124126,598855278.82
2019-04-01,sz.300750,85.16,86.96,85.0,86.35,9239090,794157526.95
2019-04-02,sz.300750,86.35,86.43,84.33,84.98,10241327,869961308.93
2019-04-03,sz.300750,84.8,85.2,83.88,84.48,7184038,605819178.35
2019-04-04,sz.300750,84.63,85.16,84.0,84.17,6679609,564517873.78
2019-04-08,sz.300750,84.71,84.9,81.1,82.29,11376979,941060713.62
2019-04-09,sz.300750,84.76,85.25,82.9,83.91,11942266,1003599920.67
2019-04-10,sz.300750,83.81,83.81,81.7,82.24,10840837,890277783.11
2019-04-11,sz.300750,82.25,82.6,80.58,80.72,8953765,728469344.87
2019-04-12,sz.300750,80.92,82.61,80.91,81.98,5935673,486028531.12
2019-04-15,sz.300750,82.8,83.01,80.95,80.97,5995060,491053132.17
2019-04-16,sz.300750,80.5,82.27,80.37,82.27,5718722,464852034.21
2019-04-17,sz.300750,83.5,86.28,83.5,86.11,20500478,1752514963.72
2019-04-18,sz.300750,86.12,86.3,84.42,84.65,7061781,601487607.49
2019-04-19,sz.300750,84.52,84.99,82.9,83.2,6296775,524874428.75
2019-04-22,sz.300750,83.21,83.6,81.03,81.23,6649229,543402295.03
2019-04-23,sz.300750,80.5,80.65,75.01,78.17,11525936,898901903.21
2019-04-24,sz.300750,78.18,79.86,77.4,79.78,5134374,404380493.91
2019-04-25,sz.300750,78.59,80.86,78.1,79.1,5297314,422497288.39
2019-04-26,sz.300750,79.0,80.35,78.98,79.35,3491801,278261724.69
2019-04-29,sz.300750,80.99,81.37,79.15,79.78,4788277,383749258.05
2019-04-30,sz.300750,79.8,80.58,79.15,79.76,3109077,248280438.38
2019-05-06,sz.300750,76.87,77.66,75.06,75.7,6543106,499354099.44
2019-05-07,sz.300750,76.0,77.42,75.62,75.85,3711940,283552904.9
2019-05-08,sz.300750,74.9,76.17,73.7,74.61,3499581,261613986.37
2019-05-09,sz.300750,74.0,75.09,72.63,72.7,4813423,353504942.68
2019-05-10,sz.300750,73.48,74.49,70.72,74.1,5407424,396995566.08
2019-05-13,sz.300750,73.05,73.26,71.26,71.59,4632721,334093982.62
2019-05-14,sz.300750,71.92,73.2,71.91,72.16,4332993,313815476.7
2019-05-15,sz.300750,72.5,75.15,72.5,74.98,6619534,491578062.86
2019-05-16,sz.300750,74.8,74.84,73.9,74.33,3737156,277622386.84
2019-05-17,sz.300750,74.71,74.71,71.92,72.25,3600307,263549587.87
2019-05-20,sz.300750,71.37,72.08,67.89,69.69,4523747,315226938.03
2019-05-21,sz.300750,70.22,71.18,69.88,70.15,3194938,225101966.36
2019-05-22,sz.300750,70.72,70.92,69.25,69.37,2782387,194769381.74
2019-05-23,sz.300750,68.8,69.25,67.3,67.48,4401686,298347370.19
2019-05-24,sz.300750,67.82,68.2,66.99,67.85,2931112,198625492.24
2019-05-27,sz.300750,67.99,69.64,67.68,69.2,4369021,300432177.9
2019-05-28,sz.300750,69.2,71.88,68.8,71.88,5318129,372556045.8
2019-05-29,sz.300750,70.21,71.29,70.05,70.57,3295113,232757105.25
2019-05-30,sz.300750,70.49,70.49,68.9,69.81,2872644,199994014.41
2019-05-31,sz.300750,70.3,70.47,69.36,69.44,2516679,175685319.67
2019-06-03,sz.300750,68.6,69.67,68.0,68.16,3252837,223503068.28
2019-06-04,sz.300750,68.4,68.4,66.8,66.87,3166678,213131577.31
2019-06-05,sz.300750,67.37,69.35,67.36,69.07,5009314,343503184.79
2019-06-06,sz.300750,68.81,68.89,66.66,66.94,3748486,252839103.42
2019-06-10,sz.300750,67.85,70.27,66.91,67.6,8845244,608130669.53
2019-06-11,sz.300750,64.02,68.94,64.0,68.19,24107111,1598113764.05
2019-06-12,sz.300750,67.27,69.5,67.27,68.65,15350806,1051599152.02
2019-06-13,sz.300750,68.6,72.26,67.9,71.01,21548752,1517836884.03
2019-06-14,sz.300750,71.07,74.18,70.8,72.18,20433297,1485468811.32
2019-06-17,sz.300750,72.25,73.83,71.1,71.96,12070489,876179720.08
2019-06-18,sz.300750,71.9,72.38,70.4,71.05,8180108,582895043.21
2019-06-19,sz.300750,72.98,73.24,69.12,69.68,14281497,1005547313.99
2019-06-20,sz.300750,69.68,70.24,68.25,69.06,12816110,888389359.04
2019-06-21,sz.300750,71.0,71.0,68.85,69.09,11818586,821987074.04
2019-06-24,sz.300750,69.09,69.13,67.91,68.86,6605850,452626112.41
2019-06-25,sz.300750,68.84,69.2,67.81,68.83,7638790,524726340.95
2019-06-26,sz.300750,68.44,70.56,68.29,69.98,9448365,659276524.38
2019-06-27,sz.300750,69.82,70.71,69.45,69.93,10948902,766946532.19
2019-06-28,sz.300750,68.9,69.43,68.0,68.88,5721215,393261787.73
2019-07-01,sz.300750,70.0,71.0,69.31,70.32,13077230,918840408.83
2019-07-02,sz.300750,70.28,72.38,69.96,71.04,16251996,1159161875.13
2019-07-03,sz.300750,70.51,73.01,70.28,71.8,22100168,1590621264.51
2019-07-04,sz.300750,71.99,72.28,70.55,71.05,8084414,575394325.31
2019-07-05,sz.300750,71.1,71.5,70.02,71.08,8893749,631207237.87
2019-07-08,sz.300750,70.53,70.53,67.89,68.86,8304330,572956111.62
2019-07-09,sz.300750,68.88,70.89,68.5,70.86,9602729,671619524.78
2019-07-10,sz.300750,71.1,73.47,71.0,72.25,15931512,1152969652.91
2019-07-11,sz.300750,73.5,73.52,71.9,72.42,7067279,513699469.25
2019-07-12,sz.300750,72.79,74.23,72.51,73.88,9417205,694124849.05
2019-07-15,sz.300750,74.51,74.58,73.0,73.66,11271492,831092957.0
2019-07-16,sz.300750,73.41,73.66,71.31,72.82,9607041,696256679.66
2019-07-17,sz.300750,72.45,73.84,72.28,72.99,4317237,315550235.75
2019-07-18,sz.300750,72.46,72.8,71.33,71.5,4517044,324530503.39
2019-07-19,sz.300750,71.71,72.95,71.57,72.5,5735854,415492043.78
2019-07-22,sz.300750,72.5,73.6,71.51,73.08,8765702,637958006.55
2019-07-23,sz.300750,73.4,76.95,72.62,75.87,16470705,1243667020.02
2019-07-24,sz.300750,76.2,76.93,75.4,75.68,11968548,911581946.34
2019-07-25,sz.300750,75.7,76.75,75.3,75.81,11840107,900265031.06
2019-07-26,sz.300750,75.36,77.77,75.36,76.66,11526351,887611744.45
2019-07-29,sz.300750,76.52,77.4,76.01,76.68,7037596,539231508.15
2019-07-30,sz.300750,76.9,78.49,76.14,77.76,9645886,748447373.95
2019-07-31,sz.300750,77.6,77.6,76.0,76.0,6622124,507359962.59
2019-08-01,sz.300750,75.9,76.93,75.28,75.8,6750326,512836765.97
2019-08-02,sz.300750,73.99,75.6,73.75,75.28,7166010,537012579.33
2019-08-05,sz.300750,74.7,75.2,72.88,73.0,8991667,664300302.4
2019-08-06,sz.300750,70.8,72.69,70.51,72.15,8493825,606804434.02
2019-08-07,sz.300750,72.5,74.55,72.44,73.33,8604899,634607223.52
2019-08-08,sz.300750,74.0,74.18,72.8,73.08,3874396,283896694.06
2019-08-09,sz.300750,73.97,73.97,71.51,71.93,4732689,342757055.43
2019-08-12,sz.300750,71.81,73.4,71.53,73.37,4253610,309047521.33
2019-08-13,sz.300750,72.82,74.29,72.58,73.47,5309490,390413486.06
2019-08-14,sz.300750,74.0,75.09,73.5,73.5,6324864,469662043.69
2019-08-15,sz.300750,71.95,74.2,71.71,74.17,4622234,338674803.95
2019-08-16,sz.300750,74.0,74.2,73.03,73.22,6954025,510354144.28
2019-08-19,sz.300750,73.7,76.2,73.22,76.2,10512285,788088318.8
2019-08-20,sz.300750,76.18,76.35,75.16,75.43,6819064,516227096.82
2019-08-21,sz.300750,75.22,76.95,75.22,75.8,6533092,497063366.52
2019-08-22,sz.300750,76.0,76.0,75.0,75.6,4917499,371406219.63
2019-08-23,sz.300750,75.59,75.59,71.92,73.9,16565181,1217057417.21
2019-08-26,sz.300750,72.89,73.73,72.5,72.77,9127893,667071588.73
2019-08-27,sz.300750,73.36,74.53,73.11,73.3,9605221,708485566.74
2019-08-28,sz.300750,74.17,74.27,72.36,72.52,8640082,630707719.1
2019-08-29,sz.300750,72.51,72.53,71.03,71.08,10076080,719068780.42
2019-08-30,sz.300750,71.46,72.88,70.56,72.27,11896719,853502524.6
2019-09-02,sz.300750,72.19,73.14,71.89,72.96,9806682,711942578.79
2019-09-03,sz.300750,72.71,72.9,70.84,71.2,13019463,928815989.45
2019-09-04,sz.300750,70.88,71.38,69.9,71.18,11710654,825074108.0
2019-09-05,sz.300750,71.21,72.39,71.21,71.3,12301592,882671197.57
2019-09-06,sz.300750,71.45,72.3,71.45,71.86,8292198,595782214.49
2019-09-09,sz.300750,72.51,77.0,72.06,77.0,25802948,1929969738.33
2019-09-10,sz.300750,77.33,77.75,76.45,77.22,18827878,1453966628.19
2019-09-11,sz.300750,77.9,81.08,77.36,77.77,21230612,1677214721.58
2019-09-12,sz.300750,78.2,79.7,77.3,78.0,15404790,1208379490.6
2019-09-16,sz.300750,78.99,79.3,76.32,76.7,13527921,1049862814.99
2019-09-17,sz.300750,76.58,76.58,74.21,74.52,14317599,1075220901.21
2019-09-18,sz.300750,75.05,75.46,74.45,74.59,10085597,755559853.69
2019-09-19,sz.300750,74.59,76.0,74.59,75.38,14132303,1065080393.04
2019-09-20,sz.300750,75.52,76.12,74.6,74.86,12802741,962427238.25
2019-09-23,sz.300750,74.87,74.88,72.3,72.99,12309884,899754060.2
2019-09-24,sz.300750,73.14,73.92,72.06,72.73,12842670,936875749.3
2019-09-25,sz.300750,72.6,73.78,71.85,72.96,13395325,975645561.12
2019-09-26,sz.300750,73.2,73.35,71.02,71.45,13092362,941682667.87
2019-09-27,sz.300750,71.45,71.89,71.06,71.46,7143729,510484481.92
2019-09-30,sz.300750,71.8,72.07,71.16,71.5,6760707,484212294.2
2019-10-08,sz.300750,71.61,71.98,70.2,70.26,8735710,618883409.79
2019-10-09,sz.300750,70.01,70.03,68.38,69.1,13221857,911571269.05
2019-10-10,sz.300750,70.07,71.64,69.76,70.9,12285154,869992051.36
2019-10-11,sz.300750,71.17,72.14,70.33,71.46,9492562,677544365.19
2019-10-14,sz.300750,71.9,72.0,70.5,70.85,12203588,867406114.96
2019-10-15,sz.300750,70.85,72.1,70.66,70.97,8935077,636739159.86
2019-10-16,sz.300750,71.01,71.33,69.5,69.69,8123690,568498326.46
2019-10-17,sz.300750,69.7,69.97,68.89,69.3,7245504,501288116.17
2019-10-18,sz.300750,69.6,70.32,69.36,70.09,7628238,533023008.19
2019-10-21,sz.300750,70.28,70.28,69.0,69.64,5043168,350055632.04
2019-10-22,sz.300750,70.0,70.92,70.0,70.72,6927358,489333687.06
2019-10-23,sz.300750,70.7,71.15,70.05,70.76,6317648,447168647.59
2019-10-24,sz.300750,70.93,71.95,70.88,71.63,9043248,646704355.76
2019-10-25,sz.300750,71.7,71.75,70.56,71.02,5389714,382402723.41
2019-10-28,sz.300750,70.05,70.82,69.68,70.81,9966286,700210842.8
2019-10-29,sz.300750,70.89,70.89,69.13,69.28,9865652,687635379.69
2019-10-30,sz.300750,69.0,69.72,68.38,69.52,7561367,520676672.8
2019-10-31,sz.300750,69.38,69.83,68.68,68.71,5626806,387993148.14
2019-11-01,sz.300750,68.52,69.4,68.42,69.33,5613492,387301784.2
2019-11-04,sz.300750,69.6,69.99,69.1,69.93,8286601,577524887.1
2019-11-05,sz.300750,70.31,74.35,69.93,73.48,23782533,1725001848.73
2019-11-06,sz.300750,76.27,78.88,75.35,75.9,44148150,3404725404.43
2019-11-07,sz.300750,75.3,76.91,74.13,75.3,21663334,1632551884.18
2019-11-08,sz.300750,75.9,77.2,75.0,75.62,19035838,1451717069.15
2019-11-11,sz.300750,74.78,75.4,73.7,73.7,9991343,743193688.7
2019-11-12,sz.300750,74.0,75.3,73.55,74.45,9084273,676179118.88
2019-11-13,sz.300750,74.8,74.89,73.79,73.94,6735241,500321731.55
2019-11-14,sz.300750,74.4,74.85,73.81,74.1,6725875,500146771.62
2019-11-15,sz.300750,74.29,74.29,71.6,72.6,10722051,777993873.48
2019-11-18,sz.300750,72.88,73.19,72.15,72.87,4495507,327040087.26
2019-11-19,sz.300750,73.28,76.97,72.88,76.94,18631350,1408822314.11
2019-11-20,sz.300750,76.83,78.1,76.2,76.3,11246809,866890314.09
2019-11-21,sz.300750,76.7,78.1,76.3,77.15,12442467,962849296.53
2019-11-22,sz.300750,82.0,84.6,79.46,80.5,42347174,3469882994.6
2019-11-25,sz.300750,81.35,83.65,81.0,83.58,28083768,2324168795.76
2019-11-26,sz.300750,82.99,89.6,81.9,88.0,39148358,3366468758.81
2019-11-27,sz.300750,87.45,88.86,85.97,87.25,19444274,1701295924.24
2019-11-28,sz.300750,86.7,89.6,86.15,87.41,14522464,1272961361.98
2019-11-29,sz.300750,87.12,88.9,85.38,87.41,12922196,1128335006.52
2019-12-02,sz.300750,88.2,88.32,85.8,87.1,11901718,1037432152.42
2019-12-03,sz.300750,87.0,87.25,84.59,86.4,15689440,1344177278.58
2019-12-04,sz.300750,86.36,88.76,85.18,86.7,16878594,1471734012.43
2019-12-05,sz.300750,87.02,93.46,86.96,92.0,26362986,2386541251.7
2019-12-06,sz.300750,91.7,93.39,91.1,93.0,13437736,1241180809.83
2019-12-09,sz.300750,93.5,93.5,90.9,92.89,14749903,1356068173.99
2019-12-10,sz.300750,92.0,94.44,91.3,93.35,12694910,1180456000.42
2019-12-11,sz.300750,93.35,94.19,90.5,91.49,13325522,1228395775.99
2019-12-12,sz.300750,91.46,92.9,89.22,89.7,14878693,1348243702.95
2019-12-13,sz.300750,91.53,93.4,90.32,93.0,18289816,1685672880.77
2019-12-16,sz.300750,92.54,92.87,91.28,92.3,18217880,1677225430.6
2019-12-17,sz.300750,94.8,97.19,94.44,95.39,27739358,2651624403.94
2019-12-18,sz.300750,94.46,94.5,92.17,93.19,18640537,1738803703.2
2019-12-19,sz.300750,93.5,93.58,91.52,93.25,10843349,1003631198.18
2019-12-20,sz.300750,93.24,94.88,92.71,92.78,10357947,968703786.34
2019-12-23,sz.300750,92.0,95.39,91.56,92.9,14142900,1327211448.96
2019-12-24,sz.300750,93.2,100.09,93.2,99.5,29704390,2899590776.3
2019-12-25,sz.300750,99.35,105.48,98.15,105.3,23307715,2363520362.46
2019-12-26,sz.300750,105.0,106.98,102.68,105.12,14841677,1549926129.0
2019-12-27,sz.300750,105.12,110.0,103.15,104.2,24054959,2568286547.97
2019-12-30,sz.300750,106.57,110.5,105.0,110.0,23577964,2546998962.12
2019-12-31,sz.300750,109.86,110.35,105.54,106.4,21500700,2311684353.01
2020-01-02,sz.300750,107.21,108.85,105.7,107.52,20611589,2213454650.95
2020-01-03,sz.300750,107.52,110.19,105.97,109.55,18084178,1956828808.74
2020-01-06,sz.300750,111.3,114.5,107.8,109.09,26500200,2958351779.87
2020-01-07,sz.300750,109.01,109.64,107.41,108.5,13507544,1461154189.47
2020-01-08,sz.300750,109.01,111.5,107.1,109.6,19224068,2098374347.29
2020-01-09,sz.300750,112.0,115.5,110.01,115.0,20164351,2287090666.44
2020-01-10,sz.300750,114.2,114.2,111.68,113.31,14428007,1628569248.45
2020-01-13,sz.300750,116.0,118.48,114.2,116.9,21597445,2516539925.09
2020-01-14,sz.300750,119.51,120.75,115.18,115.7,21768473,2585867747.09
2020-01-15,sz.300750,115.7,117.58,112.21,115.3,17758720,2031327383.2
2020-01-16,sz.300750,116.0,116.5,113.85,116.4,12934158,1492301746.76
2020-01-17,sz.300750,116.36,117.56,114.0,115.08,14662407,1694771901.3
2020-01-20,sz.300750,114.99,125.08,112.9,123.2,24892200,2992287056.79
2020-01-21,sz.300750,122.51,123.0,120.46,121.65,14267108,1734790906.52
2020-01-22,sz.300750,121.65,133.82,119.38,133.82,34991561,4493837402.16
2020-01-23,sz.300750,132.5,137.0,125.1,130.57,35986224,4755930193.29
2020-02-03,sz.300750,126.56,143.48,126.5,135.36,52634602,7148822247.27
2020-02-04,sz.300750,145.77,148.9,140.01,148.9,35913583,5283954889.56
2020-02-05,sz.300750,158.17,163.79,156.3,163.79,53082382,8588999756.73
2020-02-06,sz.300750,155.01,169.89,152.99,169.89,57918993,9265610935.71
2020-02-07,sz.300750,166.0,169.33,158.95,160.2,45499480,7426674364.74
2020-02-10,sz.300750,161.0,168.58,160.0,165.26,37540921,6161572536.54
2020-02-11,sz.300750,167.2,168.0,157.6,158.4,33994559,5451183356.85
2020-02-12,sz.300750,153.55,161.84,152.03,159.65,32586206,5174595055.65
2020-02-13,sz.300750,155.99,159.38,153.69,156.34,31360960,4914616428.0
2020-02-14,sz.300750,158.9,159.9,148.86,149.9,43961853,6739413554.76
2020-02-17,sz.300750,149.0,156.16,148.88,154.1,34447133,5309578996.44
2020-02-18,sz.300750,154.1,159.0,152.85,156.62,28230513,4400767113.91
2020-02-19,sz.300750,165.0,165.1,152.89,153.2,41816783,6598898913.78
2020-02-20,sz.300750,156.5,165.0,153.0,160.0,51844020,8254242623.04
2020-02-21,sz.300750,157.8,162.5,155.22,159.9,33805137,5376640660.24
2020-02-24,sz.300750,157.0,159.85,152.48,154.41,36523081,5670550935.39
2020-02-25,sz.300750,149.74,165.5,148.84,161.85,51602630,8116792624.55
2020-02-26,sz.300750,158.7,160.85,150.7,152.86,33827986,5273485008.97
2020-02-27,sz.300750,155.1,156.66,148.8,149.48,33200245,5062343300.33
2020-02-28,sz.300750,139.99,145.0,135.51,135.67,50844719,7090643685.99
2020-03-02,sz.300750,138.8,141.95,134.95,139.99,31815002,4426474527.31
2020-03-03,sz.300750,146.0,149.69,143.9,145.78,29691061,4366384638.63
2020-03-04,sz.300750,143.99,145.88,139.78,143.7,20594614,2945905656.09
2020-03-05,sz.300750,146.54,147.83,142.0,145.22,22463328,3254884224.32
2020-03-06,sz.300750,142.01,147.3,141.5,143.52,15980869,2309879439.45
2020-03-09,sz.300750,138.99,140.9,133.0,133.45,29425285,4022533011.76
2020-03-10,sz.300750,133.61,141.69,133.01,140.53,29274470,4026499803.83
2020-03-11,sz.300750,143.0,148.58,138.8,140.78,33923207,4857506589.47
2020-03-12,sz.300750,136.2,136.77,131.32,134.2,33385759,4454589854.6
2020-03-13,sz.300750,126.1,133.8,126.01,132.1,27455284,3557983786.6
2020-03-16,sz.300750,128.0,128.88,118.89,119.06,49048485,5992811655.68
2020-03-17,sz.300750,121.0,122.93,111.25,117.95,39220328,4571660103.94
2020-03-18,sz.300750,118.9,123.5,116.0,117.35,31338376,3757216350.32
2020-03-19,sz.300750,119.0,119.5,111.69,115.04,33156307,3803916536.71
2020-03-20,sz.300750,118.0,119.7,113.22,115.86,22514220,2615607081.53
2020-03-23,sz.300750,110.8,111.57,105.01,107.48,30761809,3324031004.28
2020-03-24,sz.300750,110.6,112.88,107.0,111.57,29116996,3222263478.77
2020-03-25,sz.300750,116.2,122.18,116.0,121.0,38592846,4603104636.27
2020-03-26,sz.300750,119.01,122.35,118.3,119.63,19437090,2344662560.14
2020-03-27,sz.300750,122.21,123.33,117.36,118.71,17499077,2101160340.25
2020-03-30,sz.300750,116.0,120.64,110.7,119.31,26165539,3010412506.63
2020-03-31,sz.300750,120.27,123.13,117.86,120.39,19485192,2350421157.94
2020-04-01,sz.300750,123.1,125.56,119.08,120.4,29895088,3664714147.46
2020-04-02,sz.300750,117.5,123.6,116.71,123.6,20958836,2523168230.16
2020-04-03,sz.300750,124.65,125.0,119.8,121.0,18220415,2225897354.02
2020-04-07,sz.300750,123.6,126.09,123.02,124.7,18372889,2284706364.59
2020-04-08,sz.300750,123.9,125.49,122.6,123.0,11946973,1479285370.18
2020-04-09,sz.300750,123.98,124.48,119.81,120.21,16052778,1944405072.93
2020-04-10,sz.300750,121.15,123.07,117.93,118.46,14569554,1748457124.11
2020-04-13,sz.300750,114.9,116.99,113.08,114.69,12458136,1432291941.7
2020-04-14,sz.300750,118.0,126.16,117.5,126.16,38893873,4803638073.83
2020-04-15,sz.300750,129.8,131.89,127.23,128.0,32564492,4226641423.33
2020-04-16,sz.300750,128.27,133.71,126.82,132.95,21638110,2835377036.98
2020-04-17,sz.300750,136.08,140.58,135.1,136.95,29252182,4024198915.36
2020-04-20,sz.300750,136.4,136.75,131.88,134.51,18700233,2507578389.91
2020-04-21,sz.300750,131.99,132.86,127.0,130.52,19391746,2519303194.69
2020-04-22,sz.300750,127.33,132.3,127.3,130.85,14686885,1904011483.11
2020-04-23,sz.300750,132.9,132.9,128.6,129.9,12537857,1635621701.89
2020-04-24,sz.300750,130.0,136.0,130.0,131.69,16991648,2263542699.21
2020-04-27,sz.300750,133.02,136.0,132.08,133.91,14365453,1933994988.8
2020-04-28,sz.300750,137.0,140.1,131.62,138.3,22691656,3115997363.13
2020-04-29,sz.300750,136.13,140.19,136.01,138.72,11954408,1659513004.42
2020-04-30,sz.300750,144.0,148.51,144.0,144.38,23338521,3409837973.13
2020-05-06,sz.300750,139.0,146.8,138.75,145.79,19146391,2769607852.49
2020-05-07,sz.300750,146.3,147.2,141.0,143.2,16078680,2302059541.33
2020-05-08,sz.300750,143.0,145.22,140.89,144.08,14133880,2024998124.84
2020-05-11,sz.300750,144.2,145.98,135.06,137.62,28536431,3959234289.15
2020-05-12,sz.300750,139.06,139.88,135.73,139.0,16027660,2208624438.51
2020-05-13,sz.300750,137.33,139.65,136.88,138.26,12154242,1678255895.36
2020-05-14,sz.300750,137.85,138.25,135.5,135.6,11433488,1560698259.49
2020-05-15,sz.300750,139.94,147.69,138.96,145.48,32212118,4605864489.38
2020-05-18,sz.300750,145.0,145.0,139.69,141.81,16088936,2287442333.56
2020-05-19,sz.300750,143.2,145.8,142.52,143.26,10425183,1499320586.04
2020-05-20,sz.300750,150.0,155.4,149.01,149.3,32969279,5027432242.27
2020-05-21,sz.300750,151.81,153.55,146.58,147.46,15487607,2328717775.5
2020-05-22,sz.300750,146.62,146.86,141.0,142.81,14817295,2127136883.11
2020-05-25,sz.300750,142.68,144.41,140.55,144.3,10378205,1482241104.43
2020-05-26,sz.300750,145.77,150.41,145.2,150.03,17486531,2596292602.28
2020-05-27,sz.300750,149.96,155.0,149.9,151.5,18104917,2763780108.47
2020-05-28,sz.300750,149.99,150.9,143.5,147.84,17424709,2553996974.35
2020-05-29,sz.300750,147.0,147.83,144.5,145.53,14142791,2060033605.24
2020-06-01,sz.300750,147.47,153.03,146.36,150.95,15176562,2284037537.37
2020-06-02,sz.300750,154.0,154.89,146.98,149.46,13703028,2055312032.79
2020-06-03,sz.300750,150.0,151.12,147.81,148.5,11363532,1693882301.33
2020-06-04,sz.300750,149.8,154.13,148.6,150.0,13757396,2082248431.57
2020-06-05,sz.300750,149.55,151.35,147.26,151.2,9862700,1475831340.87
2020-06-08,sz.300750,153.74,154.55,150.46,151.4,10560379,1605995418.59
2020-06-09,sz.300750,154.5,155.97,153.1,153.96,15069925,2325730459.86
2020-06-10,sz.300750,159.9,159.9,153.5,156.68,19821016,3097487314.6
2020-06-11,sz.300750,160.0,170.08,158.13,163.98,36817709,6056179350.39
2020-06-12,sz.300750,160.18,162.5,158.88,159.3,25244551,4038133987.39
2020-06-15,sz.300750,156.23,161.26,155.51,157.7,15945246,2526289032.82
2020-06-16,sz.300750,161.0,163.28,158.01,160.0,13129741,2107390563.22
2020-06-17,sz.300750,159.04,160.5,156.01,157.8,12529134,1973464261.58
2020-06-18,sz.300750,157.8,159.57,156.0,158.95,9656214,1526258395.54
2020-06-19,sz.300750,159.98,168.8,159.15,165.9,25019327,4137793351.67
2020-06-22,sz.300750,165.75,171.3,164.5,165.0,19041226,3191062036.87
2020-06-23,sz.300750,166.0,169.13,163.52,168.89,15947506,2662217150.98
2020-06-24,sz.300750,170.52,173.58,169.3,171.5,14660407,2515400581.42
2020-06-29,sz.300750,170.5,172.5,169.01,171.04,11604049,1980641413.04
2020-06-30,sz.300750,173.0,179.47,173.0,174.36,16251433,2849476587.99
2020-07-01,sz.300750,178.5,181.9,167.88,169.4,28657478,4991087872.76
2020-07-02,sz.300750,172.0,172.18,164.51,167.2,27047963,4535545521.62
2020-07-03,sz.300750,170.0,170.74,167.03,167.6,24026447,4054240060.76
2020-07-06,sz.300750,168.2,180.0,167.59,177.8,30715268,5324573165.34
2020-07-07,sz.300750,188.0,195.58,187.5,195.58,25360423,4915716571.73
2020-07-08,sz.300750,197.99,198.82,189.98,197.57,28889036,5645451323.93
2020-07-09,sz.300750,197.0,206.77,196.0,205.02,27903552,5622121400.97
2020-07-10,sz.300750,202.98,207.16,200.6,203.9,16829333,3436550911.7
2020-07-13,sz.300750,211.6,224.29,211.6,224.11,30326879,6609862260.42
2020-07-14,sz.300750,214.0,220.7,208.86,215.95,33329626,7129824248.0
2020-07-15,sz.300750,219.0,220.57,202.11,207.03,27435061,5785551114.4
2020-07-16,sz.300750,208.0,212.88,196.4,196.77,27254968,5596500616.35
2020-07-17,sz.300750,197.01,201.18,188.08,195.7,30378591,5903627257.05
2020-07-20,sz.300750,204.09,211.11,199.09,205.3,28999908,5919664189.96
2020-07-21,sz.300750,209.99,209.99,203.0,207.0,18656592,3855792321.1
2020-07-22,sz.300750,205.0,211.19,203.03,207.89,19165779,3992449598.59
2020-07-23,sz.300750,207.0,215.51,206.0,213.5,25589954,5395410864.95
2020-07-24,sz.300750,209.0,209.9,195.85,198.68,34398314,6943402672.18
2020-07-27,sz.300750,198.0,200.98,189.99,191.3,25155581,4870628815.6
2020-07-28,sz.300750,196.05,200.5,195.51,197.52,20148990,3988264848.14
2020-07-29,sz.300750,197.52,205.0,195.27,204.18,18998583,3844683433.85
2020-07-30,sz.300750,205.0,206.98,202.4,205.35,14353072,2944644012.9
2020-07-31,sz.300750,206.0,215.3,205.5,212.17,20704980,4378422256.04
2020-08-03,sz.300750,213.88,215.8,210.05,215.6,15106133,3216865097.64
2020-08-04,sz.300750,214.3,222.98,210.32,210.69,19958062,4309494880.36
2020-08-05,sz.300750,210.74,212.8,206.55,210.35,12730060,2664523682.85
2020-08-06,sz.300750,216.88,217.88,208.0,211.5,14565688,3082282259.6
2020-08-07,sz.300750,209.0,214.3,202.11,204.29,18055246,3733669851.51
2020-08-10,sz.300750,204.2,205.3,198.08,200.68,13078744,2629646475.41
2020-08-11,sz.300750,200.75,204.6,198.13,198.42,12233213,2468198212.59
2020-08-12,sz.300750,199.9,200.26,188.2,195.73,25272741,4855191798.76
2020-08-13,sz.300750,200.8,201.98,194.47,195.99,13061210,2581164116.91
2020-08-14,sz.300750,197.7,200.45,195.99,200.37,11970002,2373752130.69
2020-08-17,sz.300750,200.0,200.37,194.2,196.62,19707410,3866925434.64
2020-08-18,sz.300750,199.6,205.0,195.88,199.28,22122398,4415130040.55
2020-08-19,sz.300750,197.8,197.8,190.0,190.19,18714680,3610137183.17
2020-08-20,sz.300750,187.0,191.0,185.0,188.42,13020138,2444311254.49
2020-08-21,sz.300750,191.36,193.94,190.0,192.23,14655272,2815939720.4
2020-08-24,sz.300750,194.2,208.0,192.24,202.01,25806984,5156579057.63
2020-08-25,sz.300750,202.01,206.0,198.96,199.92,14549072,2935647680.18
2020-08-26,sz.300750,199.01,199.98,192.94,194.4,15240258,2985718224.08
2020-08-27,sz.300750,202.5,208.5,199.0,204.95,28397772,5799779573.06
2020-08-28,sz.300750,206.32,209.5,203.68,208.3,16967122,3510925235.07
2020-08-31,sz.300750,209.66,210.76,205.01,206.35,13514481,2797718777.33
2020-09-01,sz.300750,206.5,215.0,205.01,214.25,19716189,4175644975.0
2020-09-02,sz.300750,213.36,214.13,208.0,211.31,14608611,3084140607.86
2020-09-03,sz.300750,210.0,211.0,205.89,209.9,12452889,2600401902.48
2020-09-04,sz.300750,202.22,205.66,200.58,204.26,14773663,2993649066.28
2020-09-07,sz.300750,202.9,204.85,180.0,186.4,44789699,8540774209.68
2020-09-08,sz.300750,185.0,188.0,179.51,186.9,22073272,4063178479.39
2020-09-09,sz.300750,179.0,187.5,177.99,184.32,18934368,3444737254.9
2020-09-10,sz.300750,185.0,189.5,184.5,184.96,14826421,2775741169.21
2020-09-11,sz.300750,186.0,189.3,183.35,187.3,11765001,2188559588.65
2020-09-14,sz.300750,190.5,194.98,190.0,192.78,14289637,2755344741.23
2020-09-15,sz.300750,195.5,197.0,192.82,194.7,11703665,2283119874.78
2020-09-16,sz.300750,196.79,196.9,190.5,192.26,11837864,2289962853.4
2020-09-17,sz.300750,192.24,201.95,191.0,198.4,18130771,3567477518.32
2020-09-18,sz.300750,198.91,200.0,195.23,198.03,10548691,2089777817.1
2020-09-21,sz.300750,201.9,208.0,196.86,197.93,16068319,3253235561.82
2020-09-22,sz.300750,200.0,204.2,197.93,200.5,12339378,2486477010.97
2020-09-23,sz.300750,199.6,199.82,191.1,197.0,15719429,3068479262.24
2020-09-24,sz.300750,193.65,195.8,190.11,190.82,10668028,2053506543.55
2020-09-25,sz.300750,193.6,194.7,190.59,191.5,6801208,1308079227.28
2020-09-28,sz.300750,193.45,196.95,191.81,192.91,8233195,1600223953.99
2020-09-29,sz.300750,195.49,206.25,195.43,204.99,20243551,4072131575.31
2020-09-30,sz.300750,205.3,211.01,203.8,209.2,15990837,3336273480.53
2020-10-09,sz.300750,219.99,228.88,219.77,224.87,23959241,5376329911.32
2020-10-12,sz.300750,228.0,235.0,227.3,234.78,18938222,4398493906.52
2020-10-13,sz.300750,234.88,238.58,229.0,235.67,10746666,2516817784.32
2020-10-14,sz.300750,237.0,244.0,234.8,237.3,13770183,3291861335.66
2020-10-15,sz.300750,241.11,244.1,237.0,238.6,9953526,2390083998.42
2020-10-16,sz.300750,239.5,240.0,224.31,228.1,20304062,4680601973.53
2020-10-19,sz.300750,231.33,236.1,228.0,229.41,13002499,3013473695.51
2020-10-20,sz.300750,230.63,241.6,228.94,241.6,13596634,3215157955.21
2020-10-21,sz.300750,240.06,240.63,227.68,232.33,16167925,3765707374.23
2020-10-22,sz.300750,230.2,233.8,227.0,231.88,9055157,2083319770.78
2020-10-23,sz.300750,232.51,238.76,224.45,225.0,11593811,2675565182.5
2020-10-26,sz.300750,225.97,233.63,219.33,233.15,10802773,2483444489.13
2020-10-27,sz.300750,235.0,238.7,232.0,237.21,9101539,2142729170.59
2020-10-28,sz.300750,227.65,245.47,226.66,240.26,22415826,5333295829.78
2020-10-29,sz.300750,237.02,244.02,232.32,240.0,17435230,4141992876.83
2020-10-30,sz.300750,241.02,256.6,238.3,247.17,22958747,5697363353.32
2020-11-02,sz.300750,247.0,265.5,244.51,260.14,18946131,4851443507.78
2020-11-03,sz.300750,260.0,260.0,247.18,256.02,18456665,4678655503.43
2020-11-04,sz.300750,255.0,260.0,250.0,255.55,11061672,2823450164.92
2020-11-05,sz.300750,261.0,268.5,260.96,268.5,15795924,4183384889.78
2020-11-06,sz.300750,271.38,275.23,260.0,263.5,15658385,4181642685.96
2020-11-09,sz.300750,268.0,272.9,261.1,266.43,13228570,3519918484.63
2020-11-10,sz.300750,265.32,271.88,255.55,265.92,14417544,3798315741.0
2020-11-11,sz.300750,264.11,267.48,250.84,250.84,15758398,4067832842.2
2020-11-12,sz.300750,260.0,260.0,252.58,254.25,9716864,2484194228.51
2020-11-13,sz.300750,258.12,260.77,253.0,253.21,11377678,2916695926.72
2020-11-16,sz.300750,253.89,257.7,247.43,254.9,12312065,3117461904.91
2020-11-17,sz.300750,257.3,260.0,246.5,250.68,13674853,3446644846.06
2020-11-18,sz.300750,250.12,252.06,236.82,240.5,19283321,4666571941.18
2020-11-19,sz.300750,241.01,243.55,237.11,242.1,9758010,2347767353.96
2020-11-20,sz.300750,244.49,253.6,244.48,252.08,12303462,3074188105.81
2020-11-23,sz.300750,252.08,259.7,250.1,253.0,12091293,3074248590.11
2020-11-24,sz.300750,258.0,259.1,250.01,254.7,9791966,2493964413.57
2020-11-25,sz.300750,256.6,256.88,244.4,246.22,11709894,2919290534.92
2020-11-26,sz.300750,246.6,246.6,239.2,245.34,8629485,2093179753.54
2020-11-27,sz.300750,245.42,248.77,238.0,242.0,8433221,2042276835.53
2020-11-30,sz.300750,244.0,244.0,234.02,242.8,12666236,3027343940.04
2020-12-01,sz.300750,238.8,246.65,238.0,246.17,9491971,2313881357.96
2020-12-02,sz.300750,246.0,246.0,236.6,243.69,11965310,2878299332.58
2020-12-03,sz.300750,243.69,246.97,238.37,245.99,10688561,2599398532.04
2020-12-04,sz.300750,245.06,251.3,244.35,249.72,9233784,2301628558.31
2020-12-07,sz.300750,250.9,264.83,250.9,261.46,17112954,4455396830.01
2020-12-08,sz.300750,265.5,269.89,264.5,266.03,11636158,3104188969.87
2020-12-09,sz.300750,268.73,272.6,262.08,266.0,15363649,4118082968.01
2020-12-10,sz.300750,263.15,267.5,259.0,264.82,9985664,2632528799.1
2020-12-11,sz.300750,263.31,267.52,261.7,266.56,12893673,3422455576.52
2020-12-14,sz.300750,266.57,268.73,262.1,266.0,10724116,2853628548.55
2020-12-15,sz.300750,268.0,279.37,264.45,278.5,17781261,4843902027.0
2020-12-16,sz.300750,280.2,286.3,277.0,286.06,14288803,4031211462.83
2020-12-17,sz.300750,284.2,287.8,282.01,284.81,8812326,2508931372.63
2020-12-18,sz.300750,285.5,292.95,283.22,289.99,9512618,2747669766.85
2020-12-21,sz.300750,296.75,325.0,293.3,325.0,19810397,6099782514.53
2020-12-22,sz.300750,319.99,330.33,311.7,313.64,16874400,5377597576.03
2020-12-23,sz.300750,313.67,329.3,307.18,318.0,17390320,5538718908.38
2020-12-24,sz.300750,317.0,318.66,308.5,311.0,9478596,2959419425.07
2020-12-25,sz.300750,309.0,315.2,306.01,312.79,9539934,2967552613.6
2020-12-28,sz.300750,315.2,320.0,311.0,316.78,11973062,3782275235.68
2020-12-29,sz.300750,316.79,318.8,303.38,308.0,12174791,3759197905.48
2020-12-30,sz.300750,320.0,347.94,320.0,340.0,22881682,7648664797.97
2020-12-31,sz.300750,344.98,353.9,341.71,351.11,15200521,5283669711.79
2021-01-04,sz.300750,358.1,411.11,358.1,404.1,22480807,8687099006.98
2021-01-05,sz.300750,395.0,403.8,386.01,402.0,22745201,9014539649.19
2021-01-06,sz.300750,408.0,416.0,391.01,406.77,18668114,7476239865.78
2021-01-07,sz.300750,400.99,415.0,396.88,413.23,17389487,7064219721.54
2021-01-08,sz.300750,419.0,424.99,397.4,404.5,21006685,8534719468.52
2021-01-11,sz.300750,409.88,409.88,386.0,390.0,23005038,9098694885.58
2021-01-12,sz.300750,385.5,404.4,380.0,401.17,16559671,6519876504.75
2021-01-13,sz.300750,400.0,410.5,372.98,385.0,27261967,10634079156.74
2021-01-14,sz.300750,375.2,384.0,368.02,369.01,19606569,7315308913.46
2021-01-15,sz.300750,367.99,383.98,365.0,380.55,19822928,7439894398.97
2021-01-18,sz.300750,376.74,391.8,375.77,383.9,14201178,5471186934.28
2021-01-19,sz.300750,384.0,386.0,364.55,366.11,16286661,6085692761.11
2021-01-20,sz.300750,373.8,393.38,370.91,391.4,21341613,8254525726.97
2021-01-21,sz.300750,387.0,399.0,380.0,391.3,17479166,6831720356.62
2021-01-22,sz.300750,391.5,410.28,391.5,408.0,19044156,7637563994.44
2021-01-25,sz.300750,406.3,418.34,392.34,396.95,21741425,8762929073.74
2021-01-26,sz.300750,396.81,396.81,383.76,385.5,15104374,5853513769.95
2021-01-27,sz.300750,392.0,393.2,372.0,390.52,14838511,5705898439.04
2021-01-28,sz.300750,380.0,383.01,368.0,369.9,18182027,6792412556.18
2021-01-29,sz.300750,376.01,377.0,342.56,354.11,27601326,9896345998.55
2021-02-01,sz.300750,353.0,356.9,346.2,350.33,17525081,6170654212.21
2021-02-02,sz.300750,352.01,369.99,337.37,367.8,25086475,8919403723.18
2021-02-03,sz.300750,379.0,387.56,375.05,380.98,21107294,8082621707.65
2021-02-04,sz.300750,384.91,393.8,379.5,388.5,21630174,8354708667.47
2021-02-05,sz.300750,395.0,396.99,372.85,373.45,18411695,7036248026.18
2021-02-08,sz.300750,375.0,404.8,373.01,404.0,24402658,9586610901.77
2021-02-09,sz.300750,411.2,415.0,400.8,410.2,16203746,6632109518.73
2021-02-10,sz.300750,413.99,416.6,406.0,412.66,16282957,6704613974.91
2021-02-18,sz.300750,422.0,422.0,386.88,397.0,23824929,9491493857.26
2021-02-19,sz.300750,390.0,396.0,374.2,387.5,18690354,7159858378.61
2021-02-22,sz.300750,387.5,395.8,374.9,375.0,16720351,6411239336.71
2021-02-23,sz.300750,370.0,376.54,360.88,376.54,13604746,5027757786.27
2021-02-24,sz.300750,375.0,378.0,339.4,347.0,30272084,10682015850.83
2021-02-25,sz.300750,353.85,353.85,335.0,337.1,24575702,8445690070.16
2021-02-26,sz.300750,323.0,333.0,317.79,322.23,22950635,7449904802.03
2021-03-01,sz.300750,331.51,345.62,328.28,344.6,20539402,6964880536.07
2021-03-02,sz.300750,353.0,353.2,341.06,349.6,15281131,5308970364.61
2021-03-03,sz.300750,346.05,349.63,340.36,349.63,10464433,3617077585.64
2021-03-04,sz.300750,345.0,345.0,322.91,325.57,18103403,5984259540.03
2021-03-05,sz.300750,313.01,326.88,308.33,320.0,17307341,5511104280.19
2021-03-08,sz.300750,323.0,334.72,300.88,305.0,21295514,6751702325.59
2021-03-09,sz.300750,300.0,310.5,289.0,300.0,27357719,8235734794.89
2021-03-10,sz.300750,316.0,322.28,313.0,314.5,23763768,7542999117.76
2021-03-11,sz.300750,316.0,333.48,311.3,331.28,20964281,6829108561.82
2021-03-12,sz.300750,336.91,345.0,331.3,341.46,18952041,6424536234.89
2021-03-15,sz.300750,340.0,340.0,307.0,312.3,23040352,7361113706.9
2021-03-16,sz.300750,317.0,324.99,313.5,323.0,13712397,4384184142.32
2021-03-17,sz.300750,317.88,336.2,313.1,333.0,14672578,4829807794.64
2021-03-18,sz.300750,334.0,343.11,333.51,335.8,11366956,3840901084.28
2021-03-19,sz.300750,325.0,332.99,311.0,316.5,18971590,6051504889.61
2021-03-22,sz.300750,319.0,321.0,298.89,307.8,23171883,7137600231.12
2021-03-23,sz.300750,305.0,310.64,300.12,303.91,15116923,4603584945.64
2021-03-24,sz.300750,305.0,305.1,285.0,288.79,25208186,7334176816.41
2021-03-25,sz.300750,280.51,293.35,280.05,291.55,18439889,5281518749.08
2021-03-26,sz.300750,295.0,314.05,293.0,313.62,23710285,7292443310.74
2021-03-29,sz.300750,313.5,319.77,305.01,311.6,15563243,4871068353.95
2021-03-30,sz.300750,311.61,320.98,308.0,318.98,12640386,4003150838.63
2021-03-31,sz.300750,318.89,326.16,313.0,322.17,16054553,5133802498.75
2021-04-01,sz.300750,323.8,335.49,323.3,329.99,11333813,3741712771.48
2021-04-02,sz.300750,332.95,336.18,326.88,332.4,9262891,3074575828.17
2021-04-06,sz.300750,335.0,338.0,319.09,325.8,10463817,3421873640.8
2021-04-07,sz.300750,332.91,332.91,312.15,320.0,13393147,4245479570.23
2021-04-08,sz.300750,314.0,321.66,311.0,319.85,7870973,2507089321.0
2021-04-09,sz.300750,324.01,324.01,310.0,312.0,9323686,2918718120.0
2021-04-12,sz.300750,318.26,325.04,313.1,315.01,14059546,4483570206.77
2021-04-13,sz.300750,313.3,333.0,313.1,324.76,14021091,4558191605.51
2021-04-14,sz.300750,331.26,347.49,328.68,346.0,18504345,6295708676.4
2021-04-15,sz.300750,339.96,341.5,333.17,337.0,12474137,4202803202.76
2021-04-16,sz.300750,340.0,340.4,324.6,333.84,11536269,3834287110.76
2021-04-19,sz.300750,335.0,364.5,331.35,364.0,20547682,7250923622.24
2021-04-20,sz.300750,357.98,368.79,353.5,359.0,14283434,5154523734.92
2021-04-21,sz.300750,351.16,357.9,347.8,355.69,12399643,4373022068.64
2021-04-22,sz.300750,366.0,366.6,353.63,362.36,10791346,3907120259.51
2021-04-23,sz.300750,362.36,373.0,360.01,371.5,11536538,4255126795.19
2021-04-26,sz.300750,373.6,380.0,347.2,349.0,25623665,9238754935.97
2021-04-27,sz.300750,350.0,350.8,340.26,348.6,15180979,5243699574.44
2021-04-28,sz.300750,353.01,375.0,352.0,367.03,23632614,8597828977.93
2021-04-29,sz.300750,370.81,381.9,367.87,379.99,18086320,6806129765.77
2021-04-30,sz.300750,373.0,392.0,367.92,388.17,25865106,9896566189.38
2021-05-06,sz.300750,390.0,390.0,368.5,384.0,18968026,7198512557.3
2021-05-07,sz.300750,384.0,387.55,366.13,367.28,15138529,5685506805.9
2021-05-10,sz.300750,364.8,373.99,360.0,368.21,12455280,4573789550.41
2021-05-11,sz.300750,362.0,369.9,353.0,366.6,11412084,4142445890.27
2021-05-12,sz.300750,367.0,369.07,355.59,361.5,13360160,4812795101.18
2021-05-13,sz.300750,354.3,358.78,349.7,351.1,11347605,4017576452.11
2021-05-14,sz.300750,353.52,360.5,343.17,359.0,17657660,6228877398.1
2021-05-17,sz.300750,360.0,375.88,359.99,373.18,19330918,7172265166.21
2021-05-18,sz.300750,372.0,379.2,366.46,369.1,8962010,3323751525.18
2021-05-19,sz.300750,366.5,380.0,363.0,375.05,11746435,4407782455.5
2021-05-20,sz.300750,377.8,383.89,370.1,377.74,12843969,4839062724.47
2021-05-21,sz.300750,382.77,387.28,368.97,375.57,14056597,5316782152.9
2021-05-24,sz.300750,380.0,388.55,376.18,387.96,16961148,6535959080.02
2021-05-25,sz.300750,389.44,396.0,385.7,395.53,14957705,5881748189.73
2021-05-26,sz.300750,395.0,399.98,384.66,385.42,12698850,4932244991.47
2021-05-27,sz.300750,387.51,390.0,381.85,384.0,7959838,3073473014.83
2021-05-28,sz.300750,390.0,421.5,390.0,409.6,27715051,11346592533.34
2021-05-31,sz.300750,416.0,435.57,414.0,434.1,20006312,8540083588.81
2021-06-01,sz.300750,420.0,431.0,416.52,425.34,15875357,6727933260.37
2021-06-02,sz.300750,429.1,433.69,419.27,424.5,11571216,4933369539.66
2021-06-03,sz.300750,426.0,428.28,410.0,414.78,12375991,5164432660.23
2021-06-04,sz.300750,419.0,439.5,415.16,432.21,18010150,7765736027.45
2021-06-07,sz.300750,423.85,423.99,400.0,407.5,21529447,8812647425.85
2021-06-08,sz.300750,404.0,424.85,404.0,409.59,16631690,6887633928.45
2021-06-09,sz.300750,409.0,416.0,403.0,409.37,9358239,3829137540.88
2021-06-10,sz.300750,410.09,444.66,410.09,434.63,19350231,8400201736.84
2021-06-11,sz.300750,443.0,457.84,430.06,451.98,19796063,8816469190.82
2021-06-15,sz.300750,453.0,455.9,435.5,445.0,10252153,4562143371.35
2021-06-16,sz.300750,440.91,443.8,417.01,420.18,13969365,5989483516.45
2021-06-17,sz.300750,424.25,437.74,424.25,434.51,10272398,4433456914.82
2021-06-18,sz.300750,437.19,455.2,437.19,450.0,15600042,7001105223.46
2021-06-21,sz.300750,451.8,455.9,440.22,452.8,12082314,5452180813.1
2021-06-22,sz.300750,450.18,453.99,440.22,450.23,8847005,3966367403.96
2021-06-23,sz.300750,454.08,472.01,451.5,468.45,12445699,5774145630.95
2021-06-24,sz.300750,473.13,474.88,462.01,467.3,9213246,4302188924.11
2021-06-25,sz.300750,473.0,477.0,459.0,476.23,9955534,4686222357.53
2021-06-28,sz.300750,476.22,502.98,468.31,493.9,14643927,7224070341.95
2021-06-29,sz.300750,513.65,519.6,504.22,508.51,15340180,7834685995.77
2021-06-30,sz.300750,509.01,542.0,498.0,534.8,14455682,7574604647.61
2021-07-01,sz.300750,536.8,540.0,518.01,529.5,11324700,5996925819.84
2021-07-02,sz.300750,524.13,535.16,509.66,519.59,13871718,7242849769.0
2021-07-05,sz.300750,515.0,528.68,508.07,519.27,14351499,7406241681.91
2021-07-06,sz.300750,520.0,540.97,501.91,515.23,18055540,9395935106.71
2021-07-07,sz.300750,520.0,542.5,507.13,542.5,18145691,9654261557.26
2021-07-08,sz.300750,550.99,571.5,542.64,559.16,15879012,8888330054.72
2021-07-09,sz.300750,558.99,558.99,534.55,545.88,15660730,8521226651.94
2021-07-12,sz.300750,556.11,577.0,556.11,565.79,15476312,8772503853.06
2021-07-13,sz.300750,560.0,579.6,552.0,563.01,13637065,7678988306.08
2021-07-14,sz.300750,555.0,561.88,541.0,551.37,12587871,6965504600.68
2021-07-15,sz.300750,545.0,568.88,541.05,568.0,13733347,7628510590.39
2021-07-16,sz.300750,567.0,567.0,528.13,531.0,17849493,9719489197.62
2021-07-19,sz.300750,540.0,541.68,516.0,523.5,18012945,9474773727.22
2021-07-20,sz.300750,515.0,539.27,515.0,528.04,13000547,6869197468.72
2021-07-21,sz.300750,530.02,556.08,526.01,555.78,18204911,9878628606.91
2021-07-22,sz.300750,556.6,563.69,545.69,557.08,10883599,6027459316.6
2021-07-23,sz.300750,555.0,563.99,546.0,547.01,9332873,5157401634.64
2021-07-26,sz.300750,544.0,552.93,522.5,539.78,12728980,6852321740.95
2021-07-27,sz.300750,543.02,559.19,495.0,495.0,17846033,9419312665.15
2021-07-28,sz.300750,496.0,533.3,496.0,525.05,21724743,11221667797.34
2021-07-29,sz.300750,546.0,557.74,529.0,556.8,18620249,10167714631.32
2021-07-30,sz.300750,565.0,582.2,540.0,550.4,20181013,11332846398.77
2021-08-02,sz.300750,557.0,574.99,532.88,552.0,18297279,10131832068.13
2021-08-03,sz.300750,555.0,556.0,523.0,531.0,12238308,6535093739.81
2021-08-04,sz.300750,534.0,570.99,525.0,569.0,17400431,9647161978.27
2021-08-05,sz.300750,566.0,566.0,546.53,557.0,12979233,7197921132.82
2021-08-06,sz.300750,564.79,567.0,539.0,543.88,14371245,7918384463.82
2021-08-09,sz.300750,532.0,532.5,502.99,516.0,18583111,9534234240.43
2021-08-10,sz.300750,511.01,519.19,499.0,510.5,18016853,9152881562.62
2021-08-11,sz.300750,510.0,523.0,504.88,517.25,11236434,5790098627.49
2021-08-12,sz.300750,512.01,512.99,494.0,502.0,17116184,8599262131.01
2021-08-13,sz.300750,480.0,529.9,480.0,502.05,27725763,14085448989.05
2021-08-16,sz.300750,494.0,503.89,469.88,477.0,22043980,10620462840.25
2021-08-17,sz.300750,485.0,494.8,477.24,480.0,15610638,7586087133.68
2021-08-18,sz.300750,486.54,502.9,477.41,495.0,15957481,7861906061.17
2021-08-19,sz.300750,502.0,509.73,484.0,503.0,14453518,7215253955.37
2021-08-20,sz.300750,499.0,499.2,482.5,494.11,12527606,6160678537.9
2021-08-23,sz.300750,505.0,523.22,502.01,521.9,16224431,8359923041.06
2021-08-24,sz.300750,516.4,540.1,515.12,523.0,13313712,7011227150.0
2021-08-25,sz.300750,524.0,532.2,511.2,530.24,9530347,4963866861.09
2021-08-26,sz.300750,539.98,558.94,520.89,521.0,16798255,8951110526.85
2021-08-27,sz.300750,520.0,524.0,502.0,507.5,11958157,6098898952.57
2021-08-30,sz.300750,507.45,525.8,498.86,505.24,15714333,8036791726.73
2021-08-31,sz.300750,511.94,511.94,485.85,494.87,14762087,7288932626.77
2021-09-01,sz.300750,492.0,494.0,471.5,488.71,14462675,7006043909.9
2021-09-02,sz.300750,492.0,496.11,485.78,493.5,11464887,5637614465.94
2021-09-03,sz.300750,498.0,503.88,480.88,486.5,11282023,5523301032.38
2021-09-06,sz.300750,493.0,518.0,483.0,516.1,14791957,7471544141.65
2021-09-07,sz.300750,515.0,526.66,510.0,514.01,9422232,4866454172.22
2021-09-08,sz.300750,519.0,523.58,500.0,503.0,9739395,4960557751.53
2021-09-09,sz.300750,509.5,518.98,490.8,507.2,11016209,5541869353.34
2021-09-10,sz.300750,493.44,503.78,490.68,502.1,11296936,5625272662.43
2021-09-13,sz.300750,502.1,512.1,496.0,502.8,8968966,4498932655.14
2021-09-14,sz.300750,507.12,541.0,502.92,529.9,23383657,12347086768.78
2021-09-15,sz.300750,530.0,531.99,511.81,525.35,10501454,5470153200.69
2021-09-16,sz.300750,523.0,523.0,498.0,498.0,11260408,5712849969.45
2021-09-17,sz.300750,497.0,509.0,492.13,503.0,8193837,4095076761.76
2021-09-22,sz.300750,494.6,501.0,488.1,493.31,6423920,3170987210.07
2021-09-23,sz.300750,504.86,504.86,491.8,492.99,7971421,3955499103.71
2021-09-24,sz.300750,494.87,512.51,490.5,499.98,10262492,5155614316.07
2021-09-27,sz.300750,505.0,519.8,499.79,513.5,14496264,7441411134.81
2021-09-28,sz.300750,512.0,517.95,498.2,500.43,9222505,4682091359.49
2021-09-29,sz.300750,496.0,511.8,494.0,502.51,9395464,4739177462.63
2021-09-30,sz.300750,505.0,532.5,502.01,525.73,16714235,8696962248.11
2021-10-08,sz.300750,534.0,550.07,522.9,534.0,12516925,6710477515.55
2021-10-11,sz.300750,535.0,537.6,518.06,521.0,7830888,4112416011.4
2021-10-12,sz.300750,521.58,522.62,498.88,505.0,9590683,4879529812.42
2021-10-13,sz.300750,505.0,522.5,504.0,522.26,7652244,3950317431.22
2021-10-14,sz.300750,525.0,534.88,525.0,532.3,7841554,4161069009.13
2021-10-15,sz.300750,532.0,578.87,528.1,569.0,22951299,12822713734.87
2021-10-18,sz.300750,581.0,595.24,570.0,595.02,18670216,10933506377.62
2021-10-19,sz.300750,604.0,614.98,585.0,590.6,15088955,8990013549.6
2021-10-20,sz.300750,595.0,613.38,587.0,589.5,12466583,7444464950.09
2021-10-21,sz.300750,590.0,599.0,580.0,596.0,10142297,6008461971.03
2021-10-22,sz.300750,605.98,605.98,590.33,601.4,11021603,6612493209.14
2021-10-25,sz.300750,612.0,625.16,603.33,610.77,14052090,8636989621.97
2021-10-26,sz.300750,635.76,638.48,595.93,597.99,14827692,9075608784.6
2021-10-27,sz.300750,597.99,615.04,593.17,615.04,13548574,8191755889.74
2021-10-28,sz.300750,625.0,635.0,602.93,607.2,17282868,10650216882.86
2021-10-29,sz.300750,615.29,645.49,598.94,639.22,20268702,12687999698.06
2021-11-01,sz.300750,641.0,679.0,631.13,650.0,22179659,14502525103.64
2021-11-02,sz.300750,655.0,665.76,648.0,658.0,13140789,8630072694.35
2021-11-03,sz.300750,651.0,656.02,628.0,640.0,12760630,8165156864.72
2021-11-04,sz.300750,648.0,655.0,636.05,646.85,9201009,5951843600.42
2021-11-05,sz.300750,639.0,649.78,633.99,634.09,8555085,5465118685.46
2021-11-08,sz.300750,637.0,664.98,631.0,660.8,12269565,8026800882.27
2021-11-09,sz.300750,667.74,668.0,653.13,663.28,6674583,4413176640.35
2021-11-10,sz.300750,651.13,656.47,635.0,648.0,12739826,8216658651.91
2021-11-11,sz.300750,651.0,665.13,650.1,655.85,7701413,5069135677.35
2021-11-12,sz.300750,657.0,661.86,633.92,641.0,11420150,7312301472.1
2021-11-15,sz.300750,640.99,640.99,607.96,620.0,14007599,8684428486.27
2021-11-16,sz.300750,620.0,625.12,607.0,614.97,8433513,5202056654.99
2021-11-17,sz.300750,623.0,630.43,617.56,625.88,7561643,4721304801.75
2021-11-18,sz.300750,625.88,636.66,613.59,626.0,7527274,4697499805.41
2021-11-19,sz.300750,631.0,639.0,620.05,639.0,8456790,5343617369.66
2021-11-22,sz.300750,644.99,681.0,642.11,681.0,15308991,10215261575.49
2021-11-23,sz.300750,680.31,680.31,666.0,672.0,9931174,6671378514.59
2021-11-24,sz.300750,670.17,675.8,650.34,658.8,8550354,5653890107.47
2021-11-25,sz.300750,653.0,658.5,645.29,654.0,5822028,3798078532.39
2021-11-26,sz.300750,651.0,668.8,651.0,658.0,5850222,3865245640.55
2021-11-29,sz.300750,654.0,684.5,653.0,679.8,11465261,7758115212.05
2021-11-30,sz.300750,684.76,685.66,673.33,680.0,7188131,4874671005.49
2021-12-01,sz.300750,680.0,684.99,664.11,672.0,6984571,4696868393.24
2021-12-02,sz.300750,671.98,689.2,669.0,688.0,9178956,6268320478.24
2021-12-03,sz.300750,688.96,692.0,671.0,687.0,8078164,5501798477.22
2021-12-06,sz.300750,676.1,680.2,656.0,657.28,11261215,7509355191.61
2021-12-07,sz.300750,662.0,663.0,612.2,629.0,22139147,13913426092.22
2021-12-08,sz.300750,634.79,644.78,626.25,639.0,11886602,7580712087.91
2021-12-09,sz.300750,639.0,640.0,622.9,633.8,13427209,8443913158.9
2021-12-10,sz.300750,622.22,653.36,621.18,639.95,21384418,13738235947.25
2021-12-13,sz.300750,639.9,660.66,630.08,658.36,16082778,10409792154.63
2021-12-14,sz.300750,657.34,657.34,643.98,651.01,8781080,5704000135.35
2021-12-15,sz.300750,649.43,661.0,646.95,649.0,7048016,4606545054.18
2021-12-16,sz.300750,657.3,657.3,647.08,655.06,6150222,4018260859.3
2021-12-17,sz.300750,651.01,653.99,639.7,651.19,13649081,8863377800.11
2021-12-20,sz.300750,649.0,649.0,607.68,610.21,15511352,9648533093.77
2021-12-21,sz.300750,606.0,614.69,594.08,604.07,12565780,7553655489.85
2021-12-22,sz.300750,608.8,617.0,603.0,610.24,8361840,5103433201.98
2021-12-23,sz.300750,618.98,630.8,612.08,622.07,7971819,4954754967.52
2021-12-24,sz.300750,624.0,625.25,563.0,576.8,24608084,14321299320.47
2021-12-27,sz.300750,574.2,587.99,573.5,578.6,10183543,5915820121.37
2021-12-28,sz.300750,578.0,587.28,569.91,585.0,9659574,5589310230.32
2021-12-29,sz.300750,585.0,585.99,569.78,575.55,9963963,5731323286.03
2021-12-30,sz.300750,577.0,596.29,575.57,590.0,12420946,7323088709.6
2021-12-31,sz.300750,598.3,605.99,582.0,588.0,9371117,5540408920.97
2022-01-04,sz.300750,606.0,607.0,561.0,568.88,17456845,9975828427.53
2022-01-05,sz.300750,566.4,566.88,540.0,547.5,16657881,9167983226.16
2022-01-06,sz.300750,538.51,547.0,531.79,541.47,13882602,7480050944.24
2022-01-07,sz.300750,550.0,556.0,528.0,539.9,13169468,7135966663.6
2022-01-10,sz.300750,534.98,549.0,524.24,538.4,14862906,7964179734.57
2022-01-11,sz.300750,541.11,549.9,536.41,536.7,8472277,4582697695.68
2022-01-12,sz.300750,551.0,569.96,550.9,565.04,19164163,10752974048.44
2022-01-13,sz.300750,571.0,582.0,554.74,565.0,13899742,7924626260.7
2022-01-14,sz.300750,557.06,580.8,556.0,577.4,11612818,6663124572.02
2022-01-17,sz.300750,588.86,608.5,578.8,606.85,14352844,8591412091.32
2022-01-18,sz.300750,606.85,607.77,586.0,586.8,10701672,6345099027.84
2022-01-19,sz.300750,589.5,595.0,558.5,569.99,14487439,8273655033.16
2022-01-20,sz.300750,566.0,578.0,563.35,569.13,8065361,4600905692.78
2022-01-21,sz.300750,563.0,579.6,552.0,569.49,9917398,5620817937.89
2022-01-24,sz.300750,564.0,592.26,559.01,580.99,11562129,6686725178.48
2022-01-25,sz.300750,573.21,583.33,565.0,565.6,7199229,4119696709.72
2022-01-26,sz.300750,571.8,590.6,566.5,587.5,11603676,6718821593.41
2022-01-27,sz.300750,585.0,594.99,570.0,574.99,12948188,7546107243.45
2022-01-28,sz.300750,594.6,604.0,570.44,592.6,24331734,14395957436.72
2022-02-07,sz.300750,606.0,609.98,574.18,579.44,14528859,8588397059.17
2022-02-08,sz.300750,579.44,579.44,521.82,540.86,20650297,11166726687.48
2022-02-09,sz.300750,539.0,550.9,527.0,547.2,11494712,6212329182.12
2022-02-10,sz.300750,551.8,552.0,499.89,518.1,29233587,14959750643.43
2022-02-11,sz.300750,506.0,513.58,489.0,489.99,23979847,11994983924.84
2022-02-14,sz.300750,486.0,512.89,485.06,508.0,19628564,9914026667.42
2022-02-15,sz.300750,519.0,530.33,511.0,527.0,15150828,7915477348.15
2022-02-16,sz.300750,528.0,542.43,523.99,530.8,12706794,6783859294.81
2022-02-17,sz.300750,529.98,543.5,525.58,535.0,10747219,5758516460.83
2022-02-18,sz.300750,530.0,535.0,522.98,527.5,11384779,5993089911.6
2022-02-21,sz.300750,526.5,526.5,505.47,510.0,15630631,8011219920.84
2022-02-22,sz.300750,506.65,508.0,492.37,504.0,13632851,6788745089.24
2022-02-23,sz.300750,506.0,519.05,502.48,519.0,15433230,7922652049.15
2022-02-24,sz.300750,508.0,521.58,501.0,507.7,16160023,8252994692.46
2022-02-25,sz.300750,521.0,535.0,520.89,528.8,16967238,8978907317.42
2022-02-28,sz.300750,524.0,536.5,524.0,533.36,9965701,5284369408.0
2022-03-01,sz.300750,539.2,548.08,530.0,536.18,9749032,5244201472.0
2022-03-02,sz.300750,531.0,531.79,508.88,513.84,13412932,6925800192.0
2022-03-03,sz.300750,517.2,518.8,506.97,512.99,8698927,4456406528.0
2022-03-04,sz.300750,505.0,509.0,488.0,491.79,16283350,8081812224.0
2022-03-07,sz.300750,475.0,485.0,454.01,454.89,24599264,11425969408.0
2022-03-08,sz.300750,463.98,466.46,443.01,455.45,22754060,10355465472.0
2022-03-09,sz.300750,456.0,474.0,448.0,473.47,23457419,10851981824.0
2022-03-10,sz.300750,490.0,505.55,485.31,490.81,23961693,11860996864.0
2022-03-11,sz.300750,480.83,495.0,474.1,493.55,17102172,8275316992.0
2022-03-14,sz.300750,483.0,487.23,463.0,463.0,16291014,7715325184.0
2022-03-15,sz.300750,461.0,481.29,450.6,463.2,21268688,9944131840.0
2022-03-16,sz.300750,476.2,503.47,468.49,503.1,28223653,13816433664.0
2022-03-17,sz.300750,517.5,535.0,515.1,524.5,27630079,14545565696.0
2022-03-18,sz.300750,519.0,524.47,504.0,510.5,16391807,8401871659.77
2022-03-21,sz.300750,520.0,534.2,517.6,520.0,13634076,7164824307.35
2022-03-22,sz.300750,520.0,520.0,507.0,513.0,10228257,5229898248.47
2022-03-23,sz.300750,520.0,522.98,509.9,515.29,8410966,4336729378.45
2022-03-24,sz.300750,509.95,517.68,498.38,514.0,8480580,4303359299.21
2022-03-25,sz.300750,511.92,518.18,502.0,502.07,9283639,4724122668.33
2022-03-28,sz.300750,508.88,508.88,478.08,487.0,14946512,7277413365.95
2022-03-29,sz.300750,487.0,500.0,482.0,486.9,11235947,5508775198.92
2022-03-30,sz.300750,492.0,519.0,492.0,519.0,16216979,8276504323.97
2022-03-31,sz.300750,515.15,518.0,503.15,512.3,9623922,4899473611.96
2022-04-01,sz.300750,508.0,524.5,505.13,518.9,9518241,4923473198.49
2022-04-06,sz.300750,516.52,518.0,503.0,508.17,8542810,4336158375.45
2022-04-07,sz.300750,500.55,505.0,487.05,495.22,11958082,5909983777.64
2022-04-08,sz.300750,492.7,504.87,489.0,495.0,9357130,4635752788.29
2022-04-11,sz.300750,475.27,478.0,452.1,459.0,20738205,9541686135.04
2022-04-12,sz.300750,460.77,472.78,460.5,472.0,12498201,5825410117.32
2022-04-13,sz.300750,465.89,481.8,462.0,466.0,9523122,4479994702.53
2022-04-14,sz.300750,475.0,476.0,454.0,459.8,13752370,6360122750.6
2022-04-15,sz.300750,451.14,456.99,432.77,450.86,19989104,8854163487.94
2022-04-18,sz.300750,442.0,451.98,435.3,451.0,11957617,5318801159.41
2022-04-19,sz.300750,450.46,459.58,438.45,440.26,14382133,6429594317.75
2022-04-20,sz.300750,439.01,443.0,405.78,407.0,31199615,12923538889.37
2022-04-21,sz.300750,411.88,417.5,398.9,409.11,21116568,8609961842.96
2022-04-22,sz.300750,408.0,423.18,405.0,415.34,20136651,8387810458.14
2022-04-25,sz.300750,397.8,406.1,390.0,390.1,21316508,8439172173.31
2022-04-26,sz.300750,386.11,392.0,377.0,377.0,18510510,7103865395.41
2022-04-27,sz.300750,367.0,408.76,366.74,407.05,31612406,12266669602.13
2022-04-28,sz.300750,399.98,402.5,382.0,387.5,25917727,10137614863.28
2022-04-29,sz.300750,394.0,409.98,375.02,409.35,33647657,13205553635.41
2022-05-05,sz.300750,365.0,385.28,353.0,376.0,60277207,22255526266.58
2022-05-06,sz.300750,362.0,386.73,361.82,375.99,24080095,9064522986.78
2022-05-09,sz.300750,374.0,376.96,363.71,368.5,16668032,6152776454.92
2022-05-10,sz.300750,359.3,385.0,357.14,379.17,24437791,9143581643.03
2022-05-11,sz.300750,379.97,418.78,379.5,409.75,31753974,12827256128.61
2022-05-12,sz.300750,404.4,409.2,397.88,403.51,13420805,5425822344.43
2022-05-13,sz.300750,407.0,418.45,400.51,414.8,14854635,6105079498.16
2022-05-16,sz.300750,416.99,427.8,407.01,407.01,14387809,5996721399.56
2022-05-17,sz.300750,409.98,424.58,408.25,422.56,13889853,5834497816.13
2022-05-18,sz.300750,424.44,426.0,414.44,419.0,10712014,4495183512.14
2022-05-19,sz.300750,414.45,421.9,408.66,419.0,12632956,5249401699.08
2022-05-20,sz.300750,428.0,432.0,417.5,426.9,15826754,6751273074.24
2022-05-23,sz.300750,426.9,426.9,410.0,416.7,13791772,5750871726.51
2022-05-24,sz.300750,413.66,413.67,401.83,402.04,15012680,6109883602.38
2022-05-25,sz.300750,404.5,406.06,394.5,398.98,13934882,5567079615.28
2022-05-26,sz.300750,398.49,401.83,388.88,390.01,14059810,5535883498.89
2022-05-27,sz.300750,396.0,409.14,392.13,394.4,18780191,7541807254.37
2022-05-30,sz.300750,402.29,407.2,398.8,401.8,12529544,5046715321.41
2022-05-31,sz.300750,399.9,411.99,393.5,408.0,17799522,7205121141.27
2022-06-01,sz.300750,410.1,431.0,406.0,425.03,19178459,8078892455.68
2022-06-02,sz.300750,422.78,443.78,421.01,436.8,17447774,7640886792.45
2022-06-06,sz.300750,437.0,469.01,437.0,465.99,19037806,8745175350.15
2022-06-07,sz.300750,465.19,466.99,450.8,459.0,12759509,5850493850.2
2022-06-08,sz.300750,456.0,460.0,425.99,460.0,40541428,17870045928.19
2022-06-09,sz.300750,445.01,448.0,430.5,431.35,20255738,8867551604.39
2022-06-10,sz.300750,427.97,455.8,427.97,454.0,24766336,11049948030.43
2022-06-13,sz.300750,444.01,454.18,438.26,443.03,18621582,8285211256.47
2022-06-14,sz.300750,438.22,442.6,428.7,441.82,17481068,7624999753.26
2022-06-15,sz.300750,452.0,478.0,446.11,465.66,37861947,17488407041.32
2022-06-16,sz.300750,466.0,474.11,454.51,460.3,24020226,11103375000.06
2022-06-17,sz.300750,452.3,490.68,451.22,486.06,28293869,13595198657.59
2022-06-20,sz.300750,493.83,516.11,493.83,506.52,25114285,12753850232.89
2022-06-21,sz.300750,504.0,512.88,496.11,507.85,14566608,7338298827.85
2022-06-22,sz.300750,514.0,522.25,506.9,507.0,14663173,7542601018.55
2022-06-23,sz.300750,515.0,536.97,511.88,536.97,17713862,9275986878.06
2022-06-24,sz.300750,548.0,563.5,529.79,563.5,19301235,10593589950.88
2022-06-27,sz.300750,563.99,564.97,544.99,549.0,16623983,9200423080.16
2022-06-28,sz.300750,545.0,549.36,525.1,544.0,18643267,9996283502.41
2022-06-29,sz.300750,532.99,542.5,525.99,532.54,14582986,7781239268.3
2022-06-30,sz.300750,532.52,539.8,526.67,534.0,13076119,6974435836.01
2022-07-01,sz.300750,532.98,536.0,517.7,522.64,12292780,6449278118.4
2022-07-04,sz.300750,510.01,525.67,510.0,522.0,12193209,6343210119.7
2022-07-05,sz.300750,524.5,536.17,512.68,523.87,15459404,8098493521.12
2022-07-06,sz.300750,527.11,533.48,514.58,522.0,13081352,6860550182.04
2022-07-07,sz.300750,531.85,554.55,531.0,550.0,24601436,13437832045.49
2022-07-08,sz.300750,555.0,564.97,535.23,541.0,16577009,9078792373.03
2022-07-11,sz.300750,534.24,535.5,516.3,518.5,13807042,7190790421.84
2022-07-12,sz.300750,519.0,525.3,499.62,503.69,15130247,7699493189.28
2022-07-13,sz.300750,508.3,543.23,501.77,539.0,24564472,12933672939.76
2022-07-14,sz.300750,535.5,562.0,530.25,556.01,19955644,10980995202.09
2022-07-15,sz.300750,549.5,563.45,533.0,533.0,15862819,8689665142.01
2022-07-18,sz.300750,542.0,552.05,530.35,551.66,14371055,7799775032.0
2022-07-19,sz.300750,550.56,550.56,524.0,524.61,16308711,8687404438.98
2022-07-20,sz.300750,529.98,535.14,522.86,526.0,7835906,4141353786.48
2022-07-21,sz.300750,523.0,538.05,518.22,521.0,8807088,4636560562.41
2022-07-22,sz.300750,537.72,543.99,526.04,532.0,14281747,7665508992.9
2022-07-25,sz.300750,532.0,533.95,519.0,521.75,8648858,4524233836.32
2022-07-26,sz.300750,521.78,528.0,515.25,522.0,7969269,4162433402.14
2022-07-27,sz.300750,521.5,522.1,511.2,515.2,9335528,4814402385.88
2022-07-28,sz.300750,518.5,526.7,513.02,515.6,9267516,4813731200.99
2022-07-29,sz.300750,523.95,524.0,503.11,508.6,11912482,6111548922.46
2022-08-01,sz.300750,507.87,535.8,504.6,534.92,16299226,8555439339.95
2022-08-02,sz.300750,522.28,532.44,519.45,523.87,12143004,6378119035.25
2022-08-03,sz.300750,524.0,533.88,498.8,504.0,17025569,8730930401.25
2022-08-04,sz.300750,507.0,509.09,495.1,500.9,11365073,5688825506.53
2022-08-05,sz.300750,500.0,513.9,495.0,505.65,12183074,6150342343.04
2022-08-08,sz.300750,496.0,506.18,489.0,501.5,8964693,4476021798.22
2022-08-09,sz.300750,501.0,518.6,497.5,511.56,11307870,5783358776.0
2022-08-10,sz.300750,510.1,512.8,500.0,503.98,8049083,4052412586.09
2022-08-11,sz.300750,504.14,513.02,494.0,510.0,9800710,4937131682.22
2022-08-12,sz.300750,510.2,512.0,497.92,502.0,7383805,3710909399.38
2022-08-15,sz.300750,504.89,523.0,502.88,516.1,13757541,7097079971.66
2022-08-16,sz.300750,519.9,538.0,518.18,523.8,16097367,8515873353.37
2022-08-17,sz.300750,527.48,549.97,523.98,547.0,18350657,9888546881.2
2022-08-18,sz.300750,547.0,560.0,542.45,544.8,14280044,7867922329.73
2022-08-19,sz.300750,549.0,549.69,530.02,532.0,10769608,5767786048.97
2022-08-22,sz.300750,534.0,555.66,527.2,551.53,14305361,7811232130.16
2022-08-23,sz.300750,549.98,564.66,545.45,556.89,13156177,7304906011.24
2022-08-24,sz.300750,573.03,575.0,522.0,524.0,30068394,16294721095.13
2022-08-25,sz.300750,525.0,526.53,505.09,514.0,18017523,9216432421.86
2022-08-26,sz.300750,513.0,518.98,503.0,506.78,12216984,6216728234.88
2022-08-29,sz.300750,502.99,506.78,496.32,502.0,11260993,5635359010.12
2022-08-30,sz.300750,502.0,502.0,485.8,491.5,15616079,7672805176.83
2022-08-31,sz.300750,481.69,489.8,474.52,483.0,17450158,8386004449.6
2022-09-01,sz.300750,480.0,485.0,466.66,467.54,15476559,7331268725.66
2022-09-02,sz.300750,474.88,476.0,461.78,466.26,11560877,5408298592.17
2022-09-05,sz.300750,462.01,472.0,459.01,468.36,9110009,4237267562.78
2022-09-06,sz.300750,468.0,468.36,443.88,455.2,27524567,12407748956.22
2022-09-07,sz.300750,451.49,476.49,450.0,473.92,21677712,10095265237.23
2022-09-08,sz.300750,468.35,471.0,448.5,449.5,21552631,9838886096.7
2022-09-09,sz.300750,452.6,454.43,446.5,452.22,12246752,5523516959.15
2022-09-13,sz.300750,459.0,460.2,446.85,456.91,10202890,4632953568.32
2022-09-14,sz.300750,450.0,453.0,428.28,434.3,25893786,11348915618.36
2022-09-15,sz.300750,434.3,435.0,411.2,414.35,25383594,10651219569.99
2022-09-16,sz.300750,414.3,418.3,409.0,410.0,14963208,6192462419.52
2022-09-19,sz.300750,409.63,421.6,409.04,413.67,13964359,5802232517.51
2022-09-20,sz.300750,418.0,430.0,415.0,421.01,16569030,7024157606.9
2022-09-21,sz.300750,417.0,423.46,413.37,420.3,8809861,3695152639.36
2022-09-22,sz.300750,415.3,420.0,406.0,414.99,9642094,3992662500.77
2022-09-23,sz.300750,415.96,424.8,410.05,417.34,12018488,5009444372.51
2022-09-26,sz.300750,413.04,435.0,413.04,428.66,18835151,8081168715.11
2022-09-27,sz.300750,433.89,435.33,423.01,429.5,11561928,4948766642.95
2022-09-28,sz.300750,427.0,428.83,412.79,416.79,10697441,4464647185.61
2022-09-29,sz.300750,424.22,425.5,415.08,419.0,8894778,3723447020.59
2022-09-30,sz.300750,419.28,420.2,400.5,400.89,11814011,4808089720.0
2022-10-10,sz.300750,402.0,404.5,391.23,392.86,11465353,4534844088.09
2022-10-11,sz.300750,404.0,416.3,402.89,416.3,18444138,7582938837.51
2022-10-12,sz.300750,416.0,438.28,413.49,437.83,18514747,7894831669.61
2022-10-13,sz.300750,434.0,438.28,429.01,432.0,10443411,4521426256.22
2022-10-14,sz.300750,438.0,442.34,428.58,436.91,13565344,5900627937.71
2022-10-17,sz.300750,433.0,433.0,420.75,429.35,10537258,4492096854.77
2022-10-18,sz.300750,433.03,438.88,428.44,429.54,9101920,3937490986.73
2022-10-19,sz.300750,430.02,442.0,429.68,431.34,12333044,5381599273.53
2022-10-20,sz.300750,420.28,423.67,404.0,415.0,17120183,7066412982.98
2022-10-21,sz.300750,408.0,416.96,407.2,413.0,8259882,3412503680.65
2022-10-24,sz.300750,406.62,414.0,399.01,404.02,14532727,5885833135.51
2022-10-25,sz.300750,403.0,408.07,391.98,401.7,14039050,5599142147.2
2022-10-26,sz.300750,405.0,408.56,398.08,401.06,14072386,5666134368.64
2022-10-27,sz.300750,398.0,402.07,390.0,390.3,15281736,6026009209.1
2022-10-28,sz.300750,385.3,387.5,365.0,365.5,24071225,8960919232.89
2022-10-31,sz.300750,360.0,380.22,356.58,372.88,16554600,6168694636.81
2022-11-01,sz.300750,376.5,388.88,368.12,386.2,19916486,7598072350.39
2022-11-02,sz.300750,385.0,396.39,380.01,391.5,14266969,5554821785.34
2022-11-03,sz.300750,390.0,394.0,381.03,384.12,14717451,5672637394.29
2022-11-04,sz.300750,385.8,408.31,384.0,404.4,20971141,8386135000.95
2022-11-07,sz.300750,408.0,414.54,405.0,410.5,14778112,6063354150.1
2022-11-08,sz.300750,410.5,422.8,403.5,409.8,12080878,4982583901.06
2022-11-09,sz.300750,406.0,407.58,395.0,397.06,10941091,4370881066.72
2022-11-10,sz.300750,393.0,394.0,384.0,385.3,12924178,4995761138.03
2022-11-11,sz.300750,401.0,405.69,394.22,402.48,19481969,7814365728.96
2022-11-14,sz.300750,404.1,408.0,385.55,387.18,18481701,7242184171.94
2022-11-15,sz.300750,388.16,397.48,378.0,396.18,17273987,6711717380.45
2022-11-16,sz.300750,393.01,394.18,383.28,384.07,13603663,5261351647.15
2022-11-17,sz.300750,381.62,381.99,370.01,375.12,14217164,5314975792.28
2022-11-18,sz.300750,378.0,387.0,371.0,380.79,16407334,6269734685.99
2022-11-21,sz.300750,375.12,385.85,374.3,382.4,8038709,3060476255.98
2022-11-22,sz.300750,380.0,382.87,373.0,375.0,9836241,3701483129.43
2022-11-23,sz.300750,375.0,382.89,373.5,379.52,8829427,3343581161.43
2022-11-24,sz.300750,383.12,383.22,375.01,376.62,8546530,3229088100.3
2022-11-25,sz.300750,373.06,375.0,371.0,372.2,6138945,2286870202.57
2022-11-28,sz.300750,365.0,372.31,360.02,370.31,11114051,4052491291.77
2022-11-29,sz.300750,372.01,381.4,367.5,377.9,11717222,4394005281.68
2022-11-30,sz.300750,379.0,385.0,372.17,385.0,14041956,5331830945.84
2022-12-01,sz.300750,397.15,402.15,394.92,395.25,20937498,8341109690.93
2022-12-02,sz.300750,397.0,399.29,391.8,391.88,8292566,3280784282.21
2022-12-05,sz.300750,391.88,396.87,388.0,392.31,12098474,4739442183.97
2022-12-06,sz.300750,389.12,404.04,389.0,400.02,13661164,5426417622.55
2022-12-07,sz.300750,400.0,421.68,399.0,418.31,24410839,10135126000.47
2022-12-08,sz.300750,418.32,425.0,414.01,420.47,10433749,4388660430.77
2022-12-09,sz.300750,421.58,425.7,420.5,424.6,9353940,3960316858.9
2022-12-12,sz.300750,421.1,423.53,414.14,414.35,8789953,3671244196.23
2022-12-13,sz.300750,415.0,415.9,402.05,405.41,11270707,4592141157.86
2022-12-14,sz.300750,410.0,411.95,399.28,402.3,9197282,3697346495.01
2022-12-15,sz.300750,402.11,424.17,401.0,423.8,17298775,7174962345.04
2022-12-16,sz.300750,418.51,422.8,413.88,418.01,8942249,3733194675.76
2022-12-19,sz.300750,419.0,430.1,418.06,420.4,10105860,4284899628.35
2022-12-20,sz.300750,420.0,420.6,409.0,409.52,8120795,3362795549.31
2022-12-21,sz.300750,410.0,412.47,404.51,406.82,5403052,2201256399.91
2022-12-22,sz.300750,410.99,410.99,400.0,402.0,7390460,2976952976.83
2022-12-23,sz.300750,396.9,402.83,394.1,398.48,7385760,2939594065.54
2022-12-26,sz.300750,398.48,407.25,391.1,403.92,11512345,4606937089.56
2022-12-27,sz.300750,402.23,405.99,396.66,403.57,8139710,3268646818.54
2022-12-28,sz.300750,398.06,398.3,380.28,394.0,18529322,7206541527.19
2022-12-29,sz.300750,391.0,397.8,390.4,393.96,9897472,3909060455.91
2022-12-30,sz.300750,398.5,402.0,393.0,393.42,7405249,2943110661.91
2023-01-03,sz.300750,392.0,392.57,381.72,389.64,10482036,4056787273.5
2023-01-04,sz.300750,386.5,387.0,382.05,384.01,19602262,7527791631.36
2023-01-05,sz.300750,388.0,410.17,385.01,407.51,26043260,10371713857.97
2023-01-06,sz.300750,406.0,424.98,404.06,416.66,18392495,7641585134.15
2023-01-09,sz.300750,422.88,422.88,414.0,416.6,12840302,5373244035.56
2023-01-10,sz.300750,417.66,435.0,413.3,432.0,18260652,7781973489.75
2023-01-11,sz.300750,430.5,436.0,424.0,427.86,12241806,5252326720.85
2023-01-12,sz.300750,432.0,438.78,429.68,433.5,11136798,4837460192.57
2023-01-13,sz.300750,444.0,452.52,430.0,439.5,20757496,9140635813.65
2023-01-16,sz.300750,438.5,449.5,435.11,446.63,16809099,7451169294.71
2023-01-17,sz.300750,446.93,451.87,443.61,445.61,9895801,4416180657.62
2023-01-18,sz.300750,448.51,450.88,443.11,448.5,7344325,3292955688.46
2023-01-19,sz.300750,445.33,451.5,442.19,446.77,7309990,3254123919.04
2023-01-20,sz.300750,446.77,452.2,444.26,452.0,10765650,4841543970.55
2023-01-30,sz.300750,479.37,490.56,467.47,470.65,21174307,10102385367.36
2023-01-31,sz.300750,469.88,477.5,462.44,465.2,13954034,6565989151.24
2023-02-01,sz.300750,470.99,479.36,470.48,476.8,11502167,5464594493.81
2023-02-02,sz.300750,478.87,479.7,464.88,466.1,13455712,6339908128.47
2023-02-03,sz.300750,464.0,466.2,451.38,456.2,12020001,5495174744.42
2023-02-06,sz.300750,452.0,453.52,441.09,450.6,10752918,4811799061.16
2023-02-07,sz.300750,450.49,453.8,444.66,448.1,7211237,3231274189.8
2023-02-08,sz.300750,449.6,453.45,445.0,447.21,7329853,3293742443.57
2023-02-09,sz.300750,447.21,455.99,441.5,452.99,8031440,3627030215.27
2023-02-10,sz.300750,453.0,455.68,445.01,445.95,8397790,3773477538.53
2023-02-13,sz.300750,450.98,461.57,447.01,460.0,13418543,6143224997.15
2023-02-14,sz.300750,469.0,469.3,445.79,451.05,12812190,5816558282.02
2023-02-15,sz.300750,453.1,457.0,448.0,448.6,7773387,3508461573.11
2023-02-16,sz.300750,451.99,454.5,438.0,443.2,10091069,4514542232.04
2023-02-17,sz.300750,442.0,442.0,420.0,420.19,21469551,9171648847.12
2023-02-20,sz.300750,416.0,421.88,406.33,420.47,16829872,6992852566.62
2023-02-21,sz.300750,417.48,422.49,412.0,415.01,13184596,5490561030.88
2023-02-22,sz.300750,409.0,414.1,406.67,409.47,12363920,5069312343.65
2023-02-23,sz.300750,410.0,415.13,407.4,413.23,9537265,3922375682.17
2023-02-24,sz.300750,411.0,411.8,404.02,405.4,9989388,4060495069.86
2023-02-27,sz.300750,402.73,405.48,400.1,401.1,9220633,3705001333.87
2023-02-28,sz.300750,403.99,408.3,401.5,403.9,9323092,3769996772.18
2023-03-01,sz.300750,403.1,414.18,403.03,411.78,12602005,5166296897.94
2023-03-02,sz.300750,409.5,411.0,396.2,400.8,16145270,6483446930.16
2023-03-03,sz.300750,402.3,405.71,400.0,402.32,8203090,3300669920.5
2023-03-06,sz.300750,402.17,408.87,392.01,408.42,16626662,6674565924.07
2023-03-07,sz.300750,404.0,408.99,401.83,402.2,9918350,4014218858.77
2023-03-08,sz.300750,400.01,402.93,395.11,397.73,8129373,3231604462.37
2023-03-09,sz.300750,396.2,401.28,388.24,397.01,8136684,3228769655.47
2023-03-10,sz.300750,401.69,409.93,395.9,405.79,19142596,7722447890.18
2023-03-13,sz.300750,403.03,406.66,390.0,392.0,18833197,7424578060.05
2023-03-14,sz.300750,390.88,391.0,378.0,387.23,18484663,7095007800.0
2023-03-15,sz.300750,393.0,395.74,383.62,388.0,12968291,5046344791.36
2023-03-16,sz.300750,384.0,389.91,383.5,385.11,10113155,3897781767.88
2023-03-17,sz.300750,389.0,389.99,375.5,375.98,20144747,7641555518.38
2023-03-20,sz.300750,374.54,384.6,368.0,379.95,15836974,6002000932.07
2023-03-21,sz.300750,382.2,394.18,378.7,393.78,17292373,6720740862.26
2023-03-22,sz.300750,398.74,408.66,397.02,399.2,17687241,7125770900.76
2023-03-23,sz.300750,398.0,401.92,394.43,398.38,10028867,3981184717.68
2023-03-24,sz.300750,398.4,402.26,390.0,393.58,11765252,4645723682.23
2023-03-27,sz.300750,391.11,398.6,384.42,396.5,16115721,6311744702.56
2023-03-28,sz.300750,394.0,396.18,390.2,392.6,7590561,2976678086.19
2023-03-29,sz.300750,395.21,404.28,393.03,400.18,13754611,5508159641.48
2023-03-30,sz.300750,400.99,402.0,397.35,400.11,8681922,3465633464.99
2023-03-31,sz.300750,404.5,414.98,404.5,406.05,19607572,8033742420.23
2023-04-03,sz.300750,406.11,406.8,396.0,398.71,16763218,6698371580.76
2023-04-04,sz.300750,399.99,399.99,381.81,388.0,20089701,7782699958.87
2023-04-06,sz.300750,384.0,389.55,380.15,388.02,10581589,4064823971.19
2023-04-07,sz.300750,386.15,394.0,384.36,390.51,10058114,3923098225.13
2023-04-10,sz.300750,393.89,402.11,388.0,402.01,17237941,6844475287.47
2023-04-11,sz.300750,400.01,409.87,398.0,399.95,14366294,5785418237.54
2023-04-12,sz.300750,400.0,400.0,392.0,392.01,8736733,3443470020.87
2023-04-13,sz.300750,390.0,391.36,385.0,388.26,10046445,3896072549.12
2023-04-14,sz.300750,387.9,402.37,387.5,397.29,15923654,6337229777.11
2023-04-17,sz.300750,396.33,410.0,395.8,407.88,17663158,7173869978.82
2023-04-18,sz.300750,407.89,418.0,407.29,409.0,14060517,5793046443.73
2023-04-19,sz.300750,414.5,414.84,406.0,410.37,11622355,4770263894.63
2023-04-20,sz.300750,410.3,410.3,396.0,396.0,15843790,6335888038.97
2023-04-21,sz.300750,404.5,414.92,399.0,404.99,25275978,10288953392.02
2023-04-24,sz.300750,405.1,406.0,392.88,396.88,17377384,6922771298.29
2023-04-25,sz.300750,398.0,398.0,380.0,385.9,16898929,6532955961.97
2023-04-26,sz.300750,213.0,227.95,210.01,224.5,39707529,8801110231.26
2023-04-27,sz.300750,224.0,232.48,222.31,231.0,33969078,7764148296.34
2023-04-28,sz.300750,234.0,237.33,226.89,230.85,27104800,6269727389.47
2023-05-04,sz.300750,231.0,232.5,224.55,225.52,19409080,4416464194.76
2023-05-05,sz.300750,225.0,230.0,223.72,227.0,16740879,3793534213.07
2023-05-08,sz.300750,230.0,233.79,226.06,230.81,22753135,5237667345.13
2023-05-09,sz.300750,230.38,230.38,224.05,225.83,19653772,4447695097.77
2023-05-10,sz.300750,225.8,234.25,221.21,232.52,28956810,6637247354.08
2023-05-11,sz.300750,232.55,242.98,231.2,240.4,34747371,8292776226.87
2023-05-12,sz.300750,241.99,244.56,237.98,237.98,22309979,5363787910.17
2023-05-15,sz.300750,241.01,244.0,235.1,238.29,26706471,6408351582.31
2023-05-16,sz.300750,238.4,240.97,236.77,239.0,13973953,3336944402.05
2023-05-17,sz.300750,239.0,241.68,236.06,240.0,18246432,4350981986.97
2023-05-18,sz.300750,241.3,241.37,231.04,232.4,24123880,5653225268.59
2023-05-19,sz.300750,231.75,234.18,230.0,230.0,19472168,4503095902.73
2023-05-22,sz.300750,229.0,232.5,227.0,230.3,14679114,3373155581.43
2023-05-23,sz.300750,230.88,231.71,225.15,225.42,19613196,4466450818.94
2023-05-24,sz.300750,224.8,228.51,223.72,225.25,14785735,3347225922.24
2023-05-25,sz.300750,224.85,227.68,222.49,224.09,13753272,3096261721.02
2023-05-26,sz.300750,224.2,224.5,217.5,220.0,18211695,4001016009.02
2023-05-29,sz.300750,222.2,222.22,215.6,217.06,16537161,3599743503.61
2023-05-30,sz.300750,217.0,224.99,216.01,224.99,26467083,5890767209.31
2023-05-31,sz.300750,225.05,226.89,220.16,221.17,18869744,4194067555.16
2023-06-01,sz.300750,222.64,228.0,221.51,222.9,15941049,3583431678.56
2023-06-02,sz.300750,224.9,229.99,224.0,228.44,23181483,5283702827.08
2023-06-05,sz.300750,225.9,225.9,216.39,219.8,33595114,7357059963.18
2023-06-06,sz.300750,218.01,222.3,216.98,219.28,17242526,3782524816.12
2023-06-07,sz.300750,216.38,216.5,204.45,207.3,50093939,10438080444.83
2023-06-08,sz.300750,212.75,213.3,207.0,208.01,23857940,5007821210.14
2023-06-09,sz.300750,208.55,213.13,208.55,212.04,24261728,5126984497.89
2023-06-12,sz.300750,211.95,214.0,208.9,211.95,18131632,3835654848.63
2023-06-13,sz.300750,211.01,213.93,210.68,213.1,13243699,2813381281.43
2023-06-14,sz.300750,217.15,217.63,213.0,213.4,16362927,3508630636.22
2023-06-15,sz.300750,214.99,230.88,214.89,230.88,50495682,11301760757.27
2023-06-16,sz.300750,232.0,234.17,228.3,231.1,29639828,6849470339.8
2023-06-19,sz.300750,232.99,232.99,226.0,227.88,18707081,4271126762.3
2023-06-20,sz.300750,227.87,231.31,225.77,228.0,17960501,4094614886.13
2023-06-21,sz.300750,228.81,230.5,224.9,224.91,17118438,3897370633.45
2023-06-26,sz.300750,219.91,226.95,219.68,225.17,15910609,3564403987.12
2023-06-27,sz.300750,223.98,226.3,221.18,223.47,13420648,2996519806.91
2023-06-28,sz.300750,222.22,226.5,222.0,224.5,13558644,3044798943.11
2023-06-29,sz.300750,223.51,226.91,222.5,222.5,9930233,2228285745.38
2023-06-30,sz.300750,223.99,229.99,220.35,228.79,21551522,4901528280.46
2023-07-03,sz.300750,231.95,233.95,228.55,229.88,15554352,3592766609.95
2023-07-04,sz.300750,228.5,230.05,227.68,229.25,10155673,2322971861.72
2023-07-05,sz.300750,229.26,230.41,225.5,227.51,8636414,1968738616.83
2023-07-06,sz.300750,227.0,228.48,223.97,224.85,10283568,2323630148.92
2023-07-07,sz.300750,224.8,224.85,221.6,222.25,9808377,2186457550.59
2023-07-10,sz.300750,223.0,230.0,223.0,228.8,16093831,3674535624.59
2023-07-11,sz.300750,229.65,229.99,226.58,229.09,9158787,2094183189.27
2023-07-12,sz.300750,228.5,229.4,226.5,226.99,8693260,1976029055.34
2023-07-13,sz.300750,228.21,235.0,228.21,230.0,22257672,5166809845.94
2023-07-14,sz.300750,230.15,230.93,226.55,228.28,13004091,2971007805.79
2023-07-17,sz.300750,227.01,228.0,223.6,225.65,10452522,2354412853.98
2023-07-18,sz.300750,227.8,227.88,224.5,225.5,8575776,1934097473.9
2023-07-19,sz.300750,224.0,224.95,218.58,219.5,17600182,3880774172.36
2023-07-20,sz.300750,219.0,226.69,219.0,221.05,14441648,3226693428.17
2023-07-21,sz.300750,220.85,222.98,219.76,221.59,8393526,1858027959.34
2023-07-24,sz.300750,217.15,220.88,214.14,218.98,13719339,2990356786.5
2023-07-25,sz.300750,224.9,227.64,221.02,226.35,19286245,4336672443.84
2023-07-26,sz.300750,225.12,227.0,223.66,226.66,15456786,3484702635.47
2023-07-27,sz.300750,231.0,232.88,226.88,226.98,20859235,4786800627.79
2023-07-28,sz.300750,226.98,231.0,225.05,230.05,18803095,4304001295.03
2023-07-31,sz.300750,234.0,239.5,233.1,237.75,29902754,7103701374.91
2023-08-01,sz.300750,237.4,239.1,234.5,235.5,15615168,3695389756.81
2023-08-02,sz.300750,237.0,239.49,235.5,236.5,14147185,3350493844.78
2023-08-03,sz.300750,236.0,239.97,235.53,239.14,16180526,3859823088.53
2023-08-04,sz.300750,245.0,249.96,241.11,245.51,31569675,7737835221.31
2023-08-07,sz.300750,244.5,246.94,243.31,246.49,14927749,3665507786.26
2023-08-08,sz.300750,245.98,249.33,244.88,247.14,15066676,3733050028.84
2023-08-09,sz.300750,245.5,247.68,243.14,247.0,11684661,2873152335.34
2023-08-10,sz.300750,247.9,251.33,244.12,246.5,14040964,3469375410.84
2023-08-11,sz.300750,248.95,248.95,241.5,241.5,17204064,4212036439.73
2023-08-14,sz.300750,239.2,239.98,230.21,232.9,25693218,6000203547.3
2023-08-15,sz.300750,232.88,234.6,229.4,231.3,14610073,3378905588.31
2023-08-16,sz.300750,231.52,234.38,230.11,232.6,14009045,3263663519.36
2023-08-17,sz.300750,234.99,236.5,228.88,235.25,20442773,4767790092.05
2023-08-18,sz.300750,235.29,239.12,234.42,235.87,16769998,3977909566.35
2023-08-21,sz.300750,233.99,235.87,232.2,232.96,10780439,2524111214.47
2023-08-22,sz.300750,234.8,235.18,227.51,230.75,15188941,3507619500.49
2023-08-23,sz.300750,230.7,231.9,227.0,227.5,11874911,2721026997.67
2023-08-24,sz.300750,228.88,231.54,226.5,228.95,14157716,3254958699.75
2023-08-25,sz.300750,227.93,229.97,225.81,228.34,11185129,2549494197.0
2023-08-28,sz.300750,241.5,243.96,229.5,230.5,22311515,5230083379.81
2023-08-29,sz.300750,231.2,243.0,230.92,238.5,29174995,6966379985.57
2023-08-30,sz.300750,239.4,242.0,237.5,237.5,14591637,3492477897.83
2023-08-31,sz.300750,237.1,238.5,236.13,236.55,9671527,2294576162.04
2023-09-01,sz.300750,236.6,239.51,234.6,236.4,9101132,2157778480.9
2023-09-04,sz.300750,238.21,238.76,233.4,237.65,14052387,3327817522.43
2023-09-05,sz.300750,237.0,239.5,236.16,236.82,11581665,2752197345.26
2023-09-06,sz.300750,236.05,237.17,232.8,234.42,12474783,2921536581.54
2023-09-07,sz.300750,233.0,233.75,226.51,226.51,19266090,4405103044.44
2023-09-08,sz.300750,225.0,227.2,220.5,222.94,16499443,3670618814.62
2023-09-11,sz.300750,222.9,223.55,219.68,221.53,17060897,3774798958.65
2023-09-12,sz.300750,222.0,222.41,217.54,217.93,18231209,3994776422.13
2023-09-13,sz.300750,217.0,219.15,215.03,216.6,15135693,3278699755.09
2023-09-14,sz.300750,213.68,216.3,213.03,214.93,18294104,3919045406.38
2023-09-15,sz.300750,212.0,214.0,206.6,207.76,33679992,7033151411.11
2023-09-18,sz.300750,206.0,214.69,206.0,213.06,26593485,5645065103.32
2023-09-19,sz.300750,213.06,213.48,210.6,212.32,15024395,3183848137.28
2023-09-20,sz.300750,213.0,213.33,208.68,209.9,13087485,2750166643.08
2023-09-21,sz.300750,210.01,210.95,206.67,206.73,16214929,3368171869.93
2023-09-22,sz.300750,205.5,211.45,205.5,210.93,22509065,4696859644.01
2023-09-25,sz.300750,213.02,213.62,208.71,209.28,13605355,2864421900.0
2023-09-26,sz.300750,206.67,207.35,203.5,204.5,20253782,4150919714.55
2023-09-27,sz.300750,206.3,208.49,202.45,203.66,21848959,4470658972.55
2023-09-28,sz.300750,204.0,206.5,202.58,203.03,15809524,3223265861.07
2023-10-09,sz.300750,201.0,201.28,193.0,195.5,33742826,6617775154.29
2023-10-10,sz.300750,197.88,198.0,194.72,194.72,19865460,3895932691.62
2023-10-11,sz.300750,197.87,198.6,194.1,194.77,20248245,3964353022.61
2023-10-12,sz.300750,195.01,197.8,194.0,195.94,24205912,4744179131.32
2023-10-13,sz.300750,193.85,194.83,189.6,190.6,28422238,5429864563.15
2023-10-16,sz.300750,190.34,190.53,183.91,184.76,24683649,4603170882.7
2023-10-17,sz.300750,185.51,189.3,184.57,185.44,21558300,4027297387.82
2023-10-18,sz.300750,185.1,188.25,183.6,186.3,17651925,3284047971.31
2023-10-19,sz.300750,184.41,185.68,182.28,182.7,17454160,3209465700.09
2023-10-20,sz.300750,179.0,187.69,179.0,181.0,30026893,5478351217.12
2023-10-23,sz.300750,180.3,180.3,175.8,177.26,20223321,3597554198.2
2023-10-24,sz.300750,178.0,179.2,175.3,176.42,24379459,4310104361.21
2023-10-25,sz.300750,178.2,179.5,175.68,175.98,21534181,3818928277.23
2023-10-26,sz.300750,174.0,178.3,168.81,178.07,41420567,7175542946.81
2023-10-27,sz.300750,177.85,185.88,176.02,184.72,47795283,8729936697.8
2023-10-30,sz.300750,187.0,189.88,184.8,188.02,32259492,6050993028.96
2023-10-31,sz.300750,186.68,187.22,184.6,185.6,18152535,3369355372.29
2023-11-01,sz.300750,185.79,190.3,184.5,187.54,19727265,3695120175.75
2023-11-02,sz.300750,188.5,189.88,185.57,185.57,13762677,2577685558.5
2023-11-03,sz.300750,186.0,188.68,184.6,187.44,14365450,2683301612.35
2023-11-06,sz.300750,188.57,197.1,188.45,197.08,34968430,6798069246.62
2023-11-07,sz.300750,195.99,196.11,190.12,191.24,26080293,5008846046.15
2023-11-08,sz.300750,190.18,192.94,190.0,191.84,14652166,2809047604.89
2023-11-09,sz.300750,190.63,192.58,190.53,191.45,10997097,2104229338.21
2023-11-10,sz.300750,189.0,189.97,188.05,189.03,11609956,2189830819.35
2023-11-13,sz.300750,192.0,192.2,187.02,187.85,12519595,2362258976.04
2023-11-14,sz.300750,187.85,188.8,183.0,183.68,23488284,4346598777.47
2023-11-15,sz.300750,186.89,188.59,183.58,184.48,23807191,4423251194.82
2023-11-16,sz.300750,185.48,185.49,180.1,181.15,17466200,3180032494.61
2023-11-17,sz.300750,179.85,181.25,179.49,180.73,11084035,2000359414.04
2023-11-20,sz.300750,180.74,181.8,179.01,180.3,12408719,2235037632.58
2023-11-21,sz.300750,182.0,184.0,180.01,180.61,19766221,3601130909.86
2023-11-22,sz.300750,179.55,181.3,177.0,177.0,18688569,3332638164.0
2023-11-23,sz.300750,176.01,177.7,174.89,177.7,15720253,2771265524.63
2023-11-24,sz.300750,177.03,178.2,174.5,175.0,16621248,2918741661.28
2023-11-27,sz.300750,174.29,174.5,170.6,170.7,18422007,3161041987.54
2023-11-28,sz.300750,170.03,171.97,168.87,171.92,20210730,3443539749.66
2023-11-29,sz.300750,171.0,171.38,166.37,166.85,25188527,4235346582.08
2023-11-30,sz.300750,165.22,168.66,164.49,167.0,23027161,3834512348.69
2023-12-01,sz.300750,167.29,167.7,164.43,165.5,16962209,2816101715.16
2023-12-04,sz.300750,163.5,164.44,161.24,161.65,23930401,3892529224.86
2023-12-05,sz.300750,160.15,162.37,158.65,158.81,24807739,3978910664.08
2023-12-06,sz.300750,158.65,166.86,158.22,162.88,36769276,6024339619.75
2023-12-07,sz.300750,162.0,166.36,161.6,164.49,26908427,4410841808.17
2023-12-08,sz.300750,165.0,166.33,163.12,163.59,24502047,4030383346.85
2023-12-11,sz.300750,162.01,165.69,160.16,165.35,21489569,3497265739.5
2023-12-12,sz.300750,164.0,165.22,162.98,163.63,14733877,2415527908.85
2023-12-13,sz.300750,162.55,163.59,158.71,159.35,25259399,4045085653.77
2023-12-14,sz.300750,160.88,161.49,156.44,156.63,22751400,3596263195.63
2023-12-15,sz.300750,157.2,158.68,154.6,155.0,20204635,3158101585.29
2023-12-18,sz.300750,153.11,153.69,146.28,146.97,42912920,6398809829.48
2023-12-19,sz.300750,146.31,149.98,146.27,149.0,25185181,3734066912.78
2023-12-20,sz.300750,149.2,151.2,148.32,148.45,21249368,3174602188.42
2023-12-21,sz.300750,147.57,155.33,147.57,154.39,42131501,6433383992.73
2023-12-22,sz.300750,153.5,158.41,152.2,156.29,28032127,4359921761.52
2023-12-25,sz.300750,155.5,157.88,154.8,157.54,13005608,2036117775.27
2023-12-26,sz.300750,156.97,157.5,154.74,156.13,12767252,1994477782.07
2023-12-27,sz.300750,157.53,158.0,153.87,154.33,17356460,2686313989.06
2023-12-28,sz.300750,154.22,163.16,153.57,162.99,37850179,6079407754.87
2023-12-29,sz.300750,163.98,165.0,162.0,163.26,22683782,3707101874.04
2024-01-02,sz.300750,162.22,162.53,156.62,156.83,21403268,3390080350.21
2024-01-03,sz.300750,156.1,157.28,154.4,155.8,19757581,3070016674.07
2024-01-04,sz.300750,155.5,155.72,149.77,151.2,27241762,4114835334.93
2024-01-05,sz.300750,150.99,154.73,149.49,150.9,21035318,3195235676.67
2024-01-08,sz.300750,150.2,153.39,149.08,150.0,19385405,2926528361.75
2024-01-09,sz.300750,149.96,151.37,145.75,148.7,23391625,3473507460.23
2024-01-10,sz.300750,146.94,153.11,146.55,150.66,23211960,3500326619.89
2024-01-11,sz.300750,150.66,157.77,148.51,154.82,32801802,5037065544.25
2024-01-12,sz.300750,154.0,157.33,152.2,154.63,25462228,3943737150.63
2024-01-15,sz.300750,153.5,153.7,149.35,151.7,17272193,2618158007.72
2024-01-16,sz.300750,151.66,157.25,150.56,156.95,28469270,4421625828.65
2024-01-17,sz.300750,156.86,156.86,151.75,152.24,21761525,3343384131.76
2024-01-18,sz.300750,150.1,155.2,150.01,154.61,30778779,4688436698.41
2024-01-19,sz.300750,153.8,157.89,153.4,154.9,26594908,4136034233.34
2024-01-22,sz.300750,153.5,159.95,150.65,155.66,40488810,6323471152.62
2024-01-23,sz.300750,155.0,158.8,153.19,153.91,32305895,5033058276.4
2024-01-24,sz.300750,154.5,154.99,149.51,153.48,24870983,3776131708.06
2024-01-25,sz.300750,152.0,155.1,149.71,155.0,29479609,4503492567.88
2024-01-26,sz.300750,152.5,154.48,150.0,150.0,27181270,4118576147.81
2024-01-29,sz.300750,149.44,150.78,147.02,147.02,21767500,3235910042.92
2024-01-30,sz.300750,145.5,147.44,140.4,140.75,32727425,4680164654.32
2024-01-31,sz.300750,145.0,152.96,144.0,151.59,59522108,8943013792.76
2024-02-01,sz.300750,151.58,152.52,148.58,149.02,27968844,4197978843.17
2024-02-02,sz.300750,148.0,149.0,143.37,146.0,30706037,4494266567.68
2024-02-05,sz.300750,142.61,154.5,142.3,151.94,47132613,7035622773.05
2024-02-06,sz.300750,151.19,159.26,150.82,158.33,43745926,6828296924.06
2024-02-07,sz.300750,158.0,159.79,156.0,159.6,36607040,5800699416.45
2024-02-08,sz.300750,159.5,165.0,158.88,162.84,30901156,5016344779.04
2024-02-19,sz.300750,164.96,164.96,159.09,160.09,27092476,4355156562.95
2024-02-20,sz.300750,161.88,161.88,156.07,158.33,22194791,3506366283.11
2024-02-21,sz.300750,157.38,163.3,156.34,161.2,25782663,4135575623.96
2024-02-22,sz.300750,161.33,161.33,158.88,160.35,20955947,3349275886.97
2024-02-23,sz.300750,161.97,162.0,159.06,160.5,21017639,3368773226.46
2024-02-26,sz.300750,159.23,159.99,154.7,156.0,36066425,5638931754.29
2024-02-27,sz.300750,155.08,157.85,154.54,157.83,29040075,4531078101.31
2024-02-28,sz.300750,158.18,163.3,157.01,157.01,40091711,6423464926.27
2024-02-29,sz.300750,156.1,163.77,155.66,163.51,39167504,6315294345.27
2024-03-01,sz.300750,163.53,165.56,162.4,164.55,28101336,4610970231.35
2024-03-04,sz.300750,165.0,167.86,162.77,163.9,26808577,4424835389.74
2024-03-05,sz.300750,162.1,165.2,160.0,164.65,27549599,4478109343.91
2024-03-06,sz.300750,162.58,166.9,161.7,163.64,18718009,3067856204.79
2024-03-07,sz.300750,163.0,164.17,159.48,160.15,22145021,3568786297.0
2024-03-08,sz.300750,159.13,160.8,156.65,158.0,20217023,3194520067.02
2024-03-11,sz.300750,165.0,181.65,164.1,180.85,76335047,13248182793.02
2024-03-12,sz.300750,183.34,186.43,180.0,185.84,62164900,11428112945.34
2024-03-13,sz.300750,187.0,187.69,183.3,185.18,34795798,6444102061.72
2024-03-14,sz.300750,184.89,187.96,182.96,183.81,30535646,5642924971.26
2024-03-15,sz.300750,183.63,183.9,176.85,181.0,35483644,6371462215.2
2024-03-18,sz.300750,190.04,193.76,188.95,190.96,48305173,9229188790.08
2024-03-19,sz.300750,190.49,192.3,186.6,187.25,26957576,5099068938.67
2024-03-20,sz.300750,185.51,191.24,185.51,189.48,21031584,3987105281.59
2024-03-21,sz.300750,189.51,191.88,189.08,189.08,18756720,3571619013.59
2024-03-22,sz.300750,189.09,189.91,184.99,186.51,19103367,3563063417.12
2024-03-25,sz.300750,185.57,188.2,184.48,184.8,16413365,3046334226.28
2024-03-26,sz.300750,185.7,193.13,185.69,191.8,30247308,5746016495.95
2024-03-27,sz.300750,191.74,191.75,188.0,188.0,20645704,3910050276.4
2024-03-28,sz.300750,188.07,191.7,186.6,188.78,20036725,3792149244.82
2024-03-29,sz.300750,190.3,195.0,189.38,190.16,16464806,3154024728.73
2024-04-01,sz.300750,194.0,199.83,193.4,197.84,27513187,5438688735.17
2024-04-02,sz.300750,198.1,201.57,196.5,199.7,24038110,4793028386.5
2024-04-03,sz.300750,198.94,198.95,194.6,197.65,23489041,4635543375.83
2024-04-08,sz.300750,197.65,199.9,194.6,194.6,18957556,3729974586.66
2024-04-09,sz.300750,194.0,196.5,193.71,196.0,14570001,2845224466.88
2024-04-10,sz.300750,194.11,195.0,191.53,192.74,17961495,3459617610.91
2024-04-11,sz.300750,190.81,194.3,187.0,192.6,19295444,3681659227.96
2024-04-12,sz.300750,191.0,191.98,188.01,188.39,16625645,3153751598.81
2024-04-15,sz.300750,193.85,197.14,191.86,197.14,30548250,5978911501.32
2024-04-16,sz.300750,199.0,199.3,194.92,197.15,27623120,5450235800.73
2024-04-17,sz.300750,195.35,196.93,193.02,195.99,21619164,4211033978.06
2024-04-18,sz.300750,193.97,197.45,191.39,195.56,19539576,3808772286.51
2024-04-19,sz.300750,193.06,194.46,189.51,190.8,18491472,3533488436.05
2024-04-22,sz.300750,192.8,194.89,190.57,190.6,15098743,2903026005.69
2024-04-23,sz.300750,191.13,192.5,187.88,189.93,11113796,2113386949.51
2024-04-24,sz.300750,192.0,192.4,186.4,189.6,15154279,2865374635.48
2024-04-25,sz.300750,188.57,194.35,187.89,193.2,16418323,3150746112.0
2024-04-26,sz.300750,192.01,198.88,192.01,198.48,22488071,4413524312.71
2024-04-29,sz.300750,200.57,213.5,200.0,209.63,43863035,9119637969.04
2024-04-30,sz.300750,205.76,205.76,202.0,202.6,21433024,4377316692.36
2024-05-06,sz.300750,211.0,211.7,206.03,206.98,27099899,5634660009.91
2024-05-07,sz.300750,206.18,207.88,205.15,206.88,13179902,2722386147.53
2024-05-08,sz.300750,207.0,207.8,203.11,203.23,12432997,2544539625.56
2024-05-09,sz.300750,206.27,210.51,206.2,209.4,21921628,4575999960.06
2024-05-10,sz.300750,209.4,209.4,203.0,203.5,22801132,4675581900.35
2024-05-13,sz.300750,196.3,201.77,195.51,199.35,22196723,4425713327.7
2024-05-14,sz.300750,200.6,201.2,198.12,199.01,10694712,2131826963.91
2024-05-15,sz.300750,199.01,203.33,197.5,197.89,13074116,2607766831.74
2024-05-16,sz.300750,198.8,201.64,196.98,199.67,15378204,3065019508.61
2024-05-17,sz.300750,199.7,203.0,198.58,203.0,18496201,3727316446.1
2024-05-20,sz.300750,207.2,207.88,203.01,203.45,19917171,4083626152.69
2024-05-21,sz.300750,203.67,204.58,200.56,201.56,12296358,2480343309.64
2024-05-22,sz.300750,202.5,207.0,201.6,204.89,25236561,5153120079.07
2024-05-23,sz.300750,204.2,205.65,203.13,204.34,17654820,3602986569.39
2024-05-24,sz.300750,202.8,204.86,200.79,200.98,15510693,3136303496.79
2024-05-27,sz.300750,201.8,201.8,198.5,200.01,16361785,3261446783.13
2024-05-28,sz.300750,199.46,200.58,197.6,197.8,12689994,2517505166.39
2024-05-29,sz.300750,198.01,202.5,197.8,198.79,13338755,2663801635.26
2024-05-30,sz.300750,199.05,200.88,197.66,199.35,12784004,2548445865.24
2024-05-31,sz.300750,199.35,202.25,197.76,197.76,13808627,2760668470.77
2024-06-03,sz.300750,197.76,203.6,195.8,202.5,18718068,3757638839.5
2024-06-04,sz.300750,201.99,207.24,201.0,205.97,17714939,3639805938.31
2024-06-05,sz.300750,205.7,207.85,204.01,204.12,11777390,2420867501.82
2024-06-06,sz.300750,203.98,206.88,202.2,204.79,12412570,2544442658.23
2024-06-07,sz.300750,198.86,202.45,187.59,193.2,51686760,10008885040.64
2024-06-11,sz.300750,189.0,192.0,184.61,188.77,42072363,7876263876.2
2024-06-12,sz.300750,186.0,189.76,185.48,185.6,20310392,3788449182.24
2024-06-13,sz.300750,187.0,190.01,185.12,185.18,22117637,4134985666.22
2024-06-14,sz.300750,186.1,186.58,178.58,184.89,37184949,6764196086.13
2024-06-17,sz.300750,182.55,190.5,182.31,188.2,26929318,5044213365.16
2024-06-18,sz.300750,188.15,190.47,187.02,190.33,15652909,2959271843.32
2024-06-19,sz.300750,190.6,190.7,187.68,189.01,10753975,2030697600.04
2024-06-20,sz.300750,189.99,190.11,187.1,187.99,11562370,2172637229.05
2024-06-21,sz.300750,188.31,188.96,182.37,185.16,18467717,3416688219.76
2024-06-24,sz.300750,183.0,187.99,183.0,186.98,18035490,3363422625.72
2024-06-25,sz.300750,187.0,189.2,185.6,186.32,14414412,2696969882.24
2024-06-26,sz.300750,185.12,186.63,183.2,185.51,10481398,1940490559.38
2024-06-27,sz.300750,185.51,185.88,183.01,185.0,12653577,2330478210.95
2024-06-28,sz.300750,183.8,185.48,179.84,180.03,19420506,3539244333.22
2024-07-01,sz.300750,179.19,179.28,171.17,176.07,26995744,4709620520.85
2024-07-02,sz.300750,173.85,176.96,172.11,176.08,14415586,2529552189.48
2024-07-03,sz.300750,177.0,182.5,176.31,179.5,16205321,2906473773.97
2024-07-04,sz.300750,180.39,182.99,179.2,179.6,11834646,2137596470.18
2024-07-05,sz.300750,181.0,182.49,176.5,177.62,13524707,2414693953.96
2024-07-08,sz.300750,176.01,178.37,175.01,175.91,10806397,1907514420.0
2024-07-09,sz.300750,175.3,177.3,173.09,175.77,16443915,2876833389.62
2024-07-10,sz.300750,175.01,180.09,173.05,173.05,17772919,3123226777.38
2024-07-11,sz.300750,175.0,178.98,173.49,177.01,20811148,3678618339.7
2024-07-12,sz.300750,177.85,181.77,177.0,179.8,19550460,3523525353.71
2024-07-15,sz.300750,178.3,179.95,177.11,178.12,11469696,2041627402.34
2024-07-16,sz.300750,177.5,180.5,177.3,179.3,15148737,2710034963.05
2024-07-17,sz.300750,178.0,182.66,175.94,180.89,18590141,3346445646.37
2024-07-18,sz.300750,180.0,189.1,179.68,188.35,31994401,5957621426.21
2024-07-19,sz.300750,186.35,190.09,186.2,189.44,20847631,3929663334.93
2024-07-22,sz.300750,191.19,194.18,187.4,189.52,17168252,3259890052.78
2024-07-23,sz.300750,189.01,189.7,186.2,186.2,11903104,2233862306.3
2024-07-24,sz.300750,186.0,189.09,185.39,186.32,14468136,2708577542.72
2024-07-25,sz.300750,186.12,190.73,185.06,187.73,20595888,3863507112.24
2024-07-26,sz.300750,190.0,193.3,188.05,189.35,23347718,4436931314.66
2024-07-29,sz.300750,187.0,187.0,180.0,184.53,21362366,3918833597.96
2024-07-30,sz.300750,183.22,185.33,183.22,184.89,12725163,2349179517.95
2024-07-31,sz.300750,182.0,186.88,182.0,186.31,19896940,3690880179.03
2024-08-01,sz.300750,185.0,186.0,180.1,180.3,23012659,4180640117.67
2024-08-02,sz.300750,179.0,180.0,176.74,177.09,15493685,2753866402.32
2024-08-05,sz.300750,175.01,180.19,175.0,177.0,19347659,3451887572.32
2024-08-06,sz.300750,178.41,179.39,173.71,174.95,15768703,2771240102.29
2024-08-07,sz.300750,174.95,176.23,173.67,173.67,12753959,2230380711.06
2024-08-08,sz.300750,173.01,173.6,170.12,172.4,14658996,2520197340.45
2024-08-09,sz.300750,173.6,174.87,170.0,170.0,15412989,2646422840.31
2024-08-12,sz.300750,170.57,171.12,166.8,169.0,17415581,2934605437.63
2024-08-13,sz.300750,168.89,174.96,168.38,173.78,19389256,3336604796.24
2024-08-14,sz.300750,172.99,174.45,171.72,172.21,9966285,1720375362.23
2024-08-15,sz.300750,172.0,174.6,171.29,173.4,14481202,2511442939.39
2024-08-16,sz.300750,173.4,176.0,172.88,173.62,11150641,1941327488.98
2024-08-19,sz.300750,173.35,177.94,173.15,175.6,14035843,2473581500.63
2024-08-20,sz.300750,175.0,176.0,173.66,174.87,8436955,1475662465.92
2024-08-21,sz.300750,174.0,175.41,172.0,174.01,11147405,1940113037.72
2024-08-22,sz.300750,174.98,179.97,174.3,178.8,19901136,3536569763.92
2024-08-23,sz.300750,177.0,182.52,177.0,181.8,18415176,3332172741.09
2024-08-26,sz.300750,181.9,184.56,181.0,183.92,14838749,2717728514.01
2024-08-27,sz.300750,182.52,184.49,181.5,183.5,9976992,1827225122.26
2024-08-28,sz.300750,182.8,183.69,181.28,182.82,10639015,1940292275.3
2024-08-29,sz.300750,179.17,182.99,179.17,180.8,15670242,2839993927.17
2024-08-30,sz.300750,180.8,185.96,180.8,184.34,25429171,4689604094.32
2024-09-02,sz.300750,184.44,185.59,181.0,181.19,12985176,2371406001.78
2024-09-03,sz.300750,180.3,186.7,180.02,185.65,18196886,3362146073.33
2024-09-04,sz.300750,185.32,189.0,184.85,187.15,16564524,3101382415.29
2024-09-05,sz.300750,187.15,189.55,185.8,186.8,12318215,2302962597.23
2024-09-06,sz.300750,186.12,188.5,185.4,185.95,7525486,1404159124.51
2024-09-09,sz.300750,185.11,188.66,183.47,185.15,13475355,2494206446.2
2024-09-10,sz.300750,185.5,185.5,181.05,181.16,15424413,2809100737.45
2024-09-11,sz.300750,182.4,187.78,181.16,186.56,21197083,3938430662.64
2024-09-12,sz.300750,188.0,192.16,186.71,189.35,20709986,3931885572.83
2024-09-13,sz.300750,188.88,188.88,183.5,183.5,17287288,3202147524.27
2024-09-18,sz.300750,183.6,187.43,183.29,186.4,11377895,2116044596.22
2024-09-19,sz.300750,187.0,188.22,183.6,186.9,15769409,2940618896.64
2024-09-20,sz.300750,186.9,187.9,183.68,185.6,15502703,2874252971.74
2024-09-23,sz.300750,186.66,189.43,185.5,188.2,15792549,2968348168.22
2024-09-24,sz.300750,191.96,198.17,188.89,197.52,35451735,6891613101.73
2024-09-25,sz.300750,207.39,207.4,202.59,203.1,42010119,8606648805.95
2024-09-26,sz.300750,203.7,207.33,198.93,205.51,35489346,7190132217.19
2024-09-27,sz.300750,212.0,231.68,211.67,226.81,70181326,15567947397.43
2024-09-30,sz.300750,233.02,255.0,232.0,251.89,91361145,22246725636.15
2024-10-08,sz.300750,296.0,301.5,267.66,299.0,137646479,39285155658.41
2024-10-09,sz.300750,279.9,279.99,255.0,255.0,108691594,29017394644.92
2024-10-10,sz.300750,255.0,265.99,250.16,258.0,60833833,15786972610.89
2024-10-11,sz.300750,255.5,255.5,237.93,241.79,47640230,11668275358.21
2024-10-14,sz.300750,249.99,252.8,244.94,249.72,46759863,11671765786.38
2024-10-15,sz.300750,249.81,250.84,241.13,241.22,32765334,8057930637.14
2024-10-16,sz.300750,238.82,238.82,233.33,233.85,33585954,7918107275.66
2024-10-17,sz.300750,234.0,238.88,230.86,231.5,26164672,6135626737.15
2024-10-18,sz.300750,230.0,258.88,229.6,249.89,68013787,16734812130.47
2024-10-21,sz.300750,259.0,262.53,251.75,253.36,58455809,14972853360.17
2024-10-22,sz.300750,254.0,254.56,247.26,250.55,27876033,6986426718.6
2024-10-23,sz.300750,247.81,254.94,246.86,249.3,32154122,8076690148.32
2024-10-24,sz.300750,249.77,251.5,245.0,246.16,21465790,5297733385.73
2024-10-25,sz.300750,252.34,265.0,246.3,258.88,57898551,14887536977.89
2024-10-28,sz.300750,256.13,258.61,253.0,256.24,27601935,7053002719.83
2024-10-29,sz.300750,256.24,257.71,251.24,251.78,26994808,6853075171.39
2024-10-30,sz.300750,250.0,252.3,244.5,248.03,27134374,6734690047.33
2024-10-31,sz.300750,246.99,250.5,244.0,245.98,25500279,6286268642.67
2024-11-01,sz.300750,246.53,249.82,245.18,246.2,25915829,6418140472.77
2024-11-04,sz.300750,244.0,254.3,244.0,251.2,24247222,6074686403.4
2024-11-05,sz.300750,250.58,262.82,249.13,261.39,48482094,12547431634.82
2024-11-06,sz.300750,258.99,269.5,253.5,256.5,45239310,11840068810.22
2024-11-07,sz.300750,258.0,262.8,253.88,262.8,33571027,8698717048.5
2024-11-08,sz.300750,269.66,272.0,257.1,257.5,40294127,10612727375.41
2024-11-11,sz.300750,252.35,268.99,251.01,267.5,49153907,12844920271.79
2024-11-12,sz.300750,278.28,285.2,270.98,273.02,74403008,20764206510.38
2024-11-13,sz.300750,269.0,288.2,266.77,282.0,55773688,15410247017.55
2024-11-14,sz.300750,283.0,284.99,274.66,275.0,42657210,11940874423.6
2024-11-15,sz.300750,269.5,275.0,265.56,265.56,35198317,9488134617.77
2024-11-18,sz.300750,265.56,270.95,261.0,262.92,30650010,8135717135.86
2024-11-19,sz.300750,262.02,272.0,258.0,268.72,34812887,9211079120.51
2024-11-20,sz.300750,266.95,269.9,264.6,267.55,22708778,6060616028.92
2024-11-21,sz.300750,265.66,271.43,263.66,268.26,20550827,5510533650.39
2024-11-22,sz.300750,267.93,269.0,258.88,259.1,22555101,5937579845.21
2024-11-25,sz.300750,263.06,266.56,261.18,264.1,26239071,6923644963.03
2024-11-26,sz.300750,261.57,263.97,255.66,256.72,27360405,7076484876.24
2024-11-27,sz.300750,254.7,260.9,251.47,259.9,27400665,7033615361.69
2024-11-28,sz.300750,259.2,259.53,253.5,254.7,22355598,5728197559.53
2024-11-29,sz.300750,251.23,267.99,251.23,261.24,31366272,8192074188.26
2024-12-02,sz.300750,258.64,263.55,257.21,262.19,20647547,5387882833.85
2024-12-03,sz.300750,261.0,262.99,259.0,261.84,17310789,4514867561.72
2024-12-04,sz.300750,260.0,262.0,257.5,258.97,16181395,4186965339.38
2024-12-05,sz.300750,257.99,258.95,255.01,256.0,16021580,4109014221.95
2024-12-06,sz.300750,256.0,269.9,255.0,266.55,33038136,8719647873.97
2024-12-09,sz.300750,266.99,269.66,264.41,268.05,22456090,6005103478.7
2024-12-10,sz.300750,281.28,281.5,269.33,270.57,32904436,9035442039.71
2024-12-11,sz.300750,273.96,279.5,266.52,267.1,19400821,5262014871.75
2024-12-12,sz.300750,265.9,275.38,265.2,273.71,22329514,6055502392.49
2024-12-13,sz.300750,269.88,272.0,266.0,267.03,28316441,7596460114.56
2024-12-16,sz.300750,266.22,269.5,264.05,267.2,16257508,4333963457.3
2024-12-17,sz.300750,267.0,278.0,266.54,273.8,28214610,7746201690.52
2024-12-18,sz.300750,274.31,274.73,270.31,271.41,15085329,4110472402.55
2024-12-19,sz.300750,269.26,272.35,266.62,269.79,15346018,4137668599.45
2024-12-20,sz.300750,269.79,270.8,260.32,262.71,27740098,7313368050.81
2024-12-23,sz.300750,262.71,268.88,262.71,263.5,20639383,5482614221.43
2024-12-24,sz.300750,263.0,268.25,263.0,268.23,19615352,5229920631.84
2024-12-25,sz.300750,268.91,270.91,266.26,267.97,11413810,3058526680.1
2024-12-26,sz.300750,267.2,267.2,261.0,261.25,22443762,5898437344.16
2024-12-27,sz.300750,260.57,263.42,255.0,262.0,24351918,6338085456.58
2024-12-30,sz.300750,260.88,267.5,260.51,266.58,22631352,6013633016.57
2024-12-31,sz.300750,265.09,270.5,265.09,266.0,24933952,6694555730.67
2025-01-02,sz.300750,266.25,266.3,257.0,258.78,23354576,6090661831.17
2025-01-03,sz.300750,258.78,263.0,257.21,257.63,18523758,4812148522.42
2025-01-06,sz.300750,258.0,260.0,253.0,256.75,17289077,4433101113.47
2025-01-07,sz.300750,243.0,252.0,241.08,249.45,40103599,9934923663.6
2025-01-08,sz.300750,245.99,248.31,243.32,245.34,27185752,6681628785.11
2025-01-09,sz.300750,241.35,250.25,241.16,247.33,16932878,4168600175.92
2025-01-10,sz.300750,246.5,249.95,244.68,246.0,14729433,3643092329.08
2025-01-13,sz.300750,243.5,250.0,242.0,246.91,18092226,4467775090.65
2025-01-14,sz.300750,247.71,257.0,245.21,256.2,20246734,5108567634.52
2025-01-15,sz.300750,256.2,256.4,249.67,250.87,15062665,3798504600.23
2025-01-16,sz.300750,252.0,254.6,248.26,249.93,16188378,4056598313.89
2025-01-17,sz.300750,248.5,253.5,248.08,251.5,11106600,2786220135.4
2025-01-20,sz.300750,256.5,267.61,256.31,265.52,34283497,9048642227.01
2025-01-21,sz.300750,268.5,268.76,263.22,264.18,13893306,3681448144.13
2025-01-22,sz.300750,262.0,264.9,254.21,258.0,25040737,6440345376.16
2025-01-23,sz.300750,259.85,262.5,256.98,257.5,16553688,4291744662.35
2025-01-24,sz.300750,256.01,264.78,256.01,260.62,22439796,5876198259.64
2025-01-27,sz.300750,260.63,262.97,257.0,257.0,17102637,4460049868.79
2025-02-05,sz.300750,260.0,262.0,251.05,252.12,24048140,6141794779.18
2025-02-06,sz.300750,251.0,253.49,249.2,253.1,24896101,6261792979.68
2025-02-07,sz.300750,257.0,262.56,251.62,261.28,34441254,8922582684.06
2025-02-10,sz.300750,261.28,261.47,255.18,258.45,22926710,5928297100.65
2025-02-11,sz.300750,260.44,260.5,251.06,251.8,24791980,6268157349.51
2025-02-12,sz.300750,250.01,256.0,247.08,255.3,27382214,6902713445.39
2025-02-13,sz.300750,255.99,263.99,255.1,261.39,37534967,9803005760.98
2025-02-14,sz.300750,261.53,273.0,261.53,269.71,38780030,10409880413.13
2025-02-17,sz.300750,274.9,274.9,266.02,269.4,24182960,6513084025.55
2025-02-18,sz.300750,272.96,275.5,269.0,270.77,23845755,6497674092.82
2025-02-19,sz.300750,268.57,276.0,268.55,273.55,20445539,5580141095.98
2025-02-20,sz.300750,272.8,272.8,267.0,270.2,19589001,5267400818.81
2025-02-21,sz.300750,268.58,276.88,267.78,275.55,30951906,8443562273.09
2025-02-24,sz.300750,273.01,274.7,268.16,271.5,27753762,7510840227.9
2025-02-25,sz.300750,267.48,274.0,264.51,269.48,23209375,6243748571.26
2025-02-26,sz.300750,271.45,272.88,267.18,268.62,21173074,5698649749.86
2025-02-27,sz.300750,270.27,271.7,267.67,270.0,23185110,6250587949.69
2025-02-28,sz.300750,269.6,271.31,263.61,264.3,22265458,5935077344.85
2025-03-03,sz.300750,265.0,279.3,262.24,273.53,38736403,10603328988.12
2025-03-04,sz.300750,270.0,271.0,262.73,263.0,26836542,7115460892.09
2025-03-05,sz.300750,263.0,263.89,258.5,260.99,20869610,5438997025.6
2025-03-06,sz.300750,262.25,265.53,261.0,264.31,25027321,6601078271.87
2025-03-07,sz.300750,262.96,263.58,258.68,260.76,22287108,5812794648.75
2025-03-10,sz.300750,261.8,261.86,253.61,256.5,28675074,7355227161.05
2025-03-11,sz.300750,253.07,255.5,253.05,255.2,17135077,4355529582.69
2025-03-12,sz.300750,256.01,256.62,251.49,254.5,19914690,5058919203.76
2025-03-13,sz.300750,254.0,259.2,253.0,253.22,16885150,4316530458.89
2025-03-14,sz.300750,253.0,264.85,252.65,262.0,35108935,9148092796.94
2025-03-17,sz.300750,263.1,265.47,255.74,256.0,33515486,8685706367.06
2025-03-18,sz.300750,258.0,260.78,255.5,257.0,22576732,5817534421.17
2025-03-19,sz.300750,257.2,266.97,256.78,265.39,36954120,9737109378.54
2025-03-20,sz.300750,265.39,266.5,261.02,262.15,14424653,3794188019.64
2025-03-21,sz.300750,262.68,264.53,255.67,256.0,19432006,5026360931.88
2025-03-24,sz.300750,257.7,258.98,256.28,258.16,16730217,4311680872.58
2025-03-25,sz.300750,257.71,260.0,255.29,259.48,12785778,3303477319.98
2025-03-26,sz.300750,259.4,262.7,256.7,256.92,12904626,3336108307.58
2025-03-27,sz.300750,256.19,262.8,254.25,258.88,14179206,3675726420.1
2025-03-28,sz.300750,256.11,258.88,255.8,256.8,11242068,2888588257.91
2025-03-31,sz.300750,256.06,257.98,252.12,252.94,19463355,4951863265.85
2025-04-01,sz.300750,252.94,254.5,248.58,249.06,19416208,4862442756.21
2025-04-02,sz.300750,250.2,252.46,247.56,249.14,13732112,3433096886.45
2025-04-03,sz.300750,245.0,247.7,242.55,243.08,23281639,5693962717.17
2025-04-07,sz.300750,226.09,230.0,209.11,215.22,72364582,15811389636.04
2025-04-08,sz.300750,219.95,225.0,216.4,219.05,47659421,10471952816.27
2025-04-09,sz.300750,212.92,218.75,210.09,211.39,53602339,11459705354.46
2025-04-10,sz.300750,221.0,222.79,215.46,217.98,37274119,8168675412.18
2025-04-11,sz.300750,216.0,225.55,214.7,224.0,30299115,6696905324.87
2025-04-14,sz.300750,227.15,228.0,222.68,224.0,20696504,4642121045.01
2025-04-15,sz.300750,226.0,230.45,225.12,228.15,26686542,6087451729.5
2025-04-16,sz.300750,227.0,227.18,221.55,224.89,21655096,4838764472.01
2025-04-17,sz.300750,223.0,227.33,222.22,226.0,15737659,3551280611.34
2025-04-18,sz.300750,225.21,226.5,223.66,225.46,11512794,2588857714.93
2025-04-21,sz.300750,225.46,235.0,224.18,231.36,22008191,5088523082.08
2025-04-22,sz.300750,230.0,231.16,227.2,230.69,16935423,3885729764.44
2025-04-23,sz.300750,235.0,238.75,233.0,233.35,19197980,4507058716.13
2025-04-24,sz.300750,234.5,238.66,232.25,236.87,18155439,4297351278.47
2025-04-25,sz.300750,237.2,237.92,235.09,236.6,12761989,3016796564.98
2025-04-28,sz.300750,238.25,238.26,233.2,234.85,14312432,3357178149.08
2025-04-29,sz.300750,234.0,234.8,230.72,232.03,16742435,3892978723.57
2025-04-30,sz.300750,233.05,234.38,231.5,231.5,15632835,3635403837.28
2025-05-06,sz.300750,233.91,236.3,231.2,231.63,19687679,4591289270.22
2025-05-07,sz.300750,236.45,240.88,236.08,238.61,31280985,7444719326.75
2025-05-08,sz.300750,239.49,248.68,237.98,244.57,31285640,7666995082.28
2025-05-09,sz.300750,246.07,249.77,244.65,248.27,23693317,5858468263.59
2025-05-12,sz.300750,255.0,257.99,253.0,257.0,30231506,7731591601.27
2025-05-13,sz.300750,262.0,262.0,255.02,258.77,20480591,5281511474.78
2025-05-14,sz.300750,258.77,264.46,256.01,262.6,23146307,6020688165.31
2025-05-15,sz.300750,262.62,262.87,259.6,260.18,14111893,3685574613.84
2025-05-16,sz.300750,259.14,261.73,257.73,259.36,18900058,4904611047.57
2025-05-19,sz.300750,260.5,260.54,257.27,260.0,16974017,4399897902.76
2025-05-20,sz.300750,264.44,265.5,255.2,263.0,34642364,9053425367.26
2025-05-21,sz.300750,266.99,279.99,265.8,274.08,56524517,15470587405.46
2025-05-22,sz.300750,277.8,277.94,268.27,270.37,27608118,7470701466.92
2025-05-23,sz.300750,271.01,274.0,266.95,266.99,23000352,6218224096.63
2025-05-26,sz.300750,265.0,266.38,252.9,255.9,33012215,8477228630.01
2025-05-27,sz.300750,255.89,257.21,252.39,253.99,17667995,4491281265.98
2025-05-28,sz.300750,255.61,258.27,253.32,253.6,15456265,3946773465.49
2025-05-29,sz.300750,253.0,253.98,249.0,251.85,21788285,5487937547.64
2025-05-30,sz.300750,250.9,252.65,247.47,250.0,20433747,5107325147.85
2025-06-03,sz.300750,252.0,253.9,250.44,251.15,15841166,3989341996.16
2025-06-04,sz.300750,252.5,253.6,250.7,251.05,13040195,3285855858.94
2025-06-05,sz.300750,251.36,252.44,248.27,251.5,13525851,3386751734.82
2025-06-06,sz.300750,252.0,253.33,248.5,248.88,16551474,4138221069.73
2025-06-09,sz.300750,248.88,250.88,245.5,245.58,18549757,4593124638.49
2025-06-10,sz.300750,245.0,246.86,242.22,243.14,13932459,3406606343.21
2025-06-11,sz.300750,246.09,252.44,244.8,250.5,27993404,7006354612.93
2025-06-12,sz.300750,252.0,252.5,248.77,249.81,17569617,4386403720.61
2025-06-13,sz.300750,248.1,250.41,246.37,248.2,17403245,4322411795.88
2025-06-16,sz.300750,248.0,248.7,245.8,246.66,12217571,3013514215.11
2025-06-17,sz.300750,246.96,248.43,245.22,246.26,9765024,2407928749.8
2025-06-18,sz.300750,246.98,249.58,245.57,245.57,10460561,2586543839.29
2025-06-19,sz.300750,245.3,246.16,241.6,242.1,14798456,3604508604.0
2025-06-20,sz.300750,241.06,243.12,239.5,240.26,13688340,3293985956.97
2025-06-23,sz.300750,239.3,240.6,238.03,239.61,12709927,3040680713.46
2025-06-24,sz.300750,240.58,248.08,240.58,245.92,23501081,5767361453.67
2025-06-25,sz.300750,246.5,255.88,246.0,254.9,31537723,7930320892.2
2025-06-26,sz.300750,255.88,256.29,252.36,252.79,19914530,5062386536.58
2025-06-27,sz.300750,256.5,257.45,250.11,250.99,23620067,5985026676.06
2025-06-30,sz.300750,251.5,253.5,249.7,252.22,17623370,4434817078.09
2025-07-01,sz.300750,252.5,252.74,249.88,251.5,9532258,2395104336.39
2025-07-02,sz.300750,251.5,252.01,249.19,250.45,11571374,2897311834.39
2025-07-03,sz.300750,251.47,263.21,250.59,262.59,33803747,8746803693.22
2025-07-04,sz.300750,265.01,269.98,260.98,265.8,27206013,7214227943.16
2025-07-07,sz.300750,265.8,268.88,258.88,260.89,17466498,4568972964.97
2025-07-08,sz.300750,260.7,265.9,259.82,263.31,15592292,4104293094.04
2025-07-09,sz.300750,262.2,274.46,262.1,270.8,29388371,7948423738.84
2025-07-10,sz.300750,274.99,274.99,268.5,272.0,24239349,6594201202.24
2025-07-11,sz.300750,271.5,274.0,270.1,271.5,21328153,5798544034.02
2025-07-14,sz.300750,271.0,271.32,266.1,268.5,14978884,4013693003.02
2025-07-15,sz.300750,268.5,272.5,266.0,267.75,16952649,4553827628.41
2025-07-16,sz.300750,268.5,268.7,263.04,264.4,15626479,4135841242.09
2025-07-17,sz.300750,265.37,267.75,264.36,265.5,14511017,3852746250.96
2025-07-18,sz.300750,268.7,272.45,265.8,271.2,22186558,5981601234.68
2025-07-21,sz.300750,277.0,282.0,273.55,279.66,32486275,9047295148.53
2025-07-22,sz.300750,280.0,290.0,279.18,286.66,33309029,9468912161.33
2025-07-23,sz.300750,288.16,290.75,286.59,287.02,20018974,5772653125.61
2025-07-24,sz.300750,289.0,289.2,282.91,285.2,22389114,6394082072.26
2025-07-25,sz.300750,285.2,285.2,281.75,282.8,13432601,3802835260.35
2025-07-28,sz.300750,283.02,289.09,281.3,286.3,23897336,6830867028.98
2025-07-29,sz.300750,286.7,292.0,286.68,291.82,23394555,6785427583.3
2025-07-30,sz.300750,292.2,292.2,276.36,277.09,41594301,11712764593.4
2025-07-31,sz.300750,280.8,281.98,264.62,264.62,44710355,12088514551.35
2025-08-01,sz.300750,264.8,266.6,262.75,263.07,25250002,6682814646.11
2025-08-04,sz.300750,263.0,268.0,261.7,266.48,23768168,6286238371.41
2025-08-05,sz.300750,267.5,269.0,263.5,265.7,21976040,5844478669.62
2025-08-06,sz.300750,265.22,266.9,263.23,265.0,15323311,4058482395.72
2025-08-07,sz.300750,265.0,266.49,262.2,263.05,16548104,4363462114.28
2025-08-08,sz.300750,264.0,266.16,262.01,263.48,17428216,4604736202.88
2025-08-11,sz.300750,263.48,266.15,262.5,263.66,21330876,5627553110.23
2025-08-12,sz.300750,263.5,265.18,257.72,263.25,22240739,5829140856.36
2025-08-13,sz.300750,264.77,275.0,264.51,273.6,39466769,10661084796.93
2025-08-14,sz.300750,276.89,282.0,274.48,279.89,37170757,10378442059.43
2025-08-15,sz.300750,278.38,282.3,276.1,280.67,24109169,6735591187.3
2025-08-18,sz.300750,280.67,285.48,278.02,283.0,28528793,8056186541.66
2025-08-19,sz.300750,283.0,284.0,276.22,277.8,24428585,6816442573.39
2025-08-20,sz.300750,277.5,279.99,272.05,279.2,23353492,6414344336.6
2025-08-21,sz.300750,279.27,281.8,278.0,279.0,18269814,5103914720.5
2025-08-22,sz.300750,278.93,289.35,278.6,287.18,26421851,7543698627.98
2025-08-25,sz.300750,290.0,293.88,286.78,290.28,31229720,9046692965.14
2025-08-26,sz.300750,287.02,290.99,285.58,289.5,23024462,6648848315.09
2025-08-27,sz.300750,289.0,289.54,278.19,278.3,38258429,10859010299.88
2025-08-28,sz.300750,276.06,278.99,272.72,277.41,30466401,8407974991.21
2025-08-29,sz.300750,278.31,316.66,277.95,306.18,78013892,23482893636.73
2025-09-01,sz.300750,306.5,306.9,299.3,304.0,42996421,13012795663.32
2025-09-02,sz.300750,304.03,311.1,299.03,302.87,37116889,11289093082.83
2025-09-03,sz.300750,303.5,311.65,303.03,309.0,50897473,15640548986.17
2025-09-04,sz.300750,313.47,323.33,300.63,304.03,65754754,20442631453.08
2025-09-05,sz.300750,299.9,325.11,299.82,325.11,70819779,22440211715.74
2025-09-08,sz.300750,334.0,337.65,323.5,325.37,58834578,19349632049.47
2025-09-09,sz.300750,322.8,334.58,317.16,320.0,43402397,14085497657.59
2025-09-10,sz.300750,317.99,322.0,313.0,316.04,36752683,11649703595.37
2025-09-11,sz.300750,315.55,322.98,309.04,322.55,38034460,12060756826.83
2025-09-12,sz.300750,325.9,329.9,322.2,325.0,33871316,11031032652.98
2025-09-15,sz.300750,346.01,371.52,344.02,354.7,71841023,25586615240.53
2025-09-16,sz.300750,356.11,359.0,348.5,353.42,37744465,13325722241.64
2025-09-17,sz.300750,356.8,381.88,354.0,377.1,54377100,20113064234.21
2025-09-18,sz.300750,374.59,380.0,360.8,366.89,51889690,19308545613.54
2025-09-19,sz.300750,365.0,375.71,361.72,368.49,33914886,12515443886.56
2025-09-22,sz.300750,370.5,372.72,362.78,370.05,28527763,10474484764.41
2025-09-23,sz.300750,368.0,376.96,360.0,368.15,34849315,12813882349.63
2025-09-24,sz.300750,371.0,380.0,366.06,379.93,38314548,14311189086.36
2025-09-25,sz.300750,376.6,402.59,376.47,392.85,46639338,18251421707.6
2025-09-26,sz.300750,392.02,399.99,380.0,380.4,36263326,14106499741.53
2025-09-29,sz.300750,386.34,399.89,386.01,397.37,38964745,15381134070.09
2025-09-30,sz.300750,396.0,408.88,396.0,402.0,33031310,13278445666.93
2025-10-09,sz.300750,399.98,424.36,399.74,409.89,41208823,16989122538.13
2025-10-10,sz.300750,401.0,403.8,379.01,381.95,53311798,20684330795.05
2025-10-13,sz.300750,362.86,384.6,362.86,374.5,47150998,17618650276.77
2025-10-14,sz.300750,381.0,385.8,355.77,358.0,49639939,18319370880.77
2025-10-15,sz.300750,358.5,369.71,354.76,369.3,36993355,13383852916.96
2025-10-16,sz.300750,367.5,373.9,364.5,368.5,27629467,10185159269.4
2025-10-17,sz.300750,367.5,375.0,356.99,358.14,31905761,11588825855.03
2025-10-20,sz.300750,365.0,368.89,359.53,366.5,28432420,10372513059.32
2025-10-21,sz.300750,373.0,381.35,363.1,375.9,44632870,16784956526.03
2025-10-22,sz.300750,375.9,378.88,368.2,372.86,21945879,8178934535.0
2025-10-23,sz.300750,373.8,378.8,369.0,376.45,23998098,8982628026.73
2025-10-24,sz.300750,379.97,387.8,378.0,385.77,32041578,12276721104.42
2025-10-27,sz.300750,393.0,393.0,376.57,386.18,40451018,15542852577.46
2025-10-28,sz.300750,386.16,393.8,383.02,386.48,28708295,11160796766.31
2025-10-29,sz.300750,386.0,400.04,384.7,400.0,34474046,13644645225.55
2025-10-30,sz.300750,405.98,409.08,396.83,398.29,34306088,13797530228.7
2025-10-31,sz.300750,398.0,406.8,388.2,388.77,34048350,13515773431.18
2025-11-03,sz.300750,387.0,391.91,375.77,386.86,26368177,10106566781.1
2025-11-04,sz.300750,383.06,386.5,374.0,378.95,23939074,9091842152.99
2025-11-05,sz.300750,372.85,393.0,372.0,388.7,31142532,11937586811.02
2025-11-06,sz.300750,390.0,399.49,388.7,394.68,23447477,9261688311.6
2025-11-07,sz.300750,393.5,397.51,388.88,395.37,16554892,6516185370.89
2025-11-10,sz.300750,398.4,400.31,383.32,384.51,23895991,9267204047.49
2025-11-11,sz.300750,386.0,394.77,384.5,385.6,19303175,7500041113.2
2025-11-12,sz.300750,390.78,392.99,383.98,386.38,21299825,8261238196.73
2025-11-13,sz.300750,385.05,421.3,385.05,415.6,56265449,22945441956.47
2025-11-14,sz.300750,407.0,414.6,403.88,404.12,24172120,9879119548.47
2025-11-17,sz.300750,388.0,392.4,382.5,390.78,47685503,18542294255.24
2025-11-18,sz.300750,389.0,398.63,381.0,385.0,39565814,15353867656.8
2025-11-19,sz.300750,385.5,398.44,384.96,391.1,29266686,11462348543.06
2025-11-20,sz.300750,394.9,395.0,377.01,379.39,33674285,12895238922.61
2025-11-21,sz.300750,375.0,383.0,370.0,370.0,31631335,11850710342.42
2025-11-24,sz.300750,373.8,374.9,367.18,370.55,22845819,8464724008.41
2025-11-25,sz.300750,375.0,379.66,370.59,372.36,20633246,7733117131.64
2025-11-26,sz.300750,375.5,375.5,370.07,372.82,18910660,7048903988.16
2025-11-27,sz.300750,373.0,378.88,370.0,371.2,22200259,8289124681.24
2025-11-28,sz.300750,370.5,375.48,366.16,373.2,20340263,7542337298.26
2025-12-01,sz.300750,374.76,382.97,374.03,382.97,26751013,10120862870.74
2025-12-02,sz.300750,383.5,384.98,377.4,380.08,16348461,6220569501.6
2025-12-03,sz.300750,380.09,383.37,375.0,376.08,13991135,5294871742.79
2025-12-04,sz.300750,379.19,383.6,375.15,383.35,19165809,7299943081.35
2025-12-05,sz.300750,387.2,389.31,382.0,389.09,23291559,9004580815.99
2025-12-08,sz.300750,390.43,395.38,385.5,392.5,21659758,8476698700.28
2025-12-09,sz.300750,391.5,392.26,386.0,387.59,18691773,7255076087.46
2025-12-10,sz.300750,385.05,388.0,377.26,382.38,19433405,7399361240.71
2025-12-11,sz.300750,384.9,398.86,383.38,388.99,28215378,11089031994.57
2025-12-12,sz.300750,392.0,393.39,385.5,391.8,24002022,9355490916.02
2025-12-15,sz.300750,391.5,394.97,385.21,385.5,18274993,7099251459.21
2025-12-16,sz.300750,386.0,389.08,378.03,378.41,19121676,7292054834.58
2025-12-17,sz.300750,376.45,384.5,375.06,383.42,22257408,8453303233.62
2025-12-18,sz.300750,379.57,380.95,370.01,372.0,29639283,11079385459.43
2025-12-19,sz.300750,374.08,377.68,370.8,374.0,17559945,6572807889.61
2025-12-22,sz.300750,376.0,377.99,368.1,371.84,25493538,9489773616.32
2025-12-23,sz.300750,372.0,380.5,371.6,378.1,23604086,8879315764.06
2025-12-24,sz.300750,378.08,378.08,372.0,375.6,21088387,7902857946.37
2025-12-25,sz.300750,374.21,374.21,369.12,373.01,20343144,7559336244.0
2025-12-26,sz.300750,372.96,378.0,370.1,374.43,25723689,9616116052.74
2025-12-29,sz.300750,374.0,374.43,368.0,369.31,24124072,8924502782.7
2025-12-30,sz.300750,367.1,371.0,366.56,369.2,19030821,7014015793.59
2025-12-31,sz.300750,369.79,372.0,367.15,367.26,16026597,5920431545.03
2026-01-05,sz.300750,370.0,378.0,368.19,377.5,33688135,12583419573.97
2026-01-06,sz.300750,380.0,380.5,369.04,373.99,34147710,12764795666.72
2026-01-07,sz.300750,372.95,375.48,368.49,371.01,26228535,9730943679.39
2026-01-08,sz.300750,368.0,373.33,367.0,369.21,26959035,9962397479.55
2026-01-09,sz.300750,369.17,377.63,367.01,369.23,31477187,11681035309.14
2026-01-12,sz.300750,368.0,368.0,351.66,361.68,48830739,17505537198.65
2026-01-13,sz.300750,366.25,367.77,357.0,359.0,29670920,10745692370.44
2026-01-14,sz.300750,360.03,361.22,351.71,353.98,38083365,13553362724.06
2026-01-15,sz.300750,352.75,358.28,351.8,353.75,32370912,11474019059.88
2026-01-16,sz.300750,357.99,361.72,351.51,352.32,31981842,11350569563.22
2026-01-19,sz.300750,351.47,355.34,345.33,348.9,33864284,11842421263.8
2026-01-20,sz.300750,350.0,356.91,347.9,349.6,35440589,12466608900.39
2026-01-21,sz.300750,351.94,357.69,349.0,349.81,39393573,13919426404.51
2026-01-22,sz.300750,351.03,353.73,339.5,345.8,45994818,15851213229.04
2026-01-23,sz.300750,348.01,350.0,343.25,347.0,33976127,11775914385.67
2026-01-26,sz.300750,352.02,352.55,341.21,342.05,33291386,11468681279.21
2026-01-27,sz.300750,344.89,344.9,334.02,339.4,32294885,10953698562.46
2026-01-28,sz.300750,337.88,344.0,333.01,339.99,46308171,15638344008.57
2026-01-29,sz.300750,340.5,345.16,338.16,341.89,33844419,11569006794.24
2026-01-30,sz.300750,348.4,353.76,344.1,350.0,48650115,17048600000.2
2026-02-02,sz.300750,357.0,357.99,344.13,348.98,39191747,13766144457.61
2026-02-03,sz.300750,349.0,352.8,343.5,347.91,26516325,9220045792.0
2026-02-04,sz.300750,350.96,366.65,347.51,365.03,48531685,17369398061.77
2026-02-05,sz.300750,365.77,366.75,356.02,362.94,28427157,10268243283.13
2026-02-06,sz.300750,359.32,372.88,358.01,369.11,39372618,14514523059.03
2026-02-09,sz.300750,370.5,372.5,362.6,368.82,27448630,10080946318.6
2026-02-10,sz.300750,365.17,370.8,364.0,364.97,18563499,6798020174.47
2026-02-11,sz.300750,366.9,370.99,364.5,368.0,19653459,7239804070.68
2026-02-12,sz.300750,370.0,377.88,368.03,375.87,27754580,10410892196.36
2026-02-13,sz.300750,375.61,377.0,365.01,365.34,22314532,8229700941.45
2026-02-24,sz.300750,372.64,373.5,361.95,361.95,22695131,8316534692.71
2026-02-25,sz.300750,363.69,366.6,360.1,362.18,18716639,6802110618.55
2026-02-26,sz.300750,356.05,358.2,343.5,346.0,43541381,15108143010.07
2026-02-27,sz.300750,347.12,348.94,342.01,342.01,25446620,8775054149.27
2026-03-02,sz.300750,341.0,344.9,336.68,340.22,28351326,9643254983.63
2026-03-03,sz.300750,346.33,354.35,344.03,344.07,40007479,13919957237.98
2026-03-04,sz.300750,341.1,342.02,334.2,338.9,25080441,8468604901.53
2026-03-05,sz.300750,344.58,353.85,342.66,350.25,31006068,10819502021.19
2026-03-06,sz.300750,349.0,357.02,344.66,354.77,20963113,7388868682.39
2026-03-09,sz.300750,348.84,359.85,345.06,357.5,31797613,11217996825.3
2026-03-10,sz.300750,375.0,379.77,366.5,376.3,50741728,19049080512.74
2026-03-11,sz.300750,379.58,403.55,378.98,396.8,57598685,22642696276.06
2026-03-12,sz.300750,400.0,400.9,392.7,395.5,29150375,11537671606.62
2026-03-13,sz.300750,393.88,403.99,393.8,397.0,35582639,14201304444.44
2026-03-16,sz.300750,401.77,413.17,398.0,408.4,37352104,15195015004.76
2026-03-17,sz.300750,415.78,420.0,404.56,405.0,35980678,14787230789.87
2026-03-18,sz.300750,405.36,406.0,396.77,402.02,26529996,10653633584.46
2026-03-19,sz.300750,401.94,414.0,400.0,400.5,29286635,11867380765.39
2026-03-20,sz.300750,405.08,422.08,400.13,413.0,53729677,22252017693.22
