date,code,open,high,low,close,volume,amount
2002-04-09,sh.600036,10.51,10.88,10.51,10.66,414108831,4418821513.0
2002-04-10,sh.600036,10.66,10.7,10.39,10.6,67945475,716684277.0
2002-04-11,sh.600036,10.6,10.68,10.49,10.52,22788255,240963540.0
2002-04-12,sh.600036,10.5,10.64,10.48,10.57,21256463,224059896.0
2002-04-15,sh.600036,10.57,10.6,10.35,10.39,18531104,193306921.0
2002-04-16,sh.600036,10.35,10.39,10.14,10.16,24925491,254942372.0
2002-04-17,sh.600036,10.15,10.26,10.09,10.22,11459339,116550894.0
2002-04-18,sh.600036,10.2,10.2,10.1,10.12,8533279,86436774.0
2002-04-19,sh.600036,10.1,10.15,9.99,10.14,15722249,157784095.0
2002-04-22,sh.600036,10.1,10.1,9.99,10.01,6593827,66105563.0
2002-04-23,sh.600036,10.0,10.09,9.91,10.0,7376544,73759692.0
2002-04-24,sh.600036,10.0,10.0,9.7,9.77,17241356,169554787.0
2002-04-25,sh.600036,9.75,9.85,9.74,9.81,9960272,97420590.0
2002-04-26,sh.600036,9.82,9.89,9.8,9.84,8169213,80382992.0
2002-04-29,sh.600036,9.84,9.88,9.71,9.85,9036087,88537531.0
2002-04-30,sh.600036,9.89,10.15,9.8,10.02,18262505,182699162.0
2002-05-08,sh.600036,10.0,10.03,9.88,9.9,4228358,41990478.0
2002-05-09,sh.600036,9.89,10.08,9.88,9.94,4470394,44552493.0
2002-05-10,sh.600036,9.91,9.93,9.8,9.81,4638480,45667174.0
2002-05-13,sh.600036,9.8,9.8,9.58,9.62,12725497,122595409.0
2002-05-14,sh.600036,9.6,9.64,9.46,9.48,8239948,78664998.0
2002-05-15,sh.600036,9.46,9.55,9.28,9.29,9708385,91212164.0
2002-05-16,sh.600036,9.28,9.28,9.07,9.15,19517141,178313622.0
2002-05-17,sh.600036,9.18,9.3,9.05,9.25,10010112,91833344.0
2002-05-20,sh.600036,9.13,9.18,8.93,8.98,11297072,101667315.0
2002-05-21,sh.600036,9.18,9.25,9.03,9.18,12608352,115523918.0
2002-05-22,sh.600036,9.19,9.2,8.91,8.94,7338358,66043321.0
2002-05-23,sh.600036,8.95,9.13,8.94,8.98,7188925,64749341.0
2002-05-24,sh.600036,8.98,9.04,8.76,8.87,10526000,92941498.0
2002-05-27,sh.600036,8.89,8.95,8.78,8.91,5439444,48160843.0
2002-05-28,sh.600036,8.91,8.99,8.9,8.92,5607677,50176390.0
2002-05-29,sh.600036,8.92,8.94,8.62,8.67,7480150,65398179.0
2002-05-30,sh.600036,8.66,8.78,8.52,8.75,13179829,113645564.0
2002-05-31,sh.600036,8.73,8.86,8.66,8.7,4669199,40944136.0
2002-06-04,sh.600036,8.63,9.0,8.54,8.86,21315760,188202674.0
2002-06-05,sh.600036,9.22,9.22,8.72,8.74,9149476,80995385.0
2002-06-06,sh.600036,8.74,9.08,8.68,9.0,12530992,112008796.0
2002-06-07,sh.600036,9.01,9.06,8.9,8.98,11760656,105772506.0
2002-06-10,sh.600036,8.98,9.06,8.93,8.99,4910142,44206174.0
2002-06-11,sh.600036,8.99,9.01,8.92,8.94,2848153,25522714.0
2002-06-12,sh.600036,9.0,9.0,8.8,8.87,3036753,26911353.0
2002-06-13,sh.600036,8.87,8.87,8.75,8.76,2861462,25179530.0
2002-06-14,sh.600036,8.75,8.75,8.67,8.68,2939500,25580232.0
2002-06-17,sh.600036,8.65,8.66,8.58,8.66,3036771,26183428.0
2002-06-18,sh.600036,8.66,8.85,8.65,8.81,5317574,46624766.0
2002-06-19,sh.600036,8.81,8.82,8.65,8.68,2774519,24170101.0
2002-06-20,sh.600036,8.68,8.83,8.67,8.73,4108300,36035751.0
2002-06-21,sh.600036,8.75,9.09,8.72,8.97,14947363,133912680.0
2002-06-24,sh.600036,9.87,9.87,9.51,9.87,95065027,934303729.0
2002-06-25,sh.600036,9.99,10.85,9.81,10.45,149514953,1563269915.0
2002-06-26,sh.600036,10.35,10.6,10.15,10.23,41963672,436232331.0
2002-06-27,sh.600036,10.23,10.6,10.18,10.5,41442717,431029640.0
2002-06-28,sh.600036,10.51,11.55,10.51,11.55,156015369,1785125038.0
2002-07-01,sh.600036,11.7,11.84,11.4,11.58,90583632,1050421243.0
2002-07-02,sh.600036,11.55,11.56,11.18,11.44,37955268,431511885.0
2002-07-03,sh.600036,11.4,11.69,11.31,11.47,25683720,295008712.0
2002-07-04,sh.600036,11.5,11.58,10.94,11.11,41951694,469443695.0
2002-07-05,sh.600036,11.0,11.34,10.92,11.3,33747227,375133047.0
2002-07-08,sh.600036,11.19,11.7,11.19,11.34,41931594,482217366.0
2002-07-09,sh.600036,11.35,11.73,11.35,11.65,53912874,625233348.0
2002-07-10,sh.600036,11.65,11.92,11.29,11.31,103668559,1203566183.0
2002-07-11,sh.600036,11.22,11.4,11.15,11.19,31305363,352569995.0
2002-07-12,sh.600036,11.19,11.25,10.98,11.03,32493660,359020954.0
2002-07-15,sh.600036,11.0,11.05,10.75,10.84,23448328,254515311.0
2002-07-16,sh.600036,10.87,11.05,10.79,10.86,18594602,203553086.0
2002-07-17,sh.600036,10.88,11.04,10.79,11.03,8479998,92305411.0
2002-07-18,sh.600036,11.09,11.22,10.98,11.1,20092068,223753099.0
2002-07-19,sh.600036,11.15,11.19,11.0,11.14,9684195,107533034.0
2002-07-22,sh.600036,11.16,11.16,10.66,10.69,21510542,233006983.0
2002-07-23,sh.600036,10.65,11.04,10.61,10.79,18666749,202301214.0
2002-07-24,sh.600036,10.75,10.93,10.69,10.78,8015858,86608486.0
2002-07-25,sh.600036,10.75,10.85,10.59,10.66,10470632,111641666.0
2002-07-26,sh.600036,10.68,10.74,10.6,10.62,7678834,81922996.0
2002-07-29,sh.600036,10.6,10.7,10.5,10.69,8736892,92498906.0
2002-07-30,sh.600036,10.75,11.15,10.69,10.95,33096969,361697367.0
2002-07-31,sh.600036,10.89,11.05,10.65,10.7,14637918,159111273.0
2002-08-01,sh.600036,10.69,10.81,10.59,10.73,6501091,69443717.0
2002-08-02,sh.600036,10.76,10.8,10.65,10.73,3755525,40261575.0
2002-08-05,sh.600036,10.73,10.73,10.51,10.52,5849596,61924219.0
2002-08-06,sh.600036,10.5,10.83,10.36,10.56,13136811,139434080.0
2002-08-07,sh.600036,10.56,10.69,10.52,10.6,8028176,85042728.0
2002-08-08,sh.600036,10.65,10.85,10.62,10.65,14410144,154749354.0
2002-08-09,sh.600036,10.6,10.66,10.53,10.53,10941629,115834566.0
2002-08-12,sh.600036,10.32,10.44,10.24,10.34,60520478,624023407.0
2002-08-13,sh.600036,10.34,10.51,10.28,10.34,15877898,164963341.0
2002-08-14,sh.600036,10.36,10.5,10.36,10.46,8680932,90676674.0
2002-08-15,sh.600036,10.46,10.52,10.39,10.44,6382901,66765253.0
2002-08-16,sh.600036,10.42,10.55,10.29,10.44,12814339,133810306.0
2002-08-19,sh.600036,10.46,10.68,10.36,10.56,11227906,118801544.0
2002-08-20,sh.600036,10.57,11.04,10.57,10.92,38149219,414593204.0
2002-08-21,sh.600036,10.93,11.02,10.86,10.87,16215953,177359948.0
2002-08-22,sh.600036,10.88,11.02,10.84,10.89,21519626,235240919.0
2002-08-23,sh.600036,10.89,11.05,10.87,10.92,13680119,149877585.0
2002-08-26,sh.600036,10.92,10.96,10.73,10.76,10506530,113568984.0
2002-08-27,sh.600036,10.73,10.95,10.71,10.8,11481583,124134413.0
2002-08-28,sh.600036,10.8,10.95,10.75,10.84,8661100,93863555.0
2002-08-29,sh.600036,10.84,10.95,10.77,10.79,7463258,80791865.0
2002-08-30,sh.600036,10.84,10.86,10.78,10.81,5432107,58690029.0
2002-09-02,sh.600036,10.71,10.86,10.71,10.79,3848818,41425559.0
2002-09-03,sh.600036,10.8,10.94,10.8,10.94,8212924,89472421.0
2002-09-04,sh.600036,10.95,10.98,10.83,10.84,6324375,68694146.0
2002-09-05,sh.600036,10.81,10.81,10.58,10.62,15040376,160328874.0
2002-09-06,sh.600036,10.6,10.62,10.4,10.42,10876882,114196799.0
2002-09-09,sh.600036,10.36,10.42,10.31,10.37,7814809,81058055.0
2002-09-10,sh.600036,10.37,10.48,10.36,10.38,3131134,32544129.0
2002-09-11,sh.600036,10.4,10.47,10.1,10.33,13656652,140278842.0
2002-09-12,sh.600036,10.33,10.42,10.25,10.31,2574361,26584099.0
2002-09-13,sh.600036,10.33,10.41,10.3,10.36,2438676,25296299.0
2002-09-16,sh.600036,10.36,10.36,10.01,10.07,15388084,155332440.0
2002-09-17,sh.600036,10.07,10.21,10.0,10.09,7992153,80666135.0
2002-09-18,sh.600036,10.11,10.15,10.07,10.09,3693015,37294675.0
2002-09-19,sh.600036,10.08,10.39,10.01,10.27,8901655,90528682.0
2002-09-20,sh.600036,10.28,10.3,10.11,10.14,4568128,46543060.0
2002-09-23,sh.600036,10.1,10.21,10.09,10.16,1949610,19768948.0
2002-09-24,sh.600036,10.16,10.32,10.12,10.22,4383120,44868218.0
2002-09-25,sh.600036,10.29,10.35,10.15,10.28,3752865,38558175.0
2002-09-26,sh.600036,10.27,10.38,10.19,10.2,4846309,49808173.0
2002-09-27,sh.600036,10.2,10.31,10.0,10.08,9888852,100214416.0
2002-10-08,sh.600036,10.04,10.15,9.91,10.0,4181785,41816802.0
2002-10-09,sh.600036,10.0,10.0,9.68,9.7,6354635,62173515.0
2002-10-10,sh.600036,9.69,9.79,9.53,9.57,3331764,32145904.0
2002-10-11,sh.600036,9.6,9.67,9.45,9.51,5922334,56559037.0
2002-10-14,sh.600036,9.52,9.68,9.3,9.6,4730786,44748167.0
2002-10-15,sh.600036,9.59,9.66,9.48,9.49,4499647,42934248.0
2002-10-16,sh.600036,9.5,9.8,9.5,9.69,7171308,69588292.0
2002-10-17,sh.600036,9.69,9.7,9.52,9.64,4520709,43356854.0
2002-10-18,sh.600036,9.59,9.75,9.52,9.67,3151790,30387261.0
2002-10-21,sh.600036,9.67,9.8,9.6,9.74,2054972,19916136.0
2002-10-22,sh.600036,9.74,9.94,9.74,9.86,5563446,54825679.0
2002-10-23,sh.600036,9.86,9.9,9.76,9.8,4266450,41987363.0
2002-10-24,sh.600036,9.81,9.87,9.73,9.75,1655538,16191534.0
2002-10-25,sh.600036,9.77,9.84,9.61,9.67,3825371,37072630.0
2002-10-28,sh.600036,9.6,9.75,9.48,9.53,6602902,63211326.0
2002-10-29,sh.600036,9.53,9.65,9.46,9.62,2786952,26683803.0
2002-10-30,sh.600036,9.55,9.67,9.54,9.64,1668658,16039366.0
2002-10-31,sh.600036,9.64,9.74,9.55,9.57,2799611,26998650.0
2002-11-01,sh.600036,9.59,9.71,9.54,9.63,3491723,33607151.0
2002-11-04,sh.600036,9.69,9.85,9.63,9.83,5712877,55699607.0
2002-11-05,sh.600036,9.85,10.05,9.85,9.92,15260779,151801553.0
2002-11-06,sh.600036,9.93,9.95,9.87,9.9,3178330,31444919.0
2002-11-07,sh.600036,9.93,10.03,9.9,10.0,10757768,107368166.0
2002-11-08,sh.600036,10.07,10.14,9.74,9.84,12899282,127805876.0
2002-11-11,sh.600036,9.81,9.9,9.67,9.68,3603751,35103348.0
2002-11-12,sh.600036,9.7,9.99,9.67,9.74,14242964,140218634.0
2002-11-13,sh.600036,9.74,9.78,9.56,9.68,6844582,66100399.0
2002-11-14,sh.600036,9.7,9.73,9.45,9.47,5732236,54767525.0
2002-11-15,sh.600036,9.42,9.65,9.38,9.4,9145746,86543527.0
2002-11-18,sh.600036,9.4,9.49,9.14,9.17,9283700,85533091.0
2002-11-19,sh.600036,9.15,9.28,9.09,9.24,4085609,37519814.0
2002-11-20,sh.600036,9.18,9.21,9.08,9.11,5239305,47950014.0
2002-11-21,sh.600036,9.1,9.12,8.81,8.85,10999904,98338620.0
2002-11-22,sh.600036,8.88,8.98,8.75,8.87,5557863,49304710.0
2002-11-25,sh.600036,8.87,9.05,8.83,8.9,3725609,33342373.0
2002-11-26,sh.600036,8.88,8.99,8.77,8.8,3262317,28855812.0
2002-11-27,sh.600036,8.8,8.96,8.71,8.92,5267855,46534366.0
2002-11-28,sh.600036,9.0,9.13,8.9,9.11,5129366,46298354.0
2002-11-29,sh.600036,9.1,9.3,8.98,9.21,12475317,114495353.0
2002-12-02,sh.600036,9.2,9.2,8.92,8.93,4452673,40130934.0
2002-12-03,sh.600036,8.9,9.05,8.9,9.01,3083379,27727714.0
2002-12-04,sh.600036,9.08,9.1,8.97,9.0,4404350,39805225.0
2002-12-05,sh.600036,8.9,8.91,8.78,8.83,6716868,59325807.0
2002-12-06,sh.600036,8.8,8.92,8.78,8.82,5380583,47524234.0
2002-12-09,sh.600036,8.82,8.93,8.78,8.88,7045001,62434741.0
2002-12-10,sh.600036,8.73,8.91,8.67,8.69,54652106,479613330.0
2002-12-11,sh.600036,8.69,8.7,8.59,8.65,14292761,123255460.0
2002-12-12,sh.600036,8.65,8.72,8.58,8.6,11304106,97708347.0
2002-12-13,sh.600036,8.55,8.72,8.41,8.69,11817546,101232866.0
2002-12-16,sh.600036,8.68,8.75,8.62,8.68,5393960,46891055.0
2002-12-17,sh.600036,8.7,8.77,8.65,8.69,10292321,89497885.0
2002-12-18,sh.600036,8.73,8.78,8.65,8.67,6878266,59978940.0
2002-12-19,sh.600036,8.67,8.69,8.59,8.61,5677347,48963888.0
2002-12-20,sh.600036,8.61,8.79,8.61,8.75,7691380,67023489.0
2002-12-23,sh.600036,8.75,8.88,8.75,8.79,6571463,57991744.0
2002-12-24,sh.600036,8.78,8.82,8.73,8.78,3847537,33726783.0
2002-12-25,sh.600036,8.77,8.81,8.65,8.7,5628131,49050435.0
2002-12-26,sh.600036,8.71,8.73,8.46,8.47,14957581,127788909.0
2002-12-27,sh.600036,8.46,8.5,8.39,8.41,16625917,139992541.0
2002-12-30,sh.600036,8.42,8.42,8.2,8.22,14208902,117364986.0
2002-12-31,sh.600036,8.22,8.3,8.08,8.14,9203901,75033216.0
2003-01-02,sh.600036,8.12,8.16,8.04,8.06,11179501,90339884.0
2003-01-03,sh.600036,8.06,8.12,8.02,8.12,3789854,30610396.0
2003-01-06,sh.600036,8.1,8.2,8.05,8.16,4395743,35737079.0
2003-01-07,sh.600036,8.15,8.24,8.07,8.08,2687450,21852593.0
2003-01-08,sh.600036,8.08,8.55,8.05,8.42,11491032,95917021.0
2003-01-09,sh.600036,8.45,8.87,8.32,8.74,36446899,315687849.0
2003-01-10,sh.600036,8.77,8.86,8.61,8.61,25721025,225220395.0
2003-01-13,sh.600036,8.58,8.68,8.46,8.53,6781680,57982545.0
2003-01-14,sh.600036,8.53,9.38,8.53,9.38,93150048,863691099.0
2003-01-15,sh.600036,9.5,9.65,9.0,9.2,68972883,645243069.0
2003-01-16,sh.600036,9.16,9.48,9.09,9.3,31059935,288585386.0
2003-01-17,sh.600036,9.4,9.51,9.22,9.3,21797449,203633549.0
2003-01-20,sh.600036,9.3,9.73,9.18,9.53,31257733,297191761.0
2003-01-21,sh.600036,9.48,9.75,9.37,9.44,32353358,308540386.0
2003-01-22,sh.600036,9.3,9.43,9.3,9.35,11294890,105783975.0
2003-01-23,sh.600036,9.36,9.49,9.28,9.3,6693992,62808823.0
2003-01-24,sh.600036,9.3,9.68,9.25,9.54,17446934,165959046.0
2003-01-27,sh.600036,9.6,10.02,9.58,9.78,34925535,343291763.0
2003-01-28,sh.600036,9.78,9.88,9.7,9.79,11691809,114497790.0
2003-01-29,sh.600036,9.81,9.98,9.77,9.84,22611900,223520545.0
2003-02-10,sh.600036,9.84,9.84,9.54,9.55,10632107,102361575.0
2003-02-11,sh.600036,9.5,9.58,9.42,9.56,6317898,60106089.0
2003-02-12,sh.600036,9.51,9.66,9.45,9.63,7852699,75313242.0
2003-02-13,sh.600036,9.66,9.69,9.43,9.45,10529108,100591339.0
2003-02-14,sh.600036,9.48,9.6,9.47,9.5,6866079,65326909.0
2003-02-17,sh.600036,9.48,9.54,9.33,9.39,7164908,67610129.0
2003-02-18,sh.600036,9.38,9.43,9.25,9.34,6231278,58150972.0
2003-02-19,sh.600036,9.35,9.53,9.3,9.5,5784007,54586439.0
2003-02-20,sh.600036,9.47,9.54,9.45,9.48,6062294,57565921.0
2003-02-21,sh.600036,9.45,9.49,9.19,9.27,14941926,138887229.0
2003-02-24,sh.600036,9.27,9.33,9.19,9.21,6423219,59304760.0
2003-02-25,sh.600036,9.21,9.4,9.2,9.38,6691688,62496991.0
2003-02-26,sh.600036,9.45,9.45,9.33,9.37,4752416,44550048.0
2003-02-27,sh.600036,9.38,9.58,9.38,9.54,13747531,130348430.0
2003-02-28,sh.600036,9.54,9.54,9.38,9.42,6277508,59246943.0
2003-03-03,sh.600036,9.4,9.5,9.39,9.45,3434161,32362004.0
2003-03-04,sh.600036,9.5,9.63,9.47,9.55,12856981,123083733.0
2003-03-05,sh.600036,9.6,9.6,9.43,9.52,7256945,68957277.0
2003-03-06,sh.600036,9.53,9.58,9.39,9.39,9944805,93963920.0
2003-03-07,sh.600036,9.39,9.43,9.36,9.39,4214869,39592338.0
2003-03-10,sh.600036,9.39,9.42,9.17,9.18,14118438,130696693.0
2003-03-11,sh.600036,9.16,9.25,9.1,9.14,10995878,100539831.0
2003-03-12,sh.600036,9.14,9.19,9.09,9.18,6442505,58842449.0
2003-03-13,sh.600036,9.16,9.24,9.14,9.17,5179805,47482538.0
2003-03-14,sh.600036,9.17,9.3,9.16,9.24,5790768,53527698.0
2003-03-17,sh.600036,9.24,9.27,9.19,9.23,7679546,70730552.0
2003-03-18,sh.600036,9.25,9.45,9.23,9.32,13374123,125394737.0
2003-03-19,sh.600036,9.32,9.65,9.3,9.53,26570724,253289429.0
2003-03-20,sh.600036,9.53,9.69,9.5,9.55,13417648,128569140.0
2003-03-21,sh.600036,9.55,9.76,9.5,9.6,18691056,180913326.0
2003-03-24,sh.600036,9.6,9.73,9.49,9.55,13262649,127286262.0
2003-03-25,sh.600036,9.52,9.58,9.47,9.53,9118176,86706121.0
2003-03-26,sh.600036,9.5,9.76,9.5,9.7,29750253,288180590.0
2003-03-27,sh.600036,9.69,10.44,9.65,10.09,68594934,685473786.0
2003-03-28,sh.600036,10.1,10.31,10.04,10.11,45687773,465088473.0
2003-03-31,sh.600036,10.1,10.35,10.09,10.28,26838315,275042185.0
2003-04-01,sh.600036,10.28,10.75,10.28,10.45,92416960,978103705.0
2003-04-02,sh.600036,10.48,10.59,10.43,10.5,15305012,160793608.0
2003-04-03,sh.600036,10.49,10.57,10.28,10.29,47572054,493074941.0
2003-04-04,sh.600036,10.28,10.53,10.23,10.39,30731524,319893609.0
2003-04-07,sh.600036,10.41,10.93,10.41,10.8,67546838,728663932.0
2003-04-08,sh.600036,10.77,11.04,10.66,10.88,56735177,614063851.0
2003-04-09,sh.600036,10.9,11.68,10.9,11.6,105539626,1178370500.0
2003-04-10,sh.600036,11.51,12.03,11.51,11.71,248014191,2919604507.0
2003-04-11,sh.600036,11.8,12.06,11.65,11.84,114380764,1360049896.0
2003-04-14,sh.600036,11.9,12.45,11.68,12.28,142564660,1716814635.0
2003-04-15,sh.600036,12.25,12.66,12.18,12.58,103415947,1280627040.0
2003-04-16,sh.600036,12.6,13.66,12.4,12.64,157762761,2046998553.0
2003-04-17,sh.600036,12.7,12.94,12.13,12.47,97310641,1218955195.0
2003-04-18,sh.600036,11.96,12.44,11.61,12.0,64902830,788313792.0
2003-04-21,sh.600036,11.85,12.0,11.44,11.66,92644303,1080592053.0
2003-04-22,sh.600036,11.68,11.95,11.66,11.8,47302022,558628054.0
2003-04-23,sh.600036,11.8,11.86,11.45,11.48,52122610,604876349.0
2003-04-24,sh.600036,11.4,11.45,10.93,11.18,101029367,1131225091.0
2003-04-25,sh.600036,11.18,11.45,11.08,11.22,29059366,328640752.0
2003-04-28,sh.600036,11.5,12.34,11.35,12.33,127345428,1526831610.0
2003-04-29,sh.600036,12.19,12.56,12.02,12.28,90055835,1108096208.0
2003-04-30,sh.600036,12.35,12.68,12.26,12.36,87777472,1091157403.0
2003-05-12,sh.600036,12.4,12.9,12.12,12.75,67522272,850047742.0
2003-05-13,sh.600036,12.78,13.0,12.01,12.1,70819431,880083246.0
2003-05-14,sh.600036,12.06,12.41,12.01,12.34,43893439,538283862.0
2003-05-15,sh.600036,12.36,12.65,12.21,12.39,42366014,526628110.0
2003-05-16,sh.600036,12.45,12.74,12.34,12.5,32835422,412738197.0
2003-05-19,sh.600036,12.51,12.58,12.18,12.35,26012750,320535367.0
2003-05-20,sh.600036,12.3,12.3,12.0,12.05,25792159,312855650.0
2003-05-21,sh.600036,12.06,12.3,12.01,12.05,14440171,175376604.0
2003-05-22,sh.600036,12.05,12.43,11.92,12.38,27537224,336757322.0
2003-05-23,sh.600036,12.42,12.7,12.37,12.49,45767527,574363833.0
2003-05-27,sh.600036,12.6,12.8,12.41,12.5,35437875,446310824.0
2003-05-28,sh.600036,12.52,12.7,12.15,12.22,38693119,481223303.0
2003-05-29,sh.600036,12.2,12.3,11.9,12.19,41507598,499776255.0
2003-05-30,sh.600036,12.22,12.29,12.0,12.16,18019909,218992918.0
2003-06-02,sh.600036,12.16,12.23,11.88,12.2,22558938,271353667.0
2003-06-03,sh.600036,12.25,12.4,12.08,12.13,27378672,335651014.0
2003-06-04,sh.600036,12.1,12.35,11.98,12.33,26752705,325692847.0
2003-06-05,sh.600036,12.38,12.54,12.15,12.16,38873070,479885944.0
2003-06-06,sh.600036,12.1,12.25,11.96,11.99,27587242,332243691.0
2003-06-09,sh.600036,11.96,12.05,11.63,11.66,26387665,312089605.0
2003-06-10,sh.600036,11.66,11.88,11.65,11.75,12424791,146011906.0
2003-06-11,sh.600036,11.87,12.18,11.78,12.16,17487420,209661440.0
2003-06-12,sh.600036,12.18,12.2,11.94,12.0,12421936,149337251.0
2003-06-13,sh.600036,12.0,12.17,11.92,12.04,11564176,139006841.0
2003-06-16,sh.600036,12.02,12.04,11.71,11.8,14470861,170670963.0
2003-06-17,sh.600036,11.78,11.87,11.6,11.72,14267948,166958333.0
2003-06-18,sh.600036,11.72,11.89,11.7,11.71,13364207,157372918.0
2003-06-19,sh.600036,11.78,11.87,11.59,11.74,16331588,190838060.0
2003-06-20,sh.600036,11.74,11.79,11.51,11.53,12915798,150105980.0
2003-06-23,sh.600036,11.49,11.5,11.34,11.37,17352864,198111695.0
2003-06-24,sh.600036,11.36,11.46,11.24,11.32,17171017,194293736.0
2003-06-25,sh.600036,11.38,11.42,11.24,11.29,8461015,95479294.0
2003-06-26,sh.600036,11.26,11.57,11.22,11.48,22010804,251045796.0
2003-06-27,sh.600036,11.5,11.56,11.28,11.35,20792592,237787221.0
2003-06-30,sh.600036,11.3,11.65,11.23,11.32,20773228,237891887.0
2003-07-01,sh.600036,11.32,11.65,11.32,11.38,22344722,256771001.0
2003-07-02,sh.600036,11.44,11.89,11.38,11.88,44330211,518657360.0
2003-07-03,sh.600036,11.9,12.01,11.79,11.94,43223600,515612372.0
2003-07-04,sh.600036,11.91,11.96,11.7,11.79,14600943,172593212.0
2003-07-07,sh.600036,11.78,11.91,11.62,11.75,11078537,130090022.0
2003-07-08,sh.600036,11.73,11.94,11.72,11.8,10953506,129674375.0
2003-07-09,sh.600036,11.81,11.89,11.71,11.75,6915301,81540717.0
2003-07-10,sh.600036,11.73,12.1,11.66,12.06,38659577,463326528.0
2003-07-11,sh.600036,12.07,12.14,11.94,12.01,18769994,225924162.0
2003-07-14,sh.600036,12.01,12.05,11.87,11.89,10638983,126775872.0
2003-07-15,sh.600036,11.89,12.12,11.89,12.04,12097550,145276974.0
2003-07-16,sh.600036,12.01,12.18,12.0,12.1,16051963,194042390.0
2003-07-17,sh.600036,12.13,12.35,12.03,12.26,32837153,400492013.0
2003-07-18,sh.600036,12.24,12.38,11.92,11.96,27383746,332442304.0
2003-07-21,sh.600036,11.92,12.01,11.83,11.97,17540765,209187834.0
2003-07-22,sh.600036,12.05,12.15,11.55,11.66,33059263,387648051.0
2003-07-23,sh.600036,11.65,11.72,11.47,11.59,13386951,155298215.0
2003-07-24,sh.600036,11.59,11.66,11.39,11.48,9593647,110802036.0
2003-07-25,sh.600036,11.48,11.65,11.29,11.38,15503219,176945723.0
2003-07-28,sh.600036,11.35,11.45,11.24,11.41,14003659,158941731.0
2003-07-29,sh.600036,11.4,11.59,11.4,11.53,10382655,119252679.0
2003-07-30,sh.600036,11.53,11.59,11.28,11.42,14898773,169808695.0
2003-07-31,sh.600036,11.4,11.44,11.23,11.33,12503979,141330134.0
2003-08-01,sh.600036,11.33,11.56,11.28,11.44,6885822,78452821.0
2003-08-04,sh.600036,11.5,11.59,11.43,11.55,6983772,80480387.0
2003-08-05,sh.600036,11.55,11.58,11.45,11.48,4390058,50512606.0
2003-08-06,sh.600036,11.48,11.48,11.33,11.34,7062040,80324995.0
2003-08-07,sh.600036,11.28,11.64,11.28,11.47,13275648,153004419.0
2003-08-08,sh.600036,11.45,11.47,11.24,11.32,9191192,104263201.0
2003-08-11,sh.600036,11.32,11.45,11.26,11.4,3971298,45109989.0
2003-08-12,sh.600036,11.39,11.49,11.32,11.42,3340211,38122924.0
2003-08-13,sh.600036,11.42,11.42,11.21,11.23,8965120,101069269.0
2003-08-14,sh.600036,11.23,11.34,10.99,11.0,12617562,140100318.0
2003-08-15,sh.600036,11.0,11.09,10.78,10.93,19436915,211930903.0
2003-08-18,sh.600036,10.9,10.95,10.77,10.89,4572110,49610289.0
2003-08-19,sh.600036,10.9,11.06,10.87,10.92,10138692,110971875.0
2003-08-20,sh.600036,10.95,10.98,10.82,10.96,8382452,91203953.0
2003-08-21,sh.600036,10.96,10.99,10.79,10.85,5917431,64329506.0
2003-08-22,sh.600036,10.83,11.0,10.68,10.7,5999288,64820685.0
2003-08-25,sh.600036,10.6,10.68,10.45,10.51,10812966,114404677.0
2003-08-26,sh.600036,10.0,10.49,10.0,10.29,8954892,92757771.0
2003-08-27,sh.600036,10.29,10.42,10.1,10.11,10265510,104949379.0
2003-08-28,sh.600036,10.15,10.2,9.94,9.95,16032685,160640486.0
2003-08-29,sh.600036,9.94,10.17,9.92,10.16,10362307,104401603.0
2003-09-01,sh.600036,10.16,10.4,10.1,10.4,18689963,191202517.0
2003-09-02,sh.600036,10.39,10.45,10.18,10.25,10727727,110420617.0
2003-09-03,sh.600036,10.23,10.32,10.12,10.13,7530665,76825965.0
2003-09-04,sh.600036,10.12,10.28,10.08,10.15,6835118,69454308.0
2003-09-05,sh.600036,10.16,10.18,9.9,10.01,11819505,118251102.0
2003-09-08,sh.600036,10.0,10.07,9.94,10.0,9456579,94615654.0
2003-09-09,sh.600036,10.01,10.15,9.88,10.0,11095534,111110311.0
2003-09-10,sh.600036,10.0,10.17,9.97,10.16,10750757,108290330.0
2003-09-11,sh.600036,10.19,10.34,10.15,10.26,10714361,109707147.0
2003-09-12,sh.600036,10.2,10.23,9.95,9.98,12179901,122146559.0
2003-09-15,sh.600036,9.95,10.01,9.54,9.6,27877304,270394079.0
2003-09-16,sh.600036,9.58,9.6,9.31,9.48,23415723,220738901.0
2003-09-17,sh.600036,9.48,9.48,9.31,9.36,9323889,87354741.0
2003-09-18,sh.600036,9.3,9.53,9.28,9.46,6344465,59763692.0
2003-09-19,sh.600036,9.45,9.55,9.42,9.51,3837260,36420411.0
2003-09-22,sh.600036,9.53,9.55,9.19,9.2,10427502,96637071.0
2003-09-23,sh.600036,9.18,9.41,9.13,9.36,14531572,134883597.0
2003-09-24,sh.600036,9.36,9.56,9.35,9.39,7440106,70300315.0
2003-09-25,sh.600036,9.42,9.47,9.29,9.37,6829057,63841628.0
2003-09-26,sh.600036,9.37,9.46,9.33,9.44,4887864,45952851.0
2003-09-29,sh.600036,9.43,9.5,9.32,9.33,8725453,82007478.0
2003-09-30,sh.600036,9.35,9.49,9.21,9.38,6033183,56548555.0
2003-10-08,sh.600036,9.35,9.48,9.27,9.4,2151301,20233294.0
2003-10-09,sh.600036,9.4,9.48,9.35,9.37,1973742,18608558.0
2003-10-10,sh.600036,9.33,9.67,9.18,9.5,14357324,134811330.0
2003-10-13,sh.600036,9.56,9.68,9.48,9.6,8214196,78612241.0
2003-10-14,sh.600036,9.65,9.67,9.44,9.48,8287692,78865132.0
2003-10-16,sh.600036,9.2,9.35,9.08,9.29,11242973,103898767.0
2003-10-17,sh.600036,9.29,9.36,9.18,9.3,10380772,96401559.0
2003-10-20,sh.600036,9.25,9.32,9.22,9.24,4035504,37401523.0
2003-10-21,sh.600036,9.23,9.28,8.99,9.05,13036201,118218728.0
2003-10-22,sh.600036,9.09,9.5,9.03,9.43,20386161,190680171.0
2003-10-23,sh.600036,9.43,9.64,9.34,9.44,16088282,152997350.0
2003-10-24,sh.600036,9.44,9.48,9.31,9.44,4245929,39992539.0
2003-10-27,sh.600036,9.48,9.5,9.26,9.36,6020366,56352810.0
2003-10-28,sh.600036,9.31,9.68,9.25,9.67,14782980,141494425.0
2003-10-29,sh.600036,9.68,9.97,9.66,9.96,37248405,366749244.0
2003-10-30,sh.600036,9.96,9.96,9.74,9.8,11611028,114124085.0
2003-10-31,sh.600036,9.75,9.87,9.61,9.75,10394670,101277191.0
2003-11-03,sh.600036,9.7,9.92,9.63,9.86,6768277,66567525.0
2003-11-04,sh.600036,9.86,10.45,9.86,10.19,30913072,314396375.0
2003-11-05,sh.600036,10.19,10.28,10.1,10.15,11414254,116255591.0
2003-11-06,sh.600036,10.15,10.19,9.93,9.96,15875477,158860163.0
2003-11-07,sh.600036,9.95,9.96,9.61,9.62,14506546,141194283.0
2003-11-10,sh.600036,9.65,9.85,9.58,9.7,14441242,140063607.0
2003-11-11,sh.600036,9.78,9.83,9.52,9.64,6803268,65633648.0
2003-11-12,sh.600036,9.6,9.6,9.25,9.29,12384495,115804864.0
2003-11-13,sh.600036,9.25,9.36,9.11,9.2,7429029,68419111.0
2003-11-14,sh.600036,9.25,9.37,9.2,9.31,5590807,51888986.0
2003-11-17,sh.600036,9.32,9.36,9.12,9.18,3291203,30320404.0
2003-11-18,sh.600036,9.18,9.23,9.0,9.09,8351315,75734640.0
2003-11-19,sh.600036,9.06,9.3,9.01,9.25,5931311,54614469.0
2003-11-20,sh.600036,9.25,9.51,9.19,9.43,13874275,130333302.0
2003-11-21,sh.600036,9.45,9.74,9.3,9.35,13408285,127888191.0
2003-11-24,sh.600036,9.33,9.72,9.33,9.7,12968927,124467109.0
2003-11-25,sh.600036,9.65,10.01,9.65,9.79,27027780,266477410.0
2003-11-26,sh.600036,9.79,9.81,9.65,9.8,8282269,80523820.0
2003-11-27,sh.600036,9.8,9.85,9.51,9.55,10136969,97937650.0
2003-11-28,sh.600036,9.55,9.7,9.54,9.55,4778051,45919273.0
2003-12-01,sh.600036,9.6,9.95,9.58,9.9,17465298,171219108.0
2003-12-02,sh.600036,9.95,9.99,9.75,9.78,15228884,149745234.0
2003-12-03,sh.600036,9.8,9.96,9.59,9.78,23407244,228920497.0
2003-12-04,sh.600036,9.83,10.22,9.83,10.19,55499428,561494207.0
2003-12-05,sh.600036,10.2,10.32,10.1,10.2,30582213,312418509.0
2003-12-08,sh.600036,10.22,10.44,10.12,10.21,30707480,316265134.0
2003-12-09,sh.600036,10.19,10.21,9.85,10.01,23834044,238488010.0
2003-12-10,sh.600036,11.0,11.0,10.33,10.56,94886854,997981823.0
2003-12-11,sh.600036,10.66,11.06,10.66,10.98,82181543,896469648.0
2003-12-12,sh.600036,10.99,11.12,10.9,11.01,55123050,608379544.0
2003-12-15,sh.600036,11.11,11.15,10.9,10.92,23182075,254681880.0
2003-12-16,sh.600036,10.9,10.9,10.62,10.79,30674840,329263545.0
2003-12-17,sh.600036,10.78,10.97,10.61,10.63,21393594,231201733.0
2003-12-18,sh.600036,10.59,10.82,10.56,10.79,12406813,132727792.0
2003-12-19,sh.600036,10.79,11.05,10.7,11.0,31621698,344034634.0
2003-12-22,sh.600036,11.0,11.34,10.81,11.33,59457499,658641511.0
2003-12-23,sh.600036,11.31,11.39,11.1,11.16,37447801,421801489.0
2003-12-24,sh.600036,11.2,11.48,11.15,11.26,37433155,423707353.0
2003-12-25,sh.600036,11.2,11.27,11.05,11.11,32422390,360810660.0
2003-12-26,sh.600036,11.1,11.24,11.0,11.08,22837349,253586919.0
2003-12-29,sh.600036,11.03,11.13,10.9,10.95,21832173,239487458.0
2003-12-30,sh.600036,10.9,11.04,10.86,10.91,18508290,202716704.0
2003-12-31,sh.600036,10.95,11.04,10.7,10.81,20529655,223206600.0
2004-01-02,sh.600036,10.75,11.07,10.73,10.88,22078799,241734611.0
2004-01-05,sh.600036,10.9,11.44,10.9,11.38,36348459,409980165.0
2004-01-06,sh.600036,11.43,12.03,11.43,11.79,73529786,870015611.0
2004-01-07,sh.600036,11.83,12.17,11.79,11.93,40316410,481932196.0
2004-01-08,sh.600036,11.88,12.08,11.73,12.05,29517977,351723839.0
2004-01-09,sh.600036,12.05,12.19,11.6,11.65,32296533,383204060.0
2004-01-12,sh.600036,11.65,12.09,11.65,12.03,36614321,433681750.0
2004-01-13,sh.600036,12.1,12.2,11.72,11.9,40648994,487751349.0
2004-01-14,sh.600036,11.89,11.89,11.51,11.62,26050645,303011753.0
2004-01-15,sh.600036,11.62,11.77,11.45,11.59,20780179,241240935.0
2004-01-16,sh.600036,11.58,11.73,11.46,11.65,15916589,184770791.0
2004-01-29,sh.600036,11.61,11.86,11.51,11.86,15855516,185924866.0
2004-01-30,sh.600036,11.86,11.94,11.43,11.48,20234664,235518871.0
2004-02-02,sh.600036,12.06,12.25,11.62,11.97,70626302,846730497.0
2004-02-03,sh.600036,11.98,12.24,11.85,12.1,28744857,348429624.0
2004-02-04,sh.600036,12.15,12.51,12.15,12.34,41271598,511763880.0
2004-02-05,sh.600036,12.35,12.54,12.19,12.29,31199738,386471971.0
2004-02-06,sh.600036,12.25,12.52,12.06,12.24,44461352,545361901.0
2004-02-09,sh.600036,12.22,12.51,12.18,12.43,34309614,426322163.0
2004-02-10,sh.600036,12.48,12.55,12.14,12.19,23605176,291055863.0
2004-02-11,sh.600036,12.2,12.26,11.92,11.98,19639203,235969646.0
2004-02-12,sh.600036,11.99,12.1,11.7,11.75,32316924,384867167.0
2004-02-13,sh.600036,11.75,12.0,11.7,11.76,27075120,320581828.0
2004-02-16,sh.600036,11.8,12.3,11.8,12.29,40475701,488828100.0
2004-02-17,sh.600036,12.35,12.57,12.24,12.28,71967517,896111408.0
2004-02-18,sh.600036,12.48,12.66,12.02,12.15,46803969,575853467.0
2004-02-19,sh.600036,12.17,12.32,11.9,11.97,29034814,351653911.0
2004-02-20,sh.600036,12.0,12.25,11.88,12.14,27291556,330011384.0
2004-02-23,sh.600036,12.16,12.2,11.59,11.66,57826709,682226758.0
2004-02-24,sh.600036,11.73,11.75,11.3,11.5,34031957,391039880.0
2004-02-25,sh.600036,11.5,11.58,11.08,11.16,51423929,580015196.0
2004-02-26,sh.600036,11.2,11.28,11.12,11.27,27962112,313380448.0
2004-02-27,sh.600036,11.28,11.35,11.08,11.15,27496015,306915422.0
2004-03-01,sh.600036,11.15,11.21,10.84,11.06,30649509,336637789.0
2004-03-02,sh.600036,11.15,11.28,11.05,11.15,23144782,258578461.0
2004-03-03,sh.600036,11.19,11.25,11.02,11.03,18910230,210069329.0
2004-03-04,sh.600036,11.0,11.11,10.88,11.1,18744857,206028581.0
2004-03-05,sh.600036,11.1,11.17,10.91,10.98,12879852,141906266.0
2004-03-08,sh.600036,10.95,10.99,10.65,10.66,18642975,200993848.0
2004-03-09,sh.600036,10.66,10.82,10.58,10.69,13634538,145914569.0
2004-03-10,sh.600036,10.75,11.06,10.72,11.04,14847694,162040417.0
2004-03-11,sh.600036,11.08,11.15,10.96,11.01,20283419,223753440.0
2004-03-12,sh.600036,11.05,11.11,10.84,10.88,11629112,126995621.0
2004-03-15,sh.600036,10.88,11.27,10.88,11.26,34476041,383549955.0
2004-03-16,sh.600036,11.35,11.36,11.1,11.2,20451548,229061011.0
2004-03-17,sh.600036,11.22,11.35,11.15,11.29,21203226,238473670.0
2004-03-18,sh.600036,11.35,11.43,11.06,11.15,24624689,277258425.0
2004-03-22,sh.600036,11.3,11.47,11.17,11.32,30113347,341609882.0
2004-03-23,sh.600036,11.32,11.35,11.03,11.14,26015367,289881295.0
2004-03-24,sh.600036,11.12,11.13,10.93,11.07,20699610,227819849.0
2004-03-25,sh.600036,11.2,11.35,11.05,11.12,23856995,266633398.0
2004-03-26,sh.600036,11.13,11.23,11.01,11.16,10081072,112090883.0
2004-03-29,sh.600036,11.16,11.23,11.08,11.11,9654286,107648326.0
2004-03-30,sh.600036,11.1,11.1,10.86,10.98,13131931,143747692.0
2004-03-31,sh.600036,10.98,11.04,10.88,10.95,11092989,121552091.0
2004-04-01,sh.600036,10.96,11.2,10.96,11.16,12038551,133858299.0
2004-04-02,sh.600036,11.16,11.27,11.16,11.24,21539058,241609087.0
2004-04-05,sh.600036,11.26,11.31,11.08,11.15,19472441,218313400.0
2004-04-06,sh.600036,11.15,11.15,10.93,11.13,15850474,174742480.0
2004-04-07,sh.600036,11.13,11.19,10.95,10.99,18341951,201886996.0
2004-04-08,sh.600036,10.98,11.01,10.75,10.86,35421494,383657843.0
2004-04-09,sh.600036,10.96,10.98,10.6,10.68,35665380,383114154.0
2004-04-12,sh.600036,10.58,10.69,10.47,10.59,22960270,242515740.0
2004-04-13,sh.600036,10.58,10.7,10.48,10.51,13468521,142457005.0
2004-04-14,sh.600036,10.5,10.51,10.27,10.35,17254133,178311756.0
2004-04-15,sh.600036,10.34,10.47,10.23,10.31,12092157,124794427.0
2004-04-16,sh.600036,10.33,10.53,10.29,10.44,13909120,144232427.0
2004-04-19,sh.600036,10.46,10.5,10.3,10.31,8076198,84014578.0
2004-04-20,sh.600036,10.3,10.65,10.29,10.53,22227169,233967683.0
2004-04-21,sh.600036,10.58,10.72,10.39,10.4,21330954,225825142.0
2004-04-22,sh.600036,10.41,10.56,10.35,10.49,17755397,185565990.0
2004-04-23,sh.600036,10.48,10.48,10.28,10.34,10402651,107716350.0
2004-04-26,sh.600036,10.34,10.44,10.3,10.39,7726802,80090396.0
2004-04-27,sh.600036,10.4,10.57,10.38,10.51,16278010,170725843.0
2004-04-28,sh.600036,10.58,10.78,10.33,10.7,34304202,363635929.0
2004-04-29,sh.600036,10.65,10.99,10.6,10.83,47615360,516868300.0
2004-04-30,sh.600036,10.82,11.07,10.77,10.92,50779555,555009438.0
2004-05-10,sh.600036,10.92,10.95,10.57,10.6,12623825,135110148.0
2004-05-11,sh.600036,8.75,9.0,8.71,8.94,8466520,75193420.0
2004-05-12,sh.600036,8.9,9.14,8.86,9.09,15620800,141168906.0
2004-05-13,sh.600036,9.1,9.13,9.01,9.09,12256712,111234175.0
2004-05-14,sh.600036,9.09,9.09,8.88,8.94,16299586,146069442.0
2004-05-17,sh.600036,8.93,8.99,8.64,8.67,15456926,135993758.0
2004-05-18,sh.600036,8.65,8.76,8.46,8.71,15287359,131812382.0
2004-05-19,sh.600036,8.75,8.96,8.62,8.77,11578104,102220556.0
2004-05-20,sh.600036,8.77,9.05,8.77,8.89,14696785,131170274.0
2004-05-21,sh.600036,8.9,9.01,8.83,8.95,8197236,73125343.0
2004-05-24,sh.600036,9.0,9.07,8.9,8.99,9982433,89721948.0
2004-05-25,sh.600036,8.99,8.99,8.82,8.88,7161041,63650176.0
2004-05-26,sh.600036,8.88,8.93,8.75,8.88,8625692,76074823.0
2004-05-27,sh.600036,8.9,9.11,8.84,9.06,25086573,226985230.0
2004-05-28,sh.600036,9.09,9.11,8.96,9.01,10531495,95003627.0
2004-05-31,sh.600036,9.03,9.16,9.0,9.08,12412382,112930250.0
2004-06-01,sh.600036,9.08,9.29,9.06,9.27,24317540,223760971.0
2004-06-02,sh.600036,9.3,9.36,9.2,9.22,21111313,195994530.0
2004-06-03,sh.600036,9.21,9.23,8.99,9.0,13364463,121291730.0
2004-06-04,sh.600036,8.98,9.06,8.96,8.97,7970930,71806806.0
2004-06-07,sh.600036,8.97,9.0,8.76,8.82,11964970,105899795.0
2004-06-08,sh.600036,8.81,8.94,8.64,8.69,19908228,174711414.0
2004-06-09,sh.600036,8.69,8.82,8.6,8.73,20170391,175796227.0
2004-06-10,sh.600036,8.71,8.8,8.53,8.64,24055966,208787169.0
2004-06-11,sh.600036,8.65,8.83,8.52,8.57,18494926,160129879.0
2004-06-14,sh.600036,8.55,8.61,8.47,8.5,16258368,138571749.0
2004-06-15,sh.600036,8.45,8.95,8.44,8.77,22062738,191644214.0
2004-06-16,sh.600036,8.75,8.88,8.58,8.71,16553211,144967945.0
2004-06-17,sh.600036,8.75,8.75,8.5,8.54,7984385,68453319.0
2004-06-18,sh.600036,8.5,8.6,8.23,8.31,19223850,161330599.0
2004-06-21,sh.600036,8.29,8.34,8.23,8.3,10131820,83910338.0
2004-06-22,sh.600036,8.3,8.52,8.26,8.42,11526517,96748162.0
2004-06-23,sh.600036,8.43,8.44,8.34,8.35,10279010,86229569.0
2004-06-24,sh.600036,8.4,8.45,8.33,8.36,6026181,50536926.0
2004-06-28,sh.600036,8.22,8.31,8.2,8.27,9274300,76611278.0
2004-06-29,sh.600036,8.25,8.54,8.24,8.47,7717058,64720836.0
2004-06-30,sh.600036,8.49,8.57,8.35,8.48,9980885,84912848.0
2004-07-01,sh.600036,8.48,8.73,8.45,8.67,14224125,122946406.0
2004-07-02,sh.600036,8.67,8.81,8.61,8.73,9504954,82819917.0
2004-07-05,sh.600036,8.73,8.78,8.59,8.7,7702847,66692937.0
2004-07-06,sh.600036,8.7,8.93,8.69,8.79,17330546,153078128.0
2004-07-07,sh.600036,8.79,8.79,8.7,8.71,4972365,43391615.0
2004-07-08,sh.600036,8.7,8.86,8.66,8.84,9172396,80504137.0
2004-07-09,sh.600036,8.83,8.96,8.82,8.88,12662727,112422230.0
2004-07-12,sh.600036,8.82,8.84,8.65,8.75,9826599,85679157.0
2004-07-13,sh.600036,8.7,8.87,8.7,8.84,5843020,51404680.0
2004-07-14,sh.600036,8.88,8.96,8.81,8.95,12276893,109246791.0
2004-07-15,sh.600036,8.95,9.15,8.9,9.12,21741216,197035247.0
2004-07-16,sh.600036,9.13,9.26,9.09,9.2,28462174,261963524.0
2004-07-19,sh.600036,9.21,9.28,9.15,9.22,15732900,145075843.0
2004-07-20,sh.600036,9.2,9.3,9.12,9.17,15425447,141851409.0
2004-07-21,sh.600036,9.16,9.25,9.12,9.2,6696422,61452130.0
2004-07-22,sh.600036,9.2,9.23,8.8,8.86,18390974,165137814.0
2004-07-23,sh.600036,8.86,8.97,8.78,8.96,15247988,135066099.0
2004-07-26,sh.600036,8.93,9.02,8.77,8.84,6607540,58567453.0
2004-07-27,sh.600036,8.84,8.9,8.65,8.69,11101927,97205731.0
2004-07-28,sh.600036,8.65,8.8,8.61,8.75,8887066,77240886.0
2004-07-29,sh.600036,8.75,9.0,8.75,8.94,11779386,104773569.0
2004-07-30,sh.600036,8.98,9.02,8.9,8.95,8058528,72166570.0
2004-08-02,sh.600036,8.91,9.04,8.81,8.98,8550863,76894899.0
2004-08-03,sh.600036,8.88,9.01,8.78,8.81,7834010,69524791.0
2004-08-04,sh.600036,8.76,9.3,8.65,9.08,23104297,207106087.0
2004-08-05,sh.600036,9.0,9.14,8.91,8.91,7026371,63325195.0
2004-08-06,sh.600036,8.91,9.15,8.87,8.94,3805688,34006789.0
2004-08-09,sh.600036,8.94,9.25,8.9,9.16,15105620,138197275.0
2004-08-10,sh.600036,9.19,9.32,9.14,9.27,23237630,214856374.0
2004-08-11,sh.600036,9.29,9.29,9.08,9.12,11337390,103867500.0
2004-08-12,sh.600036,9.08,9.19,8.97,9.16,11841552,107266934.0
2004-08-13,sh.600036,9.12,9.35,9.04,9.28,24959822,231740275.0
2004-08-16,sh.600036,9.28,9.32,9.2,9.21,11877912,110067520.0
2004-08-17,sh.600036,9.2,9.35,9.14,9.29,13452359,124531705.0
2004-08-18,sh.600036,9.3,9.55,9.28,9.39,29226381,276153835.0
2004-08-19,sh.600036,9.39,9.46,9.28,9.38,14294900,133696690.0
2004-08-20,sh.600036,9.36,9.51,9.32,9.42,16065242,151659594.0
2004-08-23,sh.600036,9.41,9.45,9.14,9.25,18514189,172125838.0
2004-08-24,sh.600036,9.2,9.4,9.13,9.26,11557679,106900874.0
2004-08-25,sh.600036,9.23,9.29,9.1,9.18,10121783,92878417.0
2004-08-26,sh.600036,9.16,9.27,9.08,9.2,5130271,47058463.0
2004-08-27,sh.600036,9.24,9.26,9.1,9.18,6706755,61404672.0
2004-08-30,sh.600036,9.1,9.24,8.98,9.12,7779155,70418986.0
2004-08-31,sh.600036,9.25,9.38,9.13,9.23,14277496,131866798.0
2004-09-01,sh.600036,9.2,9.2,8.96,9.01,11990510,108341361.0
2004-09-02,sh.600036,8.99,8.99,8.8,8.96,18915474,168015167.0
2004-09-03,sh.600036,8.95,9.0,8.86,8.92,3606746,32168966.0
2004-09-06,sh.600036,8.91,8.91,8.84,8.86,5957721,52817208.0
2004-09-07,sh.600036,8.85,9.02,8.82,9.0,5491021,49248140.0
2004-09-08,sh.600036,9.01,9.06,8.79,8.93,7716589,68701340.0
2004-09-09,sh.600036,8.9,8.97,8.75,8.78,8054913,71103160.0
2004-09-10,sh.600036,8.78,8.91,8.64,8.85,6953659,60875602.0
2004-09-13,sh.600036,8.85,8.85,8.63,8.73,6216001,54131588.0
2004-09-14,sh.600036,8.73,9.06,8.73,8.94,13872760,124016780.0
2004-09-15,sh.600036,8.96,9.41,8.92,9.27,48837638,451978878.0
2004-09-16,sh.600036,9.4,9.51,9.3,9.37,29349855,275886789.0
2004-09-17,sh.600036,9.4,9.67,9.28,9.62,49030289,465068653.0
2004-09-20,sh.600036,9.68,9.88,9.64,9.83,74642641,727530368.0
2004-09-21,sh.600036,9.85,9.85,9.55,9.61,44949680,433955465.0
2004-09-22,sh.600036,9.5,9.64,9.27,9.33,63822110,601963076.0
2004-09-23,sh.600036,9.35,9.83,9.28,9.82,39028676,371861959.0
2004-09-24,sh.600036,9.95,10.02,9.47,9.49,79002719,772417077.0
2004-09-27,sh.600036,9.59,9.66,9.33,9.4,34341711,323641578.0
2004-09-28,sh.600036,9.42,9.5,9.28,9.4,13922347,130452758.0
2004-09-29,sh.600036,9.4,9.53,9.38,9.4,12460036,117912042.0
2004-09-30,sh.600036,9.4,9.46,9.3,9.36,10394081,97265896.0
2004-10-08,sh.600036,9.3,9.33,9.04,9.29,19993160,183109673.0
2004-10-11,sh.600036,9.29,9.35,9.05,9.09,27285747,249595319.0
2004-10-12,sh.600036,9.05,9.08,8.84,8.87,24706540,220964878.0
2004-10-13,sh.600036,8.88,9.02,8.87,8.9,15083092,134850559.0
2004-10-14,sh.600036,8.9,8.95,8.77,8.79,20330540,179815725.0
2004-10-15,sh.600036,8.77,8.93,8.73,8.88,12529634,110747787.0
2004-10-18,sh.600036,8.98,8.99,8.72,8.85,8619185,75955655.0
2004-10-19,sh.600036,8.88,9.08,8.8,8.86,10811856,96866928.0
2004-10-20,sh.600036,8.86,8.89,8.58,8.65,22072735,191203492.0
2004-10-21,sh.600036,8.61,8.63,8.25,8.25,49111694,412644447.0
2004-10-22,sh.600036,8.24,8.5,8.23,8.41,20753051,173406909.0
2004-10-25,sh.600036,8.5,8.65,8.39,8.39,16890284,144072418.0
2004-10-26,sh.600036,8.39,8.74,8.36,8.71,19876605,170920019.0
2004-10-27,sh.600036,8.72,8.91,8.66,8.89,16618145,146436099.0
2004-10-28,sh.600036,8.89,8.91,8.7,8.75,9541784,84191347.0
2004-10-29,sh.600036,8.9,9.38,8.83,8.85,31302854,280306205.0
2004-11-01,sh.600036,8.9,9.02,8.81,8.85,17017542,151608603.0
2004-11-02,sh.600036,8.86,8.9,8.64,8.78,9365862,81700336.0
2004-11-03,sh.600036,8.85,9.02,8.8,8.96,25950783,232279939.0
2004-11-04,sh.600036,8.89,9.13,8.78,8.83,22655620,204151088.0
2004-11-05,sh.600036,8.84,8.99,8.84,8.97,8057498,71768187.0
2004-11-08,sh.600036,8.9,8.98,8.78,8.95,6187129,55002490.0
2004-11-09,sh.600036,8.95,9.02,8.88,8.95,6075536,54410105.0
2004-11-10,sh.600036,8.95,9.23,8.85,9.1,32071202,290993875.0
2004-11-11,sh.600036,9.12,9.27,8.97,9.0,15479354,141518709.0
2004-11-12,sh.600036,9.01,9.15,9.0,9.04,7610889,69086832.0
2004-11-15,sh.600036,9.07,9.15,8.75,8.88,23028408,204798389.0
2004-11-16,sh.600036,8.95,8.99,8.87,8.98,9431756,84060882.0
2004-11-17,sh.600036,9.0,9.01,8.86,8.89,6268225,55860652.0
2004-11-18,sh.600036,8.89,8.91,8.81,8.87,4246651,37594640.0
2004-11-19,sh.600036,8.9,9.06,8.88,9.0,7639187,68676175.0
2004-11-22,sh.600036,9.0,9.06,8.9,8.96,8715400,78253656.0
2004-11-23,sh.600036,8.98,8.98,8.83,8.85,6696285,59442080.0
2004-11-24,sh.600036,8.84,8.94,8.81,8.83,6266642,55516708.0
2004-11-25,sh.600036,8.9,8.91,8.79,8.81,4354960,38468417.0
2004-11-26,sh.600036,8.81,8.87,8.75,8.79,3481364,30617329.0
2004-11-29,sh.600036,8.77,8.9,8.76,8.78,5879994,52025296.0
2004-11-30,sh.600036,8.78,8.86,8.68,8.69,6481400,56751639.0
2004-12-01,sh.600036,8.69,8.75,8.65,8.7,3873704,33709667.0
2004-12-02,sh.600036,8.7,8.71,8.53,8.57,9231056,79268900.0
2004-12-03,sh.600036,8.58,8.68,8.52,8.57,2479429,21325922.0
2004-12-06,sh.600036,8.6,8.65,8.48,8.58,5160158,44110873.0
2004-12-07,sh.600036,8.6,8.68,8.56,8.6,4103348,35345673.0
2004-12-08,sh.600036,8.79,8.79,8.61,8.67,4383984,38053923.0
2004-12-09,sh.600036,8.68,8.9,8.55,8.69,15426097,135047186.0
2004-12-10,sh.600036,8.66,8.77,8.62,8.69,8818546,76759491.0
2004-12-13,sh.600036,8.62,8.7,8.55,8.65,3961594,34154871.0
2004-12-14,sh.600036,8.64,8.72,8.58,8.64,6536150,56606903.0
2004-12-15,sh.600036,8.62,8.8,8.55,8.65,5282202,45546163.0
2004-12-16,sh.600036,8.65,8.86,8.58,8.73,11540141,100974975.0
2004-12-17,sh.600036,8.73,8.74,8.59,8.64,5490682,47482508.0
2004-12-20,sh.600036,8.6,8.65,8.46,8.52,15209654,130214352.0
2004-12-21,sh.600036,8.51,8.57,8.45,8.48,7117964,60569555.0
2004-12-22,sh.600036,8.55,8.66,8.48,8.65,7492150,64199315.0
2004-12-23,sh.600036,8.68,8.7,8.55,8.56,5264214,45438701.0
2004-12-24,sh.600036,8.58,8.59,8.48,8.52,5465678,46654093.0
2004-12-27,sh.600036,8.5,8.54,8.26,8.3,14018041,117054068.0
2004-12-28,sh.600036,8.29,8.38,8.24,8.35,9561153,79489042.0
2004-12-29,sh.600036,8.35,8.41,8.26,8.29,4526110,37685491.0
2004-12-30,sh.600036,8.29,8.36,8.25,8.3,16055290,133221139.0
2004-12-31,sh.600036,8.5,8.5,8.25,8.35,10648960,89186912.0
2005-01-04,sh.600036,8.29,8.31,8.11,8.17,13427957,110294619.0
2005-01-05,sh.600036,8.2,8.22,8.08,8.17,15455058,125361606.0
2005-01-06,sh.600036,8.19,8.19,7.98,8.01,16996202,136195820.0
2005-01-07,sh.600036,8.01,8.11,7.98,8.01,4669189,37457528.0
2005-01-10,sh.600036,8.08,8.34,8.0,8.3,10362551,85261509.0
2005-01-11,sh.600036,8.29,8.32,8.23,8.28,6421913,53176721.0
2005-01-12,sh.600036,8.29,8.34,8.23,8.32,2839033,23483276.0
2005-01-13,sh.600036,8.32,8.32,8.19,8.26,5237281,43148409.0
2005-01-14,sh.600036,8.26,8.45,8.2,8.24,7629562,63618072.0
2005-01-17,sh.600036,8.12,8.24,7.99,8.02,10010342,80976207.0
2005-01-18,sh.600036,8.02,8.11,7.93,8.08,11761700,94262486.0
2005-01-19,sh.600036,8.09,8.1,7.99,8.07,3500446,28134189.0
2005-01-20,sh.600036,8.05,8.15,8.01,8.08,6780985,54764705.0
2005-01-21,sh.600036,8.05,8.7,8.01,8.5,31670671,266858103.0
2005-01-24,sh.600036,8.55,8.65,8.42,8.6,25678464,219187517.0
2005-01-25,sh.600036,8.58,8.58,8.47,8.51,10660982,90779537.0
2005-01-26,sh.600036,8.53,8.75,8.51,8.55,19499464,168237038.0
2005-01-27,sh.600036,8.54,8.57,8.38,8.4,6018024,50801681.0
2005-01-28,sh.600036,8.39,8.46,8.33,8.44,3963048,33275246.0
2005-01-31,sh.600036,8.4,8.53,8.36,8.48,5297014,44794027.0
2005-02-01,sh.600036,8.47,8.65,8.44,8.6,9302024,79813584.0
2005-02-02,sh.600036,8.6,8.9,8.6,8.85,34682967,305186117.0
2005-02-03,sh.600036,8.82,8.88,8.7,8.71,17287486,152063130.0
2005-02-04,sh.600036,8.71,9.24,8.68,9.08,41177684,371410153.0
2005-02-16,sh.600036,9.1,9.22,9.03,9.06,15101748,137965011.0
2005-02-17,sh.600036,9.1,9.1,8.88,8.96,10609472,94916555.0
2005-02-18,sh.600036,8.95,9.0,8.75,8.81,8756215,77443105.0
2005-02-21,sh.600036,8.8,9.03,8.8,9.02,13457174,120812038.0
2005-02-22,sh.600036,9.03,9.15,8.95,9.09,10616408,96146464.0
2005-02-23,sh.600036,9.08,9.08,8.86,8.9,18707957,167217271.0
2005-02-24,sh.600036,8.9,8.98,8.78,8.89,11898113,105541026.0
2005-02-25,sh.600036,8.88,9.04,8.86,8.97,15822510,142221924.0
2005-02-28,sh.600036,8.97,8.97,8.68,8.72,17343698,151750683.0
2005-03-01,sh.600036,8.7,8.76,8.64,8.74,6314711,54886377.0
2005-03-02,sh.600036,8.73,8.82,8.58,8.6,11656766,100966922.0
2005-03-03,sh.600036,8.6,8.69,8.55,8.66,9285209,79960208.0
2005-03-04,sh.600036,8.66,8.7,8.58,8.65,4072672,35217800.0
2005-03-07,sh.600036,8.65,8.78,8.63,8.77,6234158,54240907.0
2005-03-08,sh.600036,8.8,8.85,8.69,8.81,12644640,110900402.0
2005-03-09,sh.600036,8.82,8.82,8.53,8.57,20168249,173899205.0
2005-03-10,sh.600036,8.56,8.61,8.42,8.45,17127141,145347216.0
2005-03-11,sh.600036,8.45,8.53,8.43,8.46,8142855,69003441.0
2005-03-14,sh.600036,8.47,8.58,8.38,8.51,16737743,141729656.0
2005-03-15,sh.600036,8.48,8.54,8.31,8.34,13019073,109098884.0
2005-03-16,sh.600036,8.36,8.44,8.28,8.33,9043293,75440616.0
2005-03-17,sh.600036,8.3,8.45,8.29,8.35,10716145,89695034.0
2005-03-18,sh.600036,8.34,8.53,8.33,8.45,11144207,94319558.0
2005-03-21,sh.600036,8.47,8.62,8.46,8.51,8351207,71409758.0
2005-03-22,sh.600036,8.52,8.53,8.35,8.44,10192381,86175133.0
2005-03-23,sh.600036,8.43,8.65,8.38,8.56,10987842,93675651.0
2005-03-24,sh.600036,8.56,8.68,8.5,8.59,11180675,96177133.0
2005-03-25,sh.600036,8.58,8.59,8.48,8.55,5490536,46800304.0
2005-03-28,sh.600036,8.55,8.63,8.47,8.62,7111180,60913618.0
2005-03-29,sh.600036,8.66,8.69,8.6,8.66,8859928,76648998.0
2005-03-30,sh.600036,8.66,8.71,8.53,8.55,14031431,120875215.0
2005-03-31,sh.600036,8.6,8.66,8.4,8.65,14975465,127901978.0
2005-04-01,sh.600036,8.62,9.15,8.62,8.89,40674102,361109400.0
2005-04-04,sh.600036,8.85,8.86,8.72,8.79,11763041,103533907.0
2005-04-05,sh.600036,8.72,8.81,8.69,8.79,9743907,85224951.0
2005-04-06,sh.600036,8.79,9.08,8.74,8.99,18208769,162303285.0
2005-04-07,sh.600036,8.99,9.51,8.93,9.15,50166162,464353359.0
2005-04-08,sh.600036,9.12,9.26,9.0,9.25,19443107,177997137.0
2005-04-11,sh.600036,9.31,9.39,9.1,9.14,31694819,294185345.0
2005-04-12,sh.600036,9.14,9.22,9.0,9.01,14744610,133641585.0
2005-04-13,sh.600036,9.19,9.35,9.07,9.12,21543262,198191866.0
2005-04-14,sh.600036,9.15,9.17,8.94,8.96,15116277,136557682.0
2005-04-15,sh.600036,8.95,8.96,8.84,8.91,13293191,118340004.0
2005-04-18,sh.600036,8.9,8.97,8.85,8.92,6732922,60034936.0
2005-04-19,sh.600036,8.94,9.14,8.94,9.06,15483757,139834325.0
2005-04-20,sh.600036,9.05,9.05,8.88,8.94,11328666,101383536.0
2005-04-21,sh.600036,8.92,9.1,8.9,8.99,15485909,139602951.0
2005-04-22,sh.600036,8.98,9.18,8.96,9.12,14582436,132959397.0
2005-04-25,sh.600036,9.1,9.18,9.05,9.17,12541981,114329997.0
2005-04-26,sh.600036,9.17,9.19,8.95,9.05,13450743,121806776.0
2005-04-27,sh.600036,9.12,9.2,9.04,9.11,12129975,110493582.0
2005-04-28,sh.600036,9.11,9.28,8.92,9.21,20037314,183521875.0
2005-04-29,sh.600036,9.2,9.47,9.15,9.3,26176163,244137743.0
2005-05-09,sh.600036,9.35,9.42,9.11,9.15,14739294,135480794.0
2005-05-10,sh.600036,9.15,9.27,9.12,9.24,14602941,134168239.0
2005-05-11,sh.600036,9.24,9.37,9.1,9.11,13504770,124510286.0
2005-05-12,sh.600036,9.05,9.05,8.59,8.6,34236594,301571576.0
2005-05-13,sh.600036,8.58,8.85,8.55,8.76,16840804,147173471.0
2005-05-16,sh.600036,8.72,8.78,8.65,8.7,6751521,58760546.0
2005-05-18,sh.600036,8.77,8.88,8.7,8.78,7299243,64062398.0
2005-05-19,sh.600036,8.82,8.9,8.68,8.8,7401951,65122779.0
2005-05-20,sh.600036,8.8,8.89,8.72,8.78,7221620,63624082.0
2005-05-23,sh.600036,8.78,8.78,8.42,8.47,17351459,148046210.0
2005-05-24,sh.600036,8.45,8.6,8.35,8.53,11642458,98439949.0
2005-05-25,sh.600036,8.53,8.76,8.49,8.63,16400145,141704786.0
2005-05-26,sh.600036,8.6,8.69,8.45,8.55,7088712,60745146.0
2005-05-27,sh.600036,8.5,8.65,8.39,8.47,9798851,82681289.0
2005-05-30,sh.600036,8.48,8.49,8.31,8.4,9800749,82169481.0
2005-05-31,sh.600036,8.4,8.55,8.4,8.5,9556371,81219716.0
2005-06-01,sh.600036,8.49,8.55,8.27,8.33,10730002,89820704.0
2005-06-02,sh.600036,8.34,8.37,7.93,8.02,34453314,278056680.0
2005-06-03,sh.600036,8.02,8.28,8.01,8.17,17359248,141286378.0
2005-06-06,sh.600036,8.17,8.4,8.13,8.38,14849113,123086445.0
2005-06-07,sh.600036,8.38,8.58,8.3,8.36,17085253,144082501.0
2005-06-08,sh.600036,9.0,9.0,8.6,8.93,58497576,517774685.0
2005-06-09,sh.600036,8.93,9.05,8.73,8.82,41973689,372663829.0
2005-06-10,sh.600036,8.85,9.15,8.78,8.9,43513306,390061213.0
2005-06-13,sh.600036,9.0,9.02,8.68,8.88,15953065,141173041.0
2005-06-14,sh.600036,8.98,9.04,8.73,8.73,19545336,173235264.0
2005-06-15,sh.600036,8.71,8.78,8.57,8.58,17620861,152351886.0
2005-06-16,sh.600036,8.6,8.95,8.6,8.85,24238555,214055848.0
2005-06-17,sh.600036,8.88,9.01,8.8,8.9,29060331,259514437.0
2005-06-20,sh.600036,5.9,6.24,5.88,6.19,50869043,310744991.0
2005-06-21,sh.600036,6.18,6.19,5.99,6.02,30281840,184553910.0
2005-06-22,sh.600036,6.01,6.23,6.0,6.2,39466295,242260541.0
2005-06-23,sh.600036,6.21,6.24,6.11,6.12,26928466,166301107.0
2005-06-24,sh.600036,6.11,6.15,6.0,6.14,30930909,187482809.0
2005-06-27,sh.600036,6.19,6.3,6.19,6.25,41992857,262748445.0
2005-06-28,sh.600036,6.2,6.22,6.13,6.17,17308312,106963544.0
2005-06-29,sh.600036,6.16,6.19,6.05,6.07,23779441,145431217.0
2005-06-30,sh.600036,6.06,6.15,5.95,6.06,23237589,139566832.0
2005-07-01,sh.600036,5.97,6.02,5.88,5.92,18192552,107632575.0
2005-07-04,sh.600036,5.9,6.01,5.86,6.0,8391485,49718272.0
2005-07-05,sh.600036,6.0,6.02,5.89,5.99,13815357,82366737.0
2005-07-06,sh.600036,6.0,6.06,5.94,5.96,11463599,68621958.0
2005-07-07,sh.600036,5.96,5.98,5.9,5.93,9017976,53576358.0
2005-07-08,sh.600036,5.94,5.95,5.86,5.9,10720330,63245805.0
2005-07-11,sh.600036,6.01,6.1,5.92,5.95,16239517,97497659.0
2005-07-12,sh.600036,5.95,6.48,5.9,6.3,94501533,591826621.0
2005-07-13,sh.600036,6.25,6.32,6.2,6.23,29756129,186221476.0
2005-07-14,sh.600036,6.22,6.35,6.2,6.29,34848315,219452418.0
2005-07-15,sh.600036,6.29,6.37,6.25,6.28,23403546,147564339.0
2005-07-18,sh.600036,6.26,6.32,6.23,6.3,17111016,107514807.0
2005-07-19,sh.600036,6.29,6.39,6.25,6.3,32332928,204303327.0
2005-07-20,sh.600036,6.28,6.35,6.26,6.33,24662765,155551529.0
2005-07-21,sh.600036,6.32,6.34,6.27,6.32,13482549,85038391.0
2005-07-22,sh.600036,6.36,6.64,6.34,6.57,104903307,681365968.0
2005-07-25,sh.600036,6.55,6.68,6.5,6.56,51752688,342040164.0
2005-07-26,sh.600036,6.56,6.76,6.55,6.67,65971626,442247839.0
2005-07-27,sh.600036,6.67,6.73,6.58,6.71,53649781,357252216.0
2005-07-28,sh.600036,6.71,6.81,6.66,6.71,65601242,442866653.0
2005-07-29,sh.600036,6.7,6.77,6.67,6.72,37767115,254011038.0
2005-08-01,sh.600036,6.72,6.84,6.6,6.66,44281693,297046364.0
2005-08-02,sh.600036,6.67,6.79,6.63,6.78,35233115,236712439.0
2005-08-03,sh.600036,6.8,6.86,6.74,6.75,57775135,393180403.0
2005-08-04,sh.600036,6.72,6.75,6.65,6.66,27223665,182401293.0
2005-08-05,sh.600036,6.66,6.85,6.66,6.84,56509461,385057295.0
2005-08-08,sh.600036,6.85,6.94,6.82,6.85,54900990,377807076.0
2005-08-09,sh.600036,6.85,6.86,6.73,6.82,48043381,325642719.0
2005-08-10,sh.600036,6.82,6.92,6.79,6.87,44713034,306348061.0
2005-08-11,sh.600036,6.87,7.1,6.84,7.09,92321582,645549206.0
2005-08-12,sh.600036,7.1,7.11,6.8,6.88,81278144,565854743.0
2005-08-15,sh.600036,6.9,7.02,6.83,7.0,61426374,424384125.0
2005-08-16,sh.600036,7.0,7.04,6.8,6.84,57638564,396894530.0
2005-08-17,sh.600036,6.82,6.93,6.72,6.89,39267690,267683380.0
2005-08-18,sh.600036,6.89,6.91,6.58,6.63,70591430,477500715.0
2005-08-19,sh.600036,6.65,6.75,6.58,6.68,37749846,251623676.0
2005-08-22,sh.600036,6.68,6.77,6.65,6.72,28007033,187946621.0
2005-08-23,sh.600036,6.75,6.76,6.61,6.65,28856546,192718123.0
2005-08-24,sh.600036,6.63,6.83,6.62,6.72,40158341,271710076.0
2005-08-25,sh.600036,6.7,6.8,6.69,6.73,19102740,128940511.0
2005-08-26,sh.600036,6.75,6.87,6.75,6.83,28391849,193617487.0
2005-08-29,sh.600036,6.84,6.92,6.7,6.79,35508110,242464229.0
2005-08-30,sh.600036,6.77,6.82,6.71,6.78,16924135,114457546.0
2005-08-31,sh.600036,6.78,6.81,6.64,6.75,28541449,191801245.0
2005-09-01,sh.600036,6.75,6.9,6.7,6.87,35363650,241523059.0
2005-09-02,sh.600036,6.89,6.92,6.81,6.84,27925460,191342248.0
2005-09-05,sh.600036,6.84,6.88,6.72,6.79,32693018,222042478.0
2005-09-06,sh.600036,6.79,6.8,6.69,6.7,25426106,171438195.0
2005-09-07,sh.600036,6.7,6.8,6.67,6.78,30603425,205475775.0
2005-09-08,sh.600036,6.8,6.94,6.69,6.87,48294857,330007903.0
2005-09-09,sh.600036,6.87,6.91,6.79,6.83,20569283,140963686.0
2005-09-12,sh.600036,6.86,6.88,6.77,6.8,18748281,127737742.0
2005-09-13,sh.600036,6.8,6.82,6.72,6.82,20732305,140493774.0
2005-09-14,sh.600036,6.83,6.94,6.82,6.9,42167454,290609735.0
2005-09-15,sh.600036,6.9,6.91,6.81,6.83,20805785,142482155.0
2005-09-16,sh.600036,6.83,6.87,6.8,6.85,20688675,141458393.0
2005-09-19,sh.600036,6.86,6.86,6.79,6.8,25494332,174076067.0
2005-09-21,sh.600036,6.79,6.79,6.46,6.47,69859362,459402870.0
2005-09-22,sh.600036,6.46,6.52,6.28,6.37,58864345,374140395.0
2005-09-23,sh.600036,6.38,6.41,6.3,6.34,17833917,113333015.0
2005-09-26,sh.600036,6.33,6.4,6.3,6.34,14631090,92809793.0
2005-09-27,sh.600036,6.33,6.34,6.15,6.2,35034737,217723106.0
2005-09-28,sh.600036,6.2,6.27,6.19,6.2,19673152,122436629.0
2005-09-29,sh.600036,6.25,6.36,6.25,6.3,20270853,128013636.0
2005-09-30,sh.600036,6.31,6.34,6.24,6.29,17382420,109301138.0
2005-10-10,sh.600036,6.28,6.41,6.21,6.35,17356962,110200382.0
2005-10-11,sh.600036,6.32,6.46,6.3,6.45,15570799,99918630.0
2005-10-12,sh.600036,6.45,6.53,6.42,6.48,20488901,132926992.0
2005-10-13,sh.600036,6.48,6.51,6.38,6.4,13136649,84602896.0
2005-10-14,sh.600036,6.4,6.42,6.27,6.3,13628572,86388374.0
2005-10-17,sh.600036,6.29,6.33,6.22,6.3,11364205,71308755.0
2005-10-18,sh.600036,6.3,6.38,6.23,6.27,17054645,107062116.0
2005-10-19,sh.600036,6.22,6.33,6.22,6.25,15422760,96736990.0
2005-10-20,sh.600036,6.25,6.47,6.23,6.42,25334804,160698836.0
2005-10-21,sh.600036,6.42,6.53,6.39,6.45,24648141,159591200.0
2005-10-24,sh.600036,6.45,6.46,6.35,6.39,11596619,74119602.0
2005-10-25,sh.600036,6.4,6.42,6.28,6.34,13568735,85956976.0
2005-10-26,sh.600036,6.32,6.32,6.18,6.21,20522015,128414213.0
2005-10-27,sh.600036,6.2,6.33,6.19,6.29,14762341,92529242.0
2005-10-28,sh.600036,6.29,6.3,6.1,6.19,29319528,180976884.0
2005-10-31,sh.600036,6.25,6.33,6.2,6.28,14428454,90596117.0
2005-11-01,sh.600036,6.28,6.31,6.15,6.26,15626819,97334242.0
2005-11-02,sh.600036,6.28,6.36,6.26,6.29,12344873,77832682.0
2005-11-03,sh.600036,6.3,6.31,6.13,6.22,18434691,114800274.0
2005-11-04,sh.600036,6.22,6.31,6.2,6.26,14618591,91453642.0
2005-11-07,sh.600036,6.21,6.22,5.99,6.05,50467222,305744223.0
2005-11-08,sh.600036,6.01,6.14,6.01,6.11,14630890,89024488.0
2005-11-09,sh.600036,6.11,6.13,6.06,6.1,14934573,91148264.0
2005-11-10,sh.600036,6.1,6.12,6.07,6.07,13414678,81700385.0
2005-11-11,sh.600036,6.06,6.13,6.04,6.11,8657062,52615687.0
2005-11-14,sh.600036,6.11,6.14,6.04,6.07,4714903,28673466.0
2005-11-15,sh.600036,6.08,6.11,5.97,6.0,16832159,101303006.0
2005-11-16,sh.600036,5.99,6.11,5.95,6.09,10968898,66061911.0
2005-11-17,sh.600036,6.1,6.13,6.05,6.09,9056408,55300496.0
2005-11-18,sh.600036,6.09,6.35,6.08,6.27,21363659,132954205.0
2005-11-21,sh.600036,6.27,6.28,6.18,6.19,10715209,66521124.0
2005-11-22,sh.600036,6.19,6.2,6.08,6.1,14467382,88522535.0
2005-11-23,sh.600036,6.1,6.24,6.09,6.2,8915549,54918615.0
2005-11-24,sh.600036,6.18,6.35,6.15,6.34,30703739,193304997.0
2005-11-25,sh.600036,6.33,6.41,6.28,6.4,21029634,133440965.0
2005-11-28,sh.600036,6.37,6.48,6.34,6.36,29638404,190390736.0
2005-11-29,sh.600036,6.35,6.38,6.28,6.3,19106742,121091836.0
2005-11-30,sh.600036,6.3,6.44,6.26,6.42,28322056,180118730.0
2005-12-01,sh.600036,6.45,6.49,6.4,6.47,38109178,245922969.0
2005-12-02,sh.600036,6.46,6.51,6.41,6.47,31710634,205240446.0
2005-12-05,sh.600036,6.48,6.53,6.41,6.43,22718825,147159208.0
2005-12-06,sh.600036,6.41,6.63,6.39,6.53,33255087,217842779.0
2005-12-07,sh.600036,6.54,6.66,6.54,6.62,32465870,214860292.0
2005-12-08,sh.600036,6.6,6.67,6.54,6.58,20814486,137195180.0
2005-12-09,sh.600036,6.58,6.7,6.52,6.69,33103522,220144935.0
2005-12-12,sh.600036,6.65,6.7,6.61,6.65,25081043,166969214.0
2005-12-13,sh.600036,6.65,6.66,6.58,6.59,15466630,102156653.0
2005-12-14,sh.600036,6.59,6.7,6.58,6.67,50377570,335398961.0
2005-12-15,sh.600036,6.67,6.73,6.6,6.65,39224144,262403985.0
2005-12-16,sh.600036,6.65,6.66,6.56,6.58,31697302,209448411.0
2006-01-04,sh.600036,7.23,7.24,7.16,7.24,173999644,1257908751.0
2006-01-05,sh.600036,7.49,7.51,7.31,7.47,156382625,1159882558.0
2006-01-06,sh.600036,7.45,7.67,7.4,7.58,96432343,726911348.0
2006-01-09,sh.600036,7.58,7.62,7.39,7.5,82935154,623005507.0
2006-01-10,sh.600036,7.5,7.81,7.47,7.78,127189944,968767216.0
2006-01-11,sh.600036,7.79,7.88,7.6,7.68,125179635,966885111.0
2006-02-27,sh.600036,6.8,6.88,6.61,6.66,419564731,2828163762.0
2006-02-28,sh.600036,6.65,6.75,6.43,6.69,151608652,995166630.0
2006-03-01,sh.600036,6.69,6.74,6.6,6.62,99153587,659820154.0
2006-03-02,sh.600036,6.6,6.64,6.33,6.37,154567393,998672953.0
2006-03-03,sh.600036,6.37,6.42,6.17,6.28,111663693,699957884.0
2006-03-06,sh.600036,6.28,6.35,6.24,6.31,78698886,495015065.0
2006-03-07,sh.600036,6.31,6.32,6.09,6.12,89667530,553539756.0
2006-03-08,sh.600036,6.12,6.19,6.06,6.15,76954116,471800437.0
2006-03-09,sh.600036,6.15,6.17,6.08,6.09,45438885,277956328.0
2006-03-10,sh.600036,6.09,6.18,6.09,6.17,51579877,316343057.0
2006-03-13,sh.600036,6.19,6.31,6.14,6.28,54871164,342023195.0
2006-03-14,sh.600036,6.29,6.29,6.14,6.18,46677588,289374152.0
2006-03-15,sh.600036,6.18,6.3,6.15,6.27,48523580,302872306.0
2006-03-16,sh.600036,6.31,6.39,6.21,6.28,67031546,423432316.0
2006-03-17,sh.600036,6.28,6.31,6.15,6.16,67345544,417898498.0
2006-03-20,sh.600036,6.16,6.3,6.11,6.28,62200735,386446364.0
2006-03-21,sh.600036,6.28,6.51,6.26,6.39,111094058,712292124.0
2006-03-22,sh.600036,6.38,6.5,6.37,6.44,53229104,342088055.0
2006-03-23,sh.600036,6.44,6.45,6.3,6.37,58243984,371348040.0
2006-03-24,sh.600036,6.37,6.41,6.22,6.25,66475957,417718479.0
2006-03-27,sh.600036,6.25,6.44,6.24,6.41,51442565,326009335.0
2006-03-28,sh.600036,6.41,6.54,6.4,6.46,70514469,456773517.0
2006-03-29,sh.600036,6.46,6.62,6.37,6.5,130590777,850605259.0
2006-03-30,sh.600036,6.5,6.63,6.46,6.48,76932398,503498432.0
2006-03-31,sh.600036,6.47,6.52,6.41,6.43,58447448,377311458.0
2006-04-03,sh.600036,6.45,6.69,6.45,6.69,105408019,697422618.0
2006-04-04,sh.600036,6.71,6.95,6.7,6.91,145116859,987862125.0
2006-04-05,sh.600036,6.92,7.03,6.87,6.9,93716686,651727309.0
2006-04-06,sh.600036,6.91,7.05,6.79,6.81,85951289,591889303.0
2006-04-07,sh.600036,6.81,6.89,6.6,6.65,110128234,739419922.0
2006-04-10,sh.600036,6.67,6.79,6.65,6.79,87298425,586070467.0
2006-04-11,sh.600036,6.8,6.9,6.7,6.75,82547921,560200451.0
2006-04-12,sh.600036,6.73,6.83,6.63,6.71,74866956,503921397.0
2006-04-13,sh.600036,6.7,6.72,6.5,6.51,82092785,540528589.0
2006-04-14,sh.600036,6.51,6.7,6.47,6.67,80429384,527513960.0
2006-04-18,sh.600036,6.76,6.79,6.55,6.62,83045054,549775319.0
2006-04-19,sh.600036,6.62,6.65,6.5,6.56,78042632,512499492.0
2006-04-20,sh.600036,6.58,6.65,6.45,6.51,105345370,687025987.0
2006-04-21,sh.600036,6.51,6.8,6.46,6.68,129039303,857051228.0
2006-04-24,sh.600036,6.7,6.8,6.51,6.53,110446585,728983508.0
2006-04-25,sh.600036,6.51,6.51,6.38,6.4,86413637,555238399.0
2006-04-26,sh.600036,6.4,6.75,6.37,6.63,126788350,838653492.0
2006-04-27,sh.600036,6.66,6.76,6.52,6.54,80240366,529485001.0
2006-04-28,sh.600036,6.74,7.19,6.67,7.19,336005591,2329866931.0
2006-05-08,sh.600036,7.28,7.67,7.28,7.53,223790146,1672734509.0
2006-05-09,sh.600036,7.53,7.73,7.42,7.65,170293265,1279978581.0
2006-05-10,sh.600036,7.65,7.69,7.43,7.52,130858171,986435719.0
2006-05-11,sh.600036,7.5,7.66,7.29,7.31,180831395,1354969766.0
2006-05-12,sh.600036,7.3,7.43,7.2,7.38,142798628,1046038530.0
2006-05-15,sh.600036,7.39,7.48,7.18,7.41,190590183,1398208214.0
2006-05-17,sh.600036,7.41,7.52,7.18,7.34,152290056,1116519102.0
2006-05-18,sh.600036,7.27,7.27,7.08,7.15,117103132,837680051.0
2006-05-19,sh.600036,7.15,7.48,7.15,7.38,130184141,954697319.0
2006-05-22,sh.600036,7.36,7.37,7.15,7.22,113270973,819526480.0
2006-05-23,sh.600036,7.18,7.18,6.97,7.02,124629348,879728416.0
2006-05-24,sh.600036,7.05,7.35,7.05,7.18,118077110,852509854.0
2006-05-25,sh.600036,7.17,7.39,7.1,7.33,77644800,564292671.0
2006-05-26,sh.600036,7.36,7.5,7.33,7.39,95821139,712560891.0
2006-05-29,sh.600036,7.42,7.48,7.29,7.44,78129192,578277942.0
2006-05-30,sh.600036,7.44,7.45,7.3,7.31,79550264,585424479.0
2006-05-31,sh.600036,7.33,7.34,7.16,7.23,64389269,465631274.0
2006-06-01,sh.600036,7.23,7.44,7.12,7.31,87316258,639345174.0
2006-06-02,sh.600036,7.31,7.36,7.16,7.17,99453769,716221600.0
2006-06-05,sh.600036,7.16,7.2,6.98,7.19,77121364,545863527.0
2006-06-06,sh.600036,7.18,7.3,7.06,7.2,64873637,467093332.0
2006-06-07,sh.600036,7.18,7.18,6.82,6.85,96765143,676066526.0
2006-06-08,sh.600036,6.8,6.92,6.69,6.91,76667352,520986856.0
2006-06-09,sh.600036,6.89,6.97,6.76,6.78,47399768,325613083.0
2006-06-12,sh.600036,6.75,7.16,6.68,7.0,93939943,656941330.0
2006-06-13,sh.600036,7.01,7.12,6.9,6.99,50116574,351534748.0
2006-06-14,sh.600036,6.92,7.0,6.83,6.96,38134469,263307684.0
2006-06-15,sh.600036,6.96,7.11,6.93,7.02,37872867,266326862.0
2006-06-16,sh.600036,7.02,7.19,7.0,7.16,67692427,481705114.0
2006-06-19,sh.600036,7.01,7.23,6.93,7.18,60203510,428834486.0
2006-06-20,sh.600036,7.17,7.24,7.01,7.18,56395828,405011597.0
2006-06-21,sh.600036,7.18,7.23,7.1,7.17,41821498,299642944.0
2006-06-22,sh.600036,7.17,7.48,7.15,7.34,88899743,655077717.0
2006-06-23,sh.600036,7.35,7.4,7.28,7.34,40809231,299811553.0
2006-06-26,sh.600036,7.35,7.62,7.35,7.6,97278283,733439711.0
2006-06-27,sh.600036,7.6,7.7,7.5,7.54,44375884,335328130.0
2006-06-28,sh.600036,7.52,7.58,7.43,7.49,29587041,222246951.0
2006-06-29,sh.600036,7.5,7.73,7.5,7.71,70709242,541074487.0
2006-06-30,sh.600036,7.71,7.88,7.62,7.71,80251504,622563795.0
2006-07-03,sh.600036,7.75,7.99,7.75,7.96,79327501,626501059.0
2006-07-04,sh.600036,8.0,8.02,7.79,7.9,70971988,560500625.0
2006-07-05,sh.600036,7.9,7.9,7.52,7.56,92662295,707930977.0
2006-07-06,sh.600036,7.56,7.71,7.54,7.61,54708666,416851223.0
2006-07-07,sh.600036,7.61,7.68,7.44,7.45,51004296,384592822.0
2006-07-10,sh.600036,7.45,7.64,7.45,7.63,35076817,264646613.0
2006-07-11,sh.600036,7.65,7.72,7.58,7.67,28214898,216100184.0
2006-07-12,sh.600036,7.68,7.72,7.6,7.61,30262689,231604308.0
2006-07-13,sh.600036,7.6,7.6,7.29,7.29,67884809,502857319.0
2006-07-14,sh.600036,7.27,7.52,7.22,7.4,42317745,311971635.0
2006-07-17,sh.600036,7.38,7.51,7.32,7.48,33581745,248848285.0
2006-07-18,sh.600036,7.47,7.5,7.37,7.38,22320498,165603499.0
2006-07-19,sh.600036,7.36,7.42,7.27,7.29,26051731,191211854.0
2006-07-20,sh.600036,7.29,7.48,7.28,7.42,24686366,182958389.0
2006-07-21,sh.600036,7.4,7.65,7.4,7.64,44022091,334033446.0
2006-07-24,sh.600036,7.51,7.81,7.47,7.67,39420435,302618285.0
2006-07-25,sh.600036,7.68,7.75,7.63,7.65,32483363,249746246.0
2006-07-26,sh.600036,7.67,7.77,7.65,7.7,27109199,208555825.0
2006-07-27,sh.600036,7.68,7.78,7.49,7.51,30302563,231360376.0
2006-07-28,sh.600036,7.5,7.55,7.36,7.44,29959391,222557920.0
2006-07-31,sh.600036,7.41,7.49,7.35,7.36,27176487,201222213.0
2006-08-01,sh.600036,7.36,7.42,7.28,7.3,20531257,150621427.0
2006-08-02,sh.600036,7.3,7.37,7.24,7.32,22858590,167008506.0
2006-08-03,sh.600036,7.33,7.52,7.33,7.49,34934593,259920681.0
2006-08-04,sh.600036,7.49,7.6,7.39,7.4,31214607,234754660.0
2006-08-07,sh.600036,7.38,7.49,7.35,7.37,18627401,138153560.0
2006-08-08,sh.600036,7.37,7.6,7.37,7.54,27574739,206437245.0
2006-08-09,sh.600036,7.59,7.68,7.52,7.56,22933614,174240222.0
2006-08-10,sh.600036,7.55,7.73,7.53,7.72,49086877,376929954.0
2006-08-11,sh.600036,7.71,7.73,7.62,7.66,17885804,137169248.0
2006-08-14,sh.600036,7.69,7.88,7.62,7.72,50934667,395530598.0
2006-08-15,sh.600036,7.71,7.86,7.64,7.84,38881342,303080411.0
2006-08-16,sh.600036,7.85,8.03,7.8,7.95,58067854,462427675.0
2006-08-17,sh.600036,7.93,7.95,7.85,7.9,23237950,183506082.0
2006-08-18,sh.600036,7.9,8.0,7.8,7.86,24177965,191109704.0
2006-08-22,sh.600036,7.92,8.16,7.92,8.08,77762136,629595279.0
2006-08-23,sh.600036,8.11,8.42,8.1,8.29,99326322,827087097.0
2006-08-24,sh.600036,8.36,8.52,8.3,8.51,99144528,834770834.0
2006-08-25,sh.600036,8.55,8.58,8.33,8.37,51815035,437242269.0
2006-08-28,sh.600036,8.37,8.51,8.28,8.42,59151968,498327162.0
2006-08-29,sh.600036,8.43,8.48,8.33,8.43,46793107,392750241.0
2006-08-30,sh.600036,8.41,8.51,8.38,8.46,30347674,257023724.0
2006-08-31,sh.600036,8.46,8.68,8.46,8.56,48794419,419381474.0
2006-09-01,sh.600036,8.54,8.66,8.33,8.34,39382008,335351311.0
2006-09-04,sh.600036,8.41,8.55,8.35,8.49,32158571,272048835.0
2006-09-05,sh.600036,8.58,8.86,8.52,8.8,70741815,618963443.0
2006-09-06,sh.600036,8.8,8.83,8.65,8.8,24967846,217897186.0
2006-09-07,sh.600036,8.79,8.86,8.73,8.75,37534244,330176178.0
2006-09-08,sh.600036,8.76,8.89,8.71,8.89,34287523,302866475.0
2006-09-11,sh.600036,8.9,9.02,8.88,9.02,47461691,425806196.0
2006-09-12,sh.600036,9.0,9.05,8.9,8.97,35520650,319171114.0
2006-09-13,sh.600036,9.01,9.33,9.0,9.19,55063981,506640868.0
2006-09-14,sh.600036,9.29,9.47,9.19,9.34,53259389,496466882.0
2006-09-15,sh.600036,9.34,9.5,9.28,9.34,44102473,414630456.0
2006-09-18,sh.600036,9.39,9.45,9.1,9.19,56337438,520533999.0
2006-09-19,sh.600036,9.2,9.51,9.2,9.49,42516906,400007859.0
2006-09-20,sh.600036,9.5,9.55,9.38,9.54,37709178,356814901.0
2006-09-21,sh.600036,9.44,9.67,9.42,9.63,57441793,548718228.0
2006-09-22,sh.600036,9.71,10.09,9.43,9.46,138237752,1350070342.0
2006-09-25,sh.600036,9.45,9.53,9.24,9.37,95753603,897706523.0
2006-09-26,sh.600036,9.36,9.42,9.03,9.12,63222818,579369536.0
2006-09-27,sh.600036,9.12,9.48,9.12,9.47,59864417,554765356.0
2006-09-28,sh.600036,9.56,9.81,9.41,9.8,71612337,690284825.0
2006-09-29,sh.600036,9.8,10.0,9.75,9.94,75513162,746400932.0
2006-10-09,sh.600036,10.35,10.48,10.07,10.39,95894349,982375508.0
2006-10-10,sh.600036,10.27,10.42,10.15,10.25,64011100,657541506.0
2006-10-11,sh.600036,10.25,10.29,10.06,10.19,47426200,481909235.0
2006-10-12,sh.600036,10.22,10.42,10.06,10.09,49880028,510564166.0
2006-10-13,sh.600036,10.09,10.31,10.02,10.23,33785588,343773192.0
2006-10-16,sh.600036,10.23,10.29,9.99,10.01,47085872,475139694.0
2006-10-17,sh.600036,10.0,10.03,9.76,9.84,59006811,584312938.0
2006-10-18,sh.600036,9.8,10.15,9.8,10.15,48276253,481495793.0
2006-10-19,sh.600036,10.15,10.22,10.01,10.07,21235514,214448950.0
2006-10-20,sh.600036,10.11,10.71,10.1,10.5,69333710,721852588.0
2006-10-23,sh.600036,10.5,10.66,10.27,10.28,44464223,465449170.0
2006-10-24,sh.600036,10.3,10.64,10.29,10.57,53393040,561506137.0
2006-10-25,sh.600036,10.58,10.91,10.54,10.59,77617987,833656258.0
2006-10-26,sh.600036,10.6,10.78,10.51,10.71,39529196,421678324.0
2006-10-27,sh.600036,10.71,10.82,10.39,10.42,51580569,546968742.0
2006-10-30,sh.600036,10.35,10.42,10.1,10.27,40283426,410730827.0
2006-10-31,sh.600036,10.22,10.49,10.22,10.41,26436398,274098867.0
2006-11-01,sh.600036,10.48,10.69,10.44,10.63,30534153,323462995.0
2006-11-02,sh.600036,10.61,10.61,10.25,10.35,32916505,342052417.0
2006-11-03,sh.600036,10.4,10.78,10.4,10.69,47208911,503015264.0
2006-11-06,sh.600036,10.5,11.02,10.46,11.0,61394827,667879139.0
2006-11-07,sh.600036,11.15,11.54,11.15,11.42,62751302,712100982.0
2006-11-08,sh.600036,11.27,11.4,11.18,11.26,47994252,541893167.0
2006-11-09,sh.600036,11.26,11.8,11.17,11.75,73770172,846202607.0
2006-11-10,sh.600036,11.77,12.6,11.75,12.26,121193989,1482790410.0
2006-11-13,sh.600036,12.18,12.68,12.06,12.26,71897006,889313617.0
2006-11-14,sh.600036,12.33,12.68,12.0,12.32,64212729,792590622.0
2006-11-15,sh.600036,12.4,12.48,11.95,12.43,95113042,1163876396.0
2006-11-16,sh.600036,12.6,13.05,12.48,12.53,96771813,1236321570.0
2006-11-17,sh.600036,12.45,12.76,12.3,12.67,66968396,839141866.0
2006-11-20,sh.600036,12.9,13.5,12.88,13.5,80452193,1055028918.0
2006-11-21,sh.600036,13.45,13.6,13.19,13.46,85408813,1143914481.0
2006-11-22,sh.600036,13.4,13.75,13.1,13.44,104206670,1391375394.0
2006-11-23,sh.600036,13.52,13.65,13.3,13.47,65916661,889200468.0
2006-11-24,sh.600036,13.2,13.35,12.95,13.04,90364243,1182294184.0
2006-11-27,sh.600036,12.81,12.91,12.38,12.6,129782892,1635446507.0
2006-11-28,sh.600036,12.53,12.75,12.42,12.58,101581033,1278029440.0
2006-11-29,sh.600036,12.26,12.87,12.18,12.72,92701404,1170796750.0
2006-11-30,sh.600036,12.8,13.13,12.6,13.1,97378288,1251591948.0
2006-12-01,sh.600036,13.11,13.15,12.83,13.02,72945073,947219014.0
2006-12-04,sh.600036,13.0,13.86,12.85,13.82,130680880,1763206158.0
2006-12-05,sh.600036,13.83,14.14,13.61,13.74,93534920,1299663145.0
2006-12-06,sh.600036,13.7,13.98,13.11,13.51,74915597,1015564054.0
2006-12-07,sh.600036,13.52,14.09,13.36,13.37,83674961,1147503730.0
2006-12-08,sh.600036,13.2,13.48,12.88,12.98,77349436,1020399487.0
2006-12-11,sh.600036,12.96,13.67,12.91,13.64,62625138,839185973.0
2006-12-12,sh.600036,13.71,14.12,13.51,13.76,82583536,1140122467.0
2006-12-13,sh.600036,13.85,14.15,13.6,13.69,90401555,1256180858.0
2006-12-14,sh.600036,13.69,13.8,13.35,13.65,69710563,943705722.0
2006-12-15,sh.600036,13.65,14.05,13.5,13.95,75677493,1045539252.0
2006-12-18,sh.600036,14.0,14.81,13.88,14.78,112100147,1602103158.0
2006-12-19,sh.600036,14.78,15.18,14.44,14.57,102819567,1521314445.0
2006-12-20,sh.600036,14.35,14.82,14.21,14.74,48310678,702222472.0
2006-12-21,sh.600036,14.64,15.19,14.64,14.78,79460771,1184666985.0
2006-12-22,sh.600036,14.7,15.3,14.68,15.04,69602309,1046719034.0
2006-12-25,sh.600036,15.05,16.16,15.05,15.54,101789824,1583809071.0
2006-12-26,sh.600036,15.4,15.79,15.3,15.51,59878204,933975416.0
2006-12-27,sh.600036,15.5,16.0,15.36,15.91,32931119,517272074.0
2006-12-28,sh.600036,15.89,16.5,15.5,15.57,75290617,1202553173.0
2006-12-29,sh.600036,15.8,16.5,15.8,16.36,91953572,1492239733.0
2007-01-04,sh.600036,16.99,17.8,15.5,15.96,153445798,2581634899.0
2007-01-05,sh.600036,15.76,15.76,15.0,15.24,112798040,1734505519.0
2007-01-08,sh.600036,15.36,16.2,15.36,16.0,96109663,1520354778.0
2007-01-09,sh.600036,15.85,16.5,15.8,16.43,93174423,1515083821.0
2007-01-10,sh.600036,16.59,16.88,16.15,16.74,74649131,1232329859.0
2007-01-11,sh.600036,16.71,16.9,16.18,16.23,74513596,1234051634.0
2007-01-12,sh.600036,16.02,16.39,15.55,15.89,65362344,1050398700.0
2007-01-15,sh.600036,15.88,16.8,15.72,16.7,69527151,1133435406.0
2007-01-16,sh.600036,16.86,17.42,16.7,17.09,86720395,1482036095.0
2007-01-17,sh.600036,17.1,17.48,16.2,16.46,74385794,1256510466.0
2007-01-18,sh.600036,16.43,16.83,15.36,15.7,98331202,1568227508.0
2007-01-19,sh.600036,16.1,16.87,16.05,16.48,82926044,1360767690.0
2007-01-22,sh.600036,16.81,17.63,16.81,17.53,108517050,1881975275.0
2007-01-23,sh.600036,17.61,19.08,17.56,18.81,129861605,2360196775.0
2007-01-24,sh.600036,18.9,19.71,18.0,18.14,123108907,2326871959.0
2007-01-25,sh.600036,18.21,18.61,17.85,18.05,90520617,1648457942.0
2007-01-26,sh.600036,17.92,19.51,17.6,19.24,98526885,1818189605.0
2007-01-29,sh.600036,19.3,19.96,18.8,19.0,121707998,2338352289.0
2007-01-30,sh.600036,19.12,19.19,18.35,18.45,86833711,1626008754.0
2007-01-31,sh.600036,18.32,18.32,16.81,17.17,94337166,1667077750.0
2007-02-01,sh.600036,16.89,17.49,16.68,16.91,85932371,1461163828.0
2007-02-02,sh.600036,17.04,17.13,16.08,16.15,88961313,1462628436.0
2007-02-05,sh.600036,16.15,16.35,15.62,15.63,68993926,1095441109.0
2007-02-06,sh.600036,15.55,16.5,14.99,16.46,168379944,2610855702.0
2007-02-07,sh.600036,16.49,17.3,16.33,16.72,134058333,2256637684.0
2007-02-08,sh.600036,16.89,16.9,16.23,16.56,61210606,1008214230.0
2007-02-09,sh.600036,16.51,16.65,15.97,16.05,60260428,976949721.0
2007-02-12,sh.600036,16.03,17.1,16.03,16.91,69267641,1152901802.0
2007-02-13,sh.600036,17.0,17.38,16.81,17.03,55088716,942097973.0
2007-02-14,sh.600036,17.04,18.02,16.88,18.0,79725636,1403028098.0
2007-02-15,sh.600036,18.18,18.36,17.74,18.11,74378366,1339787566.0
2007-02-16,sh.600036,18.21,18.34,17.7,17.85,70319834,1259355648.0
2007-02-26,sh.600036,17.3,17.31,16.83,16.85,143192622,2432572526.0
2007-02-27,sh.600036,16.96,17.05,15.26,15.34,135729030,2189223929.0
2007-02-28,sh.600036,15.36,16.13,15.32,16.09,127540287,1996435442.0
2007-03-01,sh.600036,16.08,16.09,15.33,15.58,72443588,1132740823.0
2007-03-02,sh.600036,15.47,16.0,15.38,15.64,53823764,845667296.0
2007-03-05,sh.600036,15.58,15.88,14.95,15.17,73137058,1117712899.0
2007-03-06,sh.600036,15.17,16.35,15.17,15.94,90564693,1429258979.0
2007-03-07,sh.600036,16.08,16.3,15.9,16.13,62857326,1012782382.0
2007-03-08,sh.600036,16.16,16.3,15.86,16.2,48027924,774139421.0
2007-03-09,sh.600036,16.26,16.6,16.01,16.3,81069707,1327515996.0
2007-03-12,sh.600036,16.36,16.48,15.94,16.07,66569790,1074235623.0
2007-03-13,sh.600036,16.06,16.15,15.78,15.98,51591466,820451398.0
2007-03-14,sh.600036,15.7,15.7,15.37,15.54,93101701,1441722725.0
2007-03-15,sh.600036,15.56,15.97,15.45,15.8,68468401,1072538539.0
2007-03-16,sh.600036,15.85,15.9,15.33,15.52,69606502,1087564519.0
2007-03-19,sh.600036,15.18,16.9,15.18,16.36,138834006,2251571490.0
2007-03-20,sh.600036,16.41,16.52,16.15,16.3,68033462,1110686188.0
2007-03-21,sh.600036,16.4,16.67,16.28,16.43,78973692,1302145471.0
2007-03-22,sh.600036,16.6,16.95,16.53,16.62,96741567,1617620389.0
2007-03-23,sh.600036,16.62,16.85,16.1,16.47,68717235,1133856615.0
2007-03-26,sh.600036,16.5,16.67,16.16,16.56,87553561,1433730046.0
2007-03-27,sh.600036,16.68,16.78,16.37,16.46,66320336,1093622561.0
2007-03-28,sh.600036,16.46,17.32,16.37,17.2,159739136,2691374327.0
2007-03-29,sh.600036,17.18,18.34,17.08,17.51,183262676,3252992125.0
2007-03-30,sh.600036,17.39,17.8,17.21,17.38,67660722,1183681162.0
2007-04-02,sh.600036,17.42,17.72,17.25,17.63,74176895,1298931984.0
2007-04-03,sh.600036,17.74,18.0,17.5,17.75,74834397,1326163321.0
2007-04-04,sh.600036,17.75,18.03,17.65,17.74,78833885,1404875539.0
2007-04-05,sh.600036,17.75,17.8,17.23,17.55,92702914,1618218906.0
2007-04-06,sh.600036,17.33,17.54,17.06,17.24,102995435,1773144435.0
2007-04-09,sh.600036,17.22,17.7,17.06,17.42,84569988,1470879957.0
2007-04-10,sh.600036,17.45,18.12,17.45,18.0,152667963,2732733206.0
2007-04-11,sh.600036,18.6,19.47,18.6,19.13,206828419,3949695025.0
2007-04-12,sh.600036,19.2,19.6,18.93,19.15,94202131,1817433319.0
2007-04-13,sh.600036,19.15,19.16,18.65,18.81,92632965,1758503113.0
2007-04-16,sh.600036,18.9,20.48,18.8,20.21,129084213,2526042820.0
2007-04-17,sh.600036,20.47,20.48,19.0,19.96,103835533,2057699826.0
2007-04-18,sh.600036,19.95,20.25,19.4,19.52,85303984,1680431404.0
2007-04-19,sh.600036,19.65,19.94,18.36,19.01,139926334,2676674293.0
2007-04-20,sh.600036,19.01,19.79,19.0,19.45,93871041,1825316862.0
2007-04-23,sh.600036,19.66,20.06,19.48,19.94,99646042,1975050244.0
2007-04-24,sh.600036,20.14,20.26,19.51,19.55,77354955,1535097218.0
2007-04-25,sh.600036,19.5,20.78,19.3,20.0,112273793,2250033191.0
2007-04-26,sh.600036,20.22,20.6,19.6,20.04,80169294,1609080056.0
2007-04-27,sh.600036,19.9,20.12,19.49,19.5,80922469,1596249541.0
2007-04-30,sh.600036,19.5,19.85,19.1,19.47,103574913,2009046790.0
2007-05-08,sh.600036,20.1,20.59,19.82,20.18,123442744,2486766501.0
2007-05-09,sh.600036,20.15,22.0,19.95,21.73,196451573,4117359791.0
2007-05-10,sh.600036,21.73,22.31,20.99,21.49,112354022,2440166242.0
2007-05-11,sh.600036,21.29,21.96,20.86,21.65,134248283,2847414281.0
2007-05-14,sh.600036,21.1,22.6,20.9,22.16,125127781,2763517020.0
2007-05-15,sh.600036,22.2,22.29,20.75,20.8,105174673,2252716494.0
2007-05-16,sh.600036,20.95,21.27,20.59,21.09,86610566,1810854219.0
2007-05-17,sh.600036,21.08,21.36,20.88,21.22,86254051,1823208576.0
2007-05-18,sh.600036,21.09,21.09,20.6,20.76,93895011,1954557961.0
2007-05-21,sh.600036,20.01,20.66,20.0,20.46,146459164,2977203234.0
2007-05-22,sh.600036,20.52,21.0,20.45,20.66,80432253,1665599958.0
2007-05-23,sh.600036,20.7,21.4,20.4,21.21,97119007,2033018008.0
2007-05-24,sh.600036,21.26,22.08,21.0,21.34,108436349,2334664046.0
2007-05-25,sh.600036,21.15,21.6,20.89,21.12,85273835,1818350273.0
2007-05-28,sh.600036,21.31,21.98,21.28,21.31,90491444,1950866892.0
2007-05-29,sh.600036,21.35,21.75,21.09,21.4,91959283,1962388053.0
2007-05-30,sh.600036,20.3,21.29,19.68,20.07,154780369,3172465861.0
2007-05-31,sh.600036,20.2,22.08,19.99,21.72,183342271,3867520629.0
2007-06-01,sh.600036,21.85,23.42,21.75,22.07,156234672,3528048441.0
2007-06-04,sh.600036,22.6,22.8,20.7,20.94,119076749,2562203896.0
2007-06-05,sh.600036,20.8,21.51,19.78,21.49,144984609,2984967656.0
2007-06-06,sh.600036,21.49,22.0,20.9,21.42,92002532,1976305170.0
2007-06-07,sh.600036,21.69,22.1,21.1,21.68,113170490,2440412118.0
2007-06-08,sh.600036,21.6,21.6,20.99,21.24,102072580,2163543434.0
2007-06-11,sh.600036,21.26,21.85,20.97,21.79,113217760,2421027836.0
2007-06-12,sh.600036,21.6,21.79,21.1,21.63,98067542,2098829796.0
2007-06-13,sh.600036,21.78,23.0,21.78,22.64,145122146,3266824791.0
2007-06-14,sh.600036,22.58,22.64,22.03,22.2,74720813,1669516930.0
2007-06-18,sh.600036,23.28,24.38,23.16,23.98,130105096,3094620130.0
2007-06-19,sh.600036,23.69,24.92,23.5,24.11,92123408,2244413749.0
2007-06-20,sh.600036,24.1,24.1,23.0,23.02,74293984,1751083859.0
2007-06-21,sh.600036,23.21,24.19,23.2,23.81,74453496,1768914053.0
2007-06-22,sh.600036,23.87,24.9,23.7,24.17,94682270,2303274591.0
2007-06-25,sh.600036,24.62,25.95,24.62,24.96,114513143,2888035916.0
2007-06-26,sh.600036,24.5,25.06,24.0,24.5,73768533,1798994044.0
2007-06-27,sh.600036,24.7,25.6,24.18,25.32,77164856,1922992838.0
2007-06-28,sh.600036,25.32,25.86,24.7,24.74,65365794,1659602032.0
2007-06-29,sh.600036,24.2,24.97,24.01,24.58,48200226,1183166953.0
2007-07-02,sh.600036,24.48,24.67,23.18,23.88,58961073,1404615259.0
2007-07-03,sh.600036,23.95,24.55,23.95,24.42,37841899,916511956.0
2007-07-04,sh.600036,24.4,24.56,23.75,23.93,39214608,951314435.0
2007-07-05,sh.600036,23.8,24.25,23.6,23.67,52685188,1262635370.0
2007-07-06,sh.600036,23.5,24.3,23.21,24.25,37422958,892672412.0
2007-07-09,sh.600036,24.4,25.9,24.22,25.87,59963775,1512486446.0
2007-07-10,sh.600036,26.78,28.08,26.48,27.8,113065177,3098114639.0
2007-07-11,sh.600036,27.4,27.9,27.2,27.48,52132231,1436711466.0
2007-07-12,sh.600036,27.82,27.98,27.4,27.69,27826213,769263238.0
2007-07-13,sh.600036,27.7,27.75,27.0,27.35,20721139,565198420.0
2007-07-16,sh.600036,27.36,27.48,26.13,26.32,31544623,839311744.0
2007-07-17,sh.600036,26.38,27.95,26.38,27.89,52667889,1426527711.0
2007-07-18,sh.600036,27.6,28.28,27.45,27.56,62500179,1745634768.0
2007-07-19,sh.600036,27.59,27.8,27.15,27.35,25258292,693387454.0
2007-07-20,sh.600036,27.36,29.15,27.36,28.98,65124426,1862742459.0
2007-07-23,sh.600036,29.4,30.0,28.87,29.39,80303795,2361617984.0
2007-07-24,sh.600036,29.5,30.14,28.9,29.48,46782254,1381107706.0
2007-07-25,sh.600036,29.33,29.93,29.0,29.76,50745370,1498902702.0
2007-07-26,sh.600036,30.0,30.37,29.4,29.66,55662997,1658130936.0
2007-07-27,sh.600036,29.3,29.37,28.7,29.02,75130606,2182091728.0
2007-07-30,sh.600036,28.8,29.85,28.75,29.39,49367153,1448529066.0
2007-07-31,sh.600036,29.2,29.94,28.91,29.81,46549324,1366951745.0
2007-08-01,sh.600036,30.0,30.67,28.9,29.15,61537893,1831942002.0
2007-08-02,sh.600036,29.55,30.2,29.25,30.0,52048210,1550335323.0
2007-08-03,sh.600036,30.44,33.0,30.42,33.0,89066611,2867454660.0
2007-08-06,sh.600036,33.72,34.18,33.0,33.62,86933268,2908955678.0
2007-08-07,sh.600036,33.61,33.65,32.8,33.11,70935429,2350488450.0
2007-08-08,sh.600036,32.75,35.25,32.7,34.22,81220397,2784930769.0
2007-08-09,sh.600036,34.59,36.98,34.1,36.1,80729798,2884143639.0
2007-08-10,sh.600036,36.1,37.3,35.11,36.34,84212683,3049823142.0
2007-08-13,sh.600036,36.34,37.8,35.67,36.27,79188294,2911131789.0
2007-08-14,sh.600036,36.0,36.5,35.35,36.19,46403401,1663867762.0
2007-08-15,sh.600036,36.0,37.5,35.78,36.26,53411988,1954223978.0
2007-08-16,sh.600036,36.15,36.38,34.6,35.01,81307464,2882497702.0
2007-08-17,sh.600036,34.66,35.35,32.79,33.09,118922479,4011672842.0
2007-08-20,sh.600036,34.61,36.01,34.52,35.98,65813470,2315373885.0
2007-08-21,sh.600036,35.98,37.2,35.51,36.41,66754553,2444491940.0
2007-08-22,sh.600036,35.66,37.2,35.3,36.42,70754711,2598106838.0
2007-08-23,sh.600036,36.45,37.81,36.03,37.55,72440868,2681273251.0
2007-08-24,sh.600036,37.65,39.5,37.25,39.04,65624830,2529954764.0
2007-08-27,sh.600036,38.88,39.58,37.6,38.25,80470531,3100040612.0
2007-08-28,sh.600036,37.9,38.36,37.0,37.65,55614393,2091222577.0
2007-08-29,sh.600036,37.01,38.0,36.88,37.0,49999537,1864346356.0
2007-08-30,sh.600036,37.3,37.97,37.0,37.39,39494632,1475294971.0
2007-08-31,sh.600036,37.43,38.46,37.28,38.03,44221833,1667250083.0
2007-09-03,sh.600036,38.5,39.15,38.03,38.24,47456593,1839524158.0
2007-09-04,sh.600036,38.29,38.29,37.0,37.52,61142511,2291711257.0
2007-09-05,sh.600036,37.4,38.0,36.06,36.7,59361696,2182424617.0
2007-09-06,sh.600036,37.0,37.75,36.38,36.97,61849755,2287383834.0
2007-09-07,sh.600036,36.77,36.97,35.8,35.98,66419221,2406086457.0
2007-09-10,sh.600036,35.47,36.98,35.4,36.35,48536928,1747329759.0
2007-09-11,sh.600036,36.6,36.7,34.4,34.84,54642911,1938230263.0
2007-09-12,sh.600036,34.8,35.3,34.2,34.6,51731186,1787936173.0
2007-09-13,sh.600036,34.55,35.49,34.55,35.19,41111930,1440366331.0
2007-09-14,sh.600036,35.38,35.6,34.6,34.92,42507131,1487250668.0
2007-09-17,sh.600036,35.5,36.45,35.15,35.38,58922667,2108654445.0
2007-09-18,sh.600036,35.45,35.69,34.0,34.69,56617865,1953784737.0
2007-09-19,sh.600036,35.1,36.0,34.69,35.3,44463468,1569995218.0
2007-09-20,sh.600036,35.5,36.4,35.3,35.48,40097639,1439397987.0
2007-09-21,sh.600036,35.68,36.3,34.9,35.98,45044684,1607756322.0
2007-09-24,sh.600036,35.99,37.88,35.99,37.86,63683741,2366061371.0
2007-09-25,sh.600036,37.96,38.34,36.88,36.98,35946729,1343786412.0
2007-09-26,sh.600036,36.91,38.2,36.81,37.27,41307678,1556448961.0
2007-09-27,sh.600036,37.27,37.95,37.0,37.76,36336818,1365818193.0
2007-09-28,sh.600036,38.19,38.3,37.4,38.27,64910142,2468178511.0
2007-10-08,sh.600036,39.6,41.26,38.82,40.91,87014421,3497164587.0
2007-10-09,sh.600036,40.6,41.15,39.63,40.26,25676121,1038700371.0
2007-10-10,sh.600036,40.6,42.25,40.02,40.47,43911526,1821960500.0
2007-10-11,sh.600036,41.0,43.28,40.77,42.75,82254298,3469241385.0
2007-10-12,sh.600036,42.77,43.2,39.8,41.91,51454362,2136031032.0
2007-10-15,sh.600036,41.81,42.8,40.34,41.12,41995589,1727183761.0
2007-10-16,sh.600036,42.1,43.3,41.65,42.08,38577438,1637068838.0
2007-10-17,sh.600036,41.8,42.0,40.58,40.8,28503559,1171038513.0
2007-10-18,sh.600036,40.83,41.01,39.0,39.85,40858878,1626946832.0
2007-10-19,sh.600036,40.0,41.44,40.0,40.49,37589944,1533288212.0
2007-10-23,sh.600036,40.6,42.19,40.01,41.71,51484018,2129732246.0
2007-10-24,sh.600036,42.1,43.68,42.05,42.96,59785840,2578512043.0
2007-10-25,sh.600036,42.85,43.01,41.23,41.8,52415082,2215443563.0
2007-10-26,sh.600036,41.5,43.61,41.31,43.47,46539217,2001571077.0
2007-10-29,sh.600036,43.44,46.09,43.4,44.53,37818549,1708714955.0
2007-10-30,sh.600036,44.54,45.1,44.18,44.84,19471073,868287419.0
2007-10-31,sh.600036,45.45,46.33,43.98,45.47,39969951,1793910409.0
2007-11-01,sh.600036,45.55,46.25,44.6,45.17,24507075,1112133622.0
2007-11-02,sh.600036,44.3,44.7,43.08,43.25,32969160,1442397432.0
2007-11-05,sh.600036,42.78,43.28,41.93,42.07,26626287,1132059240.0
2007-11-06,sh.600036,41.8,42.8,41.6,42.15,19551813,825049875.0
2007-11-07,sh.600036,42.45,43.4,42.35,43.34,21246978,909400086.0
2007-11-08,sh.600036,42.8,42.99,40.88,41.05,28325426,1182451225.0
2007-11-09,sh.600036,40.01,41.95,40.01,40.66,21609288,887758424.0
2007-11-12,sh.600036,39.98,41.46,39.51,40.98,33871426,1374694568.0
2007-11-13,sh.600036,41.35,42.38,39.4,40.04,29061498,1190036347.0
2007-11-14,sh.600036,41.0,41.65,39.81,41.61,26494858,1081870945.0
2007-11-15,sh.600036,41.47,42.47,41.29,41.46,17402635,728993798.0
2007-11-16,sh.600036,40.7,41.3,39.88,40.47,18718298,757211431.0
2007-11-19,sh.600036,40.47,40.66,39.0,39.17,23594205,934304921.0
2007-11-20,sh.600036,39.0,39.64,37.95,39.23,36597807,1414414163.0
2007-11-21,sh.600036,39.5,40.0,38.69,38.72,13410918,527453769.0
2007-11-22,sh.600036,38.08,38.46,37.1,37.3,24577397,927388520.0
2007-11-23,sh.600036,36.81,38.4,36.8,38.3,22897793,864713709.0
2007-11-26,sh.600036,39.0,39.5,38.04,38.28,19926648,772763982.0
2007-11-27,sh.600036,37.96,38.4,37.44,37.57,14575465,551273902.0
2007-11-28,sh.600036,37.76,38.6,37.35,37.72,26039896,991278431.0
2007-11-29,sh.600036,38.53,40.35,38.18,40.15,37320500,1463643875.0
2007-11-30,sh.600036,39.9,39.92,38.8,39.25,20171085,793940133.0
2007-12-03,sh.600036,39.05,40.5,38.7,39.73,23101378,921909203.0
2007-12-04,sh.600036,39.8,41.05,39.75,40.18,18601447,752826169.0
2007-12-05,sh.600036,40.01,41.42,40.01,41.33,21075090,858927082.0
2007-12-06,sh.600036,41.55,41.8,40.9,41.22,11277493,465826854.0
2007-12-07,sh.600036,41.48,41.59,40.88,41.33,11451889,471862659.0
2007-12-10,sh.600036,40.0,41.03,40.0,40.82,37885840,1539356662.0
2007-12-11,sh.600036,40.89,41.43,38.8,39.98,59925030,2380362119.0
2007-12-12,sh.600036,39.5,39.5,37.9,38.28,88844262,3402568193.0
2007-12-13,sh.600036,38.0,38.64,37.01,37.41,35064542,1327542154.0
2007-12-14,sh.600036,37.0,38.66,36.87,38.59,25530814,966651890.0
2007-12-17,sh.600036,38.02,38.15,35.88,36.31,47990402,1761871040.0
2007-12-18,sh.600036,36.0,36.85,35.6,36.23,26052906,945720704.0
2007-12-19,sh.600036,36.81,37.47,36.7,36.91,17159845,634865542.0
2007-12-20,sh.600036,37.3,38.05,36.91,37.81,17494344,658154615.0
2007-12-21,sh.600036,37.51,38.35,37.39,37.91,30906133,1170283069.0
2007-12-24,sh.600036,38.31,39.19,38.0,38.79,29757207,1148036676.0
2007-12-25,sh.600036,39.0,39.35,38.02,38.13,24754341,956882070.0
2007-12-26,sh.600036,38.13,38.76,37.67,38.1,33102779,1263405881.0
2007-12-27,sh.600036,38.21,39.72,37.8,39.69,48095011,1873433569.0
2007-12-28,sh.600036,39.74,40.06,39.38,39.63,54722573,2177562032.0
2008-01-02,sh.600036,39.62,39.99,38.6,38.8,34141268,1334724365.0
2008-01-03,sh.600036,38.69,38.69,36.9,37.92,61678528,2318140138.0
2008-01-04,sh.600036,37.92,38.66,37.5,38.39,40287848,1538653641.0
2008-01-07,sh.600036,38.06,39.6,38.0,39.07,50707352,1981091766.0
2008-01-08,sh.600036,39.97,41.22,39.8,40.31,72967497,2961878478.0
2008-01-09,sh.600036,40.2,41.16,40.19,40.81,31476204,1285749953.0
2008-01-10,sh.600036,41.0,41.31,40.6,41.1,32402890,1329188234.0
2008-01-11,sh.600036,41.15,42.97,41.12,42.94,44894677,1909986799.0
2008-01-14,sh.600036,43.0,43.63,42.5,43.14,33007057,1427757606.0
2008-01-15,sh.600036,43.15,43.4,41.57,41.81,36736453,1562871914.0
2008-01-16,sh.600036,41.2,41.2,39.2,39.47,56416867,2257189497.0
2008-01-17,sh.600036,38.8,40.0,38.29,39.15,43848089,1711220186.0
2008-01-18,sh.600036,39.0,40.1,38.95,39.7,26261417,1039691857.0
2008-01-21,sh.600036,39.75,40.18,36.95,37.04,45126495,1715788395.0
2008-01-22,sh.600036,36.05,37.03,34.2,35.13,70452660,2519543493.0
2008-01-23,sh.600036,36.15,37.0,34.78,36.73,49980010,1808495498.0
2008-01-24,sh.600036,37.4,37.58,35.8,36.7,37022515,1360408205.0
2008-01-25,sh.600036,36.7,38.88,35.59,37.88,44432253,1654963529.0
2008-01-28,sh.600036,37.4,37.4,35.41,35.57,27874336,1008615577.0
2008-01-29,sh.600036,36.08,36.58,34.4,35.0,24429203,863664021.0
2008-01-30,sh.600036,35.59,35.65,31.52,32.97,80825557,2702069500.0
2008-01-31,sh.600036,32.5,33.02,31.88,32.52,40491286,1309401462.0
2008-02-01,sh.600036,32.52,33.6,31.91,33.16,37830523,1248801740.0
2008-02-04,sh.600036,34.25,36.36,34.25,36.28,66781458,2397470188.0
2008-02-05,sh.600036,35.8,36.64,35.6,36.05,24425687,883959413.0
2008-02-13,sh.600036,34.9,35.33,34.3,34.59,31896316,1110022550.0
2008-02-14,sh.600036,35.01,35.85,34.55,34.83,21766632,762145800.0
2008-02-15,sh.600036,34.53,34.75,33.38,33.52,27055768,914458332.0
2008-02-18,sh.600036,34.18,35.02,33.85,34.5,36752524,1269379417.0
2008-02-19,sh.600036,34.74,35.0,34.0,34.92,23755852,819573915.0
2008-02-20,sh.600036,34.52,34.92,32.8,32.94,80579988,2686938090.0
2008-02-21,sh.600036,32.7,32.85,31.89,32.2,40193896,1298648004.0
2008-02-22,sh.600036,32.0,32.0,29.98,30.35,52391442,1600480266.0
2008-02-25,sh.600036,30.29,30.29,29.0,29.78,37725443,1114852500.0
2008-02-26,sh.600036,31.0,31.24,29.7,30.36,49994078,1526516843.0
2008-02-27,sh.600036,30.8,32.32,30.7,31.84,62152052,1975540363.0
2008-02-28,sh.600036,32.0,32.7,31.4,31.77,30843782,989636219.0
2008-02-29,sh.600036,31.81,32.51,31.78,31.97,22903770,737434245.0
2008-03-03,sh.600036,31.6,33.35,31.4,33.17,51411308,1675421982.0
2008-03-04,sh.600036,33.49,33.62,31.55,31.63,46460075,1495456488.0
2008-03-05,sh.600036,31.62,32.4,31.01,32.31,28997093,917625345.0
2008-03-06,sh.600036,32.4,34.18,31.62,33.35,46239137,1548001657.0
2008-03-07,sh.600036,32.8,34.13,32.55,33.16,29032972,972658890.0
2008-03-10,sh.600036,32.5,32.7,30.9,31.0,51170712,1615494256.0
2008-03-11,sh.600036,30.51,31.3,30.4,31.29,20568426,634993132.0
2008-03-12,sh.600036,32.35,32.75,29.5,29.67,37968575,1158955561.0
2008-03-13,sh.600036,29.68,30.85,29.1,30.27,36991037,1105612989.0
2008-03-14,sh.600036,30.15,30.18,28.7,29.32,39434932,1152963032.0
2008-03-17,sh.600036,29.0,29.94,28.0,28.67,23811947,685745108.0
2008-03-18,sh.600036,28.51,29.78,27.52,28.21,44849005,1281226344.0
2008-03-19,sh.600036,28.99,30.1,28.52,29.29,36572350,1082967880.0
2008-03-20,sh.600036,29.0,31.15,27.79,30.64,67829709,2004752426.0
2008-03-21,sh.600036,30.4,31.35,29.78,30.36,37482775,1145050263.0
2008-03-24,sh.600036,30.95,30.95,28.45,28.6,32019604,937474053.0
2008-03-25,sh.600036,28.7,30.01,27.98,29.72,45980720,1332996709.0
2008-03-26,sh.600036,30.01,31.55,30.01,30.69,61088368,1889331769.0
2008-03-27,sh.600036,30.0,31.45,29.9,30.6,50924824,1574676247.0
2008-03-28,sh.600036,30.28,33.2,30.28,32.72,80528401,2582997554.0
2008-03-31,sh.600036,31.48,32.8,31.4,32.17,57190721,1837927775.0
2008-04-01,sh.600036,31.97,33.4,30.88,31.69,60576245,1953426276.0
2008-04-02,sh.600036,32.55,33.6,31.5,32.22,93796027,3081665773.0
2008-04-03,sh.600036,31.9,33.2,30.9,33.0,60308654,1936673774.0
2008-04-07,sh.600036,32.56,33.84,32.2,33.62,54665057,1812776567.0
2008-04-08,sh.600036,33.67,33.72,32.81,33.44,36136258,1201613770.0
2008-04-09,sh.600036,33.0,33.28,31.31,31.5,37089575,1201357222.0
2008-04-10,sh.600036,31.29,32.3,31.2,32.13,22980531,730473757.0
2008-04-11,sh.600036,33.47,33.74,32.35,32.78,37181124,1226200238.0
2008-04-14,sh.600036,32.1,32.4,29.94,30.01,64025793,1980639313.0
2008-04-15,sh.600036,30.01,30.3,28.85,29.89,43749374,1287353033.0
2008-04-16,sh.600036,29.98,30.8,29.5,29.78,33003451,992180086.0
2008-04-17,sh.600036,29.78,30.75,28.95,29.37,26418177,785923087.0
2008-04-18,sh.600036,29.3,30.16,28.34,29.35,29970625,876403879.0
2008-04-21,sh.600036,32.28,32.28,29.39,30.13,55218031,1691716583.0
2008-04-22,sh.600036,29.8,31.16,28.9,31.11,49919788,1490932051.0
2008-04-23,sh.600036,30.49,32.66,30.4,32.42,69929007,2240665792.0
2008-04-24,sh.600036,34.51,35.66,33.68,35.62,201340626,7021674373.0
2008-04-25,sh.600036,35.0,35.58,34.3,34.37,93847050,3272338941.0
2008-04-28,sh.600036,33.86,34.94,33.4,33.64,47181871,1600585250.0
2008-04-29,sh.600036,33.65,34.4,33.15,33.48,39718382,1341227972.0
2008-04-30,sh.600036,33.85,35.25,33.8,35.01,78551255,2731377944.0
2008-05-05,sh.600036,35.3,35.47,34.31,34.95,57280526,1990754294.0
2008-05-06,sh.600036,34.6,34.75,33.85,33.99,39450705,1353353584.0
2008-05-07,sh.600036,33.95,34.66,32.44,32.63,50066225,1670052684.0
2008-05-08,sh.600036,32.5,33.0,32.0,32.98,28944983,942934799.0
2008-05-09,sh.600036,33.3,33.47,30.8,31.26,90295417,2848453947.0
2008-05-12,sh.600036,30.51,32.19,30.48,31.71,40721027,1268867951.0
2008-05-13,sh.600036,30.91,31.77,30.56,31.03,33859448,1053215629.0
2008-05-14,sh.600036,31.0,32.6,30.92,32.55,40368531,1294466155.0
2008-05-15,sh.600036,32.71,33.05,31.88,31.96,29343734,956035932.0
2008-05-16,sh.600036,32.01,32.67,31.81,32.09,25664442,825455131.0
2008-05-19,sh.600036,31.92,31.95,30.85,31.5,23838076,746554257.0
2008-05-20,sh.600036,31.5,31.86,30.0,30.12,29682429,920056682.0
2008-05-21,sh.600036,30.08,30.66,29.35,30.37,38699335,1153874271.0
2008-05-22,sh.600036,29.8,30.28,29.37,29.71,27211637,809904172.0
2008-05-23,sh.600036,29.61,30.16,29.3,29.8,22869241,680282347.0
2008-05-26,sh.600036,29.6,29.77,29.0,29.27,16415345,480275470.0
2008-05-27,sh.600036,29.3,29.73,29.01,29.47,16109124,474498196.0
2008-05-28,sh.600036,29.5,30.99,29.35,30.52,32789252,989274927.0
2008-05-29,sh.600036,30.25,30.65,29.63,29.66,22278540,673944536.0
2008-06-03,sh.600036,29.96,30.66,29.37,29.69,30034049,888696754.0
2008-06-04,sh.600036,29.69,29.82,28.15,28.77,44775714,1280231547.0
2008-06-05,sh.600036,28.73,28.73,28.2,28.35,23602449,670534553.0
2008-06-06,sh.600036,28.44,28.69,28.01,28.12,23387881,661209350.0
2008-06-10,sh.600036,26.74,26.79,25.31,25.31,49072961,1270697342.0
2008-06-11,sh.600036,24.99,25.26,23.62,24.1,61054152,1477627321.0
2008-06-12,sh.600036,23.98,24.09,23.2,23.4,45575612,1077529239.0
2008-06-13,sh.600036,23.61,24.01,23.28,23.32,29146639,688302489.0
2008-06-16,sh.600036,23.56,24.48,23.2,24.22,39442569,949117279.0
2008-06-17,sh.600036,24.2,24.65,23.48,23.89,19926874,479832814.0
2008-06-18,sh.600036,23.83,25.26,23.5,24.88,36055994,888036685.0
2008-06-19,sh.600036,24.9,24.9,23.29,23.55,29781842,714239953.0
2008-06-20,sh.600036,23.6,25.35,22.99,24.65,58679811,1439919968.0
2008-06-23,sh.600036,24.0,24.2,23.5,23.76,30858240,735952739.0
2008-06-24,sh.600036,23.75,24.28,23.36,24.12,33527809,800680725.0
2008-06-25,sh.600036,24.0,24.99,23.88,24.71,31610765,775194559.0
2008-06-26,sh.600036,24.85,25.12,24.1,24.63,26565282,655029714.0
2008-06-30,sh.600036,23.09,23.6,23.0,23.42,41156575,958471140.0
2008-07-01,sh.600036,23.55,23.57,21.08,21.08,65970329,1440794713.0
2008-07-02,sh.600036,21.08,21.23,20.11,20.77,61682716,1272988725.0
2008-07-03,sh.600036,20.48,21.68,20.02,21.15,41488946,864955716.0
2008-07-04,sh.600036,21.2,21.78,21.1,21.29,26224906,561071433.0
2008-07-07,sh.600036,21.63,23.1,21.35,22.67,44490625,998727324.0
2008-07-08,sh.600036,22.92,23.5,21.97,22.7,44225319,1002437115.0
2008-07-09,sh.600036,23.2,24.45,23.2,23.96,67645835,1615544602.0
2008-07-10,sh.600036,23.61,24.68,23.35,24.0,42977357,1038923879.0
2008-07-11,sh.600036,23.95,24.2,23.35,24.05,39623779,940648561.0
2008-07-14,sh.600036,23.7,24.84,23.5,24.36,33612189,816928762.0
2008-07-15,sh.600036,24.38,24.5,22.9,22.94,49613226,1159984475.0
2008-07-16,sh.600036,22.59,22.7,21.55,22.0,32904359,727533117.0
2008-07-17,sh.600036,22.68,22.88,21.75,21.96,28350526,629704965.0
2008-07-18,sh.600036,22.31,22.8,21.8,22.73,33067035,738574440.0
2008-07-21,sh.600036,22.22,23.8,22.22,23.68,38883267,902998818.0
2008-07-22,sh.600036,23.6,24.09,23.41,23.86,25433328,602739369.0
2008-07-23,sh.600036,24.1,24.6,23.97,24.07,42294650,1030114935.0
2008-07-24,sh.600036,24.31,25.45,24.31,25.41,56883749,1420585519.0
2008-07-25,sh.600036,24.89,25.45,24.71,25.0,48628354,1216462264.0
2008-07-28,sh.600036,25.14,25.8,24.58,24.74,37288695,943406844.0
2008-07-29,sh.600036,24.3,24.7,24.06,24.37,24031585,584144925.0
2008-07-30,sh.600036,24.89,24.97,24.1,24.2,27303027,665831573.0
2008-07-31,sh.600036,24.33,24.6,23.59,23.64,25178049,600720059.0
2008-08-01,sh.600036,23.5,24.99,23.4,24.48,26473328,641786353.0
2008-08-04,sh.600036,24.4,24.84,24.0,24.26,23068030,564660014.0
2008-08-05,sh.600036,24.55,24.7,23.6,23.71,24999611,603925006.0
2008-08-06,sh.600036,24.03,24.64,23.85,24.16,25408021,615284058.0
2008-08-07,sh.600036,24.13,24.55,23.51,24.13,22273579,535348687.0
2008-08-08,sh.600036,24.1,24.27,23.0,23.39,25962175,614263138.0
2008-08-11,sh.600036,23.35,24.2,22.42,22.71,30961206,721818792.0
2008-08-12,sh.600036,22.7,22.82,22.01,22.29,22643421,507630094.0
2008-08-13,sh.600036,22.11,22.25,21.37,21.81,25989334,564559936.0
2008-08-14,sh.600036,21.64,21.81,20.93,21.61,22456760,480663462.0
2008-08-15,sh.600036,21.72,22.28,21.44,21.99,20357414,448102844.0
2008-08-18,sh.600036,22.0,22.12,21.12,21.21,17924462,388963512.0
2008-08-19,sh.600036,21.14,22.19,21.06,21.89,19074017,414374026.0
2008-08-20,sh.600036,21.73,23.95,21.41,23.92,54160668,1256756448.0
2008-08-21,sh.600036,23.49,24.0,22.89,23.13,33054146,772407706.0
2008-08-22,sh.600036,22.89,23.28,22.47,22.95,21664989,495031939.0
2008-08-25,sh.600036,23.03,23.58,22.8,23.09,15037855,349383881.0
2008-08-26,sh.600036,22.8,23.4,22.52,22.88,19388678,444748757.0
2008-08-27,sh.600036,22.88,23.4,22.71,22.92,24587773,566816599.0
2008-08-28,sh.600036,22.94,23.52,22.78,22.9,19551158,451661089.0
2008-08-29,sh.600036,23.08,23.5,22.8,23.08,35497920,820911327.0
2008-09-01,sh.600036,22.87,23.08,21.48,21.56,35338666,774888568.0
2008-09-02,sh.600036,21.33,21.42,20.65,20.88,46391027,969905321.0
2008-09-03,sh.600036,20.88,21.05,19.95,20.26,53103735,1074770101.0
2008-09-04,sh.600036,20.17,20.61,19.89,20.46,22280230,449297820.0
2008-09-05,sh.600036,19.98,20.25,19.72,20.0,28326136,566564473.0
2008-09-08,sh.600036,20.09,20.35,19.88,20.09,27778529,558077001.0
2008-09-09,sh.600036,20.2,20.25,19.9,20.18,16919688,339845035.0
2008-09-10,sh.600036,19.99,20.35,19.38,19.8,27383375,542599974.0
2008-09-11,sh.600036,19.69,19.69,17.94,18.04,46155553,863843889.0
2008-09-12,sh.600036,18.19,18.28,17.7,17.85,37011109,662727985.0
2008-09-16,sh.600036,16.9,16.9,16.07,16.07,81484766,1312260858.0
2008-09-17,sh.600036,15.2,15.5,14.46,14.47,150530608,2233786791.0
2008-09-18,sh.600036,13.81,15.36,13.7,14.92,122870912,1758244541.0
2008-09-19,sh.600036,16.41,16.41,16.29,16.41,34958357,573264747.0
2008-09-22,sh.600036,18.05,18.05,17.3,18.05,171054743,3070803806.0
2008-09-23,sh.600036,17.2,18.01,17.01,17.13,94924172,1655795957.0
2008-09-24,sh.600036,16.7,16.96,16.1,16.83,44942824,740220816.0
2008-09-25,sh.600036,16.87,18.11,16.7,17.6,65450751,1144154309.0
2008-09-26,sh.600036,17.6,17.8,17.03,17.62,53503560,937605223.0
2008-10-06,sh.600036,17.1,17.1,15.86,15.86,61283400,999045443.0
2008-10-07,sh.600036,15.0,16.01,14.83,15.59,52647948,809934554.0
2008-10-08,sh.600036,14.9,15.02,14.1,14.29,84996854,1229509301.0
2008-10-09,sh.600036,14.66,14.7,13.97,14.39,52329473,751277266.0
2008-10-10,sh.600036,13.68,14.3,13.45,13.84,52944385,731331156.0
2008-10-13,sh.600036,13.81,15.22,13.7,15.22,79562831,1171756596.0
2008-10-14,sh.600036,15.99,16.18,14.9,14.93,94038109,1476264325.0
2008-10-15,sh.600036,14.91,15.27,14.66,15.2,48543042,732137591.0
2008-10-16,sh.600036,14.0,14.88,13.95,14.33,46806424,673378463.0
2008-10-17,sh.600036,14.6,14.79,13.9,14.18,34834419,495382587.0
2008-10-20,sh.600036,14.15,14.89,13.9,14.87,51557491,738736226.0
2008-10-21,sh.600036,14.87,15.2,14.6,14.63,54859241,819377798.0
2008-10-22,sh.600036,14.35,14.75,14.1,14.12,39634049,569747948.0
2008-10-23,sh.600036,13.8,13.8,12.8,13.49,76445137,1017095857.0
2008-10-24,sh.600036,13.48,13.48,12.14,12.14,118994183,1495600695.0
2008-10-27,sh.600036,11.88,11.96,10.93,11.15,70521977,809071999.0
2008-10-28,sh.600036,10.93,12.09,10.68,11.8,107721279,1232232438.0
2008-10-29,sh.600036,11.84,12.32,11.6,11.72,86715981,1030374940.0
2008-10-30,sh.600036,11.83,12.4,11.32,12.17,71595590,863939491.0
2008-10-31,sh.600036,12.13,12.13,11.58,11.69,40943501,483224010.0
2008-11-03,sh.600036,11.42,12.07,11.29,11.75,31526642,373995767.0
2008-11-04,sh.600036,11.75,11.81,11.11,11.6,41048235,472870738.0
2008-11-05,sh.600036,11.76,12.76,11.76,12.71,126190036,1586328056.0
2008-11-06,sh.600036,12.18,12.36,11.98,12.07,92118776,1118742022.0
2008-11-07,sh.600036,11.69,12.9,11.6,12.52,96217014,1192467865.0
2008-11-10,sh.600036,12.85,13.77,12.77,13.71,144773867,1943127103.0
2008-11-11,sh.600036,13.49,13.77,13.28,13.42,90262232,1220376656.0
2008-11-12,sh.600036,13.22,13.98,13.16,13.58,71483372,970208735.0
2008-11-13,sh.600036,13.26,14.37,13.02,14.02,125604307,1719379638.0
2008-11-14,sh.600036,14.11,14.48,13.86,14.25,106021224,1503303511.0
2008-11-17,sh.600036,14.2,14.59,14.0,14.45,101718541,1450716754.0
2008-11-18,sh.600036,14.33,14.47,13.01,13.01,128372531,1749239330.0
2008-11-19,sh.600036,12.98,13.97,12.87,13.84,97462018,1309192377.0
2008-11-20,sh.600036,13.4,13.75,13.08,13.34,84011309,1124241590.0
2008-11-21,sh.600036,12.78,13.8,12.44,13.21,97761876,1279175892.0
2008-11-24,sh.600036,13.2,13.2,12.48,12.54,65209959,827844274.0
2008-11-25,sh.600036,12.9,13.0,12.12,12.35,60544760,757961378.0
2008-11-26,sh.600036,12.38,12.45,12.07,12.26,50918263,623838000.0
2008-11-27,sh.600036,13.01,13.27,12.28,12.33,131266986,1679336509.0
2008-11-28,sh.600036,12.15,12.25,11.5,11.68,84330431,996000355.0
2008-12-01,sh.600036,11.68,11.96,11.39,11.88,54648501,642206231.0
2008-12-02,sh.600036,11.5,11.99,11.45,11.73,74413961,869603097.0
2008-12-03,sh.600036,11.95,12.51,11.89,12.49,134816383,1649688241.0
2008-12-04,sh.600036,12.85,13.41,12.67,12.85,164456311,2147668948.0
2008-12-05,sh.600036,12.7,13.1,12.65,13.06,78144546,1011788970.0
2008-12-08,sh.600036,13.3,14.18,13.28,14.14,165646702,2277153973.0
2008-12-09,sh.600036,14.19,14.2,13.4,13.48,131185671,1811476318.0
2008-12-10,sh.600036,13.48,14.47,13.48,14.4,174990792,2457850570.0
2008-12-11,sh.600036,14.17,14.41,13.78,14.01,114742177,1613404562.0
2008-12-12,sh.600036,13.75,13.86,12.93,13.16,122461022,1626433692.0
2008-12-15,sh.600036,13.45,13.47,12.84,13.11,64688213,853164927.0
2008-12-16,sh.600036,12.88,13.06,12.43,12.97,71263716,907689616.0
2008-12-17,sh.600036,13.0,13.22,12.65,12.91,75069381,973944276.0
2008-12-18,sh.600036,12.93,13.75,12.72,13.66,98875026,1320526520.0
2008-12-19,sh.600036,13.54,14.2,13.45,13.74,105263825,1454918089.0
2008-12-22,sh.600036,13.8,13.82,13.26,13.41,58416227,787982257.0
2008-12-23,sh.600036,13.36,13.36,12.67,12.83,78737475,1019040503.0
2008-12-24,sh.600036,12.6,12.95,12.58,12.69,51105380,651972196.0
2008-12-25,sh.600036,12.72,12.88,12.26,12.37,45127497,566430736.0
2008-12-26,sh.600036,12.38,12.51,12.28,12.36,39850672,493574908.0
2008-12-29,sh.600036,12.24,12.38,12.03,12.27,35348309,430778279.0
2008-12-30,sh.600036,12.28,12.55,12.05,12.16,48572364,598640931.0
2008-12-31,sh.600036,12.22,12.4,12.06,12.16,35542743,433450818.0
2009-01-05,sh.600036,12.42,12.62,12.24,12.59,62110710,770104704.0
2009-01-06,sh.600036,12.65,13.2,12.58,13.1,86854664,1125511545.0
2009-01-07,sh.600036,13.04,13.42,12.85,12.87,70129340,922657518.0
2009-01-08,sh.600036,12.6,12.6,12.18,12.24,83826285,1033089569.0
2009-01-09,sh.600036,12.24,12.51,12.2,12.45,56470063,698409944.0
2009-01-12,sh.600036,12.42,12.65,12.26,12.33,67497424,839299835.0
2009-01-13,sh.600036,11.99,12.14,11.78,12.02,68632942,822954584.0
2009-01-14,sh.600036,12.0,12.88,11.99,12.77,82343426,1030325719.0
2009-01-15,sh.600036,12.56,13.05,12.36,12.54,96844274,1227342647.0
2009-01-16,sh.600036,12.68,13.5,12.68,13.18,154883407,2044224150.0
2009-01-19,sh.600036,13.36,14.09,13.36,13.46,134459496,1845402750.0
2009-01-20,sh.600036,13.42,13.6,13.27,13.57,52390630,705534523.0
2009-01-21,sh.600036,13.22,14.07,13.22,13.66,100769138,1385590653.0
2009-01-22,sh.600036,13.81,13.95,13.56,13.76,47505291,652348485.0
2009-01-23,sh.600036,13.66,13.81,13.39,13.51,47979392,650250482.0
2009-02-02,sh.600036,13.64,13.75,13.4,13.5,38806104,526548120.0
2009-02-03,sh.600036,13.51,14.09,13.48,13.91,58522067,810861532.0
2009-02-04,sh.600036,14.0,14.55,13.99,14.5,100235792,1436089402.0
2009-02-05,sh.600036,14.5,15.0,14.35,14.49,104183872,1534919576.0
2009-02-06,sh.600036,14.54,15.0,14.5,14.99,76556062,1136065331.0
2009-02-09,sh.600036,15.29,15.4,14.74,15.04,120127545,1811621165.0
2009-02-10,sh.600036,14.96,14.99,14.41,14.86,114105452,1679551902.0
2009-02-11,sh.600036,14.48,15.22,14.26,14.93,212153129,3109573874.0
2009-02-12,sh.600036,14.9,14.97,14.1,14.36,157720500,2270899376.0
2009-02-13,sh.600036,14.39,14.92,14.2,14.81,172923689,2523234214.0
2009-02-16,sh.600036,14.96,15.98,14.96,15.93,240941272,3709939376.0
2009-02-17,sh.600036,15.78,16.19,15.41,15.44,215700958,3400945197.0
2009-02-18,sh.600036,15.02,15.37,14.48,14.58,184727803,2754307336.0
2009-02-19,sh.600036,14.7,14.85,14.0,14.35,128687611,1851941445.0
2009-02-20,sh.600036,14.25,14.45,13.92,14.4,119493597,1696323769.0
2009-02-23,sh.600036,14.19,14.95,13.85,14.76,182474222,2648117494.0
2009-02-24,sh.600036,14.45,14.74,13.79,13.8,170298464,2420121005.0
2009-02-25,sh.600036,14.0,15.18,13.45,14.92,324430539,4659765968.0
2009-02-26,sh.600036,14.69,15.45,14.01,14.27,384334372,5751822256.0
2009-03-02,sh.600036,14.55,14.9,13.5,14.62,229556659,3290426494.0
2009-03-03,sh.600036,14.06,14.45,13.88,14.05,142871132,2014528540.0
2009-03-04,sh.600036,14.08,15.4,14.0,15.19,266750042,3946482672.0
2009-03-05,sh.600036,15.27,16.13,15.12,15.69,349635609,5437825122.0
2009-03-06,sh.600036,15.2,15.9,15.18,15.78,208773366,3244153334.0
2009-03-09,sh.600036,15.87,16.27,14.98,15.0,206538468,3217566648.0
2009-03-10,sh.600036,14.8,14.98,14.37,14.9,136408728,1999665856.0
2009-03-11,sh.600036,15.39,15.39,14.49,14.59,194670153,2899833655.0
2009-03-12,sh.600036,14.45,14.55,13.99,14.33,145848314,2071778403.0
2009-03-13,sh.600036,14.45,14.6,14.15,14.23,117668165,1691439282.0
2009-03-16,sh.600036,14.14,14.66,14.0,14.52,108107682,1553801631.0
2009-03-17,sh.600036,14.5,15.09,14.4,14.98,164295674,2426548581.0
2009-03-18,sh.600036,15.18,15.24,14.76,14.86,158179932,2367256058.0
2009-03-19,sh.600036,14.89,15.13,14.78,15.06,125378583,1877050454.0
2009-03-20,sh.600036,15.08,15.2,14.6,14.83,132791799,1973806819.0
2009-03-23,sh.600036,14.81,15.36,14.65,15.26,194466702,2930297797.0
2009-03-24,sh.600036,15.65,15.75,15.17,15.21,198270326,3061908096.0
2009-03-25,sh.600036,15.0,15.51,14.95,14.99,145014044,2200272521.0
2009-03-26,sh.600036,15.04,16.1,15.03,16.03,283195371,4395524788.0
2009-03-27,sh.600036,16.05,16.21,15.78,15.93,205936235,3288379484.0
2009-03-30,sh.600036,16.04,16.25,15.81,16.0,146150006,2345077458.0
2009-03-31,sh.600036,15.62,16.17,15.41,15.93,143812749,2271123012.0
2009-04-01,sh.600036,16.18,16.3,15.95,16.19,181564929,2929299914.0
2009-04-02,sh.600036,16.3,16.9,16.27,16.51,203994795,3388514735.0
2009-04-03,sh.600036,16.72,17.31,16.68,16.87,204502931,3464503247.0
2009-04-07,sh.600036,16.79,16.98,16.38,16.63,135059127,2245970617.0
2009-04-08,sh.600036,16.49,16.55,15.65,15.69,179724908,2879554613.0
2009-04-09,sh.600036,15.65,15.9,15.45,15.88,128299702,2009762363.0
2009-04-10,sh.600036,16.1,16.19,15.8,16.14,207494423,3318884273.0
2009-04-13,sh.600036,16.22,16.49,15.94,16.37,204890029,3319472483.0
2009-04-14,sh.600036,16.27,16.48,16.15,16.34,152228893,2482411411.0
2009-04-15,sh.600036,16.34,16.34,15.81,16.12,160175599,2570000881.0
2009-04-16,sh.600036,16.12,16.45,15.81,16.27,205494807,3323903411.0
2009-04-17,sh.600036,16.13,16.34,15.88,15.95,130217891,2089978148.0
2009-04-20,sh.600036,15.96,16.37,15.96,16.35,140961313,2285198485.0
2009-04-21,sh.600036,16.07,16.22,15.85,16.02,129850610,2081633064.0
2009-04-22,sh.600036,16.14,16.38,15.45,15.54,179408199,2867153275.0
2009-04-23,sh.600036,15.41,15.66,15.38,15.59,81016984,1256659754.0
2009-04-24,sh.600036,15.65,15.69,15.18,15.27,125722628,1937913677.0
2009-04-27,sh.600036,15.41,15.5,15.13,15.21,113754459,1740522065.0
2009-04-28,sh.600036,15.03,15.38,14.98,15.19,86287408,1308578340.0
2009-04-29,sh.600036,15.17,16.3,15.03,15.92,204949274,3223489902.0
2009-04-30,sh.600036,15.69,15.82,15.42,15.5,164075599,2552589265.0
2009-05-04,sh.600036,15.58,16.02,15.44,15.89,139460443,2203011290.0
2009-05-05,sh.600036,16.1,16.36,16.01,16.16,149863789,2422951455.0
2009-05-06,sh.600036,16.2,16.36,16.07,16.16,141527482,2293033786.0
2009-05-07,sh.600036,16.27,16.56,16.12,16.3,202388154,3303367159.0
2009-05-08,sh.600036,16.27,17.4,16.2,17.29,359710700,6072055915.0
2009-05-11,sh.600036,17.38,18.0,16.9,16.96,337228248,5932316445.0
2009-05-12,sh.600036,16.85,17.6,16.74,17.55,156973831,2685100055.0
2009-05-13,sh.600036,17.57,17.83,17.25,17.75,143014138,2515341146.0
2009-05-14,sh.600036,17.4,17.5,17.06,17.23,103206661,1782637219.0
2009-05-15,sh.600036,17.38,17.45,16.99,17.17,73690353,1266718996.0
2009-05-18,sh.600036,17.0,17.07,16.61,17.03,97326400,1636029953.0
2009-05-19,sh.600036,17.25,17.42,16.98,17.12,109664720,1884090356.0
2009-05-20,sh.600036,17.14,17.14,16.71,16.73,87943017,1481256044.0
2009-05-21,sh.600036,16.65,16.86,16.42,16.46,96467904,1600761181.0
2009-05-22,sh.600036,16.35,16.72,16.34,16.65,63793806,1053829256.0
2009-05-25,sh.600036,16.25,16.69,16.2,16.6,79359046,1308220476.0
2009-05-26,sh.600036,16.6,16.7,16.28,16.29,76237169,1249250468.0
2009-05-27,sh.600036,16.38,17.11,16.35,16.86,133110101,2232421626.0
2009-06-01,sh.600036,17.19,18.0,17.19,17.8,225721792,3989386210.0
2009-06-02,sh.600036,18.03,18.46,17.8,17.81,181002999,3289426174.0
2009-06-03,sh.600036,17.84,19.26,17.84,19.08,212630520,3974314691.0
2009-06-04,sh.600036,18.89,19.76,18.84,19.47,183788450,3550326764.0
2009-06-05,sh.600036,19.49,19.63,19.15,19.2,75697496,1463845614.0
2009-06-08,sh.600036,19.22,20.4,19.02,19.81,124814072,2467443777.0
2009-06-09,sh.600036,19.8,19.97,19.17,19.68,84403813,1649468123.0
2009-06-10,sh.600036,19.68,20.1,19.65,19.79,65998558,1311204665.0
2009-06-11,sh.600036,19.8,20.5,19.74,20.21,90765962,1836137037.0
2009-06-12,sh.600036,20.1,20.44,19.3,19.66,82107696,1630627848.0
2009-06-15,sh.600036,19.64,21.19,19.64,21.15,144366784,2959534238.0
2009-06-16,sh.600036,20.88,21.58,20.78,21.15,104119287,2203268974.0
2009-06-17,sh.600036,21.03,21.76,20.68,21.5,70165199,1482545556.0
2009-06-18,sh.600036,21.54,22.56,21.54,22.23,122419016,2708862033.0
2009-06-22,sh.600036,22.65,22.92,22.1,22.22,90931931,2047166841.0
2009-06-23,sh.600036,21.91,23.1,21.5,22.5,110058061,2446821475.0
2009-06-24,sh.600036,22.22,22.4,21.41,21.76,140997769,3062749632.0
2009-06-25,sh.600036,21.7,22.06,21.48,21.75,81187563,1764698710.0
2009-06-26,sh.600036,21.82,22.16,21.66,21.89,59553517,1304091379.0
2009-06-29,sh.600036,22.19,22.88,22.03,22.75,83068402,1867983103.0
2009-06-30,sh.600036,22.89,22.9,22.15,22.41,67251027,1509170389.0
2009-07-01,sh.600036,22.4,23.15,22.08,23.03,91389509,2082276343.0
2009-07-02,sh.600036,23.15,23.48,22.85,22.98,95558277,2210448969.0
2009-07-03,sh.600036,17.49,18.67,17.35,18.59,139088012,2526165383.0
2009-07-06,sh.600036,18.57,19.23,18.31,18.82,134485587,2533042523.0
2009-07-07,sh.600036,18.83,19.11,18.48,18.64,119415321,2244090825.0
2009-07-08,sh.600036,18.49,18.49,17.6,18.28,164079314,2970014721.0
2009-07-09,sh.600036,18.2,18.33,17.78,18.27,134455934,2424594550.0
2009-07-10,sh.600036,18.3,18.44,17.97,18.35,108071532,1967624721.0
2009-07-13,sh.600036,18.25,18.26,17.81,17.86,115658164,2077085957.0
2009-07-14,sh.600036,17.89,18.26,17.89,18.17,119085554,2156268423.0
2009-07-15,sh.600036,18.23,18.46,18.1,18.23,116874569,2127623225.0
2009-07-16,sh.600036,18.37,19.0,18.14,18.63,194247088,3614415488.0
2009-07-17,sh.600036,18.64,18.71,18.3,18.44,105035668,1941365705.0
2009-07-20,sh.600036,18.49,18.62,18.2,18.49,114923954,2114221145.0
2009-07-21,sh.600036,18.53,19.06,18.39,18.57,147676629,2774113329.0
2009-07-22,sh.600036,18.65,19.12,18.44,19.05,174572996,3278744160.0
2009-07-23,sh.600036,19.03,19.77,18.8,19.41,164837180,3186165441.0
2009-07-24,sh.600036,19.56,19.8,19.04,19.5,120579872,2336039992.0
2009-07-27,sh.600036,19.5,19.92,19.38,19.69,98508103,1939662844.0
2009-07-28,sh.600036,19.69,19.72,18.8,19.4,109166786,2117296541.0
2009-07-29,sh.600036,19.37,19.91,17.9,18.56,164395975,3148252908.0
2009-07-30,sh.600036,18.68,19.6,18.68,19.33,182580170,3505127161.0
2009-07-31,sh.600036,19.5,19.85,19.35,19.64,117063243,2293988249.0
2009-08-03,sh.600036,19.75,19.79,19.0,19.51,118095237,2292391390.0
2009-08-04,sh.600036,19.56,19.56,18.81,19.05,122220190,2329286352.0
2009-08-05,sh.600036,19.0,19.05,18.58,18.64,131881062,2466828795.0
2009-08-06,sh.600036,18.5,18.64,17.75,18.27,141681928,2569032746.0
2009-08-07,sh.600036,18.27,18.56,17.87,17.98,105667257,1929504833.0
2009-08-10,sh.600036,18.15,18.28,17.51,17.84,84816931,1518304510.0
2009-08-11,sh.600036,17.9,18.0,17.52,17.85,65906579,1173091109.0
2009-08-12,sh.600036,17.87,18.18,17.38,17.41,117123169,2069670041.0
2009-08-13,sh.600036,17.46,17.88,16.79,17.68,123483810,2138912739.0
2009-08-14,sh.600036,17.35,17.65,17.11,17.26,112413908,1952775692.0
2009-08-17,sh.600036,17.1,17.1,15.98,16.16,138011221,2273011062.0
2009-08-18,sh.600036,15.91,16.25,15.51,16.02,93973557,1498320291.0
2009-08-19,sh.600036,16.04,16.5,15.48,15.67,97392624,1558164372.0
2009-08-20,sh.600036,15.7,16.19,15.68,16.14,97986989,1561030590.0
2009-08-21,sh.600036,16.05,16.54,15.88,16.24,104184913,1687574319.0
2009-08-24,sh.600036,16.33,16.4,15.75,16.03,118430258,1894217227.0
2009-08-25,sh.600036,15.99,15.99,14.58,15.05,160647121,2433471741.0
2009-08-26,sh.600036,15.0,15.35,14.81,15.2,116152762,1760154259.0
2009-08-27,sh.600036,15.2,15.44,14.86,15.05,94235523,1421672548.0
2009-08-28,sh.600036,15.04,15.19,14.36,14.54,118867853,1739121738.0
2009-08-31,sh.600036,14.0,14.0,13.57,13.63,136848228,1885178393.0
2009-09-01,sh.600036,13.66,14.2,13.65,13.95,116309914,1623423888.0
2009-09-02,sh.600036,13.8,14.65,13.71,14.47,125599909,1804015755.0
2009-09-03,sh.600036,14.55,15.25,14.4,15.2,133105182,1988710281.0
2009-09-04,sh.600036,15.29,15.56,15.12,15.23,86176687,1318824968.0
2009-09-07,sh.600036,15.4,15.55,15.07,15.21,78419348,1204986033.0
2009-09-08,sh.600036,15.14,15.42,14.89,15.4,74444598,1130631320.0
2009-09-09,sh.600036,15.49,15.52,15.0,15.29,76185461,1162575587.0
2009-09-10,sh.600036,15.27,15.34,14.99,15.13,61707566,934873269.0
2009-09-11,sh.600036,15.11,16.0,15.0,15.82,125674518,1966417416.0
2009-09-14,sh.600036,15.85,15.95,15.71,15.9,81270542,1288111151.0
2009-09-15,sh.600036,15.95,16.19,15.8,16.02,79346964,1269623165.0
2009-09-16,sh.600036,15.9,16.1,15.52,15.68,72001289,1137016363.0
2009-09-17,sh.600036,15.8,16.05,15.75,15.87,72214136,1148669954.0
2009-09-18,sh.600036,15.9,15.94,15.16,15.27,88216691,1373714950.0
2009-09-21,sh.600036,15.15,15.31,14.81,15.22,71365389,1072444243.0
2009-09-22,sh.600036,15.18,15.4,14.75,14.81,73896958,1110864563.0
2009-09-23,sh.600036,14.84,15.05,14.45,14.6,69770315,1026109835.0
2009-09-24,sh.600036,14.61,15.27,14.36,14.98,103874379,1535307302.0
2009-09-25,sh.600036,14.82,15.04,14.65,14.8,66158298,982446773.0
2009-09-28,sh.600036,14.82,14.95,14.4,14.46,42579621,625353311.0
2009-09-29,sh.600036,14.55,14.84,14.4,14.58,82212986,1199973447.0
2009-09-30,sh.600036,14.73,14.97,14.61,14.78,50487833,747045955.0
2009-10-09,sh.600036,15.1,15.55,15.03,15.51,86281604,1324277177.0
2009-10-12,sh.600036,15.7,16.01,15.56,15.59,90278625,1428746106.0
2009-10-13,sh.600036,15.56,16.0,15.51,15.99,96875888,1540481660.0
2009-10-14,sh.600036,16.01,16.13,15.8,15.85,164340652,2627065036.0
2009-10-15,sh.600036,16.04,16.2,15.78,15.8,98744619,1580411077.0
2009-10-16,sh.600036,15.85,16.07,15.67,15.98,77339754,1229679274.0
2009-10-20,sh.600036,16.52,16.85,16.45,16.73,167108935,2782738969.0
2009-10-21,sh.600036,16.73,17.19,16.6,16.9,127206267,2161300875.0
2009-10-22,sh.600036,16.88,17.26,16.81,16.95,83418555,1422127926.0
2009-10-23,sh.600036,16.96,17.85,16.96,17.71,137864942,2420767226.0
2009-10-26,sh.600036,17.73,18.1,17.73,18.0,97238189,1743680550.0
2009-10-27,sh.600036,17.8,18.08,17.58,17.7,96532198,1720813231.0
2009-10-28,sh.600036,17.63,17.82,17.0,17.51,92177473,1607841949.0
2009-10-29,sh.600036,17.11,17.51,17.0,17.06,81222860,1395416999.0
2009-10-30,sh.600036,17.4,18.1,17.25,17.77,119065148,2117013259.0
2009-11-02,sh.600036,17.15,19.0,17.1,18.69,193315489,3522458630.0
2009-11-03,sh.600036,18.7,19.1,18.69,18.81,107689476,2035113892.0
2009-11-04,sh.600036,18.8,19.1,18.5,18.91,96773560,1823913453.0
2009-11-05,sh.600036,18.87,19.0,18.59,18.82,64842683,1216933884.0
2009-11-06,sh.600036,18.92,19.25,18.72,18.83,69266817,1314683981.0
2009-11-09,sh.600036,18.83,18.87,18.3,18.66,67045849,1245005057.0
2009-11-10,sh.600036,18.79,18.96,18.58,18.68,67640859,1269969101.0
2009-11-11,sh.600036,18.61,18.61,18.17,18.29,84883007,1557549202.0
2009-11-12,sh.600036,18.35,18.55,18.0,18.1,91189898,1663950606.0
2009-11-13,sh.600036,18.11,18.38,17.91,18.36,86648686,1570106157.0
2009-11-16,sh.600036,18.42,18.88,18.42,18.85,94915183,1776762005.0
2009-11-17,sh.600036,18.99,19.38,18.9,18.99,102361771,1960165652.0
2009-11-18,sh.600036,19.1,19.15,18.73,18.82,60906272,1149114894.0
2009-11-19,sh.600036,18.82,18.93,18.24,18.49,127925857,2363664678.0
2009-11-20,sh.600036,18.49,18.55,18.2,18.4,75792373,1389541685.0
2009-11-23,sh.600036,18.41,18.57,18.3,18.53,71300191,1314565137.0
2009-11-24,sh.600036,18.61,18.68,17.87,17.89,129552949,2370358466.0
2009-11-25,sh.600036,17.95,18.17,17.4,18.06,155182516,2747003435.0
2009-11-26,sh.600036,17.94,17.94,17.02,17.22,161415535,2819123042.0
2009-11-27,sh.600036,17.0,17.44,16.7,16.91,110547294,1872011048.0
2009-11-30,sh.600036,17.1,17.3,16.91,17.29,86391749,1481611756.0
2009-12-01,sh.600036,17.24,17.48,16.86,17.39,122268531,2094568184.0
2009-12-02,sh.600036,17.42,17.72,17.3,17.41,106841555,1872278600.0
2009-12-03,sh.600036,17.41,17.41,17.12,17.24,70698049,1218466685.0
2009-12-04,sh.600036,17.17,18.1,16.96,18.04,235445241,4167711371.0
2009-12-07,sh.600036,18.05,18.3,17.9,18.1,124567964,2259393220.0
2009-12-08,sh.600036,18.15,18.22,17.75,17.82,76144628,1364974339.0
2009-12-09,sh.600036,17.52,17.69,17.3,17.37,66018510,1152946559.0
2009-12-10,sh.600036,17.53,17.7,17.28,17.49,46929830,822146821.0
2009-12-11,sh.600036,17.58,17.89,17.48,17.62,49658791,880561155.0
2009-12-14,sh.600036,17.5,18.22,17.21,18.03,127302522,2265384997.0
2009-12-15,sh.600036,17.9,18.27,17.76,17.94,78864543,1423022500.0
2009-12-16,sh.600036,17.88,18.32,17.8,17.9,80020768,1446426935.0
2009-12-17,sh.600036,18.06,18.2,17.39,17.5,73405221,1298305349.0
2009-12-18,sh.600036,17.3,17.53,16.96,17.18,69406555,1194001076.0
2009-12-21,sh.600036,17.11,17.3,16.58,16.82,81248357,1367736655.0
2009-12-22,sh.600036,16.9,16.96,16.08,16.33,81580952,1338994727.0
2009-12-23,sh.600036,16.32,16.42,16.0,16.29,58004323,940796825.0
2009-12-24,sh.600036,16.4,16.8,16.1,16.69,71117337,1171756791.0
2009-12-25,sh.600036,16.55,16.68,16.33,16.4,55008064,903887635.0
2009-12-28,sh.600036,16.45,17.04,16.4,16.79,80164194,1348994806.0
2009-12-29,sh.600036,16.8,17.24,16.7,17.17,71441718,1215131764.0
2009-12-30,sh.600036,17.21,18.15,17.16,18.02,227276749,4059747325.0
2009-12-31,sh.600036,18.05,18.24,17.85,18.05,101541368,1831678969.0
2010-01-04,sh.600036,17.93,18.11,17.66,17.71,74613558,1332370091.0
2010-01-05,sh.600036,17.71,18.0,17.34,17.73,91401373,1615349974.0
2010-01-06,sh.600036,17.69,17.69,17.31,17.36,77427706,1348702948.0
2010-01-07,sh.600036,17.33,17.43,16.78,16.91,101943196,1742282280.0
2010-01-08,sh.600036,16.88,16.98,16.68,16.91,80359862,1351767271.0
2010-01-11,sh.600036,17.88,17.91,16.8,16.94,146569250,2530625181.0
2010-01-12,sh.600036,16.88,17.17,16.45,17.07,112189832,1879278148.0
2010-01-13,sh.600036,16.52,16.7,15.97,16.15,205223276,3344313047.0
2010-01-14,sh.600036,16.2,16.35,15.95,16.33,124717572,2011436062.0
2010-01-15,sh.600036,16.27,16.46,16.03,16.31,87302199,1417365938.0
2010-01-18,sh.600036,16.1,16.29,15.99,16.18,96022634,1546142296.0
2010-01-19,sh.600036,16.22,16.4,16.16,16.25,98444269,1601316552.0
2010-01-20,sh.600036,16.29,16.31,15.82,15.86,107880628,1725434301.0
2010-01-21,sh.600036,15.88,16.3,15.8,16.15,91285813,1469683734.0
2010-01-22,sh.600036,16.0,16.85,15.95,16.67,194447102,3191885833.0
2010-01-25,sh.600036,16.39,16.79,16.15,16.23,95604860,1565828495.0
2010-01-26,sh.600036,16.23,16.36,15.9,16.09,97364890,1565571395.0
2010-01-27,sh.600036,16.11,16.17,15.4,15.44,141106541,2206603674.0
2010-01-28,sh.600036,15.43,15.43,14.98,15.13,111465663,1690862734.0
2010-01-29,sh.600036,15.0,15.5,14.94,15.17,92338067,1411179098.0
2010-02-01,sh.600036,15.19,15.42,14.86,15.29,87195690,1313666473.0
2010-02-02,sh.600036,15.4,15.88,15.31,15.63,112323804,1758471919.0
2010-02-03,sh.600036,15.66,16.09,15.39,15.99,98754882,1563011931.0
2010-02-04,sh.600036,15.8,16.05,15.76,15.85,50717779,805695722.0
2010-02-05,sh.600036,15.6,15.74,15.29,15.48,55600840,861379137.0
2010-02-08,sh.600036,15.48,15.6,15.08,15.13,53513964,815924760.0
2010-02-09,sh.600036,15.15,15.39,15.11,15.31,42953660,655032980.0
2010-02-10,sh.600036,15.42,15.6,15.35,15.53,42895905,664539417.0
2010-02-11,sh.600036,15.58,15.71,15.49,15.56,38843244,605445056.0
2010-02-12,sh.600036,15.66,15.81,15.61,15.78,39007663,614206831.0
2010-02-22,sh.600036,15.7,15.95,15.53,15.73,37512236,592096519.0
2010-02-23,sh.600036,15.69,15.69,15.21,15.46,47983122,738670640.0
2010-02-24,sh.600036,15.27,15.56,15.2,15.55,40697391,625196032.0
2010-02-25,sh.600036,15.55,16.05,15.53,15.86,70446388,1118873396.0
2010-02-26,sh.600036,15.8,16.03,15.71,15.9,49214521,783666867.0
2010-03-01,sh.600036,15.95,16.35,15.9,16.3,81300926,1318204853.0
2010-03-02,sh.600036,16.4,16.55,16.3,16.46,109780837,1805331400.0
2010-03-03,sh.600036,16.46,16.5,16.25,16.49,70933393,1161657569.0
2010-03-04,sh.600036,16.5,16.56,16.01,16.12,85453648,1390873694.0
2010-03-15,sh.600036,15.31,15.38,14.8,14.89,65556181,985495936.0
2010-03-16,sh.600036,14.89,15.4,14.8,15.37,65194813,986746175.0
2010-03-17,sh.600036,15.32,15.74,15.2,15.65,60533987,937367087.0
2010-03-18,sh.600036,15.65,15.77,15.47,15.53,54236414,847490025.0
2010-03-19,sh.600036,15.49,15.62,15.36,15.53,47502336,736175201.0
2010-03-22,sh.600036,15.53,15.97,15.51,15.67,65221448,1027260456.0
2010-03-23,sh.600036,15.71,15.86,15.5,15.57,48147797,754545796.0
2010-03-24,sh.600036,15.61,15.81,15.55,15.57,47651403,748012382.0
2010-03-25,sh.600036,15.53,15.54,15.29,15.43,38945883,598626532.0
2010-03-26,sh.600036,15.38,15.98,15.34,15.74,79833017,1257764458.0
2010-03-29,sh.600036,15.87,16.4,15.85,16.3,157301343,2553505378.0
2010-03-30,sh.600036,16.35,16.52,16.2,16.44,89502236,1468470754.0
2010-03-31,sh.600036,16.43,16.5,16.21,16.28,55696882,907779854.0
2010-04-01,sh.600036,16.3,16.48,16.23,16.38,63595885,1040503144.0
2010-04-02,sh.600036,16.45,16.5,16.22,16.29,60084945,979992014.0
2010-04-06,sh.600036,16.41,16.68,16.29,16.38,77952073,1283652808.0
2010-04-07,sh.600036,16.36,16.4,16.1,16.26,63770204,1035449530.0
2010-04-08,sh.600036,16.24,16.24,15.75,15.92,83147262,1327936394.0
2010-04-09,sh.600036,15.9,16.09,15.88,16.04,55262932,884348347.0
2010-04-12,sh.600036,16.13,16.22,15.6,15.88,83130063,1318452657.0
2010-04-13,sh.600036,15.87,16.25,15.71,16.14,109355837,1754697652.0
2010-04-14,sh.600036,16.19,16.25,16.03,16.14,66983044,1080422231.0
2010-04-15,sh.600036,16.21,16.24,15.88,16.09,79473914,1275626538.0
2010-04-16,sh.600036,16.04,16.06,15.67,15.69,78519284,1238083790.0
2010-04-19,sh.600036,15.38,15.38,14.28,14.69,221615181,3294024522.0
2010-04-20,sh.600036,14.68,14.82,14.25,14.48,135767719,1961918803.0
2010-04-21,sh.600036,14.52,14.68,14.25,14.66,123792937,1788933241.0
2010-04-22,sh.600036,14.5,14.5,14.01,14.18,170907398,2420550387.0
2010-04-23,sh.600036,14.19,14.38,13.99,14.17,105750916,1494785831.0
2010-04-26,sh.600036,14.21,14.25,14.01,14.05,63838710,902685760.0
2010-04-27,sh.600036,14.01,14.03,13.58,13.8,93759160,1296433640.0
2010-04-28,sh.600036,13.68,13.94,13.51,13.82,68268065,939065477.0
2010-04-29,sh.600036,13.97,14.27,13.92,14.03,89171473,1259234950.0
2010-04-30,sh.600036,14.15,14.28,13.95,14.27,80537849,1140398655.0
2010-05-04,sh.600036,13.97,14.23,13.74,13.9,79600122,1111677929.0
2010-05-05,sh.600036,13.75,14.0,13.47,13.95,85118657,1166086132.0
2010-05-06,sh.600036,13.85,13.87,13.29,13.31,91012955,1227756955.0
2010-05-07,sh.600036,13.04,13.58,12.91,13.36,100374488,1335649912.0
2010-05-10,sh.600036,13.38,13.68,13.33,13.59,63727075,861222521.0
2010-05-11,sh.600036,13.91,13.98,13.15,13.33,96994529,1317667140.0
2010-05-12,sh.600036,13.27,13.76,13.1,13.65,89101564,1201910669.0
2010-05-13,sh.600036,13.65,14.09,13.6,14.05,128406534,1787683461.0
2010-05-14,sh.600036,13.93,14.01,13.74,13.88,60199512,835493704.0
2010-05-17,sh.600036,13.7,13.7,13.15,13.34,76639435,1023923407.0
2010-05-18,sh.600036,13.36,13.82,13.31,13.77,78612356,1066581343.0
2010-05-19,sh.600036,13.66,13.98,13.4,13.64,66338992,908592758.0
2010-05-20,sh.600036,13.51,13.81,13.46,13.55,44921923,610337519.0
2010-05-21,sh.600036,13.15,13.74,13.11,13.67,55981035,756056199.0
2010-05-24,sh.600036,13.73,14.21,13.73,14.02,116472108,1635243586.0
2010-05-25,sh.600036,13.99,13.99,13.6,13.69,69601783,959218140.0
2010-05-26,sh.600036,13.73,13.84,13.55,13.64,49238527,673396090.0
2010-05-27,sh.600036,13.64,13.83,13.36,13.75,66663632,908028445.0
2010-05-28,sh.600036,13.9,13.93,13.5,13.62,65286961,892922191.0
2010-05-31,sh.600036,13.48,13.61,13.21,13.23,66974931,895684166.0
2010-06-01,sh.600036,13.2,13.38,13.07,13.13,64383005,847555600.0
2010-06-02,sh.600036,13.17,13.22,13.03,13.14,42962333,564098505.0
2010-06-03,sh.600036,13.24,13.38,13.13,13.15,58481436,774042110.0
2010-06-04,sh.600036,13.14,13.21,13.05,13.18,32270827,423753142.0
2010-06-07,sh.600036,13.0,13.05,12.7,12.8,73455103,945623276.0
2010-06-08,sh.600036,12.79,12.89,12.38,12.52,70867131,893128704.0
2010-06-09,sh.600036,12.6,13.15,12.31,13.03,136874764,1751165466.0
2010-06-10,sh.600036,12.78,12.81,12.6,12.68,64701697,822240892.0
2010-06-11,sh.600036,12.78,13.01,12.68,12.73,61691187,792495703.0
2010-06-17,sh.600036,13.0,13.02,12.73,12.84,53263672,686034147.0
2010-06-18,sh.600036,12.84,13.07,12.74,12.86,61891741,800668829.0
2010-06-21,sh.600036,12.95,13.43,12.88,13.36,117355253,1552574397.0
2010-06-22,sh.600036,13.36,13.43,13.25,13.32,59317044,790164849.0
2010-06-24,sh.600036,13.16,13.5,13.07,13.29,52124716,691918171.0
2010-06-25,sh.600036,13.2,13.51,13.17,13.39,58539746,783830388.0
2010-06-28,sh.600036,13.4,13.77,13.35,13.52,76194739,1034967178.0
2010-06-29,sh.600036,13.58,13.63,12.98,13.03,98820167,1313718722.0
2010-06-30,sh.600036,12.99,13.11,12.8,13.01,54486790,707821779.0
2010-07-01,sh.600036,12.82,13.03,12.74,12.81,48130608,619400703.0
2010-07-02,sh.600036,12.83,13.01,12.56,12.91,61083248,781190447.0
2010-07-05,sh.600036,12.8,13.01,12.66,12.78,51274646,656375291.0
2010-07-06,sh.600036,12.78,13.15,12.78,13.13,64202277,831971406.0
2010-07-07,sh.600036,13.07,13.2,13.02,13.15,43182540,566175644.0
2010-07-08,sh.600036,13.33,13.48,13.15,13.21,56231427,748535060.0
2010-07-09,sh.600036,13.28,13.85,13.11,13.63,101463154,1379341612.0
2010-07-12,sh.600036,13.64,14.0,13.55,13.91,95617846,1327310468.0
2010-07-13,sh.600036,13.71,13.85,13.53,13.74,58847670,806065749.0
2010-07-14,sh.600036,13.78,14.08,13.7,13.84,82216437,1144078845.0
2010-07-15,sh.600036,13.8,14.04,13.54,13.56,66364085,913372836.0
2010-07-16,sh.600036,13.49,13.73,13.36,13.65,47994302,648072291.0
2010-07-19,sh.600036,13.54,14.02,13.48,14.01,86999134,1207052852.0
2010-07-20,sh.600036,14.0,14.25,13.91,14.0,101843807,1432244425.0
2010-07-21,sh.600036,14.03,14.07,13.9,13.96,53729831,750942394.0
2010-07-22,sh.600036,13.9,14.2,13.9,14.14,70079584,988205686.0
2010-07-23,sh.600036,14.2,14.48,14.14,14.27,109498855,1565726838.0
2010-07-26,sh.600036,14.3,14.35,14.08,14.26,43956491,624937923.0
2010-07-27,sh.600036,14.21,14.21,14.02,14.11,44521386,628630560.0
2010-07-28,sh.600036,14.15,14.52,14.03,14.47,94068557,1350679942.0
2010-07-29,sh.600036,14.47,14.66,14.4,14.54,84379352,1225448577.0
2010-07-30,sh.600036,14.46,14.61,14.33,14.52,48614635,703712439.0
2010-08-02,sh.600036,14.48,14.85,14.42,14.79,69289136,1019991435.0
2010-08-03,sh.600036,14.85,14.89,14.36,14.39,58960422,863539560.0
2010-08-04,sh.600036,14.36,14.48,14.07,14.32,79560772,1133420408.0
2010-08-05,sh.600036,14.32,14.36,13.97,14.03,94247860,1326866483.0
2010-08-06,sh.600036,14.0,14.24,13.85,14.18,68241877,960233061.0
2010-08-09,sh.600036,14.13,14.38,14.07,14.31,69823313,996109707.0
2010-08-10,sh.600036,14.3,14.46,13.85,13.86,75997833,1066876440.0
2010-08-11,sh.600036,13.83,13.97,13.79,13.88,48789951,676781297.0
2010-08-12,sh.600036,13.79,13.87,13.52,13.57,65033785,887318795.0
2010-08-13,sh.600036,13.59,13.75,13.33,13.72,79478217,1075675182.0
2010-08-16,sh.600036,13.6,14.06,13.55,13.98,69050047,955709253.0
2010-08-17,sh.600036,14.0,14.05,13.81,14.01,52080918,726753112.0
2010-08-18,sh.600036,14.0,14.21,13.83,13.88,67457637,944919094.0
2010-08-19,sh.600036,13.99,14.36,13.93,14.19,111300146,1575117184.0
2010-08-20,sh.600036,14.17,14.39,14.04,14.09,94235059,1338395197.0
2010-08-23,sh.600036,14.1,14.45,14.1,14.2,64347242,916453773.0
2010-08-24,sh.600036,14.18,14.29,13.92,14.07,57689580,813426051.0
2010-08-25,sh.600036,13.99,14.02,13.6,13.65,74954161,1031973310.0
2010-08-26,sh.600036,13.68,13.74,13.5,13.58,50384681,684959671.0
2010-08-27,sh.600036,13.6,13.7,13.5,13.59,33987804,462249978.0
2010-08-30,sh.600036,13.65,13.88,13.6,13.75,68381566,939409011.0
2010-08-31,sh.600036,13.66,13.74,13.5,13.54,74256930,1007590728.0
2010-09-01,sh.600036,13.59,13.86,13.42,13.59,101371980,1376732011.0
2010-09-02,sh.600036,13.79,13.82,13.55,13.65,80028686,1091209063.0
2010-09-03,sh.600036,13.67,13.72,13.42,13.64,73780045,997589431.0
2010-09-06,sh.600036,13.68,13.89,13.6,13.88,95019236,1311176856.0
2010-09-07,sh.600036,13.89,14.07,13.75,13.84,65664396,913071093.0
2010-09-08,sh.600036,13.77,13.77,13.51,13.56,90697533,1230017474.0
2010-09-09,sh.600036,13.58,13.58,13.18,13.23,106961793,1425353480.0
2010-09-10,sh.600036,13.25,13.37,13.14,13.28,71920520,952020143.0
2010-09-13,sh.600036,13.27,13.38,13.05,13.26,100727597,1328454647.0
2010-09-14,sh.600036,13.33,13.49,13.29,13.36,97018364,1300524900.0
2010-09-15,sh.600036,13.35,13.35,13.0,13.12,77844655,1023944989.0
2010-09-16,sh.600036,13.1,13.14,12.65,12.8,108495166,1396786423.0
2010-09-17,sh.600036,12.83,12.95,12.7,12.85,53994946,692184522.0
2010-09-20,sh.600036,12.84,13.03,12.72,12.89,49316715,634513855.0
2010-09-21,sh.600036,12.92,12.97,12.82,12.87,34440066,443812285.0
2010-09-27,sh.600036,12.9,12.94,12.79,12.84,46550877,597506074.0
2010-09-28,sh.600036,12.83,12.84,12.54,12.61,73266388,926550632.0
2010-09-29,sh.600036,12.51,12.83,12.51,12.66,53191603,675105052.0
2010-09-30,sh.600036,12.51,13.01,12.51,12.95,64163784,825341985.0
2010-10-08,sh.600036,13.1,13.55,12.93,13.44,111173082,1481540664.0
2010-10-11,sh.600036,13.5,14.05,13.47,13.9,180388127,2492974698.0
2010-10-12,sh.600036,13.8,13.97,13.7,13.84,105910427,1465333680.0
2010-10-13,sh.600036,13.97,14.55,13.97,14.49,212063903,3034890393.0
2010-10-14,sh.600036,14.64,15.05,14.5,14.53,222343538,3300251733.0
2010-10-15,sh.600036,14.5,15.32,14.4,15.23,316139173,4741765242.0
2010-10-18,sh.600036,15.55,15.92,15.26,15.28,239567879,3728968986.0
2010-10-19,sh.600036,15.25,15.5,14.95,15.49,129469972,1974028898.0
2010-10-20,sh.600036,15.61,16.08,15.48,15.73,207302403,3273085151.0
2010-10-21,sh.600036,15.65,15.69,14.98,15.14,172398764,2628376011.0
2010-10-22,sh.600036,15.14,15.18,14.76,15.02,114190832,1708324095.0
2010-10-25,sh.600036,15.03,15.29,14.66,15.17,144407143,2164932417.0
2010-10-26,sh.600036,15.25,15.35,14.84,14.96,140274071,2117599240.0
2010-10-27,sh.600036,14.88,15.3,14.61,14.76,116505745,1737296794.0
2010-10-28,sh.600036,14.76,15.07,14.69,14.93,81284166,1209347758.0
2010-10-29,sh.600036,14.95,14.95,14.41,14.57,122692224,1790919509.0
2010-11-01,sh.600036,14.61,14.93,14.55,14.81,132309945,1949010708.0
2010-11-02,sh.600036,14.83,14.99,14.58,14.76,114429765,1692509960.0
2010-11-03,sh.600036,14.83,15.44,14.7,15.26,185961227,2826057448.0
2010-11-04,sh.600036,15.22,15.59,15.14,15.36,136809587,2100416672.0
2010-11-05,sh.600036,15.57,15.75,15.23,15.44,104974809,1620113040.0
2010-11-08,sh.600036,15.58,15.85,15.41,15.56,121828057,1902878441.0
2010-11-09,sh.600036,15.54,15.54,15.05,15.17,109853854,1673300864.0
2010-11-10,sh.600036,14.95,14.97,14.54,14.6,171312842,2516790017.0
2010-11-11,sh.600036,14.65,14.95,14.52,14.76,178215912,2618828831.0
2010-11-12,sh.600036,14.6,14.69,13.97,13.99,171752855,2456027400.0
2010-11-15,sh.600036,14.11,14.29,13.84,14.22,102368894,1432968599.0
2010-11-16,sh.600036,14.1,14.1,13.58,13.64,112829779,1559381559.0
2010-11-17,sh.600036,13.5,13.89,13.45,13.63,103611757,1412300035.0
2010-11-18,sh.600036,13.7,13.8,13.46,13.68,70692691,964387428.0
2010-11-19,sh.600036,13.74,13.75,13.1,13.56,145135157,1941697377.0
2010-11-22,sh.600036,13.37,13.56,13.18,13.25,102893266,1371599299.0
2010-11-23,sh.600036,13.21,13.28,12.97,13.11,96831177,1265792742.0
2010-11-24,sh.600036,13.12,13.49,13.12,13.27,88079391,1170023519.0
2010-11-25,sh.600036,13.4,13.52,13.14,13.48,94380369,1261055486.0
2010-11-26,sh.600036,13.43,13.45,13.2,13.26,61801438,823861434.0
2010-11-29,sh.600036,13.23,13.4,13.22,13.28,53598188,712049339.0
2010-11-30,sh.600036,13.28,13.37,12.91,13.05,83096687,1087226787.0
2010-12-01,sh.600036,13.05,13.19,13.01,13.13,42470770,556394048.0
2010-12-02,sh.600036,13.37,13.43,13.17,13.21,59250714,788287603.0
2010-12-03,sh.600036,13.24,13.39,13.15,13.2,59957302,794595447.0
2010-12-06,sh.600036,13.26,13.66,13.18,13.42,110310804,1483600449.0
2010-12-07,sh.600036,13.4,13.52,13.23,13.45,61826010,824896516.0
2010-12-08,sh.600036,13.45,13.5,13.2,13.24,53173420,708736254.0
2010-12-09,sh.600036,13.19,13.2,12.95,13.0,90786152,1184751223.0
2010-12-10,sh.600036,13.0,13.24,12.98,13.15,50840008,665536799.0
2010-12-13,sh.600036,13.17,13.37,13.08,13.36,80536122,1064964867.0
2010-12-14,sh.600036,13.4,13.46,13.23,13.28,80919708,1078067273.0
2010-12-15,sh.600036,13.3,13.42,13.25,13.26,69062554,919900465.0
2010-12-16,sh.600036,13.26,13.27,13.11,13.16,45821312,604194386.0
2010-12-17,sh.600036,13.17,13.18,13.05,13.13,39108674,512271408.0
2010-12-20,sh.600036,13.16,13.23,12.78,12.97,71587024,928832917.0
2010-12-21,sh.600036,12.97,13.35,12.87,13.3,92475572,1216351273.0
2010-12-22,sh.600036,13.31,13.36,13.01,13.07,58829510,776712271.0
2010-12-23,sh.600036,13.07,13.41,12.99,13.18,70770235,933782289.0
2010-12-24,sh.600036,13.06,13.35,13.01,13.23,69324671,914915628.0
2010-12-27,sh.600036,13.38,13.47,12.99,13.0,88593435,1170719213.0
2010-12-28,sh.600036,13.02,13.15,12.78,12.83,105895069,1372360490.0
2010-12-29,sh.600036,12.85,12.87,12.7,12.77,74240251,947620925.0
2010-12-30,sh.600036,12.78,12.79,12.5,12.68,87823579,1110812543.0
2010-12-31,sh.600036,12.75,12.94,12.61,12.81,69375662,885216765.0
2011-01-04,sh.600036,12.91,13.09,12.78,13.02,98498451,1276763364.0
2011-01-05,sh.600036,12.99,13.11,12.92,12.97,72626095,944910512.0
2011-01-06,sh.600036,12.98,13.11,12.82,12.9,63620993,823324507.0
2011-01-07,sh.600036,12.9,13.55,12.82,13.25,184177849,2440982564.0
2011-01-10,sh.600036,13.24,13.37,13.0,13.02,89439102,1177813020.0
2011-01-11,sh.600036,12.96,13.27,12.95,13.19,80178643,1050831147.0
2011-01-12,sh.600036,13.17,13.31,13.07,13.27,71991084,950345184.0
2011-01-13,sh.600036,13.28,13.33,13.12,13.2,59516449,786701585.0
2011-01-14,sh.600036,13.16,13.24,13.04,13.05,50536491,662003482.0
2011-01-17,sh.600036,12.99,13.07,12.62,12.71,77156600,991616450.0
2011-01-18,sh.600036,12.73,12.77,12.61,12.67,53990207,684464697.0
2011-01-19,sh.600036,12.7,12.8,12.6,12.77,47144159,598577845.0
2011-01-20,sh.600036,12.76,12.76,12.5,12.52,56788717,714769681.0
2011-01-21,sh.600036,12.53,12.99,12.51,12.71,62191245,793177476.0
2011-01-24,sh.600036,12.7,12.77,12.56,12.58,49438223,624077121.0
2011-01-25,sh.600036,12.63,12.75,12.55,12.63,52215793,660597680.0
2011-01-26,sh.600036,12.67,12.75,12.65,12.71,23768929,301774550.0
2011-01-27,sh.600036,12.6,12.73,12.49,12.71,70707557,891864175.0
2011-01-28,sh.600036,12.65,12.71,12.52,12.59,66406477,835307124.0
2011-01-31,sh.600036,12.59,12.68,12.58,12.63,48455683,611798445.0
2011-02-01,sh.600036,12.65,12.74,12.61,12.7,40211020,509422748.0
2011-02-09,sh.600036,12.67,12.77,12.57,12.6,58829216,745910348.0
2011-02-10,sh.600036,12.6,12.74,12.52,12.71,46488671,588451369.0
2011-02-11,sh.600036,12.7,12.79,12.61,12.71,61000766,773509587.0
2011-02-14,sh.600036,12.72,13.29,12.72,13.26,146385352,1910514159.0
2011-02-15,sh.600036,13.25,13.36,13.15,13.19,108538766,1438854668.0
2011-02-16,sh.600036,13.15,13.2,12.98,13.12,79042331,1031728586.0
2011-02-17,sh.600036,13.12,13.35,13.03,13.12,70754381,932086607.0
2011-02-18,sh.600036,13.13,13.18,13.0,13.11,55894225,732500521.0
2011-02-21,sh.600036,13.0,13.1,12.9,13.08,59996420,779859965.0
2011-02-22,sh.600036,13.1,13.1,12.66,12.72,121525657,1556214132.0
2011-02-23,sh.600036,12.72,12.77,12.62,12.68,54397598,689930998.0
2011-02-24,sh.600036,12.66,12.77,12.61,12.68,52932082,670747773.0
2011-02-25,sh.600036,12.71,12.87,12.66,12.75,49085789,626193457.0
2011-02-28,sh.600036,12.79,12.94,12.67,12.87,69582753,892379258.0
2011-03-01,sh.600036,12.91,13.34,12.87,13.1,124778375,1633085388.0
2011-03-02,sh.600036,13.0,13.63,12.98,13.47,226096550,3029627382.0
2011-03-03,sh.600036,13.57,14.39,13.51,14.03,399308564,5586884166.0
2011-03-04,sh.600036,14.18,14.34,13.91,14.22,197261003,2789248375.0
2011-03-07,sh.600036,14.32,14.58,14.1,14.23,177077408,2536416911.0
2011-03-08,sh.600036,14.2,14.54,14.12,14.3,112446484,1611304489.0
2011-03-09,sh.600036,14.37,14.58,14.33,14.38,109743292,1588328817.0
2011-03-10,sh.600036,14.32,14.35,13.92,13.99,124087891,1750290871.0
2011-03-11,sh.600036,13.92,13.99,13.58,13.66,109841296,1512829301.0
2011-03-14,sh.600036,13.6,13.78,13.56,13.71,65739143,897940761.0
2011-03-15,sh.600036,13.6,13.68,13.32,13.49,107876563,1454391999.0
2011-03-16,sh.600036,13.54,13.85,13.44,13.71,75560107,1029474178.0
2011-03-17,sh.600036,13.57,13.6,13.4,13.51,60420558,815232321.0
2011-03-18,sh.600036,13.62,13.68,13.35,13.41,69249398,936462246.0
2011-03-21,sh.600036,13.48,13.65,13.44,13.55,55499355,752686257.0
2011-03-22,sh.600036,13.6,13.87,13.42,13.85,85747910,1176642575.0
2011-03-23,sh.600036,13.81,14.1,13.74,14.05,93674744,1310343356.0
2011-03-24,sh.600036,14.06,14.08,13.91,14.0,56794094,793623576.0
2011-03-25,sh.600036,14.03,14.4,14.0,14.3,120271098,1719538845.0
2011-03-28,sh.600036,14.35,14.62,14.18,14.23,100437625,1447242206.0
2011-03-29,sh.600036,14.2,14.6,14.1,14.31,134519290,1934315908.0
2011-03-30,sh.600036,14.28,14.53,14.21,14.28,85822363,1232672427.0
2011-03-31,sh.600036,14.29,14.31,14.05,14.09,71417885,1011476950.0
2011-04-01,sh.600036,13.98,14.45,13.92,14.33,98685204,1407150715.0
2011-04-06,sh.600036,14.4,14.88,14.4,14.81,171762544,2530008678.0
2011-04-07,sh.600036,14.8,14.92,14.7,14.8,102646536,1521323469.0
2011-04-08,sh.600036,14.78,14.95,14.71,14.92,67797483,1007369138.0
2011-04-11,sh.600036,14.9,15.3,14.9,14.98,138954905,2099312100.0
2011-04-12,sh.600036,14.93,15.11,14.73,14.81,70720022,1051558709.0
2011-04-13,sh.600036,14.7,15.34,14.7,15.32,111569263,1676616860.0
2011-04-14,sh.600036,15.36,15.53,15.25,15.31,123436353,1902494388.0
2011-04-15,sh.600036,15.19,15.44,15.05,15.18,70726484,1076534796.0
2011-04-18,sh.600036,15.06,15.25,15.0,15.12,62573078,944076053.0
2011-04-19,sh.600036,15.01,15.09,14.8,14.83,62974060,939570353.0
2011-04-20,sh.600036,14.87,14.96,14.51,14.66,77533288,1138480608.0
2011-04-21,sh.600036,14.72,14.83,14.58,14.65,66416892,974818178.0
2011-04-22,sh.600036,14.64,14.77,14.52,14.65,35329791,517354335.0
2011-04-25,sh.600036,14.59,14.89,14.51,14.64,72494091,1063584476.0
2011-04-26,sh.600036,14.69,14.8,14.6,14.71,74674894,1098458522.0
2011-04-27,sh.600036,14.76,14.95,14.45,14.55,76664686,1129952514.0
2011-04-28,sh.600036,14.63,15.0,14.6,14.68,81865272,1211753376.0
2011-04-29,sh.600036,14.75,14.79,14.1,14.46,85810795,1238689420.0
2011-05-03,sh.600036,14.49,14.55,14.31,14.42,31127794,449474310.0
2011-05-04,sh.600036,14.36,14.5,14.0,14.05,69988429,992114005.0
2011-05-05,sh.600036,14.02,14.22,13.93,14.1,52612078,739726859.0
2011-05-06,sh.600036,14.0,14.21,13.85,14.04,53093178,746452761.0
2011-05-09,sh.600036,14.08,14.14,13.95,14.0,27751487,389755951.0
2011-05-10,sh.600036,14.05,14.26,13.94,14.16,29700356,419991542.0
2011-05-11,sh.600036,14.18,14.2,14.0,14.03,24115193,339926611.0
2011-05-12,sh.600036,13.98,14.06,13.9,13.93,27520333,384622461.0
2011-05-13,sh.600036,13.91,14.09,13.81,14.06,39527551,550546465.0
2011-05-16,sh.600036,13.98,14.2,13.85,13.88,39913981,560148269.0
2011-05-17,sh.600036,13.88,14.15,13.76,14.06,38671729,541013968.0
2011-05-18,sh.600036,14.01,14.39,14.0,14.3,45618885,651189333.0
2011-05-19,sh.600036,14.33,14.37,14.23,14.23,29830448,426866572.0
2011-05-20,sh.600036,14.19,14.43,14.15,14.27,44220595,633299261.0
2011-05-23,sh.600036,14.2,14.23,13.79,13.91,43292355,605028229.0
2011-05-24,sh.600036,13.87,13.95,13.81,13.83,32163362,446632783.0
2011-05-25,sh.600036,13.81,13.89,13.56,13.59,32806921,450232875.0
2011-05-26,sh.600036,13.71,13.74,13.58,13.59,26485989,361555061.0
2011-05-27,sh.600036,13.64,13.93,13.59,13.79,56367325,774696008.0
2011-05-31,sh.600036,13.81,13.93,13.68,13.91,55729774,768496357.0
2011-06-01,sh.600036,13.85,13.93,13.77,13.8,38973263,539979450.0
2011-06-02,sh.600036,13.69,13.69,13.15,13.27,122061736,1624942181.0
2011-06-03,sh.600036,13.28,13.41,13.18,13.38,31611268,420003087.0
2011-06-07,sh.600036,13.32,13.46,13.28,13.42,22311387,298550842.0
2011-06-08,sh.600036,13.43,13.43,13.0,13.23,67581788,886466831.0
2011-06-09,sh.600036,13.18,13.2,12.95,12.96,42846693,559478791.0
2011-06-10,sh.600036,12.78,12.8,12.63,12.78,38630287,491407552.0
2011-06-13,sh.600036,12.72,12.95,12.6,12.83,25278135,323139877.0
2011-06-14,sh.600036,12.85,13.08,12.83,12.9,42184394,546605055.0
2011-06-15,sh.600036,12.9,13.0,12.8,12.84,23284410,299419257.0
2011-06-16,sh.600036,12.81,12.82,12.68,12.73,23380462,298141660.0
2011-06-17,sh.600036,12.74,12.89,12.7,12.73,27880334,356450191.0
2011-06-20,sh.600036,12.78,12.89,12.7,12.8,26222004,335005374.0
2011-06-21,sh.600036,12.85,13.01,12.75,12.93,35087910,453801023.0
2011-06-22,sh.600036,12.98,13.07,12.91,12.96,27237836,353638988.0
2011-06-23,sh.600036,12.95,13.2,12.84,13.13,35041467,454936893.0
2011-06-24,sh.600036,13.07,13.45,13.04,13.37,86811462,1156433133.0
2011-06-27,sh.600036,13.45,13.45,13.21,13.27,46197664,614574624.0
2011-06-28,sh.600036,13.31,13.33,13.0,13.16,53220606,696880338.0
2011-06-29,sh.600036,13.16,13.17,12.8,12.92,79739903,1032977097.0
2011-06-30,sh.600036,12.96,13.15,12.88,13.02,74071774,965357054.0
2011-07-01,sh.600036,13.06,13.07,12.81,12.92,87298477,1127688463.0
2011-07-04,sh.600036,12.99,13.4,12.96,13.39,96456029,1273450061.0
2011-07-05,sh.600036,13.39,13.48,13.22,13.28,56876051,758447132.0
2011-07-06,sh.600036,13.28,13.28,13.03,13.17,52994901,695769032.0
2011-07-07,sh.600036,13.36,13.52,13.16,13.23,114718104,1530107290.0
2011-07-08,sh.600036,13.29,13.5,13.23,13.41,59139178,790712407.0
2011-07-11,sh.600036,13.34,13.34,13.15,13.22,57881889,765076662.0
2011-07-12,sh.600036,13.11,13.11,12.88,12.96,68064651,882644535.0
2011-07-13,sh.600036,13.0,13.14,12.92,13.08,53137836,692721387.0
2011-07-14,sh.600036,13.08,13.12,12.89,13.0,71912105,933187330.0
2011-07-15,sh.600036,12.92,13.08,12.9,13.01,41104105,534507791.0
2011-07-18,sh.600036,13.01,13.09,12.96,12.98,49088207,638579400.0
2011-07-19,sh.600036,12.89,12.91,12.77,12.8,77469227,993779418.0
2011-07-20,sh.600036,12.89,12.9,12.72,12.74,64859679,828288800.0
2011-07-21,sh.600036,12.76,12.8,12.6,12.63,81932426,1036559246.0
2011-07-22,sh.600036,12.66,12.68,12.51,12.64,57635787,726367603.0
2011-07-25,sh.600036,12.55,12.58,12.31,12.33,86236499,1071213058.0
2011-07-26,sh.600036,12.35,12.47,12.27,12.35,50657725,626321665.0
2011-07-27,sh.600036,12.31,12.34,12.21,12.26,72612427,889699840.0
2011-07-28,sh.600036,12.2,12.2,12.02,12.05,75489139,912401748.0
2011-07-29,sh.600036,12.08,12.49,12.02,12.35,86750926,1063529528.0
2011-08-01,sh.600036,12.29,12.4,12.2,12.24,40604910,498769399.0
2011-08-02,sh.600036,12.15,12.22,12.05,12.19,32337060,391831793.0
2011-08-03,sh.600036,12.12,12.33,12.08,12.17,32229006,393209598.0
2011-08-04,sh.600036,12.25,12.36,12.1,12.13,48333222,589377520.0
2011-08-05,sh.600036,11.93,11.93,11.74,11.77,99245368,1174633433.0
2011-08-08,sh.600036,11.69,11.76,11.24,11.43,94267059,1084623236.0
2011-08-09,sh.600036,11.2,11.55,11.01,11.51,101535651,1149224884.0
2011-08-10,sh.600036,11.73,11.74,11.49,11.52,63088835,734433350.0
2011-08-11,sh.600036,11.35,11.74,11.3,11.67,60741780,704693543.0
2011-08-12,sh.600036,11.76,11.76,11.56,11.62,54753148,638384020.0
2011-08-15,sh.600036,11.66,12.06,11.56,11.99,94709016,1119030670.0
2011-08-16,sh.600036,11.98,12.18,11.88,11.95,68912448,829459598.0
2011-08-17,sh.600036,11.99,12.03,11.87,11.92,36353050,434332839.0
2011-08-18,sh.600036,11.92,11.98,11.6,11.63,32681206,385913747.0
2011-08-19,sh.600036,11.48,11.59,11.45,11.5,36594769,421094239.0
2011-08-22,sh.600036,11.49,11.76,11.46,11.56,36486105,421945758.0
2011-08-23,sh.600036,11.59,11.78,11.54,11.77,34187388,399552754.0
2011-08-24,sh.600036,11.83,11.93,11.63,11.64,32098712,378951979.0
2011-08-25,sh.600036,11.72,12.25,11.71,12.17,127237561,1533060422.0
2011-08-26,sh.600036,12.07,12.17,12.01,12.12,40715866,492170073.0
2011-08-29,sh.600036,11.96,11.96,11.68,11.77,72255195,850133401.0
2011-08-30,sh.600036,11.81,12.06,11.76,11.79,58796976,699691494.0
2011-08-31,sh.600036,11.82,11.98,11.75,11.85,36813860,436809527.0
2011-09-01,sh.600036,11.86,12.1,11.86,12.02,51720969,620439687.0
2011-09-02,sh.600036,11.99,12.03,11.79,11.91,31700081,377145835.0
2011-09-05,sh.600036,11.8,11.86,11.64,11.7,36752729,431142237.0
2011-09-06,sh.600036,11.57,11.76,11.49,11.6,41800911,484724372.0
2011-09-07,sh.600036,11.65,11.89,11.63,11.83,39818759,469015201.0
2011-09-08,sh.600036,11.9,11.93,11.79,11.81,28011338,332240906.0
2011-09-13,sh.600036,11.68,11.73,11.58,11.65,32540834,379196428.0
2011-09-14,sh.600036,11.7,11.74,11.47,11.61,33319946,386832040.0
2011-09-15,sh.600036,11.65,11.76,11.58,11.59,26375197,307732293.0
2011-09-16,sh.600036,11.7,11.75,11.56,11.66,35428141,413632562.0
2011-09-19,sh.600036,11.57,11.6,11.4,11.43,30138762,345454268.0
2011-09-20,sh.600036,11.49,11.55,11.35,11.44,20500925,234604583.0
2011-09-21,sh.600036,11.45,11.77,11.37,11.69,47294267,550827539.0
2011-09-22,sh.600036,11.6,11.64,11.3,11.33,54084038,619022127.0
2011-09-23,sh.600036,11.21,11.39,11.05,11.21,56306096,629316318.0
2011-09-26,sh.600036,11.14,11.3,10.85,10.9,54069873,596926403.0
2011-09-27,sh.600036,10.99,11.15,10.89,11.05,42284831,465927386.0
2011-09-28,sh.600036,11.1,11.19,10.94,10.97,24922199,275447804.0
2011-09-29,sh.600036,10.9,11.1,10.83,11.04,43731502,480333234.0
2011-09-30,sh.600036,11.04,11.26,11.02,11.06,51005396,568221987.0
2011-10-10,sh.600036,11.06,11.14,10.91,10.99,26532950,292021371.0
2011-10-11,sh.600036,11.37,11.45,11.04,11.19,72460591,818837126.0
2011-10-12,sh.600036,11.11,11.68,11.09,11.57,82798745,952485525.0
2011-10-13,sh.600036,11.56,11.65,11.42,11.62,53681928,621393830.0
2011-10-14,sh.600036,11.58,11.75,11.44,11.68,47011524,545351886.0
2011-10-17,sh.600036,11.69,11.98,11.67,11.88,63249728,750162930.0
2011-10-18,sh.600036,11.77,11.85,11.51,11.57,40850481,476284157.0
2011-10-19,sh.600036,11.61,11.74,11.56,11.64,27212250,316792188.0
2011-10-20,sh.600036,11.55,11.66,11.41,11.51,43347713,499537954.0
2011-10-21,sh.600036,11.55,11.75,11.45,11.65,42296760,492703992.0
2011-10-24,sh.600036,11.71,12.05,11.64,12.05,80177363,955623033.0
2011-10-25,sh.600036,12.03,12.2,11.87,12.13,86241769,1038634740.0
2011-10-26,sh.600036,12.08,12.18,11.99,12.03,74119112,896344575.0
2011-10-27,sh.600036,12.11,12.24,11.99,12.14,44089854,535015385.0
2011-10-28,sh.600036,12.3,12.55,12.25,12.34,91980726,1140038015.0
2011-10-31,sh.600036,12.31,12.35,12.05,12.1,50913577,618593510.0
2011-11-01,sh.600036,12.03,12.42,12.01,12.15,53255989,651811615.0
2011-11-02,sh.600036,12.0,12.39,11.96,12.38,47261457,576343263.0
2011-11-03,sh.600036,12.45,12.45,12.18,12.19,59635946,731536444.0
2011-11-04,sh.600036,12.35,12.39,12.17,12.26,37279003,457164456.0
2011-11-07,sh.600036,12.25,12.25,12.04,12.08,26839159,325681251.0
2011-11-08,sh.600036,12.05,12.18,12.01,12.11,30281583,366721321.0
2011-11-09,sh.600036,12.15,12.25,12.03,12.2,27911337,338819595.0
2011-11-10,sh.600036,12.08,12.16,11.93,11.96,40678420,488989720.0
2011-11-11,sh.600036,11.95,12.05,11.8,11.88,30271359,360964855.0
2011-11-14,sh.600036,11.98,12.15,11.93,12.06,31694809,381405957.0
2011-11-15,sh.600036,12.05,12.05,11.92,11.96,23329648,279112574.0
2011-11-16,sh.600036,11.93,11.95,11.55,11.64,56229305,659454196.0
2011-11-17,sh.600036,11.64,11.67,11.54,11.56,33839571,392361680.0
2011-11-18,sh.600036,11.51,11.64,11.36,11.43,35568970,408315723.0
2011-11-21,sh.600036,11.44,11.48,11.3,11.42,20878720,237493157.0
2011-11-22,sh.600036,11.38,11.57,11.36,11.55,28585633,328534176.0
2011-11-23,sh.600036,11.57,11.59,11.36,11.49,27610351,316909599.0
2011-11-24,sh.600036,11.4,11.64,11.4,11.58,32639601,377008696.0
2011-11-25,sh.600036,11.6,11.6,11.44,11.48,20753822,238738591.0
2011-11-28,sh.600036,11.52,11.6,11.41,11.46,25095237,288372198.0
2011-11-29,sh.600036,11.53,11.59,11.45,11.56,25737215,296483398.0
2011-11-30,sh.600036,11.5,11.55,11.18,11.21,36208630,410497595.0
2011-12-01,sh.600036,11.6,11.93,11.55,11.65,99629479,1166590331.0
2011-12-02,sh.600036,11.58,11.79,11.54,11.74,38206199,446493084.0
2011-12-05,sh.600036,11.76,11.95,11.62,11.87,51948409,615599561.0
2011-12-06,sh.600036,11.85,11.95,11.75,11.76,34166000,404861202.0
2011-12-07,sh.600036,11.78,11.98,11.75,11.89,44383860,527973519.0
2011-12-08,sh.600036,11.92,12.01,11.83,11.9,40248343,480143967.0
2011-12-09,sh.600036,11.8,11.98,11.8,11.9,35782723,426101035.0
2011-12-12,sh.600036,11.9,12.02,11.82,11.98,32076098,383094904.0
2011-12-13,sh.600036,11.96,12.0,11.6,11.66,51058775,602149216.0
2011-12-14,sh.600036,11.65,11.83,11.55,11.68,30408111,356305057.0
2011-12-15,sh.600036,11.65,11.76,11.4,11.41,43356655,502325991.0
2011-12-16,sh.600036,11.4,11.69,11.35,11.62,45706808,525062414.0
2011-12-19,sh.600036,11.48,11.69,11.27,11.65,38458276,440755770.0
2011-12-20,sh.600036,11.62,11.89,11.59,11.63,41819193,491358962.0
2011-12-21,sh.600036,11.75,11.96,11.57,11.59,39698385,468446039.0
2011-12-22,sh.600036,11.6,11.75,11.45,11.7,41291440,479151496.0
2011-12-23,sh.600036,11.68,11.86,11.59,11.69,35267900,413821885.0
2011-12-26,sh.600036,11.6,11.8,11.55,11.67,26645492,311157318.0
2011-12-27,sh.600036,11.67,11.76,11.62,11.69,32255697,377531963.0
2011-12-28,sh.600036,11.67,11.76,11.43,11.55,47014189,544702222.0
2011-12-29,sh.600036,11.53,11.69,11.47,11.66,31900991,369450306.0
2011-12-30,sh.600036,11.71,11.96,11.71,11.87,42877370,509489814.0
2012-01-04,sh.600036,11.95,12.1,11.63,11.67,52260617,620703189.0
2012-01-05,sh.600036,11.7,12.09,11.67,11.91,84084702,1006814678.0
2012-01-06,sh.600036,11.93,12.09,11.85,11.99,54038134,646295130.0
2012-01-09,sh.600036,11.98,12.5,11.9,12.38,96002009,1181631414.0
2012-01-10,sh.600036,12.38,12.61,12.23,12.56,89204562,1114071706.0
2012-01-11,sh.600036,12.56,12.65,12.41,12.49,38787032,484750529.0
2012-01-12,sh.600036,12.47,12.75,12.42,12.62,41419321,522004928.0
2012-01-13,sh.600036,12.59,12.71,12.35,12.49,48155120,603520214.0
2012-01-16,sh.600036,12.47,12.58,12.37,12.39,33593205,418936947.0
2012-01-17,sh.600036,12.45,12.8,12.15,12.78,80951394,1012433208.0
2012-01-18,sh.600036,12.7,12.77,12.43,12.52,61443583,772296685.0
2012-01-19,sh.600036,12.52,12.83,12.5,12.7,65060332,826982921.0
2012-01-20,sh.600036,12.79,13.0,12.71,13.0,74054727,954640989.0
2012-01-30,sh.600036,12.99,13.0,12.69,12.7,52378368,671158256.0
2012-01-31,sh.600036,12.7,12.79,12.54,12.65,30535747,386591229.0
2012-02-01,sh.600036,12.64,12.69,12.43,12.47,40128600,502870456.0
2012-02-02,sh.600036,12.51,12.88,12.44,12.87,58651509,744135901.0
2012-02-03,sh.600036,12.83,13.1,12.76,12.98,65138894,845123303.0
2012-02-06,sh.600036,12.99,13.06,12.73,12.86,56054581,721459232.0
2012-02-07,sh.600036,12.77,12.85,12.64,12.73,33547056,427096303.0
2012-02-08,sh.600036,12.7,13.05,12.68,12.99,43796313,565073307.0
2012-02-09,sh.600036,12.98,13.06,12.85,12.99,43379991,562029588.0
2012-02-10,sh.600036,12.92,13.02,12.8,12.89,50538733,652053650.0
2012-02-13,sh.600036,12.7,12.88,12.56,12.69,57035047,726978981.0
2012-02-14,sh.600036,12.68,12.69,12.57,12.66,44728209,564126713.0
2012-02-15,sh.600036,12.61,12.8,12.56,12.68,48476492,615152835.0
2012-02-16,sh.600036,12.7,12.8,12.6,12.64,48574036,615538999.0
2012-02-17,sh.600036,12.77,12.78,12.66,12.71,27399853,348684564.0
2012-02-20,sh.600036,12.94,12.95,12.68,12.69,49654691,635441465.0
2012-02-21,sh.600036,12.71,12.83,12.64,12.75,38936418,496018030.0
2012-02-22,sh.600036,12.8,12.8,12.62,12.78,65585852,833270386.0
2012-02-23,sh.600036,12.78,12.78,12.67,12.71,65599268,833923558.0
2012-02-24,sh.600036,12.71,12.89,12.65,12.88,89662443,1143936194.0
2012-02-27,sh.600036,12.9,13.02,12.8,12.82,88034299,1135169277.0
2012-02-28,sh.600036,12.85,13.02,12.84,12.94,93061009,1203983392.0
2012-02-29,sh.600036,12.93,12.98,12.83,12.87,52017314,671363059.0
2012-03-01,sh.600036,12.85,12.96,12.85,12.91,28275484,365423558.0
2012-03-02,sh.600036,12.91,13.06,12.87,13.04,60713474,788822636.0
2012-03-05,sh.600036,13.02,13.07,12.84,12.87,71204163,922752715.0
2012-03-06,sh.600036,12.85,12.85,12.55,12.58,77847493,985947629.0
2012-03-07,sh.600036,12.51,12.59,12.4,12.41,54436608,680404646.0
2012-03-08,sh.600036,12.46,12.57,12.4,12.46,51348546,640558269.0
2012-03-09,sh.600036,12.51,12.56,12.41,12.51,50386244,629237238.0
2012-03-12,sh.600036,12.48,12.51,12.27,12.35,70869695,875848139.0
2012-03-13,sh.600036,12.35,12.51,12.33,12.47,46724501,581687630.0
2012-03-14,sh.600036,12.56,12.65,12.24,12.31,95593639,1191708566.0
2012-03-15,sh.600036,12.32,12.45,12.19,12.22,57476750,709688413.0
2012-03-16,sh.600036,12.25,12.32,12.09,12.22,54969381,669730880.0
2012-03-19,sh.600036,12.22,12.22,12.04,12.13,54367340,659192747.0
2012-03-20,sh.600036,12.1,12.17,11.97,12.02,54458748,655607045.0
2012-03-21,sh.600036,12.09,12.1,11.93,12.0,44544964,534595722.0
2012-03-22,sh.600036,12.0,12.2,11.94,12.05,36292537,437511567.0
2012-03-23,sh.600036,12.01,12.08,11.96,12.05,31958564,384506323.0
2012-03-26,sh.600036,12.07,12.16,12.01,12.09,41347179,500165874.0
2012-03-27,sh.600036,12.12,12.16,12.01,12.03,28724476,346579569.0
2012-03-28,sh.600036,12.04,12.08,11.78,11.8,42069693,501731389.0
2012-03-29,sh.600036,11.81,11.95,11.78,11.82,51308345,608219818.0
2012-03-30,sh.600036,11.82,11.93,11.78,11.9,39187875,465360707.0
2012-04-05,sh.600036,11.85,11.95,11.56,11.84,57405900,676640990.0
2012-04-06,sh.600036,11.83,11.87,11.7,11.81,46468361,546423998.0
2012-04-09,sh.600036,11.74,11.78,11.61,11.68,25074587,293312109.0
2012-04-10,sh.600036,11.7,11.86,11.66,11.83,29250721,343351779.0
2012-04-11,sh.600036,11.75,11.89,11.7,11.77,41559167,489513051.0
2012-04-12,sh.600036,11.78,12.02,11.67,12.01,64752612,768293175.0
2012-04-13,sh.600036,12.01,12.12,11.93,12.0,45910102,551302551.0
2012-04-16,sh.600036,11.96,12.02,11.88,11.92,25471380,304097730.0
2012-04-17,sh.600036,11.9,11.95,11.82,11.85,22383407,265972778.0
2012-04-18,sh.600036,11.89,12.02,11.81,12.01,45899846,549010529.0
2012-04-19,sh.600036,12.0,12.0,11.91,11.96,45691192,546431735.0
2012-04-20,sh.600036,11.93,12.24,11.92,12.19,92190483,1117374132.0
2012-04-23,sh.600036,12.19,12.24,12.06,12.1,38660794,469866487.0
2012-04-24,sh.600036,12.1,12.55,12.08,12.3,95110505,1172356286.0
2012-04-25,sh.600036,12.27,12.4,12.22,12.27,51512921,633930858.0
2012-04-26,sh.600036,12.31,12.36,12.12,12.22,36400008,445601888.0
2012-04-27,sh.600036,12.29,12.37,12.13,12.2,35413878,432485756.0
2012-05-02,sh.600036,12.35,12.48,12.3,12.4,71651380,887759044.0
2012-05-03,sh.600036,12.41,12.44,12.28,12.35,45998853,567916036.0
2012-05-04,sh.600036,12.35,12.47,12.22,12.41,62054762,766768142.0
2012-05-07,sh.600036,12.31,12.45,12.3,12.42,64377121,795713525.0
2012-05-08,sh.600036,12.4,12.45,12.28,12.37,62407886,772462422.0
2012-05-09,sh.600036,12.29,12.29,12.07,12.12,76685775,933525547.0
2012-05-10,sh.600036,12.19,12.19,12.01,12.11,51752022,625641705.0
2012-05-11,sh.600036,12.07,12.16,12.01,12.02,35395383,427334209.0
2012-05-14,sh.600036,12.13,12.16,11.84,11.89,67202716,804800566.0
2012-05-15,sh.600036,11.85,11.89,11.77,11.84,55255360,653203850.0
2012-05-16,sh.600036,11.82,11.84,11.65,11.67,64746524,758737341.0
2012-05-17,sh.600036,11.7,11.83,11.66,11.79,42466887,498658799.0
2012-05-18,sh.600036,11.72,11.72,11.53,11.56,68483829,794050301.0
2012-05-21,sh.600036,11.58,11.67,11.53,11.64,46862803,544058576.0
2012-05-22,sh.600036,11.68,11.83,11.65,11.81,41172979,484634928.0
2012-05-23,sh.600036,11.79,11.82,11.7,11.74,38223073,449537352.0
2012-05-24,sh.600036,11.73,11.81,11.61,11.63,46652779,547128969.0
2012-05-25,sh.600036,11.65,11.68,11.58,11.61,30231103,350720897.0
2012-05-28,sh.600036,11.62,11.68,11.54,11.67,59127181,686073338.0
2012-05-29,sh.600036,11.66,11.81,11.59,11.78,61386996,718537025.0
2012-05-31,sh.600036,11.55,11.68,11.55,11.66,74554351,865981374.0
2012-06-01,sh.600036,11.7,11.73,11.61,11.67,59686818,696135362.0
2012-06-04,sh.600036,11.57,11.57,11.37,11.4,77398721,887681099.0
2012-06-05,sh.600036,11.43,11.61,11.38,11.54,62811449,722339047.0
2012-06-06,sh.600036,11.55,11.71,11.55,11.68,68970155,803030022.0
2012-06-07,sh.600036,11.42,11.42,11.24,11.25,48697205,550110889.0
2012-06-08,sh.600036,11.18,11.18,10.86,10.92,106658264,1167267859.0
2012-06-11,sh.600036,10.93,10.99,10.85,10.95,34551784,377823767.0
2012-06-12,sh.600036,10.92,10.92,10.71,10.81,47223603,510228270.0
2012-06-13,sh.600036,10.85,10.95,10.79,10.89,38013211,413336534.0
2012-06-14,sh.600036,10.85,10.91,10.77,10.86,43619884,472733953.0
2012-06-15,sh.600036,10.87,11.17,10.86,11.05,50297608,554896394.0
2012-06-18,sh.600036,11.15,11.15,11.02,11.05,26305041,291047336.0
2012-06-19,sh.600036,11.04,11.12,10.95,10.99,33400224,368734244.0
2012-06-20,sh.600036,11.04,11.12,10.97,11.03,27268925,301067917.0
2012-06-21,sh.600036,11.03,11.03,10.86,10.9,23749957,259603768.0
2012-06-25,sh.600036,10.89,11.05,10.87,10.99,54425437,598573025.0
2012-06-26,sh.600036,10.97,11.06,10.95,10.99,44724939,491873011.0
2012-06-27,sh.600036,10.96,11.0,10.87,10.89,29439687,321260686.0
2012-06-28,sh.600036,10.91,10.95,10.81,10.82,33836490,368182347.0
2012-06-29,sh.600036,10.83,11.0,10.78,10.92,38125964,414959831.0
2012-07-02,sh.600036,10.96,10.96,10.79,10.85,35434997,384038160.0
2012-07-03,sh.600036,10.85,10.99,10.81,10.89,31607869,344822244.0
2012-07-04,sh.600036,10.93,11.0,10.88,10.93,25727176,281476904.0
2012-07-05,sh.600036,10.91,10.95,10.8,10.85,29503142,320276245.0
2012-07-06,sh.600036,10.61,10.64,10.46,10.57,121860231,1284039859.0
2012-07-09,sh.600036,10.52,10.52,10.02,10.15,134789522,1380906463.0
2012-07-10,sh.600036,10.14,10.2,10.07,10.16,47869636,485118762.0
2012-07-11,sh.600036,10.15,10.16,9.98,10.06,50451462,507063597.0
2012-07-12,sh.600036,10.06,10.13,9.89,10.09,81043606,809607588.0
2012-07-13,sh.600036,10.07,10.23,10.0,10.17,46206288,468712542.0
2012-07-16,sh.600036,10.19,10.27,10.06,10.08,45861210,465617630.0
2012-07-17,sh.600036,10.08,10.18,10.07,10.17,29134030,295683245.0
2012-07-18,sh.600036,10.18,10.18,10.01,10.11,34429185,346515677.0
2012-07-19,sh.600036,10.11,10.15,10.04,10.1,44505822,449753597.0
2012-07-20,sh.600036,10.09,10.1,9.96,9.99,48634283,486155924.0
2012-07-23,sh.600036,9.94,9.94,9.59,9.69,78708705,763923571.0
2012-07-24,sh.600036,9.64,9.71,9.54,9.59,59762139,574182443.0
2012-07-25,sh.600036,9.57,9.65,9.54,9.58,29141798,279943231.0
2012-07-26,sh.600036,9.59,9.67,9.57,9.59,29695836,285606220.0
2012-07-27,sh.600036,9.62,9.86,9.62,9.75,53176024,518372376.0
2012-07-30,sh.600036,9.8,9.92,9.75,9.81,41689292,409827972.0
2012-07-31,sh.600036,9.85,9.97,9.84,9.92,41597059,412950989.0
2012-08-01,sh.600036,9.92,10.0,9.86,9.97,47866222,475037527.0
2012-08-02,sh.600036,9.96,10.07,9.93,10.01,41041273,410615261.0
2012-08-03,sh.600036,10.02,10.06,9.97,10.0,25274255,252693207.0
2012-08-06,sh.600036,10.0,10.07,9.98,10.01,30987052,310238159.0
2012-08-07,sh.600036,10.01,10.05,9.98,10.0,24008549,240145157.0
2012-08-08,sh.600036,10.01,10.09,10.01,10.07,28736017,289243530.0
2012-08-09,sh.600036,10.1,10.1,10.0,10.08,19473829,195833145.0
2012-08-10,sh.600036,10.1,10.2,10.09,10.17,27065385,275363371.0
2012-08-13,sh.600036,10.14,10.2,10.11,10.15,38715291,393494003.0
2012-08-14,sh.600036,10.17,10.24,10.13,10.17,31553215,321051657.0
2012-08-15,sh.600036,10.17,10.19,9.93,9.94,39470371,394577962.0
2012-08-16,sh.600036,9.89,9.97,9.85,9.92,19271916,190896620.0
2012-08-17,sh.600036,9.92,10.05,9.91,10.02,22324063,223357073.0
2012-08-20,sh.600036,9.93,10.02,9.82,9.88,25097469,247692968.0
2012-08-21,sh.600036,9.89,9.94,9.78,9.81,36439230,358531814.0
2012-08-22,sh.600036,9.83,9.9,9.81,9.89,33324351,328191886.0
2012-08-23,sh.600036,9.9,9.97,9.85,9.94,36770363,365020417.0
2012-08-24,sh.600036,9.88,9.99,9.87,9.92,32882966,327024436.0
2012-08-27,sh.600036,9.91,9.94,9.79,9.86,29524573,291275731.0
2012-08-28,sh.600036,9.84,10.07,9.81,10.01,33101509,329951805.0
2012-08-29,sh.600036,10.0,10.05,9.98,10.02,25836174,258866506.0
2012-08-30,sh.600036,9.9,10.15,9.9,10.13,40629378,410070197.0
2012-08-31,sh.600036,10.13,10.19,10.07,10.08,29287124,297407357.0
2012-09-03,sh.600036,10.06,10.12,10.0,10.01,37329440,374981802.0
2012-09-04,sh.600036,10.01,10.02,9.8,9.84,43905130,434354544.0
2012-09-05,sh.600036,9.84,9.84,9.57,9.71,62754362,606649296.0
2012-09-06,sh.600036,9.67,9.74,9.63,9.73,39391305,381180126.0
2012-09-07,sh.600036,9.76,10.18,9.76,10.16,94580852,948096863.0
2012-09-10,sh.600036,10.13,10.19,10.02,10.1,53268227,537083135.0
2012-09-11,sh.600036,10.08,10.12,10.0,10.12,34448599,346408412.0
2012-09-12,sh.600036,10.15,10.22,10.03,10.12,33366528,338007629.0
2012-09-13,sh.600036,10.11,10.2,10.01,10.12,42635812,431742856.0
2012-09-14,sh.600036,10.15,10.33,10.14,10.25,57192156,585483247.0
2012-09-17,sh.600036,10.25,10.26,10.11,10.13,47185018,480998604.0
2012-09-18,sh.600036,10.1,10.1,9.96,9.99,30412407,305847748.0
2012-09-19,sh.600036,9.98,9.99,9.83,9.87,36585950,362159953.0
2012-09-20,sh.600036,9.87,9.9,9.72,9.74,31522857,309091409.0
2012-09-21,sh.600036,9.74,9.87,9.68,9.81,33379500,327072231.0
2012-09-24,sh.600036,9.75,9.91,9.7,9.86,33853748,331137645.0
2012-09-25,sh.600036,9.86,9.89,9.8,9.87,18479084,181896719.0
2012-09-26,sh.600036,9.86,9.91,9.75,9.75,32514269,319732145.0
2012-09-27,sh.600036,9.8,10.18,9.76,10.08,50505901,505686100.0
2012-09-28,sh.600036,10.01,10.18,9.91,10.16,38923065,392264624.0
2012-10-08,sh.600036,10.15,10.35,10.11,10.17,33008415,337697960.0
2012-10-09,sh.600036,10.28,10.37,10.2,10.29,43262374,446295752.0
2012-10-10,sh.600036,10.29,10.29,10.18,10.21,23361347,238821187.0
2012-10-11,sh.600036,10.19,10.24,10.1,10.2,24139415,245864855.0
2012-10-12,sh.600036,10.25,10.39,10.23,10.36,40072715,414289777.0
2012-10-15,sh.600036,10.37,10.38,10.23,10.31,16006440,164776435.0
2012-10-16,sh.600036,10.29,10.38,10.21,10.31,22984285,236742799.0
2012-10-17,sh.600036,10.32,10.4,10.26,10.36,29565374,305863198.0
2012-10-18,sh.600036,10.43,10.54,10.36,10.49,37542685,393179674.0
2012-10-19,sh.600036,10.5,10.5,10.4,10.44,23865011,249625613.0
2012-10-22,sh.600036,10.37,10.55,10.36,10.51,28758213,301265381.0
2012-10-23,sh.600036,10.51,10.6,10.43,10.45,26894888,283013779.0
2012-10-24,sh.600036,10.4,10.49,10.4,10.46,21624867,226046400.0
2012-10-25,sh.600036,10.43,10.49,10.35,10.37,19555765,203931727.0
2012-10-26,sh.600036,10.37,10.43,10.19,10.28,24669423,253283832.0
2012-10-29,sh.600036,10.25,10.27,10.04,10.12,22386478,227127315.0
2012-10-30,sh.600036,10.13,10.24,10.0,10.07,30836095,310546559.0
2012-10-31,sh.600036,10.05,10.11,10.04,10.08,20997491,211535310.0
2012-11-01,sh.600036,10.08,10.4,10.08,10.3,42058917,432036399.0
2012-11-02,sh.600036,10.28,10.39,10.25,10.37,28451332,293882466.0
2012-11-05,sh.600036,10.37,10.49,10.32,10.42,26262182,273345099.0
2012-11-06,sh.600036,10.43,10.47,10.22,10.38,25616913,264401793.0
2012-11-07,sh.600036,10.38,10.38,10.26,10.34,16517277,170413964.0
2012-11-08,sh.600036,10.28,10.32,10.18,10.18,18380785,188188300.0
2012-11-09,sh.600036,10.17,10.25,10.16,10.21,21043505,214755731.0
2012-11-12,sh.600036,10.25,10.29,10.2,10.26,25317439,259350027.0
2012-11-13,sh.600036,10.26,10.27,10.04,10.06,19644727,198705309.0
2012-11-14,sh.600036,10.06,10.11,10.04,10.08,15939907,160559555.0
2012-11-15,sh.600036,10.05,10.09,10.01,10.02,15095665,151500493.0
2012-11-16,sh.600036,10.0,10.07,9.9,9.96,21561266,214485151.0
2012-11-19,sh.600036,9.96,9.98,9.89,9.92,17315197,171846492.0
2012-11-20,sh.600036,9.95,10.02,9.79,9.83,21542000,212747659.0
2012-11-21,sh.600036,9.83,9.94,9.81,9.93,22234439,219330197.0
2012-11-22,sh.600036,9.9,9.93,9.86,9.9,15471082,153066794.0
2012-11-23,sh.600036,9.94,10.05,9.89,10.03,28382847,283347348.0
2012-11-26,sh.600036,9.98,10.02,9.94,9.99,18615218,185783024.0
2012-11-27,sh.600036,9.97,10.05,9.96,9.97,31331198,313271104.0
2012-11-28,sh.600036,9.97,10.02,9.95,9.97,28175960,281582422.0
2012-11-29,sh.600036,9.99,10.04,9.97,9.98,18213096,182095458.0
2012-11-30,sh.600036,9.98,10.05,9.9,10.02,31279090,312092108.0
2012-12-03,sh.600036,10.01,10.02,9.83,9.91,35031520,347109875.0
2012-12-04,sh.600036,9.91,10.01,9.9,9.98,23933387,238259790.0
2012-12-05,sh.600036,10.0,10.45,9.97,10.41,108218768,1117951131.0
2012-12-06,sh.600036,10.4,10.56,10.38,10.45,65843849,689223046.0
2012-12-07,sh.600036,10.46,10.83,10.44,10.8,111933473,1198461158.0
2012-12-10,sh.600036,10.85,11.08,10.75,10.97,119013339,1301157141.0
2012-12-11,sh.600036,10.97,11.06,10.89,10.99,70145022,770027826.0
2012-12-12,sh.600036,10.99,11.21,10.96,11.05,67726906,751240813.0
2012-12-13,sh.600036,11.03,11.06,10.85,10.87,55584051,609383937.0
2012-12-14,sh.600036,10.93,11.75,10.92,11.7,165003971,1884483350.0
2012-12-17,sh.600036,11.75,11.94,11.63,11.71,114367595,1345018068.0
2012-12-18,sh.600036,11.68,12.08,11.63,11.85,123379959,1469876906.0
2012-12-19,sh.600036,11.85,12.05,11.8,11.88,95351145,1140126076.0
2012-12-20,sh.600036,11.8,12.08,11.8,12.0,82884413,988481626.0
2012-12-21,sh.600036,12.02,12.06,11.87,11.9,76221363,913082895.0
2012-12-24,sh.600036,11.95,12.41,11.92,12.26,109565552,1345537385.0
2012-12-25,sh.600036,12.22,12.95,12.22,12.77,132992447,1679327688.0
2012-12-26,sh.600036,12.76,12.94,12.69,12.79,87817696,1127460770.0
2012-12-27,sh.600036,12.85,13.02,12.59,12.61,86279794,1106929198.0
2012-12-28,sh.600036,12.63,12.98,12.62,12.96,84917360,1091049715.0
2012-12-31,sh.600036,12.96,13.8,12.96,13.75,153712026,2060790726.0
2013-01-04,sh.600036,13.82,13.97,13.35,13.53,150033642,2039552876.0
2013-01-07,sh.600036,13.5,13.83,13.3,13.6,99469543,1349911750.0
2013-01-08,sh.600036,13.65,13.83,13.33,13.59,103335613,1404489415.0
2013-01-09,sh.600036,13.46,13.62,13.31,13.5,96559071,1302109207.0
2013-01-10,sh.600036,13.5,13.7,13.37,13.54,89269431,1212029376.0
2013-01-11,sh.600036,13.53,13.64,13.16,13.28,92040123,1237367216.0
2013-01-14,sh.600036,13.17,13.97,13.17,13.84,157865880,2160111264.0
2013-01-15,sh.600036,13.8,13.88,13.62,13.79,106719958,1469440881.0
2013-01-16,sh.600036,13.75,13.82,13.34,13.52,90299892,1231280278.0
2013-01-17,sh.600036,13.53,13.54,13.19,13.22,117049830,1558604727.0
2013-01-18,sh.600036,13.36,13.5,13.21,13.37,110808831,1480397212.0
2013-01-21,sh.600036,13.42,13.7,13.31,13.57,114885955,1552341580.0
2013-01-22,sh.600036,13.57,14.09,13.39,14.0,175753485,2425268563.0
2013-01-23,sh.600036,13.9,14.11,13.75,14.0,89490096,1246132644.0
2013-01-24,sh.600036,14.0,14.5,13.55,13.67,196485221,2756417941.0
2013-01-25,sh.600036,13.74,13.83,13.42,13.47,90587116,1229494809.0
2013-01-28,sh.600036,13.5,14.34,13.5,14.18,151705864,2131062253.0
2013-01-29,sh.600036,14.19,14.8,14.04,14.6,190625562,2746660145.0
2013-01-30,sh.600036,14.61,14.64,14.2,14.38,127814353,1836901396.0
2013-01-31,sh.600036,14.43,14.49,14.03,14.3,116264671,1653013127.0
2013-02-01,sh.600036,14.2,14.84,14.15,14.78,168931689,2451809625.0
2013-02-04,sh.600036,14.77,15.01,14.46,14.57,165969012,2448320866.0
2013-02-05,sh.600036,14.4,14.54,14.21,14.4,121449786,1743222914.0
2013-02-06,sh.600036,14.4,14.52,14.13,14.37,93528960,1337984884.0
2013-02-07,sh.600036,14.37,14.37,13.71,14.14,162817793,2287383272.0
2013-02-08,sh.600036,14.08,14.18,13.86,14.04,93929728,1319909435.0
2013-02-18,sh.600036,14.13,14.27,13.87,13.95,86439411,1215568530.0
2013-02-19,sh.600036,13.92,14.06,13.72,13.83,80257524,1115544740.0
2013-02-20,sh.600036,13.86,13.91,13.43,13.84,110823616,1509286637.0
2013-02-21,sh.600036,13.66,13.68,12.95,13.38,130621607,1735828988.0
2013-02-22,sh.600036,13.35,13.38,13.0,13.07,81360028,1071160054.0
2013-02-25,sh.600036,13.15,13.26,12.99,13.04,70980507,929263409.0
2013-02-26,sh.600036,12.89,13.28,12.65,12.71,225425396,2929255224.0
2013-02-27,sh.600036,12.76,13.0,12.58,12.84,144114992,1843217552.0
2013-02-28,sh.600036,12.9,13.32,12.78,13.3,169686196,2213328399.0
2013-03-01,sh.600036,13.3,13.37,12.81,13.07,127952678,1676102123.0
2013-03-04,sh.600036,12.85,13.0,12.17,12.27,174787313,2202216042.0
2013-03-05,sh.600036,12.33,13.47,12.33,13.36,217489127,2799557374.0
2013-03-06,sh.600036,13.37,13.6,13.14,13.45,152953415,2050199178.0
2013-03-07,sh.600036,13.37,13.37,12.99,13.11,88818956,1171202325.0
2013-03-08,sh.600036,13.15,13.48,12.93,13.33,92994368,1230262753.0
2013-03-11,sh.600036,13.21,13.23,12.96,13.12,48343688,634664600.0
2013-03-12,sh.600036,13.12,13.3,12.75,12.9,69609902,906390226.0
2013-03-13,sh.600036,12.9,13.03,12.6,12.67,65982796,843335588.0
2013-03-14,sh.600036,12.64,12.88,12.55,12.67,47569824,603557988.0
2013-03-15,sh.600036,12.68,13.19,12.44,12.57,136157293,1735409883.0
2013-03-18,sh.600036,12.48,12.7,12.4,12.48,65953714,827700032.0
2013-03-19,sh.600036,12.45,12.67,12.45,12.6,54739579,686425600.0
2013-03-20,sh.600036,12.63,13.17,12.61,13.14,134323321,1745000320.0
2013-03-21,sh.600036,13.14,13.22,13.06,13.13,64556357,848701312.0
2013-03-22,sh.600036,13.19,13.25,13.05,13.13,44108735,579895296.0
2013-03-25,sh.600036,13.2,13.28,12.94,12.98,55900140,730187072.0
2013-03-26,sh.600036,12.9,12.95,12.58,12.69,61902647,786734080.0
2013-03-27,sh.600036,12.66,12.92,12.66,12.77,45729310,584254912.0
2013-03-28,sh.600036,12.4,12.4,11.7,12.13,126617155,1535552256.0
2013-03-29,sh.600036,12.19,12.74,12.12,12.63,102332903,1272875648.0
2013-04-01,sh.600036,12.49,12.61,12.34,12.4,41277653,513973440.0
2013-04-02,sh.600036,12.48,12.75,12.37,12.56,55765379,700652096.0
2013-04-03,sh.600036,12.6,12.98,12.58,12.79,63290889,808928704.0
2013-04-08,sh.600036,12.44,12.69,12.4,12.61,51753967,650242816.0
2013-04-09,sh.600036,12.69,12.78,12.51,12.59,48341348,611102720.0
2013-04-10,sh.600036,12.58,12.65,12.38,12.44,30295476,377830464.0
2013-04-11,sh.600036,12.56,12.64,12.36,12.39,33431483,416800064.0
2013-04-12,sh.600036,12.39,12.46,12.26,12.28,28710372,354460000.0
2013-04-15,sh.600036,12.3,12.4,12.19,12.25,33325316,408924608.0
2013-04-16,sh.600036,12.2,12.4,12.14,12.35,55597507,681018176.0
2013-04-17,sh.600036,12.33,12.35,12.1,12.16,43182874,525913408.0
2013-04-18,sh.600036,12.05,12.3,12.01,12.16,57567757,697392896.0
2013-04-19,sh.600036,12.21,12.84,12.15,12.62,159685249,1988992512.0
2013-04-22,sh.600036,12.53,12.64,12.52,12.59,59032937,742446976.0
2013-04-23,sh.600036,12.65,12.65,12.05,12.14,85782677,1047585600.0
2013-04-24,sh.600036,12.15,12.45,12.08,12.3,50028546,612410048.0
2013-04-25,sh.600036,12.24,12.35,12.08,12.22,49654384,605731456.0
2013-04-26,sh.600036,12.28,12.34,12.11,12.15,33018250,403023232.0
2013-05-02,sh.600036,12.1,12.12,11.95,12.1,46973420,565173888.0
2013-05-03,sh.600036,12.16,12.55,12.12,12.35,68956539,855915328.0
2013-05-06,sh.600036,12.4,12.65,12.38,12.53,50270560,630075264.0
2013-05-07,sh.600036,12.47,12.53,12.38,12.49,36789009,458536448.0
2013-05-08,sh.600036,12.48,12.65,12.44,12.5,54553571,683945984.0
2013-05-09,sh.600036,12.54,12.58,12.24,12.33,44652235,553251648.0
2013-05-10,sh.600036,12.4,12.78,12.37,12.75,97604084,1232382720.0
2013-05-13,sh.600036,12.74,13.21,12.59,13.19,174515142,2271013376.0
2013-05-14,sh.600036,13.18,13.36,13.1,13.33,152786050,2025053952.0
2013-05-15,sh.600036,13.32,13.65,13.25,13.59,109663142,1476330880.0
2013-05-16,sh.600036,13.55,13.94,13.41,13.87,151766853,2083974656.0
2013-05-17,sh.600036,13.87,13.93,13.62,13.86,101619270,1401815040.0
2013-05-20,sh.600036,13.86,14.1,13.64,13.86,124578797,1728294016.0
2013-05-21,sh.600036,13.8,13.81,13.46,13.57,106905782,1454002688.0
2013-05-22,sh.600036,13.58,14.0,13.58,13.99,140450104,1939563904.0
2013-05-23,sh.600036,13.9,13.95,13.51,13.52,104392717,1430513408.0
2013-05-24,sh.600036,13.57,13.72,13.42,13.51,55498940,752285760.0
2013-05-27,sh.600036,13.48,13.57,13.32,13.39,49964608,671859968.0
2013-05-28,sh.600036,13.35,13.8,13.32,13.76,85149220,1153115648.0
2013-05-29,sh.600036,13.79,13.89,13.58,13.61,59622733,819883072.0
2013-05-30,sh.600036,13.58,13.69,13.45,13.58,46826224,635522368.0
2013-05-31,sh.600036,13.59,13.82,13.53,13.58,45658535,624284288.0
2013-06-03,sh.600036,13.58,13.89,13.57,13.77,70140471,965797120.0
2013-06-04,sh.600036,13.74,13.89,13.6,13.75,78089914,1073577728.0
2013-06-05,sh.600036,13.75,13.76,13.19,13.36,61817060,832117504.0
2013-06-06,sh.600036,13.34,13.39,13.01,13.18,67156041,881621888.0
2013-06-07,sh.600036,13.18,13.34,13.1,13.17,68048619,898343488.0
2013-06-13,sh.600036,12.4,12.4,11.82,12.32,81035312,978996608.0
2013-06-14,sh.600036,12.25,12.3,12.12,12.21,58036665,708580352.0
2013-06-17,sh.600036,12.23,12.32,12.09,12.1,31388706,382560896.0
2013-06-18,sh.600036,12.14,12.31,12.13,12.2,34491029,422338624.0
2013-06-19,sh.600036,12.2,12.2,11.9,11.98,39840016,478168064.0
2013-06-20,sh.600036,11.96,11.96,11.4,11.47,63295614,736010496.0
2013-06-21,sh.600036,11.3,11.77,11.18,11.71,70320815,813131648.0
2013-06-24,sh.600036,11.63,11.63,10.76,10.93,118147118,1301685376.0
2013-06-25,sh.600036,10.8,11.03,10.0,10.92,128040668,1368236800.0
2013-06-26,sh.600036,11.03,11.04,10.53,10.66,93892918,1006917504.0
2013-06-27,sh.600036,10.74,10.98,10.69,10.92,72290048,783616960.0
2013-06-28,sh.600036,10.92,11.64,10.85,11.6,116872092,1327338624.0
2013-07-01,sh.600036,11.5,11.61,11.2,11.38,48482145,551215424.0
2013-07-02,sh.600036,11.38,11.46,11.02,11.21,63906564,714282176.0
2013-07-03,sh.600036,11.18,11.45,10.97,11.35,60519634,675330176.0
2013-07-04,sh.600036,11.26,11.49,11.1,11.24,53058539,599276032.0
2013-07-05,sh.600036,11.25,11.35,11.13,11.27,37591500,423780608.0
2013-07-08,sh.600036,11.15,11.22,10.98,11.03,46495080,514504512.0
2013-07-09,sh.600036,11.02,11.25,10.98,11.16,49418897,548827328.0
2013-07-10,sh.600036,11.2,11.35,11.06,11.32,41429765,463874304.0
2013-07-11,sh.600036,11.35,12.43,11.35,12.15,160521711,1916691200.0
2013-07-12,sh.600036,12.0,12.11,11.5,11.62,90111931,1063540480.0
2013-07-15,sh.600036,11.74,11.91,11.55,11.65,67469648,789286784.0
2013-07-16,sh.600036,11.64,11.64,11.41,11.63,61861194,712310016.0
2013-07-17,sh.600036,11.6,11.65,11.38,11.4,52624793,605064960.0
2013-07-18,sh.600036,11.36,11.5,11.11,11.18,53560319,599859968.0
2013-07-19,sh.600036,11.2,11.28,10.88,10.92,55832848,617765440.0
2013-07-22,sh.600036,10.7,10.89,10.57,10.85,56804354,610322304.0
2013-07-23,sh.600036,10.92,11.29,10.81,11.06,55201375,613854016.0
2013-07-24,sh.600036,10.85,11.04,10.68,10.9,64957735,703058432.0
2013-07-25,sh.600036,10.94,11.06,10.75,10.83,41472019,450454016.0
2013-07-26,sh.600036,10.8,10.8,10.65,10.74,30576489,328006272.0
2013-07-29,sh.600036,10.6,10.61,10.4,10.49,46625262,488458880.0
2013-07-30,sh.600036,10.58,10.79,10.52,10.68,49021261,521396800.0
2013-07-31,sh.600036,10.8,10.95,10.57,10.6,33973038,363813568.0
2013-08-01,sh.600036,10.69,10.9,10.63,10.87,47089860,508365120.0
2013-08-02,sh.600036,10.93,11.06,10.77,10.81,36088537,394147520.0
2013-08-05,sh.600036,10.82,10.9,10.72,10.85,29081460,313861696.0
2013-08-06,sh.600036,10.78,10.88,10.68,10.76,40097631,431419264.0
2013-08-07,sh.600036,10.76,10.91,10.7,10.72,38069382,411065856.0
2013-08-08,sh.600036,10.7,10.93,10.69,10.75,42651729,460570976.0
2013-08-09,sh.600036,10.84,10.9,10.55,10.69,42253602,452598144.0
2013-08-12,sh.600036,10.8,11.06,10.69,11.05,81975023,896354816.0
2013-08-13,sh.600036,11.05,11.21,11.02,11.15,65007181,723604800.0
2013-08-14,sh.600036,11.18,11.34,11.11,11.15,54414111,610890304.0
2013-08-15,sh.600036,11.15,11.24,11.03,11.04,39585571,442036416.0
2013-08-16,sh.600036,11.01,12.14,10.76,10.99,151349940,1708117888.0
2013-08-19,sh.600036,10.86,11.25,10.79,11.12,68019220,749488384.0
2013-08-20,sh.600036,11.09,11.36,10.97,11.03,81543907,910438144.0
2013-08-21,sh.600036,11.11,11.13,10.87,10.93,39480926,432670080.0
2013-08-22,sh.600036,10.9,11.15,10.88,10.91,46575028,512270688.0
2013-08-23,sh.600036,10.9,10.99,10.35,10.56,118158969,1255450624.0
2013-08-26,sh.600036,10.51,10.71,10.37,10.7,132250073,1391616256.0
2013-08-27,sh.600036,10.6,10.7,10.52,10.66,103525523,1096806144.0
2013-09-05,sh.600036,10.7,10.75,10.61,10.66,117901460,1260903552.0
2013-09-06,sh.600036,10.63,10.96,10.61,10.89,81162153,872375296.0
2013-09-09,sh.600036,11.05,11.68,11.01,11.58,226690991,2589324288.0
2013-09-10,sh.600036,11.58,11.76,11.44,11.63,138818280,1611118464.0
2013-09-11,sh.600036,11.61,11.84,11.53,11.62,136234354,1589758704.0
2013-09-12,sh.600036,11.61,12.19,11.48,11.91,192631522,2285151056.0
2013-09-13,sh.600036,11.86,12.03,11.71,11.82,114843023,1360865440.0
2013-09-16,sh.600036,11.98,12.0,11.5,11.65,105856388,1237443680.0
2013-09-17,sh.600036,11.75,11.75,11.18,11.19,110665606,1258523712.0
2013-09-18,sh.600036,11.25,11.32,11.08,11.15,67293585,757308656.0
2013-09-23,sh.600036,11.21,11.34,11.08,11.19,79801735,893657024.0
2013-09-24,sh.600036,11.2,11.2,10.82,10.88,82797426,905216784.0
2013-09-25,sh.600036,10.88,11.06,10.81,10.84,65975845,719786128.0
2013-09-26,sh.600036,10.82,10.83,10.61,10.76,60827755,650682192.0
2013-09-27,sh.600036,10.73,10.81,10.7,10.8,34902841,375127104.0
2013-09-30,sh.600036,10.88,10.97,10.84,10.92,42535131,464022336.0
2013-10-08,sh.600036,10.93,10.96,10.71,10.91,49739786,540080432.0
2013-10-09,sh.600036,10.9,11.1,10.82,10.96,49703417,544836800.0
2013-10-10,sh.600036,10.96,10.97,10.72,10.78,50014868,541470736.0
2013-10-11,sh.600036,10.89,11.02,10.81,10.94,74539537,814697872.0
2013-10-14,sh.600036,10.95,10.98,10.76,10.8,62165189,674276672.0
2013-10-15,sh.600036,10.83,10.85,10.7,10.73,57593115,619820032.0
2013-10-16,sh.600036,10.73,10.82,10.68,10.73,51254152,550416976.0
2013-10-17,sh.600036,10.78,10.8,10.59,10.6,45498178,486115184.0
2013-10-18,sh.600036,10.63,10.72,10.6,10.63,32417605,345615776.0
2013-10-21,sh.600036,10.63,10.8,10.55,10.76,48094672,513801824.0
2013-10-22,sh.600036,10.74,10.76,10.6,10.63,41517120,442237056.0
2013-10-23,sh.600036,10.68,10.9,10.63,10.68,64499410,693735312.0
2013-10-24,sh.600036,10.68,10.75,10.6,10.63,52902784,563986320.0
2013-10-25,sh.600036,10.6,10.78,10.55,10.61,64707867,690208816.0
2013-10-28,sh.600036,10.62,10.64,10.55,10.62,29512278,312652832.0
2013-10-29,sh.600036,10.64,11.06,10.64,10.85,138530887,1502964672.0
2013-10-30,sh.600036,10.9,10.92,10.75,10.91,78734196,855045328.0
2013-10-31,sh.600036,10.91,10.92,10.73,10.74,69779221,754370320.0
2013-11-01,sh.600036,10.87,10.95,10.79,10.91,68540522,746239952.0
2013-11-04,sh.600036,10.99,11.01,10.79,10.8,40641767,442218800.0
2013-11-05,sh.600036,10.79,10.79,10.58,10.75,64112426,685035392.0
2013-11-06,sh.600036,10.67,10.72,10.61,10.62,49210076,524440976.0
2013-11-07,sh.600036,10.62,10.71,10.61,10.7,38116328,406577744.0
2013-11-08,sh.600036,10.68,10.73,10.56,10.58,43305319,461067440.0
2013-11-11,sh.600036,10.6,10.65,10.51,10.53,42903448,453035056.0
2013-11-12,sh.600036,10.58,10.69,10.53,10.68,58961249,625010624.0
2013-11-13,sh.600036,10.59,10.62,10.32,10.33,85772647,892881152.0
2013-11-14,sh.600036,10.4,10.4,10.24,10.26,49775908,512375168.0
2013-11-15,sh.600036,10.31,10.53,10.29,10.35,77615898,808827136.0
2013-11-18,sh.600036,10.44,11.39,10.41,11.34,273536096,2978026016.0
2013-11-19,sh.600036,11.3,11.34,10.93,11.02,140792727,1563731728.0
2013-11-20,sh.600036,11.11,11.17,10.87,10.95,91608000,1006411296.0
2013-11-21,sh.600036,10.9,10.98,10.74,10.97,101948917,1107262496.0
2013-11-22,sh.600036,10.98,11.05,10.88,10.98,99751019,1093041280.0
2013-11-25,sh.600036,10.95,11.05,10.81,10.82,55419953,606068144.0
2013-11-26,sh.600036,10.84,10.91,10.8,10.83,45184778,489637488.0
2013-11-27,sh.600036,10.84,11.0,10.76,10.86,72902148,793518320.0
2013-11-28,sh.600036,10.89,11.07,10.84,10.93,71508499,784421792.0
2013-11-29,sh.600036,10.99,11.02,10.88,10.91,48143873,526013152.0
2013-12-02,sh.600036,10.9,11.25,10.88,11.14,130731773,1448882896.0
2013-12-03,sh.600036,11.1,11.15,11.01,11.1,58863295,652339424.0
2013-12-04,sh.600036,11.07,11.25,11.03,11.13,83213232,928299360.0
2013-12-05,sh.600036,11.13,11.15,10.99,11.04,62644771,691618304.0
2013-12-06,sh.600036,11.0,11.01,10.87,10.98,61369549,670861168.0
2013-12-09,sh.600036,10.98,11.01,10.88,10.9,50928252,556052384.0
2013-12-10,sh.600036,11.1,11.18,10.99,11.09,101602574,1124642448.0
2013-12-11,sh.600036,11.11,11.18,11.0,11.02,110548783,1225071504.0
2013-12-12,sh.600036,11.0,11.16,10.92,10.92,79924552,883957360.0
2013-12-13,sh.600036,10.76,10.84,10.65,10.7,97408282,1045591552.0
2013-12-16,sh.600036,10.71,10.82,10.61,10.62,87015742,932522224.0
2013-12-17,sh.600036,10.65,10.74,10.61,10.63,57884914,617628976.0
2013-12-18,sh.600036,10.63,10.86,10.62,10.79,74702559,803345568.0
2013-12-19,sh.600036,10.84,10.88,10.68,10.7,65703814,707572720.0
2013-12-20,sh.600036,10.73,10.75,10.3,10.33,103316528,1084806736.0
2013-12-23,sh.600036,10.41,10.45,10.25,10.27,78142541,808123248.0
2013-12-24,sh.600036,10.35,10.36,10.1,10.17,91931959,942523744.0
2013-12-25,sh.600036,10.21,10.31,10.09,10.31,94276714,958772192.0
2013-12-26,sh.600036,10.29,10.3,10.15,10.15,51417497,524651648.0
2013-12-27,sh.600036,10.21,10.41,10.16,10.31,70565493,727168144.0
2013-12-30,sh.600036,10.37,10.64,10.29,10.6,104179954,1085120192.0
2013-12-31,sh.600036,10.47,11.12,10.46,10.89,296546960,3237763040.0
2014-01-02,sh.600036,10.84,10.86,10.67,10.73,53256490,571763440.0
2014-01-03,sh.600036,10.65,10.68,10.4,10.51,58529809,615117104.0
2014-01-06,sh.600036,10.5,10.52,10.32,10.46,65397030,680128048.0
2014-01-07,sh.600036,10.33,10.54,10.28,10.52,54256386,566113072.0
2014-01-08,sh.600036,10.52,10.69,10.46,10.63,49293748,522881088.0
2014-01-09,sh.600036,10.61,10.76,10.61,10.7,48223379,515210320.0
2014-01-10,sh.600036,10.69,10.82,10.61,10.8,62914098,676364240.0
2014-01-13,sh.600036,10.82,10.98,10.73,10.88,77971600,848646192.0
2014-01-14,sh.600036,10.85,10.92,10.65,10.75,44867887,482287728.0
2014-01-15,sh.600036,10.72,10.75,10.53,10.59,35573395,377633072.0
2014-01-16,sh.600036,10.59,10.63,10.52,10.55,27592438,291872544.0
2014-01-17,sh.600036,10.53,10.58,10.41,10.57,51874534,543888512.0
2014-01-20,sh.600036,10.51,10.6,10.42,10.47,27537862,289251392.0
2014-01-21,sh.600036,10.54,10.68,10.48,10.53,25159217,266298797.0
2014-01-22,sh.600036,10.56,10.78,10.48,10.7,50123656,533545792.0
2014-01-23,sh.600036,10.67,10.71,10.49,10.52,38634112,408076176.0
2014-01-24,sh.600036,10.48,10.56,10.39,10.43,52264195,546511664.0
2014-01-27,sh.600036,10.4,10.43,10.28,10.33,47078702,486900304.0
2014-01-28,sh.600036,10.35,10.47,10.34,10.44,39757824,414104448.0
2014-01-29,sh.600036,10.48,10.56,10.44,10.51,28538161,299746176.0
2014-01-30,sh.600036,10.49,10.49,10.32,10.36,26539270,275494768.0
2014-02-07,sh.600036,10.3,10.37,10.24,10.33,32083538,329823152.0
2014-02-10,sh.600036,10.37,10.44,10.35,10.43,54295943,564957008.0
2014-02-11,sh.600036,10.4,10.74,10.33,10.57,108473385,1144880496.0
2014-02-12,sh.600036,10.57,10.65,10.48,10.51,53802791,566714784.0
2014-02-13,sh.600036,10.47,10.75,10.43,10.53,97138132,1027621728.0
2014-02-14,sh.600036,10.53,10.58,10.45,10.52,42266001,443898448.0
2014-02-17,sh.600036,10.6,10.64,10.47,10.51,61964770,652124688.0
2014-02-18,sh.600036,10.51,10.51,10.3,10.32,71937158,746349568.0
2014-02-19,sh.600036,10.32,10.59,10.28,10.51,109595304,1143138288.0
2014-02-20,sh.600036,10.51,10.61,10.34,10.35,66654632,697343024.0
2014-02-21,sh.600036,10.35,10.45,10.26,10.32,51432637,531421696.0
2014-02-24,sh.600036,10.27,10.27,10.05,10.08,84429835,854470064.0
2014-02-25,sh.600036,10.1,10.14,9.88,9.94,84310729,845056336.0
2014-02-26,sh.600036,9.9,10.08,9.89,10.02,42355051,422574592.0
2014-02-27,sh.600036,10.04,10.06,9.88,10.02,64157274,640432176.0
2014-02-28,sh.600036,10.0,10.06,9.83,9.93,62775982,623305296.0
2014-03-03,sh.600036,9.86,9.89,9.77,9.82,78309942,768373328.0
2014-03-04,sh.600036,9.8,9.8,9.66,9.75,74867861,727027920.0
2014-03-05,sh.600036,9.77,9.77,9.62,9.63,57911138,560459184.0
2014-03-06,sh.600036,9.62,9.78,9.6,9.73,54930368,532547456.0
2014-03-07,sh.600036,9.73,9.84,9.65,9.68,54820326,533628720.0
2014-03-10,sh.600036,9.61,9.63,9.45,9.47,70913113,675011728.0
2014-03-11,sh.600036,9.47,9.53,9.41,9.49,41346048,391277504.0
2014-03-12,sh.600036,9.46,9.67,9.42,9.61,58695529,560385904.0
2014-03-13,sh.600036,9.64,9.86,9.58,9.67,70061795,680872320.0
2014-03-14,sh.600036,9.64,9.64,9.5,9.56,57744624,551561360.0
2014-03-17,sh.600036,9.63,9.66,9.52,9.59,35278657,338292944.0
2014-03-18,sh.600036,9.58,9.68,9.56,9.59,44802741,430280112.0
2014-03-19,sh.600036,9.56,9.56,9.49,9.55,30535982,290635376.0
2014-03-20,sh.600036,9.55,9.63,9.45,9.46,36331308,346938416.0
2014-03-21,sh.600036,9.46,9.9,9.44,9.84,114371952,1111471744.0
2014-03-24,sh.600036,9.85,9.88,9.74,9.84,79845091,784583248.0
2014-03-25,sh.600036,9.84,9.9,9.76,9.79,41901549,410810480.0
2014-03-26,sh.600036,9.82,9.85,9.77,9.8,33632721,329655920.0
2014-03-27,sh.600036,9.8,9.93,9.67,9.79,72840167,714877696.0
2014-03-28,sh.600036,9.79,9.92,9.77,9.86,67562392,665062160.0
2014-03-31,sh.600036,9.85,9.9,9.72,9.82,53922086,529273312.0
2014-04-01,sh.600036,9.81,9.93,9.78,9.88,40553530,400451168.0
2014-04-02,sh.600036,9.88,10.01,9.86,9.97,46973144,466611152.0
2014-04-03,sh.600036,10.0,10.05,9.85,9.88,37611536,374082288.0
2014-04-04,sh.600036,9.84,9.96,9.8,9.95,28983715,286708976.0
2014-04-08,sh.600036,9.95,10.39,9.95,10.24,125647540,1279344672.0
2014-04-09,sh.600036,10.23,10.29,10.16,10.18,49546199,505351296.0
2014-04-10,sh.600036,10.2,10.58,10.13,10.41,125741022,1303872080.0
2014-04-11,sh.600036,10.4,10.45,10.3,10.39,83700450,867866656.0
2014-04-14,sh.600036,10.39,10.48,10.22,10.31,44536083,459224784.0
2014-04-15,sh.600036,10.25,10.27,10.01,10.06,55898830,565140304.0
2014-04-16,sh.600036,10.05,10.17,10.02,10.11,32300028,326676288.0
2014-04-17,sh.600036,10.15,10.19,10.07,10.09,24985543,252693871.0
2014-04-18,sh.600036,10.03,10.1,9.93,10.01,44941878,449241264.0
2014-04-21,sh.600036,9.96,10.06,9.82,9.84,45225074,449874816.0
2014-04-22,sh.600036,9.84,9.98,9.82,9.94,39771333,393671408.0
2014-04-23,sh.600036,9.93,10.03,9.91,9.93,39664468,395213888.0
2014-04-24,sh.600036,9.97,10.11,9.92,9.99,41519736,416229408.0
2014-04-25,sh.600036,10.08,10.24,9.99,10.07,72827004,738460768.0
2014-04-28,sh.600036,10.14,10.17,9.98,10.06,57743208,580640160.0
2014-04-29,sh.600036,10.08,10.15,9.99,10.11,55927383,562876288.0
2014-04-30,sh.600036,10.12,10.14,10.02,10.03,38465222,386563168.0
2014-05-05,sh.600036,10.0,10.02,9.79,9.94,56011294,554555888.0
2014-05-06,sh.600036,9.92,10.0,9.85,9.87,24992188,247781577.0
2014-05-07,sh.600036,9.87,9.92,9.85,9.86,33178236,327641184.0
2014-05-08,sh.600036,9.86,10.04,9.83,9.89,34742436,344841536.0
2014-05-09,sh.600036,9.93,9.98,9.89,9.91,28961356,287586112.0
2014-05-12,sh.600036,9.96,10.08,9.92,10.03,46585065,466818880.0
2014-05-13,sh.600036,10.03,10.04,9.96,9.99,24024603,240029863.0
2014-05-14,sh.600036,10.0,10.06,9.97,9.99,28490402,285183152.0
2014-05-15,sh.600036,9.99,10.04,9.96,9.98,26320372,263260420.0
2014-05-16,sh.600036,10.03,10.07,9.98,10.03,38020072,381636832.0
2014-05-19,sh.600036,10.0,10.02,9.79,9.86,50974452,503707200.0
2014-05-20,sh.600036,9.87,9.93,9.83,9.88,25492973,251840078.0
2014-05-21,sh.600036,9.81,9.97,9.81,9.95,20692494,205035396.0
2014-05-22,sh.600036,9.95,10.1,9.93,9.96,34599000,346700960.0
2014-05-23,sh.600036,9.99,10.08,9.96,10.07,25365522,254501408.0
2014-05-26,sh.600036,10.15,10.16,10.04,10.08,36080833,364689584.0
2014-05-27,sh.600036,10.08,10.17,10.05,10.11,40848482,413653744.0
2014-05-28,sh.600036,10.11,10.21,10.09,10.2,45123041,458678224.0
2014-05-29,sh.600036,10.22,10.25,10.15,10.15,39560877,403560336.0
2014-05-30,sh.600036,10.15,10.24,10.13,10.15,22071495,224765214.0
2014-06-03,sh.600036,10.14,10.27,10.07,10.18,36299531,369877120.0
2014-06-04,sh.600036,10.19,10.2,10.06,10.1,27462646,277448832.0
2014-06-05,sh.600036,10.12,10.18,10.03,10.16,39944413,403018016.0
2014-06-06,sh.600036,10.16,10.16,9.94,10.0,57542195,576728448.0
2014-06-09,sh.600036,9.96,10.14,9.96,10.0,42459304,426219840.0
2014-06-10,sh.600036,10.06,10.16,9.99,10.15,69402568,699032624.0
2014-06-11,sh.600036,10.12,10.19,10.07,10.12,37211958,376400144.0
2014-06-12,sh.600036,10.1,10.12,10.04,10.07,33885390,341458384.0
2014-06-13,sh.600036,10.06,10.27,10.05,10.22,71212184,725381632.0
2014-06-16,sh.600036,10.23,10.46,10.17,10.39,90740221,937827552.0
2014-06-17,sh.600036,10.38,10.38,10.27,10.32,50260416,518131488.0
2014-06-18,sh.600036,10.32,10.37,10.24,10.25,42768145,441140928.0
2014-06-19,sh.600036,10.3,10.32,10.15,10.19,44841298,458547152.0
2014-06-20,sh.600036,10.2,10.24,10.15,10.21,45240167,461205776.0
2014-06-23,sh.600036,10.21,10.22,10.09,10.1,41342112,419972080.0
2014-06-24,sh.600036,10.1,10.19,10.09,10.18,31811465,323067120.0
2014-06-25,sh.600036,10.18,10.19,10.11,10.14,30674436,310961072.0
2014-06-26,sh.600036,10.17,10.28,10.15,10.24,37108956,379071520.0
2014-06-27,sh.600036,10.21,10.26,10.16,10.18,40741151,415510400.0
2014-06-30,sh.600036,10.18,10.26,10.18,10.24,39066695,399105984.0
2014-07-01,sh.600036,10.25,10.28,10.2,10.23,33859662,346594416.0
2014-07-02,sh.600036,10.23,10.28,10.22,10.26,38268456,392486576.0
2014-07-03,sh.600036,10.27,10.35,10.25,10.34,55189522,569267360.0
2014-07-04,sh.600036,10.33,10.37,10.31,10.34,32935545,340479296.0
2014-07-07,sh.600036,10.34,10.36,10.3,10.32,32183068,332206224.0
2014-07-08,sh.600036,10.32,10.39,10.3,10.37,36679126,379699456.0
2014-07-09,sh.600036,10.36,10.37,10.22,10.24,50446107,519080032.0
2014-07-10,sh.600036,10.25,10.32,10.25,10.26,42521270,436831184.0
2014-07-11,sh.600036,9.65,9.74,9.63,9.69,48873743,473621408.0
2014-07-14,sh.600036,9.69,9.75,9.64,9.75,46443375,450155984.0
2014-07-15,sh.600036,9.75,9.79,9.71,9.78,44903197,437770960.0
2014-07-16,sh.600036,9.78,9.84,9.74,9.79,45693063,447191952.0
2014-07-17,sh.600036,9.79,9.79,9.71,9.74,29921279,291821824.0
2014-07-18,sh.600036,9.74,9.83,9.72,9.79,45872984,449290944.0
2014-07-21,sh.600036,9.79,9.82,9.75,9.81,30666747,300017776.0
2014-07-22,sh.600036,9.82,10.06,9.79,9.98,90924266,905711760.0
2014-07-23,sh.600036,9.97,10.13,9.96,10.07,78775425,794073392.0
2014-07-24,sh.600036,10.07,10.4,10.07,10.34,141612839,1460972720.0
2014-07-25,sh.600036,10.38,10.5,10.37,10.49,77555587,809852256.0
2014-07-28,sh.600036,10.58,11.03,10.58,10.97,178057210,1939612896.0
2014-07-29,sh.600036,10.98,11.14,10.91,11.03,106117117,1168891104.0
2014-07-30,sh.600036,11.03,11.17,10.92,10.99,88811450,979789728.0
2014-07-31,sh.600036,10.93,11.08,10.89,11.07,69895997,767160080.0
2014-08-01,sh.600036,11.03,11.32,10.99,11.02,96819251,1076878000.0
2014-08-04,sh.600036,11.02,11.25,11.0,11.25,81192514,904460976.0
2014-08-05,sh.600036,11.24,11.25,11.11,11.18,63237688,705835008.0
2014-08-06,sh.600036,11.1,11.1,10.9,10.98,85425499,938016208.0
2014-08-07,sh.600036,10.93,11.07,10.72,10.74,75661754,821957632.0
2014-08-08,sh.600036,10.79,10.85,10.69,10.83,58870029,633995232.0
2014-08-11,sh.600036,10.86,11.12,10.84,11.08,61489279,676379248.0
2014-08-12,sh.600036,10.98,11.03,10.87,10.91,56007016,611588240.0
2014-08-13,sh.600036,10.91,11.0,10.8,10.83,62901988,683507728.0
2014-08-14,sh.600036,10.83,10.93,10.67,10.74,90536118,972743104.0
2014-08-15,sh.600036,10.73,10.86,10.67,10.79,57498429,619359136.0
2014-08-18,sh.600036,10.8,10.88,10.76,10.8,48283316,521746272.0
2014-08-19,sh.600036,10.8,10.82,10.7,10.78,42085721,452326992.0
2014-08-20,sh.600036,10.74,10.78,10.68,10.72,35076989,375835712.0
2014-08-21,sh.600036,10.72,10.72,10.51,10.6,54942372,581428128.0
2014-08-22,sh.600036,10.56,10.73,10.53,10.71,40205574,429221808.0
2014-08-25,sh.600036,10.72,10.74,10.53,10.58,40054004,424399056.0
2014-08-26,sh.600036,10.58,10.64,10.53,10.6,37654564,398686416.0
2014-08-27,sh.600036,10.56,10.63,10.51,10.57,37205732,392871920.0
2014-08-28,sh.600036,10.57,10.57,10.43,10.47,53249298,558340400.0
2014-08-29,sh.600036,10.53,10.57,10.45,10.56,31151613,327255952.0
2014-09-01,sh.600036,10.59,10.61,10.5,10.54,44664646,471342240.0
2014-09-02,sh.600036,10.56,10.72,10.47,10.69,85066325,899627568.0
2014-09-03,sh.600036,10.68,10.84,10.66,10.78,82178689,885389856.0
2014-09-04,sh.600036,10.79,10.87,10.72,10.83,58184196,627802352.0
2014-09-05,sh.600036,10.86,10.95,10.85,10.93,71109742,775337088.0
2014-09-09,sh.600036,10.93,10.97,10.79,10.8,52675617,571253552.0
2014-09-10,sh.600036,10.7,10.79,10.66,10.71,47045210,504221904.0
2014-09-11,sh.600036,10.7,10.81,10.62,10.63,77092885,824640192.0
2014-09-12,sh.600036,10.61,10.7,10.58,10.69,37288834,396399552.0
2014-09-15,sh.600036,10.61,10.66,10.56,10.62,58219154,617237568.0
2014-09-16,sh.600036,10.63,10.75,10.56,10.58,83101208,884221952.0
2014-09-17,sh.600036,10.65,10.66,10.52,10.58,61592007,651655936.0
2014-09-18,sh.600036,10.53,10.66,10.49,10.57,77294558,816814752.0
2014-09-19,sh.600036,10.56,10.64,10.53,10.62,59631606,631467552.0
2014-09-22,sh.600036,10.56,10.57,10.32,10.36,78671055,820337552.0
2014-09-23,sh.600036,10.35,10.43,10.31,10.39,51796848,537216304.0
2014-09-24,sh.600036,10.34,10.6,10.33,10.57,85953089,901598416.0
2014-09-25,sh.600036,10.65,10.66,10.46,10.5,73618411,777900976.0
2014-09-26,sh.600036,10.47,10.51,10.4,10.45,42616236,444799616.0
2014-09-29,sh.600036,10.45,10.48,10.36,10.4,74808870,778930624.0
2014-09-30,sh.600036,10.41,10.44,10.36,10.39,53937511,560313600.0
2014-10-08,sh.600036,10.41,10.46,10.35,10.45,80876668,841797712.0
2014-10-09,sh.600036,10.45,10.54,10.4,10.45,81206641,849495680.0
2014-10-10,sh.600036,10.41,10.52,10.39,10.47,73045311,761639376.0
2014-10-13,sh.600036,10.41,10.47,10.35,10.42,65139327,676177840.0
2014-10-14,sh.600036,10.39,10.44,10.34,10.36,54272142,563688112.0
2014-10-15,sh.600036,10.34,10.42,10.31,10.42,52451447,543927120.0
2014-10-16,sh.600036,10.37,10.52,10.34,10.39,86060716,898740512.0
2014-10-17,sh.600036,10.39,10.45,10.32,10.37,57961760,601332592.0
2014-10-20,sh.600036,10.42,10.43,10.35,10.39,45123722,468389584.0
2014-10-21,sh.600036,10.39,10.42,10.36,10.37,51776718,537789472.0
2014-10-22,sh.600036,10.37,10.43,10.35,10.36,69087717,717813696.0
2014-10-23,sh.600036,10.36,10.44,10.35,10.39,73475820,764449856.0
2014-10-24,sh.600036,10.4,10.45,10.35,10.36,65830725,684756976.0
2014-10-27,sh.600036,10.33,10.34,10.13,10.16,89750548,918395776.0
2014-10-28,sh.600036,10.19,10.29,10.16,10.28,84195339,860058016.0
2014-10-29,sh.600036,10.29,10.45,10.27,10.38,94817770,981755264.0
2014-10-30,sh.600036,10.39,10.52,10.36,10.47,98486732,1027105408.0
2014-10-31,sh.600036,10.51,10.92,10.5,10.8,230966257,2473009808.0
2014-11-03,sh.600036,10.85,10.87,10.66,10.69,107585373,1153898048.0
2014-11-04,sh.600036,10.67,10.67,10.57,10.6,81087060,859952832.0
2014-11-05,sh.600036,10.58,10.62,10.5,10.51,58082464,612081120.0
2014-11-06,sh.600036,10.59,10.59,10.51,10.55,50113268,528946960.0
2014-11-07,sh.600036,10.55,10.79,10.51,10.57,142603809,1515546416.0
2014-11-10,sh.600036,10.74,10.8,10.6,10.76,139327822,1489651184.0
2014-11-11,sh.600036,10.79,11.24,10.77,11.02,373721120,4110827472.0
2014-11-12,sh.600036,10.91,11.0,10.81,10.99,138587203,1510470496.0
2014-11-13,sh.600036,11.02,11.16,10.91,10.97,154652996,1704236464.0
2014-11-14,sh.600036,10.93,10.98,10.78,10.92,88559223,962463808.0
2014-11-17,sh.600036,11.02,11.08,10.8,10.8,98593224,1075277760.0
2014-11-18,sh.600036,10.81,10.84,10.57,10.63,111028741,1185806976.0
2014-11-19,sh.600036,10.61,10.68,10.6,10.64,61748524,656843456.0
2014-11-20,sh.600036,10.6,10.69,10.55,10.59,87099943,924188528.0
2014-11-21,sh.600036,10.62,10.85,10.56,10.8,122719771,1314595680.0
2014-11-24,sh.600036,10.67,10.95,10.63,10.86,197935178,2134532928.0
2014-11-25,sh.600036,10.85,11.21,10.81,11.11,221952213,2438717312.0
2014-11-26,sh.600036,11.12,11.36,11.09,11.33,278657824,3133243184.0
2014-11-27,sh.600036,11.4,11.56,11.24,11.4,256569655,2924452512.0
2014-11-28,sh.600036,11.39,12.3,11.25,12.15,505203456,5995501824.0
2014-12-01,sh.600036,12.16,12.55,11.91,12.11,365772880,4468664064.0
2014-12-02,sh.600036,11.97,13.0,11.93,12.7,386134816,4800513024.0
2014-12-03,sh.600036,12.76,13.13,12.39,12.65,423086064,5419273728.0
2014-12-04,sh.600036,12.85,13.88,12.7,13.64,487620304,6530002176.0
2014-12-05,sh.600036,13.9,14.5,13.3,13.95,639778576,8897229824.0
2014-12-08,sh.600036,13.8,14.25,13.42,13.96,720427936,10009732352.0
2014-12-09,sh.600036,13.7,14.6,12.7,13.04,759492384,10657924352.0
2014-12-10,sh.600036,13.16,14.2,12.55,14.12,547208944,7346901504.0
2014-12-11,sh.600036,14.29,14.96,13.92,14.24,595906288,8598092800.0
2014-12-12,sh.600036,14.04,14.44,13.62,13.91,376947328,5295825664.0
2014-12-15,sh.600036,13.71,13.71,13.31,13.62,235485573,3178107408.0
2014-12-16,sh.600036,13.59,14.21,13.48,14.2,382798032,5336939776.0
2014-12-17,sh.600036,14.25,15.47,13.98,15.1,843193376,12458078976.0
2014-12-18,sh.600036,15.12,15.2,14.6,14.73,416116608,6197378304.0
2014-12-19,sh.600036,14.75,15.16,14.46,14.92,349429328,5197509376.0
2014-12-22,sh.600036,15.0,16.0,14.93,15.37,566435584,8786102016.0
2014-12-23,sh.600036,15.1,15.66,14.63,15.03,434808464,6650627072.0
2014-12-24,sh.600036,15.0,15.01,14.0,14.3,399070480,5760088320.0
2014-12-25,sh.600036,14.51,14.97,14.34,14.76,368029488,5389585152.0
2014-12-26,sh.600036,14.88,15.38,14.71,15.34,422937968,6383178752.0
2014-12-29,sh.600036,15.89,16.23,15.01,15.29,529036768,8302399232.0
2014-12-30,sh.600036,15.39,15.84,15.31,15.68,391195840,6098380032.0
2014-12-31,sh.600036,15.64,16.62,15.46,16.59,667128960,10694251776.0
2015-01-05,sh.600036,16.56,17.07,16.25,16.68,500187136,8302084352.0
2015-01-06,sh.600036,16.4,17.2,16.29,16.42,426877232,7100974592.0
2015-01-07,sh.600036,16.2,16.56,15.94,16.16,296169600,4806397440.0
2015-01-08,sh.600036,16.25,16.34,15.53,15.57,292921104,4621824768.0
2015-01-09,sh.600036,15.56,16.56,15.36,15.71,461363504,7356771840.0
2015-01-12,sh.600036,15.7,15.9,15.2,15.6,287002784,4465049856.0
2015-01-13,sh.600036,15.52,15.78,15.35,15.43,170251610,2646920640.0
2015-01-14,sh.600036,15.57,15.9,15.5,15.71,227140865,3573843584.0
2015-01-15,sh.600036,15.71,16.19,15.6,16.18,264684168,4216830592.0
2015-01-16,sh.600036,16.27,16.5,16.07,16.24,312550720,5096707072.0
2015-01-19,sh.600036,14.62,15.4,14.62,14.63,499040608,7432124928.0
2015-01-20,sh.600036,14.75,14.98,14.34,14.64,304480896,4468888320.0
2015-01-21,sh.600036,14.8,15.47,14.59,15.3,347044048,5208895232.0
2015-01-22,sh.600036,15.3,15.31,14.96,15.13,215666287,3267085616.0
2015-01-23,sh.600036,15.23,15.5,15.11,15.17,249422660,3814173088.0
2015-01-26,sh.600036,15.19,15.24,14.87,15.03,178096442,2671404496.0
2015-01-27,sh.600036,15.05,15.1,14.45,14.71,256941922,3785792880.0
2015-01-28,sh.600036,14.6,14.84,14.41,14.53,174144815,2541837344.0
2015-01-29,sh.600036,14.31,14.43,14.15,14.37,177530685,2541569616.0
2015-01-30,sh.600036,14.43,14.62,14.2,14.34,181808721,2625624640.0
2015-02-02,sh.600036,13.98,14.3,13.86,14.09,155786828,2200454416.0
2015-02-03,sh.600036,14.35,14.6,14.2,14.57,174884321,2516020352.0
2015-02-04,sh.600036,14.6,14.72,14.28,14.3,129621466,1886445072.0
2015-02-05,sh.600036,15.0,15.05,14.3,14.32,337061696,4973382144.0
2015-02-06,sh.600036,14.28,14.58,14.15,14.25,163835590,2356073408.0
2015-02-09,sh.600036,14.25,14.54,14.0,14.41,171924698,2454553648.0
2015-02-10,sh.600036,14.47,14.75,14.33,14.66,153525979,2238448208.0
2015-02-11,sh.600036,14.69,14.79,14.56,14.64,93584114,1372191504.0
2015-02-12,sh.600036,14.69,14.7,14.38,14.57,80748086,1173109184.0
2015-02-13,sh.600036,14.62,14.85,14.51,14.63,150471474,2211523664.0
2015-02-16,sh.600036,14.4,14.49,14.3,14.46,133387516,1920460640.0
2015-02-17,sh.600036,14.45,14.61,14.41,14.52,92371310,1343475264.0
2015-02-25,sh.600036,14.5,14.54,14.18,14.3,126747641,1821660432.0
2015-02-26,sh.600036,14.29,14.73,14.19,14.67,155956628,2262725600.0
2015-02-27,sh.600036,14.7,15.0,14.65,14.7,145616495,2157812864.0
2015-03-02,sh.600036,14.78,14.83,14.41,14.57,219237346,3192258944.0
2015-03-03,sh.600036,14.48,14.51,14.15,14.17,174417640,2494347040.0
2015-03-04,sh.600036,14.33,14.33,14.1,14.21,125920707,1787542464.0
2015-03-05,sh.600036,14.04,14.11,13.81,13.91,173548564,2421469920.0
2015-03-06,sh.600036,13.92,14.09,13.91,14.05,102177380,1432408224.0
2015-03-09,sh.600036,14.06,14.87,13.8,14.68,316125120,4551189248.0
2015-03-10,sh.600036,14.49,14.59,14.23,14.29,186295651,2677735376.0
2015-03-11,sh.600036,14.35,14.73,14.31,14.45,168184844,2440618096.0
2015-03-12,sh.600036,14.75,15.43,14.59,15.13,383002880,5746567424.0
2015-03-13,sh.600036,15.17,15.55,15.03,15.1,281304224,4299112448.0
2015-03-16,sh.600036,15.27,15.46,15.04,15.36,221860248,3387764848.0
2015-03-17,sh.600036,15.41,15.5,15.25,15.41,239492456,3679377696.0
2015-03-18,sh.600036,15.41,15.77,15.35,15.74,246058511,3827652096.0
2015-03-19,sh.600036,15.74,15.9,15.47,15.68,234590051,3665620544.0
2015-03-20,sh.600036,15.67,15.96,15.33,15.69,314995760,4929184000.0
2015-03-23,sh.600036,15.82,15.89,15.63,15.79,246274047,3881893312.0
2015-03-24,sh.600036,15.78,15.8,15.54,15.56,263719125,4123151632.0
2015-03-25,sh.600036,15.42,15.52,15.06,15.16,216753837,3310645792.0
2015-03-26,sh.600036,15.08,15.42,14.98,15.22,180799341,2750283744.0
2015-03-27,sh.600036,15.22,15.43,15.1,15.26,154287074,2350890784.0
2015-03-30,sh.600036,15.42,15.83,15.3,15.74,304476416,4760224512.0
2015-03-31,sh.600036,15.95,16.41,15.45,15.57,402562176,6407352320.0
2015-04-01,sh.600036,15.59,15.91,15.55,15.73,243966115,3830336784.0
2015-04-02,sh.600036,15.9,15.98,15.45,15.66,238955501,3744579632.0
2015-04-13,sh.600036,17.23,17.23,17.23,17.23,55307305,952944864.0
2015-04-14,sh.600036,17.97,17.97,17.37,17.48,658547696,11626313984.0
2015-04-15,sh.600036,17.43,18.29,17.36,17.87,437486032,7851853312.0
2015-04-16,sh.600036,17.87,18.84,17.76,18.81,404986608,7365508096.0
2015-04-17,sh.600036,18.96,19.45,18.28,18.32,543675520,10204446208.0
2015-04-20,sh.600036,18.7,18.7,17.6,17.81,530851120,9699567872.0
2015-04-21,sh.600036,17.96,18.18,17.82,18.17,263542425,4748971264.0
2015-04-22,sh.600036,18.47,18.5,18.06,18.41,340839664,6247865344.0
2015-04-23,sh.600036,18.5,18.67,18.07,18.17,273771776,5015812352.0
2015-04-24,sh.600036,17.88,18.1,17.41,17.7,291759968,5184168704.0
2015-04-27,sh.600036,17.8,18.6,17.8,18.44,407263600,7467652864.0
2015-04-28,sh.600036,18.42,19.23,18.1,18.36,509425744,9496380416.0
2015-04-29,sh.600036,18.6,18.86,18.41,18.48,373807968,6951256832.0
2015-04-30,sh.600036,18.5,18.8,18.19,18.22,266457338,4920839680.0
2015-05-04,sh.600036,18.23,18.35,18.02,18.16,213403798,3868502688.0
2015-05-05,sh.600036,18.05,18.1,17.21,17.45,268345404,4737517824.0
2015-05-06,sh.600036,17.6,18.0,17.3,17.54,261290546,4625262592.0
2015-05-07,sh.600036,17.51,17.94,17.41,17.69,221369716,3929052880.0
2015-05-08,sh.600036,17.78,18.1,17.4,17.7,218683284,3889491392.0
2015-05-11,sh.600036,17.51,17.95,17.34,17.91,277208080,4867456256.0
2015-05-12,sh.600036,17.82,17.94,17.56,17.77,223925207,3974051952.0
2015-05-13,sh.600036,17.87,17.98,17.43,17.54,226209360,4015189344.0
2015-05-14,sh.600036,17.55,17.8,17.4,17.49,184443821,3238528880.0
2015-05-15,sh.600036,17.42,17.66,16.9,17.16,214743210,3714982880.0
2015-05-18,sh.600036,17.01,17.18,16.84,16.85,159945727,2726764928.0
2015-05-19,sh.600036,16.85,17.69,16.79,17.63,249232781,4332748800.0
2015-05-20,sh.600036,17.63,18.6,17.61,18.04,354080272,6396818944.0
2015-05-21,sh.600036,18.24,18.49,17.91,18.16,197171529,3591569696.0
2015-05-22,sh.600036,18.33,18.71,18.21,18.7,311985392,5778315008.0
2015-05-25,sh.600036,19.0,19.36,19.0,19.22,328933072,6306117120.0
2015-05-26,sh.600036,19.24,19.39,18.92,19.2,282892928,5411636736.0
2015-05-27,sh.600036,19.21,19.52,18.82,19.07,241168309,4623215616.0
2015-05-28,sh.600036,19.06,19.13,17.85,17.92,292942368,5429786112.0
2015-05-29,sh.600036,17.97,18.2,17.45,18.07,261551000,4689434624.0
2015-06-01,sh.600036,17.92,18.99,17.62,18.83,280927296,5176270848.0
2015-06-02,sh.600036,18.82,19.14,18.53,18.95,254037657,4801441536.0
2015-06-03,sh.600036,19.0,19.6,18.55,19.45,358509088,6871298560.0
2015-06-04,sh.600036,19.44,20.65,18.92,20.44,495979040,9920531456.0
2015-06-05,sh.600036,20.99,21.21,19.51,19.99,377712448,7651487744.0
2015-06-08,sh.600036,20.04,21.2,19.61,21.13,515964160,10671410176.0
2015-06-09,sh.600036,21.15,21.7,20.61,20.83,366124464,7755194368.0
2015-06-10,sh.600036,20.51,21.17,20.36,20.47,252920825,5237249024.0
2015-06-11,sh.600036,20.57,20.8,20.07,20.36,227111582,4624733952.0
2015-06-12,sh.600036,20.58,20.77,20.1,20.31,245179413,5002958592.0
2015-06-15,sh.600036,20.48,20.73,19.33,19.5,321220960,6411293952.0
2015-06-16,sh.600036,19.5,19.8,19.0,19.29,244464728,4736894208.0
2015-06-17,sh.600036,19.62,19.77,19.28,19.43,252739372,4925319168.0
2015-06-18,sh.600036,19.2,19.35,18.73,18.79,211448969,4014580592.0
2015-06-19,sh.600036,19.0,19.09,17.9,18.0,250030785,4661570816.0
2015-06-23,sh.600036,18.06,19.0,17.72,18.87,287932240,5301457920.0
2015-06-24,sh.600036,18.65,19.08,18.2,18.93,273133792,5088379136.0
2015-06-25,sh.600036,19.49,19.59,18.31,18.44,327306800,6251707136.0
2015-06-26,sh.600036,18.16,18.68,16.86,17.4,393568224,7050535680.0
2015-06-29,sh.600036,17.7,18.29,16.13,17.43,472020608,8278080256.0
2015-06-30,sh.600036,17.6,19.0,17.6,18.72,491095680,8983116544.0
2015-07-01,sh.600036,18.33,18.66,18.06,18.21,293674256,5395012352.0
2015-07-02,sh.600036,18.81,19.18,17.95,18.65,524774704,9814648320.0
2015-07-03,sh.600036,17.98,18.34,16.9,17.61,407322720,7192690944.0
2015-07-06,sh.600036,19.0,19.0,18.19,18.82,814689728,15128545536.0
2015-07-07,sh.600036,18.6,20.5,18.0,20.21,873948896,16915629312.0
2015-07-08,sh.600036,19.0,20.8,18.19,18.41,943293200,18287188224.0
2015-07-09,sh.600036,17.5,19.95,16.85,19.0,588626896,10872360192.0
2015-07-10,sh.600036,18.57,20.25,18.3,18.99,707202256,13746919168.0
2015-07-13,sh.600036,18.51,18.88,18.04,18.31,389268448,7160449024.0
2015-07-14,sh.600036,18.02,18.18,17.51,17.87,355834800,6336410112.0
2015-07-15,sh.600036,17.78,18.51,17.71,18.48,370764544,6703076864.0
2015-07-16,sh.600036,18.48,18.49,17.8,18.15,227738299,4140280112.0
2015-07-17,sh.600036,18.35,18.43,18.01,18.36,184194967,3358837904.0
2015-07-20,sh.600036,18.26,18.49,18.05,18.44,191305543,3502137584.0
2015-07-21,sh.600036,18.27,18.5,18.01,18.08,141710092,2577185040.0
2015-07-22,sh.600036,17.91,18.0,17.73,17.85,147100276,2626580304.0
2015-07-23,sh.600036,17.76,18.04,17.56,17.94,154940894,2773616000.0
2015-07-24,sh.600036,18.0,18.19,17.82,17.9,168639884,3035791024.0
2015-07-27,sh.600036,17.75,17.88,16.67,16.7,207240536,3616867744.0
2015-07-28,sh.600036,16.57,17.35,16.44,17.04,293059392,4980540160.0
2015-07-29,sh.600036,17.04,17.27,16.9,17.16,151816216,2598864704.0
2015-07-30,sh.600036,17.15,17.33,16.98,16.98,110541303,1898233920.0
2015-07-31,sh.600036,17.1,17.38,16.94,17.3,120903562,2073334784.0
2015-08-03,sh.600036,17.2,18.22,17.05,18.09,237198553,4231772224.0
2015-08-04,sh.600036,17.96,18.2,17.82,18.15,88969867,1605609680.0
2015-08-05,sh.600036,18.06,18.22,17.85,17.91,63786791,1152536464.0
2015-08-06,sh.600036,17.82,18.55,17.8,18.12,104721647,1915869952.0
2015-08-07,sh.600036,18.1,18.47,18.06,18.29,97611655,1785386352.0
2015-08-10,sh.600036,18.12,18.66,17.95,18.62,146451827,2680856704.0
2015-08-11,sh.600036,18.49,18.5,18.01,18.2,119158095,2170868064.0
2015-08-12,sh.600036,17.9,18.2,17.85,17.9,69756265,1256297760.0
2015-08-13,sh.600036,18.16,18.16,17.65,17.85,70580929,1259620160.0
2015-08-14,sh.600036,17.91,17.95,17.68,17.74,61911327,1100300752.0
2015-08-17,sh.600036,17.58,17.65,17.2,17.33,85898649,1489369728.0
2015-08-18,sh.600036,17.34,17.47,16.68,16.8,118951192,2037802256.0
2015-08-19,sh.600036,17.04,17.17,16.68,17.13,120889448,2033145024.0
2015-08-20,sh.600036,16.92,16.97,16.71,16.81,73389709,1235705264.0
2015-08-21,sh.600036,16.71,16.95,16.22,16.54,102036287,1688909904.0
2015-08-24,sh.600036,16.1,16.34,14.89,14.98,219566780,3350255312.0
2015-08-25,sh.600036,14.51,15.34,14.01,14.71,198865771,2938765600.0
2015-08-26,sh.600036,14.7,16.18,14.63,16.09,249867579,3881032512.0
2015-08-27,sh.600036,16.38,17.7,15.81,17.63,250420469,4189866432.0
2015-08-28,sh.600036,17.49,17.85,17.05,17.3,197787584,3448948688.0
2015-08-31,sh.600036,17.17,17.24,16.62,17.05,142554697,2418625008.0
2015-09-01,sh.600036,16.88,17.38,16.71,16.84,177645576,3032538128.0
2015-09-02,sh.600036,16.45,17.08,16.3,16.77,173011243,2894747024.0
2015-09-07,sh.600036,16.55,16.6,16.03,16.16,89992303,1473089776.0
2015-09-08,sh.600036,16.16,16.97,16.05,16.65,99744306,1648957760.0
2015-09-09,sh.600036,16.79,16.79,16.53,16.75,88645504,1476979424.0
2015-09-10,sh.600036,16.6,17.35,16.5,17.29,141952541,2422977008.0
2015-09-11,sh.600036,17.1,17.31,16.97,17.12,58833747,1010033552.0
2015-09-14,sh.600036,17.1,18.41,16.75,18.35,238728459,4224243744.0
2015-09-15,sh.600036,17.94,18.25,17.65,18.01,159682120,2859988240.0
2015-09-16,sh.600036,17.9,18.21,17.48,17.88,92456985,1649211120.0
2015-09-17,sh.600036,17.7,18.12,17.52,17.56,72462096,1290899344.0
2015-09-18,sh.600036,17.52,17.96,17.52,17.71,55779290,994981744.0
2015-09-21,sh.600036,17.6,17.75,17.41,17.57,51032930,896607920.0
2015-09-22,sh.600036,17.65,18.1,17.52,17.96,61256088,1099849984.0
2015-09-23,sh.600036,17.8,18.13,17.58,17.73,47881418,854955664.0
2015-09-24,sh.600036,17.88,17.89,17.41,17.52,40028862,703967984.0
2015-09-25,sh.600036,17.5,17.87,17.22,17.72,46496008,812576160.0
2015-09-28,sh.600036,17.56,17.67,17.47,17.51,21257675,373021856.0
2015-09-29,sh.600036,17.25,17.51,17.25,17.44,30162101,522340016.0
2015-09-30,sh.600036,17.5,17.91,17.39,17.77,54828280,972151312.0
2015-10-08,sh.600036,18.2,18.26,17.6,17.73,49182338,881085536.0
2015-10-09,sh.600036,17.95,18.2,17.83,17.96,30962815,557496960.0
2015-10-12,sh.600036,17.96,18.28,17.79,18.19,60847887,1099989936.0
2015-10-13,sh.600036,18.16,18.24,18.01,18.06,43079671,779474400.0
2015-10-14,sh.600036,17.86,18.1,17.81,17.85,28905263,519124208.0
2015-10-15,sh.600036,17.93,18.51,17.8,18.34,79188955,1448179792.0
2015-10-16,sh.600036,18.4,18.79,18.33,18.58,67386056,1255251040.0
2015-10-19,sh.600036,18.56,18.56,18.19,18.25,55653065,1019756288.0
2015-10-20,sh.600036,18.3,18.41,18.05,18.22,37834105,688780816.0
2015-10-21,sh.600036,18.18,18.98,18.02,18.69,89199316,1636226624.0
2015-10-22,sh.600036,18.42,18.48,18.22,18.29,43201464,791243664.0
2015-10-23,sh.600036,18.26,18.36,18.08,18.19,46374401,842709776.0
2015-10-26,sh.600036,18.33,18.35,17.98,18.07,65191820,1182859680.0
2015-10-27,sh.600036,18.08,18.13,17.88,18.04,37451195,673297504.0
2015-10-28,sh.600036,17.96,17.99,17.82,17.86,35544195,636052144.0
2015-10-29,sh.600036,17.85,17.93,17.8,17.81,27189186,485101168.0
2015-10-30,sh.600036,17.79,18.08,17.78,17.93,43475425,780550624.0
2015-11-02,sh.600036,17.78,18.04,17.78,17.83,27526694,492637312.0
2015-11-03,sh.600036,17.84,18.06,17.84,17.9,34258849,616527504.0
2015-11-04,sh.600036,17.97,18.39,17.85,18.36,62343814,1133352784.0
2015-11-05,sh.600036,18.3,19.08,18.18,18.57,177602375,3329491840.0
2015-11-06,sh.600036,18.53,18.71,18.3,18.68,95910098,1778266512.0
2015-11-09,sh.600036,18.75,19.98,18.75,19.08,202697172,3926534192.0
2015-11-10,sh.600036,18.85,18.99,18.56,18.64,85968188,1608819568.0
2015-11-11,sh.600036,18.64,18.64,18.31,18.44,50167495,925608704.0
2015-11-12,sh.600036,18.55,18.57,18.17,18.27,43502782,796449680.0
2015-11-13,sh.600036,18.13,18.34,18.09,18.14,35960742,653641216.0
2015-11-16,sh.600036,18.01,18.17,17.93,18.1,34169052,616059248.0
2015-11-17,sh.600036,18.2,18.45,18.08,18.14,58690618,1073245504.0
2015-11-18,sh.600036,18.23,18.45,18.0,18.16,47020962,854764944.0
2015-11-19,sh.600036,18.08,18.25,18.05,18.2,32778243,594877168.0
2015-11-20,sh.600036,18.15,18.29,18.11,18.15,36231273,659327808.0
2015-11-23,sh.600036,18.16,18.34,18.12,18.19,47651030,869174112.0
2015-11-24,sh.600036,18.23,18.23,17.7,17.88,62211098,1111420160.0
2015-11-25,sh.600036,17.85,17.85,17.56,17.73,66101173,1169696304.0
2015-11-26,sh.600036,17.79,17.92,17.5,17.53,63766044,1127051584.0
2015-11-27,sh.600036,17.51,17.51,16.9,17.04,67955529,1168267232.0
2015-11-30,sh.600036,17.07,17.32,16.98,17.2,55002022,940653600.0
2015-12-01,sh.600036,17.28,17.28,16.91,17.11,39788453,678415744.0
2015-12-02,sh.600036,17.13,17.99,17.05,17.91,102164733,1800174800.0
2015-12-03,sh.600036,17.8,17.98,17.61,17.78,71516047,1272599584.0
2015-12-04,sh.600036,17.6,17.69,17.13,17.25,51544534,895112352.0
2015-12-07,sh.600036,17.2,17.45,17.15,17.39,43689457,757778128.0
2015-12-08,sh.600036,17.3,17.62,17.18,17.42,45180101,786526032.0
2015-12-09,sh.600036,17.33,17.59,17.32,17.39,44067092,767061472.0
2015-12-10,sh.600036,17.39,17.65,17.21,17.26,44071740,767406848.0
2015-12-11,sh.600036,17.23,17.26,16.66,16.92,114185613,1927210912.0
2015-12-14,sh.600036,16.75,17.09,16.5,17.06,94142190,1575700880.0
2015-12-15,sh.600036,17.03,17.06,16.9,17.03,46157831,784493840.0
2015-12-16,sh.600036,17.08,17.09,16.87,16.96,30786339,521687760.0
2015-12-17,sh.600036,17.0,17.12,16.95,17.1,50191055,856073248.0
2015-12-18,sh.600036,17.09,18.06,17.04,17.52,156986555,2766475744.0
2015-12-21,sh.600036,17.43,18.45,17.35,18.23,152603076,2749053920.0
2015-12-22,sh.600036,18.14,18.32,18.06,18.27,94006477,1712026832.0
2015-12-23,sh.600036,18.28,18.71,18.17,18.19,108842854,2005574304.0
2015-12-24,sh.600036,18.18,18.31,18.01,18.14,37409210,678405088.0
2015-12-25,sh.600036,18.22,18.36,18.2,18.33,48926300,894866176.0
2015-12-28,sh.600036,18.35,18.39,17.8,17.84,48737935,876240576.0
2015-12-29,sh.600036,17.83,17.97,17.71,17.94,36577477,651978496.0
2015-12-30,sh.600036,17.9,18.3,17.55,18.26,71266569,1275675600.0
2015-12-31,sh.600036,18.12,18.33,17.91,17.99,72164923,1308243664.0
2016-01-04,sh.600036,17.91,17.95,17.16,17.28,37340569,650573712.0
2016-01-05,sh.600036,17.17,17.55,17.0,17.23,51577796,892179584.0
2016-01-06,sh.600036,17.2,17.33,17.06,17.31,31982691,551646032.0
2016-01-07,sh.600036,17.15,17.15,16.51,16.67,19981533,335909456.0
2016-01-08,sh.600036,16.8,17.06,16.61,16.81,60822777,1024996336.0
2016-01-11,sh.600036,16.68,16.68,16.0,16.04,65491242,1071917376.0
2016-01-12,sh.600036,16.03,16.25,15.88,15.98,46828222,751250880.0
2016-01-13,sh.600036,16.21,16.21,15.78,15.87,57343596,915062416.0
2016-01-14,sh.600036,15.55,15.96,15.52,15.89,42963031,678479488.0
2016-01-15,sh.600036,15.87,15.92,15.45,15.48,34421564,539614096.0
2016-01-18,sh.600036,15.39,15.7,15.36,15.42,26735062,414899632.0
2016-01-19,sh.600036,15.58,15.77,15.35,15.71,38835180,605769312.0
2016-01-20,sh.600036,15.56,15.68,15.24,15.52,38930681,602278608.0
2016-01-21,sh.600036,15.41,15.68,15.28,15.3,35322411,547241536.0
2016-01-22,sh.600036,15.48,15.49,15.13,15.28,30700816,469666144.0
2016-01-25,sh.600036,15.29,15.49,15.2,15.48,21843950,334419008.0
2016-01-26,sh.600036,15.33,15.39,14.78,14.86,30208597,456333856.0
2016-01-27,sh.600036,14.96,15.22,14.84,15.0,51268841,771408368.0
2016-01-28,sh.600036,14.96,15.06,14.62,14.72,25477946,379361552.0
2016-01-29,sh.600036,14.75,15.08,14.62,14.99,36467461,544618816.0
2016-02-01,sh.600036,14.98,15.18,14.48,14.72,27035594,399202432.0
2016-02-02,sh.600036,14.65,14.95,14.65,14.85,18777772,279081136.0
2016-02-03,sh.600036,14.72,14.8,14.55,14.67,23660799,346543312.0
2016-02-04,sh.600036,14.79,14.93,14.69,14.88,22319314,330677616.0
2016-02-05,sh.600036,14.9,14.93,14.78,14.86,16885368,250744421.0
2016-02-15,sh.600036,14.5,14.82,14.47,14.66,19290819,282388048.0
2016-02-16,sh.600036,14.77,15.05,14.72,14.94,26569833,397122800.0
2016-02-17,sh.600036,14.95,15.07,14.88,15.03,38285480,573493648.0
2016-02-18,sh.600036,14.95,15.06,14.87,14.9,28765190,430450512.0
2016-02-19,sh.600036,14.9,14.94,14.68,14.75,22515437,333076960.0
2016-02-22,sh.600036,14.88,15.11,14.79,15.01,38640686,578307952.0
2016-02-23,sh.600036,15.01,15.01,14.72,14.83,24862800,369124448.0
2016-02-24,sh.600036,14.75,14.87,14.67,14.81,21475072,316686624.0
2016-02-25,sh.600036,14.81,14.81,14.21,14.25,51130623,740824080.0
2016-02-26,sh.600036,14.35,14.57,14.28,14.45,28683994,413497072.0
2016-02-29,sh.600036,14.43,14.6,14.04,14.56,48318546,692907440.0
2016-03-01,sh.600036,14.56,14.78,14.36,14.65,32028783,467774896.0
2016-03-02,sh.600036,14.79,14.97,14.72,14.96,60456293,897678352.0
2016-03-03,sh.600036,14.95,15.19,14.91,15.15,53511876,803689984.0
2016-03-04,sh.600036,15.14,16.02,15.02,15.97,164467881,2572638992.0
2016-03-07,sh.600036,15.9,16.0,15.65,15.78,41066485,649708960.0
2016-03-08,sh.600036,15.78,15.99,15.21,15.96,45257082,704533968.0
2016-03-09,sh.600036,15.73,16.08,15.41,16.05,74232024,1175103104.0
2016-03-10,sh.600036,15.82,15.98,15.65,15.66,19886994,314373904.0
2016-03-11,sh.600036,15.59,15.78,15.42,15.76,32789560,512388944.0
2016-03-14,sh.600036,15.78,16.04,15.65,15.72,31496816,500190848.0
2016-03-15,sh.600036,15.81,15.99,15.6,15.86,35520508,561733616.0
2016-03-16,sh.600036,15.88,16.45,15.79,16.42,123657453,2016510064.0
2016-03-17,sh.600036,16.39,16.4,16.11,16.23,46071149,748342352.0
2016-03-18,sh.600036,16.39,16.4,16.04,16.17,59577653,965239504.0
2016-03-21,sh.600036,16.21,16.44,16.11,16.22,50253793,816507328.0
2016-03-22,sh.600036,16.27,16.42,16.16,16.19,33741962,548665824.0
2016-03-23,sh.600036,16.26,16.29,16.18,16.18,19140021,310370784.0
2016-03-24,sh.600036,16.18,16.23,16.01,16.11,23990803,386975648.0
2016-03-25,sh.600036,16.12,16.2,16.1,16.13,15929295,257057436.0
2016-03-28,sh.600036,16.15,16.2,15.81,15.85,22137582,355104560.0
2016-03-29,sh.600036,15.9,16.05,15.76,15.79,19716528,313168224.0
2016-03-30,sh.600036,15.79,16.3,15.78,16.24,29675475,478252592.0
2016-03-31,sh.600036,16.3,16.35,16.02,16.09,25949603,418715088.0
2016-04-01,sh.600036,16.18,16.3,15.98,16.27,38488344,620911568.0
2016-04-05,sh.600036,16.13,16.37,16.07,16.34,39296938,637828880.0
2016-04-06,sh.600036,16.21,16.35,16.19,16.26,30072583,488458864.0
2016-04-07,sh.600036,16.32,16.35,16.05,16.1,29556313,477567488.0
2016-04-08,sh.600036,16.0,16.21,15.98,16.16,22439805,361753056.0
2016-04-11,sh.600036,16.16,16.57,16.15,16.31,31780847,521431216.0
2016-04-12,sh.600036,16.41,16.41,16.12,16.29,17456359,284011232.0
2016-04-13,sh.600036,16.39,16.68,16.0,16.48,40046940,662526880.0
2016-04-14,sh.600036,16.5,16.68,16.37,16.46,22984200,379056768.0
2016-04-15,sh.600036,16.56,17.04,16.46,16.93,58833767,990505856.0
2016-04-18,sh.600036,16.76,17.27,16.72,17.06,50523260,862860032.0
2016-04-19,sh.600036,17.21,17.23,17.02,17.11,30079607,515250048.0
2016-04-20,sh.600036,17.11,17.36,16.8,17.33,78748333,1349077280.0
2016-04-21,sh.600036,17.27,17.93,17.17,17.69,79412106,1395740400.0
2016-04-22,sh.600036,17.6,18.02,17.56,17.87,55625558,993784336.0
2016-04-25,sh.600036,17.75,17.96,17.41,17.9,39667820,705132096.0
2016-04-26,sh.600036,17.81,17.95,17.6,17.91,39021652,697015472.0
2016-04-27,sh.600036,17.9,17.95,17.81,17.88,25071611,448803376.0
2016-04-28,sh.600036,17.93,17.93,17.67,17.88,28195786,503333040.0
2016-04-29,sh.600036,17.87,17.92,17.73,17.75,19001557,338329936.0
2016-05-03,sh.600036,17.79,17.85,17.56,17.7,35053706,620494464.0
2016-05-04,sh.600036,17.7,17.71,17.59,17.65,24388752,430847904.0
2016-05-05,sh.600036,17.65,17.7,17.46,17.62,20305075,357190016.0
2016-05-06,sh.600036,17.62,17.65,17.3,17.32,29666028,519899760.0
2016-05-09,sh.600036,17.33,17.45,17.21,17.3,23597962,408579616.0
2016-05-10,sh.600036,17.11,17.41,16.98,17.04,28801521,496178896.0
2016-05-11,sh.600036,17.06,17.32,17.06,17.15,20807100,358012832.0
2016-05-12,sh.600036,17.02,17.58,17.02,17.46,26079241,453541568.0
2016-05-13,sh.600036,17.41,17.62,17.34,17.57,23912086,419456608.0
2016-05-16,sh.600036,17.55,17.64,17.48,17.5,37999862,667673552.0
2016-05-17,sh.600036,17.49,17.53,17.39,17.48,13498637,235712612.0
2016-05-18,sh.600036,17.41,17.87,17.39,17.82,46174348,814897792.0
2016-05-19,sh.600036,17.74,17.86,17.67,17.81,17097754,304549552.0
2016-05-20,sh.600036,17.76,17.93,17.7,17.88,14502842,259055461.0
2016-05-23,sh.600036,17.88,17.97,17.48,17.52,16849858,297555968.0
2016-05-24,sh.600036,17.51,17.51,17.32,17.33,8825574,153638720.0
2016-05-25,sh.600036,17.59,17.59,17.44,17.55,10291661,180397501.0
2016-05-26,sh.600036,17.5,17.8,17.5,17.69,12788326,226478696.0
2016-05-27,sh.600036,17.77,17.77,17.62,17.66,7414410,131180233.0
2016-05-30,sh.600036,17.75,17.87,17.62,17.84,20754633,369200400.0
2016-05-31,sh.600036,17.88,18.03,17.81,18.0,41139084,739952864.0
2016-06-01,sh.600036,18.09,18.09,17.73,17.83,22013672,393579392.0
2016-06-02,sh.600036,17.82,17.88,17.66,17.73,10755312,190719567.0
2016-06-03,sh.600036,17.8,17.83,17.71,17.78,9852612,175174612.0
2016-06-06,sh.600036,17.73,17.83,17.56,17.64,12770352,225235543.0
2016-06-07,sh.600036,17.76,17.87,17.59,17.8,11250355,199544447.0
2016-06-08,sh.600036,17.75,17.84,17.65,17.77,9514926,168924714.0
2016-06-13,sh.600036,17.58,17.79,17.29,17.32,16220713,284764736.0
2016-06-14,sh.600036,17.33,17.5,17.29,17.38,10953458,190753279.0
2016-06-15,sh.600036,17.25,17.46,17.25,17.39,18735848,325485984.0
2016-06-16,sh.600036,17.26,17.46,17.26,17.4,22113862,384653680.0
2016-06-17,sh.600036,17.38,17.67,17.37,17.5,13760241,241308424.0
2016-06-20,sh.600036,17.62,17.63,17.42,17.51,15697188,274976160.0
2016-06-21,sh.600036,17.53,17.7,17.5,17.54,11327069,198765339.0
2016-06-22,sh.600036,17.5,17.6,17.46,17.5,10067280,176398272.0
2016-06-23,sh.600036,17.52,17.53,17.24,17.26,16061133,278405104.0
2016-06-24,sh.600036,17.26,17.38,17.18,17.25,60859919,1049167952.0
2016-06-27,sh.600036,17.25,17.33,17.18,17.28,19507706,336583696.0
2016-06-28,sh.600036,17.25,17.32,17.21,17.29,13011644,224492913.0
2016-06-29,sh.600036,17.31,17.49,17.27,17.45,21673574,376575248.0
2016-06-30,sh.600036,17.47,17.55,17.39,17.5,17540455,306680976.0
2016-07-01,sh.600036,17.5,17.66,17.49,17.63,10987843,193394881.0
2016-07-04,sh.600036,17.63,17.92,17.63,17.72,17703319,314424400.0
2016-07-05,sh.600036,17.79,17.79,17.45,17.56,18612287,327013872.0
2016-07-06,sh.600036,17.53,17.54,17.31,17.42,20750617,361529680.0
2016-07-07,sh.600036,17.41,17.52,17.35,17.51,15267455,266195435.0
2016-07-08,sh.600036,17.5,17.51,17.35,17.39,15216146,264677220.0
2016-07-11,sh.600036,17.49,17.55,17.4,17.48,16014159,280096752.0
2016-07-12,sh.600036,17.48,17.75,17.46,17.71,25432037,447846592.0
2016-07-13,sh.600036,17.13,17.39,17.02,17.05,28897003,495868848.0
2016-07-14,sh.600036,17.07,17.16,17.0,17.09,12689532,216401318.0
2016-07-15,sh.600036,17.08,17.17,17.08,17.14,11071520,189627730.0
2016-07-18,sh.600036,17.15,17.49,17.13,17.26,24665203,427061952.0
2016-07-19,sh.600036,17.26,17.33,17.09,17.12,13979788,239922726.0
2016-07-20,sh.600036,17.1,17.14,17.02,17.07,11715176,199854451.0
2016-07-21,sh.600036,17.07,17.27,17.07,17.24,14602427,251047870.0
2016-07-22,sh.600036,17.25,17.25,17.03,17.08,10029423,171933047.0
2016-07-25,sh.600036,17.09,17.18,17.01,17.12,8101064,138621909.0
2016-07-26,sh.600036,17.05,17.2,17.05,17.17,11738263,201245058.0
2016-07-27,sh.600036,17.2,17.38,16.89,17.37,32117298,550792720.0
2016-07-28,sh.600036,17.19,17.29,17.09,17.14,19631362,337013584.0
2016-07-29,sh.600036,17.15,17.23,17.04,17.16,12191855,208810744.0
2016-08-01,sh.600036,17.15,17.24,17.1,17.18,19899307,341922848.0
2016-08-02,sh.600036,17.21,17.25,17.12,17.15,9829628,168764725.0
2016-08-03,sh.600036,17.08,17.16,17.01,17.07,9358504,159753550.0
2016-08-04,sh.600036,17.11,17.12,16.98,17.06,11819369,201351096.0
2016-08-05,sh.600036,17.06,17.15,17.05,17.1,16765602,286702384.0
2016-08-08,sh.600036,17.14,17.15,17.07,17.13,13151009,225246259.0
2016-08-09,sh.600036,17.13,17.2,17.1,17.17,25438728,436213104.0
2016-08-10,sh.600036,17.17,17.29,17.15,17.28,18767677,323678688.0
2016-08-11,sh.600036,17.3,17.87,17.26,17.45,31236343,549682864.0
2016-08-12,sh.600036,17.51,18.0,17.47,17.99,44516136,794255424.0
2016-08-15,sh.600036,18.1,18.99,18.02,18.42,81739230,1520048912.0
2016-08-16,sh.600036,18.64,18.87,18.12,18.31,60274344,1105739952.0
2016-08-17,sh.600036,18.43,18.68,18.31,18.4,21907973,404343024.0
2016-08-18,sh.600036,18.33,18.65,18.13,18.23,32383832,596924096.0
2016-08-19,sh.600036,18.34,18.75,18.31,18.62,39254763,729182464.0
2016-08-22,sh.600036,18.62,18.8,18.51,18.69,20821260,388697504.0
2016-08-23,sh.600036,18.61,19.0,18.52,18.66,28823168,542400832.0
2016-08-24,sh.600036,18.66,18.7,18.43,18.62,19140890,354910032.0
2016-08-25,sh.600036,18.57,18.64,18.19,18.51,19466504,358081680.0
2016-08-26,sh.600036,18.49,18.6,18.44,18.55,16920681,313827456.0
2016-08-29,sh.600036,18.46,18.48,18.03,18.27,20536484,374404160.0
2016-08-30,sh.600036,18.24,18.52,18.23,18.44,19118919,352596192.0
2016-08-31,sh.600036,18.36,18.76,18.36,18.63,15610697,290862560.0
2016-09-01,sh.600036,18.6,18.78,18.55,18.62,15545243,290828336.0
2016-09-02,sh.600036,18.52,18.72,18.48,18.68,17861657,332984784.0
2016-09-05,sh.600036,18.68,18.82,18.57,18.75,19865500,372168096.0
2016-09-06,sh.600036,18.75,18.78,18.43,18.51,17939403,334156288.0
2016-09-07,sh.600036,18.51,18.62,18.4,18.56,17706315,328123072.0
2016-09-08,sh.600036,18.58,18.63,18.48,18.53,8320207,154289421.0
2016-09-09,sh.600036,18.52,18.57,18.31,18.33,8670862,159932157.0
2016-09-12,sh.600036,18.16,18.18,17.81,17.9,28128406,506037328.0
2016-09-13,sh.600036,17.91,18.08,17.9,17.91,13541708,243518992.0
2016-09-14,sh.600036,17.99,17.99,17.48,17.54,22219675,393779456.0
2016-09-19,sh.600036,17.55,17.88,17.55,17.81,16820168,299454576.0
2016-09-20,sh.600036,17.8,17.85,17.67,17.74,10250971,182019360.0
2016-09-21,sh.600036,17.75,17.95,17.75,17.88,7672304,137141040.0
2016-09-22,sh.600036,17.99,18.17,17.88,17.97,12354837,222945149.0
2016-09-23,sh.600036,17.99,18.09,17.93,17.98,13553186,244168358.0
2016-09-26,sh.600036,17.91,18.09,17.85,18.0,14699757,264867529.0
2016-09-27,sh.600036,17.97,18.1,17.94,18.07,10001267,180407342.0
2016-09-28,sh.600036,18.06,18.06,17.83,17.89,10734706,192234021.0
2016-09-29,sh.600036,17.96,18.07,17.92,18.0,10309280,185631397.0
2016-09-30,sh.600036,17.96,18.1,17.95,18.0,8430817,152065854.0
2016-10-10,sh.600036,18.03,18.38,18.03,18.3,19093895,348345888.0
2016-10-11,sh.600036,18.33,18.49,18.26,18.33,12929420,237561461.0
2016-10-12,sh.600036,18.28,18.31,18.1,18.15,10479969,190617618.0
2016-10-13,sh.600036,18.15,18.21,18.05,18.09,10559824,191543016.0
2016-10-14,sh.600036,18.1,18.15,18.0,18.1,12238516,221243821.0
2016-10-17,sh.600036,18.07,18.1,17.83,17.86,12238087,219660672.0
2016-10-18,sh.600036,17.86,17.99,17.84,17.93,14301948,256039353.0
2016-10-19,sh.600036,17.93,18.05,17.83,17.88,11930149,213904312.0
2016-10-20,sh.600036,17.9,17.98,17.83,17.89,12357910,220968790.0
2016-10-21,sh.600036,17.91,17.93,17.82,17.91,12436352,222194728.0
2016-10-24,sh.600036,17.93,18.42,17.86,18.31,29156035,531562128.0
2016-10-25,sh.600036,18.31,18.46,18.09,18.13,19758214,360605408.0
2016-10-26,sh.600036,18.12,18.15,17.95,17.97,14336807,258759657.0
2016-10-27,sh.600036,18.06,18.06,17.77,17.81,21825012,389363392.0
2016-10-28,sh.600036,17.8,18.05,17.8,17.9,20411626,365151760.0
2016-10-31,sh.600036,17.87,17.96,17.72,17.86,12893323,230491027.0
2016-11-01,sh.600036,17.87,17.99,17.79,17.98,18940536,339544656.0
2016-11-02,sh.600036,17.86,17.94,17.76,17.84,30953599,551269824.0
2016-11-03,sh.600036,17.83,17.97,17.79,17.93,27080968,484543264.0
2016-11-04,sh.600036,17.9,18.0,17.87,17.91,26938815,483274400.0
2016-11-07,sh.600036,17.91,17.93,17.85,17.89,20825832,372548928.0
2016-11-08,sh.600036,17.92,18.06,17.89,17.99,26234851,471517520.0
2016-11-09,sh.600036,18.0,18.08,17.77,17.89,34243788,612494736.0
2016-11-10,sh.600036,17.95,18.11,17.94,18.0,27117031,489248976.0
2016-11-11,sh.600036,17.95,18.08,17.93,18.02,27634854,497447008.0
2016-11-14,sh.600036,18.0,18.25,17.95,18.04,35354071,641245328.0
2016-11-15,sh.600036,18.1,18.24,18.03,18.18,25650732,465084624.0
2016-11-16,sh.600036,18.23,18.29,18.05,18.12,23521274,427162272.0
2016-11-17,sh.600036,18.11,18.14,18.01,18.12,27177326,491383024.0
2016-11-18,sh.600036,18.12,18.16,18.03,18.1,18551458,335802160.0
2016-11-21,sh.600036,18.08,18.68,18.08,18.34,41347641,760532544.0
2016-11-22,sh.600036,18.37,18.49,18.28,18.37,52492006,964268064.0
2016-11-23,sh.600036,18.4,18.9,18.37,18.84,66351510,1243122112.0
2016-11-24,sh.600036,18.77,18.97,18.61,18.74,26750197,502543840.0
2016-11-25,sh.600036,18.8,19.02,18.66,18.99,40943311,772447184.0
2016-11-28,sh.600036,19.1,19.2,18.52,18.65,85146467,1604490624.0
2016-11-29,sh.600036,18.65,18.76,18.51,18.75,49107994,915066944.0
2016-11-30,sh.600036,18.76,18.82,18.47,18.55,39129809,727802160.0
2016-12-01,sh.600036,18.55,18.64,18.41,18.49,53798959,997774288.0
2016-12-02,sh.600036,18.53,18.54,18.24,18.49,48392142,891327408.0
2016-12-05,sh.600036,18.39,18.67,18.34,18.66,50351765,933953840.0
2016-12-06,sh.600036,18.66,18.78,18.57,18.6,31729059,592585856.0
2016-12-07,sh.600036,18.65,18.71,18.58,18.62,12167226,226701438.0
2016-12-08,sh.600036,18.67,18.88,18.62,18.76,26930735,505299968.0
2016-12-09,sh.600036,18.76,19.34,18.75,19.2,62582113,1197391296.0
2016-12-12,sh.600036,19.16,19.65,18.9,19.25,79488183,1530135056.0
2016-12-13,sh.600036,19.09,19.2,18.81,18.88,24933178,471987680.0
2016-12-14,sh.600036,18.8,19.14,18.8,18.82,32780688,621281024.0
2016-12-15,sh.600036,18.73,18.73,18.2,18.24,36612461,673540672.0
2016-12-16,sh.600036,18.24,18.4,18.12,18.18,24216836,441962352.0
2016-12-19,sh.600036,18.15,18.18,17.93,18.01,24624487,443900192.0
2016-12-20,sh.600036,17.99,17.99,17.7,17.79,29800167,531016960.0
2016-12-21,sh.600036,17.83,17.98,17.77,17.81,30868403,551372352.0
2016-12-22,sh.600036,17.85,17.85,17.65,17.72,21923062,388437360.0
2016-12-23,sh.600036,17.77,17.77,17.54,17.6,18108164,319060384.0
2016-12-26,sh.600036,17.56,17.77,17.39,17.75,16343100,287481232.0
2016-12-27,sh.600036,17.73,17.82,17.65,17.71,10090799,179187227.0
2016-12-28,sh.600036,17.72,17.77,17.49,17.62,26787189,470097376.0
2016-12-29,sh.600036,17.6,17.62,17.43,17.49,28439191,497576064.0
2016-12-30,sh.600036,17.53,17.61,17.47,17.6,22725952,398354144.0
2017-01-03,sh.600036,17.6,17.98,17.57,17.96,30458320,543437232.0
2017-01-04,sh.600036,17.9,18.11,17.85,18.02,25665746,461916736.0
2017-01-05,sh.600036,18.05,18.21,18.03,18.1,24563935,445323280.0
2017-01-06,sh.600036,18.1,18.16,17.96,17.96,17487854,315460240.0
2017-01-09,sh.600036,18.05,18.13,17.91,17.94,17346031,312457104.0
2017-01-10,sh.600036,17.95,18.09,17.91,17.94,10668237,191855417.0
2017-01-11,sh.600036,18.03,18.07,17.93,17.96,13428968,241615359.0
2017-01-12,sh.600036,17.95,18.13,17.94,18.0,14095858,254229662.0
2017-01-13,sh.600036,18.0,18.38,17.98,18.22,25117871,456928160.0
2017-01-16,sh.600036,18.18,18.59,18.16,18.58,75104666,1385245872.0
2017-01-17,sh.600036,18.5,18.59,18.43,18.45,23566010,435835488.0
2017-01-18,sh.600036,18.49,18.61,18.47,18.59,17879565,331977184.0
2017-01-19,sh.600036,18.55,18.74,18.51,18.52,13117422,244232036.0
2017-01-20,sh.600036,18.54,18.65,18.47,18.59,21739051,403155088.0
2017-01-23,sh.600036,18.68,18.76,18.41,18.5,19879818,369761616.0
2017-01-24,sh.600036,18.59,18.88,18.5,18.87,25543630,479286640.0
2017-01-25,sh.600036,18.81,18.95,18.68,18.88,15272178,287271136.0
2017-01-26,sh.600036,18.9,19.25,18.82,19.0,27318666,521508256.0
2017-02-03,sh.600036,19.08,19.08,18.66,18.7,23307310,437172384.0
2017-02-06,sh.600036,18.88,18.9,18.54,18.62,24044319,449830960.0
2017-02-07,sh.600036,18.63,18.68,18.55,18.57,22941249,426839072.0
2017-02-08,sh.600036,18.55,18.6,18.48,18.6,19710326,365540224.0
2017-02-09,sh.600036,18.59,18.93,18.59,18.73,22249868,418114736.0
2017-02-10,sh.600036,18.86,18.97,18.73,18.9,39642813,748379536.0
2017-02-13,sh.600036,18.9,19.09,18.89,18.97,25330996,480693328.0
2017-02-14,sh.600036,19.0,19.03,18.81,18.87,23787741,449426416.0
2017-02-15,sh.600036,18.97,19.23,18.9,19.13,59684478,1140926368.0
2017-02-16,sh.600036,19.19,19.34,19.04,19.14,35223424,674770080.0
2017-02-17,sh.600036,19.19,19.23,18.98,19.02,17980608,343397824.0
2017-02-20,sh.600036,19.03,19.5,18.98,19.4,44635085,864176288.0
2017-02-21,sh.600036,19.43,19.81,19.39,19.41,30056784,588854416.0
2017-02-22,sh.600036,19.43,19.57,19.3,19.4,22550262,437723376.0
2017-02-23,sh.600036,19.41,19.44,19.27,19.38,15656602,303013872.0
2017-02-24,sh.600036,19.38,19.5,19.27,19.43,20702260,401104880.0
2017-02-27,sh.600036,19.38,19.57,19.26,19.41,25452155,494391312.0
2017-02-28,sh.600036,19.4,19.58,19.36,19.44,16595374,323451600.0
2017-03-01,sh.600036,19.45,19.51,19.28,19.34,23983933,464816272.0
2017-03-02,sh.600036,19.38,19.45,19.07,19.1,24151335,463994960.0
2017-03-03,sh.600036,19.07,19.17,18.95,19.01,16972146,323332720.0
2017-03-06,sh.600036,19.01,19.39,19.0,19.06,23808114,457260944.0
2017-03-07,sh.600036,19.1,19.29,18.97,19.24,25247832,482993296.0
2017-03-08,sh.600036,19.12,19.35,19.08,19.29,19486576,374347184.0
2017-03-09,sh.600036,19.25,19.25,18.92,19.05,23195322,441475792.0
2017-03-10,sh.600036,19.02,19.05,18.83,18.91,20905258,394814384.0
2017-03-13,sh.600036,18.89,19.05,18.81,19.03,17056107,323081968.0
2017-03-14,sh.600036,19.04,19.19,19.02,19.1,18159274,346992944.0
2017-03-15,sh.600036,19.1,19.13,18.96,19.01,21828414,415062768.0
2017-03-16,sh.600036,19.1,19.25,19.02,19.06,31185472,596890768.0
2017-03-17,sh.600036,19.17,19.21,18.78,18.81,35535357,675517904.0
2017-03-20,sh.600036,18.89,18.95,18.61,18.76,33463011,627135952.0
2017-03-21,sh.600036,18.75,18.83,18.65,18.76,40184805,752524928.0
2017-03-22,sh.600036,18.74,18.75,18.48,18.52,46907976,871125184.0
2017-03-23,sh.600036,18.52,18.81,18.48,18.64,40943140,766200256.0
2017-03-24,sh.600036,18.77,18.79,18.63,18.78,32781646,613249808.0
2017-03-27,sh.600036,18.79,19.32,18.79,19.1,80019192,1531802496.0
2017-03-28,sh.600036,19.25,19.31,18.91,18.97,42027343,801684352.0
2017-03-29,sh.600036,18.99,19.16,18.98,19.09,44934719,857221808.0
2017-03-30,sh.600036,19.09,19.15,18.96,19.02,25726855,490686368.0
2017-03-31,sh.600036,19.02,19.25,19.02,19.17,33962346,650952944.0
2017-04-05,sh.600036,19.22,19.29,19.01,19.07,48602592,929280304.0
2017-04-06,sh.600036,19.05,19.11,18.93,19.04,34096737,648458304.0
2017-04-07,sh.600036,19.05,19.08,18.82,18.89,44034033,833989120.0
2017-04-10,sh.600036,18.93,18.97,18.7,18.91,32313532,609971568.0
2017-04-11,sh.600036,18.91,19.05,18.88,19.02,39407570,748244176.0
2017-04-12,sh.600036,19.02,19.12,18.9,19.05,32143538,611280992.0
2017-04-13,sh.600036,19.04,19.05,18.85,18.92,26704897,505235744.0
2017-04-14,sh.600036,18.91,18.94,18.65,18.82,30142700,564136336.0
2017-04-17,sh.600036,18.77,18.9,18.6,18.88,40758304,763022080.0
2017-04-18,sh.600036,18.8,18.85,18.6,18.6,31585792,591650464.0
2017-04-19,sh.600036,18.58,18.75,18.4,18.46,30928072,573673712.0
2017-04-20,sh.600036,18.59,18.6,18.38,18.39,28367769,523852160.0
2017-04-21,sh.600036,18.5,18.93,18.39,18.8,49743044,935678848.0
2017-04-24,sh.600036,18.89,19.01,18.8,18.91,37143301,703849040.0
2017-04-25,sh.600036,18.95,19.06,18.78,18.96,40879001,773462784.0
2017-04-26,sh.600036,18.97,19.18,18.91,19.11,42419144,810267728.0
2017-04-27,sh.600036,19.01,19.08,18.83,18.98,34557480,654130096.0
2017-04-28,sh.600036,19.1,19.24,19.01,19.13,49459693,945369168.0
2017-05-02,sh.600036,19.14,19.21,18.94,19.01,27786907,529881136.0
2017-05-03,sh.600036,18.99,19.03,18.85,18.93,18057905,342113792.0
2017-05-04,sh.600036,18.95,18.97,18.66,18.75,39673390,743771328.0
2017-05-05,sh.600036,18.79,18.84,18.54,18.8,34318443,640625536.0
2017-05-08,sh.600036,18.67,18.86,18.65,18.79,42998487,806982672.0
2017-05-09,sh.600036,18.8,18.85,18.74,18.79,14905601,280094864.0
2017-05-10,sh.600036,18.85,19.18,18.81,19.02,42066330,802326320.0
2017-05-11,sh.600036,19.09,19.45,19.0,19.26,47193321,909384832.0
2017-05-12,sh.600036,19.25,20.38,19.19,20.34,122392416,2442104352.0
2017-05-15,sh.600036,20.45,21.1,20.42,20.67,83559057,1738353328.0
2017-05-16,sh.600036,20.55,20.74,20.34,20.49,64731794,1325991072.0
2017-05-17,sh.600036,20.36,20.53,20.06,20.19,59693502,1206835056.0
2017-05-18,sh.600036,20.01,20.32,20.01,20.25,36345421,732979584.0
2017-05-19,sh.600036,20.17,20.59,20.11,20.53,39179460,798985920.0
2017-05-22,sh.600036,20.46,21.15,20.46,20.89,57888523,1212784544.0
2017-05-23,sh.600036,20.88,22.0,20.88,21.83,95034429,2057868448.0
2017-05-24,sh.600036,21.82,22.26,21.54,21.91,74150674,1623533232.0
2017-05-25,sh.600036,21.81,23.01,21.8,22.95,106667813,2416876400.0
2017-05-26,sh.600036,22.99,23.06,22.44,22.64,78505419,1785010224.0
2017-05-31,sh.600036,22.45,22.96,22.18,22.42,73975517,1666165856.0
2017-06-01,sh.600036,22.33,22.65,22.23,22.59,78092238,1753824144.0
2017-06-02,sh.600036,22.7,22.75,22.07,22.16,51019453,1138839808.0
2017-06-05,sh.600036,21.93,22.17,21.6,21.98,65026549,1419799520.0
2017-06-06,sh.600036,22.0,22.13,21.66,21.93,54884450,1199205648.0
2017-06-07,sh.600036,22.02,22.58,21.95,22.52,96496305,2160376512.0
2017-06-08,sh.600036,22.35,22.78,21.98,22.74,74865798,1680209792.0
2017-06-09,sh.600036,22.75,23.3,22.62,22.91,83753301,1924613472.0
2017-06-12,sh.600036,22.84,23.26,22.66,22.84,55565434,1276327536.0
2017-06-13,sh.600036,22.9,22.98,22.3,22.49,54260816,1220058064.0
2017-06-14,sh.600036,21.75,21.86,21.22,21.3,51801561,1115250432.0
2017-06-15,sh.600036,21.3,21.64,20.9,20.93,67537281,1425902896.0
2017-06-16,sh.600036,20.91,21.09,20.74,20.81,53191074,1113029440.0
2017-06-19,sh.600036,20.92,21.3,20.83,21.16,54663330,1152930384.0
2017-06-20,sh.600036,21.3,21.54,20.92,21.08,53216817,1127816320.0
2017-06-21,sh.600036,21.29,21.35,20.84,21.31,50786321,1074173568.0
2017-06-22,sh.600036,21.25,23.23,21.2,22.73,152388802,3414570656.0
2017-06-23,sh.600036,22.61,23.08,22.28,23.03,94120881,2136408544.0
2017-06-26,sh.600036,23.08,23.91,22.99,23.04,88995783,2084599648.0
2017-06-27,sh.600036,22.94,24.58,22.73,24.36,107584636,2541437040.0
2017-06-28,sh.600036,24.11,24.48,23.8,23.8,73712967,1774023856.0
2017-06-29,sh.600036,24.0,24.34,23.67,24.15,59421356,1432956912.0
2017-06-30,sh.600036,24.0,24.18,23.7,23.91,40698820,972087184.0
2017-07-03,sh.600036,23.8,23.8,23.33,23.52,41623871,979092992.0
2017-07-04,sh.600036,23.51,23.6,22.82,23.0,57363680,1325615808.0
2017-07-05,sh.600036,22.98,24.05,22.85,23.9,78399696,1836342528.0
2017-07-06,sh.600036,23.71,24.14,23.4,23.96,62433300,1481675280.0
2017-07-07,sh.600036,23.8,23.9,23.05,23.26,63217985,1478551360.0
2017-07-10,sh.600036,23.32,23.58,23.05,23.26,37203437,866708208.0
2017-07-11,sh.600036,23.23,24.38,23.16,24.08,73038307,1747996944.0
2017-07-12,sh.600036,24.1,25.07,23.95,24.34,85800391,2107028256.0
2017-07-13,sh.600036,24.34,25.05,24.21,24.9,55940416,1386998096.0
2017-07-14,sh.600036,24.99,25.41,24.74,25.18,50806029,1271884064.0
2017-07-17,sh.600036,25.1,25.65,24.74,25.11,70928750,1788461120.0
2017-07-18,sh.600036,24.9,25.06,24.04,24.52,64534655,1583816688.0
2017-07-19,sh.600036,24.44,25.37,24.4,25.22,63077091,1570233808.0
2017-07-20,sh.600036,25.1,25.25,24.8,25.2,51433744,1286272352.0
2017-07-21,sh.600036,25.08,25.36,24.64,24.74,32764747,818375344.0
2017-07-24,sh.600036,24.77,25.76,24.67,25.71,62592201,1587410704.0
2017-07-25,sh.600036,25.8,26.24,25.4,25.53,74394506,1922841200.0
2017-07-26,sh.600036,25.52,26.04,25.16,25.46,46334311,1184402336.0
2017-07-27,sh.600036,25.48,26.17,25.4,25.9,43453232,1124251952.0
2017-07-28,sh.600036,25.77,26.0,25.5,25.78,28036197,720520368.0
2017-07-31,sh.600036,25.64,25.95,25.38,25.57,34195965,875073760.0
2017-08-01,sh.600036,25.58,26.15,25.35,26.14,47806569,1237126960.0
2017-08-02,sh.600036,26.12,27.08,26.02,26.62,60628359,1619543968.0
2017-08-03,sh.600036,26.52,26.66,25.84,25.89,51028609,1338776400.0
2017-08-04,sh.600036,25.87,26.1,25.32,25.52,48927096,1252754944.0
2017-08-07,sh.600036,25.4,26.1,25.4,25.98,30913583,799024688.0
2017-08-08,sh.600036,25.9,26.06,25.66,25.85,22046346,569318272.0
2017-08-09,sh.600036,25.78,26.08,25.51,25.54,29248590,754403232.0
2017-08-10,sh.600036,25.47,25.74,24.98,25.14,46465133,1172008480.0
2017-08-11,sh.600036,24.97,25.26,24.44,24.49,52173238,1295751456.0
2017-08-14,sh.600036,24.6,24.88,24.25,24.8,53594772,1318539824.0
2017-08-15,sh.600036,24.8,25.86,24.78,25.53,53690010,1370978512.0
2017-08-16,sh.600036,25.41,25.47,25.02,25.17,29782847,750197216.0
2017-08-17,sh.600036,25.19,25.3,24.85,25.06,32146044,803371856.0
2017-08-18,sh.600036,24.91,25.59,24.8,25.42,39734426,1003556224.0
2017-08-21,sh.600036,25.42,25.52,25.05,25.3,31525364,796215296.0
2017-08-22,sh.600036,25.42,25.93,25.18,25.89,50287937,1289000320.0
2017-08-23,sh.600036,25.98,26.83,25.83,26.52,60736801,1607392864.0
2017-08-24,sh.600036,26.5,26.84,26.21,26.69,46161550,1228209408.0
2017-08-25,sh.600036,26.8,27.58,26.8,27.53,66092014,1796548784.0
2017-08-28,sh.600036,27.58,27.9,27.01,27.24,54746121,1504650784.0
2017-08-29,sh.600036,27.26,27.46,27.06,27.14,32870241,894606528.0
2017-08-30,sh.600036,27.39,27.96,26.97,27.16,47205569,1292864160.0
2017-08-31,sh.600036,27.16,27.28,26.41,26.75,59081038,1576347728.0
2017-09-01,sh.600036,26.74,27.18,26.53,26.76,47974643,1287996640.0
2017-09-04,sh.600036,26.54,26.99,26.42,26.96,35631693,953928880.0
2017-09-05,sh.600036,26.9,27.37,26.74,27.34,40573290,1101285040.0
2017-09-06,sh.600036,27.28,27.28,26.78,26.88,32948666,890348912.0
2017-09-07,sh.600036,26.9,26.9,26.31,26.35,46675659,1237783136.0
2017-09-08,sh.600036,26.36,26.6,26.29,26.38,29097213,768685712.0
2017-09-11,sh.600036,26.6,26.89,26.12,26.18,46759279,1236452288.0
2017-09-12,sh.600036,26.28,26.49,25.96,26.44,42620226,1117346102.0
2017-09-13,sh.600036,26.44,26.48,26.05,26.17,32866866,861995110.0
2017-09-14,sh.600036,26.18,26.25,25.65,25.86,47223452,1222804952.0
2017-09-15,sh.600036,25.75,26.08,25.59,25.97,32786267,847804833.0
2017-09-18,sh.600036,25.97,26.1,25.69,25.76,51107728,1323656291.0
2017-09-19,sh.600036,25.79,26.25,25.69,26.17,47274118,1228816253.0
2017-09-20,sh.600036,26.11,26.32,25.82,25.89,51785947,1350601225.0
2017-09-21,sh.600036,25.95,26.29,25.85,26.06,40927253,1066972505.0
2017-09-22,sh.600036,25.9,26.28,25.83,25.95,28030992,729528084.0
2017-09-25,sh.600036,25.86,26.12,25.7,25.81,32006496,829467446.0
2017-09-26,sh.600036,25.71,25.9,25.64,25.71,22468076,578862322.0
2017-09-27,sh.600036,25.67,25.75,25.32,25.4,33779155,861005161.0
2017-09-28,sh.600036,25.48,25.49,25.12,25.2,34723219,875845413.0
2017-09-29,sh.600036,25.2,25.78,25.13,25.55,47164183,1200679062.0
2017-10-09,sh.600036,26.8,26.99,25.89,26.08,100296537,2651928457.0
2017-10-10,sh.600036,26.05,26.55,25.42,26.12,105250662,2722110394.0
2017-10-11,sh.600036,26.05,26.25,25.91,26.04,48399977,1261376447.0
2017-10-12,sh.600036,26.14,26.55,26.04,26.37,47842207,1257728399.0
2017-10-13,sh.600036,26.37,26.55,26.16,26.2,32734325,860203544.0
2017-10-16,sh.600036,26.29,26.95,26.2,26.87,70703152,1886449497.0
2017-10-17,sh.600036,26.7,27.33,26.68,27.03,58293941,1577299201.0
2017-10-18,sh.600036,27.06,27.29,26.91,27.11,38327777,1037664392.0
2017-10-19,sh.600036,27.16,27.3,26.92,27.1,40809614,1107391135.0
2017-10-20,sh.600036,26.96,27.07,26.7,26.77,28130262,755916482.0
2017-10-23,sh.600036,26.77,26.89,26.47,26.5,34731342,925253803.0
2017-10-24,sh.600036,26.52,26.83,26.41,26.62,37077931,988906813.0
2017-10-25,sh.600036,26.57,26.89,26.4,26.8,33931969,905316390.0
2017-10-26,sh.600036,26.66,27.2,26.42,26.55,68850233,1839713642.0
2017-10-27,sh.600036,26.68,28.14,26.68,28.1,122858298,3388881803.0
2017-10-30,sh.600036,27.85,28.06,27.51,27.79,103998076,2890850820.0
2017-10-31,sh.600036,27.5,27.6,26.91,27.1,62417334,1692746769.0
2017-11-01,sh.600036,27.11,27.18,26.65,26.9,69513733,1866958998.0
2017-11-02,sh.600036,26.8,27.02,26.7,27.01,36239453,974720024.0
2017-11-03,sh.600036,26.98,27.16,26.61,27.06,68086907,1829746496.0
2017-11-06,sh.600036,26.9,26.94,26.27,26.61,69959123,1854555217.0
2017-11-07,sh.600036,26.6,27.26,26.53,27.03,73061456,1968881356.0
2017-11-08,sh.600036,27.0,27.43,26.8,27.09,72048087,1958201904.0
2017-11-09,sh.600036,26.99,27.47,26.84,27.07,35153936,952783904.0
2017-11-10,sh.600036,26.91,27.22,26.59,27.07,70010839,1882008398.0
2017-11-13,sh.600036,27.11,28.35,27.11,27.67,136763738,3814308501.0
2017-11-14,sh.600036,27.75,28.28,27.68,28.02,84449909,2361867310.0
2017-11-15,sh.600036,27.79,28.3,27.61,27.88,69036414,1927570960.0
2017-11-16,sh.600036,27.77,28.13,27.49,28.1,67948860,1892846691.0
2017-11-17,sh.600036,28.3,29.5,28.3,29.38,155197518,4524400131.0
2017-11-20,sh.600036,29.38,30.7,29.09,30.53,130959008,3912283987.0
2017-11-21,sh.600036,30.3,31.3,30.08,30.36,111984633,3439543678.0
2017-11-22,sh.600036,30.54,31.66,30.54,30.9,97579050,3034245837.0
2017-11-23,sh.600036,30.8,31.13,29.5,30.0,89079547,2709651298.0
2017-11-24,sh.600036,30.25,30.79,29.63,30.09,81263787,2447316075.0
2017-11-27,sh.600036,29.86,29.95,28.88,29.88,98541100,2899282314.0
2017-11-28,sh.600036,29.46,29.73,28.9,29.19,61627096,1801453860.0
2017-11-29,sh.600036,29.31,29.69,28.81,29.56,58019644,1699268388.0
2017-11-30,sh.600036,29.32,29.46,28.74,28.99,50183802,1458283316.0
2017-12-01,sh.600036,28.99,29.11,28.35,28.61,67577561,1936547906.0
2017-12-04,sh.600036,28.43,29.07,28.42,28.72,41607547,1197481935.0
2017-12-05,sh.600036,28.72,29.59,28.72,29.49,88452920,2588555823.0
2017-12-06,sh.600036,29.35,29.35,28.51,28.93,55265542,1602158000.0
2017-12-07,sh.600036,28.7,29.07,27.85,28.25,65215249,1846806140.0
2017-12-08,sh.600036,28.12,28.58,27.91,28.52,52147804,1476432452.0
2017-12-11,sh.600036,28.44,29.0,27.96,28.93,79743013,2266771061.0
2017-12-12,sh.600036,28.7,29.07,28.33,28.35,55109715,1579380952.0
2017-12-13,sh.600036,28.35,28.78,27.95,28.6,53615880,1517011706.0
2017-12-14,sh.600036,28.53,29.0,28.45,28.63,52939187,1520833399.0
2017-12-15,sh.600036,28.57,28.6,28.0,28.06,48806521,1378078334.0
2017-12-18,sh.600036,28.1,28.51,28.05,28.33,37389497,1058596842.0
2017-12-19,sh.600036,28.47,29.5,28.34,29.36,77123200,2238122922.0
2017-12-20,sh.600036,29.41,29.75,29.08,29.47,55439985,1631568151.0
2017-12-21,sh.600036,29.37,30.0,29.2,29.64,56738026,1684770426.0
2017-12-22,sh.600036,29.51,29.64,29.16,29.29,44313847,1301573567.0
2017-12-25,sh.600036,29.19,29.97,29.12,29.29,60107575,1777969130.0
2017-12-26,sh.600036,29.22,29.8,29.21,29.71,61399980,1817411822.0
2017-12-27,sh.600036,29.5,29.78,28.58,28.76,63393214,1845505286.0
2017-12-28,sh.600036,28.75,28.92,28.45,28.63,42120227,1209920394.0
2017-12-29,sh.600036,28.63,29.04,28.61,29.02,32904289,950964505.0
2018-01-02,sh.600036,29.02,30.06,29.02,29.62,67591307,2009147017.0
2018-01-03,sh.600036,29.74,30.48,29.64,29.97,71850339,2161448686.0
2018-01-04,sh.600036,30.28,30.36,29.4,29.65,51686593,1540869738.0
2018-01-05,sh.600036,29.87,30.25,29.46,30.1,47990820,1435732659.0
2018-01-08,sh.600036,29.92,30.05,29.31,29.47,65857890,1943542230.0
2018-01-09,sh.600036,29.52,29.91,29.35,29.77,39867797,1179590638.0
2018-01-10,sh.600036,29.66,30.77,29.58,30.53,79928286,2428313433.0
2018-01-11,sh.600036,30.52,31.15,30.4,30.92,54074486,1668764826.0
2018-01-12,sh.600036,31.12,31.58,31.02,31.51,48734315,1528109286.0
2018-01-15,sh.600036,31.48,32.4,31.3,31.94,67314601,2148679981.0
2018-01-16,sh.600036,31.8,32.28,31.54,31.89,65281903,2080015556.0
2018-01-17,sh.600036,32.1,33.11,31.5,31.69,102654638,3328493188.0
2018-01-18,sh.600036,32.1,32.75,32.1,32.32,81103971,2628880183.0
2018-01-19,sh.600036,32.66,33.35,32.21,32.46,84132890,2769050365.0
2018-01-22,sh.600036,32.18,33.64,32.15,33.08,94572955,3131534666.0
2018-01-23,sh.600036,33.2,34.17,33.2,34.05,86899482,2940790081.0
2018-01-24,sh.600036,34.25,35.35,33.45,33.85,117648367,4066613177.0
2018-01-25,sh.600036,34.01,34.02,32.9,33.41,78904029,2631028018.0
2018-01-26,sh.600036,33.19,34.3,33.19,33.47,70667394,2386060809.0
2018-01-29,sh.600036,33.5,34.08,32.81,32.98,68492095,2299932912.0
2018-01-30,sh.600036,32.9,33.16,32.41,32.57,36571313,1196780358.0
2018-01-31,sh.600036,32.34,33.99,32.22,33.94,66479420,2209958335.0
2018-02-01,sh.600036,34.05,34.92,33.85,34.45,69284961,2378431192.0
2018-02-02,sh.600036,34.04,34.58,33.69,34.5,49473207,1690289981.0
2018-02-05,sh.600036,33.83,35.11,33.8,34.89,74328591,2570911068.0
2018-02-06,sh.600036,34.1,34.69,33.49,34.62,141691337,4822983754.0
2018-02-07,sh.600036,34.58,34.93,32.1,32.39,150288262,4982015761.0
2018-02-08,sh.600036,31.95,32.38,30.83,31.28,106982961,3355653733.0
2018-02-09,sh.600036,30.33,30.81,28.6,30.71,132753969,3963446850.0
2018-02-12,sh.600036,30.4,30.64,29.4,30.05,87696616,2637441867.0
2018-02-13,sh.600036,30.38,31.27,30.35,30.91,79926773,2463683749.0
2018-02-14,sh.600036,30.95,31.47,30.42,31.37,33494293,1042018691.0
2018-02-22,sh.600036,31.88,32.2,31.18,31.5,67768109,2144014339.0
2018-02-23,sh.600036,31.5,32.1,31.22,31.78,51500754,1626590713.0
2018-02-26,sh.600036,31.89,32.35,31.23,31.51,71861812,2272643325.0
2018-02-27,sh.600036,31.57,31.65,30.65,30.87,71533820,2216705983.0
2018-02-28,sh.600036,30.38,30.75,30.01,30.3,53257706,1612634053.0
2018-03-01,sh.600036,30.03,30.86,30.01,30.4,40276961,1226158291.0
2018-03-02,sh.600036,30.12,30.46,30.02,30.03,33875997,1021219184.0
2018-03-05,sh.600036,30.1,30.58,29.92,30.15,33620119,1013168739.0
2018-03-06,sh.600036,30.39,30.47,29.49,30.04,61883656,1851222444.0
2018-03-07,sh.600036,30.5,31.08,30.35,30.77,84233444,2596877499.0
2018-03-08,sh.600036,30.85,31.06,30.41,30.92,40500723,1247826582.0
2018-03-09,sh.600036,31.2,31.5,30.98,31.15,35510045,1108939311.0
2018-03-12,sh.600036,31.44,31.49,30.8,30.84,58173696,1807020723.0
2018-03-13,sh.600036,30.9,31.38,30.63,30.73,37374686,1158438690.0
2018-03-14,sh.600036,30.57,30.6,30.21,30.39,26317599,798808451.0
2018-03-15,sh.600036,30.21,30.68,30.21,30.52,24195976,737285318.0
2018-03-16,sh.600036,30.57,30.68,30.1,30.13,36802429,1116503072.0
2018-03-19,sh.600036,30.01,30.74,29.9,30.71,32273332,980755532.0
2018-03-20,sh.600036,30.55,31.1,30.51,30.99,38239459,1181777239.0
2018-03-21,sh.600036,31.28,31.8,31.12,31.26,58514545,1841756794.0
2018-03-22,sh.600036,31.28,31.53,30.56,31.23,44627524,1386451117.0
2018-03-23,sh.600036,30.3,30.4,29.85,30.31,86642819,2611002881.0
2018-03-26,sh.600036,30.26,30.26,28.75,29.11,90578029,2654133430.0
2018-03-27,sh.600036,29.55,29.69,28.5,28.72,80543133,2327605805.0
2018-03-28,sh.600036,28.4,29.44,28.25,28.7,78797873,2274733768.0
2018-03-29,sh.600036,28.73,29.79,28.2,29.31,67949417,1972338359.0
2018-03-30,sh.600036,29.37,29.5,28.98,29.09,35675322,1039897303.0
2018-04-02,sh.600036,29.0,29.61,28.9,29.01,47738697,1396102301.0
2018-04-03,sh.600036,28.86,28.97,28.55,28.81,30225398,868475037.0
2018-04-04,sh.600036,28.88,29.27,28.62,28.76,37782179,1095425767.0
2018-04-09,sh.600036,28.86,29.17,28.64,28.84,27742411,801133246.0
2018-04-10,sh.600036,28.84,30.32,28.61,30.29,58601460,1731213197.0
2018-04-11,sh.600036,30.34,30.95,30.05,30.49,56043306,1709631521.0
2018-04-12,sh.600036,30.5,30.5,29.79,29.93,33767498,1015562874.0
2018-04-13,sh.600036,30.05,30.35,29.52,29.54,26010873,775003205.0
2018-04-16,sh.600036,29.2,29.21,27.95,28.11,91462703,2595816036.0
2018-04-17,sh.600036,28.25,28.29,27.58,27.69,61074971,1702375258.0
2018-04-18,sh.600036,28.28,28.35,27.36,28.14,65977970,1841953006.0
2018-04-19,sh.600036,28.18,28.75,28.02,28.24,42432862,1205816213.0
2018-04-20,sh.600036,28.05,28.25,27.8,28.21,39799455,1116482350.0
2018-04-23,sh.600036,27.93,28.45,27.91,28.29,30152180,851443561.0
2018-04-24,sh.600036,28.3,29.5,28.3,28.86,67026412,1951397596.0
2018-04-25,sh.600036,28.86,29.09,28.61,28.82,25167546,726053661.0
2018-04-26,sh.600036,29.1,29.32,28.55,28.8,33960749,975939725.0
2018-04-27,sh.600036,28.9,29.44,28.34,29.33,57507932,1664707507.0
2018-05-02,sh.600036,29.98,30.1,29.37,29.56,49057035,1455786499.0
2018-05-03,sh.600036,29.34,29.68,28.75,29.3,32174138,938929851.0
2018-05-04,sh.600036,29.28,29.29,28.61,28.74,33769717,975938248.0
2018-05-07,sh.600036,28.77,29.0,28.52,28.93,30749361,885770341.0
2018-05-08,sh.600036,29.0,29.89,28.88,29.68,50312902,1489149737.0
2018-05-09,sh.600036,29.7,29.9,29.53,29.75,22262572,661356498.0
2018-05-10,sh.600036,30.0,30.19,29.4,29.84,32219188,957420602.0
2018-05-11,sh.600036,29.73,30.2,29.68,30.08,43534500,1307245991.0
2018-05-14,sh.600036,30.5,31.21,30.3,30.82,70766757,2175818347.0
2018-05-15,sh.600036,30.85,30.9,30.32,30.56,32987550,1007130845.0
2018-05-16,sh.600036,30.38,30.41,29.88,29.97,34451912,1038605796.0
2018-05-17,sh.600036,30.0,30.21,29.6,29.8,29046705,867844690.0
2018-05-18,sh.600036,29.77,30.57,29.57,30.46,39401791,1188037515.0
2018-05-21,sh.600036,30.72,30.99,30.14,30.27,41521642,1267521731.0
2018-05-22,sh.600036,30.14,30.24,29.63,29.82,36542624,1088792950.0
2018-05-23,sh.600036,29.8,29.92,29.51,29.61,29651343,880162330.0
2018-05-24,sh.600036,29.6,29.68,29.0,29.1,35522498,1041219094.0
2018-05-25,sh.600036,29.08,29.43,28.99,29.21,25150520,734119737.0
2018-05-28,sh.600036,29.23,29.32,28.41,28.8,60507216,1741562593.0
2018-05-29,sh.600036,28.65,28.98,28.41,28.94,48053415,1376604969.0
2018-05-30,sh.600036,28.5,28.63,28.28,28.3,33958888,966502631.0
2018-05-31,sh.600036,28.39,29.02,28.36,28.78,52292583,1500473743.0
2018-06-01,sh.600036,28.78,28.98,28.5,28.6,29325987,841358587.0
2018-06-04,sh.600036,28.91,29.28,28.62,29.25,43334396,1257114616.0
2018-06-05,sh.600036,29.17,29.35,28.9,29.26,37288225,1087160936.0
2018-06-06,sh.600036,29.17,29.26,28.76,28.8,34560815,1000091941.0
2018-06-07,sh.600036,28.9,29.27,28.76,28.9,49443068,1435268845.0
2018-06-08,sh.600036,28.75,28.78,28.18,28.2,42621627,1209479170.0
2018-06-11,sh.600036,28.2,28.65,27.94,28.63,37833156,1070796378.0
2018-06-12,sh.600036,28.62,28.96,28.62,28.74,31197155,898564345.0
2018-06-13,sh.600036,28.75,28.97,28.6,28.71,26753233,770378532.0
2018-06-14,sh.600036,28.65,29.05,28.43,28.57,34338356,984047476.0
2018-06-15,sh.600036,28.47,29.08,28.42,28.94,41954931,1213019309.0
2018-06-19,sh.600036,28.64,29.24,28.45,28.99,120609433,3483188942.0
2018-06-20,sh.600036,28.78,28.88,28.32,28.51,36452637,1040634032.0
2018-06-21,sh.600036,28.52,29.06,28.5,28.65,31621666,910748282.0
2018-06-22,sh.600036,28.67,28.78,28.28,28.62,22199749,634077528.0
2018-06-25,sh.600036,28.68,28.71,27.65,27.67,48216015,1355187817.0
2018-06-26,sh.600036,27.48,27.49,26.2,26.9,62322818,1669754262.0
2018-06-27,sh.600036,26.68,26.88,26.1,26.33,44268936,1171600530.0
2018-06-28,sh.600036,26.25,26.3,25.6,25.85,43970014,1140542154.0
2018-06-29,sh.600036,25.98,26.59,25.97,26.44,30911069,814179727.0
2018-07-02,sh.600036,26.44,26.73,25.3,25.44,43518710,1124749500.0
2018-07-03,sh.600036,25.44,25.47,24.7,25.22,65858403,1654664571.0
2018-07-04,sh.600036,25.18,25.51,24.96,25.05,36964950,930211549.0
2018-07-05,sh.600036,25.17,25.52,24.94,25.44,49592511,1252366553.0
2018-07-06,sh.600036,25.49,26.18,24.98,25.84,44125891,1131470156.0
2018-07-09,sh.600036,26.0,27.02,26.0,26.95,52705816,1412279854.0
2018-07-10,sh.600036,27.01,27.1,26.56,26.8,32684186,875889897.0
2018-07-11,sh.600036,26.08,26.79,26.0,26.6,31671258,839272378.0
2018-07-12,sh.600036,25.8,26.45,25.5,26.04,46942652,1225745783.0
2018-07-13,sh.600036,26.28,26.3,25.97,26.23,24706106,646322656.0
2018-07-16,sh.600036,26.17,26.58,25.58,25.67,35932194,931706273.0
2018-07-17,sh.600036,25.5,25.67,25.1,25.37,28936901,732402036.0
2018-07-18,sh.600036,25.57,25.94,25.21,25.29,33235525,849465221.0
2018-07-19,sh.600036,25.58,25.89,25.5,25.62,39528670,1016389267.0
2018-07-20,sh.600036,25.62,27.45,25.4,27.38,101089231,2704374608.0
2018-07-23,sh.600036,27.39,28.15,26.98,27.86,92410884,2550106045.0
2018-07-24,sh.600036,27.86,28.6,27.57,27.75,69453892,1944728340.0
2018-07-25,sh.600036,28.2,28.45,27.85,28.22,43021684,1212914508.0
2018-07-26,sh.600036,28.36,28.95,27.88,28.12,45865724,1299264844.0
2018-07-27,sh.600036,28.12,28.48,27.61,28.09,30843001,864315734.0
2018-07-30,sh.600036,28.09,28.85,27.9,28.61,38339128,1086965824.0
2018-07-31,sh.600036,28.6,28.73,27.95,28.39,34827776,987037630.0
2018-08-01,sh.600036,28.69,29.09,27.85,27.87,53686611,1531776020.0
2018-08-02,sh.600036,27.8,28.1,27.0,27.18,57192390,1566477322.0
2018-08-03,sh.600036,27.33,27.74,27.18,27.24,29811645,819624634.0
2018-08-06,sh.600036,27.38,28.09,27.2,27.59,38596405,1069702810.0
2018-08-07,sh.600036,27.59,28.5,27.49,28.48,51396000,1445089051.0
2018-08-08,sh.600036,28.6,28.6,28.01,28.11,28244143,798263714.0
2018-08-09,sh.600036,27.94,28.96,27.9,28.77,40392118,1153671635.0
2018-08-10,sh.600036,28.81,28.85,28.13,28.44,27144565,771539712.0
2018-08-13,sh.600036,28.12,28.12,27.25,27.71,46760018,1288408920.0
2018-08-14,sh.600036,27.66,27.79,27.24,27.51,26591733,730077525.0
2018-08-15,sh.600036,27.51,27.53,26.57,26.7,38443306,1035868466.0
2018-08-16,sh.600036,26.29,27.14,26.2,26.74,38370246,1024991052.0
2018-08-17,sh.600036,27.1,27.2,26.44,26.52,25936325,697067989.0
2018-08-20,sh.600036,26.99,27.11,26.42,26.96,36955056,992571277.0
2018-08-21,sh.600036,27.04,27.42,26.89,27.1,36990629,1005654829.0
2018-08-22,sh.600036,27.19,27.2,26.82,27.04,20268137,548067472.0
2018-08-23,sh.600036,27.14,27.45,26.82,27.3,32131989,874029537.0
2018-08-24,sh.600036,27.15,28.3,26.96,27.7,48026975,1325865555.0
2018-08-27,sh.600036,28.05,28.61,27.85,28.54,51080755,1443348642.0
2018-08-28,sh.600036,28.57,29.01,28.54,28.62,36844355,1060897270.0
2018-08-29,sh.600036,28.63,29.0,28.45,28.76,26096941,749530161.0
2018-08-30,sh.600036,28.73,28.87,28.08,28.14,27257333,772976674.0
2018-08-31,sh.600036,28.01,28.75,27.98,28.29,46088148,1309258982.0
2018-09-03,sh.600036,28.32,28.44,27.96,28.14,26070101,734063563.0
2018-09-04,sh.600036,28.18,28.75,27.93,28.64,32822355,931947242.0
2018-09-05,sh.600036,28.35,28.48,27.68,27.69,35940314,1008629733.0
2018-09-06,sh.600036,27.7,27.85,27.43,27.5,24591932,679321762.0
2018-09-07,sh.600036,27.65,28.2,27.6,28.17,39719587,1111287760.0
2018-09-10,sh.600036,27.96,28.3,27.78,27.9,26378471,739029722.0
2018-09-11,sh.600036,27.95,28.1,27.14,27.4,33469330,923390421.0
2018-09-12,sh.600036,27.22,27.6,27.01,27.4,22987613,626631245.0
2018-09-13,sh.600036,27.94,28.02,27.29,27.76,30676478,847633415.0
2018-09-14,sh.600036,27.99,27.99,27.68,27.88,17546004,488249006.0
2018-09-17,sh.600036,27.73,27.8,27.37,27.45,16220219,446801683.0
2018-09-18,sh.600036,27.45,28.25,27.38,28.18,39937229,1112244774.0
2018-09-19,sh.600036,28.16,28.65,27.96,28.4,43273486,1227422967.0
2018-09-20,sh.600036,28.58,28.85,28.37,28.51,28658273,818977671.0
2018-09-21,sh.600036,28.7,30.3,28.45,30.3,77837295,2295785053.0
2018-09-25,sh.600036,29.83,30.09,29.32,29.62,52738186,1567282266.0
2018-09-26,sh.600036,29.75,30.99,29.41,30.45,74931799,2270642277.0
2018-09-27,sh.600036,30.26,30.69,30.01,30.43,40257193,1221936467.0
2018-09-28,sh.600036,30.67,31.11,30.3,30.69,55600815,1709812847.0
2018-10-08,sh.600036,29.7,30.09,29.36,29.43,62333382,1851291903.0
2018-10-09,sh.600036,29.33,29.69,29.0,29.4,42149330,1233995871.0
2018-10-10,sh.600036,29.35,29.89,29.15,29.6,39000377,1152179444.0
2018-10-11,sh.600036,28.66,29.07,28.11,28.45,61547691,1764499442.0
2018-10-12,sh.600036,28.7,29.37,28.46,29.16,66130702,1910801822.0
2018-10-15,sh.600036,29.16,29.18,28.55,28.74,34999884,1009163706.0
2018-10-16,sh.600036,28.82,29.8,28.74,29.1,57769191,1688042114.0
2018-10-17,sh.600036,29.4,29.5,28.18,29.0,66876404,1934456824.0
2018-10-18,sh.600036,28.78,28.85,27.88,27.9,57441873,1625603167.0
2018-10-19,sh.600036,27.75,29.38,27.5,29.21,76703229,2193187127.0
2018-10-22,sh.600036,29.53,30.54,29.53,30.0,84079684,2533871247.0
2018-10-23,sh.600036,30.16,30.16,28.75,29.02,59411438,1750813038.0
2018-10-24,sh.600036,29.11,30.32,29.09,29.39,63582428,1887867932.0
2018-10-25,sh.600036,28.77,29.72,28.74,29.66,55841884,1628677952.0
2018-10-26,sh.600036,29.64,29.92,28.98,29.6,49576295,1453919756.0
2018-10-29,sh.600036,29.8,29.8,27.42,27.85,95487744,2704530876.0
2018-10-30,sh.600036,28.12,28.86,27.58,28.35,74357588,2108423543.0
2018-10-31,sh.600036,28.8,28.98,28.39,28.91,66601308,1914657674.0
2018-11-01,sh.600036,29.45,29.65,28.66,29.05,68260026,1983324170.0
2018-11-02,sh.600036,29.9,30.45,29.41,30.33,122005102,3665161770.0
2018-11-05,sh.600036,29.85,30.23,29.71,30.0,42833488,1283209565.0
2018-11-06,sh.600036,30.0,30.11,29.36,29.87,37506553,1116052434.0
2018-11-07,sh.600036,29.88,30.2,29.53,29.57,54986767,1639026340.0
2018-11-08,sh.600036,30.02,30.37,29.8,30.01,47914976,1440021978.0
2018-11-09,sh.600036,29.6,29.6,28.49,28.6,119302121,3429467883.0
2018-11-12,sh.600036,28.4,28.7,28.23,28.56,68397744,1942560148.0
2018-11-13,sh.600036,28.1,28.77,28.05,28.58,50035645,1424073098.0
2018-11-14,sh.600036,28.58,28.65,28.0,28.16,53587479,1513190239.0
2018-11-15,sh.600036,28.24,28.47,28.08,28.38,35412435,1002719255.0
2018-11-16,sh.600036,28.38,28.68,28.19,28.48,49695528,1413615056.0
2018-11-19,sh.600036,28.7,29.04,28.45,28.95,50288177,1450517213.0
2018-11-20,sh.600036,28.79,28.84,28.31,28.42,33827788,963552925.0
2018-11-21,sh.600036,28.2,28.43,28.1,28.4,32337787,914660533.0
2018-11-22,sh.600036,28.41,28.45,28.1,28.3,27585849,778816956.0
2018-11-23,sh.600036,28.29,28.35,27.88,27.88,32538936,912620571.0
2018-11-26,sh.600036,28.0,28.35,27.91,28.27,27546954,775964832.0
2018-11-27,sh.600036,28.22,28.38,27.85,27.99,33765856,949634239.0
2018-11-28,sh.600036,28.07,28.35,28.05,28.28,29087389,821440564.0
2018-11-29,sh.600036,28.5,28.6,28.3,28.3,39794993,1132138876.0
2018-11-30,sh.600036,28.26,28.58,28.21,28.55,25438081,724904871.0
2018-12-03,sh.600036,29.49,29.63,28.93,29.46,69025556,2026234683.0
2018-12-04,sh.600036,29.42,29.63,29.31,29.57,32368558,954515438.0
2018-12-05,sh.600036,29.16,29.57,29.0,29.37,26230736,771310493.0
2018-12-06,sh.600036,28.9,29.15,28.78,28.9,37338023,1079103636.0
2018-12-07,sh.600036,29.09,29.19,28.53,28.58,30522873,878968664.0
2018-12-10,sh.600036,28.3,28.5,28.22,28.34,26698642,756722667.0
2018-12-11,sh.600036,28.35,28.55,28.28,28.51,22729013,645883574.0
2018-12-12,sh.600036,29.0,29.0,28.41,28.46,20209393,577042564.0
2018-12-13,sh.600036,28.53,29.07,28.41,28.75,55152033,1586329607.0
2018-12-14,sh.600036,28.57,28.61,28.2,28.33,39815540,1127759787.0
2018-12-17,sh.600036,28.33,28.5,28.1,28.29,31130374,879889477.0
2018-12-18,sh.600036,28.05,28.26,27.85,27.91,41460993,1161523690.0
2018-12-19,sh.600036,27.92,27.99,26.58,26.77,82965478,2246838162.0
2018-12-20,sh.600036,26.48,26.6,25.65,25.91,101575505,2632662123.0
2018-12-21,sh.600036,25.87,25.87,25.25,25.39,87574990,2225709247.0
2018-12-24,sh.600036,25.2,25.46,24.92,25.45,64971791,1638937336.0
2018-12-25,sh.600036,25.0,25.56,24.77,25.29,74992294,1882663785.0
2018-12-26,sh.600036,25.2,25.23,24.85,24.85,44678702,1116595176.0
2018-12-27,sh.600036,25.19,25.22,24.82,24.85,64018096,1597992608.0
2018-12-28,sh.600036,24.95,25.36,24.91,25.2,61338228,1542017662.0
2019-01-02,sh.600036,25.15,25.2,24.4,24.57,55516612,1368988405.0
2019-01-03,sh.600036,24.4,25.05,24.38,24.88,37410758,929035565.0
2019-01-04,sh.600036,24.76,25.65,24.65,25.51,66853140,1690412096.0
2019-01-07,sh.600036,25.51,25.77,25.29,25.52,45604029,1162564002.0
2019-01-08,sh.600036,25.5,25.52,25.16,25.22,26928031,680284501.0
2019-01-09,sh.600036,25.22,26.1,25.22,25.7,63820048,1644588152.0
2019-01-10,sh.600036,25.5,26.08,25.47,25.85,42630689,1101271158.0
2019-01-11,sh.600036,25.85,26.58,25.75,26.46,49391033,1299657728.0
2019-01-14,sh.600036,26.46,26.56,26.22,26.31,29424462,776229254.0
2019-01-15,sh.600036,26.31,26.83,26.3,26.8,36671891,976628108.0
2019-01-16,sh.600036,26.7,26.88,26.61,26.85,22995524,615072738.0
2019-01-17,sh.600036,26.85,26.85,26.43,26.47,32368214,862634819.0
2019-01-18,sh.600036,26.47,27.26,26.46,27.1,54639785,1474685187.0
2019-01-21,sh.600036,27.08,27.7,27.03,27.33,41558808,1136772654.0
2019-01-22,sh.600036,27.3,27.45,26.76,26.98,34907241,942772504.0
2019-01-23,sh.600036,26.95,27.42,26.92,27.16,27325047,742831971.0
2019-01-24,sh.600036,27.18,28.04,27.18,27.87,54340953,1507548458.0
2019-01-25,sh.600036,27.87,28.63,27.85,28.52,53648170,1525048705.0
2019-01-28,sh.600036,28.52,29.14,28.5,28.66,57736588,1665507650.0
2019-01-29,sh.600036,28.56,28.83,28.47,28.64,34662858,993511466.0
2019-01-30,sh.600036,28.6,28.79,28.32,28.42,26689204,761698908.0
2019-01-31,sh.600036,28.45,29.29,28.45,29.21,57142036,1657359517.0
2019-02-01,sh.600036,29.21,29.43,28.88,29.3,39652160,1156418914.0
2019-02-11,sh.600036,29.1,29.53,28.9,29.39,35363599,1034587928.0
2019-02-12,sh.600036,29.39,29.58,28.98,29.32,39582711,1157190462.0
2019-02-13,sh.600036,29.32,30.04,29.12,29.84,53577589,1579966914.0
2019-02-14,sh.600036,29.65,30.1,29.49,29.86,45238656,1349953528.0
2019-02-15,sh.600036,29.74,29.85,28.91,29.15,49566659,1450557701.0
2019-02-18,sh.600036,29.35,29.99,29.35,29.87,44664584,1330843104.0
2019-02-19,sh.600036,29.86,30.63,29.72,29.88,49367644,1483350105.0
2019-02-20,sh.600036,30.27,30.44,29.98,30.15,33434029,1010101525.0
2019-02-21,sh.600036,30.18,30.64,29.84,30.08,45313976,1367327564.0
2019-02-22,sh.600036,30.07,30.64,29.8,30.63,41487507,1252498181.0
2019-02-25,sh.600036,31.0,32.9,30.97,32.52,110184676,3503029739.0
2019-02-26,sh.600036,32.29,33.0,31.32,31.49,94856286,3028023006.0
2019-02-27,sh.600036,31.7,32.32,31.4,31.71,80834244,2568322892.0
2019-02-28,sh.600036,31.7,32.1,31.45,31.74,48764347,1547972358.0
2019-03-01,sh.600036,32.05,32.93,31.65,32.9,68267071,2200500068.0
2019-03-04,sh.600036,33.0,33.79,32.5,32.69,95646115,3151361469.0
2019-03-05,sh.600036,32.86,32.86,32.1,32.35,67380367,2188597546.0
2019-03-06,sh.600036,32.31,32.61,31.78,32.22,54673630,1758476276.0
2019-03-07,sh.600036,32.01,32.1,30.97,31.3,70772728,2227173172.0
2019-03-08,sh.600036,30.74,31.21,30.36,30.78,77006601,2368272351.0
2019-03-11,sh.600036,30.57,30.83,30.18,30.53,67530995,2056842749.0
2019-03-12,sh.600036,30.91,31.33,30.45,30.66,83869724,2593572147.0
2019-03-13,sh.600036,30.79,31.32,30.25,31.04,66661144,2057062461.0
2019-03-14,sh.600036,30.98,31.9,30.9,31.45,68494240,2162754036.0
2019-03-15,sh.600036,31.42,31.95,31.2,31.67,59594269,1888156823.0
2019-03-18,sh.600036,31.79,32.56,31.59,32.36,59313092,1902942879.0
2019-03-19,sh.600036,32.4,32.62,31.93,32.03,48675050,1565782395.0
2019-03-20,sh.600036,31.88,32.47,31.7,32.27,46537913,1492217313.0
2019-03-21,sh.600036,32.13,32.4,31.92,31.98,38622372,1240270281.0
2019-03-22,sh.600036,32.08,32.38,31.71,32.35,43026848,1380682468.0
2019-03-25,sh.600036,32.0,32.1,31.1,31.17,63921055,2018228647.0
2019-03-26,sh.600036,31.59,31.65,31.21,31.49,40336190,1268771627.0
2019-03-27,sh.600036,31.69,32.54,31.45,32.4,59415447,1915279543.0
2019-03-28,sh.600036,32.17,32.65,31.95,32.52,38742255,1251752176.0
2019-03-29,sh.600036,32.52,34.32,32.41,33.92,116415221,3924014336.0
2019-04-01,sh.600036,34.2,35.05,33.9,34.08,104639618,3595503205.0
2019-04-02,sh.600036,34.1,34.59,34.09,34.49,69428666,2385380768.0
2019-04-03,sh.600036,34.4,34.95,34.31,34.86,58160643,2016043612.0
2019-04-04,sh.600036,34.9,36.05,34.9,35.59,82285226,2919598558.0
2019-04-08,sh.600036,35.7,36.27,35.65,35.93,81066201,2913400186.0
2019-04-09,sh.600036,35.9,35.91,35.06,35.23,51123625,1811302889.0
2019-04-10,sh.600036,35.05,35.43,34.52,35.07,67454117,2358129547.0
2019-04-11,sh.600036,35.19,35.65,34.72,34.96,57251604,2008064351.0
2019-04-12,sh.600036,34.86,35.0,34.6,34.8,36335801,1264673345.0
2019-04-15,sh.600036,35.42,36.22,34.82,34.82,92492092,3299629416.0
2019-04-16,sh.600036,34.7,36.1,34.6,36.0,84081516,2991158275.0
2019-04-17,sh.600036,35.89,36.48,35.63,35.83,49478982,1778194094.0
2019-04-18,sh.600036,35.8,35.8,35.13,35.5,32274070,1143221193.0
2019-04-19,sh.600036,35.6,36.45,35.58,36.0,41174863,1481680330.0
2019-04-22,sh.600036,35.8,36.15,34.4,34.8,71582971,2512863629.0
2019-04-23,sh.600036,34.7,35.59,34.67,35.23,49569211,1748713750.0
2019-04-24,sh.600036,35.53,35.9,34.82,35.8,54009831,1922166631.0
2019-04-25,sh.600036,35.35,35.86,35.28,35.43,43378827,1542369865.0
2019-04-26,sh.600036,35.16,35.2,34.34,34.36,51734443,1797598594.0
2019-04-29,sh.600036,34.57,35.73,34.42,35.33,55033176,1937765299.0
2019-04-30,sh.600036,34.57,34.9,33.85,34.45,95371197,3274708143.0
2019-05-06,sh.600036,33.2,34.05,32.88,33.91,113367874,3784588227.0
2019-05-07,sh.600036,34.18,34.18,33.36,33.71,61747624,2078552508.0
2019-05-08,sh.600036,33.3,33.58,33.0,33.13,48174511,1601956981.0
2019-05-09,sh.600036,33.0,33.25,32.02,32.42,58110375,1893434384.0
2019-05-10,sh.600036,32.86,33.8,32.86,33.61,65477578,2191300330.0
2019-05-13,sh.600036,33.05,33.29,32.63,32.8,34340859,1130792902.0
2019-05-14,sh.600036,32.3,33.2,32.29,32.56,48864253,1599744262.0
2019-05-15,sh.600036,33.0,33.85,32.79,33.63,44059100,1471301765.0
2019-05-16,sh.600036,33.63,33.94,33.41,33.67,33464291,1128388770.0
2019-05-17,sh.600036,33.7,33.8,32.97,33.31,35925693,1196233846.0
2019-05-20,sh.600036,33.3,33.79,32.82,33.28,41830436,1388670239.0
2019-05-21,sh.600036,33.29,34.1,33.14,33.63,50344418,1699238453.0
2019-05-22,sh.600036,33.63,33.85,33.3,33.53,34508085,1157944609.0
2019-05-23,sh.600036,33.31,33.6,32.95,33.35,38386013,1277508313.0
2019-05-24,sh.600036,33.58,34.13,33.39,33.6,42990884,1449787998.0
2019-05-27,sh.600036,33.48,33.95,32.8,33.78,47725947,1592620302.0
2019-05-28,sh.600036,33.75,34.6,33.62,34.38,69457087,2375260224.0
2019-05-29,sh.600036,33.91,34.69,33.85,34.25,37682884,1292718402.0
2019-05-30,sh.600036,34.41,34.51,33.86,34.3,29730764,1016453738.0
2019-05-31,sh.600036,34.2,34.7,34.01,34.21,30522399,1048608820.0
2019-06-03,sh.600036,34.25,34.65,33.88,34.4,39481401,1351932252.0
2019-06-04,sh.600036,34.4,34.41,33.76,34.03,32789127,1113572392.0
2019-06-05,sh.600036,34.33,34.46,33.92,33.95,26927425,919338240.0
2019-06-06,sh.600036,34.13,34.13,33.38,33.9,30232510,1024276660.0
2019-06-10,sh.600036,34.03,34.9,34.01,34.74,49305517,1707698127.0
2019-06-11,sh.600036,34.74,35.54,34.74,35.42,52369707,1840362215.0
2019-06-12,sh.600036,35.39,35.51,35.05,35.33,27091558,956824031.0
2019-06-13,sh.600036,35.33,35.5,34.88,35.25,25623223,901854016.0
2019-06-14,sh.600036,35.33,35.57,35.18,35.35,34183657,1207793174.0
2019-06-17,sh.600036,35.3,35.98,35.26,35.6,26237633,935672872.0
2019-06-18,sh.600036,35.7,36.02,35.51,36.02,30228448,1084120436.0
2019-06-19,sh.600036,36.99,37.3,36.57,36.8,65238879,2411603687.0
2019-06-20,sh.600036,36.86,38.48,36.86,38.38,74229868,2808109447.0
2019-06-21,sh.600036,38.38,38.5,37.5,37.69,59617631,2257474698.0
2019-06-24,sh.600036,37.52,37.99,37.48,37.96,30881629,1166862209.0
2019-06-25,sh.600036,37.51,37.51,34.75,36.13,243512152,8747563858.0
2019-06-26,sh.600036,35.07,35.93,35.02,35.47,104997810,3729647597.0
2019-06-27,sh.600036,35.88,36.56,35.75,36.45,92805629,3369234270.0
2019-06-28,sh.600036,36.35,36.53,35.84,35.98,53062339,1914139579.0
2019-07-01,sh.600036,36.75,37.23,36.7,36.9,81245491,2997920556.0
2019-07-02,sh.600036,36.92,36.92,36.3,36.52,61223395,2235226043.0
2019-07-03,sh.600036,36.39,36.49,36.06,36.15,47928441,1735338347.0
2019-07-04,sh.600036,36.37,36.44,36.01,36.08,37917354,1371454234.0
2019-07-05,sh.600036,36.2,36.63,36.0,36.47,36451591,1325134309.0
2019-07-08,sh.600036,36.08,36.2,35.36,35.56,50610541,1805159246.0
2019-07-09,sh.600036,35.58,35.7,35.2,35.29,28106075,993475022.0
2019-07-10,sh.600036,35.6,35.65,34.98,35.12,44487076,1564014123.0
2019-07-11,sh.600036,35.46,36.06,35.31,35.9,59828966,2141800970.0
2019-07-12,sh.600036,35.18,35.6,35.02,35.4,49746675,1759080553.0
2019-07-15,sh.600036,35.01,35.68,34.5,35.3,42271763,1482173720.0
2019-07-16,sh.600036,35.37,35.5,35.15,35.31,27014554,955308164.0
2019-07-17,sh.600036,35.11,35.42,35.01,35.21,22637619,796929618.0
2019-07-18,sh.600036,35.3,35.58,35.07,35.32,33890048,1198433942.0
2019-07-19,sh.600036,35.68,36.49,35.58,36.37,49864204,1804011550.0
2019-07-22,sh.600036,36.36,36.77,36.09,36.37,33732997,1230690061.0
2019-07-23,sh.600036,36.37,36.5,36.01,36.21,25079506,909838723.0
2019-07-24,sh.600036,36.44,36.96,36.24,36.43,34263449,1254224791.0
2019-07-25,sh.600036,36.75,37.48,36.75,37.26,50994342,1896150462.0
2019-07-26,sh.600036,37.05,37.37,37.03,37.22,23391862,870022305.0
2019-07-29,sh.600036,37.2,37.2,36.6,36.83,31750358,1170614801.0
2019-07-30,sh.600036,36.8,37.17,36.7,36.77,26183718,966377345.0
2019-07-31,sh.600036,36.5,36.8,36.45,36.56,27306707,998321822.0
2019-08-01,sh.600036,36.4,36.59,35.91,36.2,32231581,1166692625.0
2019-08-02,sh.600036,35.55,35.96,35.4,35.75,48948013,1744741168.0
2019-08-05,sh.600036,35.52,35.69,35.09,35.21,45212718,1597313152.0
2019-08-06,sh.600036,34.5,35.07,34.4,34.88,58569559,2038065671.0
2019-08-07,sh.600036,34.9,34.98,34.44,34.53,55056614,1907381568.0
2019-08-08,sh.600036,34.8,35.49,34.8,35.36,45625739,1602214298.0
2019-08-09,sh.600036,35.46,35.5,34.91,34.99,33614193,1181594152.0
2019-08-12,sh.600036,34.99,35.46,34.8,35.41,39225849,1377596532.0
2019-08-13,sh.600036,35.19,35.25,34.8,34.85,29736510,1039741519.0
2019-08-14,sh.600036,35.22,35.4,34.8,34.86,37749308,1322902547.0
2019-08-15,sh.600036,34.2,34.94,34.1,34.87,30054809,1040105626.0
2019-08-16,sh.600036,34.89,35.4,34.52,35.16,40844467,1431729717.0
2019-08-19,sh.600036,34.97,35.3,34.44,35.3,71493374,2493400951.0
2019-08-20,sh.600036,35.0,35.56,34.9,35.33,38036943,1340295547.0
2019-08-21,sh.600036,35.24,35.6,35.16,35.45,29982516,1062519113.0
2019-08-22,sh.600036,35.59,35.64,35.14,35.34,22862467,808431523.0
2019-08-23,sh.600036,35.22,36.54,35.22,36.27,70609852,2544555084.0
2019-08-26,sh.600036,35.5,35.8,34.77,35.0,86736265,3045354099.0
2019-08-27,sh.600036,35.38,35.62,34.75,34.75,81751179,2876573970.0
2019-08-28,sh.600036,35.0,35.08,34.41,34.5,51476226,1780588508.0
2019-08-29,sh.600036,34.5,34.55,33.7,33.93,71161785,2415342459.0
2019-08-30,sh.600036,34.29,34.39,33.95,34.28,59657969,2039657518.0
2019-09-02,sh.600036,34.28,34.66,34.25,34.34,50798281,1752014271.0
2019-09-03,sh.600036,34.37,34.46,34.01,34.15,40716969,1390955164.0
2019-09-04,sh.600036,34.11,35.06,34.01,34.89,63463616,2202852785.0
2019-09-05,sh.600036,35.03,35.9,35.03,35.52,72370246,2573174320.0
2019-09-06,sh.600036,35.9,35.99,35.55,35.89,47316276,1692573890.0
2019-09-09,sh.600036,36.09,36.44,35.34,35.5,75615132,2697975757.0
2019-09-10,sh.600036,35.71,35.74,34.75,35.0,67533066,2361508165.0
2019-09-11,sh.600036,35.19,35.24,34.71,35.05,60908940,2129059918.0
2019-09-12,sh.600036,35.4,35.43,34.97,35.29,52582171,1851086313.0
2019-09-16,sh.600036,35.5,35.54,34.82,35.0,46166805,1617245973.0
2019-09-17,sh.600036,35.07,35.18,34.62,34.79,44307090,1546391358.0
2019-09-18,sh.600036,34.8,34.94,34.71,34.8,35374807,1232164287.0
2019-09-19,sh.600036,34.94,34.96,34.36,34.51,53845325,1858895881.0
2019-09-20,sh.600036,34.71,34.76,34.38,34.51,69494464,2401483947.0
2019-09-23,sh.600036,34.4,34.4,33.88,34.04,61025444,2075660837.0
2019-09-24,sh.600036,34.25,34.25,33.97,34.08,36571835,1245693485.0
2019-09-25,sh.600036,34.05,34.47,33.87,34.35,46779376,1601997090.0
2019-09-26,sh.600036,34.45,35.62,34.28,35.22,108440812,3804658828.0
2019-09-27,sh.600036,35.15,35.69,34.82,35.2,67267796,2368047235.0
2019-09-30,sh.600036,34.79,35.33,34.7,34.75,39120377,1370027544.0
2019-10-08,sh.600036,34.7,35.1,34.5,34.81,64588657,2250110388.0
2019-10-09,sh.600036,34.52,35.67,34.5,35.18,82161376,2896026737.0
2019-10-10,sh.600036,35.21,35.38,35.02,35.11,37870052,1332044307.0
2019-10-11,sh.600036,35.3,36.37,35.3,36.29,104387314,3760500499.0
2019-10-14,sh.600036,36.6,37.44,36.6,36.83,87433443,3237676515.0
2019-10-15,sh.600036,37.22,37.22,36.47,36.64,45810496,1680658831.0
2019-10-16,sh.600036,36.97,37.45,36.4,36.81,51489760,1902454585.0
2019-10-17,sh.600036,36.81,37.15,36.54,37.0,34258778,1264253177.0
2019-10-18,sh.600036,37.1,37.28,36.1,36.18,45434980,1660975667.0
2019-10-21,sh.600036,36.1,36.5,35.77,36.22,35942551,1300444689.0
2019-10-22,sh.600036,36.47,36.48,35.67,36.13,33207388,1193683500.0
2019-10-23,sh.600036,36.05,36.3,35.82,36.0,31347067,1131160460.0
2019-10-24,sh.600036,36.18,36.75,35.96,36.5,43122021,1571999093.0
2019-10-25,sh.600036,36.67,36.67,36.04,36.4,24614215,892763388.0
2019-10-28,sh.600036,36.48,36.93,36.1,36.2,32808346,1191663975.0
2019-10-29,sh.600036,36.27,36.37,35.91,36.15,26610094,961023821.0
2019-10-30,sh.600036,36.11,36.23,35.31,35.41,48326260,1720463214.0
2019-10-31,sh.600036,35.7,35.87,35.28,35.5,50704205,1805894998.0
2019-11-01,sh.600036,35.57,36.76,35.38,36.6,66855574,2425821889.0
2019-11-04,sh.600036,36.97,37.28,36.69,37.18,59640216,2210377095.0
2019-11-05,sh.600036,37.19,38.15,36.98,37.66,72333061,2724426631.0
2019-11-06,sh.600036,37.66,38.48,37.53,38.15,70844894,2705336305.0
2019-11-07,sh.600036,38.13,38.38,37.82,38.16,35055161,1336451650.0
2019-11-08,sh.600036,38.48,38.55,37.6,37.75,45708215,1739031666.0
2019-11-11,sh.600036,37.53,37.69,37.17,37.31,39293988,1471061703.0
2019-11-12,sh.600036,37.31,37.49,36.91,37.2,36383152,1354249070.0
2019-11-13,sh.600036,37.05,37.38,36.9,37.0,39293401,1456511446.0
2019-11-14,sh.600036,37.19,37.25,36.65,36.74,29291220,1078428853.0
2019-11-15,sh.600036,36.98,37.06,36.6,36.83,31500856,1162061809.0
2019-11-18,sh.600036,36.83,37.89,36.73,37.5,57445530,2149791797.0
2019-11-19,sh.600036,37.45,37.8,37.31,37.52,39018448,1463591441.0
2019-11-20,sh.600036,37.24,37.37,36.49,36.58,48277448,1776707173.0
2019-11-21,sh.600036,36.36,36.69,36.07,36.44,29743640,1081481614.0
2019-11-22,sh.600036,36.7,36.85,36.08,36.23,32273896,1175858814.0
2019-11-25,sh.600036,36.4,36.72,36.32,36.58,26416258,966079490.0
2019-11-26,sh.600036,36.79,36.8,36.0,36.0,44859522,1630207659.0
2019-11-27,sh.600036,36.19,36.88,36.06,36.65,35069510,1283181354.0
2019-11-28,sh.600036,36.56,36.88,36.44,36.63,20852093,763903768.0
2019-11-29,sh.600036,36.48,36.69,35.92,36.03,33478873,1210713277.0
2019-12-02,sh.600036,36.1,36.38,35.97,36.11,19733974,713692292.0
2019-12-03,sh.600036,35.92,36.6,35.73,36.46,27680568,1004322265.0
2019-12-04,sh.600036,36.07,36.42,36.04,36.28,23090627,835895192.0
2019-12-05,sh.600036,36.48,36.6,36.12,36.38,26477925,962515349.0
2019-12-06,sh.600036,36.47,36.58,36.18,36.41,25584640,929546913.0
2019-12-09,sh.600036,36.38,36.44,36.03,36.27,25078780,908083891.0
2019-12-10,sh.600036,36.07,36.36,36.05,36.12,22735572,822478503.0
2019-12-11,sh.600036,36.29,36.45,36.11,36.4,28077921,1018761748.0
2019-12-12,sh.600036,36.5,36.58,36.24,36.4,25011328,909207353.0
2019-12-13,sh.600036,36.73,37.5,36.69,37.5,65495601,2430849617.0
2019-12-16,sh.600036,37.25,37.48,37.1,37.28,35287693,1314017570.0
2019-12-17,sh.600036,37.25,37.85,36.9,37.5,56312739,2106137323.0
2019-12-18,sh.600036,37.55,38.15,37.55,37.99,54132237,2052043202.0
2019-12-19,sh.600036,38.0,38.25,37.73,37.77,30188408,1144128603.0
2019-12-20,sh.600036,37.82,38.03,37.4,37.54,28800748,1085477957.0
2019-12-23,sh.600036,37.79,38.0,37.25,37.4,35874675,1349470854.0
2019-12-24,sh.600036,37.45,38.15,37.45,38.01,34185644,1296815029.0
2019-12-25,sh.600036,38.01,38.23,37.62,37.79,23502761,889443213.0
2019-12-26,sh.600036,37.78,38.1,37.69,38.1,19223976,728012313.0
2019-12-27,sh.600036,38.1,38.5,37.8,37.86,35953534,1370335108.0
2019-12-30,sh.600036,37.6,37.92,37.11,37.83,44496289,1670186942.0
2019-12-31,sh.600036,37.85,37.88,37.31,37.58,37680506,1412996239.0
2020-01-02,sh.600036,38.03,39.12,38.02,38.88,82624452,3191180650.0
2020-01-03,sh.600036,38.95,39.62,38.92,39.4,52010611,2045230273.0
2020-01-06,sh.600036,39.19,40.16,38.9,39.24,54887720,2171575505.0
2020-01-07,sh.600036,39.55,39.94,39.1,39.15,34767128,1369304771.0
2020-01-08,sh.600036,38.95,38.95,38.41,38.41,36323418,1403861101.0
2020-01-09,sh.600036,38.84,39.0,38.58,38.9,30335989,1177003661.0
2020-01-10,sh.600036,38.9,39.28,38.75,39.04,28593121,1116903172.0
2020-01-13,sh.600036,39.28,39.28,38.75,39.1,32780852,1279073028.0
2020-01-14,sh.600036,39.14,39.63,38.7,38.81,33564638,1314430602.0
2020-01-15,sh.600036,38.84,38.89,38.02,38.12,48859891,1870048774.0
2020-01-16,sh.600036,38.22,38.35,37.76,37.96,45384826,1723277982.0
2020-01-17,sh.600036,38.06,38.17,37.68,37.93,42135711,1595789849.0
2020-01-20,sh.600036,38.22,38.65,38.0,38.31,58580886,2244268938.0
2020-01-21,sh.600036,37.95,38.15,37.7,37.79,41720185,1580332561.0
2020-01-22,sh.600036,37.7,38.1,37.15,37.82,53125460,2000618547.0
2020-01-23,sh.600036,37.53,37.7,36.45,36.81,78750274,2912304571.0
2020-02-03,sh.600036,33.8,35.5,33.8,35.03,113106226,3944795003.0
2020-02-04,sh.600036,35.04,35.48,34.68,35.35,122967652,4313054347.0
2020-02-05,sh.600036,35.34,35.51,34.83,35.36,80257198,2826862599.0
2020-02-06,sh.600036,35.5,35.83,35.13,35.75,73070159,2589474707.0
2020-02-07,sh.600036,35.1,35.46,35.01,35.42,67552464,2374190018.0
2020-02-10,sh.600036,35.13,35.24,34.95,35.1,57504178,2016401930.0
2020-02-11,sh.600036,35.3,35.85,35.15,35.57,55743628,1983770029.0
2020-02-12,sh.600036,35.5,35.66,35.24,35.6,40538973,1437177997.0
2020-02-13,sh.600036,35.53,35.55,35.2,35.27,42235080,1493775789.0
2020-02-14,sh.600036,35.21,35.71,35.21,35.64,40339677,1431806484.0
2020-02-17,sh.600036,35.63,36.17,35.38,36.17,66942541,2396661832.0
2020-02-18,sh.600036,36.0,36.0,35.6,35.7,51639665,1846260235.0
2020-02-19,sh.600036,35.6,35.89,35.46,35.53,41952131,1496142157.0
2020-02-20,sh.600036,35.66,36.05,35.2,35.98,74600588,2658121245.0
2020-02-21,sh.600036,35.9,35.93,35.47,35.64,73031468,2603112503.0
2020-02-24,sh.600036,35.49,35.69,35.03,35.05,79856482,2812039823.0
2020-02-25,sh.600036,34.81,35.08,34.5,34.63,87373432,3032212325.0
2020-02-26,sh.600036,34.41,34.99,34.25,34.83,77970475,2707591830.0
2020-02-27,sh.600036,34.79,35.35,34.7,35.22,68937853,2422074087.0
2020-02-28,sh.600036,34.85,35.18,34.2,34.2,83534097,2885398352.0
2020-03-02,sh.600036,34.24,34.88,34.1,34.75,70429063,2438029173.0
2020-03-03,sh.600036,34.93,35.1,34.42,34.62,68607306,2380418310.0
2020-03-04,sh.600036,34.68,34.8,34.44,34.78,56088606,1941800190.0
2020-03-05,sh.600036,34.99,36.32,34.8,36.23,135541300,4840609026.0
2020-03-06,sh.600036,35.84,36.02,35.41,35.41,67067378,2389764957.0
2020-03-09,sh.600036,34.88,34.88,34.18,34.18,96659166,3318066994.0
2020-03-10,sh.600036,34.19,34.94,34.08,34.68,66829810,2309858482.0
2020-03-11,sh.600036,34.76,34.99,34.41,34.45,56655064,1965764178.0
2020-03-12,sh.600036,34.37,34.59,34.02,34.16,61918002,2118258080.0
2020-03-13,sh.600036,32.8,33.56,32.4,33.41,114095770,3748370246.0
2020-03-16,sh.600036,33.39,33.39,31.64,31.67,106602730,3445337101.0
2020-03-17,sh.600036,31.65,32.61,31.11,31.73,84344133,2675433577.0
2020-03-18,sh.600036,31.88,32.28,30.76,30.82,82431704,2604923481.0
2020-03-19,sh.600036,30.48,30.48,28.71,29.31,155945747,4591894342.0
2020-03-20,sh.600036,29.8,31.11,29.8,31.04,134315310,4101898423.0
2020-03-23,sh.600036,30.01,30.51,29.88,30.16,92897116,2804113446.0
2020-03-24,sh.600036,31.15,31.65,30.81,31.51,82535893,2585549433.0
2020-03-25,sh.600036,32.23,32.68,32.17,32.49,80952655,2629580314.0
2020-03-26,sh.600036,32.1,33.42,32.06,32.72,69463585,2281461462.0
2020-03-27,sh.600036,33.12,33.33,32.48,32.72,58177545,1911127945.0
2020-03-30,sh.600036,32.18,32.72,31.8,32.65,47749415,1541068106.0
2020-03-31,sh.600036,32.92,32.98,32.16,32.28,37754006,1228383288.0
2020-04-01,sh.600036,32.12,32.65,32.0,32.13,35814313,1157345796.0
2020-04-02,sh.600036,31.75,32.34,31.71,32.34,28960147,929189673.0
2020-04-03,sh.600036,32.0,32.32,31.99,32.15,25161829,808697603.0
2020-04-07,sh.600036,32.84,32.88,32.4,32.52,43184378,1406732994.0
2020-04-08,sh.600036,32.5,32.5,32.12,32.22,31813445,1024956344.0
2020-04-09,sh.600036,32.29,32.35,32.11,32.3,28664595,924260480.0
2020-04-10,sh.600036,32.41,32.56,31.91,32.1,43743153,1409435238.0
2020-04-13,sh.600036,31.92,32.2,31.82,31.93,23055549,737876564.0
2020-04-14,sh.600036,32.18,32.71,32.08,32.71,42707944,1386006869.0
2020-04-15,sh.600036,32.59,32.63,32.32,32.42,23783848,771129191.0
2020-04-16,sh.600036,32.2,32.41,31.96,32.1,29499982,947452268.0
2020-04-17,sh.600036,32.45,33.2,32.34,32.86,69795242,2293965391.0
2020-04-20,sh.600036,32.89,33.08,32.55,32.9,33602426,1104349255.0
2020-04-21,sh.600036,32.9,33.04,32.58,32.65,32871489,1077331035.0
2020-04-22,sh.600036,32.45,32.75,32.33,32.73,27943538,910099517.0
2020-04-23,sh.600036,32.82,32.96,32.65,32.69,24614551,807219190.0
2020-04-24,sh.600036,32.72,32.72,32.41,32.51,22259784,723766561.0
2020-04-27,sh.600036,32.75,33.98,32.72,33.58,65341471,2197523211.0
2020-04-28,sh.600036,33.6,33.9,33.3,33.86,36651091,1234430064.0
2020-04-29,sh.600036,33.9,35.1,33.89,35.02,65876588,2288732967.0
2020-04-30,sh.600036,35.15,36.05,35.05,35.09,71533247,2544804889.0
2020-05-06,sh.600036,34.53,34.78,34.18,34.63,50173590,1731704264.0
2020-05-07,sh.600036,34.6,34.62,34.05,34.45,29948465,1028793473.0
2020-05-08,sh.600036,34.77,35.18,34.55,34.97,39215460,1371649847.0
2020-05-11,sh.600036,34.98,35.48,34.88,34.96,29584829,1040649468.0
2020-05-12,sh.600036,34.99,35.04,34.44,34.59,34963382,1213003373.0
2020-05-13,sh.600036,34.4,34.68,34.1,34.54,27983494,961672947.0
2020-05-14,sh.600036,34.39,34.42,33.8,33.93,42063019,1430362916.0
2020-05-15,sh.600036,34.19,34.26,33.7,33.85,36192753,1226127432.0
2020-05-18,sh.600036,33.62,34.3,33.51,33.8,36370093,1233862748.0
2020-05-19,sh.600036,34.4,34.48,34.06,34.27,26430448,904985389.0
2020-05-20,sh.600036,34.27,35.03,34.1,34.68,38051757,1313430550.0
2020-05-21,sh.600036,34.91,35.18,34.66,34.73,36252721,1263004925.0
2020-05-22,sh.600036,34.49,34.69,33.61,33.63,42396439,1439086679.0
2020-05-25,sh.600036,33.92,33.94,32.9,33.09,43264917,1434823005.0
2020-05-26,sh.600036,33.3,33.49,33.09,33.43,32246077,1072932146.0
2020-05-27,sh.600036,33.57,33.98,33.24,33.43,32083331,1077247848.0
2020-05-28,sh.600036,33.58,34.7,33.43,34.22,69362331,2378620601.0
2020-05-29,sh.600036,33.86,34.13,33.7,33.82,37237481,1260905545.0
2020-06-01,sh.600036,34.15,34.97,34.1,34.82,48823746,1693982687.0
2020-06-02,sh.600036,34.55,35.26,34.54,35.04,49295713,1726597705.0
2020-06-03,sh.600036,35.45,36.0,35.02,35.22,61018691,2169754932.0
2020-06-04,sh.600036,35.5,35.55,35.07,35.15,25756086,909222198.0
2020-06-05,sh.600036,35.3,35.47,34.81,35.24,32717303,1146499654.0
2020-06-08,sh.600036,35.55,36.19,35.5,35.67,50180979,1796585383.0
2020-06-09,sh.600036,35.61,35.69,35.26,35.53,30093079,1067277929.0
2020-06-10,sh.600036,35.64,35.65,35.18,35.34,27273061,964770416.0
2020-06-11,sh.600036,35.21,35.32,34.31,34.47,58892745,2040709558.0
2020-06-12,sh.600036,33.99,34.5,33.7,34.5,54661576,1865053466.0
2020-06-15,sh.600036,34.04,34.18,33.46,33.57,65434347,2209023835.0
2020-06-16,sh.600036,34.0,34.18,33.81,34.14,38163105,1298977209.0
2020-06-17,sh.600036,34.0,34.31,33.83,34.2,30627774,1042779922.0
2020-06-18,sh.600036,33.88,34.06,33.02,33.89,92293933,3090987273.0
2020-06-19,sh.600036,33.8,34.34,33.6,33.86,67949603,2299545222.0
2020-06-22,sh.600036,33.66,33.85,33.33,33.5,59581469,1997593331.0
2020-06-23,sh.600036,33.3,33.54,33.11,33.35,45252939,1509296732.0
2020-06-24,sh.600036,33.52,33.96,33.51,33.9,47989117,1621575075.0
2020-06-29,sh.600036,34.17,34.3,33.49,33.64,56729748,1915098031.0
2020-06-30,sh.600036,33.85,33.96,33.64,33.72,39156798,1322157814.0
2020-07-01,sh.600036,33.79,34.8,33.61,34.79,79909645,2741317357.0
2020-07-02,sh.600036,34.65,35.47,34.3,35.3,124517798,4347489231.0
2020-07-03,sh.600036,35.4,36.76,35.35,36.74,153570417,5583630477.0
2020-07-06,sh.600036,37.18,40.41,37.18,40.41,187492888,7369658960.0
2020-07-07,sh.600036,41.8,43.3,40.5,41.06,201633829,8389893483.0
2020-07-08,sh.600036,40.9,41.87,39.97,40.5,182703889,7454256185.0
2020-07-09,sh.600036,40.51,40.62,39.53,39.91,169323629,6759559094.0
2020-07-10,sh.600036,38.71,39.0,37.05,37.25,152815945,5784778253.0
2020-07-13,sh.600036,37.01,38.0,36.67,37.3,163406373,6086294085.0
2020-07-14,sh.600036,37.07,37.42,36.23,36.51,131086591,4821059904.0
2020-07-15,sh.600036,36.99,37.02,35.7,35.86,134114248,4838521682.0
2020-07-16,sh.600036,36.05,36.58,35.59,35.6,142952326,5153628340.0
2020-07-17,sh.600036,35.87,36.2,35.31,36.08,116991781,4182751219.0
2020-07-20,sh.600036,36.1,37.45,35.85,37.27,159415734,5884589656.0
2020-07-21,sh.600036,37.27,37.44,36.52,36.84,83162093,3062989302.9
2020-07-22,sh.600036,36.78,37.1,36.26,36.44,99881181,3656733629.34
2020-07-23,sh.600036,36.18,36.41,35.25,35.6,119707588,4272039760.67
2020-07-24,sh.600036,35.5,35.8,34.13,34.6,130419436,4555965917.24
2020-07-27,sh.600036,34.94,34.97,34.01,34.25,89346903,3062209384.23
2020-07-28,sh.600036,34.66,34.88,34.21,34.58,78035052,2693238172.04
2020-07-29,sh.600036,34.5,35.35,34.23,35.07,96913071,3381773114.04
2020-07-30,sh.600036,35.05,35.17,34.48,34.56,79887927,2776830172.08
2020-07-31,sh.600036,34.6,35.35,34.49,34.8,98989455,3456763749.19
2020-08-03,sh.600036,35.2,35.39,34.78,35.0,102185800,3573570193.37
2020-08-04,sh.600036,35.14,37.15,35.0,36.68,235440404,8524612075.11
2020-08-05,sh.600036,36.4,36.66,35.81,36.3,106065970,3842397075.88
2020-08-06,sh.600036,36.43,37.33,36.34,37.02,125242884,4621511196.9
2020-08-07,sh.600036,36.88,36.88,36.2,36.61,89795414,3286449488.12
2020-08-10,sh.600036,36.7,37.41,35.89,37.0,122448139,4519789795.52
2020-08-11,sh.600036,37.15,38.8,37.15,37.54,173638283,6622998621.96
2020-08-12,sh.600036,37.78,38.26,37.03,37.79,93003691,3505241801.02
2020-08-13,sh.600036,37.85,38.17,37.32,37.33,64048694,2413002932.95
2020-08-14,sh.600036,37.33,38.08,37.26,38.0,67065745,2530430881.69
2020-08-17,sh.600036,38.06,39.53,38.06,39.05,148309043,5782809861.48
2020-08-18,sh.600036,39.0,39.16,38.53,38.85,57366054,2225879678.34
2020-08-19,sh.600036,38.84,39.08,38.35,38.35,56393694,2185921383.67
2020-08-20,sh.600036,38.21,38.23,37.13,37.52,73440819,2759025986.07
2020-08-21,sh.600036,38.0,38.01,37.46,37.77,56125442,2115951199.63
2020-08-24,sh.600036,38.08,38.31,37.37,37.5,62098893,2346712056.59
2020-08-25,sh.600036,37.8,38.2,37.42,37.58,54524608,2056714023.56
2020-08-26,sh.600036,37.7,37.89,37.01,37.23,62700022,2344833012.61
2020-08-27,sh.600036,37.23,37.29,36.41,36.9,57481502,2112135810.45
2020-08-28,sh.600036,36.85,38.45,36.6,38.45,118294177,4472784976.23
2020-08-31,sh.600036,38.5,39.0,37.55,37.69,119031365,4573760871.78
2020-09-01,sh.600036,37.46,37.7,37.01,37.42,71275936,2662847631.59
2020-09-02,sh.600036,37.49,37.58,36.8,37.2,79722127,2960833704.12
2020-09-03,sh.600036,37.12,37.43,36.76,36.98,64047956,2369898817.23
2020-09-04,sh.600036,36.63,36.89,36.35,36.8,48543721,1780424306.19
2020-09-07,sh.600036,36.8,37.58,36.69,36.79,61613878,2285992289.11
2020-09-08,sh.600036,37.18,37.62,37.02,37.59,68354491,2558811209.32
2020-09-09,sh.600036,37.27,37.95,37.16,37.6,60543334,2276406651.97
2020-09-10,sh.600036,37.88,37.91,37.37,37.7,55014607,2072364500.89
2020-09-11,sh.600036,37.87,37.88,37.02,37.24,55310513,2064258657.92
2020-09-14,sh.600036,37.4,37.58,37.07,37.35,46023997,1713839186.78
2020-09-15,sh.600036,37.26,38.09,37.23,37.9,53080495,2003397793.28
2020-09-16,sh.600036,37.96,38.3,37.78,38.06,47887482,1822671349.43
2020-09-17,sh.600036,38.1,38.47,37.85,37.87,55771354,2127941226.63
2020-09-18,sh.600036,37.85,38.99,37.8,38.99,108169240,4177287387.85
2020-09-21,sh.600036,39.0,39.13,38.6,38.6,50152092,1945258026.81
2020-09-22,sh.600036,38.5,38.6,37.74,37.88,58311689,2223417612.35
2020-09-23,sh.600036,37.82,38.05,37.4,37.5,43076028,1621415675.37
2020-09-24,sh.600036,37.35,37.35,36.9,37.06,54027975,2003636080.28
2020-09-25,sh.600036,37.1,37.4,37.08,37.18,35225153,1312142060.42
2020-09-28,sh.600036,37.2,37.65,37.05,37.25,35324476,1317478208.02
2020-09-29,sh.600036,37.35,37.45,36.27,36.31,79668910,2920847323.23
2020-09-30,sh.600036,36.3,36.57,35.8,36.0,65466059,2365489193.11
2020-10-09,sh.600036,36.4,36.8,36.13,36.18,49472433,1799276677.99
2020-10-12,sh.600036,36.4,37.65,36.3,37.56,99864635,3712613342.06
2020-10-13,sh.600036,37.48,38.01,37.13,37.79,51141560,1928053923.51
2020-10-14,sh.600036,37.8,38.1,37.39,38.05,64294015,2431581141.39
2020-10-15,sh.600036,38.14,39.23,38.05,39.01,119665720,4656771634.96
2020-10-16,sh.600036,38.91,40.2,38.88,39.78,110589580,4401811725.08
2020-10-19,sh.600036,40.29,41.55,39.89,39.99,98154659,3988837839.6
2020-10-20,sh.600036,40.0,40.31,39.7,39.97,42436836,1697045434.23
2020-10-21,sh.600036,40.06,40.87,39.99,40.8,54185565,2193121567.17
2020-10-22,sh.600036,41.0,42.0,40.33,41.19,64497499,2649384824.21
2020-10-23,sh.600036,40.91,42.1,40.86,41.22,55183362,2298420661.2
2020-10-26,sh.600036,41.66,41.66,40.08,40.62,50454000,2050594686.47
2020-10-27,sh.600036,40.62,41.25,40.33,40.45,45883207,1867751092.93
2020-10-28,sh.600036,40.63,41.08,39.61,40.1,69355712,2787606058.2
2020-10-29,sh.600036,39.75,40.86,39.67,40.19,52307034,2105440051.71
2020-10-30,sh.600036,40.5,41.15,39.58,39.81,43842279,1766506296.45
2020-11-02,sh.600036,40.49,40.7,39.18,40.25,51692798,2067738931.02
2020-11-03,sh.600036,40.7,42.1,40.7,41.24,87069016,3626910912.85
2020-11-04,sh.600036,42.12,43.09,41.38,42.93,88450085,3754732975.05
2020-11-05,sh.600036,43.1,43.71,42.38,42.79,68048685,2918967527.9
2020-11-06,sh.600036,42.8,42.85,42.09,42.48,46364547,1969073125.59
2020-11-09,sh.600036,42.99,43.47,42.6,43.03,49714162,2138628747.04
2020-11-10,sh.600036,43.77,44.38,43.4,43.72,56207925,2461059111.55
2020-11-11,sh.600036,44.0,44.35,43.51,44.35,52696972,2322161017.84
2020-11-12,sh.600036,44.0,44.44,43.35,43.58,47159435,2059661759.32
2020-11-13,sh.600036,43.2,43.2,41.81,42.58,54486290,2309702716.7
2020-11-16,sh.600036,42.95,43.1,42.65,43.0,38943199,1669941864.61
2020-11-17,sh.600036,43.0,44.0,42.8,43.84,47285620,2065231454.24
2020-11-18,sh.600036,43.6,45.0,43.41,44.75,62820215,2797752551.81
2020-11-19,sh.600036,44.53,45.0,43.99,44.87,47734174,2128954043.86
2020-11-20,sh.600036,44.76,45.3,44.51,45.05,31468757,1414292247.9
2020-11-23,sh.600036,45.05,45.58,44.82,45.4,58462113,2647101183.69
2020-11-24,sh.600036,45.0,45.3,44.53,44.87,39946734,1793220436.82
2020-11-25,sh.600036,45.52,45.57,44.17,44.43,37807249,1694470962.72
2020-11-26,sh.600036,44.47,45.38,44.47,45.09,35153429,1584282515.51
2020-11-27,sh.600036,45.4,45.97,44.7,45.85,44607770,2024963455.32
2020-11-30,sh.600036,45.85,47.77,44.03,44.2,115360181,5291989606.35
2020-12-01,sh.600036,44.4,46.55,44.39,46.2,78072787,3559778622.05
2020-12-02,sh.600036,46.0,47.03,45.26,46.8,61994358,2864114257.3
2020-12-03,sh.600036,46.75,47.1,45.5,46.49,50237589,2317794756.07
2020-12-04,sh.600036,46.47,46.6,45.11,45.78,46115543,2099378091.4
2020-12-07,sh.600036,45.7,45.75,44.1,44.42,70482524,3138039091.11
2020-12-08,sh.600036,44.39,44.76,44.0,44.26,37716735,1671238316.49
2020-12-09,sh.600036,44.37,44.93,44.22,44.24,37519456,1672113664.38
2020-12-10,sh.600036,44.04,44.63,43.8,44.28,36887355,1630166599.11
2020-12-11,sh.600036,44.25,44.27,42.68,42.68,77143525,3347336214.39
2020-12-14,sh.600036,43.32,44.66,43.32,44.37,60742701,2686115498.79
2020-12-15,sh.600036,44.45,44.94,43.44,44.35,43879226,1936658508.63
2020-12-16,sh.600036,44.79,44.85,43.88,44.06,36790200,1628021246.66
2020-12-17,sh.600036,43.9,44.17,43.35,44.05,50232903,2199570321.05
2020-12-18,sh.600036,44.09,44.39,42.8,43.1,76059993,3296589099.25
2020-12-21,sh.600036,43.04,43.15,42.31,42.89,62385090,2674269716.14
2020-12-22,sh.600036,42.99,43.0,41.87,41.91,78468607,3320101849.21
2020-12-23,sh.600036,41.71,42.41,41.71,42.32,71181993,3004166814.74
2020-12-24,sh.600036,42.35,43.1,42.32,42.57,48211014,2055723701.0
2020-12-25,sh.600036,42.55,42.9,41.98,42.72,47673197,2023487303.92
2020-12-28,sh.600036,42.75,43.32,42.23,43.04,84140901,3600599045.9
2020-12-29,sh.600036,43.26,43.29,42.65,42.83,72714756,3118082060.06
2020-12-30,sh.600036,42.87,43.05,41.9,43.05,93349643,3963394420.18
2020-12-31,sh.600036,43.05,44.35,42.85,43.95,89119921,3909432878.21
2021-01-04,sh.600036,43.23,43.78,42.02,43.17,154952285,6608868849.19
2021-01-05,sh.600036,42.76,42.8,41.44,42.18,138717699,5809639049.29
2021-01-06,sh.600036,42.1,44.2,42.0,44.15,120064563,5188622736.69
2021-01-07,sh.600036,44.29,45.97,44.26,45.9,107832187,4869741128.36
2021-01-08,sh.600036,46.29,47.02,45.81,46.6,129959481,6021482984.77
2021-01-11,sh.600036,46.58,49.17,46.49,48.42,144523356,6992740145.83
2021-01-12,sh.600036,48.55,50.05,47.56,49.7,104448591,5103986008.52
2021-01-13,sh.600036,49.31,49.98,48.88,49.4,64910979,3207741652.95
2021-01-14,sh.600036,49.4,50.08,48.56,49.05,70377099,3467710707.59
2021-01-15,sh.600036,50.5,53.89,50.48,51.14,177574522,9232542839.03
2021-01-18,sh.600036,51.5,53.08,51.2,51.92,123764160,6463924980.35
2021-01-19,sh.600036,52.3,53.23,51.49,51.85,90188002,4710719576.19
2021-01-20,sh.600036,52.1,53.12,50.99,51.72,79228118,4123860428.39
2021-01-21,sh.600036,52.97,53.5,52.15,52.64,73671459,3886756921.71
2021-01-22,sh.600036,52.85,52.85,51.0,51.64,87000132,4492606303.4
2021-01-25,sh.600036,51.1,52.46,50.1,52.11,86536206,4438842569.79
2021-01-26,sh.600036,52.0,53.1,51.0,51.4,60117533,3126374838.22
2021-01-27,sh.600036,51.61,52.9,51.61,52.0,60923156,3187049335.87
2021-01-28,sh.600036,51.0,51.75,50.8,51.61,52386951,2684963891.48
2021-01-29,sh.600036,52.18,52.46,50.81,51.1,62148914,3211002062.44
2021-02-01,sh.600036,51.0,52.78,50.48,52.4,79662587,4125446255.77
2021-02-02,sh.600036,52.35,52.8,51.6,51.97,72030553,3752480882.85
2021-02-03,sh.600036,52.07,54.0,51.49,53.05,76587606,4045314776.47
2021-02-04,sh.600036,52.87,55.2,52.61,53.5,96910977,5229905916.99
2021-02-05,sh.600036,54.06,55.94,53.7,54.74,115157754,6315430524.53
2021-02-08,sh.600036,55.19,55.6,53.69,55.26,81637776,4479792761.93
2021-02-09,sh.600036,55.38,55.38,54.25,55.26,61900527,3393598043.21
2021-02-10,sh.600036,56.3,56.4,53.95,54.55,75350767,4135201064.23
2021-02-18,sh.600036,55.65,57.6,55.19,55.69,107091322,6013345250.39
2021-02-19,sh.600036,55.65,56.71,54.88,55.2,71018164,3948306737.47
2021-02-22,sh.600036,55.27,55.74,53.36,54.2,80151145,4368565093.7
2021-02-23,sh.600036,54.29,56.73,54.2,55.55,95299102,5306140313.18
2021-02-24,sh.600036,55.85,55.85,52.85,53.6,84432226,4578242270.19
2021-02-25,sh.600036,54.5,55.5,53.91,54.45,88618727,4843039320.16
2021-02-26,sh.600036,53.6,54.45,50.86,51.1,132728876,6911104093.98
2021-03-01,sh.600036,51.11,51.3,50.03,50.39,89418363,4510517393.7
2021-03-02,sh.600036,50.86,50.9,49.01,49.55,100778621,5025206693.58
2021-03-03,sh.600036,50.0,52.98,49.6,52.77,131593315,6834019524.33
2021-03-04,sh.600036,52.19,53.88,52.0,52.4,83303904,4396029828.89
2021-03-05,sh.600036,51.9,52.39,50.11,51.4,73519585,3762062419.01
2021-03-08,sh.600036,51.59,51.98,49.7,49.93,69813759,3534603526.15
2021-03-09,sh.600036,50.02,50.98,48.18,48.5,98322245,4876616395.9
2021-03-10,sh.600036,49.01,50.0,48.55,49.25,67590993,3327792627.8
2021-03-11,sh.600036,50.0,52.25,50.0,51.97,90421033,4672612625.84
2021-03-12,sh.600036,52.35,53.39,52.13,53.32,85580753,4537887852.33
2021-03-15,sh.600036,52.98,54.79,52.64,53.11,93931916,5037471574.8
2021-03-16,sh.600036,53.9,55.25,53.5,54.32,69716276,3799354094.09
2021-03-17,sh.600036,53.95,54.32,53.3,53.4,53231461,2856041088.5
2021-03-18,sh.600036,53.3,54.3,52.9,54.24,48279311,2590798830.48
2021-03-19,sh.600036,54.02,54.46,51.54,51.76,77628361,4073645279.55
2021-03-22,sh.600036,52.2,54.72,52.1,53.78,79169531,4252611118.83
2021-03-23,sh.600036,53.89,54.45,52.82,53.48,59592261,3187582327.92
2021-03-24,sh.600036,53.96,54.0,51.62,52.2,57501314,3013081501.63
2021-03-25,sh.600036,52.66,52.89,50.56,51.01,78453830,4014068058.79
2021-03-26,sh.600036,51.45,51.82,50.73,51.6,70947525,3643743954.62
2021-03-29,sh.600036,51.7,51.8,50.55,50.94,77980362,3969007334.21
2021-03-30,sh.600036,51.1,51.56,50.43,51.56,56940202,2902290111.65
2021-03-31,sh.600036,51.5,51.5,50.14,51.1,52164954,2652348781.04
2021-04-01,sh.600036,51.09,51.28,50.7,51.05,33719469,1718217148.05
2021-04-02,sh.600036,51.18,51.25,50.65,50.95,41153422,2093013199.35
2021-04-06,sh.600036,51.1,51.83,50.8,50.99,44400201,2275875717.73
2021-04-07,sh.600036,51.15,51.15,50.02,50.43,50061023,2520490065.9
2021-04-08,sh.600036,50.2,50.63,50.05,50.5,29501067,1486758654.79
2021-04-09,sh.600036,50.72,50.72,49.86,50.25,31506834,1578603908.87
2021-04-12,sh.600036,50.29,50.65,49.69,50.46,41474239,2082171992.3
2021-04-13,sh.600036,50.5,51.2,49.94,50.32,49039895,2476556209.99
2021-04-14,sh.600036,50.58,50.6,49.28,49.7,55438353,2758186624.94
2021-04-15,sh.600036,49.72,49.98,48.28,49.44,57296514,2810517786.96
2021-04-16,sh.600036,49.72,49.85,49.09,49.74,31558344,1563464005.15
2021-04-19,sh.600036,49.9,51.78,49.5,51.77,67932061,3476651826.84
2021-04-20,sh.600036,51.01,52.19,51.01,51.99,35574407,1842179459.62
2021-04-21,sh.600036,52.06,53.19,52.03,52.89,52446360,2758929437.29
2021-04-22,sh.600036,52.89,53.3,52.17,52.61,42927078,2255144619.57
2021-04-23,sh.600036,52.7,53.5,52.31,53.3,47104918,2495321514.57
2021-04-26,sh.600036,54.0,54.5,51.7,52.07,91625741,4814829661.27
2021-04-27,sh.600036,51.95,52.43,51.58,52.07,36329922,1890139552.87
2021-04-28,sh.600036,52.2,52.38,51.48,51.76,38985543,2019590446.85
2021-04-29,sh.600036,52.0,53.35,51.29,53.28,55274544,2913105773.44
2021-04-30,sh.600036,52.8,53.18,51.81,52.7,45068841,2370742203.65
2021-05-06,sh.600036,52.7,54.38,52.48,53.67,63835290,3432136281.26
2021-05-07,sh.600036,53.88,55.2,53.31,54.18,72368376,3943891331.51
2021-05-10,sh.600036,54.2,54.25,53.01,53.9,49224048,2630309848.99
2021-05-11,sh.600036,53.45,54.15,53.28,53.84,32853312,1767435334.24
2021-05-12,sh.600036,53.85,54.65,53.07,53.69,31749677,1708649721.59
2021-05-13,sh.600036,53.49,54.45,52.84,53.2,39120553,2085332074.61
2021-05-14,sh.600036,53.49,55.0,52.8,54.98,57881421,3127193936.72
2021-05-17,sh.600036,55.0,56.49,54.65,55.65,52668425,2933378115.35
2021-05-18,sh.600036,55.98,56.39,55.7,55.95,29335118,1642178929.7
2021-05-19,sh.600036,56.0,56.08,54.51,54.8,35729344,1966656369.28
2021-05-20,sh.600036,55.1,55.52,54.32,55.47,34210477,1881019546.06
2021-05-21,sh.600036,55.87,55.9,53.8,54.11,51486455,2800730344.2
2021-05-24,sh.600036,54.2,54.7,53.77,54.08,44539914,2409885275.56
2021-05-25,sh.600036,54.19,57.62,53.93,57.55,96850204,5452025417.56
2021-05-26,sh.600036,57.65,58.56,57.61,58.5,61306169,3565788679.07
2021-05-27,sh.600036,58.0,58.78,56.81,57.95,51903739,2995138181.65
2021-05-28,sh.600036,58.0,58.85,57.61,58.5,41014056,2386900497.69
2021-05-31,sh.600036,58.21,58.36,57.0,58.19,36165671,2089054161.56
2021-06-01,sh.600036,57.7,57.76,56.9,57.36,47426844,2713828451.09
2021-06-02,sh.600036,57.25,57.69,56.88,57.58,40582027,2323829263.19
2021-06-03,sh.600036,57.5,58.33,56.19,56.28,49067257,2798317525.0
2021-06-04,sh.600036,56.05,58.92,56.02,57.53,60832907,3504830228.26
2021-06-07,sh.600036,57.21,57.25,56.5,57.0,32489742,1847968868.56
2021-06-08,sh.600036,56.95,57.94,56.01,56.7,47616623,2700887195.06
2021-06-09,sh.600036,56.7,57.36,56.28,56.47,39140950,2220254280.97
2021-06-10,sh.600036,56.49,57.46,56.26,56.35,48113526,2730021835.56
2021-06-11,sh.600036,56.41,56.75,55.08,56.33,68208900,3798816012.27
2021-06-15,sh.600036,55.83,55.83,54.12,54.8,52924052,2899483733.55
2021-06-16,sh.600036,54.8,56.36,54.5,55.6,51877228,2879681826.43
2021-06-17,sh.600036,55.52,56.0,54.86,55.12,31901934,1765863525.84
2021-06-18,sh.600036,54.75,55.7,54.07,54.69,42711681,2337303192.86
2021-06-21,sh.600036,54.3,54.79,53.12,53.69,57971550,3119639561.87
2021-06-22,sh.600036,53.86,55.58,53.86,55.46,64359218,3544466664.06
2021-06-23,sh.600036,55.38,55.47,54.48,54.82,40871965,2243392896.61
2021-06-24,sh.600036,54.82,55.1,54.13,55.0,36360389,1988184927.27
2021-06-25,sh.600036,55.0,56.55,54.78,56.4,46955964,2631903464.95
2021-06-28,sh.600036,56.2,56.29,54.03,54.7,69882474,3825857050.05
2021-06-29,sh.600036,54.2,54.85,53.7,53.8,53244931,2878196932.45
2021-06-30,sh.600036,53.9,54.44,53.86,54.19,35730350,1935227658.66
2021-07-01,sh.600036,54.21,56.0,53.8,56.0,65298735,3585284668.51
2021-07-02,sh.600036,55.0,55.2,52.7,53.05,92981851,4969147604.52
2021-07-05,sh.600036,52.94,53.09,51.5,52.94,56860927,2979267517.83
2021-07-06,sh.600036,53.0,53.54,52.41,53.54,45250713,2401387630.4
2021-07-07,sh.600036,53.3,53.91,53.01,53.43,36597833,1956147233.32
2021-07-08,sh.600036,53.76,53.76,50.0,50.35,155418868,7890344986.34
2021-07-09,sh.600036,50.35,50.91,49.51,49.9,82701878,4141886765.26
2021-07-12,sh.600036,50.6,51.14,49.8,50.4,83956374,4227182159.96
2021-07-13,sh.600036,49.5,50.8,48.71,49.97,59445017,2969602397.66
2021-07-14,sh.600036,49.8,49.88,47.92,48.95,88551424,4295785382.53
2021-07-15,sh.600036,49.0,51.46,48.97,51.05,87727298,4426680806.23
2021-07-16,sh.600036,50.76,51.6,50.42,51.0,46210377,2357681005.27
2021-07-19,sh.600036,51.0,51.2,49.41,50.83,46963076,2357941867.66
2021-07-20,sh.600036,50.45,51.49,49.61,49.91,44688930,2245908474.88
2021-07-21,sh.600036,50.02,50.57,49.25,49.7,50631917,2512788211.98
2021-07-22,sh.600036,49.69,51.1,49.38,50.25,59235589,2987211474.27
2021-07-23,sh.600036,50.33,50.65,49.5,50.05,42035280,2101810738.42
2021-07-26,sh.600036,49.62,49.65,47.55,47.7,74992971,3616845775.12
2021-07-27,sh.600036,47.65,47.93,45.8,46.17,74949518,3512047044.7
2021-07-28,sh.600036,46.31,48.34,46.31,47.47,84730981,4027574990.96
2021-07-29,sh.600036,48.2,48.3,47.5,47.95,64274521,3083677743.91
2021-07-30,sh.600036,47.75,47.8,46.11,46.5,59195897,2760620844.0
2021-08-02,sh.600036,46.8,48.22,45.21,47.71,83614684,3925085945.11
2021-08-03,sh.600036,47.6,48.1,46.95,47.59,51875828,2456399175.6
2021-08-04,sh.600036,47.58,47.95,46.8,47.0,51149988,2410938955.95
2021-08-05,sh.600036,46.68,47.3,46.09,46.75,44230311,2070051630.48
2021-08-06,sh.600036,46.47,47.8,46.1,47.59,50755757,2392067816.54
2021-08-09,sh.600036,47.58,50.0,47.58,49.06,73043020,3599567199.82
2021-08-10,sh.600036,49.08,50.53,48.56,50.21,66357548,3291349065.83
2021-08-11,sh.600036,50.21,51.77,50.0,50.9,56855459,2905233228.26
2021-08-12,sh.600036,50.7,51.5,50.41,50.68,39718245,2021030378.75
2021-08-13,sh.600036,50.71,51.35,50.31,51.18,46740470,2379825404.38
2021-08-16,sh.600036,51.2,51.24,49.5,50.87,74413969,3770118257.53
2021-08-17,sh.600036,50.87,51.4,49.52,49.62,60323196,3044300923.44
2021-08-18,sh.600036,49.99,53.57,49.92,53.14,123124236,6434458384.51
2021-08-19,sh.600036,52.8,53.1,51.36,51.58,67630059,3515991219.1
2021-08-20,sh.600036,51.74,52.57,49.9,51.03,69376473,3537372069.12
2021-08-23,sh.600036,51.48,52.87,51.21,51.89,53901721,2806624179.96
2021-08-24,sh.600036,52.02,52.85,51.01,52.2,52827690,2748379141.22
2021-08-25,sh.600036,52.58,52.71,51.21,51.43,40738077,2107816696.0
2021-08-26,sh.600036,51.93,51.93,49.48,49.6,76303507,3825334082.46
2021-08-27,sh.600036,49.7,50.82,49.5,50.35,38614176,1942863648.75
2021-08-30,sh.600036,50.35,50.35,47.61,48.45,107968202,5224229634.98
2021-08-31,sh.600036,48.45,49.45,47.85,48.96,71044024,3451030103.28
2021-09-01,sh.600036,48.88,50.95,48.6,50.79,82605536,4129767782.03
2021-09-02,sh.600036,50.69,51.88,50.3,51.6,72620098,3729206236.52
2021-09-03,sh.600036,51.7,52.33,50.41,52.0,64257332,3321589086.49
2021-09-06,sh.600036,51.51,52.75,51.18,51.2,54742847,2830673161.15
2021-09-07,sh.600036,51.29,53.08,50.45,52.81,77232009,4026086396.43
2021-09-08,sh.600036,52.72,53.55,52.26,52.41,55390668,2921088034.66
2021-09-09,sh.600036,52.1,52.68,51.68,52.1,35780025,1863278532.35
2021-09-10,sh.600036,52.0,54.52,51.75,54.12,107097799,5766878118.72
2021-09-13,sh.600036,53.67,54.5,53.5,53.92,59283043,3202583506.79
2021-09-14,sh.600036,54.3,54.89,51.8,52.1,63116569,3336827188.46
2021-09-15,sh.600036,52.0,52.49,50.8,51.4,54233793,2799380277.63
2021-09-16,sh.600036,51.23,51.83,50.21,50.7,62989614,3193865170.47
2021-09-17,sh.600036,50.78,51.54,50.5,51.25,42016472,2143690280.77
2021-09-22,sh.600036,48.68,49.98,48.1,49.41,112259622,5492053805.43
2021-09-23,sh.600036,49.5,50.53,48.61,48.84,86102453,4246316974.08
2021-09-24,sh.600036,48.45,49.33,48.4,48.77,53203933,2596408378.29
2021-09-27,sh.600036,48.29,49.8,48.21,49.09,66790515,3265832147.48
2021-09-28,sh.600036,49.1,50.98,49.09,50.42,70992547,3562616328.77
2021-09-29,sh.600036,49.95,52.17,49.61,51.56,90460986,4619317489.85
2021-09-30,sh.600036,51.4,51.43,50.1,50.45,58611808,2960621630.81
2021-10-08,sh.600036,50.02,51.08,50.02,50.93,64555292,3266919266.94
2021-10-11,sh.600036,51.44,54.18,51.44,53.0,97177865,5171368866.2
2021-10-12,sh.600036,52.7,53.79,52.3,53.09,58937329,3129716164.81
2021-10-13,sh.600036,52.95,53.4,52.05,53.03,44255673,2335530448.21
2021-10-14,sh.600036,52.99,53.25,52.2,52.36,28899621,1518009833.55
2021-10-15,sh.600036,52.45,53.44,52.35,53.31,42035759,2230147908.23
2021-10-18,sh.600036,53.31,53.35,51.55,51.86,57794539,3008070372.0
2021-10-19,sh.600036,52.25,53.32,52.0,52.88,48169257,2545615998.26
2021-10-20,sh.600036,53.21,53.64,52.28,52.4,30570959,1612336023.69
2021-10-21,sh.600036,52.85,54.0,52.6,53.75,57658698,3084324264.89
2021-10-22,sh.600036,54.09,54.8,53.73,54.29,54715058,2967094160.31
2021-10-25,sh.600036,53.83,54.93,53.1,54.59,62334126,3376970796.13
2021-10-26,sh.600036,54.59,56.23,54.3,55.3,71542369,3961794950.11
2021-10-27,sh.600036,55.2,55.2,53.83,54.52,42039441,2287323386.49
2021-10-28,sh.600036,54.3,55.0,53.85,54.22,34623228,1883008798.81
2021-10-29,sh.600036,54.22,54.75,53.7,53.97,40543943,2197661116.93
2021-11-01,sh.600036,54.0,54.9,53.3,54.12,42501781,2300857412.92
2021-11-02,sh.600036,54.35,54.49,51.67,52.25,75220649,3957181526.77
2021-11-03,sh.600036,52.35,52.49,51.67,51.7,44437241,2312474223.18
2021-11-04,sh.600036,52.0,52.1,51.28,51.75,48291475,2492815499.25
2021-11-05,sh.600036,51.72,52.11,51.42,51.56,36197416,1871325316.93
2021-11-08,sh.600036,51.32,51.9,50.8,51.3,38674906,1984383358.47
2021-11-09,sh.600036,51.4,51.7,50.6,51.06,38788364,1979827705.25
2021-11-10,sh.600036,51.06,51.15,50.04,50.63,55807106,2812533071.67
2021-11-11,sh.600036,50.55,52.87,50.46,52.82,84973170,4430680096.92
2021-11-12,sh.600036,52.82,53.18,52.25,52.4,34359656,1807134405.03
2021-11-15,sh.600036,52.79,53.61,52.37,52.93,36695032,1941710247.13
2021-11-16,sh.600036,52.9,53.38,52.16,52.5,32231509,1699581536.82
2021-11-17,sh.600036,52.22,52.83,51.81,51.84,33938551,1768981457.87
2021-11-18,sh.600036,51.8,52.0,51.0,51.41,34244267,1762554163.74
2021-11-19,sh.600036,51.48,52.74,51.11,52.33,46466797,2419758610.86
2021-11-22,sh.600036,52.1,52.34,51.59,51.69,37653834,1952025765.33
2021-11-23,sh.600036,51.75,52.3,51.44,51.75,38914891,2014132978.25
2021-11-24,sh.600036,51.59,51.9,51.17,51.74,31503965,1622099211.22
2021-11-25,sh.600036,51.7,51.7,51.24,51.42,21566020,1107928517.36
2021-11-26,sh.600036,51.2,51.45,49.88,50.1,82335731,4141774917.39
2021-11-29,sh.600036,49.78,50.1,48.82,49.82,82724704,4081227200.92
2021-11-30,sh.600036,49.48,49.85,48.91,49.49,61004256,3008854121.92
2021-12-01,sh.600036,49.48,50.2,49.28,49.99,50036103,2498326167.32
2021-12-02,sh.600036,50.01,51.0,49.49,50.89,55607048,2814606846.13
2021-12-03,sh.600036,51.07,51.28,50.47,51.25,49407647,2518566498.84
2021-12-06,sh.600036,51.49,52.4,51.33,51.82,60471643,3140183372.9
2021-12-07,sh.600036,52.29,52.58,51.1,51.84,54077371,2797815011.72
2021-12-08,sh.600036,51.98,52.28,51.4,52.04,49097472,2543266829.44
2021-12-09,sh.600036,52.25,53.84,51.8,53.13,84055721,4454333954.73
2021-12-10,sh.600036,52.9,53.49,52.68,53.49,56426281,2996780162.02
2021-12-13,sh.600036,53.56,54.2,52.41,52.42,64554566,3432179788.93
2021-12-14,sh.600036,52.32,52.5,50.85,51.15,81062947,4165403557.94
2021-12-15,sh.600036,51.0,51.34,50.78,51.0,37849327,1929195598.95
2021-12-16,sh.600036,50.91,51.3,50.61,51.2,38365339,1957514898.96
2021-12-17,sh.600036,51.09,51.4,50.66,50.77,47644905,2422698276.27
2021-12-20,sh.600036,50.7,51.3,50.39,50.69,47082627,2394420816.04
2021-12-21,sh.600036,50.65,50.99,50.3,50.63,35694442,1808288477.4
2021-12-22,sh.600036,50.63,50.75,49.88,50.01,43682819,2189842100.36
2021-12-23,sh.600036,50.11,50.26,49.68,50.22,42370871,2115301002.21
2021-12-24,sh.600036,50.22,50.22,49.84,49.86,34465068,1721265879.43
2021-12-27,sh.600036,49.87,50.06,49.0,49.33,73594333,3634240465.21
2021-12-28,sh.600036,49.33,49.8,49.2,49.63,65322073,3237655242.84
2021-12-29,sh.600036,49.67,49.72,47.61,47.62,143890268,6964711566.33
2021-12-30,sh.600036,47.89,48.78,47.66,48.5,96791651,4682207989.07
2021-12-31,sh.600036,48.54,48.88,48.33,48.71,49293501,2399746928.72
2022-01-04,sh.600036,48.71,48.71,47.51,48.35,71960645,3452352170.24
2022-01-05,sh.600036,48.49,49.68,48.4,49.05,83717375,4114524304.04
2022-01-06,sh.600036,48.82,49.39,48.1,48.15,68186664,3299825727.22
2022-01-07,sh.600036,48.14,49.14,48.04,49.05,66073705,3219523408.44
2022-01-10,sh.600036,49.47,50.0,48.91,49.23,57093634,2818145070.56
2022-01-11,sh.600036,49.49,50.1,48.89,49.85,71561748,3558651499.06
2022-01-12,sh.600036,49.87,50.1,49.19,49.76,51841118,2574764176.77
2022-01-13,sh.600036,49.85,50.05,49.12,49.34,40140754,1989903366.77
2022-01-14,sh.600036,49.47,49.47,48.0,48.02,66657098,3218203399.98
2022-01-17,sh.600036,48.37,48.85,47.89,48.58,53180761,2574842949.5
2022-01-18,sh.600036,48.65,49.34,48.28,49.01,57907708,2835126314.76
2022-01-19,sh.600036,49.47,49.98,49.11,49.7,62028026,3078947654.76
2022-01-20,sh.600036,49.88,51.89,49.88,51.37,138624871,7089347715.93
2022-01-21,sh.600036,51.39,52.0,51.21,51.82,85808094,4439219180.68
2022-01-24,sh.600036,51.95,52.0,51.03,51.85,63815520,3288272323.54
2022-01-25,sh.600036,51.55,51.79,50.7,50.9,58351289,2987207429.53
2022-01-26,sh.600036,51.25,51.49,50.6,51.0,43669628,2226767107.49
2022-01-27,sh.600036,50.9,51.18,50.12,50.77,52940057,2687973690.65
2022-01-28,sh.600036,51.05,51.2,49.15,49.21,71514411,3576839774.29
2022-02-07,sh.600036,50.3,51.5,50.13,51.35,73234913,3741572656.01
2022-02-08,sh.600036,51.55,52.0,50.99,51.71,52824176,2724121498.84
2022-02-09,sh.600036,51.9,52.34,51.28,51.62,51220706,2651984748.63
2022-02-10,sh.600036,51.9,51.9,51.0,51.71,33554247,1725040528.57
2022-02-11,sh.600036,51.82,53.0,51.65,52.76,80993265,4267478081.74
2022-02-14,sh.600036,52.99,52.99,51.0,51.2,59405166,3060509962.19
2022-02-15,sh.600036,50.95,51.38,49.95,50.22,56617903,2851170328.85
2022-02-16,sh.600036,50.56,51.36,50.23,51.07,40495579,2065162805.67
2022-02-17,sh.600036,51.27,51.98,50.92,51.46,44157043,2281127847.12
2022-02-18,sh.600036,51.25,52.11,51.25,52.06,35439010,1837821805.61
2022-02-21,sh.600036,51.83,51.89,51.01,51.76,31345076,1610843079.61
2022-02-22,sh.600036,51.08,51.35,50.74,51.22,36983993,1887326606.67
2022-02-23,sh.600036,51.46,51.46,50.65,50.83,37499974,1905978106.2
2022-02-24,sh.600036,50.55,50.58,49.85,50.02,48238083,2418202038.96
2022-02-25,sh.600036,50.04,50.5,49.55,49.81,45184050,2256854494.13
2022-02-28,sh.600036,49.59,49.94,49.31,49.8,33528964,1662895008.0
2022-03-01,sh.600036,50.0,50.5,49.36,50.24,40645436,2027737712.0
2022-03-02,sh.600036,49.8,50.23,49.44,49.47,39707598,1972076240.0
2022-03-03,sh.600036,49.58,49.97,49.45,49.73,31128967,1546031520.0
2022-03-04,sh.600036,49.25,49.39,48.5,48.7,57789720,2818733872.0
2022-03-07,sh.600036,48.01,48.26,46.5,46.76,101435369,4773665792.0
2022-03-08,sh.600036,46.56,46.77,45.2,45.48,83466464,3842685600.0
2022-03-09,sh.600036,45.6,45.73,43.01,44.39,90043112,4012104656.0
2022-03-10,sh.600036,45.6,45.7,44.63,44.7,67149583,3031093296.0
2022-03-11,sh.600036,44.5,44.79,43.1,44.45,74052488,3252533328.0
2022-03-14,sh.600036,43.5,43.98,42.1,42.15,108046557,4627178752.0
2022-03-15,sh.600036,41.61,41.61,39.18,39.45,131309249,5293255424.0
2022-03-16,sh.600036,40.06,42.8,39.91,42.58,137744932,5685452800.0
2022-03-17,sh.600036,44.15,45.17,43.67,44.51,131964759,5873750272.0
2022-03-18,sh.600036,44.6,46.17,44.02,46.17,92358531,4173209905.15
2022-03-21,sh.600036,45.89,45.89,44.6,44.81,79103220,3566893331.5
2022-03-22,sh.600036,45.04,45.86,44.82,45.53,54903830,2497185116.64
2022-03-23,sh.600036,45.69,45.97,45.3,45.76,46995984,2148515086.25
2022-03-24,sh.600036,45.6,46.09,45.36,45.77,38033234,1742027092.47
2022-03-25,sh.600036,45.71,45.95,45.0,45.18,31825936,1445681950.99
2022-03-28,sh.600036,44.84,45.5,44.25,45.05,38645874,1736237600.82
2022-03-29,sh.600036,45.15,45.55,44.91,45.01,34962089,1580213154.04
2022-03-30,sh.600036,45.36,46.3,45.35,46.23,52072269,2389901320.41
2022-03-31,sh.600036,45.99,47.12,45.82,46.8,61588490,2878948596.53
2022-04-01,sh.600036,46.49,47.47,46.28,47.1,47613944,2233625273.22
2022-04-06,sh.600036,46.4,47.73,46.38,47.39,47826855,2260412706.38
2022-04-07,sh.600036,47.35,47.59,46.58,46.86,37720107,1776370371.3
2022-04-08,sh.600036,46.7,47.18,46.6,47.18,36423474,1711753064.46
2022-04-11,sh.600036,46.71,46.87,45.59,45.9,49261173,2263984280.74
2022-04-12,sh.600036,46.2,46.46,45.11,45.7,58884049,2691571029.96
2022-04-13,sh.600036,45.7,46.1,45.31,45.75,44822252,2054724467.71
2022-04-14,sh.600036,46.01,46.43,45.75,45.76,32661329,1503135688.91
2022-04-15,sh.600036,45.7,47.0,45.49,46.83,42315903,1962144156.6
2022-04-18,sh.600036,45.96,45.96,42.78,43.39,236677506,10320718085.43
2022-04-19,sh.600036,42.0,42.75,41.4,42.1,250477022,10505571111.1
2022-04-20,sh.600036,41.8,41.98,40.9,41.1,131826851,5440590528.27
2022-04-21,sh.600036,40.7,42.1,40.6,41.28,114350098,4747988004.46
2022-04-22,sh.600036,40.66,42.97,40.65,42.5,119533984,5041291328.19
2022-04-25,sh.600036,40.38,40.95,38.72,38.83,236874515,9367538010.05
2022-04-26,sh.600036,38.86,39.16,37.6,38.41,145471877,5605383080.66
2022-04-27,sh.600036,37.83,38.63,37.61,38.04,154620795,5867256791.19
2022-04-28,sh.600036,38.06,40.08,37.95,39.62,156452310,6124749761.43
2022-04-29,sh.600036,39.1,40.21,38.72,39.93,123692861,4884561443.35
2022-05-05,sh.600036,39.66,40.18,39.02,39.26,94425132,3712525675.86
2022-05-06,sh.600036,38.7,38.75,37.9,37.91,88945545,3392746138.56
2022-05-09,sh.600036,37.8,37.82,36.15,36.47,125240592,4603133910.59
2022-05-10,sh.600036,35.98,37.16,35.26,36.98,121763735,4424738770.82
2022-05-11,sh.600036,36.83,37.56,36.6,37.21,87239856,3245600405.22
2022-05-12,sh.600036,36.8,37.06,36.43,36.61,63002311,2309969909.25
2022-05-13,sh.600036,36.98,37.6,36.9,37.15,70130077,2610117535.19
2022-05-16,sh.600036,37.13,37.13,36.44,36.89,64474236,2373534396.28
2022-05-17,sh.600036,37.36,38.63,37.36,38.6,118395443,4517008501.39
2022-05-18,sh.600036,39.0,39.08,37.9,38.5,88775539,3406772014.47
2022-05-19,sh.600036,37.89,38.25,37.52,38.03,54201095,2054604083.71
2022-05-20,sh.600036,38.75,40.18,38.75,39.96,133887244,5296502626.63
2022-05-23,sh.600036,39.97,40.05,39.45,39.49,61808829,2449773574.75
2022-05-24,sh.600036,39.6,39.83,38.84,38.9,68742972,2695176600.33
2022-05-25,sh.600036,38.98,39.1,38.64,38.78,48902540,1897867054.19
2022-05-26,sh.600036,39.0,39.0,38.08,38.43,61542963,2361966486.58
2022-05-27,sh.600036,38.9,39.41,38.73,39.12,60839589,2382330330.36
2022-05-30,sh.600036,39.5,39.5,38.79,39.07,47153667,1841958552.26
2022-05-31,sh.600036,39.05,39.75,38.8,39.69,64540394,2550654576.73
2022-06-01,sh.600036,39.7,39.7,39.27,39.69,43383408,1714345934.56
2022-06-02,sh.600036,39.3,39.43,38.74,38.92,54728121,2129924527.83
2022-06-06,sh.600036,38.85,39.03,38.1,38.97,69870287,2692557419.19
2022-06-07,sh.600036,38.96,39.5,38.67,39.35,62272629,2441620702.68
2022-06-08,sh.600036,39.36,39.6,39.02,39.53,59693086,2345955706.79
2022-06-09,sh.600036,39.5,40.6,39.41,40.29,90860722,3656593721.41
2022-06-10,sh.600036,39.91,40.16,39.5,40.12,79539375,3166842600.36
2022-06-13,sh.600036,39.56,39.56,38.34,38.57,97131216,3770847475.34
2022-06-14,sh.600036,38.2,39.3,38.11,39.24,59836244,2314895046.86
2022-06-15,sh.600036,39.19,41.1,39.19,40.48,139489478,5639026273.79
2022-06-16,sh.600036,40.88,40.98,39.96,39.96,63688339,2567652086.36
2022-06-17,sh.600036,39.84,40.17,39.27,39.85,55073077,2188790580.05
2022-06-20,sh.600036,39.89,40.1,39.4,39.7,61420616,2440349614.26
2022-06-21,sh.600036,39.74,40.65,39.45,40.33,58391388,2351462261.36
2022-06-22,sh.600036,40.4,40.47,39.3,39.31,73071187,2896990423.55
2022-06-23,sh.600036,39.32,40.21,39.32,40.14,61602983,2459925120.84
2022-06-24,sh.600036,40.27,40.59,39.66,40.2,63995033,2559336618.57
2022-06-27,sh.600036,40.33,41.36,40.15,41.25,89340811,3664489438.59
2022-06-28,sh.600036,41.1,41.42,40.9,41.28,49916367,2054696485.8
2022-06-29,sh.600036,41.27,41.71,40.99,41.01,62280411,2571017815.0
2022-06-30,sh.600036,41.04,42.7,40.96,42.2,83262823,3502837233.27
2022-07-01,sh.600036,42.38,42.38,41.21,41.38,69574815,2888674474.59
2022-07-04,sh.600036,41.28,41.37,40.8,41.05,48691785,2000021773.7
2022-07-05,sh.600036,41.46,41.67,40.76,40.98,53453841,2198036072.96
2022-07-06,sh.600036,40.96,41.09,39.6,39.8,88526638,3542584701.72
2022-07-07,sh.600036,39.8,40.17,39.55,39.75,50812921,2024650565.64
2022-07-08,sh.600036,40.2,40.22,39.63,39.81,48036145,1912947039.98
2022-07-11,sh.600036,39.58,39.69,39.2,39.44,40375487,1589869329.68
2022-07-12,sh.600036,39.36,39.8,39.03,39.3,58062988,2285703403.68
2022-07-13,sh.600036,39.07,39.25,37.69,37.9,141083081,5383917612.93
2022-07-14,sh.600036,37.17,37.19,35.5,36.48,232523374,8431357289.68
2022-07-15,sh.600036,35.1,35.96,34.86,34.87,138245173,4872775478.77
2022-07-18,sh.600036,35.15,35.84,35.01,35.63,90308021,3202227202.45
2022-07-19,sh.600036,35.5,35.85,35.2,35.71,53781384,1910448533.69
2022-07-20,sh.600036,35.94,36.12,35.71,35.85,46968871,1685116916.14
2022-07-21,sh.600036,35.54,35.83,35.37,35.46,46624082,1656137611.84
2022-07-22,sh.600036,35.55,36.05,35.25,35.59,51033274,1817477340.33
2022-07-25,sh.600036,35.38,35.98,35.22,35.85,40464861,1447583000.35
2022-07-26,sh.600036,35.85,36.35,35.79,36.33,45628522,1651632359.83
2022-07-27,sh.600036,36.23,36.35,35.91,36.05,44247135,1597140637.21
2022-07-28,sh.600036,36.1,36.35,35.75,35.78,57066760,2054633516.11
2022-07-29,sh.600036,35.83,36.18,35.01,35.07,64970631,2299974526.55
2022-08-01,sh.600036,34.99,35.01,34.45,34.52,70588273,2445426274.07
2022-08-02,sh.600036,34.2,34.21,33.33,33.91,81160751,2741206157.64
2022-08-03,sh.600036,33.9,34.49,32.95,33.06,100320625,3341394263.88
2022-08-04,sh.600036,33.33,33.7,33.23,33.66,59307271,1986094524.0
2022-08-05,sh.600036,33.81,34.34,33.62,34.3,48871948,1660667569.0
2022-08-08,sh.600036,34.19,34.49,33.62,33.91,57211197,1942979975.0
2022-08-09,sh.600036,33.95,33.95,33.4,33.6,49867119,1675279850.0
2022-08-10,sh.600036,33.56,33.7,33.03,33.15,52960480,1758806053.0
2022-08-11,sh.600036,33.46,34.4,33.18,34.36,82668809,2799671312.0
2022-08-12,sh.600036,34.16,34.44,34.03,34.37,40200050,1377797391.0
2022-08-15,sh.600036,34.1,34.33,33.53,33.73,45918083,1554089642.34
2022-08-16,sh.600036,33.86,34.37,33.75,33.91,47915454,1629408746.91
2022-08-17,sh.600036,34.0,34.33,33.54,34.24,45395476,1545822426.19
2022-08-18,sh.600036,34.13,34.17,33.44,33.72,50734443,1709182802.83
2022-08-19,sh.600036,33.48,34.15,33.46,33.85,42844967,1455096382.84
2022-08-22,sh.600036,33.54,34.12,33.5,33.62,52563482,1773361291.73
2022-08-23,sh.600036,33.59,33.6,33.02,33.1,53965720,1791825378.46
2022-08-24,sh.600036,33.14,33.44,32.8,32.84,58965852,1950217426.6
2022-08-25,sh.600036,32.9,33.77,32.59,33.69,65073875,2161568446.41
2022-08-26,sh.600036,33.7,34.04,33.33,33.7,54968310,1852196046.24
2022-08-29,sh.600036,33.31,33.82,33.11,33.28,38901392,1293596315.83
2022-08-30,sh.600036,33.11,33.87,33.08,33.79,59087736,1983189091.36
2022-08-31,sh.600036,33.54,35.24,33.47,35.05,166545105,5773783193.89
2022-09-01,sh.600036,34.86,35.04,34.49,34.5,60742108,2109230456.04
2022-09-02,sh.600036,34.6,34.9,34.12,34.32,47663498,1638046862.8
2022-09-05,sh.600036,34.25,34.39,33.56,34.23,46737206,1585571171.47
2022-09-06,sh.600036,34.32,34.75,33.5,33.62,87756101,2969378343.22
2022-09-07,sh.600036,33.35,33.48,33.06,33.38,62522016,2077538979.57
2022-09-08,sh.600036,33.37,33.53,33.25,33.3,41667222,1390770602.86
2022-09-09,sh.600036,33.45,34.76,33.38,34.5,135166615,4636864233.78
2022-09-13,sh.600036,34.45,35.65,34.29,35.35,143861057,5071277447.99
2022-09-14,sh.600036,34.9,35.3,34.71,34.86,56078636,1960637593.25
2022-09-15,sh.600036,35.15,36.06,35.15,36.01,134095049,4805992200.64
2022-09-16,sh.600036,35.69,36.0,34.92,34.95,86516134,3050978941.35
2022-09-19,sh.600036,34.89,35.32,34.75,35.09,44998129,1578116276.66
2022-09-20,sh.600036,35.1,35.19,34.35,34.54,50434551,1745868527.77
2022-09-21,sh.600036,34.45,34.88,33.86,34.41,53038925,1821095332.04
2022-09-22,sh.600036,34.0,34.25,33.91,34.17,38514551,1310807202.82
2022-09-23,sh.600036,34.0,34.66,34.0,34.36,36643717,1258753250.79
2022-09-26,sh.600036,34.02,34.52,33.84,33.95,52549140,1789545993.41
2022-09-27,sh.600036,33.89,34.05,33.44,33.9,47541362,1604082625.32
2022-09-28,sh.600036,33.79,34.0,33.42,33.67,48729860,1642543373.93
2022-09-29,sh.600036,33.99,34.32,33.0,33.15,61785902,2073148613.3
2022-09-30,sh.600036,33.26,33.95,33.12,33.65,53971707,1816711649.93
2022-10-10,sh.600036,32.99,33.09,31.25,31.8,127799132,4068516527.03
2022-10-11,sh.600036,31.79,32.07,31.31,31.4,61866447,1953843164.5
2022-10-12,sh.600036,31.25,31.3,30.05,30.95,117369975,3590021718.29
2022-10-13,sh.600036,30.47,30.56,29.7,29.89,135038091,4045377680.12
2022-10-14,sh.600036,30.3,31.22,30.1,31.08,126919692,3911873391.53
2022-10-17,sh.600036,30.7,31.18,30.54,31.02,64630961,1997396403.74
2022-10-18,sh.600036,31.3,31.38,30.7,30.8,56281382,1739815952.7
2022-10-19,sh.600036,30.72,31.07,30.21,30.26,52827518,1614469065.58
2022-10-20,sh.600036,30.0,30.45,29.88,30.07,55115404,1657020701.78
2022-10-21,sh.600036,30.15,30.27,29.5,29.58,72871094,2171956543.12
2022-10-24,sh.600036,29.39,29.49,28.0,28.02,145145835,4134436262.39
2022-10-25,sh.600036,28.02,28.47,27.81,28.19,86028249,2418347972.63
2022-10-26,sh.600036,27.98,28.32,27.76,27.93,75402189,2113201162.79
2022-10-27,sh.600036,28.2,28.44,27.9,27.94,76286564,2145320724.4
2022-10-28,sh.600036,27.6,28.0,26.99,27.18,94946422,2601030856.01
2022-10-31,sh.600036,26.9,27.13,26.3,26.82,95303253,2553633470.71
2022-11-01,sh.600036,27.1,28.25,27.01,28.19,105901901,2937217653.09
2022-11-02,sh.600036,28.16,28.7,27.85,28.42,72836102,2060238784.92
2022-11-03,sh.600036,28.35,28.38,27.88,28.05,50172213,1410971285.05
2022-11-04,sh.600036,28.05,29.25,27.99,29.08,92682957,2676989831.26
2022-11-07,sh.600036,28.8,29.43,28.62,29.16,54538019,1585520853.53
2022-11-08,sh.600036,29.2,29.38,28.94,29.15,43978188,1281125722.09
2022-11-09,sh.600036,29.15,29.55,29.0,29.18,46305956,1353976618.2
2022-11-10,sh.600036,29.0,29.3,28.77,29.19,40004562,1163044392.98
2022-11-11,sh.600036,30.1,31.8,29.71,31.24,168871688,5192860255.69
2022-11-14,sh.600036,32.5,33.69,32.33,33.14,204968536,6818027855.13
2022-11-15,sh.600036,33.15,33.83,32.75,33.28,91330506,3043238573.06
2022-11-16,sh.600036,33.26,33.48,32.86,33.38,61459443,2043574641.03
2022-11-17,sh.600036,33.3,33.3,32.0,32.31,103715191,3358356943.69
2022-11-18,sh.600036,32.29,32.68,31.83,32.07,56273194,1805184082.64
2022-11-21,sh.600036,31.6,31.97,31.05,31.87,47910404,1512009169.72
2022-11-22,sh.600036,32.07,32.88,31.8,32.45,65416650,2120960840.44
2022-11-23,sh.600036,32.33,32.95,32.15,32.22,57764427,1878620068.31
2022-11-24,sh.600036,32.6,32.87,32.08,32.22,40630100,1314257027.51
2022-11-25,sh.600036,32.21,33.22,32.18,33.02,83012155,2729700884.84
2022-11-28,sh.600036,32.1,32.11,31.45,31.96,80937686,2566010757.64
2022-11-29,sh.600036,32.79,34.91,32.75,34.86,175318695,5977811958.28
2022-11-30,sh.600036,34.33,35.44,34.2,34.96,87332461,3048012198.04
2022-12-01,sh.600036,35.9,36.5,34.85,35.0,83139723,2948536901.56
2022-12-02,sh.600036,35.0,35.0,34.16,34.39,59846240,2055897651.67
2022-12-05,sh.600036,34.97,36.1,34.61,36.1,105060439,3735713567.36
2022-12-06,sh.600036,35.91,35.98,35.42,35.85,65110353,2322429385.3
2022-12-07,sh.600036,35.8,35.95,35.3,35.32,56460628,2005014218.83
2022-12-08,sh.600036,35.25,35.77,35.16,35.45,44355151,1574334289.7
2022-12-09,sh.600036,35.8,36.93,35.63,36.75,95816291,3491269581.56
2022-12-12,sh.600036,36.41,36.6,35.68,35.79,60626240,2186064377.77
2022-12-13,sh.600036,35.73,36.26,35.61,36.14,38290398,1379130447.44
2022-12-14,sh.600036,36.14,37.04,36.02,36.91,64436167,2361876160.16
2022-12-15,sh.600036,36.62,36.96,36.22,36.33,40340341,1470344982.53
2022-12-16,sh.600036,36.3,37.2,36.3,37.09,60782001,2242781163.01
2022-12-19,sh.600036,37.1,37.34,36.25,36.5,54784253,2014825881.71
2022-12-20,sh.600036,36.24,36.55,35.3,35.72,70291116,2518741582.15
2022-12-21,sh.600036,35.99,36.23,35.71,35.95,33049776,1188825669.09
2022-12-22,sh.600036,36.53,36.85,36.25,36.5,35971483,1312827353.51
2022-12-23,sh.600036,36.29,36.8,36.15,36.37,33058360,1204442483.74
2022-12-26,sh.600036,36.35,36.8,35.89,35.95,36047352,1309281787.82
2022-12-27,sh.600036,36.45,36.98,36.33,36.67,36790747,1350814519.25
2022-12-28,sh.600036,36.67,37.52,36.58,37.33,52885997,1970716247.71
2022-12-29,sh.600036,36.9,37.32,36.65,37.23,51362913,1902491091.89
2022-12-30,sh.600036,37.34,37.63,37.19,37.26,52322805,1959907427.92
2023-01-03,sh.600036,37.08,37.78,36.53,37.58,60626616,2255334391.04
2023-01-04,sh.600036,37.78,38.83,37.53,38.65,83645411,3207024323.62
2023-01-05,sh.600036,38.99,39.27,38.4,38.5,61908519,2398823818.01
2023-01-06,sh.600036,38.66,38.93,37.89,38.38,59000699,2255711423.69
2023-01-09,sh.600036,38.41,39.1,38.41,38.8,49914886,1937276819.4
2023-01-10,sh.600036,38.78,38.8,38.16,38.25,54197159,2078031130.74
2023-01-11,sh.600036,38.38,39.18,38.14,38.92,54170698,2107076771.91
2023-01-12,sh.600036,39.11,39.15,38.73,39.05,30434871,1185494430.78
2023-01-13,sh.600036,39.07,39.66,38.97,39.66,46376708,1825772733.35
2023-01-16,sh.600036,40.0,41.14,39.8,40.47,88046855,3569434000.07
2023-01-17,sh.600036,40.45,40.94,40.28,40.68,43204705,1752751492.68
2023-01-18,sh.600036,40.65,40.95,40.23,40.38,29467472,1191075288.61
2023-01-19,sh.600036,40.2,40.8,39.92,40.65,47249021,1910434243.64
2023-01-20,sh.600036,40.98,41.1,40.68,41.05,41340273,1692997049.76
2023-01-30,sh.600036,42.55,42.63,41.85,42.03,100700740,4255796700.28
2023-01-31,sh.600036,42.35,42.35,41.21,41.21,64231185,2677248181.66
2023-02-01,sh.600036,41.64,41.69,39.95,40.54,91679130,3709963959.41
2023-02-02,sh.600036,40.7,40.75,39.55,40.03,72723293,2898996930.53
2023-02-03,sh.600036,39.79,39.79,39.01,39.3,63816364,2506324574.0
2023-02-06,sh.600036,38.72,38.74,37.88,38.35,73100066,2790029317.17
2023-02-07,sh.600036,38.5,38.94,38.16,38.41,42657086,1643882586.21
2023-02-08,sh.600036,38.5,38.92,38.36,38.49,31706528,1222704067.66
2023-02-09,sh.600036,38.42,38.89,38.32,38.49,49817481,1920854680.5
2023-02-10,sh.600036,38.3,38.39,37.9,38.16,41102639,1567982947.68
2023-02-13,sh.600036,37.9,37.98,37.07,37.72,82518134,3095654449.85
2023-02-14,sh.600036,37.78,38.06,37.51,38.0,48607663,1836814071.89
2023-02-15,sh.600036,38.0,38.09,37.0,37.17,77104778,2872782991.14
2023-02-16,sh.600036,37.2,37.85,37.02,37.27,65415231,2453427441.12
2023-02-17,sh.600036,37.15,37.38,36.68,36.71,57581280,2130963531.04
2023-02-20,sh.600036,36.82,38.51,36.82,38.49,108022830,4089276989.86
2023-02-21,sh.600036,38.43,38.82,38.13,38.69,53046540,2043801361.9
2023-02-22,sh.600036,38.46,38.6,38.14,38.16,38309139,1467027311.42
2023-02-23,sh.600036,38.16,38.77,38.16,38.27,37063824,1423074975.21
2023-02-24,sh.600036,38.17,38.25,37.4,37.46,53369015,2011474599.84
2023-02-27,sh.600036,37.27,37.58,37.09,37.16,44933367,1674343229.93
2023-02-28,sh.600036,37.17,37.48,36.85,37.31,37822552,1405386499.5
2023-03-01,sh.600036,37.25,38.34,37.2,38.25,57119401,2169732584.64
2023-03-02,sh.600036,38.04,38.5,37.77,38.25,34907009,1332878910.89
2023-03-03,sh.600036,38.5,38.77,37.9,38.25,35711390,1365470222.06
2023-03-06,sh.600036,38.02,38.23,36.91,37.0,81051939,3015166370.43
2023-03-07,sh.600036,36.89,37.48,36.41,36.56,73741149,2722185233.93
2023-03-08,sh.600036,36.25,36.32,35.8,36.0,61658357,2216886861.96
2023-03-09,sh.600036,36.0,36.08,35.5,35.58,53999602,1928666141.39
2023-03-10,sh.600036,35.05,35.66,34.95,35.03,55845366,1963698972.45
2023-03-13,sh.600036,34.92,35.38,34.71,35.05,58420463,2046110684.81
2023-03-14,sh.600036,34.68,34.93,34.34,34.58,62666750,2168927833.5
2023-03-15,sh.600036,35.15,35.71,34.88,34.88,67638378,2380639264.48
2023-03-16,sh.600036,34.5,35.15,34.21,34.65,40389489,1401995821.98
2023-03-17,sh.600036,35.02,35.37,34.02,34.36,83271578,2893458533.05
2023-03-20,sh.600036,34.44,34.91,34.02,34.12,52072515,1790157156.73
2023-03-21,sh.600036,34.21,34.5,34.01,34.23,36747539,1256872360.31
2023-03-22,sh.600036,34.52,34.73,34.28,34.54,45986740,1587045184.23
2023-03-23,sh.600036,34.4,35.34,34.32,35.2,54214633,1890730122.61
2023-03-24,sh.600036,34.98,34.98,34.23,34.43,67871839,2342134999.22
2023-03-27,sh.600036,34.6,34.6,34.05,34.21,44983610,1538661023.91
2023-03-28,sh.600036,34.41,34.72,34.18,34.4,53323436,1834470874.23
2023-03-29,sh.600036,34.61,34.7,34.1,34.12,41863012,1433206732.92
2023-03-30,sh.600036,34.15,34.39,33.71,34.35,56228970,1915822303.72
2023-03-31,sh.600036,34.36,34.82,34.14,34.27,57779428,1993103478.93
2023-04-03,sh.600036,34.31,34.45,33.98,34.37,50467501,1727952627.66
2023-04-04,sh.600036,34.38,34.42,34.06,34.28,48782066,1668757195.81
2023-04-06,sh.600036,34.17,34.17,33.73,33.8,48679567,1650684311.65
2023-04-07,sh.600036,33.85,34.26,33.75,34.14,39414120,1343439511.41
2023-04-10,sh.600036,34.15,34.3,33.97,34.24,33015949,1128256664.97
2023-04-11,sh.600036,34.24,34.34,33.63,33.73,73399153,2485887911.92
2023-04-12,sh.600036,33.89,33.95,33.66,33.74,41612769,1403968678.57
2023-04-13,sh.600036,33.65,34.24,33.25,34.01,63430456,2142100175.33
2023-04-14,sh.600036,34.2,34.79,34.02,34.39,69392338,2387857214.15
2023-04-17,sh.600036,34.32,35.2,34.1,35.2,89373012,3107511587.18
2023-04-18,sh.600036,35.21,36.35,35.12,35.68,94271463,3375509116.3
2023-04-19,sh.600036,35.84,35.84,35.3,35.5,51088648,1815680622.07
2023-04-20,sh.600036,35.6,35.74,34.86,34.99,68091530,2393722844.57
2023-04-21,sh.600036,34.99,35.18,34.43,34.5,53159146,1849378443.0
2023-04-24,sh.600036,34.52,34.69,33.51,33.6,72987368,2474101752.79
2023-04-25,sh.600036,33.61,34.14,33.51,34.03,51221280,1731551112.83
2023-04-26,sh.600036,33.8,33.96,33.35,33.82,49650070,1673601449.85
2023-04-27,sh.600036,32.97,32.99,32.14,32.63,155927939,5072330698.32
2023-04-28,sh.600036,32.46,33.75,32.41,33.6,94021308,3136764114.53
2023-05-04,sh.600036,33.29,34.4,32.83,34.13,72543303,2457318979.18
2023-05-05,sh.600036,34.18,35.06,34.15,34.69,80088973,2785096473.74
2023-05-08,sh.600036,34.86,35.95,34.64,35.6,106426580,3773892300.0
2023-05-09,sh.600036,35.68,36.1,34.96,34.99,98552978,3503564878.42
2023-05-10,sh.600036,34.9,35.12,34.29,34.4,63837387,2203715636.7
2023-05-11,sh.600036,34.6,35.33,34.4,34.45,44580284,1547837683.08
2023-05-12,sh.600036,34.47,34.55,34.0,34.04,45936569,1569062496.77
2023-05-15,sh.600036,34.09,34.85,33.71,34.7,52809453,1811811262.51
2023-05-16,sh.600036,34.95,35.2,34.57,34.82,38524804,1341479236.44
2023-05-17,sh.600036,34.81,35.13,34.43,34.5,39637635,1380094248.09
2023-05-18,sh.600036,34.73,34.84,34.21,34.45,32901230,1137523120.59
2023-05-19,sh.600036,34.35,34.45,33.94,33.95,39298980,1339332374.99
2023-05-22,sh.600036,33.98,34.34,33.98,34.2,29693441,1014463032.76
2023-05-23,sh.600036,34.21,34.38,33.6,33.6,34692126,1177389440.67
2023-05-24,sh.600036,33.59,33.59,32.93,32.93,46399873,1541649339.05
2023-05-25,sh.600036,32.76,32.76,32.16,32.42,70605103,2286618238.58
2023-05-26,sh.600036,32.44,32.86,32.22,32.74,29462374,958855792.23
2023-05-29,sh.600036,32.95,32.95,32.44,32.69,38730090,1263259965.09
2023-05-30,sh.600036,32.69,32.9,32.36,32.64,34007178,1108840099.52
2023-05-31,sh.600036,32.6,32.8,32.24,32.3,52541398,1704091985.87
2023-06-01,sh.600036,32.31,32.5,32.02,32.06,47239881,1521250951.86
2023-06-02,sh.600036,32.22,33.1,32.2,33.07,55885607,1829053080.13
2023-06-05,sh.600036,33.07,33.27,32.84,33.04,31273034,1033695633.75
2023-06-06,sh.600036,33.04,33.8,32.98,33.07,38663375,1288946278.0
2023-06-07,sh.600036,33.25,33.61,33.16,33.3,33890635,1132209543.94
2023-06-08,sh.600036,33.32,34.22,33.22,34.08,54961501,1859578016.19
2023-06-09,sh.600036,34.05,34.25,33.74,33.74,41510872,1408235125.9
2023-06-12,sh.600036,33.73,33.92,33.38,33.73,40677376,1370601853.7
2023-06-13,sh.600036,33.56,33.94,33.5,33.73,23124556,779060071.3
2023-06-14,sh.600036,33.93,34.04,33.39,33.39,38263310,1289658684.72
2023-06-15,sh.600036,33.5,33.79,33.31,33.72,36953706,1239411035.43
2023-06-16,sh.600036,33.86,34.04,33.75,33.93,42680637,1448460382.07
2023-06-19,sh.600036,33.91,33.91,33.56,33.58,27896062,939883956.79
2023-06-20,sh.600036,33.5,33.56,33.1,33.19,30764875,1024392135.21
2023-06-21,sh.600036,33.06,33.64,33.0,33.17,42786599,1426164911.43
2023-06-26,sh.600036,32.93,33.1,32.42,32.61,43210300,1410658234.86
2023-06-27,sh.600036,32.63,33.01,32.44,32.82,34571527,1132557912.97
2023-06-28,sh.600036,32.81,33.18,32.72,33.05,33381801,1100128735.49
2023-06-29,sh.600036,33.05,33.18,32.67,32.68,25854831,848217752.78
2023-06-30,sh.600036,32.73,33.0,32.64,32.76,29361327,964762581.35
2023-07-03,sh.600036,32.9,33.76,32.8,33.72,45366767,1515242663.13
2023-07-04,sh.600036,33.6,33.6,33.36,33.51,22408656,749827210.91
2023-07-05,sh.600036,33.5,33.5,32.84,33.03,41307158,1365494250.38
2023-07-06,sh.600036,33.03,33.12,32.51,32.58,40784246,1334753416.71
2023-07-07,sh.600036,32.5,32.58,32.29,32.31,47279440,1530388128.75
2023-07-10,sh.600036,32.52,32.69,32.33,32.45,27207677,883689382.46
2023-07-11,sh.600036,32.73,32.8,32.47,32.71,32916654,1074347764.76
2023-07-12,sh.600036,32.72,33.44,32.72,33.2,63204933,2098753494.23
2023-07-13,sh.600036,31.99,32.0,31.45,31.85,56385028,1791570807.32
2023-07-14,sh.600036,31.94,32.19,31.78,31.93,34752056,1111472582.08
2023-07-17,sh.600036,31.77,31.78,31.43,31.65,26200279,827190405.88
2023-07-18,sh.600036,31.65,31.77,31.39,31.46,31638946,996591508.17
2023-07-19,sh.600036,31.29,31.64,31.26,31.58,24029564,755090293.12
2023-07-20,sh.600036,31.77,32.1,31.6,31.69,27239443,867690875.77
2023-07-21,sh.600036,31.8,31.98,31.61,31.8,31566900,1004431832.67
2023-07-24,sh.600036,31.46,31.73,31.4,31.45,23912203,753332483.36
2023-07-25,sh.600036,32.0,33.35,32.0,33.27,126162096,4159900847.8
2023-07-26,sh.600036,33.27,33.73,33.07,33.35,50175140,1673625171.12
2023-07-27,sh.600036,33.5,33.82,33.2,33.66,54848896,1845231370.47
2023-07-28,sh.600036,33.49,35.29,33.41,35.1,125628759,4358344106.86
2023-07-31,sh.600036,35.52,36.04,35.01,35.56,116275605,4127807307.15
2023-08-01,sh.600036,35.53,35.58,34.77,34.99,66009585,2316910862.94
2023-08-02,sh.600036,34.16,34.82,33.77,34.03,91535761,3124298659.85
2023-08-03,sh.600036,34.02,34.78,33.87,34.68,50929381,1750414828.57
2023-08-04,sh.600036,35.08,35.5,34.72,34.88,81264248,2854335235.54
2023-08-07,sh.600036,34.75,34.78,34.28,34.5,34467192,1187405634.91
2023-08-08,sh.600036,34.33,34.65,33.81,34.15,50228255,1715919700.07
2023-08-09,sh.600036,34.02,34.31,33.95,34.02,38683250,1318960193.16
2023-08-10,sh.600036,33.9,34.25,33.8,34.14,28772469,978706456.72
2023-08-11,sh.600036,34.16,34.47,33.15,33.15,60624004,2032299866.51
2023-08-14,sh.600036,32.8,32.83,32.25,32.46,66707291,2167337310.86
2023-08-15,sh.600036,32.46,32.64,32.15,32.36,58295914,1887265044.16
2023-08-16,sh.600036,32.15,32.25,31.88,31.97,58015181,1857011415.83
2023-08-17,sh.600036,31.78,31.87,31.49,31.79,64607569,2043578650.87
2023-08-18,sh.600036,31.75,32.63,31.75,31.88,67459467,2169641215.54
2023-08-21,sh.600036,31.81,31.84,31.13,31.13,80957531,2537398398.74
2023-08-22,sh.600036,31.21,31.47,31.0,31.32,60107044,1877097294.96
2023-08-23,sh.600036,31.2,31.44,30.85,30.85,56074358,1743312675.9
2023-08-24,sh.600036,31.0,31.15,30.8,31.06,41225614,1277299345.49
2023-08-25,sh.600036,31.0,31.85,30.9,31.56,64747134,2028793535.49
2023-08-28,sh.600036,33.3,33.93,32.03,32.26,140509367,4608776006.18
2023-08-29,sh.600036,32.26,32.44,31.77,32.04,72116998,2310485793.88
2023-08-30,sh.600036,32.19,32.19,31.55,31.66,63980158,2031430068.66
2023-08-31,sh.600036,31.8,32.08,31.49,31.55,50322017,1595044491.14
2023-09-01,sh.600036,31.95,32.63,31.88,32.27,69752619,2250478413.51
2023-09-04,sh.600036,32.58,33.61,32.47,33.53,110429932,3671655440.67
2023-09-05,sh.600036,33.3,33.44,32.97,33.11,44732261,1483496733.93
2023-09-06,sh.600036,33.1,33.46,32.77,33.36,54674047,1812037299.18
2023-09-07,sh.600036,33.31,33.31,33.01,33.14,35870198,1188879205.16
2023-09-08,sh.600036,33.0,33.26,32.95,33.17,29850098,989879153.09
2023-09-11,sh.600036,33.13,33.29,32.91,32.91,63287369,2091952941.11
2023-09-12,sh.600036,32.9,33.05,32.82,32.88,27759078,914017921.96
2023-09-13,sh.600036,32.95,33.08,32.66,32.75,29891534,980129607.76
2023-09-14,sh.600036,32.95,33.19,32.85,33.07,43734390,1443840329.2
2023-09-15,sh.600036,33.3,33.42,32.8,32.96,43960215,1453249853.0
2023-09-18,sh.600036,32.87,33.05,32.7,33.02,36040192,1186454305.51
2023-09-19,sh.600036,33.0,33.0,32.72,32.96,38465270,1263587161.12
2023-09-20,sh.600036,32.86,32.86,32.63,32.73,30931758,1012842173.41
2023-09-21,sh.600036,32.75,32.81,32.37,32.37,39031854,1270724457.61
2023-09-22,sh.600036,32.59,33.37,32.32,33.34,71283316,2349131840.61
2023-09-25,sh.600036,33.28,33.28,32.9,33.0,45651541,1506238618.69
2023-09-26,sh.600036,32.93,33.08,32.75,32.8,32202356,1058673650.09
2023-09-27,sh.600036,32.9,33.09,32.75,32.82,35246679,1159673830.29
2023-09-28,sh.600036,33.02,33.14,32.75,32.97,38856469,1280959168.96
2023-10-09,sh.600036,32.7,32.7,32.38,32.58,36134267,1176010753.62
2023-10-10,sh.600036,33.12,33.13,32.59,32.59,34263698,1123856355.68
2023-10-11,sh.600036,32.84,32.85,32.4,32.45,37609124,1226529937.88
2023-10-12,sh.600036,32.99,33.33,32.78,33.07,61745963,2041713575.86
2023-10-13,sh.600036,32.78,32.88,32.51,32.61,41037187,1341527525.4
2023-10-16,sh.600036,32.58,32.66,32.24,32.31,28677414,928068012.83
2023-10-17,sh.600036,32.39,32.6,32.22,32.52,28622914,928757316.03
2023-10-18,sh.600036,32.49,32.64,32.41,32.49,24931667,810933177.66
2023-10-19,sh.600036,32.4,32.4,31.52,31.57,60429338,1922080368.68
2023-10-20,sh.600036,31.49,31.81,31.4,31.65,37258937,1178535483.28
2023-10-23,sh.600036,31.59,31.65,31.0,31.23,39380184,1232365016.14
2023-10-24,sh.600036,31.38,31.41,31.04,31.3,36552663,1142319005.62
2023-10-25,sh.600036,31.6,31.75,31.2,31.42,37569332,1179249723.67
2023-10-26,sh.600036,31.36,31.75,31.26,31.5,28702985,904374421.92
2023-10-27,sh.600036,31.45,31.65,31.15,31.53,39145276,1231933968.26
2023-10-30,sh.600036,31.01,31.13,30.55,30.9,83850056,2582604676.06
2023-10-31,sh.600036,30.74,30.99,30.61,30.76,52801599,1624462290.08
2023-11-01,sh.600036,30.8,30.88,30.43,30.45,52989707,1617976148.33
2023-11-02,sh.600036,30.6,30.81,30.51,30.68,36466771,1118895486.13
2023-11-03,sh.600036,30.68,31.04,30.6,30.99,43956879,1357177292.53
2023-11-06,sh.600036,31.15,31.35,30.96,31.14,51982385,1617714882.03
2023-11-07,sh.600036,31.14,31.14,30.65,30.8,51624067,1589834114.37
2023-11-08,sh.600036,30.74,30.78,30.5,30.6,44518298,1363161957.35
2023-11-09,sh.600036,30.55,30.78,30.52,30.66,32764958,1003833045.38
2023-11-10,sh.600036,30.5,30.56,30.1,30.16,51696462,1561581973.63
2023-11-13,sh.600036,30.17,30.27,29.61,29.82,63424273,1891693841.81
2023-11-14,sh.600036,29.87,30.2,29.86,30.2,44834267,1347710789.73
2023-11-15,sh.600036,30.45,30.77,30.39,30.64,60193960,1842095991.9
2023-11-16,sh.600036,30.67,30.77,30.37,30.54,31571993,965161753.93
2023-11-17,sh.600036,30.46,30.52,30.1,30.33,43245282,1308022703.31
2023-11-20,sh.600036,30.34,30.59,30.14,30.58,36922708,1123420441.91
2023-11-21,sh.600036,30.75,30.87,30.37,30.43,48854470,1497630758.85
2023-11-22,sh.600036,30.3,30.41,30.15,30.16,27370542,828342907.67
2023-11-23,sh.600036,30.02,30.21,29.95,30.14,29979383,900540282.64
2023-11-24,sh.600036,30.06,30.1,29.93,30.0,29116276,873539195.99
2023-11-27,sh.600036,30.0,30.03,29.29,29.4,58101958,1714186982.0
2023-11-28,sh.600036,29.41,29.49,29.04,29.16,47516511,1389229277.83
2023-11-29,sh.600036,29.2,29.24,28.68,28.8,62063752,1789462812.67
2023-11-30,sh.600036,28.8,28.98,28.6,28.79,55156006,1585194741.67
2023-12-01,sh.600036,28.72,28.74,28.07,28.26,88273644,2496795770.27
2023-12-04,sh.600036,28.27,28.46,28.02,28.08,55787830,1569603287.97
2023-12-05,sh.600036,28.06,28.07,27.5,27.51,61890167,1717656518.54
2023-12-06,sh.600036,27.56,27.96,27.45,27.76,61125926,1697947804.62
2023-12-07,sh.600036,27.77,27.94,27.29,27.81,59496698,1643064047.35
2023-12-08,sh.600036,27.7,27.95,27.5,27.5,53349765,1479206063.9
2023-12-11,sh.600036,27.25,27.85,26.9,27.76,75808597,2067921108.2
2023-12-12,sh.600036,27.7,28.07,27.61,28.05,50420111,1409339298.46
2023-12-13,sh.600036,27.92,27.92,27.2,27.22,67123932,1844591026.59
2023-12-14,sh.600036,27.44,27.64,27.03,27.03,44526808,1214879008.3
2023-12-15,sh.600036,27.47,28.05,27.2,27.23,98068659,2697705036.63
2023-12-18,sh.600036,27.0,27.38,26.9,27.28,47716425,1299068335.3
2023-12-19,sh.600036,27.2,27.35,27.02,27.29,37657373,1024185206.12
2023-12-20,sh.600036,27.31,27.41,27.06,27.06,53112808,1446520286.24
2023-12-21,sh.600036,26.98,27.75,26.92,27.71,75910481,2082187758.47
2023-12-22,sh.600036,27.78,27.85,27.41,27.61,62364372,1721377205.29
2023-12-25,sh.600036,27.6,27.72,27.42,27.53,41903386,1154001374.98
2023-12-26,sh.600036,27.49,27.49,27.16,27.27,36525708,997177588.72
2023-12-27,sh.600036,27.33,27.37,27.05,27.3,41063687,1117439216.01
2023-12-28,sh.600036,27.25,28.13,27.25,27.99,106106285,2953200857.83
2023-12-29,sh.600036,27.9,28.05,27.77,27.82,65577345,1827818810.98
2024-01-02,sh.600036,27.95,27.96,27.56,27.58,54219480,1500865547.87
2024-01-03,sh.600036,27.58,27.84,27.52,27.77,43395588,1200383623.7
2024-01-04,sh.600036,27.76,27.83,27.36,27.81,63710249,1759101592.9
2024-01-05,sh.600036,27.75,28.78,27.62,28.29,119063315,3376466446.93
2024-01-08,sh.600036,28.17,28.59,27.95,28.13,81682070,2305065735.92
2024-01-09,sh.600036,28.12,28.28,27.9,28.17,55866306,1569684230.02
2024-01-10,sh.600036,28.02,28.35,28.02,28.05,45364048,1277638873.09
2024-01-11,sh.600036,28.0,28.57,27.85,28.38,73531826,2082611271.53
2024-01-12,sh.600036,28.26,28.78,28.26,28.54,57783201,1652242625.55
2024-01-15,sh.600036,28.5,28.94,28.37,28.77,48245229,1383953760.36
2024-01-16,sh.600036,28.63,29.13,28.6,29.13,85344024,2469511282.13
2024-01-17,sh.600036,29.12,29.58,29.03,29.19,130860146,3843478823.44
2024-01-18,sh.600036,28.94,29.68,28.6,29.58,129512645,3762050845.84
2024-01-19,sh.600036,29.37,29.9,29.14,29.73,96861623,2865398411.83
2024-01-22,sh.600036,29.76,30.5,29.7,30.25,154970267,4691297099.7
2024-01-23,sh.600036,30.01,30.35,29.8,29.99,88605552,2661547376.09
2024-01-24,sh.600036,30.15,30.29,29.38,30.09,97489239,2904947629.04
2024-01-25,sh.600036,30.31,31.0,30.18,30.9,123450922,3791899866.25
2024-01-26,sh.600036,30.92,31.35,30.66,31.12,100991578,3132788305.06
2024-01-29,sh.600036,31.2,31.6,31.17,31.35,83882433,2632393040.21
2024-01-30,sh.600036,31.2,31.5,30.78,31.0,74399913,2316762500.3
2024-01-31,sh.600036,30.92,31.19,30.59,30.71,80894928,2494516011.28
2024-02-01,sh.600036,30.67,30.84,30.2,30.42,85970009,2621519217.61
2024-02-02,sh.600036,30.45,30.66,29.64,30.23,98729165,2986530107.58
2024-02-05,sh.600036,30.23,30.95,30.06,30.71,106397881,3246673368.04
2024-02-06,sh.600036,30.71,31.35,30.6,31.33,106215843,3296036540.08
2024-02-07,sh.600036,31.42,31.48,30.81,31.31,111051058,3458135329.46
2024-02-08,sh.600036,31.31,31.45,31.02,31.4,87300436,2728137528.15
2024-02-19,sh.600036,31.99,31.99,31.41,31.62,87549010,2770406837.29
2024-02-20,sh.600036,31.62,31.62,31.29,31.4,60640469,1907541533.18
2024-02-21,sh.600036,31.4,33.39,31.35,33.0,152865612,5003152628.47
2024-02-22,sh.600036,32.81,32.95,32.39,32.8,75276038,2461009464.75
2024-02-23,sh.600036,32.81,33.4,32.62,32.95,63984872,2118316306.69
2024-02-26,sh.600036,32.86,33.06,32.08,32.25,66639018,2163023086.86
2024-02-27,sh.600036,32.24,32.4,31.99,32.18,54349154,1746108592.02
2024-02-28,sh.600036,32.29,32.29,31.6,32.02,68370752,2186677932.37
2024-02-29,sh.600036,31.89,32.2,31.85,32.04,49892829,1595634178.35
2024-03-01,sh.600036,31.92,32.08,31.75,31.94,42717392,1361853700.99
2024-03-04,sh.600036,31.76,31.87,31.47,31.52,59135015,1868022543.59
2024-03-05,sh.600036,31.42,32.21,31.31,32.18,89402867,2850224114.41
2024-03-06,sh.600036,32.14,32.26,31.87,31.87,51610177,1655425115.47
2024-03-07,sh.600036,31.87,32.13,31.78,32.0,51949197,1659111448.5
2024-03-08,sh.600036,31.89,32.01,31.55,31.67,44107117,1399732268.57
2024-03-11,sh.600036,31.55,31.75,31.2,31.48,73853794,2318402185.33
2024-03-12,sh.600036,31.42,32.15,31.28,31.95,76925375,2447163517.3
2024-03-13,sh.600036,31.96,31.99,31.43,31.52,46938714,1482651383.69
2024-03-14,sh.600036,31.46,31.72,31.16,31.25,50817498,1595073269.33
2024-03-15,sh.600036,31.24,31.42,31.0,31.18,52078063,1621589212.64
2024-03-18,sh.600036,31.15,31.34,31.0,31.13,46189770,1436837360.47
2024-03-19,sh.600036,31.1,31.11,30.73,30.8,54702530,1688506946.37
2024-03-20,sh.600036,30.8,31.2,30.66,31.18,49827225,1544956630.54
2024-03-21,sh.600036,31.17,31.76,31.05,31.55,64676108,2040298376.25
2024-03-22,sh.600036,31.53,31.55,30.9,31.2,55287852,1722145155.51
2024-03-25,sh.600036,31.11,31.51,30.92,31.35,48375902,1514858504.95
2024-03-26,sh.600036,31.8,32.66,31.73,32.4,124430791,4014510510.12
2024-03-27,sh.600036,32.29,32.65,32.21,32.3,78208488,2539984050.45
2024-03-28,sh.600036,32.34,32.5,32.07,32.18,69474492,2242513221.65
2024-03-29,sh.600036,32.1,32.64,32.07,32.2,51400131,1663236764.05
2024-04-01,sh.600036,32.18,32.85,32.18,32.64,57015232,1861582315.82
2024-04-02,sh.600036,32.7,32.92,32.44,32.55,53661899,1753251096.99
2024-04-03,sh.600036,32.54,32.63,32.23,32.23,49808163,1612691615.96
2024-04-08,sh.600036,32.24,32.56,32.03,32.4,47729123,1544564957.26
2024-04-09,sh.600036,32.5,32.63,32.31,32.31,38477207,1248965234.89
2024-04-10,sh.600036,32.19,32.68,32.19,32.49,50401372,1638691786.16
2024-04-11,sh.600036,32.31,32.42,32.13,32.3,44374773,1432073800.53
2024-04-12,sh.600036,32.28,32.47,32.06,32.12,47820414,1540845216.23
2024-04-15,sh.600036,32.1,33.0,32.09,32.83,76464473,2503221028.7
2024-04-16,sh.600036,32.71,32.97,32.45,32.75,74155610,2429469044.53
2024-04-17,sh.600036,32.69,33.49,32.47,33.3,94821196,3131202073.92
2024-04-18,sh.600036,33.26,34.1,33.19,33.65,100657401,3393695785.4
2024-04-19,sh.600036,33.56,33.84,33.42,33.62,54038350,1818443520.53
2024-04-22,sh.600036,33.78,34.19,33.05,33.34,60753507,2034006573.12
2024-04-23,sh.600036,33.3,33.82,33.23,33.38,51245244,1717681681.77
2024-04-24,sh.600036,33.38,33.55,33.1,33.46,44338353,1480785928.64
2024-04-25,sh.600036,33.44,34.4,33.38,34.4,91948180,3136628386.34
2024-04-26,sh.600036,34.4,34.87,34.22,34.48,95489883,3292052901.6
2024-04-29,sh.600036,34.4,35.16,34.2,34.88,81806412,2854804596.43
2024-04-30,sh.600036,34.4,34.58,34.05,34.31,86804180,2982962843.76
2024-05-06,sh.600036,35.1,35.36,34.72,34.88,100070494,3501168455.64
2024-05-07,sh.600036,34.88,34.95,34.63,34.87,47384857,1649813220.86
2024-05-08,sh.600036,34.82,34.96,34.55,34.57,41286158,1434042864.93
2024-05-09,sh.600036,34.6,34.93,34.6,34.84,51239131,1782846432.26
2024-05-10,sh.600036,34.84,35.85,34.8,35.62,94036570,3331360840.49
2024-05-13,sh.600036,35.44,36.07,35.33,35.91,74780026,2674602937.54
2024-05-14,sh.600036,35.89,36.13,35.2,35.34,68777884,2440460308.85
2024-05-15,sh.600036,35.33,35.44,34.69,35.05,67494406,2361226414.76
2024-05-16,sh.600036,35.08,36.45,35.0,36.25,129147553,4659047071.04
2024-05-17,sh.600036,36.3,36.9,36.06,36.85,91687944,3342837157.86
2024-05-20,sh.600036,36.85,37.0,36.09,36.38,91425000,3337501051.05
2024-05-21,sh.600036,36.36,36.52,36.13,36.24,44599944,1620630879.86
2024-05-22,sh.600036,36.22,36.38,35.76,36.06,66447739,2398900244.02
2024-05-23,sh.600036,35.9,36.01,35.32,35.5,92458495,3284073836.58
2024-05-24,sh.600036,35.3,35.48,34.66,34.74,87044000,3051224758.14
2024-05-27,sh.600036,34.85,35.21,34.75,35.14,57093814,1997775668.57
2024-05-28,sh.600036,35.1,35.33,34.72,34.83,47619058,1660811058.17
2024-05-29,sh.600036,34.75,35.06,34.46,34.57,49104118,1703567317.85
2024-05-30,sh.600036,34.45,34.9,34.18,34.34,55924484,1928489153.71
2024-05-31,sh.600036,34.53,34.6,34.28,34.28,50893248,1752657846.26
2024-06-03,sh.600036,34.22,34.38,33.92,34.15,60811135,2071791244.88
2024-06-04,sh.600036,34.15,34.68,34.1,34.54,53378842,1840296168.75
2024-06-05,sh.600036,34.68,34.7,33.89,33.99,69104122,2359792656.0
2024-06-06,sh.600036,34.09,34.2,33.78,34.0,67724066,2302856624.4
2024-06-07,sh.600036,34.05,34.25,33.65,33.99,67826559,2298090329.67
2024-06-11,sh.600036,33.78,33.97,33.12,33.36,69044831,2309722312.79
2024-06-12,sh.600036,33.35,33.36,32.95,33.09,51138059,1693037687.68
2024-06-13,sh.600036,33.2,33.22,32.72,32.82,55018421,1808251998.1
2024-06-14,sh.600036,32.82,34.02,32.82,33.81,99167429,3324856784.77
2024-06-17,sh.600036,33.6,33.8,33.39,33.73,45768248,1539063151.58
2024-06-18,sh.600036,33.86,34.3,33.62,33.71,45367539,1538144777.4
2024-06-19,sh.600036,33.71,34.4,33.66,34.15,58593722,1997678159.05
2024-06-20,sh.600036,34.16,34.23,33.9,34.01,39246667,1336247231.5
2024-06-21,sh.600036,33.88,34.08,33.49,33.7,52396280,1765822361.76
2024-06-24,sh.600036,33.79,34.22,33.49,34.07,69258954,2350203463.61
2024-06-25,sh.600036,34.07,34.47,33.97,34.3,63816020,2187945493.81
2024-06-26,sh.600036,34.18,34.36,33.95,34.06,45263801,1545807548.45
2024-06-27,sh.600036,33.96,34.34,33.83,34.26,55517260,1894891373.41
2024-06-28,sh.600036,34.2,34.48,34.04,34.19,52574940,1799951938.95
2024-07-01,sh.600036,34.19,34.4,33.95,34.36,47223865,1616131282.62
2024-07-02,sh.600036,34.38,35.25,34.36,35.08,86877071,3041833255.02
2024-07-03,sh.600036,35.01,35.09,34.31,34.46,69137270,2388331234.26
2024-07-04,sh.600036,34.54,35.04,34.48,34.71,69691892,2424281265.78
2024-07-05,sh.600036,34.71,34.83,33.66,33.88,96778276,3295568198.62
2024-07-08,sh.600036,33.85,34.23,33.71,33.99,54573002,1855611836.27
2024-07-09,sh.600036,33.99,34.55,33.72,34.47,62103701,2124005154.21
2024-07-10,sh.600036,34.47,35.0,34.45,34.68,72631424,2524474646.1
2024-07-11,sh.600036,33.08,33.13,32.79,32.9,73238896,2411951386.31
2024-07-12,sh.600036,33.01,34.08,33.01,34.0,94490425,3199683546.91
2024-07-15,sh.600036,34.0,34.05,33.72,33.78,47460366,1605883747.16
2024-07-16,sh.600036,33.76,33.89,33.46,33.79,45579255,1535668998.29
2024-07-17,sh.600036,33.7,34.19,33.65,34.07,57795422,1964635267.03
2024-07-18,sh.600036,34.07,34.25,33.76,34.09,59862717,2036474279.69
2024-07-19,sh.600036,34.0,34.3,33.59,34.25,81007218,2749172009.52
2024-07-22,sh.600036,34.17,34.17,33.09,33.34,80820577,2694241974.74
2024-07-23,sh.600036,33.34,33.71,33.23,33.34,53875468,1803269600.31
2024-07-24,sh.600036,33.45,33.58,33.03,33.18,48245294,1604648703.16
2024-07-25,sh.600036,33.22,33.32,32.37,32.83,76207854,2496804672.67
2024-07-26,sh.600036,32.8,33.04,32.11,32.37,60146167,1952156131.98
2024-07-29,sh.600036,32.38,32.65,32.2,32.45,41347533,1343740115.07
2024-07-30,sh.600036,32.4,32.59,32.15,32.42,39078161,1264925928.51
2024-07-31,sh.600036,32.42,33.0,32.25,32.73,59536965,1948675368.13
2024-08-01,sh.600036,32.73,32.85,32.27,32.71,40913881,1332771462.55
2024-08-02,sh.600036,32.42,32.6,32.23,32.28,38613024,1250037016.64
2024-08-05,sh.600036,32.2,32.52,32.05,32.1,58441984,1884940814.96
2024-08-06,sh.600036,32.36,32.39,31.51,31.7,51438864,1637765271.69
2024-08-07,sh.600036,31.73,31.9,31.55,31.58,39073173,1238023516.35
2024-08-08,sh.600036,31.61,31.98,31.38,31.93,39459978,1252394781.52
2024-08-09,sh.600036,31.97,32.58,31.81,32.33,48274847,1561254687.45
2024-08-12,sh.600036,32.3,32.34,31.93,32.12,31894321,1023447631.78
2024-08-13,sh.600036,32.1,32.23,31.76,31.94,28237769,902009895.51
2024-08-14,sh.600036,31.9,32.14,31.81,31.86,28244610,901196910.6
2024-08-15,sh.600036,31.85,32.92,31.65,32.76,73978983,2409557382.79
2024-08-16,sh.600036,32.75,33.25,32.72,33.15,41850302,1383877362.28
2024-08-19,sh.600036,33.25,33.5,33.03,33.42,42284342,1409948503.16
2024-08-20,sh.600036,33.45,33.6,33.16,33.48,42372873,1415473210.51
2024-08-21,sh.600036,33.3,33.43,32.82,33.24,37810105,1254587420.89
2024-08-22,sh.600036,33.28,33.55,33.18,33.3,38286399,1276718683.47
2024-08-23,sh.600036,33.27,33.85,33.07,33.7,46558726,1561509818.1
2024-08-26,sh.600036,33.7,33.84,33.47,33.77,35117460,1182990039.64
2024-08-27,sh.600036,33.77,33.94,33.53,33.7,38720857,1308314397.43
2024-08-28,sh.600036,33.83,33.98,33.44,33.68,41523208,1398682394.05
2024-08-29,sh.600036,33.59,33.77,32.9,32.93,51638782,1712021359.38
2024-08-30,sh.600036,32.8,33.11,32.12,32.15,111222983,3618077500.26
2024-09-02,sh.600036,32.0,32.38,31.84,31.93,55802065,1787602792.39
2024-09-03,sh.600036,32.01,32.08,31.4,31.62,50575188,1596269779.96
2024-09-04,sh.600036,31.53,31.93,31.35,31.36,38052590,1198859445.94
2024-09-05,sh.600036,31.36,31.44,30.9,31.2,54206345,1687017960.44
2024-09-06,sh.600036,31.25,31.74,31.2,31.25,38318214,1206615762.41
2024-09-09,sh.600036,30.98,30.99,30.04,30.24,87107347,2641195520.95
2024-09-10,sh.600036,30.25,30.43,29.94,30.19,47602357,1435849554.54
2024-09-11,sh.600036,30.14,30.2,29.93,30.08,41579376,1249059023.11
2024-09-12,sh.600036,30.1,30.5,29.94,30.23,41026697,1242374644.99
2024-09-13,sh.600036,30.28,30.9,30.0,30.6,49597443,1520857906.32
2024-09-18,sh.600036,30.61,31.2,30.61,31.11,41854027,1295345114.35
2024-09-19,sh.600036,31.2,31.23,30.63,30.82,45119126,1393040941.69
2024-09-20,sh.600036,30.82,31.11,30.66,30.94,48741755,1505998311.92
2024-09-23,sh.600036,30.85,31.49,30.84,31.39,34460872,1076332364.96
2024-09-24,sh.600036,31.68,33.14,31.67,33.13,136121800,4427310186.16
2024-09-25,sh.600036,33.85,34.49,33.7,34.15,185624279,6327661420.97
2024-09-26,sh.600036,34.16,35.38,33.91,35.38,174532999,6068657571.58
2024-09-27,sh.600036,36.11,36.5,34.91,35.63,74545782,2653812670.19
2024-09-30,sh.600036,36.35,38.0,35.92,37.61,256101260,9443438268.16
2024-10-08,sh.600036,41.37,41.37,38.82,40.0,297303868,11999361938.23
2024-10-09,sh.600036,39.7,39.72,37.01,37.01,185593210,7113813984.51
2024-10-10,sh.600036,37.4,39.5,37.4,38.73,143329841,5528664144.44
2024-10-11,sh.600036,38.73,39.22,38.03,38.43,90347580,3498241860.07
2024-10-14,sh.600036,39.01,39.8,38.69,39.33,129293839,5076841419.76
2024-10-15,sh.600036,39.17,39.99,38.5,38.5,95597653,3755705942.07
2024-10-16,sh.600036,38.15,39.5,38.13,39.5,101254815,3963555264.71
2024-10-17,sh.600036,39.53,39.79,38.49,38.49,84892228,3315820470.75
2024-10-18,sh.600036,38.51,39.43,38.21,39.05,92819433,3603949497.55
2024-10-21,sh.600036,39.15,39.15,38.5,38.85,71753946,2780905731.18
2024-10-22,sh.600036,38.84,39.6,38.75,39.17,60052610,2352800199.33
2024-10-23,sh.600036,39.06,39.94,39.02,39.66,62709968,2482861345.38
2024-10-24,sh.600036,39.55,39.68,39.14,39.31,33631220,1323826642.8
2024-10-25,sh.600036,39.25,39.49,39.06,39.1,44793119,1756222718.62
2024-10-28,sh.600036,39.01,39.1,38.28,38.52,66464094,2559210507.21
2024-10-29,sh.600036,38.6,39.1,38.41,38.6,51468161,1990283153.71
2024-10-30,sh.600036,38.51,38.9,37.61,37.88,70340828,2680423056.42
2024-10-31,sh.600036,37.8,37.99,36.91,37.36,85039251,3173924098.64
2024-11-01,sh.600036,37.44,38.3,37.38,38.01,70310211,2671523514.7
2024-11-04,sh.600036,38.1,38.75,37.41,38.75,64661209,2466019719.36
2024-11-05,sh.600036,38.43,39.1,38.4,39.08,62874476,2445317943.24
2024-11-06,sh.600036,39.0,39.08,38.15,38.56,64833629,2501077844.66
2024-11-07,sh.600036,38.42,39.58,38.38,39.57,74347218,2904874006.19
2024-11-08,sh.600036,39.68,39.85,38.75,38.8,74536846,2920926027.06
2024-11-11,sh.600036,38.3,38.7,37.89,38.33,70314555,2682610299.31
2024-11-12,sh.600036,38.19,38.84,37.51,37.59,89328928,3399364219.33
2024-11-13,sh.600036,37.59,37.98,37.51,37.82,48530440,1833809094.23
2024-11-14,sh.600036,37.66,38.48,37.53,38.06,67644030,2585688545.7
2024-11-15,sh.600036,38.08,38.57,37.81,37.82,69927688,2671344641.85
2024-11-18,sh.600036,38.05,38.66,37.8,37.9,76344807,2918992439.92
2024-11-19,sh.600036,37.91,38.18,37.45,37.72,52124855,1967719175.31
2024-11-20,sh.600036,37.8,37.85,37.4,37.48,45129126,1693331536.28
2024-11-21,sh.600036,37.48,37.66,37.27,37.43,35033614,1309684433.41
2024-11-22,sh.600036,37.43,37.55,36.36,36.45,69049090,2544524441.33
2024-11-25,sh.600036,36.7,36.86,36.12,36.22,53409473,1945383409.77
2024-11-26,sh.600036,36.03,36.58,35.84,36.39,45942121,1666651768.42
2024-11-27,sh.600036,36.39,36.68,36.11,36.6,39207688,1429782933.46
2024-11-28,sh.600036,36.6,36.85,36.18,36.47,45193910,1647865702.09
2024-11-29,sh.600036,36.59,37.0,36.31,36.34,66437999,2437776752.38
2024-12-02,sh.600036,36.45,36.68,36.2,36.51,42465209,1548959359.88
2024-12-03,sh.600036,36.65,37.22,36.38,37.12,72198609,2658919819.02
2024-12-04,sh.600036,37.09,37.09,36.53,36.81,62051124,2285383468.94
2024-12-05,sh.600036,36.66,37.36,36.61,36.91,56894934,2108115264.79
2024-12-06,sh.600036,37.01,37.82,37.01,37.7,87723587,3296793041.63
2024-12-09,sh.600036,37.59,37.99,37.35,37.7,49299535,1859542282.67
2024-12-10,sh.600036,38.8,38.99,38.4,38.6,103895319,4022695500.78
2024-12-11,sh.600036,38.54,38.79,38.23,38.3,51770936,1988895959.33
2024-12-12,sh.600036,38.29,38.83,38.21,38.8,58688876,2267252620.6
2024-12-13,sh.600036,38.45,38.6,37.28,37.3,111798280,4213094969.05
2024-12-16,sh.600036,37.35,37.78,37.32,37.74,64031589,2409086953.59
2024-12-17,sh.600036,37.54,38.16,37.54,37.85,60310408,2287237539.47
2024-12-18,sh.600036,38.02,38.66,37.86,38.52,80585536,3101731956.18
2024-12-19,sh.600036,38.38,38.53,38.0,38.02,61119582,2336249857.06
2024-12-20,sh.600036,38.05,38.28,37.86,37.91,54215038,2060744582.24
2024-12-23,sh.600036,37.99,38.7,37.98,38.35,90269156,3473126152.19
2024-12-24,sh.600036,38.35,39.29,38.32,39.22,99342846,3875223368.27
2024-12-25,sh.600036,39.23,39.56,38.99,39.4,75591307,2972981820.97
2024-12-26,sh.600036,39.4,39.54,39.01,39.48,53925194,2125139424.63
2024-12-27,sh.600036,39.48,39.64,38.78,39.34,70031955,2742768758.49
2024-12-30,sh.600036,39.34,39.8,39.25,39.62,67884533,2690314729.02
2024-12-31,sh.600036,39.56,39.9,39.3,39.3,64371699,2549055493.94
2025-01-02,sh.600036,39.35,39.5,38.34,38.51,64200070,2493694677.0
2025-01-03,sh.600036,38.6,39.04,38.54,38.66,68258306,2646967328.6
2025-01-06,sh.600036,38.9,39.1,38.13,39.05,61715863,2394244404.27
2025-01-07,sh.600036,38.97,39.15,38.61,38.9,49275205,1917344813.62
2025-01-08,sh.600036,38.83,39.55,38.82,39.28,75148102,2952943868.08
2025-01-09,sh.600036,39.4,39.43,38.83,39.0,44708335,1748399288.48
2025-01-10,sh.600036,39.34,39.45,38.81,38.98,48142480,1881660497.37
2025-01-13,sh.600036,38.93,39.15,38.54,39.07,60632274,2360608443.5
2025-01-14,sh.600036,39.09,39.97,38.9,39.85,70801188,2802857577.78
2025-01-15,sh.600036,39.99,41.0,39.89,40.64,79670088,3234242853.29
2025-01-16,sh.600036,40.65,41.15,40.53,40.99,59259386,2423118468.95
2025-01-17,sh.600036,40.96,41.16,40.13,40.71,47590050,1936832044.47
2025-01-20,sh.600036,40.98,41.07,40.11,40.12,54257482,2195966480.02
2025-01-21,sh.600036,40.32,40.51,40.01,40.14,40068506,1613495366.61
2025-01-22,sh.600036,40.14,40.16,39.32,39.45,58891222,2327377020.75
2025-01-23,sh.600036,39.67,40.23,39.52,39.83,60661810,2417576582.58
2025-01-24,sh.600036,39.66,40.55,39.46,40.26,57465234,2312073725.63
2025-01-27,sh.600036,40.58,40.97,40.55,40.65,52606047,2144848680.79
2025-02-05,sh.600036,40.85,40.9,39.9,40.0,50478889,2030411801.96
2025-02-06,sh.600036,40.0,40.38,39.73,40.2,46608842,1866867477.77
2025-02-07,sh.600036,40.1,40.4,39.96,40.2,52106618,2092855370.43
2025-02-10,sh.600036,40.2,40.92,39.96,40.6,58180595,2357786973.5
2025-02-11,sh.600036,40.75,41.04,40.64,40.98,45777119,1872296623.46
2025-02-12,sh.600036,40.96,41.66,40.56,41.62,60359149,2484722115.4
2025-02-13,sh.600036,41.65,41.95,41.34,41.71,46220698,1927409815.85
2025-02-14,sh.600036,41.69,42.03,41.52,42.03,49873690,2086301719.72
2025-02-17,sh.600036,41.99,41.99,41.36,41.72,53612561,2228540281.8
2025-02-18,sh.600036,41.51,42.48,41.51,42.05,54666539,2301403254.17
2025-02-19,sh.600036,42.0,42.15,41.76,41.98,37470223,1572476675.6
2025-02-20,sh.600036,42.0,42.09,41.68,41.85,40767508,1705724683.54
2025-02-21,sh.600036,41.96,41.99,41.22,41.4,59525579,2467492897.55
2025-02-24,sh.600036,41.39,41.75,41.1,41.27,57110709,2361716150.94
2025-02-25,sh.600036,41.15,41.44,40.91,41.03,50732120,2088784244.35
2025-02-26,sh.600036,41.13,41.7,41.05,41.48,47644661,1974231834.2
2025-02-27,sh.600036,41.6,42.4,41.28,42.38,62259657,2611617502.58
2025-02-28,sh.600036,42.38,42.66,42.05,42.05,70542365,2985755469.39
2025-03-03,sh.600036,42.12,42.62,41.95,42.05,47014902,1983165730.02
2025-03-04,sh.600036,41.91,42.1,41.77,41.8,31724542,1329037847.18
2025-03-05,sh.600036,41.96,42.91,41.75,42.89,63203743,2689749943.97
2025-03-06,sh.600036,42.89,43.1,42.45,42.96,57205304,2450800590.56
2025-03-07,sh.600036,42.9,43.8,42.85,43.57,60541319,2626484643.82
2025-03-10,sh.600036,43.49,43.58,42.82,43.07,50874971,2191791877.79
2025-03-11,sh.600036,42.77,43.64,42.71,43.51,56574109,2447134269.27
2025-03-12,sh.600036,43.5,43.86,43.25,43.54,41825836,1822497448.17
2025-03-13,sh.600036,43.6,44.38,43.5,43.84,58553928,2575079639.84
2025-03-14,sh.600036,44.0,45.47,43.94,45.16,91127535,4095818342.51
2025-03-17,sh.600036,45.32,45.5,44.98,45.04,65420973,2957486225.09
2025-03-18,sh.600036,45.29,45.38,44.82,45.14,42822001,1933102847.83
2025-03-19,sh.600036,45.28,46.1,45.1,46.02,67070594,3061182014.72
2025-03-20,sh.600036,45.92,45.92,44.78,45.24,67865603,3067327046.68
2025-03-21,sh.600036,45.12,45.34,44.52,44.7,67541170,3030118214.61
2025-03-24,sh.600036,44.55,45.19,44.55,45.05,44957619,2018232265.59
2025-03-25,sh.600036,45.0,45.5,44.95,45.09,35687155,1610425397.23
2025-03-26,sh.600036,44.5,44.59,42.61,42.66,157832632,6817699594.16
2025-03-27,sh.600036,42.75,43.74,42.74,43.26,82795081,3583722317.64
2025-03-28,sh.600036,43.3,43.45,43.06,43.22,38618409,1671063293.84
2025-03-31,sh.600036,43.21,43.78,42.61,43.29,53956888,2334387176.64
2025-04-01,sh.600036,43.28,43.29,42.75,42.87,38936035,1671945742.95
2025-04-02,sh.600036,42.87,43.15,42.68,42.73,33120189,1420244307.62
2025-04-03,sh.600036,42.02,42.85,42.02,42.65,46416550,1977833088.95
2025-04-07,sh.600036,40.94,42.0,39.39,40.83,181563292,7360169683.81
2025-04-08,sh.600036,40.78,41.2,40.44,41.15,161047736,6562173339.5
2025-04-09,sh.600036,40.6,41.02,40.3,40.46,97396935,3956703948.87
2025-04-10,sh.600036,40.99,41.45,40.55,41.1,74378875,3057795207.84
2025-04-11,sh.600036,41.11,41.69,40.81,41.51,58305691,2404586565.52
2025-04-14,sh.600036,41.68,41.91,41.41,41.48,48215984,2006762052.62
2025-04-15,sh.600036,41.49,42.29,41.45,42.1,61456386,2578602434.71
2025-04-16,sh.600036,41.98,42.58,41.82,42.25,57629358,2425842588.51
2025-04-17,sh.600036,42.12,42.36,41.85,42.12,40579288,1711632454.08
2025-04-18,sh.600036,42.13,42.79,42.05,42.75,43500128,1849158561.9
2025-04-21,sh.600036,42.66,43.08,42.28,42.28,41646585,1774479137.65
2025-04-22,sh.600036,42.31,42.54,42.01,42.01,43378813,1831804303.89
2025-04-23,sh.600036,42.3,42.3,41.77,41.99,46774359,1965588260.63
2025-04-24,sh.600036,42.0,42.38,41.95,42.21,41365185,1747384623.62
2025-04-25,sh.600036,42.29,42.55,42.04,42.08,42434993,1792844932.59
2025-04-28,sh.600036,42.15,42.56,42.03,42.35,38697317,1639160750.08
2025-04-29,sh.600036,42.35,42.65,42.0,42.0,45769853,1933096299.11
2025-04-30,sh.600036,41.64,41.64,40.51,40.74,117268210,4782474913.5
2025-05-06,sh.600036,40.9,41.41,40.51,41.37,66640999,2734586583.66
2025-05-07,sh.600036,41.79,42.23,41.31,42.02,71291388,2985699306.33
2025-05-08,sh.600036,42.01,43.42,42.0,42.8,83380964,3581050505.33
2025-05-09,sh.600036,42.8,43.6,42.8,43.48,66815472,2897563044.68
2025-05-12,sh.600036,43.45,44.4,43.11,43.8,84897409,3724155033.67
2025-05-13,sh.600036,44.09,44.65,43.85,44.56,69912417,3099990420.12
2025-05-14,sh.600036,44.55,45.3,44.32,44.81,71279018,3194543663.19
2025-05-15,sh.600036,44.83,45.38,44.65,44.92,68460048,3080577618.41
2025-05-16,sh.600036,44.75,44.98,44.03,44.27,61965535,2743750955.89
2025-05-19,sh.600036,44.2,44.46,43.75,43.84,50281701,2213557250.28
2025-05-20,sh.600036,44.03,44.61,43.87,43.9,50053483,2210731576.06
2025-05-21,sh.600036,43.95,44.37,43.84,43.9,49920035,2199193618.36
2025-05-22,sh.600036,43.9,44.56,43.75,44.51,56565562,2503244591.05
2025-05-23,sh.600036,44.51,44.68,43.9,44.05,54146009,2395482582.11
2025-05-26,sh.600036,43.89,44.17,43.63,43.8,45609975,2000068964.31
2025-05-27,sh.600036,43.8,44.15,43.67,43.74,36375001,1594752083.76
2025-05-28,sh.600036,43.78,44.05,43.6,43.68,30035524,1313730557.31
2025-05-29,sh.600036,43.7,43.95,43.45,43.47,49298970,2152530685.57
2025-05-30,sh.600036,43.55,43.88,43.35,43.43,57139144,2491890458.38
2025-06-03,sh.600036,43.5,44.43,43.5,43.97,50368513,2216746051.72
2025-06-04,sh.600036,44.05,44.27,43.9,44.06,37341667,1644649609.35
2025-06-05,sh.600036,44.06,44.42,44.0,44.37,42131680,1865235665.86
2025-06-06,sh.600036,44.45,44.71,44.3,44.47,37349895,1660462752.21
2025-06-09,sh.600036,44.6,44.68,44.21,44.6,47477446,2111750061.3
2025-06-10,sh.600036,44.57,45.05,44.45,44.67,52834892,2364300623.89
2025-06-11,sh.600036,44.72,45.68,44.72,45.31,77676108,3518360400.5
2025-06-12,sh.600036,45.4,45.65,45.1,45.23,45239070,2050510492.08
2025-06-13,sh.600036,45.24,45.35,44.95,45.18,47408056,2141145231.44
2025-06-16,sh.600036,45.08,45.81,44.95,45.78,41447435,1885267745.75
2025-06-17,sh.600036,45.88,46.05,45.71,45.98,47420901,2177741322.47
2025-06-18,sh.600036,45.92,46.07,45.65,45.85,42642859,1957406402.99
2025-06-19,sh.600036,45.84,46.06,45.37,45.63,51345430,2342843184.47
2025-06-20,sh.600036,45.73,46.18,45.55,45.99,44815652,2059058897.31
2025-06-23,sh.600036,45.9,46.34,45.43,46.25,53893148,2475802503.9
2025-06-24,sh.600036,46.31,47.0,46.18,46.75,65581461,3058493531.21
2025-06-25,sh.600036,46.75,47.5,46.59,47.5,60767987,2862914072.75
2025-06-26,sh.600036,47.49,47.88,47.05,47.88,59020064,2807185759.68
2025-06-27,sh.600036,47.85,47.87,46.04,46.22,95414320,4461309935.43
2025-06-30,sh.600036,46.13,46.29,45.77,45.95,62461363,2870068037.44
2025-07-01,sh.600036,45.96,46.67,45.92,46.45,45061309,2089060871.83
2025-07-02,sh.600036,46.7,47.16,46.45,46.9,51856318,2429269828.59
2025-07-03,sh.600036,46.9,46.95,46.34,46.61,55622576,2595710464.86
2025-07-04,sh.600036,46.6,47.5,46.4,47.07,67894832,3190053517.54
2025-07-07,sh.600036,47.07,47.3,46.7,47.2,56742742,2672021321.44
2025-07-08,sh.600036,47.28,47.67,47.1,47.62,63742101,3025850416.46
2025-07-09,sh.600036,47.5,47.77,47.13,47.13,61456635,2912999772.9
2025-07-10,sh.600036,47.1,48.55,47.1,48.24,121978404,5860161557.48
2025-07-11,sh.600036,46.28,46.5,45.62,45.64,118444284,5446393735.26
2025-07-14,sh.600036,45.65,46.09,45.44,45.57,64848437,2969040140.72
2025-07-15,sh.600036,45.77,45.92,44.8,45.22,66620626,3018332343.73
2025-07-16,sh.600036,45.26,45.54,44.88,45.11,46818639,2112241747.56
2025-07-17,sh.600036,45.1,45.33,44.91,45.0,41689506,1877218806.92
2025-07-18,sh.600036,45.05,45.16,44.74,45.05,54343057,2445283609.18
2025-07-21,sh.600036,45.05,45.23,44.83,44.85,56641201,2546034188.84
2025-07-22,sh.600036,44.85,44.98,44.21,44.94,92231906,4111116849.85
2025-07-23,sh.600036,44.97,45.7,44.96,45.12,85324905,3864679805.24
2025-07-24,sh.600036,45.21,45.36,44.8,44.88,82662013,3724435789.0
2025-07-25,sh.600036,44.84,45.17,44.75,44.83,69626423,3129427562.87
2025-07-28,sh.600036,44.8,45.16,44.41,44.44,63512720,2838575467.26
2025-07-29,sh.600036,44.44,44.8,44.14,44.14,78581282,3487013440.12
2025-07-30,sh.600036,44.17,44.75,43.93,44.42,72546085,3222441775.75
2025-07-31,sh.600036,44.4,44.56,43.85,44.48,73319517,3247588211.47
2025-08-01,sh.600036,44.5,44.97,44.35,44.42,59462094,2651723323.15
2025-08-04,sh.600036,44.31,44.97,44.31,44.9,49800832,2231447772.73
2025-08-05,sh.600036,44.78,45.4,44.64,45.25,55525830,2502003950.48
2025-08-06,sh.600036,45.29,45.73,45.11,45.12,43029640,1951697828.57
2025-08-07,sh.600036,45.12,45.6,44.96,45.15,44064325,1995029889.77
2025-08-08,sh.600036,45.2,45.28,44.53,44.53,45642153,2044145471.76
2025-08-11,sh.600036,44.53,44.63,44.1,44.1,53672371,2375089438.34
2025-08-12,sh.600036,44.13,44.48,44.0,44.0,56225243,2482688843.23
2025-08-13,sh.600036,44.14,44.25,43.49,43.54,87673736,3837405882.76
2025-08-14,sh.600036,43.55,43.94,43.5,43.78,67635168,2959763585.83
2025-08-15,sh.600036,43.66,43.74,43.3,43.3,93295684,4051326296.61
2025-08-18,sh.600036,43.1,43.67,42.89,43.51,92639738,4005818985.68
2025-08-19,sh.600036,43.45,43.7,43.29,43.4,57411852,2493609521.51
2025-08-20,sh.600036,43.3,43.63,43.15,43.45,54724013,2374776327.78
2025-08-21,sh.600036,43.5,43.59,43.23,43.47,57854002,2512170016.21
2025-08-22,sh.600036,43.47,43.48,43.04,43.26,79449625,3432029283.2
2025-08-25,sh.600036,43.32,43.87,43.11,43.87,90738990,3956212555.13
2025-08-26,sh.600036,43.89,44.02,43.42,43.52,75572231,3296532147.39
2025-08-27,sh.600036,43.5,43.66,43.0,43.0,75814078,3280973424.08
2025-08-28,sh.600036,43.02,43.3,42.6,42.98,82242557,3530397263.67
2025-08-29,sh.600036,42.98,43.99,42.89,42.89,136087899,5896873899.88
2025-09-01,sh.600036,42.62,42.64,41.88,41.98,127633329,5381676512.78
2025-09-02,sh.600036,41.86,43.5,41.86,43.44,145214114,6232062119.7
2025-09-03,sh.600036,43.44,43.57,42.7,42.9,81840560,3528703353.9
2025-09-04,sh.600036,42.81,43.32,42.14,43.05,93536328,3997574925.29
2025-09-05,sh.600036,43.0,43.02,42.53,42.76,57232838,2449941046.94
2025-09-08,sh.600036,42.7,43.1,42.37,42.43,85168162,3635065671.09
2025-09-09,sh.600036,42.42,42.88,42.4,42.83,58952653,2515896773.2
2025-09-10,sh.600036,42.8,43.15,42.56,43.0,47138694,2022413171.28
2025-09-11,sh.600036,43.13,43.33,42.78,43.3,65073072,2804175733.52
2025-09-12,sh.600036,43.38,43.47,42.42,42.54,82314003,3521647842.57
2025-09-15,sh.600036,42.48,42.79,42.11,42.22,69949106,2964121228.08
2025-09-16,sh.600036,42.32,42.43,41.66,41.75,85905078,3600259578.18
2025-09-17,sh.600036,41.76,42.19,41.7,41.76,57236258,2392440771.48
2025-09-18,sh.600036,41.78,41.84,40.8,40.83,100352240,4131887418.28
2025-09-19,sh.600036,40.8,41.53,40.55,41.0,83656307,3440376826.48
2025-09-22,sh.600036,41.15,41.37,40.8,40.92,65611030,2688228051.34
2025-09-23,sh.600036,40.98,41.75,40.63,41.55,93885081,3891395840.94
2025-09-24,sh.600036,41.5,41.89,41.29,41.32,64389951,2672303415.63
2025-09-25,sh.600036,41.32,41.36,40.81,40.82,66694887,2730478547.22
2025-09-26,sh.600036,40.81,41.0,40.3,40.8,68276667,2773964882.34
2025-09-29,sh.600036,40.77,41.29,40.36,40.68,83555055,3407163055.14
2025-09-30,sh.600036,40.65,40.79,40.41,40.41,70002520,2836889512.57
2025-10-09,sh.600036,40.21,40.44,39.82,40.33,97231953,3900217891.23
2025-10-10,sh.600036,40.3,40.65,40.13,40.18,95504979,3852817636.55
2025-10-13,sh.600036,39.76,40.3,39.7,40.11,106593617,4266014497.63
2025-10-14,sh.600036,40.09,41.49,39.83,41.26,173382668,7102543597.71
2025-10-15,sh.600036,41.25,41.57,41.01,41.5,106276702,4392820737.91
2025-10-16,sh.600036,41.5,41.99,41.13,41.93,106248776,4427156848.31
2025-10-17,sh.600036,41.88,42.22,41.38,41.59,82982705,3470670300.97
2025-10-20,sh.600036,41.61,41.79,41.1,41.42,64947729,2694843444.97
2025-10-21,sh.600036,41.49,42.1,41.49,41.98,75993124,3184239228.38
2025-10-22,sh.600036,41.98,42.2,41.73,41.95,55133364,2311324892.23
2025-10-23,sh.600036,41.95,42.49,41.78,42.24,71317373,3004975798.73
2025-10-24,sh.600036,42.35,42.45,41.85,41.95,69883194,2938870334.86
2025-10-27,sh.600036,41.9,41.97,41.42,41.59,98894862,4120096208.04
2025-10-28,sh.600036,41.62,41.72,41.23,41.6,70595074,2928533807.33
2025-10-29,sh.600036,41.53,41.53,40.69,40.77,91098760,3735043026.01
2025-10-30,sh.600036,40.8,41.36,40.73,41.2,113153844,4648170383.68
2025-10-31,sh.600036,41.26,41.3,40.84,40.89,70260700,2881797757.9
2025-11-03,sh.600036,41.14,41.97,41.06,41.79,92198068,3837027067.97
2025-11-04,sh.600036,41.84,43.11,41.81,43.01,134003592,5731414415.96
2025-11-05,sh.600036,43.1,43.47,42.75,42.8,73171377,3142006311.52
2025-11-06,sh.600036,42.65,42.89,42.31,42.34,87197274,3704094151.69
2025-11-07,sh.600036,42.4,42.72,42.28,42.51,59319118,2521251001.78
2025-11-10,sh.600036,42.45,42.88,42.28,42.72,53236873,2272065471.48
2025-11-11,sh.600036,42.69,43.04,42.52,42.96,54467066,2335614859.5
2025-11-12,sh.600036,43.12,43.36,42.93,42.93,58792878,2538488042.18
2025-11-13,sh.600036,42.97,43.3,42.74,43.21,58798006,2531083385.56
2025-11-14,sh.600036,43.24,43.59,43.18,43.25,51820955,2251121742.74
2025-11-17,sh.600036,43.1,43.2,42.5,42.65,61067446,2605355053.12
2025-11-18,sh.600036,42.56,42.91,42.44,42.88,51743927,2210394704.62
2025-11-19,sh.600036,42.88,43.5,42.8,43.22,51169639,2211527917.53
2025-11-20,sh.600036,43.22,43.79,43.05,43.23,58585152,2545450518.63
2025-11-21,sh.600036,43.24,43.55,42.76,43.0,79126405,3414438912.79
2025-11-24,sh.600036,43.1,43.21,42.51,42.63,67854882,2903502508.33
2025-11-25,sh.600036,42.66,43.3,42.44,43.25,66640949,2860710968.03
2025-11-26,sh.600036,43.34,43.63,42.97,43.25,45107206,1950643251.75
2025-11-27,sh.600036,43.18,43.39,42.6,43.19,62143434,2671439101.82
2025-11-28,sh.600036,43.1,43.12,42.82,42.95,49465789,2126261782.33
2025-12-01,sh.600036,43.08,43.47,42.93,43.44,56791942,2454940642.86
2025-12-02,sh.600036,43.44,43.65,43.22,43.38,40673497,1765681347.96
2025-12-03,sh.600036,43.27,43.58,43.0,43.01,46895972,2029264530.88
2025-12-04,sh.600036,43.05,43.42,43.01,43.22,36120746,1560898874.4
2025-12-05,sh.600036,43.25,43.55,42.91,43.45,54890622,2372985274.7
2025-12-08,sh.600036,43.44,43.64,43.07,43.18,58003881,2512101222.8
2025-12-09,sh.600036,43.18,43.3,42.83,43.04,46593870,2007147247.63
2025-12-10,sh.600036,43.08,43.08,41.55,41.7,108315686,4546989729.21
2025-12-11,sh.600036,41.86,42.05,41.41,41.68,84623107,3525927169.12
2025-12-12,sh.600036,41.75,41.83,41.48,41.74,71762547,2991877686.5
2025-12-15,sh.600036,41.74,42.28,41.63,41.8,56266557,2361986962.37
2025-12-16,sh.600036,41.78,42.13,41.43,41.7,56617635,2359934980.44
2025-12-17,sh.600036,41.6,41.85,41.23,41.52,63126744,2619154132.37
2025-12-18,sh.600036,41.54,42.42,41.4,42.37,76811931,3224732019.67
2025-12-19,sh.600036,42.37,42.48,41.91,41.99,57382341,2421818092.93
2025-12-22,sh.600036,42.08,42.13,41.71,41.77,52473989,2197149655.52
2025-12-23,sh.600036,41.74,42.04,41.66,41.91,60651014,2539576612.54
2025-12-24,sh.600036,41.93,41.99,41.55,41.83,53630520,2241620144.98
2025-12-25,sh.600036,41.93,42.08,41.7,41.78,49921351,2090265136.55
2025-12-26,sh.600036,41.79,41.88,41.62,41.7,50880959,2123779707.67
2025-12-29,sh.600036,41.66,41.93,41.42,41.87,68255105,2848984781.88
2025-12-30,sh.600036,41.9,42.48,41.78,42.28,83478293,3522122451.9
2025-12-31,sh.600036,42.24,42.33,41.92,42.1,55414239,2335536695.16
2026-01-05,sh.600036,42.48,42.8,42.27,42.35,84082964,3571507106.71
2026-01-06,sh.600036,42.45,42.79,42.09,42.73,92371482,3918152818.89
2026-01-07,sh.600036,42.75,43.02,42.14,42.15,88055952,3735889227.48
2026-01-08,sh.600036,42.2,42.25,41.3,41.58,111572692,4642639924.95
2026-01-09,sh.600036,41.54,41.76,41.12,41.3,98547074,4069939124.62
2026-01-12,sh.600036,41.3,41.43,41.0,41.12,118664058,4887859874.32
2026-01-13,sh.600036,41.2,41.38,41.03,41.13,115936473,4772124911.97
2026-01-14,sh.600036,41.13,41.17,40.06,40.07,191774380,7803195414.98
2026-01-15,sh.600036,40.11,40.42,40.0,40.11,121727094,4886718462.78
2026-01-16,sh.600036,39.49,39.5,38.65,38.72,152524530,5941062876.78
2026-01-19,sh.600036,38.73,38.92,38.5,38.55,98870273,3825610922.1
2026-01-20,sh.600036,38.57,39.13,38.51,38.73,111387322,4327688232.69
2026-01-21,sh.600036,38.92,38.94,38.18,38.24,121499985,4683716085.14
2026-01-22,sh.600036,38.27,38.58,37.8,37.85,187754633,7138121617.34
2026-01-23,sh.600036,37.85,38.17,37.38,37.5,189211273,7135111002.83
2026-01-26,sh.600036,37.5,38.3,37.31,38.02,216679416,8225997387.14
2026-01-27,sh.600036,38.06,38.51,37.87,38.1,157240627,6017368289.79
2026-01-28,sh.600036,38.12,38.44,37.7,37.8,204166688,7757392685.19
2026-01-29,sh.600036,37.88,38.65,37.55,38.53,199998187,7627788339.07
2026-01-30,sh.600036,38.53,39.17,38.53,38.67,166084303,6450474687.12
2026-02-02,sh.600036,38.88,39.3,38.41,38.45,138497888,5374972303.86
2026-02-03,sh.600036,38.67,38.67,38.14,38.3,84279156,3228439116.84
2026-02-04,sh.600036,38.3,39.02,38.26,39.01,102131628,3961153582.85
2026-02-05,sh.600036,38.94,39.92,38.91,39.71,121889452,4810048757.47
2026-02-06,sh.600036,39.7,39.95,39.31,39.6,80297978,3178037638.95
2026-02-09,sh.600036,39.6,39.74,39.33,39.48,65894891,2601539088.54
2026-02-10,sh.600036,39.49,39.56,39.31,39.34,49596465,1953983696.01
2026-02-11,sh.600036,39.36,39.45,39.2,39.4,52881696,2080370292.74
2026-02-12,sh.600036,39.4,39.42,38.73,38.99,77752571,3028037809.38
2026-02-13,sh.600036,38.95,39.09,38.63,38.71,70537032,2738389979.59
2026-02-24,sh.600036,39.2,39.41,38.82,38.94,75467438,2950566959.11
2026-02-25,sh.600036,38.9,39.15,38.72,38.78,72397149,2817141580.42
2026-02-26,sh.600036,38.8,39.02,38.5,38.7,59332534,2297277144.12
2026-02-27,sh.600036,38.75,38.95,38.64,38.75,63703472,2472164576.42
2026-03-02,sh.600036,38.6,38.87,38.42,38.67,68547313,2649577380.01
2026-03-03,sh.600036,38.66,39.55,38.56,39.18,138465642,5423934799.63
2026-03-04,sh.600036,39.01,39.03,38.01,38.6,115193902,4442287555.05
2026-03-05,sh.600036,38.66,39.24,38.63,39.15,78336979,3058463948.25
2026-03-06,sh.600036,39.1,39.32,38.95,39.2,46595667,1822138718.73
2026-03-09,sh.600036,38.9,39.18,38.75,38.79,76677490,2983734019.23
2026-03-10,sh.600036,38.94,39.24,38.8,39.22,61371700,2399803866.18
2026-03-11,sh.600036,39.3,39.5,38.95,39.5,68940710,2710371063.82
2026-03-12,sh.600036,39.45,39.58,39.33,39.5,52772330,2081987129.6
2026-03-13,sh.600036,39.46,40.05,39.35,39.76,76527668,3041555946.53
2026-03-16,sh.600036,39.77,40.04,39.64,39.91,61094451,2435208935.71
2026-03-17,sh.600036,39.89,40.36,39.83,40.12,65622927,2637804783.33
2026-03-18,sh.600036,40.13,40.32,39.79,39.92,70583141,2822439833.59
2026-03-19,sh.600036,39.88,40.04,39.7,39.77,65024684,2591832049.98
2026-03-20,sh.600036,39.85,40.08,39.66,39.75,61580273,2453063179.57
