date,code,open,high,low,close,volume,amount
2000-04-27,sh.600008,18.0,18.55,16.01,17.42,68952797,1180499316.0
2000-04-28,sh.600008,17.01,19.16,16.81,19.16,30937755,568576995.0
2000-05-08,sh.600008,21.08,21.08,20.68,21.08,16384249,345124340.0
2000-05-09,sh.600008,21.58,23.1,20.71,21.45,42558643,925299950.0
2000-05-10,sh.600008,21.35,22.49,20.5,21.7,19024058,412297814.0
2000-05-11,sh.600008,21.55,21.65,19.53,19.8,21116202,428458697.0
2000-05-12,sh.600008,19.7,20.95,19.66,20.2,9175325,186144714.0
2000-05-15,sh.600008,20.19,20.19,19.17,19.51,5125170,100497658.0
2000-05-16,sh.600008,19.5,20.2,19.2,19.8,3812449,75003444.0
2000-05-17,sh.600008,19.8,20.2,19.56,19.62,3730974,74310505.0
2000-05-18,sh.600008,19.55,20.39,19.25,20.09,5475681,109020182.0
2000-05-19,sh.600008,20.11,20.95,19.9,20.4,6659817,136445760.0
2000-05-22,sh.600008,20.5,21.24,20.3,21.24,6258045,129747807.0
2000-05-23,sh.600008,21.5,21.6,20.63,20.96,5574224,117065303.0
2000-05-24,sh.600008,20.89,21.31,20.7,20.93,5230602,109747226.0
2000-05-25,sh.600008,20.93,21.3,20.58,20.8,5116280,106195369.0
2000-05-26,sh.600008,20.8,20.8,20.38,20.39,4333730,88879014.0
2000-05-29,sh.600008,20.39,20.8,20.0,20.53,3693502,75033299.0
2000-05-30,sh.600008,20.58,20.7,20.0,20.1,3852393,77730115.0
2000-05-31,sh.600008,20.0,20.45,19.8,20.06,2386169,47942350.0
2000-06-01,sh.600008,20.05,20.39,20.0,20.1,2053507,41350621.0
2000-06-02,sh.600008,20.15,20.31,19.8,20.0,3140840,62712321.0
2000-06-05,sh.600008,20.0,20.1,19.59,19.68,3303127,65165371.0
2000-06-06,sh.600008,19.8,21.65,19.7,21.65,8587754,183073369.0
2000-06-07,sh.600008,22.93,23.33,21.8,21.95,15088229,339519691.0
2000-06-08,sh.600008,21.9,21.95,21.0,21.3,5338691,114164764.0
2000-06-09,sh.600008,21.2,21.69,20.71,20.8,3370363,71278197.0
2000-06-12,sh.600008,20.68,22.66,20.52,22.25,6772627,148436455.0
2000-06-13,sh.600008,22.25,22.45,21.86,22.08,4627124,102532018.0
2000-06-14,sh.600008,22.11,22.6,21.68,21.76,3528371,77894558.0
2000-06-15,sh.600008,21.68,22.5,21.65,22.05,2863779,63211762.0
2000-06-16,sh.600008,22.2,22.88,21.7,21.81,3604591,80346164.0
2000-06-19,sh.600008,21.7,21.99,21.52,21.55,2051194,44597901.0
2000-06-20,sh.600008,21.5,21.71,21.2,21.25,1810021,38839614.0
2000-06-21,sh.600008,21.4,22.4,21.3,21.92,2967765,64943812.0
2000-06-22,sh.600008,21.99,22.38,21.8,21.8,2742603,60512286.0
2000-06-23,sh.600008,22.38,22.99,22.0,22.41,4989695,112947777.0
2000-06-26,sh.600008,22.61,23.1,22.18,22.82,5300937,120545224.0
2000-06-27,sh.600008,22.85,22.92,22.1,22.24,2933820,65753305.0
2000-06-28,sh.600008,22.47,22.65,22.18,22.29,1639830,36691928.0
2000-06-29,sh.600008,22.3,22.35,21.85,22.15,2266387,49921787.0
2000-06-30,sh.600008,22.08,22.16,21.81,21.88,1664677,36512619.0
2000-07-03,sh.600008,21.6,21.8,21.3,21.33,2059844,44276662.0
2000-07-04,sh.600008,21.3,21.7,21.2,21.64,1401500,29939949.0
2000-07-05,sh.600008,21.64,21.68,21.2,21.29,1474750,31423503.0
2000-07-06,sh.600008,20.94,21.39,20.94,21.28,1272885,26958007.0
2000-07-07,sh.600008,21.28,21.7,21.2,21.68,751791,16169216.0
2000-07-10,sh.600008,21.68,21.68,21.13,21.24,1726284,36692753.0
2000-07-11,sh.600008,21.2,21.8,21.0,21.63,1563955,33294007.0
2000-07-12,sh.600008,21.6,21.99,21.25,21.76,1442589,31238000.0
2000-07-13,sh.600008,21.76,23.88,21.65,22.77,8863562,201449831.0
2000-07-14,sh.600008,22.69,22.8,21.93,22.1,3126365,69610952.0
2000-07-17,sh.600008,22.4,22.5,21.75,21.76,1654248,36445228.0
2000-07-18,sh.600008,21.78,22.5,21.78,21.99,845089,18609858.0
2000-07-19,sh.600008,22.0,22.15,21.65,21.68,1159723,25293133.0
2000-07-20,sh.600008,21.61,21.8,21.55,21.73,994069,21530121.0
2000-07-21,sh.600008,21.7,22.0,21.6,21.75,720850,15695035.0
2000-07-24,sh.600008,21.8,21.81,21.4,21.42,1007413,21652754.0
2000-07-25,sh.600008,21.4,21.7,21.4,21.45,770191,16539312.0
2000-07-26,sh.600008,21.49,22.25,21.49,21.82,1222462,26778972.0
2000-07-27,sh.600008,22.0,22.2,21.66,21.7,818229,17867658.0
2000-07-28,sh.600008,21.78,21.95,21.4,21.45,1357571,29284113.0
2000-07-31,sh.600008,21.42,21.7,21.28,21.53,1302383,27878067.0
2000-08-01,sh.600008,21.53,21.89,21.2,21.36,701263,15015377.0
2000-08-02,sh.600008,21.43,21.6,21.25,21.38,812796,17344691.0
2000-08-03,sh.600008,21.6,22.15,21.28,22.0,1795915,39003013.0
2000-08-04,sh.600008,22.0,22.56,21.89,22.04,3617907,80495494.0
2000-08-07,sh.600008,22.21,22.44,21.98,22.35,1449812,32189169.0
2000-08-08,sh.600008,22.25,22.36,21.88,21.95,1287053,28378897.0
2000-08-09,sh.600008,21.95,22.38,21.75,22.3,1772344,39190306.0
2000-08-10,sh.600008,22.35,23.2,22.17,22.66,5408920,123233128.0
2000-08-11,sh.600008,22.7,22.79,22.0,22.14,1715175,38294851.0
2000-08-14,sh.600008,22.08,22.4,22.01,22.18,1040585,23033677.0
2000-08-15,sh.600008,22.18,22.67,22.04,22.67,1326722,29597842.0
2000-08-16,sh.600008,22.62,23.45,22.55,22.8,4737177,109335856.0
2000-08-17,sh.600008,22.7,23.07,22.5,22.8,1522483,34614582.0
2000-08-18,sh.600008,22.81,23.3,22.81,22.89,2676945,61796137.0
2000-08-21,sh.600008,23.0,24.28,22.98,24.11,6377968,150714206.0
2000-08-22,sh.600008,24.11,24.77,23.37,23.37,7475900,180850571.0
2000-08-23,sh.600008,23.2,24.38,22.4,24.02,8806359,205534861.0
2000-08-24,sh.600008,24.38,24.7,23.6,24.22,5183355,125926126.0
2000-08-25,sh.600008,24.22,24.48,23.75,24.1,3377660,81062617.0
2000-08-28,sh.600008,24.1,24.3,23.85,24.0,2143831,51486677.0
2000-08-29,sh.600008,24.0,25.58,24.0,25.2,6111192,152649201.0
2000-08-30,sh.600008,25.11,25.39,24.49,24.55,3841518,95472339.0
2000-08-31,sh.600008,24.4,24.54,23.7,23.8,4944774,118991784.0
2000-09-01,sh.600008,23.51,23.78,23.0,23.15,3399105,79743022.0
2000-09-04,sh.600008,23.0,23.75,23.0,23.75,2329141,54721614.0
2000-09-05,sh.600008,23.76,23.8,22.85,23.0,1708962,39792846.0
2000-09-06,sh.600008,22.89,23.0,22.1,22.1,3210115,72449472.0
2000-09-07,sh.600008,22.1,23.0,22.1,22.49,1402994,31519959.0
2000-09-08,sh.600008,22.5,22.75,22.36,22.49,943810,21275830.0
2000-09-11,sh.600008,22.5,22.84,22.3,22.8,685686,15493801.0
2000-09-12,sh.600008,22.75,22.98,22.56,22.7,638139,14494835.0
2000-09-13,sh.600008,22.6,23.0,22.53,22.7,942721,21475067.0
2000-09-14,sh.600008,22.7,22.9,22.46,22.51,912020,20656843.0
2000-09-15,sh.600008,22.51,22.8,22.12,22.2,1261705,28087212.0
2000-09-18,sh.600008,22.2,22.5,21.65,21.71,1279713,28203221.0
2000-09-19,sh.600008,21.58,21.58,20.99,21.03,1581597,33456243.0
2000-09-20,sh.600008,21.0,21.6,20.9,21.58,995926,21062781.0
2000-09-21,sh.600008,21.48,21.48,21.02,21.1,504218,10671955.0
2000-09-22,sh.600008,21.05,21.1,20.95,21.0,630389,13240478.0
2000-09-26,sh.600008,21.0,21.8,20.96,21.58,452247,9580127.0
2000-09-27,sh.600008,21.49,21.49,21.1,21.41,448168,9564696.0
2000-09-28,sh.600008,21.2,21.58,21.0,21.03,706780,14963321.0
2000-09-29,sh.600008,20.98,21.25,20.6,20.91,1274794,26663394.0
2000-10-09,sh.600008,21.0,21.0,20.15,20.25,1122890,22906260.0
2000-10-10,sh.600008,20.25,20.74,20.2,20.53,891640,18260806.0
2000-10-11,sh.600008,20.25,22.0,20.0,21.2,4997309,104759729.0
2000-10-12,sh.600008,21.0,21.38,20.6,20.68,1605546,33609010.0
2000-10-13,sh.600008,20.67,20.9,20.3,20.58,1069442,21941113.0
2000-10-16,sh.600008,20.4,20.58,20.18,20.58,797864,16199828.0
2000-10-17,sh.600008,20.5,20.58,20.22,20.38,506900,10321174.0
2000-10-18,sh.600008,20.38,20.99,20.25,20.85,1057001,21821657.0
2000-10-19,sh.600008,20.85,20.97,20.3,20.41,864140,17657660.0
2000-10-20,sh.600008,20.45,21.34,20.2,21.16,2081492,43693391.0
2000-10-23,sh.600008,21.3,21.3,20.9,21.16,1055025,22221066.0
2000-10-24,sh.600008,21.16,21.36,21.0,21.3,986106,20888874.0
2000-10-25,sh.600008,21.34,21.96,21.34,21.45,2179680,47178724.0
2000-10-26,sh.600008,21.48,21.55,21.28,21.4,787086,16802137.0
2000-10-27,sh.600008,21.4,21.45,20.76,20.9,2008285,42053582.0
2000-10-30,sh.600008,20.9,21.0,20.51,20.85,1392158,28955202.0
2000-10-31,sh.600008,20.77,20.99,20.65,20.76,621591,12913194.0
2000-11-01,sh.600008,20.8,20.99,20.68,20.8,986000,20464592.0
2000-11-02,sh.600008,20.9,20.94,20.68,20.7,1466159,30449655.0
2000-11-03,sh.600008,20.72,21.4,20.71,21.18,1604103,33988377.0
2000-11-06,sh.600008,21.18,21.3,20.9,21.06,914198,19264843.0
2000-11-07,sh.600008,21.18,21.44,21.0,21.19,1471292,31125322.0
2000-11-08,sh.600008,21.26,21.86,21.18,21.7,2710088,58560173.0
2000-11-09,sh.600008,21.74,21.85,21.5,21.69,2077452,45014194.0
2000-11-10,sh.600008,21.8,22.38,21.71,21.87,2897525,63731076.0
2000-11-13,sh.600008,21.95,22.7,21.95,22.35,3767430,84378271.0
2000-11-14,sh.600008,22.5,22.54,22.0,22.4,1614456,35917416.0
2000-11-15,sh.600008,22.4,22.4,22.0,22.11,1543809,34233840.0
2000-11-16,sh.600008,22.12,22.34,21.8,21.93,1704914,37480552.0
2000-11-17,sh.600008,22.0,22.4,21.93,22.4,1533990,33960416.0
2000-11-20,sh.600008,22.5,22.5,21.9,22.02,1171359,25849391.0
2000-11-21,sh.600008,22.03,22.38,21.95,22.09,1560562,34550233.0
2000-11-22,sh.600008,22.2,23.18,22.1,22.72,2266140,51498027.0
2000-11-23,sh.600008,23.0,23.0,22.4,22.55,1222053,27699581.0
2000-11-24,sh.600008,22.5,22.7,21.51,21.63,2101211,46299156.0
2000-11-27,sh.600008,21.5,21.65,21.25,21.38,1203823,25739249.0
2000-11-28,sh.600008,21.38,21.7,21.38,21.5,674080,14492602.0
2000-11-29,sh.600008,21.6,21.6,21.11,21.25,918935,19584842.0
2000-11-30,sh.600008,21.16,21.3,21.0,21.16,775965,16408157.0
2000-12-01,sh.600008,21.21,21.86,21.16,21.55,1352308,29102515.0
2000-12-04,sh.600008,21.58,21.72,21.31,21.48,621263,13309737.0
2000-12-05,sh.600008,21.5,21.65,21.15,21.3,901309,19181371.0
2000-12-06,sh.600008,21.3,21.48,21.05,21.1,1083000,22974523.0
2000-12-07,sh.600008,20.9,21.2,20.9,21.03,853276,17934957.0
2000-12-08,sh.600008,21.04,21.11,20.8,20.88,1062090,22256315.0
2000-12-11,sh.600008,20.87,20.88,20.5,20.6,912464,18819386.0
2000-12-12,sh.600008,20.7,20.97,20.6,20.88,624996,13015185.0
2000-12-13,sh.600008,21.0,21.25,20.8,20.88,763815,16011739.0
2000-12-14,sh.600008,20.85,21.09,20.7,20.74,455010,9462128.0
2000-12-15,sh.600008,20.9,21.46,19.42,21.35,1170103,24525251.0
2000-12-18,sh.600008,21.2,22.07,21.11,21.74,2157031,46801777.0
2000-12-19,sh.600008,21.81,21.9,21.4,21.68,847660,18339573.0
2000-12-20,sh.600008,21.78,21.78,21.38,21.68,1034641,22347806.0
2000-12-21,sh.600008,21.9,22.3,21.62,21.69,1862785,41095562.0
2000-12-22,sh.600008,21.8,22.15,21.7,21.89,1091500,23938383.0
2000-12-25,sh.600008,21.85,22.35,21.8,21.98,1149266,25330004.0
2000-12-26,sh.600008,21.95,22.2,21.7,21.87,674652,14759637.0
2000-12-27,sh.600008,21.88,21.98,21.03,21.3,1045154,22537956.0
2000-12-28,sh.600008,21.3,21.69,21.3,21.62,811241,17404229.0
2000-12-29,sh.600008,21.59,21.78,21.55,21.68,606300,13141239.0
2001-01-02,sh.600008,21.82,22.12,21.79,22.02,1004684,22098414.0
2001-01-03,sh.600008,22.1,22.4,22.0,22.3,1503326,33434163.0
2001-01-04,sh.600008,22.36,22.49,22.0,22.08,940844,20900475.0
2001-01-05,sh.600008,22.09,22.3,22.0,22.08,1198200,26482892.0
2001-01-08,sh.600008,22.1,22.3,21.58,21.8,1115944,24338371.0
2001-01-09,sh.600008,21.6,21.85,21.2,21.5,1257699,27047564.0
2001-01-10,sh.600008,21.5,21.85,21.4,21.61,1470756,31747991.0
2001-01-11,sh.600008,21.65,22.2,21.59,22.01,2722120,59480505.0
2001-01-12,sh.600008,22.0,22.15,21.9,21.99,1085349,23889523.0
2001-01-15,sh.600008,22.0,22.0,20.9,20.99,1825280,38908453.0
2001-01-16,sh.600008,20.89,21.1,20.1,20.58,2936617,60181382.0
2001-01-17,sh.600008,20.98,20.98,20.1,20.36,1792232,36479041.0
2001-01-18,sh.600008,20.49,20.73,20.0,20.7,2047185,41643242.0
2001-01-19,sh.600008,20.8,20.9,20.7,20.83,777259,16170708.0
2001-02-05,sh.600008,20.87,20.98,20.0,20.2,954130,19415292.0
2001-02-06,sh.600008,20.18,20.18,19.0,19.8,1422278,27842934.0
2001-02-07,sh.600008,19.8,19.82,19.15,19.2,1286594,24822850.0
2001-02-08,sh.600008,19.2,19.5,17.85,17.98,2883076,53435961.0
2001-02-09,sh.600008,18.01,18.5,17.88,18.24,1918702,34754910.0
2001-02-12,sh.600008,18.3,18.4,17.8,17.9,1505653,27040485.0
2001-02-13,sh.600008,18.04,18.45,17.97,18.12,2221910,40214870.0
2001-02-14,sh.600008,18.2,18.41,18.15,18.36,525454,9621540.0
2001-02-15,sh.600008,18.4,18.47,18.1,18.16,704885,12922705.0
2001-02-16,sh.600008,18.16,18.3,17.65,17.96,1399684,24958624.0
2001-02-19,sh.600008,18.0,18.3,17.9,18.21,932249,16895291.0
2001-02-20,sh.600008,18.21,18.42,17.9,18.12,1354829,24633909.0
2001-02-21,sh.600008,18.12,18.12,17.81,18.03,589404,10605109.0
2001-02-22,sh.600008,18.0,18.2,17.8,18.14,440506,7940262.0
2001-02-23,sh.600008,18.12,18.4,18.1,18.4,478611,8752083.0
2001-02-26,sh.600008,19.0,19.0,18.45,18.8,1318405,24633313.0
2001-02-27,sh.600008,18.9,18.92,18.56,18.67,675461,12634588.0
2001-02-28,sh.600008,18.7,18.86,18.5,18.75,514890,9662855.0
2001-03-01,sh.600008,18.8,18.97,18.71,18.9,1216652,22947184.0
2001-03-02,sh.600008,18.85,19.0,18.8,18.9,683393,12931627.0
2001-03-05,sh.600008,18.9,18.91,18.6,18.62,642948,12017893.0
2001-03-06,sh.600008,18.6,18.6,18.28,18.4,670203,12313351.0
2001-03-07,sh.600008,18.4,18.7,18.4,18.51,241659,4483163.0
2001-03-08,sh.600008,18.55,18.63,18.4,18.6,351796,6513110.0
2001-03-09,sh.600008,18.8,18.95,18.4,18.88,689645,12957484.0
2001-03-12,sh.600008,18.9,18.92,18.56,18.66,487425,9106775.0
2001-03-13,sh.600008,18.6,18.91,18.56,18.75,354320,6642611.0
2001-03-14,sh.600008,18.75,18.88,18.59,18.86,440875,8250087.0
2001-03-15,sh.600008,18.88,18.9,18.78,18.79,477738,9000415.0
2001-03-16,sh.600008,18.8,19.5,18.8,19.3,1870372,36119126.0
2001-03-19,sh.600008,19.31,19.59,19.28,19.5,965306,18792482.0
2001-03-20,sh.600008,19.51,19.58,19.28,19.34,746563,14496105.0
2001-03-21,sh.600008,19.36,19.4,19.1,19.28,587469,11276266.0
2001-03-22,sh.600008,19.38,19.84,19.35,19.46,950280,18623779.0
2001-03-23,sh.600008,19.5,19.55,18.98,19.0,980638,18826430.0
2001-03-26,sh.600008,18.97,19.2,18.9,19.18,848848,16202928.0
2001-03-27,sh.600008,19.25,19.5,19.16,19.39,677958,13073940.0
2001-03-28,sh.600008,19.3,19.75,19.3,19.58,770406,15057244.0
2001-03-29,sh.600008,19.65,19.84,19.5,19.52,603200,11863467.0
2001-03-30,sh.600008,19.4,19.62,19.36,19.45,615016,11969468.0
2001-04-02,sh.600008,19.45,20.14,19.43,19.86,1578126,31503467.0
2001-04-03,sh.600008,19.95,19.95,19.6,19.72,615149,12143044.0
2001-04-04,sh.600008,19.72,19.9,19.1,19.23,930550,18153952.0
2001-04-05,sh.600008,19.2,19.4,19.05,19.39,660800,12695873.0
2001-04-06,sh.600008,19.9,19.9,18.87,19.4,652417,12640027.0
2001-04-09,sh.600008,19.39,19.39,19.1,19.3,579384,11129002.0
2001-04-10,sh.600008,19.3,19.35,19.1,19.18,772486,14833948.0
2001-04-11,sh.600008,19.2,19.3,19.0,19.1,786793,15024163.0
2001-04-12,sh.600008,19.1,19.3,18.98,19.19,884143,16884137.0
2001-04-13,sh.600008,19.19,19.4,19.1,19.3,551520,10588490.0
2001-04-16,sh.600008,19.3,19.99,19.3,19.78,1036826,20391111.0
2001-04-17,sh.600008,19.78,19.87,19.5,19.8,984966,19357310.0
2001-04-18,sh.600008,19.8,19.85,19.55,19.64,794584,15608325.0
2001-04-19,sh.600008,19.55,19.61,19.3,19.33,904924,17511558.0
2001-04-20,sh.600008,19.98,19.98,19.5,19.55,975084,19183946.0
2001-04-23,sh.600008,19.5,19.76,19.18,19.3,887157,17156135.0
2001-04-24,sh.600008,19.3,19.36,19.12,19.18,860980,16553449.0
2001-04-25,sh.600008,19.38,19.4,18.8,18.9,1275418,24231139.0
2001-04-26,sh.600008,18.85,18.89,18.5,18.6,1144400,21368125.0
2001-04-27,sh.600008,18.6,18.78,18.48,18.53,1249282,23198845.0
2001-04-30,sh.600008,18.56,18.8,18.56,18.69,446061,8330088.0
2001-05-08,sh.600008,18.69,18.9,18.52,18.89,262690,4918258.0
2001-05-09,sh.600008,18.9,18.9,18.6,18.65,465650,8693685.0
2001-05-10,sh.600008,18.65,18.68,18.45,18.51,655520,12146790.0
2001-05-11,sh.600008,18.55,18.6,18.34,18.42,701044,12912344.0
2001-05-14,sh.600008,18.55,18.77,18.4,18.75,712171,13228097.0
2001-05-15,sh.600008,18.8,19.21,18.74,18.95,822878,15666806.0
2001-05-16,sh.600008,19.1,19.1,18.8,18.85,580501,10953146.0
2001-05-17,sh.600008,18.99,19.0,18.68,18.7,790860,14863596.0
2001-05-18,sh.600008,18.7,18.89,18.6,18.73,1073727,20096216.0
2001-05-22,sh.600008,18.89,19.18,18.85,18.99,968336,18398011.0
2001-05-23,sh.600008,19.0,19.05,18.66,18.68,725750,13628900.0
2001-05-24,sh.600008,18.68,18.7,18.3,18.37,1317612,24319717.0
2001-05-25,sh.600008,18.37,18.6,18.35,18.44,591620,10898204.0
2001-05-28,sh.600008,18.6,18.7,18.38,18.4,714700,13214964.0
2001-05-29,sh.600008,18.41,18.49,18.38,18.39,516555,9511910.0
2001-05-30,sh.600008,18.4,18.8,18.4,18.6,742036,13756737.0
2001-05-31,sh.600008,18.63,19.12,18.63,18.98,888327,16777444.0
2001-06-01,sh.600008,19.0,19.0,18.7,18.77,755185,14227695.0
2001-06-04,sh.600008,18.77,19.0,18.58,18.89,846424,15900227.0
2001-06-05,sh.600008,18.9,19.48,18.89,19.35,1513127,29102374.0
2001-06-06,sh.600008,19.5,19.55,19.2,19.31,1226125,23718689.0
2001-06-07,sh.600008,19.33,19.4,19.05,19.08,650088,12458387.0
2001-06-08,sh.600008,19.0,19.1,18.86,18.99,595750,11280549.0
2001-06-11,sh.600008,19.0,19.08,18.78,18.8,637300,12051602.0
2001-06-12,sh.600008,18.88,18.9,18.66,18.78,691632,12932977.0
2001-06-13,sh.600008,18.78,19.18,18.78,19.11,675902,12840535.0
2001-06-14,sh.600008,18.72,19.36,18.72,18.85,1012380,19407588.0
2001-06-15,sh.600008,18.86,19.38,18.86,19.37,1235729,23714082.0
2001-06-18,sh.600008,19.4,19.5,19.01,19.12,766581,14730200.0
2001-06-19,sh.600008,19.12,20.75,19.12,20.13,6481002,130643988.0
2001-06-20,sh.600008,20.2,20.25,19.8,19.9,2521254,50545545.0
2001-06-21,sh.600008,19.95,20.24,19.82,20.18,1521896,30502061.0
2001-06-22,sh.600008,20.19,20.64,20.18,20.4,2234335,45754632.0
2001-06-25,sh.600008,20.5,20.8,20.22,20.55,1802608,36964505.0
2001-06-26,sh.600008,20.55,20.6,20.35,20.43,1394551,28508253.0
2001-06-27,sh.600008,20.33,20.4,20.0,20.08,880890,17755669.0
2001-06-28,sh.600008,20.1,20.6,20.1,20.2,1115676,22655497.0
2001-06-29,sh.600008,20.3,20.99,20.3,20.8,3950106,82131168.0
2001-07-02,sh.600008,21.15,22.1,21.08,21.95,11295300,246490740.0
2001-07-03,sh.600008,21.95,22.09,21.52,21.94,4348064,95124954.0
2001-07-04,sh.600008,21.95,22.19,21.8,21.99,3423156,75463041.0
2001-07-05,sh.600008,22.0,22.27,21.35,21.48,3680517,80390722.0
2001-07-06,sh.600008,21.38,21.65,21.2,21.28,1971524,42105983.0
2001-07-09,sh.600008,21.2,22.08,21.2,22.05,4455100,97451629.0
2001-07-10,sh.600008,22.1,22.29,21.82,22.02,2799181,61719418.0
2001-07-11,sh.600008,22.1,22.14,21.68,21.72,2569298,56220856.0
2001-07-12,sh.600008,21.77,21.83,21.3,21.55,2735696,58990588.0
2001-07-13,sh.600008,21.6,21.95,21.31,21.47,4853603,105133310.0
2001-07-16,sh.600008,23.58,23.58,21.67,21.88,20996492,478812911.0
2001-07-17,sh.600008,21.88,21.94,20.75,21.0,5039477,106897000.0
2001-07-18,sh.600008,21.0,21.49,20.92,21.25,1244566,26338385.0
2001-07-19,sh.600008,21.3,21.58,21.1,21.5,1581885,33806074.0
2001-07-20,sh.600008,21.62,22.48,21.5,21.99,5009519,110712548.0
2001-07-23,sh.600008,22.1,22.3,21.83,21.91,2024204,44628690.0
2001-07-24,sh.600008,21.89,21.89,21.08,21.25,2233301,47789535.0
2001-07-25,sh.600008,21.08,21.6,20.92,21.1,1240617,26242013.0
2001-07-26,sh.600008,21.15,21.28,20.5,20.62,1010789,21015046.0
2001-07-27,sh.600008,20.6,20.78,19.85,19.9,1282175,25939617.0
2001-07-30,sh.600008,19.75,19.75,18.4,18.55,1889455,36308229.0
2001-07-31,sh.600008,18.3,19.25,18.18,18.8,1532701,28819782.0
2001-08-01,sh.600008,18.8,19.5,18.8,19.29,1803839,34754238.0
2001-08-02,sh.600008,19.25,19.35,18.29,18.97,2283701,42585166.0
2001-08-03,sh.600008,18.97,19.18,18.5,18.82,442393,8333609.0
2001-08-06,sh.600008,18.8,18.8,17.9,18.3,1615365,29378457.0
2001-08-07,sh.600008,18.11,18.48,17.8,18.29,1626761,29347648.0
2001-08-08,sh.600008,18.3,18.39,17.88,17.92,1030390,18568112.0
2001-08-09,sh.600008,18.19,18.49,18.11,18.4,999879,18318090.0
2001-08-10,sh.600008,18.5,19.0,18.46,18.85,2490801,46785790.0
2001-08-13,sh.600008,18.95,19.0,18.58,18.78,524655,9861019.0
2001-08-14,sh.600008,18.73,18.8,18.26,18.39,834545,15447159.0
2001-08-15,sh.600008,18.3,18.62,18.2,18.5,615671,11314242.0
2001-08-16,sh.600008,18.61,18.61,17.99,18.1,965794,17556923.0
2001-08-17,sh.600008,18.09,18.26,18.02,18.17,585354,10630475.0
2001-08-20,sh.600008,18.28,18.41,18.0,18.38,237105,4333228.0
2001-08-21,sh.600008,18.4,18.78,18.4,18.5,336369,6240528.0
2001-08-22,sh.600008,18.45,18.45,18.0,18.2,761866,13801712.0
2001-08-23,sh.600008,18.1,18.1,17.7,17.98,1276638,22831608.0
2001-08-24,sh.600008,18.0,18.38,17.8,17.93,586880,10580851.0
2001-08-27,sh.600008,17.9,17.9,16.86,16.9,2233249,38405381.0
2001-08-28,sh.600008,16.75,17.2,16.6,17.2,724247,12179660.0
2001-08-29,sh.600008,17.21,17.4,17.02,17.05,373794,6418906.0
2001-08-30,sh.600008,17.0,17.08,16.5,16.82,363073,6125678.0
2001-08-31,sh.600008,16.82,16.95,16.6,16.66,556714,9310234.0
2001-09-03,sh.600008,16.68,16.68,16.1,16.15,801714,13039988.0
2001-09-04,sh.600008,16.16,16.5,16.15,16.46,590483,9668221.0
2001-09-05,sh.600008,16.48,17.07,16.48,16.98,1053543,17780394.0
2001-09-06,sh.600008,17.0,17.0,16.72,16.8,418275,7043354.0
2001-09-07,sh.600008,16.7,16.98,16.4,16.4,668850,11112346.0
2001-09-10,sh.600008,16.2,16.95,15.9,16.7,770302,12777949.0
2001-09-11,sh.600008,16.75,17.06,16.58,16.83,630720,10629996.0
2001-09-12,sh.600008,16.0,16.68,15.8,16.39,1545472,25221906.0
2001-09-13,sh.600008,16.4,16.66,16.4,16.45,412700,6821194.0
2001-09-14,sh.600008,16.45,16.49,16.11,16.15,603582,9790502.0
2001-09-17,sh.600008,16.09,16.2,15.98,16.0,999339,16055544.0
2001-09-18,sh.600008,16.2,16.4,15.95,16.13,493470,7927714.0
2001-09-19,sh.600008,16.24,16.32,16.0,16.32,504573,8130811.0
2001-09-20,sh.600008,16.38,16.53,16.25,16.28,800075,13118365.0
2001-09-21,sh.600008,16.15,16.3,16.01,16.15,233510,3769577.0
2001-09-24,sh.600008,16.15,16.3,16.1,16.13,179349,2895439.0
2001-09-25,sh.600008,16.3,16.38,16.01,16.07,266520,4290146.0
2001-09-26,sh.600008,16.28,16.28,15.94,15.95,323560,5174532.0
2001-09-27,sh.600008,15.95,16.0,14.36,14.36,2075240,30844064.0
2001-09-28,sh.600008,13.88,14.5,12.92,14.5,7494881,101186687.0
2001-10-08,sh.600008,13.8,14.29,13.51,13.66,1301730,18098480.0
2001-10-09,sh.600008,13.6,13.88,13.51,13.58,557010,7614152.0
2001-10-10,sh.600008,13.55,13.8,13.01,13.02,1038910,13813286.0
2001-10-11,sh.600008,12.5,12.69,11.9,12.0,6602310,80829412.0
2001-10-12,sh.600008,12.03,12.63,11.65,12.47,6183851,75436714.0
2001-10-15,sh.600008,12.45,12.61,12.15,12.42,2153461,26775742.0
2001-10-16,sh.600008,12.52,12.55,12.0,12.13,1453720,17817454.0
2001-10-17,sh.600008,12.08,12.48,11.79,12.0,1482570,17826276.0
2001-10-18,sh.600008,11.9,12.1,11.8,11.82,786600,9364643.0
2001-10-19,sh.600008,11.78,11.85,11.08,11.29,3214998,36507857.0
2001-10-22,sh.600008,11.08,11.49,11.03,11.22,5571297,62300559.0
2001-10-23,sh.600008,12.34,12.34,12.34,12.34,2209121,27260553.0
2001-10-24,sh.600008,13.57,13.57,13.3,13.57,19762048,267911346.0
2001-10-25,sh.600008,13.58,14.22,13.11,13.78,17081623,236592556.0
2001-10-26,sh.600008,13.56,14.25,13.5,14.04,8855857,123856202.0
2001-10-29,sh.600008,14.09,14.54,14.09,14.16,5859130,83966654.0
2001-10-30,sh.600008,14.2,14.26,13.88,13.88,3477497,48709786.0
2001-10-31,sh.600008,13.8,14.09,13.51,14.08,2339527,32157054.0
2001-11-01,sh.600008,14.08,14.45,14.02,14.35,3428484,48950832.0
2001-11-02,sh.600008,14.31,14.42,14.13,14.28,2353485,33592536.0
2001-11-05,sh.600008,14.27,14.27,13.86,13.88,1746350,24432984.0
2001-11-06,sh.600008,13.85,14.21,13.85,14.08,1316013,18509309.0
2001-11-07,sh.600008,14.15,14.2,13.33,13.4,2617400,35794756.0
2001-11-08,sh.600008,13.3,14.35,13.16,14.25,4998611,69285090.0
2001-11-09,sh.600008,14.38,15.36,14.05,14.9,12041265,179018239.0
2001-11-12,sh.600008,15.05,15.15,14.81,14.89,5116708,76705936.0
2001-11-13,sh.600008,14.51,15.0,14.51,14.7,2580195,38150068.0
2001-11-14,sh.600008,14.68,15.18,14.68,14.93,2449583,36580546.0
2001-11-15,sh.600008,15.0,15.25,14.9,15.19,3004616,45314071.0
2001-11-16,sh.600008,16.5,16.69,15.17,15.2,25170084,396887479.0
2001-11-19,sh.600008,15.1,15.48,15.02,15.35,3763562,57421099.0
2001-11-20,sh.600008,15.36,15.68,14.8,14.9,11289346,171840999.0
2001-11-21,sh.600008,14.9,15.14,14.72,14.99,5442597,81275985.0
2001-11-22,sh.600008,14.9,15.08,14.71,14.96,3401492,50709215.0
2001-11-23,sh.600008,15.0,15.65,14.91,15.43,9098654,140271029.0
2001-11-26,sh.600008,15.43,15.74,15.38,15.6,8271865,128783447.0
2001-11-27,sh.600008,15.63,15.88,15.53,15.78,5854269,92114630.0
2001-11-28,sh.600008,15.88,15.92,15.61,15.81,6032329,95175978.0
2001-11-29,sh.600008,15.79,15.81,15.59,15.6,3348856,52516521.0
2001-11-30,sh.600008,15.6,15.73,15.44,15.69,3663443,57017551.0
2001-12-03,sh.600008,15.69,15.76,15.45,15.6,6269146,97398480.0
2001-12-04,sh.600008,15.6,15.9,15.45,15.85,5340690,83819873.0
2001-12-05,sh.600008,15.81,15.9,15.3,15.35,4614358,71949360.0
2001-12-06,sh.600008,15.3,15.51,15.05,15.3,3163235,48298562.0
2001-12-07,sh.600008,15.23,15.4,15.1,15.15,1920730,29211859.0
2001-12-10,sh.600008,15.15,15.15,14.73,14.98,2807528,41784780.0
2001-12-11,sh.600008,15.0,15.0,14.71,14.72,1642199,24330071.0
2001-12-12,sh.600008,14.7,15.0,14.65,14.73,1546165,22895731.0
2001-12-13,sh.600008,14.73,14.95,14.65,14.69,1438241,21262702.0
2001-12-14,sh.600008,14.7,14.75,14.25,14.27,1757863,25396975.0
2001-12-17,sh.600008,14.02,14.23,13.7,13.75,2270390,31545309.0
2001-12-18,sh.600008,13.74,14.28,13.72,14.25,2908177,40684757.0
2001-12-19,sh.600008,14.34,14.36,13.89,13.94,2113519,29785759.0
2001-12-20,sh.600008,13.9,13.9,13.48,13.59,3043375,41282010.0
2001-12-21,sh.600008,13.58,13.68,13.32,13.67,1184070,16017524.0
2001-12-24,sh.600008,13.67,13.67,13.03,13.1,1646112,21823541.0
2001-12-25,sh.600008,13.09,13.18,12.81,12.89,1741267,22549832.0
2001-12-26,sh.600008,12.9,13.48,12.89,13.44,1626899,21650715.0
2001-12-27,sh.600008,13.55,13.78,13.45,13.52,1743114,23726671.0
2001-12-28,sh.600008,13.5,13.72,13.44,13.65,739572,10020259.0
2001-12-31,sh.600008,13.59,13.7,13.45,13.49,1012224,13736288.0
2002-01-04,sh.600008,13.48,13.55,13.0,13.09,852390,11303934.0
2002-01-07,sh.600008,12.98,13.06,12.8,13.05,1151141,14870615.0
2002-01-08,sh.600008,13.05,13.23,12.84,12.86,936650,12165929.0
2002-01-09,sh.600008,12.86,12.86,12.45,12.51,1642633,20760905.0
2002-01-10,sh.600008,12.49,13.09,12.19,13.05,2694513,33661865.0
2002-01-11,sh.600008,12.98,13.05,12.65,12.66,2149843,27603347.0
2002-01-14,sh.600008,12.25,12.58,12.2,12.32,2437977,30189774.0
2002-01-15,sh.600008,12.27,12.5,12.05,12.07,2250622,27632354.0
2002-01-16,sh.600008,12.08,12.45,11.81,12.36,2451692,29792421.0
2002-01-17,sh.600008,12.45,12.45,11.87,11.96,1920930,23321596.0
2002-01-18,sh.600008,11.9,12.56,11.8,12.38,4112306,50702143.0
2002-01-21,sh.600008,12.33,12.46,12.22,12.44,1927459,23780259.0
2002-01-22,sh.600008,12.4,12.98,12.36,12.7,4140646,52879911.0
2002-01-23,sh.600008,12.7,13.65,12.64,13.63,4463289,58499153.0
2002-01-24,sh.600008,13.4,13.95,13.1,13.5,7084392,96479319.0
2002-01-25,sh.600008,13.36,13.67,13.26,13.42,2286567,30820240.0
2002-01-28,sh.600008,13.01,13.39,12.21,12.35,5874367,74869777.0
2002-01-29,sh.600008,12.21,12.95,12.18,12.92,3312823,41983518.0
2002-01-30,sh.600008,12.89,13.03,12.67,12.8,2126331,27353312.0
2002-01-31,sh.600008,13.01,14.08,13.01,13.87,8849624,121611404.0
2002-02-01,sh.600008,13.88,14.39,13.76,13.88,6132568,86127978.0
2002-02-04,sh.600008,13.9,14.26,13.85,14.13,3008738,42308833.0
2002-02-05,sh.600008,14.13,14.3,14.05,14.14,2594740,36759193.0
2002-02-06,sh.600008,14.1,14.18,13.71,13.75,3509803,48673705.0
2002-02-07,sh.600008,13.7,14.1,13.65,13.95,1928571,26897864.0
2002-02-08,sh.600008,14.01,14.24,13.92,13.95,1711000,23985553.0
2002-02-25,sh.600008,14.2,14.41,14.08,14.22,2524105,35961194.0
2002-02-26,sh.600008,14.2,14.41,14.0,14.4,1885548,26879805.0
2002-02-27,sh.600008,14.4,14.46,14.21,14.37,1224493,17596567.0
2002-02-28,sh.600008,14.39,14.4,14.02,14.1,1722741,24440529.0
2002-03-01,sh.600008,14.2,14.25,13.96,13.97,1256917,17635945.0
2002-03-04,sh.600008,13.95,14.18,13.85,14.17,1516332,21343779.0
2002-03-05,sh.600008,14.18,14.62,14.16,14.4,2790178,40288437.0
2002-03-06,sh.600008,14.42,14.83,14.4,14.5,4440684,64887890.0
2002-03-07,sh.600008,14.5,14.89,14.5,14.86,3765775,55292810.0
2002-03-08,sh.600008,14.93,15.1,14.67,14.91,7122630,105978204.0
2002-03-11,sh.600008,14.83,15.08,14.7,14.9,3871397,57480435.0
2002-03-12,sh.600008,14.9,14.94,14.49,14.55,4353569,63952869.0
2002-03-13,sh.600008,14.5,14.8,14.4,14.44,3094923,45109564.0
2002-03-14,sh.600008,14.44,14.7,14.35,14.7,2636012,38192711.0
2002-03-15,sh.600008,14.78,15.3,14.6,14.62,8977591,134958172.0
2002-03-18,sh.600008,15.0,15.02,14.4,14.54,2509797,36896096.0
2002-03-19,sh.600008,14.65,15.0,14.5,14.92,2436876,36166657.0
2002-03-20,sh.600008,15.02,15.32,14.86,15.08,6056289,91255197.0
2002-03-21,sh.600008,15.08,15.26,14.8,14.9,2846392,42750569.0
2002-03-22,sh.600008,14.9,14.99,14.6,14.72,1963308,28933186.0
2002-03-25,sh.600008,14.72,14.92,14.64,14.84,1212998,17910681.0
2002-03-26,sh.600008,14.84,14.84,14.4,14.48,2349463,34122819.0
2002-03-27,sh.600008,14.35,14.58,14.35,14.46,1597697,23064131.0
2002-03-28,sh.600008,14.46,14.55,14.38,14.41,1470504,21259033.0
2002-03-29,sh.600008,14.39,14.63,14.1,14.16,1954684,27973507.0
2002-04-01,sh.600008,14.01,14.38,14.01,14.2,1172372,16656066.0
2002-04-03,sh.600008,13.99,14.21,13.81,14.05,1178636,16552200.0
2002-04-04,sh.600008,14.05,14.42,13.88,14.32,1366551,19311296.0
2002-04-05,sh.600008,14.36,14.49,14.22,14.27,1067540,15362153.0
2002-04-08,sh.600008,14.0,14.22,14.0,14.11,1107082,15583943.0
2002-04-09,sh.600008,14.11,14.38,13.79,14.31,3983411,55800123.0
2002-04-10,sh.600008,14.35,14.58,14.22,14.49,2765367,39907236.0
2002-04-11,sh.600008,14.5,14.87,14.3,14.52,5626564,82205959.0
2002-04-12,sh.600008,14.55,14.8,14.43,14.64,3895038,57130584.0
2002-04-15,sh.600008,14.8,14.84,14.4,14.44,1641048,23972427.0
2002-04-16,sh.600008,14.42,14.65,14.3,14.4,866712,12525920.0
2002-04-17,sh.600008,14.45,14.54,14.18,14.28,709574,10151886.0
2002-04-18,sh.600008,14.3,14.39,14.15,14.22,714346,10175748.0
2002-04-19,sh.600008,14.16,14.31,13.98,14.31,1413604,19907823.0
2002-04-22,sh.600008,14.32,14.35,14.03,14.09,622991,8839874.0
2002-04-23,sh.600008,14.05,14.3,14.05,14.14,644150,9125990.0
2002-04-24,sh.600008,14.07,14.2,14.01,14.03,765240,10767039.0
2002-04-25,sh.600008,14.03,14.1,13.91,13.98,677000,9475286.0
2002-04-26,sh.600008,14.03,14.31,14.03,14.23,481336,6842705.0
2002-04-29,sh.600008,14.4,14.53,14.2,14.49,1188234,17086873.0
2002-04-30,sh.600008,14.18,14.18,13.98,14.04,975130,13713220.0
2002-05-08,sh.600008,14.0,14.1,13.97,14.0,507932,7121714.0
2002-05-09,sh.600008,14.0,14.14,13.96,14.01,636833,8949977.0
2002-05-10,sh.600008,14.0,14.09,13.98,14.01,532497,7465795.0
2002-05-13,sh.600008,14.0,14.1,13.64,13.67,1494188,20739706.0
2002-05-14,sh.600008,13.6,13.76,13.3,13.39,1047010,14183899.0
2002-05-15,sh.600008,13.42,13.48,13.15,13.22,1019512,13552718.0
2002-05-16,sh.600008,13.13,13.2,12.78,12.79,2426600,31432183.0
2002-05-17,sh.600008,12.85,13.1,12.81,13.04,1535460,19885790.0
2002-05-20,sh.600008,13.04,13.04,12.7,12.81,902198,11535875.0
2002-05-21,sh.600008,13.2,13.4,12.98,13.19,1965601,25920591.0
2002-05-22,sh.600008,13.2,13.29,12.95,12.95,745900,9724042.0
2002-05-23,sh.600008,13.05,13.2,13.02,13.1,922957,12083253.0
2002-05-24,sh.600008,13.12,13.13,12.76,12.82,712450,9146104.0
2002-05-27,sh.600008,12.82,13.01,12.75,12.82,463797,5948180.0
2002-05-28,sh.600008,12.82,12.96,12.82,12.89,853060,11002468.0
2002-05-29,sh.600008,12.89,12.9,12.5,12.54,1286800,16240961.0
2002-05-30,sh.600008,12.6,12.75,12.3,12.36,1500692,18588311.0
2002-05-31,sh.600008,12.33,12.49,12.33,12.46,2693277,33441341.0
2002-06-03,sh.600008,12.46,12.46,12.15,12.19,4258400,52055719.0
2002-06-04,sh.600008,12.4,12.4,12.12,12.24,2890310,35334289.0
2002-06-05,sh.600008,12.25,12.3,12.11,12.12,600950,7305996.0
2002-06-06,sh.600008,12.1,12.76,12.03,12.53,1375062,17018700.0
2002-06-07,sh.600008,12.55,12.7,12.4,12.56,1650418,20795172.0
2002-06-10,sh.600008,12.57,12.7,12.45,12.67,1348090,16960648.0
2002-06-11,sh.600008,12.67,12.74,12.52,12.66,397349,5031449.0
2002-06-12,sh.600008,12.7,12.74,12.53,12.59,484415,6096258.0
2002-06-13,sh.600008,12.8,12.8,12.43,12.45,354700,4452754.0
2002-06-14,sh.600008,12.43,12.43,12.25,12.26,418313,5153664.0
2002-06-17,sh.600008,12.25,12.28,12.07,12.25,249458,3039926.0
2002-06-18,sh.600008,12.17,12.74,12.17,12.61,817712,10252397.0
2002-06-19,sh.600008,12.6,12.6,12.35,12.39,228849,2855747.0
2002-06-20,sh.600008,12.4,12.65,12.4,12.46,435008,5461573.0
2002-06-21,sh.600008,12.5,12.98,12.5,12.88,1638628,20996680.0
2002-06-24,sh.600008,14.17,14.17,13.8,14.17,14405915,203368906.0
2002-06-25,sh.600008,14.28,14.8,14.1,14.16,9677042,139279599.0
2002-06-26,sh.600008,14.15,14.46,14.0,14.36,3285850,46842036.0
2002-06-27,sh.600008,14.35,14.54,14.1,14.16,2877972,41232775.0
2002-07-01,sh.600008,14.5,14.55,14.05,14.08,3109599,44536762.0
2002-07-02,sh.600008,14.0,14.16,13.91,14.16,1766141,24760283.0
2002-07-03,sh.600008,14.12,14.29,14.0,14.12,1457354,20553305.0
2002-07-04,sh.600008,14.2,14.2,13.92,13.95,1685700,23566946.0
2002-07-05,sh.600008,13.93,14.05,13.86,13.95,946636,13183136.0
2002-07-08,sh.600008,13.94,14.23,13.9,14.13,1046047,14695150.0
2002-07-09,sh.600008,14.18,14.19,14.04,14.06,740887,10436212.0
2002-07-10,sh.600008,14.05,14.05,13.8,13.83,989002,13761438.0
2002-07-11,sh.600008,13.8,13.9,13.71,13.75,628163,8663862.0
2002-07-12,sh.600008,13.8,13.88,13.7,13.79,926107,12770524.0
2002-07-15,sh.600008,13.8,13.82,13.66,13.82,628710,8629689.0
2002-07-16,sh.600008,13.82,14.04,13.8,13.94,614607,8551504.0
2002-07-17,sh.600008,13.95,13.96,13.8,13.95,515050,7142409.0
2002-07-18,sh.600008,14.0,14.08,13.81,13.99,959070,13435464.0
2002-07-19,sh.600008,13.9,14.05,13.9,14.02,429892,6010401.0
2002-07-22,sh.600008,14.03,14.03,13.75,13.79,609800,8435732.0
2002-07-23,sh.600008,13.75,13.81,13.7,13.72,625599,8598683.0
2002-07-24,sh.600008,13.72,13.83,13.65,13.8,558274,7673944.0
2002-07-25,sh.600008,13.8,13.85,13.67,13.73,484056,6645982.0
2002-07-26,sh.600008,13.75,13.89,13.71,13.79,333641,4595847.0
2002-07-29,sh.600008,13.78,13.88,13.65,13.87,433813,5956132.0
2002-07-30,sh.600008,13.88,13.88,13.66,13.84,630503,8674692.0
2002-07-31,sh.600008,13.9,13.9,13.71,13.74,372268,5148637.0
2002-08-01,sh.600008,13.7,13.82,13.65,13.7,536300,7362447.0
2002-08-02,sh.600008,13.66,13.8,13.66,13.8,280138,3848963.0
2002-08-05,sh.600008,13.71,13.76,13.65,13.69,220928,3024147.0
2002-08-06,sh.600008,13.66,13.86,13.49,13.74,880351,12038486.0
2002-08-07,sh.600008,13.75,13.78,13.65,13.73,220950,3024886.0
2002-08-08,sh.600008,13.75,13.8,13.55,13.59,276900,3788216.0
2002-08-09,sh.600008,13.56,13.59,13.35,13.49,659952,8875208.0
2002-08-12,sh.600008,13.32,13.47,13.3,13.31,373852,4993507.0
2002-08-13,sh.600008,13.28,13.4,13.25,13.33,207858,2770343.0
2002-08-14,sh.600008,13.33,13.38,13.21,13.38,207491,2763814.0
2002-08-15,sh.600008,13.47,13.47,13.3,13.44,278378,3737264.0
2002-08-16,sh.600008,13.4,13.7,13.4,13.63,304675,4126813.0
2002-08-19,sh.600008,13.63,13.65,13.48,13.5,345608,4681952.0
2002-08-20,sh.600008,13.5,13.82,13.5,13.73,538793,7382088.0
2002-08-21,sh.600008,13.8,13.8,13.65,13.72,209305,2871750.0
2002-08-22,sh.600008,13.7,14.02,13.65,13.88,1363411,18941934.0
2002-08-23,sh.600008,13.88,13.97,13.8,13.81,607654,8439782.0
2002-08-26,sh.600008,13.81,13.81,13.66,13.73,262783,3607999.0
2002-08-27,sh.600008,13.73,13.89,13.73,13.74,345896,4765353.0
2002-08-28,sh.600008,13.76,13.85,13.66,13.76,471067,6480095.0
2002-08-29,sh.600008,13.76,13.8,13.6,13.6,349670,4791063.0
2002-08-30,sh.600008,13.61,13.7,13.55,13.56,252400,3436840.0
2002-09-02,sh.600008,13.57,13.75,13.39,13.7,2086967,28412853.0
2002-09-03,sh.600008,13.65,13.92,13.61,13.8,1756999,24267764.0
2002-09-04,sh.600008,13.85,13.89,13.77,13.8,386521,5335774.0
2002-09-05,sh.600008,13.8,13.82,13.58,13.6,537300,7330909.0
2002-09-06,sh.600008,13.55,13.65,13.48,13.58,792228,10742120.0
2002-09-09,sh.600008,13.45,13.52,13.31,13.32,693396,9309905.0
2002-09-10,sh.600008,13.3,13.38,13.3,13.34,154621,2062187.0
2002-09-11,sh.600008,13.35,13.36,13.21,13.3,390926,5193556.0
2002-09-12,sh.600008,13.31,13.4,13.28,13.3,342440,4562200.0
2002-09-13,sh.600008,13.33,13.33,13.15,13.21,321489,4250919.0
2002-09-16,sh.600008,13.21,13.21,12.95,13.0,740646,9635909.0
2002-09-17,sh.600008,13.0,13.18,12.97,13.05,314150,4090618.0
2002-09-18,sh.600008,13.14,13.15,12.88,12.89,293260,3803586.0
2002-09-19,sh.600008,12.89,13.29,12.75,13.16,629845,8139397.0
2002-09-20,sh.600008,13.1,13.1,12.9,12.95,413650,5372237.0
2002-09-23,sh.600008,12.89,13.0,12.8,12.9,466300,6013887.0
2002-09-24,sh.600008,12.9,12.9,12.7,12.76,1161213,14808063.0
2002-09-25,sh.600008,12.72,12.89,12.69,12.79,668529,8542022.0
2002-09-26,sh.600008,12.87,12.88,12.64,12.65,541015,6893708.0
2002-09-27,sh.600008,12.66,12.66,12.45,12.55,1063670,13335705.0
2002-10-08,sh.600008,12.45,12.45,12.19,12.37,738872,9073440.0
2002-10-09,sh.600008,12.37,12.4,12.16,12.3,468390,5744633.0
2002-10-10,sh.600008,12.3,12.4,12.24,12.32,361706,4446613.0
2002-10-11,sh.600008,12.36,12.48,12.2,12.25,336200,4147644.0
2002-10-14,sh.600008,12.21,12.35,12.18,12.34,153490,1879626.0
2002-10-15,sh.600008,12.3,12.39,12.2,12.28,298900,3677569.0
2002-10-16,sh.600008,12.31,12.48,12.29,12.37,548257,6795412.0
2002-10-17,sh.600008,12.41,12.41,12.16,12.18,327400,4007287.0
2002-10-18,sh.600008,12.18,12.25,12.07,12.17,362850,4409812.0
2002-10-21,sh.600008,12.18,12.18,11.96,12.06,383888,4609406.0
2002-10-22,sh.600008,12.08,12.35,12.06,12.3,369400,4515794.0
2002-10-23,sh.600008,12.25,12.39,12.1,12.24,530740,6464644.0
2002-10-24,sh.600008,12.22,12.25,12.06,12.1,783423,9485865.0
2002-10-25,sh.600008,12.1,12.35,12.09,12.15,494000,6056871.0
2002-10-28,sh.600008,12.11,12.2,11.87,11.88,499765,5988521.0
2002-10-29,sh.600008,11.8,11.89,11.6,11.88,370388,4338718.0
2002-10-30,sh.600008,12.2,12.2,11.4,11.9,601599,7102929.0
2002-10-31,sh.600008,11.9,12.05,11.85,11.9,329197,3926094.0
2002-11-01,sh.600008,11.88,12.0,11.87,11.99,236913,2822806.0
2002-11-04,sh.600008,12.06,12.2,11.9,12.19,1087698,13064264.0
2002-11-05,sh.600008,12.2,12.44,12.15,12.3,1801773,22170542.0
2002-11-06,sh.600008,12.36,12.39,12.23,12.34,1512919,18611224.0
2002-11-07,sh.600008,12.35,12.41,12.26,12.35,706141,8709660.0
2002-11-08,sh.600008,12.47,12.47,11.95,12.0,1101150,13456247.0
2002-11-11,sh.600008,11.98,12.02,11.76,11.78,466200,5531762.0
2002-11-12,sh.600008,11.76,11.88,11.5,11.56,1026861,11936328.0
2002-11-13,sh.600008,11.6,11.6,11.25,11.55,1311503,14895869.0
2002-11-14,sh.600008,11.5,11.55,11.4,11.41,903100,10356664.0
2002-11-15,sh.600008,11.35,11.61,11.3,11.52,609932,7023077.0
2002-11-18,sh.600008,11.53,11.58,11.38,11.4,502058,5740180.0
2002-11-19,sh.600008,11.4,11.45,11.25,11.4,493017,5587218.0
2002-11-20,sh.600008,11.4,11.48,11.1,11.19,387715,4338934.0
2002-11-21,sh.600008,11.19,11.19,10.82,10.89,971650,10692392.0
2002-11-22,sh.600008,10.91,11.11,10.8,10.98,497985,5453075.0
2002-11-25,sh.600008,11.0,11.04,10.8,10.97,269992,2955656.0
2002-11-26,sh.600008,10.96,11.05,10.74,10.75,350600,3800309.0
2002-11-27,sh.600008,10.64,11.0,10.55,10.97,583457,6262064.0
2002-11-28,sh.600008,10.89,11.18,10.75,11.09,937608,10264669.0
2002-12-02,sh.600008,11.21,11.28,10.85,10.87,651635,7236740.0
2002-12-03,sh.600008,10.78,10.98,10.78,10.86,371613,4036787.0
2002-12-04,sh.600008,10.91,11.14,10.8,10.96,741053,8154322.0
2002-12-05,sh.600008,10.85,10.91,10.75,10.84,265200,2869616.0
2002-12-06,sh.600008,10.84,10.9,10.75,10.8,237727,2569562.0
2002-12-09,sh.600008,10.8,10.85,10.68,10.76,356527,3834835.0
2002-12-10,sh.600008,10.88,10.88,10.64,10.68,394156,4219044.0
2002-12-11,sh.600008,10.63,10.66,10.42,10.54,878050,9255423.0
2002-12-12,sh.600008,10.58,10.74,10.5,10.51,258605,2736564.0
2002-12-13,sh.600008,10.5,10.9,10.45,10.75,303161,3235305.0
2002-12-16,sh.600008,10.75,10.78,10.65,10.74,464964,4984372.0
2002-12-17,sh.600008,10.75,10.81,10.68,10.76,311779,3352108.0
2002-12-18,sh.600008,10.76,11.0,10.76,10.87,466905,5093629.0
2002-12-19,sh.600008,10.93,11.08,10.8,10.91,292207,3188749.0
2002-12-20,sh.600008,10.92,11.02,10.76,10.99,614200,6721996.0
2002-12-23,sh.600008,10.89,11.15,10.89,11.0,867133,9557002.0
2002-12-24,sh.600008,10.89,11.07,10.89,11.03,531650,5848391.0
2002-12-25,sh.600008,11.03,11.14,10.95,10.96,577500,6378808.0
2002-12-26,sh.600008,10.91,10.99,10.53,10.66,585300,6269101.0
2002-12-27,sh.600008,10.56,10.91,10.5,10.71,462740,4937075.0
2002-12-31,sh.600008,10.62,10.68,10.21,10.52,982794,10274807.0
2003-01-02,sh.600008,10.25,10.39,9.88,9.95,923955,9282667.0
2003-01-03,sh.600008,9.89,9.99,9.7,9.73,708250,6921690.0
2003-01-06,sh.600008,9.75,9.76,9.6,9.72,688670,6663471.0
2003-01-07,sh.600008,9.73,9.83,9.5,9.78,841360,8146070.0
2003-01-08,sh.600008,9.62,10.17,9.62,10.02,797321,7896914.0
2003-01-09,sh.600008,10.0,10.23,9.92,10.21,1317317,13293202.0
2003-01-10,sh.600008,10.21,10.37,10.02,10.03,1056591,10762313.0
2003-01-13,sh.600008,10.0,10.16,9.99,10.03,551103,5529756.0
2003-01-14,sh.600008,10.02,11.03,9.98,10.89,7371037,79777111.0
2003-01-15,sh.600008,10.9,11.4,10.75,11.0,4873607,54248469.0
2003-01-16,sh.600008,11.0,11.2,10.85,11.12,1801111,19894268.0
2003-01-17,sh.600008,11.12,11.3,10.93,11.25,2238538,24928327.0
2003-01-20,sh.600008,11.42,11.58,11.25,11.36,2589320,29452632.0
2003-01-21,sh.600008,11.37,11.45,11.13,11.14,1865504,20945921.0
2003-01-22,sh.600008,11.07,11.14,11.0,11.08,853131,9439589.0
2003-01-23,sh.600008,11.1,11.14,10.9,10.9,734210,8093268.0
2003-01-24,sh.600008,10.91,11.11,10.84,11.04,743612,8160388.0
2003-01-27,sh.600008,11.05,11.3,11.04,11.29,898955,10048301.0
2003-01-28,sh.600008,11.25,11.31,11.18,11.28,534736,6018506.0
2003-01-29,sh.600008,11.18,11.35,11.1,11.29,695850,7857144.0
2003-02-10,sh.600008,11.28,11.28,10.95,10.98,382900,4234103.0
2003-02-11,sh.600008,10.92,11.1,10.92,11.06,644949,7100107.0
2003-02-12,sh.600008,11.06,11.13,10.96,11.13,879372,9697108.0
2003-02-13,sh.600008,11.13,11.6,11.13,11.25,2107692,24009317.0
2003-02-14,sh.600008,11.2,11.3,11.17,11.25,618881,6952714.0
2003-02-17,sh.600008,11.28,11.38,11.12,11.14,459051,5153540.0
2003-02-18,sh.600008,11.13,11.2,11.0,11.05,883705,9774513.0
2003-02-19,sh.600008,11.06,11.24,11.0,11.23,1244548,13775190.0
2003-02-20,sh.600008,11.26,11.31,11.18,11.19,517716,5821964.0
2003-02-21,sh.600008,11.25,11.25,10.88,10.91,1459438,16041278.0
2003-02-24,sh.600008,10.91,11.09,10.88,10.93,431951,4728075.0
2003-02-25,sh.600008,11.05,11.5,11.05,11.2,1114388,12478813.0
2003-02-26,sh.600008,11.2,11.4,11.18,11.37,1360251,15356735.0
2003-02-27,sh.600008,11.4,11.77,11.39,11.55,4754364,55050485.0
2003-02-28,sh.600008,11.45,11.59,11.36,11.43,818544,9354703.0
2003-03-03,sh.600008,11.51,11.58,11.41,11.57,843691,9707175.0
2003-03-04,sh.600008,11.57,11.58,11.42,11.51,575801,6611603.0
2003-03-05,sh.600008,11.52,11.52,11.32,11.38,571580,6497795.0
2003-03-06,sh.600008,11.21,11.4,11.18,11.19,777072,8726742.0
2003-03-07,sh.600008,11.15,11.2,11.07,11.15,753199,8370349.0
2003-03-10,sh.600008,11.15,11.15,10.86,10.89,847191,9272752.0
2003-03-11,sh.600008,11.08,11.08,10.79,10.81,713042,7725651.0
2003-03-12,sh.600008,10.82,10.86,10.68,10.81,783959,8421302.0
2003-03-13,sh.600008,10.88,10.88,10.68,10.69,379870,4090979.0
2003-03-14,sh.600008,10.69,10.8,10.68,10.7,304973,3273053.0
2003-03-17,sh.600008,10.7,10.85,10.55,10.84,2634641,28003192.0
2003-03-18,sh.600008,10.84,10.88,10.7,10.8,888200,9595208.0
2003-03-19,sh.600008,10.79,10.92,10.66,10.86,849973,9177217.0
2003-03-20,sh.600008,10.86,10.88,10.7,10.83,510943,5514112.0
2003-03-21,sh.600008,10.82,10.88,10.76,10.85,258754,2797403.0
2003-03-24,sh.600008,10.85,11.02,10.85,11.01,844595,9227254.0
2003-03-25,sh.600008,10.92,10.99,10.78,10.79,2048539,22217027.0
2003-03-26,sh.600008,10.78,10.8,10.6,10.68,481568,5127522.0
2003-03-27,sh.600008,10.65,11.02,10.46,10.98,2648295,28311263.0
2003-03-31,sh.600008,10.9,11.25,10.86,11.23,1587929,17635032.0
2003-04-01,sh.600008,11.2,11.45,11.2,11.25,1900083,21510411.0
2003-04-02,sh.600008,11.21,11.64,11.2,11.61,3364913,38616007.0
2003-04-03,sh.600008,11.58,11.65,11.44,11.49,1820020,21003948.0
2003-04-04,sh.600008,11.45,11.55,11.43,11.5,950515,10925799.0
2003-04-07,sh.600008,11.53,11.56,11.33,11.38,1041411,11921010.0
2003-04-08,sh.600008,11.38,11.7,11.31,11.66,1996171,23084071.0
2003-04-09,sh.600008,11.66,12.09,11.6,11.99,4308012,51059031.0
2003-04-10,sh.600008,12.0,12.2,11.85,11.88,5666307,68139758.0
2003-04-11,sh.600008,11.88,12.11,11.86,12.0,2088128,25068374.0
2003-04-14,sh.600008,12.03,12.55,12.0,12.34,6701406,82710067.0
2003-04-15,sh.600008,12.34,12.45,12.09,12.24,3103200,37851895.0
2003-04-16,sh.600008,12.24,12.35,11.83,11.85,4534975,54752851.0
2003-04-17,sh.600008,11.87,11.95,11.53,11.7,4575704,53362717.0
2003-04-18,sh.600008,11.7,11.88,11.55,11.64,3174721,37100434.0
2003-04-21,sh.600008,11.56,11.72,11.29,11.36,2072460,23733469.0
2003-04-22,sh.600008,11.26,11.5,10.29,11.34,1140437,12965343.0
2003-04-23,sh.600008,11.3,11.7,11.29,11.3,2232200,25492226.0
2003-04-24,sh.600008,11.3,11.55,10.93,10.96,3081739,34345700.0
2003-04-25,sh.600008,11.01,11.02,10.85,10.91,1183121,12914958.0
2003-04-28,sh.600008,10.88,11.29,10.67,11.23,1936467,21197434.0
2003-04-29,sh.600008,10.9,10.9,10.44,10.52,1718243,18133465.0
2003-04-30,sh.600008,10.56,10.8,10.48,10.7,1400170,14907767.0
2003-05-12,sh.600008,10.8,10.8,10.15,10.22,2200459,22688750.0
2003-05-13,sh.600008,10.18,10.3,9.9,9.94,2540283,25634189.0
2003-05-14,sh.600008,9.9,10.3,9.9,10.25,1658842,16814945.0
2003-05-15,sh.600008,10.2,10.8,10.05,10.68,4481421,46659617.0
2003-05-16,sh.600008,10.68,10.8,10.45,10.7,2256893,24048650.0
2003-05-19,sh.600008,10.76,10.88,10.66,10.79,3154921,33979527.0
2003-05-20,sh.600008,10.8,10.81,10.48,10.58,2471948,26200344.0
2003-05-21,sh.600008,10.54,10.68,10.5,10.5,979857,10361066.0
2003-05-22,sh.600008,10.5,10.56,10.41,10.54,928190,9728866.0
2003-05-23,sh.600008,10.52,10.74,10.48,10.69,2713220,28776443.0
2003-05-26,sh.600008,10.69,10.83,10.69,10.76,1559942,16786223.0
2003-05-27,sh.600008,10.8,11.25,10.8,11.0,6915621,76877662.0
2003-05-29,sh.600008,10.92,11.05,10.78,11.0,4354435,47516150.0
2003-05-30,sh.600008,11.0,11.26,11.0,11.24,2825443,31468451.0
2003-06-02,sh.600008,11.24,11.29,11.06,11.2,1442090,16070347.0
2003-06-03,sh.600008,11.15,11.26,11.11,11.2,2732795,30623537.0
2003-06-04,sh.600008,11.27,11.55,11.2,11.3,5619432,63860575.0
2003-06-05,sh.600008,11.4,11.44,11.04,11.11,2210343,24808746.0
2003-06-06,sh.600008,11.11,11.15,10.88,10.9,3035042,33204231.0
2003-06-09,sh.600008,10.86,10.98,10.8,10.85,1001489,10890790.0
2003-06-10,sh.600008,10.89,11.0,10.85,10.94,601788,6581683.0
2003-06-11,sh.600008,10.96,11.13,10.9,11.12,1211064,13377873.0
2003-06-12,sh.600008,11.12,11.12,10.95,11.01,753894,8308556.0
2003-06-13,sh.600008,11.1,11.43,11.1,11.3,3893431,44139954.0
2003-06-16,sh.600008,11.43,11.51,11.32,11.4,2016507,22992215.0
2003-06-17,sh.600008,11.4,11.45,11.2,11.3,950880,10750134.0
2003-06-18,sh.600008,11.3,11.42,11.18,11.19,1076905,12171875.0
2003-06-19,sh.600008,11.15,11.25,10.95,11.05,1421430,15720871.0
2003-06-20,sh.600008,11.07,11.23,11.0,11.1,2101916,23412379.0
2003-06-23,sh.600008,11.12,11.17,11.0,11.14,1557986,17291046.0
2003-06-24,sh.600008,11.14,11.24,11.06,11.18,1099403,12257928.0
2003-06-25,sh.600008,11.27,11.27,10.88,10.9,857303,9483402.0
2003-06-26,sh.600008,10.9,11.12,10.8,10.99,1390262,15189792.0
2003-06-27,sh.600008,11.0,11.11,10.81,10.81,860000,9353427.0
2003-06-30,sh.600008,10.75,10.88,10.6,10.7,1230850,13144128.0
2003-07-01,sh.600008,10.7,10.87,10.63,10.64,871100,9353509.0
2003-07-02,sh.600008,10.65,10.79,10.61,10.71,1044358,11172509.0
2003-07-03,sh.600008,10.79,10.83,10.7,10.8,980404,10559645.0
2003-07-04,sh.600008,10.81,10.85,10.67,10.75,608550,6558076.0
2003-07-07,sh.600008,10.75,10.75,10.63,10.74,664501,7086099.0
2003-07-08,sh.600008,10.74,10.88,10.74,10.8,610250,6602381.0
2003-07-09,sh.600008,10.81,10.81,10.63,10.68,426012,4551683.0
2003-07-10,sh.600008,10.68,10.96,10.63,10.89,1978568,21488530.0
2003-07-11,sh.600008,10.95,11.03,10.87,10.89,1127900,12352531.0
2003-07-14,sh.600008,10.89,10.99,10.85,10.86,539436,5876513.0
2003-07-15,sh.600008,10.98,10.98,10.8,10.93,833347,9066451.0
2003-07-16,sh.600008,10.9,11.05,10.9,11.01,682516,7498972.0
2003-07-17,sh.600008,11.01,11.26,10.99,11.18,2074539,23167064.0
2003-07-18,sh.600008,11.19,11.2,10.8,10.85,1925040,21139009.0
2003-07-21,sh.600008,10.8,10.85,10.51,10.68,2085175,22252004.0
2003-07-22,sh.600008,10.75,10.85,10.62,10.68,740185,7931705.0
2003-07-23,sh.600008,10.73,10.91,10.67,10.86,1214744,13091503.0
2003-07-24,sh.600008,10.9,10.9,10.72,10.76,484381,5219730.0
2003-07-25,sh.600008,10.76,10.85,10.62,10.71,883201,9472615.0
2003-07-28,sh.600008,10.7,10.73,10.61,10.71,611150,6535213.0
2003-07-29,sh.600008,10.7,10.8,10.66,10.69,361165,3866620.0
2003-07-30,sh.600008,10.72,10.72,10.5,10.66,1315310,13894095.0
2003-07-31,sh.600008,10.7,10.7,10.39,10.39,1576300,16526599.0
2003-08-01,sh.600008,10.4,10.44,10.2,10.44,1280403,13210759.0
2003-08-04,sh.600008,10.45,10.7,10.44,10.7,1778736,18833481.0
2003-08-05,sh.600008,10.72,10.76,10.6,10.67,704700,7537135.0
2003-08-06,sh.600008,10.58,10.66,10.56,10.65,436858,4635334.0
2003-08-07,sh.600008,10.61,10.76,10.56,10.57,488900,5186066.0
2003-08-08,sh.600008,10.58,10.7,10.46,10.5,357109,3769478.0
2003-08-11,sh.600008,10.47,10.58,10.42,10.56,615910,6445360.0
2003-08-12,sh.600008,10.5,10.63,10.46,10.57,408465,4303768.0
2003-08-13,sh.600008,10.55,10.55,10.4,10.4,370097,3869988.0
2003-08-14,sh.600008,10.38,10.5,10.24,10.39,558383,5798236.0
2003-08-15,sh.600008,10.31,10.4,10.28,10.35,424960,4388007.0
2003-08-18,sh.600008,10.36,10.4,10.24,10.34,254047,2622995.0
2003-08-19,sh.600008,10.36,10.48,10.34,10.37,680995,7064629.0
2003-08-20,sh.600008,10.38,10.4,10.3,10.38,262200,2716656.0
2003-08-21,sh.600008,10.48,10.48,10.23,10.37,260300,2683882.0
2003-08-22,sh.600008,10.37,10.41,10.33,10.33,160280,1660001.0
2003-08-25,sh.600008,10.28,10.3,10.02,10.06,775149,7867123.0
2003-08-26,sh.600008,10.08,10.18,10.05,10.09,497600,5024789.0
2003-08-27,sh.600008,10.07,10.18,9.96,10.01,436269,4376882.0
2003-08-28,sh.600008,10.13,10.13,9.96,9.99,901438,9037736.0
2003-08-29,sh.600008,10.0,10.09,9.87,10.07,420503,4187453.0
2003-09-01,sh.600008,10.11,10.25,10.05,10.23,1984664,20073563.0
2003-09-02,sh.600008,10.19,10.25,10.08,10.13,676775,6869283.0
2003-09-03,sh.600008,10.13,10.22,10.02,10.16,439042,4462106.0
2003-09-04,sh.600008,10.12,10.2,10.1,10.16,376406,3818378.0
2003-09-05,sh.600008,10.16,10.2,9.98,10.16,582970,5864166.0
2003-09-08,sh.600008,10.15,10.15,10.02,10.06,366900,3692901.0
2003-09-09,sh.600008,10.01,10.12,9.98,10.02,564572,5660533.0
2003-09-10,sh.600008,10.0,10.1,10.0,10.02,451116,4536125.0
2003-09-11,sh.600008,10.03,10.12,10.0,10.07,535687,5375148.0
2003-09-12,sh.600008,10.01,10.14,9.99,10.0,444796,4463677.0
2003-09-15,sh.600008,10.0,10.04,9.97,9.98,318100,3181530.0
2003-09-16,sh.600008,9.96,10.0,9.82,9.95,405359,4019515.0
2003-09-17,sh.600008,9.95,10.02,9.9,9.95,473950,4723821.0
2003-09-18,sh.600008,9.95,9.95,9.79,9.86,584674,5758142.0
2003-09-19,sh.600008,9.84,9.85,9.68,9.7,740789,7204968.0
2003-09-22,sh.600008,9.77,9.78,9.68,9.71,215349,2090847.0
2003-09-23,sh.600008,9.71,9.95,9.71,9.88,354850,3479070.0
2003-09-24,sh.600008,9.88,9.91,9.79,9.88,233395,2300559.0
2003-09-25,sh.600008,9.87,9.92,9.68,9.71,254690,2485460.0
2003-09-26,sh.600008,9.7,9.85,9.66,9.79,213000,2067934.0
2003-09-29,sh.600008,9.79,9.79,9.65,9.67,352900,3430882.0
2003-09-30,sh.600008,9.6,9.89,9.6,9.84,236305,2296535.0
2003-10-08,sh.600008,9.8,9.85,9.69,9.8,276300,2687232.0
2003-10-09,sh.600008,9.85,9.85,9.68,9.73,335540,3271624.0
2003-10-10,sh.600008,9.7,9.99,9.64,9.93,631290,6180608.0
2003-10-13,sh.600008,9.93,9.99,9.78,9.81,669690,6626594.0
2003-10-14,sh.600008,9.85,10.15,9.75,10.08,2466831,24480922.0
2003-10-15,sh.600008,10.02,10.12,9.93,9.96,1369702,13690234.0
2003-10-16,sh.600008,9.94,10.04,9.75,9.8,1419099,13991594.0
2003-10-17,sh.600008,9.8,9.89,9.78,9.84,514420,5058366.0
2003-10-20,sh.600008,9.82,9.86,9.71,9.76,389487,3811367.0
2003-10-21,sh.600008,9.8,9.85,9.71,9.83,517941,5069309.0
2003-10-22,sh.600008,9.85,10.1,9.71,10.06,1005167,10075829.0
2003-10-23,sh.600008,10.07,10.12,10.0,10.05,1058980,10653397.0
2003-10-24,sh.600008,10.0,10.21,10.0,10.13,958979,9721917.0
2003-10-27,sh.600008,10.18,10.2,10.03,10.1,1341718,13547943.0
2003-10-28,sh.600008,10.03,10.2,9.84,9.89,1155610,11519650.0
2003-10-29,sh.600008,10.0,10.09,9.8,9.96,748800,7400396.0
2003-10-30,sh.600008,9.95,10.05,9.76,9.96,1209410,12059173.0
2003-10-31,sh.600008,9.96,10.12,9.88,10.01,568943,5700026.0
2003-11-03,sh.600008,10.11,10.22,9.95,10.12,783436,7926453.0
2003-11-04,sh.600008,10.22,10.45,10.11,10.32,1995992,20588920.0
2003-11-05,sh.600008,10.3,10.33,10.16,10.31,850118,8689634.0
2003-11-06,sh.600008,10.3,10.31,10.06,10.09,889330,9010049.0
2003-11-07,sh.600008,10.08,10.11,9.91,10.02,1083892,10851045.0
2003-11-10,sh.600008,10.0,10.2,9.98,10.11,527165,5308938.0
2003-11-11,sh.600008,10.15,10.32,10.09,10.29,1488550,15208218.0
2003-11-12,sh.600008,10.29,10.29,10.05,10.06,1013226,10250431.0
2003-11-13,sh.600008,10.06,10.18,9.97,9.99,1457010,14601344.0
2003-11-14,sh.600008,9.99,10.1,9.92,10.0,516100,5156673.0
2003-11-17,sh.600008,10.02,10.19,9.94,10.11,1353191,13577143.0
2003-11-18,sh.600008,10.1,10.15,10.0,10.01,413551,4164254.0
2003-11-19,sh.600008,10.0,10.19,9.95,10.18,678179,6818036.0
2003-11-20,sh.600008,10.18,10.43,10.1,10.34,1378529,14210293.0
2003-11-21,sh.600008,10.48,10.48,10.17,10.2,819900,8453175.0
2003-11-24,sh.600008,10.15,10.48,10.12,10.46,1355925,14109498.0
2003-11-25,sh.600008,10.44,10.67,10.4,10.5,2301882,24301592.0
2003-11-26,sh.600008,10.54,10.65,10.4,10.61,1367498,14419291.0
2003-11-27,sh.600008,10.6,10.6,10.4,10.4,1322546,13833381.0
2003-11-28,sh.600008,10.36,10.5,10.32,10.48,560753,5858093.0
2003-12-01,sh.600008,10.48,10.73,10.48,10.65,1571173,16746871.0
2003-12-02,sh.600008,10.68,10.72,10.58,10.63,1484999,15829331.0
2003-12-03,sh.600008,10.6,10.8,10.58,10.69,1309299,14007195.0
2003-12-04,sh.600008,10.7,10.72,10.59,10.63,1075075,11436668.0
2003-12-05,sh.600008,10.68,10.68,10.4,10.5,2445207,25675125.0
2003-12-08,sh.600008,10.5,10.55,10.42,10.45,1732566,18163569.0
2003-12-09,sh.600008,10.4,10.59,10.4,10.58,961318,10085769.0
2003-12-10,sh.600008,10.58,10.83,10.45,10.75,2250110,23993645.0
2003-12-11,sh.600008,10.7,10.75,10.5,10.6,2030735,21548776.0
2003-12-12,sh.600008,10.64,10.7,10.49,10.58,2701056,28597501.0
2003-12-15,sh.600008,10.57,10.84,10.5,10.8,2970897,31751182.0
2003-12-16,sh.600008,10.8,10.83,10.55,10.7,3531630,37586135.0
2003-12-17,sh.600008,10.68,10.98,10.64,10.74,3643777,39602086.0
2003-12-18,sh.600008,10.73,11.1,10.72,11.02,6584445,72279140.0
2003-12-19,sh.600008,11.08,11.45,11.0,11.2,10528919,118215340.0
2003-12-22,sh.600008,11.3,11.77,11.15,11.56,11324330,130565164.0
2003-12-23,sh.600008,11.78,12.0,11.52,11.67,8017523,93994533.0
2003-12-24,sh.600008,11.63,11.91,11.62,11.71,5050668,59286837.0
2003-12-25,sh.600008,11.75,11.82,11.37,11.49,6726082,77704554.0
2003-12-26,sh.600008,11.49,11.75,11.4,11.61,3943326,45589046.0
2003-12-29,sh.600008,11.55,11.75,11.5,11.62,3233799,37678894.0
2003-12-30,sh.600008,11.79,12.0,11.69,11.91,5550744,65960137.0
2003-12-31,sh.600008,11.9,11.9,11.57,11.6,3875583,45158286.0
2004-01-02,sh.600008,11.6,11.6,10.98,11.1,14676953,164398194.0
2004-01-05,sh.600008,11.01,11.52,10.91,11.5,11299097,127103385.0
2004-01-06,sh.600008,11.2,11.25,10.35,10.61,24844885,264625911.0
2004-01-07,sh.600008,10.57,11.05,10.33,10.86,15378116,165391243.0
2004-01-08,sh.600008,10.79,11.15,10.73,11.04,6951977,76297123.0
2004-01-09,sh.600008,11.04,11.2,10.9,10.93,6502066,71785141.0
2004-01-12,sh.600008,11.19,11.43,11.05,11.23,6979741,78235158.0
2004-01-13,sh.600008,11.2,11.5,11.2,11.4,7427945,84315409.0
2004-01-14,sh.600008,11.4,11.5,11.23,11.3,3169948,35916192.0
2004-01-15,sh.600008,11.3,11.39,10.97,11.0,3167428,35316168.0
2004-01-16,sh.600008,11.0,11.15,10.86,10.97,2775983,30425638.0
2004-01-29,sh.600008,11.0,11.28,10.92,11.15,2996812,33354499.0
2004-01-30,sh.600008,11.15,11.46,11.11,11.21,3828753,43167822.0
2004-02-02,sh.600008,11.38,11.71,11.26,11.57,8644428,99709211.0
2004-02-03,sh.600008,11.55,11.71,11.46,11.6,3315551,38393296.0
2004-02-05,sh.600008,11.85,11.98,11.61,11.7,6775905,79779625.0
2004-02-06,sh.600008,11.68,11.68,11.4,11.4,4864416,56023035.0
2004-02-09,sh.600008,11.4,11.66,11.32,11.56,6057167,69445637.0
2004-02-10,sh.600008,11.65,11.7,11.43,11.45,3850297,44337732.0
2004-02-11,sh.600008,11.5,11.83,11.45,11.8,7821536,91264246.0
2004-02-12,sh.600008,11.96,12.26,11.88,12.04,14450482,174890870.0
2004-02-13,sh.600008,12.1,12.28,11.85,11.87,7002493,84651200.0
2004-02-16,sh.600008,11.89,12.22,11.89,12.15,5126035,62149461.0
2004-02-17,sh.600008,12.16,12.41,12.1,12.38,6108981,74770591.0
2004-02-18,sh.600008,12.3,12.45,12.23,12.3,5518138,67883305.0
2004-02-19,sh.600008,12.3,12.39,11.99,12.06,6436715,78048600.0
2004-02-20,sh.600008,12.06,12.45,12.0,12.44,9884888,121368307.0
2004-02-23,sh.600008,12.46,12.67,12.1,12.16,8600980,107146719.0
2004-02-24,sh.600008,12.15,12.38,12.13,12.18,9074535,111038476.0
2004-02-25,sh.600008,12.21,12.38,11.7,11.74,9627992,116267593.0
2004-02-26,sh.600008,11.7,11.93,11.6,11.86,4202736,49493167.0
2004-02-27,sh.600008,11.86,12.08,11.86,12.02,3829061,45924506.0
2004-03-01,sh.600008,11.98,12.07,11.74,11.89,4220759,50115779.0
2004-03-02,sh.600008,11.89,12.28,11.75,12.19,7486381,90904267.0
2004-03-03,sh.600008,12.2,12.44,11.88,12.0,6951278,84820903.0
2004-03-04,sh.600008,11.98,12.08,11.77,11.9,3798682,45159577.0
2004-03-05,sh.600008,11.88,12.0,11.77,11.84,2123816,25226978.0
2004-03-08,sh.600008,11.84,11.84,11.41,11.42,3535344,40755049.0
2004-03-09,sh.600008,11.4,11.53,11.3,11.34,2604039,29680900.0
2004-03-10,sh.600008,11.3,11.88,11.25,11.75,2812227,32324265.0
2004-03-11,sh.600008,11.7,11.98,11.7,11.9,4709989,55945942.0
2004-03-12,sh.600008,11.96,12.0,11.73,11.81,3121762,36965815.0
2004-03-15,sh.600008,11.81,12.03,11.7,11.91,3070049,36552898.0
2004-03-16,sh.600008,11.95,12.11,11.93,12.08,4093793,49329379.0
2004-03-17,sh.600008,12.08,12.16,11.97,12.07,2840088,34244224.0
2004-03-18,sh.600008,12.05,12.07,11.6,11.66,3591676,42328403.0
2004-03-19,sh.600008,11.61,11.93,11.6,11.9,2726205,32223108.0
2004-03-22,sh.600008,11.8,12.05,11.75,12.05,3434848,40902513.0
2004-03-23,sh.600008,12.05,12.38,11.88,12.29,8100496,98768520.0
2004-03-24,sh.600008,12.35,12.55,12.18,12.24,8774243,108787798.0
2004-03-25,sh.600008,12.24,12.37,12.2,12.33,3400583,41800977.0
2004-03-26,sh.600008,12.43,12.58,12.33,12.36,3429850,42591156.0
2004-03-29,sh.600008,12.4,12.55,12.27,12.31,3554900,44261760.0
2004-03-30,sh.600008,12.28,12.32,12.11,12.21,2786644,34027193.0
2004-03-31,sh.600008,12.2,12.37,12.18,12.34,2347474,28854085.0
2004-04-01,sh.600008,12.34,12.58,12.25,12.52,4391515,54736441.0
2004-04-02,sh.600008,12.52,12.62,12.42,12.52,4050508,50783862.0
2004-04-05,sh.600008,12.52,12.56,12.26,12.45,3662190,45477040.0
2004-04-07,sh.600008,12.5,12.65,12.35,12.44,3400480,42238594.0
2004-04-08,sh.600008,12.45,12.5,12.25,12.29,3364449,41496740.0
2004-04-09,sh.600008,12.2,12.3,11.8,11.96,4804934,57818488.0
2004-04-12,sh.600008,11.9,12.04,11.84,12.0,2514838,30139587.0
2004-04-13,sh.600008,12.0,12.03,11.81,11.81,2305439,27434440.0
2004-04-14,sh.600008,11.85,11.9,11.52,11.7,3105949,36249909.0
2004-04-15,sh.600008,11.71,11.81,11.59,11.68,1566885,18336617.0
2004-04-16,sh.600008,11.71,11.85,11.5,11.85,1836835,21473456.0
2004-04-19,sh.600008,11.85,11.94,11.78,11.83,1214593,14362191.0
2004-04-20,sh.600008,11.84,11.9,11.71,11.81,1189654,14051307.0
2004-04-21,sh.600008,11.87,11.98,11.77,11.9,1921489,22875879.0
2004-04-22,sh.600008,11.99,12.05,11.86,11.95,1952831,23345835.0
2004-04-23,sh.600008,11.95,11.95,11.7,11.73,1471031,17310581.0
2004-04-26,sh.600008,11.7,11.79,11.58,11.7,1228685,14314823.0
2004-04-27,sh.600008,11.57,11.75,11.55,11.71,1123720,13094593.0
2004-04-28,sh.600008,11.66,11.69,11.46,11.5,2403768,27776363.0
2004-04-29,sh.600008,11.5,11.55,11.39,11.41,1229032,14075823.0
2004-04-30,sh.600008,11.4,11.55,11.33,11.42,857611,9814706.0
2004-05-10,sh.600008,11.43,11.53,10.98,11.0,1728971,19328316.0
2004-05-11,sh.600008,10.99,11.16,10.93,11.0,1126374,12399431.0
2004-05-12,sh.600008,11.05,11.45,10.98,11.44,1394094,15682846.0
2004-05-13,sh.600008,11.44,11.47,11.29,11.34,799849,9086015.0
2004-05-14,sh.600008,11.4,11.43,11.14,11.17,1202350,13490198.0
2004-05-17,sh.600008,11.0,11.37,10.96,11.17,1209911,13409457.0
2004-05-18,sh.600008,11.02,11.34,11.0,11.33,780350,8706050.0
2004-05-19,sh.600008,11.4,11.44,11.27,11.39,1204244,13695282.0
2004-05-20,sh.600008,11.5,11.71,11.45,11.69,2798672,32426578.0
2004-05-21,sh.600008,11.75,11.8,11.59,11.75,1626186,19055973.0
2004-05-24,sh.600008,11.72,11.83,11.65,11.75,1940552,22801135.0
2004-05-25,sh.600008,11.7,11.75,11.53,11.6,1573718,18302328.0
2004-05-26,sh.600008,11.58,11.62,11.41,11.6,912539,10548780.0
2004-05-27,sh.600008,11.6,11.84,11.5,11.79,2068505,24210329.0
2004-05-28,sh.600008,11.77,11.8,11.65,11.74,554400,6486476.0
2004-05-31,sh.600008,11.8,11.95,11.68,11.86,818355,9660284.0
2004-06-01,sh.600008,11.64,11.85,11.55,11.74,1547730,18161693.0
2004-06-02,sh.600008,11.74,11.76,11.57,11.75,791661,9240792.0
2004-06-03,sh.600008,11.75,11.82,11.51,11.71,1064756,12478023.0
2004-06-04,sh.600008,11.79,12.11,11.79,11.89,4075475,48878246.0
2004-06-07,sh.600008,11.9,11.93,11.6,11.68,1023368,11972261.0
2004-06-08,sh.600008,11.62,11.72,11.55,11.57,1363000,15863289.0
2004-06-09,sh.600008,11.4,11.5,10.91,11.05,2708545,30369379.0
2004-06-10,sh.600008,11.0,11.25,11.0,11.06,1803231,20037192.0
2004-06-11,sh.600008,11.22,11.39,11.08,11.16,1625583,18308702.0
2004-06-14,sh.600008,11.15,11.17,10.95,11.02,1398136,15417411.0
2004-06-15,sh.600008,11.0,11.18,11.0,11.18,548341,6081921.0
2004-06-16,sh.600008,11.19,11.29,11.02,11.17,544390,6087156.0
2004-06-17,sh.600008,11.15,11.16,10.99,11.03,522791,5768332.0
2004-06-18,sh.600008,10.9,11.05,10.9,11.0,1079283,11872433.0
2004-06-21,sh.600008,10.98,11.12,10.95,11.11,419250,4629381.0
2004-06-22,sh.600008,11.1,11.16,10.99,11.16,692649,7670426.0
2004-06-23,sh.600008,11.08,11.15,11.01,11.08,320080,3545298.0
2004-06-24,sh.600008,10.96,11.18,10.58,10.6,1330405,14515747.0
2004-06-25,sh.600008,10.55,10.58,9.98,10.0,2878160,29247318.0
2004-06-28,sh.600008,10.05,10.28,10.0,10.06,1223495,12312407.0
2004-06-29,sh.600008,10.1,10.16,10.0,10.14,928150,9331748.0
2004-06-30,sh.600008,10.14,10.2,10.02,10.04,672815,6764415.0
2004-07-01,sh.600008,10.03,10.28,10.03,10.27,888018,9058293.0
2004-07-02,sh.600008,10.29,10.29,10.15,10.18,550400,5616652.0
2004-07-05,sh.600008,10.2,10.2,10.05,10.19,394588,3983344.0
2004-07-06,sh.600008,10.11,10.28,10.05,10.19,654900,6686570.0
2004-07-07,sh.600008,10.2,10.23,10.08,10.1,344700,3492783.0
2004-07-08,sh.600008,10.08,10.15,10.02,10.1,418500,4213028.0
2004-07-09,sh.600008,10.1,10.2,10.1,10.13,283825,2875521.0
2004-07-12,sh.600008,10.14,10.14,9.45,9.8,2196670,21327927.0
2004-07-13,sh.600008,9.82,9.85,9.65,9.74,403490,3931103.0
2004-07-14,sh.600008,9.75,9.85,9.65,9.85,671250,6565453.0
2004-07-15,sh.600008,9.88,9.99,9.82,9.92,489335,4845432.0
2004-07-16,sh.600008,9.92,10.23,9.9,10.19,1088231,10992076.0
2004-07-19,sh.600008,10.2,10.25,10.08,10.13,623059,6323598.0
2004-07-20,sh.600008,10.13,10.14,9.89,9.94,717200,7139698.0
2004-07-21,sh.600008,9.96,10.03,9.87,9.96,405132,4038732.0
2004-07-22,sh.600008,9.98,10.09,9.71,9.79,582940,5730718.0
2004-07-23,sh.600008,9.79,9.93,9.72,9.9,393493,3866050.0
2004-07-26,sh.600008,9.72,9.92,9.72,9.75,329437,3224312.0
2004-07-27,sh.600008,9.8,9.88,9.5,9.64,868274,8334961.0
2004-07-28,sh.600008,9.63,9.73,9.5,9.64,874034,8383927.0
2004-07-29,sh.600008,9.73,9.78,9.5,9.61,1106953,10621610.0
2004-07-30,sh.600008,9.62,9.66,9.53,9.61,722561,6931454.0
2004-08-02,sh.600008,9.72,9.95,9.7,9.8,1723595,16960289.0
2004-08-03,sh.600008,9.83,9.88,9.76,9.86,579201,5683748.0
2004-08-04,sh.600008,9.87,10.07,9.82,10.05,975321,9729866.0
2004-08-05,sh.600008,10.0,10.03,9.1,9.78,1556338,15176085.0
2004-08-06,sh.600008,9.67,9.79,9.6,9.74,573122,5554224.0
2004-08-09,sh.600008,9.7,9.7,9.6,9.6,340549,3281035.0
2004-08-10,sh.600008,9.6,9.7,9.56,9.69,241946,2335190.0
2004-08-11,sh.600008,9.7,9.75,9.55,9.63,301701,2903677.0
2004-08-12,sh.600008,9.63,9.63,9.49,9.58,563190,5366935.0
2004-08-13,sh.600008,9.57,9.57,9.47,9.55,818596,7785619.0
2004-08-16,sh.600008,9.55,9.62,9.5,9.58,485701,4648285.0
2004-08-17,sh.600008,9.57,9.69,9.55,9.62,289800,2787698.0
2004-08-18,sh.600008,9.62,9.66,9.56,9.62,409700,3943940.0
2004-08-19,sh.600008,9.6,9.67,9.45,9.5,1003229,9531917.0
2004-08-20,sh.600008,9.5,9.65,9.47,9.6,389347,3701922.0
2004-08-23,sh.600008,9.57,9.61,9.47,9.48,213600,2030988.0
2004-08-24,sh.600008,9.49,9.57,9.47,9.53,303553,2886577.0
2004-08-25,sh.600008,9.53,9.69,9.51,9.56,286550,2749868.0
2004-08-26,sh.600008,9.55,9.64,9.53,9.56,320759,3076702.0
2004-08-27,sh.600008,9.56,9.59,9.48,9.5,220400,2099296.0
2004-08-30,sh.600008,9.5,9.53,9.17,9.3,1559321,14459898.0
2004-08-31,sh.600008,9.29,9.5,9.29,9.39,1967900,18393386.0
2004-09-01,sh.600008,9.39,9.4,9.22,9.25,596800,5536238.0
2004-09-02,sh.600008,9.25,9.36,9.15,9.33,669459,6176982.0
2004-09-03,sh.600008,9.3,9.35,9.22,9.26,287500,2670260.0
2004-09-06,sh.600008,9.27,9.32,9.22,9.25,174300,1613500.0
2004-09-07,sh.600008,9.25,9.35,9.2,9.32,310037,2869033.0
2004-09-08,sh.600008,9.29,9.34,9.17,9.27,261400,2418742.0
2004-09-09,sh.600008,9.26,9.26,9.13,9.14,444426,4073416.0
2004-09-10,sh.600008,9.13,9.23,9.11,9.22,417476,3821785.0
2004-09-13,sh.600008,9.19,9.2,9.09,9.1,330000,3011737.0
2004-09-14,sh.600008,9.08,9.28,9.08,9.22,516365,4755467.0
2004-09-15,sh.600008,9.22,9.7,9.22,9.53,1188070,11275165.0
2004-09-16,sh.600008,9.5,9.69,9.45,9.55,1152125,10969422.0
2004-09-17,sh.600008,9.56,9.82,9.52,9.81,1815014,17583374.0
2004-09-20,sh.600008,9.81,10.09,9.77,10.05,3183619,31577405.0
2004-09-21,sh.600008,10.05,10.05,9.74,9.91,2457224,24273410.0
2004-09-22,sh.600008,9.9,9.96,9.7,9.82,2112600,20754438.0
2004-09-23,sh.600008,9.82,9.95,9.75,9.94,2077171,20442680.0
2004-09-24,sh.600008,10.05,10.3,9.92,9.97,5326747,53813930.0
2004-09-27,sh.600008,10.04,10.2,9.7,9.78,1553900,15411176.0
2004-09-28,sh.600008,9.78,9.86,9.74,9.8,1018804,9972009.0
2004-09-29,sh.600008,9.8,9.81,9.63,9.73,1105300,10724316.0
2004-09-30,sh.600008,9.73,9.75,9.55,9.59,763315,7339409.0
2004-10-08,sh.600008,9.6,9.77,9.27,9.73,1147343,10849377.0
2004-10-11,sh.600008,9.7,9.95,9.63,9.78,1634849,15945556.0
2004-10-12,sh.600008,9.75,9.75,9.48,9.52,1141294,10939799.0
2004-10-13,sh.600008,9.52,9.56,9.38,9.53,760520,7182669.0
2004-10-14,sh.600008,9.5,9.55,9.05,9.1,1087448,10015603.0
2004-10-15,sh.600008,9.1,9.19,8.99,9.1,1052400,9570415.0
2004-10-18,sh.600008,9.1,9.19,8.87,9.03,1020381,9185546.0
2004-10-19,sh.600008,9.03,9.1,8.9,8.94,1408738,12706461.0
2004-10-20,sh.600008,8.93,9.18,8.05,9.05,7443112,62799500.0
2004-10-21,sh.600008,9.0,9.15,8.92,9.11,3395820,30739392.0
2004-10-22,sh.600008,9.15,9.18,8.7,9.17,2178046,19582683.0
2004-10-25,sh.600008,9.21,9.24,8.96,9.05,640400,5818048.0
2004-10-26,sh.600008,9.05,9.09,8.79,9.03,1140620,10153181.0
2004-10-27,sh.600008,9.0,9.04,8.8,9.01,1509882,13487784.0
2004-10-28,sh.600008,9.01,9.18,9.01,9.07,855248,7790160.0
2004-10-29,sh.600008,9.0,9.04,8.8,8.99,902894,8085684.0
2004-11-01,sh.600008,8.99,8.99,8.81,8.88,922509,8203394.0
2004-11-02,sh.600008,8.89,9.02,8.42,8.98,2197320,19166580.0
2004-11-03,sh.600008,8.9,8.98,8.7,8.94,867104,7663995.0
2004-11-04,sh.600008,8.92,8.92,8.66,8.71,759300,6691462.0
2004-11-05,sh.600008,8.7,8.77,8.48,8.5,853529,7336735.0
2004-11-08,sh.600008,8.5,8.5,8.3,8.42,636489,5340100.0
2004-11-09,sh.600008,8.39,8.52,8.34,8.43,546381,4608073.0
2004-11-10,sh.600008,8.45,8.81,8.43,8.68,1171978,10141688.0
2004-11-11,sh.600008,8.8,8.89,8.67,8.67,1667400,14703247.0
2004-11-12,sh.600008,8.68,8.8,8.61,8.73,826656,7181469.0
2004-11-15,sh.600008,8.73,8.81,8.68,8.76,1494011,13069523.0
2004-11-16,sh.600008,8.75,8.81,8.7,8.8,1324530,11631874.0
2004-11-17,sh.600008,8.75,8.76,8.57,8.58,684500,5919350.0
2004-11-18,sh.600008,8.55,8.62,8.52,8.6,700625,6018197.0
2004-11-19,sh.600008,8.65,8.85,8.61,8.82,1145812,10006029.0
2004-11-22,sh.600008,8.86,8.94,8.75,8.91,1533681,13602545.0
2004-11-23,sh.600008,8.92,8.93,8.76,8.79,942783,8317109.0
2004-11-24,sh.600008,8.85,9.05,8.78,8.91,1806916,16188310.0
2004-11-25,sh.600008,8.95,9.1,8.88,9.08,1392690,12541113.0
2004-11-26,sh.600008,9.08,9.08,8.95,8.96,687900,6187343.0
2004-11-29,sh.600008,8.94,8.95,8.68,8.75,816417,7163663.0
2004-11-30,sh.600008,8.65,8.77,8.6,8.66,659770,5724929.0
2004-12-01,sh.600008,8.62,8.68,8.55,8.59,367750,3163380.0
2004-12-02,sh.600008,8.6,8.65,8.5,8.56,650328,5556223.0
2004-12-03,sh.600008,8.65,8.67,8.51,8.58,578855,4970688.0
2004-12-06,sh.600008,8.58,8.66,8.52,8.64,478412,4105310.0
2004-12-07,sh.600008,8.64,8.89,8.52,8.62,790896,6839740.0
2004-12-08,sh.600008,8.7,8.76,8.56,8.58,333050,2871554.0
2004-12-09,sh.600008,8.51,8.77,8.51,8.64,855705,7426144.0
2004-12-10,sh.600008,8.63,8.68,8.53,8.55,335500,2877327.0
2004-12-13,sh.600008,8.5,8.55,8.35,8.42,1075201,9117483.0
2004-12-14,sh.600008,8.42,8.53,8.4,8.47,353946,2986276.0
2004-12-15,sh.600008,8.5,8.51,8.33,8.5,554074,4656904.0
2004-12-16,sh.600008,8.51,8.55,8.44,8.44,575850,4888902.0
2004-12-17,sh.600008,8.44,8.45,8.32,8.35,475309,3975431.0
2004-12-20,sh.600008,8.3,8.34,8.14,8.2,417989,3431569.0
2004-12-21,sh.600008,8.2,8.25,7.96,7.99,1590000,12843290.0
2004-12-22,sh.600008,7.99,8.3,7.98,8.26,2427819,19763412.0
2004-12-23,sh.600008,8.26,8.29,8.0,8.08,661350,5419821.0
2004-12-24,sh.600008,8.14,8.18,8.05,8.12,273620,2216010.0
2004-12-27,sh.600008,8.12,8.2,8.07,8.11,219645,1780218.0
2004-12-28,sh.600008,8.1,8.16,8.0,8.14,331919,2676152.0
2004-12-29,sh.600008,8.16,8.16,8.0,8.11,678772,5452649.0
2004-12-30,sh.600008,8.12,8.2,8.05,8.16,417315,3382709.0
2004-12-31,sh.600008,8.16,8.32,8.16,8.26,935760,7721729.0
2005-01-04,sh.600008,8.2,8.38,8.1,8.32,1038078,8605858.0
2005-01-05,sh.600008,8.32,8.45,8.27,8.38,840557,7049974.0
2005-01-06,sh.600008,8.38,8.49,8.35,8.36,1096851,9223492.0
2005-01-07,sh.600008,8.3,8.5,8.3,8.4,581198,4881213.0
2005-01-10,sh.600008,8.35,8.53,8.35,8.5,555719,4702503.0
2005-01-11,sh.600008,8.48,8.6,8.42,8.42,680091,5802800.0
2005-01-12,sh.600008,8.4,8.5,8.38,8.47,402260,3394514.0
2005-01-13,sh.600008,8.46,8.6,8.45,8.53,433187,3694899.0
2005-01-14,sh.600008,8.53,8.57,8.41,8.42,251499,2135474.0
2005-01-17,sh.600008,8.31,8.41,8.26,8.29,679068,5659757.0
2005-01-18,sh.600008,8.3,8.32,8.05,8.22,451575,3693848.0
2005-01-19,sh.600008,8.22,8.22,8.09,8.12,266839,2166506.0
2005-01-20,sh.600008,8.08,8.1,7.95,8.0,713200,5718763.0
2005-01-21,sh.600008,8.05,8.44,7.88,8.39,941313,7710171.0
2005-01-24,sh.600008,8.5,8.66,8.35,8.44,1080802,9147705.0
2005-01-25,sh.600008,8.4,8.61,8.35,8.57,901724,7622152.0
2005-01-26,sh.600008,8.5,8.54,8.39,8.4,218080,1843316.0
2005-01-27,sh.600008,8.4,8.4,8.14,8.27,266045,2199821.0
2005-01-28,sh.600008,8.29,8.51,8.27,8.3,766250,6442393.0
2005-01-31,sh.600008,8.16,8.6,8.16,8.26,459411,3817695.0
2005-02-01,sh.600008,8.18,8.45,8.18,8.35,595299,4965696.0
2005-02-02,sh.600008,8.35,8.78,8.35,8.75,2307883,19972505.0
2005-02-03,sh.600008,8.78,8.78,8.63,8.66,1595648,13936609.0
2005-02-04,sh.600008,8.65,8.92,8.61,8.81,1222486,10782291.0
2005-02-16,sh.600008,8.95,8.95,8.73,8.77,422490,3721815.0
2005-02-17,sh.600008,8.98,8.98,8.75,8.78,529344,4651975.0
2005-02-18,sh.600008,8.78,8.78,8.65,8.65,378741,3299241.0
2005-02-21,sh.600008,8.64,8.8,8.62,8.78,282439,2467581.0
2005-02-22,sh.600008,8.83,9.0,8.7,8.94,880903,7810374.0
2005-02-23,sh.600008,8.9,8.93,8.72,8.82,1285600,11310048.0
2005-02-24,sh.600008,8.8,8.8,8.65,8.74,1084836,9435552.0
2005-02-25,sh.600008,8.8,8.82,8.66,8.74,1376107,12037403.0
2005-02-28,sh.600008,8.74,8.8,8.69,8.74,654302,5715632.0
2005-03-01,sh.600008,8.73,8.75,8.67,8.67,435549,3786310.0
2005-03-02,sh.600008,8.67,8.79,8.65,8.71,923487,8052432.0
2005-03-03,sh.600008,8.72,8.9,8.67,8.87,881372,7753424.0
2005-03-04,sh.600008,8.9,8.93,8.79,8.83,971200,8607079.0
2005-03-07,sh.600008,8.88,9.06,8.82,9.03,2319238,20815656.0
2005-03-08,sh.600008,9.08,9.08,8.96,9.07,2232339,20138564.0
2005-03-09,sh.600008,9.07,9.1,8.89,8.91,1251430,11237633.0
2005-03-10,sh.600008,8.9,8.95,8.63,8.65,1670705,14659267.0
2005-03-11,sh.600008,8.66,8.74,8.63,8.7,812362,7053403.0
2005-03-14,sh.600008,8.77,8.77,8.45,8.49,1197400,10238957.0
2005-03-15,sh.600008,8.5,8.55,8.31,8.33,1071492,9000103.0
2005-03-16,sh.600008,8.32,8.36,8.15,8.17,1399692,11520109.0
2005-03-17,sh.600008,8.17,8.26,8.15,8.18,726600,5961066.0
2005-03-18,sh.600008,8.16,8.2,8.05,8.09,1015582,8259178.0
2005-03-21,sh.600008,8.12,8.38,8.12,8.2,574080,4731768.0
2005-03-22,sh.600008,8.2,8.25,8.06,8.1,1354739,11054040.0
2005-03-23,sh.600008,8.1,8.29,8.07,8.19,769788,6312261.0
2005-03-24,sh.600008,8.25,8.25,8.13,8.24,454946,3726494.0
2005-03-25,sh.600008,8.26,8.27,8.13,8.18,497400,4075726.0
2005-03-28,sh.600008,8.15,8.16,7.95,8.01,877600,7045332.0
2005-03-29,sh.600008,7.98,8.16,7.95,8.0,460100,3721585.0
2005-03-30,sh.600008,8.0,8.1,7.88,7.89,575575,4608061.0
2005-03-31,sh.600008,7.85,7.95,7.85,7.93,574921,4541544.0
2005-04-01,sh.600008,7.88,8.25,7.58,8.12,2102058,16551087.0
2005-04-04,sh.600008,7.98,8.08,7.75,7.91,668340,5271428.0
2005-04-05,sh.600008,7.94,8.03,7.88,7.94,768410,6122511.0
2005-04-06,sh.600008,7.94,8.05,7.9,7.98,1218147,9724123.0
2005-04-07,sh.600008,8.0,8.25,7.95,8.14,4796268,38643367.0
2005-04-08,sh.600008,8.8,8.95,8.63,8.95,13204156,117999441.0
2005-04-11,sh.600008,9.27,9.36,9.02,9.1,16673678,152973934.0
2005-04-12,sh.600008,9.08,9.14,8.92,8.92,3869923,34784200.0
2005-04-13,sh.600008,9.09,9.17,8.96,9.06,4749411,42997270.0
2005-04-14,sh.600008,9.1,9.15,8.98,9.04,2546978,23084693.0
2005-04-15,sh.600008,9.0,9.05,8.76,8.79,3917028,34642196.0
2005-04-18,sh.600008,8.78,8.95,8.75,8.81,2194308,19353132.0
2005-04-19,sh.600008,8.81,8.93,8.77,8.9,1512292,13390373.0
2005-04-20,sh.600008,8.89,8.89,8.57,8.74,2661033,23004069.0
2005-04-21,sh.600008,8.66,8.8,8.63,8.75,1648394,14411013.0
2005-04-22,sh.600008,8.73,9.02,8.73,8.9,4119861,36729943.0
2005-04-25,sh.600008,8.83,9.02,8.81,8.96,3408130,30411243.0
2005-04-26,sh.600008,8.93,9.06,8.8,9.05,3075765,27621362.0
2005-04-27,sh.600008,8.97,9.02,8.86,8.95,2323934,20766318.0
2005-04-28,sh.600008,8.91,9.04,8.73,8.99,2853429,25449561.0
2005-04-29,sh.600008,9.0,9.03,8.85,8.88,1767958,15715775.0
2005-05-09,sh.600008,9.11,9.11,8.79,8.84,2111800,18893502.0
2005-05-10,sh.600008,8.8,8.92,8.77,8.85,1952817,17258487.0
2005-05-11,sh.600008,8.85,8.95,8.78,8.8,1053800,9321452.0
2005-05-12,sh.600008,8.8,8.88,8.78,8.85,1594281,14093453.0
2005-05-13,sh.600008,8.85,8.95,8.78,8.91,2742078,24332561.0
2005-05-16,sh.600008,8.9,8.94,8.77,8.86,1376269,12128684.0
2005-05-17,sh.600008,8.8,8.88,8.3,8.43,3057781,26049189.0
2005-05-19,sh.600008,8.43,8.58,8.43,8.57,1955140,16649305.0
2005-05-20,sh.600008,8.59,8.63,8.57,8.61,1011105,8700778.0
2005-05-23,sh.600008,8.5,8.61,8.43,8.49,667009,5689734.0
2005-05-24,sh.600008,8.49,8.52,8.41,8.51,1029466,8734818.0
2005-05-25,sh.600008,8.55,8.55,8.46,8.54,533252,4540239.0
2005-05-26,sh.600008,8.5,8.54,8.4,8.4,897011,7588609.0
2005-05-27,sh.600008,8.45,8.5,8.26,8.26,977980,8221515.0
2005-05-30,sh.600008,8.2,8.25,8.01,8.11,699142,5659961.0
2005-05-31,sh.600008,8.18,8.2,8.03,8.08,476600,3864643.0
2005-06-01,sh.600008,8.06,8.16,7.94,7.99,872659,6976136.0
2005-06-02,sh.600008,7.99,8.05,7.65,7.68,1372099,10712497.0
2005-06-03,sh.600008,7.63,7.72,7.59,7.71,918150,7029979.0
2005-06-06,sh.600008,7.7,7.9,7.62,7.9,987110,7684867.0
2005-06-07,sh.600008,7.92,7.97,7.68,7.76,2232304,17461233.0
2005-06-08,sh.600008,7.77,8.54,7.77,8.47,8008331,66270494.0
2005-06-09,sh.600008,8.49,8.6,8.3,8.42,3695434,31191730.0
2005-06-10,sh.600008,8.42,8.75,8.35,8.57,7033684,60640088.0
2005-06-13,sh.600008,8.6,8.75,8.38,8.7,4204673,35877531.0
2005-06-14,sh.600008,8.7,8.81,8.59,8.72,2708915,23648778.0
2005-06-15,sh.600008,8.72,8.8,8.6,8.64,2403008,20766283.0
2005-06-16,sh.600008,8.64,8.99,8.64,8.67,3820691,33538859.0
2005-06-17,sh.600008,4.25,4.48,4.15,4.4,8091783,35496568.0
2005-06-20,sh.600008,4.26,4.55,4.26,4.5,10487661,46925766.0
2005-06-21,sh.600008,4.49,4.55,4.43,4.5,4706031,21168712.0
2005-06-22,sh.600008,4.48,4.6,4.47,4.52,9547622,43390785.0
2005-06-23,sh.600008,4.55,4.55,4.37,4.39,3336100,14756837.0
2005-06-24,sh.600008,4.35,4.41,4.28,4.41,2656830,11547626.0
2005-06-27,sh.600008,4.44,4.55,4.42,4.52,8109153,36482257.0
2005-06-28,sh.600008,4.5,4.54,4.4,4.5,4381946,19596813.0
2005-06-29,sh.600008,4.5,4.5,4.42,4.44,1747600,7770555.0
2005-06-30,sh.600008,4.45,4.45,4.29,4.29,2768223,11975357.0
2005-07-01,sh.600008,4.25,4.3,4.23,4.26,1686738,7189720.0
2005-07-04,sh.600008,4.23,4.26,4.17,4.25,1872684,7874357.0
2005-07-05,sh.600008,4.2,4.27,4.16,4.24,970662,4098351.0
2005-07-06,sh.600008,4.24,4.28,4.21,4.26,688113,2921621.0
2005-07-07,sh.600008,4.25,4.36,4.25,4.33,1125043,4858312.0
2005-07-08,sh.600008,4.3,4.32,4.24,4.3,1113525,4758398.0
2005-07-11,sh.600008,4.33,4.4,4.25,4.26,892600,3855478.0
2005-07-12,sh.600008,4.26,4.43,4.19,4.42,2730191,11811056.0
2005-07-13,sh.600008,4.4,4.4,4.34,4.34,893947,3894526.0
2005-07-14,sh.600008,4.36,4.43,4.33,4.36,891400,3904760.0
2005-07-15,sh.600008,4.34,4.44,4.26,4.3,980441,4218358.0
2005-07-18,sh.600008,4.26,4.29,4.21,4.23,1080410,4576638.0
2005-07-19,sh.600008,4.23,4.27,4.19,4.23,747699,3158883.0
2005-07-20,sh.600008,4.23,4.26,4.15,4.2,1676608,7068375.0
2005-07-21,sh.600008,4.2,4.22,4.0,4.08,3066610,12512025.0
2005-07-22,sh.600008,4.08,4.28,4.08,4.19,2926782,12250733.0
2005-07-25,sh.600008,4.2,4.26,4.18,4.23,997250,4210544.0
2005-07-26,sh.600008,4.25,4.47,4.2,4.43,5199088,22801027.0
2005-07-27,sh.600008,4.43,4.53,4.36,4.52,4074548,18139925.0
2005-07-28,sh.600008,4.52,4.56,4.44,4.49,4709662,21156652.0
2005-07-29,sh.600008,4.5,4.5,4.38,4.42,1806520,8003414.0
2005-08-01,sh.600008,4.42,4.49,4.4,4.44,1362682,6047919.0
2005-08-02,sh.600008,4.44,4.55,4.39,4.53,2990429,13414676.0
2005-08-03,sh.600008,4.53,4.73,4.52,4.63,7603157,35300553.0
2005-08-04,sh.600008,4.63,4.65,4.55,4.62,2933070,13478554.0
2005-08-05,sh.600008,4.6,4.8,4.57,4.79,6753297,31902937.0
2005-08-08,sh.600008,4.8,4.86,4.75,4.77,6648964,31949868.0
2005-08-09,sh.600008,4.7,4.8,4.65,4.8,5033091,23663212.0
2005-08-10,sh.600008,4.77,4.81,4.72,4.8,4759316,22706893.0
2005-08-12,sh.600008,4.91,5.17,4.9,4.97,19313383,96936754.0
2005-08-15,sh.600008,4.97,5.11,4.88,5.1,4905522,24437966.0
2005-08-16,sh.600008,5.11,5.11,4.96,5.0,4411404,22128246.0
2005-08-17,sh.600008,4.99,5.02,4.86,5.01,3003968,14864031.0
2005-08-18,sh.600008,5.01,5.04,4.7,4.79,5343087,26197156.0
2005-08-19,sh.600008,4.7,4.89,4.7,4.87,4209796,20349874.0
2005-08-22,sh.600008,4.83,4.97,4.78,4.92,1736914,8472091.0
2005-08-23,sh.600008,4.93,5.0,4.82,4.88,2773908,13611998.0
2005-08-24,sh.600008,4.9,5.0,4.88,4.9,1955970,9687812.0
2005-08-25,sh.600008,4.95,4.98,4.85,4.93,1795688,8835808.0
2005-08-26,sh.600008,4.9,4.94,4.86,4.89,842265,4124905.0
2005-08-29,sh.600008,4.9,4.94,4.81,4.84,1576346,7645861.0
2005-08-30,sh.600008,4.8,4.93,4.77,4.85,1985681,9594351.0
2005-08-31,sh.600008,4.8,4.94,4.79,4.91,2134994,10413544.0
2005-09-01,sh.600008,4.91,5.08,4.81,5.04,4673395,23416563.0
2005-09-02,sh.600008,5.04,5.26,5.01,5.25,8342805,43173487.0
2005-09-05,sh.600008,5.25,5.26,5.18,5.21,2869604,14950694.0
2005-09-06,sh.600008,5.2,5.33,5.04,5.14,4135970,21357276.0
2005-09-07,sh.600008,5.1,5.26,5.09,5.25,4320828,22416244.0
2005-09-08,sh.600008,5.25,5.36,5.2,5.3,6707270,35559585.0
2005-09-09,sh.600008,5.3,5.33,5.15,5.22,3884306,20353518.0
2005-09-12,sh.600008,5.24,5.3,5.18,5.26,3399388,17809650.0
2005-09-13,sh.600008,5.21,5.36,5.21,5.35,5055060,26772869.0
2005-09-14,sh.600008,5.35,5.5,5.35,5.45,6180024,33596086.0
2005-09-15,sh.600008,5.38,5.49,5.37,5.44,2497634,13561888.0
2005-09-16,sh.600008,5.48,5.55,5.34,5.35,2389370,12873681.0
2005-09-19,sh.600008,5.35,5.38,5.27,5.33,3006635,16018012.0
2005-09-20,sh.600008,5.33,5.38,5.22,5.32,3040911,16034937.0
2005-09-21,sh.600008,5.3,5.3,5.18,5.24,3225073,16873085.0
2005-09-22,sh.600008,5.21,5.24,5.03,5.11,3459755,17761248.0
2005-09-23,sh.600008,5.1,5.13,5.05,5.05,1245400,6337036.0
2005-09-26,sh.600008,5.05,5.15,5.03,5.13,1113869,5663284.0
2005-09-27,sh.600008,5.13,5.23,5.08,5.17,3281131,16914526.0
2005-09-28,sh.600008,5.14,5.2,5.08,5.2,3753205,19246858.0
2005-09-29,sh.600008,5.17,5.23,5.14,5.2,3521950,18247965.0
2005-09-30,sh.600008,5.23,5.27,5.17,5.26,1751360,9131946.0
2005-10-10,sh.600008,5.25,5.26,5.05,5.1,1637433,8403368.0
2005-10-11,sh.600008,5.1,5.14,5.03,5.1,2053141,10411380.0
2005-10-12,sh.600008,5.1,5.22,5.04,5.15,1680434,8637812.0
2005-10-13,sh.600008,5.16,5.16,5.04,5.06,2093969,10654936.0
2005-10-14,sh.600008,5.05,5.08,4.88,4.91,5311351,26338249.0
2005-10-17,sh.600008,4.88,4.99,4.79,4.91,4045045,19813687.0
2005-10-18,sh.600008,4.88,4.91,4.8,4.88,2189200,10600876.0
2005-10-19,sh.600008,4.88,4.98,4.82,4.85,2761900,13589330.0
2005-10-20,sh.600008,4.85,4.99,4.8,4.97,2240261,10869431.0
2005-10-21,sh.600008,4.97,5.0,4.9,4.97,1163602,5772999.0
2005-10-24,sh.600008,4.97,5.03,4.9,4.98,1232293,6147919.0
2005-10-25,sh.600008,4.98,4.98,4.75,4.81,1895300,9181613.0
2005-10-26,sh.600008,4.79,4.81,4.7,4.75,2020697,9619502.0
2005-10-27,sh.600008,4.7,4.75,4.64,4.65,1338140,6272004.0
2005-10-28,sh.600008,4.65,4.71,4.58,4.69,2082036,9709467.0
2005-10-31,sh.600008,4.7,4.84,4.68,4.75,2656797,12694102.0
2005-11-01,sh.600008,4.73,4.78,4.7,4.75,1707990,8113224.0
2005-11-02,sh.600008,4.74,4.85,4.72,4.81,3361903,16132661.0
2005-11-03,sh.600008,4.85,4.85,4.74,4.78,1033689,4937602.0
2005-11-04,sh.600008,4.81,5.03,4.8,5.03,4943233,24442731.0
2005-11-07,sh.600008,5.04,5.17,4.97,5.16,4896183,24962941.0
2005-11-08,sh.600008,5.13,5.19,5.05,5.09,3143351,16117910.0
2005-11-09,sh.600008,5.07,5.13,5.05,5.07,1727700,8813190.0
2005-11-10,sh.600008,5.07,5.16,5.02,5.05,3314961,16885832.0
2005-11-11,sh.600008,5.02,5.12,5.0,5.1,2128320,10779843.0
2005-11-14,sh.600008,5.1,5.1,4.99,5.04,2090338,10486515.0
2005-11-15,sh.600008,5.03,5.17,5.0,5.15,3166150,16197302.0
2005-11-16,sh.600008,5.15,5.2,5.07,5.12,3230403,16553701.0
2005-11-17,sh.600008,5.11,5.14,4.97,5.0,5084522,25592733.0
2005-11-18,sh.600008,4.97,5.12,4.97,5.1,3094953,15692876.0
2005-11-21,sh.600008,5.09,5.14,5.03,5.1,2238460,11357296.0
2005-11-22,sh.600008,5.1,5.11,4.98,4.98,2500400,12532977.0
2005-11-23,sh.600008,4.98,5.06,4.97,5.01,1448700,7247912.0
2005-11-24,sh.600008,5.02,5.09,5.0,5.03,2011740,10136515.0
2005-11-25,sh.600008,5.06,5.06,5.02,5.03,2360042,11882236.0
2005-11-28,sh.600008,5.03,5.05,4.99,5.01,946902,4743037.0
2005-11-29,sh.600008,4.98,5.01,4.79,4.86,4777634,23208399.0
2005-12-01,sh.600008,4.91,5.01,4.79,4.95,3546126,17443838.0
2005-12-02,sh.600008,4.95,5.0,4.9,4.96,2468900,12213355.0
2005-12-05,sh.600008,4.95,4.96,4.83,4.88,1191059,5838486.0
2005-12-06,sh.600008,4.86,4.96,4.85,4.94,1674286,8254938.0
2005-12-07,sh.600008,4.94,4.96,4.88,4.92,2163410,10626575.0
2005-12-08,sh.600008,4.93,4.94,4.86,4.88,1538560,7552150.0
2005-12-09,sh.600008,4.88,5.0,4.85,4.95,3589836,17781839.0
2005-12-12,sh.600008,4.96,4.99,4.9,4.91,2436040,11990513.0
2005-12-13,sh.600008,4.91,5.0,4.9,4.98,1770195,8762736.0
2005-12-14,sh.600008,4.98,5.2,4.94,5.12,10764369,55112563.0
2005-12-15,sh.600008,5.15,5.37,5.13,5.3,21713721,115014432.0
2005-12-16,sh.600008,5.3,5.36,5.27,5.29,6436106,34269200.0
2005-12-19,sh.600008,5.35,5.4,5.3,5.36,3837623,20582813.0
2005-12-20,sh.600008,5.36,5.54,5.34,5.47,7634817,41554199.0
2005-12-21,sh.600008,5.46,5.51,5.4,5.43,3497342,19057841.0
2005-12-22,sh.600008,5.43,5.5,5.36,5.5,5369414,29271644.0
2005-12-23,sh.600008,5.49,5.5,5.4,5.47,3476230,18967771.0
2005-12-26,sh.600008,5.47,5.5,5.4,5.43,5660580,30863036.0
2005-12-27,sh.600008,5.42,5.73,5.41,5.65,15177457,84902689.0
2005-12-28,sh.600008,5.64,5.73,5.58,5.73,6625930,37612576.0
2005-12-29,sh.600008,5.71,5.81,5.68,5.77,9429265,54199702.0
2005-12-30,sh.600008,5.69,5.91,5.4,5.59,8638909,49322270.0
2006-01-04,sh.600008,5.59,5.78,5.59,5.69,7152021,40820216.0
2006-01-05,sh.600008,5.73,5.94,5.7,5.91,8378650,49231587.0
2006-01-06,sh.600008,5.9,6.1,5.83,5.92,13801940,81592042.0
2006-01-09,sh.600008,5.9,5.93,5.83,5.92,10653402,62772944.0
2006-01-10,sh.600008,5.92,6.05,5.88,6.05,11503191,68907022.0
2006-01-11,sh.600008,6.02,6.1,5.98,6.07,8463167,50853796.0
2006-01-12,sh.600008,6.03,6.08,5.99,6.0,5032833,30263413.0
2006-01-13,sh.600008,6.0,6.04,5.97,6.04,7832509,47015065.0
2006-01-16,sh.600008,6.04,6.04,5.8,5.88,9049183,53063387.0
2006-01-17,sh.600008,5.85,5.91,5.81,5.87,4765479,28007004.0
2006-01-18,sh.600008,5.83,6.23,5.81,6.14,7755066,46961397.0
2006-01-19,sh.600008,6.14,6.17,5.9,6.07,7414358,44559453.0
2006-01-20,sh.600008,6.05,6.05,5.89,5.9,7719030,45922324.0
2006-01-23,sh.600008,5.85,5.97,5.84,5.85,4709535,27819103.0
2006-01-24,sh.600008,5.86,5.94,5.81,5.9,8103843,47554685.0
2006-01-25,sh.600008,5.91,6.35,5.88,6.33,17167467,105457075.0
2006-02-06,sh.600008,6.29,6.57,6.27,6.48,10907290,69762625.0
2006-02-07,sh.600008,6.48,6.55,6.27,6.45,5417342,34606363.0
2006-02-08,sh.600008,6.4,6.42,6.19,6.34,5358537,33633372.0
2006-02-09,sh.600008,6.3,6.31,6.15,6.19,3504409,21774434.0
2006-02-10,sh.600008,6.18,6.26,6.16,6.2,4773891,29587594.0
2006-02-13,sh.600008,6.2,6.3,6.16,6.2,3220546,19983799.0
2006-02-14,sh.600008,6.2,6.3,6.11,6.18,4362489,26963449.0
2006-02-15,sh.600008,6.2,6.45,6.15,6.17,4421595,27494157.0
2006-02-16,sh.600008,6.2,6.21,5.8,6.0,8633104,51382960.0
2006-02-17,sh.600008,5.9,5.9,5.7,5.86,6183856,35929550.0
2006-02-20,sh.600008,5.8,5.89,5.65,5.82,5242736,30211012.0
2006-02-21,sh.600008,5.8,5.87,5.68,5.87,4095630,23642246.0
2006-02-22,sh.600008,5.88,6.0,5.87,5.91,4237335,25223415.0
2006-02-23,sh.600008,5.93,5.95,5.78,5.83,2862663,16696651.0
2006-02-24,sh.600008,5.85,6.07,5.84,6.01,6366124,38034557.0
2006-03-30,sh.600008,6.41,6.41,5.7,5.79,15771512,94163659.0
2006-03-31,sh.600008,5.77,5.89,5.68,5.78,11283081,65280262.0
2006-04-19,sh.600008,4.76,4.78,4.28,4.35,37509504,167020298.0
2006-04-20,sh.600008,4.35,4.39,4.09,4.2,24523129,102966030.0
2006-04-21,sh.600008,4.18,4.33,4.09,4.31,32209260,136136710.0
2006-04-24,sh.600008,4.33,4.62,4.31,4.55,54249522,244646690.0
2006-04-25,sh.600008,4.55,4.55,4.37,4.45,27846712,123588163.0
2006-04-26,sh.600008,4.46,4.75,4.46,4.71,69846217,321896203.0
2006-04-27,sh.600008,4.68,4.79,4.59,4.64,32956391,153682816.0
2006-04-28,sh.600008,4.59,4.77,4.47,4.69,28762045,133008257.0
2006-05-08,sh.600008,4.69,4.81,4.57,4.8,53475577,251804150.0
2006-05-09,sh.600008,4.84,5.15,4.83,5.14,66691390,331085796.0
2006-05-10,sh.600008,5.14,5.23,5.01,5.09,37984982,194432797.0
2006-05-11,sh.600008,5.08,5.2,4.87,4.89,41665172,211290023.0
2006-05-12,sh.600008,4.87,5.08,4.83,5.05,31716114,155720180.0
2006-05-15,sh.600008,5.06,5.28,4.88,5.22,65089992,328124671.0
2006-05-16,sh.600008,5.18,5.38,5.03,5.25,75747505,392889183.0
2006-05-17,sh.600008,5.29,5.78,5.17,5.69,81291931,441351069.0
2006-05-19,sh.600008,5.59,5.69,5.41,5.59,37086756,206534942.0
2006-05-22,sh.600008,5.55,5.86,5.47,5.69,36602846,207774958.0
2006-05-23,sh.600008,5.63,5.63,5.12,5.12,37302094,200459065.0
2006-05-24,sh.600008,5.12,5.28,4.8,4.93,35591880,177651753.0
2006-05-25,sh.600008,4.91,5.15,4.86,5.14,22405888,112118779.0
2006-05-26,sh.600008,5.14,5.25,5.08,5.24,21956556,113764050.0
2006-05-29,sh.600008,5.3,5.53,5.3,5.5,49478515,269259610.0
2006-05-30,sh.600008,5.5,5.5,5.31,5.43,22087608,119383034.0
2006-05-31,sh.600008,5.44,5.45,5.2,5.27,18314488,97796405.0
2006-06-01,sh.600008,5.28,5.47,5.25,5.45,19201453,103434086.0
2006-06-02,sh.600008,5.3,5.35,5.1,5.13,18816729,97889145.0
2006-06-05,sh.600008,5.15,5.33,5.02,5.33,19278163,99884817.0
2006-06-06,sh.600008,5.33,5.42,5.26,5.32,18280559,97744200.0
2006-06-07,sh.600008,5.32,5.34,4.86,4.87,18167575,91723678.0
2006-06-08,sh.600008,4.85,4.93,4.58,4.77,16478695,78253227.0
2006-06-09,sh.600008,4.76,4.87,4.66,4.67,12182212,58260068.0
2006-06-12,sh.600008,4.65,4.72,4.6,4.66,7549568,35103475.0
2006-06-13,sh.600008,4.62,4.79,4.62,4.77,12107398,57134536.0
2006-06-14,sh.600008,4.73,4.73,4.6,4.69,4829288,22479753.0
2006-06-15,sh.600008,4.68,4.76,4.6,4.65,4530024,21225479.0
2006-06-16,sh.600008,4.67,4.77,4.67,4.75,6827566,32314409.0
2006-06-19,sh.600008,4.6,4.85,4.6,4.84,9263483,43992754.0
2006-06-20,sh.600008,4.88,4.96,4.77,4.94,12941457,62685961.0
2006-06-22,sh.600008,4.85,4.98,4.5,4.83,21277035,100376856.0
2006-06-23,sh.600008,4.83,4.85,4.7,4.83,13972425,66537343.0
2006-06-26,sh.600008,4.82,5.0,4.8,4.98,30466358,149087490.0
2006-06-27,sh.600008,4.98,5.15,4.92,5.09,20407621,103009011.0
2006-06-28,sh.600008,5.07,5.14,4.95,5.04,15577449,78398873.0
2006-06-29,sh.600008,5.03,5.09,5.01,5.04,17249986,87025888.0
2006-06-30,sh.600008,5.06,5.09,4.88,4.89,16986431,84027037.0
2006-07-03,sh.600008,4.89,4.93,4.8,4.92,16042875,77954317.0
2006-07-04,sh.600008,4.91,4.93,4.77,4.8,14694508,71134947.0
2006-07-05,sh.600008,4.79,4.8,4.65,4.71,10615662,49921562.0
2006-07-06,sh.600008,4.71,4.86,4.68,4.82,8031656,38596433.0
2006-07-07,sh.600008,4.83,4.9,4.78,4.8,8957783,43324700.0
2006-07-10,sh.600008,4.8,4.84,4.68,4.82,7193409,34345452.0
2006-07-11,sh.600008,4.83,4.87,4.7,4.74,12142224,57676858.0
2006-07-12,sh.600008,4.72,4.79,4.68,4.74,10932698,51711249.0
2006-07-13,sh.600008,4.74,4.83,4.46,4.46,16510104,76498405.0
2006-07-14,sh.600008,4.46,4.62,4.44,4.6,11808972,53811899.0
2006-07-17,sh.600008,4.56,4.67,4.52,4.63,7651963,35126650.0
2006-07-18,sh.600008,4.65,4.65,4.56,4.6,5671031,26032506.0
2006-07-19,sh.600008,4.6,4.79,4.56,4.66,13652381,64302444.0
2006-07-20,sh.600008,4.62,4.69,4.55,4.6,5909032,27166857.0
2006-07-21,sh.600008,4.6,4.78,4.57,4.74,13174858,62149858.0
2006-07-24,sh.600008,4.66,4.85,4.61,4.84,14839113,70783509.0
2006-07-25,sh.600008,4.82,4.87,4.78,4.8,10358250,49866359.0
2006-07-26,sh.600008,4.8,4.84,4.69,4.7,9001893,42629021.0
2006-07-27,sh.600008,4.7,4.75,4.61,4.63,8435234,39371695.0
2006-07-28,sh.600008,4.65,4.66,4.5,4.56,6790818,30961112.0
2006-07-31,sh.600008,4.53,4.55,4.35,4.37,7753031,34346515.0
2006-08-01,sh.600008,4.38,4.44,4.3,4.33,4866671,21143946.0
2006-08-02,sh.600008,4.33,4.37,4.16,4.25,6061845,25731042.0
2006-08-03,sh.600008,4.26,4.3,4.23,4.29,3256798,13879640.0
2006-08-04,sh.600008,4.29,4.31,4.1,4.12,4297260,18053855.0
2006-08-07,sh.600008,4.1,4.13,4.01,4.03,4250597,17320839.0
2006-08-08,sh.600008,4.05,4.15,4.02,4.15,4776262,19529295.0
2006-08-09,sh.600008,4.15,4.15,4.06,4.12,3424921,14073855.0
2006-08-10,sh.600008,4.12,4.25,4.09,4.2,6147289,25780455.0
2006-08-11,sh.600008,4.26,4.27,4.16,4.21,2929922,12319853.0
2006-08-14,sh.600008,4.21,4.24,4.05,4.08,4767973,19670656.0
2006-08-15,sh.600008,4.04,4.18,4.04,4.16,4188069,17252345.0
2006-08-16,sh.600008,4.17,4.23,4.15,4.23,4226370,17741158.0
2006-08-17,sh.600008,4.23,4.23,4.11,4.13,3377232,13979727.0
2006-08-18,sh.600008,4.13,4.17,4.11,4.13,1781328,7371734.0
2006-08-21,sh.600008,4.0,4.13,3.96,4.11,3085289,12570675.0
2006-08-22,sh.600008,4.13,4.17,4.09,4.14,2726622,11296817.0
2006-08-23,sh.600008,4.22,4.34,4.22,4.25,11683285,50146402.0
2006-08-24,sh.600008,4.25,4.26,4.15,4.21,8182602,34307802.0
2006-08-25,sh.600008,4.21,4.3,4.2,4.27,6709569,28615278.0
2006-08-28,sh.600008,4.31,4.44,4.28,4.41,10873560,47471476.0
2006-08-29,sh.600008,4.42,4.48,4.35,4.37,9707288,42876575.0
2006-08-30,sh.600008,4.39,4.54,4.38,4.47,10003488,44802896.0
2006-08-31,sh.600008,4.5,4.56,4.45,4.51,8064743,36357256.0
2006-09-01,sh.600008,4.53,4.55,4.35,4.41,7348107,32482335.0
2006-09-04,sh.600008,4.41,4.85,4.41,4.85,29049978,138060410.0
2006-09-05,sh.600008,4.99,5.09,4.88,4.92,59054800,294824941.0
2006-09-06,sh.600008,4.89,4.95,4.79,4.87,16714480,81498434.0
2006-09-07,sh.600008,4.87,4.9,4.67,4.74,16174174,76815854.0
2006-09-08,sh.600008,4.74,4.82,4.7,4.73,9689315,46187801.0
2006-09-11,sh.600008,4.8,4.88,4.67,4.87,10911375,52424155.0
2006-09-12,sh.600008,4.89,4.92,4.82,4.87,13329330,65138881.0
2006-09-13,sh.600008,4.85,4.87,4.6,4.63,8996246,42851751.0
2006-09-14,sh.600008,4.65,4.78,4.62,4.75,10359798,48612429.0
2006-09-15,sh.600008,4.75,4.83,4.7,4.8,8492789,40653479.0
2006-09-18,sh.600008,4.93,4.96,4.84,4.93,17056338,83811844.0
2006-09-19,sh.600008,4.94,4.96,4.82,4.84,9600725,46743521.0
2006-09-20,sh.600008,4.81,4.82,4.74,4.78,6522719,31139842.0
2006-09-21,sh.600008,4.76,4.86,4.73,4.8,6282579,30113837.0
2006-09-22,sh.600008,4.8,4.8,4.68,4.68,8388271,39516596.0
2006-09-25,sh.600008,4.68,4.7,4.61,4.63,6316807,29261612.0
2006-09-26,sh.600008,4.62,4.67,4.54,4.56,5863839,26844202.0
2006-09-27,sh.600008,4.57,4.64,4.56,4.63,3965640,18238910.0
2006-09-28,sh.600008,4.63,4.71,4.6,4.68,4356966,20337250.0
2006-09-29,sh.600008,4.7,4.74,4.66,4.7,5188898,24370934.0
2006-10-09,sh.600008,4.8,4.82,4.72,4.76,7779139,37114306.0
2006-10-10,sh.600008,4.77,4.85,4.74,4.75,7372705,35370606.0
2006-10-11,sh.600008,4.72,4.8,4.7,4.73,4416399,20871785.0
2006-10-12,sh.600008,4.76,4.81,4.68,4.71,5841338,27710519.0
2006-10-13,sh.600008,4.71,4.74,4.65,4.7,5189198,24323010.0
2006-10-16,sh.600008,4.74,4.85,4.72,4.77,9317305,44631551.0
2006-10-17,sh.600008,4.78,4.78,4.68,4.72,4176500,19711103.0
2006-10-18,sh.600008,4.72,4.72,4.64,4.72,4820094,22553356.0
2006-10-19,sh.600008,4.75,4.75,4.65,4.67,6237154,29154243.0
2006-10-20,sh.600008,4.67,4.69,4.58,4.59,6486183,29954320.0
2006-10-23,sh.600008,4.58,4.66,4.48,4.5,7363564,33602324.0
2006-10-24,sh.600008,4.5,4.63,4.5,4.62,5120667,23399700.0
2006-10-25,sh.600008,4.65,4.67,4.57,4.62,5627199,25990756.0
2006-10-26,sh.600008,4.6,4.67,4.55,4.6,5062283,23367767.0
2006-10-27,sh.600008,4.58,4.64,4.52,4.54,4042328,18425894.0
2006-10-30,sh.600008,4.53,4.62,4.47,4.62,6406092,29046821.0
2006-10-31,sh.600008,4.62,4.8,4.56,4.77,16073925,75543798.0
2006-11-01,sh.600008,4.75,4.82,4.7,4.77,8312006,39558036.0
2006-11-03,sh.600008,4.82,4.9,4.77,4.78,16408945,79379707.0
2006-11-06,sh.600008,4.71,4.83,4.68,4.79,8191693,39043412.0
2006-11-07,sh.600008,4.82,4.9,4.7,4.88,16494059,79446170.0
2006-11-08,sh.600008,4.86,4.9,4.78,4.86,11497530,55620961.0
2006-11-09,sh.600008,4.94,5.09,4.91,4.92,33387203,167014962.0
2006-11-10,sh.600008,4.92,4.95,4.75,4.76,13049674,63316592.0
2006-11-13,sh.600008,4.75,4.89,4.69,4.88,15702029,75135443.0
2006-11-14,sh.600008,4.96,5.1,4.9,5.08,46177265,230722577.0
2006-11-15,sh.600008,5.1,5.16,4.99,5.11,25641675,130617809.0
2006-11-16,sh.600008,5.11,5.14,4.93,4.95,20448530,102927150.0
2006-11-17,sh.600008,4.93,5.14,4.88,5.08,19058188,96460516.0
2006-11-20,sh.600008,5.1,5.13,5.0,5.09,14674354,74273348.0
2006-11-21,sh.600008,5.09,5.09,4.9,5.01,13204274,65658038.0
2006-11-22,sh.600008,5.02,5.14,4.93,5.06,18911026,95766943.0
2006-11-23,sh.600008,5.05,5.24,4.98,5.2,26227129,134941259.0
2006-11-24,sh.600008,5.22,5.54,5.1,5.41,38842822,208147639.0
2006-11-27,sh.600008,5.46,5.47,5.27,5.4,20551244,110098387.0
2006-11-28,sh.600008,5.39,5.43,5.3,5.37,13119374,70231765.0
2006-11-29,sh.600008,5.28,5.37,5.18,5.33,13517501,71421001.0
2006-11-30,sh.600008,5.32,5.4,5.31,5.36,15407670,82543359.0
2006-12-01,sh.600008,5.36,5.5,5.26,5.4,24666845,132489244.0
2006-12-04,sh.600008,5.4,5.49,5.31,5.47,19741931,107153889.0
2006-12-05,sh.600008,5.49,5.65,5.4,5.59,30113387,166904437.0
2006-12-06,sh.600008,5.59,5.6,5.19,5.31,27926041,150296052.0
2006-12-07,sh.600008,5.26,5.4,5.25,5.28,17738281,94536595.0
2006-12-08,sh.600008,5.2,5.26,4.91,4.93,20928365,106602496.0
2006-12-11,sh.600008,4.9,5.15,4.9,5.13,13143582,66218399.0
2006-12-12,sh.600008,5.15,5.17,5.0,5.11,12202194,62010472.0
2006-12-13,sh.600008,5.1,5.11,5.0,5.04,8934424,45030057.0
2006-12-14,sh.600008,5.05,5.19,5.04,5.15,9891088,50556913.0
2006-12-15,sh.600008,5.18,5.23,5.12,5.18,9714805,50280116.0
2006-12-18,sh.600008,5.19,5.25,5.16,5.22,14946022,77720476.0
2006-12-19,sh.600008,5.25,5.25,5.06,5.18,15492660,79645988.0
2006-12-20,sh.600008,5.15,5.39,5.07,5.38,26461469,138918847.0
2006-12-21,sh.600008,5.4,5.44,5.29,5.3,37029389,199316119.0
2006-12-22,sh.600008,5.27,5.56,5.17,5.48,25624695,136078201.0
2006-12-25,sh.600008,5.59,5.64,5.41,5.5,47603258,264023429.0
2006-12-26,sh.600008,5.5,5.52,5.31,5.42,14533314,78512147.0
2006-12-27,sh.600008,5.46,5.68,5.46,5.62,32581578,182172451.0
2006-12-28,sh.600008,5.63,5.66,5.4,5.44,21336461,117411168.0
2006-12-29,sh.600008,5.45,5.83,5.45,5.75,63831969,360437788.0
2007-01-04,sh.600008,5.8,6.19,5.75,5.84,52915846,315830850.0
2007-01-05,sh.600008,5.83,6.09,5.69,6.03,27752015,165697109.0
2007-01-08,sh.600008,6.0,6.35,5.95,6.3,26633220,166522790.0
2007-01-09,sh.600008,6.35,6.36,6.21,6.3,22220313,139589056.0
2007-01-10,sh.600008,6.3,6.54,6.29,6.38,24882093,159052401.0
2007-01-11,sh.600008,6.34,6.47,6.18,6.21,28785227,181195728.0
2007-01-12,sh.600008,6.15,6.28,5.78,5.79,28057948,168578658.0
2007-01-15,sh.600008,5.78,6.13,5.76,6.12,22559194,135264652.0
2007-01-16,sh.600008,6.15,6.33,6.1,6.25,23748199,147330766.0
2007-01-17,sh.600008,6.25,6.3,5.9,6.01,28762892,176557388.0
2007-01-18,sh.600008,6.01,6.17,5.89,6.11,19873577,119221486.0
2007-01-19,sh.600008,6.11,6.4,6.1,6.4,36425575,228693906.0
2007-01-22,sh.600008,6.48,6.79,6.48,6.67,38782689,257063314.0
2007-01-23,sh.600008,6.68,6.71,6.33,6.57,32342544,210753523.0
2007-01-24,sh.600008,6.57,6.8,6.45,6.78,41226799,276561338.0
2007-01-25,sh.600008,6.81,6.83,6.45,6.48,32821559,218474809.0
2007-01-26,sh.600008,6.38,6.49,6.03,6.38,27473779,172799719.0
2007-01-29,sh.600008,6.38,6.69,6.38,6.66,26228138,172087745.0
2007-01-30,sh.600008,6.7,6.74,6.44,6.52,23444234,154046673.0
2007-01-31,sh.600008,6.52,6.7,6.2,6.23,30877695,201358658.0
2007-02-01,sh.600008,6.12,6.38,6.08,6.31,19639389,122925196.0
2007-02-02,sh.600008,6.36,6.54,6.2,6.24,23202652,147815376.0
2007-02-05,sh.600008,6.28,6.38,6.18,6.24,15956498,100003480.0
2007-02-06,sh.600008,6.24,6.58,6.24,6.54,19542963,125558496.0
2007-02-07,sh.600008,6.61,6.67,6.48,6.59,18631869,122148609.0
2007-02-08,sh.600008,6.59,7.19,6.52,7.0,44966480,309900022.0
2007-02-09,sh.600008,6.95,7.07,6.84,6.96,25037220,173937412.0
2007-02-12,sh.600008,6.95,7.17,6.95,7.05,17925933,126546283.0
2007-02-13,sh.600008,7.08,7.19,6.98,7.14,20069609,142146714.0
2007-02-14,sh.600008,7.15,7.2,7.07,7.15,19431822,138635226.0
2007-02-15,sh.600008,7.16,7.5,7.16,7.49,26852722,195813870.0
2007-02-16,sh.600008,7.58,7.93,7.5,7.53,38558087,296947623.0
2007-02-26,sh.600008,7.54,7.87,7.5,7.82,23046509,178425531.0
2007-02-27,sh.600008,7.89,7.93,7.04,7.04,37109040,276156950.0
2007-02-28,sh.600008,6.98,7.4,6.9,7.32,29110221,207229972.0
2007-03-01,sh.600008,7.33,7.34,6.95,7.09,25961743,184251065.0
2007-03-02,sh.600008,7.21,7.8,7.21,7.68,53008854,401331093.0
2007-03-05,sh.600008,7.65,8.0,7.3,7.93,46319145,356297507.0
2007-03-06,sh.600008,7.79,7.85,7.63,7.77,20442935,158521898.0
2007-03-07,sh.600008,7.78,7.93,7.7,7.9,22789292,178943084.0
2007-03-08,sh.600008,8.0,8.28,7.96,8.15,34476613,281111589.0
2007-03-09,sh.600008,8.16,8.16,7.84,7.96,28763367,229797904.0
2007-03-12,sh.600008,7.96,8.13,7.89,8.09,21637643,173736037.0
2007-03-13,sh.600008,8.15,8.35,8.1,8.19,27244152,223930332.0
2007-03-14,sh.600008,8.09,8.18,7.85,8.0,24831677,198602763.0
2007-03-15,sh.600008,8.0,8.18,7.98,8.09,17797156,143930621.0
2007-03-16,sh.600008,8.1,8.13,7.68,7.79,24847007,195932953.0
2007-03-19,sh.600008,7.5,7.93,7.4,7.87,19182327,149058413.0
2007-03-20,sh.600008,8.01,8.28,8.0,8.12,24867644,202912757.0
2007-03-21,sh.600008,8.15,8.26,8.05,8.19,18682828,152408992.0
2007-03-22,sh.600008,8.19,8.48,8.11,8.35,38144105,316187487.0
2007-03-23,sh.600008,8.31,8.79,8.21,8.68,46148410,396464779.0
2007-03-26,sh.600008,8.8,9.35,8.68,9.17,48928935,440058712.0
2007-03-27,sh.600008,9.18,9.26,9.03,9.14,37917118,347022712.0
2007-03-28,sh.600008,9.15,9.18,8.55,8.94,52551067,467071284.0
2007-03-29,sh.600008,8.93,9.18,8.78,8.79,40219237,360634635.0
2007-03-30,sh.600008,8.7,8.94,8.6,8.82,18348947,161453599.0
2007-04-02,sh.600008,8.84,9.14,8.75,9.1,26016047,232364456.0
2007-04-03,sh.600008,9.3,9.38,9.1,9.18,37428169,345238982.0
2007-04-04,sh.600008,9.18,9.2,8.98,9.13,24958623,226803001.0
2007-04-05,sh.600008,9.1,9.24,9.0,9.19,25732364,235487634.0
2007-04-06,sh.600008,9.12,9.77,9.06,9.43,38276674,359628682.0
2007-04-09,sh.600008,9.45,9.55,9.36,9.49,36913439,348896334.0
2007-04-10,sh.600008,9.51,9.56,9.05,9.35,30785964,286612097.0
2007-04-11,sh.600008,9.35,9.52,9.08,9.45,41625442,385070661.0
2007-04-12,sh.600008,9.46,9.75,9.34,9.73,55510652,531395144.0
2007-04-13,sh.600008,9.78,10.19,9.65,9.77,72539544,720907845.0
2007-04-16,sh.600008,9.78,10.05,9.75,9.97,45452615,450555251.0
2007-04-17,sh.600008,10.01,10.5,9.91,10.45,62004707,629046256.0
2007-04-18,sh.600008,10.27,10.45,10.11,10.35,53243108,548847471.0
2007-04-19,sh.600008,10.28,10.28,9.32,9.54,75461415,742679876.0
2007-04-20,sh.600008,9.56,10.18,9.56,10.06,51081068,504348431.0
2007-04-23,sh.600008,10.1,10.55,10.1,10.51,59797887,623787580.0
2007-04-24,sh.600008,10.62,11.45,10.5,11.14,80442801,884977048.0
2007-04-25,sh.600008,11.88,12.25,10.64,11.19,59810680,663865234.0
2007-04-26,sh.600008,11.28,11.48,10.92,11.2,44544276,497324044.0
2007-04-27,sh.600008,11.24,12.3,11.11,12.1,89069572,1049674250.0
2007-04-30,sh.600008,12.1,13.05,11.9,12.83,76161010,968102316.0
2007-05-08,sh.600008,13.28,13.5,12.88,13.02,73410939,964895146.0
2007-05-09,sh.600008,12.96,13.8,12.58,13.41,81564218,1082658613.0
2007-05-10,sh.600008,13.45,13.55,12.97,13.22,50950853,672299051.0
2007-05-11,sh.600008,13.11,13.11,12.58,12.75,53288670,680714911.0
2007-05-14,sh.600008,12.5,12.98,12.3,12.76,42210647,533142939.0
2007-05-15,sh.600008,12.78,12.97,11.9,11.98,52318811,646545582.0
2007-05-17,sh.600008,12.55,12.78,12.4,12.55,45691745,573946302.0
2007-05-18,sh.600008,12.55,12.55,12.22,12.31,37846059,467466744.0
2007-05-21,sh.600008,11.74,12.87,11.66,12.6,51309118,641517085.0
2007-05-22,sh.600008,12.72,12.99,12.57,12.8,55893305,713728886.0
2007-05-23,sh.600008,12.8,13.6,12.8,13.34,63896469,847973364.0
2007-05-24,sh.600008,13.38,13.44,12.65,12.97,64554322,833547433.0
2007-05-25,sh.600008,12.81,13.46,12.71,13.45,77903564,1029390592.0
2007-05-28,sh.600008,13.97,14.76,13.7,14.46,112572635,1598650241.0
2007-05-29,sh.600008,14.4,14.99,14.22,14.81,83329710,1213158145.0
2007-05-30,sh.600008,14.0,15.7,13.7,14.63,140810223,2090050069.0
2007-05-31,sh.600008,14.58,15.27,13.17,15.07,119300520,1738131383.0
2007-06-01,sh.600008,15.15,15.75,14.0,14.16,99722566,1508470677.0
2007-06-04,sh.600008,13.94,13.94,12.59,12.59,27433459,352001163.0
2007-06-05,sh.600008,11.33,12.2,11.33,12.17,84401722,973229658.0
2007-06-06,sh.600008,12.25,12.72,11.7,12.22,60738051,748284771.0
2007-06-07,sh.600008,12.24,12.69,12.2,12.58,47765870,593258875.0
2007-06-08,sh.600008,12.62,13.09,12.5,12.72,46898828,600782487.0
2007-06-11,sh.600008,12.8,13.32,12.8,13.19,47056164,617571593.0
2007-06-12,sh.600008,13.21,14.39,12.8,14.25,71068472,960063017.0
2007-06-13,sh.600008,14.28,14.82,14.0,14.44,68732664,991931903.0
2007-06-14,sh.600008,14.25,14.56,13.81,13.94,45484307,643189549.0
2007-06-15,sh.600008,13.82,14.19,13.59,13.76,36067916,498767921.0
2007-06-18,sh.600008,14.1,14.79,13.88,14.56,54453539,778841788.0
2007-06-19,sh.600008,14.33,14.84,14.27,14.61,53298379,777551330.0
2007-06-20,sh.600008,14.61,15.13,14.0,14.22,57677146,844878066.0
2007-06-21,sh.600008,14.22,15.0,13.9,15.0,89137146,1297408327.0
2007-06-22,sh.600008,15.25,15.36,13.8,14.2,78323598,1146798615.0
2007-06-25,sh.600008,14.2,14.43,12.78,12.78,54562748,727197505.0
2007-06-26,sh.600008,12.4,13.1,12.0,13.06,38101373,477376404.0
2007-06-27,sh.600008,13.1,13.76,12.89,13.49,43957073,585523419.0
2007-06-28,sh.600008,13.3,13.63,12.2,12.22,38337140,494918286.0
2007-06-29,sh.600008,11.8,12.15,11.3,11.41,35309677,413878145.0
2007-07-02,sh.600008,11.4,11.75,10.81,11.52,25343554,286060464.0
2007-07-03,sh.600008,11.61,11.75,11.13,11.55,18039236,207330345.0
2007-07-04,sh.600008,11.6,11.74,11.25,11.41,15594590,178931695.0
2007-07-05,sh.600008,11.2,11.32,10.27,10.27,24844611,263043808.0
2007-07-06,sh.600008,10.0,10.77,9.75,10.7,34209605,353460277.0
2007-07-09,sh.600008,10.78,11.19,10.58,10.99,26082221,283488025.0
2007-07-10,sh.600008,10.96,10.96,10.31,10.34,19789939,208405856.0
2007-07-11,sh.600008,10.2,10.55,10.14,10.37,10436184,108082393.0
2007-07-12,sh.600008,10.4,10.91,10.38,10.75,17828783,190161942.0
2007-07-13,sh.600008,10.73,10.73,10.41,10.56,9833733,103850466.0
2007-07-16,sh.600008,10.5,10.59,10.05,10.07,11238389,115115260.0
2007-07-17,sh.600008,9.97,10.58,9.9,10.35,12855000,133041023.0
2007-07-18,sh.600008,10.29,10.78,10.21,10.49,17165912,182043764.0
2007-07-19,sh.600008,10.49,10.7,10.45,10.56,7587892,80159224.0
2007-07-20,sh.600008,10.56,11.18,10.55,11.12,27142269,297330250.0
2007-07-23,sh.600008,11.27,11.81,11.27,11.75,34630442,402681752.0
2007-07-24,sh.600008,11.85,12.35,11.7,11.85,34016751,407919549.0
2007-07-25,sh.600008,11.8,12.3,11.75,12.19,25113654,302746309.0
2007-07-26,sh.600008,12.3,12.37,12.06,12.28,23961266,292381139.0
2007-07-27,sh.600008,12.31,12.98,12.14,12.8,34207380,433903789.0
2007-07-30,sh.600008,12.86,13.49,12.86,13.46,35243889,464425995.0
2007-07-31,sh.600008,13.42,13.65,13.11,13.45,28911186,386746676.0
2007-08-01,sh.600008,13.45,13.5,12.29,12.36,38054534,490495657.0
2007-08-02,sh.600008,12.29,12.99,12.29,12.87,28173630,358386805.0
2007-08-03,sh.600008,13.11,13.44,12.77,13.27,37023916,486846663.0
2007-08-06,sh.600008,13.4,13.98,13.39,13.79,40977761,562631495.0
2007-08-07,sh.600008,13.79,14.19,13.25,13.83,42056470,578105211.0
2007-08-08,sh.600008,13.75,13.83,12.81,13.19,30018774,401382482.0
2007-08-09,sh.600008,13.11,13.3,12.9,12.96,25367063,331660638.0
2007-08-10,sh.600008,12.9,12.92,12.21,12.52,26295583,329790516.0
2007-08-13,sh.600008,12.45,12.95,12.38,12.74,22055756,279827004.0
2007-08-14,sh.600008,12.74,12.91,12.58,12.82,16295995,208444715.0
2007-08-15,sh.600008,12.85,13.09,12.25,12.55,19290639,243916087.0
2007-08-16,sh.600008,12.56,12.92,12.56,12.69,18386315,234465453.0
2007-08-17,sh.600008,12.6,13.25,12.45,13.02,35784321,463140288.0
2007-08-20,sh.600008,13.2,13.62,13.2,13.52,33814515,455591564.0
2007-08-21,sh.600008,13.6,13.84,13.32,13.79,43874622,598285906.0
2007-08-22,sh.600008,13.5,15.17,13.4,15.17,134142815,2000314805.0
2007-08-23,sh.600008,15.48,16.69,15.29,16.58,160160084,2592684142.0
2007-08-24,sh.600008,16.59,18.11,16.0,17.6,97240779,1638078637.0
2007-08-28,sh.600008,17.98,19.36,17.02,17.28,93043621,1678694126.0
2007-08-29,sh.600008,17.0,19.01,16.68,19.01,94036740,1710419262.0
2007-08-30,sh.600008,19.42,20.9,18.8,19.99,71723836,1409798325.0
2007-08-31,sh.600008,19.94,20.35,19.21,19.3,51651447,1015466330.0
2007-09-03,sh.600008,19.5,20.17,19.05,19.25,47803523,928620011.0
2007-09-04,sh.600008,19.3,19.79,19.01,19.14,39534134,763533667.0
2007-09-05,sh.600008,19.29,20.4,19.14,19.55,45416671,897283249.0
2007-09-06,sh.600008,19.68,20.43,19.21,19.84,42353221,843873562.0
2007-09-07,sh.600008,19.65,21.82,19.5,21.82,78541636,1677802002.0
2007-09-10,sh.600008,22.68,23.95,21.42,23.45,80446531,1807697402.0
2007-09-11,sh.600008,23.37,23.37,21.11,21.11,49135117,1096392013.0
2007-09-12,sh.600008,20.49,21.3,19.5,20.18,52283154,1055043105.0
2007-09-13,sh.600008,20.21,22.2,20.21,22.2,52007966,1120793804.0
2007-09-21,sh.600008,22.0,23.48,19.98,19.98,60164544,1227352454.0
2007-09-24,sh.600008,19.12,19.15,17.98,18.01,67763264,1238805783.0
2007-09-25,sh.600008,18.01,18.6,17.5,18.24,32123409,584899997.0
2007-09-26,sh.600008,18.13,18.14,17.02,17.24,35693365,620988163.0
2007-09-27,sh.600008,17.3,17.55,16.93,17.36,20487298,353905931.0
2007-09-28,sh.600008,17.57,18.5,17.55,18.29,25618278,464118569.0
2007-10-08,sh.600008,18.8,18.8,17.45,17.72,29401201,525032383.0
2007-10-09,sh.600008,17.65,17.65,16.9,17.37,23085133,397012017.0
2007-10-10,sh.600008,17.35,18.17,17.0,17.71,25612218,450207982.0
2007-10-11,sh.600008,17.73,17.81,17.1,17.44,30473318,529930045.0
2007-10-12,sh.600008,17.73,17.73,15.7,16.8,51802772,854906738.0
2007-10-15,sh.600008,16.8,17.5,16.8,17.42,30731496,528268735.0
2007-10-16,sh.600008,17.5,17.6,16.72,17.03,25416177,431658020.0
2007-10-17,sh.600008,17.1,17.6,17.01,17.3,23965605,414144806.0
2007-10-18,sh.600008,17.3,17.4,16.5,16.57,16155428,270969998.0
2007-10-19,sh.600008,16.7,16.95,16.18,16.26,13552870,221976546.0
2007-10-22,sh.600008,16.26,16.26,15.2,15.23,15911012,249677961.0
2007-10-23,sh.600008,15.23,15.5,14.46,15.16,20210060,302074311.0
2007-10-24,sh.600008,15.15,16.68,15.12,15.84,27953655,449941883.0
2007-10-25,sh.600008,15.8,16.9,14.78,16.47,30232771,481116614.0
2007-10-26,sh.600008,16.3,17.26,15.98,16.84,28342163,478438210.0
2007-10-29,sh.600008,17.1,18.11,16.89,17.2,38397045,676960277.0
2007-10-30,sh.600008,17.25,17.45,16.65,17.28,16997615,289707026.0
2007-10-31,sh.600008,17.47,18.47,17.1,18.23,44751855,801412183.0
2007-11-01,sh.600008,18.0,18.36,17.63,17.8,25401941,455586133.0
2007-11-02,sh.600008,17.61,17.61,16.79,16.81,18438608,316578749.0
2007-11-05,sh.600008,16.75,17.4,16.05,16.92,11889161,199404801.0
2007-11-06,sh.600008,17.08,18.22,16.91,18.0,26738377,475363468.0
2007-11-07,sh.600008,18.04,18.35,17.35,17.66,16014110,284943964.0
2007-11-08,sh.600008,17.8,18.19,16.8,16.97,18774234,329876623.0
2007-11-09,sh.600008,16.95,17.19,16.0,16.14,15489103,254089778.0
2007-11-12,sh.600008,15.87,16.28,15.0,16.11,14067784,219395118.0
2007-11-13,sh.600008,16.15,16.49,15.65,15.78,11227563,180763221.0
2007-11-14,sh.600008,16.03,16.59,15.78,16.57,12218282,198174171.0
2007-11-15,sh.600008,16.5,16.75,15.77,15.96,11655979,188941543.0
2007-11-16,sh.600008,15.7,16.2,15.3,15.9,7740744,122568871.0
2007-11-19,sh.600008,15.92,16.51,15.8,16.35,9445765,153840470.0
2007-11-20,sh.600008,16.36,16.98,16.06,16.83,13577189,226182742.0
2007-11-21,sh.600008,16.85,16.98,16.32,16.33,9614560,159582959.0
2007-11-22,sh.600008,16.13,16.28,15.49,15.55,8632295,136599507.0
2007-11-23,sh.600008,15.36,15.86,15.2,15.85,7532501,117216695.0
2007-11-26,sh.600008,16.0,16.3,15.8,16.05,6670591,107016083.0
2007-11-27,sh.600008,16.18,16.45,16.0,16.06,7840604,127086863.0
2007-11-28,sh.600008,16.15,16.84,16.15,16.59,16694132,276759677.0
2007-11-29,sh.600008,16.67,17.07,16.67,16.91,16876030,284995129.0
2007-11-30,sh.600008,17.06,17.06,16.1,16.16,10824019,178422587.0
2007-12-03,sh.600008,16.08,16.8,15.81,16.42,7622426,125161320.0
2007-12-04,sh.600008,16.44,16.65,16.15,16.21,6376754,104209750.0
2007-12-05,sh.600008,16.11,16.51,16.06,16.49,10911732,177650850.0
2007-12-06,sh.600008,16.52,16.98,16.42,16.91,13562286,226635568.0
2007-12-07,sh.600008,17.03,17.39,16.7,17.35,22628855,388214431.0
2007-12-10,sh.600008,17.4,19.09,17.4,19.09,52971261,976768463.0
2007-12-11,sh.600008,19.4,19.79,18.8,19.22,57278642,1108123642.0
2007-12-12,sh.600008,19.0,19.6,18.85,19.07,24992229,479464285.0
2007-12-13,sh.600008,19.0,19.5,17.76,17.86,33178770,620419509.0
2007-12-14,sh.600008,17.58,19.45,17.5,19.22,29108121,536754265.0
2007-12-17,sh.600008,19.2,20.2,19.0,19.22,42566532,839372016.0
2007-12-18,sh.600008,19.05,19.69,18.9,19.33,15780504,305115663.0
2007-12-19,sh.600008,19.35,20.06,19.35,19.67,25395016,503178560.0
2007-12-20,sh.600008,19.71,20.2,19.56,19.64,21881273,434512508.0
2007-12-21,sh.600008,19.5,20.0,19.3,19.69,25117576,492413297.0
2007-12-24,sh.600008,19.86,20.68,19.61,20.3,33454391,677603264.0
2007-12-25,sh.600008,20.32,20.48,19.88,20.08,20484344,411305594.0
2007-12-26,sh.600008,20.08,21.3,20.08,21.08,29271817,605570946.0
2007-12-27,sh.600008,21.34,21.35,20.5,20.66,31260504,653689535.0
2007-12-28,sh.600008,20.8,21.7,20.75,21.16,43411241,919721494.0
2008-01-02,sh.600008,21.5,23.2,21.43,22.6,57667483,1296332831.0
2008-01-03,sh.600008,22.55,22.98,22.1,22.66,33727299,760976890.0
2008-01-04,sh.600008,22.65,22.65,21.8,22.31,27118701,601302266.0
2008-01-07,sh.600008,22.0,22.08,21.5,21.92,34402294,747899090.0
2008-01-08,sh.600008,21.94,21.99,21.0,21.03,43988578,937514558.0
2008-01-09,sh.600008,20.8,21.7,20.56,21.68,35661752,755784927.0
2008-01-10,sh.600008,21.86,21.97,21.22,21.55,32916640,711518653.0
2008-01-11,sh.600008,21.65,22.33,21.31,22.28,37654065,824115753.0
2008-01-14,sh.600008,22.43,23.1,22.3,22.45,46128064,1047238544.0
2008-01-15,sh.600008,22.46,22.57,21.65,21.82,28530930,625359456.0
2008-01-16,sh.600008,21.82,21.83,21.12,21.18,20787997,445727991.0
2008-01-17,sh.600008,20.96,21.43,19.6,20.24,27340057,557599301.0
2008-01-18,sh.600008,20.3,20.85,19.89,20.35,15474136,312708486.0
2008-01-21,sh.600008,20.36,20.5,18.4,18.67,21396602,417107286.0
2008-01-22,sh.600008,17.99,18.15,16.8,16.8,28648233,495229494.0
2008-01-23,sh.600008,16.81,17.8,16.38,17.69,25009573,431204136.0
2008-01-24,sh.600008,17.85,18.13,17.29,17.72,22762994,404122345.0
2008-01-25,sh.600008,17.67,18.28,17.12,18.01,24209199,430351464.0
2008-01-28,sh.600008,18.05,18.05,16.21,16.21,21062066,354352220.0
2008-01-29,sh.600008,16.39,16.9,16.0,16.58,11966451,197234412.0
2008-01-30,sh.600008,16.88,17.18,16.15,16.59,11753937,196499193.0
2008-01-31,sh.600008,16.56,17.0,16.3,16.67,9117649,152036866.0
2008-02-01,sh.600008,16.53,16.88,15.16,15.89,11841746,189826046.0
2008-02-04,sh.600008,16.5,17.48,16.13,17.48,16084682,273275981.0
2008-02-05,sh.600008,17.42,18.0,17.03,17.82,17512081,310689292.0
2008-02-13,sh.600008,17.94,18.02,17.4,17.59,13118051,233222981.0
2008-02-14,sh.600008,17.93,18.12,17.58,17.79,9846423,175188098.0
2008-02-15,sh.600008,17.73,17.73,17.03,17.59,8513232,147247312.0
2008-02-18,sh.600008,17.64,18.14,17.64,17.88,13650885,244574618.0
2008-02-19,sh.600008,17.95,18.18,17.8,18.16,17277219,311818098.0
2008-02-20,sh.600008,18.3,18.38,17.64,17.65,13977015,250106238.0
2008-02-21,sh.600008,17.54,17.6,16.94,17.25,13067508,225479375.0
2008-02-22,sh.600008,17.28,17.38,16.49,16.66,13731259,231408003.0
2008-02-25,sh.600008,16.72,16.95,15.81,15.91,10622198,172356128.0
2008-02-26,sh.600008,16.4,16.68,15.67,16.32,9633249,155125247.0
2008-02-27,sh.600008,16.43,16.78,16.2,16.64,6701149,111109004.0
2008-02-28,sh.600008,16.65,16.69,16.14,16.32,8006608,130981517.0
2008-02-29,sh.600008,16.31,17.75,16.2,17.69,17650450,301781920.0
2008-03-03,sh.600008,17.5,19.03,17.3,18.81,39064590,717355459.0
2008-03-04,sh.600008,18.81,19.15,18.0,18.07,30065333,559930462.0
2008-03-05,sh.600008,17.93,19.0,17.72,18.87,24624704,451994468.0
2008-03-06,sh.600008,18.89,19.77,18.62,18.71,29531433,566390703.0
2008-03-07,sh.600008,18.68,18.68,17.8,18.03,14454884,262978994.0
2008-03-10,sh.600008,17.8,18.2,17.4,17.5,10595021,188405752.0
2008-03-11,sh.600008,17.29,17.7,16.86,17.69,9793186,169676892.0
2008-03-12,sh.600008,18.03,18.19,16.92,16.96,9232976,160911884.0
2008-03-13,sh.600008,16.7,16.92,15.8,16.07,14207013,231962627.0
2008-03-14,sh.600008,16.0,16.5,15.9,16.24,7650850,124303823.0
2008-03-17,sh.600008,16.24,16.48,14.62,14.62,13980758,215078158.0
2008-03-18,sh.600008,14.42,14.88,13.16,13.32,16853328,231405040.0
2008-03-19,sh.600008,13.66,14.33,13.3,14.13,15695486,218686444.0
2008-03-20,sh.600008,13.86,15.54,13.35,15.13,26978363,400091609.0
2008-03-21,sh.600008,15.1,16.17,15.0,15.28,23668862,370453826.0
2008-03-24,sh.600008,15.52,15.96,15.12,15.16,15636696,243519725.0
2008-03-25,sh.600008,14.9,15.79,14.9,15.65,11386266,174773217.0
2008-03-26,sh.600008,15.77,15.85,15.15,15.34,9745325,150894716.0
2008-03-27,sh.600008,15.06,15.26,14.11,14.17,12361231,181406502.0
2008-03-28,sh.600008,14.08,14.98,13.5,14.88,15435105,221720571.0
2008-03-31,sh.600008,14.55,14.98,14.1,14.15,10168849,147442156.0
2008-04-01,sh.600008,14.1,14.33,12.89,12.95,15139965,203149202.0
2008-04-02,sh.600008,13.02,13.45,12.15,12.39,12554098,159837436.0
2008-04-03,sh.600008,12.5,12.95,11.9,12.68,9879805,122916149.0
2008-04-07,sh.600008,12.8,13.57,12.2,13.41,12017578,157477117.0
2008-04-08,sh.600008,13.64,14.29,13.24,13.95,17707132,243935282.0
2008-04-09,sh.600008,13.78,14.05,12.56,12.6,15270405,204631739.0
2008-04-10,sh.600008,12.6,13.15,12.01,13.03,8840863,113341493.0
2008-04-11,sh.600008,13.12,13.8,13.02,13.38,9081256,121313599.0
2008-04-14,sh.600008,13.15,13.28,12.53,12.71,10566236,135868422.0
2008-04-15,sh.600008,12.6,13.2,12.6,13.13,10040525,130259439.0
2008-04-16,sh.600008,12.7,12.7,11.82,11.82,33830525,407980993.0
2008-04-17,sh.600008,11.4,11.69,10.64,10.64,24895022,272552302.0
2008-04-18,sh.600008,10.3,10.3,9.65,9.69,20688845,204168272.0
2008-04-21,sh.600008,9.79,10.05,9.34,9.46,13744768,133671329.0
2008-04-22,sh.600008,9.36,9.48,8.6,9.35,13816311,124723677.0
2008-04-23,sh.600008,9.17,9.95,9.0,9.79,18446253,175980123.0
2008-04-24,sh.600008,10.7,10.77,10.31,10.77,34890435,371042120.0
2008-04-25,sh.600008,11.41,11.79,11.0,11.37,44419548,510514109.0
2008-04-28,sh.600008,11.15,11.8,11.0,11.53,20463736,237063814.0
2008-04-29,sh.600008,11.5,11.93,11.4,11.55,16729286,194629209.0
2008-05-05,sh.600008,12.26,12.4,11.94,12.16,23252032,282871873.0
2008-05-06,sh.600008,12.0,12.37,11.69,12.04,21462682,257049841.0
2008-05-07,sh.600008,11.9,12.09,11.1,11.12,17077493,199232338.0
2008-05-08,sh.600008,10.89,11.49,10.78,11.48,12194231,137389430.0
2008-05-09,sh.600008,11.53,11.96,11.4,11.73,17501388,205500891.0
2008-05-12,sh.600008,11.59,12.0,11.05,11.99,17127499,199741968.0
2008-05-13,sh.600008,11.45,11.85,11.35,11.45,14721981,170270428.0
2008-05-14,sh.600008,11.45,12.3,11.44,12.28,28893458,347336182.0
2008-05-15,sh.600008,12.65,12.69,12.0,12.06,38896929,482235848.0
2008-05-16,sh.600008,11.98,12.18,11.51,11.81,13863903,163946526.0
2008-05-19,sh.600008,11.64,11.83,11.47,11.56,7989123,92440912.0
2008-05-20,sh.600008,11.56,11.7,10.5,10.7,13408242,151233043.0
2008-05-21,sh.600008,10.5,11.09,10.07,10.92,14314306,149012805.0
2008-05-22,sh.600008,10.7,11.01,10.54,10.61,9443357,101720914.0
2008-05-23,sh.600008,10.58,10.8,10.32,10.36,7068632,74230126.0
2008-05-26,sh.600008,10.3,10.3,9.95,9.96,9819065,98645858.0
2008-05-27,sh.600008,9.95,10.16,9.89,10.08,5602667,56171791.0
2008-05-28,sh.600008,10.08,10.47,10.03,10.41,7606513,78160515.0
2008-05-29,sh.600008,10.32,10.43,10.02,10.03,6604723,67516749.0
2008-05-30,sh.600008,10.07,10.16,9.95,10.08,5549229,55691999.0
2008-06-02,sh.600008,10.09,10.47,10.03,10.35,7535899,77452352.0
2008-06-03,sh.600008,10.28,10.68,10.1,10.59,11951077,124703612.0
2008-06-04,sh.600008,10.65,10.65,10.3,10.37,6772981,70411870.0
2008-06-05,sh.600008,10.44,10.55,10.3,10.31,7340704,76502657.0
2008-06-06,sh.600008,10.38,10.45,10.23,10.35,5693985,58948255.0
2008-06-10,sh.600008,9.8,9.88,9.32,9.32,7895641,74919130.0
2008-06-11,sh.600008,9.18,9.18,8.76,9.0,8238253,73507928.0
2008-06-12,sh.600008,8.88,9.0,8.4,8.64,9448849,81818702.0
2008-06-13,sh.600008,8.71,8.79,8.01,8.1,8554335,70780238.0
2008-06-16,sh.600008,8.1,8.25,7.65,8.0,6655507,52913563.0
2008-06-17,sh.600008,7.96,8.19,7.4,7.65,7349121,57294541.0
2008-06-18,sh.600008,7.64,8.32,7.35,8.3,11654972,92847317.0
2008-06-19,sh.600008,8.31,8.5,7.47,7.47,13149769,104794361.0
2008-06-20,sh.600008,7.47,7.8,6.86,7.51,9983832,74706696.0
2008-06-23,sh.600008,7.52,7.87,7.38,7.6,6733528,51460571.0
2008-06-24,sh.600008,7.59,7.99,7.54,7.91,9694096,75989656.0
2008-06-25,sh.600008,7.96,8.6,7.9,8.45,14612298,122553089.0
2008-06-26,sh.600008,8.5,8.59,8.16,8.35,12273313,102829174.0
2008-06-27,sh.600008,8.08,8.1,7.52,7.62,14449182,112286652.0
2008-06-30,sh.600008,7.5,8.03,7.39,7.89,8373181,65475197.0
2008-07-01,sh.600008,7.8,8.0,7.62,7.76,5687002,44592295.0
2008-07-02,sh.600008,7.81,8.38,7.8,8.09,14054360,114406319.0
2008-07-03,sh.600008,7.87,8.5,7.77,8.41,17790022,146902998.0
2008-07-04,sh.600008,8.42,9.06,8.35,9.0,28596935,249688886.0
2008-07-07,sh.600008,9.07,9.87,9.0,9.62,35508602,339889094.0
2008-07-08,sh.600008,9.7,9.79,9.2,9.52,26716871,252630894.0
2008-07-09,sh.600008,9.65,9.68,9.38,9.55,19602303,185918625.0
2008-07-10,sh.600008,9.44,9.76,9.19,9.21,18708128,178093324.0
2008-07-11,sh.600008,9.09,9.29,8.95,9.11,13252959,120403693.0
2008-07-14,sh.600008,9.0,9.36,8.95,9.25,9842570,90878600.0
2008-07-15,sh.600008,9.32,9.43,8.86,8.97,10631086,96773849.0
2008-07-16,sh.600008,8.88,8.96,8.13,8.22,11513574,97631775.0
2008-07-17,sh.600008,8.31,8.49,7.8,7.83,8946615,72790111.0
2008-07-18,sh.600008,7.9,8.21,7.63,8.16,11297665,89295316.0
2008-07-21,sh.600008,8.16,8.54,8.08,8.48,10684484,89313896.0
2008-07-22,sh.600008,8.49,8.68,8.4,8.45,8604428,73525418.0
2008-07-23,sh.600008,8.45,8.64,8.36,8.38,7495936,63681852.0
2008-07-24,sh.600008,8.46,8.75,8.46,8.68,11744141,101266472.0
2008-07-25,sh.600008,8.59,8.99,8.5,8.88,14163605,124451150.0
2008-07-28,sh.600008,8.93,9.2,8.88,8.9,12457774,112338122.0
2008-07-29,sh.600008,8.8,8.81,8.44,8.5,10036826,85790589.0
2008-07-30,sh.600008,8.63,8.71,8.26,8.37,7203217,61035564.0
2008-07-31,sh.600008,8.38,8.4,8.0,8.02,8750210,70779156.0
2008-08-01,sh.600008,8.01,8.33,7.91,8.25,7039141,57580306.0
2008-08-04,sh.600008,8.26,8.34,8.02,8.04,4670978,38241954.0
2008-08-05,sh.600008,8.04,8.15,7.63,7.68,6264522,49022571.0
2008-08-06,sh.600008,7.71,7.85,7.53,7.71,3973725,30604360.0
2008-08-07,sh.600008,7.74,7.96,7.68,7.89,5123045,40021758.0
2008-08-08,sh.600008,7.92,8.05,7.1,7.1,8241228,62196227.0
2008-08-11,sh.600008,7.1,7.14,6.39,6.39,8136935,52862187.0
2008-08-12,sh.600008,6.0,6.15,5.78,5.79,9611720,56789245.0
2008-08-13,sh.600008,5.7,5.77,5.31,5.68,10735166,59051873.0
2008-08-14,sh.600008,5.75,5.97,5.71,5.88,11781074,69184093.0
2008-08-15,sh.600008,5.89,5.99,5.73,5.87,8045040,47373772.0
2008-08-18,sh.600008,5.85,5.88,5.28,5.28,6710981,37085446.0
2008-08-19,sh.600008,5.1,5.38,5.01,5.32,5307846,27747719.0
2008-08-20,sh.600008,5.21,5.79,5.11,5.79,11004352,61611016.0
2008-08-21,sh.600008,5.62,5.78,5.35,5.36,9042712,50451271.0
2008-08-22,sh.600008,5.35,5.47,5.13,5.3,5861344,31059478.0
2008-08-25,sh.600008,5.28,5.47,5.24,5.34,4439307,23849776.0
2008-08-26,sh.600008,5.24,5.27,4.9,4.94,5757774,29128633.0
2008-08-27,sh.600008,4.95,5.06,4.73,4.9,6510261,32021284.0
2008-08-28,sh.600008,4.93,4.97,4.75,4.8,4366942,21159987.0
2008-08-29,sh.600008,4.82,5.04,4.8,5.01,8367676,41418132.0
2008-09-01,sh.600008,4.95,4.95,4.8,4.84,4586015,22319746.0
2008-09-02,sh.600008,4.84,4.97,4.77,4.94,4833572,23632731.0
2008-09-03,sh.600008,4.96,5.18,4.92,5.04,11793340,59504751.0
2008-09-04,sh.600008,5.03,5.12,4.98,5.07,5557184,28052817.0
2008-09-05,sh.600008,5.04,5.04,4.74,4.89,7550345,37056066.0
2008-09-08,sh.600008,4.89,4.93,4.49,4.54,5426720,25334837.0
2008-09-09,sh.600008,4.6,4.64,4.5,4.64,4657532,21262650.0
2008-09-10,sh.600008,4.55,4.81,4.51,4.76,8098739,38096148.0
2008-09-11,sh.600008,4.75,4.81,4.59,4.72,6614485,31206785.0
2008-09-12,sh.600008,4.72,4.86,4.71,4.81,5158328,24686900.0
2008-09-16,sh.600008,4.78,4.78,4.56,4.7,7260800,33844731.0
2008-09-17,sh.600008,4.73,4.87,4.45,4.7,14274053,67896188.0
2008-09-18,sh.600008,4.54,4.66,4.23,4.34,12292385,53751415.0
2008-09-19,sh.600008,4.67,4.77,4.65,4.77,9472336,45028438.0
2008-09-22,sh.600008,5.17,5.25,4.88,5.25,31320005,160941819.0
2008-09-23,sh.600008,5.22,5.35,4.93,5.16,22221664,113792701.0
2008-09-24,sh.600008,5.06,5.35,4.97,5.34,21206534,110579020.0
2008-09-25,sh.600008,5.33,5.53,5.25,5.41,27084199,146039852.0
2008-09-26,sh.600008,5.48,5.48,5.2,5.36,16404396,87557214.0
2008-10-06,sh.600008,5.2,5.46,5.1,5.41,16925652,89718498.0
2008-10-07,sh.600008,5.35,5.57,5.2,5.41,30133702,164048599.0
2008-10-08,sh.600008,5.25,5.34,5.02,5.07,15863623,81726765.0
2008-10-09,sh.600008,5.17,5.2,4.9,4.91,8023078,40549872.0
2008-10-10,sh.600008,4.66,4.77,4.58,4.59,9416567,43914344.0
2008-10-13,sh.600008,4.64,4.7,4.32,4.69,7786115,34961870.0
2008-10-14,sh.600008,4.9,4.93,4.52,4.54,7681918,36535834.0
2008-10-15,sh.600008,4.55,4.64,4.47,4.54,4269951,19373660.0
2008-10-16,sh.600008,4.4,4.42,4.25,4.28,5268094,22931940.0
2008-10-17,sh.600008,4.35,4.41,4.26,4.3,2992905,12927569.0
2008-10-20,sh.600008,4.34,4.47,4.2,4.44,4683426,20432809.0
2008-10-21,sh.600008,4.45,4.54,4.39,4.41,5707154,25453868.0
2008-10-22,sh.600008,4.4,4.41,4.26,4.28,4109713,17776690.0
2008-10-23,sh.600008,4.18,4.27,4.11,4.25,4147634,17386913.0
2008-10-24,sh.600008,4.21,4.28,4.12,4.17,3531836,14784957.0
2008-10-27,sh.600008,4.03,4.08,3.75,3.75,6831405,26525402.0
2008-10-28,sh.600008,3.7,3.9,3.62,3.82,6217659,23431404.0
2008-10-29,sh.600008,3.89,3.96,3.72,3.73,5338568,20530069.0
2008-10-30,sh.600008,3.77,3.85,3.71,3.75,4472835,16912691.0
2008-10-31,sh.600008,3.79,3.8,3.68,3.73,4139524,15476053.0
2008-11-03,sh.600008,3.78,3.94,3.77,3.88,11056186,42996963.0
2008-11-04,sh.600008,3.79,3.98,3.79,3.93,9582355,37579981.0
2008-11-05,sh.600008,3.95,4.05,3.94,4.02,9116466,36464949.0
2008-11-06,sh.600008,3.95,3.98,3.86,3.92,4832389,18880639.0
2008-11-07,sh.600008,3.83,4.04,3.79,3.98,6173203,24339913.0
2008-11-10,sh.600008,4.1,4.27,4.06,4.26,12536402,52582650.0
2008-11-12,sh.600008,4.14,4.29,4.09,4.27,8551056,35964220.0
2008-11-13,sh.600008,4.24,4.52,4.2,4.44,18513009,81735189.0
2008-11-14,sh.600008,4.51,4.83,4.35,4.78,24413593,110946744.0
2008-11-17,sh.600008,4.79,5.18,4.71,5.16,33005208,164797617.0
2008-11-18,sh.600008,5.68,5.68,5.1,5.26,71352740,387841236.0
2008-11-19,sh.600008,5.18,5.64,5.0,5.61,45705978,244264442.0
2008-11-20,sh.600008,5.41,5.6,5.28,5.31,27700742,149648669.0
2008-11-21,sh.600008,5.13,5.31,4.82,5.09,25642287,130102778.0
2008-11-24,sh.600008,5.09,5.28,5.0,5.02,15114636,77491810.0
2008-11-25,sh.600008,5.09,5.19,4.8,4.93,13792081,69078636.0
2008-11-26,sh.600008,4.95,5.0,4.8,4.94,9081481,44576097.0
2008-11-27,sh.600008,5.31,5.36,4.96,4.98,18703361,96311252.0
2008-11-28,sh.600008,4.81,5.01,4.81,4.82,10118009,49432308.0
2008-12-01,sh.600008,4.75,5.04,4.72,5.0,11316353,55903846.0
2008-12-02,sh.600008,4.9,5.06,4.85,5.02,13773560,68656785.0
2008-12-03,sh.600008,5.05,5.33,5.03,5.26,25191045,131212672.0
2008-12-04,sh.600008,5.29,5.63,5.23,5.47,41290383,224563594.0
2008-12-05,sh.600008,5.4,5.63,5.33,5.59,30089638,165767424.0
2008-12-08,sh.600008,5.72,5.8,5.6,5.79,43208071,246635038.0
2008-12-09,sh.600008,5.79,6.0,5.61,5.81,46004073,266587128.0
2008-12-10,sh.600008,5.86,6.02,5.64,5.89,54237986,315095048.0
2008-12-11,sh.600008,5.82,5.85,5.45,5.48,34408762,193656822.0
2008-12-12,sh.600008,5.4,5.5,5.01,5.1,23403510,122797888.0
2008-12-15,sh.600008,5.2,5.42,5.1,5.35,20154999,105706258.0
2008-12-16,sh.600008,5.26,5.3,5.1,5.28,11383201,59218040.0
2008-12-17,sh.600008,5.33,5.48,5.25,5.29,16095420,86525645.0
2008-12-18,sh.600008,5.29,5.34,5.18,5.31,11802927,62045880.0
2008-12-19,sh.600008,5.31,5.44,5.28,5.36,14435157,77855027.0
2008-12-22,sh.600008,5.35,5.44,5.2,5.27,11291301,59860775.0
2008-12-23,sh.600008,5.3,5.34,4.9,4.91,15807706,80794774.0
2008-12-24,sh.600008,4.85,4.9,4.65,4.73,11132899,53539401.0
2008-12-25,sh.600008,4.73,4.8,4.52,4.64,8729700,40684440.0
2008-12-26,sh.600008,4.66,4.78,4.56,4.69,8786880,41221392.0
2008-12-29,sh.600008,4.62,4.68,4.48,4.59,6026474,27512727.0
2008-12-30,sh.600008,4.59,4.66,4.51,4.52,5673393,25987047.0
2008-12-31,sh.600008,4.52,4.6,4.38,4.39,5296484,23678472.0
2009-01-05,sh.600008,4.45,4.58,4.45,4.58,6538133,29660929.0
2009-01-07,sh.600008,5.04,5.04,5.04,5.04,5292045,26671907.0
2009-01-08,sh.600008,5.34,5.35,5.06,5.12,43767051,228957196.0
2009-01-09,sh.600008,5.08,5.15,5.05,5.14,15325743,78335160.0
2009-01-12,sh.600008,5.15,5.54,5.14,5.44,31967739,171191591.0
2009-01-13,sh.600008,5.31,5.48,5.23,5.26,20958967,112171244.0
2009-01-14,sh.600008,5.24,5.4,5.18,5.37,16648876,88224032.0
2009-01-15,sh.600008,5.31,5.47,5.21,5.36,20777538,111555949.0
2009-01-16,sh.600008,5.36,5.48,5.32,5.36,17374979,93905234.0
2009-01-19,sh.600008,5.42,5.53,5.31,5.36,13859559,75296018.0
2009-01-20,sh.600008,5.36,5.41,5.27,5.41,9790417,52270987.0
2009-01-21,sh.600008,5.35,5.39,5.24,5.29,9291920,49433136.0
2009-01-22,sh.600008,5.32,5.38,5.27,5.34,7729352,41143332.0
2009-01-23,sh.600008,5.32,5.33,5.1,5.14,19885344,102713131.0
2009-02-02,sh.600008,5.09,5.29,5.09,5.25,11812037,61569699.0
2009-02-03,sh.600008,5.2,5.61,5.2,5.55,32447158,177353055.0
2009-02-04,sh.600008,5.6,5.7,5.48,5.69,32693701,183030041.0
2009-02-05,sh.600008,5.67,5.9,5.52,5.57,38223467,219311565.0
2009-02-06,sh.600008,5.6,6.03,5.6,5.95,46013521,270314609.0
2009-02-09,sh.600008,6.06,6.14,5.91,6.1,40117098,241895251.0
2009-02-10,sh.600008,6.07,6.2,5.96,6.19,32594565,198224999.0
2009-02-11,sh.600008,6.07,6.43,6.01,6.24,44009135,273948473.0
2009-02-12,sh.600008,6.3,6.34,5.93,6.19,33262231,203644451.0
2009-02-13,sh.600008,6.2,6.81,6.16,6.81,49284002,325669127.0
2009-02-16,sh.600008,7.25,7.34,6.93,7.06,80524689,570810717.0
2009-02-17,sh.600008,7.02,7.02,6.68,6.69,41077193,279996801.0
2009-02-18,sh.600008,6.51,6.68,6.3,6.31,31103262,201610270.0
2009-02-19,sh.600008,6.33,6.54,6.3,6.38,21409068,137095554.0
2009-02-20,sh.600008,6.41,6.5,6.17,6.49,25746413,163146169.0
2009-02-23,sh.600008,6.46,6.76,6.32,6.71,29188693,191432884.0
2009-02-24,sh.600008,6.59,6.76,6.18,6.21,30611386,197579352.0
2009-02-25,sh.600008,6.3,6.37,5.87,6.08,31986859,194754185.0
2009-02-26,sh.600008,6.06,6.2,5.47,5.57,28135782,164558714.0
2009-02-27,sh.600008,5.54,5.72,5.35,5.49,26586437,147258020.0
2009-03-02,sh.600008,5.45,5.59,5.38,5.57,12975524,71638783.0
2009-03-03,sh.600008,5.46,5.7,5.31,5.68,18971158,103714730.0
2009-03-04,sh.600008,5.66,5.97,5.61,5.93,26940074,157489530.0
2009-03-05,sh.600008,6.03,6.04,5.73,5.84,29343161,173200267.0
2009-03-06,sh.600008,5.73,5.85,5.61,5.74,15665604,89734809.0
2009-03-09,sh.600008,5.91,6.0,5.56,5.58,19176735,111371982.0
2009-03-10,sh.600008,5.55,5.66,5.44,5.65,11325751,62823381.0
2009-03-11,sh.600008,5.74,5.79,5.63,5.68,13208871,75464273.0
2009-03-12,sh.600008,5.69,5.98,5.66,5.96,29390516,171704534.0
2009-03-13,sh.600008,5.92,5.96,5.78,5.82,17486100,102573873.0
2009-03-16,sh.600008,5.81,5.94,5.77,5.85,13698555,80040346.0
2009-03-17,sh.600008,5.82,6.17,5.75,6.13,30990656,186098312.0
2009-03-18,sh.600008,6.17,6.33,6.13,6.19,34854464,217527860.0
2009-03-19,sh.600008,6.2,6.27,6.1,6.27,21783980,135181099.0
2009-03-20,sh.600008,6.27,6.27,6.09,6.16,19330787,119042075.0
2009-03-23,sh.600008,6.17,6.32,6.15,6.21,20232572,126139718.0
2009-03-24,sh.600008,6.31,6.34,6.17,6.23,22909718,142523889.0
2009-03-25,sh.600008,6.2,6.21,5.92,5.95,23179278,141850734.0
2009-03-26,sh.600008,5.94,6.08,5.85,6.03,21277600,127174373.0
2009-03-27,sh.600008,6.11,6.27,6.1,6.2,25402850,157162766.0
2009-03-30,sh.600008,6.22,6.34,6.18,6.29,24584724,154466345.0
2009-03-31,sh.600008,6.18,6.35,6.11,6.34,22850320,142139970.0
2009-04-01,sh.600008,6.43,6.47,6.31,6.37,29332686,187180292.0
2009-04-02,sh.600008,6.4,6.56,6.37,6.4,30132937,194553327.0
2009-04-03,sh.600008,6.45,6.5,6.21,6.24,26398883,166541326.0
2009-04-07,sh.600008,6.22,6.37,6.16,6.36,18240530,113796582.0
2009-04-08,sh.600008,6.33,6.41,6.12,6.12,28105465,176103751.0
2009-04-09,sh.600008,6.08,6.15,6.01,6.14,15402532,93759435.0
2009-04-10,sh.600008,6.16,6.37,6.12,6.31,22857064,143354444.0
2009-04-13,sh.600008,6.4,6.59,6.33,6.57,50190323,323862102.0
2009-04-14,sh.600008,6.52,6.64,6.41,6.53,39141222,255887461.0
2009-04-15,sh.600008,6.68,6.97,6.6,6.7,59899534,405216857.0
2009-04-16,sh.600008,6.84,6.84,6.53,6.61,31615220,209557384.0
2009-04-20,sh.600008,6.5,6.94,6.42,6.82,38833952,262158846.0
2009-04-21,sh.600008,6.74,6.88,6.62,6.77,26407135,178442196.0
2009-04-22,sh.600008,6.83,7.03,6.44,6.5,36085946,245180287.0
2009-04-23,sh.600008,6.48,6.51,6.3,6.42,17197720,110199263.0
2009-04-24,sh.600008,6.44,6.48,6.16,6.2,19440312,122618605.0
2009-04-27,sh.600008,6.2,6.26,5.94,5.94,17168385,103954704.0
2009-04-28,sh.600008,5.91,6.04,5.88,6.02,10974943,65618608.0
2009-04-29,sh.600008,6.0,6.27,6.0,6.24,15607772,95483066.0
2009-04-30,sh.600008,6.17,6.37,6.17,6.26,16808022,105371989.0
2009-05-04,sh.600008,6.21,6.46,6.21,6.45,18175158,115562207.0
2009-05-05,sh.600008,6.5,6.51,6.4,6.48,18321632,118326440.0
2009-05-06,sh.600008,6.48,6.58,6.42,6.58,18271726,118970832.0
2009-05-07,sh.600008,6.55,6.55,6.24,6.33,16526975,105278412.0
2009-05-08,sh.600008,6.3,6.51,6.24,6.44,17230066,110228043.0
2009-05-11,sh.600008,6.74,6.92,6.5,6.53,52806106,354381008.0
2009-05-12,sh.600008,6.5,6.92,6.41,6.91,48042594,323162213.0
2009-05-13,sh.600008,6.95,7.0,6.76,6.85,44339549,305019888.0
2009-05-14,sh.600008,6.79,6.85,6.66,6.74,24761049,167084405.0
2009-05-15,sh.600008,6.75,6.88,6.63,6.71,21967684,148160535.0
2009-05-18,sh.600008,6.68,6.75,6.53,6.72,14469025,95856148.0
2009-05-19,sh.600008,6.76,6.79,6.61,6.65,19259842,128590516.0
2009-05-20,sh.600008,6.65,6.75,6.58,6.59,16300365,108733314.0
2009-05-21,sh.600008,6.6,6.65,6.3,6.38,22174624,142683729.0
2009-05-22,sh.600008,6.38,6.45,6.33,6.39,12839616,82126760.0
2009-05-25,sh.600008,6.23,6.4,6.12,6.38,13872942,86859268.0
2009-05-26,sh.600008,6.43,6.62,6.41,6.46,20067603,131146189.0
2009-05-27,sh.600008,6.47,6.52,6.36,6.4,10276513,66122519.0
2009-06-01,sh.600008,6.42,6.53,6.42,6.51,14181558,91975248.0
2009-06-02,sh.600008,6.54,6.58,6.46,6.58,16481698,107707160.0
2009-06-03,sh.600008,6.58,6.64,6.52,6.64,18091693,119427840.0
2009-06-04,sh.600008,6.63,6.67,6.47,6.54,18408990,120862137.0
2009-06-05,sh.600008,6.56,6.6,6.41,6.43,17164553,111756187.0
2009-06-08,sh.600008,6.47,6.58,6.37,6.54,16094895,104265914.0
2009-06-09,sh.600008,6.54,6.55,6.33,6.47,13132250,84366680.0
2009-06-10,sh.600008,6.47,6.75,6.43,6.74,34020794,225999034.0
2009-06-11,sh.600008,6.72,6.72,6.56,6.57,19148105,126803176.0
2009-06-12,sh.600008,6.51,6.56,6.3,6.37,19841753,127257878.0
2009-06-15,sh.600008,6.36,6.42,6.31,6.42,9416607,59870697.0
2009-06-16,sh.600008,6.42,6.45,6.33,6.36,10645971,67826576.0
2009-06-17,sh.600008,6.38,6.44,6.3,6.43,15437733,98357705.0
2009-06-18,sh.600008,6.43,6.46,6.36,6.43,17835749,114350723.0
2009-06-19,sh.600008,6.46,6.64,6.44,6.6,31441410,205657986.0
2009-06-22,sh.600008,6.69,6.71,6.55,6.56,28763730,190126091.0
2009-06-23,sh.600008,6.48,6.54,6.4,6.45,21197270,137139025.0
2009-06-24,sh.600008,6.47,6.62,6.41,6.59,18328145,120353249.0
2009-06-25,sh.600008,6.62,6.74,6.55,6.62,33430826,222591295.0
2009-06-26,sh.600008,6.62,6.65,6.52,6.57,15249380,100353901.0
2009-06-29,sh.600008,6.59,6.72,6.53,6.68,24036739,160038499.0
2009-06-30,sh.600008,6.73,6.75,6.52,6.55,18204868,120202685.0
2009-07-01,sh.600008,6.5,6.64,6.48,6.56,14255909,93456865.0
2009-07-02,sh.600008,6.59,6.67,6.53,6.65,23361668,154622692.0
2009-07-03,sh.600008,6.62,6.89,6.52,6.85,43396754,290318909.0
2009-07-06,sh.600008,6.81,6.87,6.71,6.77,39627760,269068607.0
2009-07-07,sh.600008,6.75,7.08,6.73,6.96,54904071,380650135.0
2009-07-08,sh.600008,6.91,6.95,6.76,6.86,30279770,207457806.0
2009-07-09,sh.600008,6.86,7.01,6.85,7.0,26943962,186522680.0
2009-07-10,sh.600008,7.02,7.24,6.95,7.06,37222415,264305957.0
2009-07-13,sh.600008,7.03,7.1,6.98,7.0,27021824,190371551.0
2009-07-14,sh.600008,7.0,7.14,7.0,7.07,25693063,181493488.0
2009-07-16,sh.600008,7.16,7.21,6.96,7.01,28997369,205413866.0
2009-07-17,sh.600008,7.02,7.07,6.85,7.01,27358774,190688437.0
2009-07-20,sh.600008,7.18,7.71,7.18,7.71,51475137,391385726.0
2009-07-21,sh.600008,8.05,8.15,7.43,7.51,104318377,816981849.0
2009-07-22,sh.600008,7.44,7.68,7.4,7.57,36520121,275264418.0
2009-07-23,sh.600008,7.57,7.87,7.57,7.65,28176344,216890905.0
2009-07-24,sh.600008,7.78,7.82,7.29,7.47,30918115,232529378.0
2009-07-27,sh.600008,7.46,7.59,7.44,7.53,27099864,203123735.0
2009-07-28,sh.600008,7.53,7.61,7.38,7.59,31154532,232984379.0
2009-07-29,sh.600008,7.57,7.68,6.83,7.06,38344310,282214687.0
2009-07-30,sh.600008,7.08,7.2,6.93,7.11,26004939,183652817.0
2009-07-31,sh.600008,7.25,7.4,7.11,7.37,25232201,184000041.0
2009-08-03,sh.600008,7.38,7.63,7.37,7.56,26095139,195989677.0
2009-08-04,sh.600008,7.7,8.12,7.7,7.9,56439940,449373223.0
2009-08-05,sh.600008,7.9,7.9,7.52,7.81,35530454,275006164.0
2009-08-06,sh.600008,7.82,7.83,7.48,7.6,24046390,183763687.0
2009-08-07,sh.600008,7.64,7.78,7.37,7.43,23074962,175045442.0
2009-08-10,sh.600008,7.55,7.59,7.22,7.43,18155934,134489914.0
2009-08-11,sh.600008,7.44,7.57,7.38,7.49,12480886,93306027.0
2009-08-12,sh.600008,7.49,7.49,7.01,7.05,19748840,141971965.0
2009-08-13,sh.600008,7.08,7.13,6.96,7.07,14765054,104065974.0
2009-08-14,sh.600008,7.05,7.09,6.66,6.69,17061272,116275876.0
2009-08-17,sh.600008,6.6,6.67,6.15,6.17,19268552,123326694.0
2009-08-18,sh.600008,6.17,6.34,6.17,6.33,12045338,75549179.0
2009-08-19,sh.600008,6.31,6.34,5.89,5.96,13859746,84425555.0
2009-08-20,sh.600008,5.98,6.15,5.96,6.13,13674008,82748618.0
2009-08-21,sh.600008,6.12,6.27,6.09,6.25,16041627,99273329.0
2009-08-24,sh.600008,6.24,6.34,6.21,6.28,12746434,80054593.0
2009-08-25,sh.600008,6.28,6.3,6.0,6.3,17837198,109456291.0
2009-08-26,sh.600008,6.25,6.52,6.15,6.4,20085276,128117136.0
2009-08-28,sh.600008,6.48,6.59,6.29,6.39,23264897,149502882.0
2009-08-31,sh.600008,6.35,6.35,5.91,5.92,14156974,85669309.0
2009-09-01,sh.600008,5.92,6.03,5.84,5.91,8675357,51467915.0
2009-09-02,sh.600008,5.9,5.98,5.85,5.94,7061092,41810776.0
2009-09-03,sh.600008,5.93,6.19,5.89,6.18,14054112,85558179.0
2009-09-04,sh.600008,6.15,6.34,6.1,6.28,17484968,108843073.0
2009-09-07,sh.600008,6.3,6.45,6.23,6.34,20375495,129073548.0
2009-09-08,sh.600008,6.24,6.36,6.2,6.34,15165635,95485029.0
2009-09-09,sh.600008,6.33,6.35,6.2,6.3,13990483,87719275.0
2009-09-10,sh.600008,6.3,6.36,6.2,6.28,13826096,87001197.0
2009-09-11,sh.600008,6.28,6.44,6.25,6.35,16475887,104856372.0
2009-09-14,sh.600008,6.35,6.53,6.3,6.47,22112664,142052914.0
2009-09-15,sh.600008,6.46,6.52,6.38,6.47,17827542,115285475.0
2009-09-16,sh.600008,6.47,6.47,6.27,6.36,16425870,104537478.0
2009-09-17,sh.600008,6.37,6.66,6.37,6.64,23685221,154434007.0
2009-09-18,sh.600008,6.65,6.7,6.3,6.38,20225131,132390890.0
2009-09-21,sh.600008,6.32,6.52,6.21,6.51,17779856,112947399.0
2009-09-22,sh.600008,6.47,6.63,6.32,6.34,14902504,96826188.0
2009-09-23,sh.600008,6.39,6.44,6.16,6.19,12072475,75812887.0
2009-09-24,sh.600008,6.16,6.42,6.14,6.28,13753467,86786522.0
2009-09-25,sh.600008,6.21,6.26,6.13,6.16,8939295,55254238.0
2009-09-28,sh.600008,6.18,6.21,5.91,5.93,9892802,60271012.0
2009-09-29,sh.600008,5.9,5.97,5.69,5.79,9395294,54793790.0
2009-09-30,sh.600008,5.88,5.92,5.81,5.88,6286005,36864145.0
2009-10-09,sh.600008,5.99,6.15,5.95,6.14,8798892,53386312.0
2009-10-12,sh.600008,6.16,6.2,6.08,6.14,8751844,53707279.0
2009-10-13,sh.600008,6.18,6.2,6.13,6.19,10370864,63888918.0
2009-10-14,sh.600008,6.2,6.28,6.18,6.22,12189005,76017830.0
2009-10-15,sh.600008,6.24,6.29,6.15,6.23,9093812,56557626.0
2009-10-16,sh.600008,6.26,6.26,6.11,6.18,7349624,45294540.0
2009-10-19,sh.600008,6.22,6.44,6.22,6.38,19439184,123696150.0
2009-10-20,sh.600008,6.39,6.42,6.33,6.41,16062417,102429937.0
2009-10-21,sh.600008,6.41,6.43,6.34,6.38,13065364,83360998.0
2009-10-22,sh.600008,6.36,6.37,6.26,6.29,11856884,74798081.0
2009-10-23,sh.600008,6.31,6.48,6.31,6.4,18218133,116656713.0
2009-10-26,sh.600008,6.4,6.53,6.37,6.44,15412466,99337812.0
2009-10-27,sh.600008,6.39,6.39,6.16,6.17,12634499,79132280.0
2009-10-28,sh.600008,6.15,6.22,6.08,6.22,8626806,53119932.0
2009-10-29,sh.600008,6.16,6.19,6.1,6.12,7840694,48114541.0
2009-10-30,sh.600008,6.19,6.39,6.19,6.28,15269566,96228421.0
2009-11-02,sh.600008,6.18,6.4,6.11,6.4,16983512,107154382.0
2009-11-03,sh.600008,6.4,6.55,6.38,6.52,26984734,174489823.0
2009-11-04,sh.600008,6.52,6.56,6.45,6.51,18608696,121090230.0
2009-11-05,sh.600008,6.5,6.6,6.48,6.56,18745620,122671081.0
2009-11-06,sh.600008,6.6,6.9,6.56,6.77,42118456,283878104.0
2009-11-09,sh.600008,6.9,7.07,6.75,6.86,36874853,254529735.0
2009-11-10,sh.600008,6.9,6.94,6.75,6.78,18836645,128248139.0
2009-11-11,sh.600008,6.79,7.08,6.75,7.03,33418060,231801254.0
2009-11-12,sh.600008,7.05,7.05,6.9,6.98,21283229,148475977.0
2009-11-13,sh.600008,6.91,7.18,6.77,7.1,28964920,202522135.0
2009-11-16,sh.600008,7.2,7.37,7.15,7.25,37824329,275115519.0
2009-11-17,sh.600008,7.25,7.28,7.15,7.21,20055431,144537012.0
2009-11-18,sh.600008,7.3,7.58,7.3,7.48,44297325,329376251.0
2009-11-19,sh.600008,7.6,7.75,7.48,7.51,29133470,220272559.0
2009-11-20,sh.600008,7.56,7.6,7.41,7.49,25475026,190930095.0
2009-11-23,sh.600008,7.52,7.6,7.45,7.55,21778004,163874181.0
2009-11-24,sh.600008,7.58,7.59,7.0,7.02,37442407,274709144.0
2009-11-25,sh.600008,7.0,7.21,6.98,7.19,21866844,155389519.0
2009-11-26,sh.600008,7.2,7.23,6.75,6.8,26327681,183982762.0
2009-11-27,sh.600008,6.76,7.06,6.75,6.87,23405776,161949777.0
2009-11-30,sh.600008,6.89,7.44,6.87,7.36,35539989,257788706.0
2009-12-01,sh.600008,7.35,7.62,7.29,7.53,41874714,313149649.0
2009-12-02,sh.600008,7.9,8.06,7.56,7.62,52315368,405502082.0
2009-12-03,sh.600008,7.58,7.88,7.53,7.8,44695500,346483531.0
2009-12-04,sh.600008,7.82,7.96,7.38,7.61,45582879,350619393.0
2009-12-07,sh.600008,7.52,7.79,7.5,7.76,25187081,191036761.0
2009-12-08,sh.600008,7.65,7.68,7.5,7.62,29823623,225904877.0
2009-12-09,sh.600008,7.5,7.55,7.26,7.29,31617768,233164687.0
2009-12-10,sh.600008,7.35,7.4,7.18,7.3,28796813,209313593.0
2009-12-11,sh.600008,7.31,7.37,7.23,7.31,15840838,115701788.0
2009-12-14,sh.600008,7.33,7.35,6.98,7.21,27356681,194657007.0
2009-12-15,sh.600008,7.21,7.37,7.19,7.31,26318019,191687947.0
2009-12-16,sh.600008,7.4,7.44,7.29,7.31,21140163,155616170.0
2009-12-17,sh.600008,7.4,7.7,7.39,7.45,48627594,365942001.0
2009-12-18,sh.600008,7.4,7.4,7.03,7.06,21724597,155215384.0
2009-12-21,sh.600008,7.06,7.12,6.9,7.02,13703541,95594907.0
2009-12-22,sh.600008,7.15,7.23,6.92,6.93,17009125,120476482.0
2009-12-23,sh.600008,6.95,7.06,6.88,7.0,11227679,78093969.0
2009-12-24,sh.600008,7.0,7.15,6.95,7.13,16204781,114912710.0
2009-12-28,sh.600008,7.13,7.23,7.1,7.19,15393616,110353474.0
2009-12-29,sh.600008,7.2,7.21,7.06,7.16,13769100,97971818.0
2009-12-30,sh.600008,7.18,7.19,7.08,7.16,13843097,98777677.0
2009-12-31,sh.600008,7.17,7.28,7.12,7.24,17536189,126362960.0
2010-01-04,sh.600008,7.27,7.3,7.13,7.15,14070632,101152799.0
2010-01-05,sh.600008,7.16,7.18,7.03,7.13,18980666,134540177.0
2010-01-06,sh.600008,7.19,7.33,7.19,7.2,24171641,175434399.0
2010-01-07,sh.600008,7.22,7.22,7.03,7.05,15201998,107980873.0
2010-01-08,sh.600008,7.0,7.11,6.99,7.1,12479783,87763142.0
2010-01-11,sh.600008,7.14,7.2,6.94,7.05,19369951,136443522.0
2010-01-12,sh.600008,7.07,7.2,6.99,7.2,20722339,147944371.0
2010-01-13,sh.600008,7.06,7.24,7.05,7.06,17234857,122765593.0
2010-01-14,sh.600008,7.09,7.24,7.06,7.22,20187868,144722849.0
2010-01-15,sh.600008,7.27,7.34,7.19,7.3,30929206,225341858.0
2010-01-18,sh.600008,7.33,7.48,7.24,7.46,29829426,219249828.0
2010-01-19,sh.600008,7.5,7.53,7.35,7.39,21905704,162268211.0
2010-01-20,sh.600008,7.41,7.52,7.26,7.32,31919934,235673002.0
2010-01-21,sh.600008,7.33,7.46,7.23,7.39,23726497,174431875.0
2010-01-22,sh.600008,7.25,7.39,7.02,7.1,23763945,170851592.0
2010-01-25,sh.600008,7.01,7.15,7.0,7.01,10905499,77058387.0
2010-01-26,sh.600008,7.06,7.06,6.6,6.67,19617366,132781472.0
2010-01-27,sh.600008,6.68,6.73,6.5,6.54,14395180,95375264.0
2010-01-28,sh.600008,6.56,6.66,6.56,6.64,8788121,58178312.0
2010-01-29,sh.600008,6.6,6.7,6.58,6.62,9188149,61080458.0
2010-02-01,sh.600008,6.63,7.07,6.48,7.02,28640651,194623877.0
2010-02-02,sh.600008,6.94,7.04,6.73,6.79,18545500,127693533.0
2010-02-03,sh.600008,7.0,7.47,7.0,7.47,85215398,630702454.0
2010-02-04,sh.600008,7.8,8.22,7.61,8.22,170640785,1364938681.0
2010-02-05,sh.600008,8.44,8.95,7.77,8.29,208243088,1750244361.0
2010-02-08,sh.600008,8.1,8.6,7.91,8.36,91065329,751385975.0
2010-02-09,sh.600008,8.1,8.18,7.8,7.87,61514406,488964303.0
2010-02-10,sh.600008,7.88,8.07,7.66,7.91,44324446,348486542.0
2010-02-11,sh.600008,7.9,7.93,7.66,7.7,34301251,266099558.0
2010-02-12,sh.600008,7.67,8.0,7.65,7.87,38090520,299663696.0
2010-02-22,sh.600008,7.78,8.08,7.65,7.92,44131209,347256920.0
2010-02-23,sh.600008,7.87,8.29,7.8,8.27,49831950,399437774.0
2010-02-24,sh.600008,8.16,8.34,8.06,8.23,48079784,393874340.0
2010-02-25,sh.600008,8.25,8.52,8.12,8.31,58632997,490080103.0
2010-02-26,sh.600008,8.21,8.31,8.06,8.11,48627460,396987679.0
2010-03-01,sh.600008,8.13,8.45,8.13,8.27,50305622,417362103.0
2010-03-03,sh.600008,8.28,8.32,8.06,8.26,41911447,343524964.0
2010-03-04,sh.600008,8.23,8.24,7.69,7.76,45029929,359050557.0
2010-03-05,sh.600008,7.76,7.86,7.57,7.77,28993758,224109928.0
2010-03-08,sh.600008,7.77,7.85,7.68,7.76,16996858,132116961.0
2010-03-09,sh.600008,7.71,7.81,7.61,7.76,18484399,142529729.0
2010-03-10,sh.600008,7.75,7.89,7.65,7.71,18308201,141993102.0
2010-03-11,sh.600008,7.71,7.78,7.53,7.6,16389042,125058334.0
2010-03-12,sh.600008,7.61,7.71,7.48,7.58,17535963,133413073.0
2010-03-15,sh.600008,7.54,7.75,7.5,7.69,16365084,124893687.0
2010-03-16,sh.600008,7.66,7.76,7.58,7.75,14617213,112248358.0
2010-03-17,sh.600008,7.8,7.93,7.76,7.9,25812812,202890931.0
2010-03-18,sh.600008,7.92,7.94,7.79,7.83,16683391,130821556.0
2010-03-19,sh.600008,7.86,7.88,7.71,7.85,16630058,129348782.0
2010-03-22,sh.600008,7.85,7.86,7.74,7.79,13930625,108549334.0
2010-03-23,sh.600008,7.8,8.0,7.7,7.93,35369572,279507950.0
2010-03-24,sh.600008,7.92,8.16,7.88,7.94,35502681,285232808.0
2010-03-25,sh.600008,7.9,7.95,7.62,7.64,26429073,204240091.0
2010-03-26,sh.600008,7.68,7.78,7.61,7.74,12033239,92802056.0
2010-03-29,sh.600008,7.86,7.95,7.82,7.88,20387001,160882656.0
2010-03-30,sh.600008,7.9,7.92,7.76,7.9,17705713,138485713.0
2010-03-31,sh.600008,7.88,7.88,7.75,7.76,13625411,106331931.0
2010-04-01,sh.600008,7.78,8.05,7.75,7.98,32497530,258827872.0
2010-04-02,sh.600008,8.0,8.01,7.91,7.96,17697451,140626591.0
2010-04-06,sh.600008,7.98,8.02,7.88,7.94,16139199,128238752.0
2010-04-07,sh.600008,7.95,8.0,7.87,8.0,17613082,139844706.0
2010-04-08,sh.600008,8.0,8.15,7.91,7.94,32092382,258352096.0
2010-04-09,sh.600008,7.9,8.0,7.83,7.99,22146824,175054896.0
2010-04-12,sh.600008,8.0,8.06,7.92,8.01,21952564,175380095.0
2010-04-13,sh.600008,8.0,8.23,7.96,8.21,56269062,457186226.0
2010-04-14,sh.600008,8.24,8.28,8.13,8.18,29401183,240691699.0
2010-04-16,sh.600008,8.1,8.1,7.86,7.91,24894922,197787437.0
2010-04-19,sh.600008,7.82,7.83,7.37,7.4,29238403,223066133.0
2010-04-20,sh.600008,7.38,7.5,7.27,7.46,18531297,137147022.0
2010-04-21,sh.600008,7.46,7.6,7.38,7.56,18120105,136192329.0
2010-04-22,sh.600008,7.54,7.54,7.37,7.4,20293246,150850121.0
2010-04-23,sh.600008,7.34,7.58,7.26,7.45,22606323,167920014.0
2010-04-26,sh.600008,7.4,7.56,7.35,7.44,12626604,94257539.0
2010-04-27,sh.600008,7.43,7.48,7.02,7.15,20821942,150750241.0
2010-04-28,sh.600008,7.13,7.18,6.99,7.13,11102065,78733990.0
2010-04-29,sh.600008,7.2,7.28,7.03,7.05,12539065,90126663.0
2010-04-30,sh.600008,7.12,7.27,7.03,7.19,14959032,106985894.0
2010-05-04,sh.600008,7.0,7.0,6.75,6.78,11428940,78505191.0
2010-05-05,sh.600008,6.7,6.92,6.67,6.91,9562933,65212718.0
2010-05-06,sh.600008,6.91,7.16,6.75,6.81,14866553,103890550.0
2010-05-07,sh.600008,6.66,6.83,6.61,6.7,11181813,75016448.0
2010-05-10,sh.600008,6.69,6.83,6.6,6.76,9132631,61424768.0
2010-05-11,sh.600008,6.89,6.93,6.5,6.52,10497424,70701116.0
2010-05-12,sh.600008,6.39,6.56,6.23,6.36,14110514,90196050.0
2010-05-13,sh.600008,6.45,6.49,6.27,6.48,9512223,60863755.0
2010-05-14,sh.600008,6.46,6.7,6.4,6.59,15305679,100851152.0
2010-05-17,sh.600008,6.49,6.56,6.14,6.16,10841594,68666269.0
2010-05-18,sh.600008,6.14,6.24,5.96,6.22,12011725,73342214.0
2010-05-19,sh.600008,6.15,6.25,6.06,6.14,9084547,55953541.0
2010-05-20,sh.600008,6.11,6.19,5.94,5.95,9585685,58053342.0
2010-05-21,sh.600008,5.78,5.99,5.73,5.97,11162693,65406386.0
2010-05-24,sh.600008,5.96,6.26,5.96,6.21,16955066,104440190.0
2010-05-25,sh.600008,6.2,6.2,6.03,6.1,11007449,67290403.0
2010-05-26,sh.600008,6.08,6.23,6.06,6.17,8643609,53226521.0
2010-05-27,sh.600008,6.27,6.45,6.25,6.35,19432637,123426126.0
2010-05-28,sh.600008,6.35,6.45,6.25,6.42,21735967,138481797.0
2010-05-31,sh.600008,6.38,6.38,6.09,6.11,12245832,76429117.0
2010-06-01,sh.600008,6.07,6.15,5.9,6.02,10620442,63899484.0
2010-06-02,sh.600008,5.99,6.1,5.93,6.1,6251818,37668232.0
2010-06-03,sh.600008,6.13,6.19,6.07,6.08,8548611,52317681.0
2010-06-04,sh.600008,6.05,6.12,5.99,6.09,5871192,35547609.0
2010-06-07,sh.600008,5.96,6.1,5.91,6.04,7059038,42480624.0
2010-06-08,sh.600008,5.96,6.11,5.96,6.05,6014930,36301287.0
2010-06-09,sh.600008,6.07,6.29,6.0,6.22,10785689,66178431.0
2010-06-10,sh.600008,6.19,6.27,6.16,6.2,8539556,53084054.0
2010-06-11,sh.600008,6.28,6.31,6.17,6.23,10031383,62626257.0
2010-06-17,sh.600008,6.26,6.29,6.14,6.15,5079235,31530298.0
2010-06-18,sh.600008,6.15,6.2,5.92,6.0,6930901,42017215.0
2010-06-21,sh.600008,6.02,6.2,5.96,6.2,9117259,55724335.0
2010-06-22,sh.600008,6.17,6.37,6.16,6.28,13961151,87876462.0
2010-06-23,sh.600008,6.23,6.3,6.13,6.18,8216531,50967440.0
2010-06-24,sh.600008,6.17,6.22,6.12,6.17,4707734,29022293.0
2010-06-25,sh.600008,6.16,6.16,6.0,6.04,7414592,44959463.0
2010-06-28,sh.600008,6.05,6.11,6.0,6.07,5413899,32842390.0
2010-06-29,sh.600008,6.08,6.13,5.59,5.61,13030396,76000253.0
2010-06-30,sh.600008,5.56,5.61,5.39,5.47,6619781,36324568.0
2010-07-01,sh.600008,5.45,5.52,5.36,5.45,4439992,24228658.0
2010-07-02,sh.600008,5.44,5.5,5.25,5.49,6081546,32864377.0
2010-07-05,sh.600008,5.44,5.5,5.31,5.48,4826243,26078960.0
2010-07-06,sh.600008,5.48,5.63,5.42,5.59,6118303,34043186.0
2010-07-07,sh.600008,5.57,5.61,5.51,5.6,5556652,30999823.0
2010-07-08,sh.600008,5.62,5.64,5.51,5.55,5132687,28620762.0
2010-07-09,sh.600008,5.55,5.7,5.53,5.69,7616966,42990904.0
2010-07-12,sh.600008,5.68,5.75,5.64,5.71,7956149,45402824.0
2010-07-13,sh.600008,5.66,5.69,5.56,5.58,5746553,32284028.0
2010-07-14,sh.600008,5.67,5.75,5.6,5.74,8922253,50813245.0
2010-07-15,sh.600008,5.72,5.74,5.48,5.49,7963976,44691808.0
2010-07-16,sh.600008,5.48,5.6,5.41,5.59,6134333,33746079.0
2010-07-19,sh.600008,5.53,5.7,5.5,5.68,7305565,41093026.0
2010-07-20,sh.600008,5.71,5.81,5.66,5.8,12361326,71061059.0
2010-07-21,sh.600008,5.81,5.86,5.75,5.81,12492131,72561601.0
2010-07-22,sh.600008,5.78,5.88,5.76,5.88,10172428,59414055.0
2010-07-23,sh.600008,5.9,5.93,5.79,5.86,10318312,60444501.0
2010-07-26,sh.600008,5.85,5.97,5.82,5.96,11455662,67770378.0
2010-07-27,sh.600008,5.91,5.96,5.88,5.9,8817752,52183015.0
2010-07-28,sh.600008,5.94,6.03,5.9,6.01,11829914,70807540.0
2010-07-29,sh.600008,6.01,6.13,6.01,6.08,14424929,87606035.0
2010-07-30,sh.600008,6.02,6.11,6.0,6.04,10222899,61764420.0
2010-08-02,sh.600008,6.04,6.17,6.01,6.14,12008756,73362238.0
2010-08-03,sh.600008,6.13,6.15,6.01,6.02,12743158,77689389.0
2010-08-04,sh.600008,6.02,6.05,5.85,6.04,11561446,68936030.0
2010-08-05,sh.600008,6.04,6.07,5.96,6.0,9637138,57902784.0
2010-08-06,sh.600008,5.99,6.13,5.94,6.13,11940966,72161298.0
2010-08-09,sh.600008,6.13,6.28,6.09,6.21,18439184,114441590.0
2010-08-10,sh.600008,6.24,6.24,5.96,5.97,12889064,78458603.0
2010-08-11,sh.600008,6.01,6.06,5.96,6.04,6438572,38712586.0
2010-08-12,sh.600008,5.98,6.15,5.9,6.11,14152830,85992500.0
2010-08-13,sh.600008,6.1,6.18,6.0,6.18,11299080,69192558.0
2010-08-16,sh.600008,6.2,6.33,6.14,6.29,19019168,118590437.0
2010-08-17,sh.600008,6.33,6.35,6.21,6.29,12783900,80088069.0
2010-08-18,sh.600008,6.3,6.32,6.18,6.21,11020274,68617110.0
2010-08-19,sh.600008,6.25,6.34,6.22,6.27,15111270,94900395.0
2010-08-20,sh.600008,6.24,6.24,6.01,6.07,12133997,74267253.0
2010-08-23,sh.600008,6.05,6.12,6.01,6.04,8068007,48875029.0
2010-08-24,sh.600008,6.04,6.14,6.02,6.11,8609956,52528256.0
2010-08-25,sh.600008,6.07,6.12,5.98,5.99,8570785,51737868.0
2010-08-26,sh.600008,6.0,6.1,5.97,6.08,10303457,62144764.0
2010-08-27,sh.600008,6.03,6.06,5.98,6.01,5228989,31439111.0
2010-08-30,sh.600008,6.07,6.1,6.01,6.09,11618370,70450434.0
2010-08-31,sh.600008,6.08,6.09,6.0,6.03,10118735,61068953.0
2010-09-01,sh.600008,6.06,6.06,5.84,5.89,14320460,85425162.0
2010-09-02,sh.600008,5.94,5.96,5.86,5.93,11501959,68019631.0
2010-09-03,sh.600008,5.96,5.97,5.88,5.92,10744614,63542886.0
2010-09-06,sh.600008,5.94,6.03,5.92,6.03,12991711,77701483.0
2010-09-07,sh.600008,6.04,6.04,5.96,6.03,9392192,56422885.0
2010-09-08,sh.600008,6.0,6.1,5.98,6.06,12195690,73689248.0
2010-09-09,sh.600008,6.14,6.17,5.93,5.97,13244755,80199306.0
2010-09-10,sh.600008,5.99,6.0,5.86,5.98,10737536,63645118.0
2010-09-13,sh.600008,5.98,6.04,5.93,6.03,10993680,65842379.0
2010-09-14,sh.600008,6.03,6.08,5.95,6.07,14267426,85923104.0
2010-09-15,sh.600008,6.15,6.68,6.15,6.68,55558017,364696911.0
2010-09-16,sh.600008,6.74,6.77,6.3,6.37,57290538,372015082.0
2010-09-17,sh.600008,6.38,6.42,6.2,6.24,20547728,129155970.0
2010-09-20,sh.600008,6.22,6.48,6.21,6.26,22063525,139710445.0
2010-09-21,sh.600008,6.2,6.28,6.11,6.13,10339112,63937977.0
2010-09-27,sh.600008,6.14,6.21,6.08,6.18,12228461,75195035.0
2010-09-28,sh.600008,6.16,6.17,6.0,6.06,13403146,81415146.0
2010-09-29,sh.600008,6.06,6.08,5.96,5.97,10833111,65200386.0
2010-09-30,sh.600008,5.96,6.07,5.94,6.07,7448594,44894245.0
2010-10-08,sh.600008,6.11,6.23,6.09,6.19,14542862,89629746.0
2010-10-11,sh.600008,6.19,6.36,6.17,6.34,27601585,173061583.0
2010-10-12,sh.600008,6.33,6.53,6.24,6.44,25145370,160573075.0
2010-10-13,sh.600008,6.44,6.48,6.31,6.4,20082065,128326986.0
2010-10-14,sh.600008,6.43,6.45,6.22,6.24,20753260,131219569.0
2010-10-15,sh.600008,6.22,6.42,6.21,6.4,20995926,133348623.0
2010-10-18,sh.600008,6.47,6.8,6.3,6.55,38986672,255853101.0
2010-10-19,sh.600008,6.55,6.63,6.4,6.61,19754596,129045860.0
2010-10-20,sh.600008,6.49,6.59,6.41,6.48,20505465,133110252.0
2010-10-21,sh.600008,6.48,6.6,6.43,6.5,15911214,103513080.0
2010-10-22,sh.600008,6.5,6.54,6.42,6.47,11568998,74894582.0
2010-10-25,sh.600008,6.48,6.67,6.44,6.62,20569910,135415562.0
2010-10-26,sh.600008,6.63,6.65,6.52,6.6,16176175,106320339.0
2010-10-27,sh.600008,6.6,6.68,6.5,6.51,15402029,101544222.0
2010-10-28,sh.600008,6.51,6.52,6.34,6.4,16198642,103985807.0
2010-10-29,sh.600008,6.41,6.45,6.34,6.42,10324114,66055620.0
2010-11-01,sh.600008,6.45,6.65,6.41,6.6,19093581,125182207.0
2010-11-02,sh.600008,6.63,6.83,6.54,6.68,31801423,213099298.0
2010-11-03,sh.600008,6.67,6.77,6.56,6.58,17320077,115725376.0
2010-11-04,sh.600008,6.58,6.74,6.58,6.71,14440665,96465605.0
2010-11-05,sh.600008,6.75,6.94,6.71,6.91,30700243,210339782.0
2010-11-08,sh.600008,6.91,7.09,6.88,6.97,26694134,186219693.0
2010-11-09,sh.600008,6.96,7.0,6.81,6.9,20318021,139635410.0
2010-11-10,sh.600008,6.88,6.94,6.73,6.92,20303214,138876020.0
2010-11-11,sh.600008,6.87,7.23,6.85,6.93,37659603,266403173.0
2010-11-12,sh.600008,6.94,7.17,6.56,6.66,41091756,282373786.0
2010-11-15,sh.600008,6.69,7.25,6.64,7.21,43149774,299472007.0
2010-11-16,sh.600008,7.08,7.22,6.76,6.9,31145697,218403050.0
2010-11-17,sh.600008,6.85,6.9,6.36,6.49,20855355,139164456.0
2010-11-18,sh.600008,6.56,6.63,6.4,6.5,13682209,88892004.0
2010-11-19,sh.600008,6.56,6.74,6.49,6.69,17029143,112932840.0
2010-11-22,sh.600008,6.64,6.85,6.59,6.72,16178032,109036466.0
2010-11-23,sh.600008,6.74,7.25,6.73,7.01,49333775,347137978.0
2010-11-24,sh.600008,6.94,7.08,6.84,7.07,23221853,161875150.0
2010-11-25,sh.600008,7.08,7.17,6.97,7.08,21672148,152830786.0
2010-11-26,sh.600008,7.13,7.34,7.05,7.15,37445644,270062322.0
2010-11-29,sh.600008,7.1,7.14,6.88,7.01,21801787,152403492.0
2010-11-30,sh.600008,6.99,7.02,6.62,6.8,25053576,170817701.0
2010-12-01,sh.600008,6.79,7.41,6.7,7.24,37315296,265151513.0
2010-12-03,sh.600008,7.21,7.25,6.98,7.16,22765070,161475527.0
2010-12-06,sh.600008,7.18,7.24,6.97,7.12,18692630,133083074.0
2010-12-07,sh.600008,7.12,7.22,6.9,7.19,17939349,127571478.0
2010-12-08,sh.600008,7.34,7.42,7.07,7.07,27738491,200725238.0
2010-12-09,sh.600008,7.05,7.09,6.88,6.88,18619847,129705762.0
2010-12-10,sh.600008,6.87,7.05,6.8,7.02,11477163,80109956.0
2010-12-13,sh.600008,7.02,7.39,7.02,7.28,31251103,226151748.0
2010-12-14,sh.600008,7.28,7.42,7.23,7.32,27297064,199846008.0
2010-12-15,sh.600008,7.3,7.55,7.18,7.48,33031019,243097453.0
2010-12-16,sh.600008,7.43,7.49,7.3,7.39,20440899,151226614.0
2010-12-17,sh.600008,7.38,7.5,7.27,7.39,15270529,112802504.0
2010-12-20,sh.600008,7.37,7.43,7.01,7.21,23996845,173315174.0
2010-12-21,sh.600008,7.19,7.33,7.17,7.23,19394492,140777668.0
2010-12-22,sh.600008,7.24,7.28,7.12,7.14,15666830,112393451.0
2010-12-23,sh.600008,7.13,7.22,7.04,7.08,13812003,98557494.0
2010-12-27,sh.600008,7.08,7.15,6.81,6.85,19042416,133296101.0
2010-12-28,sh.600008,6.86,6.89,6.62,6.68,13299541,89367303.0
2010-12-29,sh.600008,6.69,6.76,6.63,6.73,6596585,44168167.0
2010-12-30,sh.600008,6.74,6.76,6.5,6.64,9188006,61097118.0
2010-12-31,sh.600008,6.67,6.75,6.63,6.73,7162948,48014980.0
2011-01-04,sh.600008,6.8,6.88,6.73,6.8,14148453,96046701.0
2011-01-05,sh.600008,6.78,6.95,6.75,6.91,14200515,97557501.0
2011-01-06,sh.600008,6.88,6.92,6.78,6.83,10877755,74395908.0
2011-01-07,sh.600008,6.78,6.88,6.71,6.77,10208606,69298362.0
2011-01-10,sh.600008,6.8,6.84,6.61,6.63,8533854,57515882.0
2011-01-11,sh.600008,6.61,6.66,6.53,6.61,8114930,53469721.0
2011-01-12,sh.600008,6.64,6.66,6.55,6.63,5889242,38942838.0
2011-01-13,sh.600008,6.66,6.68,6.56,6.57,5349909,35335733.0
2011-01-14,sh.600008,6.55,6.56,6.37,6.38,9986341,64504845.0
2011-01-17,sh.600008,6.36,6.39,6.08,6.12,10095553,63139750.0
2011-01-18,sh.600008,6.11,6.19,6.07,6.14,5083200,31123406.0
2011-01-19,sh.600008,6.14,6.25,6.1,6.24,6708179,41445869.0
2011-01-20,sh.600008,6.22,6.22,5.97,6.0,8382551,50883722.0
2011-01-21,sh.600008,6.0,6.14,5.98,6.06,6061201,36709424.0
2011-01-24,sh.600008,6.09,6.19,6.06,6.09,5594002,34299433.0
2011-01-25,sh.600008,6.09,6.18,6.05,6.07,3590670,21890128.0
2011-01-26,sh.600008,6.08,6.18,6.08,6.16,3678120,22581492.0
2011-01-27,sh.600008,6.11,6.33,6.06,6.26,11079646,68698751.0
2011-01-28,sh.600008,6.25,6.33,6.22,6.28,6261962,39296374.0
2011-01-31,sh.600008,6.38,6.87,6.38,6.73,28117973,186701257.0
2011-02-01,sh.600008,6.73,6.74,6.54,6.59,13421655,88704158.0
2011-02-09,sh.600008,6.56,6.98,6.51,6.84,20052233,135009850.0
2011-02-10,sh.600008,6.76,6.85,6.73,6.82,13073465,88662852.0
2011-02-11,sh.600008,6.81,6.87,6.75,6.79,11533928,78504147.0
2011-02-14,sh.600008,6.77,6.88,6.65,6.83,17510309,118906239.0
2011-02-15,sh.600008,6.86,6.97,6.79,6.81,18676734,128573631.0
2011-02-16,sh.600008,6.78,6.84,6.71,6.82,12217558,82773466.0
2011-02-17,sh.600008,6.86,6.95,6.75,6.93,20941316,143776961.0
2011-02-18,sh.600008,6.89,6.9,6.77,6.78,11041279,75396450.0
2011-02-21,sh.600008,6.81,6.89,6.77,6.86,11675954,79696205.0
2011-02-22,sh.600008,6.85,6.87,6.6,6.62,17189216,115295847.0
2011-02-23,sh.600008,6.6,6.67,6.56,6.63,8644509,57269325.0
2011-02-24,sh.600008,6.6,6.69,6.58,6.67,8200407,54361621.0
2011-02-25,sh.600008,6.66,6.81,6.62,6.75,10929586,73575480.0
2011-02-28,sh.600008,6.77,6.92,6.72,6.86,14939962,102418620.0
2011-03-01,sh.600008,6.89,6.89,6.79,6.86,10573523,72310893.0
2011-03-02,sh.600008,6.81,6.81,6.61,6.72,10870136,73117911.0
2011-03-03,sh.600008,6.72,6.79,6.65,6.69,8415258,56569394.0
2011-03-04,sh.600008,6.66,6.82,6.61,6.81,11384473,76936363.0
2011-03-07,sh.600008,6.82,6.9,6.78,6.87,14137115,96887647.0
2011-03-08,sh.600008,6.89,6.92,6.84,6.9,13437165,92498061.0
2011-03-09,sh.600008,6.91,6.95,6.84,6.87,11334632,77995066.0
2011-03-10,sh.600008,6.87,6.93,6.75,6.8,14827761,101482479.0
2011-03-11,sh.600008,6.79,6.83,6.7,6.72,14366582,97109542.0
2011-03-14,sh.600008,6.69,6.74,6.63,6.7,10792512,72089904.0
2011-03-15,sh.600008,6.68,6.68,6.37,6.45,21198175,137206315.0
2011-03-16,sh.600008,6.49,6.59,6.44,6.55,12664077,82420365.0
2011-03-17,sh.600008,6.5,6.54,6.39,6.43,11570849,74715751.0
2011-03-18,sh.600008,6.45,6.5,6.42,6.44,6582452,42487823.0
2011-03-21,sh.600008,6.43,6.52,6.41,6.43,7173708,46289535.0
2011-03-22,sh.600008,6.45,6.55,6.4,6.54,11408254,74087219.0
2011-03-23,sh.600008,6.53,6.61,6.48,6.61,13361099,87583553.0
2011-03-24,sh.600008,6.62,6.62,6.53,6.54,8834347,58091709.0
2011-03-25,sh.600008,6.56,6.62,6.53,6.59,9844501,64918255.0
2011-03-28,sh.600008,6.6,6.91,6.6,6.83,42113891,286259861.0
2011-03-29,sh.600008,6.87,7.06,6.87,6.96,49718741,346060437.0
2011-03-30,sh.600008,6.94,6.97,6.78,6.82,18956494,130396800.0
2011-04-01,sh.600008,6.81,7.01,6.69,7.0,21904760,149305967.0
2011-04-06,sh.600008,6.94,7.04,6.89,6.95,21286750,148432959.0
2011-04-07,sh.600008,6.98,6.98,6.79,6.87,15921715,109101782.0
2011-04-08,sh.600008,6.87,6.88,6.79,6.85,15288982,104525719.0
2011-04-11,sh.600008,6.86,6.93,6.8,6.81,13314966,91534416.0
2011-04-12,sh.600008,6.78,6.98,6.76,6.96,18664674,128791638.0
2011-04-13,sh.600008,6.93,7.05,6.8,7.04,21092704,146444001.0
2011-04-14,sh.600008,7.05,7.05,6.89,6.9,11699095,81278910.0
2011-04-15,sh.600008,6.88,6.92,6.79,6.9,12845903,88039748.0
2011-04-18,sh.600008,6.87,7.02,6.85,6.95,19194756,133245239.0
2011-04-19,sh.600008,6.9,6.9,6.78,6.8,13125159,89518140.0
2011-04-20,sh.600008,6.81,6.89,6.81,6.83,8817708,60414237.0
2011-04-21,sh.600008,6.87,6.97,6.82,6.94,14997148,103573387.0
2011-04-22,sh.600008,6.98,7.05,6.94,6.97,21122136,147709728.0
2011-04-25,sh.600008,6.98,6.98,6.77,6.77,16308522,111430750.0
2011-04-26,sh.600008,6.77,6.82,6.65,6.71,8841471,59662852.0
2011-04-27,sh.600008,6.71,6.77,6.6,6.64,8372422,55924359.0
2011-04-28,sh.600008,6.66,6.71,6.5,6.52,8292309,54727470.0
2011-04-29,sh.600008,6.55,6.67,6.55,6.64,6362552,42091030.0
2011-05-03,sh.600008,6.64,6.79,6.61,6.75,8103239,54390021.0
2011-05-04,sh.600008,6.71,6.74,6.46,6.47,14368155,94820717.0
2011-05-05,sh.600008,6.46,6.57,6.45,6.52,5311182,34668788.0
2011-05-06,sh.600008,6.48,6.58,6.46,6.56,4543475,29712699.0
2011-05-09,sh.600008,6.57,6.61,6.52,6.55,5228722,34313658.0
2011-05-10,sh.600008,6.56,6.63,6.54,6.63,6174413,40696854.0
2011-05-11,sh.600008,6.61,6.76,6.55,6.7,11700619,78177468.0
2011-05-13,sh.600008,6.63,6.68,6.55,6.67,7997337,52943394.0
2011-05-16,sh.600008,6.66,6.73,6.59,6.62,5184109,34462763.0
2011-05-17,sh.600008,6.63,6.65,6.46,6.59,5712751,37515478.0
2011-05-18,sh.600008,6.58,6.63,6.55,6.58,4780977,31493782.0
2011-05-19,sh.600008,6.57,6.63,6.48,6.5,5355103,35086659.0
2011-05-20,sh.600008,6.5,6.54,6.47,6.49,3996183,25978410.0
2011-05-24,sh.600008,6.28,6.3,6.09,6.21,9369445,58006535.0
2011-05-25,sh.600008,6.21,6.23,6.1,6.11,6308127,38804974.0
2011-05-26,sh.600008,6.17,6.17,6.08,6.1,5001204,30662090.0
2011-05-27,sh.600008,6.1,6.2,6.1,6.12,6220516,38184394.0
2011-05-30,sh.600008,6.14,6.2,6.1,6.13,4948455,30502318.0
2011-05-31,sh.600008,6.05,6.11,5.91,6.08,4335367,26068014.0
2011-06-01,sh.600008,6.06,6.06,5.99,6.02,4307246,25938358.0
2011-06-02,sh.600008,5.98,5.98,5.85,5.9,4845844,28629241.0
2011-06-03,sh.600008,5.91,5.96,5.9,5.96,3455826,20499359.0
2011-06-07,sh.600008,5.95,6.03,5.94,6.02,3956929,23692663.0
2011-06-08,sh.600008,6.02,6.06,5.93,6.02,4503944,27063302.0
2011-06-09,sh.600008,6.02,6.21,6.0,6.02,6345057,38580191.0
2011-06-10,sh.600008,6.01,6.11,6.0,6.1,5336057,32288549.0
2011-06-13,sh.600008,6.08,6.08,5.95,6.01,3900869,23429050.0
2011-06-14,sh.600008,6.01,6.14,6.01,6.08,12140079,73631074.0
2011-06-15,sh.600008,6.04,6.08,5.95,5.96,7301228,43816413.0
2011-06-16,sh.600008,5.85,5.9,5.69,5.72,8465580,49036897.0
2011-06-17,sh.600008,5.72,5.76,5.6,5.64,4294986,24509896.0
2011-06-20,sh.600008,5.69,5.69,5.49,5.52,4932991,27530173.0
2011-06-21,sh.600008,5.54,5.58,5.4,5.52,9755524,53498084.0
2011-06-22,sh.600008,5.49,5.51,5.44,5.5,4445471,24366490.0
2011-06-23,sh.600008,5.5,5.58,5.4,5.56,6087086,33503343.0
2011-06-24,sh.600008,5.56,5.75,5.52,5.68,8881343,50105843.0
2011-06-27,sh.600008,5.68,5.73,5.6,5.68,7482844,42439286.0
2011-06-28,sh.600008,5.68,5.71,5.62,5.7,4693099,26600638.0
2011-06-29,sh.600008,5.71,5.71,5.61,5.63,6545750,37046473.0
2011-06-30,sh.600008,5.61,5.69,5.57,5.66,12530191,70637334.0
2011-07-01,sh.600008,5.67,5.76,5.61,5.68,9790121,55601704.0
2011-07-04,sh.600008,5.72,5.88,5.68,5.87,14076581,81648146.0
2011-07-05,sh.600008,5.86,5.88,5.78,5.83,8023999,46657767.0
2011-07-06,sh.600008,5.84,5.84,5.76,5.79,5281621,30574935.0
2011-07-07,sh.600008,5.81,5.83,5.74,5.79,8575993,49672189.0
2011-07-08,sh.600008,5.82,5.86,5.77,5.82,5795715,33696155.0
2011-07-11,sh.600008,5.86,5.94,5.85,5.89,10722330,63165536.0
2011-07-12,sh.600008,5.82,5.96,5.73,5.81,11349324,66356670.0
2011-07-13,sh.600008,5.8,5.86,5.76,5.85,7753602,45141800.0
2011-07-14,sh.600008,5.85,5.9,5.82,5.9,8012257,46974974.0
2011-07-15,sh.600008,5.88,5.92,5.83,5.89,6516922,38272930.0
2011-07-18,sh.600008,5.89,5.95,5.83,5.85,6584836,38768653.0
2011-07-19,sh.600008,5.84,5.84,5.74,5.77,8532529,49265508.0
2011-07-20,sh.600008,6.0,6.2,5.97,6.02,33979266,205465736.0
2011-07-21,sh.600008,6.01,6.01,5.85,5.85,12570876,74149975.0
2011-07-22,sh.600008,5.84,5.9,5.81,5.85,6533024,38226467.0
2011-07-25,sh.600008,5.8,5.82,5.58,5.61,9764723,55524901.0
2011-07-26,sh.600008,5.61,5.65,5.58,5.64,4904837,27527323.0
2011-07-27,sh.600008,5.59,5.68,5.58,5.66,6299574,35468866.0
2011-07-28,sh.600008,5.6,5.63,5.53,5.59,5656521,31513873.0
2011-07-29,sh.600008,5.6,5.67,5.58,5.65,5795267,32640155.0
2011-08-01,sh.600008,5.67,5.67,5.61,5.63,3072972,17320186.0
2011-08-02,sh.600008,5.6,5.63,5.49,5.54,7050608,39006295.0
2011-08-03,sh.600008,5.48,5.57,5.45,5.54,3689189,20404940.0
2011-08-04,sh.600008,5.56,5.6,5.55,5.56,2874902,16007564.0
2011-08-05,sh.600008,5.4,5.45,5.34,5.39,5631442,30381603.0
2011-08-08,sh.600008,5.31,5.36,4.87,5.0,9494257,48710235.0
2011-08-09,sh.600008,4.66,5.01,4.66,4.98,8962602,43856540.0
2011-08-10,sh.600008,5.08,5.09,4.99,5.0,7795625,39217878.0
2011-08-11,sh.600008,4.89,5.06,4.86,5.05,5308776,26505385.0
2011-08-12,sh.600008,5.1,5.15,5.06,5.13,5956201,30449391.0
2011-08-15,sh.600008,5.14,5.25,5.1,5.24,6688533,34582099.0
2011-08-16,sh.600008,5.39,5.51,5.34,5.36,22818720,124053949.0
2011-08-17,sh.600008,5.3,5.39,5.26,5.32,6489677,34481044.0
2011-08-18,sh.600008,5.32,5.33,5.21,5.22,7137360,37557987.0
2011-08-19,sh.600008,5.15,5.15,5.06,5.13,5770490,29472883.0
2011-08-22,sh.600008,5.14,5.45,5.13,5.26,8726434,46407394.0
2011-08-23,sh.600008,5.25,5.33,5.22,5.33,5185587,27387505.0
2011-08-24,sh.600008,5.36,5.36,5.23,5.26,4934142,26069133.0
2011-08-25,sh.600008,5.51,5.65,5.4,5.46,18808308,103601117.0
2011-08-26,sh.600008,5.43,5.55,5.38,5.47,9480745,51901161.0
2011-08-29,sh.600008,5.43,5.49,5.33,5.38,6614690,35783021.0
2011-08-30,sh.600008,5.43,5.5,5.35,5.36,4931915,26742050.0
2011-08-31,sh.600008,5.4,5.4,5.25,5.33,4185502,22223747.0
2011-09-01,sh.600008,5.33,5.36,5.25,5.27,4078257,21592101.0
2011-09-02,sh.600008,5.25,5.29,5.16,5.21,3630104,18905193.0
2011-09-05,sh.600008,5.15,5.17,5.07,5.08,4052352,20682059.0
2011-09-06,sh.600008,5.03,5.09,5.01,5.06,3321037,16793479.0
2011-09-07,sh.600008,5.08,5.19,5.07,5.18,4089655,21007729.0
2011-09-08,sh.600008,5.26,5.36,5.19,5.2,7854145,41489499.0
2011-09-09,sh.600008,5.17,5.28,5.15,5.18,3211483,16742714.0
2011-09-13,sh.600008,5.1,5.13,5.04,5.09,2963979,15069794.0
2011-09-14,sh.600008,5.08,5.14,5.02,5.12,3276338,16667612.0
2011-09-15,sh.600008,5.14,5.19,5.12,5.13,3265542,16837254.0
2011-09-16,sh.600008,5.17,5.19,5.1,5.11,2271738,11676876.0
2011-09-19,sh.600008,5.1,5.1,5.01,5.02,3111365,15678696.0
2011-09-20,sh.600008,4.98,5.09,4.98,5.05,2673836,13463609.0
2011-09-21,sh.600008,5.08,5.2,5.03,5.19,5288793,27179150.0
2011-09-22,sh.600008,5.15,5.16,5.04,5.05,3863796,19733781.0
2011-09-23,sh.600008,5.01,5.11,4.98,5.1,3898170,19701118.0
2011-09-26,sh.600008,5.03,5.1,5.0,5.01,2853745,14370042.0
2011-09-27,sh.600008,5.05,5.08,5.01,5.06,2825907,14262178.0
2011-09-28,sh.600008,5.1,5.12,4.99,5.01,3034979,15298559.0
2011-09-29,sh.600008,5.0,5.03,4.92,4.93,3735146,18590666.0
2011-09-30,sh.600008,4.97,4.97,4.87,4.91,3141515,15405250.0
2011-10-10,sh.600008,4.91,4.95,4.84,4.89,2871155,14021255.0
2011-10-11,sh.600008,4.98,5.06,4.88,4.96,3031933,15063499.0
2011-10-12,sh.600008,4.9,5.1,4.9,5.09,5958697,30065893.0
2011-10-13,sh.600008,5.09,5.19,5.07,5.18,8371579,43048901.0
2011-10-14,sh.600008,5.15,5.22,5.07,5.14,5448846,28015995.0
2011-10-17,sh.600008,5.17,5.17,5.09,5.13,2707126,13881422.0
2011-10-18,sh.600008,5.09,5.13,4.91,4.93,4674938,23453521.0
2011-10-19,sh.600008,4.95,5.02,4.88,4.92,4324099,21271015.0
2011-10-20,sh.600008,4.9,4.92,4.8,4.86,5716348,27677100.0
2011-10-21,sh.600008,4.9,4.97,4.84,4.9,4841887,23807585.0
2011-10-24,sh.600008,4.93,4.97,4.83,4.97,3305875,16248938.0
2011-10-25,sh.600008,4.95,5.17,4.92,5.13,8761861,44216319.0
2011-10-26,sh.600008,5.1,5.21,5.07,5.13,11674988,60076922.0
2011-10-27,sh.600008,5.14,5.34,5.12,5.25,16327780,86008375.0
2011-10-28,sh.600008,5.32,5.57,5.24,5.54,32695881,176661198.0
2011-10-31,sh.600008,5.56,5.68,5.48,5.56,29886891,166842676.0
2011-11-01,sh.600008,5.5,5.55,5.41,5.45,18417233,100821212.0
2011-11-02,sh.600008,5.37,5.73,5.32,5.68,21564516,118600511.0
2011-11-03,sh.600008,5.67,5.76,5.55,5.58,20781510,117118401.0
2011-11-04,sh.600008,5.6,5.68,5.55,5.58,10182761,57037707.0
2011-11-07,sh.600008,5.58,5.62,5.52,5.59,7438478,41455529.0
2011-11-08,sh.600008,5.55,5.62,5.47,5.49,8014247,44502491.0
2011-11-09,sh.600008,5.52,5.59,5.45,5.58,14462127,79604738.0
2011-11-10,sh.600008,5.5,5.83,5.47,5.68,36987276,210573121.0
2011-11-11,sh.600008,5.65,5.79,5.64,5.67,13537207,77048045.0
2011-11-14,sh.600008,5.75,5.9,5.72,5.74,16656803,96994093.0
2011-11-15,sh.600008,5.74,6.0,5.72,5.93,19287326,114007004.0
2011-11-16,sh.600008,5.94,5.97,5.74,5.82,14678670,85973156.0
2011-11-17,sh.600008,5.82,5.89,5.75,5.8,9415100,54834745.0
2011-11-18,sh.600008,5.77,5.77,5.5,5.55,11073484,62002107.0
2011-11-21,sh.600008,5.55,5.66,5.52,5.61,5068039,28337542.0
2011-11-22,sh.600008,5.56,5.62,5.52,5.61,4312845,24009558.0
2011-11-23,sh.600008,5.63,5.67,5.6,5.63,6686261,37661698.0
2011-11-24,sh.600008,5.61,5.66,5.51,5.62,4062857,22740280.0
2011-11-25,sh.600008,5.62,5.74,5.58,5.69,6032726,34320025.0
2011-11-28,sh.600008,5.7,5.87,5.7,5.81,7026585,40833391.0
2011-11-29,sh.600008,5.85,5.88,5.74,5.8,4932094,28587254.0
2011-11-30,sh.600008,5.77,5.83,5.47,5.5,7571884,42701707.0
2011-12-02,sh.600008,5.63,5.66,5.42,5.44,7887341,43988005.0
2011-12-05,sh.600008,5.44,5.55,5.37,5.41,5453595,29765023.0
2011-12-06,sh.600008,5.39,5.54,5.39,5.48,4314556,23539681.0
2011-12-07,sh.600008,5.47,5.53,5.45,5.49,2558426,14047588.0
2011-12-08,sh.600008,5.46,5.56,5.38,5.48,4794951,26278680.0
2011-12-09,sh.600008,5.45,5.55,5.43,5.54,3605658,19873380.0
2011-12-12,sh.600008,5.54,5.64,5.45,5.48,4815606,26800375.0
2011-12-13,sh.600008,5.44,5.5,5.35,5.39,4655867,25137923.0
2011-12-14,sh.600008,5.38,5.44,4.99,5.0,6390532,33045002.0
2011-12-15,sh.600008,4.98,5.03,4.7,4.76,9485390,46404654.0
2011-12-16,sh.600008,4.79,5.0,4.78,4.99,6057097,29537310.0
2011-12-19,sh.600008,4.99,5.12,4.86,5.11,6912694,34391533.0
2011-12-20,sh.600008,5.05,5.13,5.01,5.05,4908188,24859947.0
2011-12-21,sh.600008,5.12,5.16,4.97,4.98,4898744,24845174.0
2011-12-22,sh.600008,4.94,5.35,4.89,5.25,10526823,54232170.0
2011-12-23,sh.600008,5.23,5.53,5.17,5.44,11653100,62456404.0
2011-12-26,sh.600008,5.37,5.44,5.27,5.38,6981782,37351503.0
2011-12-27,sh.600008,5.3,5.46,5.18,5.23,6738007,35687060.0
2011-12-28,sh.600008,5.22,5.22,5.02,5.15,4551782,23264322.0
2011-12-29,sh.600008,5.1,5.19,5.08,5.14,3350171,17241868.0
2011-12-30,sh.600008,5.16,5.31,5.15,5.2,3761177,19648238.0
2012-01-04,sh.600008,5.29,5.29,4.92,4.96,6685638,34015085.0
2012-01-05,sh.600008,4.97,4.98,4.78,4.85,5600697,27303358.0
2012-01-06,sh.600008,4.86,5.0,4.78,4.98,3773453,18458995.0
2012-01-09,sh.600008,4.98,5.2,4.91,5.17,5749379,29119049.0
2012-01-10,sh.600008,5.17,5.32,5.13,5.28,8276808,43363135.0
2012-01-11,sh.600008,5.28,5.34,5.2,5.24,5387111,28372996.0
2012-01-12,sh.600008,5.2,5.32,5.2,5.25,4759729,25041244.0
2012-01-13,sh.600008,5.27,5.27,5.01,5.03,5265793,26887282.0
2012-01-16,sh.600008,4.96,5.07,4.93,4.97,2345050,11781664.0
2012-01-17,sh.600008,4.96,5.25,4.96,5.22,3975596,20334803.0
2012-01-18,sh.600008,5.23,5.26,5.12,5.14,3902164,20266599.0
2012-01-19,sh.600008,5.22,5.22,5.1,5.19,3348041,17304020.0
2012-01-20,sh.600008,5.2,5.31,5.19,5.28,4976861,26206510.0
2012-01-30,sh.600008,5.28,5.29,5.13,5.18,4579656,23822891.0
2012-01-31,sh.600008,5.2,5.24,5.16,5.22,2250171,11702751.0
2012-02-01,sh.600008,5.24,5.28,5.18,5.21,3747525,19626160.0
2012-02-02,sh.600008,5.23,5.27,5.15,5.27,3353453,17499283.0
2012-02-03,sh.600008,5.22,5.3,5.22,5.29,3468042,18279814.0
2012-02-06,sh.600008,5.31,5.33,5.22,5.28,4271604,22481313.0
2012-02-07,sh.600008,5.28,5.28,5.14,5.18,4757812,24659798.0
2012-02-08,sh.600008,5.17,5.28,5.09,5.26,6536333,34013255.0
2012-02-09,sh.600008,5.25,5.31,5.21,5.26,7875844,41479081.0
2012-02-10,sh.600008,5.22,5.43,5.21,5.35,11751904,62765083.0
2012-02-13,sh.600008,5.29,5.42,5.26,5.36,6403177,34314347.0
2012-02-14,sh.600008,5.35,5.58,5.3,5.46,10929833,59342136.0
2012-02-15,sh.600008,5.46,5.67,5.37,5.64,20727896,115725641.0
2012-02-16,sh.600008,5.59,5.66,5.45,5.59,25342566,140626756.0
2012-02-17,sh.600008,5.56,5.63,5.46,5.54,12179987,67404528.0
2012-02-20,sh.600008,5.58,5.59,5.42,5.46,11544082,63495970.0
2012-02-21,sh.600008,5.45,5.62,5.4,5.6,14492939,80090238.0
2012-02-22,sh.600008,5.6,5.73,5.55,5.65,11525672,64955206.0
2012-02-23,sh.600008,5.66,5.67,5.57,5.6,8219886,46141849.0
2012-02-24,sh.600008,5.6,5.73,5.58,5.68,12185448,69160914.0
2012-02-27,sh.600008,5.7,5.75,5.64,5.67,11208447,63907150.0
2012-02-28,sh.600008,5.67,5.83,5.58,5.66,26273679,149702238.0
2012-02-29,sh.600008,5.65,5.65,5.49,5.52,10830879,60187058.0
2012-03-01,sh.600008,5.51,5.6,5.51,5.54,7178993,39806682.0
2012-03-02,sh.600008,5.59,5.63,5.55,5.62,9680963,54200659.0
2012-03-05,sh.600008,5.64,5.68,5.52,5.55,10900720,60719270.0
2012-03-06,sh.600008,5.56,5.56,5.42,5.43,7820077,42739261.0
2012-03-07,sh.600008,5.4,5.48,5.37,5.42,5101285,27716330.0
2012-03-08,sh.600008,5.44,5.52,5.43,5.46,5299526,28992564.0
2012-03-09,sh.600008,5.48,5.52,5.45,5.52,4778120,26194164.0
2012-03-12,sh.600008,5.48,5.54,5.46,5.51,5155014,28309962.0
2012-03-13,sh.600008,5.5,5.58,5.48,5.57,7363205,40860451.0
2012-03-14,sh.600008,5.59,5.6,5.29,5.3,11243245,61544991.0
2012-03-15,sh.600008,5.3,5.35,5.22,5.25,7030678,37096571.0
2012-03-16,sh.600008,5.27,5.38,5.25,5.35,5874740,31286704.0
2012-03-19,sh.600008,5.32,5.37,5.27,5.35,5767044,30685057.0
2012-03-20,sh.600008,5.32,5.35,5.2,5.21,5949145,31257754.0
2012-03-21,sh.600008,5.26,5.32,5.21,5.3,5210515,27531769.0
2012-03-23,sh.600008,5.28,5.28,5.17,5.19,3837362,19982658.0
2012-03-26,sh.600008,5.17,5.26,5.17,5.2,2061277,10711464.0
2012-03-27,sh.600008,5.22,5.25,5.17,5.18,2158435,11230755.0
2012-03-28,sh.600008,5.18,5.21,5.0,5.03,4692930,23932174.0
2012-03-29,sh.600008,5.04,5.05,4.9,4.96,3824970,19060591.0
2012-03-30,sh.600008,4.99,4.99,4.9,4.92,3114067,15372934.0
2012-04-05,sh.600008,4.94,5.04,4.91,5.03,4797594,23848840.0
2012-04-06,sh.600008,5.0,5.05,4.99,5.01,3555685,17835465.0
2012-04-09,sh.600008,5.01,5.01,4.93,4.94,2561210,12702722.0
2012-04-10,sh.600008,4.94,4.99,4.86,4.98,3577741,17587675.0
2012-04-11,sh.600008,4.96,5.02,4.92,5.02,3561615,17727410.0
2012-04-12,sh.600008,5.02,5.16,4.99,5.13,6080241,30936282.0
2012-04-13,sh.600008,5.15,5.18,5.09,5.14,3749378,19258296.0
2012-04-16,sh.600008,5.11,5.14,5.05,5.11,2781621,14193951.0
2012-04-17,sh.600008,5.1,5.21,5.1,5.12,3552953,18305491.0
2012-04-18,sh.600008,5.15,5.29,5.13,5.26,8203339,42957561.0
2012-04-19,sh.600008,5.26,5.28,5.19,5.26,3336649,17485686.0
2012-04-20,sh.600008,5.25,5.32,5.17,5.29,6450199,33927538.0
2012-04-23,sh.600008,5.29,5.3,5.2,5.23,3731090,19537952.0
2012-04-24,sh.600008,5.23,5.27,5.05,5.14,7270970,37367849.0
2012-04-25,sh.600008,5.12,5.25,5.08,5.21,5810032,30065541.0
2012-04-26,sh.600008,5.24,5.45,5.2,5.4,13096549,70025136.0
2012-04-27,sh.600008,5.37,5.48,5.35,5.42,8854705,48049458.0
2012-05-02,sh.600008,5.44,5.55,5.41,5.52,10961054,60212143.0
2012-05-03,sh.600008,5.5,5.52,5.37,5.44,5716007,31120879.0
2012-05-04,sh.600008,5.5,5.63,5.45,5.49,14128235,78132241.0
2012-05-07,sh.600008,5.49,5.63,5.41,5.59,12899300,71547192.0
2012-05-08,sh.600008,5.59,5.64,5.48,5.5,10859274,60390438.0
2012-05-09,sh.600008,5.49,5.5,5.36,5.4,8712107,47143100.0
2012-05-10,sh.600008,5.42,5.44,5.36,5.38,3813440,20563315.0
2012-05-11,sh.600008,5.38,5.44,5.36,5.39,2795650,15096004.0
2012-05-15,sh.600008,5.32,5.41,5.27,5.29,6343296,33806134.0
2012-05-16,sh.600008,5.26,5.29,5.17,5.21,4640742,24248870.0
2012-05-17,sh.600008,5.22,5.37,5.19,5.33,4509358,23894328.0
2012-05-18,sh.600008,5.33,5.34,5.24,5.29,4052640,21475656.0
2012-05-21,sh.600008,5.29,5.36,5.27,5.31,3602581,19151674.0
2012-05-22,sh.600008,5.36,5.38,5.32,5.35,2621325,14035090.0
2012-05-23,sh.600008,5.37,5.42,5.32,5.4,5278469,28402554.0
2012-05-24,sh.600008,5.4,5.4,5.18,5.22,6347846,33579872.0
2012-05-25,sh.600008,5.22,5.32,5.21,5.23,3887333,20429212.0
2012-05-28,sh.600008,5.26,5.3,5.19,5.3,5634598,29587284.0
2012-05-29,sh.600008,5.29,5.37,5.27,5.35,7004471,37372260.0
2012-05-30,sh.600008,5.34,5.64,5.33,5.52,17451464,96227001.0
2012-05-31,sh.600008,5.53,5.57,5.44,5.53,10383613,57285755.0
2012-06-01,sh.600008,5.45,5.5,5.31,5.34,5766048,31174769.0
2012-06-04,sh.600008,5.3,5.3,5.12,5.13,8316201,43401535.0
2012-06-05,sh.600008,5.13,5.18,5.1,5.12,4739109,24340789.0
2012-06-06,sh.600008,5.15,5.2,5.12,5.17,4544676,23433829.0
2012-06-07,sh.600008,5.2,5.28,5.11,5.13,6368267,33129897.0
2012-06-08,sh.600008,5.18,5.19,5.06,5.08,5298005,27088388.0
2012-06-11,sh.600008,5.08,5.25,5.07,5.22,9746360,50485028.0
2012-06-12,sh.600008,5.19,5.2,5.06,5.1,7144149,36581212.0
2012-06-13,sh.600008,5.1,5.2,5.07,5.16,7355634,37799440.0
2012-06-14,sh.600008,5.16,5.18,5.06,5.07,7190237,36772098.0
2012-06-15,sh.600008,5.09,5.26,5.03,5.22,11961861,61521778.0
2012-06-18,sh.600008,5.24,5.26,5.18,5.21,10780974,56217642.0
2012-06-19,sh.600008,5.22,5.22,5.07,5.11,7636695,39218812.0
2012-06-20,sh.600008,5.11,5.15,5.05,5.09,7651852,38982417.0
2012-06-21,sh.600008,5.06,5.08,4.98,5.01,5472689,27434864.0
2012-06-25,sh.600008,5.01,5.03,4.9,4.9,5811087,28834278.0
2012-06-26,sh.600008,4.9,4.94,4.81,4.86,6818701,33106978.0
2012-06-27,sh.600008,4.86,4.91,4.83,4.88,5831349,28449852.0
2012-06-28,sh.600008,4.91,4.91,4.8,4.84,6753356,32716742.0
2012-06-29,sh.600008,4.82,4.99,4.72,4.89,12033530,58410706.0
2012-07-02,sh.600008,4.95,4.98,4.88,4.92,5346404,26286625.0
2012-07-03,sh.600008,4.92,4.95,4.88,4.91,4858895,23853475.0
2012-07-04,sh.600008,4.9,4.92,4.86,4.88,2710556,13241445.0
2012-07-05,sh.600008,4.89,4.91,4.85,4.87,3586726,17520435.0
2012-07-06,sh.600008,4.87,4.9,4.7,4.88,6616774,31928700.0
2012-07-09,sh.600008,4.82,4.85,4.74,4.74,3728317,17860714.0
2012-07-10,sh.600008,4.74,4.76,4.57,4.67,8851969,41045027.0
2012-07-11,sh.600008,4.64,4.67,4.57,4.64,3643747,16858056.0
2012-07-12,sh.600008,4.66,4.68,4.57,4.66,6586836,30504433.0
2012-07-13,sh.600008,4.63,4.67,4.62,4.64,2644808,12282268.0
2012-07-16,sh.600008,4.66,4.66,4.44,4.46,5942321,27088732.0
2012-07-17,sh.600008,4.47,4.52,4.44,4.5,3099665,13875382.0
2012-07-18,sh.600008,4.5,4.51,4.41,4.5,2147654,9598981.0
2012-07-19,sh.600008,4.51,4.59,4.45,4.57,4514729,20537861.0
2012-07-20,sh.600008,4.57,4.61,4.53,4.59,2728555,12476456.0
2012-07-23,sh.600008,4.74,4.78,4.59,4.65,7248796,33785786.0
2012-07-24,sh.600008,4.58,4.62,4.5,4.6,5645724,25688794.0
2012-07-25,sh.600008,4.54,4.85,4.54,4.69,9240034,43647143.0
2012-07-26,sh.600008,4.7,4.72,4.59,4.61,4289756,19932184.0
2012-07-27,sh.600008,4.67,4.68,4.47,4.54,4777780,21882531.0
2012-07-30,sh.600008,4.54,4.58,4.49,4.56,4002830,18200900.0
2012-07-31,sh.600008,4.54,4.58,4.45,4.46,2920314,13110208.0
2012-08-01,sh.600008,4.44,4.53,4.43,4.47,2961224,13272023.0
2012-08-02,sh.600008,4.47,4.5,4.4,4.43,3315868,14695832.0
2012-08-03,sh.600008,4.43,4.5,4.42,4.5,3209719,14329678.0
2012-08-06,sh.600008,4.48,4.58,4.46,4.56,4218459,19098785.0
2012-08-07,sh.600008,4.54,4.68,4.53,4.66,5825809,26809633.0
2012-08-08,sh.600008,4.66,4.66,4.58,4.6,4390604,20254965.0
2012-08-09,sh.600008,4.6,4.63,4.57,4.62,3952430,18207006.0
2012-08-10,sh.600008,4.62,4.63,4.54,4.57,3513530,16086170.0
2012-08-13,sh.600008,4.56,4.57,4.46,4.46,3980094,17892512.0
2012-08-14,sh.600008,4.44,4.5,4.4,4.5,3665624,16293172.0
2012-08-15,sh.600008,4.5,4.5,4.43,4.45,1951344,8694056.0
2012-08-16,sh.600008,4.44,4.47,4.42,4.44,2080216,9230226.0
2012-08-17,sh.600008,4.44,4.45,4.4,4.44,1534510,6784565.0
2012-08-20,sh.600008,4.43,4.44,4.39,4.41,2522551,11120462.0
2012-08-21,sh.600008,4.42,4.53,4.41,4.49,3872525,17341208.0
2012-08-22,sh.600008,4.51,4.59,4.48,4.48,4985433,22590143.0
2012-08-23,sh.600008,4.48,4.5,4.41,4.48,3484184,15500116.0
2012-08-24,sh.600008,4.46,4.48,4.39,4.4,3171836,14028054.0
2012-08-27,sh.600008,4.4,4.43,4.34,4.35,2908893,12716013.0
2012-08-28,sh.600008,4.35,4.37,4.25,4.33,4105181,17668767.0
2012-08-29,sh.600008,4.33,4.33,4.25,4.26,2186831,9372693.0
2012-08-30,sh.600008,4.26,4.3,4.19,4.22,2951098,12507825.0
2012-08-31,sh.600008,4.21,4.3,4.2,4.28,3096564,13167555.0
2012-09-03,sh.600008,4.25,4.32,4.25,4.3,1778525,7634867.0
2012-09-04,sh.600008,4.3,4.31,4.21,4.22,1701062,7244842.0
2012-09-05,sh.600008,4.2,4.25,4.2,4.23,1596973,6748327.0
2012-09-06,sh.600008,4.23,4.29,4.22,4.28,2133769,9091480.0
2012-09-07,sh.600008,4.33,4.52,4.32,4.47,9408125,41629611.0
2012-09-10,sh.600008,4.46,4.47,4.41,4.45,5419694,24054622.0
2012-09-11,sh.600008,4.44,4.44,4.38,4.42,3440333,15141611.0
2012-09-12,sh.600008,4.42,4.44,4.38,4.44,4196995,18498731.0
2012-09-13,sh.600008,4.44,4.44,4.36,4.36,3589137,15814900.0
2012-09-14,sh.600008,4.37,4.39,4.33,4.36,3895063,16985002.0
2012-09-17,sh.600008,4.36,4.36,4.21,4.22,4694360,20033421.0
2012-09-18,sh.600008,4.23,4.24,4.18,4.2,3045049,12835179.0
2012-09-19,sh.600008,4.19,4.23,4.18,4.22,2325474,9774515.0
2012-09-20,sh.600008,4.21,4.21,4.09,4.09,3320478,13747922.0
2012-09-21,sh.600008,4.08,4.11,4.04,4.06,2898169,11801628.0
2012-09-24,sh.600008,4.05,4.05,3.96,4.03,3125992,12525733.0
2012-09-25,sh.600008,4.03,4.07,3.99,4.02,2466574,9928068.0
2012-09-26,sh.600008,4.04,4.04,3.93,3.95,2809672,11181267.0
2012-09-27,sh.600008,3.94,4.07,3.93,4.02,2862709,11495578.0
2012-09-28,sh.600008,4.01,4.11,4.0,4.1,3789115,15426536.0
2012-10-08,sh.600008,4.1,4.1,4.03,4.05,1823095,7400555.0
2012-10-09,sh.600008,4.04,4.14,4.04,4.13,2979096,12238066.0
2012-10-10,sh.600008,4.12,4.19,4.1,4.17,3440026,14270754.0
2012-10-11,sh.600008,4.16,4.2,4.11,4.11,3078891,12756442.0
2012-10-12,sh.600008,4.13,4.15,4.09,4.12,3217752,13271158.0
2012-10-15,sh.600008,4.11,4.14,4.06,4.09,1605625,6571198.0
2012-10-16,sh.600008,4.08,4.12,4.04,4.08,2125007,8672498.0
2012-10-17,sh.600008,4.08,4.1,4.0,4.05,4635908,18699537.0
2012-10-18,sh.600008,4.04,4.13,4.03,4.12,5428704,22185822.0
2012-10-19,sh.600008,4.12,4.37,4.09,4.23,13553354,57233698.0
2012-10-22,sh.600008,4.2,4.33,4.16,4.3,15285745,64583878.0
2012-10-23,sh.600008,4.26,4.32,4.2,4.22,11042267,46996095.0
2012-10-24,sh.600008,4.19,4.22,4.12,4.18,6103749,25436448.0
2012-10-25,sh.600008,4.17,4.24,4.14,4.16,4795401,20098512.0
2012-10-26,sh.600008,4.16,4.18,4.04,4.06,5192253,21248376.0
2012-10-29,sh.600008,4.06,4.08,4.01,4.03,2694995,10899079.0
2012-10-30,sh.600008,4.03,4.11,4.03,4.07,3022801,12310805.0
2012-10-31,sh.600008,4.08,4.11,4.03,4.1,2396692,9742474.0
2012-11-01,sh.600008,4.09,4.16,4.08,4.15,3428310,14184601.0
2012-11-02,sh.600008,4.15,4.18,4.13,4.17,3098538,12886174.0
2012-11-05,sh.600008,4.18,4.2,4.15,4.17,2608388,10885999.0
2012-11-06,sh.600008,4.15,4.17,4.08,4.13,2361960,9711972.0
2012-11-07,sh.600008,4.13,4.16,4.09,4.14,2543609,10520590.0
2012-11-08,sh.600008,4.15,4.15,4.03,4.05,2781845,11343476.0
2012-11-09,sh.600008,4.05,4.08,4.03,4.03,1725339,6977873.0
2012-11-12,sh.600008,4.05,4.24,4.05,4.14,5429035,22564507.0
2012-11-13,sh.600008,4.14,4.16,4.07,4.08,3231042,13306966.0
2012-11-14,sh.600008,4.09,4.11,4.04,4.11,2321016,9473037.0
2012-11-15,sh.600008,4.1,4.15,4.03,4.07,3544947,14538366.0
2012-11-16,sh.600008,4.08,4.2,4.07,4.12,4905760,20263950.0
2012-11-19,sh.600008,4.13,4.26,4.11,4.25,12736109,53529721.0
2012-11-20,sh.600008,4.25,4.26,4.15,4.16,8086721,33814311.0
2012-11-21,sh.600008,4.14,4.2,4.1,4.2,6288180,26070530.0
2012-11-22,sh.600008,4.2,4.24,4.15,4.17,4665300,19581572.0
2012-11-23,sh.600008,4.16,4.23,4.15,4.19,4526685,18996943.0
2012-11-26,sh.600008,4.21,4.21,4.15,4.16,3543818,14818338.0
2012-11-27,sh.600008,4.13,4.15,4.0,4.0,5702287,23088535.0
2012-11-28,sh.600008,4.0,4.02,3.94,3.95,3421941,13615295.0
2012-11-29,sh.600008,3.98,3.99,3.83,3.84,2774823,10874804.0
2012-11-30,sh.600008,3.85,3.99,3.85,3.92,2597573,10198855.0
2012-12-03,sh.600008,3.96,4.05,3.92,3.93,3868708,15359897.0
2012-12-04,sh.600008,3.91,4.0,3.85,3.98,3290310,12887013.0
2012-12-05,sh.600008,3.98,4.1,3.97,4.08,5841650,23767073.0
2012-12-06,sh.600008,4.09,4.11,4.05,4.07,2892403,11797058.0
2012-12-07,sh.600008,4.05,4.15,4.05,4.15,5755802,23657987.0
2012-12-10,sh.600008,4.16,4.21,4.1,4.17,6829468,28323215.0
2012-12-11,sh.600008,4.13,4.16,4.11,4.11,4668195,19281580.0
2012-12-12,sh.600008,4.11,4.14,4.07,4.14,3289921,13523972.0
2012-12-13,sh.600008,4.14,4.14,4.07,4.07,2722734,11159416.0
2012-12-14,sh.600008,4.07,4.22,4.06,4.21,9285543,38809580.0
2012-12-17,sh.600008,4.21,4.25,4.18,4.22,7819842,32916356.0
2012-12-18,sh.600008,4.22,4.28,4.2,4.22,6584863,27892588.0
2012-12-19,sh.600008,4.21,4.22,4.18,4.2,3180773,13357537.0
2012-12-20,sh.600008,4.2,4.2,4.14,4.18,3408288,14207746.0
2012-12-21,sh.600008,4.2,4.23,4.14,4.17,3263399,13663168.0
2012-12-24,sh.600008,4.19,4.22,4.15,4.2,2815186,11810202.0
2012-12-25,sh.600008,4.19,4.29,4.16,4.28,10363305,44055674.0
2012-12-26,sh.600008,4.27,4.37,4.25,4.37,15234861,66132441.0
2012-12-27,sh.600008,4.39,4.4,4.3,4.3,6909367,29959228.0
2012-12-28,sh.600008,4.3,4.35,4.29,4.3,7695959,33264743.0
2012-12-31,sh.600008,4.33,4.4,4.3,4.37,7905151,34280878.0
2013-01-04,sh.600008,4.39,4.41,4.29,4.32,7769551,33649964.0
2013-01-07,sh.600008,4.31,4.32,4.27,4.31,9809396,42110792.0
2013-01-08,sh.600008,4.31,4.39,4.3,4.35,9505407,41329105.0
2013-01-09,sh.600008,4.35,4.44,4.32,4.39,13744475,60370798.0
2013-01-10,sh.600008,4.4,4.46,4.33,4.36,12361087,54291861.0
2013-01-11,sh.600008,4.37,4.38,4.27,4.28,7575382,32683690.0
2013-01-14,sh.600008,4.28,4.44,4.28,4.41,13583474,59530949.0
2013-01-15,sh.600008,4.42,4.77,4.35,4.64,42665046,196960134.0
2013-01-16,sh.600008,4.63,4.63,4.49,4.57,21960077,99999721.0
2013-01-17,sh.600008,4.57,4.57,4.47,4.49,7708477,34731569.0
2013-01-18,sh.600008,4.51,4.58,4.49,4.56,9765864,44372020.0
2013-01-21,sh.600008,4.56,4.58,4.52,4.57,7613464,34602263.0
2013-01-22,sh.600008,4.57,4.58,4.47,4.48,6088538,27481597.0
2013-01-23,sh.600008,4.48,4.55,4.44,4.52,5985231,26886907.0
2013-01-24,sh.600008,4.52,4.55,4.38,4.4,10352835,46145606.0
2013-01-25,sh.600008,4.41,4.45,4.36,4.38,3964679,17440050.0
2013-01-28,sh.600008,4.41,4.47,4.36,4.47,5739256,25457021.0
2013-01-29,sh.600008,4.5,4.54,4.47,4.5,7213072,32492725.0
2013-01-30,sh.600008,4.51,4.52,4.44,4.5,6086817,27286618.0
2013-01-31,sh.600008,4.5,4.55,4.48,4.54,8350386,37724480.0
2013-02-01,sh.600008,4.55,4.58,4.48,4.56,9712233,44048565.0
2013-02-04,sh.600008,4.58,4.59,4.41,4.46,13111022,58998716.0
2013-02-05,sh.600008,4.43,4.51,4.42,4.51,5936280,26611606.0
2013-02-06,sh.600008,4.5,4.56,4.49,4.5,6929422,31296087.0
2013-02-07,sh.600008,4.51,4.54,4.43,4.5,11377544,50921809.0
2013-02-08,sh.600008,4.5,4.55,4.47,4.54,6289031,28413435.0
2013-02-18,sh.600008,4.56,4.65,4.54,4.63,18551253,85591179.0
2013-02-19,sh.600008,4.63,4.68,4.6,4.61,16798290,78011661.0
2013-02-20,sh.600008,4.61,5.07,4.59,5.07,73273260,365140344.0
2013-02-21,sh.600008,4.96,5.16,4.91,5.06,49451127,249678532.0
2013-02-22,sh.600008,5.07,5.31,5.06,5.12,39921784,206778212.0
2013-02-25,sh.600008,5.12,5.63,5.11,5.63,78441077,433238544.0
2013-02-26,sh.600008,5.7,5.72,5.37,5.46,68305529,379566520.0
2013-02-27,sh.600008,5.46,5.72,5.35,5.55,40160313,222680049.0
2013-02-28,sh.600008,5.56,5.61,5.36,5.55,37609269,206781495.0
2013-03-01,sh.600008,5.55,6.11,5.5,6.11,112752366,678902330.0
2013-03-04,sh.600008,6.16,6.72,6.15,6.72,171250691,1117761954.0
2013-03-05,sh.600008,6.74,7.34,6.4,7.1,148795390,1023482394.0
2013-03-06,sh.600008,6.97,7.58,6.88,7.2,121436532,883866589.0
2013-03-07,sh.600008,7.11,7.16,6.6,6.68,110213466,752612546.0
2013-03-08,sh.600008,6.66,6.84,6.52,6.72,67578268,453276128.0
2013-03-11,sh.600008,6.66,7.25,6.61,7.04,91791540,640518643.0
2013-03-12,sh.600008,7.08,7.08,6.6,6.91,66846863,453966187.0
2013-03-13,sh.600008,6.76,6.84,6.54,6.63,46239199,308392327.0
2013-03-14,sh.600008,6.58,6.78,6.46,6.51,38501587,254275408.0
2013-03-15,sh.600008,6.56,6.77,6.48,6.53,44798258,296078200.0
2013-03-18,sh.600008,6.53,7.07,6.41,6.91,82281553,557131456.0
2013-03-19,sh.600008,6.8,7.08,6.71,6.85,50245472,345030528.0
2013-03-20,sh.600008,6.85,7.2,6.79,7.11,75573070,530527904.0
2013-03-21,sh.600008,7.13,7.82,7.06,7.82,110135156,836380416.0
2013-03-22,sh.600008,8.1,8.19,7.6,7.8,146994276,1155319808.0
2013-03-25,sh.600008,7.65,8.5,7.63,8.11,135556137,1098987392.0
2013-03-26,sh.600008,7.97,8.3,7.88,8.14,93320298,754470656.0
2013-03-27,sh.600008,8.17,8.46,8.05,8.18,80648023,663483776.0
2013-03-28,sh.600008,8.08,8.2,7.69,7.83,70587179,559296512.0
2013-03-29,sh.600008,7.93,8.14,7.71,7.78,57773899,456571776.0
2013-04-01,sh.600008,7.7,8.14,7.53,8.07,78191634,619638016.0
2013-04-02,sh.600008,8.01,8.16,7.72,7.8,64425157,511407264.0
2013-04-03,sh.600008,7.76,7.85,7.3,7.42,57758683,432911136.0
2013-04-08,sh.600008,7.19,7.61,6.9,7.52,60962291,442463424.0
2013-04-09,sh.600008,7.51,7.62,7.41,7.47,37314846,279580032.0
2013-04-10,sh.600008,7.48,7.5,7.11,7.22,41949392,303890400.0
2013-04-11,sh.600008,7.27,7.6,7.18,7.36,54960766,407836608.0
2013-04-12,sh.600008,7.3,7.33,7.1,7.12,29880080,215016512.0
2013-04-15,sh.600008,7.01,7.23,7.01,7.05,22331034,158778064.0
2013-04-16,sh.600008,7.0,7.22,6.94,7.17,27265505,194037136.0
2013-04-17,sh.600008,7.3,7.4,7.19,7.29,31879232,232298000.0
2013-04-18,sh.600008,7.29,7.85,7.21,7.7,77452215,588223616.0
2013-04-19,sh.600008,7.67,8.0,7.58,7.91,78280180,609558656.0
2013-04-22,sh.600008,7.79,7.95,7.71,7.83,51858346,405403456.0
2013-04-23,sh.600008,7.8,7.88,7.42,7.52,50795942,388201664.0
2013-04-24,sh.600008,7.67,8.15,7.6,7.95,78212679,619641088.0
2013-04-25,sh.600008,7.73,7.93,7.61,7.64,53774897,417116224.0
2013-04-26,sh.600008,7.68,7.78,7.11,7.36,46039951,342730912.0
2013-05-02,sh.600008,7.25,7.41,7.08,7.35,22655129,164978864.0
2013-05-03,sh.600008,7.31,7.7,7.3,7.57,36937089,278916672.0
2013-05-06,sh.600008,7.55,7.68,7.35,7.68,43106205,324818880.0
2013-05-07,sh.600008,7.64,7.95,7.57,7.74,57677217,450188672.0
2013-05-08,sh.600008,7.7,7.76,7.56,7.66,36033488,274962144.0
2013-05-09,sh.600008,7.6,7.94,7.58,7.75,46167970,358521568.0
2013-05-10,sh.600008,7.88,7.91,7.63,7.7,34711280,269210400.0
2013-05-13,sh.600008,7.71,7.79,7.52,7.61,27633174,210144608.0
2013-05-14,sh.600008,7.55,7.58,7.32,7.37,26610320,196402656.0
2013-05-15,sh.600008,7.37,7.52,7.3,7.51,21630585,160338576.0
2013-05-16,sh.600008,7.5,7.55,7.36,7.53,28504325,212968624.0
2013-05-17,sh.600008,7.49,7.54,7.35,7.47,30048523,224208000.0
2013-05-20,sh.600008,7.5,7.9,7.47,7.7,54287145,420186336.0
2013-05-21,sh.600008,7.72,8.47,7.6,8.47,119442884,972273024.0
2013-05-22,sh.600008,8.58,8.63,8.23,8.4,113446196,953830144.0
2013-05-23,sh.600008,8.22,8.45,8.08,8.12,58850537,486085056.0
2013-05-24,sh.600008,8.1,8.31,8.0,8.24,45602411,373309632.0
2013-05-27,sh.600008,8.21,8.58,8.21,8.34,52914370,443735872.0
2013-05-28,sh.600008,8.25,8.32,8.02,8.22,39019231,318396864.0
2013-05-29,sh.600008,8.21,8.55,8.15,8.27,54717678,457094080.0
2013-05-30,sh.600008,8.2,8.46,8.15,8.24,42846083,355638944.0
2013-05-31,sh.600008,8.23,8.57,8.18,8.37,76851524,645252864.0
2013-06-03,sh.600008,8.36,8.41,8.0,8.07,58707606,477285504.0
2013-06-04,sh.600008,8.02,8.19,7.8,7.92,40578881,325356224.0
2013-06-05,sh.600008,7.9,7.95,7.8,7.87,22126851,174095424.0
2013-06-06,sh.600008,7.85,7.94,7.67,7.7,23559950,183086672.0
2013-06-07,sh.600008,7.68,7.78,7.28,7.39,32883690,246192480.0
2013-06-13,sh.600008,7.4,7.4,6.91,7.17,26772814,190122784.0
2013-06-14,sh.600008,7.21,7.37,7.15,7.35,24537264,178412256.0
2013-06-17,sh.600008,7.4,7.47,7.21,7.3,22021011,161484800.0
2013-06-18,sh.600008,7.31,7.46,7.1,7.38,27675780,202077248.0
2013-06-19,sh.600008,7.27,7.28,7.08,7.18,23293099,166859936.0
2013-06-20,sh.600008,7.12,7.16,6.76,6.77,21571620,150158624.0
2013-06-21,sh.600008,6.6,6.69,6.39,6.58,21073007,138043536.0
2013-06-24,sh.600008,6.59,6.63,5.92,5.93,33226722,205166704.0
2013-06-25,sh.600008,5.85,6.19,5.34,6.08,45152506,260137664.0
2013-06-26,sh.600008,6.05,6.3,5.9,6.29,39455369,241471504.0
2013-06-27,sh.600008,6.31,6.84,6.31,6.46,55764189,366252704.0
2013-06-28,sh.600008,6.36,6.62,6.24,6.38,29194550,187727888.0
2013-07-01,sh.600008,6.39,6.46,6.26,6.46,19066523,121826376.0
2013-07-02,sh.600008,6.52,6.56,6.41,6.55,24074378,156313696.0
2013-07-03,sh.600008,6.5,6.5,6.2,6.43,26332600,167484032.0
2013-07-04,sh.600008,6.34,6.52,6.25,6.39,25824472,165664752.0
2013-07-05,sh.600008,6.43,6.52,6.35,6.36,20075366,129005024.0
2013-07-08,sh.600008,6.2,6.2,5.95,5.97,22769361,138001088.0
2013-07-09,sh.600008,5.9,6.04,5.9,5.97,11929154,71382712.0
2013-07-10,sh.600008,5.98,6.3,5.97,6.26,23359634,144248752.0
2013-07-11,sh.600008,6.28,6.59,6.22,6.5,39169186,252289712.0
2013-07-12,sh.600008,6.5,6.84,6.42,6.54,41347102,273797632.0
2013-07-15,sh.600008,6.68,6.76,6.54,6.64,30825989,205403184.0
2013-07-16,sh.600008,6.62,6.74,6.51,6.72,25722024,170481328.0
2013-07-17,sh.600008,6.75,6.75,6.52,6.53,20396126,135493136.0
2013-07-18,sh.600008,6.51,6.53,6.3,6.33,21188299,135466960.0
2013-07-19,sh.600008,6.31,6.43,6.07,6.09,19547338,123132632.0
2013-07-22,sh.600008,6.02,6.44,6.0,6.42,19574385,122513872.0
2013-07-23,sh.600008,6.45,6.72,6.45,6.58,32700073,215532080.0
2013-07-24,sh.600008,6.5,7.24,6.37,7.24,72559677,502553824.0
2013-07-25,sh.600008,7.3,7.55,7.11,7.2,94410412,690119936.0
2013-07-26,sh.600008,7.15,7.33,6.95,7.19,53060824,380020032.0
2013-07-29,sh.600008,7.07,7.1,6.8,6.83,33116719,229595744.0
2013-07-30,sh.600008,6.84,6.99,6.55,6.84,26582358,181044448.0
2013-07-31,sh.600008,6.91,7.2,6.85,7.01,34709130,244953440.0
2013-08-01,sh.600008,7.12,7.33,7.04,7.24,43649362,312816192.0
2013-08-02,sh.600008,7.25,7.3,7.05,7.1,31013752,222246288.0
2013-08-05,sh.600008,7.07,7.22,7.0,7.1,26509670,188491408.0
2013-08-06,sh.600008,7.04,7.15,6.95,7.14,26735316,188687056.0
2013-08-07,sh.600008,7.08,7.44,7.0,7.22,48599614,350664576.0
2013-08-08,sh.600008,7.2,7.35,7.14,7.18,29508227,213285504.0
2013-08-09,sh.600008,7.18,7.23,7.04,7.13,21355574,152474832.0
2013-08-12,sh.600008,7.32,7.5,7.25,7.29,39578092,290425600.0
2013-08-13,sh.600008,7.27,7.34,7.21,7.28,19124751,138955248.0
2013-08-21,sh.600008,7.3,7.49,7.23,7.29,47530496,350155904.0
2013-08-22,sh.600008,7.2,7.21,7.05,7.07,31267784,221897424.0
2013-08-23,sh.600008,7.09,7.15,6.79,6.9,26076694,181506640.0
2013-08-26,sh.600008,6.85,7.07,6.85,7.01,18076609,126274264.0
2013-08-27,sh.600008,6.98,6.99,6.93,6.98,16064049,111684144.0
2013-08-28,sh.600008,6.93,6.94,6.76,6.79,23703754,161742240.0
2013-08-29,sh.600008,6.75,6.87,6.72,6.76,15125077,102788392.0
2013-08-30,sh.600008,6.78,6.81,6.48,6.52,24662533,163217936.0
2013-09-02,sh.600008,6.52,6.67,6.4,6.66,15274506,100073552.0
2013-09-03,sh.600008,6.65,6.89,6.61,6.81,22109512,149667776.0
2013-09-04,sh.600008,6.78,6.79,6.64,6.7,15084291,101073536.0
2013-09-05,sh.600008,6.64,6.76,6.63,6.67,10413189,69573120.0
2013-09-06,sh.600008,6.61,7.0,6.57,6.86,31457321,214145824.0
2013-09-09,sh.600008,6.8,6.98,6.74,6.91,30389021,208428176.0
2013-09-10,sh.600008,6.91,7.08,6.86,7.03,35965913,252436128.0
2013-09-11,sh.600008,7.02,7.2,6.82,7.07,38254095,267813861.0
2013-09-12,sh.600008,7.0,7.08,6.93,7.0,21798940,152865995.0
2013-09-13,sh.600008,7.08,7.19,6.97,6.98,21240425,149959195.0
2013-09-16,sh.600008,6.99,7.12,6.82,7.11,28142251,195881627.0
2013-09-17,sh.600008,7.18,7.22,6.96,6.97,39443717,281704704.0
2013-09-18,sh.600008,6.91,7.15,6.86,7.12,21550917,150682593.0
2013-09-23,sh.600008,7.13,7.32,7.08,7.24,41632837,299674480.0
2013-09-24,sh.600008,7.23,7.33,7.14,7.19,28256594,204301762.0
2013-09-25,sh.600008,7.16,7.16,6.99,7.01,24985220,176748252.0
2013-09-26,sh.600008,6.98,7.01,6.83,6.84,17423629,120824749.0
2013-09-27,sh.600008,6.82,6.94,6.82,6.85,9123966,62632958.0
2013-09-30,sh.600008,6.85,6.95,6.82,6.92,9344163,64286115.0
2013-10-08,sh.600008,6.95,7.37,6.94,7.23,38606766,278145792.0
2013-10-09,sh.600008,7.2,7.41,7.15,7.28,41937789,305979712.0
2013-10-10,sh.600008,7.21,7.24,7.1,7.12,23891610,170870526.0
2013-10-11,sh.600008,7.16,7.3,7.16,7.24,24008463,173737944.0
2013-10-14,sh.600008,7.3,7.48,7.21,7.47,42776358,313878624.0
2013-10-15,sh.600008,7.49,7.49,7.23,7.29,31431204,231438110.0
2013-10-16,sh.600008,7.29,7.43,7.07,7.28,31995449,232067101.0
2013-10-17,sh.600008,7.4,8.01,7.4,7.9,154949255,1221536976.0
2013-10-18,sh.600008,7.61,7.85,7.39,7.58,90424460,687630912.0
2013-10-21,sh.600008,7.6,8.06,7.49,7.84,78632823,616137376.0
2013-10-22,sh.600008,7.87,8.2,7.77,7.78,75944711,605899296.0
2013-10-23,sh.600008,7.7,7.79,7.55,7.57,40162250,306185600.0
2013-10-24,sh.600008,7.5,7.5,7.33,7.36,26533296,196387994.0
2013-10-25,sh.600008,7.36,7.6,7.22,7.42,31299019,232959016.0
2013-10-28,sh.600008,7.42,7.44,7.15,7.25,19301773,140295258.0
2013-10-29,sh.600008,7.24,7.35,6.8,6.95,32098011,226452856.0
2013-10-30,sh.600008,6.87,7.1,6.86,7.09,18316715,128163696.0
2013-10-31,sh.600008,7.05,7.07,6.93,6.94,13514714,94490858.0
2013-11-01,sh.600008,6.94,7.12,6.83,7.07,16405489,114518625.0
2013-11-04,sh.600008,7.1,7.39,7.1,7.25,22190821,161019688.0
2013-11-05,sh.600008,7.18,7.33,7.15,7.3,16531690,119949225.0
2013-11-06,sh.600008,7.29,7.45,7.17,7.19,23842204,174325424.0
2013-11-07,sh.600008,7.15,7.27,7.06,7.14,13913327,99597476.0
2013-11-08,sh.600008,7.1,7.17,6.99,7.05,11763283,82996306.0
2013-11-11,sh.600008,7.2,7.4,7.01,7.19,26448520,190304792.0
2013-11-12,sh.600008,7.1,7.24,7.03,7.22,14982286,106838067.0
2013-11-13,sh.600008,7.24,7.24,6.98,6.99,15042294,106500920.0
2013-11-14,sh.600008,6.94,7.03,6.84,6.93,15986579,110730353.0
2013-11-15,sh.600008,6.94,7.2,6.94,7.15,21897813,155705779.0
2013-11-18,sh.600008,7.17,7.42,7.17,7.4,29165377,212547829.0
2013-11-19,sh.600008,7.42,7.59,7.33,7.41,32428071,241721942.0
2013-11-20,sh.600008,7.45,7.5,7.35,7.48,20136113,149608368.0
2013-11-21,sh.600008,7.44,7.59,7.3,7.48,24844800,185275707.0
2013-11-22,sh.600008,7.55,7.58,7.35,7.36,18181216,135381220.0
2013-11-25,sh.600008,7.34,7.44,7.3,7.3,13780959,101532567.0
2013-11-26,sh.600008,7.34,7.38,7.25,7.3,8811642,64422388.0
2013-11-27,sh.600008,7.28,7.44,7.23,7.41,14658644,107815462.0
2013-11-28,sh.600008,7.44,7.46,7.36,7.37,15044625,111436685.0
2013-11-29,sh.600008,7.37,7.58,7.35,7.55,27480531,205157859.0
2013-12-02,sh.600008,7.47,7.47,7.0,7.15,28176125,205162973.0
2013-12-03,sh.600008,7.14,7.29,7.1,7.27,10525030,76015769.0
2013-12-04,sh.600008,7.26,7.49,7.23,7.39,17472793,129322766.0
2013-12-05,sh.600008,7.39,7.55,7.39,7.4,19741664,147506458.0
2013-12-06,sh.600008,7.4,7.53,7.34,7.39,13318508,98759213.0
2013-12-09,sh.600008,7.47,7.57,7.4,7.5,17052043,127655485.0
2013-12-10,sh.600008,7.5,7.53,7.39,7.46,16237873,121125623.0
2013-12-11,sh.600008,7.46,7.68,7.42,7.5,32149608,242913949.0
2013-12-12,sh.600008,7.46,7.53,7.41,7.45,18967428,141623020.0
2013-12-13,sh.600008,7.41,7.45,7.32,7.43,18556110,136792161.0
2013-12-16,sh.600008,7.41,7.41,7.2,7.22,19406028,141776843.0
2013-12-17,sh.600008,7.21,7.27,7.06,7.09,11985785,85310522.0
2013-12-18,sh.600008,7.1,7.14,7.04,7.08,9184134,65054190.0
2013-12-19,sh.600008,7.14,7.17,6.7,6.75,24385215,169513448.0
2013-12-20,sh.600008,6.72,6.82,6.64,6.65,14979932,100754044.0
2013-12-23,sh.600008,6.67,6.76,6.65,6.73,8185545,55008152.0
2013-12-24,sh.600008,6.79,6.87,6.75,6.81,9808278,66950953.0
2013-12-25,sh.600008,6.87,6.87,6.78,6.85,5949932,40566486.0
2013-12-26,sh.600008,6.88,6.88,6.65,6.67,9295842,62430785.0
2013-12-27,sh.600008,6.62,6.81,6.62,6.77,7518893,50799643.0
2013-12-30,sh.600008,6.83,6.83,6.75,6.78,5242879,35549498.0
2013-12-31,sh.600008,6.76,6.82,6.7,6.76,7592846,51249660.0
2014-01-02,sh.600008,6.76,6.79,6.68,6.73,7094807,47646200.0
2014-01-03,sh.600008,6.74,6.76,6.52,6.67,15881865,105120893.0
2014-01-06,sh.600008,6.63,6.63,6.35,6.36,13754512,88976407.0
2014-01-07,sh.600008,6.31,6.42,6.3,6.36,6080080,38712828.0
2014-01-08,sh.600008,6.39,6.5,6.32,6.34,9544186,61083343.0
2014-01-09,sh.600008,6.37,6.41,6.28,6.29,8540017,54169015.0
2014-01-10,sh.600008,6.34,6.34,6.0,6.07,12016318,73464179.0
2014-01-13,sh.600008,6.07,6.08,5.9,5.95,9404583,56082013.0
2014-01-14,sh.600008,5.92,6.12,5.92,6.12,7372045,44369081.0
2014-01-15,sh.600008,6.09,6.18,6.05,6.15,5533400,33840244.0
2014-01-16,sh.600008,6.14,6.21,6.09,6.21,7841040,48344909.0
2014-01-17,sh.600008,6.18,6.19,6.07,6.08,5724719,35113425.0
2014-01-20,sh.600008,6.08,6.26,6.05,6.17,8246337,51088864.0
2014-01-21,sh.600008,6.18,6.32,6.18,6.31,7408167,46536487.0
2014-01-22,sh.600008,6.3,6.4,6.27,6.4,7193789,45755472.0
2014-01-23,sh.600008,6.41,6.44,6.33,6.39,9424303,60119885.0
2014-01-24,sh.600008,6.38,6.45,6.35,6.41,6722349,43150710.0
2014-01-27,sh.600008,6.41,6.41,6.26,6.29,7174426,45293699.0
2014-01-28,sh.600008,6.3,6.39,6.3,6.39,5652180,35953539.0
2014-01-29,sh.600008,6.4,6.43,6.31,6.35,4075275,25920144.0
2014-01-30,sh.600008,6.31,6.38,6.2,6.23,4204640,26306203.0
2014-02-07,sh.600008,6.32,6.44,6.25,6.43,8693426,55348016.0
2014-02-10,sh.600008,6.46,6.69,6.45,6.66,16270947,107334365.0
2014-02-11,sh.600008,6.68,7.33,6.61,7.1,44993967,319493104.0
2014-02-12,sh.600008,7.09,7.4,7.06,7.15,37222897,268149404.0
2014-02-13,sh.600008,7.16,7.24,7.03,7.06,18892603,134206875.0
2014-02-14,sh.600008,7.06,7.14,7.02,7.13,11662567,82632835.0
2014-02-17,sh.600008,7.13,7.25,7.13,7.18,15911312,114289887.0
2014-02-18,sh.600008,7.2,7.28,7.09,7.14,20400417,146623329.0
2014-02-19,sh.600008,7.17,7.29,7.13,7.17,16084577,115738383.0
2014-02-20,sh.600008,7.18,7.28,7.07,7.09,15824547,113197380.0
2014-02-21,sh.600008,7.09,7.13,6.8,6.9,18697337,130245158.0
2014-02-24,sh.600008,6.85,7.03,6.85,6.93,11661760,80679367.0
2014-02-25,sh.600008,6.93,6.95,6.56,6.64,22390201,150524550.0
2014-02-26,sh.600008,6.6,6.88,6.55,6.83,15314116,101809791.0
2014-02-27,sh.600008,6.76,6.82,6.65,6.68,13964786,93756251.0
2014-02-28,sh.600008,6.69,6.75,6.58,6.73,10885225,72517752.0
2014-03-03,sh.600008,6.73,7.23,6.7,7.16,30420780,213049051.0
2014-03-04,sh.600008,7.07,7.14,6.96,7.11,21153173,149307798.0
2014-03-05,sh.600008,7.12,7.26,7.03,7.04,16533340,118038802.0
2014-03-06,sh.600008,6.99,7.09,6.92,7.04,10759830,75340071.0
2014-03-07,sh.600008,7.04,7.05,6.85,6.86,11308064,78411429.0
2014-03-10,sh.600008,6.85,6.98,6.66,6.69,11691477,79675838.0
2014-03-11,sh.600008,6.68,6.74,6.6,6.69,7932018,52859874.0
2014-03-12,sh.600008,6.65,6.72,6.5,6.6,8755342,57881441.0
2014-03-13,sh.600008,6.6,6.67,6.59,6.61,8621483,57128162.0
2014-03-14,sh.600008,6.63,6.63,6.45,6.51,7878438,51378060.0
2014-03-17,sh.600008,6.56,6.58,6.47,6.57,8447891,55211166.0
2014-03-18,sh.600008,6.57,6.77,6.56,6.72,13834907,92405443.0
2014-03-19,sh.600008,6.67,6.73,6.56,6.63,8547638,56564389.0
2014-03-20,sh.600008,6.61,6.98,6.53,6.69,18492227,124367504.0
2014-03-21,sh.600008,6.68,6.86,6.5,6.84,18516739,123772600.0
2014-03-24,sh.600008,6.88,6.94,6.75,6.89,15907549,109098715.0
2014-03-25,sh.600008,6.93,6.97,6.8,6.87,13575439,93520247.0
2014-03-26,sh.600008,6.89,6.9,6.74,6.86,10806475,73539556.0
2014-03-27,sh.600008,6.85,6.85,6.66,6.68,11991632,80892574.0
2014-03-28,sh.600008,6.68,6.74,6.55,6.56,9537180,63345799.0
2014-03-31,sh.600008,6.58,6.68,6.57,6.6,5277079,34917034.0
2014-04-01,sh.600008,6.6,6.67,6.57,6.66,4359713,28937016.0
2014-04-02,sh.600008,6.66,6.95,6.62,6.85,17314770,117662464.0
2014-04-03,sh.600008,6.85,6.9,6.61,6.65,19741092,132650998.0
2014-04-04,sh.600008,6.65,6.71,6.6,6.67,6585143,43878186.0
2014-04-08,sh.600008,6.66,6.75,6.6,6.75,9309572,62330018.0
2014-04-09,sh.600008,6.78,6.84,6.73,6.8,10867629,73633433.0
2014-04-10,sh.600008,6.77,6.82,6.71,6.81,14847307,100558143.0
2014-04-11,sh.600008,6.78,6.79,6.71,6.75,8036628,54224682.0
2014-04-14,sh.600008,6.87,6.94,6.83,6.84,17960966,123509009.0
2014-04-15,sh.600008,6.8,6.84,6.75,6.76,9642933,65389668.0
2014-04-16,sh.600008,6.73,6.85,6.71,6.73,11319648,76715249.0
2014-04-17,sh.600008,6.79,6.84,6.77,6.8,13398020,91317483.0
2014-04-18,sh.600008,6.85,6.85,6.68,6.74,14211977,95740463.0
2014-04-21,sh.600008,6.66,6.71,6.5,6.51,14753768,97358140.0
2014-04-22,sh.600008,6.51,6.56,6.38,6.47,8619944,55621795.0
2014-04-23,sh.600008,6.43,6.49,6.41,6.43,5091352,32789418.0
2014-04-24,sh.600008,6.46,6.5,6.41,6.44,4340530,28027722.0
2014-04-25,sh.600008,6.49,6.54,6.31,6.33,5807476,37285165.0
2014-04-28,sh.600008,6.41,6.41,6.26,6.27,6331358,39904130.0
2014-04-29,sh.600008,6.25,6.48,6.21,6.47,7785238,49503630.0
2014-04-30,sh.600008,6.47,6.51,6.4,6.44,5914222,38218217.0
2014-05-05,sh.600008,6.4,6.46,6.32,6.41,4890788,31146581.0
2014-05-06,sh.600008,6.42,6.46,6.35,6.42,4330550,27821475.0
2014-05-07,sh.600008,6.38,6.38,6.23,6.26,5552012,35029998.0
2014-05-08,sh.600008,6.24,6.34,6.22,6.23,4026221,25294390.0
2014-05-09,sh.600008,6.32,6.34,6.21,6.27,7996079,50218211.0
2014-05-12,sh.600008,6.3,6.42,6.26,6.4,8392936,53268082.0
2014-05-13,sh.600008,6.38,6.41,6.31,6.35,4607009,29272670.0
2014-05-14,sh.600008,6.35,6.4,6.31,6.35,2918695,18563204.0
2014-05-15,sh.600008,6.33,6.37,6.28,6.29,3644161,22999696.0
2014-05-16,sh.600008,6.27,6.32,6.25,6.28,3517584,22071275.0
2014-05-19,sh.600008,6.26,6.28,6.17,6.2,5431613,33722800.0
2014-05-20,sh.600008,6.25,6.27,6.18,6.2,4635079,28770059.0
2014-05-21,sh.600008,6.1,6.1,6.0,6.04,3837315,23206171.0
2014-05-22,sh.600008,6.08,6.2,6.07,6.08,5073477,31060893.0
2014-05-23,sh.600008,6.1,6.13,6.06,6.11,2916415,17780602.0
2014-05-26,sh.600008,6.18,6.19,6.1,6.15,4620110,28370183.0
2014-05-27,sh.600008,6.17,6.17,6.1,6.1,4863290,29842643.0
2014-05-28,sh.600008,6.1,6.15,6.08,6.14,5099253,31208028.0
2014-05-29,sh.600008,6.16,6.16,6.1,6.12,5095271,31232062.0
2014-05-30,sh.600008,6.12,6.14,6.07,6.09,3162578,19300476.0
2014-06-03,sh.600008,6.08,6.13,6.06,6.09,2619669,15981736.0
2014-06-04,sh.600008,6.07,6.16,6.07,6.14,6241275,38159813.0
2014-06-05,sh.600008,6.15,6.17,6.08,6.15,5758065,35277195.0
2014-06-06,sh.600008,6.15,6.16,6.08,6.13,4546756,27849375.0
2014-06-09,sh.600008,6.11,6.14,6.06,6.08,4978783,30353839.0
2014-06-10,sh.600008,6.09,6.14,6.07,6.13,4315969,26405388.0
2014-06-11,sh.600008,6.15,6.48,6.15,6.3,25267079,160308134.0
2014-06-12,sh.600008,6.3,6.3,6.17,6.2,9853793,61322947.0
2014-06-13,sh.600008,6.18,6.29,6.18,6.23,7512494,46815568.0
2014-06-16,sh.600008,6.28,6.29,6.2,6.25,5882222,36753838.0
2014-06-17,sh.600008,6.25,6.38,6.19,6.3,16751403,105456391.0
2014-06-18,sh.600008,6.26,6.28,6.1,6.11,11570694,71591744.0
2014-06-19,sh.600008,6.11,6.15,6.01,6.05,6997511,42577848.0
2014-06-20,sh.600008,6.07,6.12,6.05,6.1,3468839,21104837.0
2014-06-23,sh.600008,6.1,6.13,6.07,6.08,4225667,25724710.0
2014-06-24,sh.600008,6.1,6.13,6.08,6.09,3541987,21575963.0
2014-06-25,sh.600008,6.09,6.1,6.03,6.07,3911387,23718400.0
2014-06-26,sh.600008,6.08,6.12,6.07,6.1,4068163,24829574.0
2014-06-27,sh.600008,6.09,6.13,6.06,6.1,5934360,36186608.0
2014-06-30,sh.600008,6.1,6.19,6.09,6.18,8608325,52943514.0
2014-07-01,sh.600008,6.17,6.2,6.13,6.17,5118115,31541931.0
2014-07-02,sh.600008,6.17,6.2,6.14,6.18,5248914,32398099.0
2014-07-03,sh.600008,6.19,6.22,6.16,6.19,6853180,42452700.0
2014-07-04,sh.600008,6.21,6.22,6.18,6.19,5676248,35186419.0
2014-07-07,sh.600008,6.19,6.2,6.1,6.11,6810788,41807754.0
2014-07-08,sh.600008,6.13,6.17,6.1,6.17,5137168,31540684.0
2014-07-09,sh.600008,6.16,6.17,6.06,6.08,8266229,50496594.0
2014-07-10,sh.600008,6.05,6.09,6.05,6.05,5277849,32037086.0
2014-07-11,sh.600008,6.05,6.1,6.05,6.08,4880168,29637254.0
2014-07-14,sh.600008,6.08,6.16,6.06,6.15,7665167,46860986.0
2014-07-15,sh.600008,6.15,6.15,6.09,6.13,9652158,59039810.0
2014-07-16,sh.600008,6.15,6.16,6.1,6.12,7769539,47561117.0
2014-07-17,sh.600008,6.12,6.13,6.07,6.08,5513704,33596730.0
2014-07-18,sh.600008,6.08,6.11,6.06,6.09,4966958,30235291.0
2014-07-21,sh.600008,6.09,6.09,6.04,6.05,5254418,31814308.0
2014-07-22,sh.600008,6.05,6.1,6.02,6.09,7311395,44433025.0
2014-07-23,sh.600008,6.09,6.11,6.05,6.07,8048736,48912213.0
2014-07-24,sh.600008,6.08,6.15,6.06,6.15,13199410,80665815.0
2014-07-25,sh.600008,6.14,6.25,6.13,6.23,18661357,115736941.0
2014-07-28,sh.600008,6.24,6.33,6.23,6.31,20270938,127436110.0
2014-07-29,sh.600008,6.31,6.42,6.27,6.4,23140854,146522030.0
2014-07-30,sh.600008,6.34,6.38,6.28,6.34,18994301,120141925.0
2014-07-31,sh.600008,6.36,6.37,6.28,6.35,9840089,62274040.0
2014-08-01,sh.600008,6.33,6.43,6.27,6.28,15805695,100468664.0
2014-08-04,sh.600008,6.28,6.37,6.27,6.37,11693919,73942499.0
2014-08-05,sh.600008,6.37,6.38,6.3,6.38,10753742,68224388.0
2014-08-06,sh.600008,6.37,6.46,6.32,6.45,19456123,124653981.0
2014-08-07,sh.600008,6.44,6.48,6.33,6.34,13433517,85990101.0
2014-08-08,sh.600008,6.38,6.39,6.31,6.36,7476934,47453264.0
2014-08-11,sh.600008,6.31,6.46,6.31,6.44,15725706,100942718.0
2014-08-12,sh.600008,6.41,6.47,6.37,6.46,14218707,91178349.0
2014-08-13,sh.600008,6.46,6.46,6.37,6.4,12930824,82822831.0
2014-08-14,sh.600008,6.39,6.53,6.35,6.41,23593050,152587085.0
2014-08-15,sh.600008,6.38,6.55,6.38,6.52,21473842,139522501.0
2014-08-18,sh.600008,6.51,6.76,6.51,6.65,27820032,185207938.0
2014-08-19,sh.600008,6.68,6.75,6.57,6.75,22104274,147242822.0
2014-08-20,sh.600008,6.74,6.8,6.67,6.7,21924982,147807683.0
2014-08-21,sh.600008,6.69,6.75,6.57,6.65,15262298,101385997.0
2014-08-22,sh.600008,6.65,6.94,6.63,6.88,33312069,227753301.0
2014-08-25,sh.600008,6.88,6.9,6.68,6.77,17047491,115413360.0
2014-08-26,sh.600008,6.78,6.95,6.67,6.71,20783170,141030048.0
2014-08-27,sh.600008,6.7,6.71,6.6,6.65,10114600,67203324.0
2014-08-28,sh.600008,6.65,6.74,6.63,6.63,11228597,74993573.0
2014-08-29,sh.600008,6.64,6.69,6.59,6.68,10297486,68396098.0
2014-09-01,sh.600008,6.68,6.85,6.66,6.84,13805290,93618534.0
2014-09-02,sh.600008,6.8,6.9,6.78,6.86,14848381,101807010.0
2014-09-03,sh.600008,6.88,7.03,6.88,6.89,19553592,135851188.0
2014-09-04,sh.600008,6.86,7.27,6.84,7.19,46599156,332754464.0
2014-09-05,sh.600008,7.16,7.38,7.07,7.21,31919462,231273168.0
2014-09-09,sh.600008,7.25,7.42,7.2,7.26,27676981,202413493.0
2014-09-10,sh.600008,7.28,7.39,7.21,7.25,23309064,169800577.0
2014-09-11,sh.600008,7.26,7.37,7.2,7.23,21832012,158998920.0
2014-09-12,sh.600008,7.21,7.28,7.15,7.27,12791070,92308337.0
2014-09-15,sh.600008,7.27,7.34,7.2,7.32,17311934,126010205.0
2014-09-16,sh.600008,7.5,8.05,7.5,7.63,71976581,561804944.0
2014-09-17,sh.600008,7.6,7.98,7.51,7.93,52830038,411560880.0
2014-09-18,sh.600008,7.99,8.05,7.82,7.91,33345523,263663249.0
2014-09-19,sh.600008,7.9,8.03,7.74,7.87,26180453,205460920.0
2014-09-22,sh.600008,7.88,7.89,7.58,7.62,23880077,184377066.0
2014-09-23,sh.600008,7.65,7.81,7.62,7.74,19671764,151843513.0
2014-09-24,sh.600008,7.7,7.84,7.7,7.84,22563177,176171079.0
2014-09-25,sh.600008,7.88,7.95,7.7,7.74,20875352,163058452.0
2014-09-26,sh.600008,7.7,7.75,7.51,7.67,27562800,208993499.0
2014-09-29,sh.600008,7.66,7.71,7.6,7.7,20791816,159127457.0
2014-09-30,sh.600008,7.69,7.75,7.65,7.7,14855335,114608098.0
2014-10-08,sh.600008,7.71,7.79,7.63,7.78,15958297,123112815.0
2014-10-09,sh.600008,7.85,8.08,7.84,8.01,46484791,370969888.0
2014-10-10,sh.600008,8.02,8.02,7.85,7.91,23897555,188938088.0
2014-10-13,sh.600008,7.92,7.98,7.68,7.78,19495622,151799516.0
2014-10-14,sh.600008,7.8,7.83,7.58,7.66,21045922,162291915.0
2014-10-15,sh.600008,7.66,7.74,7.63,7.73,12480617,95970779.0
2014-10-16,sh.600008,7.7,7.74,7.58,7.61,17846256,136365765.0
2014-10-17,sh.600008,7.55,7.62,7.31,7.38,19575583,145541667.0
2014-10-20,sh.600008,7.38,7.55,7.38,7.53,15109369,113240089.0
2014-10-21,sh.600008,7.52,7.54,7.4,7.42,7802448,58218316.0
2014-10-22,sh.600008,7.43,7.47,7.29,7.3,12674706,93406683.0
2014-10-23,sh.600008,7.3,7.36,7.17,7.23,11464084,83066384.0
2014-10-24,sh.600008,7.25,7.29,7.17,7.2,7827047,56628545.0
2014-10-27,sh.600008,7.22,7.39,7.2,7.36,10845175,79524449.0
2014-10-28,sh.600008,7.32,7.51,7.31,7.5,13032593,97232689.0
2014-10-29,sh.600008,7.48,7.57,7.47,7.54,17536666,131926062.0
2014-10-30,sh.600008,7.55,7.57,7.4,7.48,15807938,118183563.0
2014-10-31,sh.600008,7.5,7.63,7.46,7.61,21973199,166004024.0
2014-11-03,sh.600008,7.63,7.68,7.58,7.6,16498940,125751431.0
2014-11-04,sh.600008,7.6,7.66,7.51,7.53,14963690,113565919.0
2014-11-05,sh.600008,7.55,7.57,7.47,7.54,13051208,98126066.0
2014-11-06,sh.600008,7.54,7.62,7.48,7.59,13757114,103997976.0
2014-11-07,sh.600008,7.59,7.68,7.5,7.51,19709705,150094089.0
2014-11-10,sh.600008,7.48,7.56,7.43,7.53,13861996,103830876.0
2014-11-11,sh.600008,7.53,7.58,7.23,7.29,18024861,133685095.0
2014-11-12,sh.600008,7.3,7.39,7.28,7.39,11514661,84577764.0
2014-11-13,sh.600008,7.39,7.39,7.18,7.2,19619761,142014467.0
2014-11-14,sh.600008,7.22,7.28,7.19,7.2,11891944,85791322.0
2014-11-17,sh.600008,7.22,7.39,7.22,7.32,12541525,91687309.0
2014-11-18,sh.600008,7.33,7.47,7.33,7.42,11992474,88909240.0
2014-11-19,sh.600008,7.45,7.53,7.37,7.46,17867245,133326556.0
2014-11-20,sh.600008,7.46,7.46,7.33,7.42,12247704,90556985.0
2014-11-21,sh.600008,7.5,7.66,7.46,7.61,29722901,224399653.0
2014-11-24,sh.600008,7.71,7.8,7.59,7.77,41565156,320247184.0
2014-11-25,sh.600008,7.77,7.9,7.72,7.78,29324391,229075377.0
2014-11-26,sh.600008,7.83,7.95,7.78,7.88,29892415,235198450.0
2014-11-27,sh.600008,7.91,7.98,7.76,7.86,32225442,253168421.0
2014-11-28,sh.600008,7.86,7.95,7.67,7.78,34321653,266812940.0
2014-12-01,sh.600008,7.79,7.91,7.68,7.83,33425670,259771931.0
2014-12-02,sh.600008,7.88,8.61,7.88,8.61,96487355,816879952.0
2014-12-03,sh.600008,9.03,9.47,8.91,9.28,168421116,1546262032.0
2014-12-04,sh.600008,9.19,9.59,9.1,9.55,116466099,1082963568.0
2014-12-05,sh.600008,9.46,9.48,8.96,9.28,94898913,876309424.0
2014-12-08,sh.600008,9.33,9.86,9.18,9.83,115711834,1090272864.0
2014-12-09,sh.600008,9.58,9.85,8.85,9.07,110214690,1047376624.0
2014-12-10,sh.600008,9.02,9.98,8.88,9.98,107990057,1042858784.0
2014-12-11,sh.600008,10.98,10.98,10.87,10.98,55860472,613194960.0
2014-12-12,sh.600008,11.5,11.8,10.97,11.37,189875947,2149830352.0
2014-12-15,sh.600008,11.14,11.43,10.91,11.25,103366236,1154781600.0
2014-12-16,sh.600008,11.25,12.25,10.95,11.7,130892169,1521792912.0
2014-12-17,sh.600008,11.45,11.95,11.3,11.63,90063270,1042798576.0
2014-12-18,sh.600008,11.6,12.65,11.4,12.03,122341859,1486369408.0
2014-12-19,sh.600008,11.71,12.7,11.35,12.49,104144807,1239995168.0
2014-12-22,sh.600008,12.3,13.0,11.91,12.57,125262950,1566487248.0
2014-12-23,sh.600008,12.5,12.5,11.7,11.83,70144071,847218512.0
2014-12-24,sh.600008,11.7,12.41,11.66,11.83,87355436,1051397344.0
2014-12-25,sh.600008,11.83,11.86,11.2,11.82,75158313,867995664.0
2014-12-26,sh.600008,11.83,12.38,11.7,11.93,77185335,929236608.0
2014-12-29,sh.600008,12.1,12.5,11.95,12.26,84345759,1029705920.0
2014-12-30,sh.600008,12.3,12.3,11.6,11.72,63944475,755060224.0
2014-12-31,sh.600008,11.72,11.93,11.38,11.8,50088425,585904480.0
2015-01-05,sh.600008,11.8,12.48,11.5,12.09,70749161,850785264.0
2015-01-06,sh.600008,11.94,13.3,11.71,13.3,124066830,1552150704.0
2015-01-07,sh.600008,13.02,13.1,12.7,12.76,94688573,1219606208.0
2015-01-08,sh.600008,12.76,13.27,12.42,12.65,79792780,1020790768.0
2015-01-09,sh.600008,12.46,12.84,12.2,12.23,52016176,650839936.0
2015-01-12,sh.600008,12.15,12.37,11.6,11.71,45617654,545033280.0
2015-01-13,sh.600008,11.62,11.87,11.55,11.65,28768148,336142032.0
2015-01-14,sh.600008,11.59,11.87,11.41,11.52,36251570,421102832.0
2015-01-15,sh.600008,11.6,11.98,11.6,11.83,38100668,449679616.0
2015-01-16,sh.600008,11.84,12.6,11.61,12.41,70741676,861399456.0
2015-01-19,sh.600008,11.72,12.24,11.17,11.17,69245290,806893712.0
2015-01-20,sh.600008,11.35,11.67,11.17,11.43,47785045,546377184.0
2015-01-21,sh.600008,11.44,12.0,11.44,11.83,51596253,605929808.0
2015-01-22,sh.600008,11.85,12.4,11.76,12.25,63092886,761073584.0
2015-01-23,sh.600008,12.34,12.34,11.85,11.95,48265950,583268176.0
2015-01-26,sh.600008,11.86,12.26,11.8,12.19,36902103,444857504.0
2015-01-27,sh.600008,12.37,12.58,11.95,12.32,53486913,657642832.0
2015-01-28,sh.600008,12.26,12.32,11.95,12.05,38405677,464520512.0
2015-01-29,sh.600008,11.87,11.96,11.48,11.55,43725160,511877088.0
2015-01-30,sh.600008,11.6,12.09,11.57,11.7,46858191,554189840.0
2015-02-02,sh.600008,11.36,11.48,11.17,11.2,36430240,411196816.0
2015-02-03,sh.600008,11.32,11.39,10.91,11.3,29885000,333885024.0
2015-02-04,sh.600008,11.3,11.45,11.15,11.18,25416015,287205488.0
2015-02-05,sh.600008,11.45,11.49,11.0,11.08,27420553,306566832.0
2015-02-06,sh.600008,11.12,11.12,10.7,10.85,30953628,334657312.0
2015-02-09,sh.600008,10.82,10.82,10.34,10.5,26822587,282245232.0
2015-02-10,sh.600008,10.5,10.82,10.4,10.81,20857772,221710786.0
2015-02-11,sh.600008,10.84,11.0,10.75,10.79,20352514,221239641.0
2015-02-12,sh.600008,10.81,10.98,10.77,10.92,14621013,159240010.0
2015-02-13,sh.600008,11.01,11.8,11.0,11.47,56299203,647890880.0
2015-02-16,sh.600008,11.6,11.81,11.5,11.71,35269887,411485584.0
2015-02-17,sh.600008,11.8,11.88,11.52,11.67,25261832,294780112.0
2015-02-25,sh.600008,11.73,12.58,11.73,12.37,78809470,972277904.0
2015-02-26,sh.600008,12.56,12.89,12.2,12.5,82317127,1033152192.0
2015-02-27,sh.600008,12.48,12.54,12.24,12.48,47313677,585652176.0
2015-03-02,sh.600008,13.0,13.3,12.72,12.84,98259410,1275197008.0
2015-03-03,sh.600008,12.93,13.83,12.69,13.24,123625081,1646705248.0
2015-03-04,sh.600008,12.9,12.97,12.62,12.92,66895981,855537248.0
2015-03-05,sh.600008,13.08,13.38,12.68,12.76,56255907,730365264.0
2015-03-06,sh.600008,12.66,12.68,12.07,12.15,51493763,634152144.0
2015-03-09,sh.600008,12.15,12.39,12.1,12.27,27744674,339284816.0
2015-03-10,sh.600008,12.25,12.29,12.1,12.2,33545721,408506224.0
2015-03-11,sh.600008,12.2,12.26,12.06,12.21,30361602,368835664.0
2015-03-12,sh.600008,12.23,12.35,12.13,12.24,28875435,353304800.0
2015-03-13,sh.600008,12.25,12.5,12.21,12.49,35413675,438462448.0
2015-03-16,sh.600008,12.55,12.78,12.55,12.73,43466366,551764192.0
2015-03-17,sh.600008,12.84,12.86,12.6,12.76,48744249,619751488.0
2015-03-18,sh.600008,12.74,13.17,12.71,13.07,64740465,838872208.0
2015-03-19,sh.600008,13.07,13.09,12.69,12.94,52662028,675934544.0
2015-03-20,sh.600008,12.88,14.18,12.78,13.45,96105030,1293021440.0
2015-03-23,sh.600008,13.66,14.8,13.3,14.8,157889677,2257675760.0
2015-03-24,sh.600008,15.2,15.56,14.39,15.06,221485791,3322114432.0
2015-03-25,sh.600008,15.1,15.36,14.68,14.85,106592459,1598597504.0
2015-03-26,sh.600008,14.6,15.1,14.5,14.65,75618186,1114446352.0
2015-03-27,sh.600008,14.63,15.61,14.44,15.37,101161807,1513192192.0
2015-03-30,sh.600008,15.48,16.2,15.05,15.24,130034203,2007455920.0
2015-03-31,sh.600008,15.24,15.39,15.0,15.02,63281725,956578528.0
2015-04-01,sh.600008,15.0,15.8,14.91,15.69,119976557,1849466480.0
2015-04-02,sh.600008,15.69,16.12,15.55,15.86,131656715,2082147808.0
2015-04-03,sh.600008,15.58,15.84,15.36,15.69,77205650,1204010784.0
2015-04-07,sh.600008,15.65,16.08,15.58,15.73,74572203,1177888592.0
2015-04-08,sh.600008,15.73,15.78,14.85,15.09,91553255,1392494704.0
2015-04-09,sh.600008,14.99,14.99,14.22,14.6,63546381,925090112.0
2015-04-10,sh.600008,14.5,15.0,14.32,14.89,42545455,630112112.0
2015-04-13,sh.600008,14.94,15.3,14.89,15.13,54603040,823326032.0
2015-04-14,sh.600008,15.19,15.27,14.8,15.12,56373155,849914736.0
2015-04-15,sh.600008,15.14,15.86,15.01,15.42,93138391,1443948976.0
2015-04-16,sh.600008,15.1,16.96,14.8,16.84,194306766,3182486960.0
2015-04-17,sh.600008,17.29,17.4,16.41,16.54,188273152,3164088816.0
2015-04-20,sh.600008,16.22,16.22,15.49,15.52,105085913,1659312896.0
2015-04-21,sh.600008,15.54,16.11,15.51,16.03,67861915,1074633312.0
2015-04-22,sh.600008,16.6,16.68,16.12,16.22,92719779,1512254112.0
2015-04-23,sh.600008,16.15,16.16,15.8,15.95,74935489,1193440912.0
2015-04-24,sh.600008,15.73,16.28,15.56,16.14,76185287,1221980656.0
2015-04-27,sh.600008,16.13,16.28,15.81,15.96,66800514,1072055632.0
2015-04-28,sh.600008,15.82,16.28,15.65,16.26,94238238,1510824896.0
2015-04-29,sh.600008,16.2,16.24,15.77,16.04,51388724,825063328.0
2015-04-30,sh.600008,16.23,16.28,15.7,15.71,54115238,861808576.0
2015-05-04,sh.600008,15.73,16.05,15.56,15.81,55331519,874079680.0
2015-05-05,sh.600008,15.84,15.86,14.4,14.63,71421031,1080036864.0
2015-05-06,sh.600008,14.63,14.99,13.87,14.11,50037191,726064048.0
2015-05-07,sh.600008,14.11,14.27,13.28,13.35,46378352,633256112.0
2015-05-08,sh.600008,13.5,13.77,13.35,13.65,37362165,506185872.0
2015-05-11,sh.600008,13.8,14.29,13.5,14.27,51147421,714219200.0
2015-05-12,sh.600008,14.35,14.57,14.14,14.47,51615360,741883744.0
2015-05-13,sh.600008,14.47,14.6,13.99,14.53,46351273,663982544.0
2015-05-14,sh.600008,14.85,14.9,14.4,14.48,49318482,720568336.0
2015-05-15,sh.600008,14.45,14.46,13.69,13.84,42124429,586641216.0
2015-05-18,sh.600008,14.65,14.84,14.34,14.41,74003451,1078240640.0
2015-05-19,sh.600008,14.41,14.65,14.05,14.59,55036776,793463168.0
2015-05-20,sh.600008,14.65,15.0,14.47,14.75,74384026,1099884080.0
2015-05-21,sh.600008,14.79,15.4,14.51,15.36,82424283,1233407472.0
2015-05-22,sh.600008,15.51,16.5,15.05,16.04,134015093,2114225008.0
2015-05-25,sh.600008,15.9,16.34,15.79,16.19,112716543,1816739936.0
2015-05-26,sh.600008,16.3,16.74,16.06,16.73,113453925,1861157024.0
2015-05-27,sh.600008,16.79,17.62,16.23,17.15,148772473,2542601264.0
2015-05-28,sh.600008,16.98,17.1,15.44,15.44,121102078,1970659456.0
2015-05-29,sh.600008,15.3,15.42,13.99,14.86,73615638,1094463984.0
2015-06-01,sh.600008,14.85,15.48,14.4,15.42,56933664,859121360.0
2015-06-02,sh.600008,15.42,16.08,15.15,16.0,81917532,1285184928.0
2015-06-03,sh.600008,16.01,16.75,15.5,16.41,85288067,1369736048.0
2015-06-04,sh.600008,16.33,16.67,15.37,16.65,94578102,1538226576.0
2015-06-05,sh.600008,17.15,17.65,16.3,17.38,170058841,2904185392.0
2015-06-08,sh.600008,17.13,19.1,16.61,18.89,206414730,3715021200.0
2015-06-09,sh.600008,18.5,18.97,17.89,17.97,161757713,2986054880.0
2015-06-10,sh.600008,17.6,18.52,17.38,17.97,116993400,2116441104.0
2015-06-11,sh.600008,17.98,19.68,17.81,19.57,188443463,3537770064.0
2015-06-12,sh.600008,19.3,19.68,18.9,19.02,198817355,3829236960.0
2015-06-15,sh.600008,19.02,19.02,17.89,18.18,87729799,1621070400.0
2015-06-16,sh.600008,18.66,18.88,17.5,17.71,85786512,1574644720.0
2015-06-17,sh.600008,17.5,18.3,16.81,18.1,80404044,1409761360.0
2015-06-18,sh.600008,18.12,18.99,17.6,18.46,133607898,2462349616.0
2015-06-19,sh.600008,18.0,18.75,16.82,17.03,119231437,2163746432.0
2015-06-23,sh.600008,16.98,17.31,15.38,17.24,102215933,1714643200.0
2015-06-24,sh.600008,17.3,18.19,17.15,18.0,119697203,2119942144.0
2015-06-25,sh.600008,18.03,18.46,16.5,17.07,112297385,2005697504.0
2015-06-26,sh.600008,16.15,16.7,15.36,15.36,60592894,961415136.0
2015-06-29,sh.600008,15.82,15.95,13.82,13.82,70630035,1016705520.0
2015-06-30,sh.600008,13.65,14.78,12.44,14.35,82089678,1100846720.0
2015-07-01,sh.600008,14.05,14.61,12.92,12.92,66676639,930553376.0
2015-07-02,sh.600008,12.92,13.31,11.63,11.63,71380655,879072064.0
2015-07-03,sh.600008,11.25,11.68,10.47,10.47,59015092,634542592.0
2015-07-06,sh.600008,11.49,11.5,9.42,9.43,93066465,934056160.0
2015-07-07,sh.600008,9.3,9.36,8.49,8.5,91356884,787408368.0
2015-07-08,sh.600008,7.65,8.55,7.65,7.79,119508368,935360816.0
2015-07-09,sh.600008,7.79,8.57,7.72,8.57,91920942,771712896.0
2015-07-10,sh.600008,9.43,9.43,9.05,9.43,43929237,413259840.0
2015-07-13,sh.600008,10.37,10.37,10.01,10.37,83982482,867362672.0
2015-07-14,sh.600008,11.0,11.41,10.58,11.41,140412489,1573962416.0
2015-07-15,sh.600008,11.23,11.23,10.27,10.27,89341012,948008880.0
2015-07-16,sh.600008,10.2,11.13,9.4,10.56,95412117,1005272256.0
2015-07-17,sh.600008,10.64,11.5,10.31,11.43,88503938,979884800.0
2015-07-20,sh.600008,11.44,11.8,11.2,11.44,84136817,965040928.0
2015-07-21,sh.600008,11.19,11.68,11.01,11.51,68883756,786710560.0
2015-07-22,sh.600008,11.44,11.92,11.3,11.68,67236511,783773952.0
2015-07-23,sh.600008,11.8,12.27,11.65,12.16,82356800,986267744.0
2015-07-24,sh.600008,12.1,13.3,12.05,12.38,114718989,1437203424.0
2015-07-27,sh.600008,11.92,12.51,11.14,11.14,77203515,917284880.0
2015-07-28,sh.600008,10.2,11.24,10.03,10.26,72648745,756806864.0
2015-07-29,sh.600008,10.55,11.29,10.09,11.27,56258619,596068368.0
2015-07-30,sh.600008,11.03,11.65,10.61,10.83,63525695,718190512.0
2015-07-31,sh.600008,10.65,11.25,10.61,10.96,46868749,509108592.0
2015-08-03,sh.600008,11.08,11.65,10.9,11.28,71044145,800386080.0
2015-08-04,sh.600008,11.2,12.04,10.96,12.0,84844097,978851712.0
2015-08-05,sh.600008,11.8,12.14,11.5,11.6,68193461,806342320.0
2015-08-06,sh.600008,11.18,11.65,11.16,11.28,37344914,424804128.0
2015-08-07,sh.600008,11.42,11.8,11.41,11.65,43911521,510073936.0
2015-08-10,sh.600008,11.75,12.37,11.7,12.34,69268825,835181424.0
2015-08-11,sh.600008,12.45,13.1,12.1,12.38,90620711,1145703952.0
2015-08-12,sh.600008,12.07,12.6,12.02,12.27,55426078,682228384.0
2015-08-13,sh.600008,12.35,12.5,11.92,12.49,55245601,680004896.0
2015-08-14,sh.600008,12.59,12.79,12.4,12.54,64897120,817331216.0
2015-08-17,sh.600008,12.41,12.93,12.38,12.84,57295166,729170096.0
2015-08-18,sh.600008,12.86,12.95,11.56,11.56,63739511,779095440.0
2015-08-19,sh.600008,11.14,11.87,10.43,11.72,59873328,663986512.0
2015-08-20,sh.600008,11.31,11.66,10.81,10.86,39873876,447290800.0
2015-08-21,sh.600008,10.63,10.8,9.96,10.08,39461179,409895664.0
2015-08-24,sh.600008,9.51,9.7,9.07,9.07,44687696,410612320.0
2015-08-25,sh.600008,8.24,8.98,8.16,8.16,58430918,488717392.0
2015-08-26,sh.600008,8.27,8.8,8.01,8.19,51628140,431317744.0
2015-08-27,sh.600008,8.52,8.76,8.17,8.74,43053365,366746768.0
2015-08-28,sh.600008,8.86,9.5,8.77,9.49,58464852,527329984.0
2015-08-31,sh.600008,9.4,9.59,8.92,9.56,49652253,457523872.0
2015-09-01,sh.600008,9.3,9.55,8.8,9.43,52825158,488181504.0
2015-09-02,sh.600008,9.08,9.85,8.85,9.52,55519232,524961664.0
2015-09-07,sh.600008,9.56,9.97,9.18,9.21,34761394,334642944.0
2015-09-08,sh.600008,9.21,9.67,8.91,9.65,23422436,217221469.0
2015-09-09,sh.600008,9.65,9.99,9.56,9.93,33935722,333384320.0
2015-09-10,sh.600008,9.71,9.86,9.45,9.47,21308974,206432256.0
2015-09-11,sh.600008,9.55,9.8,9.5,9.59,16016948,154076879.0
2015-09-14,sh.600008,9.81,9.85,8.63,8.66,28421081,262126832.0
2015-09-15,sh.600008,8.49,8.75,8.13,8.27,23856276,201347135.0
2015-09-16,sh.600008,8.38,9.1,8.34,9.04,21196930,184376729.0
2015-09-17,sh.600008,8.8,9.23,8.67,8.69,24359557,218590345.0
2015-09-18,sh.600008,8.82,9.07,8.71,8.9,16235385,144586451.0
2015-09-21,sh.600008,8.77,9.12,8.66,9.1,22711546,202352024.0
2015-09-22,sh.600008,9.1,9.29,9.06,9.16,22231925,203878801.0
2015-09-23,sh.600008,9.01,9.18,8.89,8.96,18810102,169889482.0
2015-09-24,sh.600008,9.05,9.15,8.95,9.09,13547018,122480669.0
2015-09-25,sh.600008,9.06,9.49,8.8,9.21,36628468,338297824.0
2015-09-28,sh.600008,9.09,9.18,8.8,9.11,18741446,169032875.0
2015-09-29,sh.600008,8.9,8.98,8.75,8.8,14760019,130589637.0
2015-09-30,sh.600008,8.91,8.95,8.79,8.81,9500825,84062814.0
2015-10-08,sh.600008,9.12,9.27,9.05,9.15,22961578,210558772.0
2015-10-09,sh.600008,9.11,9.37,9.11,9.33,21951166,203537881.0
2015-10-12,sh.600008,9.46,9.95,9.41,9.79,35901146,348179648.0
2015-10-13,sh.600008,9.7,9.95,9.61,9.87,27436006,268197592.0
2015-10-14,sh.600008,9.86,9.9,9.58,9.58,25957016,252876566.0
2015-10-15,sh.600008,9.57,10.0,9.55,9.97,31293283,307335216.0
2015-10-16,sh.600008,10.15,10.97,10.09,10.97,55747564,597785584.0
2015-10-19,sh.600008,11.36,11.77,11.11,11.45,109920779,1248372640.0
2015-10-20,sh.600008,11.05,11.35,11.0,11.33,50094228,559889568.0
2015-10-21,sh.600008,11.34,11.55,10.21,10.23,64778961,710252944.0
2015-10-22,sh.600008,10.3,10.88,10.18,10.78,41827271,441283232.0
2015-10-23,sh.600008,10.86,11.5,10.65,11.3,64756669,715351616.0
2015-10-26,sh.600008,11.59,11.6,11.06,11.15,59405024,675423376.0
2015-10-27,sh.600008,11.03,11.19,10.35,11.0,43779603,471842240.0
2015-10-28,sh.600008,11.01,11.65,10.85,10.97,54640675,615817088.0
2015-10-29,sh.600008,11.02,11.16,10.74,10.99,32517531,355999072.0
2015-10-30,sh.600008,10.96,11.19,10.63,10.87,28690268,313230784.0
2015-11-02,sh.600008,10.66,10.94,10.47,10.5,25508120,272528192.0
2015-11-03,sh.600008,10.6,10.68,10.41,10.58,20594447,217267993.0
2015-11-04,sh.600008,10.65,11.16,10.62,11.15,42270239,461809504.0
2015-11-05,sh.600008,11.2,11.35,11.01,11.21,58516352,654364752.0
2015-11-06,sh.600008,11.26,11.48,11.15,11.38,50445154,570667968.0
2015-11-09,sh.600008,11.29,11.47,11.15,11.31,57174147,647790928.0
2015-11-10,sh.600008,11.34,11.65,11.0,11.05,64679995,736177248.0
2015-11-11,sh.600008,11.19,11.29,11.03,11.25,40366291,450189952.0
2015-11-12,sh.600008,11.28,11.31,10.9,11.09,40847245,452326864.0
2015-11-13,sh.600008,10.9,11.0,10.72,10.82,30141266,327276016.0
2015-11-16,sh.600008,10.62,11.2,10.6,11.18,30242753,330695648.0
2015-11-17,sh.600008,11.55,11.85,11.27,11.34,94667345,1086678752.0
2015-11-18,sh.600008,11.25,11.27,10.84,10.86,44181874,491041968.0
2015-11-19,sh.600008,10.94,11.2,10.84,11.17,27239627,300057344.0
2015-11-20,sh.600008,11.15,11.3,11.08,11.2,35441226,396436896.0
2015-11-23,sh.600008,11.22,11.26,10.93,10.97,31532686,350016304.0
2015-11-24,sh.600008,10.98,11.04,10.78,10.99,22674528,246769471.0
2015-11-25,sh.600008,10.93,11.09,10.91,11.07,24845776,273472576.0
2015-11-26,sh.600008,11.42,11.58,11.11,11.14,57599333,653254096.0
2015-11-27,sh.600008,11.14,11.26,10.19,10.38,38355162,415116448.0
2015-11-30,sh.600008,10.38,10.65,10.08,10.54,26256191,272741024.0
2015-12-01,sh.600008,10.58,10.93,10.45,10.77,28780587,308408640.0
2015-12-02,sh.600008,10.75,10.75,10.36,10.71,22580768,238599371.0
2015-12-03,sh.600008,10.73,10.9,10.67,10.77,18000371,193562182.0
2015-12-04,sh.600008,10.67,10.76,10.45,10.51,16982315,179842714.0
2015-12-07,sh.600008,10.52,10.69,10.5,10.58,13194963,139690277.0
2015-12-08,sh.600008,10.6,10.74,10.32,10.4,19377239,204045679.0
2015-12-09,sh.600008,10.3,10.38,10.12,10.16,15122658,154312378.0
2015-12-10,sh.600008,10.2,10.29,10.08,10.11,11893738,121110556.0
2015-12-11,sh.600008,10.11,10.19,10.05,10.1,10983298,111096883.0
2015-12-14,sh.600008,10.05,10.41,10.0,10.33,16783006,170979452.0
2015-12-15,sh.600008,10.33,10.55,10.3,10.38,14622638,152123871.0
2015-12-16,sh.600008,10.35,10.5,10.34,10.37,12412764,128880487.0
2015-12-17,sh.600008,10.39,10.54,10.38,10.53,22925783,240465342.0
2015-12-18,sh.600008,10.6,10.7,10.5,10.53,25356178,268191320.0
2015-12-21,sh.600008,10.48,10.66,10.45,10.64,19846243,210287736.0
2015-12-22,sh.600008,10.64,10.68,10.49,10.62,18597630,196766455.0
2015-12-23,sh.600008,10.63,10.89,10.58,10.68,29210913,313782992.0
2015-12-24,sh.600008,10.72,10.83,10.56,10.69,16486590,176222655.0
2015-12-25,sh.600008,10.73,10.83,10.67,10.75,13977702,150183470.0
2015-12-28,sh.600008,10.75,10.79,10.31,10.33,21590404,228224622.0
2015-12-29,sh.600008,10.38,10.41,10.17,10.39,13231155,136121637.0
2015-12-30,sh.600008,10.43,10.45,10.18,10.32,16382252,168500278.0
2015-12-31,sh.600008,10.31,10.37,10.18,10.19,12132946,124574562.0
2016-01-04,sh.600008,10.22,10.26,9.18,9.2,12829473,126455654.0
2016-01-05,sh.600008,8.9,9.45,8.85,9.25,22143668,203657021.0
2016-01-06,sh.600008,9.28,9.45,9.21,9.4,12115367,113144511.0
2016-01-07,sh.600008,9.32,9.32,8.46,8.47,5414226,47683701.0
2016-01-08,sh.600008,8.8,9.2,8.5,8.87,22887511,202609083.0
2016-01-11,sh.600008,8.72,8.92,8.19,8.21,22719992,195574193.0
2016-01-12,sh.600008,8.34,8.45,8.18,8.3,12116944,100728097.0
2016-01-13,sh.600008,8.35,8.44,7.9,7.97,16948058,139189188.0
2016-01-14,sh.600008,7.75,8.17,7.71,8.14,14232752,113793387.0
2016-01-15,sh.600008,8.12,8.13,7.67,7.69,13975373,110288817.0
2016-01-18,sh.600008,7.6,7.87,7.38,7.73,10124923,78177578.0
2016-01-19,sh.600008,7.73,8.01,7.68,7.96,13716882,108129423.0
2016-01-20,sh.600008,7.95,8.08,7.84,7.87,19999734,159282292.0
2016-01-21,sh.600008,7.77,7.96,7.6,7.62,14592609,113682375.0
2016-01-22,sh.600008,7.7,7.78,7.6,7.72,7523199,57975014.0
2016-01-25,sh.600008,7.76,7.92,7.76,7.82,8998168,70538110.0
2016-01-26,sh.600008,7.77,7.8,7.04,7.04,18342998,135983601.0
2016-01-27,sh.600008,7.1,7.19,6.6,6.91,18910153,129708304.0
2016-01-28,sh.600008,6.88,7.07,6.53,6.61,16149467,110285462.0
2016-01-29,sh.600008,6.66,6.9,6.59,6.86,14317013,97123991.0
2016-02-01,sh.600008,6.8,6.86,6.65,6.76,10392445,70182711.0
2016-02-02,sh.600008,6.76,6.98,6.72,6.95,11152481,77122281.0
2016-02-03,sh.600008,6.89,6.96,6.78,6.96,8622895,59182346.0
2016-02-04,sh.600008,6.96,7.17,6.92,7.09,14814019,104788360.0
2016-02-05,sh.600008,7.1,7.16,7.04,7.06,10795601,76623811.0
2016-02-15,sh.600008,6.83,6.99,6.75,6.95,10456717,71796096.0
2016-02-16,sh.600008,6.99,7.28,6.96,7.25,17515976,125687854.0
2016-02-17,sh.600008,7.25,7.45,7.14,7.41,20345689,148136114.0
2016-02-18,sh.600008,7.46,7.53,7.34,7.37,18612111,138411459.0
2016-02-19,sh.600008,7.37,7.45,7.31,7.38,9549418,70444388.0
2016-02-22,sh.600008,7.45,7.58,7.43,7.57,19396279,145530688.0
2016-02-23,sh.600008,7.59,7.63,7.31,7.48,16159108,121000372.0
2016-02-24,sh.600008,7.47,7.62,7.36,7.61,17107060,128397879.0
2016-02-25,sh.600008,7.6,8.26,7.55,7.75,74988905,587666864.0
2016-02-26,sh.600008,7.8,8.18,7.36,8.04,69329544,543579136.0
2016-02-29,sh.600008,7.88,7.98,7.24,7.24,47085304,349018176.0
2016-03-01,sh.600008,7.22,7.96,7.0,7.96,52936972,398452672.0
2016-03-02,sh.600008,7.88,8.37,7.79,8.32,67379438,546800096.0
2016-03-03,sh.600008,8.24,8.55,8.08,8.28,51716850,428371216.0
2016-03-04,sh.600008,8.15,8.29,7.77,7.87,38645792,309622496.0
2016-03-07,sh.600008,7.92,8.18,7.88,8.05,26605588,213946694.0
2016-03-08,sh.600008,7.99,8.02,7.58,7.94,26218966,203605226.0
2016-03-09,sh.600008,7.73,7.76,7.52,7.62,26614015,202896694.0
2016-03-10,sh.600008,7.61,7.8,7.45,7.51,15757912,119802390.0
2016-03-11,sh.600008,7.44,7.56,7.36,7.45,13189015,98231445.0
2016-03-14,sh.600008,7.55,7.82,7.52,7.68,21523084,165917174.0
2016-03-15,sh.600008,7.7,7.95,7.64,7.89,30914889,242132394.0
2016-03-16,sh.600008,7.84,7.94,7.64,7.68,17783485,137845675.0
2016-03-17,sh.600008,7.7,7.89,7.67,7.89,22710358,177273949.0
2016-03-18,sh.600008,7.92,8.09,7.86,8.06,33722920,269849248.0
2016-03-21,sh.600008,8.13,8.31,8.01,8.26,37141421,303403888.0
2016-03-22,sh.600008,8.17,8.2,8.06,8.12,23297089,189429104.0
2016-03-23,sh.600008,8.09,8.27,8.01,8.23,23604353,192711944.0
2016-03-24,sh.600008,8.13,8.22,8.01,8.05,18689572,151237225.0
2016-03-25,sh.600008,7.99,8.11,7.89,8.02,17237802,137994937.0
2016-03-28,sh.600008,8.06,8.12,7.88,8.01,17722726,142175348.0
2016-03-29,sh.600008,8.05,8.38,8.05,8.34,61841904,509709312.0
2016-03-30,sh.600008,8.3,8.57,8.13,8.53,84284821,703025584.0
2016-03-31,sh.600008,8.56,8.57,8.41,8.46,43734259,370936720.0
2016-04-01,sh.600008,8.46,8.66,8.41,8.6,41017875,350015264.0
2016-04-05,sh.600008,8.59,8.79,8.52,8.73,43064096,374585600.0
2016-04-06,sh.600008,8.68,8.73,8.58,8.7,33932254,293615680.0
2016-04-07,sh.600008,8.71,8.73,8.5,8.51,25150872,216179236.0
2016-04-08,sh.600008,8.47,8.58,8.41,8.51,18669327,158597009.0
2016-04-11,sh.600008,8.55,8.75,8.55,8.72,28975712,251766662.0
2016-04-12,sh.600008,8.7,8.71,8.49,8.58,16746775,143797255.0
2016-04-13,sh.600008,8.61,8.78,8.61,8.64,34158637,297532128.0
2016-04-14,sh.600008,8.7,8.71,8.62,8.7,17802337,154316370.0
2016-04-15,sh.600008,8.7,8.84,8.68,8.74,27617036,242181335.0
2016-04-18,sh.600008,8.68,8.7,8.57,8.59,16040131,138088737.0
2016-04-19,sh.600008,8.63,8.69,8.57,8.64,13314203,114917868.0
2016-04-20,sh.600008,8.65,8.69,8.0,8.15,30789704,255538006.0
2016-04-21,sh.600008,8.12,8.22,8.02,8.03,14458868,117650775.0
2016-04-22,sh.600008,8.0,8.11,7.95,8.11,10407673,83599931.0
2016-04-25,sh.600008,8.3,8.3,8.08,8.13,14701566,120212774.0
2016-04-26,sh.600008,8.06,8.21,8.06,8.18,12315418,100303890.0
2016-04-27,sh.600008,8.16,8.19,8.07,8.08,11293416,91969325.0
2016-04-28,sh.600008,8.11,8.23,8.07,8.16,13122312,106878717.0
2016-04-29,sh.600008,8.16,8.18,8.09,8.12,8178655,66498917.0
2016-05-03,sh.600008,8.12,8.33,8.11,8.32,15140365,124812261.0
2016-05-04,sh.600008,8.26,8.35,8.25,8.3,10870732,90245588.0
2016-05-05,sh.600008,8.3,8.45,8.25,8.4,13419718,112101614.0
2016-05-06,sh.600008,8.39,8.51,8.21,8.22,22583794,188476776.0
2016-05-09,sh.600008,8.17,8.18,7.86,7.91,14787304,118699229.0
2016-05-10,sh.600008,7.94,8.05,7.89,7.95,9770151,77758567.0
2016-05-11,sh.600008,8.09,8.12,7.94,7.96,7777834,62281132.0
2016-05-12,sh.600008,7.88,7.9,7.71,7.88,11426197,89268252.0
2016-05-13,sh.600008,7.88,7.94,7.78,7.88,6999026,55115683.0
2016-05-16,sh.600008,7.86,8.0,7.79,7.99,7370142,58294529.0
2016-05-17,sh.600008,8.13,8.44,8.07,8.34,31164514,257817511.0
2016-05-18,sh.600008,8.27,8.31,8.04,8.17,17337144,141920379.0
2016-05-19,sh.600008,8.22,8.28,8.12,8.16,13691135,112339162.0
2016-05-20,sh.600008,8.11,8.2,7.99,8.12,15250102,123524040.0
2016-05-23,sh.600008,4.06,4.19,4.05,4.07,22407262,91863184.0
2016-05-24,sh.600008,3.99,4.03,3.91,3.91,29263784,115240910.0
2016-05-25,sh.600008,3.94,3.97,3.86,3.87,18541604,72528920.0
2016-05-26,sh.600008,3.87,3.9,3.77,3.87,19147208,73191028.0
2016-05-27,sh.600008,3.86,3.87,3.79,3.83,15530785,59523361.0
2016-05-30,sh.600008,3.83,3.88,3.78,3.83,14455344,55319714.0
2016-05-31,sh.600008,3.83,4.01,3.81,4.0,37991079,149566821.0
2016-06-01,sh.600008,3.98,4.07,3.96,4.01,28495927,114682329.0
2016-06-02,sh.600008,4.0,4.02,3.96,4.0,20521085,81822982.0
2016-06-03,sh.600008,4.0,4.02,3.96,3.99,22277451,88679192.0
2016-06-06,sh.600008,3.99,4.01,3.95,3.97,15886766,63110056.0
2016-06-07,sh.600008,3.98,3.99,3.94,3.97,14803456,58716049.0
2016-06-08,sh.600008,3.98,4.0,3.94,3.94,19056034,75599097.0
2016-06-13,sh.600008,3.92,3.92,3.77,3.78,22721472,87568246.0
2016-06-14,sh.600008,3.78,3.82,3.76,3.79,14427828,54612898.0
2016-06-15,sh.600008,3.76,3.85,3.72,3.84,26948631,102519623.0
2016-06-16,sh.600008,3.83,3.83,3.75,3.77,22432320,84832354.0
2016-06-17,sh.600008,3.79,3.8,3.77,3.78,16560584,62690849.0
2016-06-20,sh.600008,3.78,3.79,3.72,3.76,13933542,52251671.0
2016-06-21,sh.600008,3.77,3.8,3.75,3.79,17098963,64538801.0
2016-06-22,sh.600008,3.77,3.97,3.76,3.91,42861049,166667158.0
2016-06-23,sh.600008,3.88,4.01,3.84,3.99,38088750,149398610.0
2016-06-24,sh.600008,4.0,4.0,3.8,3.87,28676345,112236474.0
2016-06-27,sh.600008,3.85,3.92,3.83,3.9,16511834,64363443.0
2016-06-28,sh.600008,3.9,3.95,3.86,3.93,20570978,80304457.0
2016-06-29,sh.600008,3.92,3.95,3.9,3.93,20152437,79186073.0
2016-06-30,sh.600008,3.93,3.94,3.89,3.89,14906410,58312992.0
2016-07-01,sh.600008,3.89,3.92,3.87,3.89,12311757,47925086.0
2016-07-04,sh.600008,3.89,3.98,3.87,3.96,28649215,113130723.0
2016-07-05,sh.600008,3.97,4.04,3.95,4.0,33034714,132040343.0
2016-07-06,sh.600008,4.0,4.09,3.97,4.05,42417154,171254370.0
2016-07-07,sh.600008,4.01,4.05,3.99,4.04,29055479,116825898.0
2016-07-08,sh.600008,4.02,4.05,3.99,4.01,21403159,85864362.0
2016-07-11,sh.600008,4.01,4.05,3.99,4.0,21692460,87091872.0
2016-07-12,sh.600008,3.99,4.07,3.96,4.06,39421954,158796560.0
2016-07-13,sh.600008,4.07,4.12,4.06,4.1,45546245,186484583.0
2016-07-14,sh.600008,4.11,4.11,4.06,4.08,18364637,74912387.0
2016-07-15,sh.600008,4.09,4.1,4.04,4.07,22710040,92452432.0
2016-07-18,sh.600008,4.07,4.14,4.03,4.1,33049940,135308900.0
2016-07-19,sh.600008,4.1,4.1,4.03,4.07,17013154,69058749.0
2016-07-20,sh.600008,4.05,4.07,4.03,4.05,16770053,67918293.0
2016-07-21,sh.600008,4.05,4.11,4.04,4.06,28609009,116667606.0
2016-07-22,sh.600008,4.05,4.06,3.99,3.99,28978845,116480609.0
2016-07-25,sh.600008,3.99,4.03,3.98,4.01,14852906,59422513.0
2016-07-26,sh.600008,4.01,4.06,3.99,4.06,19905746,80250372.0
2016-07-27,sh.600008,4.05,4.07,3.88,3.92,40611719,161346496.0
2016-07-28,sh.600008,3.92,3.96,3.9,3.96,16258484,63952178.0
2016-07-29,sh.600008,3.97,3.97,3.91,3.91,17259241,67777573.0
2016-08-01,sh.600008,3.91,3.92,3.85,3.86,13162443,50851130.0
2016-08-02,sh.600008,3.86,3.89,3.8,3.89,17853909,68700980.0
2016-08-03,sh.600008,3.87,3.9,3.85,3.88,10580050,41013547.0
2016-08-04,sh.600008,3.87,3.94,3.85,3.93,15357310,59739776.0
2016-08-05,sh.600008,3.91,3.94,3.89,3.91,12764674,49946575.0
2016-08-08,sh.600008,3.91,3.95,3.87,3.95,13498553,52909106.0
2016-08-09,sh.600008,3.95,4.06,3.93,4.02,43068022,172995815.0
2016-08-10,sh.600008,4.01,4.03,3.98,4.0,18832954,75351994.0
2016-08-11,sh.600008,4.0,4.0,3.96,3.96,15171448,60425573.0
2016-08-12,sh.600008,3.96,4.06,3.95,4.05,27864206,111977456.0
2016-08-15,sh.600008,4.05,4.17,4.03,4.12,76071419,312730208.0
2016-08-16,sh.600008,4.11,4.31,4.1,4.2,75105965,317408544.0
2016-08-17,sh.600008,4.18,4.28,4.14,4.19,42506119,178449136.0
2016-08-18,sh.600008,4.2,4.22,4.16,4.18,26418150,110507505.0
2016-08-19,sh.600008,4.17,4.22,4.14,4.18,28714746,119963949.0
2016-08-22,sh.600008,4.2,4.26,4.16,4.16,34386062,144715852.0
2016-08-23,sh.600008,4.16,4.17,4.11,4.14,21442162,88780602.0
2016-08-24,sh.600008,4.15,4.19,4.14,4.15,17100791,71232974.0
2016-08-25,sh.600008,4.24,4.28,4.18,4.2,71654154,302709952.0
2016-08-26,sh.600008,4.23,4.23,4.15,4.18,35046387,146258337.0
2016-08-29,sh.600008,4.18,4.34,4.15,4.29,94344990,402366208.0
2016-08-30,sh.600008,4.26,4.28,4.18,4.2,52325193,220633146.0
2016-08-31,sh.600008,4.19,4.21,4.14,4.16,39798911,165467308.0
2016-09-01,sh.600008,4.17,4.17,4.09,4.1,29923673,123776161.0
2016-09-02,sh.600008,4.1,4.15,4.09,4.11,19746300,81230895.0
2016-09-05,sh.600008,4.13,4.19,4.11,4.14,25499097,105940617.0
2016-09-06,sh.600008,4.15,4.34,4.1,4.3,112205611,476791168.0
2016-09-07,sh.600008,4.28,4.73,4.26,4.56,254073599,1155874720.0
2016-09-08,sh.600008,4.56,4.65,4.46,4.62,141901879,648591056.0
2016-09-09,sh.600008,4.61,4.62,4.5,4.51,81843993,371376352.0
2016-09-12,sh.600008,4.4,4.49,4.36,4.4,69043223,305283552.0
2016-09-13,sh.600008,4.44,4.5,4.39,4.46,63099932,280625664.0
2016-09-14,sh.600008,4.42,4.44,4.33,4.37,46081746,202027343.0
2016-09-19,sh.600008,4.38,4.42,4.36,4.41,30019721,131763782.0
2016-09-20,sh.600008,4.41,4.49,4.39,4.42,41243224,183034168.0
2016-09-21,sh.600008,4.41,4.41,4.35,4.38,30069388,131504936.0
2016-09-22,sh.600008,4.42,4.45,4.38,4.39,33917897,149420000.0
2016-09-23,sh.600008,4.41,4.45,4.38,4.39,30189451,133084026.0
2016-09-26,sh.600008,4.37,4.37,4.2,4.21,44032167,188467911.0
2016-09-27,sh.600008,4.19,4.24,4.13,4.24,29925387,125091488.0
2016-09-28,sh.600008,4.24,4.25,4.17,4.19,19367501,81156729.0
2016-09-29,sh.600008,4.2,4.21,4.16,4.18,19749039,82625100.0
2016-09-30,sh.600008,4.18,4.21,4.16,4.19,17097346,71553343.0
2016-10-10,sh.600008,4.21,4.31,4.21,4.3,27454216,117145446.0
2016-10-11,sh.600008,4.31,4.32,4.26,4.29,25266910,108301284.0
2016-10-12,sh.600008,4.29,4.29,4.24,4.29,23016958,98185587.0
2016-10-13,sh.600008,4.31,4.42,4.29,4.39,62410839,272766000.0
2016-10-14,sh.600008,4.37,4.41,4.33,4.38,35775393,156288291.0
2016-10-17,sh.600008,4.38,4.44,4.3,4.32,27370487,119492400.0
2016-10-18,sh.600008,4.32,4.38,4.28,4.38,26312680,114056705.0
2016-10-19,sh.600008,4.39,4.4,4.33,4.37,21343035,92905322.0
2016-10-20,sh.600008,4.37,4.41,4.32,4.38,27471697,119977357.0
2016-10-21,sh.600008,4.38,4.38,4.31,4.34,24715372,107241020.0
2016-10-24,sh.600008,4.34,4.38,4.31,4.37,29693828,129413399.0
2016-10-25,sh.600008,4.37,4.39,4.35,4.36,20321423,88710857.0
2016-10-26,sh.600008,4.37,4.37,4.28,4.29,38693520,166698173.0
2016-10-27,sh.600008,4.29,4.31,4.27,4.29,16421136,70332583.0
2016-10-28,sh.600008,4.29,4.31,4.24,4.25,18620677,79515967.0
2016-10-31,sh.600008,4.25,4.26,4.2,4.24,14098958,59607573.0
2016-11-01,sh.600008,4.25,4.3,4.24,4.29,17605257,75203042.0
2016-11-02,sh.600008,4.27,4.28,4.2,4.21,21817592,92334350.0
2016-11-03,sh.600008,4.2,4.26,4.19,4.24,19194683,81248199.0
2016-11-04,sh.600008,4.24,4.26,4.22,4.23,16332126,69261550.0
2016-11-07,sh.600008,4.24,4.26,4.22,4.24,14631566,62046487.0
2016-11-08,sh.600008,4.24,4.27,4.23,4.25,20317850,86412290.0
2016-11-09,sh.600008,4.25,4.26,4.16,4.18,28258640,118677743.0
2016-11-10,sh.600008,4.21,4.24,4.21,4.22,20695182,87392070.0
2016-11-11,sh.600008,4.22,4.26,4.22,4.26,27385798,116088238.0
2016-11-14,sh.600008,4.27,4.31,4.23,4.3,39724532,170320760.0
2016-11-15,sh.600008,4.3,4.32,4.25,4.31,34985995,149699696.0
2016-11-16,sh.600008,4.31,4.32,4.27,4.29,27204022,116772458.0
2016-11-17,sh.600008,4.28,4.29,4.25,4.28,19156268,81701985.0
2016-11-18,sh.600008,4.28,4.32,4.27,4.28,28985369,124625058.0
2016-11-21,sh.600008,4.28,4.3,4.26,4.29,28336663,121379181.0
2016-11-22,sh.600008,4.29,4.39,4.28,4.35,45438460,197078707.0
2016-11-23,sh.600008,4.34,4.36,4.3,4.31,32418385,140475578.0
2016-11-24,sh.600008,4.31,4.34,4.28,4.29,20979352,90365136.0
2016-11-25,sh.600008,4.3,4.42,4.29,4.41,87957251,385183136.0
2016-11-28,sh.600008,4.4,4.41,4.35,4.38,55916136,244915971.0
2016-11-29,sh.600008,4.38,4.41,4.35,4.38,44404435,194497466.0
2016-11-30,sh.600008,4.39,4.39,4.29,4.32,36016996,155862981.0
2016-12-01,sh.600008,4.3,4.39,4.29,4.35,32510188,141064210.0
2016-12-02,sh.600008,4.34,4.35,4.26,4.26,29553027,126864977.0
2016-12-05,sh.600008,4.24,4.3,4.23,4.24,21757105,92569264.0
2016-12-06,sh.600008,4.26,4.28,4.24,4.26,13751588,58539385.0
2016-12-07,sh.600008,4.25,4.27,4.23,4.27,16495972,70143968.0
2016-12-08,sh.600008,4.28,4.31,4.24,4.25,23982148,102430028.0
2016-12-09,sh.600008,4.25,4.26,4.22,4.23,20620011,87294079.0
2016-12-12,sh.600008,4.23,4.25,4.07,4.08,37569636,155613421.0
2016-12-13,sh.600008,4.07,4.12,4.04,4.09,18603609,75835062.0
2016-12-14,sh.600008,4.09,4.11,4.07,4.09,13563411,55438716.0
2016-12-15,sh.600008,4.08,4.11,4.06,4.09,12982513,53031520.0
2016-12-16,sh.600008,4.09,4.11,4.08,4.1,13822347,56622816.0
2016-12-19,sh.600008,4.11,4.12,4.08,4.1,10262848,42097891.0
2016-12-20,sh.600008,4.1,4.13,4.08,4.1,12475278,51181278.0
2016-12-21,sh.600008,4.11,4.23,4.1,4.19,31261407,130174647.0
2016-12-22,sh.600008,4.19,4.2,4.14,4.17,17251683,71762940.0
2016-12-23,sh.600008,4.18,4.19,4.12,4.13,11683887,48426685.0
2016-12-26,sh.600008,4.14,4.16,4.09,4.15,12257521,50589583.0
2016-12-27,sh.600008,4.17,4.23,4.16,4.19,18588065,77886398.0
2016-12-28,sh.600008,4.17,4.18,4.13,4.17,12463912,51793368.0
2016-12-29,sh.600008,4.17,4.17,4.1,4.12,13765931,56862607.0
2016-12-30,sh.600008,4.12,4.14,4.1,4.11,8991370,37001216.0
2017-01-03,sh.600008,4.1,4.15,4.1,4.14,9960015,41138605.0
2017-01-04,sh.600008,4.15,4.17,4.12,4.17,11302581,46868881.0
2017-01-05,sh.600008,4.17,4.18,4.14,4.16,12915149,53690564.0
2017-01-06,sh.600008,4.15,4.24,4.14,4.19,31021833,130016159.0
2017-01-09,sh.600008,4.19,4.21,4.15,4.21,20244191,84575671.0
2017-01-10,sh.600008,4.2,4.2,4.15,4.18,20060467,83593452.0
2017-01-11,sh.600008,4.17,4.17,4.11,4.12,21827768,90324350.0
2017-01-12,sh.600008,4.13,4.14,4.09,4.1,14113949,58044477.0
2017-01-13,sh.600008,4.1,4.14,4.07,4.12,15116538,61897396.0
2017-01-16,sh.600008,4.09,4.2,4.04,4.16,58312046,241179926.0
2017-01-17,sh.600008,4.14,4.17,4.11,4.15,10398039,43052507.0
2017-01-18,sh.600008,4.14,4.18,4.12,4.15,12613285,52462522.0
2017-01-19,sh.600008,4.14,4.17,4.13,4.14,8988500,37306445.0
2017-01-20,sh.600008,4.13,4.18,4.13,4.17,11934666,49698423.0
2017-01-23,sh.600008,4.16,4.19,4.15,4.18,13856796,57779553.0
2017-01-24,sh.600008,4.17,4.18,4.15,4.17,8533515,35559193.0
2017-01-25,sh.600008,4.17,4.18,4.16,4.17,8179393,34121621.0
2017-01-26,sh.600008,4.17,4.19,4.17,4.18,9822587,41055782.0
2017-02-03,sh.600008,4.18,4.19,4.15,4.15,6562200,27342410.0
2017-02-06,sh.600008,4.15,4.18,4.14,4.18,25962289,107990868.0
2017-02-07,sh.600008,4.17,4.17,4.14,4.15,10962026,45561304.0
2017-02-08,sh.600008,4.14,4.17,4.14,4.17,13969362,57979942.0
2017-02-09,sh.600008,4.17,4.22,4.16,4.2,30313413,127327852.0
2017-02-10,sh.600008,4.2,4.24,4.18,4.22,30581387,128913594.0
2017-02-13,sh.600008,4.22,4.29,4.22,4.25,26912272,114492228.0
2017-02-14,sh.600008,4.25,4.26,4.2,4.24,24833609,104891556.0
2017-02-15,sh.600008,4.23,4.3,4.22,4.29,48620552,207379970.0
2017-02-16,sh.600008,4.29,4.32,4.25,4.31,42935290,184195234.0
2017-02-17,sh.600008,4.3,4.32,4.25,4.25,32307823,138229485.0
2017-02-20,sh.600008,4.26,4.31,4.25,4.28,40964921,175475227.0
2017-02-21,sh.600008,4.28,4.34,4.28,4.33,54808822,236263608.0
2017-03-06,sh.600008,4.36,4.44,4.29,4.32,97624743,425084096.0
2017-03-07,sh.600008,4.29,4.34,4.26,4.28,39257853,168323820.0
2017-03-08,sh.600008,4.28,4.71,4.23,4.53,138593753,622993760.0
2017-03-09,sh.600008,4.47,4.5,4.39,4.4,81555723,361977376.0
2017-03-10,sh.600008,4.4,4.45,4.35,4.36,44928027,197369848.0
2017-03-13,sh.600008,4.35,4.42,4.34,4.37,54875380,240462413.0
2017-03-14,sh.600008,4.38,4.39,4.31,4.34,38283417,166133653.0
2017-03-15,sh.600008,4.32,4.39,4.29,4.39,42444072,184202263.0
2017-03-16,sh.600008,4.38,4.42,4.36,4.36,50362320,220383761.0
2017-03-17,sh.600008,4.36,4.37,4.27,4.3,39807023,172309830.0
2017-03-20,sh.600008,4.29,4.32,4.28,4.31,19657048,84525098.0
2017-03-21,sh.600008,4.3,4.35,4.28,4.33,21176516,91369620.0
2017-03-22,sh.600008,4.3,4.32,4.27,4.29,23132877,99256183.0
2017-03-23,sh.600008,4.3,4.32,4.24,4.28,23269596,99708478.0
2017-03-24,sh.600008,4.28,4.32,4.25,4.31,25699434,110146720.0
2017-03-27,sh.600008,4.32,4.34,4.29,4.3,21498269,92683664.0
2017-03-28,sh.600008,4.3,4.31,4.27,4.28,14762138,63236268.0
2017-03-29,sh.600008,4.27,4.31,4.26,4.28,18835884,80708299.0
2017-03-30,sh.600008,4.28,4.29,4.21,4.22,28117744,119242986.0
2017-03-31,sh.600008,4.22,4.26,4.22,4.26,18290049,77639473.0
2017-04-05,sh.600008,4.69,4.69,4.69,4.69,69923098,327939328.0
2017-04-06,sh.600008,5.16,5.16,4.9,5.16,576383424,2935222192.0
2017-04-07,sh.600008,4.99,5.68,4.93,5.68,364245088,1912217536.0
2017-04-10,sh.600008,6.25,6.25,6.25,6.25,37218980,232618625.0
2017-04-11,sh.600008,6.88,6.88,6.88,6.88,14260411,98111628.0
2017-04-12,sh.600008,7.57,7.57,7.48,7.57,313692448,2374180832.0
2017-04-13,sh.600008,7.6,8.33,7.58,8.33,981078016,7836580864.0
2017-04-18,sh.600008,7.69,8.05,7.5,7.5,622225248,4776348928.0
2017-04-19,sh.600008,7.25,7.56,6.86,7.3,534545248,3847500480.0
2017-04-20,sh.600008,7.3,7.38,6.78,7.02,484105024,3451061136.0
2017-04-21,sh.600008,6.83,7.0,6.32,6.32,478149712,3145480224.0
2017-04-24,sh.600008,6.22,6.58,6.18,6.29,364563104,2310799840.0
2017-04-25,sh.600008,6.28,6.88,6.08,6.56,543805520,3545056480.0
2017-04-26,sh.600008,6.38,7.22,6.32,7.22,546027776,3733705200.0
2017-04-27,sh.600008,7.45,7.94,7.31,7.38,926721328,7069356288.0
2017-04-28,sh.600008,7.24,7.65,7.21,7.51,557054576,4150643680.0
2017-05-02,sh.600008,7.51,7.84,7.28,7.79,549642960,4156100352.0
2017-05-03,sh.600008,7.58,7.61,7.08,7.11,461936960,3389885968.0
2017-05-04,sh.600008,6.99,7.82,6.95,7.7,804118448,6146013184.0
2017-05-05,sh.600008,7.55,7.7,7.22,7.49,472772096,3520501936.0
2017-05-08,sh.600008,7.46,7.54,6.87,6.93,377131664,2730233040.0
2017-05-09,sh.600008,6.91,7.04,6.7,6.94,320426672,2199787824.0
2017-05-10,sh.600008,6.88,6.95,6.32,6.43,345590320,2286701504.0
2017-05-11,sh.600008,6.48,6.85,6.36,6.79,363068160,2401129616.0
2017-05-12,sh.600008,6.72,7.47,6.59,7.15,545403120,3843663888.0
2017-05-15,sh.600008,7.06,7.38,7.01,7.07,398835264,2856561792.0
2017-05-16,sh.600008,6.93,7.78,6.85,7.78,554248464,4140317664.0
2017-05-17,sh.600008,8.26,8.44,7.92,8.11,727303824,5916158464.0
2017-05-18,sh.600008,7.95,8.28,7.53,7.85,576100736,4550405120.0
2017-05-19,sh.600008,7.75,7.88,7.52,7.76,346571984,2672072304.0
2017-05-22,sh.600008,7.61,7.9,7.41,7.75,340064464,2605412240.0
2017-05-23,sh.600008,7.66,7.83,6.98,7.06,366030192,2715023088.0
2017-05-24,sh.600008,6.85,7.17,6.73,7.15,253365501,1774394656.0
2017-05-25,sh.600008,7.08,7.34,6.81,7.22,289237552,2052126688.0
2017-05-26,sh.600008,7.2,7.5,7.03,7.07,262607852,1912840480.0
2017-05-31,sh.600008,7.09,7.11,6.85,6.96,165607595,1159226704.0
2017-06-01,sh.600008,6.87,6.93,6.41,6.45,230697340,1530491360.0
2017-06-02,sh.600008,6.43,6.68,6.4,6.6,155341369,1019130752.0
2017-06-05,sh.600008,6.6,6.76,6.57,6.63,121498088,810325568.0
2017-06-06,sh.600008,6.58,6.67,6.44,6.6,125239149,821315664.0
2017-06-07,sh.600008,6.58,7.26,6.57,7.14,455686528,3203012016.0
2017-06-08,sh.600008,7.06,7.13,6.97,7.03,266280161,1872761968.0
2017-06-09,sh.600008,7.0,7.06,6.79,6.97,211429177,1466484656.0
2017-06-12,sh.600008,6.9,7.19,6.88,7.02,232778757,1646750704.0
2017-06-13,sh.600008,7.02,7.09,6.92,7.08,138331880,970191280.0
2017-06-14,sh.600008,7.05,7.11,6.91,6.92,128977434,900273120.0
2017-06-15,sh.600008,6.9,7.04,6.88,6.94,123397117,857688144.0
2017-06-16,sh.600008,6.92,7.28,6.91,7.1,297302272,2124042752.0
2017-06-19,sh.600008,7.07,7.1,6.93,7.03,142407352,996510912.0
2017-06-20,sh.600008,7.06,7.27,7.03,7.15,270046032,1936387696.0
2017-06-21,sh.600008,7.16,7.32,7.11,7.23,195091256,1407462960.0
2017-06-22,sh.600008,7.25,7.34,6.95,6.97,226867457,1621032560.0
2017-06-23,sh.600008,6.91,6.97,6.7,6.88,186710139,1276096144.0
2017-06-26,sh.600008,6.88,6.92,6.75,6.92,114653491,786468096.0
2017-06-27,sh.600008,6.91,7.04,6.88,6.9,135763024,942842592.0
2017-06-28,sh.600008,6.85,6.86,6.66,6.7,148632907,1000077200.0
2017-06-29,sh.600008,6.67,6.81,6.66,6.71,94166923,634079120.0
2017-06-30,sh.600008,6.68,6.69,6.51,6.58,124136844,817261808.0
2017-07-03,sh.600008,6.6,6.71,6.59,6.64,74850936,497235808.0
2017-07-04,sh.600008,6.65,6.71,6.6,6.63,74766451,497640848.0
2017-07-05,sh.600008,6.61,6.63,6.48,6.6,101011496,660391408.0
2017-07-06,sh.600008,6.58,6.63,6.49,6.5,95031802,621188720.0
2017-07-07,sh.600008,6.49,6.55,6.4,6.42,98896167,637912512.0
2017-07-10,sh.600008,6.4,6.45,6.35,6.41,85007040,544327312.0
2017-07-11,sh.600008,6.4,6.43,6.14,6.16,123154263,772276672.0
2017-07-12,sh.600008,6.16,6.21,5.83,6.13,157135881,946644048.0
2017-07-13,sh.600008,6.05,6.09,5.95,5.99,77945004,469321136.0
2017-07-14,sh.600008,6.0,6.12,5.97,6.0,63355864,382533488.0
2017-07-17,sh.600008,6.01,6.02,5.4,5.52,130685351,736497680.0
2017-07-18,sh.600008,5.48,5.63,5.43,5.59,74096558,411465760.0
2017-07-19,sh.600008,5.56,5.64,5.54,5.64,79641044,446455504.0
2017-07-20,sh.600008,5.63,5.73,5.6,5.66,75013549,426041152.0
2017-07-21,sh.600008,5.63,5.94,5.58,5.83,131451088,762352976.0
2017-07-24,sh.600008,5.83,6.15,5.8,6.06,145546265,873336416.0
2017-07-25,sh.600008,6.01,6.04,5.88,5.91,87944605,521695520.0
2017-07-26,sh.600008,5.92,6.0,5.88,5.94,63743319,378031344.0
2017-07-27,sh.600008,5.94,5.96,5.86,5.9,57962749,342069280.0
2017-07-28,sh.600008,5.88,5.9,5.81,5.82,51046078,298122128.0
2017-07-31,sh.600008,5.83,5.95,5.8,5.88,61449464,361168496.0
2017-08-01,sh.600008,5.94,6.28,5.93,6.18,202763931,1242209664.0
2017-08-02,sh.600008,6.14,6.45,6.1,6.28,206338884,1287255936.0
2017-08-03,sh.600008,6.27,6.42,6.16,6.18,137331565,861712304.0
2017-08-04,sh.600008,6.18,6.29,6.11,6.12,91801153,567786336.0
2017-08-07,sh.600008,6.11,6.33,6.08,6.24,99064094,618383184.0
2017-08-08,sh.600008,6.38,6.45,6.2,6.24,118763044,748504816.0
2017-08-09,sh.600008,6.23,6.37,6.16,6.28,106940489,673829392.0
2017-08-10,sh.600008,6.29,6.29,6.08,6.14,97841781,603637104.0
2017-08-11,sh.600008,6.11,6.3,6.06,6.16,117113542,724611872.0
2017-08-14,sh.600008,6.2,6.78,6.2,6.78,392691008,2603156624.0
2017-08-15,sh.600008,6.89,7.04,6.78,6.84,419603760,2891960064.0
2017-08-16,sh.600008,6.8,6.84,6.66,6.68,218375756,1467795888.0
2017-08-17,sh.600008,6.72,7.02,6.67,6.92,291713760,2003195456.0
2017-08-18,sh.600008,6.83,7.08,6.81,6.84,234232493,1625441344.0
2017-08-21,sh.600008,6.87,6.9,6.73,6.88,135657730,921962720.0
2017-08-22,sh.600008,6.95,7.02,6.75,6.82,146330747,1006001504.0
2017-08-23,sh.600008,6.7,6.81,6.56,6.59,135349854,904517696.0
2017-08-24,sh.600008,6.62,6.73,6.57,6.64,92770832,615923840.0
2017-08-25,sh.600008,6.64,6.73,6.52,6.71,107370135,712284672.0
2017-08-28,sh.600008,6.7,6.86,6.67,6.82,134029215,908999424.0
2017-08-29,sh.600008,6.84,6.87,6.69,6.77,120893546,818358160.0
2017-08-30,sh.600008,6.76,6.81,6.69,6.72,94867124,639053296.0
2017-08-31,sh.600008,6.67,6.7,6.56,6.64,126576577,836258832.0
2017-09-01,sh.600008,6.67,6.86,6.65,6.71,139857207,944164912.0
2017-09-04,sh.600008,6.67,6.87,6.63,6.86,194386606,1322946480.0
2017-09-05,sh.600008,6.85,6.92,6.68,6.8,151258399,1027844080.0
2017-09-06,sh.600008,6.75,6.8,6.7,6.76,75579748,509279424.0
2017-09-07,sh.600008,6.78,6.84,6.69,6.71,117954672,799101616.0
2017-09-08,sh.600008,6.71,6.77,6.62,6.7,108957070,728558176.0
2017-09-11,sh.600008,6.66,6.85,6.62,6.82,214691837,1454034544.0
2017-09-12,sh.600008,6.82,7.04,6.77,6.96,327221664,2264956930.0
2017-09-13,sh.600008,6.93,7.03,6.85,6.92,215735450,1492357839.0
2017-09-14,sh.600008,6.9,6.96,6.71,6.78,192573144,1313359544.0
2017-09-15,sh.600008,6.73,6.78,6.66,6.66,102876800,690072062.0
2017-09-18,sh.600008,6.65,6.71,6.61,6.64,68167025,452670714.0
2017-09-19,sh.600008,6.68,6.7,6.61,6.64,57804682,384619627.0
2017-09-20,sh.600008,6.63,6.66,6.46,6.63,93913538,617435847.0
2017-09-21,sh.600008,6.6,6.6,6.43,6.44,76662500,499467086.0
2017-09-22,sh.600008,6.48,6.56,6.32,6.34,67312296,434311007.0
2017-09-25,sh.600008,6.3,6.4,6.25,6.26,47444100,299740645.0
2017-09-26,sh.600008,6.3,6.35,6.27,6.32,40168597,253613152.0
2017-09-27,sh.600008,6.35,6.36,6.28,6.3,36447422,229923165.0
2017-09-28,sh.600008,6.32,6.38,6.27,6.29,53496544,337981388.0
2017-09-29,sh.600008,6.34,6.41,6.32,6.4,58083251,370001474.0
2017-10-09,sh.600008,6.45,6.5,6.38,6.41,49376719,317432555.0
2017-10-10,sh.600008,6.4,6.42,6.33,6.4,41234292,262608198.0
2017-10-11,sh.600008,6.39,6.39,6.19,6.21,74963104,470272729.0
2017-10-12,sh.600008,6.21,6.28,6.16,6.2,41584715,258242575.0
2017-10-13,sh.600008,6.2,6.49,6.13,6.47,134984683,859196873.0
2017-10-16,sh.600008,6.48,6.5,6.25,6.26,75095333,476399690.0
2017-10-17,sh.600008,6.24,6.35,6.2,6.25,33736489,211364865.0
2017-10-18,sh.600008,6.29,6.44,6.26,6.27,61315082,388745811.0
2017-10-19,sh.600008,6.25,6.25,6.06,6.08,62646366,383815161.0
2017-10-20,sh.600008,6.05,6.11,6.02,6.1,34448900,209458869.0
2017-10-23,sh.600008,6.11,6.32,6.07,6.25,67999417,423906638.0
2017-10-24,sh.600008,6.23,6.24,6.11,6.17,43596133,268309340.0
2017-10-25,sh.600008,6.18,6.26,6.15,6.18,36815157,228376463.0
2017-10-26,sh.600008,6.18,6.21,6.13,6.16,34988072,215641880.0
2017-10-27,sh.600008,6.17,6.18,6.07,6.11,40408694,247062916.0
2017-10-30,sh.600008,6.12,6.13,5.83,5.91,58066317,343919679.0
2017-10-31,sh.600008,5.91,5.95,5.85,5.89,30381813,179019741.0
2017-11-01,sh.600008,5.9,5.92,5.82,5.83,37056905,216903488.0
2017-11-02,sh.600008,5.85,5.87,5.69,5.77,49834708,287459418.0
2017-11-03,sh.600008,5.73,5.75,5.57,5.63,43484366,245770341.0
2017-11-06,sh.600008,5.63,5.7,5.52,5.69,36599092,205875704.0
2017-11-07,sh.600008,5.72,5.73,5.63,5.72,36806840,209244826.0
2017-11-08,sh.600008,5.7,5.74,5.68,5.7,30045100,171627299.0
2017-11-09,sh.600008,5.69,5.71,5.65,5.68,26739448,151810223.0
2017-11-10,sh.600008,5.68,5.68,5.56,5.59,41999760,235246946.0
2017-11-13,sh.600008,5.59,5.61,5.51,5.55,33980609,188347977.0
2017-11-14,sh.600008,5.55,5.71,5.53,5.63,55883142,315407998.0
2017-11-15,sh.600008,5.59,5.64,5.54,5.55,28572056,159232905.0
2017-11-16,sh.600008,5.53,5.57,5.45,5.46,35286915,194326565.0
2017-11-17,sh.600008,5.49,5.5,5.15,5.21,57481114,305007470.0
2017-11-20,sh.600008,5.16,5.22,5.12,5.21,26942026,139229025.0
2017-11-21,sh.600008,5.2,5.25,5.15,5.2,26837419,139698226.0
2017-11-22,sh.600008,5.2,5.23,5.15,5.21,29670240,154063128.0
2017-11-23,sh.600008,5.19,5.62,5.15,5.29,96019270,518849582.0
2017-11-24,sh.600008,5.23,5.5,5.19,5.44,77119172,415638138.0
2017-11-27,sh.600008,5.43,5.54,5.39,5.44,58601603,320766700.0
2017-11-28,sh.600008,5.47,5.62,5.41,5.51,48271474,265768568.0
2017-11-29,sh.600008,5.53,5.55,5.4,5.47,40615461,221949649.0
2017-11-30,sh.600008,5.4,5.45,5.31,5.32,37518548,201516030.0
2017-12-01,sh.600008,5.32,5.4,5.32,5.39,22078056,118618890.0
2017-12-04,sh.600008,5.36,5.38,5.22,5.23,30259193,160079056.0
2017-12-05,sh.600008,5.24,5.28,5.11,5.15,32791726,170053293.0
2017-12-06,sh.600008,5.15,5.24,5.11,5.18,26568164,137383171.0
2017-12-07,sh.600008,5.18,5.23,5.14,5.15,21907894,113402513.0
2017-12-08,sh.600008,5.15,5.26,5.14,5.2,27492343,142916685.0
2017-12-11,sh.600008,5.18,5.25,5.17,5.23,27789240,144871903.0
2017-12-12,sh.600008,5.23,5.24,5.16,5.17,18914931,98170857.0
2017-12-13,sh.600008,5.17,5.24,5.13,5.22,22740611,118372947.0
2017-12-14,sh.600008,5.23,5.27,5.17,5.23,28339219,148149785.0
2017-12-15,sh.600008,5.22,5.34,5.2,5.31,55921841,295220162.0
2017-12-18,sh.600008,5.28,5.3,5.21,5.24,26787483,140582634.0
2017-12-19,sh.600008,5.24,5.3,5.21,5.29,30632046,161174375.0
2017-12-20,sh.600008,5.31,5.32,5.16,5.18,30682987,160358334.0
2017-12-21,sh.600008,5.21,5.22,5.16,5.2,24460449,127036589.0
2017-12-22,sh.600008,5.23,5.24,5.17,5.19,21077824,109641829.0
2017-12-25,sh.600008,5.17,5.19,5.05,5.06,34243742,175158950.0
2017-12-26,sh.600008,5.06,5.15,5.04,5.14,26612040,135663875.0
2017-12-27,sh.600008,5.15,5.18,5.1,5.11,27304481,140084251.0
2017-12-28,sh.600008,5.09,5.17,5.07,5.13,25796464,132109594.0
2017-12-29,sh.600008,5.15,5.16,5.11,5.14,17999569,92268432.0
2018-01-02,sh.600008,5.15,5.22,5.13,5.2,35174413,182126121.0
2018-01-03,sh.600008,5.3,5.72,5.29,5.72,142584075,794406698.0
2018-01-04,sh.600008,6.01,6.07,5.76,5.81,291475184,1723203348.0
2018-01-05,sh.600008,5.66,5.79,5.61,5.73,154515111,878840735.0
2018-01-08,sh.600008,5.64,5.72,5.63,5.66,78992003,447402918.0
2018-01-09,sh.600008,5.67,5.73,5.54,5.61,78993998,442781947.0
2018-01-10,sh.600008,5.56,5.58,5.47,5.5,54161625,298634156.0
2018-01-11,sh.600008,5.48,5.48,5.4,5.46,43902911,239009959.0
2018-01-12,sh.600008,5.44,5.55,5.43,5.47,49430288,271596215.0
2018-01-15,sh.600008,5.49,5.5,5.3,5.32,46877722,252511163.0
2018-01-16,sh.600008,5.28,5.38,5.27,5.37,35133207,187071212.0
2018-01-17,sh.600008,5.39,5.48,5.28,5.45,64575525,348757501.0
2018-01-18,sh.600008,5.43,5.48,5.4,5.41,31967348,173491764.0
2018-01-19,sh.600008,5.41,5.51,5.38,5.46,46505976,253884617.0
2018-01-22,sh.600008,5.49,5.53,5.4,5.48,45707977,249537672.0
2018-01-23,sh.600008,5.47,5.51,5.43,5.48,43267581,236638115.0
2018-01-24,sh.600008,5.46,5.55,5.39,5.5,62650065,343228471.0
2018-01-25,sh.600008,5.47,5.58,5.44,5.51,59794239,330118665.0
2018-01-26,sh.600008,5.51,5.56,5.43,5.44,39157677,214828657.0
2018-01-29,sh.600008,5.45,5.48,5.29,5.31,45444450,244122990.0
2018-01-30,sh.600008,5.3,5.34,5.25,5.27,25766418,136307068.0
2018-01-31,sh.600008,5.27,5.28,5.16,5.17,34805800,180900428.0
2018-02-01,sh.600008,5.2,5.22,4.99,5.0,48676883,247878541.0
2018-02-02,sh.600008,5.0,5.06,4.88,5.05,28954059,144126271.0
2018-02-05,sh.600008,5.06,5.06,4.97,5.02,28116591,140885790.0
2018-02-06,sh.600008,4.95,4.95,4.6,4.62,50612781,243156927.0
2018-02-07,sh.600008,4.72,4.75,4.54,4.64,32344935,150544558.0
2018-02-08,sh.600008,4.64,4.72,4.6,4.69,21295529,99781723.0
2018-02-09,sh.600008,4.58,4.64,4.29,4.44,37247861,167323368.0
2018-02-12,sh.600008,4.47,4.53,4.45,4.5,17216682,77448289.0
2018-02-13,sh.600008,4.55,4.74,4.53,4.6,29488305,136418471.0
2018-02-14,sh.600008,4.6,4.65,4.58,4.64,19847182,91766682.0
2018-02-22,sh.600008,4.7,5.01,4.64,4.87,59115515,285653255.0
2018-02-23,sh.600008,5.0,5.14,4.9,4.93,82327232,412486499.0
2018-02-26,sh.600008,5.0,5.05,4.88,5.04,58959270,293719727.0
2018-02-27,sh.600008,5.04,5.04,4.94,4.96,43203335,215258495.0
2018-02-28,sh.600008,4.9,5.04,4.89,4.97,39053109,194732054.0
2018-03-01,sh.600008,4.92,5.0,4.92,4.97,30583320,151752739.0
2018-03-02,sh.600008,4.94,5.04,4.92,5.01,40779057,203998632.0
2018-03-05,sh.600008,5.0,5.02,4.95,4.98,26159776,130246776.0
2018-03-06,sh.600008,4.99,5.09,4.97,5.06,44873904,225952662.0
2018-03-07,sh.600008,5.03,5.05,4.97,4.98,31561817,157858184.0
2018-03-08,sh.600008,4.97,5.43,4.94,5.3,136526419,709710778.0
2018-03-09,sh.600008,5.28,5.38,5.17,5.24,102205098,538694984.0
2018-03-12,sh.600008,5.2,5.28,5.14,5.25,63009242,326820741.0
2018-03-13,sh.600008,5.22,5.24,5.16,5.17,32545407,169096019.0
2018-03-14,sh.600008,5.17,5.2,5.11,5.12,30980442,159380866.0
2018-03-15,sh.600008,5.11,5.25,5.08,5.13,36619743,188753697.0
2018-03-16,sh.600008,5.1,5.13,5.05,5.06,24300993,123675301.0
2018-03-19,sh.600008,5.1,5.16,5.06,5.1,26737204,136889892.0
2018-03-20,sh.600008,5.08,5.15,5.0,5.11,38969030,197725348.0
2018-03-21,sh.600008,5.1,5.19,5.05,5.11,33877354,173318551.0
2018-03-22,sh.600008,5.06,5.13,5.02,5.12,33481559,170456143.0
2018-03-23,sh.600008,5.02,5.13,4.8,5.12,123161286,621644085.0
2018-03-26,sh.600008,5.02,5.17,4.91,5.15,41149916,208993928.0
2018-03-27,sh.600008,5.22,5.23,5.15,5.19,50053405,259448009.0
2018-03-28,sh.600008,5.12,5.45,5.11,5.33,121123453,645220322.0
2018-03-29,sh.600008,5.29,5.39,5.21,5.26,83255423,440166254.0
2018-03-30,sh.600008,5.29,5.44,5.26,5.35,71481873,382911156.0
2018-04-02,sh.600008,5.35,5.35,5.21,5.23,63091616,331829891.0
2018-04-03,sh.600008,5.21,5.21,5.09,5.1,41533520,213013369.0
2018-04-04,sh.600008,5.11,5.15,5.0,5.01,36958066,187870757.0
2018-04-09,sh.600008,5.0,5.04,4.95,4.97,28286504,140828578.0
2018-04-10,sh.600008,4.99,5.03,4.97,5.02,22056228,110297776.0
2018-04-11,sh.600008,5.03,5.06,5.01,5.03,21279913,107053106.0
2018-04-12,sh.600008,5.03,5.04,4.96,4.96,19353639,96629844.0
2018-04-13,sh.600008,4.99,5.0,4.91,4.92,18989985,93881065.0
2018-04-16,sh.600008,4.97,4.97,4.84,4.93,23449872,115115908.0
2018-04-17,sh.600008,4.93,4.97,4.85,4.88,20322523,99698866.0
2018-04-18,sh.600008,4.91,4.93,4.77,4.85,23659878,114563310.0
2018-04-19,sh.600008,4.85,4.97,4.83,4.94,29872405,146669879.0
2018-04-20,sh.600008,4.94,4.99,4.86,4.97,39089458,192767993.0
2018-04-23,sh.600008,4.97,4.98,4.85,4.94,46216219,227307001.0
2018-04-24,sh.600008,4.92,4.97,4.89,4.96,22937824,113278278.0
2018-04-25,sh.600008,4.94,4.94,4.89,4.9,18816452,92438684.0
2018-04-26,sh.600008,4.91,4.92,4.75,4.9,31275425,151288259.0
2018-04-27,sh.600008,4.88,4.93,4.81,4.92,27705257,135449898.0
2018-05-02,sh.600008,4.92,4.94,4.86,4.87,11178937,54788979.0
2018-05-03,sh.600008,4.87,4.88,4.8,4.84,14656983,70858865.0
2018-05-04,sh.600008,4.84,4.87,4.82,4.84,7943598,38479698.0
2018-05-07,sh.600008,4.85,4.88,4.84,4.88,11360133,55255377.0
2018-05-08,sh.600008,4.89,4.96,4.86,4.93,18668732,91926255.0
2018-05-09,sh.600008,4.93,4.96,4.91,4.95,15838496,78151593.0
2018-05-10,sh.600008,4.88,4.88,4.84,4.86,13780404,66886648.0
2018-05-11,sh.600008,4.86,4.88,4.81,4.82,13610586,65635342.0
2018-05-14,sh.600008,4.82,4.82,4.77,4.78,10586119,50718854.0
2018-05-15,sh.600008,4.78,4.81,4.78,4.8,9690589,46461991.0
2018-05-16,sh.600008,4.8,4.84,4.78,4.83,14459543,69671603.0
2018-05-17,sh.600008,4.84,4.84,4.76,4.77,12344331,59110107.0
2018-05-18,sh.600008,4.77,4.83,4.75,4.82,13622908,65349808.0
2018-05-21,sh.600008,4.89,4.92,4.84,4.85,24778404,120894462.0
2018-05-22,sh.600008,4.86,4.91,4.84,4.9,29692543,144922821.0
2018-05-23,sh.600008,4.89,4.89,4.82,4.84,17754088,85923130.0
2018-05-24,sh.600008,4.83,4.84,4.77,4.78,13760264,66222582.0
2018-05-25,sh.600008,4.76,4.84,4.76,4.82,14629096,70281855.0
2018-05-28,sh.600008,4.82,4.84,4.75,4.76,14070302,67195688.0
2018-05-29,sh.600008,4.75,4.79,4.7,4.78,23714353,112606623.0
2018-05-30,sh.600008,4.74,4.74,4.52,4.54,20968278,97180065.0
2018-05-31,sh.600008,4.55,4.61,4.53,4.56,14730665,67246834.0
2018-06-01,sh.600008,4.58,4.58,4.44,4.47,13073624,59002634.0
2018-06-04,sh.600008,4.48,4.5,4.44,4.46,9348701,41737624.0
2018-06-05,sh.600008,4.47,4.49,4.44,4.49,11048401,49314575.0
2018-06-06,sh.600008,4.48,4.48,4.45,4.46,8776620,39160030.0
2018-06-07,sh.600008,4.48,4.49,4.41,4.41,9833371,43724934.0
2018-06-08,sh.600008,4.4,4.4,4.24,4.32,22137365,95074168.0
2018-06-11,sh.600008,4.3,4.3,4.26,4.29,9033401,38669338.0
2018-06-12,sh.600008,4.3,4.33,4.28,4.31,9461921,40776201.0
2018-06-13,sh.600008,4.31,4.32,4.21,4.31,16328342,69641563.0
2018-06-14,sh.600008,4.27,4.32,4.26,4.32,11425165,49063793.0
2018-06-15,sh.600008,4.32,4.35,4.25,4.35,17775256,76695998.0
2018-06-19,sh.600008,4.3,4.48,4.26,4.43,77298397,337508406.0
2018-06-20,sh.600008,4.38,4.41,4.32,4.39,19822847,86589405.0
2018-06-21,sh.600008,4.37,4.42,4.23,4.29,19722941,85738079.0
2018-06-22,sh.600008,4.26,4.31,4.21,4.3,10175855,43572371.0
2018-06-25,sh.600008,4.36,4.36,4.27,4.28,10179018,43917988.0
2018-06-26,sh.600008,4.26,4.3,4.23,4.28,8799914,37555789.0
2018-06-27,sh.600008,4.29,4.31,4.25,4.3,9673945,41421439.0
2018-06-28,sh.600008,4.29,4.31,4.15,4.17,14266152,60667539.0
2018-06-29,sh.600008,4.18,4.23,4.06,4.22,19462964,81065071.0
2018-07-02,sh.600008,4.21,4.22,4.09,4.15,12457456,51752751.0
2018-07-03,sh.600008,4.17,4.2,4.13,4.18,12158566,50751406.0
2018-07-04,sh.600008,4.18,4.19,4.11,4.18,12621613,52409409.0
2018-07-05,sh.600008,4.18,4.22,4.13,4.19,17956436,75097336.0
2018-07-06,sh.600008,4.18,4.2,4.1,4.18,13370113,55594438.0
2018-07-09,sh.600008,4.2,4.23,4.18,4.21,12461261,52399204.0
2018-07-10,sh.600008,4.22,4.25,4.18,4.22,11830708,49840249.0
2018-07-11,sh.600008,4.18,4.18,4.1,4.11,11265176,46553974.0
2018-07-12,sh.600008,4.08,4.28,4.08,4.22,23547457,98765988.0
2018-07-13,sh.600008,4.2,4.22,4.17,4.18,9868228,41294753.0
2018-07-16,sh.600008,4.19,4.19,4.14,4.16,6216394,25841652.0
2018-07-17,sh.600008,4.15,4.16,4.12,4.15,7076085,29265535.0
2018-07-18,sh.600008,4.16,4.21,4.14,4.15,13162600,54994895.0
2018-07-19,sh.600008,4.15,4.17,4.12,4.12,7532400,31153010.0
2018-07-20,sh.600008,4.11,4.17,4.1,4.15,8017804,33190275.0
2018-07-23,sh.600008,4.17,4.22,4.13,4.19,16497750,68906979.0
2018-07-24,sh.600008,4.18,4.33,4.17,4.3,33385042,142765026.0
2018-07-25,sh.600008,4.32,4.33,4.25,4.27,16794498,71738964.0
2018-07-26,sh.600008,4.26,4.41,4.25,4.34,35906903,155951857.0
2018-07-27,sh.600008,4.32,4.33,4.26,4.27,17181509,73772999.0
2018-07-30,sh.600008,4.26,4.3,4.2,4.23,15301410,64829567.0
2018-07-31,sh.600008,4.23,4.25,4.21,4.24,7998167,33843048.0
2018-08-01,sh.600008,4.25,4.27,4.15,4.16,12417800,52328865.0
2018-08-02,sh.600008,4.15,4.18,4.0,4.05,18380423,74898682.0
2018-08-03,sh.600008,4.05,4.08,3.99,4.01,8279288,33498505.0
2018-08-06,sh.600008,4.01,4.03,3.96,3.98,9233900,36901881.0
2018-08-07,sh.600008,3.98,4.06,3.98,4.06,8846647,35645091.0
2018-08-08,sh.600008,4.05,4.14,4.03,4.06,15034904,61503347.0
2018-08-09,sh.600008,4.03,4.11,4.03,4.09,12259500,50072751.0
2018-08-10,sh.600008,4.08,4.11,4.06,4.09,7335255,29928473.0
2018-08-13,sh.600008,4.04,4.08,4.02,4.06,7664807,30985120.0
2018-08-14,sh.600008,4.03,4.07,4.03,4.05,6898504,27928377.0
2018-08-15,sh.600008,4.06,4.11,4.04,4.04,12956500,52724369.0
2018-08-16,sh.600008,4.02,4.02,3.94,3.97,11497145,45798011.0
2018-08-17,sh.600008,3.99,4.04,3.9,3.92,9800302,38781265.0
2018-08-20,sh.600008,3.91,3.94,3.86,3.92,8906970,34719142.0
2018-08-21,sh.600008,3.93,3.96,3.91,3.94,7115467,28027925.0
2018-08-22,sh.600008,3.94,3.94,3.88,3.89,6561123,25597267.0
2018-08-23,sh.600008,3.89,3.91,3.87,3.89,5672235,22091122.0
2018-08-24,sh.600008,3.89,3.9,3.85,3.88,5864038,22737341.0
2018-08-27,sh.600008,3.9,3.98,3.9,3.96,12448611,49043348.0
2018-08-28,sh.600008,3.95,3.98,3.93,3.94,8248933,32591282.0
2018-08-29,sh.600008,3.96,4.0,3.95,3.97,11379393,45214903.0
2018-08-30,sh.600008,3.97,3.98,3.89,3.9,9096018,35646151.0
2018-08-31,sh.600008,3.9,3.95,3.87,3.95,10682000,41785092.0
2018-09-03,sh.600008,3.92,3.93,3.86,3.9,6919708,26917871.0
2018-09-04,sh.600008,3.89,3.94,3.88,3.92,6938172,27182648.0
2018-09-05,sh.600008,3.92,3.93,3.87,3.88,5215800,20332967.0
2018-09-06,sh.600008,3.91,3.92,3.87,3.88,6711662,26176290.0
2018-09-07,sh.600008,3.9,3.91,3.87,3.89,5492529,21370039.0
2018-09-10,sh.600008,3.89,3.9,3.84,3.84,5815000,22452959.0
2018-09-11,sh.600008,3.84,3.88,3.83,3.84,5715413,21977324.0
2018-09-12,sh.600008,3.85,3.87,3.82,3.84,5391202,20726632.0
2018-09-13,sh.600008,3.86,3.87,3.83,3.86,5891500,22671849.0
2018-09-14,sh.600008,3.87,3.94,3.84,3.87,12496246,48600024.0
2018-09-17,sh.600008,3.86,3.86,3.76,3.76,11780935,44747330.0
2018-09-18,sh.600008,3.74,3.8,3.74,3.79,9220000,34780914.0
2018-09-19,sh.600008,3.79,3.84,3.78,3.82,9863806,37595258.0
2018-09-20,sh.600008,3.83,3.83,3.78,3.79,8236304,31344298.0
2018-09-21,sh.600008,3.8,3.88,3.79,3.87,14348427,55050731.0
2018-09-25,sh.600008,3.85,3.85,3.81,3.83,7090944,27166046.0
2018-09-26,sh.600008,3.83,3.86,3.81,3.83,10046700,38521872.0
2018-09-27,sh.600008,3.84,3.84,3.77,3.77,10176998,38634737.0
2018-09-28,sh.600008,3.77,3.8,3.76,3.79,7739475,29321952.0
2018-10-08,sh.600008,3.76,3.76,3.64,3.71,15506942,57528384.0
2018-10-09,sh.600008,3.7,3.73,3.68,3.69,5515025,20410653.0
2018-10-10,sh.600008,3.7,3.75,3.7,3.72,5732600,21324567.0
2018-10-11,sh.600008,3.63,3.63,3.35,3.35,29378800,101209221.0
2018-10-12,sh.600008,3.32,3.32,3.07,3.2,25772123,82120772.0
2018-10-15,sh.600008,3.23,3.24,3.1,3.11,11603422,36731792.0
2018-10-16,sh.600008,3.1,3.14,3.04,3.06,12643365,39014793.0
2018-10-17,sh.600008,3.09,3.13,3.05,3.09,8286147,25608768.0
2018-10-18,sh.600008,3.07,3.09,3.01,3.02,9248687,28179681.0
2018-10-19,sh.600008,3.0,3.08,2.98,3.08,10892832,33209810.0
2018-10-22,sh.600008,3.09,3.26,3.08,3.22,21804576,69690996.0
2018-10-23,sh.600008,3.22,3.26,3.15,3.17,14115918,45352252.0
2018-10-24,sh.600008,3.16,3.23,3.15,3.18,10110198,32251199.0
2018-10-25,sh.600008,3.11,3.19,3.05,3.18,10420963,32558710.0
2018-10-26,sh.600008,3.2,3.24,3.18,3.19,9354700,30045746.0
2018-10-29,sh.600008,3.19,3.23,3.15,3.17,8088895,25828202.0
2018-10-30,sh.600008,3.18,3.21,3.14,3.19,11815191,37641404.0
2018-10-31,sh.600008,3.2,3.25,3.19,3.23,13812719,44559685.0
2018-11-01,sh.600008,3.25,3.3,3.23,3.23,18121856,59236140.0
2018-11-02,sh.600008,3.28,3.32,3.26,3.32,20501975,67496493.0
2018-11-05,sh.600008,3.32,3.41,3.3,3.38,20136762,67735100.0
2018-11-06,sh.600008,3.37,3.38,3.32,3.38,12555012,42086612.0
2018-11-07,sh.600008,3.38,3.39,3.34,3.35,9987288,33570898.0
2018-11-08,sh.600008,3.37,3.38,3.31,3.31,11124621,37060427.0
2018-11-09,sh.600008,3.31,3.33,3.29,3.29,9850011,32543892.0
2018-11-12,sh.600008,3.31,3.4,3.3,3.4,17782679,59932213.0
2018-11-13,sh.600008,3.39,3.53,3.36,3.52,29993879,104480331.0
2018-11-14,sh.600008,3.5,3.58,3.48,3.5,25801589,91075802.0
2018-11-15,sh.600008,3.51,3.53,3.48,3.53,19347304,67845301.0
2018-11-16,sh.600008,3.53,3.55,3.49,3.53,18485802,65178167.0
2018-11-19,sh.600008,3.53,3.88,3.49,3.88,75193546,279775805.0
2018-11-20,sh.600008,3.88,4.05,3.72,3.73,98373983,382890728.0
2018-11-21,sh.600008,3.63,3.79,3.58,3.71,39942014,147210970.0
2018-11-22,sh.600008,3.7,3.74,3.62,3.63,20104265,73949585.0
2018-11-23,sh.600008,3.66,3.72,3.51,3.51,30695457,111084991.0
2018-11-26,sh.600008,3.52,3.68,3.52,3.57,28010210,100873881.0
2018-11-27,sh.600008,3.62,3.63,3.5,3.53,19976257,71146477.0
2018-11-28,sh.600008,3.53,3.56,3.41,3.54,19138810,67059898.0
2018-11-29,sh.600008,3.56,3.58,3.44,3.45,15972482,56020484.0
2018-11-30,sh.600008,3.43,3.46,3.38,3.45,13983320,47807709.0
2018-12-03,sh.600008,3.54,3.56,3.49,3.55,20992994,74206447.0
2018-12-04,sh.600008,3.54,3.67,3.52,3.65,31161390,112547242.0
2018-12-05,sh.600008,3.57,3.75,3.54,3.7,42266285,154865868.0
2018-12-06,sh.600008,3.67,3.72,3.59,3.59,28481186,103704897.0
2018-12-07,sh.600008,3.59,3.76,3.59,3.75,46963227,173483680.0
2018-12-10,sh.600008,3.68,3.71,3.61,3.64,27135425,99118710.0
2018-12-11,sh.600008,3.63,3.66,3.57,3.6,18982543,68497030.0
2018-12-12,sh.600008,3.63,3.66,3.6,3.61,19485829,70560247.0
2018-12-13,sh.600008,3.63,3.7,3.57,3.65,29877729,108846533.0
2018-12-14,sh.600008,3.68,3.85,3.65,3.65,67580268,252769606.0
2018-12-17,sh.600008,3.64,3.74,3.56,3.72,40326625,147457183.0
2018-12-18,sh.600008,3.7,3.7,3.57,3.59,31236526,113115779.0
2018-12-19,sh.600008,3.62,3.63,3.5,3.5,17872619,63320534.0
2018-12-20,sh.600008,3.48,3.55,3.46,3.5,13340255,46849111.0
2018-12-21,sh.600008,3.5,3.51,3.43,3.5,12239505,42504235.0
2018-12-24,sh.600008,3.5,3.53,3.47,3.52,10279945,36025532.0
2018-12-25,sh.600008,3.49,3.49,3.33,3.43,17516981,59624279.0
2018-12-26,sh.600008,3.44,3.51,3.41,3.46,12101038,41961938.0
2018-12-27,sh.600008,3.52,3.53,3.41,3.42,12768015,44166250.0
2018-12-28,sh.600008,3.44,3.45,3.4,3.43,10851920,37149044.0
2019-01-02,sh.600008,3.49,3.53,3.41,3.43,16549705,57306800.0
2019-01-03,sh.600008,3.45,3.46,3.35,3.37,15516423,52727998.0
2019-01-04,sh.600008,3.34,3.43,3.32,3.43,16063455,54470768.0
2019-01-07,sh.600008,3.46,3.52,3.44,3.49,16925583,58978705.0
2019-01-08,sh.600008,3.48,3.49,3.44,3.45,10497523,36338647.0
2019-01-09,sh.600008,3.45,3.5,3.44,3.44,14563067,50610004.0
2019-01-10,sh.600008,3.44,3.52,3.44,3.5,18163310,63315058.0
2019-01-11,sh.600008,3.49,3.53,3.45,3.51,18083881,63143522.0
2019-01-14,sh.600008,3.51,3.52,3.48,3.5,9101222,31805101.0
2019-01-15,sh.600008,3.49,3.57,3.47,3.55,22841417,80518196.0
2019-01-16,sh.600008,3.54,3.64,3.5,3.55,31262516,111542496.0
2019-01-17,sh.600008,3.52,3.54,3.47,3.48,17403070,60866607.0
2019-01-18,sh.600008,3.47,3.53,3.47,3.5,12658835,44301268.0
2019-01-21,sh.600008,3.53,3.55,3.5,3.51,10027074,35225974.0
2019-01-22,sh.600008,3.51,3.51,3.43,3.44,10727476,37190687.0
2019-01-23,sh.600008,3.44,3.47,3.4,3.42,9408358,32250300.0
2019-01-24,sh.600008,3.42,3.45,3.4,3.42,8829927,30259008.0
2019-01-25,sh.600008,3.47,3.51,3.44,3.44,13811275,47995457.0
2019-01-28,sh.600008,3.46,3.47,3.41,3.42,8913690,30659908.0
2019-01-29,sh.600008,3.44,3.44,3.34,3.37,10973500,37058920.0
2019-01-30,sh.600008,3.37,3.4,3.34,3.35,5937653,19998262.0
2019-01-31,sh.600008,3.35,3.38,3.3,3.32,10752397,35839624.0
2019-02-01,sh.600008,3.33,3.4,3.33,3.39,10618649,35785570.0
2019-02-11,sh.600008,3.41,3.44,3.39,3.44,11549502,39611826.0
2019-02-12,sh.600008,3.45,3.49,3.44,3.48,12785320,44307745.0
2019-02-13,sh.600008,3.49,3.55,3.46,3.53,26049141,91463390.0
2019-02-14,sh.600008,3.53,3.57,3.52,3.55,15202781,53863625.0
2019-02-15,sh.600008,3.54,3.58,3.52,3.53,17494180,62052123.0
2019-02-18,sh.600008,3.53,3.65,3.53,3.64,28462249,102708365.0
2019-02-19,sh.600008,3.65,3.69,3.6,3.63,31093676,113051851.0
2019-02-20,sh.600008,3.63,3.65,3.59,3.63,16244439,58835190.0
2019-02-21,sh.600008,3.63,3.69,3.6,3.62,30326016,110677843.0
2019-02-22,sh.600008,3.62,3.66,3.58,3.66,29197396,106088907.0
2019-02-25,sh.600008,3.67,3.95,3.67,3.92,78114346,299574808.0
2019-02-26,sh.600008,3.93,4.02,3.86,3.95,75331500,297264440.0
2019-02-27,sh.600008,3.95,4.07,3.91,4.0,68243792,273141136.0
2019-02-28,sh.600008,3.99,4.09,3.94,4.0,44900527,179898220.0
2019-03-01,sh.600008,4.06,4.06,3.97,4.02,33963007,135990679.0
2019-03-04,sh.600008,4.01,4.17,4.0,4.1,80749346,331088372.0
2019-03-05,sh.600008,4.07,4.14,4.05,4.13,53374883,219184406.0
2019-03-06,sh.600008,4.12,4.25,4.11,4.23,75503906,315597214.0
2019-03-07,sh.600008,4.25,4.28,4.19,4.23,66683774,281914493.0
2019-03-08,sh.600008,4.16,4.19,3.91,3.92,67494865,275241331.0
2019-03-11,sh.600008,3.93,4.31,3.92,4.31,130839898,554652036.0
2019-03-12,sh.600008,4.39,4.42,4.17,4.23,134462918,572337007.0
2019-03-13,sh.600008,4.25,4.34,4.18,4.21,84036837,357497961.0
2019-03-14,sh.600008,4.18,4.2,4.01,4.07,56327543,230059033.0
2019-03-15,sh.600008,4.08,4.17,4.05,4.09,44499188,182860900.0
2019-03-18,sh.600008,4.09,4.15,4.06,4.15,34203383,140780476.0
2019-03-19,sh.600008,4.14,4.21,4.13,4.16,36816658,153220538.0
2019-03-20,sh.600008,4.16,4.17,4.05,4.16,34888387,143650825.0
2019-03-21,sh.600008,4.17,4.28,4.12,4.24,74256955,312897368.0
2019-03-22,sh.600008,4.21,4.35,4.14,4.28,78063315,332835785.0
2019-03-25,sh.600008,4.2,4.26,4.15,4.16,49746734,209052943.0
2019-03-26,sh.600008,4.17,4.2,4.0,4.02,44977743,183757351.0
2019-03-27,sh.600008,4.12,4.16,4.03,4.08,35202339,143692514.0
2019-03-28,sh.600008,4.01,4.12,4.01,4.03,28996933,117741694.0
2019-03-29,sh.600008,4.04,4.18,4.0,4.17,52974642,217380278.0
2019-04-01,sh.600008,4.23,4.3,4.17,4.25,65703419,279154001.0
2019-04-02,sh.600008,4.29,4.33,4.24,4.27,58632240,250513677.0
2019-04-03,sh.600008,4.24,4.4,4.23,4.38,81285748,353216818.0
2019-04-04,sh.600008,4.4,4.43,4.3,4.37,58205837,253783913.0
2019-04-08,sh.600008,4.38,4.4,4.23,4.29,51836814,223690347.0
2019-04-09,sh.600008,4.31,4.37,4.26,4.33,35546661,153407704.0
2019-04-10,sh.600008,4.3,4.31,4.23,4.27,31700972,135457137.0
2019-04-11,sh.600008,4.27,4.31,4.22,4.24,28809902,122830571.0
2019-04-12,sh.600008,4.23,4.27,4.21,4.24,20810597,88235590.0
2019-04-15,sh.600008,4.28,4.32,4.18,4.19,30169015,128540271.0
2019-04-16,sh.600008,4.19,4.24,4.09,4.24,31367495,130542068.0
2019-04-17,sh.600008,4.27,4.28,4.23,4.27,28980501,123457037.0
2019-04-18,sh.600008,4.28,4.3,4.24,4.29,24344371,103993278.0
2019-04-19,sh.600008,4.29,4.3,4.21,4.29,22592917,96331166.0
2019-04-22,sh.600008,4.29,4.32,4.22,4.25,22470493,95550355.0
2019-04-23,sh.600008,4.25,4.25,4.11,4.12,26694236,111043122.0
2019-04-24,sh.600008,4.12,4.18,4.12,4.17,17982286,74674682.0
2019-04-25,sh.600008,4.16,4.18,4.01,4.02,27474432,112565268.0
2019-04-26,sh.600008,4.01,4.08,4.0,4.03,21376334,86391900.0
2019-04-29,sh.600008,4.02,4.06,3.9,3.9,26114833,103315060.0
2019-04-30,sh.600008,3.9,3.98,3.89,3.91,18212260,71707722.0
2019-05-06,sh.600008,3.9,3.9,3.52,3.65,37239036,137240262.0
2019-05-07,sh.600008,3.65,3.69,3.53,3.62,26031096,93922534.0
2019-05-08,sh.600008,3.53,3.6,3.5,3.54,24146895,85822229.0
2019-05-09,sh.600008,3.51,3.55,3.42,3.44,22067793,76764934.0
2019-05-10,sh.600008,3.47,3.52,3.4,3.52,21885787,76198007.0
2019-05-13,sh.600008,3.47,3.5,3.45,3.47,18161397,63021748.0
2019-05-14,sh.600008,3.45,3.51,3.43,3.49,17521877,61077291.0
2019-05-15,sh.600008,3.5,3.57,3.5,3.57,16797231,59540568.0
2019-05-16,sh.600008,3.57,3.59,3.54,3.58,12795110,45679431.0
2019-05-17,sh.600008,3.55,3.6,3.47,3.48,15287474,53918129.0
2019-05-20,sh.600008,3.5,3.52,3.45,3.51,12684595,44150001.0
2019-05-21,sh.600008,3.52,3.57,3.5,3.55,16190864,57344195.0
2019-05-22,sh.600008,3.54,3.55,3.5,3.53,12705990,44705611.0
2019-05-23,sh.600008,3.45,3.46,3.36,3.37,12977000,44112849.0
2019-05-24,sh.600008,3.37,3.42,3.35,3.39,8001248,27129976.0
2019-05-27,sh.600008,3.41,3.46,3.39,3.46,11751333,40334118.0
2019-05-28,sh.600008,3.47,3.48,3.41,3.44,16075400,55479367.0
2019-05-29,sh.600008,3.44,3.52,3.41,3.47,17052763,59246300.0
2019-05-30,sh.600008,3.44,3.45,3.4,3.44,13046437,44641583.0
2019-05-31,sh.600008,3.45,3.45,3.4,3.42,9068481,31073390.0
2019-06-03,sh.600008,3.42,3.48,3.42,3.44,13498978,46483121.0
2019-06-04,sh.600008,3.41,3.44,3.38,3.42,10558585,35946950.0
2019-06-05,sh.600008,3.45,3.46,3.41,3.41,11352300,38940030.0
2019-06-06,sh.600008,3.4,3.42,3.33,3.33,12490694,41807122.0
2019-06-10,sh.600008,3.33,3.36,3.27,3.32,13497049,44729643.0
2019-06-11,sh.600008,3.28,3.43,3.28,3.42,17897798,60467551.0
2019-06-12,sh.600008,3.42,3.44,3.38,3.4,13467971,45946267.0
2019-06-13,sh.600008,3.39,3.41,3.36,3.39,12716757,43091227.0
2019-06-14,sh.600008,3.39,3.4,3.3,3.3,21901364,73093341.0
2019-06-17,sh.600008,3.31,3.33,3.3,3.31,9885461,32736018.0
2019-06-18,sh.600008,3.29,3.32,3.26,3.29,10530722,34603658.0
2019-06-19,sh.600008,3.34,3.38,3.33,3.36,18775586,62952566.0
2019-06-20,sh.600008,3.37,3.62,3.37,3.59,70848709,249626304.0
2019-06-21,sh.600008,3.61,3.75,3.56,3.62,54132778,197268634.0
2019-06-24,sh.600008,3.63,3.67,3.57,3.6,28465134,102597928.0
2019-06-25,sh.600008,3.6,3.61,3.48,3.55,27685897,97840666.0
2019-06-26,sh.600008,3.52,3.58,3.51,3.52,14660078,51943112.0
2019-06-27,sh.600008,3.53,3.6,3.52,3.55,19616081,69942562.0
2019-06-28,sh.600008,3.53,3.56,3.48,3.52,14882883,52265258.0
2019-07-01,sh.600008,3.6,3.63,3.56,3.62,24891199,89699920.0
2019-07-02,sh.600008,3.59,3.61,3.56,3.58,18594796,66629026.0
2019-07-03,sh.600008,3.6,3.94,3.6,3.94,52069648,202075045.0
2019-07-04,sh.600008,4.05,4.2,3.9,3.92,167649196,676527525.0
2019-07-05,sh.600008,3.84,3.87,3.78,3.83,64720423,247388918.0
2019-07-08,sh.600008,3.77,3.79,3.63,3.64,51321302,188638098.0
2019-07-09,sh.600008,3.66,3.68,3.57,3.63,27653761,99766747.0
2019-07-10,sh.600008,3.61,3.71,3.59,3.65,29442435,107381829.0
2019-07-11,sh.600008,3.61,3.69,3.59,3.63,22058571,80129690.0
2019-07-12,sh.600008,3.61,3.69,3.61,3.67,21009846,76905158.0
2019-07-15,sh.600008,3.68,3.69,3.58,3.68,21652981,78848564.0
2019-07-16,sh.600008,3.65,3.68,3.64,3.67,14540120,53196325.0
2019-07-17,sh.600008,3.66,3.67,3.59,3.61,23894740,86464108.0
2019-07-18,sh.600008,3.64,3.66,3.61,3.63,23992716,87302630.0
2019-07-19,sh.600008,3.63,3.69,3.63,3.64,20223628,73947550.0
2019-07-22,sh.600008,3.63,3.64,3.47,3.48,31043928,109071901.0
2019-07-23,sh.600008,3.48,3.51,3.47,3.5,12601102,44038679.0
2019-07-24,sh.600008,3.5,3.55,3.5,3.52,13922100,49169950.0
2019-07-25,sh.600008,3.51,3.53,3.47,3.5,15608344,54617574.0
2019-07-26,sh.600008,3.49,3.52,3.47,3.51,9562018,33458250.0
2019-07-29,sh.600008,3.49,3.52,3.48,3.5,8778740,30684203.0
2019-07-30,sh.600008,3.49,3.53,3.49,3.51,10151800,35687390.0
2019-07-31,sh.600008,3.5,3.5,3.44,3.46,14501900,50265983.0
2019-08-01,sh.600008,3.45,3.46,3.4,3.42,13999197,47884940.0
2019-08-02,sh.600008,3.36,3.42,3.35,3.42,15562191,52594915.0
2019-08-05,sh.600008,3.4,3.41,3.37,3.39,10387242,35213327.0
2019-08-06,sh.600008,3.31,3.34,3.24,3.3,22025984,72588431.0
2019-08-07,sh.600008,3.31,3.33,3.28,3.29,9786320,32318541.0
2019-08-08,sh.600008,3.28,3.32,3.27,3.28,11820534,38886705.0
2019-08-09,sh.600008,3.3,3.31,3.24,3.26,10568950,34571016.0
2019-08-12,sh.600008,3.26,3.29,3.24,3.29,9627226,31385317.0
2019-08-13,sh.600008,3.26,3.27,3.24,3.27,7023933,22869357.0
2019-08-14,sh.600008,3.3,3.32,3.27,3.28,10175700,33554774.0
2019-08-15,sh.600008,3.23,3.28,3.2,3.27,9495720,30791322.0
2019-08-16,sh.600008,3.27,3.29,3.25,3.26,9195697,30098563.0
2019-08-19,sh.600008,3.27,3.34,3.27,3.34,18465868,61219569.0
2019-08-20,sh.600008,3.35,3.41,3.34,3.34,15998811,53809944.0
2019-08-21,sh.600008,3.36,3.38,3.34,3.38,13362654,44940174.0
2019-08-22,sh.600008,3.38,3.39,3.33,3.36,10439744,35016008.0
2019-08-23,sh.600008,3.37,3.37,3.34,3.37,9553043,32110080.0
2019-08-26,sh.600008,3.3,3.33,3.28,3.31,10544294,34914008.0
2019-08-27,sh.600008,3.33,3.38,3.32,3.37,14020464,47041374.0
2019-08-28,sh.600008,3.35,3.44,3.34,3.4,20621158,69989290.0
2019-08-29,sh.600008,3.42,3.42,3.36,3.38,11709500,39609137.0
2019-08-30,sh.600008,3.4,3.43,3.33,3.35,13198754,44450156.0
2019-09-02,sh.600008,3.34,3.43,3.33,3.42,19641751,66842903.0
2019-09-03,sh.600008,3.41,3.48,3.39,3.46,20126124,69186701.0
2019-09-04,sh.600008,3.44,3.5,3.44,3.5,21035764,73217014.0
2019-09-05,sh.600008,3.5,3.58,3.48,3.5,34689682,122533234.0
2019-09-06,sh.600008,3.54,3.54,3.49,3.52,18937702,66551840.0
2019-09-09,sh.600008,3.55,3.56,3.48,3.54,24330180,85670165.0
2019-09-10,sh.600008,3.52,3.56,3.49,3.52,17671169,62182730.0
2019-09-11,sh.600008,3.53,3.54,3.5,3.54,16059608,56551965.0
2019-09-12,sh.600008,3.53,3.54,3.5,3.52,14193578,49849011.0
2019-09-16,sh.600008,3.53,3.56,3.52,3.53,21027203,74422107.0
2019-09-17,sh.600008,3.54,3.55,3.45,3.46,19959412,69705597.0
2019-09-18,sh.600008,3.48,3.5,3.43,3.43,10902933,37762096.0
2019-09-19,sh.600008,3.44,3.48,3.4,3.47,14082776,48475737.0
2019-09-20,sh.600008,3.48,3.48,3.44,3.44,9670560,33373442.0
2019-09-23,sh.600008,3.45,3.45,3.37,3.4,14351770,48824781.0
2019-09-24,sh.600008,3.4,3.45,3.39,3.42,13561957,46569888.0
2019-09-25,sh.600008,3.4,3.45,3.39,3.41,12829570,43912728.0
2019-09-26,sh.600008,3.41,3.43,3.36,3.36,14570421,49237943.0
2019-09-27,sh.600008,3.35,3.4,3.33,3.36,10067418,33952442.0
2019-09-30,sh.600008,3.35,3.38,3.32,3.32,9469800,31751564.0
2019-10-08,sh.600008,3.32,3.38,3.32,3.36,8766700,29467811.0
2019-10-09,sh.600008,3.35,3.4,3.31,3.38,8102917,27294012.0
2019-10-10,sh.600008,3.38,3.42,3.36,3.41,9429135,32054581.0
2019-10-11,sh.600008,3.42,3.47,3.41,3.46,15578219,53737443.0
2019-10-14,sh.600008,3.48,3.49,3.44,3.46,14668357,50792171.0
2019-10-15,sh.600008,3.47,3.47,3.42,3.43,9409855,32299645.0
2019-10-16,sh.600008,3.43,3.49,3.43,3.45,14681469,50841044.0
2019-10-17,sh.600008,3.44,3.49,3.42,3.47,15695049,54441431.0
2019-10-18,sh.600008,3.48,3.49,3.4,3.41,12667068,43695986.0
2019-10-21,sh.600008,3.41,3.41,3.36,3.39,11565322,39124760.0
2019-10-22,sh.600008,3.39,3.45,3.38,3.43,11262686,38528258.0
2019-10-23,sh.600008,3.44,3.46,3.38,3.39,6764323,23081399.0
2019-10-24,sh.600008,3.38,3.43,3.38,3.42,8631300,29368706.0
2019-10-25,sh.600008,3.41,3.44,3.39,3.43,7600391,25939726.0
2019-10-28,sh.600008,3.42,3.46,3.42,3.45,12262105,42255792.0
2019-10-29,sh.600008,3.44,3.46,3.41,3.42,9029600,30934751.0
2019-10-30,sh.600008,3.4,3.42,3.36,3.36,12987779,43789758.0
2019-10-31,sh.600008,3.35,3.37,3.31,3.32,9098047,30393488.0
2019-11-01,sh.600008,3.32,3.36,3.31,3.34,10102963,33736379.0
2019-11-04,sh.600008,3.34,3.38,3.34,3.35,10560730,35481283.0
2019-11-05,sh.600008,3.36,3.37,3.34,3.35,6514844,21861344.0
2019-11-06,sh.600008,3.36,3.36,3.3,3.32,8284294,27579688.0
2019-11-07,sh.600008,3.33,3.35,3.31,3.32,6640571,22082081.0
2019-11-08,sh.600008,3.33,3.34,3.31,3.32,6978400,23217355.0
2019-11-11,sh.600008,3.31,3.31,3.25,3.25,9066011,29621827.0
2019-11-12,sh.600008,3.25,3.27,3.23,3.24,6623506,21488699.0
2019-11-13,sh.600008,3.26,3.26,3.19,3.19,8966510,28794793.0
2019-11-14,sh.600008,3.22,3.23,3.17,3.22,7717138,24763664.0
2019-11-15,sh.600008,3.22,3.23,3.18,3.19,5814931,18635330.0
2019-11-18,sh.600008,3.17,3.21,3.15,3.19,6900498,21992145.0
2019-11-19,sh.600008,3.21,3.25,3.19,3.25,7484334,24176966.0
2019-11-20,sh.600008,3.26,3.26,3.21,3.22,5749422,18557682.0
2019-11-21,sh.600008,3.21,3.24,3.2,3.24,4606950,14861149.0
2019-11-22,sh.600008,3.24,3.28,3.23,3.24,8561200,27899604.0
2019-11-25,sh.600008,3.24,3.29,3.21,3.27,10309838,33605850.0
2019-11-26,sh.600008,3.27,3.29,3.25,3.26,7244691,23647024.0
2019-11-27,sh.600008,3.25,3.28,3.24,3.26,6066800,19786600.0
2019-11-28,sh.600008,3.27,3.28,3.25,3.26,7476789,24388250.0
2019-11-29,sh.600008,3.26,3.28,3.25,3.28,5713621,18636696.0
2019-12-02,sh.600008,3.28,3.28,3.24,3.26,8288720,27005416.0
2019-12-03,sh.600008,3.24,3.26,3.23,3.26,5498504,17836168.0
2019-12-04,sh.600008,3.25,3.26,3.23,3.25,5927200,19261028.0
2019-12-05,sh.600008,3.25,3.27,3.25,3.27,5796400,18905846.0
2019-12-06,sh.600008,3.27,3.28,3.26,3.28,6007351,19651075.0
2019-12-09,sh.600008,3.28,3.28,3.26,3.27,7284600,23821511.0
2019-12-10,sh.600008,3.27,3.27,3.25,3.27,5396913,17608806.0
2019-12-11,sh.600008,3.27,3.28,3.25,3.26,7356964,24019162.0
2019-12-12,sh.600008,3.27,3.27,3.25,3.25,6654688,21686828.0
2019-12-13,sh.600008,3.26,3.3,3.26,3.3,12236002,40207729.0
2019-12-16,sh.600008,3.32,3.32,3.27,3.31,16270155,53651102.0
2019-12-17,sh.600008,3.31,3.35,3.29,3.32,33934157,112730641.0
2019-12-18,sh.600008,3.31,3.35,3.31,3.31,19232771,63963935.0
2019-12-19,sh.600008,3.31,3.32,3.29,3.32,14178300,46909553.0
2019-12-20,sh.600008,3.32,3.33,3.3,3.31,23020101,76315689.0
2019-12-23,sh.600008,3.3,3.31,3.21,3.22,17460489,57087739.0
2019-12-24,sh.600008,3.23,3.25,3.21,3.24,13422087,43345463.0
2019-12-25,sh.600008,3.24,3.25,3.22,3.23,10557060,34094556.0
2019-12-26,sh.600008,3.23,3.26,3.22,3.25,11511940,37314474.0
2019-12-27,sh.600008,3.26,3.28,3.24,3.25,15643540,50960515.0
2019-12-30,sh.600008,3.25,3.27,3.22,3.27,17139873,55731197.0
2019-12-31,sh.600008,3.27,3.3,3.26,3.29,15586907,51030563.0
2020-01-02,sh.600008,3.31,3.34,3.3,3.33,21498259,71460782.0
2020-01-03,sh.600008,3.33,3.36,3.32,3.35,20752654,69300087.0
2020-01-06,sh.600008,3.34,3.36,3.31,3.33,22312969,74454662.0
2020-01-07,sh.600008,3.33,3.39,3.33,3.36,38770282,130449800.0
2020-01-08,sh.600008,3.35,3.36,3.3,3.31,22740600,75660906.0
2020-01-09,sh.600008,3.33,3.35,3.31,3.34,15493347,51573744.0
2020-01-10,sh.600008,3.34,3.35,3.3,3.32,13688602,45426691.0
2020-01-13,sh.600008,3.31,3.33,3.28,3.33,14825876,48939405.0
2020-01-14,sh.600008,3.33,3.41,3.32,3.39,41633682,140376001.0
2020-01-15,sh.600008,3.37,3.38,3.3,3.31,30138465,100210639.0
2020-01-16,sh.600008,3.32,3.35,3.29,3.31,22055876,73215188.0
2020-01-17,sh.600008,3.3,3.33,3.3,3.31,13734237,45561453.0
2020-01-20,sh.600008,3.3,3.34,3.3,3.34,15902914,52833553.0
2020-01-21,sh.600008,3.33,3.34,3.27,3.28,24006686,79077412.0
2020-01-22,sh.600008,3.27,3.34,3.24,3.33,23346596,77020535.0
2020-01-23,sh.600008,3.32,3.33,3.25,3.27,24935656,81926754.0
2020-02-03,sh.600008,2.94,3.0,2.94,2.94,32110512,94552643.0
2020-02-04,sh.600008,2.77,2.98,2.77,2.97,37401613,109923954.0
2020-02-05,sh.600008,2.97,3.06,2.95,3.0,26035475,78447084.0
2020-02-06,sh.600008,3.01,3.12,2.97,3.11,37123659,113991408.0
2020-02-07,sh.600008,3.12,3.24,3.08,3.24,41541570,130464729.0
2020-02-10,sh.600008,3.28,3.3,3.19,3.24,34414388,111455980.0
2020-02-11,sh.600008,3.23,3.24,3.19,3.19,18128508,58128658.0
2020-02-12,sh.600008,3.2,3.22,3.19,3.22,13155714,42175214.0
2020-02-13,sh.600008,3.21,3.27,3.18,3.24,22956073,73916118.0
2020-02-14,sh.600008,3.26,3.27,3.2,3.21,23529129,76030917.0
2020-02-17,sh.600008,3.22,3.26,3.2,3.26,20953808,67909823.0
2020-02-18,sh.600008,3.26,3.26,3.22,3.25,18983304,61490130.0
2020-02-19,sh.600008,3.25,3.27,3.22,3.24,16327934,53013446.0
2020-02-20,sh.600008,3.24,3.27,3.22,3.27,23123163,75087633.0
2020-02-21,sh.600008,3.27,3.32,3.25,3.29,27104362,89155766.0
2020-02-24,sh.600008,3.35,3.49,3.32,3.41,62427737,213410390.0
2020-02-25,sh.600008,3.33,3.37,3.27,3.35,42506384,141233191.0
2020-02-26,sh.600008,3.32,3.39,3.28,3.35,37754380,126287099.0
2020-02-27,sh.600008,3.35,3.45,3.35,3.42,51498441,175523130.0
2020-02-28,sh.600008,3.3,3.38,3.28,3.29,42797213,141950965.0
2020-03-02,sh.600008,3.29,3.43,3.29,3.4,48480781,164612049.0
2020-03-03,sh.600008,3.44,3.47,3.36,3.43,77873451,265551992.0
2020-03-04,sh.600008,3.47,3.49,3.37,3.42,60638241,207681533.0
2020-03-05,sh.600008,3.46,3.47,3.4,3.45,62723314,215812640.0
2020-03-06,sh.600008,3.4,3.43,3.34,3.37,50414231,170308353.0
2020-03-09,sh.600008,3.32,3.34,3.28,3.28,41072200,135412091.0
2020-03-10,sh.600008,3.22,3.31,3.19,3.29,39714578,129069715.0
2020-03-11,sh.600008,3.28,3.45,3.25,3.32,47867311,159237312.0
2020-03-12,sh.600008,3.29,3.37,3.25,3.28,34108012,112854321.0
2020-03-13,sh.600008,3.12,3.25,3.07,3.21,36483820,115686401.0
2020-03-16,sh.600008,3.23,3.25,3.1,3.11,33549141,106529350.0
2020-03-17,sh.600008,3.1,3.15,3.02,3.09,29988393,92531458.0
2020-03-18,sh.600008,3.12,3.13,3.04,3.06,23961402,74177367.0
2020-03-19,sh.600008,3.07,3.08,2.99,3.04,27295020,82739512.0
2020-03-20,sh.600008,3.05,3.08,3.03,3.05,22087562,67408587.0
2020-03-23,sh.600008,2.99,3.02,2.96,2.97,21346460,63744355.0
2020-03-24,sh.600008,3.0,3.02,2.96,3.01,17090525,51257435.0
2020-03-25,sh.600008,3.04,3.07,3.03,3.06,20164851,61467276.0
2020-03-26,sh.600008,3.06,3.06,3.01,3.02,13526506,40957645.0
2020-03-27,sh.600008,3.05,3.08,3.03,3.05,14796606,45123357.0
2020-03-30,sh.600008,3.02,3.04,2.99,3.02,13818340,41593301.0
2020-03-31,sh.600008,3.04,3.05,3.01,3.02,11069780,33512499.0
2020-04-01,sh.600008,3.02,3.05,3.01,3.02,12988953,39335784.0
2020-04-02,sh.600008,3.02,3.08,3.01,3.07,21664117,66223563.0
2020-04-03,sh.600008,3.06,3.11,3.06,3.09,19727954,60859567.0
2020-04-07,sh.600008,3.11,3.14,3.1,3.12,25208782,78564687.0
2020-04-08,sh.600008,3.1,3.13,3.09,3.13,16288170,50671691.0
2020-04-09,sh.600008,3.13,3.15,3.12,3.14,13812200,43284913.0
2020-04-10,sh.600008,3.13,3.14,3.1,3.11,15911368,49649992.0
2020-04-13,sh.600008,3.12,3.12,3.09,3.11,10139470,31476183.0
2020-04-14,sh.600008,3.11,3.24,3.11,3.2,35287524,112866877.0
2020-04-15,sh.600008,3.22,3.23,3.18,3.19,20614771,66070028.0
2020-04-16,sh.600008,3.19,3.26,3.18,3.23,20806804,67184627.0
2020-04-17,sh.600008,3.24,3.27,3.2,3.21,19603594,63327568.0
2020-04-20,sh.600008,3.22,3.25,3.2,3.24,20437407,66051998.0
2020-04-21,sh.600008,3.24,3.25,3.18,3.24,22754804,73296800.0
2020-04-22,sh.600008,3.23,3.24,3.21,3.23,12597057,40592469.0
2020-04-23,sh.600008,3.24,3.25,3.2,3.24,17022520,54969358.0
2020-04-24,sh.600008,3.24,3.25,3.16,3.21,13996057,44922258.0
2020-04-27,sh.600008,3.21,3.25,3.19,3.22,17736157,57343750.0
2020-04-28,sh.600008,3.24,3.25,3.15,3.23,23609668,75984767.0
2020-04-29,sh.600008,3.21,3.25,3.21,3.24,12558100,40609601.0
2020-04-30,sh.600008,3.24,3.29,3.23,3.29,27342289,89458415.0
2020-05-06,sh.600008,3.27,3.43,3.25,3.41,53585973,181092837.0
2020-05-07,sh.600008,3.4,3.48,3.37,3.41,37912863,129783666.0
2020-05-08,sh.600008,3.4,3.44,3.39,3.41,38706396,132241914.0
2020-05-11,sh.600008,3.4,3.41,3.29,3.3,33003313,109830043.0
2020-05-12,sh.600008,3.29,3.32,3.26,3.27,24574355,80727417.0
2020-05-13,sh.600008,3.28,3.29,3.25,3.28,13661261,44600764.0
2020-05-14,sh.600008,3.27,3.3,3.25,3.28,18089119,59223659.0
2020-05-15,sh.600008,3.3,3.31,3.27,3.29,11955075,39328699.0
2020-05-18,sh.600008,3.3,3.32,3.24,3.28,15236294,50113983.0
2020-05-19,sh.600008,3.3,3.31,3.26,3.27,11069337,36281581.0
2020-05-20,sh.600008,3.27,3.3,3.24,3.28,17252121,56442134.0
2020-05-21,sh.600008,3.22,3.22,3.08,3.08,26097240,81754678.0
2020-05-22,sh.600008,3.08,3.09,3.02,3.03,17143731,52185100.0
2020-05-25,sh.600008,3.03,3.08,3.01,3.06,11045828,33801159.0
2020-05-26,sh.600008,3.08,3.11,3.02,3.03,28662977,87326962.0
2020-05-27,sh.600008,3.04,3.04,2.99,3.01,15402302,46334017.0
2020-05-28,sh.600008,3.0,3.03,2.98,2.99,14711000,44124858.0
2020-05-29,sh.600008,3.0,3.01,2.97,3.0,14725309,44008067.0
2020-06-01,sh.600008,3.0,3.05,3.0,3.04,20785978,63088037.0
2020-06-02,sh.600008,3.05,3.07,3.04,3.05,11652399,35571530.0
2020-06-03,sh.600008,3.07,3.07,3.05,3.07,14321765,43845319.0
2020-06-04,sh.600008,3.07,3.17,3.05,3.09,35880357,111475482.0
2020-06-05,sh.600008,3.1,3.12,3.07,3.1,15244543,47127440.0
2020-06-08,sh.600008,3.11,3.14,3.05,3.06,19192200,58952778.0
2020-06-09,sh.600008,3.06,3.07,3.01,3.04,24503684,74514346.0
2020-06-10,sh.600008,3.04,3.04,3.01,3.02,11601566,35099919.0
2020-06-11,sh.600008,3.01,3.07,3.01,3.06,19907373,60723908.0
2020-06-12,sh.600008,3.03,3.07,3.01,3.03,24129440,73528777.0
2020-06-15,sh.600008,3.04,3.05,3.01,3.02,20322900,61565597.0
2020-06-16,sh.600008,3.02,3.05,3.02,3.05,16085401,48803090.0
2020-06-17,sh.600008,3.05,3.07,3.03,3.06,15589414,47463503.0
2020-06-18,sh.600008,3.06,3.07,3.04,3.07,14903453,45555871.0
2020-06-19,sh.600008,3.07,3.08,3.05,3.08,15771129,48369415.0
2020-06-22,sh.600008,3.07,3.08,3.05,3.05,13340881,40800229.0
2020-06-23,sh.600008,3.05,3.06,3.02,3.02,13200747,39983117.0
2020-06-24,sh.600008,3.03,3.04,3.0,3.01,17044153,51345977.0
2020-06-29,sh.600008,3.02,3.02,2.99,3.01,12651000,37994743.0
2020-06-30,sh.600008,3.01,3.03,3.01,3.01,9465261,28560888.0
2020-07-01,sh.600008,3.01,3.02,2.99,3.01,23285088,69986356.0
2020-07-02,sh.600008,3.01,3.07,3.0,3.06,29886790,90912894.0
2020-07-03,sh.600008,3.07,3.12,3.07,3.12,37706886,116850905.0
2020-07-06,sh.600008,3.14,3.27,3.14,3.27,64839481,209036525.0
2020-07-07,sh.600008,3.31,3.35,3.23,3.23,67849030,221285630.0
2020-07-08,sh.600008,3.24,3.32,3.2,3.31,59229599,193515415.0
2020-07-09,sh.600008,3.29,3.39,3.27,3.38,67125715,224691883.0
2020-07-10,sh.600008,3.38,3.42,3.32,3.34,61930825,209154482.0
2020-07-13,sh.600008,3.37,3.45,3.33,3.44,76003549,259092818.0
2020-07-14,sh.600008,3.44,3.44,3.32,3.37,75151209,254211592.0
2020-07-15,sh.600008,3.36,3.4,3.27,3.29,48872048,162609483.0
2020-07-16,sh.600008,3.39,3.42,3.27,3.3,78529270,264243225.0
2020-07-17,sh.600008,3.32,3.41,3.32,3.38,89720057,303318975.0
2020-07-20,sh.600008,3.41,3.59,3.39,3.54,147009702,512794145.0
2020-07-21,sh.600008,3.5,3.5,3.39,3.44,100096130,343537022.01
2020-07-22,sh.600008,3.43,3.45,3.38,3.4,59404465,202527845.03
2020-07-23,sh.600008,3.37,3.38,3.28,3.34,55393108,184286015.26
2020-07-24,sh.600008,3.33,3.36,3.22,3.25,48294904,158895737.92
2020-07-27,sh.600008,3.26,3.28,3.18,3.22,28070268,90357227.28
2020-07-28,sh.600008,3.23,3.26,3.22,3.26,26933432,87227360.66
2020-07-29,sh.600008,3.24,3.3,3.22,3.3,29769398,97331886.0
2020-07-30,sh.600008,3.3,3.34,3.28,3.29,26776662,88378740.76
2020-07-31,sh.600008,3.28,3.33,3.25,3.3,28960695,95393557.4
2020-08-03,sh.600008,3.35,3.43,3.33,3.41,66742828,225760336.63
2020-08-04,sh.600008,3.41,3.47,3.37,3.43,68114509,233369747.79
2020-08-05,sh.600008,3.42,3.43,3.37,3.39,39874270,135307049.19
2020-08-06,sh.600008,3.38,3.4,3.31,3.36,36248855,121384974.87
2020-08-07,sh.600008,3.36,3.36,3.27,3.31,28796629,95241329.52
2020-08-10,sh.600008,3.29,3.36,3.28,3.35,26376269,87932115.77
2020-08-11,sh.600008,3.37,3.37,3.29,3.31,29169695,97210159.1
2020-08-12,sh.600008,3.29,3.31,3.23,3.3,28237538,92298004.19
2020-08-13,sh.600008,3.31,3.59,3.28,3.42,122515052,420922626.31
2020-08-14,sh.600008,3.32,3.41,3.32,3.4,73425313,247067187.27
2020-08-17,sh.600008,3.4,3.54,3.38,3.45,102647290,353717249.32
2020-08-18,sh.600008,3.45,3.46,3.4,3.43,64634531,221912726.82
2020-08-19,sh.600008,3.44,3.47,3.38,3.45,72011944,247539947.98
2020-08-20,sh.600008,3.44,3.45,3.39,3.39,41697469,142407114.91
2020-08-21,sh.600008,3.41,3.43,3.38,3.4,33107415,112813700.21
2020-08-24,sh.600008,3.42,3.44,3.39,3.42,33678400,115125098.0
2020-08-25,sh.600008,3.42,3.5,3.4,3.41,46751034,160740723.74
2020-08-26,sh.600008,3.41,3.56,3.39,3.47,104002284,361941689.74
2020-08-27,sh.600008,3.5,3.52,3.38,3.42,72787578,248828176.98
2020-08-28,sh.600008,3.41,3.42,3.34,3.39,55853675,188596406.58
2020-08-31,sh.600008,3.42,3.47,3.4,3.42,52820280,181495371.95
2020-09-01,sh.600008,3.42,3.42,3.37,3.4,34563014,117170231.6
2020-09-02,sh.600008,3.42,3.46,3.39,3.42,51374281,176073523.74
2020-09-03,sh.600008,3.44,3.48,3.41,3.43,46183501,158985101.83
2020-09-04,sh.600008,3.38,3.4,3.36,3.37,40378599,136252364.93
2020-09-07,sh.600008,3.37,3.39,3.29,3.3,48042909,160227705.48
2020-09-08,sh.600008,3.32,3.36,3.29,3.35,32867406,109551744.49
2020-09-09,sh.600008,3.34,3.45,3.32,3.37,66333177,224574727.42
2020-09-10,sh.600008,3.41,3.42,3.3,3.32,42128555,141689543.6
2020-09-11,sh.600008,3.28,3.39,3.24,3.31,52304598,171690171.8
2020-09-14,sh.600008,3.29,3.32,3.26,3.28,29622180,97423438.29
2020-09-15,sh.600008,3.28,3.28,3.23,3.25,25219587,82000203.71
2020-09-16,sh.600008,3.23,3.23,3.11,3.13,74908962,235812738.81
2020-09-17,sh.600008,3.11,3.13,3.08,3.11,41388157,128264481.87
2020-09-18,sh.600008,3.12,3.16,3.1,3.15,56572137,177306445.04
2020-09-29,sh.600008,2.96,2.96,2.86,2.94,39822319,116606347.98
2020-09-30,sh.600008,2.92,2.94,2.87,2.9,30239291,87564064.49
2020-10-09,sh.600008,2.93,2.95,2.92,2.93,24333733,71305508.76
2020-10-12,sh.600008,2.94,3.0,2.93,2.99,35509368,105548179.32
2020-10-13,sh.600008,3.04,3.06,3.0,3.02,35063915,106009145.45
2020-10-14,sh.600008,3.02,3.02,2.97,2.99,23261968,69535887.96
2020-10-15,sh.600008,2.99,2.99,2.95,2.98,19526702,58058997.0
2020-10-16,sh.600008,2.95,2.97,2.94,2.96,35376139,104563717.17
2020-10-19,sh.600008,2.97,2.99,2.91,2.91,39596318,116596368.59
2020-10-20,sh.600008,2.91,2.97,2.89,2.96,26878880,78745464.41
2020-10-21,sh.600008,2.95,2.97,2.92,2.96,31966518,94255726.38
2020-10-22,sh.600008,2.96,2.99,2.93,2.98,33517598,99627446.81
2020-10-23,sh.600008,2.98,2.99,2.96,2.97,21215280,63110709.4
2020-10-26,sh.600008,2.96,2.99,2.95,2.99,19918720,59149218.55
2020-10-27,sh.600008,2.97,2.98,2.94,2.96,21115560,62500473.0
2020-10-28,sh.600008,2.96,2.98,2.91,2.96,24882330,73316601.14
2020-10-29,sh.600008,2.95,2.98,2.92,2.95,35400702,104844506.22
2020-10-30,sh.600008,2.95,2.96,2.91,2.91,30988917,90826953.8
2020-11-02,sh.600008,2.92,2.95,2.91,2.94,33308318,97529228.37
2020-11-03,sh.600008,2.94,3.01,2.94,3.01,47681009,142512026.64
2020-11-04,sh.600008,3.01,3.02,2.97,3.01,35420883,106119183.01
2020-11-05,sh.600008,3.02,3.04,2.99,3.02,36137344,108883833.21
2020-11-06,sh.600008,3.01,3.04,3.0,3.02,37295675,112761640.26
2020-11-09,sh.600008,3.03,3.09,3.02,3.03,88466575,269641993.12
2020-11-10,sh.600008,3.04,3.07,3.02,3.03,52436346,159656082.32
2020-11-11,sh.600008,3.04,3.05,3.01,3.03,40400443,122563857.86
2020-11-12,sh.600008,3.03,3.06,3.02,3.03,27193689,82619935.38
2020-11-13,sh.600008,3.04,3.12,3.01,3.06,66267630,202652232.43
2020-11-16,sh.600008,3.07,3.09,3.05,3.09,59280727,182210191.77
2020-11-17,sh.600008,3.09,3.14,3.07,3.12,59777693,185781075.19
2020-11-18,sh.600008,3.1,3.12,3.07,3.08,43397332,134234477.76
2020-11-19,sh.600008,3.09,3.09,3.04,3.06,38578159,118128312.14
2020-11-20,sh.600008,3.06,3.09,3.04,3.09,32989688,101254525.96
2020-11-23,sh.600008,3.09,3.12,3.06,3.09,48872436,151119880.16
2020-11-24,sh.600008,3.1,3.1,3.06,3.07,29841682,91840303.19
2020-11-25,sh.600008,3.07,3.09,3.03,3.04,34226478,104713654.99
2020-11-26,sh.600008,3.04,3.06,3.02,3.05,28554788,86796546.18
2020-11-27,sh.600008,3.04,3.06,3.02,3.04,27968026,84980989.14
2020-11-30,sh.600008,3.04,3.09,3.03,3.05,81776773,250034936.96
2020-12-01,sh.600008,3.04,3.07,3.03,3.05,62022892,189275458.57
2020-12-02,sh.600008,3.06,3.07,3.03,3.06,40480635,123595966.56
2020-12-03,sh.600008,3.06,3.06,3.03,3.05,34571357,105298185.38
2020-12-04,sh.600008,3.05,3.05,3.02,3.04,32314837,98099590.74
2020-12-07,sh.600008,3.04,3.04,3.01,3.01,32082263,96846311.04
2020-12-08,sh.600008,3.01,3.02,3.0,3.0,17830098,53674882.66
2020-12-09,sh.600008,2.99,3.01,2.95,2.95,31904889,95094328.23
2020-12-10,sh.600008,2.95,2.96,2.92,2.94,27963971,82257234.09
2020-12-11,sh.600008,2.94,2.95,2.89,2.91,34670269,101088592.91
2020-12-14,sh.600008,2.9,2.93,2.89,2.92,22923350,66862837.29
2020-12-15,sh.600008,2.92,2.92,2.89,2.91,22074736,64163481.38
2020-12-16,sh.600008,2.91,2.91,2.88,2.89,22672142,65541048.78
2020-12-17,sh.600008,2.88,2.9,2.85,2.89,39089605,112559154.34
2020-12-18,sh.600008,2.89,2.91,2.88,2.89,27718790,80238158.44
2020-12-21,sh.600008,2.89,2.92,2.87,2.91,27859339,80839443.78
2020-12-22,sh.600008,2.9,2.91,2.87,2.88,28238354,81543032.7
2020-12-23,sh.600008,2.88,2.88,2.85,2.86,29423962,84227767.29
2020-12-24,sh.600008,2.86,2.87,2.82,2.84,29756752,84693211.98
2020-12-25,sh.600008,2.84,2.89,2.83,2.84,61889445,176872645.32
2020-12-28,sh.600008,2.84,2.85,2.78,2.8,40898158,114605146.92
2020-12-29,sh.600008,2.81,2.83,2.79,2.81,31179279,87672338.59
2020-12-30,sh.600008,2.82,2.87,2.8,2.81,58067714,164486227.71
2020-12-31,sh.600008,2.81,2.85,2.8,2.83,47106927,132916817.42
2021-01-04,sh.600008,2.86,2.87,2.84,2.86,42598295,121741749.1
2021-01-05,sh.600008,2.86,2.87,2.83,2.86,41555498,118351088.65
2021-01-06,sh.600008,2.87,2.87,2.83,2.84,37845663,107535499.86
2021-01-07,sh.600008,2.83,2.84,2.78,2.8,45346713,127149504.33
2021-01-08,sh.600008,2.8,2.9,2.78,2.89,83985012,240189874.77
2021-01-11,sh.600008,2.87,2.89,2.83,2.83,45521185,130044664.53
2021-01-12,sh.600008,2.84,2.85,2.8,2.83,45933452,129488138.2
2021-01-13,sh.600008,2.83,2.89,2.81,2.87,63468945,180806409.38
2021-01-14,sh.600008,2.86,2.92,2.84,2.89,51472480,148418042.46
2021-01-15,sh.600008,2.88,2.92,2.87,2.91,37391711,108184704.95
2021-01-18,sh.600008,2.91,2.92,2.88,2.9,33411689,96763954.8
2021-01-19,sh.600008,2.88,2.9,2.86,2.9,37278517,107420160.9
2021-01-20,sh.600008,2.89,2.9,2.87,2.89,23273144,67185757.18
2021-01-21,sh.600008,2.88,2.9,2.87,2.88,35486664,102266138.31
2021-01-22,sh.600008,2.87,2.88,2.83,2.84,35634023,101612795.91
2021-01-25,sh.600008,2.83,2.84,2.8,2.81,32937380,92673749.13
2021-01-26,sh.600008,2.84,2.85,2.82,2.83,29941780,84909806.98
2021-01-27,sh.600008,2.83,2.88,2.81,2.85,29425441,83909033.47
2021-01-28,sh.600008,2.84,2.85,2.82,2.84,23021511,65163555.56
2021-01-29,sh.600008,2.83,2.86,2.8,2.82,30164197,85329730.95
2021-02-01,sh.600008,2.84,2.85,2.81,2.83,26637688,75231332.56
2021-02-02,sh.600008,2.82,2.83,2.8,2.81,30244770,85017727.19
2021-02-03,sh.600008,2.8,2.81,2.71,2.72,66812894,183242257.77
2021-02-04,sh.600008,2.71,2.72,2.66,2.68,35580471,95546525.48
2021-02-05,sh.600008,2.69,2.73,2.69,2.71,22433422,60845294.5
2021-02-08,sh.600008,2.72,2.75,2.71,2.72,23087957,63114035.97
2021-02-09,sh.600008,2.73,2.76,2.72,2.75,18802482,51540036.68
2021-02-10,sh.600008,2.75,2.75,2.73,2.74,19450912,53307066.68
2021-02-18,sh.600008,2.76,2.79,2.76,2.77,34495545,95508239.54
2021-02-19,sh.600008,2.77,2.86,2.76,2.85,44703248,126006390.85
2021-02-22,sh.600008,2.86,2.94,2.85,2.89,73453007,213616465.28
2021-02-23,sh.600008,2.89,2.92,2.86,2.88,40813422,118036047.58
2021-02-24,sh.600008,2.87,2.9,2.86,2.89,33415350,96349114.49
2021-02-25,sh.600008,2.91,2.95,2.9,2.93,40624717,118822715.87
2021-02-26,sh.600008,2.9,2.95,2.89,2.93,48880380,142560817.11
2021-03-01,sh.600008,2.94,2.98,2.93,2.94,51050923,150565921.27
2021-03-02,sh.600008,2.94,2.99,2.92,2.96,58014072,171575466.51
2021-03-03,sh.600008,2.95,2.97,2.94,2.96,42363457,125338210.06
2021-03-04,sh.600008,2.96,3.05,2.95,3.01,78847387,237226084.77
2021-03-05,sh.600008,3.02,3.03,2.94,2.99,60128891,178971989.45
2021-03-08,sh.600008,2.99,3.01,2.94,2.95,49207018,146431549.78
2021-03-09,sh.600008,2.97,2.98,2.89,2.93,55142382,161855531.84
2021-03-10,sh.600008,2.93,2.96,2.9,2.91,31006030,90793093.5
2021-03-11,sh.600008,2.91,2.96,2.9,2.95,36195149,106212424.47
2021-03-12,sh.600008,2.95,3.02,2.92,3.0,67919252,202594012.79
2021-03-15,sh.600008,2.99,3.1,2.98,3.06,79584571,242726802.78
2021-03-16,sh.600008,3.05,3.08,3.03,3.06,53615034,163842570.7
2021-03-17,sh.600008,3.06,3.06,2.99,3.01,47370305,143040815.57
2021-03-18,sh.600008,3.0,3.08,3.0,3.04,49022502,149028736.15
2021-03-19,sh.600008,3.04,3.08,3.01,3.05,51610260,157135376.4
2021-03-22,sh.600008,3.04,3.15,3.04,3.14,108294743,337438364.06
2021-03-23,sh.600008,3.17,3.17,3.08,3.09,62145619,193070953.95
2021-03-24,sh.600008,3.09,3.2,3.08,3.12,82732339,259077604.28
2021-03-25,sh.600008,3.1,3.12,3.04,3.07,56910707,174686407.85
2021-03-26,sh.600008,3.07,3.14,3.06,3.12,61249097,190683561.5
2021-03-29,sh.600008,3.12,3.17,3.08,3.13,66307268,206900923.18
2021-03-30,sh.600008,3.13,3.13,3.05,3.09,49784075,153460509.17
2021-03-31,sh.600008,3.1,3.4,3.09,3.27,223163686,722554255.85
2021-04-01,sh.600008,3.2,3.21,3.13,3.16,118896916,376268756.78
2021-04-02,sh.600008,3.15,3.16,3.08,3.09,74548835,232256891.39
2021-04-06,sh.600008,3.1,3.12,3.07,3.11,41192646,127791159.39
2021-04-07,sh.600008,3.1,3.13,3.09,3.12,49203937,152950548.31
2021-04-08,sh.600008,3.14,3.19,3.1,3.17,101169647,318623631.03
2021-04-09,sh.600008,3.15,3.18,3.08,3.1,68122798,212342302.15
2021-04-12,sh.600008,3.12,3.13,3.07,3.08,47790817,147912979.59
2021-04-13,sh.600008,3.08,3.18,3.03,3.14,87050740,271085816.85
2021-04-14,sh.600008,3.11,3.12,3.08,3.1,45610805,141340389.2
2021-04-15,sh.600008,3.09,3.1,3.03,3.05,48001407,147011660.43
2021-04-16,sh.600008,3.07,3.1,3.04,3.08,32717032,100690415.32
2021-04-19,sh.600008,3.11,3.11,3.07,3.09,37048330,114664013.4
2021-04-20,sh.600008,3.08,3.09,3.04,3.05,41753858,127928591.26
2021-04-21,sh.600008,3.04,3.05,3.01,3.02,33089352,100116965.04
2021-04-22,sh.600008,3.03,3.05,3.0,3.0,31066675,93751753.1
2021-04-23,sh.600008,3.0,3.0,2.96,2.98,35473311,105565286.46
2021-04-26,sh.600008,2.98,2.99,2.93,2.94,31346449,92768519.26
2021-04-27,sh.600008,2.93,2.99,2.93,2.96,37437148,110787911.02
2021-04-28,sh.600008,2.95,2.98,2.94,2.96,25473737,75437828.48
2021-04-29,sh.600008,2.98,3.03,2.96,3.01,34414600,103169810.97
2021-04-30,sh.600008,3.03,3.04,2.95,2.97,35993313,107315657.87
2021-05-06,sh.600008,2.98,3.01,2.95,2.96,35130022,104609843.56
2021-05-07,sh.600008,2.97,2.99,2.94,2.96,30125272,89252505.95
2021-05-10,sh.600008,2.96,2.99,2.93,2.94,40480693,119849504.69
2021-05-11,sh.600008,2.94,2.98,2.93,2.98,26146946,77296026.74
2021-05-12,sh.600008,2.96,2.98,2.94,2.96,30217509,89424660.51
2021-05-13,sh.600008,2.96,2.98,2.94,2.97,30230698,89638644.25
2021-05-14,sh.600008,2.98,3.04,2.97,3.03,61051524,184402276.17
2021-05-17,sh.600008,3.06,3.08,3.01,3.02,43342094,131561655.9
2021-05-18,sh.600008,3.05,3.05,3.01,3.03,37815192,114287693.82
2021-05-19,sh.600008,3.02,3.03,2.98,3.0,33457244,100257325.46
2021-05-20,sh.600008,2.99,3.02,2.97,3.01,27169202,81452561.72
2021-05-21,sh.600008,3.01,3.02,2.98,2.99,26741850,80015147.48
2021-05-24,sh.600008,2.99,3.04,2.99,3.02,35301183,106444630.69
2021-05-25,sh.600008,3.0,3.03,2.98,3.02,35320406,106349829.88
2021-05-26,sh.600008,3.02,3.05,3.01,3.03,45290794,137119969.59
2021-05-27,sh.600008,3.03,3.04,3.01,3.03,32735424,99026919.46
2021-05-28,sh.600008,3.0,3.0,2.94,2.94,37981561,112435246.8
2021-05-31,sh.600008,2.94,2.97,2.92,2.93,35768962,104927309.16
2021-06-01,sh.600008,2.96,3.18,2.95,3.08,180338561,559153215.95
2021-06-02,sh.600008,3.05,3.15,3.04,3.12,105285549,327662124.84
2021-06-03,sh.600008,3.13,3.13,3.08,3.11,59218854,184086329.37
2021-06-04,sh.600008,3.13,3.13,3.08,3.11,46511405,144328069.66
2021-06-07,sh.600008,3.12,3.13,3.06,3.09,45205832,139196037.36
2021-06-08,sh.600008,3.09,3.09,3.05,3.06,37475459,114829081.24
2021-06-09,sh.600008,3.06,3.07,3.03,3.04,31581170,96150971.33
2021-06-10,sh.600008,3.05,3.06,3.02,3.05,34436922,104757076.48
2021-06-11,sh.600008,3.04,3.07,3.03,3.03,41905350,127759454.69
2021-06-15,sh.600008,3.04,3.05,2.97,2.98,44802314,134535700.87
2021-06-16,sh.600008,2.99,3.02,2.96,3.0,32352987,96801270.38
2021-06-17,sh.600008,2.99,3.01,2.97,2.97,25366090,75700623.66
2021-06-18,sh.600008,2.98,3.07,2.96,3.03,55128100,166620520.46
2021-06-21,sh.600008,3.05,3.09,3.03,3.07,50248446,153686824.93
2021-06-22,sh.600008,3.06,3.09,3.05,3.09,47192165,145248609.64
2021-06-23,sh.600008,3.08,3.13,3.07,3.09,44328849,137188470.61
2021-06-24,sh.600008,3.09,3.12,3.07,3.1,42979606,133170449.08
2021-06-25,sh.600008,3.09,3.11,3.06,3.09,41435477,127970209.2
2021-06-28,sh.600008,3.1,3.1,3.05,3.05,33883978,104120937.33
2021-06-29,sh.600008,3.05,3.08,3.02,3.03,35479116,108041612.75
2021-06-30,sh.600008,3.03,3.05,3.0,3.01,29747337,89915475.93
2021-07-01,sh.600008,3.02,3.03,3.0,3.0,24840833,74800991.91
2021-07-02,sh.600008,3.0,3.01,2.97,2.99,28909217,86372774.72
2021-07-05,sh.600008,2.98,3.0,2.97,2.98,28890261,86190409.2
2021-07-06,sh.600008,2.98,3.0,2.97,2.99,27203172,81263973.76
2021-07-07,sh.600008,2.98,2.99,2.96,2.98,36334783,108220323.86
2021-07-08,sh.600008,2.99,3.04,2.98,2.99,36408384,109354273.9
2021-07-09,sh.600008,3.04,3.12,3.03,3.11,121312355,374356527.72
2021-07-12,sh.600008,3.11,3.28,3.1,3.19,162748063,519941560.27
2021-07-13,sh.600008,3.19,3.26,3.18,3.24,117334611,378347197.59
2021-07-14,sh.600008,3.25,3.28,3.19,3.22,155741638,502476287.68
2021-07-15,sh.600008,3.22,3.26,3.17,3.22,117397334,376242215.6
2021-07-16,sh.600008,3.2,3.33,3.19,3.28,152186941,498058044.13
2021-07-19,sh.600008,3.29,3.31,3.24,3.28,65597358,214457708.08
2021-07-20,sh.600008,3.27,3.27,3.2,3.24,68336713,220268421.16
2021-07-21,sh.600008,3.25,3.3,3.21,3.29,95788083,312720157.61
2021-07-22,sh.600008,3.27,3.29,3.24,3.26,59848001,194932180.25
2021-07-23,sh.600008,3.26,3.29,3.22,3.28,57305613,186828732.83
2021-07-26,sh.600008,3.26,3.26,3.19,3.22,69367436,223820950.46
2021-07-27,sh.600008,3.24,3.31,3.2,3.22,96458011,314065465.91
2021-07-28,sh.600008,3.2,3.23,3.12,3.13,94073962,297881780.68
2021-07-29,sh.600008,3.15,3.17,3.11,3.13,69674386,218259969.18
2021-07-30,sh.600008,3.12,3.18,3.09,3.17,58689145,184599937.14
2021-08-02,sh.600008,3.16,3.33,3.14,3.3,156988400,512018974.62
2021-08-03,sh.600008,3.3,3.32,3.26,3.28,81599928,268032988.3
2021-08-04,sh.600008,3.3,3.3,3.24,3.26,58593449,191284433.34
2021-08-05,sh.600008,3.26,3.27,3.22,3.24,57199715,185847950.31
2021-08-06,sh.600008,3.25,3.32,3.22,3.3,122606675,402742125.53
2021-08-09,sh.600008,3.3,3.31,3.27,3.28,85391078,280832662.56
2021-08-10,sh.600008,3.27,3.28,3.25,3.27,60859780,198622023.77
2021-08-11,sh.600008,3.28,3.3,3.25,3.26,53755912,175637051.43
2021-08-12,sh.600008,3.26,3.27,3.18,3.21,82643910,265776841.19
2021-08-13,sh.600008,3.23,3.45,3.22,3.26,201816812,669867810.26
2021-08-16,sh.600008,3.27,3.39,3.26,3.31,172355374,573286707.75
2021-08-17,sh.600008,3.32,3.35,3.26,3.26,134266673,443866810.48
2021-08-18,sh.600008,3.26,3.32,3.24,3.31,108975961,358480859.89
2021-08-19,sh.600008,3.31,3.33,3.25,3.29,77617948,255122585.9
2021-08-20,sh.600008,3.3,3.3,3.22,3.25,75442416,245642558.88
2021-08-23,sh.600008,3.26,3.33,3.25,3.31,115689379,382439652.68
2021-08-24,sh.600008,3.33,3.4,3.3,3.39,196273796,660454418.2
2021-08-25,sh.600008,3.4,3.55,3.36,3.54,245774780,851760255.07
2021-08-26,sh.600008,3.53,3.59,3.51,3.56,145959541,519423868.06
2021-08-27,sh.600008,3.53,3.61,3.51,3.54,97989377,347165651.9
2021-08-30,sh.600008,3.56,3.72,3.55,3.68,181536594,663641697.59
2021-08-31,sh.600008,3.76,3.81,3.64,3.72,198192475,735860672.34
2021-09-01,sh.600008,3.75,4.03,3.73,3.79,295525328,1138569034.68
2021-09-02,sh.600008,3.8,3.9,3.71,3.85,179802707,687286533.22
2021-09-03,sh.600008,3.88,3.95,3.77,3.81,149170919,571892171.83
2021-09-06,sh.600008,3.87,3.9,3.76,3.81,123205419,470479682.86
2021-09-07,sh.600008,3.77,3.85,3.76,3.82,108198794,412246512.97
2021-09-08,sh.600008,3.86,3.97,3.83,3.94,142974913,558269629.38
2021-09-09,sh.600008,3.93,4.06,3.88,3.99,168082033,667738278.45
2021-09-10,sh.600008,4.01,4.09,3.96,3.98,158737174,637059597.13
2021-09-13,sh.600008,4.07,4.15,4.01,4.07,180068201,735161386.8
2021-09-14,sh.600008,4.09,4.14,3.98,3.98,163544727,658898723.39
2021-09-15,sh.600008,3.96,4.12,3.95,4.11,164921256,670723604.31
2021-09-16,sh.600008,4.11,4.15,3.95,3.96,152935349,616875074.08
2021-09-17,sh.600008,3.93,4.01,3.82,3.92,133009142,520232867.67
2021-09-22,sh.600008,3.87,3.98,3.84,3.97,97583014,383568208.32
2021-09-23,sh.600008,4.03,4.37,4.02,4.37,350668064,1504517801.4
2021-09-24,sh.600008,4.48,4.56,4.22,4.25,383385600,1661665394.73
2021-09-27,sh.600008,4.23,4.3,3.83,3.84,347889440,1384592404.68
2021-09-28,sh.600008,3.81,3.93,3.76,3.87,182274323,700536822.47
2021-09-29,sh.600008,3.8,3.84,3.67,3.7,167409144,625378293.58
2021-09-30,sh.600008,3.7,3.74,3.63,3.71,141587945,522500350.87
2021-10-08,sh.600008,3.83,4.05,3.81,3.87,263810695,1037764756.16
2021-10-11,sh.600008,3.84,3.87,3.66,3.71,183006376,682691463.25
2021-10-12,sh.600008,3.67,3.73,3.52,3.58,164864567,594149391.66
2021-10-13,sh.600008,3.6,3.61,3.44,3.49,118444000,413496656.88
2021-10-14,sh.600008,3.49,3.54,3.46,3.49,76917994,269139207.64
2021-10-15,sh.600008,3.5,3.52,3.42,3.43,105096281,362695458.07
2021-10-18,sh.600008,3.42,3.52,3.41,3.46,97825062,340472850.69
2021-10-19,sh.600008,3.46,3.51,3.42,3.5,88384530,307172828.87
2021-10-20,sh.600008,3.5,3.5,3.43,3.46,79183383,274641518.58
2021-10-21,sh.600008,3.45,3.48,3.41,3.42,99251772,342241675.19
2021-10-22,sh.600008,3.44,3.44,3.32,3.33,133034108,446377313.21
2021-10-25,sh.600008,3.31,3.39,3.3,3.35,91970854,308355798.45
2021-10-26,sh.600008,3.34,3.47,3.33,3.39,111282296,380202862.03
2021-10-27,sh.600008,3.4,3.42,3.34,3.39,95409593,322510469.95
2021-10-28,sh.600008,3.39,3.4,3.27,3.3,107919740,358226796.06
2021-10-29,sh.600008,3.31,3.38,3.25,3.36,98383576,326338852.49
2021-11-01,sh.600008,3.33,3.33,3.18,3.23,217663941,703806413.35
2021-11-02,sh.600008,3.25,3.28,3.11,3.15,185868128,592790970.01
2021-11-03,sh.600008,3.15,3.2,3.12,3.17,87363631,276561416.62
2021-11-04,sh.600008,3.25,3.26,3.2,3.22,105758332,341324717.88
2021-11-05,sh.600008,3.2,3.21,3.12,3.13,104581885,330112555.79
2021-11-08,sh.600008,3.21,3.26,3.17,3.22,144875172,466788269.9
2021-11-09,sh.600008,3.23,3.25,3.17,3.18,104280336,333311119.71
2021-11-10,sh.600008,3.16,3.19,3.12,3.18,99477266,313134196.31
2021-11-11,sh.600008,3.17,3.24,3.16,3.2,105180064,337325897.93
2021-11-12,sh.600008,3.21,3.21,3.16,3.19,89751367,285703451.55
2021-11-15,sh.600008,3.18,3.22,3.15,3.21,79820965,254427364.97
2021-11-16,sh.600008,3.2,3.21,3.15,3.15,83460482,265054301.75
2021-11-17,sh.600008,3.15,3.18,3.14,3.17,61458599,194459376.04
2021-11-18,sh.600008,3.17,3.2,3.15,3.17,71462805,227096593.13
2021-11-19,sh.600008,3.18,3.22,3.16,3.22,104372285,333578419.37
2021-11-22,sh.600008,3.23,3.24,3.19,3.23,86867045,279911038.5
2021-11-23,sh.600008,3.22,3.31,3.21,3.28,110632033,362069490.4
2021-11-24,sh.600008,3.29,3.29,3.23,3.26,82283948,267635194.53
2021-11-25,sh.600008,3.25,3.27,3.23,3.24,65666559,213054512.66
2021-11-26,sh.600008,3.25,3.32,3.24,3.28,98619799,323754524.59
2021-11-29,sh.600008,3.23,3.25,3.18,3.2,110918752,356610592.86
2021-11-30,sh.600008,3.21,3.29,3.2,3.24,107243967,348380173.32
2021-12-01,sh.600008,3.24,3.29,3.22,3.29,89957208,292820996.36
2021-12-02,sh.600008,3.28,3.33,3.28,3.29,99804953,329522073.63
2021-12-03,sh.600008,3.29,3.35,3.27,3.34,106815352,354368938.25
2021-12-06,sh.600008,3.36,3.38,3.31,3.32,100614918,336555065.09
2021-12-07,sh.600008,3.33,3.36,3.28,3.32,99062151,328682665.62
2021-12-08,sh.600008,3.32,3.34,3.3,3.34,73697534,244934943.06
2021-12-09,sh.600008,3.33,3.35,3.31,3.33,85094559,283662801.93
2021-12-10,sh.600008,3.33,3.37,3.32,3.33,98404623,328912017.85
2021-12-13,sh.600008,3.33,3.35,3.32,3.32,78437092,261261637.14
2021-12-14,sh.600008,3.32,3.32,3.27,3.27,86537664,284259677.48
2021-12-15,sh.600008,3.26,3.35,3.25,3.32,103821676,343917285.53
2021-12-16,sh.600008,3.33,3.42,3.32,3.41,163487690,552478139.28
2021-12-17,sh.600008,3.43,3.47,3.4,3.42,132162734,453673687.18
2021-12-20,sh.600008,3.41,3.41,3.36,3.37,96249338,324943566.74
2021-12-21,sh.600008,3.36,3.48,3.34,3.47,112342472,383566036.11
2021-12-22,sh.600008,3.47,3.48,3.4,3.42,97706822,335425002.89
2021-12-23,sh.600008,3.41,3.44,3.38,3.43,73411061,250814532.16
2021-12-24,sh.600008,3.43,3.44,3.38,3.38,79373906,269819385.67
2021-12-27,sh.600008,3.38,3.43,3.36,3.39,69293890,235448256.4
2021-12-28,sh.600008,3.4,3.41,3.33,3.36,82278930,275695022.92
2021-12-29,sh.600008,3.36,3.4,3.32,3.37,74089366,248538858.06
2021-12-30,sh.600008,3.36,3.37,3.34,3.36,57252257,192117811.65
2021-12-31,sh.600008,3.36,3.42,3.34,3.41,84171694,285314924.77
2022-01-04,sh.600008,3.41,3.52,3.4,3.49,152214235,529276170.87
2022-01-05,sh.600008,3.49,3.54,3.46,3.47,121817284,425580555.68
2022-01-06,sh.600008,3.45,3.56,3.44,3.55,134454170,473469650.87
2022-01-07,sh.600008,3.53,3.56,3.5,3.52,116262750,410073464.47
2022-01-10,sh.600008,3.5,3.53,3.47,3.5,107048718,374109815.22
2022-01-11,sh.600008,3.49,3.52,3.46,3.46,90668747,316387743.24
2022-01-12,sh.600008,3.48,3.49,3.45,3.47,61762546,214247830.79
2022-01-13,sh.600008,3.47,3.52,3.45,3.47,82321885,287116911.98
2022-01-14,sh.600008,3.46,3.47,3.38,3.39,101241558,345899187.42
2022-01-17,sh.600008,3.38,3.42,3.37,3.41,57980360,197423344.16
2022-01-18,sh.600008,3.4,3.42,3.37,3.39,71829567,243128555.65
2022-01-19,sh.600008,3.37,3.41,3.36,3.4,59080637,200387986.96
2022-01-20,sh.600008,3.39,3.43,3.36,3.38,66767783,226313760.62
2022-01-21,sh.600008,3.37,3.37,3.33,3.35,61518845,205749521.88
2022-01-24,sh.600008,3.34,3.34,3.29,3.3,55413470,183442336.9
2022-01-25,sh.600008,3.29,3.29,3.15,3.16,94754874,304838724.34
2022-01-26,sh.600008,3.15,3.2,3.15,3.18,60793524,193099432.84
2022-01-27,sh.600008,3.18,3.19,3.12,3.14,56433078,178045175.29
2022-01-28,sh.600008,3.17,3.19,3.11,3.16,60621956,191129591.32
2022-02-07,sh.600008,3.19,3.28,3.19,3.27,86126075,279463899.87
2022-02-08,sh.600008,3.26,3.43,3.25,3.41,151262733,509972694.7
2022-02-09,sh.600008,3.4,3.46,3.38,3.42,112157985,384299956.55
2022-02-10,sh.600008,3.46,3.56,3.46,3.49,166619794,584677702.1
2022-02-11,sh.600008,3.49,3.63,3.47,3.48,162840557,576285814.93
2022-02-14,sh.600008,3.46,3.52,3.38,3.4,104304774,358026667.09
2022-02-15,sh.600008,3.42,3.43,3.38,3.4,79462476,270046938.95
2022-02-16,sh.600008,3.42,3.44,3.39,3.42,71597540,244630721.16
2022-02-17,sh.600008,3.43,3.51,3.42,3.46,125134543,434594749.15
2022-02-18,sh.600008,3.43,3.57,3.41,3.53,125726197,441297976.11
2022-02-21,sh.600008,3.53,3.54,3.48,3.51,79613036,279182940.98
2022-02-22,sh.600008,3.48,3.53,3.46,3.48,75733635,264174782.65
2022-02-23,sh.600008,3.5,3.53,3.47,3.51,67627638,236201978.26
2022-02-24,sh.600008,3.49,3.56,3.39,3.44,142967945,496147739.64
2022-02-25,sh.600008,3.47,3.51,3.43,3.45,88687823,308258263.69
2022-02-28,sh.600008,3.45,3.48,3.4,3.46,65382741,225171712.0
2022-03-01,sh.600008,3.47,3.51,3.44,3.47,71781078,249066053.0
2022-03-02,sh.600008,3.46,3.5,3.44,3.49,67215500,233674150.0
2022-03-03,sh.600008,3.51,3.56,3.48,3.55,142070332,501012032.0
2022-03-04,sh.600008,3.54,3.55,3.46,3.51,109183242,382102320.0
2022-03-07,sh.600008,3.48,3.52,3.41,3.44,92675178,321016496.0
2022-03-08,sh.600008,3.43,3.44,3.27,3.29,119387552,398840576.0
2022-03-09,sh.600008,3.3,3.38,3.15,3.26,140010719,458923360.0
2022-03-10,sh.600008,3.33,3.43,3.29,3.39,129047916,434252464.0
2022-03-11,sh.600008,3.35,3.37,3.26,3.36,96358172,319749216.0
2022-03-14,sh.600008,3.34,3.36,3.21,3.22,99045482,325121264.0
2022-03-15,sh.600008,3.19,3.19,3.0,3.0,164605363,510970320.0
2022-03-16,sh.600008,3.05,3.08,2.92,3.07,129766230,391438080.0
2022-03-17,sh.600008,3.09,3.13,3.06,3.07,94600485,292548560.0
2022-03-18,sh.600008,3.06,3.13,3.05,3.11,72271510,223917093.49
2022-03-21,sh.600008,3.11,3.16,3.08,3.14,84732024,264107004.99
2022-03-22,sh.600008,3.13,3.18,3.11,3.16,69039544,217014425.31
2022-03-23,sh.600008,3.16,3.17,3.11,3.12,61747681,193365163.85
2022-03-24,sh.600008,3.11,3.11,3.07,3.08,54364556,167938329.84
2022-03-25,sh.600008,3.08,3.11,3.06,3.07,45829620,141349570.17
2022-03-28,sh.600008,3.05,3.11,3.01,3.11,65976921,203134736.96
2022-03-29,sh.600008,3.11,3.13,3.07,3.08,39464391,122034986.09
2022-03-30,sh.600008,3.1,3.14,3.08,3.14,55175809,171636550.43
2022-03-31,sh.600008,3.13,3.18,3.12,3.15,72702956,229682898.75
2022-04-01,sh.600008,3.17,3.24,3.15,3.2,97608113,312192141.13
2022-04-06,sh.600008,3.18,3.24,3.17,3.24,71655368,229469769.08
2022-04-07,sh.600008,3.21,3.24,3.16,3.16,68979404,220083920.93
2022-04-08,sh.600008,3.17,3.28,3.14,3.26,120704629,388543890.41
2022-04-11,sh.600008,3.28,3.28,3.11,3.13,138382125,441506497.01
2022-04-12,sh.600008,3.13,3.17,3.06,3.16,87580489,273128361.23
2022-04-13,sh.600008,3.16,3.17,3.11,3.12,62085379,194704370.07
2022-04-14,sh.600008,3.12,3.18,3.12,3.14,50839519,160133733.46
2022-04-15,sh.600008,3.15,3.26,3.13,3.15,93096070,296767620.5
2022-04-18,sh.600008,3.15,3.16,3.09,3.11,77977200,242314545.6
2022-04-19,sh.600008,3.1,3.13,3.08,3.09,79113748,245343819.24
2022-04-20,sh.600008,3.11,3.11,3.03,3.06,75548049,231897665.96
2022-04-21,sh.600008,3.04,3.06,2.98,2.99,78919471,238031612.02
2022-04-22,sh.600008,2.97,3.02,2.95,3.0,47366110,141419715.74
2022-04-25,sh.600008,2.96,2.98,2.83,2.84,90953440,264801506.42
2022-04-26,sh.600008,2.83,2.87,2.79,2.8,70994365,201046786.08
2022-04-27,sh.600008,2.78,2.87,2.75,2.86,65436583,184190601.26
2022-04-28,sh.600008,2.85,2.88,2.81,2.85,50348593,143460204.34
2022-04-29,sh.600008,2.87,2.92,2.84,2.92,56514259,163180166.43
2022-05-05,sh.600008,2.9,2.95,2.89,2.92,55680640,162804910.5
2022-05-06,sh.600008,2.88,2.89,2.83,2.84,59664856,170529555.18
2022-05-09,sh.600008,2.84,2.93,2.83,2.93,60122692,174579404.12
2022-05-10,sh.600008,2.9,2.99,2.89,2.98,70487692,207999861.21
2022-05-11,sh.600008,2.97,3.01,2.95,2.96,70157096,209466632.44
2022-05-12,sh.600008,2.94,2.99,2.93,2.96,45170607,133753907.94
2022-05-13,sh.600008,2.96,2.98,2.93,2.96,38972489,115229893.26
2022-05-16,sh.600008,2.97,2.98,2.94,2.96,35948472,106372433.4
2022-05-17,sh.600008,2.96,2.96,2.92,2.95,38672224,113544872.26
2022-05-18,sh.600008,2.95,2.96,2.92,2.92,45530553,133752366.69
2022-05-19,sh.600008,2.87,2.92,2.87,2.92,50569820,146049565.61
2022-05-20,sh.600008,2.93,2.97,2.92,2.97,46653944,137548466.87
2022-05-23,sh.600008,2.98,2.99,2.95,2.98,42765581,127088316.4
2022-05-24,sh.600008,2.99,3.0,2.91,2.91,53258923,157415180.42
2022-05-25,sh.600008,2.91,2.98,2.91,2.97,41819498,123291041.72
2022-05-26,sh.600008,2.97,3.01,2.96,3.0,56346497,168520905.93
2022-05-27,sh.600008,2.92,2.93,2.87,2.89,64468193,186772544.64
2022-05-30,sh.600008,2.9,2.91,2.88,2.9,42038515,121700891.65
2022-05-31,sh.600008,2.91,2.92,2.89,2.92,39785140,115678378.9
2022-06-01,sh.600008,2.92,2.93,2.89,2.92,42927507,124938086.67
2022-06-02,sh.600008,2.91,2.91,2.89,2.91,36063252,104636479.9
2022-06-06,sh.600008,2.91,2.94,2.9,2.93,48116822,140492321.4
2022-06-07,sh.600008,2.93,2.94,2.9,2.91,45705642,133178611.14
2022-06-08,sh.600008,2.92,2.93,2.88,2.91,54051453,156968027.58
2022-06-09,sh.600008,2.91,2.92,2.88,2.89,32813682,95189765.98
2022-06-10,sh.600008,2.88,2.92,2.87,2.92,46280217,134248642.55
2022-06-13,sh.600008,2.9,2.91,2.88,2.9,51380531,148775193.15
2022-06-14,sh.600008,2.88,2.93,2.85,2.92,72427576,209033313.32
2022-06-15,sh.600008,2.92,3.0,2.91,2.95,98687105,291987385.78
2022-06-16,sh.600008,2.96,2.97,2.92,2.93,62718849,184568328.97
2022-06-17,sh.600008,2.92,2.93,2.89,2.92,56601041,164573995.14
2022-06-20,sh.600008,2.92,2.93,2.89,2.92,41102619,119581252.2
2022-06-21,sh.600008,2.92,2.92,2.89,2.91,36918348,107185257.7
2022-06-22,sh.600008,2.9,2.91,2.87,2.87,40144171,115893550.79
2022-06-23,sh.600008,2.87,2.91,2.87,2.9,48942570,141479268.72
2022-06-24,sh.600008,2.91,2.91,2.88,2.91,43986104,127395995.1
2022-06-27,sh.600008,2.91,2.92,2.9,2.9,55039953,160005680.4
2022-06-28,sh.600008,2.9,2.92,2.89,2.92,40495622,117721472.13
2022-06-29,sh.600008,2.92,2.94,2.91,2.91,56805867,166072501.5
2022-06-30,sh.600008,2.91,2.94,2.9,2.9,75752712,221081570.04
2022-07-01,sh.600008,2.91,2.95,2.9,2.93,67570837,197698773.83
2022-07-04,sh.600008,2.93,2.94,2.9,2.91,69353601,202244419.14
2022-07-05,sh.600008,2.91,2.93,2.89,2.91,57004302,165879506.5
2022-07-06,sh.600008,2.91,2.91,2.85,2.87,72150785,207425478.86
2022-07-07,sh.600008,2.87,2.88,2.86,2.86,34611612,99329729.92
2022-07-08,sh.600008,2.87,2.88,2.85,2.85,38989098,111499314.13
2022-07-11,sh.600008,2.85,2.86,2.83,2.84,41171071,116974634.34
2022-07-12,sh.600008,2.85,2.89,2.84,2.86,49171700,140880646.1
2022-07-13,sh.600008,2.86,2.91,2.85,2.9,53564042,154452723.16
2022-07-14,sh.600008,2.9,2.91,2.86,2.88,44153260,127308753.3
2022-07-15,sh.600008,2.87,2.89,2.84,2.85,52866214,151179341.46
2022-07-18,sh.600008,2.85,2.97,2.84,2.96,133310632,391889299.01
2022-07-19,sh.600008,2.96,2.98,2.93,2.97,81844597,241759991.0
2022-07-20,sh.600008,2.98,2.99,2.94,2.95,48902698,144445779.41
2022-07-21,sh.600008,2.95,2.95,2.9,2.91,48881938,142884583.56
2022-07-22,sh.600008,2.91,3.07,2.9,3.03,190578458,574852460.84
2022-07-25,sh.600008,3.04,3.06,2.96,2.96,103940151,312029831.62
2022-07-26,sh.600008,2.96,3.0,2.93,2.99,61384931,181494797.39
2022-07-27,sh.600008,2.98,2.99,2.95,2.96,39275716,116453136.25
2022-07-28,sh.600008,2.97,2.98,2.94,2.95,46789085,138603927.95
2022-07-29,sh.600008,2.95,2.96,2.93,2.94,38629220,113692592.3
2022-08-01,sh.600008,2.94,2.94,2.91,2.92,40005058,116757830.38
2022-08-02,sh.600008,2.9,2.91,2.8,2.8,110700247,313290388.09
2022-08-03,sh.600008,2.8,2.84,2.77,2.78,66939870,188006026.78
2022-08-04,sh.600008,2.8,2.81,2.77,2.8,45098240,125821962.0
2022-08-05,sh.600008,2.8,2.85,2.78,2.84,50422534,141766305.0
2022-08-08,sh.600008,2.83,2.84,2.81,2.84,28638217,81017123.0
2022-08-09,sh.600008,2.83,2.84,2.81,2.82,31357928,88475070.0
2022-08-10,sh.600008,2.81,2.82,2.79,2.81,30811651,86379933.0
2022-08-11,sh.600008,2.81,2.85,2.81,2.85,42952848,121980946.0
2022-08-12,sh.600008,2.85,2.87,2.84,2.86,33146806,94646815.0
2022-08-15,sh.600008,2.86,2.87,2.83,2.85,31282802,89217397.39
2022-08-16,sh.600008,2.86,2.87,2.84,2.86,35719820,101979783.2
2022-08-17,sh.600008,2.86,2.88,2.85,2.87,40242865,115442312.3
2022-08-18,sh.600008,2.87,2.87,2.82,2.83,37527760,106552062.8
2022-08-19,sh.600008,2.83,2.86,2.82,2.85,45300531,129017553.07
2022-08-22,sh.600008,2.85,2.89,2.84,2.87,39862532,114231221.32
2022-08-23,sh.600008,2.86,2.89,2.85,2.88,55038909,158344678.76
2022-08-24,sh.600008,2.89,2.91,2.83,2.84,64644867,185739886.24
2022-08-25,sh.600008,2.85,2.87,2.83,2.87,42091731,120011804.15
2022-08-26,sh.600008,2.87,2.88,2.85,2.86,38508999,110390791.29
2022-08-29,sh.600008,2.84,2.89,2.82,2.88,46177598,131798643.0
2022-08-30,sh.600008,2.87,2.88,2.85,2.86,35747571,102225693.29
2022-08-31,sh.600008,2.84,2.85,2.81,2.81,64987155,183430257.43
2022-09-01,sh.600008,2.81,2.83,2.79,2.8,41832724,117541993.4
2022-09-02,sh.600008,2.79,2.81,2.79,2.8,29215005,81779205.73
2022-09-05,sh.600008,2.8,2.82,2.79,2.81,36062050,101106688.7
2022-09-06,sh.600008,2.81,2.84,2.8,2.83,45529238,128471155.46
2022-09-07,sh.600008,2.83,2.85,2.82,2.85,39903593,113052928.25
2022-09-08,sh.600008,2.85,2.86,2.83,2.84,29057550,82489267.6
2022-09-09,sh.600008,2.84,2.85,2.83,2.84,33272978,94468759.24
2022-09-13,sh.600008,2.85,2.86,2.82,2.83,31484150,89372246.59
2022-09-14,sh.600008,2.81,2.82,2.8,2.8,30776270,86363824.2
2022-09-15,sh.600008,2.81,2.82,2.77,2.78,50211050,140070519.3
2022-09-16,sh.600008,2.77,2.78,2.71,2.72,57971668,158988556.29
2022-09-19,sh.600008,2.72,2.73,2.68,2.7,38121584,102791708.76
2022-09-20,sh.600008,2.7,2.72,2.69,2.7,21485794,58158470.92
2022-09-21,sh.600008,2.7,2.73,2.66,2.72,32816972,88522322.02
2022-09-22,sh.600008,2.7,2.72,2.69,2.7,24077690,65090088.4
2022-09-23,sh.600008,2.69,2.72,2.68,2.69,29991752,80950028.16
2022-09-26,sh.600008,2.68,2.68,2.63,2.63,41314333,109843437.07
2022-09-27,sh.600008,2.63,2.67,2.62,2.66,26465412,69949687.34
2022-09-28,sh.600008,2.65,2.66,2.62,2.63,25094382,66267819.54
2022-09-29,sh.600008,2.64,2.65,2.58,2.59,32782532,85743951.68
2022-09-30,sh.600008,2.59,2.62,2.58,2.6,29165641,75975245.73
2022-10-10,sh.600008,2.61,2.66,2.6,2.61,37966062,99920223.91
2022-10-11,sh.600008,2.62,2.66,2.61,2.65,29252328,77046611.56
2022-10-12,sh.600008,2.64,2.69,2.63,2.68,26920104,71565058.64
2022-10-13,sh.600008,2.68,2.68,2.64,2.67,28519283,75922673.38
2022-10-14,sh.600008,2.67,2.71,2.66,2.68,36140511,97095099.48
2022-10-17,sh.600008,2.68,2.72,2.68,2.71,33604835,90923943.54
2022-10-18,sh.600008,2.72,2.73,2.71,2.71,20376855,55311812.05
2022-10-19,sh.600008,2.71,2.72,2.69,2.69,25824580,69736664.2
2022-10-20,sh.600008,2.7,2.72,2.69,2.71,26133640,70709066.62
2022-10-21,sh.600008,2.71,2.73,2.7,2.71,30138772,81722098.4
2022-10-24,sh.600008,2.7,2.73,2.65,2.68,38290994,103192883.98
2022-10-25,sh.600008,2.67,2.7,2.66,2.68,25958273,69576213.48
2022-10-26,sh.600008,2.68,2.71,2.68,2.69,27456550,74028486.08
2022-10-27,sh.600008,2.7,2.71,2.69,2.7,21351543,57640757.36
2022-10-28,sh.600008,2.71,2.71,2.65,2.67,43881855,117467615.35
2022-10-31,sh.600008,2.72,2.76,2.7,2.76,130400506,356364160.66
2022-11-01,sh.600008,2.76,2.8,2.73,2.8,86419450,239578419.19
2022-11-02,sh.600008,2.8,2.81,2.78,2.8,49610139,138812058.67
2022-11-03,sh.600008,2.78,2.84,2.77,2.81,49645261,139749642.14
2022-11-04,sh.600008,2.81,2.86,2.8,2.85,66054447,188002813.44
2022-11-07,sh.600008,2.85,2.86,2.83,2.83,49155190,139735376.49
2022-11-08,sh.600008,2.84,2.85,2.82,2.85,39141649,111097780.77
2022-11-09,sh.600008,2.84,2.86,2.82,2.83,27770480,78738966.58
2022-11-10,sh.600008,2.82,2.84,2.81,2.83,40316818,113875409.5
2022-11-11,sh.600008,2.85,2.88,2.83,2.84,51397092,146566605.36
2022-11-14,sh.600008,2.85,2.86,2.82,2.84,43000734,122337548.46
2022-11-15,sh.600008,2.84,2.85,2.82,2.85,43313414,122836424.82
2022-11-16,sh.600008,2.85,2.85,2.82,2.83,28992965,82090095.41
2022-11-17,sh.600008,2.81,2.82,2.8,2.8,37470123,105192378.2
2022-11-18,sh.600008,2.81,2.84,2.8,2.83,46378747,130875013.55
2022-11-21,sh.600008,2.82,2.82,2.8,2.81,32567483,91434398.2
2022-11-22,sh.600008,2.81,2.86,2.8,2.84,52061304,147645336.02
2022-11-23,sh.600008,2.85,2.87,2.84,2.86,55483111,158510663.56
2022-11-24,sh.600008,2.86,2.88,2.84,2.85,38066411,108721915.78
2022-11-25,sh.600008,2.84,2.88,2.84,2.87,53062533,152291224.97
2022-11-28,sh.600008,2.86,2.87,2.82,2.87,46855724,133687771.6
2022-11-29,sh.600008,2.87,2.9,2.86,2.89,50088034,144766353.45
2022-11-30,sh.600008,2.89,2.92,2.88,2.89,51164342,148641924.74
2022-12-01,sh.600008,2.91,2.92,2.89,2.89,56063418,162838172.89
2022-12-02,sh.600008,2.89,2.91,2.87,2.89,44579419,128746906.0
2022-12-05,sh.600008,2.89,2.94,2.89,2.92,71555446,208829957.74
2022-12-06,sh.600008,2.93,2.93,2.89,2.9,47558058,138354843.3
2022-12-07,sh.600008,2.9,2.93,2.89,2.9,45205693,131318034.74
2022-12-08,sh.600008,2.91,2.93,2.88,2.91,44762346,130068630.24
2022-12-09,sh.600008,2.91,2.92,2.89,2.9,47675577,138641281.12
2022-12-12,sh.600008,2.9,2.91,2.85,2.86,39938842,114881433.72
2022-12-13,sh.600008,2.86,2.89,2.85,2.89,27393935,78841400.77
2022-12-14,sh.600008,2.89,2.9,2.86,2.87,27181400,78151805.21
2022-12-15,sh.600008,2.87,2.88,2.85,2.85,25133277,71896991.42
2022-12-16,sh.600008,2.85,2.87,2.84,2.87,29880275,85350181.29
2022-12-19,sh.600008,2.86,2.88,2.78,2.8,42089605,118856118.83
2022-12-20,sh.600008,2.8,2.82,2.77,2.8,29394481,82252412.19
2022-12-21,sh.600008,2.8,2.81,2.77,2.78,21400360,59747897.8
2022-12-22,sh.600008,2.79,2.82,2.73,2.74,34260544,95293589.96
2022-12-23,sh.600008,2.75,2.79,2.74,2.77,30018858,83127416.9
2022-12-26,sh.600008,2.76,2.79,2.76,2.78,24337429,67639645.98
2022-12-27,sh.600008,2.79,2.82,2.78,2.81,26472490,74379039.0
2022-12-28,sh.600008,2.81,2.84,2.79,2.82,34402007,97001871.42
2022-12-29,sh.600008,2.8,2.84,2.8,2.83,25775487,72761651.32
2022-12-30,sh.600008,2.83,2.84,2.81,2.83,23618690,66765134.77
2023-01-03,sh.600008,2.84,2.9,2.82,2.88,53453342,153084414.45
2023-01-04,sh.600008,2.89,2.91,2.87,2.89,42349364,122558388.46
2023-01-05,sh.600008,2.9,2.91,2.88,2.89,35739935,103423780.05
2023-01-06,sh.600008,2.9,2.91,2.86,2.87,28195104,81251884.16
2023-01-09,sh.600008,2.89,2.89,2.87,2.88,33418832,96272859.64
2023-01-10,sh.600008,2.88,2.88,2.84,2.85,30558114,87469628.55
2023-01-11,sh.600008,2.85,2.87,2.84,2.84,27835712,79377478.48
2023-01-12,sh.600008,2.84,2.86,2.82,2.84,25621956,72804591.24
2023-01-13,sh.600008,2.84,2.86,2.84,2.86,23663687,67418612.39
2023-01-16,sh.600008,2.86,2.9,2.85,2.88,36025047,103808703.99
2023-01-17,sh.600008,2.88,2.9,2.87,2.89,31349415,90545762.8
2023-01-18,sh.600008,2.89,2.9,2.87,2.88,28738877,82775382.76
2023-01-19,sh.600008,2.88,2.92,2.86,2.9,37508076,108377609.0
2023-01-20,sh.600008,2.91,2.93,2.9,2.92,43360841,126430677.16
2023-01-30,sh.600008,2.94,2.95,2.92,2.93,51441741,150901454.5
2023-01-31,sh.600008,2.92,2.93,2.9,2.92,42672697,124424329.27
2023-02-01,sh.600008,2.92,2.94,2.91,2.94,57266418,167431682.94
2023-02-02,sh.600008,2.94,2.94,2.91,2.92,46636321,136260865.36
2023-02-03,sh.600008,2.92,2.93,2.88,2.89,50441940,146069002.8
2023-02-06,sh.600008,2.89,2.91,2.88,2.89,40338257,116798617.12
2023-02-07,sh.600008,2.9,2.94,2.88,2.94,69579521,202992744.53
2023-02-08,sh.600008,2.94,2.94,2.91,2.92,45028180,131715047.8
2023-02-09,sh.600008,2.92,2.94,2.91,2.94,46117948,135230331.03
2023-02-10,sh.600008,2.93,2.95,2.92,2.94,58921494,173139425.57
2023-02-13,sh.600008,2.95,2.96,2.94,2.94,52728197,155425035.18
2023-02-14,sh.600008,2.95,2.96,2.92,2.94,43179839,126820255.27
2023-02-15,sh.600008,2.94,2.94,2.91,2.92,40670072,118874886.92
2023-02-16,sh.600008,2.92,2.95,2.89,2.9,61582001,180270109.09
2023-02-17,sh.600008,2.9,2.92,2.89,2.89,40788940,118444301.04
2023-02-20,sh.600008,2.89,2.93,2.88,2.92,37895446,110338442.32
2023-02-21,sh.600008,2.93,2.95,2.92,2.94,48316732,141823887.71
2023-02-22,sh.600008,2.93,2.94,2.92,2.92,31085540,91015631.3
2023-02-23,sh.600008,2.93,2.94,2.92,2.93,36502469,106876610.07
2023-02-24,sh.600008,2.93,2.95,2.91,2.94,41484457,121526527.33
2023-02-27,sh.600008,2.93,2.94,2.9,2.92,35219058,102948412.84
2023-02-28,sh.600008,2.92,2.95,2.9,2.94,55718002,162787236.75
2023-03-01,sh.600008,2.94,2.98,2.93,2.98,97599206,288582839.85
2023-03-02,sh.600008,2.97,3.02,2.97,3.0,93403878,280059787.92
2023-03-03,sh.600008,3.01,3.06,3.0,3.04,83761453,253827741.16
2023-03-06,sh.600008,3.04,3.07,3.03,3.04,77707114,236861075.76
2023-03-07,sh.600008,3.04,3.06,2.98,3.0,86764447,262398044.9
2023-03-08,sh.600008,3.0,3.01,2.98,3.01,54024680,161708213.1
2023-03-09,sh.600008,3.01,3.04,2.99,3.04,61381948,185369929.79
2023-03-10,sh.600008,3.03,3.03,2.98,2.98,53325008,159913285.0
2023-03-13,sh.600008,2.98,3.01,2.97,3.01,50756863,151898233.53
2023-03-14,sh.600008,3.0,3.03,2.98,3.01,52334164,157168179.26
2023-03-15,sh.600008,3.01,3.05,2.99,3.05,61537812,186142281.46
2023-03-16,sh.600008,3.03,3.05,3.02,3.02,61839066,187608423.56
2023-03-17,sh.600008,3.03,3.06,3.02,3.05,64088947,195396528.48
2023-03-20,sh.600008,3.05,3.07,3.01,3.01,76946732,233687351.62
2023-03-21,sh.600008,3.02,3.06,3.02,3.03,53631010,162634619.3
2023-03-22,sh.600008,3.04,3.04,3.02,3.03,36798011,111515584.56
2023-03-23,sh.600008,3.03,3.05,3.01,3.04,39626657,120230301.29
2023-03-24,sh.600008,3.03,3.05,3.02,3.03,37318604,113306060.06
2023-03-27,sh.600008,3.03,3.03,2.97,2.97,62591543,187188264.74
2023-03-28,sh.600008,2.98,2.99,2.95,2.96,47540039,141314465.91
2023-03-29,sh.600008,2.96,2.98,2.93,2.95,43952048,129714872.2
2023-03-30,sh.600008,2.95,2.97,2.93,2.96,39427753,116468317.12
2023-03-31,sh.600008,2.96,2.98,2.95,2.97,31339561,92955234.96
2023-04-03,sh.600008,2.97,3.01,2.96,2.99,59041127,176448078.13
2023-04-04,sh.600008,3.0,3.03,2.99,3.02,47618824,143357706.65
2023-04-06,sh.600008,3.02,3.02,2.99,3.0,42102433,126426259.6
2023-04-07,sh.600008,3.0,3.01,2.99,3.0,38301435,114782094.65
2023-04-10,sh.600008,2.99,3.02,2.98,3.0,47757775,143277307.12
2023-04-11,sh.600008,3.0,3.02,2.98,3.01,43671986,130964216.37
2023-04-12,sh.600008,3.01,3.15,3.01,3.12,127059118,394506705.13
2023-04-13,sh.600008,3.09,3.1,3.02,3.03,165408893,504801156.84
2023-04-14,sh.600008,3.04,3.04,2.98,3.0,99054652,297567151.16
2023-04-17,sh.600008,3.0,3.03,2.98,3.02,81003680,243723546.5
2023-04-18,sh.600008,3.03,3.03,2.99,3.01,58882340,177089981.7
2023-04-19,sh.600008,3.01,3.06,3.0,3.03,71417474,215876238.59
2023-04-20,sh.600008,3.03,3.03,2.99,3.01,54471950,163732636.05
2023-04-21,sh.600008,3.01,3.03,2.95,2.95,81731214,243979001.63
2023-04-24,sh.600008,2.96,2.97,2.93,2.95,60878341,179761841.53
2023-04-25,sh.600008,2.96,2.98,2.92,2.94,50620641,149370427.12
2023-04-26,sh.600008,2.94,2.96,2.93,2.95,38672933,113890907.25
2023-04-27,sh.600008,2.95,2.97,2.93,2.97,37549818,110872090.38
2023-04-28,sh.600008,2.96,3.0,2.95,3.0,55323985,164887903.2
2023-05-04,sh.600008,2.99,3.11,2.98,3.07,125099292,381254492.93
2023-05-05,sh.600008,3.06,3.1,3.03,3.09,80274552,246094776.37
2023-05-08,sh.600008,3.09,3.19,3.08,3.15,163757349,514685540.0
2023-05-09,sh.600008,3.16,3.22,3.13,3.15,147305414,469182952.49
2023-05-10,sh.600008,3.15,3.2,3.14,3.16,87361211,276340771.82
2023-05-11,sh.600008,3.17,3.25,3.16,3.21,108295687,347783490.6
2023-05-12,sh.600008,3.2,3.23,3.17,3.18,72092832,230207885.46
2023-05-15,sh.600008,3.2,3.22,3.13,3.2,82313656,261444803.34
2023-05-16,sh.600008,3.2,3.21,3.15,3.16,68959440,219201131.12
2023-05-17,sh.600008,3.16,3.18,3.13,3.16,64342969,202644040.59
2023-05-18,sh.600008,3.16,3.17,3.13,3.13,54354772,171159827.6
2023-05-19,sh.600008,3.13,3.14,3.08,3.09,58122930,180039333.9
2023-05-22,sh.600008,3.08,3.12,3.07,3.08,45391919,140415357.61
2023-05-23,sh.600008,3.08,3.09,3.02,3.02,64158659,195757703.27
2023-05-24,sh.600008,3.02,3.03,2.99,2.99,63842479,191926511.45
2023-05-25,sh.600008,2.98,3.0,2.95,2.97,56668952,168440322.73
2023-05-26,sh.600008,2.99,3.04,2.99,3.02,58547120,176229369.6
2023-05-29,sh.600008,3.02,3.14,3.0,3.08,102799798,317527410.14
2023-05-30,sh.600008,3.08,3.13,3.06,3.13,70340670,218214885.97
2023-05-31,sh.600008,3.12,3.12,3.06,3.07,57120749,176277716.11
2023-06-01,sh.600008,3.08,3.09,3.04,3.05,55449693,169666683.92
2023-06-02,sh.600008,3.06,3.07,3.04,3.05,39642496,120931572.84
2023-06-05,sh.600008,3.05,3.06,3.02,3.04,37909288,115137963.78
2023-06-06,sh.600008,3.03,3.04,2.97,2.98,55653485,166861952.95
2023-06-07,sh.600008,2.98,3.0,2.97,2.98,40282475,120163332.61
2023-06-08,sh.600008,2.98,3.02,2.97,3.02,35047250,105048600.45
2023-06-09,sh.600008,3.02,3.05,3.01,3.04,49427492,149677221.85
2023-06-12,sh.600008,3.04,3.05,2.99,2.99,50729358,152633748.28
2023-06-13,sh.600008,2.99,3.0,2.97,2.98,41633512,124297208.46
2023-06-14,sh.600008,2.99,2.99,2.96,2.97,52934006,157492730.96
2023-06-15,sh.600008,2.86,2.87,2.84,2.86,64249952,183431850.67
2023-06-16,sh.600008,2.86,2.87,2.85,2.86,45310990,129666321.09
2023-06-19,sh.600008,2.86,2.87,2.82,2.84,55544526,157625541.67
2023-06-20,sh.600008,2.84,2.85,2.82,2.84,30539453,86552348.8
2023-06-21,sh.600008,2.83,2.84,2.79,2.8,46763424,131930738.11
2023-06-26,sh.600008,2.79,2.83,2.77,2.8,38707600,108516348.8
2023-06-27,sh.600008,2.8,2.86,2.8,2.85,37184421,105578824.96
2023-06-28,sh.600008,2.85,2.87,2.84,2.87,40740030,116428920.0
2023-06-29,sh.600008,2.86,2.87,2.84,2.85,34066359,97224639.04
2023-06-30,sh.600008,2.86,2.89,2.85,2.88,31698752,91371251.55
2023-07-03,sh.600008,2.88,2.9,2.87,2.89,39224399,113304645.43
2023-07-04,sh.600008,2.88,2.9,2.85,2.87,34097394,97731700.4
2023-07-05,sh.600008,2.86,2.88,2.85,2.87,21886847,62807227.27
2023-07-06,sh.600008,2.87,2.88,2.84,2.84,29345185,83807900.4
2023-07-07,sh.600008,2.84,2.89,2.84,2.87,33133908,95101527.99
2023-07-10,sh.600008,2.88,2.89,2.85,2.87,28378426,81365767.29
2023-07-11,sh.600008,2.87,2.89,2.86,2.88,27223873,78357735.0
2023-07-12,sh.600008,2.89,2.89,2.84,2.85,27273824,77976118.84
2023-07-13,sh.600008,2.86,2.88,2.85,2.88,26162338,75096757.17
2023-07-14,sh.600008,2.87,2.88,2.85,2.86,34383140,98449653.4
2023-07-17,sh.600008,2.86,2.87,2.84,2.87,27682420,79053387.39
2023-07-18,sh.600008,2.86,2.88,2.85,2.87,24695390,70711543.0
2023-07-19,sh.600008,2.87,2.94,2.86,2.91,70362060,205043773.98
2023-07-20,sh.600008,2.91,2.93,2.88,2.88,36220930,105043056.8
2023-07-21,sh.600008,2.89,2.92,2.88,2.9,35187286,102171117.0
2023-07-24,sh.600008,2.9,2.92,2.89,2.91,24756459,71923958.1
2023-07-25,sh.600008,2.93,2.94,2.91,2.93,37870137,110618824.37
2023-07-26,sh.600008,2.93,2.96,2.92,2.95,53247454,156706589.89
2023-07-27,sh.600008,2.95,2.96,2.93,2.94,38619050,113692829.5
2023-07-28,sh.600008,2.93,2.99,2.92,2.97,70040033,207313672.33
2023-07-31,sh.600008,2.99,3.01,2.97,3.0,73071016,218641219.58
2023-08-01,sh.600008,3.0,3.06,2.99,3.06,92736808,281521185.49
2023-08-02,sh.600008,3.04,3.06,3.01,3.03,55180943,167258592.83
2023-08-03,sh.600008,3.02,3.04,3.01,3.03,53730501,162504021.8
2023-08-04,sh.600008,3.04,3.05,3.02,3.03,60134819,182273412.57
2023-08-07,sh.600008,3.03,3.03,2.98,2.98,58423388,174957504.74
2023-08-08,sh.600008,2.99,3.0,2.96,2.98,39181071,116852842.69
2023-08-09,sh.600008,2.98,3.0,2.97,2.98,29744326,88895553.18
2023-08-10,sh.600008,2.98,2.99,2.96,2.99,30364446,90511833.48
2023-08-11,sh.600008,2.99,2.99,2.93,2.93,46109780,136315802.2
2023-08-14,sh.600008,2.92,2.93,2.9,2.92,38061016,110990242.98
2023-08-15,sh.600008,2.93,2.94,2.91,2.94,34614057,101337690.21
2023-08-16,sh.600008,2.93,2.95,2.91,2.93,28841675,84390191.01
2023-08-17,sh.600008,2.92,2.95,2.91,2.94,37157909,108737623.86
2023-08-18,sh.600008,2.94,2.99,2.93,2.96,69305563,205853408.86
2023-08-21,sh.600008,2.96,3.02,2.95,2.99,89476461,268017443.99
2023-08-22,sh.600008,2.99,3.01,2.94,2.97,67084725,199279180.82
2023-08-23,sh.600008,2.98,3.03,2.96,3.0,87222139,261964414.58
2023-08-24,sh.600008,2.98,3.0,2.92,2.95,88695677,261518953.01
2023-08-25,sh.600008,2.95,3.08,2.94,3.01,160894446,487190486.93
2023-08-28,sh.600008,3.11,3.12,3.01,3.03,161245957,492675937.11
2023-08-29,sh.600008,3.01,3.05,2.97,2.99,107598973,322596632.01
2023-08-30,sh.600008,2.99,3.0,2.91,2.91,113833119,335640771.95
2023-08-31,sh.600008,2.91,2.93,2.86,2.87,79547404,229006367.44
2023-09-01,sh.600008,2.86,2.88,2.85,2.86,54742985,156629834.45
2023-09-04,sh.600008,2.87,2.9,2.86,2.89,67404027,194251430.6
2023-09-05,sh.600008,2.89,2.9,2.86,2.89,62501727,180079556.53
2023-09-06,sh.600008,2.88,2.88,2.86,2.86,41370793,118614903.65
2023-09-07,sh.600008,2.86,2.87,2.82,2.82,61781587,175605959.08
2023-09-08,sh.600008,2.82,2.83,2.8,2.82,40319690,113594005.6
2023-09-11,sh.600008,2.83,2.86,2.81,2.85,49919399,141601238.37
2023-09-12,sh.600008,2.85,2.87,2.83,2.86,37705473,107584573.95
2023-09-13,sh.600008,2.86,2.87,2.84,2.85,36921970,105294005.0
2023-09-14,sh.600008,2.85,2.88,2.84,2.87,51602142,147752273.2
2023-09-15,sh.600008,2.87,2.89,2.86,2.88,43658670,125446471.7
2023-09-18,sh.600008,2.87,2.88,2.84,2.86,44383925,126771870.27
2023-09-19,sh.600008,2.86,2.89,2.84,2.87,56896882,163229618.19
2023-09-20,sh.600008,2.88,2.89,2.86,2.86,32882557,94573200.06
2023-09-21,sh.600008,2.86,2.89,2.84,2.85,42504750,121843657.7
2023-09-22,sh.600008,2.85,2.86,2.82,2.85,53918952,153130340.58
2023-09-25,sh.600008,2.85,2.85,2.83,2.84,27932017,79382317.46
2023-09-26,sh.600008,2.84,2.85,2.83,2.83,20026949,56859309.03
2023-09-27,sh.600008,2.84,2.85,2.82,2.83,30665889,86895685.59
2023-09-28,sh.600008,2.83,2.85,2.83,2.84,25495038,72399994.56
2023-10-09,sh.600008,2.84,2.84,2.81,2.82,35495462,100224152.79
2023-10-10,sh.600008,2.82,2.84,2.8,2.81,41336353,116531444.16
2023-10-11,sh.600008,2.81,2.82,2.8,2.8,35909812,100847987.92
2023-10-12,sh.600008,2.8,2.83,2.8,2.81,38207782,107676839.44
2023-10-13,sh.600008,2.81,2.82,2.77,2.79,44627342,124576346.66
2023-10-16,sh.600008,2.79,2.79,2.77,2.78,31171096,86661332.28
2023-10-17,sh.600008,2.79,2.81,2.78,2.8,28903875,80779334.48
2023-10-18,sh.600008,2.79,2.8,2.74,2.74,45647263,126130114.05
2023-10-19,sh.600008,2.74,2.75,2.7,2.71,34776922,94808144.74
2023-10-20,sh.600008,2.7,2.73,2.69,2.7,42831780,116026501.2
2023-10-23,sh.600008,2.7,2.71,2.63,2.64,39999781,106336824.42
2023-10-24,sh.600008,2.64,2.68,2.64,2.68,38968880,103874896.2
2023-10-25,sh.600008,2.73,2.8,2.73,2.76,66671197,184323120.75
2023-10-26,sh.600008,2.75,2.78,2.74,2.77,39008800,107686266.0
2023-10-27,sh.600008,2.77,2.8,2.76,2.79,43551814,121377218.82
2023-10-30,sh.600008,2.77,2.8,2.77,2.77,40236890,111879770.0
2023-10-31,sh.600008,2.77,2.78,2.74,2.76,34161544,94262305.5
2023-11-01,sh.600008,2.77,2.78,2.75,2.76,24876068,68841844.98
2023-11-02,sh.600008,2.76,2.78,2.75,2.75,24254178,67166203.64
2023-11-03,sh.600008,2.76,2.79,2.75,2.75,36871480,102081143.9
2023-11-06,sh.600008,2.76,2.77,2.74,2.77,36841945,101676058.95
2023-11-07,sh.600008,2.76,2.77,2.74,2.75,30210634,83239311.04
2023-11-08,sh.600008,2.76,2.77,2.73,2.73,33372650,91662026.4
2023-11-09,sh.600008,2.74,2.75,2.73,2.73,20492977,56081846.51
2023-11-10,sh.600008,2.73,2.74,2.7,2.73,32660995,88811131.9
2023-11-13,sh.600008,2.73,2.74,2.72,2.74,19790117,54014985.61
2023-11-14,sh.600008,2.73,2.75,2.73,2.74,21772161,59678254.34
2023-11-15,sh.600008,2.75,2.76,2.74,2.76,35125261,96627600.24
2023-11-16,sh.600008,2.75,2.76,2.73,2.73,24933960,68333428.5
2023-11-17,sh.600008,2.73,2.74,2.72,2.73,23075135,62948637.75
2023-11-20,sh.600008,2.73,2.75,2.73,2.74,26782673,73423343.22
2023-11-21,sh.600008,2.75,2.76,2.74,2.74,23435800,64457698.0
2023-11-22,sh.600008,2.74,2.76,2.72,2.72,30420618,83282955.4
2023-11-23,sh.600008,2.72,2.74,2.71,2.74,25122098,68581555.26
2023-11-24,sh.600008,2.74,2.75,2.73,2.74,24390269,66825289.27
2023-11-27,sh.600008,2.74,2.75,2.72,2.73,26708422,72932159.54
2023-11-28,sh.600008,2.72,2.73,2.71,2.72,23884096,64942747.18
2023-11-29,sh.600008,2.72,2.73,2.69,2.69,29990170,81100690.4
2023-11-30,sh.600008,2.69,2.71,2.68,2.7,30199445,81486790.05
2023-12-01,sh.600008,2.7,2.73,2.7,2.71,28713594,77912272.74
2023-12-04,sh.600008,2.71,2.73,2.71,2.72,19622650,53345277.16
2023-12-05,sh.600008,2.72,2.73,2.68,2.68,29186202,78824158.2
2023-12-06,sh.600008,2.68,2.69,2.67,2.68,21180934,56847964.62
2023-12-07,sh.600008,2.68,2.7,2.67,2.69,25063037,67212612.83
2023-12-08,sh.600008,2.7,2.72,2.68,2.69,35664009,96519457.42
2023-12-11,sh.600008,2.68,2.71,2.65,2.7,45641992,122117026.08
2023-12-12,sh.600008,2.7,2.73,2.69,2.72,30332610,82230839.6
2023-12-13,sh.600008,2.72,2.74,2.71,2.71,33406944,90996908.68
2023-12-14,sh.600008,2.72,2.74,2.71,2.72,32918030,89709302.3
2023-12-15,sh.600008,2.72,2.73,2.69,2.69,30461605,82497627.68
2023-12-18,sh.600008,2.69,2.7,2.67,2.68,26963890,72315902.3
2023-12-19,sh.600008,2.68,2.68,2.65,2.66,27501610,73221135.0
2023-12-20,sh.600008,2.67,2.68,2.64,2.64,26438240,70346445.78
2023-12-21,sh.600008,2.63,2.65,2.61,2.64,40503882,106477519.2
2023-12-22,sh.600008,2.64,2.65,2.62,2.62,31566708,83027716.92
2023-12-25,sh.600008,2.62,2.63,2.6,2.62,29348296,76783628.76
2023-12-26,sh.600008,2.62,2.67,2.61,2.64,48639472,128475248.37
2023-12-27,sh.600008,2.63,2.66,2.6,2.66,39022607,102686504.63
2023-12-28,sh.600008,2.65,2.68,2.64,2.68,38789621,103403754.5
2023-12-29,sh.600008,2.68,2.71,2.67,2.69,41158370,110619964.44
2024-01-02,sh.600008,2.69,2.74,2.67,2.72,66861235,181017496.53
2024-01-03,sh.600008,2.71,2.74,2.71,2.73,35556969,96908809.88
2024-01-04,sh.600008,2.73,2.77,2.72,2.75,52003419,142907658.06
2024-01-05,sh.600008,2.75,2.78,2.73,2.75,53248049,146828331.36
2024-01-08,sh.600008,2.74,2.75,2.69,2.69,43692376,118687232.21
2024-01-09,sh.600008,2.7,2.73,2.69,2.71,33729417,91400794.67
2024-01-10,sh.600008,2.71,2.73,2.7,2.71,34287180,93098760.89
2024-01-11,sh.600008,2.71,2.73,2.7,2.7,37973496,102999007.0
2024-01-12,sh.600008,2.72,2.76,2.71,2.72,49795370,136474896.8
2024-01-15,sh.600008,2.72,2.73,2.71,2.71,32301814,87838660.28
2024-01-16,sh.600008,2.71,2.73,2.68,2.71,42186839,114136742.49
2024-01-17,sh.600008,2.71,2.71,2.66,2.66,34434432,92653703.5
2024-01-18,sh.600008,2.67,2.67,2.59,2.64,67058186,175607212.42
2024-01-19,sh.600008,2.64,2.66,2.63,2.63,32714304,86442062.66
2024-01-22,sh.600008,2.63,2.64,2.52,2.54,55321060,142776132.7
2024-01-23,sh.600008,2.53,2.57,2.5,2.56,37388839,94822787.89
2024-01-24,sh.600008,2.56,2.63,2.54,2.63,47092132,121560434.84
2024-01-25,sh.600008,2.62,2.72,2.61,2.71,66014253,177255540.3
2024-01-26,sh.600008,2.71,2.73,2.7,2.72,44658236,121451432.62
2024-01-29,sh.600008,2.73,2.75,2.71,2.72,68284714,186586693.02
2024-01-30,sh.600008,2.72,2.75,2.71,2.71,69791168,190568661.01
2024-01-31,sh.600008,2.71,2.73,2.66,2.72,79673006,215299052.3
2024-02-01,sh.600008,2.7,2.73,2.68,2.7,72216409,195545152.19
2024-02-02,sh.600008,2.7,2.74,2.67,2.7,92274118,249753591.45
2024-02-05,sh.600008,2.7,2.72,2.58,2.68,104115642,275796292.96
2024-02-06,sh.600008,2.66,2.78,2.65,2.76,89033747,242766617.8
2024-02-07,sh.600008,2.76,2.86,2.75,2.85,132630977,373782118.91
2024-02-08,sh.600008,2.86,2.94,2.83,2.86,148890814,429408653.86
2024-02-19,sh.600008,2.88,2.88,2.81,2.83,74668108,212291600.47
2024-02-20,sh.600008,2.82,2.83,2.81,2.82,57839081,163081949.82
2024-02-21,sh.600008,2.81,2.86,2.8,2.82,76277774,215663589.42
2024-02-22,sh.600008,2.82,2.83,2.8,2.82,46381483,130621096.44
2024-02-23,sh.600008,2.83,2.83,2.8,2.81,47745517,134285200.03
2024-02-26,sh.600008,2.81,2.82,2.76,2.78,70108883,195368418.82
2024-02-27,sh.600008,2.78,2.81,2.77,2.8,52494732,146454846.46
2024-02-28,sh.600008,2.8,2.83,2.79,2.79,78439480,220547100.28
2024-02-29,sh.600008,2.78,2.82,2.78,2.81,54114092,151778012.6
2024-03-01,sh.600008,2.81,2.82,2.8,2.82,49474636,139048354.3
2024-03-04,sh.600008,2.82,2.82,2.79,2.79,38901068,108982690.32
2024-03-05,sh.600008,2.8,2.8,2.77,2.79,46924769,130811523.71
2024-03-06,sh.600008,2.79,2.8,2.77,2.8,38234009,106580063.62
2024-03-07,sh.600008,2.79,2.82,2.78,2.78,58254417,163017495.27
2024-03-08,sh.600008,2.78,2.79,2.76,2.78,39464988,109652319.24
2024-03-11,sh.600008,2.78,2.8,2.78,2.8,37319271,104167176.38
2024-03-12,sh.600008,2.81,2.82,2.78,2.78,49791812,139273363.36
2024-03-13,sh.600008,2.78,2.79,2.76,2.77,37962470,105201979.4
2024-03-14,sh.600008,2.77,2.8,2.77,2.78,45055826,125410227.04
2024-03-15,sh.600008,2.78,2.85,2.77,2.84,100864725,283971679.17
2024-03-18,sh.600008,2.83,2.84,2.81,2.83,72044055,203297336.6
2024-03-19,sh.600008,2.82,2.83,2.78,2.78,61893851,173206212.23
2024-03-20,sh.600008,2.77,2.8,2.77,2.79,45227738,125834173.84
2024-03-21,sh.600008,2.79,2.8,2.77,2.78,42338687,117612216.3
2024-03-22,sh.600008,2.77,2.78,2.73,2.74,54048410,148609183.76
2024-03-25,sh.600008,2.74,2.77,2.73,2.75,40289890,110890213.7
2024-03-26,sh.600008,2.75,2.76,2.73,2.75,44235140,121454283.4
2024-03-27,sh.600008,2.75,2.77,2.73,2.73,47058037,129418780.54
2024-03-28,sh.600008,2.73,2.75,2.72,2.74,50362711,137725631.92
2024-03-29,sh.600008,2.74,2.78,2.73,2.78,53804252,148718573.07
2024-04-01,sh.600008,2.78,2.81,2.77,2.81,45173291,126261055.19
2024-04-02,sh.600008,2.81,2.84,2.8,2.84,74523686,210651560.08
2024-04-03,sh.600008,2.83,2.85,2.82,2.85,52653710,149361281.45
2024-04-08,sh.600008,2.84,2.88,2.83,2.84,78406171,223711322.88
2024-04-09,sh.600008,2.84,2.86,2.82,2.83,53390597,151703485.01
2024-04-10,sh.600008,2.83,2.86,2.81,2.83,55246660,156731106.7
2024-04-11,sh.600008,2.83,2.88,2.8,2.87,87373245,249569378.17
2024-04-12,sh.600008,2.87,2.88,2.83,2.84,63568965,181181290.25
2024-04-15,sh.600008,2.86,2.88,2.81,2.87,93005357,265406547.85
2024-04-16,sh.600008,2.87,2.89,2.84,2.85,99770080,286131472.53
2024-04-17,sh.600008,2.85,2.92,2.84,2.92,102487008,295859767.04
2024-04-18,sh.600008,2.92,2.92,2.88,2.89,78144498,226471360.84
2024-04-19,sh.600008,2.88,2.93,2.87,2.9,71690930,208439011.5
2024-04-22,sh.600008,2.9,2.93,2.87,2.88,60446835,175296698.2
2024-04-23,sh.600008,2.88,2.89,2.82,2.83,64159197,182632193.1
2024-04-24,sh.600008,2.83,2.86,2.82,2.86,48626774,138245346.63
2024-04-25,sh.600008,2.87,2.89,2.84,2.87,55381113,158846752.44
2024-04-26,sh.600008,2.86,2.89,2.84,2.88,61205934,175363145.07
2024-04-29,sh.600008,2.88,2.91,2.86,2.91,70667776,204438348.98
2024-04-30,sh.600008,2.9,2.91,2.89,2.9,50541764,146695180.4
2024-05-06,sh.600008,2.91,2.94,2.91,2.93,77376181,226499814.64
2024-05-07,sh.600008,2.94,2.94,2.89,2.9,62368770,181318025.6
2024-05-08,sh.600008,2.89,2.91,2.87,2.88,51900110,149956901.8
2024-05-09,sh.600008,2.87,2.93,2.87,2.93,57499104,167472835.18
2024-05-10,sh.600008,2.92,2.94,2.91,2.93,55970360,163898962.0
2024-05-13,sh.600008,2.96,3.0,2.95,2.99,119349493,355329411.34
2024-05-14,sh.600008,2.97,2.99,2.95,2.96,71911160,213261584.38
2024-05-15,sh.600008,2.96,2.97,2.93,2.94,45311410,133395076.6
2024-05-16,sh.600008,2.94,2.96,2.92,2.93,49612010,145810157.6
2024-05-17,sh.600008,2.93,2.97,2.93,2.96,56599660,166907633.5
2024-05-20,sh.600008,2.96,2.98,2.95,2.96,62131486,184071113.57
2024-05-21,sh.600008,2.96,2.97,2.94,2.94,35802070,105737840.7
2024-05-22,sh.600008,2.95,3.01,2.94,2.99,81537330,242988960.39
2024-05-23,sh.600008,2.99,2.99,2.92,2.92,75574813,222458687.96
2024-05-24,sh.600008,2.93,2.98,2.92,2.95,74716442,221042080.1
2024-05-27,sh.600008,2.96,2.99,2.95,2.98,61307994,182495862.08
2024-05-28,sh.600008,2.98,3.0,2.96,2.97,66586340,198412180.5
2024-05-29,sh.600008,2.97,3.0,2.94,2.98,69816329,207746867.93
2024-05-30,sh.600008,2.98,3.0,2.95,2.96,60376723,179716617.69
2024-05-31,sh.600008,2.97,2.98,2.92,2.93,54527910,160593691.7
2024-06-03,sh.600008,2.93,2.93,2.85,2.88,74695281,215199853.06
2024-06-04,sh.600008,2.87,2.92,2.86,2.92,52484300,151705246.9
2024-06-05,sh.600008,2.92,2.92,2.87,2.88,41165026,119220534.54
2024-06-06,sh.600008,2.87,2.89,2.85,2.85,55479052,158843411.9
2024-06-07,sh.600008,2.78,2.84,2.77,2.83,79314120,222745779.56
2024-06-11,sh.600008,2.84,2.84,2.78,2.79,58762327,164758067.34
2024-06-12,sh.600008,2.8,2.81,2.77,2.8,42786160,119454252.5
2024-06-13,sh.600008,2.79,2.81,2.73,2.74,63270590,174804899.8
2024-06-14,sh.600008,2.74,2.77,2.73,2.76,45948035,126718154.07
2024-06-17,sh.600008,2.75,2.79,2.72,2.73,65187187,179357348.95
2024-06-18,sh.600008,2.76,2.77,2.73,2.74,39461340,108288815.06
2024-06-19,sh.600008,2.74,2.75,2.71,2.72,35195810,95857257.5
2024-06-20,sh.600008,2.72,2.74,2.7,2.71,40172114,109180463.32
2024-06-21,sh.600008,2.7,2.75,2.7,2.73,43666090,119130343.3
2024-06-24,sh.600008,2.72,2.73,2.65,2.67,58100752,155628100.34
2024-06-25,sh.600008,2.68,2.71,2.67,2.68,40717654,109492756.32
2024-06-26,sh.600008,2.68,2.71,2.66,2.7,34001517,91296053.2
2024-06-27,sh.600008,2.69,2.7,2.67,2.68,38589075,103604507.5
2024-06-28,sh.600008,2.68,2.71,2.66,2.68,42789723,115136807.78
2024-07-01,sh.600008,2.68,2.76,2.68,2.75,69376227,189554485.41
2024-07-02,sh.600008,2.76,2.78,2.74,2.77,52206237,144483000.04
2024-07-03,sh.600008,2.77,2.8,2.77,2.78,42738324,119044379.82
2024-07-04,sh.600008,2.77,2.79,2.74,2.75,52296209,144544273.52
2024-07-05,sh.600008,2.76,2.78,2.74,2.76,52281435,144305720.13
2024-07-08,sh.600008,2.77,2.78,2.74,2.75,37240178,102673453.68
2024-07-09,sh.600008,2.75,2.82,2.71,2.81,76198432,210829069.0
2024-07-10,sh.600008,2.81,2.82,2.77,2.78,37990498,105843565.6
2024-07-11,sh.600008,2.8,2.82,2.79,2.81,57278088,160970693.68
2024-07-12,sh.600008,2.81,2.86,2.8,2.85,57308084,162689227.5
2024-07-15,sh.600008,2.84,2.87,2.82,2.86,54300071,154763600.72
2024-07-16,sh.600008,2.86,2.87,2.84,2.86,42139135,120350221.01
2024-07-17,sh.600008,2.86,2.87,2.85,2.86,36281543,103806734.72
2024-07-18,sh.600008,2.85,2.9,2.84,2.88,52665724,151431225.78
2024-07-19,sh.600008,2.88,2.89,2.85,2.87,46484715,133594501.05
2024-07-22,sh.600008,2.88,2.89,2.85,2.86,36705654,105230131.64
2024-07-23,sh.600008,2.87,2.91,2.85,2.86,61176451,176630412.7
2024-07-24,sh.600008,2.86,2.92,2.85,2.9,83589857,241843507.47
2024-07-25,sh.600008,2.9,2.93,2.88,2.91,58063647,168570893.67
2024-07-26,sh.600008,2.91,2.93,2.89,2.91,57027027,166075230.11
2024-07-29,sh.600008,2.92,2.94,2.9,2.92,52352429,153330400.53
2024-07-30,sh.600008,2.93,2.97,2.92,2.96,59031039,174229950.46
2024-07-31,sh.600008,2.97,2.97,2.9,2.93,84059592,246439464.76
2024-08-01,sh.600008,2.93,2.96,2.92,2.94,61122711,179568405.63
2024-08-02,sh.600008,2.93,2.95,2.91,2.93,58228840,170291948.5
2024-08-05,sh.600008,2.92,2.94,2.87,2.87,69764874,202591195.88
2024-08-06,sh.600008,2.88,2.9,2.85,2.88,57391014,164869772.0
2024-08-07,sh.600008,2.88,2.89,2.86,2.88,35813260,102987667.3
2024-08-08,sh.600008,2.87,2.92,2.87,2.91,48954486,141829565.68
2024-08-09,sh.600008,2.92,2.92,2.9,2.9,29774526,86571612.53
2024-08-12,sh.600008,2.92,2.98,2.92,2.94,66047006,194529356.44
2024-08-13,sh.600008,2.93,2.96,2.9,2.94,58128525,170060975.26
2024-08-14,sh.600008,2.94,2.97,2.93,2.94,63691050,188182538.34
2024-08-15,sh.600008,2.94,2.97,2.93,2.95,46387472,136757147.98
2024-08-16,sh.600008,2.95,2.96,2.9,2.9,51709702,151103807.2
2024-08-19,sh.600008,2.91,2.93,2.9,2.92,31329004,91357499.23
2024-08-20,sh.600008,2.91,2.92,2.85,2.87,54042627,155533876.95
2024-08-21,sh.600008,2.87,2.87,2.83,2.85,34390662,97979570.08
2024-08-22,sh.600008,2.85,2.86,2.83,2.84,28545705,81296350.26
2024-08-23,sh.600008,2.83,2.85,2.81,2.82,34362510,97080336.6
2024-08-26,sh.600008,2.82,2.83,2.79,2.81,38786683,109029666.03
2024-08-27,sh.600008,2.81,2.84,2.81,2.81,35221204,99333845.24
2024-08-28,sh.600008,2.81,2.84,2.78,2.82,49365214,138782495.44
2024-08-29,sh.600008,2.82,2.82,2.78,2.78,54404736,152001817.98
2024-08-30,sh.600008,2.78,2.81,2.77,2.78,65653898,183057557.34
2024-09-02,sh.600008,2.81,2.92,2.8,2.87,132143087,379371455.51
2024-09-03,sh.600008,2.87,2.92,2.84,2.86,82377850,237419170.7
2024-09-04,sh.600008,2.85,2.86,2.83,2.84,38678826,110047338.37
2024-09-05,sh.600008,2.85,2.88,2.84,2.87,38021190,108906121.2
2024-09-06,sh.600008,2.87,2.91,2.86,2.87,52988489,152848861.13
2024-09-09,sh.600008,2.88,2.89,2.82,2.84,44602350,126811819.4
2024-09-10,sh.600008,2.83,2.84,2.74,2.78,67069846,186482848.74
2024-09-11,sh.600008,2.77,2.78,2.73,2.75,44153380,121684583.2
2024-09-12,sh.600008,2.74,2.81,2.74,2.79,54357292,151924047.87
2024-09-13,sh.600008,2.8,2.82,2.79,2.8,41534900,116500448.64
2024-09-18,sh.600008,2.79,2.81,2.72,2.76,48022291,132387151.59
2024-09-19,sh.600008,2.76,2.87,2.75,2.86,78009597,220100750.06
2024-09-20,sh.600008,2.86,2.87,2.79,2.8,59344220,167105570.9
2024-09-23,sh.600008,2.8,2.83,2.8,2.83,40209870,113322589.1
2024-09-24,sh.600008,2.84,2.92,2.83,2.91,92702884,266905968.05
2024-09-25,sh.600008,2.94,3.0,2.94,2.97,100548657,298668304.79
2024-09-26,sh.600008,2.97,3.0,2.94,3.0,92323794,274814956.16
2024-09-27,sh.600008,3.03,3.07,3.02,3.06,88292756,268619597.62
2024-09-30,sh.600008,3.12,3.3,3.12,3.27,233398979,748852910.62
2024-10-08,sh.600008,3.59,3.59,3.23,3.35,277600776,940421616.36
2024-10-09,sh.600008,3.3,3.3,3.12,3.13,220891356,708489773.76
2024-10-10,sh.600008,3.16,3.26,3.14,3.2,153932960,492566826.01
2024-10-11,sh.600008,3.2,3.21,3.12,3.14,100170978,316818311.56
2024-10-14,sh.600008,3.2,3.25,3.16,3.24,139545403,447993846.44
2024-10-15,sh.600008,3.22,3.23,3.14,3.14,112467739,358775956.1
2024-10-16,sh.600008,3.15,3.22,3.14,3.2,109517160,349797874.31
2024-10-17,sh.600008,3.2,3.21,3.13,3.13,107966956,341118244.29
2024-10-18,sh.600008,3.15,3.23,3.11,3.17,128748739,407577031.34
2024-10-21,sh.600008,3.19,3.2,3.15,3.17,97940671,310110493.66
2024-10-22,sh.600008,3.17,3.21,3.15,3.21,94218011,300139845.79
2024-10-23,sh.600008,3.2,3.25,3.19,3.23,100595773,324769439.3
2024-10-24,sh.600008,3.23,3.24,3.21,3.23,60452028,195097849.94
2024-10-25,sh.600008,3.25,3.25,3.22,3.24,70229456,227379207.99
2024-10-28,sh.600008,3.24,3.31,3.22,3.31,112166180,366624467.27
2024-10-29,sh.600008,3.33,3.33,3.26,3.27,103891587,341901826.67
2024-10-30,sh.600008,3.29,3.37,3.28,3.37,211716499,704097606.23
2024-10-31,sh.600008,3.39,3.5,3.36,3.43,187002284,640483745.4
2024-11-01,sh.600008,3.43,3.53,3.41,3.43,152285418,526441874.0
2024-11-04,sh.600008,3.43,3.48,3.4,3.46,132014473,453985663.95
2024-11-05,sh.600008,3.45,3.5,3.44,3.5,117135257,408088166.85
2024-11-06,sh.600008,3.51,3.52,3.42,3.47,130799669,452614555.06
2024-11-07,sh.600008,3.45,3.62,3.43,3.6,163765583,581010177.9
2024-11-08,sh.600008,3.62,3.64,3.48,3.5,150769849,533208378.03
2024-11-11,sh.600008,3.55,3.73,3.51,3.57,183528783,655070555.46
2024-11-12,sh.600008,3.58,3.59,3.47,3.5,130207980,457961314.1
2024-11-13,sh.600008,3.48,3.5,3.42,3.47,92341539,319311994.45
2024-11-14,sh.600008,3.46,3.47,3.38,3.39,98081595,335066372.62
2024-11-15,sh.600008,3.38,3.43,3.34,3.36,85319344,288861227.19
2024-11-18,sh.600008,3.36,3.45,3.36,3.38,119406671,405813710.97
2024-11-19,sh.600008,3.39,3.42,3.35,3.39,81350360,274995130.35
2024-11-20,sh.600008,3.39,3.4,3.36,3.38,63320007,214166773.26
2024-11-21,sh.600008,3.38,3.41,3.34,3.35,82511815,277816630.1
2024-11-22,sh.600008,3.36,3.38,3.24,3.25,108963377,360759026.46
2024-11-25,sh.600008,3.25,3.29,3.22,3.25,81974302,266460394.15
2024-11-26,sh.600008,3.25,3.26,3.22,3.22,57165400,185029972.23
2024-11-27,sh.600008,3.22,3.27,3.17,3.27,86515942,278535676.16
2024-11-28,sh.600008,3.27,3.33,3.26,3.3,92286291,304033546.21
2024-11-29,sh.600008,3.37,3.37,3.24,3.28,141932183,466404971.78
2024-12-02,sh.600008,3.29,3.33,3.27,3.31,112851219,372850224.36
2024-12-03,sh.600008,3.32,3.34,3.28,3.32,95220731,314808144.24
2024-12-04,sh.600008,3.31,3.32,3.27,3.29,75612647,249315841.13
2024-12-05,sh.600008,3.28,3.29,3.26,3.27,61645013,201628185.11
2024-12-06,sh.600008,3.27,3.37,3.27,3.36,132574473,442326619.31
2024-12-09,sh.600008,3.37,3.43,3.33,3.36,110666632,374145622.13
2024-12-10,sh.600008,3.43,3.45,3.34,3.36,135600163,459473008.42
2024-12-11,sh.600008,3.36,3.41,3.35,3.4,105193988,357029443.36
2024-12-12,sh.600008,3.4,3.43,3.37,3.42,102138538,347592391.87
2024-12-13,sh.600008,3.41,3.42,3.34,3.35,126231369,425538849.56
2024-12-16,sh.600008,3.35,3.42,3.34,3.4,125331952,425327016.14
2024-12-17,sh.600008,3.4,3.41,3.34,3.36,91547779,308167521.73
2024-12-18,sh.600008,3.37,3.41,3.36,3.38,87160689,295749036.8
2024-12-19,sh.600008,3.36,3.37,3.3,3.32,86548740,288224460.3
2024-12-20,sh.600008,3.32,3.34,3.28,3.29,71306850,235516323.9
2024-12-23,sh.600008,3.29,3.31,3.26,3.27,73074160,239885014.92
2024-12-24,sh.600008,3.27,3.35,3.26,3.34,86981832,288862934.42
2024-12-25,sh.600008,3.35,3.36,3.31,3.35,60524300,201533093.4
2024-12-26,sh.600008,3.35,3.36,3.29,3.31,60778577,201745932.6
2024-12-27,sh.600008,3.31,3.36,3.3,3.35,73594507,245800283.09
2024-12-30,sh.600008,3.35,3.37,3.33,3.35,60512515,202871025.51
2024-12-31,sh.600008,3.34,3.39,3.27,3.28,95928810,319001735.7
2025-01-02,sh.600008,3.28,3.3,3.15,3.17,110614422,356926686.36
2025-01-03,sh.600008,3.19,3.2,3.12,3.13,82006923,259281243.59
2025-01-06,sh.600008,3.15,3.17,3.12,3.16,71135760,223779955.8
2025-01-07,sh.600008,3.15,3.16,3.1,3.14,63059155,197323739.55
2025-01-08,sh.600008,3.13,3.14,3.07,3.12,81292168,252739379.18
2025-01-09,sh.600008,3.11,3.11,3.08,3.08,51378070,158943738.4
2025-01-10,sh.600008,3.08,3.1,3.04,3.04,55714049,170896191.12
2025-01-13,sh.600008,3.03,3.06,3.02,3.06,61351420,186418464.83
2025-01-14,sh.600008,3.05,3.12,3.05,3.1,79246828,244732678.62
2025-01-15,sh.600008,3.1,3.12,3.08,3.08,50915306,157430944.78
2025-01-16,sh.600008,3.09,3.14,3.09,3.12,74381521,232254422.74
2025-01-17,sh.600008,3.11,3.14,3.08,3.12,59785464,186177124.08
2025-01-20,sh.600008,3.14,3.15,3.11,3.12,48927031,153137474.96
2025-01-21,sh.600008,3.13,3.14,3.08,3.09,53624339,166122125.71
2025-01-22,sh.600008,3.09,3.1,3.05,3.09,45469358,139966119.23
2025-01-23,sh.600008,3.13,3.18,3.1,3.12,91829478,288275494.9
2025-01-24,sh.600008,3.11,3.15,3.08,3.13,74811712,233111126.2
2025-01-27,sh.600008,3.13,3.19,3.13,3.15,97519057,307986297.02
2025-02-05,sh.600008,3.17,3.17,3.09,3.1,100312965,312999734.94
2025-02-06,sh.600008,3.1,3.13,3.08,3.12,84987112,263827543.62
2025-02-07,sh.600008,3.12,3.17,3.1,3.14,110304891,346208397.65
2025-02-10,sh.600008,3.14,3.2,3.13,3.15,94968412,299667182.87
2025-02-11,sh.600008,3.15,3.16,3.11,3.13,80672066,252446563.73
2025-02-12,sh.600008,3.13,3.15,3.11,3.14,63358060,198133838.27
2025-02-13,sh.600008,3.14,3.15,3.12,3.13,68317295,214148203.35
2025-02-14,sh.600008,3.12,3.13,3.09,3.11,72794479,226188553.03
2025-02-17,sh.600008,3.11,3.13,3.09,3.12,68246380,212254569.5
2025-02-18,sh.600008,3.12,3.12,3.07,3.08,76094637,235846702.26
2025-02-19,sh.600008,3.08,3.1,3.07,3.08,56243385,173534155.67
2025-02-20,sh.600008,3.08,3.09,3.05,3.07,73707828,226255748.46
2025-02-21,sh.600008,3.07,3.08,3.05,3.07,89713337,275148819.79
2025-02-24,sh.600008,3.07,3.14,3.06,3.08,117806909,364902220.58
2025-02-25,sh.600008,3.07,3.08,3.03,3.04,94834639,289202168.36
2025-02-26,sh.600008,3.04,3.07,3.03,3.06,73727278,224722189.33
2025-02-27,sh.600008,3.06,3.08,3.02,3.04,87709433,266946928.99
2025-02-28,sh.600008,3.04,3.05,3.01,3.01,84121321,254551467.68
2025-03-03,sh.600008,3.02,3.05,3.01,3.02,74489796,225562162.48
2025-03-04,sh.600008,3.03,3.07,3.01,3.06,91006698,277427608.64
2025-03-05,sh.600008,3.07,3.07,3.03,3.05,64065511,195173844.03
2025-03-06,sh.600008,3.06,3.07,3.04,3.07,70223871,214815856.5
2025-03-07,sh.600008,3.06,3.08,3.05,3.06,65185025,199829956.66
2025-03-10,sh.600008,3.06,3.08,3.05,3.07,59956361,183837980.36
2025-03-11,sh.600008,3.06,3.08,3.04,3.08,74442644,228125798.88
2025-03-12,sh.600008,3.08,3.09,3.06,3.09,76443568,235444076.58
2025-03-13,sh.600008,3.09,3.09,3.06,3.07,86596190,266175306.42
2025-03-14,sh.600008,3.08,3.11,3.07,3.1,109735569,339322355.52
2025-03-17,sh.600008,3.1,3.14,3.09,3.12,103218040,321601175.57
2025-03-18,sh.600008,3.13,3.13,3.1,3.11,65578159,203938228.23
2025-03-19,sh.600008,3.11,3.12,3.1,3.12,50135550,155794982.2
2025-03-20,sh.600008,3.11,3.12,3.09,3.1,66218479,205640371.89
2025-03-21,sh.600008,3.1,3.14,3.09,3.11,107293963,334955678.21
2025-03-24,sh.600008,3.12,3.16,3.11,3.14,103841952,325461849.62
2025-03-25,sh.600008,3.14,3.18,3.12,3.18,105889669,334944742.07
2025-03-26,sh.600008,3.17,3.18,3.14,3.15,79952073,252164732.68
2025-03-27,sh.600008,3.15,3.16,3.12,3.13,63284429,198511785.77
2025-03-28,sh.600008,3.14,3.15,3.11,3.13,71863943,224862089.67
2025-03-31,sh.600008,3.12,3.16,3.1,3.12,87023761,272503738.01
2025-04-01,sh.600008,3.12,3.16,3.11,3.16,77859374,244832872.98
2025-04-02,sh.600008,3.16,3.17,3.14,3.14,57588816,181646972.54
2025-04-03,sh.600008,3.13,3.2,3.13,3.19,115540286,367229617.76
2025-04-07,sh.600008,3.13,3.14,2.9,2.95,208730317,631274946.69
2025-04-08,sh.600008,2.96,3.07,2.95,3.03,138486528,419324788.11
2025-04-09,sh.600008,3.01,3.1,2.94,3.08,146123696,442795421.44
2025-04-10,sh.600008,3.09,3.15,3.08,3.1,116520461,362364812.56
2025-04-11,sh.600008,3.08,3.11,3.08,3.1,59599940,184337231.1
2025-04-14,sh.600008,3.14,3.15,3.1,3.1,84314319,262717983.55
2025-04-15,sh.600008,3.11,3.11,3.06,3.08,76475296,235277834.76
2025-04-16,sh.600008,3.07,3.09,3.05,3.09,62683883,192544590.53
2025-04-17,sh.600008,3.07,3.1,3.06,3.08,54136946,167128715.91
2025-04-18,sh.600008,3.08,3.09,3.06,3.08,42039704,129190988.48
2025-04-21,sh.600008,3.08,3.09,3.06,3.08,55998380,172315255.8
2025-04-22,sh.600008,3.08,3.1,3.07,3.09,55184862,170248620.1
2025-04-23,sh.600008,3.09,3.11,3.07,3.1,58861002,181910778.62
2025-04-24,sh.600008,3.1,3.15,3.09,3.13,106464618,333036335.29
2025-04-25,sh.600008,3.13,3.16,3.13,3.16,69577335,218920526.41
2025-04-28,sh.600008,3.17,3.18,3.14,3.16,70733053,223638750.31
2025-04-29,sh.600008,3.16,3.17,3.11,3.13,88409599,277405145.9
2025-04-30,sh.600008,3.14,3.2,3.12,3.16,98298010,310866988.7
2025-05-06,sh.600008,3.17,3.18,3.14,3.16,108162500,341239826.39
2025-05-07,sh.600008,3.17,3.18,3.15,3.16,78599161,248441209.39
2025-05-08,sh.600008,3.16,3.16,3.14,3.15,64203007,202327242.2
2025-05-09,sh.600008,3.15,3.17,3.14,3.14,75749964,238662184.84
2025-05-12,sh.600008,3.15,3.15,3.12,3.14,92202978,288995782.32
2025-05-13,sh.600008,3.15,3.16,3.14,3.15,58596294,184521831.19
2025-05-14,sh.600008,3.15,3.18,3.13,3.18,97381149,307476159.35
2025-05-15,sh.600008,3.17,3.21,3.16,3.17,90514939,288037371.84
2025-05-16,sh.600008,3.17,3.18,3.14,3.14,65826453,207687904.92
2025-05-19,sh.600008,3.14,3.19,3.14,3.18,88259208,279937284.0
2025-05-20,sh.600008,3.18,3.19,3.17,3.18,43223134,137426852.98
2025-05-21,sh.600008,3.18,3.19,3.17,3.19,44006927,139987163.05
2025-05-22,sh.600008,3.18,3.19,3.15,3.16,63237451,199899213.45
2025-05-23,sh.600008,3.16,3.18,3.13,3.13,66001230,208246224.7
2025-05-26,sh.600008,3.14,3.15,3.12,3.14,42410905,132969800.45
2025-05-27,sh.600008,3.13,3.15,3.12,3.14,40133571,125886740.35
2025-05-28,sh.600008,3.14,3.18,3.13,3.18,86478043,273819421.17
2025-05-29,sh.600008,3.17,3.19,3.16,3.18,56202817,178443294.35
2025-05-30,sh.600008,3.19,3.2,3.17,3.19,82940266,264277963.31
2025-06-03,sh.600008,3.18,3.19,3.15,3.19,64905980,205794122.51
2025-06-04,sh.600008,3.18,3.19,3.17,3.19,40277177,128235971.06
2025-06-05,sh.600008,3.19,3.21,3.17,3.18,55407428,176444315.43
2025-06-06,sh.600008,3.18,3.2,3.17,3.2,57782011,184205676.9
2025-06-09,sh.600008,3.2,3.24,3.2,3.24,85636022,275887635.18
2025-06-10,sh.600008,3.24,3.28,3.22,3.25,108870142,354361243.06
2025-06-11,sh.600008,3.26,3.27,3.25,3.26,65748238,214270235.53
2025-06-12,sh.600008,3.26,3.26,3.22,3.25,92179292,298509030.45
2025-06-13,sh.600008,3.1,3.11,3.05,3.06,105798946,325906025.7
2025-06-16,sh.600008,3.06,3.07,3.03,3.05,70279902,214221928.28
2025-06-17,sh.600008,3.05,3.06,3.03,3.06,54086262,164751975.2
2025-06-18,sh.600008,3.06,3.07,3.04,3.04,41899787,127863833.78
2025-06-19,sh.600008,3.04,3.05,2.98,3.01,78968640,237785199.5
2025-06-20,sh.600008,3.01,3.02,2.99,3.0,36536427,109874447.7
2025-06-23,sh.600008,2.99,3.01,2.98,3.0,63197480,189145096.7
2025-06-24,sh.600008,3.01,3.03,3.0,3.01,52788777,159081516.07
2025-06-25,sh.600008,3.01,3.06,3.0,3.06,78390643,237726026.43
2025-06-26,sh.600008,3.06,3.07,3.04,3.05,41235032,125787936.63
2025-06-27,sh.600008,3.05,3.07,3.03,3.04,69834061,212778428.74
2025-06-30,sh.600008,3.04,3.05,3.01,3.02,61626522,186364805.88
2025-07-01,sh.600008,3.03,3.05,3.02,3.04,54577919,165779655.2
2025-07-02,sh.600008,3.04,3.06,3.03,3.06,56680402,172956791.9
2025-07-03,sh.600008,3.06,3.06,3.04,3.05,44915309,136926716.51
2025-07-04,sh.600008,3.05,3.08,3.04,3.06,68938646,211242470.02
2025-07-07,sh.600008,3.06,3.1,3.05,3.09,71623909,220645015.46
2025-07-08,sh.600008,3.09,3.1,3.06,3.09,68135751,209784195.48
2025-07-09,sh.600008,3.09,3.1,3.07,3.08,48400390,149244378.9
2025-07-10,sh.600008,3.08,3.12,3.07,3.11,80269719,248875213.09
2025-07-11,sh.600008,3.1,3.13,3.1,3.11,75175839,234274623.6
2025-07-14,sh.600008,3.12,3.15,3.11,3.12,78889290,247010012.8
2025-07-15,sh.600008,3.12,3.13,3.07,3.09,84404210,260728731.3
2025-07-16,sh.600008,3.09,3.09,3.07,3.08,50358507,155118517.69
2025-07-17,sh.600008,3.08,3.09,3.06,3.08,50485791,155270450.67
2025-07-18,sh.600008,3.09,3.1,3.08,3.09,60744295,187678845.35
2025-07-21,sh.600008,3.09,3.15,3.09,3.15,103023168,322598506.29
2025-07-22,sh.600008,3.14,3.19,3.12,3.19,115217391,363981076.78
2025-07-23,sh.600008,3.19,3.2,3.15,3.16,93817742,297820467.5
2025-07-24,sh.600008,3.16,3.18,3.14,3.18,80239279,253853603.95
2025-07-25,sh.600008,3.18,3.19,3.14,3.15,77773468,245797115.99
2025-07-28,sh.600008,3.14,3.15,3.11,3.13,77160056,241485255.76
2025-07-29,sh.600008,3.13,3.14,3.1,3.14,65794403,205275102.87
2025-07-30,sh.600008,3.13,3.17,3.13,3.14,76244261,240012735.72
2025-07-31,sh.600008,3.14,3.15,3.06,3.08,137437048,424413148.81
2025-08-01,sh.600008,3.09,3.11,3.08,3.09,64935720,200890402.73
2025-08-04,sh.600008,3.08,3.09,3.06,3.08,63440128,195070543.16
2025-08-05,sh.600008,3.09,3.1,3.08,3.1,38838257,120118136.73
2025-08-06,sh.600008,3.1,3.11,3.07,3.1,49160523,151858327.84
2025-08-07,sh.600008,3.1,3.11,3.08,3.09,38020270,117511352.2
2025-08-08,sh.600008,3.09,3.12,3.08,3.11,60527000,188046811.76
2025-08-11,sh.600008,3.11,3.12,3.08,3.1,72457669,224287278.66
2025-08-12,sh.600008,3.1,3.11,3.09,3.1,45004550,139423140.0
2025-08-13,sh.600008,3.1,3.11,3.09,3.11,55944323,173507901.5
2025-08-14,sh.600008,3.11,3.13,3.09,3.11,92235009,287146444.28
2025-08-15,sh.600008,3.1,3.15,3.09,3.14,88313294,275776899.95
2025-08-18,sh.600008,3.14,3.17,3.13,3.14,83779407,263902218.76
2025-08-19,sh.600008,3.15,3.15,3.12,3.13,59489002,186309379.26
2025-08-20,sh.600008,3.13,3.14,3.11,3.14,56664392,176987776.34
2025-08-21,sh.600008,3.14,3.17,3.14,3.16,71404149,225142360.92
2025-08-22,sh.600008,3.16,3.19,3.13,3.19,122356466,386483464.05
2025-08-25,sh.600008,3.19,3.2,3.17,3.19,93869457,299281123.65
2025-08-26,sh.600008,3.19,3.24,3.18,3.22,115940894,372614267.38
2025-08-27,sh.600008,3.22,3.23,3.13,3.14,108310930,344452612.34
2025-08-28,sh.600008,3.14,3.16,3.1,3.15,101590966,318177841.19
2025-08-29,sh.600008,3.15,3.18,3.12,3.13,90594202,285031594.46
2025-09-01,sh.600008,3.13,3.15,3.1,3.14,96215986,301126157.82
2025-09-02,sh.600008,3.14,3.19,3.13,3.17,150139327,474673625.65
2025-09-03,sh.600008,3.18,3.18,3.12,3.13,89373304,280337441.38
2025-09-04,sh.600008,3.14,3.17,3.1,3.17,131538776,412688785.22
2025-09-05,sh.600008,3.16,3.17,3.11,3.13,117436231,367074330.12
2025-09-08,sh.600008,3.13,3.17,3.12,3.14,106468604,335444607.96
2025-09-09,sh.600008,3.15,3.15,3.11,3.14,68330386,214110064.42
2025-09-10,sh.600008,3.13,3.14,3.11,3.12,65408763,204335182.48
2025-09-11,sh.600008,3.13,3.16,3.11,3.15,86911816,272033713.13
2025-09-12,sh.600008,3.15,3.2,3.14,3.16,145578564,460453507.98
2025-09-15,sh.600008,3.18,3.32,3.16,3.27,287545454,931894137.83
2025-09-16,sh.600008,3.27,3.3,3.2,3.24,141169044,456902069.27
2025-09-17,sh.600008,3.24,3.33,3.22,3.33,174285530,570877206.29
2025-09-18,sh.600008,3.31,3.33,3.22,3.24,169575390,554880411.32
2025-09-19,sh.600008,3.25,3.28,3.18,3.19,123821555,397876816.7
2025-09-22,sh.600008,3.19,3.19,3.15,3.16,74274870,234817559.2
2025-09-23,sh.600008,3.16,3.2,3.14,3.2,96823167,306301234.59
2025-09-24,sh.600008,3.18,3.21,3.17,3.2,66499501,211848212.74
2025-09-25,sh.600008,3.2,3.2,3.15,3.16,70491572,223042692.84
2025-09-26,sh.600008,3.16,3.21,3.15,3.19,80628905,256730375.46
2025-09-29,sh.600008,3.19,3.2,3.16,3.19,76820268,244371558.12
2025-09-30,sh.600008,3.19,3.2,3.16,3.18,68293277,217170976.51
2025-10-09,sh.600008,3.18,3.28,3.17,3.27,132287094,428551895.85
2025-10-10,sh.600008,3.26,3.32,3.25,3.3,138783259,456973136.65
2025-10-13,sh.600008,3.25,3.33,3.22,3.32,136373932,447070300.82
2025-10-14,sh.600008,3.32,3.35,3.3,3.33,143507225,477901780.01
2025-10-15,sh.600008,3.32,3.35,3.29,3.32,108527836,359937112.4
2025-10-16,sh.600008,3.33,3.37,3.3,3.33,92193739,306771363.25
2025-10-17,sh.600008,3.33,3.34,3.29,3.31,90682575,300656667.31
2025-10-20,sh.600008,3.31,3.32,3.25,3.31,90294322,296941998.4
2025-10-21,sh.600008,3.31,3.37,3.3,3.33,100842937,336285713.87
2025-10-22,sh.600008,3.35,3.38,3.33,3.34,82323604,276001642.38
2025-10-23,sh.600008,3.35,3.4,3.34,3.39,133007423,448198169.82
2025-10-24,sh.600008,3.39,3.4,3.31,3.33,112666166,376807569.0
2025-10-27,sh.600008,3.33,3.36,3.3,3.31,96009886,319145115.66
2025-10-28,sh.600008,3.31,3.32,3.28,3.3,76315350,251255044.34
2025-10-29,sh.600008,3.3,3.3,3.26,3.3,66813716,219224273.78
2025-10-30,sh.600008,3.28,3.31,3.26,3.28,86315850,283677028.17
2025-10-31,sh.600008,3.26,3.26,3.17,3.19,182881952,586647409.49
2025-11-03,sh.600008,3.19,3.22,3.18,3.2,79154941,253018571.11
2025-11-04,sh.600008,3.19,3.21,3.18,3.19,86478909,276486103.28
2025-11-05,sh.600008,3.18,3.2,3.16,3.19,89281470,284292074.6
2025-11-06,sh.600008,3.19,3.22,3.18,3.19,99519843,317960418.78
2025-11-07,sh.600008,3.19,3.21,3.18,3.19,72519300,231890631.2
2025-11-10,sh.600008,3.2,3.21,3.16,3.19,167727386,534411834.7
2025-11-11,sh.600008,3.19,3.22,3.18,3.21,118985964,380634692.66
2025-11-12,sh.600008,3.21,3.23,3.19,3.22,103389046,332483380.66
2025-11-13,sh.600008,3.22,3.23,3.19,3.21,107295343,343472835.06
2025-11-14,sh.600008,3.2,3.24,3.2,3.21,97228197,312943072.99
2025-11-17,sh.600008,3.21,3.22,3.17,3.18,106183675,338198595.6
2025-11-18,sh.600008,3.18,3.18,3.12,3.12,121981082,383342915.47
2025-11-19,sh.600008,3.13,3.14,3.11,3.12,67056220,209475223.0
2025-11-20,sh.600008,3.13,3.15,3.12,3.13,80149112,251051554.28
2025-11-21,sh.600008,3.12,3.13,3.04,3.04,128186130,394279670.1
2025-11-24,sh.600008,3.05,3.06,3.0,3.02,107742045,326293604.85
2025-11-25,sh.600008,3.03,3.04,3.01,3.01,75619140,228670761.2
2025-11-26,sh.600008,3.02,3.04,3.01,3.01,54082530,163572362.6
2025-11-27,sh.600008,3.02,3.03,3.01,3.02,41563834,125464286.25
2025-11-28,sh.600008,3.01,3.03,3.0,3.02,53021544,159835740.06
2025-12-01,sh.600008,3.02,3.02,3.0,3.02,89161660,268239200.1
2025-12-02,sh.600008,3.01,3.03,3.0,3.02,62080741,187353488.26
2025-12-03,sh.600008,3.03,3.06,3.02,3.04,89977124,273652057.54
2025-12-04,sh.600008,3.04,3.05,3.02,3.03,49675480,150573708.4
2025-12-05,sh.600008,3.03,3.05,3.02,3.04,57972940,175848701.2
2025-12-08,sh.600008,3.05,3.05,3.02,3.03,60248360,182750746.4
2025-12-09,sh.600008,3.03,3.03,3.01,3.02,45645950,137927779.7
2025-12-10,sh.600008,3.02,3.02,3.0,3.01,46413060,139734626.6
2025-12-11,sh.600008,3.02,3.02,2.96,2.97,96283843,287919552.15
2025-12-12,sh.600008,2.97,3.0,2.97,2.99,66069680,197296648.53
2025-12-15,sh.600008,2.99,3.03,2.98,3.01,69540799,209070368.14
2025-12-16,sh.600008,3.01,3.02,2.98,2.99,61979700,185533811.3
2025-12-17,sh.600008,2.99,3.01,2.97,3.01,63805370,190558018.86
2025-12-18,sh.600008,3.0,3.01,2.99,3.0,29480960,88531567.9
2025-12-19,sh.600008,3.0,3.04,3.0,3.04,61987094,187347734.88
2025-12-22,sh.600008,3.04,3.04,3.01,3.02,56949780,172241891.24
2025-12-23,sh.600008,3.02,3.03,3.01,3.01,28993059,87554978.89
2025-12-24,sh.600008,3.01,3.04,3.01,3.03,49817876,150807145.14
2025-12-25,sh.600008,3.03,3.04,3.02,3.03,30823410,93485429.3
2025-12-26,sh.600008,3.03,3.05,3.03,3.03,42539140,129318914.82
2025-12-29,sh.600008,3.04,3.04,3.01,3.01,41579359,125691066.39
2025-12-30,sh.600008,3.01,3.02,3.0,3.0,35976442,108198318.96
2025-12-31,sh.600008,3.0,3.02,3.0,3.0,42381046,127463105.86
2026-01-05,sh.600008,3.01,3.04,3.0,3.04,61801121,187106027.18
2026-01-06,sh.600008,3.03,3.06,3.03,3.05,65324418,199188347.62
2026-01-07,sh.600008,3.05,3.06,3.03,3.04,58608252,178357893.06
2026-01-08,sh.600008,3.04,3.06,3.03,3.03,60410543,183812953.52
2026-01-09,sh.600008,3.01,3.02,3.0,3.02,51899155,156348033.55
2026-01-12,sh.600008,3.02,3.03,3.01,3.03,70515509,213065377.1
2026-01-13,sh.600008,3.03,3.05,3.02,3.03,76607969,232360007.25
2026-01-14,sh.600008,3.04,3.05,2.99,3.01,121708542,368279976.31
2026-01-15,sh.600008,3.01,3.02,3.0,3.01,50243752,151078535.6
2026-01-16,sh.600008,3.01,3.02,2.99,3.0,59378101,178431413.49
2026-01-19,sh.600008,3.0,3.02,2.99,3.02,54641661,164479970.41
2026-01-20,sh.600008,3.02,3.08,3.01,3.07,120485936,366963304.95
2026-01-21,sh.600008,3.06,3.07,3.03,3.05,70402889,214732556.56
2026-01-22,sh.600008,3.05,3.09,3.04,3.08,77996442,239196382.67
2026-01-23,sh.600008,3.09,3.09,3.06,3.08,69108173,212642446.79
2026-01-26,sh.600008,3.08,3.11,3.07,3.09,82442687,254813175.56
2026-01-27,sh.600008,3.1,3.1,3.04,3.07,85203450,261085974.5
2026-01-28,sh.600008,3.07,3.1,3.05,3.08,77186687,238053019.73
2026-01-29,sh.600008,3.09,3.1,3.06,3.1,84815708,261612382.72
2026-01-30,sh.600008,3.09,3.1,3.04,3.08,104481847,321366456.46
2026-02-02,sh.600008,3.07,3.11,3.04,3.04,124465100,382822385.42
2026-02-03,sh.600008,3.1,3.16,3.06,3.08,110825123,342496069.28
2026-02-04,sh.600008,3.07,3.1,3.06,3.09,96704138,297936141.32
2026-02-05,sh.600008,3.09,3.1,3.06,3.08,74909673,230652796.18
2026-02-06,sh.600008,3.07,3.09,3.06,3.06,88834323,273165688.56
2026-02-09,sh.600008,3.08,3.09,3.06,3.09,72004960,221596397.8
2026-02-10,sh.600008,3.08,3.09,3.06,3.07,54753030,168243300.1
2026-02-11,sh.600008,3.07,3.09,3.06,3.08,51061080,157174331.08
2026-02-12,sh.600008,3.08,3.08,3.04,3.04,89067783,272142349.16
2026-02-13,sh.600008,3.04,3.05,3.01,3.02,69249280,209732598.8
2026-02-24,sh.600008,3.03,3.07,3.03,3.06,77415919,236385021.16
2026-02-25,sh.600008,3.06,3.15,3.06,3.11,155799162,485226633.17
2026-02-26,sh.600008,3.11,3.18,3.11,3.16,119430852,375418448.3
2026-02-27,sh.600008,3.15,3.19,3.13,3.18,109469166,347263780.18
2026-03-02,sh.600008,3.16,3.2,3.14,3.18,128768697,409116843.75
2026-03-03,sh.600008,3.17,3.2,3.14,3.15,130617934,414067703.31
2026-03-04,sh.600008,3.14,3.18,3.11,3.13,127090660,399768212.66
2026-03-05,sh.600008,3.15,3.17,3.13,3.14,100449285,316575818.7
2026-03-06,sh.600008,3.14,3.19,3.12,3.19,89065178,281957471.58
2026-03-09,sh.600008,3.17,3.21,3.16,3.18,120365590,383925865.94
2026-03-10,sh.600008,3.18,3.21,3.14,3.16,90133673,285931887.2
2026-03-11,sh.600008,3.16,3.24,3.13,3.24,155929194,498290086.29
2026-03-12,sh.600008,3.24,3.29,3.23,3.27,137903206,450291866.22
2026-03-13,sh.600008,3.27,3.28,3.23,3.23,93627804,304544118.8
2026-03-16,sh.600008,3.25,3.27,3.2,3.24,101993796,330516317.08
2026-03-17,sh.600008,3.24,3.26,3.22,3.22,69962517,226730984.36
2026-03-18,sh.600008,3.22,3.24,3.18,3.23,100886270,323621258.7
2026-03-19,sh.600008,3.21,3.25,3.19,3.22,99861851,321915971.41
2026-03-20,sh.600008,3.22,3.26,3.18,3.19,122088639,392975562.81
2026-03-23,sh.600008,3.18,3.19,3.08,3.1,155417769,488174238.75
2026-03-24,sh.600008,3.13,3.16,3.09,3.15,116246923,363909469.75
