date,code,open,high,low,close,volume,amount
1998-11-11,sh.600187,10.38,12.59,10.38,12.59,28770023,328821459.0
1998-11-12,sh.600187,12.42,13.07,12.11,12.68,15758788,198664652.0
1998-11-13,sh.600187,12.6,12.78,12.1,12.17,6157410,76172174.0
1998-11-16,sh.600187,12.3,13.3,12.3,13.09,8943205,115648818.0
1998-11-17,sh.600187,13.2,13.24,12.75,12.83,3798180,49010400.0
1998-11-18,sh.600187,12.85,12.93,12.26,12.46,4176025,52086486.0
1998-11-19,sh.600187,12.35,12.6,12.08,12.16,3595866,43995259.0
1998-11-20,sh.600187,12.2,12.5,12.05,12.3,1878705,23023369.0
1998-11-23,sh.600187,12.35,12.62,12.2,12.45,1597851,19941190.0
1998-11-24,sh.600187,12.5,12.59,12.15,12.21,1539060,18858449.0
1998-11-25,sh.600187,12.15,12.3,11.75,11.79,2046302,24582017.0
1998-11-26,sh.600187,11.6,11.92,11.55,11.64,1562233,18223175.0
1998-11-27,sh.600187,11.65,11.83,11.17,11.2,1550750,17687069.0
1998-11-30,sh.600187,11.02,11.38,10.91,11.25,1310737,14557679.0
1998-12-01,sh.600187,11.35,11.35,10.95,10.96,745900,8310556.0
1998-12-02,sh.600187,10.9,11.47,10.85,11.39,1213135,13683792.0
1998-12-03,sh.600187,11.3,11.45,11.1,11.12,650490,7292585.0
1998-12-04,sh.600187,11.12,11.47,11.02,11.34,637481,7195569.0
1998-12-07,sh.600187,11.7,11.75,11.1,11.2,689999,7876025.0
1998-12-08,sh.600187,11.12,11.45,11.1,11.35,414730,4676753.0
1998-12-09,sh.600187,11.4,11.4,11.15,11.27,421858,4751299.0
1998-12-10,sh.600187,11.3,11.3,10.9,10.94,738760,8155258.0
1998-12-11,sh.600187,10.92,11.2,10.85,11.18,405742,4474313.0
1998-12-14,sh.600187,11.18,11.2,10.7,10.75,505200,5526914.0
1998-12-15,sh.600187,10.68,11.0,10.39,10.98,1012155,10708508.0
1998-12-16,sh.600187,10.92,10.92,10.6,10.61,440640,4723644.0
1998-12-17,sh.600187,10.6,10.75,10.45,10.46,492969,5191144.0
1998-12-18,sh.600187,10.4,10.59,10.25,10.3,557950,5799969.0
1998-12-21,sh.600187,10.2,10.52,10.18,10.2,457213,4712500.0
1998-12-22,sh.600187,10.25,10.82,10.25,10.7,949424,10112081.0
1998-12-23,sh.600187,10.8,10.8,10.48,10.5,608908,6459328.0
1998-12-24,sh.600187,10.48,10.68,10.35,10.63,430506,4507223.0
1998-12-25,sh.600187,10.63,10.88,10.63,10.7,452970,4867359.0
1998-12-28,sh.600187,10.79,10.8,10.36,10.43,304761,3216893.0
1998-12-29,sh.600187,10.38,10.5,10.22,10.23,499650,5162402.0
1998-12-30,sh.600187,10.45,10.73,10.21,10.66,664814,6956315.0
1998-12-31,sh.600187,10.6,10.75,10.5,10.52,558460,5946262.0
1999-01-04,sh.600187,10.5,10.58,10.35,10.38,216110,2257366.0
1999-01-05,sh.600187,10.38,10.7,10.28,10.58,421535,4430527.0
1999-01-06,sh.600187,10.59,10.96,10.58,10.75,1071377,11555930.0
1999-01-07,sh.600187,10.73,10.79,10.51,10.6,477550,5072789.0
1999-01-08,sh.600187,10.6,10.98,10.58,10.91,1117450,12142002.0
1999-01-11,sh.600187,11.01,11.15,10.83,11.09,1062768,11696987.0
1999-01-12,sh.600187,11.09,11.09,10.76,10.77,655352,7174153.0
1999-01-13,sh.600187,10.72,10.93,10.59,10.65,437733,4695641.0
1999-01-14,sh.600187,10.58,10.68,10.4,10.49,620727,6523122.0
1999-01-15,sh.600187,10.42,10.49,10.31,10.33,679470,7049265.0
1999-01-18,sh.600187,10.3,10.6,10.23,10.6,521965,5414650.0
1999-01-19,sh.600187,10.63,10.63,10.36,10.36,789743,8244999.0
1999-01-20,sh.600187,10.35,10.48,10.25,10.28,942885,9719801.0
1999-01-21,sh.600187,10.28,10.5,10.25,10.49,578808,5985647.0
1999-01-22,sh.600187,10.48,10.66,10.37,10.42,583495,6145992.0
1999-01-25,sh.600187,10.5,10.55,10.25,10.29,595675,6159668.0
1999-01-26,sh.600187,10.2,10.3,9.53,9.62,2317505,22708403.0
1999-01-27,sh.600187,9.6,9.6,9.18,9.43,1761820,16492320.0
1999-01-28,sh.600187,9.45,9.53,9.17,9.2,969202,8975305.0
1999-01-29,sh.600187,9.2,9.22,8.9,8.91,1012751,9093946.0
1999-02-01,sh.600187,8.81,9.17,8.7,8.96,963630,8624982.0
1999-02-02,sh.600187,8.93,9.04,8.88,8.92,516655,4621106.0
1999-02-03,sh.600187,8.98,9.02,8.73,8.88,820192,7295874.0
1999-02-04,sh.600187,8.88,8.88,8.51,8.51,704390,6097588.0
1999-02-05,sh.600187,8.48,8.48,8.0,8.1,1070092,8805462.0
1999-02-08,sh.600187,8.0,8.47,7.96,8.18,763897,6304301.0
1999-02-09,sh.600187,8.18,8.44,8.18,8.37,582283,4858008.0
1999-03-01,sh.600187,8.42,8.65,8.35,8.44,330023,2812018.0
1999-03-02,sh.600187,8.43,8.54,8.2,8.31,450340,3750199.0
1999-03-03,sh.600187,8.24,8.75,8.24,8.71,876474,7529964.0
1999-03-04,sh.600187,8.75,8.76,8.56,8.61,645582,5579310.0
1999-03-05,sh.600187,8.62,8.9,8.6,8.84,816174,7154861.0
1999-03-08,sh.600187,8.85,8.95,8.75,8.92,659912,5828806.0
1999-03-09,sh.600187,8.95,8.99,8.68,8.68,767070,6739250.0
1999-03-10,sh.600187,8.6,8.66,8.45,8.49,557600,4748864.0
1999-03-11,sh.600187,8.48,8.85,8.48,8.8,610300,5327300.0
1999-03-12,sh.600187,8.81,8.85,8.7,8.77,561964,4918364.0
1999-03-15,sh.600187,8.77,9.18,8.77,9.09,1352487,12200403.0
1999-03-16,sh.600187,9.1,9.9,9.1,9.5,2844577,27271953.0
1999-03-17,sh.600187,9.55,9.64,9.25,9.26,1168913,11070460.0
1999-03-18,sh.600187,9.2,9.36,9.1,9.18,757202,6981355.0
1999-03-19,sh.600187,9.2,9.65,9.18,9.55,1012140,9594636.0
1999-03-22,sh.600187,9.7,9.8,9.41,9.55,1089183,10490280.0
1999-03-23,sh.600187,9.6,9.65,9.3,9.37,546330,5132402.0
1999-03-24,sh.600187,9.48,9.54,9.3,9.36,397240,3720990.0
1999-03-25,sh.600187,9.38,9.4,9.08,9.1,590800,5422326.0
1999-03-26,sh.600187,9.1,9.21,9.0,9.12,537102,4876635.0
1999-03-29,sh.600187,9.12,9.18,8.92,9.1,443755,4000201.0
1999-03-30,sh.600187,9.0,9.26,8.93,9.09,432785,3953965.0
1999-03-31,sh.600187,9.08,9.08,8.91,8.93,478450,4290004.0
1999-04-01,sh.600187,8.94,9.23,8.92,9.19,503748,4589454.0
1999-04-02,sh.600187,9.2,9.5,9.2,9.43,938061,8833497.0
1999-04-05,sh.600187,9.45,9.6,9.37,9.4,770778,7301286.0
1999-04-06,sh.600187,9.41,9.79,9.4,9.5,970170,9327294.0
1999-04-07,sh.600187,9.5,9.56,9.28,9.36,615500,5783288.0
1999-04-08,sh.600187,9.32,9.35,9.18,9.22,535100,4946897.0
1999-04-09,sh.600187,9.21,9.34,9.13,9.3,535300,4908311.0
1999-04-12,sh.600187,9.3,9.3,9.0,9.02,690900,6264522.0
1999-04-13,sh.600187,8.95,9.0,8.71,8.72,564400,4992280.0
1999-04-14,sh.600187,8.73,8.88,8.72,8.8,359249,3158688.0
1999-04-15,sh.600187,8.8,8.8,8.5,8.55,509718,4383708.0
1999-04-16,sh.600187,8.55,8.65,8.5,8.58,303950,2610308.0
1999-04-19,sh.600187,8.61,8.8,8.55,8.78,244050,2121204.0
1999-04-20,sh.600187,8.8,8.8,8.53,8.65,298000,2570732.0
1999-04-21,sh.600187,8.62,8.62,8.4,8.4,437800,3729480.0
1999-04-22,sh.600187,8.42,8.45,8.06,8.4,587910,4829750.0
1999-04-23,sh.600187,8.38,8.43,8.28,8.38,327827,2735622.0
1999-04-26,sh.600187,8.36,8.38,8.08,8.1,348900,2851391.0
1999-04-27,sh.600187,8.09,8.15,7.92,7.94,390737,3129440.0
1999-04-28,sh.600187,7.96,8.18,7.81,7.95,343090,2747328.0
1999-04-29,sh.600187,7.94,8.2,7.9,8.19,205000,1655567.0
1999-04-30,sh.600187,8.23,8.23,8.08,8.18,248790,2027485.0
1999-05-04,sh.600187,8.18,8.18,8.01,8.04,197780,1593483.0
1999-05-05,sh.600187,8.04,8.19,8.04,8.19,156016,1263418.0
1999-05-06,sh.600187,8.19,8.38,8.15,8.34,318747,2640306.0
1999-05-07,sh.600187,8.34,8.34,8.08,8.11,280600,2290801.0
1999-05-10,sh.600187,8.05,8.05,7.6,7.61,560800,4355468.0
1999-05-11,sh.600187,7.61,7.88,7.61,7.77,282596,2186275.0
1999-05-12,sh.600187,7.55,8.49,7.55,8.31,4058219,33243088.0
1999-05-13,sh.600187,8.23,8.3,8.09,8.18,1127962,9214550.0
1999-05-14,sh.600187,8.17,8.17,7.64,7.65,982635,7701539.0
1999-05-17,sh.600187,7.65,7.9,7.45,7.8,494040,3812081.0
1999-05-18,sh.600187,7.8,7.87,7.58,7.59,396601,3058577.0
1999-05-19,sh.600187,7.58,8.05,7.52,8.0,713572,5601789.0
1999-05-20,sh.600187,8.1,8.49,7.98,8.43,2159015,17972338.0
1999-05-24,sh.600187,8.59,8.95,8.25,8.78,3900005,33489250.0
1999-05-25,sh.600187,8.8,9.17,8.45,8.55,3389997,30286177.0
1999-05-26,sh.600187,8.41,8.95,8.41,8.9,1728944,15099152.0
1999-05-27,sh.600187,9.0,9.35,8.9,9.15,2461773,22446267.0
1999-05-28,sh.600187,9.16,9.25,8.7,8.81,1536115,13644509.0
1999-05-31,sh.600187,8.85,8.99,8.45,8.57,1428970,12425747.0
1999-06-01,sh.600187,8.64,9.34,8.6,9.34,3246371,29483015.0
1999-06-02,sh.600187,9.5,9.87,9.1,9.11,4429803,41967196.0
1999-06-03,sh.600187,9.03,9.08,8.8,8.84,1267329,11272170.0
1999-06-04,sh.600187,9.0,9.37,8.9,9.0,992280,8934188.0
1999-06-07,sh.600187,9.2,9.25,8.8,9.2,1278606,11533686.0
1999-06-08,sh.600187,9.3,9.36,9.01,9.12,1193375,10876703.0
1999-06-09,sh.600187,9.15,9.17,8.88,9.15,1091106,9863293.0
1999-06-10,sh.600187,9.25,9.75,9.08,9.39,3660866,34752803.0
1999-06-11,sh.600187,9.38,9.86,9.3,9.63,2957679,28614401.0
1999-06-14,sh.600187,9.84,10.28,9.65,10.22,3901034,39100031.0
1999-06-15,sh.600187,10.3,10.5,9.2,9.44,3806545,38048852.0
1999-06-16,sh.600187,9.5,10.0,9.45,10.0,2334767,22489221.0
1999-06-17,sh.600187,10.2,10.7,9.68,10.5,5036331,51433644.0
1999-06-18,sh.600187,10.5,10.5,10.1,10.2,2474023,25454633.0
1999-06-21,sh.600187,10.46,10.65,10.25,10.55,2510827,26258741.0
1999-06-22,sh.600187,10.6,10.6,10.1,10.5,2236024,23182053.0
1999-06-23,sh.600187,10.6,11.18,10.51,10.82,3886504,42284507.0
1999-06-24,sh.600187,10.88,11.17,10.6,10.92,3305153,35878744.0
1999-06-25,sh.600187,11.2,11.99,10.55,10.55,5763412,65201258.0
1999-06-28,sh.600187,10.68,11.5,10.68,11.45,3099495,34468340.0
1999-06-29,sh.600187,11.7,11.78,11.0,11.26,2707694,30467797.0
1999-06-30,sh.600187,11.29,11.33,10.61,10.68,2751948,30010675.0
1999-07-01,sh.600187,10.65,10.65,9.61,9.61,1649450,16486339.0
1999-07-02,sh.600187,9.89,10.15,9.25,10.0,1733883,16999884.0
1999-07-05,sh.600187,10.09,10.09,9.61,9.66,1268887,12486798.0
1999-07-06,sh.600187,9.6,9.75,9.23,9.25,870000,8262739.0
1999-07-07,sh.600187,9.26,9.64,9.12,9.6,810760,7593865.0
1999-07-08,sh.600187,9.65,9.9,9.5,9.72,1004721,9732493.0
1999-07-09,sh.600187,9.75,10.17,9.65,10.0,1371755,13679737.0
1999-07-12,sh.600187,10.0,10.44,9.7,10.24,1459690,14776286.0
1999-07-13,sh.600187,10.2,10.2,9.8,9.9,881523,8792785.0
1999-07-14,sh.600187,9.9,10.15,9.74,10.03,602309,5994842.0
1999-07-15,sh.600187,10.01,10.05,9.8,9.81,484940,4781478.0
1999-07-16,sh.600187,9.79,9.79,9.3,9.36,757691,7185011.0
1999-07-19,sh.600187,9.18,9.34,8.97,9.0,722624,6579381.0
1999-07-20,sh.600187,8.92,9.58,8.91,9.5,610410,5644957.0
1999-07-21,sh.600187,9.58,9.75,9.39,9.62,924741,8858962.0
1999-07-22,sh.600187,9.62,9.65,9.32,9.32,642452,6091493.0
1999-07-23,sh.600187,9.32,9.6,9.32,9.5,466738,4430451.0
1999-07-26,sh.600187,9.65,10.02,9.5,9.86,1142504,11310852.0
1999-07-27,sh.600187,9.9,9.95,9.53,9.66,457500,4443838.0
1999-07-28,sh.600187,9.7,9.92,9.61,9.9,609152,5993146.0
1999-07-29,sh.600187,9.9,9.99,9.78,9.85,342350,3375040.0
1999-07-30,sh.600187,9.9,9.9,9.6,9.68,272092,2639360.0
1999-08-02,sh.600187,9.71,9.96,9.68,9.95,420759,4128493.0
1999-08-03,sh.600187,9.99,10.28,9.96,10.13,873377,8844352.0
1999-08-04,sh.600187,10.18,10.23,10.02,10.17,607618,6140251.0
1999-08-05,sh.600187,10.17,10.2,9.92,10.03,698345,7033248.0
1999-08-06,sh.600187,10.02,10.02,9.6,9.7,851410,8303152.0
1999-08-09,sh.600187,9.65,9.7,9.51,9.55,594811,5698390.0
1999-08-10,sh.600187,9.52,9.68,9.42,9.67,372848,3542089.0
1999-08-11,sh.600187,9.62,9.73,9.35,9.37,298400,2830429.0
1999-08-12,sh.600187,9.48,9.49,9.33,9.33,255700,2402291.0
1999-08-13,sh.600187,9.41,9.42,9.1,9.13,364707,3374342.0
1999-08-16,sh.600187,9.1,9.2,8.99,9.15,296150,2684285.0
1999-08-17,sh.600187,9.15,9.38,9.15,9.23,209100,1945516.0
1999-08-18,sh.600187,9.3,9.3,9.01,9.12,252525,2293584.0
1999-08-19,sh.600187,9.15,9.6,9.15,9.54,412935,3909767.0
1999-08-20,sh.600187,9.6,9.68,9.35,9.35,402000,3789143.0
1999-08-23,sh.600187,9.3,9.48,9.23,9.44,328504,3064096.0
1999-08-24,sh.600187,9.45,9.57,9.36,9.5,387342,3664231.0
1999-08-25,sh.600187,9.49,9.82,9.49,9.71,826330,8018495.0
1999-08-26,sh.600187,9.72,9.79,9.46,9.64,276231,2658648.0
1999-08-27,sh.600187,9.64,9.79,9.64,9.69,342759,3324597.0
1999-08-30,sh.600187,10.19,10.25,9.85,9.93,1287129,12905697.0
1999-08-31,sh.600187,9.95,10.1,9.88,10.03,494100,4926339.0
1999-09-01,sh.600187,10.07,10.1,9.85,9.85,539400,5390940.0
1999-09-02,sh.600187,9.75,9.95,9.61,9.9,406748,3952829.0
1999-09-03,sh.600187,9.9,9.9,9.65,9.65,263900,2580250.0
1999-09-06,sh.600187,9.5,9.78,9.5,9.54,196300,1879388.0
1999-09-07,sh.600187,9.54,9.68,9.54,9.55,191860,1842633.0
1999-09-08,sh.600187,9.58,9.9,9.54,9.83,251331,2447104.0
1999-09-09,sh.600187,9.99,10.48,9.9,10.45,1704941,17495588.0
1999-09-10,sh.600187,10.5,10.5,10.27,10.28,1040633,10768005.0
1999-09-13,sh.600187,10.3,10.5,10.3,10.45,724149,7525898.0
1999-09-14,sh.600187,10.52,10.63,10.4,10.44,641100,6739750.0
1999-09-15,sh.600187,10.44,10.46,10.25,10.3,472700,4879618.0
1999-09-16,sh.600187,10.3,10.3,10.08,10.09,385300,3921388.0
1999-09-17,sh.600187,10.08,10.28,10.08,10.18,340927,3474366.0
1999-09-20,sh.600187,10.2,10.48,10.15,10.39,887600,9209127.0
1999-09-21,sh.600187,10.38,10.68,10.27,10.51,968176,10168108.0
1999-09-22,sh.600187,10.51,10.65,10.35,10.4,575100,6070069.0
1999-09-23,sh.600187,10.42,10.7,10.3,10.68,920496,9667403.0
1999-09-24,sh.600187,10.68,10.96,10.62,10.9,1656957,17934306.0
1999-09-27,sh.600187,11.0,11.1,10.7,10.73,1359722,14835183.0
1999-09-28,sh.600187,10.72,10.79,10.34,10.4,699540,7359807.0
1999-09-29,sh.600187,10.42,10.65,10.36,10.4,581368,6094914.0
1999-09-30,sh.600187,10.45,10.45,10.15,10.15,475300,4889933.0
1999-10-08,sh.600187,10.35,10.35,9.91,9.92,281100,2833818.0
1999-10-11,sh.600187,9.9,10.1,9.88,9.93,235721,2343185.0
1999-10-12,sh.600187,10.0,10.09,9.9,10.06,129108,1292615.0
1999-10-13,sh.600187,10.12,10.14,9.75,9.75,256335,2532374.0
1999-10-14,sh.600187,9.73,9.92,9.65,9.75,231750,2259117.0
1999-10-15,sh.600187,9.87,10.1,9.8,10.08,276190,2755790.0
1999-10-18,sh.600187,10.08,10.08,9.71,9.72,199700,1962714.0
1999-10-19,sh.600187,9.68,9.7,9.5,9.5,213300,2039860.0
1999-10-20,sh.600187,9.5,9.7,9.46,9.58,130999,1257288.0
1999-10-21,sh.600187,9.6,9.68,9.51,9.52,119900,1149402.0
1999-10-22,sh.600187,9.52,9.93,9.52,9.85,260840,2550257.0
1999-10-25,sh.600187,9.85,9.88,9.61,9.63,117300,1139590.0
1999-10-26,sh.600187,9.63,9.85,9.59,9.75,139708,1354137.0
1999-10-27,sh.600187,9.89,10.14,9.86,10.06,354896,3558518.0
1999-10-28,sh.600187,10.1,10.1,9.85,9.85,233150,2312786.0
1999-10-29,sh.600187,9.83,9.99,9.8,9.8,162100,1594711.0
1999-11-01,sh.600187,9.82,9.88,9.7,9.71,91150,889569.0
1999-11-02,sh.600187,9.66,9.8,9.62,9.67,81100,784159.0
1999-11-03,sh.600187,9.7,9.72,9.62,9.65,102400,989510.0
1999-11-04,sh.600187,9.59,9.85,9.51,9.83,445262,4277836.0
1999-11-05,sh.600187,9.8,9.9,9.65,9.71,94850,926200.0
1999-11-08,sh.600187,9.75,9.88,9.6,9.8,119747,1169940.0
1999-11-09,sh.600187,9.8,9.88,9.72,9.72,102700,1006773.0
1999-11-10,sh.600187,9.72,9.77,9.51,9.59,164712,1583485.0
1999-11-11,sh.600187,9.62,9.7,9.5,9.54,127054,1214574.0
1999-11-12,sh.600187,9.79,9.79,9.55,9.62,67550,648662.0
1999-11-15,sh.600187,9.7,9.7,9.53,9.6,93500,895199.0
1999-11-16,sh.600187,9.72,9.82,9.55,9.58,85900,826745.0
1999-11-17,sh.600187,9.61,9.82,9.55,9.82,140030,1353924.0
1999-11-18,sh.600187,9.8,10.09,9.72,9.95,479683,4791662.0
1999-11-19,sh.600187,10.0,10.0,9.82,9.83,125120,1237764.0
1999-11-22,sh.600187,9.84,9.88,9.75,9.84,103850,1017220.0
1999-11-23,sh.600187,9.85,9.98,9.85,9.88,108060,1071568.0
1999-11-24,sh.600187,9.97,10.0,9.88,9.91,135600,1343941.0
1999-11-25,sh.600187,9.95,9.95,9.75,9.75,85300,836017.0
1999-11-26,sh.600187,9.78,9.83,9.69,9.8,87300,851186.0
1999-11-29,sh.600187,9.8,9.96,9.7,9.93,162830,1607609.0
1999-11-30,sh.600187,9.93,10.34,9.93,10.3,1321749,13490919.0
1999-12-01,sh.600187,10.3,10.6,10.15,10.5,1764510,18467579.0
1999-12-02,sh.600187,10.48,10.56,10.31,10.55,840151,8817345.0
1999-12-03,sh.600187,10.5,10.6,10.4,10.53,706580,7427851.0
1999-12-06,sh.600187,10.55,11.09,10.5,10.92,6017106,65957840.0
1999-12-07,sh.600187,10.95,11.04,10.8,10.95,2225177,24394341.0
1999-12-08,sh.600187,10.95,11.37,10.9,10.98,2258138,25189455.0
1999-12-09,sh.600187,10.98,10.98,10.6,10.67,1163617,12472524.0
1999-12-10,sh.600187,10.75,11.2,10.62,11.07,1232187,13580650.0
1999-12-13,sh.600187,11.08,11.57,11.0,11.15,2495522,28186521.0
1999-12-14,sh.600187,11.2,11.35,11.1,11.28,875514,9803956.0
1999-12-15,sh.600187,11.27,11.55,11.07,11.5,1956655,22151545.0
1999-12-16,sh.600187,11.5,12.18,11.5,11.98,5862562,70244905.0
1999-12-17,sh.600187,11.8,12.25,11.75,11.78,1383813,16510303.0
1999-12-21,sh.600187,11.95,12.59,11.65,12.52,2808822,34308660.0
1999-12-22,sh.600187,12.5,12.78,12.13,12.58,1703023,21251847.0
1999-12-23,sh.600187,12.5,12.5,11.78,11.84,5014169,60331075.0
1999-12-24,sh.600187,11.9,11.91,11.16,11.17,6179987,71095915.0
1999-12-27,sh.600187,11.2,11.59,11.05,11.25,2490124,28267270.0
1999-12-28,sh.600187,11.25,12.38,11.0,12.0,4316564,50603314.0
1999-12-29,sh.600187,11.95,12.7,11.79,12.6,4617711,57810769.0
1999-12-30,sh.600187,12.38,12.7,12.08,12.09,2390540,29176142.0
2000-01-04,sh.600187,12.29,12.97,12.27,12.56,2300296,29048383.0
2000-01-05,sh.600187,12.56,13.4,12.2,13.25,4250979,54145261.0
2000-01-06,sh.600187,13.19,13.74,13.0,13.45,2881505,38737375.0
2000-01-07,sh.600187,13.5,13.69,13.19,13.45,2426072,32717020.0
2000-01-10,sh.600187,13.51,14.8,13.37,14.8,3468353,49568201.0
2000-01-11,sh.600187,14.8,16.19,14.5,15.5,6333749,98983651.0
2000-01-12,sh.600187,16.0,16.0,15.0,15.38,3724853,57110593.0
2000-01-13,sh.600187,15.8,15.8,14.2,14.32,5913860,87756273.0
2000-01-14,sh.600187,14.32,15.71,13.6,15.3,4608607,67524866.0
2000-01-17,sh.600187,16.0,16.0,14.95,15.53,2454064,37780388.0
2000-01-18,sh.600187,15.53,16.0,15.3,15.7,1590690,24806016.0
2000-01-19,sh.600187,15.7,16.88,15.56,16.8,1689764,27852331.0
2000-01-20,sh.600187,16.8,17.05,16.4,16.88,999400,16774186.0
2000-01-21,sh.600187,16.9,17.6,16.65,16.7,1579645,27112630.0
2000-01-24,sh.600187,16.5,17.2,15.88,16.53,1263811,20698730.0
2000-01-25,sh.600187,16.53,16.75,15.8,16.0,1514321,24415259.0
2000-01-26,sh.600187,16.1,16.65,15.7,16.64,2037964,33319227.0
2000-01-27,sh.600187,16.6,17.5,16.58,17.0,1001333,17027118.0
2000-01-28,sh.600187,17.2,17.3,16.7,16.85,922920,15583149.0
2000-02-14,sh.600187,17.8,18.53,16.7,18.53,1767304,31514528.0
2000-02-15,sh.600187,18.49,19.35,17.1,17.6,1224619,22542700.0
2000-02-16,sh.600187,17.6,17.81,16.65,16.88,1073082,18425680.0
2000-02-17,sh.600187,16.78,16.88,15.3,15.38,3316876,53056531.0
2000-02-18,sh.600187,14.98,16.6,14.9,16.08,1759103,27854728.0
2000-02-21,sh.600187,16.2,16.2,15.6,15.7,820469,13026895.0
2000-02-22,sh.600187,15.7,16.6,15.6,16.0,589623,9522276.0
2000-02-23,sh.600187,15.9,16.38,15.61,16.15,322758,5205686.0
2000-02-24,sh.600187,16.48,17.75,16.3,17.5,1119170,19320573.0
2000-02-25,sh.600187,17.7,17.81,16.7,16.9,619000,10573362.0
2000-02-28,sh.600187,16.3,16.3,15.4,16.15,2372915,37598805.0
2000-02-29,sh.600187,16.15,16.5,15.62,15.76,848816,13439335.0
2000-03-01,sh.600187,15.65,15.7,15.2,15.3,939702,14440205.0
2000-03-02,sh.600187,15.3,16.0,15.2,15.8,454960,7137898.0
2000-03-03,sh.600187,15.8,16.06,15.45,16.0,579810,9169936.0
2000-03-06,sh.600187,15.73,16.2,15.6,15.75,446702,7111400.0
2000-03-07,sh.600187,15.45,16.5,15.35,16.5,657645,10543498.0
2000-03-08,sh.600187,16.5,16.96,16.32,16.75,1452490,24193897.0
2000-03-09,sh.600187,16.75,16.8,15.82,15.82,408284,6585925.0
2000-03-10,sh.600187,15.8,16.08,15.55,15.96,263810,4167433.0
2000-03-13,sh.600187,15.58,16.18,15.58,16.0,2576692,41236008.0
2000-03-14,sh.600187,16.02,16.21,15.76,16.09,1478200,23645767.0
2000-03-15,sh.600187,16.2,17.15,16.0,17.0,1080003,18010630.0
2000-03-16,sh.600187,16.0,17.55,16.0,17.09,1406468,23896239.0
2000-03-17,sh.600187,17.09,18.55,17.09,18.4,2500893,45068879.0
2000-03-20,sh.600187,17.8,18.9,17.8,18.5,1741441,31664635.0
2000-03-21,sh.600187,17.98,18.5,16.8,17.05,2340376,40955060.0
2000-03-22,sh.600187,17.28,17.28,16.4,16.65,1803265,30008410.0
2000-03-23,sh.600187,16.0,16.93,16.0,16.77,1679598,27742979.0
2000-03-24,sh.600187,16.18,16.81,16.18,16.4,757570,12509153.0
2000-03-27,sh.600187,16.28,16.75,16.28,16.6,993092,16395395.0
2000-03-28,sh.600187,16.88,17.2,16.52,17.02,901203,15343831.0
2000-03-29,sh.600187,17.2,17.3,16.76,17.25,524993,8941580.0
2000-03-31,sh.600187,17.2,17.98,17.0,17.56,852761,14985145.0
2000-04-03,sh.600187,17.55,17.8,17.2,17.65,472125,8242280.0
2000-04-04,sh.600187,17.65,17.8,17.1,17.8,613395,10785948.0
2000-04-05,sh.600187,17.68,18.19,17.5,18.0,1055966,18904414.0
2000-04-06,sh.600187,18.0,18.2,17.71,17.75,432085,7726453.0
2000-04-07,sh.600187,18.4,18.4,17.7,18.0,451390,8106168.0
2000-04-10,sh.600187,17.65,18.8,17.65,18.8,2118621,38991589.0
2000-04-11,sh.600187,19.76,19.76,18.18,18.2,943035,17696858.0
2000-04-12,sh.600187,18.79,19.18,18.25,19.18,1174863,22081363.0
2000-04-13,sh.600187,19.5,20.38,19.0,20.05,1809165,36019040.0
2000-04-14,sh.600187,20.49,20.49,19.21,19.48,817221,16070145.0
2000-04-17,sh.600187,19.0,19.7,18.89,19.3,518650,10094157.0
2000-04-18,sh.600187,20.05,20.05,18.7,19.3,738635,14080487.0
2000-04-19,sh.600187,19.38,20.58,18.9,20.58,1371024,27155618.0
2000-04-20,sh.600187,20.2,20.56,19.91,20.2,381030,7704521.0
2000-04-21,sh.600187,20.5,20.5,19.92,20.1,328320,6607824.0
2000-04-24,sh.600187,19.91,20.5,19.01,19.44,600430,11842884.0
2000-04-25,sh.600187,19.4,19.63,18.9,19.06,476510,9147332.0
2000-04-26,sh.600187,19.09,19.3,19.0,19.1,244570,4668266.0
2000-04-27,sh.600187,19.1,19.69,19.06,19.38,344100,6657267.0
2000-04-28,sh.600187,19.0,19.8,18.6,19.8,298343,5852158.0
2000-05-08,sh.600187,20.48,20.48,19.61,19.82,458829,9092076.0
2000-05-09,sh.600187,19.8,20.0,19.08,20.0,1029955,20249951.0
2000-05-10,sh.600187,19.69,19.81,18.3,18.8,1818150,35120653.0
2000-05-11,sh.600187,18.7,18.7,17.35,17.49,390900,6984872.0
2000-05-12,sh.600187,17.49,17.75,17.08,17.49,451806,7843002.0
2000-05-15,sh.600187,17.49,18.1,17.49,18.08,905344,16215825.0
2000-05-16,sh.600187,17.8,18.5,17.8,18.49,633265,11575865.0
2000-05-17,sh.600187,19.0,19.0,18.49,18.7,363280,6773850.0
2000-05-18,sh.600187,18.49,19.05,18.49,19.05,431046,8144726.0
2000-05-19,sh.600187,18.7,19.53,18.7,19.48,599560,11532565.0
2000-05-22,sh.600187,19.5,20.08,19.05,20.08,1040755,20418630.0
2000-05-23,sh.600187,20.48,20.48,19.88,20.28,1058545,21273707.0
2000-05-24,sh.600187,19.98,21.69,19.76,21.68,1464758,30484643.0
2000-05-25,sh.600187,21.18,23.0,21.18,22.99,2133450,47804910.0
2000-05-26,sh.600187,22.55,24.0,22.05,23.99,1767684,41514595.0
2000-05-29,sh.600187,24.95,24.95,23.05,23.7,384635,9320659.0
2000-05-30,sh.600187,23.7,25.18,23.38,24.49,443893,10752033.0
2000-05-31,sh.600187,24.38,25.55,24.38,24.9,394390,9843740.0
2000-06-01,sh.600187,24.98,25.55,24.6,25.28,330797,8277223.0
2000-06-02,sh.600187,26.0,26.0,24.0,24.2,511140,12897693.0
2000-06-05,sh.600187,24.8,24.8,23.0,23.0,404120,9482257.0
2000-06-06,sh.600187,23.18,23.5,22.95,23.45,328780,7693944.0
2000-06-07,sh.600187,23.45,23.45,22.59,22.59,283800,6521088.0
2000-06-08,sh.600187,22.59,22.59,22.09,22.18,199996,4464611.0
2000-06-09,sh.600187,22.18,22.8,22.0,22.1,227800,5081616.0
2000-06-12,sh.600187,22.11,22.42,22.1,22.4,408000,9134537.0
2000-06-13,sh.600187,22.4,22.79,22.35,22.79,711850,15949513.0
2000-06-14,sh.600187,22.98,23.0,21.68,23.0,690760,15436644.0
2000-06-15,sh.600187,22.8,22.8,22.5,22.55,227550,5144788.0
2000-06-16,sh.600187,22.5,22.5,22.05,22.07,103431,2293228.0
2000-06-19,sh.600187,22.07,22.25,21.59,21.6,167390,3654150.0
2000-06-20,sh.600187,21.6,21.88,21.5,21.62,223865,4858540.0
2000-06-21,sh.600187,21.8,21.82,21.51,21.68,320419,6937586.0
2000-06-22,sh.600187,21.68,21.7,20.8,20.82,297500,6320533.0
2000-06-26,sh.600187,20.8,22.19,20.8,21.8,192095,4131277.0
2000-06-27,sh.600187,21.8,23.0,21.0,21.03,918961,20353183.0
2000-06-28,sh.600187,21.03,21.7,21.0,21.41,114435,2445380.0
2000-06-29,sh.600187,21.41,23.55,21.41,22.77,1170743,27060241.0
2000-06-30,sh.600187,22.77,23.5,22.77,23.0,365610,8547968.0
2000-07-03,sh.600187,23.0,23.0,22.16,22.26,129800,2940860.0
2000-07-04,sh.600187,22.26,23.0,21.89,22.05,209555,4655347.0
2000-07-05,sh.600187,22.05,22.05,21.88,21.93,131750,2889953.0
2000-07-06,sh.600187,21.93,21.95,21.2,21.41,122700,2650704.0
2000-07-07,sh.600187,22.0,23.55,21.5,23.47,1579425,37045410.0
2000-07-10,sh.600187,23.47,23.69,22.88,23.52,154580,3612882.0
2000-07-11,sh.600187,23.58,23.6,22.5,22.5,189803,4371661.0
2000-07-12,sh.600187,22.78,23.18,22.67,23.18,122553,2808706.0
2000-07-13,sh.600187,23.18,23.18,21.88,22.0,214567,4849200.0
2000-07-14,sh.600187,21.78,24.2,21.78,23.22,2393077,57392291.0
2000-07-17,sh.600187,23.23,25.54,23.23,25.41,1965622,50028767.0
2000-07-18,sh.600187,26.0,26.0,24.87,25.3,486533,12385418.0
2000-07-19,sh.600187,25.15,25.5,24.71,24.71,418200,10441812.0
2000-07-20,sh.600187,24.88,25.0,24.02,24.28,519016,12735497.0
2000-07-21,sh.600187,24.33,25.0,24.33,25.0,135936,3355418.0
2000-07-24,sh.600187,24.85,25.46,24.39,24.4,196000,4870869.0
2000-07-25,sh.600187,24.55,24.55,24.03,24.03,170066,4121306.0
2000-07-26,sh.600187,24.03,24.52,24.03,24.23,45580,1105135.0
2000-07-27,sh.600187,24.5,24.5,24.05,24.07,189850,4584122.0
2000-07-28,sh.600187,24.08,24.49,24.07,24.38,113050,2746465.0
2000-07-31,sh.600187,24.38,24.38,23.6,23.76,172250,4116073.0
2000-08-01,sh.600187,23.88,24.08,23.49,23.67,320950,7621456.0
2000-08-02,sh.600187,23.7,23.75,23.35,23.39,520710,12235064.0
2000-08-03,sh.600187,23.39,24.87,23.39,24.3,143010,3456172.0
2000-08-04,sh.600187,23.76,26.73,23.76,25.85,1381594,35353714.0
2000-08-07,sh.600187,26.11,26.73,25.2,25.29,1995006,52371613.0
2000-08-08,sh.600187,25.29,27.82,25.29,27.2,1443105,39217738.0
2000-08-09,sh.600187,27.28,29.3,26.84,28.8,1082010,30954119.0
2000-08-10,sh.600187,28.88,28.88,27.79,27.8,808250,22688058.0
2000-08-11,sh.600187,27.8,29.1,26.94,28.5,569150,16130956.0
2000-08-14,sh.600187,28.5,28.59,28.0,28.12,101005,2854000.0
2000-08-15,sh.600187,28.12,29.25,28.1,29.01,551168,15887616.0
2000-08-16,sh.600187,29.3,29.3,28.1,28.1,1009200,28746953.0
2000-08-17,sh.600187,28.3,28.3,27.72,27.95,513000,14351607.0
2000-08-18,sh.600187,28.0,28.12,27.79,27.88,492004,13756722.0
2000-08-21,sh.600187,27.88,28.38,27.85,28.22,833400,23392776.0
2000-08-22,sh.600187,28.22,28.62,28.15,28.55,852300,24182041.0
2000-08-23,sh.600187,29.0,29.0,27.31,28.0,808776,23126828.0
2000-08-24,sh.600187,28.3,29.6,28.21,29.32,938558,26990262.0
2000-08-25,sh.600187,29.0,30.1,29.0,30.05,1183880,34923944.0
2000-08-28,sh.600187,30.38,30.38,29.6,29.63,468890,14171052.0
2000-08-29,sh.600187,29.63,31.58,29.63,31.58,813351,24683378.0
2000-08-30,sh.600187,33.0,33.0,31.42,31.88,554447,18022780.0
2000-08-31,sh.600187,30.01,31.78,30.01,30.38,751000,22841744.0
2000-09-01,sh.600187,30.8,30.8,28.62,28.75,974480,28731322.0
2000-09-04,sh.600187,29.0,29.0,26.72,26.8,1092550,30294613.0
2000-09-05,sh.600187,23.0,23.1,22.71,22.76,507619,11593938.0
2000-09-06,sh.600187,22.88,22.88,22.18,22.21,453950,10120602.0
2000-09-07,sh.600187,22.0,22.48,22.0,22.45,419167,9323173.0
2000-09-08,sh.600187,22.73,22.73,22.2,22.27,459900,10369476.0
2000-09-12,sh.600187,22.08,22.59,22.01,22.35,1161226,25669271.0
2000-09-13,sh.600187,22.35,24.56,22.24,23.86,1492658,33750223.0
2000-09-14,sh.600187,23.86,23.86,23.21,23.52,1022408,23872215.0
2000-09-15,sh.600187,23.52,23.6,23.36,23.6,893530,20965368.0
2000-09-18,sh.600187,23.6,24.0,23.47,23.47,490550,11581381.0
2000-09-19,sh.600187,23.0,23.86,22.7,22.86,427980,9821848.0
2000-09-20,sh.600187,22.8,22.8,22.3,22.53,519858,11702063.0
2000-09-21,sh.600187,22.5,22.88,22.38,22.88,419200,9446500.0
2000-09-22,sh.600187,22.88,22.9,22.4,22.61,419100,9495165.0
2000-09-25,sh.600187,22.65,23.0,22.5,23.0,555550,12635892.0
2000-09-26,sh.600187,23.0,23.1,22.8,22.98,575320,13177025.0
2000-09-27,sh.600187,22.75,23.05,22.75,22.87,490850,11234299.0
2000-09-28,sh.600187,22.9,23.28,22.8,22.89,488580,11188716.0
2000-09-29,sh.600187,22.85,23.0,22.73,23.0,491800,11233580.0
2000-10-09,sh.600187,23.05,23.1,22.8,22.88,398390,9145332.0
2000-10-10,sh.600187,22.88,23.0,22.79,23.0,413904,9451015.0
2000-10-11,sh.600187,23.28,23.28,22.75,22.77,413200,9488704.0
2000-10-12,sh.600187,22.85,22.85,22.59,22.6,353100,8007042.0
2000-10-13,sh.600187,22.38,23.1,22.38,22.95,457690,10453521.0
2000-10-16,sh.600187,22.6,23.0,22.55,22.75,428700,9780032.0
2000-10-17,sh.600187,22.5,22.7,22.2,22.38,423175,9476060.0
2000-10-18,sh.600187,22.4,22.72,22.29,22.42,510246,11454996.0
2000-10-19,sh.600187,22.6,22.7,22.35,22.45,476160,10704681.0
2000-10-20,sh.600187,22.5,23.02,22.4,22.72,527903,11966148.0
2000-10-23,sh.600187,22.8,23.0,22.6,22.78,330450,7528017.0
2000-10-24,sh.600187,23.0,23.08,22.7,22.72,450530,10268519.0
2000-10-25,sh.600187,22.8,23.05,22.48,22.88,464948,10568940.0
2000-10-26,sh.600187,22.75,23.05,22.6,22.66,478940,10910250.0
2000-10-27,sh.600187,22.65,22.8,22.4,22.66,480980,10859474.0
2000-10-30,sh.600187,22.7,23.1,22.43,22.8,490965,11158601.0
2000-10-31,sh.600187,22.8,22.9,22.5,22.53,476800,10809843.0
2000-11-01,sh.600187,22.55,23.05,22.5,22.7,443155,10058983.0
2000-11-02,sh.600187,22.7,22.96,22.6,22.7,442747,10077522.0
2000-11-03,sh.600187,22.72,23.0,22.68,22.7,453460,10347942.0
2000-11-06,sh.600187,22.65,23.39,22.65,22.84,415395,9518750.0
2000-11-07,sh.600187,22.8,23.06,22.7,22.88,430740,9850772.0
2000-11-08,sh.600187,22.9,23.2,22.76,23.05,432240,9918732.0
2000-11-09,sh.600187,23.35,23.35,22.98,23.27,196315,4564104.0
2000-11-10,sh.600187,23.3,25.0,23.27,24.53,361410,8645168.0
2000-11-13,sh.600187,24.5,25.45,24.48,25.45,330500,8170460.0
2000-11-14,sh.600187,25.45,25.6,25.24,25.3,273830,6937243.0
2000-11-15,sh.600187,25.3,25.6,25.0,25.12,271890,6855826.0
2000-11-16,sh.600187,25.12,25.2,24.5,25.13,211200,5250645.0
2000-11-17,sh.600187,25.3,25.3,24.8,24.98,215905,5393537.0
2000-11-20,sh.600187,24.85,24.85,24.0,24.38,349770,8532695.0
2000-11-21,sh.600187,24.4,24.6,24.0,24.3,287040,6971068.0
2000-11-22,sh.600187,24.4,24.43,24.0,24.25,222665,5392179.0
2000-11-23,sh.600187,24.2,24.5,24.2,24.22,336010,8180783.0
2000-11-24,sh.600187,24.25,24.37,23.5,23.8,369120,8891168.0
2000-11-27,sh.600187,23.8,23.8,23.2,23.55,315682,7437541.0
2000-11-28,sh.600187,23.5,24.0,23.2,23.8,311630,7324609.0
2000-11-29,sh.600187,23.8,24.2,23.7,24.05,271810,6499225.0
2000-11-30,sh.600187,24.2,24.42,23.5,24.1,375560,9006778.0
2000-12-01,sh.600187,24.0,24.58,23.9,24.35,400280,9740463.0
2000-12-04,sh.600187,24.5,24.67,24.1,24.3,431350,10538300.0
2000-12-05,sh.600187,24.2,24.25,23.6,23.97,319512,7674558.0
2000-12-06,sh.600187,24.0,24.46,24.0,24.13,515170,12502497.0
2000-12-07,sh.600187,24.1,24.44,23.8,24.3,327650,7934300.0
2000-12-08,sh.600187,24.5,24.5,24.0,24.1,449500,10893200.0
2000-12-11,sh.600187,24.1,24.4,23.8,23.89,393880,9485702.0
2000-12-12,sh.600187,23.8,24.05,23.7,23.82,379750,9074448.0
2000-12-13,sh.600187,23.75,24.22,23.75,24.02,378390,9098076.0
2000-12-14,sh.600187,24.0,24.35,23.8,23.95,377631,9097986.0
2000-12-15,sh.600187,23.95,24.35,23.8,24.35,359060,8619924.0
2000-12-19,sh.600187,24.4,25.1,24.2,24.85,341775,8444597.0
2000-12-20,sh.600187,24.6,25.57,24.6,25.35,655960,16476959.0
2000-12-21,sh.600187,25.35,25.6,24.9,25.55,889473,22475842.0
2000-12-22,sh.600187,25.7,26.0,25.2,25.4,1009334,25774921.0
2000-12-25,sh.600187,25.4,26.0,25.4,25.83,991530,25472497.0
2000-12-26,sh.600187,25.95,26.07,25.55,25.65,1049200,27129898.0
2000-12-27,sh.600187,25.9,25.9,25.0,25.05,1076000,27469604.0
2000-12-28,sh.600187,25.4,25.85,24.8,24.9,1174730,29419981.0
2000-12-29,sh.600187,24.65,25.1,24.65,25.02,961143,23881683.0
2001-01-02,sh.600187,24.9,25.65,24.9,25.55,630100,15914742.0
2001-01-03,sh.600187,25.4,26.07,25.4,25.97,579520,14929573.0
2001-01-04,sh.600187,26.3,26.3,25.35,25.56,617000,15897379.0
2001-01-05,sh.600187,25.7,25.7,25.06,25.38,536230,13654051.0
2001-01-08,sh.600187,25.26,25.96,25.26,25.8,416590,10672536.0
2001-01-09,sh.600187,25.8,26.2,25.5,26.06,419640,10876683.0
2001-01-10,sh.600187,25.85,27.18,25.85,26.95,742630,19860144.0
2001-01-11,sh.600187,27.45,27.6,26.62,27.25,671200,18236756.0
2001-01-12,sh.600187,27.3,27.96,27.0,27.7,644030,17703988.0
2001-01-15,sh.600187,27.95,28.05,26.0,27.15,448074,12204869.0
2001-01-16,sh.600187,27.15,27.54,26.8,27.45,541134,14739321.0
2001-01-17,sh.600187,27.4,27.9,27.2,27.8,487390,13480000.0
2001-01-18,sh.600187,27.88,28.0,27.5,27.75,436840,12110447.0
2001-01-19,sh.600187,27.8,28.19,27.5,28.05,672852,18807238.0
2001-02-05,sh.600187,28.05,28.3,27.8,28.23,480378,13501703.0
2001-02-06,sh.600187,28.35,28.4,27.7,28.05,417410,11690756.0
2001-02-07,sh.600187,28.05,28.28,27.8,28.0,420300,11803697.0
2001-02-08,sh.600187,27.9,28.28,27.8,28.0,312260,8756049.0
2001-02-09,sh.600187,27.96,28.28,27.6,27.88,348430,9761320.0
2001-02-12,sh.600187,27.8,27.83,27.3,27.58,183693,5050955.0
2001-02-13,sh.600187,27.55,27.65,27.3,27.47,210000,5756359.0
2001-02-14,sh.600187,27.4,27.52,27.2,27.5,302800,8294538.0
2001-02-15,sh.600187,27.46,27.5,27.2,27.4,278408,7624593.0
2001-02-16,sh.600187,27.4,27.62,27.2,27.55,418450,11478966.0
2001-02-19,sh.600187,27.55,27.86,27.4,27.8,376180,10403653.0
2001-02-20,sh.600187,27.8,28.15,27.6,27.75,410900,11453139.0
2001-02-21,sh.600187,27.8,27.8,27.03,27.32,612805,16708174.0
2001-02-22,sh.600187,27.3,27.6,27.0,27.5,737198,20151132.0
2001-02-23,sh.600187,27.46,27.86,27.3,27.86,310865,8574520.0
2001-02-26,sh.600187,27.9,28.2,27.75,28.06,366000,10249943.0
2001-02-27,sh.600187,28.0,28.2,27.65,28.1,258730,7216502.0
2001-02-28,sh.600187,28.2,28.33,27.8,28.0,372343,10427016.0
2001-03-01,sh.600187,28.03,28.14,27.68,27.9,273659,7618373.0
2001-03-02,sh.600187,27.93,28.08,27.8,27.98,317975,8873518.0
2001-03-05,sh.600187,27.95,28.2,27.7,28.05,383620,10744212.0
2001-03-06,sh.600187,28.05,28.1,27.88,27.96,434630,12169518.0
2001-03-07,sh.600187,27.95,28.2,27.7,28.06,459540,12848232.0
2001-03-08,sh.600187,28.03,28.22,27.8,28.17,470580,13190981.0
2001-03-09,sh.600187,28.0,28.05,27.0,27.6,581630,15982650.0
2001-03-12,sh.600187,27.8,27.9,26.9,27.05,540500,14743616.0
2001-03-13,sh.600187,27.1,27.4,26.97,27.3,497133,13527022.0
2001-03-14,sh.600187,27.3,27.4,26.5,26.9,537660,14469439.0
2001-03-15,sh.600187,26.6,26.9,25.45,25.49,1169284,29975588.0
2001-03-16,sh.600187,24.5,25.5,24.48,24.55,1145389,28126995.0
2001-03-19,sh.600187,24.5,24.7,23.78,24.0,414180,9969815.0
2001-03-20,sh.600187,23.9,24.45,23.9,24.29,635050,15361857.0
2001-03-21,sh.600187,24.3,24.64,24.0,24.4,717010,17459072.0
2001-03-22,sh.600187,24.2,24.4,23.37,23.87,1599290,37619922.0
2001-03-23,sh.600187,23.83,23.84,23.36,23.4,643400,15066233.0
2001-03-26,sh.600187,23.3,23.62,23.19,23.46,777539,18188694.0
2001-03-27,sh.600187,23.38,23.7,23.36,23.4,1001001,23460425.0
2001-03-28,sh.600187,23.27,23.78,23.27,23.78,1455800,34228226.0
2001-03-29,sh.600187,23.8,23.89,23.39,23.52,1514900,35699751.0
2001-03-30,sh.600187,23.52,23.55,23.0,23.37,948400,22011763.0
2001-04-02,sh.600187,23.2,23.45,22.8,23.25,1626660,37293094.0
2001-04-03,sh.600187,23.01,23.2,22.59,23.09,1441600,32968715.0
2001-04-04,sh.600187,22.6,22.8,22.59,22.69,2027343,45825979.0
2001-04-05,sh.600187,22.6,22.8,22.16,22.27,1417297,31607378.0
2001-04-06,sh.600187,22.2,22.3,22.0,22.3,1011580,22302350.0
2001-04-09,sh.600187,22.3,22.93,22.26,22.83,616634,14025389.0
2001-04-10,sh.600187,22.67,22.95,22.29,22.8,938811,21219172.0
2001-04-11,sh.600187,22.68,23.09,22.18,22.75,1917962,43045417.0
2001-04-12,sh.600187,22.69,22.96,22.0,22.38,2057310,45675351.0
2001-04-13,sh.600187,22.35,22.49,21.63,21.93,1792841,39283369.0
2001-04-16,sh.600187,21.68,21.99,21.0,21.18,3859601,81396832.0
2001-04-18,sh.600187,21.68,21.93,21.17,21.18,2466122,52349146.0
2001-04-19,sh.600187,21.18,21.59,21.17,21.3,2146293,45634491.0
2001-04-20,sh.600187,21.18,21.5,21.0,21.01,2426166,51254924.0
2001-04-23,sh.600187,21.01,21.01,19.9,20.15,3356934,67305766.0
2001-04-24,sh.600187,20.1,20.55,20.0,20.35,799881,16228141.0
2001-04-25,sh.600187,20.3,20.48,19.97,20.0,975168,19585133.0
2001-04-26,sh.600187,20.0,20.8,19.98,20.6,1371921,27979369.0
2001-04-27,sh.600187,20.42,20.93,19.98,20.15,3179901,64338596.0
2001-04-30,sh.600187,20.15,20.42,19.99,20.32,1293727,26006832.0
2001-05-08,sh.600187,20.28,20.75,19.98,20.33,4904669,98956249.0
2001-05-09,sh.600187,20.28,20.45,19.5,19.55,2884452,57177151.0
2001-05-10,sh.600187,19.86,20.12,18.99,19.15,4494687,86736875.0
2001-05-11,sh.600187,19.15,19.39,18.97,19.05,2546592,48534970.0
2001-05-14,sh.600187,19.0,19.79,18.98,19.11,7755192,148416263.0
2001-05-15,sh.600187,12.66,12.9,12.66,12.69,4613590,58786392.0
2001-05-16,sh.600187,12.68,12.88,12.66,12.71,3180076,40492530.0
2001-05-17,sh.600187,12.7,12.84,12.69,12.72,3090647,39292600.0
2001-05-18,sh.600187,12.72,12.79,12.69,12.75,5043127,64117613.0
2001-05-21,sh.600187,12.75,12.85,12.6,12.7,2974394,37791311.0
2001-05-22,sh.600187,12.7,13.08,12.68,12.85,8325775,106806749.0
2001-05-23,sh.600187,12.7,13.0,12.69,12.69,7617114,97073288.0
2001-05-24,sh.600187,12.69,12.91,12.68,12.75,4685432,59763828.0
2001-05-25,sh.600187,12.7,12.83,12.69,12.73,4010997,51006253.0
2001-05-28,sh.600187,12.7,12.88,11.99,12.2,8958490,108506116.0
2001-05-29,sh.600187,12.0,12.36,11.99,12.01,5101651,61398287.0
2001-05-30,sh.600187,11.99,12.27,11.99,12.04,3871110,46695178.0
2001-05-31,sh.600187,12.05,12.18,12.01,12.17,1392054,16849139.0
2001-06-01,sh.600187,12.16,12.3,12.15,12.18,3418050,41834352.0
2001-06-04,sh.600187,12.16,12.18,11.97,12.0,5869304,70473665.0
2001-06-05,sh.600187,12.0,12.19,11.99,12.1,5555078,67130470.0
2001-06-06,sh.600187,12.1,12.14,11.99,12.05,3009304,36290891.0
2001-06-07,sh.600187,12.03,12.12,12.0,12.0,3568560,42904024.0
2001-06-08,sh.600187,12.0,12.05,11.98,12.0,3536499,42449505.0
2001-06-11,sh.600187,12.0,12.04,11.82,12.01,2367927,28361389.0
2001-06-12,sh.600187,12.0,12.03,11.96,11.98,2859855,34271581.0
2001-06-13,sh.600187,11.98,11.99,11.9,11.97,3787980,45297274.0
2001-06-14,sh.600187,12.0,12.03,11.95,11.98,2872123,34418803.0
2001-06-15,sh.600187,11.99,12.04,11.6,11.96,707868,8459010.0
2001-06-18,sh.600187,11.96,12.27,11.96,11.99,708377,8565035.0
2001-06-19,sh.600187,12.05,12.19,12.0,12.13,325255,3935960.0
2001-06-20,sh.600187,12.2,12.22,12.0,12.04,232250,2807566.0
2001-06-21,sh.600187,12.06,12.1,11.88,11.93,270920,3237128.0
2001-06-22,sh.600187,11.94,12.29,11.9,12.0,499035,5981908.0
2001-06-25,sh.600187,12.08,12.15,11.99,12.0,543400,6549002.0
2001-06-26,sh.600187,12.0,12.04,11.9,11.93,386930,4616940.0
2001-06-27,sh.600187,12.03,12.03,11.8,11.84,405073,4798142.0
2001-06-28,sh.600187,11.85,11.98,11.68,11.68,492137,5774457.0
2001-06-29,sh.600187,11.68,11.79,11.68,11.7,323000,3780340.0
2001-07-02,sh.600187,11.7,11.85,11.61,11.81,379925,4461843.0
2001-07-03,sh.600187,11.81,11.9,11.71,11.81,202545,2392387.0
2001-07-04,sh.600187,11.85,11.85,11.58,11.72,304690,3559503.0
2001-07-05,sh.600187,11.65,11.68,11.56,11.59,292747,3394036.0
2001-07-06,sh.600187,11.65,11.75,11.51,11.68,325976,3797120.0
2001-07-09,sh.600187,11.67,11.72,11.51,11.7,331400,3864726.0
2001-07-10,sh.600187,11.68,11.73,11.6,11.71,304394,3559450.0
2001-07-11,sh.600187,11.74,11.74,11.61,11.7,422170,4938789.0
2001-07-12,sh.600187,11.62,11.71,11.57,11.7,271300,3167638.0
2001-07-13,sh.600187,11.7,11.93,11.69,11.88,1187520,13965957.0
2001-07-16,sh.600187,12.0,12.19,11.85,11.86,890524,10625591.0
2001-07-17,sh.600187,11.88,11.9,11.7,11.72,672950,7943638.0
2001-07-18,sh.600187,11.72,11.8,11.68,11.77,843080,9880638.0
2001-07-19,sh.600187,11.76,11.77,11.65,11.67,816249,9553506.0
2001-07-20,sh.600187,11.67,11.95,11.66,11.82,926713,10913830.0
2001-07-23,sh.600187,11.82,11.87,11.68,11.7,491763,5763985.0
2001-07-24,sh.600187,11.7,11.73,11.55,11.58,540910,6271146.0
2001-07-25,sh.600187,11.55,11.79,11.45,11.61,654999,7563559.0
2001-07-26,sh.600187,11.55,11.6,11.46,11.46,555106,6392946.0
2001-07-27,sh.600187,11.46,11.5,11.0,11.2,732787,8277410.0
2001-07-30,sh.600187,11.0,11.02,10.08,10.08,699155,7327120.0
2001-07-31,sh.600187,9.7,10.08,9.6,10.05,611330,5989475.0
2001-08-01,sh.600187,9.99,10.55,9.97,10.51,533267,5433257.0
2001-08-02,sh.600187,10.5,10.5,9.97,10.22,345290,3513096.0
2001-08-03,sh.600187,10.18,10.44,10.1,10.32,200330,2069699.0
2001-08-06,sh.600187,10.09,10.21,9.8,10.11,246380,2457148.0
2001-08-07,sh.600187,10.05,10.09,9.7,10.09,509300,5031577.0
2001-08-08,sh.600187,9.95,10.01,9.88,9.98,96150,956282.0
2001-08-09,sh.600187,9.81,10.08,9.71,10.0,121100,1210076.0
2001-08-10,sh.600187,9.95,10.2,9.94,10.15,584500,5896043.0
2001-08-13,sh.600187,10.18,10.18,10.05,10.05,208550,2102878.0
2001-08-14,sh.600187,10.1,10.1,9.8,9.84,243142,2405748.0
2001-08-15,sh.600187,10.08,10.08,9.84,9.99,147785,1474494.0
2001-08-16,sh.600187,9.99,10.02,9.8,9.8,212100,2087907.0
2001-08-17,sh.600187,9.75,9.81,9.72,9.78,123490,1206359.0
2001-08-20,sh.600187,9.76,9.84,9.55,9.8,612786,5954030.0
2001-08-21,sh.600187,9.78,10.08,9.78,10.07,1066319,10581785.0
2001-08-22,sh.600187,9.99,10.0,9.7,9.9,463906,4551417.0
2001-08-23,sh.600187,9.8,9.94,9.68,9.93,281032,2766731.0
2001-08-24,sh.600187,9.9,10.02,9.88,9.96,370920,3696488.0
2001-08-27,sh.600187,9.81,9.88,9.61,9.61,205500,1991286.0
2001-08-28,sh.600187,9.6,9.65,9.01,9.65,417088,3928463.0
2001-08-29,sh.600187,9.59,9.75,9.4,9.5,397400,3789506.0
2001-08-30,sh.600187,9.48,9.5,9.4,9.4,85950,811329.0
2001-08-31,sh.600187,9.44,9.46,9.3,9.3,94151,882019.0
2001-09-03,sh.600187,9.32,9.39,9.07,9.1,248370,2284187.0
2001-09-04,sh.600187,9.1,9.24,9.1,9.23,280150,2572382.0
2001-09-05,sh.600187,9.3,9.49,9.28,9.3,361070,3378017.0
2001-09-06,sh.600187,9.32,9.36,9.23,9.29,176300,1635855.0
2001-09-07,sh.600187,9.3,9.3,8.52,8.85,654558,5781490.0
2001-09-10,sh.600187,8.55,9.08,8.55,8.99,671545,6000834.0
2001-09-11,sh.600187,9.0,9.05,8.88,8.95,268700,2401761.0
2001-09-12,sh.600187,8.8,8.8,8.61,8.71,336450,2925736.0
2001-09-13,sh.600187,8.71,8.89,8.7,8.71,133955,1176238.0
2001-09-14,sh.600187,8.71,8.75,8.5,8.5,237872,2043795.0
2001-09-17,sh.600187,8.5,8.87,8.5,8.83,715454,6254622.0
2001-09-18,sh.600187,8.8,8.87,8.7,8.83,167237,1469905.0
2001-09-19,sh.600187,8.83,8.91,8.72,8.88,171230,1516295.0
2001-09-20,sh.600187,8.9,8.93,8.7,8.75,188050,1666055.0
2001-09-21,sh.600187,8.7,8.85,8.65,8.71,85950,752622.0
2001-09-24,sh.600187,8.7,8.7,8.58,8.6,128800,1112079.0
2001-09-25,sh.600187,8.66,8.7,8.42,8.5,1155900,9830526.0
2001-09-26,sh.600187,8.5,8.74,8.48,8.55,906187,7740611.0
2001-09-27,sh.600187,8.55,8.71,8.46,8.7,409839,3522774.0
2001-09-28,sh.600187,8.7,8.72,8.59,8.64,1753552,15140868.0
2001-10-08,sh.600187,8.66,8.85,8.63,8.8,462052,4042721.0
2001-10-09,sh.600187,8.73,9.05,8.72,9.04,1550679,13851122.0
2001-10-10,sh.600187,9.02,9.15,8.85,9.1,844296,7612136.0
2001-10-11,sh.600187,9.05,9.46,9.01,9.3,1448143,13385553.0
2001-10-12,sh.600187,9.3,9.62,9.23,9.6,2558332,23972945.0
2001-10-15,sh.600187,9.7,9.75,9.2,9.46,4957294,46260918.0
2001-10-16,sh.600187,9.44,9.59,9.26,9.35,585152,5493833.0
2001-10-17,sh.600187,9.3,9.51,9.19,9.37,557817,5232188.0
2001-10-18,sh.600187,9.37,9.51,9.31,9.43,599166,5656476.0
2001-10-19,sh.600187,9.42,9.47,8.98,9.0,1314077,12066224.0
2001-10-22,sh.600187,8.95,9.05,8.59,8.6,611300,5393100.0
2001-10-23,sh.600187,9.0,9.46,9.0,9.46,800161,7494773.0
2001-10-24,sh.600187,9.7,9.82,9.28,9.56,1886808,18164454.0
2001-10-25,sh.600187,9.51,9.8,9.44,9.77,1296580,12508722.0
2001-10-26,sh.600187,9.79,10.05,9.67,10.0,1088192,10719752.0
2001-10-29,sh.600187,10.15,10.44,10.0,10.39,1640711,16787356.0
2001-10-30,sh.600187,10.39,10.48,10.25,10.26,1246815,12885382.0
2001-10-31,sh.600187,10.21,10.4,10.04,10.36,872236,8963893.0
2001-11-01,sh.600187,10.4,10.56,10.4,10.52,2429977,25543804.0
2001-11-02,sh.600187,10.52,10.55,10.2,10.31,1248290,12992927.0
2001-11-05,sh.600187,10.37,10.4,10.23,10.27,497080,5107730.0
2001-11-06,sh.600187,10.25,10.48,10.2,10.39,378017,3930910.0
2001-11-07,sh.600187,10.35,10.48,10.26,10.37,1428522,14784982.0
2001-11-08,sh.600187,10.17,10.35,9.83,10.19,624689,6312322.0
2001-11-09,sh.600187,10.18,10.45,10.17,10.32,523878,5402972.0
2001-11-12,sh.600187,10.32,10.98,10.32,10.88,2496912,26862393.0
2001-11-13,sh.600187,10.83,11.07,10.66,10.99,1309105,14373634.0
2001-11-14,sh.600187,11.07,11.1,10.88,10.98,546833,5982031.0
2001-11-15,sh.600187,10.98,11.0,10.94,10.98,513490,5635482.0
2001-11-16,sh.600187,11.5,11.78,10.9,10.9,895129,10092160.0
2001-11-19,sh.600187,10.9,11.15,10.76,11.11,531350,5878088.0
2001-11-20,sh.600187,11.1,11.36,10.9,11.35,1120969,12506963.0
2001-11-21,sh.600187,11.35,11.5,11.25,11.39,3006979,34290728.0
2001-11-22,sh.600187,11.38,11.4,11.24,11.4,2374351,26936605.0
2001-11-23,sh.600187,11.5,11.73,11.45,11.54,935188,10852600.0
2001-11-26,sh.600187,11.57,11.57,11.31,11.45,326334,3723944.0
2001-11-27,sh.600187,11.45,11.45,11.22,11.44,517575,5854544.0
2001-11-28,sh.600187,11.42,11.42,11.29,11.32,481376,5457262.0
2001-11-29,sh.600187,11.32,11.52,11.09,11.52,937018,10576901.0
2001-11-30,sh.600187,11.55,11.65,11.39,11.58,2567223,29734752.0
2001-12-03,sh.600187,11.52,11.52,11.2,11.4,517172,5893605.0
2001-12-04,sh.600187,11.4,11.61,11.3,11.6,773466,8912478.0
2001-12-05,sh.600187,11.6,11.75,11.45,11.6,1674367,19409486.0
2001-12-06,sh.600187,11.45,11.73,11.45,11.7,1792881,20971272.0
2001-12-07,sh.600187,11.75,12.07,11.71,11.99,1203572,14408962.0
2001-12-10,sh.600187,12.0,12.24,11.8,12.24,884810,10729616.0
2001-12-11,sh.600187,12.3,12.39,12.09,12.12,630720,7700887.0
2001-12-12,sh.600187,12.1,12.2,11.85,12.13,849852,10207992.0
2001-12-13,sh.600187,12.09,12.2,12.0,12.07,499169,6029940.0
2001-12-14,sh.600187,11.98,12.13,11.68,12.11,962518,11522874.0
2001-12-17,sh.600187,12.1,12.44,11.81,12.42,1044751,12779964.0
2001-12-18,sh.600187,12.25,12.64,12.25,12.61,1576430,19665713.0
2001-12-19,sh.600187,12.61,12.62,12.4,12.49,558765,6999406.0
2001-12-20,sh.600187,12.4,12.72,11.95,12.26,3194599,39837887.0
2001-12-21,sh.600187,12.09,12.25,11.9,12.02,462805,5590355.0
2001-12-24,sh.600187,12.02,12.02,10.82,11.15,1134101,12837383.0
2001-12-25,sh.600187,10.96,11.67,10.25,11.64,2995907,33696861.0
2001-12-26,sh.600187,11.18,11.85,11.18,11.83,659732,7641220.0
2001-12-27,sh.600187,11.8,12.45,11.57,12.2,3858851,47366633.0
2001-12-31,sh.600187,12.2,12.39,12.1,12.22,1441056,17733703.0
2002-01-04,sh.600187,12.2,12.2,11.7,11.71,278406,3324566.0
2002-01-07,sh.600187,11.5,11.8,11.3,11.4,266945,3062681.0
2002-01-08,sh.600187,11.3,11.5,11.14,11.17,210100,2375445.0
2002-01-09,sh.600187,11.1,11.3,10.86,10.96,203950,2243868.0
2002-01-10,sh.600187,10.96,11.44,10.77,11.36,207745,2278580.0
2002-01-11,sh.600187,11.28,11.28,10.8,10.81,157660,1751965.0
2002-01-14,sh.600187,10.59,10.78,10.35,10.37,273055,2879923.0
2002-01-15,sh.600187,10.3,10.56,10.18,10.36,199330,2074968.0
2002-01-16,sh.600187,10.25,10.9,10.11,10.51,230118,2394951.0
2002-01-17,sh.600187,10.5,10.5,9.8,9.83,196200,1985960.0
2002-01-18,sh.600187,9.8,9.94,9.0,9.45,343916,3250886.0
2002-01-21,sh.600187,9.21,10.15,9.21,9.82,1162567,11374037.0
2002-01-22,sh.600187,9.76,10.18,9.76,10.0,498794,4988453.0
2002-01-23,sh.600187,9.9,10.6,9.9,10.59,319711,3283859.0
2002-01-24,sh.600187,10.5,10.8,10.32,10.6,258017,2744941.0
2002-01-25,sh.600187,10.59,10.7,10.5,10.61,176908,1875538.0
2002-01-28,sh.600187,10.8,10.8,9.95,9.97,394000,4038297.0
2002-01-29,sh.600187,9.95,10.51,9.89,10.41,295460,3051103.0
2002-01-30,sh.600187,10.32,10.85,10.32,10.79,366831,3933575.0
2002-01-31,sh.600187,10.8,11.55,10.8,11.32,468817,5261750.0
2002-02-01,sh.600187,11.32,11.5,11.2,11.37,637607,7273056.0
2002-02-04,sh.600187,11.41,11.55,11.18,11.46,278195,3183017.0
2002-02-05,sh.600187,11.4,11.85,11.4,11.7,492099,5737172.0
2002-02-06,sh.600187,11.7,11.91,11.52,11.71,610349,7226236.0
2002-02-07,sh.600187,11.3,12.15,11.25,12.08,1207836,14320329.0
2002-02-08,sh.600187,12.08,12.15,11.9,11.92,2977230,36024113.0
2002-02-25,sh.600187,11.92,12.09,11.75,11.99,342050,4065995.0
2002-02-26,sh.600187,11.95,11.95,11.62,11.75,239633,2804264.0
2002-02-27,sh.600187,11.45,11.78,11.01,11.54,189871,2194127.0
2002-02-28,sh.600187,11.4,11.5,11.2,11.33,299400,3402494.0
2002-03-01,sh.600187,11.3,11.58,11.15,11.49,344180,3934868.0
2002-03-04,sh.600187,11.45,11.93,11.43,11.92,254446,2998645.0
2002-03-05,sh.600187,11.9,12.05,11.8,11.92,852782,10215893.0
2002-03-06,sh.600187,11.92,12.25,11.92,12.14,790650,9600100.0
2002-03-07,sh.600187,12.13,12.43,12.02,12.4,833350,10197941.0
2002-03-08,sh.600187,12.38,12.74,12.12,12.64,2020826,25390609.0
2002-03-11,sh.600187,12.62,13.15,12.3,13.1,2988841,38496705.0
2002-03-12,sh.600187,13.2,13.2,12.7,12.79,790144,10194789.0
2002-03-13,sh.600187,12.68,12.75,12.52,12.54,500100,6325186.0
2002-03-14,sh.600187,12.54,12.69,12.51,12.68,211829,2668289.0
2002-03-15,sh.600187,12.68,13.08,12.47,12.47,334265,4278651.0
2002-03-18,sh.600187,12.48,12.7,12.23,12.6,341870,4251964.0
2002-03-19,sh.600187,12.58,13.01,12.58,13.0,632183,8113992.0
2002-03-20,sh.600187,13.03,13.1,12.6,12.74,717553,9138183.0
2002-03-21,sh.600187,12.8,13.58,12.8,13.57,2418053,31883139.0
2002-03-22,sh.600187,13.55,13.55,13.16,13.31,1150768,15305757.0
2002-03-25,sh.600187,13.4,13.51,13.15,13.18,1193923,15867018.0
2002-03-26,sh.600187,13.18,13.28,12.95,12.97,687825,8929068.0
2002-03-27,sh.600187,12.97,13.09,12.86,12.99,275815,3585267.0
2002-03-28,sh.600187,13.0,13.1,12.68,12.69,338135,4358515.0
2002-04-01,sh.600187,12.28,12.49,12.2,12.29,584700,7200358.0
2002-04-02,sh.600187,12.05,12.3,11.7,11.8,544555,6472041.0
2002-04-03,sh.600187,11.75,11.9,11.66,11.75,252470,2970317.0
2002-04-04,sh.600187,11.8,12.35,11.71,12.33,193579,2332910.0
2002-04-05,sh.600187,12.4,13.09,12.4,12.78,1697249,21651680.0
2002-04-08,sh.600187,12.6,12.78,12.5,12.55,153687,1937418.0
2002-04-09,sh.600187,12.5,13.3,12.5,13.15,2380881,30429275.0
2002-04-10,sh.600187,12.9,13.32,12.8,12.95,3061890,40090073.0
2002-04-11,sh.600187,12.92,13.35,12.68,12.93,2616083,34045860.0
2002-04-12,sh.600187,12.72,13.04,12.66,12.79,1566657,20096512.0
2002-04-15,sh.600187,12.7,12.95,12.5,12.85,1567943,19977518.0
2002-04-16,sh.600187,12.78,12.9,12.5,12.73,1814991,23100670.0
2002-04-17,sh.600187,12.73,12.85,12.35,12.6,1432850,18147986.0
2002-04-18,sh.600187,12.5,12.68,12.45,12.61,980993,12299931.0
2002-04-19,sh.600187,12.48,12.8,12.25,12.7,1082220,13519093.0
2002-04-22,sh.600187,12.69,13.0,12.5,12.9,3462388,44735937.0
2002-04-23,sh.600187,12.77,12.9,12.61,12.69,864100,11059038.0
2002-04-24,sh.600187,12.69,12.7,12.55,12.57,124125,1563285.0
2002-04-25,sh.600187,12.57,12.7,12.5,12.61,1421000,17924522.0
2002-04-29,sh.600187,12.62,12.98,12.6,12.7,870351,11107779.0
2002-04-30,sh.600187,12.85,12.9,12.6,12.68,140140,1776423.0
2002-05-08,sh.600187,12.5,12.7,12.5,12.5,135160,1695366.0
2002-05-09,sh.600187,12.5,13.2,12.5,12.63,332230,4245514.0
2002-05-10,sh.600187,12.63,12.88,12.54,12.57,85016,1073470.0
2002-05-13,sh.600187,12.55,13.07,12.55,12.9,1696725,21940375.0
2002-05-14,sh.600187,12.87,13.25,12.87,13.19,2320932,30437288.0
2002-05-15,sh.600187,13.22,13.25,12.9,13.12,934051,12230619.0
2002-05-16,sh.600187,12.48,13.12,12.48,12.89,695560,8999828.0
2002-05-17,sh.600187,12.85,13.6,12.81,13.42,3510839,46716365.0
2002-05-20,sh.600187,13.6,13.6,13.08,13.54,1377929,18389380.0
2002-05-21,sh.600187,13.6,13.71,13.16,13.52,3655387,49134395.0
2002-05-22,sh.600187,13.4,13.4,12.89,13.19,1086661,14212763.0
2002-05-23,sh.600187,12.98,13.38,12.97,13.02,418675,5506422.0
2002-05-24,sh.600187,13.1,13.15,12.74,12.98,337742,4363219.0
2002-05-27,sh.600187,12.77,13.12,12.75,13.1,303150,3928385.0
2002-05-28,sh.600187,13.05,13.6,12.91,13.29,1110960,14871635.0
2002-05-29,sh.600187,13.18,13.68,12.98,13.51,3227863,43536906.0
2002-05-30,sh.600187,13.36,13.47,13.12,13.2,1291000,17133888.0
2002-05-31,sh.600187,13.06,13.4,13.05,13.37,1385850,18281371.0
2002-06-03,sh.600187,13.2,13.38,13.01,13.24,1113796,14650832.0
2002-06-04,sh.600187,13.05,13.45,13.05,13.3,939498,12527807.0
2002-06-05,sh.600187,13.15,13.3,12.81,12.86,276200,3594770.0
2002-06-06,sh.600187,12.86,13.3,12.38,13.11,664125,8515418.0
2002-06-07,sh.600187,13.01,13.37,13.0,13.18,1288225,17102942.0
2002-06-10,sh.600187,13.09,13.59,13.09,13.42,2221950,29760910.0
2002-06-11,sh.600187,13.19,13.53,12.96,13.23,2675200,35267253.0
2002-06-12,sh.600187,13.0,13.17,12.81,13.05,1215097,15815518.0
2002-06-13,sh.600187,13.0,13.0,12.79,12.85,392150,5043028.0
2002-06-14,sh.600187,12.8,12.83,12.52,12.53,513065,6487519.0
2002-06-17,sh.600187,12.4,12.6,12.21,12.41,140159,1733921.0
2002-06-18,sh.600187,12.49,12.88,12.41,12.75,1168300,14870902.0
2002-06-19,sh.600187,12.8,12.8,12.52,12.53,237400,2994418.0
2002-06-20,sh.600187,12.51,12.69,12.47,12.52,412400,5180274.0
2002-06-21,sh.600187,12.52,12.75,12.4,12.55,1297859,16291035.0
2002-06-24,sh.600187,12.56,13.81,12.4,13.0,67809001,868730593.0
2002-06-25,sh.600187,12.8,12.8,11.7,11.7,20768377,251141996.0
2002-06-26,sh.600187,11.02,11.2,10.53,10.53,8252909,87489327.0
2002-06-27,sh.600187,10.01,10.53,9.6,10.24,14828296,149778372.0
2002-06-28,sh.600187,10.14,10.35,9.86,10.16,10005067,100959535.0
2002-07-01,sh.600187,10.16,10.35,10.01,10.25,5120698,52347370.0
2002-07-02,sh.600187,10.25,10.32,10.06,10.16,3170382,32199390.0
2002-07-03,sh.600187,10.16,10.24,10.06,10.09,3279383,33156396.0
2002-07-04,sh.600187,10.1,10.18,9.9,9.92,3376081,33631650.0
2002-07-05,sh.600187,9.91,10.19,9.84,10.09,2528108,25467060.0
2002-07-08,sh.600187,10.12,10.14,10.02,10.13,2251640,22671751.0
2002-07-09,sh.600187,10.16,10.19,10.05,10.1,1605234,16251526.0
2002-07-10,sh.600187,10.08,10.08,9.86,9.86,2445110,24310173.0
2002-07-11,sh.600187,9.83,9.94,9.7,9.84,2232832,21920479.0
2002-07-12,sh.600187,9.84,9.85,9.66,9.68,1870515,18177610.0
2002-07-15,sh.600187,9.66,9.66,9.16,9.22,3888655,36291188.0
2002-07-16,sh.600187,9.2,9.39,9.16,9.26,1881692,17456370.0
2002-07-17,sh.600187,9.29,9.81,9.19,9.79,2852965,26996407.0
2002-07-18,sh.600187,9.7,9.98,9.55,9.75,4244184,41750731.0
2002-07-19,sh.600187,9.71,9.84,9.61,9.67,1447214,14030461.0
2002-07-22,sh.600187,9.67,9.67,9.41,9.43,1533217,14589699.0
2002-07-23,sh.600187,9.4,9.56,9.32,9.48,960597,9108126.0
2002-07-24,sh.600187,9.5,9.65,9.5,9.53,675771,6444682.0
2002-07-25,sh.600187,9.56,9.59,9.36,9.37,922308,8675412.0
2002-07-26,sh.600187,9.42,9.48,9.3,9.41,806867,7567278.0
2002-07-29,sh.600187,9.38,9.62,9.33,9.57,1042840,9907921.0
2002-07-30,sh.600187,9.58,9.82,9.5,9.81,4558196,44588430.0
2002-07-31,sh.600187,9.8,9.8,9.6,9.64,1022450,9919827.0
2002-08-01,sh.600187,9.62,9.83,9.57,9.78,1448042,14084773.0
2002-08-02,sh.600187,9.8,9.8,9.71,9.76,624013,6081082.0
2002-08-05,sh.600187,9.71,9.82,9.71,9.77,553027,5394299.0
2002-08-06,sh.600187,9.77,9.88,9.74,9.85,2003053,19723131.0
2002-08-07,sh.600187,9.85,9.85,9.74,9.79,1149746,11259849.0
2002-08-08,sh.600187,9.8,9.88,9.74,9.76,606983,5931639.0
2002-08-09,sh.600187,9.77,9.82,9.68,9.81,1415155,13784236.0
2002-08-12,sh.600187,9.8,9.82,9.72,9.8,764745,7480962.0
2002-08-13,sh.600187,9.73,9.93,9.73,9.92,1390938,13702274.0
2002-08-14,sh.600187,9.75,9.91,9.75,9.84,449059,4423516.0
2002-08-15,sh.600187,9.86,10.0,9.8,10.0,2611966,25995260.0
2002-08-16,sh.600187,10.0,10.08,9.88,9.99,957685,9565079.0
2002-08-19,sh.600187,9.95,10.07,9.95,10.0,710180,7122249.0
2002-08-20,sh.600187,10.0,10.13,10.0,10.11,1206741,12168129.0
2002-08-21,sh.600187,10.12,10.14,10.08,10.14,1099561,11118697.0
2002-08-22,sh.600187,10.14,10.29,10.13,10.27,2377457,24300137.0
2002-08-23,sh.600187,10.26,10.52,10.2,10.33,3311922,34465515.0
2002-08-26,sh.600187,10.35,10.7,10.32,10.54,3886804,40967985.0
2002-08-27,sh.600187,10.59,10.7,10.36,10.46,2279745,24048252.0
2002-08-28,sh.600187,10.42,10.52,10.25,10.29,1486531,15380814.0
2002-08-29,sh.600187,10.3,10.34,10.11,10.14,1275090,13009157.0
2002-08-30,sh.600187,10.11,10.18,10.08,10.17,631091,6395756.0
2002-09-02,sh.600187,10.12,10.35,10.12,10.23,562084,5772088.0
2002-09-03,sh.600187,10.23,10.28,10.15,10.16,474243,4834013.0
2002-09-04,sh.600187,10.16,10.21,10.1,10.11,410601,4154925.0
2002-09-05,sh.600187,10.11,10.11,9.95,10.01,988556,9904368.0
2002-09-06,sh.600187,9.98,10.18,9.95,10.08,735901,7432246.0
2002-09-09,sh.600187,10.02,10.19,10.02,10.18,692439,7000146.0
2002-09-10,sh.600187,10.18,10.38,10.11,10.35,1107604,11389039.0
2002-09-11,sh.600187,10.4,10.4,10.21,10.3,608604,6245679.0
2002-09-12,sh.600187,10.25,10.38,10.18,10.33,673240,6949296.0
2002-09-13,sh.600187,10.32,10.33,10.2,10.22,310650,3187896.0
2002-09-16,sh.600187,10.12,10.25,10.12,10.21,683080,6954552.0
2002-09-17,sh.600187,10.2,10.3,10.16,10.28,717240,7339907.0
2002-09-18,sh.600187,10.21,10.35,10.21,10.3,825357,8518588.0
2002-09-19,sh.600187,10.3,10.45,10.26,10.43,1584206,16467898.0
2002-09-20,sh.600187,10.43,10.47,10.37,10.39,774407,8065905.0
2002-09-23,sh.600187,10.39,10.51,10.37,10.49,1046129,10966623.0
2002-09-24,sh.600187,10.5,10.56,10.41,10.52,973204,10218054.0
2002-09-25,sh.600187,10.51,10.51,10.44,10.47,1303727,13687002.0
2002-09-26,sh.600187,10.43,10.44,10.12,10.13,683100,7008065.0
2002-09-27,sh.600187,10.06,10.25,10.06,10.24,609950,6205294.0
2002-10-08,sh.600187,10.13,10.21,10.06,10.1,260194,2629134.0
2002-10-09,sh.600187,10.1,10.12,9.78,10.04,506792,5050540.0
2002-10-10,sh.600187,10.0,10.07,9.95,10.02,299600,3003430.0
2002-10-11,sh.600187,10.06,10.15,9.99,9.99,248200,2484507.0
2002-10-14,sh.600187,9.8,10.03,9.8,10.0,529093,5280384.0
2002-10-15,sh.600187,9.96,10.11,9.93,10.02,345822,3472724.0
2002-10-16,sh.600187,10.0,10.23,10.0,10.23,455904,4619712.0
2002-10-17,sh.600187,10.41,10.41,10.04,10.2,234771,2388191.0
2002-10-18,sh.600187,10.02,10.4,10.02,10.39,1566648,16187636.0
2002-10-21,sh.600187,10.21,10.5,10.21,10.48,786213,8175841.0
2002-10-22,sh.600187,10.45,10.59,10.42,10.47,2740289,28865899.0
2002-10-23,sh.600187,10.47,10.47,10.29,10.38,336297,3476762.0
2002-10-24,sh.600187,10.31,10.38,10.25,10.26,185750,1914505.0
2002-10-25,sh.600187,10.26,10.35,10.13,10.15,237100,2421641.0
2002-10-28,sh.600187,10.15,10.2,10.11,10.14,276995,2810016.0
2002-10-29,sh.600187,10.12,10.21,9.88,10.04,1164082,11600132.0
2002-10-30,sh.600187,10.01,10.01,9.8,9.91,445388,4409335.0
2002-10-31,sh.600187,9.86,10.0,9.85,9.9,131600,1302598.0
2002-11-01,sh.600187,9.89,9.95,9.85,9.91,112500,1112765.0
2002-11-04,sh.600187,9.92,9.99,9.87,9.97,238551,2366814.0
2002-11-05,sh.600187,9.99,10.06,9.85,10.0,951164,9488213.0
2002-11-06,sh.600187,10.0,10.08,9.9,9.91,555910,5529516.0
2002-11-07,sh.600187,9.98,9.99,9.88,9.96,247148,2455822.0
2002-11-08,sh.600187,9.96,9.96,9.51,9.53,716489,6998270.0
2002-11-11,sh.600187,9.53,9.64,9.23,9.26,338480,3166883.0
2002-11-12,sh.600187,9.27,9.3,9.0,9.02,503201,4590829.0
2002-11-13,sh.600187,9.0,9.05,8.63,8.89,479627,4208123.0
2002-11-14,sh.600187,8.9,8.9,8.44,8.5,511200,4426426.0
2002-11-15,sh.600187,8.46,8.76,8.4,8.54,445360,3813151.0
2002-11-18,sh.600187,8.68,8.68,8.29,8.29,226421,1906492.0
2002-11-19,sh.600187,8.27,8.5,7.95,8.33,853904,7010649.0
2002-11-20,sh.600187,8.29,8.67,8.24,8.59,1974399,16871741.0
2002-11-21,sh.600187,8.52,8.91,8.5,8.9,3081970,27114605.0
2002-11-22,sh.600187,8.72,9.36,8.72,9.35,3398285,31135287.0
2002-11-25,sh.600187,9.17,9.7,9.17,9.37,2387228,22540521.0
2002-11-26,sh.600187,9.35,9.6,9.3,9.35,1524649,14345354.0
2002-11-27,sh.600187,9.1,9.8,9.0,9.7,1973413,18707659.0
2002-11-28,sh.600187,9.7,9.7,9.51,9.67,639091,6149730.0
2002-11-29,sh.600187,9.7,9.96,9.67,9.82,1958634,19268717.0
2002-12-02,sh.600187,9.78,9.78,9.51,9.69,802193,7738676.0
2002-12-03,sh.600187,9.69,9.75,9.56,9.69,382450,3692818.0
2002-12-04,sh.600187,9.66,9.7,9.53,9.57,350400,3365308.0
2002-12-05,sh.600187,9.53,9.65,9.3,9.32,331940,3131907.0
2002-12-06,sh.600187,9.32,9.73,9.32,9.69,1161693,11241754.0
2002-12-09,sh.600187,9.69,9.96,9.52,9.92,1148452,11294508.0
2002-12-10,sh.600187,9.92,10.18,9.82,9.97,4499687,45271153.0
2002-12-11,sh.600187,9.88,9.95,9.65,9.8,435150,4249779.0
2002-12-12,sh.600187,9.66,9.95,9.65,9.9,286478,2820439.0
2002-12-13,sh.600187,9.73,9.95,9.73,9.84,228250,2246138.0
2002-12-16,sh.600187,9.84,10.04,9.68,9.9,457350,4511348.0
2002-12-17,sh.600187,9.85,10.0,9.8,9.87,187110,1846403.0
2002-12-18,sh.600187,9.86,9.86,9.68,9.74,320660,3125685.0
2002-12-19,sh.600187,9.73,9.73,9.45,9.64,500207,4774644.0
2002-12-20,sh.600187,9.6,10.03,9.55,10.02,1616169,16092127.0
2002-12-23,sh.600187,10.05,10.43,10.05,10.41,4335717,45002828.0
2002-12-24,sh.600187,10.4,10.51,10.25,10.4,4849329,50814646.0
2002-12-25,sh.600187,10.36,10.88,10.2,10.72,1940703,20612244.0
2002-12-26,sh.600187,10.6,10.85,10.4,10.72,8687072,92966058.0
2002-12-27,sh.600187,10.7,10.7,10.4,10.45,572500,6016806.0
2002-12-30,sh.600187,10.43,10.75,10.15,10.7,1025717,10794050.0
2002-12-31,sh.600187,10.7,11.29,10.56,11.18,4199141,46319759.0
2003-01-02,sh.600187,11.03,11.28,10.76,10.78,800292,8745812.0
2003-01-03,sh.600187,10.78,10.94,10.62,10.75,399791,4297946.0
2003-01-06,sh.600187,10.75,10.9,10.67,10.79,380331,4099886.0
2003-01-07,sh.600187,10.76,10.88,10.54,10.55,437899,4668718.0
2003-01-08,sh.600187,10.54,10.7,10.51,10.67,268226,2847058.0
2003-01-09,sh.600187,10.68,10.99,10.68,10.94,789814,8618253.0
2003-01-10,sh.600187,11.0,11.0,10.82,10.82,488629,5328910.0
2003-01-13,sh.600187,10.76,11.2,10.7,11.18,1602393,17652956.0
2003-01-14,sh.600187,11.18,11.48,11.13,11.41,1163025,13160860.0
2003-01-15,sh.600187,11.47,11.55,11.1,11.15,818832,9237762.0
2003-01-16,sh.600187,11.1,11.7,11.03,11.4,859718,9825138.0
2003-01-17,sh.600187,11.41,11.45,11.21,11.23,365733,4132624.0
2003-01-20,sh.600187,11.22,11.38,11.1,11.2,402082,4512482.0
2003-01-21,sh.600187,11.2,11.48,11.18,11.23,380791,4313981.0
2003-01-22,sh.600187,11.18,11.46,11.12,11.37,436563,4955585.0
2003-01-23,sh.600187,11.23,11.5,11.23,11.29,408030,4664079.0
2003-01-24,sh.600187,11.23,11.59,11.23,11.49,592481,6803411.0
2003-01-27,sh.600187,11.43,11.65,11.4,11.56,410935,4736589.0
2003-01-28,sh.600187,11.51,11.68,11.38,11.6,4423622,50589408.0
2003-01-29,sh.600187,11.4,11.72,11.39,11.61,1569900,18143579.0
2003-02-10,sh.600187,11.5,11.8,11.44,11.8,1007332,11818459.0
2003-02-11,sh.600187,11.75,11.78,11.68,11.72,105467,1235948.0
2003-02-12,sh.600187,11.7,11.7,11.5,11.66,957967,11060950.0
2003-02-13,sh.600187,11.68,11.68,11.5,11.53,489077,5636392.0
2003-02-14,sh.600187,11.52,11.81,11.46,11.78,1086221,12767823.0
2003-02-17,sh.600187,11.55,11.79,11.55,11.57,191290,2217559.0
2003-02-18,sh.600187,11.58,11.68,11.51,11.6,146333,1699200.0
2003-02-19,sh.600187,11.6,11.62,11.57,11.57,153140,1774353.0
2003-02-20,sh.600187,11.6,11.6,11.4,11.43,1772985,20268827.0
2003-02-21,sh.600187,11.4,11.5,11.23,11.31,2318358,26143374.0
2003-02-24,sh.600187,11.3,11.43,11.23,11.4,4349733,48972527.0
2003-02-25,sh.600187,11.4,11.66,11.4,11.6,1833998,21241530.0
2003-02-26,sh.600187,11.6,11.98,11.57,11.94,1513834,17981464.0
2003-02-27,sh.600187,11.94,12.1,11.85,12.07,1056874,12725758.0
2003-02-28,sh.600187,12.05,12.09,11.93,12.08,423595,5082516.0
2003-03-03,sh.600187,12.08,12.35,11.93,12.31,1637650,20004066.0
2003-03-04,sh.600187,11.89,12.1,11.66,12.06,1198810,14222717.0
2003-03-05,sh.600187,11.85,12.1,11.81,11.96,1853200,22321400.0
2003-03-06,sh.600187,12.0,12.21,11.87,11.92,1661971,20213235.0
2003-03-07,sh.600187,11.87,11.94,11.86,11.87,153250,1823404.0
2003-03-10,sh.600187,11.85,11.99,11.53,11.66,231220,2704564.0
2003-03-11,sh.600187,11.6,12.16,11.6,12.16,756169,9070919.0
2003-03-12,sh.600187,12.18,12.57,11.97,12.26,3476690,43255085.0
2003-03-13,sh.600187,12.26,12.37,12.15,12.23,244300,2995110.0
2003-03-14,sh.600187,12.2,12.3,12.1,12.12,130130,1583461.0
2003-03-17,sh.600187,12.07,12.25,12.07,12.14,1098713,13389530.0
2003-03-18,sh.600187,12.0,12.14,11.86,11.88,355649,4248076.0
2003-03-19,sh.600187,11.87,12.1,11.8,11.98,381308,4537421.0
2003-03-20,sh.600187,12.0,12.06,11.85,11.9,314152,3751204.0
2003-03-21,sh.600187,11.9,11.99,11.9,11.97,65553,783177.0
2003-03-24,sh.600187,11.95,11.99,11.89,11.92,64461,769320.0
2003-03-25,sh.600187,12.35,12.35,11.93,11.94,94880,1136822.0
2003-03-26,sh.600187,11.81,11.94,11.81,11.87,119000,1414634.0
2003-03-27,sh.600187,11.68,12.1,11.68,12.03,271010,3249835.0
2003-03-28,sh.600187,11.95,12.13,11.9,11.91,211100,2528877.0
2003-03-31,sh.600187,11.89,11.9,11.75,11.82,163945,1937218.0
2003-04-01,sh.600187,11.8,11.9,11.75,11.9,94228,1113938.0
2003-04-02,sh.600187,12.06,12.06,11.93,11.98,110359,1322814.0
2003-04-03,sh.600187,11.98,11.99,11.78,11.9,126050,1498841.0
2003-04-04,sh.600187,11.83,11.95,11.83,11.88,78310,929510.0
2003-04-07,sh.600187,11.83,11.93,11.71,11.72,130200,1537754.0
2003-04-08,sh.600187,11.7,11.85,11.66,11.74,2345100,27644545.0
2003-04-09,sh.600187,11.7,11.79,11.5,11.66,264392,3078354.0
2003-04-10,sh.600187,11.65,11.65,11.18,11.19,456828,5156714.0
2003-04-11,sh.600187,11.14,11.47,11.06,11.26,277240,3131493.0
2003-04-14,sh.600187,11.2,11.39,11.05,11.29,376050,4220366.0
2003-04-15,sh.600187,11.25,11.55,11.25,11.45,221600,2532802.0
2003-04-16,sh.600187,11.5,11.6,11.08,11.15,327400,3684586.0
2003-04-17,sh.600187,11.16,11.38,11.12,11.19,199261,2241034.0
2003-04-18,sh.600187,11.22,11.55,11.1,11.5,271846,3088542.0
2003-04-21,sh.600187,11.57,11.58,11.2,11.52,200632,2297716.0
2003-04-22,sh.600187,11.39,11.8,11.3,11.68,479312,5593697.0
2003-04-23,sh.600187,11.61,11.75,11.4,11.59,802350,9375149.0
2003-04-24,sh.600187,11.5,11.6,11.3,11.35,165180,1893048.0
2003-04-25,sh.600187,11.45,11.5,11.2,11.49,194397,2213970.0
2003-04-29,sh.600187,11.66,11.66,11.21,11.27,93050,1054452.0
2003-04-30,sh.600187,11.31,11.51,11.31,11.45,2176359,24998628.0
2003-05-12,sh.600187,10.31,11.44,10.31,10.87,146450,1599683.0
2003-05-13,sh.600187,10.97,11.3,10.7,11.06,5144931,57758708.0
2003-05-14,sh.600187,10.7,11.03,10.08,10.81,116241,1258766.0
2003-05-15,sh.600187,10.69,10.89,10.69,10.75,144610,1557238.0
2003-05-16,sh.600187,10.75,10.75,10.56,10.58,120180,1276710.0
2003-05-19,sh.600187,10.66,10.66,10.41,10.46,90676,950198.0
2003-05-20,sh.600187,10.43,10.43,10.22,10.36,71452,739688.0
2003-05-21,sh.600187,10.49,10.58,10.33,10.55,38800,406022.0
2003-05-22,sh.600187,10.55,10.6,10.4,10.55,45301,476678.0
2003-05-23,sh.600187,10.57,10.6,10.5,10.56,100100,1056338.0
2003-05-26,sh.600187,10.58,11.12,10.53,11.05,259183,2837459.0
2003-05-27,sh.600187,11.1,11.1,10.91,11.07,103488,1138424.0
2003-05-28,sh.600187,10.9,11.06,10.67,10.78,115599,1254795.0
2003-05-29,sh.600187,10.76,10.88,10.58,10.67,102200,1088371.0
2003-05-30,sh.600187,10.58,10.8,10.52,10.78,137905,1458872.0
2003-06-02,sh.600187,10.71,10.71,10.55,10.67,82300,872608.0
2003-06-03,sh.600187,10.67,10.69,10.57,10.59,64350,683457.0
2003-06-04,sh.600187,10.51,10.73,10.5,10.66,1127964,12017341.0
2003-06-05,sh.600187,10.64,10.68,10.48,10.62,83500,878702.0
2003-06-06,sh.600187,10.62,10.62,10.4,10.4,565620,5942511.0
2003-06-09,sh.600187,10.32,10.49,10.32,10.39,23340,242422.0
2003-06-10,sh.600187,10.39,10.59,10.35,10.35,463100,4864633.0
2003-06-11,sh.600187,10.45,10.45,10.35,10.44,37448,389462.0
2003-06-12,sh.600187,10.5,10.5,10.36,10.38,11250,117563.0
2003-06-13,sh.600187,10.5,10.7,10.45,10.58,69726,735595.0
2003-06-16,sh.600187,10.59,10.59,10.36,10.4,65331,680058.0
2003-06-17,sh.600187,10.37,10.48,10.37,10.39,48800,507102.0
2003-06-18,sh.600187,10.35,10.55,10.28,10.51,1076434,11303791.0
2003-06-19,sh.600187,10.69,10.69,10.4,10.42,25880,270426.0
2003-06-20,sh.600187,10.3,10.45,10.3,10.37,33106,342736.0
2003-06-23,sh.600187,10.28,10.4,10.28,10.37,347005,3607593.0
2003-06-24,sh.600187,10.37,10.57,10.31,10.45,3012600,31353417.0
2003-06-25,sh.600187,10.37,10.5,10.35,10.39,2569423,26741498.0
2003-06-26,sh.600187,10.45,10.65,10.25,10.6,1941909,20081688.0
2003-06-27,sh.600187,10.6,11.12,10.42,11.08,4439326,47379556.0
2003-06-30,sh.600187,11.05,11.05,10.45,10.49,487449,5233895.0
2003-07-01,sh.600187,10.62,10.62,10.31,10.44,98690,1031940.0
2003-07-02,sh.600187,10.4,10.59,10.31,10.56,1753542,18482495.0
2003-07-03,sh.600187,10.56,10.61,10.46,10.5,37699,397122.0
2003-07-04,sh.600187,10.43,10.46,9.9,10.44,589433,5984837.0
2003-07-07,sh.600187,9.91,10.22,9.91,10.1,80056,808711.0
2003-07-08,sh.600187,10.0,10.11,10.0,10.05,67450,677060.0
2003-07-09,sh.600187,10.0,10.1,10.0,10.04,38250,384566.0
2003-07-10,sh.600187,9.98,10.19,9.98,10.08,51850,520599.0
2003-07-11,sh.600187,10.03,10.18,10.03,10.08,48300,489385.0
2003-07-14,sh.600187,10.02,10.1,9.96,9.99,48290,483004.0
2003-07-15,sh.600187,10.0,10.0,9.8,9.8,82300,812842.0
2003-07-16,sh.600187,10.05,10.18,9.99,10.08,109258,1098006.0
2003-07-17,sh.600187,10.01,10.08,9.91,9.96,45000,450178.0
2003-07-18,sh.600187,9.9,10.05,9.86,9.9,41900,415759.0
2003-07-21,sh.600187,9.81,9.81,9.58,9.61,46537,448459.0
2003-07-22,sh.600187,9.62,9.65,9.52,9.61,76335,732377.0
2003-07-23,sh.600187,9.73,9.75,9.6,9.67,47000,454278.0
2003-07-24,sh.600187,9.8,9.84,9.6,9.71,81150,791582.0
2003-07-25,sh.600187,9.68,9.88,9.68,9.8,72514,711901.0
2003-07-28,sh.600187,9.85,10.07,9.83,10.01,71300,713344.0
2003-07-29,sh.600187,10.1,10.21,10.0,10.19,160688,1628124.0
2003-07-30,sh.600187,10.19,10.28,10.01,10.27,871348,8894369.0
2003-08-01,sh.600187,10.2,10.5,10.09,10.33,1465178,15150282.0
2003-08-04,sh.600187,10.4,10.4,10.15,10.17,39902,410185.0
2003-08-05,sh.600187,10.15,10.2,10.1,10.1,29599,300379.0
2003-08-06,sh.600187,10.07,10.2,10.05,10.06,10400,104984.0
2003-08-07,sh.600187,10.07,10.15,10.04,10.04,20490,206189.0
2003-08-08,sh.600187,9.96,10.1,9.96,10.1,24000,239628.0
2003-08-11,sh.600187,10.07,10.07,9.84,10.0,27585,272598.0
2003-08-12,sh.600187,10.0,10.1,9.82,10.0,81550,814053.0
2003-08-13,sh.600187,9.99,9.99,9.83,9.85,12900,127875.0
2003-08-14,sh.600187,9.82,9.95,9.82,9.84,31252,308252.0
2003-08-15,sh.600187,9.78,9.83,9.71,9.83,14800,144882.0
2003-08-18,sh.600187,9.8,9.98,9.8,9.94,11545,114443.0
2003-08-19,sh.600187,10.05,10.05,9.95,10.0,11300,113221.0
2003-08-20,sh.600187,10.0,10.0,9.81,9.96,67450,671938.0
2003-08-21,sh.600187,9.69,9.8,9.67,9.79,7117,69468.0
2003-08-22,sh.600187,9.8,9.88,9.74,9.87,417400,4093707.0
2003-08-25,sh.600187,9.85,9.85,9.72,9.73,13050,127936.0
2003-08-26,sh.600187,9.84,9.97,9.61,9.85,1345316,13285928.0
2003-08-27,sh.600187,9.78,10.0,9.76,9.77,31300,306738.0
2003-08-28,sh.600187,9.77,9.78,9.62,9.76,24050,233338.0
2003-08-29,sh.600187,9.62,9.77,9.6,9.77,11900,114600.0
2003-09-01,sh.600187,9.62,9.79,9.6,9.78,36800,355642.0
2003-09-02,sh.600187,9.8,9.8,9.63,9.78,20273,196938.0
2003-09-03,sh.600187,9.65,9.8,9.65,9.78,29905,290462.0
2003-09-04,sh.600187,9.69,9.7,9.58,9.58,224300,2154892.0
2003-09-05,sh.600187,9.6,9.68,9.51,9.51,61800,592676.0
2003-09-08,sh.600187,9.55,9.55,9.2,9.24,43600,404928.0
2003-09-09,sh.600187,9.11,9.3,9.11,9.26,16351,149905.0
2003-09-10,sh.600187,9.2,9.21,9.1,9.14,51100,466259.0
2003-09-11,sh.600187,9.11,9.11,8.99,9.02,49200,444559.0
2003-09-12,sh.600187,9.0,9.0,8.7,8.7,81700,716068.0
2003-09-15,sh.600187,8.52,8.93,8.5,8.82,43200,380188.0
2003-09-16,sh.600187,8.75,8.9,8.75,8.87,17600,155846.0
2003-09-17,sh.600187,8.75,8.75,8.62,8.73,13150,114083.0
2003-09-18,sh.600187,8.7,8.7,8.44,8.54,92300,786253.0
2003-09-19,sh.600187,8.48,8.51,8.23,8.42,62600,526019.0
2003-09-22,sh.600187,8.4,8.49,8.2,8.42,48100,398990.0
2003-09-23,sh.600187,8.23,8.34,8.2,8.32,98300,807374.0
2003-09-24,sh.600187,8.32,8.32,7.8,8.11,336928,2709983.0
2003-09-25,sh.600187,8.1,8.1,7.96,8.02,73003,584949.0
2003-09-26,sh.600187,8.02,8.15,7.96,8.04,54524,437184.0
2003-09-29,sh.600187,7.98,7.98,7.45,7.55,124650,947285.0
2003-09-30,sh.600187,7.51,7.58,7.45,7.54,132125,991954.0
2003-10-08,sh.600187,7.55,7.85,7.55,7.83,276140,2115827.0
2003-10-09,sh.600187,7.78,7.82,7.59,7.67,166300,1275851.0
2003-10-10,sh.600187,7.63,7.78,7.54,7.74,141158,1083042.0
2003-10-13,sh.600187,7.74,7.74,7.57,7.58,150937,1154251.0
2003-10-14,sh.600187,7.58,7.58,7.45,7.45,139399,1042885.0
2003-10-15,sh.600187,7.45,7.59,7.11,7.3,164675,1217115.0
2003-10-16,sh.600187,7.29,7.29,6.99,7.0,190000,1340738.0
2003-10-17,sh.600187,7.03,7.03,6.64,6.66,431300,2901294.0
2003-10-20,sh.600187,6.66,6.77,6.64,6.71,361088,2413481.0
2003-10-21,sh.600187,6.79,6.79,6.21,6.45,432453,2786683.0
2003-10-22,sh.600187,6.4,6.57,5.98,6.08,5667284,34730946.0
2003-10-23,sh.600187,5.51,5.95,5.51,5.68,2441839,13974906.0
2003-10-24,sh.600187,5.65,5.7,5.11,5.26,2120075,11269684.0
2003-10-27,sh.600187,5.15,5.51,5.01,5.33,1885171,10092895.0
2003-10-28,sh.600187,5.32,5.42,5.06,5.23,908928,4769499.0
2003-10-29,sh.600187,5.25,5.3,4.71,4.75,2649691,12830218.0
2003-10-30,sh.600187,4.78,4.78,4.38,4.57,3619079,16320613.0
2003-10-31,sh.600187,4.51,5.03,4.51,4.88,11157709,53912482.0
2003-11-03,sh.600187,4.84,4.84,4.46,4.8,4623982,21604130.0
2003-11-04,sh.600187,4.78,5.03,4.71,4.98,4661159,22905401.0
2003-11-05,sh.600187,4.98,5.46,4.91,5.45,7783253,40652133.0
2003-11-06,sh.600187,5.44,5.49,5.15,5.26,6520545,34535005.0
2003-11-07,sh.600187,5.2,5.3,4.73,4.77,5056790,25301118.0
2003-11-10,sh.600187,4.72,5.18,4.52,5.17,5021365,25227294.0
2003-11-11,sh.600187,5.17,5.38,5.01,5.34,4272230,22377245.0
2003-11-12,sh.600187,5.34,5.45,5.13,5.17,3781039,19975409.0
2003-11-13,sh.600187,5.1,5.23,4.91,5.19,3568592,18139302.0
2003-11-14,sh.600187,5.13,5.23,5.05,5.1,2075757,10641609.0
2003-11-17,sh.600187,5.04,5.13,4.92,5.03,1423708,7156762.0
2003-11-18,sh.600187,5.02,5.02,4.67,4.75,2593151,12445947.0
2003-11-19,sh.600187,4.7,5.05,4.64,4.97,2609251,12846876.0
2003-11-20,sh.600187,4.96,5.44,4.9,5.39,8078130,42707495.0
2003-11-21,sh.600187,5.39,5.93,5.39,5.76,15972556,91372276.0
2003-11-24,sh.600187,5.7,6.34,5.6,6.31,13589471,81772168.0
2003-11-25,sh.600187,6.31,6.89,6.12,6.34,21450006,139112204.0
2003-11-26,sh.600187,6.32,6.44,5.81,5.96,14352175,87673251.0
2003-11-27,sh.600187,5.93,6.24,5.72,6.05,11211296,67520649.0
2003-11-28,sh.600187,6.01,6.09,5.75,5.84,5437275,32096059.0
2003-12-01,sh.600187,5.82,6.22,5.8,6.11,6028568,36295992.0
2003-12-02,sh.600187,6.14,6.3,6.02,6.08,6460450,39700422.0
2003-12-03,sh.600187,6.05,6.35,6.02,6.2,8613303,53707182.0
2003-12-04,sh.600187,6.2,6.35,6.09,6.29,4901947,30437262.0
2003-12-05,sh.600187,6.29,6.35,6.16,6.19,3051692,19011376.0
2003-12-08,sh.600187,6.19,6.19,5.88,5.92,3924952,23552561.0
2003-12-09,sh.600187,5.83,5.99,5.83,5.99,1920786,11371111.0
2003-12-10,sh.600187,6.05,6.47,5.97,6.39,10807236,67987979.0
2003-12-11,sh.600187,6.4,6.64,6.3,6.31,9925670,64158893.0
2003-12-12,sh.600187,6.3,6.39,6.14,6.21,4692543,29343158.0
2003-12-15,sh.600187,6.2,6.44,6.11,6.39,4712594,29702550.0
2003-12-16,sh.600187,6.37,6.42,6.1,6.28,4845103,30405772.0
2003-12-17,sh.600187,6.23,6.35,6.03,6.04,4845769,29903212.0
2003-12-18,sh.600187,6.0,6.07,5.44,5.44,11181901,62429998.0
2003-12-19,sh.600187,5.2,5.28,4.9,4.9,7828047,38958583.0
2003-12-22,sh.600187,4.45,5.15,4.41,5.01,10142747,47780753.0
2003-12-23,sh.600187,4.95,5.17,4.81,4.9,6690708,33377874.0
2003-12-24,sh.600187,4.9,5.03,4.77,4.81,4782889,23250927.0
2003-12-25,sh.600187,4.81,4.9,4.65,4.76,3626683,17273626.0
2003-12-26,sh.600187,4.41,4.94,4.4,4.78,4526295,21385778.0
2003-12-29,sh.600187,4.73,5.12,4.66,5.03,7156420,35636094.0
2003-12-30,sh.600187,5.03,5.25,4.99,5.13,5723798,29316728.0
2003-12-31,sh.600187,5.12,5.18,4.9,4.93,3273190,16533974.0
2004-01-02,sh.600187,4.9,5.03,4.76,4.81,3506824,17093755.0
2004-01-05,sh.600187,4.77,4.84,4.45,4.81,8104994,37635306.0
2004-01-06,sh.600187,4.75,4.79,4.6,4.65,6099319,28482492.0
2004-01-07,sh.600187,4.63,4.84,4.51,4.82,5236046,24196222.0
2004-01-08,sh.600187,4.82,5.0,4.75,4.96,4242168,20725437.0
2004-01-09,sh.600187,4.98,5.15,4.94,5.0,5506649,27816760.0
2004-01-12,sh.600187,5.0,5.39,4.96,5.37,7346389,38396007.0
2004-01-13,sh.600187,5.39,5.74,5.39,5.72,8881913,49655224.0
2004-01-14,sh.600187,5.8,5.86,5.5,5.81,7684712,43957179.0
2004-01-15,sh.600187,5.8,5.8,5.46,5.5,6486895,36089561.0
2004-01-16,sh.600187,5.48,5.58,5.2,5.52,4471677,24123655.0
2004-01-29,sh.600187,5.52,5.9,5.52,5.89,3398711,19797815.0
2004-01-30,sh.600187,5.91,5.99,5.71,5.71,2820268,16385555.0
2004-02-02,sh.600187,5.72,6.08,5.68,6.01,4662957,27511665.0
2004-02-03,sh.600187,6.08,6.35,5.91,6.34,5101050,31674962.0
2004-02-04,sh.600187,6.35,6.48,6.22,6.31,4496564,28492454.0
2004-02-05,sh.600187,6.3,6.9,6.27,6.75,10575632,70102809.0
2004-02-06,sh.600187,6.75,7.2,6.5,6.75,11111993,76649937.0
2004-02-09,sh.600187,6.7,6.85,6.62,6.77,5451891,36793507.0
2004-02-10,sh.600187,6.77,6.9,6.5,6.55,6982705,46454221.0
2004-02-11,sh.600187,6.55,6.78,6.4,6.77,5573933,36728392.0
2004-02-12,sh.600187,6.77,7.12,6.73,7.05,8106933,56310027.0
2004-02-13,sh.600187,7.05,7.1,6.71,6.88,4523289,31055267.0
2004-02-16,sh.600187,6.86,7.17,6.8,7.14,7107045,50315245.0
2004-02-17,sh.600187,7.2,7.38,7.08,7.18,12503472,90544314.0
2004-02-18,sh.600187,7.18,7.23,6.93,7.21,8045186,57014376.0
2004-02-19,sh.600187,7.2,7.23,7.01,7.04,4287007,30400322.0
2004-02-20,sh.600187,7.02,7.03,6.75,6.84,6231309,42700941.0
2004-02-23,sh.600187,6.82,7.0,6.73,6.75,3766166,25869593.0
2004-02-24,sh.600187,6.71,6.71,6.35,6.46,4188922,27249236.0
2004-02-25,sh.600187,6.6,6.65,6.18,6.25,3223529,20794092.0
2004-02-26,sh.600187,6.2,6.29,6.09,6.17,2897264,17831646.0
2004-02-27,sh.600187,6.2,6.44,6.15,6.37,3324582,21005776.0
2004-03-01,sh.600187,6.39,6.51,6.18,6.43,2058178,13042706.0
2004-03-02,sh.600187,6.43,6.6,6.33,6.52,2843781,18462725.0
2004-03-03,sh.600187,6.65,6.89,6.48,6.6,7318843,49115522.0
2004-03-04,sh.600187,6.61,6.61,6.28,6.48,2376024,15270762.0
2004-03-05,sh.600187,6.49,6.61,6.32,6.36,1644759,10645018.0
2004-03-08,sh.600187,6.32,6.32,6.09,6.1,1864100,11522554.0
2004-03-09,sh.600187,6.06,6.19,6.03,6.06,1410657,8620023.0
2004-03-10,sh.600187,6.03,6.12,5.97,6.11,3407455,20605566.0
2004-03-11,sh.600187,6.11,6.27,6.11,6.17,2466409,15254058.0
2004-03-12,sh.600187,6.18,6.22,6.05,6.14,1908375,11683541.0
2004-03-15,sh.600187,6.18,6.23,6.06,6.23,2217368,13649926.0
2004-03-16,sh.600187,6.24,6.45,6.21,6.43,3717120,23568373.0
2004-03-17,sh.600187,6.43,6.52,6.28,6.39,2825182,18078549.0
2004-03-18,sh.600187,6.39,6.85,6.32,6.69,11105674,73814041.0
2004-03-19,sh.600187,6.69,7.09,6.65,7.01,13729790,95272890.0
2004-03-22,sh.600187,7.06,7.25,6.91,7.05,9658180,68431257.0
2004-03-23,sh.600187,7.04,7.04,6.82,6.84,5616454,38795034.0
2004-03-24,sh.600187,6.83,7.05,6.73,6.84,4176747,28860501.0
2004-03-25,sh.600187,6.78,6.99,6.78,6.93,2706585,18650157.0
2004-03-26,sh.600187,6.93,6.98,6.6,6.64,3657407,24728352.0
2004-03-29,sh.600187,6.6,6.69,6.31,6.35,3742398,24376499.0
2004-03-30,sh.600187,6.4,6.48,6.26,6.47,2430343,15441545.0
2004-03-31,sh.600187,6.48,6.69,6.39,6.66,2685623,17585069.0
2004-04-01,sh.600187,6.67,6.77,6.53,6.73,2755245,18432205.0
2004-04-02,sh.600187,6.73,6.79,6.63,6.64,2292783,15358638.0
2004-04-05,sh.600187,6.65,6.66,6.43,6.54,2879898,18710382.0
2004-04-06,sh.600187,6.65,6.87,6.54,6.84,3728376,25116095.0
2004-04-07,sh.600187,6.95,7.09,6.78,6.79,6945802,48278959.0
2004-04-08,sh.600187,6.79,6.82,6.6,6.74,3058574,20474119.0
2004-04-09,sh.600187,6.74,6.74,6.44,6.53,2353417,15531155.0
2004-04-12,sh.600187,6.48,6.65,6.43,6.56,1366292,8932971.0
2004-04-13,sh.600187,6.55,6.59,6.24,6.26,3806137,24339183.0
2004-04-14,sh.600187,6.25,6.34,5.97,6.11,3191787,19508388.0
2004-04-15,sh.600187,6.11,6.16,6.0,6.02,1391186,8445230.0
2004-04-16,sh.600187,6.02,6.35,5.91,6.33,2900324,17895287.0
2004-04-19,sh.600187,6.31,6.35,6.02,6.07,1591323,9857164.0
2004-04-20,sh.600187,6.01,6.09,5.46,5.56,4978579,28293408.0
2004-04-21,sh.600187,5.5,5.8,5.49,5.65,1460477,8263127.0
2004-04-22,sh.600187,5.7,5.7,5.5,5.55,1236746,6888134.0
2004-04-23,sh.600187,5.55,5.6,5.15,5.21,2423724,12841730.0
2004-04-30,sh.600187,4.82,5.2,4.82,5.03,2072634,10284010.0
2004-05-10,sh.600187,5.03,5.09,4.83,5.06,1014169,5033959.0
2004-05-11,sh.600187,5.04,5.09,4.96,5.07,2262042,11445863.0
2004-05-12,sh.600187,5.08,5.25,4.98,5.21,1604156,8266496.0
2004-05-13,sh.600187,5.21,5.21,5.05,5.09,855770,4395847.0
2004-05-14,sh.600187,5.05,5.06,4.9,4.95,1154219,5731199.0
2004-05-17,sh.600187,4.94,5.02,4.86,5.0,513890,2550550.0
2004-05-18,sh.600187,5.0,5.05,4.85,5.04,793170,3924215.0
2004-05-19,sh.600187,5.05,5.49,5.0,5.26,3458812,18253888.0
2004-05-20,sh.600187,5.21,5.28,5.12,5.16,1316900,6833859.0
2004-05-21,sh.600187,5.16,5.25,5.12,5.25,930464,4838108.0
2004-05-24,sh.600187,5.23,5.36,5.2,5.23,1116165,5890922.0
2004-05-25,sh.600187,5.19,5.19,4.81,4.9,1813649,8961593.0
2004-05-27,sh.600187,5.05,5.12,4.93,5.1,1133725,5703862.0
2004-05-28,sh.600187,5.1,5.12,4.94,4.96,982112,4924386.0
2004-05-31,sh.600187,4.96,5.11,4.94,5.04,554001,2777331.0
2004-06-01,sh.600187,5.05,5.1,4.98,5.1,1586211,7984179.0
2004-06-02,sh.600187,5.08,5.19,5.07,5.18,1455224,7459492.0
2004-06-03,sh.600187,5.18,5.19,5.04,5.17,1378722,7011127.0
2004-06-04,sh.600187,5.16,5.16,5.05,5.13,880634,4495320.0
2004-06-07,sh.600187,5.2,5.2,4.95,5.13,1393491,7023923.0
2004-06-08,sh.600187,5.15,5.15,4.96,4.98,1449050,7269773.0
2004-06-09,sh.600187,4.96,4.97,4.55,4.57,1850246,8657390.0
2004-06-10,sh.600187,4.57,4.61,4.44,4.47,1273133,5740256.0
2004-06-11,sh.600187,4.48,4.65,4.48,4.51,983132,4498316.0
2004-06-14,sh.600187,4.54,4.54,4.18,4.21,1114500,4808830.0
2004-06-15,sh.600187,4.19,4.36,4.06,4.29,1166007,4906124.0
2004-06-16,sh.600187,4.27,4.49,4.19,4.39,1877139,8214627.0
2004-06-17,sh.600187,4.36,4.39,4.25,4.27,684210,2948005.0
2004-06-18,sh.600187,4.26,4.29,4.15,4.21,656263,2770856.0
2004-06-21,sh.600187,4.25,4.32,4.18,4.3,643231,2750391.0
2004-06-22,sh.600187,4.31,4.42,4.29,4.41,931070,4045843.0
2004-06-23,sh.600187,4.4,4.4,4.13,4.26,1701760,7184859.0
2004-06-24,sh.600187,4.25,4.27,4.13,4.18,1300955,5463498.0
2004-06-25,sh.600187,4.1,4.11,3.86,3.88,2032159,8066113.0
2004-06-28,sh.600187,3.86,3.86,3.6,3.64,1412449,5237784.0
2004-06-29,sh.600187,3.61,3.76,3.61,3.73,1366065,5062259.0
2004-06-30,sh.600187,3.71,3.73,3.64,3.67,595101,2188009.0
2004-07-01,sh.600187,3.75,3.99,3.75,3.89,3759805,14604944.0
2004-07-02,sh.600187,3.86,3.96,3.78,3.9,1518558,5847159.0
2004-07-05,sh.600187,3.95,3.98,3.84,3.95,1085232,4247680.0
2004-07-06,sh.600187,3.94,4.04,3.9,3.96,1459030,5780863.0
2004-07-07,sh.600187,3.93,3.93,3.8,3.85,1144518,4396407.0
2004-07-08,sh.600187,3.82,3.85,3.75,3.84,480173,1830346.0
2004-07-09,sh.600187,3.86,4.01,3.83,3.95,2103814,8266362.0
2004-07-12,sh.600187,3.95,3.95,3.78,3.8,1323827,5056187.0
2004-07-13,sh.600187,3.68,3.86,3.68,3.75,742262,2792266.0
2004-07-14,sh.600187,3.75,3.77,3.55,3.64,1175648,4295449.0
2004-07-15,sh.600187,3.51,3.77,3.33,3.65,1171544,4215467.0
2004-07-16,sh.600187,3.58,3.77,3.57,3.74,2099491,7741734.0
2004-07-19,sh.600187,3.74,3.74,3.65,3.68,1069391,3935945.0
2004-07-20,sh.600187,3.67,3.7,3.54,3.62,1124928,4042682.0
2004-07-21,sh.600187,3.66,3.67,3.58,3.58,546446,1977007.0
2004-07-22,sh.600187,3.59,3.75,3.49,3.62,2331247,8497736.0
2004-07-23,sh.600187,3.58,3.6,3.45,3.53,1012102,3554631.0
2004-07-26,sh.600187,3.52,3.55,3.41,3.42,601790,2082170.0
2004-07-27,sh.600187,3.42,3.47,3.35,3.38,761109,2589328.0
2004-07-28,sh.600187,3.42,3.52,3.39,3.48,743788,2576700.0
2004-07-29,sh.600187,3.45,3.49,3.4,3.48,783438,2697974.0
2004-07-30,sh.600187,3.48,3.51,3.4,3.4,519300,1782503.0
2004-08-02,sh.600187,3.38,3.39,3.24,3.25,820609,2703639.0
2004-08-03,sh.600187,3.28,3.33,3.21,3.27,684530,2238572.0
2004-08-04,sh.600187,3.28,3.45,3.25,3.39,1581103,5360278.0
2004-08-05,sh.600187,3.42,3.47,3.36,3.39,1473254,5037353.0
2004-08-06,sh.600187,3.39,3.46,3.34,3.42,1293800,4389694.0
2004-08-09,sh.600187,3.42,3.48,3.35,3.44,815064,2800337.0
2004-08-10,sh.600187,3.43,3.45,3.33,3.38,808102,2720373.0
2004-08-11,sh.600187,3.38,3.38,3.31,3.32,367982,1227211.0
2004-08-12,sh.600187,3.28,3.3,3.22,3.26,600947,1955783.0
2004-08-13,sh.600187,3.23,3.32,3.23,3.27,365470,1196378.0
2004-08-16,sh.600187,3.24,3.29,3.02,3.04,841100,2618501.0
2004-08-17,sh.600187,3.03,3.1,3.01,3.07,638200,1949154.0
2004-08-18,sh.600187,3.06,3.15,3.05,3.07,580822,1797257.0
2004-08-19,sh.600187,3.06,3.06,2.95,2.98,792299,2369220.0
2004-08-20,sh.600187,3.0,3.28,2.98,3.23,3887603,12520156.0
2004-08-23,sh.600187,3.25,3.37,3.12,3.28,2216660,7218951.0
2004-08-24,sh.600187,3.27,3.43,3.2,3.35,2782064,9339466.0
2004-08-25,sh.600187,3.31,3.38,3.26,3.3,1101983,3657016.0
2004-08-26,sh.600187,3.3,3.46,3.28,3.42,3147998,10662904.0
2004-08-27,sh.600187,3.37,3.41,3.29,3.32,1529993,5088729.0
2004-08-30,sh.600187,3.25,3.3,3.22,3.27,610705,1990664.0
2004-08-31,sh.600187,3.4,3.55,3.3,3.46,3444225,11866059.0
2004-09-01,sh.600187,3.42,3.53,3.39,3.46,2045027,7097115.0
2004-09-02,sh.600187,3.5,3.59,3.45,3.58,2419041,8526644.0
2004-09-03,sh.600187,3.58,3.66,3.5,3.54,3250190,11668395.0
2004-09-06,sh.600187,3.52,3.59,3.52,3.57,1071180,3811040.0
2004-09-07,sh.600187,3.57,3.58,3.39,3.49,1713232,5926961.0
2004-09-08,sh.600187,3.49,3.49,3.39,3.39,1403205,4805056.0
2004-09-09,sh.600187,3.37,3.46,3.34,3.38,1559354,5292084.0
2004-09-10,sh.600187,3.39,3.4,3.22,3.32,1536687,5040591.0
2004-09-13,sh.600187,3.32,3.32,3.17,3.19,908955,2941282.0
2004-09-14,sh.600187,3.21,3.51,3.21,3.51,4291566,14773434.0
2004-09-15,sh.600187,3.55,3.86,3.54,3.86,12273509,46615921.0
2004-09-16,sh.600187,3.83,3.94,3.75,3.9,6949661,26753957.0
2004-09-17,sh.600187,3.87,4.08,3.78,4.01,6704730,26320523.0
2004-09-20,sh.600187,4.01,4.28,3.87,4.16,7505607,30329851.0
2004-09-21,sh.600187,4.14,4.25,3.99,4.1,5991125,24409515.0
2004-09-22,sh.600187,4.05,4.14,3.94,3.96,3974426,15955979.0
2004-09-23,sh.600187,3.96,4.1,3.9,4.09,2822281,11316790.0
2004-09-24,sh.600187,4.09,4.14,3.79,3.8,3836358,15305805.0
2004-09-27,sh.600187,3.79,3.94,3.74,3.79,2021177,7708897.0
2004-09-28,sh.600187,3.8,3.92,3.78,3.91,1787261,6913689.0
2004-09-29,sh.600187,3.9,3.9,3.61,3.69,2209397,8310954.0
2004-09-30,sh.600187,3.69,3.75,3.51,3.53,1535921,5499372.0
2004-10-08,sh.600187,3.53,3.65,3.38,3.6,1060750,3707660.0
2004-10-11,sh.600187,3.59,3.74,3.55,3.62,1823287,6640807.0
2004-10-12,sh.600187,3.62,3.62,3.38,3.4,1791529,6172630.0
2004-10-13,sh.600187,3.38,3.43,3.23,3.28,1990241,6552036.0
2004-10-14,sh.600187,3.25,3.3,3.03,3.04,1767430,5583160.0
2004-10-15,sh.600187,3.04,3.15,3.0,3.11,1670351,5131195.0
2004-10-18,sh.600187,3.1,3.15,3.05,3.08,1056627,3260494.0
2004-10-19,sh.600187,3.12,3.16,2.98,3.0,2016013,6182581.0
2004-10-20,sh.600187,2.9,2.95,2.73,2.91,1888533,5411280.0
2004-10-21,sh.600187,2.85,2.92,2.62,2.66,2348469,6417334.0
2004-10-22,sh.600187,2.66,2.84,2.43,2.72,3456971,9218451.0
2004-10-25,sh.600187,2.89,2.89,2.68,2.82,2971880,8293665.0
2004-10-26,sh.600187,2.79,3.1,2.65,3.1,5382834,15921990.0
2004-10-27,sh.600187,3.13,3.41,2.97,3.34,9066258,29603740.0
2004-10-28,sh.600187,3.29,3.38,3.19,3.25,4239421,13829956.0
2004-10-29,sh.600187,3.18,3.25,3.08,3.12,2333295,7385342.0
2004-11-01,sh.600187,3.1,3.28,3.08,3.16,1588957,5100856.0
2004-11-02,sh.600187,3.15,3.2,3.07,3.13,1136915,3549251.0
2004-11-03,sh.600187,3.18,3.25,3.16,3.24,1897343,6094900.0
2004-11-04,sh.600187,3.21,3.25,2.92,2.99,3194523,9726060.0
2004-11-05,sh.600187,2.94,3.0,2.8,2.9,2158979,6255177.0
2004-11-08,sh.600187,2.95,3.01,2.91,2.97,1265716,3758589.0
2004-11-09,sh.600187,2.93,2.98,2.88,2.95,748090,2194193.0
2004-11-10,sh.600187,2.96,3.13,2.95,3.07,2883137,8791111.0
2004-11-11,sh.600187,3.15,3.38,3.15,3.29,9782490,32525083.0
2004-11-12,sh.600187,3.27,3.31,3.15,3.18,4078140,13113200.0
2004-11-15,sh.600187,3.18,3.28,3.15,3.25,1657820,5346167.0
2004-11-16,sh.600187,3.25,3.34,3.25,3.29,2908340,9573126.0
2004-11-17,sh.600187,3.3,3.34,3.19,3.25,1448461,4677019.0
2004-11-18,sh.600187,3.24,3.26,3.16,3.26,1634040,5223848.0
2004-11-19,sh.600187,3.26,3.31,3.19,3.29,1805734,5911039.0
2004-11-22,sh.600187,3.27,3.48,3.25,3.39,3867881,13120605.0
2004-11-23,sh.600187,3.39,3.63,3.31,3.49,4489386,15592733.0
2004-11-24,sh.600187,3.49,3.56,3.28,3.3,2970870,10180429.0
2004-11-25,sh.600187,3.29,3.31,3.2,3.27,1746886,5685366.0
2004-11-26,sh.600187,3.26,3.4,3.21,3.29,1171271,3890506.0
2004-11-29,sh.600187,3.31,3.42,3.28,3.31,1654120,5534929.0
2004-11-30,sh.600187,3.32,3.6,3.32,3.48,5362920,18607933.0
2004-12-01,sh.600187,3.48,3.6,3.4,3.56,4225106,14850386.0
2004-12-02,sh.600187,3.56,3.88,3.53,3.72,10055487,37423971.0
2004-12-03,sh.600187,3.71,3.75,3.54,3.7,6343013,23182707.0
2004-12-06,sh.600187,3.65,3.74,3.56,3.65,2949034,10791141.0
2004-12-07,sh.600187,3.65,3.71,3.4,3.42,3197687,11279311.0
2004-12-08,sh.600187,3.46,3.53,3.37,3.48,2037343,7043582.0
2004-12-09,sh.600187,3.48,3.5,3.36,3.37,2047631,7013735.0
2004-12-10,sh.600187,3.34,3.39,3.13,3.14,3414150,10994975.0
2004-12-13,sh.600187,3.08,3.15,2.98,3.05,2462922,7562897.0
2004-12-14,sh.600187,3.05,3.09,3.01,3.06,1215680,3707624.0
2004-12-15,sh.600187,3.06,3.07,2.88,2.94,2328500,6871312.0
2004-12-16,sh.600187,2.94,2.98,2.85,2.96,1146610,3342259.0
2004-12-17,sh.600187,2.95,3.04,2.91,2.96,1340046,3998148.0
2004-12-20,sh.600187,2.95,3.08,2.95,3.07,1510567,4558219.0
2004-12-21,sh.600187,3.07,3.11,3.03,3.09,1205407,3705765.0
2004-12-22,sh.600187,3.1,3.2,3.07,3.17,1729397,5449510.0
2004-12-23,sh.600187,3.2,3.2,3.03,3.04,1036870,3202830.0
2004-12-24,sh.600187,2.99,3.06,2.99,3.01,970459,2924448.0
2004-12-27,sh.600187,3.02,3.11,3.02,3.07,670320,2063392.0
2004-12-28,sh.600187,3.06,3.07,2.95,2.98,764751,2298677.0
2004-12-29,sh.600187,2.97,3.02,2.91,2.93,706891,2087528.0
2004-12-30,sh.600187,2.92,2.93,2.77,2.83,1146722,3247616.0
2004-12-31,sh.600187,2.82,2.88,2.8,2.8,633130,1787644.0
2005-01-04,sh.600187,2.77,2.81,2.7,2.78,469858,1302744.0
2005-01-05,sh.600187,2.78,3.0,2.78,2.95,1374290,4033057.0
2005-01-06,sh.600187,2.92,2.93,2.88,2.92,538590,1565170.0
2005-01-07,sh.600187,2.92,3.03,2.92,2.95,706068,2094948.0
2005-01-10,sh.600187,2.95,3.07,2.93,3.01,773645,2330212.0
2005-01-11,sh.600187,3.01,3.03,2.92,2.97,629506,1865684.0
2005-01-12,sh.600187,2.97,3.04,2.91,3.03,1126245,3349131.0
2005-01-13,sh.600187,3.04,3.11,3.03,3.1,1928596,5929802.0
2005-01-14,sh.600187,3.1,3.16,3.03,3.04,1669834,5169708.0
2005-01-17,sh.600187,3.01,3.01,2.88,2.92,951541,2795182.0
2005-01-18,sh.600187,2.97,3.06,2.91,3.06,1040119,3114621.0
2005-01-19,sh.600187,3.05,3.06,2.98,3.02,603168,1824777.0
2005-01-20,sh.600187,2.99,3.01,2.92,2.94,617618,1827886.0
2005-01-21,sh.600187,2.92,3.04,2.88,3.01,834858,2483649.0
2005-01-24,sh.600187,3.07,3.14,3.02,3.06,1155833,3543994.0
2005-01-25,sh.600187,3.04,3.05,2.97,3.01,639269,1917093.0
2005-01-26,sh.600187,2.98,3.0,2.95,2.96,449900,1340726.0
2005-01-27,sh.600187,2.98,2.98,2.81,2.83,1322851,3783870.0
2005-01-31,sh.600187,2.7,2.79,2.56,2.66,1090020,2945265.0
2005-02-01,sh.600187,2.66,2.8,2.62,2.65,624475,1682615.0
2005-02-02,sh.600187,2.71,2.8,2.67,2.8,1346401,3669532.0
2005-02-03,sh.600187,2.79,2.8,2.66,2.66,933800,2544020.0
2005-02-04,sh.600187,2.66,2.71,2.51,2.6,1741856,4531617.0
2005-02-16,sh.600187,2.61,2.75,2.6,2.71,1461094,3899305.0
2005-02-17,sh.600187,2.67,2.75,2.65,2.74,803645,2175322.0
2005-02-18,sh.600187,2.74,2.79,2.69,2.78,1269602,3484423.0
2005-02-21,sh.600187,2.8,2.84,2.77,2.83,1442888,4049088.0
2005-02-22,sh.600187,2.83,2.88,2.78,2.87,1699768,4820572.0
2005-02-23,sh.600187,2.87,2.89,2.8,2.85,1368912,3900581.0
2005-02-24,sh.600187,2.85,2.88,2.8,2.88,1447645,4110146.0
2005-02-25,sh.600187,2.93,2.93,2.82,2.82,1658349,4774129.0
2005-02-28,sh.600187,2.83,2.83,2.75,2.78,1467688,4085319.0
2005-03-01,sh.600187,2.77,2.82,2.76,2.8,765565,2132310.0
2005-03-02,sh.600187,2.8,2.94,2.8,2.83,2205313,6331658.0
2005-03-03,sh.600187,2.82,2.83,2.77,2.82,807191,2254137.0
2005-03-04,sh.600187,2.82,2.82,2.73,2.74,648300,1801139.0
2005-03-07,sh.600187,2.7,2.76,2.7,2.73,685200,1868800.0
2005-03-08,sh.600187,2.75,2.8,2.68,2.79,1493668,4065125.0
2005-03-09,sh.600187,2.78,2.8,2.74,2.79,999709,2758189.0
2005-03-10,sh.600187,2.79,2.79,2.68,2.76,1494096,4080487.0
2005-03-11,sh.600187,2.76,2.92,2.75,2.85,5051994,14468805.0
2005-03-14,sh.600187,2.83,2.83,2.72,2.75,1535608,4238202.0
2005-03-15,sh.600187,2.74,2.74,2.63,2.63,1381802,3721361.0
2005-03-16,sh.600187,2.62,2.66,2.6,2.63,767872,2019051.0
2005-03-17,sh.600187,2.64,2.64,2.54,2.55,1052980,2719076.0
2005-03-18,sh.600187,2.55,2.58,2.43,2.45,1128567,2810292.0
2005-03-21,sh.600187,2.49,2.49,2.3,2.38,1410864,3351556.0
2005-03-22,sh.600187,2.35,2.36,2.25,2.28,1375593,3150980.0
2005-03-23,sh.600187,2.28,2.38,2.2,2.31,998938,2308553.0
2005-03-24,sh.600187,2.28,2.38,2.26,2.38,854192,1997077.0
2005-03-25,sh.600187,2.4,2.41,2.33,2.35,767401,1818386.0
2005-03-28,sh.600187,2.33,2.34,2.21,2.29,976200,2220015.0
2005-03-29,sh.600187,2.29,2.35,2.24,2.26,860650,1974317.0
2005-03-30,sh.600187,2.22,2.29,2.21,2.23,647070,1446862.0
2005-03-31,sh.600187,2.23,2.29,2.12,2.29,1379439,3045384.0
2005-04-01,sh.600187,2.24,2.37,2.19,2.32,1593789,3630941.0
2005-04-04,sh.600187,2.28,2.34,2.22,2.27,1636165,3713591.0
2005-04-05,sh.600187,2.29,2.29,2.16,2.19,1010550,2233564.0
2005-04-06,sh.600187,2.18,2.23,2.08,2.16,1476789,3190744.0
2005-04-07,sh.600187,2.13,2.22,2.09,2.21,3178633,6878867.0
2005-04-08,sh.600187,2.19,2.2,2.11,2.18,2082196,4503214.0
2005-04-11,sh.600187,2.16,2.35,2.13,2.32,3465851,7822163.0
2005-04-12,sh.600187,2.29,2.29,2.17,2.18,1785202,3980995.0
2005-04-13,sh.600187,2.15,2.24,2.15,2.2,1538575,3391242.0
2005-04-14,sh.600187,2.21,2.23,2.17,2.21,1692266,3712899.0
2005-04-15,sh.600187,2.18,2.19,2.08,2.09,1889578,4000889.0
2005-04-18,sh.600187,2.06,2.06,1.88,1.89,3130260,5970613.0
2005-04-19,sh.600187,1.86,2.06,1.81,1.96,3391683,6590095.0
2005-04-21,sh.600187,1.86,1.86,1.86,1.86,37600,69936.0
2005-04-22,sh.600187,1.77,1.77,1.77,1.77,45500,80535.0
2005-04-25,sh.600187,1.68,1.68,1.68,1.68,26900,45192.0
2005-04-26,sh.600187,1.6,1.6,1.6,1.6,100500,160800.0
2005-04-27,sh.600187,1.52,1.52,1.52,1.52,31100,47272.0
2005-04-28,sh.600187,1.44,1.44,1.44,1.44,56000,80640.0
2005-04-29,sh.600187,1.37,1.45,1.37,1.37,4243145,5835275.0
2005-05-09,sh.600187,1.3,1.33,1.3,1.3,1503300,1959488.0
2005-05-10,sh.600187,1.24,1.24,1.24,1.24,337000,417880.0
2005-05-11,sh.600187,1.18,1.25,1.18,1.18,1273500,1506475.0
2005-05-12,sh.600187,1.12,1.12,1.12,1.12,531400,595168.0
2005-05-13,sh.600187,1.06,1.18,1.06,1.18,7812691,8551024.0
2005-05-16,sh.600187,1.14,1.2,1.12,1.14,3950112,4563406.0
2005-05-17,sh.600187,1.14,1.19,1.13,1.17,2315041,2702165.0
2005-05-18,sh.600187,1.17,1.22,1.15,1.21,3156599,3794559.0
2005-05-19,sh.600187,1.19,1.24,1.18,1.2,2460552,2991030.0
2005-05-20,sh.600187,1.2,1.22,1.15,1.16,2343901,2745957.0
2005-05-24,sh.600187,1.13,1.21,1.13,1.2,2229253,2643530.0
2005-05-25,sh.600187,1.19,1.25,1.19,1.22,2713310,3320266.0
2005-05-26,sh.600187,1.21,1.24,1.17,1.19,1590000,1908838.0
2005-05-27,sh.600187,1.2,1.2,1.16,1.19,1256211,1485833.0
2005-05-30,sh.600187,1.2,1.21,1.17,1.2,1693600,2011366.0
2005-05-31,sh.600187,1.2,1.22,1.18,1.22,1260466,1509812.0
2005-06-01,sh.600187,1.2,1.21,1.16,1.16,1843471,2156147.0
2005-06-02,sh.600187,1.16,1.17,1.13,1.14,1295440,1488472.0
2005-06-03,sh.600187,1.14,1.18,1.13,1.16,1498942,1729952.0
2005-06-06,sh.600187,1.16,1.17,1.1,1.14,1439373,1630911.0
2005-06-07,sh.600187,1.14,1.16,1.12,1.15,1953825,2236615.0
2005-06-08,sh.600187,1.16,1.21,1.14,1.21,5746029,6827194.0
2005-06-09,sh.600187,1.2,1.27,1.17,1.27,6782403,8385163.0
2005-06-10,sh.600187,1.27,1.33,1.24,1.33,4937599,6415843.0
2005-06-13,sh.600187,1.4,1.4,1.4,1.4,658520,921928.0
2005-06-14,sh.600187,1.47,1.47,1.47,1.47,784149,1152699.0
2005-06-15,sh.600187,1.54,1.54,1.54,1.54,1232011,1897297.0
2005-06-16,sh.600187,1.62,1.62,1.46,1.54,19886111,30466011.0
2005-06-17,sh.600187,1.46,1.46,1.46,1.46,1325900,1935814.0
2005-06-20,sh.600187,1.39,1.45,1.39,1.39,9145701,12827389.0
2005-06-21,sh.600187,1.39,1.46,1.39,1.46,5864034,8489893.0
2005-06-22,sh.600187,1.53,1.53,1.43,1.53,10585823,15772000.0
2005-06-23,sh.600187,1.48,1.52,1.45,1.45,5682670,8348217.0
2005-06-24,sh.600187,1.41,1.45,1.38,1.4,3379582,4702987.0
2005-06-27,sh.600187,1.38,1.44,1.35,1.44,3572768,5012892.0
2005-06-28,sh.600187,1.42,1.43,1.38,1.38,1731050,2418313.0
2005-06-29,sh.600187,1.36,1.39,1.31,1.31,3615700,4805421.0
2005-06-30,sh.600187,1.26,1.31,1.24,1.24,3279892,4146291.0
2005-07-01,sh.600187,1.23,1.3,1.22,1.28,3926100,5049148.0
2005-07-04,sh.600187,1.27,1.27,1.22,1.22,1640764,2006961.0
2005-07-05,sh.600187,1.22,1.28,1.16,1.26,3947690,4859557.0
2005-07-06,sh.600187,1.24,1.31,1.23,1.24,2144117,2710247.0
2005-07-07,sh.600187,1.24,1.25,1.18,1.21,1371599,1659224.0
2005-07-08,sh.600187,1.23,1.23,1.15,1.17,1361957,1602643.0
2005-07-11,sh.600187,1.17,1.21,1.12,1.14,1314799,1524152.0
2005-07-12,sh.600187,1.12,1.15,1.08,1.14,3274683,3608116.0
2005-07-13,sh.600187,1.13,1.13,1.09,1.12,1157107,1285326.0
2005-07-14,sh.600187,1.1,1.18,1.08,1.16,1975999,2293616.0
2005-07-15,sh.600187,1.16,1.22,1.14,1.22,4145248,4976294.0
2005-07-18,sh.600187,1.2,1.21,1.16,1.16,1951800,2286873.0
2005-07-19,sh.600187,1.13,1.14,1.1,1.12,1479092,1644633.0
2005-07-20,sh.600187,1.12,1.13,1.09,1.12,1118258,1243181.0
2005-07-21,sh.600187,1.13,1.17,1.1,1.15,1227092,1399448.0
2005-07-22,sh.600187,1.15,1.21,1.14,1.21,4566570,5484168.0
2005-07-25,sh.600187,1.27,1.27,1.25,1.27,3616973,4591629.0
2005-07-26,sh.600187,1.3,1.33,1.23,1.29,7143449,9287551.0
2005-07-27,sh.600187,1.29,1.3,1.24,1.28,2389291,3026646.0
2005-07-28,sh.600187,1.28,1.34,1.28,1.34,3265427,4359328.0
2005-07-29,sh.600187,1.39,1.4,1.31,1.33,4356328,5880629.0
2005-08-01,sh.600187,1.3,1.33,1.26,1.31,2915569,3765285.0
2005-08-02,sh.600187,1.31,1.36,1.31,1.33,2224812,2961383.0
2005-08-03,sh.600187,1.33,1.38,1.33,1.38,3252555,4426706.0
2005-08-04,sh.600187,1.38,1.45,1.37,1.45,4536205,6467279.0
2005-08-05,sh.600187,1.45,1.47,1.41,1.44,3716806,5337172.0
2005-08-08,sh.600187,1.42,1.46,1.41,1.44,3096274,4433344.0
2005-08-09,sh.600187,1.44,1.44,1.37,1.39,5370791,7473147.0
2005-08-10,sh.600187,1.4,1.45,1.34,1.43,6117577,8577144.0
2005-08-11,sh.600187,1.41,1.48,1.38,1.45,5301326,7657406.0
2005-08-12,sh.600187,1.46,1.48,1.38,1.38,4650200,6592348.0
2005-08-15,sh.600187,1.34,1.38,1.31,1.37,4117931,5526166.0
2005-08-16,sh.600187,1.37,1.4,1.35,1.39,3807259,5237731.0
2005-08-17,sh.600187,1.39,1.4,1.32,1.37,3218218,4373240.0
2005-08-18,sh.600187,1.38,1.44,1.34,1.44,8440066,11952776.0
2005-08-19,sh.600187,1.43,1.43,1.37,1.37,5088960,7024638.0
2005-08-22,sh.600187,1.33,1.35,1.3,1.34,3157670,4198775.0
2005-08-23,sh.600187,1.33,1.39,1.33,1.35,2256701,3055101.0
2005-08-24,sh.600187,1.36,1.4,1.34,1.39,3351630,4609574.0
2005-08-25,sh.600187,1.4,1.46,1.4,1.46,5472892,7957838.0
2005-08-26,sh.600187,1.49,1.53,1.49,1.53,2952388,4498481.0
2005-08-29,sh.600187,1.61,1.61,1.49,1.5,11750840,18354860.0
2005-08-30,sh.600187,1.43,1.47,1.43,1.43,3350100,4800645.0
2005-08-31,sh.600187,1.36,1.41,1.36,1.4,4802513,6600620.0
2005-09-01,sh.600187,1.43,1.47,1.4,1.47,3812987,5518069.0
2005-09-02,sh.600187,1.5,1.52,1.45,1.47,3276570,4856270.0
2005-09-05,sh.600187,1.46,1.54,1.46,1.54,5454892,8337462.0
2005-09-06,sh.600187,1.56,1.61,1.47,1.48,6099140,9440590.0
2005-09-07,sh.600187,1.48,1.55,1.47,1.55,3851359,5952704.0
2005-09-08,sh.600187,1.6,1.63,1.55,1.63,10070700,16168451.0
2005-09-09,sh.600187,1.62,1.67,1.55,1.65,7986397,12995518.0
2005-09-12,sh.600187,1.65,1.73,1.62,1.73,6843530,11712556.0
2005-09-13,sh.600187,1.73,1.81,1.71,1.74,8419307,14864870.0
2005-09-14,sh.600187,1.73,1.78,1.65,1.69,9085651,15324550.0
2005-09-15,sh.600187,1.68,1.75,1.65,1.75,5345936,9197619.0
2005-09-16,sh.600187,1.74,1.81,1.74,1.8,5831691,10389648.0
2005-09-19,sh.600187,1.8,1.89,1.79,1.89,6365294,11826222.0
2005-09-20,sh.600187,1.92,1.98,1.85,1.98,8517340,16451885.0
2005-09-21,sh.600187,1.99,2.07,1.88,1.88,9564839,18815190.0
2005-09-22,sh.600187,1.81,1.85,1.79,1.79,2733100,4908001.0
2005-09-23,sh.600187,1.7,1.8,1.7,1.76,5638326,9721490.0
2005-09-26,sh.600187,1.67,1.71,1.67,1.67,1675100,2821520.0
2005-09-27,sh.600187,1.61,1.69,1.59,1.59,6293347,10128559.0
2005-09-28,sh.600187,1.59,1.6,1.51,1.51,3515100,5379768.0
2005-09-30,sh.600187,1.59,1.59,1.59,1.59,705400,1121586.0
2005-10-10,sh.600187,1.67,1.67,1.6,1.67,5707507,9484402.0
2005-10-11,sh.600187,1.67,1.72,1.59,1.7,3130313,5229148.0
2005-10-12,sh.600187,1.7,1.73,1.65,1.72,2652463,4490826.0
2005-10-13,sh.600187,1.71,1.71,1.63,1.63,2123019,3500335.0
2005-10-14,sh.600187,1.59,1.6,1.55,1.55,3041393,4741697.0
2005-10-17,sh.600187,1.54,1.61,1.48,1.53,2036424,3134296.0
2005-10-18,sh.600187,1.51,1.57,1.51,1.55,1465000,2257707.0
2005-10-19,sh.600187,1.55,1.58,1.52,1.54,1107870,1720478.0
2005-10-20,sh.600187,1.52,1.52,1.46,1.48,2258731,3318899.0
2005-10-21,sh.600187,1.47,1.47,1.42,1.45,2136002,3085359.0
2005-10-24,sh.600187,1.44,1.46,1.38,1.43,2322251,3284332.0
2005-10-25,sh.600187,1.43,1.49,1.41,1.48,2829079,4150798.0
2005-10-26,sh.600187,1.46,1.47,1.41,1.41,2466610,3519573.0
2005-10-27,sh.600187,1.36,1.4,1.34,1.34,3203308,4314936.0
2005-10-28,sh.600187,1.33,1.36,1.27,1.27,2605900,3354926.0
2005-11-01,sh.600187,1.33,1.33,1.26,1.3,2681797,3476342.0
2005-11-02,sh.600187,1.3,1.37,1.25,1.35,2610863,3471142.0
2005-11-03,sh.600187,1.33,1.39,1.32,1.34,1603781,2174535.0
2005-11-04,sh.600187,1.32,1.38,1.32,1.36,1704289,2304921.0
2005-11-07,sh.600187,1.38,1.38,1.33,1.37,818451,1108592.0
2005-11-08,sh.600187,1.38,1.4,1.33,1.38,2174412,2974979.0
2005-11-09,sh.600187,1.38,1.41,1.36,1.37,1638900,2267710.0
2005-11-10,sh.600187,1.36,1.36,1.3,1.3,1836500,2409291.0
2005-11-11,sh.600187,1.24,1.28,1.24,1.27,1424819,1793963.0
2005-11-14,sh.600187,1.27,1.33,1.26,1.33,1906860,2487502.0
2005-11-15,sh.600187,1.4,1.4,1.4,1.4,2181858,3054601.0
2005-11-16,sh.600187,1.42,1.44,1.34,1.42,5177479,7215694.0
2005-11-17,sh.600187,1.4,1.44,1.38,1.4,1641708,2315166.0
2005-11-18,sh.600187,1.4,1.42,1.38,1.41,2059142,2894495.0
2005-11-21,sh.600187,1.39,1.41,1.38,1.4,997051,1393075.0
2005-11-22,sh.600187,1.4,1.4,1.33,1.33,1812200,2461703.0
2005-11-23,sh.600187,1.31,1.37,1.31,1.34,1241501,1665343.0
2005-11-24,sh.600187,1.32,1.36,1.32,1.35,1076238,1444738.0
2005-11-25,sh.600187,1.35,1.37,1.33,1.37,880440,1196277.0
2005-11-28,sh.600187,1.37,1.44,1.35,1.4,2343450,3294004.0
2005-11-29,sh.600187,1.39,1.4,1.33,1.33,1484000,2005235.0
2005-11-30,sh.600187,1.33,1.34,1.28,1.33,1377148,1802786.0
2005-12-01,sh.600187,1.31,1.34,1.31,1.32,870400,1149433.0
2005-12-02,sh.600187,1.31,1.33,1.27,1.28,1168351,1505734.0
2005-12-05,sh.600187,1.25,1.28,1.24,1.25,1053471,1315546.0
2005-12-06,sh.600187,1.25,1.26,1.23,1.26,780369,969114.0
2005-12-07,sh.600187,1.25,1.29,1.24,1.29,1006234,1277784.0
2005-12-08,sh.600187,1.29,1.29,1.24,1.25,619349,778850.0
2005-12-09,sh.600187,1.26,1.27,1.23,1.27,464601,584568.0
2005-12-12,sh.600187,1.27,1.31,1.25,1.3,1073345,1379646.0
2005-12-13,sh.600187,1.29,1.29,1.25,1.29,873558,1107121.0
2005-12-14,sh.600187,1.27,1.29,1.26,1.27,902950,1149011.0
2005-12-15,sh.600187,1.29,1.33,1.28,1.31,2270201,2968895.0
2005-12-16,sh.600187,1.3,1.31,1.25,1.28,871500,1116154.0
2005-12-19,sh.600187,1.28,1.31,1.26,1.3,1531450,1984067.0
2005-12-20,sh.600187,1.29,1.3,1.28,1.3,805149,1037037.0
2005-12-21,sh.600187,1.28,1.29,1.24,1.27,1198000,1515746.0
2005-12-22,sh.600187,1.26,1.29,1.25,1.27,1048133,1328246.0
2005-12-23,sh.600187,1.26,1.33,1.26,1.31,2487666,3246503.0
2005-12-26,sh.600187,1.33,1.35,1.29,1.31,1372504,1797079.0
2005-12-27,sh.600187,1.29,1.34,1.29,1.32,1826543,2413737.0
2005-12-28,sh.600187,1.32,1.34,1.31,1.33,1963275,2601986.0
2005-12-29,sh.600187,1.33,1.34,1.28,1.3,1712326,2223799.0
2005-12-30,sh.600187,1.29,1.37,1.27,1.35,4232539,5631709.0
2006-01-04,sh.600187,1.35,1.35,1.32,1.34,1556681,2083247.0
2006-01-05,sh.600187,1.34,1.34,1.29,1.31,2070989,2715691.0
2006-01-06,sh.600187,1.31,1.34,1.3,1.33,2636189,3482377.0
2006-01-09,sh.600187,1.33,1.33,1.31,1.32,1887632,2493306.0
2006-01-10,sh.600187,1.32,1.35,1.32,1.35,1967834,2621948.0
2006-01-11,sh.600187,1.34,1.39,1.34,1.37,2819564,3848540.0
2006-01-12,sh.600187,1.36,1.36,1.3,1.34,3235558,4274323.0
2006-01-13,sh.600187,1.33,1.34,1.31,1.33,2411615,3187392.0
2006-01-16,sh.600187,1.33,1.33,1.3,1.31,1472400,1937097.0
2006-01-17,sh.600187,1.3,1.38,1.3,1.37,4398436,5935338.0
2006-01-18,sh.600187,1.35,1.4,1.34,1.36,3268787,4459685.0
2006-01-19,sh.600187,1.36,1.36,1.33,1.35,2176999,2919951.0
2006-01-20,sh.600187,1.35,1.35,1.31,1.33,2640513,3511476.0
2006-01-23,sh.600187,1.32,1.33,1.26,1.26,4193734,5344979.0
2006-01-24,sh.600187,1.24,1.24,1.2,1.2,3315000,3995366.0
2006-01-25,sh.600187,1.16,1.2,1.14,1.17,1701845,1986289.0
2006-02-06,sh.600187,1.15,1.19,1.13,1.17,3702883,4263515.0
2006-02-07,sh.600187,1.17,1.23,1.16,1.21,3939509,4736203.0
2006-02-08,sh.600187,1.21,1.21,1.18,1.19,1853934,2213254.0
2006-02-09,sh.600187,1.19,1.22,1.18,1.21,2101768,2530148.0
2006-02-10,sh.600187,1.21,1.21,1.16,1.19,1971343,2322504.0
2006-02-13,sh.600187,1.19,1.19,1.16,1.19,1433425,1685350.0
2006-02-14,sh.600187,1.19,1.21,1.17,1.2,1905912,2281067.0
2006-02-15,sh.600187,1.19,1.21,1.18,1.2,1737622,2073015.0
2006-02-16,sh.600187,1.19,1.2,1.15,1.16,2556719,2992533.0
2006-02-17,sh.600187,1.15,1.18,1.15,1.16,1199715,1396614.0
2006-02-20,sh.600187,1.17,1.22,1.16,1.2,2595229,3112401.0
2006-02-21,sh.600187,1.2,1.26,1.18,1.26,6289196,7865440.0
2006-02-22,sh.600187,1.27,1.31,1.24,1.27,5078434,6479574.0
2006-02-23,sh.600187,1.27,1.33,1.25,1.33,4792946,6285814.0
2006-02-24,sh.600187,1.33,1.34,1.28,1.3,2979000,3873672.0
2006-02-27,sh.600187,1.31,1.34,1.28,1.33,2762300,3624488.0
2006-02-28,sh.600187,1.33,1.36,1.3,1.34,3106756,4155978.0
2006-03-01,sh.600187,1.33,1.34,1.29,1.31,2308469,3032727.0
2006-03-02,sh.600187,1.3,1.34,1.3,1.31,2155041,2835974.0
2006-03-03,sh.600187,1.31,1.35,1.28,1.32,2821591,3725087.0
2006-03-06,sh.600187,1.32,1.34,1.25,1.25,3858114,4928063.0
2006-03-07,sh.600187,1.23,1.25,1.19,1.19,2070787,2480469.0
2006-03-08,sh.600187,1.14,1.22,1.14,1.21,1682834,1998426.0
2006-03-09,sh.600187,1.19,1.21,1.17,1.2,1054561,1260272.0
2006-03-10,sh.600187,1.18,1.21,1.18,1.2,788138,948393.0
2006-03-13,sh.600187,1.2,1.2,1.16,1.19,1428292,1688482.0
2006-03-14,sh.600187,1.2,1.25,1.18,1.25,2432703,2999962.0
2006-03-15,sh.600187,1.27,1.3,1.25,1.29,2443585,3151433.0
2006-03-16,sh.600187,1.27,1.28,1.23,1.24,1644990,2040609.0
2006-03-17,sh.600187,1.22,1.25,1.19,1.24,979711,1200654.0
2006-03-20,sh.600187,1.22,1.29,1.21,1.28,1455684,1840394.0
2006-03-21,sh.600187,1.25,1.27,1.24,1.25,1557451,1944420.0
2006-03-22,sh.600187,1.24,1.26,1.23,1.24,1201614,1493233.0
2006-03-23,sh.600187,1.23,1.23,1.2,1.22,1390911,1687365.0
2006-03-24,sh.600187,1.21,1.22,1.18,1.21,1819493,2171926.0
2006-03-27,sh.600187,1.2,1.21,1.17,1.2,742501,884780.0
2006-03-28,sh.600187,1.19,1.26,1.18,1.24,3517872,4358283.0
2006-03-29,sh.600187,1.23,1.25,1.2,1.22,1153708,1410073.0
2006-03-30,sh.600187,1.21,1.22,1.18,1.2,1123700,1344954.0
2006-03-31,sh.600187,1.2,1.2,1.16,1.18,1146037,1352567.0
2006-04-03,sh.600187,1.17,1.2,1.16,1.18,1318775,1548308.0
2006-04-04,sh.600187,1.17,1.19,1.16,1.18,1466778,1721229.0
2006-04-05,sh.600187,1.17,1.18,1.16,1.18,1370425,1606420.0
2006-04-06,sh.600187,1.17,1.18,1.13,1.14,2721933,3129585.0
2006-04-07,sh.600187,1.14,1.16,1.13,1.15,2016153,2302426.0
2006-04-10,sh.600187,1.14,1.16,1.13,1.15,2405100,2748666.0
2006-04-11,sh.600187,1.15,1.2,1.14,1.18,2893234,3374034.0
2006-04-12,sh.600187,1.18,1.19,1.15,1.16,1470309,1716637.0
2006-04-13,sh.600187,1.16,1.17,1.14,1.15,2254485,2592880.0
2006-04-14,sh.600187,1.15,1.15,1.09,1.1,4505507,4970502.0
2006-04-17,sh.600187,1.09,1.1,1.05,1.1,2817523,3035650.0
2006-04-18,sh.600187,1.09,1.11,1.07,1.09,2016299,2200569.0
2006-04-19,sh.600187,1.07,1.09,1.05,1.07,1652064,1763549.0
2006-04-20,sh.600187,1.06,1.07,1.02,1.02,2626100,2694525.0
2006-04-21,sh.600187,0.97,0.97,0.97,0.97,834900,809853.0
2006-04-24,sh.600187,0.92,0.92,0.92,0.92,535400,492568.0
2006-04-25,sh.600187,0.87,0.92,0.87,0.9,5504705,4832229.0
2006-04-26,sh.600187,0.87,0.94,0.87,0.93,3831253,3549696.0
2006-04-27,sh.600187,0.94,0.98,0.93,0.98,4957999,4832702.0
2009-04-17,sh.600187,8.82,11.5,8.82,10.82,61200208,639462383.0
2009-04-20,sh.600187,10.28,10.28,10.28,10.28,2747600,28245328.0
2009-04-21,sh.600187,9.77,9.77,9.77,9.77,1120000,10942400.0
2009-04-22,sh.600187,9.28,10.26,9.28,10.26,44447088,422734102.0
2009-04-23,sh.600187,9.75,10.16,9.75,9.75,27210405,266785003.0
2009-04-24,sh.600187,9.31,9.52,9.26,9.26,6867874,63732295.0
2009-04-28,sh.600187,8.8,8.8,8.8,8.8,800700,7046160.0
2009-04-29,sh.600187,8.36,9.15,8.36,8.86,19338149,166574406.0
2009-04-30,sh.600187,8.61,8.76,8.42,8.42,19595933,165649493.0
2009-05-04,sh.600187,8.5,8.66,8.31,8.48,14112394,119378938.0
2009-05-05,sh.600187,8.43,8.85,8.4,8.56,12969350,111694330.0
2009-05-06,sh.600187,8.52,8.73,8.4,8.68,11149907,95735233.0
2009-05-07,sh.600187,8.68,8.68,8.25,8.25,16244489,135942950.0
2009-05-08,sh.600187,7.98,8.13,7.84,7.84,14581855,115343192.0
2009-05-11,sh.600187,7.79,8.11,7.63,7.98,12897405,101422720.0
2009-05-12,sh.600187,7.75,8.05,7.7,7.94,7578432,59811455.0
2009-05-13,sh.600187,7.9,8.17,7.87,8.0,8956884,71853082.0
2009-05-14,sh.600187,7.9,8.0,7.8,7.83,7471880,58764803.0
2009-05-15,sh.600187,7.82,8.11,7.78,8.09,9128613,72669696.0
2009-05-18,sh.600187,7.99,8.1,7.92,8.03,6183255,49511194.0
2009-05-19,sh.600187,8.01,8.13,7.93,8.08,8920165,71597721.0
2009-05-20,sh.600187,8.1,8.47,8.04,8.2,13536082,111824740.0
2009-05-21,sh.600187,8.11,8.19,7.79,7.79,11509896,90679803.0
2009-05-22,sh.600187,7.63,7.63,7.4,7.46,8987703,67103558.0
2009-05-25,sh.600187,7.22,7.29,7.1,7.17,7877685,56388155.0
2009-05-26,sh.600187,7.1,7.37,7.1,7.19,4646159,33679496.0
2009-05-27,sh.600187,7.24,7.35,7.17,7.24,3714828,26893916.0
2009-06-01,sh.600187,7.3,7.33,7.18,7.23,4602023,33247119.0
2009-06-02,sh.600187,7.26,7.3,7.19,7.23,4241951,30718810.0
2009-06-03,sh.600187,7.2,7.53,7.2,7.37,6994315,51844021.0
2009-06-04,sh.600187,7.32,7.42,7.13,7.24,5910479,42773980.0
2009-06-05,sh.600187,7.21,7.34,7.16,7.2,4586856,33189269.0
2009-06-08,sh.600187,7.2,7.35,7.16,7.28,4608449,33401724.0
2009-06-09,sh.600187,7.35,7.39,7.18,7.27,4268922,30969456.0
2009-06-10,sh.600187,7.28,7.34,7.18,7.28,4510200,32743204.0
2009-06-11,sh.600187,7.23,7.64,7.23,7.64,9398869,70071433.0
2009-06-12,sh.600187,7.8,7.97,7.43,7.48,12797428,99199019.0
2009-06-15,sh.600187,7.4,7.78,7.29,7.69,9041212,68128172.0
2009-06-16,sh.600187,7.58,7.73,7.47,7.56,4631250,35083777.0
2009-06-17,sh.600187,7.52,7.59,7.43,7.54,4152540,31116507.0
2009-06-18,sh.600187,7.54,7.58,7.43,7.48,4482321,33595780.0
2009-06-19,sh.600187,7.48,7.52,7.23,7.24,6609553,48525306.0
2009-06-22,sh.600187,7.22,7.33,7.2,7.24,4193009,30401543.0
2009-06-23,sh.600187,7.2,7.4,7.13,7.27,3971488,28961673.0
2009-06-24,sh.600187,7.35,7.63,7.35,7.63,7995573,60667810.0
2009-06-25,sh.600187,7.77,7.77,7.42,7.43,9093555,69051755.0
2009-06-26,sh.600187,7.43,7.54,7.3,7.34,4906148,36265676.0
2009-06-29,sh.600187,7.34,7.38,7.22,7.31,3974606,28896479.0
2009-06-30,sh.600187,7.31,7.45,7.23,7.31,3311574,24272710.0
2009-07-01,sh.600187,7.32,7.41,7.24,7.32,2812581,20556141.0
2009-07-02,sh.600187,7.32,7.36,7.24,7.31,3920432,28535010.0
2009-07-03,sh.600187,7.29,7.45,7.26,7.4,4831056,35651565.0
2009-07-06,sh.600187,7.38,7.43,7.26,7.36,3661150,26802613.0
2009-07-07,sh.600187,7.39,7.73,7.38,7.51,9057253,68711430.0
2009-07-08,sh.600187,7.42,7.73,7.38,7.67,8871145,67578739.0
2009-07-09,sh.600187,7.7,7.83,7.62,7.78,7783565,60234432.0
2009-07-10,sh.600187,7.79,7.87,7.63,7.81,7081033,54954329.0
2009-07-13,sh.600187,7.8,8.15,7.78,7.99,9044742,71919226.0
2009-07-14,sh.600187,8.0,8.18,7.94,8.03,7328716,59000476.0
2009-07-15,sh.600187,8.0,8.12,7.81,7.87,8694851,68969538.0
2009-07-16,sh.600187,7.85,8.26,7.8,8.26,15117159,122473270.0
2009-07-17,sh.600187,8.29,8.33,8.1,8.18,9486506,77916997.0
2009-07-20,sh.600187,8.2,8.53,8.17,8.35,9755269,81772287.0
2009-07-21,sh.600187,8.36,8.77,8.14,8.75,19149794,164235088.0
2009-07-22,sh.600187,8.7,9.15,8.62,8.96,16484572,146361339.0
2009-07-23,sh.600187,8.98,8.98,8.68,8.75,8270270,72764437.0
2009-07-24,sh.600187,8.72,8.84,8.31,8.32,11776965,99838575.0
2009-07-27,sh.600187,8.31,8.45,8.21,8.34,7369541,61232910.0
2009-07-28,sh.600187,8.35,8.38,8.1,8.26,7026003,57610508.0
2009-07-29,sh.600187,8.18,8.33,7.85,7.85,6784261,54880307.0
2009-07-30,sh.600187,7.55,7.8,7.46,7.62,9543915,72112761.0
2009-07-31,sh.600187,7.59,8.0,7.57,8.0,9620279,75741467.0
2009-08-03,sh.600187,7.98,8.25,7.92,8.16,6027973,48790797.0
2009-08-04,sh.600187,8.11,8.22,7.76,8.1,6555484,52481971.0
2009-08-05,sh.600187,8.04,8.16,7.85,8.04,4620082,37070222.0
2009-08-06,sh.600187,8.0,8.26,7.89,8.16,5664266,45939785.0
2009-08-07,sh.600187,8.17,8.5,8.1,8.15,7068377,58678875.0
2009-08-10,sh.600187,8.21,8.25,7.79,7.92,4039217,32359480.0
2009-08-11,sh.600187,7.93,8.05,7.84,7.96,2291466,18154803.0
2009-08-12,sh.600187,7.99,7.99,7.56,7.56,4001598,30695607.0
2009-08-13,sh.600187,7.57,7.67,7.4,7.54,2504628,18865874.0
2009-08-14,sh.600187,7.56,7.6,7.16,7.16,3650851,26542761.0
2009-08-17,sh.600187,7.03,7.03,6.8,6.8,3194794,21784062.0
2009-08-18,sh.600187,6.55,6.74,6.46,6.66,4500500,29344914.0
2009-08-19,sh.600187,6.79,6.97,6.33,6.33,2639328,17386660.0
2009-08-20,sh.600187,6.35,6.54,6.11,6.49,3320309,21107369.0
2009-08-21,sh.600187,6.41,6.58,6.35,6.51,2855619,18548137.0
2009-08-25,sh.600187,6.78,6.78,6.36,6.57,4272531,28004127.0
2009-08-26,sh.600187,6.55,6.82,6.46,6.71,3212327,21464962.0
2009-08-27,sh.600187,6.65,6.86,6.61,6.81,3135062,21208754.0
2009-08-28,sh.600187,6.79,6.9,6.57,6.58,2319368,15505218.0
2009-08-31,sh.600187,6.67,6.67,6.25,6.25,2884288,18297695.0
2009-09-01,sh.600187,6.17,6.37,6.15,6.26,2372827,14774488.0
2009-09-02,sh.600187,6.36,6.45,5.95,6.15,3059500,18821046.0
2009-09-03,sh.600187,6.15,6.45,6.05,6.4,3391223,21283331.0
2009-09-04,sh.600187,6.4,6.5,6.34,6.42,3041087,19512207.0
2009-09-07,sh.600187,6.45,6.69,6.4,6.55,3734476,24456706.0
2009-09-08,sh.600187,6.5,6.6,6.38,6.57,2601794,16924626.0
2009-09-09,sh.600187,6.58,6.59,6.42,6.54,3037145,19729932.0
2009-09-10,sh.600187,6.52,6.67,6.41,6.59,3044741,19913135.0
2009-09-11,sh.600187,6.52,6.71,6.52,6.61,2836294,18825269.0
2009-09-14,sh.600187,6.62,6.94,6.62,6.94,6746491,46489009.0
2009-09-15,sh.600187,7.0,7.13,6.86,6.92,5362699,37462631.0
2009-09-16,sh.600187,6.9,6.97,6.81,6.92,2724881,18790875.0
2009-09-17,sh.600187,6.92,7.09,6.92,7.05,3054194,21441591.0
2009-09-18,sh.600187,7.05,7.39,7.0,7.27,7104978,51261193.0
2009-09-21,sh.600187,7.28,7.35,6.91,7.17,4143385,29585837.0
2009-09-22,sh.600187,7.17,7.28,6.95,6.96,3738566,26723747.0
2009-09-23,sh.600187,7.0,7.06,6.61,6.62,3174667,21488127.0
2009-09-24,sh.600187,6.78,6.78,6.31,6.49,3056768,19960604.0
2009-09-25,sh.600187,6.41,6.55,6.37,6.44,1812527,11693625.0
2009-09-28,sh.600187,6.44,6.76,6.38,6.46,3293672,21674145.0
2009-09-29,sh.600187,6.46,6.53,6.18,6.38,1781182,11347139.0
2009-09-30,sh.600187,6.47,6.5,6.31,6.38,1384066,8871495.0
2009-10-09,sh.600187,6.49,6.67,6.42,6.62,2372010,15581161.0
2009-10-12,sh.600187,6.66,6.66,6.54,6.56,1630699,10744771.0
2009-10-13,sh.600187,6.52,6.63,6.52,6.61,1760662,11590742.0
2009-10-14,sh.600187,6.67,6.78,6.61,6.7,3259325,21820777.0
2009-10-15,sh.600187,6.69,6.81,6.64,6.78,2849663,19191405.0
2009-10-16,sh.600187,6.78,6.87,6.64,6.73,2333341,15700588.0
2009-10-19,sh.600187,6.73,7.07,6.72,7.07,2801720,19636353.0
2009-10-20,sh.600187,7.25,7.25,7.01,7.13,6551702,46617600.0
2009-10-21,sh.600187,7.08,7.29,7.05,7.16,4036644,28947184.0
2009-10-22,sh.600187,7.15,7.33,7.1,7.18,3855112,27835774.0
2009-10-23,sh.600187,7.2,7.33,7.11,7.2,5845061,42054196.0
2009-10-26,sh.600187,7.24,7.33,7.13,7.29,4205073,30494379.0
2009-10-27,sh.600187,7.25,7.26,6.95,7.0,4840668,34387269.0
2009-10-28,sh.600187,7.01,7.13,6.85,7.09,2509523,17525796.0
2009-10-29,sh.600187,7.08,7.17,6.98,7.1,3422998,24285561.0
2009-10-30,sh.600187,7.13,7.46,7.13,7.46,7458513,55404494.0
2009-11-02,sh.600187,7.48,7.83,7.32,7.73,8908996,68360675.0
2009-11-03,sh.600187,7.71,7.9,7.65,7.74,5193429,40247823.0
2009-11-04,sh.600187,7.76,8.13,7.68,8.13,10630771,85342756.0
2009-11-06,sh.600187,8.34,8.34,7.74,7.82,16581272,132073810.0
2009-11-09,sh.600187,7.75,7.78,7.54,7.7,8357304,63874026.0
2009-11-10,sh.600187,7.71,7.87,7.62,7.74,4728026,36490686.0
2009-11-11,sh.600187,7.71,7.83,7.7,7.78,3214189,24917811.0
2009-11-12,sh.600187,7.8,8.07,7.76,7.87,5949669,47262466.0
2009-11-13,sh.600187,7.89,7.94,7.7,7.91,4465040,34941486.0
2009-11-16,sh.600187,7.91,8.17,7.89,8.01,5267229,42217230.0
2009-11-17,sh.600187,8.02,8.1,7.84,7.9,4788833,37881042.0
2009-11-18,sh.600187,7.9,7.95,7.74,7.81,4853942,37991987.0
2009-11-19,sh.600187,7.84,7.97,7.83,7.95,5582047,44159230.0
2009-11-20,sh.600187,7.99,8.33,7.99,8.24,10795659,88652352.0
2009-11-23,sh.600187,8.26,8.46,8.17,8.28,8085937,67208734.0
2009-11-24,sh.600187,8.3,8.32,7.87,7.87,6680051,54058799.0
2009-11-25,sh.600187,7.78,7.94,7.6,7.89,4726976,36798676.0
2009-11-26,sh.600187,7.86,7.92,7.5,7.5,6344690,48439742.0
2009-11-27,sh.600187,7.31,7.46,7.2,7.23,3662403,26825224.0
2009-11-30,sh.600187,7.3,7.59,7.24,7.59,3038089,22765918.0
2009-12-01,sh.600187,7.65,7.88,7.65,7.83,5296297,41209348.0
2009-12-02,sh.600187,7.89,7.94,7.73,7.86,4537008,35714961.0
2009-12-03,sh.600187,7.88,8.25,7.88,8.12,8215745,66650783.0
2009-12-04,sh.600187,8.08,8.26,7.71,7.86,7812964,61954573.0
2009-12-07,sh.600187,7.88,7.99,7.73,7.95,3556018,28153139.0
2009-12-08,sh.600187,7.99,8.02,7.78,7.86,2611312,20549665.0
2009-12-09,sh.600187,7.78,7.95,7.67,7.7,3053361,23737984.0
2009-12-10,sh.600187,7.73,7.85,7.71,7.81,2482526,19317720.0
2009-12-11,sh.600187,7.85,7.9,7.78,7.88,2460771,19308204.0
2009-12-14,sh.600187,7.9,7.91,7.6,7.76,2242816,17309459.0
2009-12-15,sh.600187,7.78,7.86,7.67,7.75,1922693,14914801.0
2009-12-16,sh.600187,7.76,7.81,7.67,7.71,1710491,13230182.0
2009-12-17,sh.600187,7.75,7.82,7.6,7.63,2472533,19137694.0
2009-12-18,sh.600187,7.57,7.57,7.25,7.28,3247040,23842742.0
2009-12-21,sh.600187,7.31,7.34,7.2,7.3,1523056,11067377.0
2009-12-22,sh.600187,7.27,7.35,7.1,7.12,1489035,10773443.0
2009-12-23,sh.600187,7.13,7.39,7.12,7.25,1111032,8034243.0
2009-12-24,sh.600187,7.3,7.48,7.21,7.45,2197840,16192681.0
2009-12-25,sh.600187,7.4,7.44,7.35,7.4,1545549,11417201.0
2009-12-28,sh.600187,7.39,7.52,7.33,7.48,1705686,12745411.0
2009-12-29,sh.600187,7.45,7.55,7.39,7.51,2027490,15145357.0
2009-12-30,sh.600187,7.51,7.53,7.44,7.51,1960528,14658131.0
2009-12-31,sh.600187,7.5,7.68,7.47,7.61,2416208,18340527.0
2010-01-04,sh.600187,7.68,7.69,7.56,7.56,2632191,20039112.0
2010-01-05,sh.600187,7.63,7.64,7.46,7.59,2163192,16327092.0
2010-01-06,sh.600187,7.59,7.61,7.51,7.55,2215420,16793859.0
2010-01-07,sh.600187,7.58,7.58,7.27,7.29,2325738,17243374.0
2010-01-08,sh.600187,7.3,7.38,7.24,7.38,1321137,9658065.0
2010-01-11,sh.600187,7.39,7.42,7.23,7.31,1731823,12654976.0
2010-01-12,sh.600187,7.34,7.47,7.28,7.45,1837509,13588812.0
2010-01-13,sh.600187,7.38,7.47,7.29,7.35,1526330,11248909.0
2010-01-14,sh.600187,7.38,7.52,7.3,7.49,2475704,18412491.0
2010-01-15,sh.600187,7.5,7.57,7.41,7.55,2080618,15635165.0
2010-01-18,sh.600187,7.55,7.74,7.49,7.74,3732447,28482053.0
2010-01-19,sh.600187,7.74,7.76,7.59,7.68,2534214,19373072.0
2010-01-20,sh.600187,7.68,7.7,7.31,7.38,2850005,21365335.0
2010-01-21,sh.600187,7.42,7.49,7.31,7.47,2424598,17992199.0
2010-01-22,sh.600187,7.38,7.47,7.17,7.3,1979796,14438453.0
2010-01-25,sh.600187,7.3,7.36,7.19,7.2,980732,7131513.0
2010-01-26,sh.600187,7.21,7.27,6.91,6.97,1345695,9520956.0
2010-01-27,sh.600187,7.02,7.04,6.82,6.86,956556,6605546.0
2010-01-28,sh.600187,6.89,7.0,6.86,6.91,1000904,6930147.0
2010-01-29,sh.600187,6.89,6.95,6.8,6.93,1975359,13639227.0
2010-02-01,sh.600187,6.89,6.92,6.77,6.9,1651403,11284095.0
2010-02-02,sh.600187,6.91,7.0,6.87,6.89,1354512,9385994.0
2010-02-03,sh.600187,6.95,7.07,6.87,7.06,1662567,11569639.0
2010-02-04,sh.600187,7.05,7.2,6.95,7.14,1879233,13376672.0
2010-02-05,sh.600187,7.05,7.12,6.92,6.93,1213965,8486878.0
2010-02-08,sh.600187,6.9,7.08,6.9,7.01,849049,5951525.0
2010-02-09,sh.600187,7.01,7.18,6.97,7.15,1540475,10926183.0
2010-02-10,sh.600187,7.2,7.2,7.08,7.14,1004085,7161293.0
2010-02-11,sh.600187,7.15,7.25,7.11,7.14,1355890,9737652.0
2010-02-12,sh.600187,7.15,7.18,7.11,7.14,842889,6016173.0
2010-02-22,sh.600187,7.15,7.2,7.13,7.14,850609,6093249.0
2010-02-23,sh.600187,7.14,7.21,6.99,7.21,2136009,15167541.0
2010-02-24,sh.600187,7.18,7.34,7.14,7.32,1976739,14395343.0
2010-02-25,sh.600187,7.28,7.48,7.28,7.45,3292632,24386563.0
2010-02-26,sh.600187,7.38,7.65,7.38,7.49,3751329,28305867.0
2010-03-01,sh.600187,7.5,7.65,7.47,7.6,2632525,19951556.0
2010-03-02,sh.600187,7.61,7.62,7.45,7.5,2142954,16089066.0
2010-03-03,sh.600187,7.47,7.68,7.47,7.61,2241642,17043008.0
2010-03-05,sh.600187,7.55,7.56,7.35,7.5,3214597,23985882.0
2010-03-08,sh.600187,7.54,7.64,7.46,7.62,2300089,17432974.0
2010-03-09,sh.600187,7.6,7.66,7.49,7.63,2879254,21870994.0
2010-03-10,sh.600187,7.64,7.77,7.53,7.74,3867621,29696733.0
2010-03-11,sh.600187,7.77,7.96,7.7,7.71,5531096,43187899.0
2010-03-12,sh.600187,7.68,7.78,7.44,7.47,3486293,26570739.0
2010-03-15,sh.600187,7.44,7.57,7.42,7.51,2053828,15404091.0
2010-03-16,sh.600187,7.55,7.85,7.49,7.84,5197674,40165365.0
2010-03-17,sh.600187,7.93,7.95,7.75,7.87,4954305,38886016.0
2010-03-18,sh.600187,7.87,8.14,7.78,8.06,7586734,60333278.0
2010-03-19,sh.600187,8.05,8.22,8.0,8.08,7363443,59667748.0
2010-03-24,sh.600187,8.18,8.27,8.01,8.13,7886680,64502336.0
2010-03-25,sh.600187,8.12,8.22,7.95,7.96,6202702,50038916.0
2010-03-26,sh.600187,8.0,8.36,7.95,8.33,8469884,69564270.0
2010-03-29,sh.600187,8.26,8.37,8.23,8.31,5262066,43602591.0
2010-03-30,sh.600187,8.32,8.45,8.23,8.43,5336174,44607800.0
2010-03-31,sh.600187,8.4,8.46,8.31,8.33,3464537,28990255.0
2010-04-01,sh.600187,8.3,8.67,8.28,8.6,6283049,53603656.0
2010-04-02,sh.600187,8.6,8.8,8.48,8.78,5916211,51153522.0
2010-04-06,sh.600187,8.82,9.09,8.73,8.99,7113511,63579780.0
2010-04-07,sh.600187,8.99,8.99,8.76,8.93,5470746,48538133.0
2010-04-08,sh.600187,8.9,9.07,8.85,8.98,4619380,41322553.0
2010-04-09,sh.600187,8.97,9.02,8.71,8.87,6286434,55557748.0
2010-04-12,sh.600187,8.84,9.2,8.72,9.2,9046264,80850921.0
2010-04-13,sh.600187,9.11,9.17,8.74,8.91,10449009,92909918.0
2010-04-14,sh.600187,8.83,9.2,8.77,9.14,6307239,57125151.0
2010-04-15,sh.600187,9.1,9.6,9.01,9.6,10848388,101867582.0
2010-04-16,sh.600187,9.5,10.0,9.4,9.9,6775182,65757549.0
2010-04-19,sh.600187,9.78,9.98,9.41,9.41,7101148,68456468.0
2010-04-20,sh.600187,9.37,9.84,9.17,9.73,9365977,88478290.0
2010-04-21,sh.600187,9.68,9.96,9.61,9.79,6359060,62082342.0
2010-04-23,sh.600187,9.6,9.73,9.3,9.3,9669963,90762011.0
2010-04-26,sh.600187,9.3,9.77,9.06,9.77,8444321,80697461.0
2010-04-27,sh.600187,9.61,10.13,9.33,9.87,7183720,69561842.0
2010-04-28,sh.600187,9.65,10.22,9.58,9.97,7303785,72964471.0
2010-04-29,sh.600187,9.9,10.16,9.47,9.47,7430760,72133650.0
2010-04-30,sh.600187,9.15,9.27,9.0,9.0,2482500,22414985.0
2010-05-04,sh.600187,8.55,8.64,8.55,8.55,4450246,38073556.0
2010-05-05,sh.600187,8.15,8.77,8.15,8.58,4724204,40232003.0
2010-05-06,sh.600187,8.61,8.61,8.15,8.15,4866024,40681995.0
2010-05-07,sh.600187,7.82,7.98,7.74,7.82,7382012,57688494.0
2010-05-10,sh.600187,7.74,8.13,7.63,8.01,5799710,45744229.0
2010-05-11,sh.600187,8.1,8.14,7.61,7.61,4243597,33275398.0
2010-05-12,sh.600187,7.35,7.6,7.23,7.23,4163037,30287237.0
2010-05-13,sh.600187,7.37,7.49,7.14,7.47,2928225,21473926.0
2010-05-14,sh.600187,7.36,7.69,7.36,7.59,3287459,24821923.0
2010-05-17,sh.600187,7.45,7.61,7.21,7.21,2741436,20296183.0
2010-05-18,sh.600187,7.21,7.24,6.85,7.14,3573593,25126500.0
2010-05-19,sh.600187,7.1,7.39,7.06,7.25,2863331,20758358.0
2010-05-20,sh.600187,7.16,7.3,7.0,7.01,2081720,14857354.0
2010-05-21,sh.600187,6.77,7.18,6.77,7.17,2243185,15752979.0
2010-05-24,sh.600187,7.17,7.53,7.17,7.52,3891304,28937267.0
2010-05-25,sh.600187,7.43,7.9,7.33,7.76,6197012,47089676.0
2010-05-26,sh.600187,7.76,8.07,7.65,7.9,5389235,42346600.0
2010-05-27,sh.600187,7.92,8.1,7.9,7.98,6243256,49972026.0
2010-05-28,sh.600187,8.0,8.11,7.92,8.09,5428787,43635858.0
2010-05-31,sh.600187,8.04,8.09,7.69,7.69,4420806,34560853.0
2010-06-01,sh.600187,7.55,7.6,7.31,7.37,3381372,24961762.0
2010-06-02,sh.600187,7.31,7.74,7.31,7.74,2851776,21571243.0
2010-06-03,sh.600187,7.8,8.04,7.73,7.81,3616377,28529436.0
2010-06-04,sh.600187,7.74,8.03,7.7,7.93,3442526,27256232.0
2010-06-07,sh.600187,7.79,7.88,7.62,7.79,2758373,21436707.0
2010-06-08,sh.600187,7.79,8.03,7.74,7.99,3004464,23818853.0
2010-06-09,sh.600187,7.91,8.39,7.91,8.29,5537560,45310756.0
2010-06-10,sh.600187,8.29,8.64,8.21,8.42,6133386,51796728.0
2010-06-11,sh.600187,8.44,8.84,8.18,8.84,6544293,55260577.0
2010-06-17,sh.600187,8.7,9.12,8.63,8.86,6016496,53346568.0
2010-06-18,sh.600187,8.8,8.85,8.42,8.43,5378431,45958515.0
2010-06-21,sh.600187,8.43,8.79,8.27,8.69,6262256,53972508.0
2010-06-22,sh.600187,8.69,8.85,8.6,8.76,3562224,31094817.0
2010-06-23,sh.600187,8.66,8.78,8.46,8.72,3148714,27219598.0
2010-06-24,sh.600187,8.7,9.16,8.65,9.1,10285669,93259032.0
2010-06-25,sh.600187,8.96,9.46,8.86,9.22,8251698,75290309.0
2010-06-28,sh.600187,9.15,9.33,9.01,9.16,3563329,32543790.0
2010-06-29,sh.600187,9.2,9.29,8.7,8.7,6862796,60367640.0
2010-06-30,sh.600187,8.36,8.54,8.27,8.4,5812458,48524414.0
2010-07-01,sh.600187,8.3,8.4,7.98,7.98,4822995,39343178.0
2010-07-02,sh.600187,7.88,8.06,7.58,7.82,3656018,28192644.0
2010-07-05,sh.600187,7.76,8.07,7.5,7.96,2999868,23322324.0
2010-07-06,sh.600187,7.88,8.17,7.87,8.13,2880904,23225767.0
2010-07-07,sh.600187,8.1,8.26,8.06,8.19,2239455,18284020.0
2010-07-08,sh.600187,8.18,8.24,8.03,8.14,2010909,16335500.0
2010-07-09,sh.600187,8.07,8.39,8.03,8.35,2834805,23421937.0
2010-07-12,sh.600187,8.33,8.5,8.3,8.48,2844596,23893723.0
2010-07-13,sh.600187,8.43,8.44,8.06,8.28,2906623,23995868.0
2010-07-14,sh.600187,8.27,8.69,8.27,8.69,6169620,52918748.0
2010-07-15,sh.600187,8.59,8.8,8.35,8.36,4283362,36920349.0
2010-07-16,sh.600187,8.26,8.48,8.1,8.45,2971788,24626639.0
2010-07-19,sh.600187,8.28,8.66,8.22,8.58,2788732,23811496.0
2010-07-20,sh.600187,8.63,8.73,8.54,8.69,3662965,31637813.0
2010-07-21,sh.600187,8.66,8.76,8.6,8.68,3699050,32138196.0
2010-07-22,sh.600187,8.68,8.91,8.61,8.88,4524901,39875911.0
2010-07-23,sh.600187,8.88,8.97,8.7,8.91,4753426,41890095.0
2010-07-26,sh.600187,9.0,9.0,8.6,8.83,3645082,32163468.0
2010-07-27,sh.600187,8.8,8.8,8.57,8.58,4411928,38207852.0
2010-07-28,sh.600187,8.53,8.99,8.53,8.92,6878017,60907452.0
2010-07-29,sh.600187,8.9,9.13,8.76,9.07,6733231,60110838.0
2010-07-30,sh.600187,9.0,9.24,8.89,9.08,5939419,53931311.0
2010-08-02,sh.600187,9.23,9.35,9.04,9.29,6219679,57269931.0
2010-08-03,sh.600187,9.28,9.75,9.17,9.48,13313909,127593598.0
2010-08-04,sh.600187,9.46,9.67,9.36,9.59,10150618,96907252.0
2010-08-05,sh.600187,9.61,9.85,9.52,9.82,9106312,88829101.0
2010-08-06,sh.600187,9.7,9.98,9.5,9.77,11982017,117100749.0
2010-08-09,sh.600187,9.69,9.69,9.4,9.52,7899483,75192039.0
2010-08-10,sh.600187,9.52,9.58,9.15,9.27,5281323,49553771.0
2010-08-11,sh.600187,9.27,9.53,9.2,9.46,4574480,42664720.0
2010-08-12,sh.600187,9.35,9.44,9.26,9.35,3374704,31556139.0
2010-08-13,sh.600187,9.3,9.65,9.26,9.63,8012262,76451943.0
2010-08-16,sh.600187,9.63,9.79,9.5,9.7,7567652,73259188.0
2010-08-17,sh.600187,9.76,9.85,9.47,9.6,4593166,44277594.0
2010-08-18,sh.600187,9.65,9.8,9.54,9.71,5883565,57071495.0
2010-08-19,sh.600187,9.65,9.84,9.57,9.61,6649633,64576705.0
2010-08-20,sh.600187,9.66,9.66,9.13,9.13,5362494,49778860.0
2010-08-23,sh.600187,9.0,9.14,8.9,9.04,5510642,49769177.0
2010-08-26,sh.600187,9.94,9.94,9.94,9.94,2809788,27929293.0
2010-08-27,sh.600187,10.45,10.8,10.02,10.06,25582366,264204508.0
2010-08-30,sh.600187,9.76,10.32,9.69,10.15,14377789,143366175.0
2010-08-31,sh.600187,10.04,10.05,9.85,9.93,9009899,89478383.0
2010-09-01,sh.600187,9.9,10.29,9.9,10.24,10903338,110484447.0
2010-09-02,sh.600187,10.26,10.48,9.99,10.29,13935869,143148222.0
2010-09-03,sh.600187,10.17,10.23,9.9,10.13,8710607,87632655.0
2010-09-06,sh.600187,10.11,10.11,9.89,9.96,5659672,56419343.0
2010-09-07,sh.600187,9.89,9.98,9.68,9.83,4825458,47250185.0
2010-09-08,sh.600187,9.8,10.0,9.64,9.93,5276106,51600438.0
2010-09-09,sh.600187,9.93,10.02,9.55,9.64,5623326,55109233.0
2010-09-10,sh.600187,9.59,9.65,9.23,9.49,5225201,49294075.0
2010-09-13,sh.600187,9.41,10.44,9.4,10.3,15196211,153286928.0
2010-09-14,sh.600187,10.28,10.69,10.13,10.56,19490891,203514819.0
2010-09-15,sh.600187,10.5,10.8,10.34,10.52,17966979,190347856.0
2010-09-16,sh.600187,10.41,10.87,10.06,10.8,20683706,219081914.0
2010-09-20,sh.600187,10.68,11.18,10.35,10.79,15749128,169300391.0
2010-09-21,sh.600187,10.72,10.99,10.48,10.79,11368128,121591455.0
2010-09-27,sh.600187,10.85,11.46,10.63,11.26,17183220,190007639.0
2010-09-28,sh.600187,11.17,11.17,10.55,10.64,13256481,144034742.0
2010-09-29,sh.600187,10.64,10.76,10.24,10.4,13854278,144941505.0
2010-09-30,sh.600187,10.35,10.58,10.3,10.34,6541344,68108711.0
2010-10-08,sh.600187,10.5,10.64,10.26,10.44,8276334,86692542.0
2010-10-11,sh.600187,10.42,11.05,10.37,11.01,15678181,168746077.0
2010-10-12,sh.600187,10.99,11.0,10.67,10.74,11978323,129589629.0
2010-10-13,sh.600187,10.6,11.0,10.46,10.77,12556740,135656522.0
2010-10-14,sh.600187,10.74,10.8,9.8,9.82,13415274,138392390.0
2010-10-15,sh.600187,9.83,10.2,9.71,9.98,8306884,82916686.0
2010-10-18,sh.600187,9.98,10.57,9.33,10.42,11125384,112037857.0
2010-10-19,sh.600187,10.35,10.95,10.2,10.75,15840923,169884543.0
2010-10-20,sh.600187,10.44,10.59,10.22,10.31,7702149,79994419.0
2010-10-21,sh.600187,10.3,10.5,10.03,10.09,5038986,51376722.0
2010-10-22,sh.600187,10.09,10.37,10.06,10.2,3933309,40046252.0
2010-10-25,sh.600187,10.2,10.28,10.03,10.25,5205804,52942376.0
2010-10-26,sh.600187,10.27,10.3,10.08,10.18,4987783,50660949.0
2010-10-27,sh.600187,10.18,10.59,10.12,10.27,6103535,63281873.0
2010-10-28,sh.600187,10.25,10.6,10.13,10.6,7979057,83003646.0
2010-10-29,sh.600187,10.57,10.73,10.35,10.42,6304783,66168984.0
2010-11-01,sh.600187,10.38,10.69,10.23,10.56,7141500,74897845.0
2010-11-02,sh.600187,10.59,10.83,10.4,10.68,9809953,104385696.0
2010-11-03,sh.600187,10.71,10.99,10.43,10.45,8777860,94515067.0
2010-11-04,sh.600187,10.42,10.5,10.15,10.39,6330619,65336095.0
2010-11-05,sh.600187,10.48,10.68,10.32,10.63,7725563,81570592.0
2010-11-08,sh.600187,10.65,11.65,10.61,11.54,21951307,246207026.0
2010-11-09,sh.600187,11.47,11.83,11.24,11.81,22364978,259005931.0
2010-11-10,sh.600187,11.75,11.99,11.58,11.74,17892003,210982289.0
2010-11-11,sh.600187,11.68,12.8,11.52,12.65,24359445,296473055.0
2010-11-12,sh.600187,13.07,13.15,12.18,12.69,33157727,423043139.0
2010-11-15,sh.600187,12.83,13.17,12.42,12.99,22072289,283221708.0
2010-11-16,sh.600187,13.1,13.1,11.74,11.84,19566502,242748304.0
2010-11-17,sh.600187,11.7,11.85,11.0,11.11,10281859,116497544.0
2010-11-18,sh.600187,11.25,11.43,11.05,11.41,6581593,74135159.0
2010-11-19,sh.600187,11.48,11.55,10.89,11.26,9178189,103069354.0
2010-11-22,sh.600187,11.11,11.89,11.1,11.79,10372223,119914677.0
2010-11-23,sh.600187,11.7,12.09,11.25,11.44,9312077,108798823.0
2010-11-24,sh.600187,11.22,11.8,11.18,11.75,7468642,86906583.0
2010-11-25,sh.600187,11.77,12.54,11.75,12.39,12984959,158825871.0
2010-11-26,sh.600187,12.55,12.72,12.08,12.2,9576117,118284908.0
2010-11-29,sh.600187,12.11,12.3,11.69,11.91,6724897,80185230.0
2010-11-30,sh.600187,11.91,12.28,11.34,12.27,9621818,115158238.0
2010-12-01,sh.600187,12.3,13.08,11.95,12.86,13573260,171427670.0
2010-12-02,sh.600187,12.8,13.5,12.41,12.49,15217575,195185049.0
2010-12-03,sh.600187,12.3,12.38,11.85,12.07,6354486,76949616.0
2010-12-06,sh.600187,12.04,12.25,11.58,11.79,4729796,56243897.0
2010-12-07,sh.600187,11.63,11.97,11.51,11.9,3317371,38970807.0
2010-12-08,sh.600187,11.85,12.34,11.75,11.94,4275128,51602992.0
2010-12-09,sh.600187,11.7,11.97,11.38,11.39,4673566,54174847.0
2010-12-10,sh.600187,11.38,11.64,11.27,11.53,2532386,29137975.0
2010-12-13,sh.600187,11.6,12.24,11.6,12.19,5739207,69113598.0
2010-12-14,sh.600187,12.2,12.46,12.11,12.44,5138880,63205966.0
2010-12-15,sh.600187,12.39,12.93,12.39,12.68,9026533,114904769.0
2010-12-16,sh.600187,12.62,13.28,12.62,12.92,8315711,107619747.0
2010-12-17,sh.600187,12.9,13.03,12.61,12.91,6325581,81063155.0
2010-12-20,sh.600187,12.92,13.15,12.35,12.88,6599160,84077263.0
2010-12-21,sh.600187,12.85,13.45,12.75,12.96,7468683,97844312.0
2010-12-22,sh.600187,12.97,13.08,12.54,12.67,3945933,50433421.0
2010-12-23,sh.600187,12.61,12.82,12.42,12.48,3066288,38577184.0
2010-12-24,sh.600187,12.35,12.72,12.25,12.46,2648162,33207356.0
2010-12-27,sh.600187,12.46,13.09,12.4,12.73,5293233,67747346.0
2010-12-28,sh.600187,12.55,12.55,11.7,11.86,3659765,44160412.0
2010-12-29,sh.600187,11.8,12.12,11.78,12.11,1895727,22651194.0
2010-12-30,sh.600187,12.12,12.14,11.9,12.01,1802965,21691132.0
2010-12-31,sh.600187,12.1,12.58,12.02,12.44,3067977,37996551.0
2011-01-04,sh.600187,12.51,13.68,12.51,13.38,11281027,149407201.0
2011-01-05,sh.600187,13.25,13.85,13.11,13.68,9359470,126368733.0
2011-01-06,sh.600187,13.65,13.98,13.27,13.59,6813701,93263948.0
2011-01-07,sh.600187,13.5,13.73,13.11,13.36,5108060,68588654.0
2011-01-10,sh.600187,13.36,13.75,13.05,13.14,3389548,45530065.0
2011-01-11,sh.600187,13.23,13.24,12.46,12.97,4340307,55579254.0
2011-01-12,sh.600187,12.9,13.18,12.65,13.15,3130075,40482884.0
2011-01-13,sh.600187,13.21,13.45,12.97,13.35,4239370,56353968.0
2011-01-14,sh.600187,13.32,13.32,12.79,12.9,3565730,46297725.0
2011-01-17,sh.600187,12.66,13.08,12.2,12.3,3558537,45084285.0
2011-01-18,sh.600187,12.33,12.66,12.2,12.63,2587974,32284999.0
2011-01-19,sh.600187,12.7,13.23,12.5,13.04,4584611,59123116.0
2011-01-20,sh.600187,13.15,13.18,12.34,12.44,4745184,60488487.0
2011-01-21,sh.600187,12.33,12.91,12.28,12.5,5827668,73334549.0
2011-01-24,sh.600187,12.5,12.79,11.25,11.28,10891772,130679128.0
2011-01-25,sh.600187,11.08,11.08,10.5,10.67,5327399,56819844.0
2011-01-26,sh.600187,10.55,11.0,10.3,10.88,2765684,29907676.0
2011-01-27,sh.600187,10.82,11.1,10.5,10.88,4084784,44550319.0
2011-01-28,sh.600187,10.93,11.97,10.81,11.97,7123771,81560954.0
2011-02-01,sh.600187,12.73,13.17,12.51,12.59,13221767,169310006.0
2011-02-09,sh.600187,11.8,13.49,11.7,13.32,13329853,168859307.0
2011-02-10,sh.600187,13.0,13.31,12.85,13.1,7959600,103904979.0
2011-02-11,sh.600187,13.06,13.62,12.94,13.39,10723773,142570004.0
2011-02-14,sh.600187,13.36,13.38,13.01,13.18,7262094,95686405.0
2011-02-15,sh.600187,13.18,14.0,13.01,13.38,10543447,142450924.0
2011-02-16,sh.600187,13.28,14.25,13.1,13.8,11915064,163996443.0
2011-02-17,sh.600187,13.8,14.1,13.66,13.92,6792217,94056673.0
2011-02-18,sh.600187,13.92,13.92,13.33,13.38,5287449,71874530.0
2011-02-21,sh.600187,13.28,13.88,13.16,13.82,4656367,63553890.0
2011-02-22,sh.600187,13.82,13.99,13.2,13.22,4806624,65190837.0
2011-02-23,sh.600187,13.1,13.45,13.1,13.28,2535226,33554745.0
2011-02-24,sh.600187,13.25,13.38,13.0,13.17,3392127,44644247.0
2011-02-25,sh.600187,13.15,13.45,12.9,13.44,4652407,61322513.0
2011-02-28,sh.600187,13.44,14.78,13.38,14.78,12769463,184568273.0
2011-03-01,sh.600187,15.25,15.25,14.45,15.01,15272925,225931660.0
2011-03-02,sh.600187,14.8,14.8,14.37,14.65,7102528,103503625.0
2011-03-03,sh.600187,14.67,14.93,13.97,14.09,9966952,142820364.0
2011-03-04,sh.600187,13.96,14.3,13.88,14.24,4295831,60874039.0
2011-03-07,sh.600187,14.45,14.45,14.1,14.29,4528216,64503559.0
2011-03-08,sh.600187,14.24,14.84,14.21,14.5,5552332,80893706.0
2011-03-09,sh.600187,14.45,14.97,14.41,14.71,5481301,80876994.0
2011-03-10,sh.600187,14.73,15.15,14.39,14.89,7896481,116906150.0
2011-03-11,sh.600187,14.8,14.9,14.5,14.56,5487927,80582483.0
2011-03-14,sh.600187,14.35,14.48,14.08,14.38,4682368,66767191.0
2011-03-15,sh.600187,14.2,14.5,14.01,14.26,3662359,52027811.0
2011-03-16,sh.600187,14.27,14.88,14.18,14.81,5704895,83068274.0
2011-03-17,sh.600187,14.78,14.99,14.38,14.39,4880241,71672785.0
2011-03-18,sh.600187,14.42,14.68,14.22,14.34,4297521,61840408.0
2011-03-21,sh.600187,14.2,14.68,14.12,14.64,3535336,50963090.0
2011-03-22,sh.600187,14.7,14.88,14.42,14.8,4938015,72557653.0
2011-03-23,sh.600187,14.8,15.38,14.6,15.27,7922624,119048141.0
2011-03-24,sh.600187,15.17,15.45,15.03,15.14,6163885,93973810.0
2011-03-25,sh.600187,15.08,15.5,15.02,15.46,5349416,82006006.0
2011-03-28,sh.600187,15.4,16.2,15.29,15.96,9376773,148453195.0
2011-03-29,sh.600187,16.0,17.3,15.82,17.01,14170102,235814377.0
2011-03-30,sh.600187,16.94,16.94,15.5,15.68,10341620,167747326.0
2011-03-31,sh.600187,15.51,15.93,15.02,15.9,6782687,104631562.0
2011-04-01,sh.600187,15.75,16.67,15.58,15.95,8667427,140814854.0
2011-04-06,sh.600187,15.7,15.8,15.3,15.7,4555298,70619520.0
2011-04-07,sh.600187,15.61,15.75,15.2,15.26,4838432,74466647.0
2011-04-08,sh.600187,15.22,15.65,15.11,15.65,3591283,55603565.0
2011-04-11,sh.600187,15.6,15.75,15.31,15.43,3320695,51516034.0
2011-04-12,sh.600187,15.45,15.66,15.34,15.5,2611020,40336824.0
2011-04-13,sh.600187,15.55,15.74,15.2,15.72,2561421,39750493.0
2011-04-14,sh.600187,15.77,16.38,15.76,15.93,6129040,98381423.0
2011-04-15,sh.600187,15.72,15.98,15.46,15.96,4408800,69039054.0
2011-04-18,sh.600187,15.89,15.99,15.33,15.45,3526415,54978139.0
2011-04-19,sh.600187,15.35,15.35,14.0,14.47,6273712,91622914.0
2011-04-20,sh.600187,14.46,14.81,14.46,14.7,2695760,39521505.0
2011-04-21,sh.600187,14.85,14.85,14.51,14.61,2439775,35634227.0
2011-04-22,sh.600187,14.58,14.64,14.35,14.36,2028913,29328476.0
2011-04-25,sh.600187,14.33,14.98,14.3,14.94,4183677,61900641.0
2011-04-26,sh.600187,15.09,15.44,14.62,14.72,3995916,60341283.0
2011-04-27,sh.600187,14.7,15.07,14.63,14.97,2974319,44312347.0
2011-04-28,sh.600187,14.9,15.1,14.21,14.46,2475323,36600422.0
2011-04-29,sh.600187,14.46,14.67,14.17,14.6,1803539,26008098.0
2011-05-03,sh.600187,14.45,14.8,14.45,14.79,1312388,19198618.0
2011-05-04,sh.600187,14.8,14.8,14.2,14.21,1551168,22478519.0
2011-05-05,sh.600187,14.18,14.42,14.16,14.24,1184714,16906293.0
2011-05-06,sh.600187,14.23,14.23,13.49,13.91,1715982,23769781.0
2011-05-09,sh.600187,14.08,14.08,13.38,13.64,2560216,35018040.0
2011-05-10,sh.600187,13.6,13.85,13.4,13.78,1720782,23497102.0
2011-05-11,sh.600187,13.8,14.28,13.75,14.04,2160531,30538593.0
2011-05-12,sh.600187,14.17,14.17,13.68,13.69,1610382,22335463.0
2011-05-13,sh.600187,13.7,13.88,13.4,13.85,1361630,18545129.0
2011-05-16,sh.600187,13.94,13.95,13.64,13.79,817260,11303334.0
2011-05-17,sh.600187,13.91,13.91,13.52,13.86,1257531,17306445.0
2011-05-18,sh.600187,13.88,14.11,13.8,14.03,1064900,14918967.0
2011-05-19,sh.600187,14.04,14.17,13.91,13.94,1295882,18210742.0
2011-05-23,sh.600187,13.94,14.65,13.5,13.58,3739331,52959330.0
2011-05-24,sh.600187,13.45,14.0,13.12,13.93,2277356,31024646.0
2011-05-25,sh.600187,13.8,14.0,13.17,13.21,2401761,32373411.0
2011-05-26,sh.600187,13.3,13.5,12.69,12.74,2233074,28908763.0
2011-05-27,sh.600187,12.74,13.02,12.24,12.98,1670879,21102852.0
2011-05-30,sh.600187,13.18,13.34,12.7,12.71,1639839,21441108.0
2011-05-31,sh.600187,12.5,12.93,12.5,12.88,1343949,17046902.0
2011-06-01,sh.600187,12.88,12.95,12.68,12.87,1036370,13309436.0
2011-06-02,sh.600187,12.65,12.82,12.4,12.45,1020494,12867880.0
2011-06-03,sh.600187,12.38,12.65,12.32,12.51,896779,11260100.0
2011-06-07,sh.600187,12.38,12.62,12.34,12.55,773975,9670879.0
2011-06-08,sh.600187,12.45,13.1,12.45,12.98,1739059,22400376.0
2011-06-09,sh.600187,12.94,13.28,12.72,12.74,1532243,19962114.0
2011-06-10,sh.600187,12.72,13.1,12.6,13.06,1088907,14051118.0
2011-06-13,sh.600187,12.9,13.06,12.8,12.95,600385,7755285.0
2011-06-14,sh.600187,12.95,13.43,12.9,13.26,1569363,20692801.0
2011-06-15,sh.600187,13.28,13.37,13.0,13.03,908479,11975918.0
2011-06-16,sh.600187,12.95,12.95,12.41,12.44,1157440,14603319.0
2011-06-17,sh.600187,12.35,12.57,12.1,12.24,532969,6628271.0
2011-06-20,sh.600187,12.26,12.47,11.9,12.0,816982,9848262.0
2011-06-21,sh.600187,12.0,12.25,11.85,12.22,579655,7008249.0
2011-06-22,sh.600187,12.22,12.28,12.02,12.08,407551,4943199.0
2011-06-23,sh.600187,12.08,12.32,11.92,12.28,783235,9547596.0
2011-06-24,sh.600187,12.28,12.78,12.21,12.59,1423602,17862940.0
2011-06-27,sh.600187,12.61,13.0,12.55,12.97,2094117,26910227.0
2011-06-28,sh.600187,13.13,13.15,12.81,12.97,1351556,17514252.0
2011-06-29,sh.600187,12.9,13.56,12.87,13.01,3387130,44833371.0
2011-06-30,sh.600187,13.04,13.36,13.04,13.15,1761059,23267225.0
2011-07-01,sh.600187,13.15,13.53,13.15,13.34,1634031,21885116.0
2011-07-04,sh.600187,13.35,13.55,13.35,13.52,1401527,18879101.0
2011-07-05,sh.600187,13.48,13.8,13.42,13.71,1513655,20690402.0
2011-07-06,sh.600187,13.74,14.29,13.71,14.24,2997842,42253296.0
2011-07-07,sh.600187,14.27,15.18,14.06,14.72,5635612,83036510.0
2011-07-08,sh.600187,14.61,15.1,14.49,14.71,3224510,47574820.0
2011-07-11,sh.600187,15.48,15.48,14.8,15.08,4027862,61052032.0
2011-07-12,sh.600187,14.81,15.65,14.8,14.96,4256471,64819597.0
2011-07-13,sh.600187,14.9,15.18,14.75,15.0,2193425,32952090.0
2011-07-14,sh.600187,15.02,15.18,14.56,14.96,2823724,41906583.0
2011-07-15,sh.600187,14.94,15.07,14.76,15.03,1637688,24515386.0
2011-07-18,sh.600187,15.0,16.28,14.98,15.91,6423322,100812291.0
2011-07-19,sh.600187,15.76,16.48,15.6,15.94,3799440,60880194.0
2011-07-20,sh.600187,15.9,16.22,15.63,15.75,2190485,34794671.0
2011-07-21,sh.600187,15.61,15.98,15.14,15.24,2671535,41599766.0
2011-07-22,sh.600187,15.16,15.66,15.15,15.44,2119198,32667114.0
2011-07-25,sh.600187,15.43,15.95,15.07,15.26,2827134,43887093.0
2011-07-26,sh.600187,15.1,15.39,15.1,15.24,1130856,17262526.0
2011-07-27,sh.600187,15.28,15.93,15.28,15.77,1950085,30585183.0
2011-07-28,sh.600187,15.89,16.09,15.61,15.73,3031736,48140429.0
2011-07-29,sh.600187,15.65,16.04,15.63,15.75,2165633,34355592.0
2011-08-01,sh.600187,15.76,15.94,15.6,15.91,1296538,20523602.0
2011-08-02,sh.600187,15.91,16.06,15.62,16.05,2470038,39307735.0
2011-08-03,sh.600187,16.1,16.1,15.47,15.52,2829484,44690170.0
2011-08-04,sh.600187,15.54,15.89,15.3,15.4,2764408,43082112.0
2011-08-05,sh.600187,15.0,15.14,14.78,14.84,2918730,43538319.0
2011-08-08,sh.600187,14.4,14.79,13.7,13.9,2273480,32465224.0
2011-08-09,sh.600187,13.65,14.22,13.11,14.17,2264911,31330858.0
2011-08-10,sh.600187,14.35,14.7,14.35,14.42,1480042,21461556.0
2011-08-11,sh.600187,14.01,14.6,13.98,14.47,1729142,24749082.0
2011-08-12,sh.600187,14.61,14.99,14.48,14.51,1610285,23650982.0
2011-08-15,sh.600187,14.43,15.24,14.43,15.23,2573157,38447019.0
2011-08-16,sh.600187,15.25,15.97,15.21,15.57,3839785,60226512.0
2011-08-17,sh.600187,15.56,15.8,15.32,15.79,2312177,36077959.0
2011-08-18,sh.600187,15.8,15.9,15.54,15.7,1724682,27087653.0
2011-08-19,sh.600187,15.54,15.54,14.95,15.15,2476591,37682517.0
2011-08-22,sh.600187,15.3,15.5,15.05,15.21,1140766,17309379.0
2011-08-23,sh.600187,15.13,15.47,15.13,15.46,1249525,19167780.0
2011-08-24,sh.600187,15.49,15.73,15.4,15.41,1174744,18283465.0
2011-08-25,sh.600187,15.9,16.8,15.75,15.89,4204415,67797768.0
2011-08-26,sh.600187,15.62,16.15,15.55,16.04,2248094,35896308.0
2011-08-29,sh.600187,15.9,16.03,15.74,15.77,1609923,25590322.0
2011-08-30,sh.600187,15.87,16.1,15.6,15.65,1998601,31829576.0
2011-08-31,sh.600187,15.65,15.99,15.35,15.7,1013292,15823915.0
2011-09-01,sh.600187,15.69,15.96,15.63,15.9,1279403,20192983.0
2011-09-02,sh.600187,15.9,15.95,15.61,15.73,502983,7918508.0
2011-09-05,sh.600187,15.72,15.81,15.3,15.77,1644470,25661708.0
2011-09-06,sh.600187,15.5,15.72,15.41,15.42,1225999,19088472.0
2011-09-07,sh.600187,15.57,15.8,15.4,15.67,1984835,31067502.0
2011-09-08,sh.600187,15.88,16.0,15.66,15.67,1560784,24733983.0
2011-09-09,sh.600187,15.67,15.75,14.93,15.35,2007968,30607945.0
2011-09-13,sh.600187,15.1,15.3,14.9,14.97,1072561,16108408.0
2011-09-14,sh.600187,14.97,15.49,14.62,15.09,938909,13973109.0
2011-09-15,sh.600187,15.13,15.14,14.76,14.78,1026927,15329133.0
2011-09-16,sh.600187,14.91,15.24,14.85,14.88,2783812,41823290.0
2011-09-19,sh.600187,14.82,15.02,14.26,14.67,871410,12887547.0
2011-09-20,sh.600187,14.67,14.7,14.36,14.54,1001642,14602852.0
2011-09-21,sh.600187,14.55,14.85,14.28,14.75,1710845,25011584.0
2011-09-22,sh.600187,14.7,14.7,14.11,14.12,908233,13156423.0
2011-09-23,sh.600187,14.11,14.28,13.7,13.98,1814820,25330627.0
2011-09-26,sh.600187,13.83,14.23,13.57,13.7,971720,13577567.0
2011-09-27,sh.600187,13.7,13.95,13.57,13.7,1374208,18817629.0
2011-09-28,sh.600187,13.72,13.9,13.12,13.18,1496167,20367191.0
2011-09-29,sh.600187,13.18,13.19,12.01,12.98,1105517,14238776.0
2011-09-30,sh.600187,12.98,13.38,12.5,12.84,818885,10517638.0
2011-10-10,sh.600187,11.56,12.34,11.56,11.56,4867777,56413203.0
2011-10-11,sh.600187,11.51,11.51,10.4,10.74,18450721,197706650.0
2011-10-13,sh.600187,10.74,11.09,10.6,11.02,12674851,138117430.0
2011-10-14,sh.600187,10.88,10.95,10.55,10.62,5976025,64174755.0
2011-10-17,sh.600187,10.68,10.75,10.44,10.52,6938565,73180631.0
2011-10-18,sh.600187,10.43,10.43,9.73,10.04,10330974,103861926.0
2011-10-19,sh.600187,9.98,10.2,9.9,10.09,3973579,40043436.0
2011-10-20,sh.600187,10.08,10.27,9.91,10.24,5276865,53540954.0
2011-10-21,sh.600187,10.24,10.38,9.91,9.97,3626982,36785772.0
2011-10-24,sh.600187,9.92,10.0,9.01,9.6,6256636,58887144.0
2011-10-25,sh.600187,9.5,9.89,9.28,9.79,5894741,56521452.0
2011-10-26,sh.600187,9.67,10.07,9.54,9.91,6590895,64930771.0
2011-10-27,sh.600187,9.93,10.15,9.81,9.97,5973790,59891865.0
2011-10-28,sh.600187,10.01,10.97,10.01,10.97,11457730,120154756.0
2011-10-31,sh.600187,11.31,12.07,11.31,12.07,26118082,309329826.0
2011-11-01,sh.600187,11.65,11.89,11.6,11.81,16059125,188589266.0
2011-11-02,sh.600187,11.5,12.21,11.4,12.05,15516670,183864597.0
2011-11-03,sh.600187,12.08,12.5,11.7,11.82,13962476,167111768.0
2011-11-04,sh.600187,11.65,12.07,11.55,11.86,9967679,117733596.0
2011-11-07,sh.600187,11.9,12.06,11.7,11.9,7613084,90576956.0
2011-11-08,sh.600187,11.82,12.16,11.67,12.04,10633174,126931515.0
2011-11-09,sh.600187,12.06,12.5,11.7,12.38,13212997,159718640.0
2011-11-10,sh.600187,12.2,12.89,11.83,11.87,17014980,211364453.0
2011-11-11,sh.600187,11.68,11.79,11.15,11.52,10387642,119192631.0
2011-11-14,sh.600187,11.6,11.97,11.6,11.77,7630441,89629286.0
2011-11-15,sh.600187,11.8,11.85,11.55,11.75,6431476,75251708.0
2011-11-16,sh.600187,11.74,11.74,11.25,11.4,5153095,59070123.0
2011-11-17,sh.600187,11.41,11.58,11.33,11.44,3957923,45353372.0
2011-11-18,sh.600187,11.31,11.39,10.43,10.58,6269023,68035304.0
2011-11-21,sh.600187,10.66,10.66,10.21,10.45,3226717,33494761.0
2011-11-22,sh.600187,10.35,10.63,10.3,10.55,2949975,30939454.0
2011-11-23,sh.600187,10.58,10.73,10.42,10.46,3027331,32027379.0
2011-11-24,sh.600187,10.23,10.5,10.2,10.3,1995478,20586544.0
2011-11-25,sh.600187,10.3,10.42,10.2,10.22,1868365,19237167.0
2011-11-28,sh.600187,10.31,11.24,10.29,11.24,7997497,87017763.0
2011-11-29,sh.600187,11.66,11.8,11.16,11.35,10248165,116736801.0
2011-11-30,sh.600187,11.37,11.56,10.8,11.48,10380596,116461528.0
2011-12-01,sh.600187,11.7,12.15,11.5,11.78,13674330,161567964.0
2011-12-02,sh.600187,11.65,11.77,11.13,11.39,5776614,66391809.0
2011-12-05,sh.600187,11.4,11.5,10.31,10.63,5602678,60982382.0
2011-12-06,sh.600187,10.39,11.08,10.21,10.95,5492368,58813894.0
2011-12-07,sh.600187,10.79,11.48,10.6,11.36,7350120,81574290.0
2011-12-08,sh.600187,11.15,11.68,11.03,11.37,8920094,102050627.0
2011-12-09,sh.600187,11.16,11.65,11.1,11.51,7154310,82125121.0
2011-12-12,sh.600187,11.56,11.65,11.2,11.23,5421427,62004254.0
2011-12-13,sh.600187,11.14,11.14,10.18,10.4,7115826,74729306.0
2011-12-14,sh.600187,10.35,10.8,10.21,10.65,5764341,60945157.0
2011-12-15,sh.600187,10.49,11.12,10.45,10.78,7720066,83747303.0
2011-12-16,sh.600187,10.68,11.86,10.4,11.61,11044575,123892070.0
2011-12-19,sh.600187,11.38,11.98,11.15,11.79,14150561,163606224.0
2011-12-20,sh.600187,11.65,11.8,11.26,11.33,8607282,99258666.0
2011-12-21,sh.600187,11.55,11.58,10.5,10.61,7697298,86348286.0
2011-12-22,sh.600187,10.35,11.17,9.77,10.92,9626895,101155065.0
2011-12-23,sh.600187,10.68,11.23,10.6,10.84,6728043,73196694.0
2011-12-26,sh.600187,10.73,10.87,10.31,10.33,4846369,51559429.0
2011-12-27,sh.600187,10.0,10.34,9.65,9.68,6039341,60312481.0
2011-12-28,sh.600187,9.5,9.66,9.12,9.54,4329621,40424222.0
2011-12-29,sh.600187,9.42,9.71,9.3,9.63,3316418,31605196.0
2011-12-30,sh.600187,9.69,10.0,9.65,9.97,3773533,36965966.0
2012-01-04,sh.600187,10.0,10.1,9.23,9.29,3190061,31084312.0
2012-01-05,sh.600187,9.21,9.34,8.36,8.46,4984244,43773284.0
2012-01-06,sh.600187,8.27,8.62,7.96,8.57,3851449,31830734.0
2012-01-09,sh.600187,8.55,8.9,8.3,8.84,4655878,40335452.0
2012-01-10,sh.600187,8.76,9.17,8.72,9.12,6000934,54055708.0
2012-01-11,sh.600187,9.05,9.45,8.88,9.12,5733472,52688648.0
2012-01-12,sh.600187,9.0,10.03,8.98,9.89,12311060,119076352.0
2012-01-13,sh.600187,9.75,9.82,9.18,9.2,9003377,86302283.0
2012-01-16,sh.600187,8.98,9.51,8.51,8.92,5757249,52821748.0
2012-01-17,sh.600187,8.91,9.4,8.8,9.39,6079729,55593695.0
2012-01-18,sh.600187,9.56,9.56,8.99,9.06,5382520,49814658.0
2012-01-19,sh.600187,9.01,9.16,8.9,8.98,3296721,29691896.0
2012-01-20,sh.600187,8.98,9.25,8.98,9.04,2619915,23940566.0
2012-01-30,sh.600187,9.17,9.17,8.8,8.83,2812213,25285415.0
2012-01-31,sh.600187,8.82,8.94,8.63,8.79,2098320,18336908.0
2012-02-01,sh.600187,8.76,9.52,8.72,9.24,6478699,59191361.0
2012-02-02,sh.600187,9.1,9.35,9.06,9.29,5001209,46144163.0
2012-02-03,sh.600187,9.27,9.42,9.11,9.37,4352105,40566214.0
2012-02-06,sh.600187,9.35,9.54,9.34,9.52,4777586,45087787.0
2012-02-07,sh.600187,9.48,9.48,9.18,9.22,3360050,31248750.0
2012-02-08,sh.600187,9.2,9.43,9.11,9.4,4444608,41386575.0
2012-02-09,sh.600187,9.35,10.19,9.31,9.65,9808985,95447871.0
2012-02-10,sh.600187,9.5,9.75,9.48,9.63,6604770,63447444.0
2012-02-13,sh.600187,9.45,9.8,9.41,9.63,5521662,53259861.0
2012-02-14,sh.600187,9.66,9.69,9.48,9.6,4380323,41882482.0
2012-02-15,sh.600187,9.9,10.34,9.66,10.09,12346595,123070147.0
2012-02-16,sh.600187,9.94,10.89,9.92,10.35,13786489,142898304.0
2012-02-17,sh.600187,9.72,10.68,9.58,10.3,62081411,614109421.0
2012-02-20,sh.600187,10.0,10.16,9.85,9.94,35315529,354084127.0
2012-02-21,sh.600187,9.85,9.89,9.55,9.87,23475035,228451036.0
2012-02-22,sh.600187,9.83,9.99,9.75,9.98,21630644,214162921.0
2012-02-23,sh.600187,10.01,10.15,9.77,9.88,23833081,236338082.0
2012-02-24,sh.600187,9.85,10.06,9.78,10.05,25346062,252468031.0
2012-02-27,sh.600187,10.1,10.43,10.03,10.23,37194411,380606284.0
2012-02-28,sh.600187,10.14,10.59,10.02,10.4,38290957,395047199.0
2012-02-29,sh.600187,10.3,10.44,10.05,10.1,21751205,222927234.0
2012-03-01,sh.600187,10.08,10.28,10.0,10.14,12149212,123338169.0
2012-03-02,sh.600187,10.16,10.42,10.15,10.37,17596113,180899790.0
2012-03-05,sh.600187,10.4,10.45,10.2,10.22,14148838,145586338.0
2012-03-06,sh.600187,10.16,10.23,9.85,9.93,15266192,152368783.0
2012-03-07,sh.600187,9.73,9.95,9.68,9.79,10119632,99463236.0
2012-03-08,sh.600187,9.83,9.99,9.83,9.89,9750808,96524258.0
2012-03-09,sh.600187,9.95,10.03,9.88,10.02,9221473,91971226.0
2012-03-12,sh.600187,10.05,10.08,9.91,10.01,8874104,88514847.0
2012-03-13,sh.600187,10.01,10.23,9.92,10.19,15820678,160202345.0
2012-03-14,sh.600187,10.25,10.27,9.2,9.37,22008815,216790424.0
2012-03-15,sh.600187,9.37,9.47,8.77,8.91,14766454,133956362.0
2012-03-16,sh.600187,8.95,9.13,8.81,9.09,7987872,72044567.0
2012-03-19,sh.600187,9.08,9.28,8.95,9.23,11306396,102974499.0
2012-03-20,sh.600187,9.23,9.23,8.86,8.86,9904614,89182641.0
2012-03-21,sh.600187,8.94,8.99,8.74,8.96,8272486,73455802.0
2012-03-22,sh.600187,8.98,9.12,8.88,9.06,8516420,76919812.0
2012-03-23,sh.600187,9.0,9.03,8.77,8.85,6894395,61139967.0
2012-03-26,sh.600187,8.76,8.85,8.46,8.63,6879491,59469568.0
2012-03-27,sh.600187,8.68,8.73,8.47,8.51,5611533,48234713.0
2012-03-28,sh.600187,8.54,8.55,8.06,8.11,9362388,76535828.0
2012-03-29,sh.600187,8.02,8.1,7.8,7.97,8880647,70487640.0
2012-03-30,sh.600187,7.98,8.02,7.6,7.7,7350377,57324521.0
2012-04-05,sh.600187,7.65,8.02,7.65,7.98,7408501,58340351.0
2012-04-06,sh.600187,8.0,8.08,7.87,7.99,6042304,48262601.0
2012-04-09,sh.600187,7.93,7.95,7.76,7.77,4466816,35015068.0
2012-04-10,sh.600187,7.72,7.94,7.64,7.94,5826718,45323927.0
2012-04-11,sh.600187,7.85,8.3,7.78,8.27,12467017,100373603.0
2012-04-12,sh.600187,8.18,8.42,8.06,8.33,14623366,120608010.0
2012-04-13,sh.600187,8.23,8.35,8.17,8.22,10578810,87204971.0
2012-04-16,sh.600187,8.14,8.34,8.07,8.23,9110824,75154122.0
2012-04-17,sh.600187,8.25,8.28,7.96,7.99,8433037,68324951.0
2012-04-18,sh.600187,8.04,8.22,7.99,8.19,7357517,59808648.0
2012-04-19,sh.600187,8.2,8.38,8.15,8.31,10409677,86116406.0
2012-04-23,sh.600187,8.33,8.4,7.99,8.05,9972988,81437240.0
2012-04-24,sh.600187,7.99,8.05,7.61,7.84,8418390,65742804.0
2012-04-25,sh.600187,7.86,7.96,7.79,7.95,5666034,44670608.0
2012-04-26,sh.600187,7.98,8.23,7.93,8.18,8866105,72110022.0
2012-04-27,sh.600187,8.18,8.25,8.0,8.06,4773876,38678322.0
2012-05-02,sh.600187,8.16,8.23,8.07,8.2,6162427,50368016.0
2012-05-03,sh.600187,8.19,8.33,8.14,8.31,7984066,65957659.0
2012-05-04,sh.600187,8.3,8.57,8.28,8.45,12248894,103671841.0
2012-05-07,sh.600187,8.35,9.3,8.32,9.3,20532551,184897049.0
2012-05-08,sh.600187,9.55,10.19,9.4,9.56,54897358,532016406.0
2012-05-09,sh.600187,9.53,9.61,9.1,9.13,25322913,234239971.0
2012-05-10,sh.600187,9.0,9.05,8.83,8.86,17263169,154116614.0
2012-05-11,sh.600187,8.8,9.23,8.8,9.05,17827435,161139087.0
2012-05-14,sh.600187,9.1,9.25,8.82,9.07,15369271,139553181.0
2012-05-15,sh.600187,8.92,8.92,8.61,8.85,9695575,85098508.0
2012-05-16,sh.600187,8.8,8.89,8.66,8.8,8339662,73127366.0
2012-05-17,sh.600187,8.94,9.01,8.74,8.98,10272822,91320538.0
2012-05-18,sh.600187,8.88,9.14,8.77,8.85,12523467,111859066.0
2012-05-21,sh.600187,8.85,8.89,8.4,8.45,11188491,95423633.0
2012-05-22,sh.600187,8.52,8.57,8.37,8.49,6599165,55902264.0
2012-05-23,sh.600187,8.48,8.49,8.18,8.3,8527065,71052908.0
2012-05-24,sh.600187,8.24,8.43,8.21,8.32,4528545,37777161.0
2012-05-25,sh.600187,8.34,8.41,8.05,8.11,5926896,48817780.0
2012-05-28,sh.600187,8.05,8.3,7.93,8.29,6643224,54118673.0
2012-05-29,sh.600187,8.29,8.46,8.27,8.38,6925769,57906928.0
2012-05-30,sh.600187,8.39,8.84,8.35,8.57,11936020,103214030.0
2012-05-31,sh.600187,8.53,8.88,8.53,8.7,11229102,98083563.0
2012-06-01,sh.600187,8.99,9.15,8.61,8.64,10870437,96036205.0
2012-06-04,sh.600187,8.33,8.75,8.3,8.35,7422458,62922648.0
2012-06-05,sh.600187,8.35,8.58,8.22,8.43,5574121,46874342.0
2012-06-06,sh.600187,8.47,8.51,8.18,8.23,5194060,43279042.0
2012-06-07,sh.600187,8.35,8.57,8.24,8.31,6717450,56542365.0
2012-06-08,sh.600187,8.39,8.44,8.24,8.25,4330570,36083802.0
2012-06-11,sh.600187,8.23,8.88,8.23,8.74,11061612,95123589.0
2012-06-12,sh.600187,8.67,8.75,8.5,8.53,5981425,51375915.0
2012-06-13,sh.600187,8.59,8.85,8.54,8.76,7861668,68547331.0
2012-06-14,sh.600187,8.76,8.85,8.55,8.59,6148750,53496573.0
2012-06-15,sh.600187,8.62,9.45,8.43,9.45,22584651,205357716.0
2012-06-18,sh.600187,9.59,9.7,9.33,9.48,39069806,371959824.0
2012-06-19,sh.600187,9.35,9.35,9.0,9.1,21251029,195086198.0
2012-06-20,sh.600187,9.05,9.77,9.03,9.47,23725817,221411828.0
2012-06-26,sh.600187,8.95,9.0,8.52,8.91,13732837,120688197.0
2012-06-27,sh.600187,8.75,9.18,8.68,8.93,11996865,106716427.0
2012-06-28,sh.600187,8.81,8.96,8.55,8.6,9341474,81601082.0
2012-06-29,sh.600187,8.56,8.8,8.43,8.73,7681555,66457836.0
2012-07-02,sh.600187,8.79,8.95,8.3,8.84,7200689,63218658.0
2012-07-03,sh.600187,8.8,9.15,8.78,9.0,10327711,92931612.0
2012-07-04,sh.600187,9.03,9.25,8.86,8.95,7595427,68600933.0
2012-07-05,sh.600187,8.95,9.31,8.9,9.11,20162559,184578566.0
2012-07-06,sh.600187,9.09,9.14,8.69,9.02,12535511,112086070.0
2012-07-09,sh.600187,8.94,8.99,8.6,8.64,8453445,74256357.0
2012-07-10,sh.600187,8.51,8.64,8.2,8.24,8187034,68957203.0
2012-07-11,sh.600187,8.24,8.4,8.2,8.32,4133591,34290502.0
2012-07-12,sh.600187,8.39,8.49,8.21,8.43,5025601,42188215.0
2012-07-13,sh.600187,8.38,8.44,8.27,8.41,4596556,38415944.0
2012-07-16,sh.600187,8.43,8.47,8.05,8.12,6455184,53074471.0
2012-07-17,sh.600187,8.13,8.35,8.05,8.24,3411559,28059366.0
2012-07-18,sh.600187,8.19,8.39,8.1,8.34,4723458,39040390.0
2012-07-19,sh.600187,8.32,8.54,8.23,8.46,6728266,56586269.0
2012-07-20,sh.600187,8.46,8.56,8.36,8.42,3987669,33782839.0
2012-07-23,sh.600187,8.56,8.74,8.46,8.5,6989867,60099228.0
2012-07-24,sh.600187,8.34,8.88,8.24,8.63,7044100,60472041.0
2012-07-25,sh.600187,8.54,8.66,8.39,8.49,4782343,40790584.0
2012-07-26,sh.600187,8.44,8.8,8.33,8.35,4276683,36368627.0
2012-07-27,sh.600187,8.4,8.44,8.09,8.12,4085081,33502052.0
2012-07-30,sh.600187,8.13,8.23,7.8,7.84,3420522,27210736.0
2012-07-31,sh.600187,7.84,7.93,7.62,7.62,2655000,20468648.0
2012-08-01,sh.600187,7.61,7.86,7.61,7.7,2575864,19926980.0
2012-08-02,sh.600187,7.71,7.85,7.58,7.76,3532529,27228149.0
2012-08-03,sh.600187,7.75,7.93,7.74,7.91,3526770,27689637.0
2012-08-06,sh.600187,7.86,8.1,7.83,8.06,3729261,29795804.0
2012-08-07,sh.600187,8.07,8.12,7.98,8.06,3149535,25347997.0
2012-08-08,sh.600187,8.06,8.09,7.93,7.99,3265309,26100282.0
2012-08-09,sh.600187,7.96,8.09,7.87,8.06,3707374,29645868.0
2012-08-10,sh.600187,7.96,8.05,7.91,7.98,4168933,33222449.0
2012-08-13,sh.600187,7.93,7.98,7.65,7.67,5777072,44921507.0
2012-08-14,sh.600187,7.68,7.74,7.58,7.71,3882808,29786691.0
2012-08-15,sh.600187,7.7,7.82,7.49,7.79,7100506,54484700.0
2012-08-16,sh.600187,7.7,7.83,7.59,7.81,3633266,28123564.0
2012-08-17,sh.600187,7.74,8.33,7.74,8.16,4624499,36645806.0
2012-08-20,sh.600187,8.04,8.18,7.86,8.11,3464433,27836803.0
2012-08-21,sh.600187,8.2,8.92,8.12,8.92,34090792,294758716.0
2012-08-22,sh.600187,8.79,9.13,8.7,9.04,22833075,204952178.0
2012-08-23,sh.600187,9.04,9.04,8.85,8.93,9422970,84074904.0
2012-08-24,sh.600187,8.78,9.09,8.78,9.02,24922905,223621522.0
2012-08-27,sh.600187,8.88,9.11,8.69,8.94,14335280,128349208.0
2012-08-28,sh.600187,8.8,9.83,8.7,9.83,60055198,561055977.0
2012-08-29,sh.600187,9.77,9.77,9.31,9.6,43950019,416065695.0
2012-09-05,sh.600187,10.0,10.0,8.65,9.67,56449395,538818118.0
2012-09-06,sh.600187,9.58,9.71,9.31,9.48,42075421,398447716.0
2012-09-07,sh.600187,9.48,9.67,9.13,9.53,55130465,515545735.0
2012-09-10,sh.600187,9.33,9.33,9.12,9.18,24781528,228293565.0
2012-09-11,sh.600187,9.13,9.15,8.94,9.03,13538586,122483976.0
2012-09-12,sh.600187,9.08,9.29,9.08,9.2,18262943,167853311.0
2012-09-13,sh.600187,9.21,9.22,8.84,8.85,12549739,113426453.0
2012-09-14,sh.600187,8.92,8.99,8.66,8.71,11326827,99337935.0
2012-09-17,sh.600187,8.72,8.83,8.6,8.66,7403391,64636337.0
2012-09-18,sh.600187,8.62,8.77,8.62,8.71,5124423,44584586.0
2012-09-19,sh.600187,8.7,8.76,8.55,8.64,6230928,53879686.0
2012-09-20,sh.600187,8.61,8.67,8.0,8.07,9113061,76403585.0
2012-09-21,sh.600187,8.03,8.18,7.78,7.82,7300531,58349891.0
2012-09-24,sh.600187,7.75,7.95,7.7,7.89,4490206,35293011.0
2012-09-25,sh.600187,7.9,8.07,7.85,7.95,5101325,40673359.0
2012-09-26,sh.600187,7.97,7.98,7.63,7.67,4969966,38547710.0
2012-09-27,sh.600187,7.68,7.96,7.65,7.83,4959905,38762090.0
2012-09-28,sh.600187,7.81,8.03,7.8,8.01,6088599,48356427.0
2012-10-08,sh.600187,8.01,8.08,7.89,8.01,4460975,35687609.0
2012-10-09,sh.600187,8.0,8.28,7.96,8.19,6886251,56129620.0
2012-10-10,sh.600187,8.25,8.32,8.08,8.22,9093620,74443005.0
2012-10-11,sh.600187,8.21,8.27,7.97,8.02,9004013,72922980.0
2012-10-12,sh.600187,7.96,8.1,7.8,7.96,5461894,43466362.0
2012-10-15,sh.600187,8.0,8.1,7.91,8.01,3777503,30261348.0
2012-10-16,sh.600187,8.0,8.35,7.95,8.18,10225395,83738269.0
2012-10-17,sh.600187,8.13,8.22,8.07,8.17,4891796,39773237.0
2012-10-18,sh.600187,8.19,8.31,8.11,8.23,7959750,65404568.0
2012-10-19,sh.600187,8.24,8.26,8.07,8.08,6157097,50285342.0
2012-10-22,sh.600187,8.04,8.07,7.91,8.05,6587307,52529766.0
2012-10-23,sh.600187,8.18,8.19,7.93,7.95,4937671,39794556.0
2012-10-24,sh.600187,7.8,8.01,7.8,7.89,4293525,33957547.0
2012-10-25,sh.600187,7.83,7.94,7.8,7.85,4960533,39027308.0
2012-10-26,sh.600187,7.88,7.88,7.68,7.71,4311287,33454738.0
2012-10-29,sh.600187,7.72,7.79,7.69,7.72,2345600,18154225.0
2012-10-30,sh.600187,7.74,7.83,7.69,7.74,2810219,21755748.0
2012-10-31,sh.600187,7.74,7.81,7.63,7.73,3315814,25520486.0
2012-11-01,sh.600187,7.75,7.99,7.74,7.94,6837294,54087886.0
2012-11-02,sh.600187,7.92,7.97,7.86,7.95,3830290,30342178.0
2012-11-05,sh.600187,7.92,8.02,7.87,7.95,4754133,37744298.0
2012-11-06,sh.600187,7.96,7.99,7.72,7.88,5275263,41227527.0
2012-11-07,sh.600187,7.92,8.16,7.85,8.06,10821050,86946838.0
2012-11-08,sh.600187,8.04,8.23,7.89,7.92,11282700,91274409.0
2012-11-09,sh.600187,7.94,8.28,7.91,8.15,14487014,117955132.0
2012-11-12,sh.600187,8.25,8.45,8.16,8.38,14519217,120809288.0
2012-11-13,sh.600187,8.3,8.42,8.05,8.13,11236181,92358322.0
2012-11-14,sh.600187,8.08,8.12,7.8,7.96,9252852,73397961.0
2012-11-15,sh.600187,7.96,7.99,7.73,7.75,5558087,43670615.0
2012-11-16,sh.600187,7.7,7.89,7.7,7.77,3625012,28253078.0
2012-11-19,sh.600187,7.77,7.93,7.76,7.85,3598010,28196541.0
2012-11-20,sh.600187,7.89,8.09,7.85,7.87,5249993,41797295.0
2012-11-21,sh.600187,7.82,7.92,7.71,7.89,4620772,36130199.0
2012-11-22,sh.600187,7.87,8.05,7.86,8.0,5049611,40194461.0
2012-11-23,sh.600187,8.0,8.07,7.93,7.95,4050450,32372434.0
2012-11-26,sh.600187,7.95,7.96,7.72,7.72,4193922,32668136.0
2012-11-27,sh.600187,7.72,7.72,6.95,6.98,10150825,73305557.0
2012-11-28,sh.600187,6.9,6.9,6.33,6.54,7347204,47956229.0
2012-11-29,sh.600187,6.45,6.61,6.33,6.36,4471925,28994652.0
2012-11-30,sh.600187,6.37,6.66,6.37,6.62,5681934,37396820.0
2012-12-03,sh.600187,6.64,6.66,6.42,6.57,3044416,19992139.0
2012-12-04,sh.600187,6.66,6.9,6.51,6.83,4723785,31456878.0
2012-12-05,sh.600187,6.77,7.09,6.72,7.01,6606875,45887522.0
2012-12-06,sh.600187,7.0,7.05,6.85,6.9,4249775,29477568.0
2012-12-07,sh.600187,6.83,7.07,6.83,7.03,4802667,33446673.0
2012-12-10,sh.600187,7.03,7.14,6.96,7.11,6605929,46628221.0
2012-12-11,sh.600187,7.08,7.11,6.96,7.05,5675568,39894919.0
2012-12-12,sh.600187,7.02,7.09,6.93,7.09,4890998,34376460.0
2012-12-13,sh.600187,7.07,7.14,6.97,7.01,5144475,36349548.0
2012-12-14,sh.600187,7.01,7.28,6.98,7.22,8149228,58398002.0
2012-12-17,sh.600187,7.37,7.62,7.35,7.51,13586108,101790439.0
2012-12-18,sh.600187,7.43,7.69,7.42,7.6,8534329,64764173.0
2012-12-19,sh.600187,7.6,7.77,7.57,7.7,6553503,50403775.0
2012-12-20,sh.600187,7.69,7.76,7.63,7.75,5013157,38624352.0
2012-12-21,sh.600187,7.75,7.96,7.75,7.87,10368657,81589967.0
2012-12-24,sh.600187,7.82,7.98,7.74,7.86,5058974,39700908.0
2012-12-25,sh.600187,7.84,8.05,7.84,8.01,8704646,69520929.0
2012-12-26,sh.600187,7.98,8.2,7.95,8.15,8424445,68392160.0
2012-12-27,sh.600187,8.18,8.35,8.05,8.13,9258308,76124806.0
2012-12-28,sh.600187,8.08,8.23,7.96,8.06,6447535,52065146.0
2012-12-31,sh.600187,8.06,8.26,8.04,8.09,6294785,51291877.0
2013-01-04,sh.600187,8.1,8.2,7.9,7.91,5318118,42548587.0
2013-01-07,sh.600187,7.91,8.15,7.85,8.09,6599773,53242562.0
2013-01-08,sh.600187,8.12,8.2,7.96,8.01,7099303,57287952.0
2013-01-09,sh.600187,8.01,8.08,7.93,7.99,5252137,41989227.0
2013-01-10,sh.600187,7.98,8.1,7.96,8.03,3358052,26984664.0
2013-01-11,sh.600187,8.1,8.32,8.08,8.16,11679263,95785691.0
2013-01-14,sh.600187,8.15,8.57,8.14,8.45,17046677,142453266.0
2013-01-15,sh.600187,8.36,8.92,8.26,8.63,22819634,196936319.0
2013-01-16,sh.600187,8.51,8.53,8.25,8.4,11611499,97507831.0
2013-01-17,sh.600187,8.4,8.4,8.2,8.27,5420175,44779244.0
2013-01-18,sh.600187,8.25,8.39,8.24,8.29,6537240,54410179.0
2013-01-21,sh.600187,8.35,8.47,8.27,8.45,7113245,59395873.0
2013-01-22,sh.600187,8.46,8.81,8.4,8.53,19237513,165845175.0
2013-01-23,sh.600187,8.59,8.65,8.43,8.48,5768129,49143885.0
2013-01-24,sh.600187,8.51,8.67,8.16,8.2,8527932,71607200.0
2013-01-25,sh.600187,8.2,8.51,8.2,8.45,6497398,54425033.0
2013-01-28,sh.600187,8.48,8.66,8.42,8.62,8582630,73700301.0
2013-01-29,sh.600187,8.62,8.87,8.54,8.59,8066095,70227591.0
2013-01-30,sh.600187,8.61,8.76,8.56,8.64,5769508,49830265.0
2013-01-31,sh.600187,8.64,8.75,8.59,8.64,4541810,39370332.0
2013-02-01,sh.600187,8.63,8.74,8.51,8.67,5027273,43401370.0
2013-02-04,sh.600187,8.68,9.37,8.64,9.07,15869390,142953230.0
2013-02-05,sh.600187,8.95,9.15,8.93,9.07,6996211,63076616.0
2013-02-06,sh.600187,9.07,9.12,8.92,8.96,7223254,65121375.0
2013-02-07,sh.600187,8.91,9.33,8.91,9.26,6572881,60200075.0
2013-02-08,sh.600187,9.25,9.69,9.15,9.59,8021530,76493402.0
2013-02-18,sh.600187,9.61,9.99,9.5,9.62,11503992,111530520.0
2013-02-19,sh.600187,9.64,9.7,9.45,9.56,6426360,61314043.0
2013-02-20,sh.600187,9.53,10.18,9.53,10.1,16338244,163264435.0
2013-02-21,sh.600187,10.16,10.42,9.92,10.12,16314669,166231632.0
2013-02-22,sh.600187,10.12,10.53,10.1,10.33,10384992,107095040.0
2013-02-25,sh.600187,10.4,11.08,10.4,11.05,14335781,155487588.0
2013-02-26,sh.600187,11.06,11.14,10.65,10.79,12989426,141199240.0
2013-02-27,sh.600187,10.73,10.85,10.05,10.43,13670821,142619742.0
2013-02-28,sh.600187,10.38,10.92,10.31,10.88,10002142,107141756.0
2013-03-01,sh.600187,10.85,11.39,10.79,11.29,12012517,134306356.0
2013-03-04,sh.600187,11.22,11.85,10.92,11.11,22518043,257935704.0
2013-03-05,sh.600187,11.0,11.53,10.92,11.3,14704780,166492836.0
2013-03-06,sh.600187,11.2,11.38,11.08,11.26,8784428,98634343.0
2013-03-07,sh.600187,11.23,11.24,10.6,10.67,12543279,136383207.0
2013-03-08,sh.600187,10.66,11.11,10.66,10.95,7474271,81935509.0
2013-03-11,sh.600187,11.0,11.21,10.96,10.99,5649113,62609436.0
2013-03-12,sh.600187,11.09,11.19,10.58,10.68,6055723,65299278.0
2013-03-13,sh.600187,10.68,10.68,9.85,10.01,9919970,100986435.0
2013-03-14,sh.600187,10.01,10.15,9.81,9.85,8731044,86725591.0
2013-03-15,sh.600187,9.86,10.63,9.86,10.35,9415011,96451317.0
2013-03-18,sh.600187,10.36,10.58,10.1,10.24,5967507,61908988.0
2013-03-19,sh.600187,10.1,10.44,10.1,10.41,3736481,38546880.0
2013-03-20,sh.600187,10.36,10.64,10.28,10.52,5972211,62650792.0
2013-03-21,sh.600187,10.53,11.03,10.49,10.84,8359860,90593880.0
2013-03-22,sh.600187,10.84,10.86,10.44,10.59,7492711,79545152.0
2013-03-25,sh.600187,10.58,10.64,10.25,10.34,8425851,87587440.0
2013-03-26,sh.600187,10.21,10.35,9.88,10.24,8764277,88016040.0
2013-03-27,sh.600187,10.23,10.3,10.05,10.13,4099895,41559716.0
2013-03-28,sh.600187,9.94,10.18,9.92,10.03,3843044,38674052.0
2013-03-29,sh.600187,10.17,10.17,9.98,10.04,2583372,25916136.0
2013-04-01,sh.600187,10.06,10.34,10.0,10.23,3290424,33573452.0
2013-04-02,sh.600187,10.2,10.5,10.2,10.29,4368921,45375384.0
2013-04-03,sh.600187,10.32,10.35,9.88,10.16,4238623,42483424.0
2013-04-08,sh.600187,10.02,10.14,9.8,10.07,3889228,38910008.0
2013-04-09,sh.600187,10.07,10.2,10.07,10.15,2129043,21604834.0
2013-04-10,sh.600187,10.14,10.14,9.97,10.04,2433657,24382456.0
2013-04-11,sh.600187,10.09,10.12,10.0,10.02,1459729,14676367.0
2013-04-12,sh.600187,10.02,10.08,9.88,9.9,3063681,30445912.0
2013-04-15,sh.600187,9.91,10.06,9.81,10.0,2517480,25007376.0
2013-04-16,sh.600187,9.83,10.0,9.83,10.0,2217674,21936848.0
2013-04-17,sh.600187,10.07,10.34,9.98,10.31,5033594,51366908.0
2013-04-18,sh.600187,10.21,10.4,10.05,10.28,5588238,57103632.0
2013-04-19,sh.600187,10.28,10.56,10.27,10.4,8402252,87612632.0
2013-04-22,sh.600187,10.3,10.61,10.27,10.56,5256825,55191456.0
2013-04-23,sh.600187,10.57,10.67,10.12,10.16,4739348,48949384.0
2013-04-24,sh.600187,10.24,10.52,10.24,10.4,3295752,34346660.0
2013-04-25,sh.600187,10.31,10.52,10.25,10.28,3507360,36354888.0
2013-04-26,sh.600187,10.28,10.43,9.85,9.88,4509746,45315264.0
2013-05-02,sh.600187,9.9,10.19,9.9,10.05,2113284,21248496.0
2013-05-03,sh.600187,10.09,10.34,10.05,10.21,2991375,30593032.0
2013-05-06,sh.600187,10.28,10.28,10.13,10.21,5742719,58443148.0
2013-05-07,sh.600187,10.21,11.02,10.18,10.8,19447958,206915056.0
2013-05-08,sh.600187,10.8,10.86,10.63,10.85,8195435,88158664.0
2013-05-09,sh.600187,10.85,11.27,10.75,10.93,8623300,95050176.0
2013-05-10,sh.600187,10.95,11.2,10.8,11.14,8636348,95272744.0
2013-05-13,sh.600187,11.18,11.3,11.0,11.06,6376761,70730632.0
2013-05-14,sh.600187,11.0,11.0,10.65,10.76,6539608,70546888.0
2013-05-15,sh.600187,10.76,11.3,10.71,11.2,6291507,69617408.0
2013-05-16,sh.600187,11.2,11.47,11.06,11.19,8192773,92110264.0
2013-05-17,sh.600187,11.09,11.23,10.98,11.1,5235001,58099412.0
2013-05-20,sh.600187,11.08,11.27,10.96,10.98,7524482,83440600.0
2013-05-21,sh.600187,10.93,11.44,10.83,11.37,11898428,133038792.0
2013-05-22,sh.600187,11.4,11.4,10.93,11.01,11958719,132550416.0
2013-05-23,sh.600187,10.9,11.11,10.81,10.95,7150473,78500272.0
2013-05-24,sh.600187,10.86,11.27,10.86,11.2,7012228,78192240.0
2013-05-27,sh.600187,11.27,11.7,11.18,11.64,13804195,159187392.0
2013-05-28,sh.600187,11.69,11.76,11.33,11.6,8356595,96590496.0
2013-05-29,sh.600187,11.55,11.75,11.5,11.65,5920480,69130736.0
2013-05-30,sh.600187,11.66,12.06,11.46,12.04,11903514,141699488.0
2013-05-31,sh.600187,12.05,12.2,11.88,11.94,8805572,105938400.0
2013-06-03,sh.600187,11.98,11.98,11.59,11.81,8683209,102348008.0
2013-06-04,sh.600187,11.75,12.38,11.75,12.11,14312474,173857344.0
2013-06-05,sh.600187,12.05,12.85,12.02,12.81,17471476,220162672.0
2013-06-06,sh.600187,12.8,12.95,12.53,12.55,10687977,136011072.0
2013-06-07,sh.600187,12.53,12.75,11.8,11.98,17094290,207827760.0
2013-06-13,sh.600187,11.85,11.85,10.85,11.14,12846875,144226560.0
2013-06-14,sh.600187,11.3,11.48,11.25,11.34,5483124,62359164.0
2013-06-17,sh.600187,11.28,11.8,11.28,11.73,6592646,76090928.0
2013-06-18,sh.600187,11.74,12.9,11.59,12.69,19899686,249022096.0
2013-06-19,sh.600187,12.55,13.05,12.36,12.85,11384255,145398416.0
2013-06-20,sh.600187,12.75,13.28,12.58,12.6,10272659,133082696.0
2013-06-21,sh.600187,12.27,13.15,12.06,12.99,10018024,127674032.0
2013-06-24,sh.600187,13.1,13.14,12.01,12.06,12431259,155050576.0
2013-06-25,sh.600187,11.88,12.58,11.0,12.06,15539171,183792064.0
2013-06-26,sh.600187,12.08,12.51,11.58,12.5,13563978,164085248.0
2013-06-27,sh.600187,12.5,13.1,12.16,12.44,16329584,207375008.0
2013-06-28,sh.600187,12.25,12.94,11.91,12.9,11070635,139212064.0
2013-07-01,sh.600187,12.91,13.07,12.73,13.01,11967996,154862384.0
2013-07-02,sh.600187,13.01,13.98,12.85,13.7,17854507,239399968.0
2013-07-03,sh.600187,13.54,13.95,13.4,13.88,13235247,181104288.0
2013-07-04,sh.600187,13.85,14.46,13.63,14.12,12771260,179654384.0
2013-07-05,sh.600187,14.1,14.39,13.51,13.65,13831767,192101792.0
2013-07-08,sh.600187,13.4,13.52,12.84,13.13,10167062,134057128.0
2013-07-09,sh.600187,13.95,14.0,12.69,12.85,41254119,551658560.0
2013-07-10,sh.600187,12.5,13.5,12.4,13.44,24231491,315169728.0
2013-07-11,sh.600187,13.27,13.85,13.01,13.48,28493553,383235136.0
2013-07-12,sh.600187,13.36,13.63,13.21,13.37,19178818,257654784.0
2013-07-15,sh.600187,13.3,13.73,13.25,13.64,19905253,269099968.0
2013-07-16,sh.600187,13.65,14.21,13.54,13.98,24699219,343439328.0
2013-07-17,sh.600187,13.98,14.16,13.35,13.4,22536653,308768704.0
2013-07-18,sh.600187,13.26,13.57,13.18,13.39,10551564,141024256.0
2013-07-19,sh.600187,13.39,13.46,12.8,13.06,15519050,203372368.0
2013-07-22,sh.600187,12.84,13.24,12.81,13.23,9054354,118382072.0
2013-07-23,sh.600187,13.2,13.5,13.1,13.44,12014544,159922608.0
2013-07-24,sh.600187,13.34,13.98,13.3,13.85,18661070,255058448.0
2013-07-25,sh.600187,13.93,14.08,13.36,13.43,21556157,295764448.0
2013-07-26,sh.600187,13.45,13.97,13.2,13.94,21080115,288986560.0
2013-07-29,sh.600187,13.9,14.09,13.7,13.7,12463169,172479920.0
2013-07-30,sh.600187,13.65,13.94,13.22,13.92,14029125,191958528.0
2013-07-31,sh.600187,13.94,14.15,13.71,13.9,12826223,178756448.0
2013-08-01,sh.600187,13.9,14.28,13.84,14.18,18501168,260543680.0
2013-08-02,sh.600187,14.1,14.2,13.76,13.89,16997209,238085280.0
2013-08-05,sh.600187,13.77,13.89,13.63,13.75,12242478,168094672.0
2013-08-06,sh.600187,13.8,14.1,13.61,13.94,13830208,191285328.0
2013-08-07,sh.600187,13.8,13.93,13.57,13.69,11340496,155714272.0
2013-08-08,sh.600187,13.7,13.85,13.61,13.7,6651001,91277904.0
2013-08-09,sh.600187,13.72,14.34,13.71,14.31,28235173,398403264.0
2013-08-12,sh.600187,14.56,15.05,14.35,14.48,30951064,451637408.0
2013-08-13,sh.600187,14.59,14.88,13.7,13.78,56583498,796392896.0
2013-08-14,sh.600187,13.8,13.89,13.28,13.51,36132171,487482496.0
2013-08-15,sh.600187,13.45,13.64,12.98,13.17,37579327,495619584.0
2013-08-16,sh.600187,13.11,13.3,12.99,13.04,17945802,235824704.0
2013-08-19,sh.600187,13.15,13.56,13.06,13.4,22143161,294829472.0
2013-08-20,sh.600187,13.42,13.69,13.2,13.3,21237766,284453696.0
2013-08-21,sh.600187,13.32,13.38,13.17,13.23,7927077,105018376.0
2013-08-22,sh.600187,13.27,13.55,13.17,13.33,17674881,236133280.0
2013-08-23,sh.600187,13.35,13.75,13.29,13.55,25716685,347237760.0
2013-08-26,sh.600187,13.6,13.85,13.37,13.7,30385710,414385152.0
2013-08-27,sh.600187,13.6,13.88,13.53,13.76,19359554,264757552.0
2013-08-28,sh.600187,13.64,13.7,13.44,13.55,14460828,196153408.0
2013-08-29,sh.600187,14.5,14.5,12.2,12.31,104562098,1338706048.0
2013-08-30,sh.600187,12.0,12.02,11.08,11.39,51004949,584481024.0
2013-09-02,sh.600187,11.37,11.52,10.9,11.44,23651674,267043760.0
2013-09-03,sh.600187,11.47,11.61,11.32,11.53,13887159,159691008.0
2013-09-04,sh.600187,11.55,11.62,11.11,11.2,22195910,250755680.0
2013-09-05,sh.600187,11.23,11.36,11.08,11.31,14111222,159413040.0
2013-09-06,sh.600187,11.31,11.39,11.17,11.28,13176510,148697904.0
2013-09-09,sh.600187,11.26,11.35,11.14,11.25,14459085,162946896.0
2013-09-10,sh.600187,11.28,11.58,11.25,11.44,15547588,177745808.0
2013-09-11,sh.600187,11.43,11.54,11.3,11.46,13628086,155682552.0
2013-09-12,sh.600187,11.43,11.55,11.37,11.49,13051790,149717517.0
2013-09-13,sh.600187,11.48,11.6,11.4,11.57,11543286,132980373.0
2013-09-16,sh.600187,11.53,11.95,11.49,11.76,24270966,285836320.0
2013-09-17,sh.600187,11.78,12.09,11.78,11.86,18523866,221548894.0
2013-09-18,sh.600187,11.85,11.89,11.55,11.72,11283922,131956807.0
2013-09-23,sh.600187,11.72,11.9,11.69,11.81,11669756,137609354.0
2013-09-24,sh.600187,11.82,11.86,11.61,11.63,10863563,127253721.0
2013-09-25,sh.600187,11.63,11.71,11.25,11.27,16168472,184553743.0
2013-09-26,sh.600187,11.46,12.13,11.46,11.87,25036987,295962736.0
2013-09-27,sh.600187,11.95,12.1,11.7,11.84,11369543,134715613.0
2013-09-30,sh.600187,11.83,12.04,11.72,11.87,9839923,116990815.0
2013-10-08,sh.600187,11.88,12.24,11.87,12.05,24945681,302251552.0
2013-10-09,sh.600187,4.89,5.12,4.82,5.03,29705954,148617074.0
2013-10-10,sh.600187,4.84,4.93,4.78,4.81,44039589,212839797.0
2013-10-11,sh.600187,4.83,4.86,4.72,4.79,27478793,131417449.0
2013-10-14,sh.600187,4.8,5.05,4.75,4.99,50456387,248320709.0
2013-10-15,sh.600187,4.94,5.18,4.9,5.17,63238751,322395040.0
2013-10-16,sh.600187,5.18,5.24,5.06,5.17,45693380,235200787.0
2013-10-17,sh.600187,5.29,5.68,5.22,5.49,105292909,577586992.0
2013-10-18,sh.600187,5.4,5.45,5.24,5.37,51467838,274763920.0
2013-10-21,sh.600187,5.37,5.63,5.26,5.47,63914944,351086512.0
2013-10-22,sh.600187,5.44,5.7,5.35,5.48,55827441,309154672.0
2013-10-23,sh.600187,5.5,5.66,5.31,5.41,45401822,248663574.0
2013-10-24,sh.600187,5.39,5.39,5.23,5.25,31265381,165297146.0
2013-10-25,sh.600187,5.24,5.31,5.15,5.2,22887838,119434651.0
2013-10-28,sh.600187,5.21,5.25,5.12,5.24,17415376,90440000.0
2013-10-29,sh.600187,5.25,5.29,4.72,5.02,36489352,182126609.0
2013-10-30,sh.600187,4.98,5.05,4.87,5.01,19025769,94436860.0
2013-10-31,sh.600187,5.01,5.01,4.9,4.96,13095751,64740019.0
2013-11-01,sh.600187,4.92,4.96,4.79,4.9,15753041,76641937.0
2013-11-04,sh.600187,4.91,5.05,4.91,4.95,15403234,76539139.0
2013-11-05,sh.600187,4.95,5.09,4.91,5.07,22269561,112108077.0
2013-11-06,sh.600187,5.09,5.15,4.99,4.99,16238192,82412982.0
2013-11-07,sh.600187,4.99,5.03,4.86,4.87,17142017,84634244.0
2013-11-08,sh.600187,4.88,4.95,4.8,4.89,10388670,50598072.0
2013-11-11,sh.600187,4.93,4.99,4.88,4.95,11847162,58414225.0
2013-11-12,sh.600187,4.96,4.97,4.85,4.9,13315538,65239347.0
2013-11-13,sh.600187,4.9,4.91,4.75,4.76,11798705,57217484.0
2013-11-14,sh.600187,4.8,4.8,4.61,4.7,16786656,78813354.0
2013-11-15,sh.600187,4.7,4.93,4.68,4.84,18311707,88166468.0
2013-11-18,sh.600187,4.89,4.92,4.83,4.92,16408141,80057315.0
2013-11-19,sh.600187,4.94,5.1,4.94,5.04,24740982,124381673.0
2013-11-20,sh.600187,5.04,5.08,4.95,5.03,15500004,77432479.0
2013-11-21,sh.600187,5.0,5.0,4.9,4.96,14352608,70969240.0
2013-11-22,sh.600187,4.96,4.98,4.89,4.9,14029017,69089478.0
2013-11-25,sh.600187,4.91,4.92,4.82,4.84,13036506,63349913.0
2013-11-26,sh.600187,4.84,4.85,4.77,4.82,9947486,47865254.0
2013-11-27,sh.600187,4.83,4.95,4.81,4.9,13989642,68465793.0
2013-11-28,sh.600187,4.91,5.12,4.85,5.06,36663457,183460981.0
2013-11-29,sh.600187,5.06,5.29,5.05,5.29,57540979,301158784.0
2013-12-02,sh.600187,5.2,5.3,5.01,5.11,37675964,194043871.0
2013-12-03,sh.600187,5.18,5.36,5.16,5.26,37589937,198451736.0
2013-12-04,sh.600187,5.26,5.37,5.21,5.23,33161384,174954168.0
2013-12-05,sh.600187,5.23,5.23,5.09,5.15,27310113,140635233.0
2013-12-06,sh.600187,5.15,5.2,5.11,5.19,12344398,63719161.0
2013-12-09,sh.600187,5.2,5.24,5.15,5.18,10369947,53693329.0
2013-12-10,sh.600187,5.18,5.2,5.13,5.17,9383149,48397321.0
2013-12-11,sh.600187,5.22,5.26,5.13,5.18,13636725,70701609.0
2013-12-12,sh.600187,5.18,5.2,5.12,5.12,9547539,49175979.0
2013-12-13,sh.600187,5.09,5.14,5.01,5.06,20043515,101313511.0
2013-12-16,sh.600187,5.03,5.05,4.89,4.89,20307686,100419254.0
2013-12-17,sh.600187,4.91,4.93,4.85,4.89,12703945,61917701.0
2013-12-18,sh.600187,4.88,5.08,4.87,5.03,15108297,75069937.0
2013-12-19,sh.600187,5.04,5.06,4.91,4.93,9529511,47574601.0
2013-12-20,sh.600187,4.93,4.97,4.86,4.89,8200807,40086656.0
2013-12-23,sh.600187,4.87,4.92,4.73,4.84,9108206,43881581.0
2013-12-24,sh.600187,4.84,4.94,4.81,4.87,6144552,30019771.0
2013-12-25,sh.600187,4.86,4.92,4.83,4.89,6486422,31604459.0
2013-12-26,sh.600187,4.9,4.91,4.83,4.85,8992966,43745819.0
2013-12-27,sh.600187,4.86,4.91,4.84,4.87,7844315,38220504.0
2013-12-30,sh.600187,4.89,5.02,4.88,4.96,13762234,68419488.0
2013-12-31,sh.600187,4.94,4.96,4.88,4.94,8065835,39684048.0
2014-01-02,sh.600187,4.93,4.97,4.89,4.95,9629678,47528441.0
2014-01-03,sh.600187,4.97,4.99,4.89,4.97,12400251,61068677.0
2014-01-06,sh.600187,4.95,5.2,4.92,5.07,39464177,201085970.0
2014-01-07,sh.600187,5.06,5.12,5.02,5.06,16225320,82169630.0
2014-01-08,sh.600187,5.07,5.11,4.96,5.0,17648841,88363514.0
2014-01-09,sh.600187,5.0,5.12,4.96,5.04,17787757,90047745.0
2014-01-10,sh.600187,5.01,5.09,4.96,5.01,10498679,52753343.0
2014-01-13,sh.600187,5.01,5.05,4.88,4.95,11617702,57330909.0
2014-01-14,sh.600187,4.95,4.97,4.86,4.96,8210912,40367471.0
2014-01-15,sh.600187,4.98,4.98,4.9,4.95,7308346,36051246.0
2014-01-16,sh.600187,4.99,5.01,4.92,4.95,11787257,58497567.0
2014-01-17,sh.600187,4.96,5.11,4.91,5.08,22620651,113094266.0
2014-01-20,sh.600187,5.15,5.27,5.11,5.2,36461367,189156776.0
2014-01-21,sh.600187,5.27,5.28,5.08,5.09,46695853,241518354.0
2014-01-22,sh.600187,5.06,5.26,5.05,5.25,42621399,220861637.0
2014-01-23,sh.600187,5.21,5.57,5.2,5.51,70815412,384797360.0
2014-01-24,sh.600187,5.49,5.6,5.43,5.5,41975290,231714493.0
2014-01-27,sh.600187,5.5,5.55,5.39,5.43,30805709,168383844.0
2014-01-28,sh.600187,5.44,5.68,5.41,5.67,48350273,269460240.0
2014-01-29,sh.600187,5.63,6.17,5.63,5.95,51812232,307374784.0
2014-01-30,sh.600187,5.99,6.02,5.85,5.96,23845967,142050779.0
2014-02-07,sh.600187,5.97,6.17,5.85,6.11,28892478,175082439.0
2014-02-10,sh.600187,6.13,6.24,6.01,6.09,47680584,292349792.0
2014-02-11,sh.600187,6.09,6.45,6.05,6.33,51374782,322746016.0
2014-02-12,sh.600187,6.4,6.65,6.16,6.29,58760947,375154688.0
2014-02-13,sh.600187,6.29,6.29,6.05,6.06,47015068,288173232.0
2014-02-14,sh.600187,6.06,6.26,6.05,6.18,29073882,179147664.0
2014-02-17,sh.600187,6.19,6.33,6.19,6.25,25104264,157353117.0
2014-02-18,sh.600187,6.23,6.23,6.11,6.16,25078794,154369918.0
2014-02-19,sh.600187,6.19,6.33,6.12,6.17,23163398,144010131.0
2014-02-20,sh.600187,6.17,6.2,5.92,5.97,29524459,178376170.0
2014-02-21,sh.600187,5.96,6.14,5.9,6.0,22594861,135482001.0
2014-02-24,sh.600187,6.01,6.06,5.88,6.05,18211621,108739997.0
2014-02-25,sh.600187,6.06,6.14,5.75,5.82,31623545,188893272.0
2014-02-26,sh.600187,5.72,5.89,5.65,5.83,14135142,81821523.0
2014-02-27,sh.600187,5.84,5.9,5.69,5.7,20451513,118193159.0
2014-02-28,sh.600187,5.76,5.76,5.49,5.73,19711722,110612303.0
2014-03-03,sh.600187,5.71,6.15,5.64,6.09,21908861,129953460.0
2014-03-04,sh.600187,6.1,6.19,5.93,6.08,18275509,110861662.0
2014-03-05,sh.600187,6.15,6.17,5.96,5.98,15867078,95480544.0
2014-03-06,sh.600187,5.97,6.02,5.9,5.96,11121713,66200160.0
2014-03-07,sh.600187,5.96,6.0,5.71,5.76,18457603,107724284.0
2014-03-10,sh.600187,5.74,5.74,5.51,5.54,22100343,123713815.0
2014-03-11,sh.600187,5.53,5.6,5.49,5.59,9863496,54756913.0
2014-03-12,sh.600187,5.58,5.68,5.5,5.58,8874613,49503158.0
2014-03-13,sh.600187,5.58,5.65,5.53,5.59,8142446,45625854.0
2014-03-14,sh.600187,5.62,5.72,5.57,5.66,9482887,53607995.0
2014-03-17,sh.600187,5.75,5.8,5.66,5.73,10688758,61272233.0
2014-03-18,sh.600187,5.73,5.79,5.68,5.72,9009145,51613958.0
2014-03-19,sh.600187,5.7,5.7,5.49,5.59,15592678,86742658.0
2014-03-20,sh.600187,5.59,5.62,5.43,5.45,12936143,71549390.0
2014-03-21,sh.600187,5.44,5.56,5.25,5.54,16705588,89913515.0
2014-03-24,sh.600187,5.55,5.57,5.41,5.48,12018905,65772404.0
2014-03-25,sh.600187,5.45,5.49,5.39,5.4,12276524,66539785.0
2014-03-26,sh.600187,5.43,5.44,5.3,5.39,10179720,54478958.0
2014-03-27,sh.600187,5.37,5.37,5.26,5.29,10383165,55006667.0
2014-03-28,sh.600187,5.26,5.35,5.22,5.22,9897930,52361241.0
2014-03-31,sh.600187,5.2,5.27,5.03,5.07,12531186,64378573.0
2014-04-01,sh.600187,5.1,5.18,5.03,5.16,12686644,64850375.0
2014-04-02,sh.600187,5.15,5.18,5.07,5.1,8527934,43676078.0
2014-04-03,sh.600187,5.11,5.17,5.09,5.15,7189342,36898571.0
2014-04-04,sh.600187,5.16,5.21,5.12,5.21,7285364,37646942.0
2014-04-08,sh.600187,5.19,5.27,5.17,5.25,8176788,42853059.0
2014-04-09,sh.600187,5.29,5.31,5.2,5.27,8154685,42794223.0
2014-04-10,sh.600187,5.26,5.32,5.23,5.29,10367228,54767085.0
2014-04-11,sh.600187,5.27,5.29,5.19,5.22,10322614,53924303.0
2014-04-14,sh.600187,5.28,5.41,5.28,5.38,22506215,120402477.0
2014-04-15,sh.600187,5.35,5.36,5.23,5.28,12967423,68710328.0
2014-04-16,sh.600187,5.25,5.29,5.19,5.22,10357071,54154848.0
2014-04-17,sh.600187,5.24,5.27,5.13,5.26,13973950,72460793.0
2014-04-18,sh.600187,5.26,5.26,5.18,5.21,7565269,39379070.0
2014-04-21,sh.600187,5.2,5.2,5.07,5.09,10961353,56226195.0
2014-04-22,sh.600187,5.06,5.12,4.99,5.03,12329864,61931554.0
2014-04-23,sh.600187,5.03,5.04,4.95,5.01,7927515,39542119.0
2014-04-24,sh.600187,5.0,5.22,5.0,5.15,16064315,82502889.0
2014-04-25,sh.600187,5.1,5.17,4.99,5.02,8411153,42584939.0
2014-04-28,sh.600187,5.01,5.01,4.72,4.73,17189003,82786155.0
2014-04-29,sh.600187,4.73,4.8,4.72,4.79,8302509,39472292.0
2014-04-30,sh.600187,4.81,4.91,4.75,4.86,7700735,37274790.0
2014-05-05,sh.600187,4.87,4.91,4.81,4.89,4842658,23547023.0
2014-05-06,sh.600187,4.89,5.07,4.84,4.96,9496714,47472695.0
2014-05-07,sh.600187,4.95,5.03,4.87,4.87,6655807,32783153.0
2014-05-08,sh.600187,4.86,4.96,4.8,4.88,6935704,33909344.0
2014-05-09,sh.600187,4.88,4.95,4.82,4.87,5392652,26324932.0
2014-05-12,sh.600187,4.95,5.0,4.92,4.99,8059638,40110876.0
2014-05-13,sh.600187,4.97,5.05,4.94,4.97,8123494,40598059.0
2014-05-14,sh.600187,4.99,5.01,4.94,4.97,3452618,17143249.0
2014-05-15,sh.600187,4.97,5.0,4.78,4.81,9674996,47039722.0
2014-05-16,sh.600187,4.8,4.85,4.72,4.8,6492580,31031773.0
2014-05-19,sh.600187,4.79,4.79,4.7,4.77,7791777,36924150.0
2014-05-20,sh.600187,4.75,4.84,4.7,4.75,6646359,31763110.0
2014-05-21,sh.600187,4.77,4.82,4.72,4.81,5146633,24664773.0
2014-05-22,sh.600187,4.85,4.9,4.8,4.81,7359322,35737990.0
2014-05-23,sh.600187,4.81,4.86,4.78,4.81,6595330,31679185.0
2014-05-26,sh.600187,4.81,4.84,4.8,4.82,5432824,26190242.0
2014-05-27,sh.600187,4.85,4.88,4.78,4.79,6324700,30433635.0
2014-05-28,sh.600187,4.76,4.82,4.72,4.82,7882131,37659647.0
2014-05-29,sh.600187,4.78,4.82,4.75,4.76,4657889,22271408.0
2014-05-30,sh.600187,4.77,4.79,4.71,4.73,5845549,27681921.0
2014-06-03,sh.600187,4.73,4.76,4.59,4.6,21816856,101372014.0
2014-06-04,sh.600187,4.6,4.61,4.49,4.5,13103336,59186319.0
2014-06-05,sh.600187,4.5,4.57,4.5,4.55,8549417,38842965.0
2014-06-06,sh.600187,4.58,4.6,4.5,4.53,7537014,34164008.0
2014-06-09,sh.600187,4.53,4.53,4.38,4.39,12115552,53623614.0
2014-06-10,sh.600187,4.39,4.47,4.37,4.47,9128181,40302187.0
2014-06-11,sh.600187,4.49,4.92,4.47,4.92,72927447,354807712.0
2014-06-12,sh.600187,4.93,5.04,4.75,4.8,94574148,463346944.0
2014-06-13,sh.600187,4.77,4.85,4.68,4.79,38128897,181267814.0
2014-06-16,sh.600187,4.75,4.79,4.7,4.75,21762263,103287093.0
2014-06-17,sh.600187,4.72,4.92,4.72,4.83,31571701,152197296.0
2014-06-18,sh.600187,4.8,4.8,4.53,4.58,47084216,218442268.0
2014-06-19,sh.600187,4.57,4.6,4.45,4.49,19280503,87292250.0
2014-06-20,sh.600187,4.5,4.6,4.4,4.45,33630809,150275469.0
2014-06-23,sh.600187,4.45,4.45,4.37,4.39,31620053,139175220.0
2014-06-24,sh.600187,4.4,4.44,4.32,4.38,45203581,197784136.0
2014-06-25,sh.600187,4.38,4.43,4.35,4.42,21167825,93003643.0
2014-06-26,sh.600187,4.41,4.45,4.39,4.43,24652694,109023196.0
2014-06-27,sh.600187,4.42,4.47,4.39,4.45,25517486,113080272.0
2014-06-30,sh.600187,4.46,4.63,4.45,4.58,33043823,150718555.0
2014-07-01,sh.600187,4.58,4.59,4.49,4.52,30451748,137743380.0
2014-07-02,sh.600187,4.52,4.55,4.48,4.54,19765479,89394782.0
2014-07-03,sh.600187,4.54,4.59,4.51,4.56,17727642,80661029.0
2014-07-04,sh.600187,4.56,4.56,4.46,4.48,36052904,161641732.0
2014-07-07,sh.600187,4.48,4.48,4.37,4.39,44092419,194060386.0
2014-07-08,sh.600187,4.4,4.44,4.32,4.43,37447733,163529089.0
2014-07-09,sh.600187,4.41,4.41,4.35,4.35,28442465,124240099.0
2014-07-10,sh.600187,4.36,4.39,4.35,4.38,17415936,76030844.0
2014-07-11,sh.600187,4.35,4.59,4.28,4.52,56589250,253195553.0
2014-07-14,sh.600187,4.51,4.69,4.49,4.67,37327326,172738320.0
2014-07-28,sh.600187,5.03,5.14,4.85,4.92,118746007,592210400.0
2014-07-29,sh.600187,4.93,5.02,4.82,4.96,50646252,250406546.0
2014-07-30,sh.600187,4.98,4.98,4.86,4.92,31539121,155143026.0
2014-07-31,sh.600187,4.92,4.94,4.86,4.92,22504438,110263578.0
2014-08-01,sh.600187,4.93,5.15,4.91,5.01,57390016,289787264.0
2014-08-04,sh.600187,5.03,5.05,4.98,5.05,32042861,160892309.0
2014-08-05,sh.600187,5.05,5.12,5.02,5.1,31620407,160595676.0
2014-08-06,sh.600187,5.12,5.61,5.12,5.59,142369189,781396512.0
2014-08-07,sh.600187,5.61,5.78,5.5,5.59,88438243,500307232.0
2014-08-08,sh.600187,5.6,5.88,5.59,5.75,71557041,412484528.0
2014-08-11,sh.600187,5.78,5.87,5.63,5.85,58818460,340929488.0
2014-08-12,sh.600187,5.83,6.07,5.8,6.07,59786082,356383216.0
2014-08-13,sh.600187,6.07,6.19,5.86,6.01,59702090,357586304.0
2014-08-14,sh.600187,6.01,6.05,5.76,5.82,49398975,293266496.0
2014-08-15,sh.600187,5.82,5.99,5.77,5.98,37344674,220424398.0
2014-08-18,sh.600187,5.98,6.13,5.96,6.05,40264412,243702787.0
2014-08-19,sh.600187,6.09,6.12,5.91,6.04,30716431,185122817.0
2014-08-20,sh.600187,6.04,6.04,5.95,5.98,30597440,183068201.0
2014-08-21,sh.600187,6.04,6.43,6.03,6.19,51834327,322154064.0
2014-08-22,sh.600187,6.12,6.47,6.12,6.3,64969468,411718112.0
2014-08-25,sh.600187,6.33,6.37,6.18,6.23,39279450,245641436.0
2014-08-26,sh.600187,6.23,6.32,5.97,6.1,56143538,341301872.0
2014-08-27,sh.600187,6.09,6.1,5.97,6.03,25255656,152480475.0
2014-08-28,sh.600187,6.08,6.09,5.81,5.84,31618832,187857256.0
2014-08-29,sh.600187,5.85,6.07,5.85,6.04,26059411,156597436.0
2014-09-01,sh.600187,6.11,6.25,6.1,6.17,30179652,186380133.0
2014-09-02,sh.600187,6.18,6.25,6.12,6.2,35153954,217291953.0
2014-09-03,sh.600187,6.22,6.47,6.22,6.44,57204488,363247056.0
2014-09-04,sh.600187,6.45,6.71,6.41,6.58,74363100,487227744.0
2014-09-05,sh.600187,6.56,6.7,6.53,6.63,51255521,339356272.0
2014-09-09,sh.600187,6.63,6.66,6.44,6.53,38300990,250417925.0
2014-09-10,sh.600187,6.6,6.65,6.5,6.58,35354313,233376446.0
2014-09-11,sh.600187,6.58,6.6,6.42,6.52,44861270,292022176.0
2014-09-12,sh.600187,6.5,6.74,6.45,6.71,63006375,416749952.0
2014-09-15,sh.600187,6.73,6.95,6.71,6.8,45271185,308138368.0
2014-09-16,sh.600187,6.8,6.85,6.5,6.55,44324684,297813904.0
2014-09-17,sh.600187,6.56,6.74,6.53,6.72,31005411,206167084.0
2014-09-18,sh.600187,6.74,6.95,6.61,6.79,34675805,235608317.0
2014-09-19,sh.600187,6.79,6.86,6.73,6.76,23823681,161467236.0
2014-09-22,sh.600187,6.75,6.75,6.49,6.5,33305804,218419352.0
2014-09-23,sh.600187,6.59,6.64,6.45,6.53,34555268,225540353.0
2014-09-24,sh.600187,6.53,6.74,6.49,6.66,49927468,329961104.0
2014-09-25,sh.600187,6.7,6.7,6.5,6.57,56598024,372001792.0
2014-09-26,sh.600187,6.55,6.56,6.45,6.48,34283741,222244743.0
2014-09-29,sh.600187,6.48,6.57,6.45,6.52,26033277,169906255.0
2014-09-30,sh.600187,6.54,6.59,6.45,6.58,25633648,167238892.0
2014-10-08,sh.600187,6.61,6.83,6.54,6.77,51583397,347291520.0
2014-10-09,sh.600187,6.8,7.09,6.8,7.01,76789560,533077072.0
2014-10-10,sh.600187,7.03,7.05,6.89,6.92,46651278,325233344.0
2014-10-13,sh.600187,6.93,6.95,6.64,6.8,43691093,294178224.0
2014-10-14,sh.600187,6.77,6.87,6.71,6.76,24862544,168448921.0
2014-10-15,sh.600187,6.78,6.88,6.68,6.84,26954333,181796427.0
2014-10-16,sh.600187,6.78,6.82,6.63,6.65,26004365,175500452.0
2014-10-17,sh.600187,6.64,6.7,6.12,6.37,42339403,273149856.0
2014-10-20,sh.600187,6.52,6.72,6.44,6.69,34244665,226741121.0
2014-10-21,sh.600187,6.7,6.93,6.7,6.76,44716749,304638256.0
2014-10-22,sh.600187,6.8,6.92,6.65,6.68,32306623,219574117.0
2014-10-23,sh.600187,6.67,6.77,6.49,6.51,25920293,170156752.0
2014-10-24,sh.600187,6.51,6.63,6.4,6.6,17729709,116090189.0
2014-10-27,sh.600187,6.61,6.84,6.56,6.77,29189398,197340984.0
2014-10-28,sh.600187,6.79,6.98,6.77,6.9,36683198,251403153.0
2014-10-29,sh.600187,6.98,7.0,6.83,6.87,27445733,189160999.0
2014-10-30,sh.600187,6.85,7.05,6.83,7.0,50761977,352960288.0
2014-10-31,sh.600187,7.2,7.43,7.09,7.13,78335396,566939936.0
2014-11-03,sh.600187,7.15,7.39,7.15,7.18,48933572,354885072.0
2014-11-04,sh.600187,7.15,7.28,7.09,7.19,34346576,246874002.0
2014-11-05,sh.600187,7.22,7.31,7.02,7.04,40103912,286253392.0
2014-11-06,sh.600187,7.0,7.02,6.64,6.82,82627039,561659664.0
2014-11-07,sh.600187,6.82,6.87,6.63,6.7,63783652,429105072.0
2014-11-10,sh.600187,6.73,6.8,6.64,6.8,35175553,236612296.0
2014-11-11,sh.600187,6.8,6.8,6.49,6.52,43656744,288290336.0
2014-11-12,sh.600187,6.53,6.75,6.53,6.69,35543995,236185281.0
2014-11-13,sh.600187,6.69,6.82,6.59,6.65,36257380,243134415.0
2014-11-14,sh.600187,6.65,6.75,6.58,6.7,24518767,163411457.0
2014-11-17,sh.600187,6.71,6.8,6.6,6.75,45239432,302665456.0
2014-11-18,sh.600187,6.7,6.71,6.43,6.55,77029433,504660224.0
2014-11-19,sh.600187,6.52,6.61,6.48,6.54,29444446,193024394.0
2014-11-20,sh.600187,6.54,6.55,6.32,6.51,38349137,247858849.0
2014-11-21,sh.600187,6.51,6.57,6.43,6.54,28043431,182868227.0
2014-11-24,sh.600187,6.59,6.94,6.54,6.68,75310472,500641312.0
2014-11-25,sh.600187,6.67,6.85,6.62,6.8,91598498,618618816.0
2014-11-26,sh.600187,6.81,6.89,6.66,6.74,112229425,756753024.0
2014-11-27,sh.600187,6.76,6.83,6.71,6.76,69156306,467560272.0
2014-11-28,sh.600187,6.8,6.8,6.63,6.68,61066967,408722048.0
2014-12-01,sh.600187,6.66,6.79,6.44,6.76,76421449,501327344.0
2014-12-02,sh.600187,6.75,7.08,6.7,6.99,237456951,1652082496.0
2014-12-03,sh.600187,6.98,6.98,6.72,6.83,218125334,1486312560.0
2014-12-04,sh.600187,6.85,6.85,6.73,6.83,129775587,879959552.0
2014-12-05,sh.600187,6.83,6.83,6.42,6.52,125063233,824872256.0
2014-12-08,sh.600187,6.5,6.62,6.42,6.58,88983899,580180016.0
2014-12-09,sh.600187,6.58,6.58,6.14,6.16,97599275,625723296.0
2014-12-10,sh.600187,6.11,6.69,6.06,6.64,131199813,849190544.0
2014-12-11,sh.600187,6.7,6.97,6.67,6.88,186001357,1273622768.0
2014-12-12,sh.600187,6.9,6.91,6.66,6.76,94864879,640425344.0
2014-12-15,sh.600187,6.77,6.86,6.72,6.8,78075582,530678704.0
2014-12-16,sh.600187,6.8,6.88,6.7,6.81,88625527,602748736.0
2014-12-17,sh.600187,6.79,6.8,6.54,6.61,71503597,475969120.0
2014-12-18,sh.600187,6.63,6.82,6.54,6.72,78497075,528750176.0
2014-12-19,sh.600187,6.72,6.88,6.4,6.87,120433261,799650304.0
2014-12-22,sh.600187,6.81,7.11,6.6,6.99,202130852,1392809168.0
2014-12-23,sh.600187,7.0,7.16,6.8,6.83,154887471,1083065312.0
2014-12-24,sh.600187,6.95,7.51,6.95,7.51,298429376,2218099216.0
2014-12-25,sh.600187,7.49,7.84,7.37,7.73,335215888,2540216704.0
2014-12-26,sh.600187,7.56,7.76,7.49,7.6,184517095,1402693024.0
2014-12-29,sh.600187,7.64,8.08,7.58,8.01,257930045,2021277856.0
2014-12-30,sh.600187,7.89,8.0,7.67,7.78,133288225,1043125904.0
2014-12-31,sh.600187,7.93,7.95,7.51,7.67,121921130,935552320.0
2015-01-05,sh.600187,7.7,7.97,7.53,7.73,130638312,1010704032.0
2015-01-06,sh.600187,7.2,8.0,7.01,7.84,237850818,1765832128.0
2015-01-07,sh.600187,7.6,7.68,7.41,7.45,108261067,812214064.0
2015-01-08,sh.600187,7.4,7.49,7.26,7.28,72618668,533403488.0
2015-01-09,sh.600187,7.24,7.33,7.11,7.13,66208939,479615264.0
2015-01-12,sh.600187,7.08,7.15,6.8,6.84,71654590,498918496.0
2015-01-13,sh.600187,6.8,6.9,6.72,6.87,46599162,317647056.0
2015-01-14,sh.600187,6.86,6.96,6.71,6.77,39496731,270564880.0
2015-01-15,sh.600187,6.78,7.1,6.78,6.96,61410201,428388816.0
2015-01-16,sh.600187,6.98,7.14,6.89,7.05,57444980,402934976.0
2015-01-19,sh.600187,6.88,7.04,6.4,6.58,72521704,489995728.0
2015-01-20,sh.600187,6.61,6.78,6.59,6.75,50127067,336029856.0
2015-01-21,sh.600187,6.79,6.98,6.77,6.95,62156032,427338304.0
2015-01-22,sh.600187,6.94,7.09,6.85,7.08,65407895,456905680.0
2015-01-23,sh.600187,7.14,7.19,6.95,6.97,57541227,405314592.0
2015-01-26,sh.600187,6.97,7.05,6.92,7.05,43785043,306399328.0
2015-01-27,sh.600187,7.06,7.12,6.89,6.99,59916775,419904416.0
2015-01-28,sh.600187,6.95,7.0,6.88,6.92,36952607,256594552.0
2015-01-29,sh.600187,6.8,6.9,6.72,6.78,38590465,262305037.0
2015-01-30,sh.600187,6.79,7.08,6.79,6.91,70896315,493176880.0
2015-02-02,sh.600187,6.8,6.88,6.7,6.74,37479025,253637082.0
2015-02-03,sh.600187,6.79,6.84,6.71,6.81,26975024,182675786.0
2015-02-04,sh.600187,6.81,6.81,6.69,6.72,33281245,224649969.0
2015-02-05,sh.600187,6.81,6.83,6.58,6.63,39620211,264323543.0
2015-02-06,sh.600187,6.63,6.64,6.33,6.46,48738294,314805472.0
2015-02-09,sh.600187,6.47,6.48,6.3,6.37,24124735,154242722.0
2015-02-10,sh.600187,6.39,6.49,6.35,6.48,19800559,126885959.0
2015-02-11,sh.600187,6.5,6.52,6.44,6.49,18673305,121065615.0
2015-02-12,sh.600187,6.49,6.55,6.46,6.52,21751778,141673871.0
2015-02-13,sh.600187,6.56,6.82,6.56,6.71,52034113,349699472.0
2015-02-16,sh.600187,6.77,6.84,6.76,6.78,39661726,269455424.0
2015-02-17,sh.600187,6.79,6.83,6.75,6.79,36439011,247177840.0
2015-02-25,sh.600187,6.82,7.15,6.81,7.07,96429862,681445552.0
2015-02-26,sh.600187,7.13,7.5,7.13,7.25,128506592,937482864.0
2015-02-27,sh.600187,7.24,7.24,7.07,7.17,67800043,483354656.0
2015-03-02,sh.600187,7.3,7.5,7.3,7.35,97080483,715348560.0
2015-03-03,sh.600187,7.39,7.64,7.26,7.45,145481984,1091764736.0
2015-03-04,sh.600187,7.42,7.42,7.2,7.33,75653729,550525344.0
2015-03-05,sh.600187,7.3,7.55,7.2,7.28,82260684,605691552.0
2015-03-06,sh.600187,7.28,7.28,7.04,7.07,67824574,483312960.0
2015-03-09,sh.600187,7.06,7.17,7.02,7.14,46737743,331833168.0
2015-03-10,sh.600187,7.13,7.16,7.06,7.09,48537636,344906416.0
2015-03-11,sh.600187,7.1,7.12,6.97,7.06,53565741,377049984.0
2015-03-12,sh.600187,7.04,7.1,7.01,7.08,41057947,289740304.0
2015-03-13,sh.600187,7.1,7.21,7.07,7.2,59766244,425985296.0
2015-03-16,sh.600187,7.32,7.43,7.24,7.34,91355496,669758752.0
2015-03-17,sh.600187,7.34,7.58,7.32,7.5,121091855,900530608.0
2015-03-18,sh.600187,7.52,7.64,7.46,7.57,108648462,818522256.0
2015-03-19,sh.600187,7.57,7.57,7.41,7.49,101747877,761432672.0
2015-03-20,sh.600187,7.49,7.79,7.49,7.64,124718961,952715008.0
2015-03-23,sh.600187,7.7,7.94,7.6,7.84,145562740,1130292640.0
2015-03-24,sh.600187,7.9,8.58,7.61,8.33,240048028,1936275520.0
2015-03-25,sh.600187,8.3,8.51,8.12,8.23,147073611,1222636928.0
2015-03-26,sh.600187,8.28,8.41,8.08,8.16,101739067,835309872.0
2015-03-27,sh.600187,8.16,8.28,8.12,8.2,69081004,566920960.0
2015-03-30,sh.600187,8.25,8.39,8.23,8.34,108889622,902784832.0
2015-03-31,sh.600187,8.34,8.46,8.13,8.31,141757514,1174889280.0
2015-04-01,sh.600187,8.3,8.43,8.24,8.38,94328385,788501408.0
2015-04-02,sh.600187,8.38,8.68,8.37,8.56,141603061,1207157072.0
2015-04-03,sh.600187,8.49,8.65,8.4,8.59,116383413,993283152.0
2015-04-07,sh.600187,8.65,8.85,8.55,8.74,148687941,1289787520.0
2015-04-08,sh.600187,8.8,8.8,8.38,8.44,132281398,1129794080.0
2015-04-09,sh.600187,8.43,8.43,7.99,8.18,110363345,901016992.0
2015-04-10,sh.600187,8.16,8.39,8.03,8.33,90041623,743391152.0
2015-04-13,sh.600187,8.34,8.68,8.34,8.62,145361889,1237406048.0
2015-04-14,sh.600187,8.68,8.98,8.63,8.81,192741522,1694754816.0
2015-04-15,sh.600187,8.94,9.25,8.75,8.89,183017612,1651161952.0
2015-04-16,sh.600187,8.76,9.65,8.58,9.42,240813653,2228802032.0
2015-04-17,sh.600187,9.83,9.98,9.42,9.46,322631856,3110491936.0
2015-04-20,sh.600187,9.37,9.37,8.87,8.94,196051533,1775879200.0
2015-04-21,sh.600187,8.9,9.26,8.83,9.24,124692954,1131120064.0
2015-04-22,sh.600187,9.45,9.57,9.26,9.33,146409606,1371279936.0
2015-04-23,sh.600187,9.33,9.33,9.08,9.17,133051965,1219057344.0
2015-04-24,sh.600187,9.01,9.19,8.88,9.09,116920562,1058056976.0
2015-04-27,sh.600187,9.08,9.16,9.0,9.08,113428210,1027564816.0
2015-04-28,sh.600187,9.1,9.73,9.06,9.69,273665328,2553437312.0
2015-04-29,sh.600187,9.51,9.6,9.21,9.34,142452258,1333983360.0
2015-04-30,sh.600187,9.3,9.36,9.1,9.12,99350322,914076672.0
2015-05-04,sh.600187,9.1,9.25,9.03,9.18,68842199,630355392.0
2015-05-05,sh.600187,9.18,9.2,8.39,8.53,113450379,1003008848.0
2015-05-06,sh.600187,8.54,8.77,8.11,8.25,81225124,688314736.0
2015-05-07,sh.600187,8.26,8.33,7.93,7.97,64857351,522140416.0
2015-05-08,sh.600187,8.1,8.23,8.0,8.2,63051081,511219088.0
2015-05-11,sh.600187,8.35,8.68,8.2,8.62,86569281,728697456.0
2015-05-12,sh.600187,8.66,8.69,8.45,8.62,88023361,755655088.0
2015-05-13,sh.600187,8.57,8.81,8.42,8.79,109752025,943830752.0
2015-05-14,sh.600187,9.09,9.24,8.78,8.82,138623236,1248342656.0
2015-05-15,sh.600187,8.7,8.7,8.36,8.43,79858654,677188864.0
2015-05-18,sh.600187,8.43,8.61,8.22,8.36,59000407,499589680.0
2015-05-19,sh.600187,8.36,8.78,8.35,8.65,79568798,680685232.0
2015-05-20,sh.600187,8.66,8.9,8.56,8.7,107845024,943536304.0
2015-05-21,sh.600187,8.71,8.97,8.61,8.94,137918657,1209573344.0
2015-05-22,sh.600187,9.03,9.28,8.84,9.18,184635005,1675917152.0
2015-05-25,sh.600187,9.38,9.58,9.21,9.45,226854946,2135503200.0
2015-05-26,sh.600187,9.52,9.71,9.42,9.58,218700067,2087800176.0
2015-05-27,sh.600187,9.62,10.54,9.6,10.54,225870434,2301140128.0
2015-05-28,sh.600187,10.9,11.0,9.49,9.58,389271792,4089432336.0
2015-05-29,sh.600187,9.55,9.84,8.98,9.58,182629538,1735073264.0
2015-06-01,sh.600187,9.7,10.24,9.5,10.17,171734371,1711707888.0
2015-06-02,sh.600187,10.28,10.52,10.01,10.49,174015900,1799366064.0
2015-06-03,sh.600187,10.49,10.55,10.03,10.34,143355639,1472314000.0
2015-06-04,sh.600187,10.29,11.37,9.8,11.19,239966161,2552067872.0
2015-06-18,sh.600187,10.29,11.09,10.1,10.23,201345136,2128519152.0
2015-06-19,sh.600187,9.81,9.99,9.21,9.21,100492874,953643280.0
2015-06-23,sh.600187,9.0,9.16,8.29,8.88,110289476,960397424.0
2015-06-24,sh.600187,9.0,9.43,8.97,9.26,106075288,973233616.0
2015-06-25,sh.600187,9.3,9.34,8.51,8.82,94904626,855339264.0
2015-06-26,sh.600187,8.6,8.6,7.94,7.94,88544020,729531152.0
2015-06-29,sh.600187,8.23,8.29,7.15,7.17,113202722,856540288.0
2015-06-30,sh.600187,7.11,7.89,6.46,7.8,115563775,830110080.0
2015-07-01,sh.600187,7.6,7.98,7.15,7.17,100465101,774054864.0
2015-07-02,sh.600187,7.17,7.39,6.52,6.79,97995715,685439984.0
2015-07-03,sh.600187,6.55,6.95,6.11,6.12,101023787,644356112.0
2015-07-06,sh.600187,6.72,6.72,5.52,6.07,128606703,783137376.0
2015-07-07,sh.600187,5.8,5.86,5.46,5.46,74021147,411412128.0
2015-07-20,sh.600187,6.01,6.01,6.01,6.01,2973951,17873446.0
2015-07-21,sh.600187,6.61,6.61,6.61,6.61,16912693,111792901.0
2015-07-22,sh.600187,7.23,7.27,6.98,7.27,289833488,2082604560.0
2015-07-23,sh.600187,7.25,7.84,7.06,7.61,295449072,2170933584.0
2015-07-24,sh.600187,7.43,7.68,7.21,7.31,177926340,1334081824.0
2015-07-27,sh.600187,7.25,7.63,6.63,6.83,153292912,1118878496.0
2015-07-28,sh.600187,6.69,7.31,6.41,7.3,160456022,1110928624.0
2015-07-29,sh.600187,7.32,7.5,6.95,7.47,116039112,844199376.0
2015-07-30,sh.600187,7.42,7.65,7.03,7.16,131152989,968255040.0
2015-07-31,sh.600187,7.01,7.13,6.76,6.89,78625921,545749568.0
2015-08-03,sh.600187,6.81,7.18,6.71,7.15,69224029,477637344.0
2015-08-04,sh.600187,7.08,7.38,6.97,7.34,81032427,585002144.0
2015-08-05,sh.600187,7.32,7.42,7.14,7.17,66132390,481700384.0
2015-08-06,sh.600187,7.02,7.19,6.97,7.06,39973041,282814752.0
2015-08-07,sh.600187,7.08,7.43,7.08,7.34,74206680,540770720.0
2015-08-10,sh.600187,7.35,7.69,7.29,7.61,102085111,765798352.0
2015-08-11,sh.600187,7.78,8.22,7.66,7.82,126983679,1007585632.0
2015-08-12,sh.600187,7.67,7.82,7.5,7.52,73726006,564707136.0
2015-08-13,sh.600187,7.46,7.7,7.4,7.67,53691491,405958768.0
2015-08-14,sh.600187,7.72,7.78,7.53,7.58,70990014,541225664.0
2015-08-17,sh.600187,7.56,7.77,7.5,7.76,65646149,503637360.0
2015-08-18,sh.600187,7.8,7.86,6.98,6.98,82189152,610121776.0
2015-08-19,sh.600187,6.82,7.21,6.61,7.17,55371249,384274288.0
2015-08-20,sh.600187,7.15,7.25,6.88,6.98,37233633,263626400.0
2015-08-21,sh.600187,6.83,7.0,6.55,6.62,47901317,323533136.0
2015-08-24,sh.600187,6.32,6.32,5.96,5.96,40247202,243328839.0
2015-08-25,sh.600187,5.36,5.47,5.36,5.36,33896184,182103058.0
2015-08-26,sh.600187,5.37,5.5,4.82,4.82,63240144,324536128.0
2015-08-27,sh.600187,4.9,5.09,4.56,5.05,55797470,273890704.0
2015-08-28,sh.600187,5.15,5.48,5.0,5.45,67271770,348548464.0
2015-08-31,sh.600187,5.38,5.38,5.09,5.15,46625387,242457729.0
2015-09-01,sh.600187,5.07,5.07,4.68,4.71,45755159,221456158.0
2015-09-02,sh.600187,4.48,4.95,4.41,4.82,55545997,262248536.0
2015-09-07,sh.600187,4.88,5.06,4.82,4.84,33530878,166249823.0
2015-09-08,sh.600187,4.81,5.17,4.75,5.11,34215809,170010813.0
2015-09-09,sh.600187,5.12,5.62,5.07,5.62,72435451,388639504.0
2015-09-10,sh.600187,5.45,5.89,5.42,5.53,58757859,335940496.0
2015-09-11,sh.600187,5.52,5.72,5.47,5.66,30849873,171639424.0
2015-09-14,sh.600187,5.71,5.77,5.09,5.09,45736040,247405092.0
2015-09-15,sh.600187,4.85,5.01,4.6,4.66,33509146,162009068.0
2015-09-16,sh.600187,4.78,5.13,4.68,5.1,30016791,147363740.0
2015-09-17,sh.600187,5.1,5.22,4.91,4.92,34556824,175059684.0
2015-09-18,sh.600187,4.98,5.04,4.87,4.96,17133437,84731632.0
2015-09-21,sh.600187,4.88,5.1,4.83,5.09,20664134,103576689.0
2015-09-22,sh.600187,5.15,5.21,5.08,5.12,26310051,135254070.0
2015-09-23,sh.600187,5.0,5.1,4.95,4.99,19225273,96486675.0
2015-09-24,sh.600187,5.05,5.09,4.98,5.06,17186952,86644640.0
2015-09-25,sh.600187,5.05,5.24,4.85,5.14,40575773,205871203.0
2015-09-28,sh.600187,5.08,5.17,5.0,5.16,28695606,146327245.0
2015-09-29,sh.600187,5.02,5.07,4.92,4.97,21044142,105309513.0
2015-09-30,sh.600187,5.01,5.05,4.94,4.97,14580402,72666952.0
2015-10-08,sh.600187,5.12,5.18,5.07,5.14,27170632,139350855.0
2015-10-09,sh.600187,5.15,5.34,5.11,5.27,38974573,204168965.0
2015-10-12,sh.600187,5.3,5.57,5.23,5.53,60919498,330711872.0
2015-10-13,sh.600187,5.44,5.73,5.4,5.65,49791098,276180272.0
2015-10-14,sh.600187,5.61,5.77,5.51,5.52,43080105,243049463.0
2015-10-15,sh.600187,5.49,5.68,5.49,5.67,37472667,210355458.0
2015-10-16,sh.600187,5.77,6.24,5.72,6.24,79811575,487124272.0
2015-11-02,sh.600187,6.14,6.86,5.81,6.39,121850598,793046704.0
2015-11-03,sh.600187,6.45,6.52,5.97,6.05,58571332,358556176.0
2015-11-04,sh.600187,6.08,6.29,6.01,6.24,62314534,385233968.0
2015-11-05,sh.600187,6.18,6.27,6.09,6.16,58716302,362994992.0
2015-11-06,sh.600187,6.13,6.21,6.11,6.2,44322456,273711616.0
2015-11-09,sh.600187,6.15,6.29,6.1,6.22,45890062,284033952.0
2015-11-10,sh.600187,6.18,6.45,6.12,6.3,50080124,316134256.0
2015-11-11,sh.600187,6.3,6.32,6.21,6.29,34402882,215113937.0
2015-11-12,sh.600187,6.3,6.46,6.26,6.45,62826800,400553328.0
2015-11-13,sh.600187,6.4,6.4,6.18,6.24,35505400,223654849.0
2015-11-16,sh.600187,6.13,6.49,6.05,6.43,38865593,243846128.0
2015-11-17,sh.600187,6.43,6.64,6.38,6.44,65579489,425086064.0
2015-11-18,sh.600187,6.39,6.45,6.26,6.28,30544204,194309606.0
2015-11-19,sh.600187,6.3,6.37,6.24,6.36,22740213,143333153.0
2015-11-20,sh.600187,6.35,6.39,6.29,6.33,31462888,199399481.0
2015-11-23,sh.600187,6.33,6.38,6.22,6.25,28172636,177637252.0
2015-11-24,sh.600187,6.24,6.29,6.19,6.27,20415562,127156509.0
2015-11-25,sh.600187,6.24,6.3,6.2,6.29,23313990,145755324.0
2015-11-26,sh.600187,6.29,6.35,6.2,6.21,27874371,174704491.0
2015-11-27,sh.600187,6.17,6.2,5.59,5.64,36541302,217042615.0
2015-11-30,sh.600187,5.7,5.8,5.25,5.7,27975049,156419643.0
2015-12-01,sh.600187,5.72,5.83,5.57,5.78,23604631,135002379.0
2015-12-02,sh.600187,5.76,5.84,5.57,5.78,20088531,115136877.0
2015-12-03,sh.600187,5.88,5.95,5.8,5.89,20820010,122269471.0
2015-12-04,sh.600187,5.83,5.89,5.71,5.77,16622932,96428012.0
2015-12-07,sh.600187,5.73,5.85,5.73,5.81,13878129,80351958.0
2015-12-08,sh.600187,5.79,5.8,5.62,5.62,14019855,79679288.0
2015-12-09,sh.600187,5.55,5.68,5.52,5.64,13232115,74273713.0
2015-12-10,sh.600187,5.63,5.66,5.53,5.53,12004545,67035749.0
2015-12-11,sh.600187,5.51,5.56,5.41,5.47,12324464,67411643.0
2015-12-14,sh.600187,5.4,5.6,5.39,5.59,14518168,79658174.0
2015-12-15,sh.600187,5.62,6.15,5.61,6.15,86116909,520860800.0
2015-12-16,sh.600187,6.06,6.28,6.03,6.13,60156272,371465296.0
2015-12-17,sh.600187,6.11,6.2,6.08,6.2,38965000,239390843.0
2015-12-18,sh.600187,6.2,6.35,6.16,6.21,34447018,214913848.0
2015-12-21,sh.600187,6.22,6.46,6.22,6.34,48457268,308397952.0
2015-12-22,sh.600187,6.37,6.43,6.3,6.42,31689729,201706942.0
2015-12-23,sh.600187,6.45,6.62,6.3,6.34,43885670,285223776.0
2015-12-24,sh.600187,6.25,6.34,6.21,6.27,22995563,144046438.0
2015-12-25,sh.600187,6.31,6.54,6.27,6.32,28427720,181649157.0
2015-12-28,sh.600187,6.33,6.39,6.16,6.17,28411585,177369219.0
2015-12-29,sh.600187,6.17,6.24,6.13,6.22,14779658,91362198.0
2015-12-30,sh.600187,6.18,6.51,6.17,6.39,29884149,189647744.0
2015-12-31,sh.600187,6.38,6.39,6.2,6.21,15538346,97649167.0
2016-01-04,sh.600187,6.21,6.27,5.59,5.6,17797919,106977399.0
2016-01-05,sh.600187,5.41,5.94,5.37,5.92,26940632,155373207.0
2016-01-06,sh.600187,5.85,6.05,5.83,6.02,16657440,98928546.0
2016-01-07,sh.600187,5.94,5.94,5.56,5.58,3791200,21700455.0
2016-01-08,sh.600187,5.8,5.95,5.57,5.69,20465237,117223880.0
2016-01-11,sh.600187,5.61,5.84,5.46,5.66,24808863,139231124.0
2016-01-12,sh.600187,5.65,5.89,5.57,5.64,18831414,107335510.0
2016-01-13,sh.600187,5.63,5.69,5.32,5.59,16479998,91318662.0
2016-01-14,sh.600187,5.4,5.63,5.26,5.58,26095150,142799423.0
2016-01-15,sh.600187,5.53,5.58,5.02,5.2,24528317,129728712.0
2016-01-18,sh.600187,5.02,5.4,5.01,5.37,15170923,78942509.0
2016-01-19,sh.600187,5.34,5.42,5.27,5.39,25022392,134343924.0
2016-01-20,sh.600187,5.33,5.48,5.05,5.16,44602461,231725737.0
2016-01-21,sh.600187,5.01,5.19,4.88,4.89,26981841,135702009.0
2016-01-22,sh.600187,4.95,5.01,4.69,4.97,19802114,96573100.0
2016-01-25,sh.600187,4.95,5.02,4.85,4.9,13598666,67193056.0
2016-01-26,sh.600187,4.84,4.9,4.42,4.48,16049851,74358341.0
2016-01-27,sh.600187,4.49,4.54,4.11,4.25,20693061,88796269.0
2016-01-28,sh.600187,4.27,4.33,4.01,4.03,15400969,64784818.0
2016-01-29,sh.600187,3.98,4.31,3.98,4.29,32548762,133932501.0
2016-02-01,sh.600187,4.23,4.23,4.0,4.06,20626112,84906618.0
2016-02-02,sh.600187,4.09,4.19,4.04,4.15,16582698,68680959.0
2016-02-03,sh.600187,4.1,4.13,4.01,4.12,14658601,59732926.0
2016-02-04,sh.600187,4.12,4.24,4.11,4.19,19440126,81391881.0
2016-02-05,sh.600187,4.2,4.33,4.18,4.22,22482386,95933044.0
2016-02-15,sh.600187,4.06,4.2,4.0,4.14,15874133,65258767.0
2016-02-16,sh.600187,4.15,4.44,4.15,4.38,26075669,112529425.0
2016-02-17,sh.600187,4.36,4.47,4.29,4.45,22752161,99378498.0
2016-02-18,sh.600187,4.48,4.5,4.37,4.38,17058315,75463448.0
2016-02-19,sh.600187,4.4,4.45,4.35,4.4,13669413,60104250.0
2016-02-22,sh.600187,4.45,4.53,4.39,4.49,26677868,118934300.0
2016-02-23,sh.600187,4.49,4.49,4.38,4.45,21020053,93124600.0
2016-02-24,sh.600187,4.42,4.53,4.4,4.52,19786982,88357865.0
2016-02-25,sh.600187,4.5,4.78,4.18,4.31,55946908,254332007.0
2016-02-26,sh.600187,4.31,4.57,4.16,4.46,36972782,161468631.0
2016-02-29,sh.600187,4.32,4.37,4.03,4.14,27433370,113328461.0
2016-03-01,sh.600187,4.18,4.38,4.1,4.37,22820538,96639783.0
2016-03-02,sh.600187,4.31,4.59,4.29,4.53,38983224,173409016.0
2016-03-03,sh.600187,4.51,4.68,4.46,4.53,34168104,155363230.0
2016-03-04,sh.600187,4.5,4.59,4.3,4.39,26502253,117773456.0
2016-03-07,sh.600187,4.41,4.51,4.41,4.47,14463157,64529761.0
2016-03-08,sh.600187,4.47,4.47,4.24,4.43,19756416,85687165.0
2016-03-09,sh.600187,4.34,4.36,4.25,4.3,10544741,45433191.0
2016-03-10,sh.600187,4.3,4.36,4.25,4.29,10711773,46045997.0
2016-03-11,sh.600187,4.26,4.3,4.21,4.26,6453456,27458953.0
2016-03-14,sh.600187,4.3,4.44,4.3,4.37,21361007,93252745.0
2016-03-15,sh.600187,4.37,4.81,4.36,4.81,58034381,274404144.0
2016-03-16,sh.600187,5.0,5.06,4.75,4.77,100589570,494286656.0
2016-03-17,sh.600187,4.8,4.87,4.7,4.87,39737922,190306999.0
2016-03-18,sh.600187,4.81,4.97,4.81,4.94,57709177,282719808.0
2016-03-21,sh.600187,4.92,5.03,4.91,5.01,39319782,194751711.0
2016-03-22,sh.600187,4.96,4.97,4.86,4.87,30426035,149416403.0
2016-03-23,sh.600187,4.87,5.04,4.86,4.92,21323414,105418899.0
2016-03-24,sh.600187,4.87,4.9,4.78,4.8,17709958,85538137.0
2016-03-25,sh.600187,4.8,4.91,4.79,4.85,10497693,50899263.0
2016-03-28,sh.600187,4.86,4.93,4.81,4.83,13303150,64941415.0
2016-03-29,sh.600187,4.85,4.96,4.77,4.9,17137596,83491310.0
2016-03-30,sh.600187,4.92,5.1,4.88,5.08,30526883,152909504.0
2016-03-31,sh.600187,5.06,5.08,4.97,4.98,20864867,104660357.0
2016-04-01,sh.600187,4.95,4.97,4.85,4.92,11693375,57307965.0
2016-04-05,sh.600187,4.87,5.0,4.85,4.98,15009258,74203713.0
2016-04-06,sh.600187,4.99,5.03,4.95,5.0,18854992,94056585.0
2016-04-07,sh.600187,4.98,5.15,4.97,5.01,27140068,137674606.0
2016-04-08,sh.600187,5.0,5.19,4.96,5.09,25305947,128516957.0
2016-04-11,sh.600187,5.13,5.27,5.07,5.21,26832991,138415311.0
2016-04-12,sh.600187,5.16,5.33,5.15,5.21,23035590,120475582.0
2016-04-13,sh.600187,5.21,5.38,5.2,5.29,28402798,150005170.0
2016-04-14,sh.600187,5.3,5.34,5.15,5.25,20684531,108217793.0
2016-04-15,sh.600187,5.22,5.3,5.18,5.23,17449943,91379629.0
2016-04-18,sh.600187,5.18,5.23,5.11,5.18,12036008,62260372.0
2016-04-19,sh.600187,5.17,5.48,5.17,5.28,21774897,115209164.0
2016-04-20,sh.600187,5.25,5.34,4.98,5.08,21785697,111848341.0
2016-04-21,sh.600187,5.01,5.14,5.0,5.03,11286334,57387558.0
2016-04-22,sh.600187,5.02,5.13,5.02,5.1,6932298,35200922.0
2016-04-25,sh.600187,5.12,5.13,5.03,5.12,5084689,25881621.0
2016-04-26,sh.600187,5.11,5.16,5.07,5.16,6596245,33816991.0
2016-04-27,sh.600187,5.16,5.18,5.09,5.11,6113550,31382991.0
2016-04-28,sh.600187,5.11,5.16,5.04,5.09,7287469,37087354.0
2016-04-29,sh.600187,5.07,5.1,5.0,5.02,6234465,31383874.0
2016-05-03,sh.600187,5.02,5.17,5.01,5.16,7784130,39814084.0
2016-05-04,sh.600187,5.12,5.17,5.08,5.1,7842472,40108932.0
2016-05-05,sh.600187,5.1,5.14,5.08,5.14,5689685,29089880.0
2016-05-06,sh.600187,5.14,5.46,5.1,5.29,39300412,207476569.0
2016-05-09,sh.600187,5.2,5.25,4.81,4.84,28552715,141916483.0
2016-05-10,sh.600187,4.86,4.89,4.73,4.79,12300361,59173166.0
2016-05-11,sh.600187,4.86,4.91,4.75,4.78,6803403,32740034.0
2016-05-12,sh.600187,4.7,4.75,4.55,4.69,7920003,36847389.0
2016-05-13,sh.600187,4.7,4.77,4.62,4.68,6702911,31427708.0
2016-05-16,sh.600187,4.7,4.75,4.63,4.74,6815462,31956530.0
2016-05-17,sh.600187,4.74,4.76,4.67,4.69,6393103,30136151.0
2016-05-18,sh.600187,4.69,4.71,4.22,4.57,9980727,45295287.0
2016-05-19,sh.600187,4.5,4.63,4.5,4.52,5496249,25102245.0
2016-05-20,sh.600187,4.52,4.57,4.47,4.55,4933163,22307343.0
2016-05-23,sh.600187,4.55,4.61,4.54,4.59,4923227,22506399.0
2016-05-24,sh.600187,4.56,4.58,4.49,4.52,3768597,17023981.0
2016-05-25,sh.600187,4.53,4.58,4.5,4.53,3242319,14723567.0
2016-05-26,sh.600187,4.52,4.56,4.45,4.53,4139201,18652629.0
2016-05-27,sh.600187,4.52,4.56,4.49,4.54,3528992,15993045.0
2016-05-30,sh.600187,4.49,4.57,4.47,4.51,3235638,14642022.0
2016-05-31,sh.600187,4.5,4.66,4.49,4.66,8937090,41245400.0
2016-06-01,sh.600187,4.66,4.71,4.64,4.69,7164847,33483991.0
2016-06-02,sh.600187,4.67,4.69,4.63,4.69,6751078,31447462.0
2016-06-03,sh.600187,4.68,4.71,4.65,4.71,7814341,36669508.0
2016-06-06,sh.600187,4.71,4.75,4.66,4.67,5036895,23599506.0
2016-06-07,sh.600187,4.68,4.7,4.59,4.64,6649778,30799298.0
2016-06-08,sh.600187,4.63,4.66,4.56,4.58,6528695,29947856.0
2016-06-13,sh.600187,4.55,4.55,4.37,4.39,7222013,32369420.0
2016-06-14,sh.600187,4.4,4.47,4.35,4.41,8466452,37276209.0
2016-06-15,sh.600187,4.33,4.55,4.31,4.48,8306719,37042805.0
2016-06-16,sh.600187,4.45,4.48,4.4,4.42,7359296,32654796.0
2016-06-17,sh.600187,4.45,4.51,4.38,4.43,9051353,40301027.0
2016-06-20,sh.600187,4.43,4.45,4.33,4.41,8325398,36510493.0
2016-06-21,sh.600187,4.41,4.45,4.37,4.4,5852732,25858889.0
2016-06-22,sh.600187,4.4,4.48,4.38,4.46,7404697,32843418.0
2016-06-23,sh.600187,4.43,4.48,4.4,4.44,5826326,25856183.0
2016-06-24,sh.600187,4.44,4.49,4.3,4.35,8018359,35201483.0
2016-06-27,sh.600187,4.35,4.43,4.34,4.43,8704776,38246368.0
2016-06-28,sh.600187,4.41,4.45,4.37,4.44,11032263,48734385.0
2016-06-29,sh.600187,4.48,4.5,4.42,4.48,11786190,52610738.0
2016-06-30,sh.600187,4.51,4.51,4.46,4.46,6573355,29404592.0
2016-07-01,sh.600187,4.46,4.5,4.45,4.45,7012827,31365912.0
2016-07-04,sh.600187,4.42,4.57,4.42,4.55,11817929,53646676.0
2016-07-05,sh.600187,4.55,4.64,4.52,4.61,13861770,63450033.0
2016-07-06,sh.600187,4.58,4.65,4.54,4.62,12466193,57325254.0
2016-07-07,sh.600187,4.6,4.63,4.56,4.59,9845724,45268551.0
2016-07-08,sh.600187,4.6,4.6,4.55,4.57,7333787,33507756.0
2016-07-11,sh.600187,4.56,4.64,4.56,4.57,8877058,40783175.0
2016-07-12,sh.600187,4.58,4.68,4.56,4.65,12192418,56282823.0
2016-07-13,sh.600187,4.65,4.75,4.61,4.7,16116345,75404639.0
2016-07-14,sh.600187,4.75,4.8,4.68,4.71,12292350,58148256.0
2016-07-15,sh.600187,4.71,4.73,4.63,4.67,6818009,31851844.0
2016-07-18,sh.600187,4.68,4.69,4.63,4.67,6578041,30679189.0
2016-07-19,sh.600187,4.66,4.69,4.62,4.67,6191587,28786722.0
2016-07-20,sh.600187,4.67,4.69,4.63,4.65,5699403,26518137.0
2016-07-21,sh.600187,4.65,4.77,4.64,4.71,15308374,72264828.0
2016-07-22,sh.600187,4.68,4.69,4.6,4.61,13471636,62253370.0
2016-07-25,sh.600187,4.62,4.63,4.57,4.59,6283147,28931380.0
2016-07-26,sh.600187,4.6,4.65,4.57,4.65,8240838,38076783.0
2016-07-27,sh.600187,4.65,4.65,4.33,4.44,14903658,67133799.0
2016-07-28,sh.600187,4.44,4.46,4.38,4.43,7544905,33346224.0
2016-07-29,sh.600187,4.43,4.45,4.41,4.42,4079922,18058339.0
2016-08-01,sh.600187,4.4,4.43,4.3,4.39,4681346,20427675.0
2016-08-02,sh.600187,4.39,4.42,4.38,4.42,3519288,15488310.0
2016-08-03,sh.600187,4.42,4.44,4.39,4.43,4705334,20815023.0
2016-08-04,sh.600187,4.43,4.45,4.41,4.45,3743831,16595610.0
2016-08-05,sh.600187,4.45,4.46,4.41,4.42,4128255,18279606.0
2016-08-08,sh.600187,4.42,4.47,4.41,4.47,6882548,30638443.0
2016-08-09,sh.600187,4.46,4.61,4.46,4.58,14133671,64433182.0
2016-08-10,sh.600187,4.55,4.57,4.52,4.53,6795097,30868224.0
2016-08-11,sh.600187,4.52,4.54,4.47,4.47,4554827,20505232.0
2016-08-12,sh.600187,4.48,4.53,4.47,4.53,3770051,16961967.0
2016-08-15,sh.600187,4.53,4.64,4.51,4.6,10566063,48429558.0
2016-08-16,sh.600187,4.61,4.63,4.58,4.6,9801113,45149871.0
2016-08-17,sh.600187,4.6,5.06,4.57,5.06,61259050,303035440.0
2016-08-18,sh.600187,5.57,5.57,5.57,5.57,17971550,100101534.0
2016-08-19,sh.600187,6.13,6.13,6.13,6.13,14441278,88525034.0
2016-08-22,sh.600187,6.74,6.74,6.69,6.71,466523504,3144044928.0
2016-08-23,sh.600187,6.31,6.56,6.26,6.54,393956544,2524042704.0
2016-08-24,sh.600187,6.7,6.94,6.38,6.46,408564608,2709601760.0
2016-08-25,sh.600187,6.15,6.19,5.81,5.97,278326800,1659231664.0
2016-08-26,sh.600187,6.05,6.07,5.88,5.9,169661026,1015251824.0
2016-08-29,sh.600187,5.89,6.06,5.83,5.99,145176692,864221392.0
2016-08-30,sh.600187,6.01,6.02,5.74,5.81,134257144,790234816.0
2016-08-31,sh.600187,5.79,6.15,5.75,5.97,189354599,1135060976.0
2016-09-01,sh.600187,5.91,6.56,5.89,6.12,255555903,1595115184.0
2016-09-02,sh.600187,6.06,6.73,6.06,6.73,381364576,2515612240.0
2016-09-05,sh.600187,6.61,7.14,6.58,6.74,374283824,2562580128.0
2016-09-06,sh.600187,6.7,7.41,6.62,7.29,419389376,2972785024.0
2016-09-07,sh.600187,7.13,7.35,7.04,7.15,310534832,2226255760.0
2016-09-08,sh.600187,7.14,7.21,6.75,6.96,247603009,1715443536.0
2016-09-09,sh.600187,6.9,7.28,6.82,7.09,249234526,1757878144.0
2016-09-12,sh.600187,6.9,7.26,6.78,6.99,243756344,1723517584.0
2016-09-13,sh.600187,6.82,7.0,6.53,6.84,228791335,1549792848.0
2016-09-14,sh.600187,6.75,7.22,6.66,7.08,248852166,1736874352.0
2016-09-19,sh.600187,7.11,7.14,6.88,7.04,160134691,1120459040.0
2016-09-20,sh.600187,6.98,7.17,6.74,6.83,174150850,1205566416.0
2016-09-21,sh.600187,6.79,6.88,6.58,6.66,138144612,926828640.0
2016-09-22,sh.600187,6.7,6.8,6.62,6.77,137786386,926054816.0
2016-09-23,sh.600187,6.74,6.74,6.41,6.42,145967633,957317296.0
2016-09-26,sh.600187,6.38,6.47,6.19,6.22,89851701,571158720.0
2016-09-27,sh.600187,6.16,6.26,6.04,6.24,99231316,611110224.0
2016-09-28,sh.600187,6.23,6.23,6.11,6.15,63381572,390793168.0
2016-09-29,sh.600187,6.13,6.36,6.1,6.24,107103535,667143440.0
2016-09-30,sh.600187,6.1,6.22,6.08,6.12,69014572,424167472.0
2016-10-10,sh.600187,6.23,6.4,6.18,6.37,108035694,683271920.0
2016-10-11,sh.600187,6.31,6.64,6.27,6.48,149828213,965495296.0
2016-10-12,sh.600187,6.37,6.59,6.33,6.45,99870427,641762128.0
2016-10-13,sh.600187,6.57,6.72,6.39,6.4,144264804,946642752.0
2016-10-14,sh.600187,6.3,6.88,6.27,6.72,226499931,1509254192.0
2016-10-17,sh.600187,6.64,6.73,6.5,6.63,127395426,842461824.0
2016-10-18,sh.600187,6.57,6.7,6.46,6.68,99921830,658291808.0
2016-10-19,sh.600187,6.68,6.69,6.54,6.59,84633326,558980128.0
2016-10-20,sh.600187,6.61,6.72,6.5,6.53,91944539,606792560.0
2016-10-21,sh.600187,6.47,6.48,6.16,6.3,118736561,750311664.0
2016-10-24,sh.600187,6.27,6.33,6.2,6.29,68179062,427458736.0
2016-10-25,sh.600187,6.25,6.41,6.22,6.32,69703469,440387616.0
2016-10-26,sh.600187,6.29,6.35,6.19,6.31,63042846,394673808.0
2016-10-27,sh.600187,6.28,6.31,6.2,6.24,44081347,275184640.0
2016-10-28,sh.600187,6.21,6.25,6.09,6.11,58358532,359395552.0
2016-10-31,sh.600187,6.09,6.16,6.04,6.12,37435235,228779036.0
2016-11-01,sh.600187,6.13,6.73,6.11,6.73,231689950,1510475936.0
2016-11-02,sh.600187,6.66,6.83,6.5,6.68,235004440,1572329328.0
2016-11-03,sh.600187,6.62,6.82,6.59,6.71,170501908,1141360096.0
2016-11-04,sh.600187,6.73,6.95,6.59,6.78,174728052,1180241520.0
2016-11-07,sh.600187,6.75,6.77,6.56,6.62,93855705,623333584.0
2016-11-08,sh.600187,6.65,6.94,6.59,6.61,148857061,1003100272.0
2016-11-09,sh.600187,6.51,6.58,6.3,6.48,137125711,884380304.0
2016-11-10,sh.600187,6.6,6.65,6.45,6.52,91858766,600466928.0
2016-11-11,sh.600187,6.51,6.58,6.45,6.51,75050454,488419808.0
2016-11-14,sh.600187,6.51,6.84,6.49,6.74,154922846,1034884064.0
2016-11-15,sh.600187,6.67,6.74,6.62,6.66,72587506,483620928.0
2016-11-16,sh.600187,6.67,6.84,6.63,6.67,85244622,572234816.0
2016-11-17,sh.600187,6.65,6.68,6.53,6.58,66852899,439202128.0
2016-11-18,sh.600187,6.6,6.62,6.3,6.31,79080054,511464848.0
2016-11-21,sh.600187,6.3,6.41,6.21,6.36,56898946,359075680.0
2016-11-22,sh.600187,6.49,7.0,6.41,6.71,195305058,1324945360.0
2016-11-23,sh.600187,6.73,6.85,6.56,6.65,117804018,786272288.0
2016-11-24,sh.600187,6.58,6.72,6.45,6.5,76908054,503830208.0
2016-11-25,sh.600187,6.5,6.57,6.32,6.49,48847007,315338560.0
2016-11-28,sh.600187,6.51,6.59,6.42,6.51,46374424,301531312.0
2016-11-29,sh.600187,6.5,6.5,6.28,6.33,70872252,451832832.0
2016-11-30,sh.600187,6.28,6.5,6.26,6.42,48985724,312084816.0
2016-12-01,sh.600187,6.39,6.46,6.3,6.36,37442463,238553705.0
2016-12-02,sh.600187,6.36,6.37,6.14,6.17,54102126,337789840.0
2016-12-05,sh.600187,6.04,6.19,6.0,6.1,37432789,228107974.0
2016-12-06,sh.600187,6.1,6.23,6.08,6.17,32987241,202943177.0
2016-12-07,sh.600187,6.18,6.24,6.1,6.2,28959495,178778106.0
2016-12-08,sh.600187,6.22,6.22,6.1,6.11,26718548,164234141.0
2016-12-09,sh.600187,6.11,6.2,6.06,6.12,31129664,190367623.0
2016-12-12,sh.600187,6.09,6.11,5.51,5.57,66043411,382369104.0
2016-12-13,sh.600187,5.55,5.6,5.36,5.54,35307317,194013602.0
2016-12-14,sh.600187,5.53,5.55,5.4,5.42,27832797,152202176.0
2016-12-15,sh.600187,5.38,5.69,5.38,5.53,41266594,228575356.0
2016-12-16,sh.600187,5.55,5.65,5.44,5.57,28395519,158098076.0
2016-12-19,sh.600187,5.56,5.58,5.5,5.52,19500744,107814505.0
2016-12-20,sh.600187,5.5,5.59,5.47,5.56,22577350,124983582.0
2016-12-21,sh.600187,5.58,5.62,5.53,5.61,30139594,168217234.0
2016-12-22,sh.600187,5.59,5.61,5.52,5.55,24806853,137938352.0
2016-12-23,sh.600187,5.56,5.56,5.42,5.45,25519656,139873236.0
2016-12-26,sh.600187,5.42,5.45,5.26,5.44,25880816,138794786.0
2016-12-27,sh.600187,5.46,5.5,5.43,5.45,17557062,96020480.0
2016-12-28,sh.600187,5.41,5.55,5.41,5.46,25270271,138637718.0
2016-12-29,sh.600187,5.47,5.47,5.4,5.41,16257667,88305471.0
2016-12-30,sh.600187,5.4,5.45,5.37,5.39,13737262,74345248.0
2017-01-03,sh.600187,5.44,5.49,5.39,5.43,24492047,132991560.0
2017-01-04,sh.600187,5.43,5.59,5.41,5.53,37820654,208004506.0
2017-01-05,sh.600187,5.51,5.54,5.46,5.49,25584547,140543356.0
2017-01-06,sh.600187,5.47,5.58,5.41,5.52,40548859,223464535.0
2017-01-09,sh.600187,5.47,5.52,5.41,5.51,27080708,148018061.0
2017-01-10,sh.600187,5.49,5.58,5.49,5.54,33476425,185336559.0
2017-01-11,sh.600187,5.51,5.52,5.37,5.38,33898676,184242761.0
2017-01-12,sh.600187,5.36,5.39,5.22,5.24,24220410,128831594.0
2017-01-13,sh.600187,5.21,5.27,5.09,5.12,21380764,110563130.0
2017-01-16,sh.600187,5.12,5.12,4.61,4.84,33349637,162791373.0
2017-01-17,sh.600187,4.82,4.91,4.74,4.9,17223436,83229327.0
2017-01-18,sh.600187,4.88,5.18,4.84,4.99,29355357,147426912.0
2017-01-19,sh.600187,5.03,5.12,4.99,5.02,20449686,103318027.0
2017-01-20,sh.600187,4.96,5.06,4.95,5.03,15707819,78818217.0
2017-01-23,sh.600187,5.02,5.06,5.0,5.06,15127368,76266238.0
2017-01-24,sh.600187,5.05,5.05,4.98,5.0,11533853,57758800.0
2017-01-25,sh.600187,5.0,5.19,5.0,5.13,27522760,140234320.0
2017-01-26,sh.600187,5.11,5.12,5.05,5.07,18142071,92113963.0
2017-02-03,sh.600187,5.08,5.09,5.03,5.04,7785800,39324610.0
2017-02-06,sh.600187,5.05,5.13,5.04,5.1,15266823,77615972.0
2017-02-07,sh.600187,5.08,5.13,5.07,5.12,20551450,104922376.0
2017-02-08,sh.600187,5.1,5.14,5.06,5.13,15781317,80478956.0
2017-02-09,sh.600187,5.12,5.24,5.11,5.2,31748981,164831925.0
2017-02-10,sh.600187,5.18,5.21,5.15,5.18,23429326,121384759.0
2017-02-13,sh.600187,5.18,5.24,5.17,5.21,19490790,101504951.0
2017-02-14,sh.600187,5.2,5.2,5.16,5.19,17019062,88132058.0
2017-02-15,sh.600187,5.18,5.25,5.16,5.18,25949166,135120775.0
2017-02-16,sh.600187,5.16,5.35,5.15,5.26,42507535,223083732.0
2017-02-17,sh.600187,5.23,5.43,5.17,5.33,57910556,307056448.0
2017-02-20,sh.600187,5.26,5.38,5.25,5.37,36682189,195812129.0
2017-02-21,sh.600187,5.35,5.38,5.3,5.37,29864666,159291666.0
2017-02-22,sh.600187,5.37,5.46,5.34,5.42,39821360,215243879.0
2017-02-23,sh.600187,5.43,5.48,5.35,5.38,32994554,178255954.0
2017-02-24,sh.600187,5.35,5.38,5.3,5.35,23146801,123420394.0
2017-02-27,sh.600187,5.44,5.55,5.41,5.42,55247941,302791440.0
2017-02-28,sh.600187,5.4,5.65,5.34,5.57,72953562,402793152.0
2017-03-01,sh.600187,5.5,6.09,5.5,5.76,124257967,718860992.0
2017-03-02,sh.600187,5.7,5.82,5.61,5.69,72408540,412431648.0
2017-03-03,sh.600187,5.65,5.74,5.58,5.6,42253303,238360016.0
2017-03-06,sh.600187,5.6,5.73,5.58,5.71,41895166,236115125.0
2017-03-07,sh.600187,6.28,6.28,6.1,6.28,234871657,1472062816.0
2017-03-08,sh.600187,6.2,6.48,6.09,6.45,272396672,1713051184.0
2017-03-09,sh.600187,6.3,6.35,6.17,6.25,132133567,825787056.0
2017-03-10,sh.600187,6.21,6.25,6.05,6.07,103333683,633016768.0
2017-03-13,sh.600187,6.07,6.18,5.91,6.15,101915827,615320352.0
2017-03-14,sh.600187,6.08,6.1,5.92,5.93,84267283,505769616.0
2017-03-15,sh.600187,5.9,6.08,5.83,6.0,73319017,436984352.0
2017-03-16,sh.600187,5.95,6.12,5.95,6.04,72834795,441253392.0
2017-03-17,sh.600187,6.03,6.08,5.93,5.95,59579621,357766496.0
2017-03-20,sh.600187,5.94,6.02,5.85,5.93,45949537,272527648.0
2017-03-21,sh.600187,5.91,5.99,5.88,5.93,30026835,177876317.0
2017-03-22,sh.600187,5.88,5.9,5.74,5.84,53221524,309776688.0
2017-03-23,sh.600187,5.83,5.94,5.8,5.9,51727119,304100240.0
2017-03-24,sh.600187,5.92,6.26,5.89,6.09,97523262,595791024.0
2017-03-27,sh.600187,6.02,6.08,6.01,6.03,44575604,268836000.0
2017-03-28,sh.600187,6.06,6.18,6.02,6.05,50104126,304940544.0
2017-03-29,sh.600187,6.01,6.05,5.89,5.9,49560200,294521632.0
2017-03-30,sh.600187,5.82,5.87,5.7,5.71,44746058,258528530.0
2017-03-31,sh.600187,5.7,5.79,5.66,5.78,27521512,157232495.0
2017-04-05,sh.600187,5.78,6.16,5.75,6.01,66212746,397882128.0
2017-04-06,sh.600187,5.98,6.01,5.93,5.95,37690868,224846332.0
2017-04-07,sh.600187,5.95,6.41,5.91,6.21,115138756,710082032.0
2017-04-10,sh.600187,6.25,6.36,6.11,6.22,104916725,655585200.0
2017-04-11,sh.600187,6.28,6.7,6.1,6.5,151990418,966900352.0
2017-04-12,sh.600187,6.38,6.43,6.18,6.19,89246295,561097920.0
2017-04-13,sh.600187,6.14,6.49,6.12,6.35,95650636,608703008.0
2017-04-14,sh.600187,6.45,6.51,6.18,6.2,61710642,386997440.0
2017-04-17,sh.600187,6.14,6.24,6.03,6.07,43626926,266643934.0
2017-04-18,sh.600187,6.09,6.12,5.85,5.88,41404334,248537324.0
2017-04-19,sh.600187,5.86,6.03,5.8,5.95,39549835,233507051.0
2017-04-20,sh.600187,6.2,6.37,5.9,5.91,64634616,393991008.0
2017-04-21,sh.600187,5.8,5.93,5.74,5.82,40814383,237858170.0
2017-04-24,sh.600187,5.76,5.82,5.41,5.53,36954813,208721889.0
2017-04-25,sh.600187,5.57,5.69,5.51,5.61,28948601,162398030.0
2017-04-26,sh.600187,5.6,5.76,5.53,5.75,51579308,290885088.0
2017-04-27,sh.600187,5.68,5.9,5.55,5.81,56608317,325180176.0
2017-04-28,sh.600187,5.73,5.92,5.71,5.86,43723587,255872374.0
2017-05-02,sh.600187,5.9,5.95,5.81,5.86,30340000,177920412.0
2017-05-03,sh.600187,5.82,5.94,5.71,5.86,56515335,329859072.0
2017-05-04,sh.600187,5.87,6.02,5.82,5.89,57915890,342696864.0
2017-05-05,sh.600187,5.84,5.93,5.71,5.76,42112977,243953813.0
2017-05-08,sh.600187,5.71,5.74,5.56,5.57,29286151,165179477.0
2017-05-09,sh.600187,5.57,5.64,5.52,5.61,17509764,97952729.0
2017-05-10,sh.600187,5.62,5.67,5.05,5.11,63609769,339242176.0
2017-05-11,sh.600187,5.0,5.08,4.82,5.06,41968212,208162397.0
2017-05-12,sh.600187,5.03,5.21,4.99,5.13,28221401,143765802.0
2017-05-15,sh.600187,5.13,5.23,5.08,5.12,19896375,102711911.0
2017-05-16,sh.600187,5.11,5.34,5.03,5.31,34003417,176253244.0
2017-05-17,sh.600187,5.29,5.36,5.24,5.34,33644954,178271090.0
2017-05-18,sh.600187,5.28,5.32,5.2,5.21,22356176,117518079.0
2017-05-19,sh.600187,5.23,5.28,5.17,5.25,16415182,85529941.0
2017-05-22,sh.600187,5.21,5.23,5.08,5.13,16763779,86288493.0
2017-05-23,sh.600187,5.1,5.12,4.91,4.94,26073438,131048852.0
2017-05-24,sh.600187,4.91,5.01,4.82,5.01,15155895,74852595.0
2017-05-25,sh.600187,5.0,5.1,4.95,5.07,18688546,94073831.0
2017-05-26,sh.600187,5.06,5.09,5.03,5.03,13418737,67952915.0
2017-05-31,sh.600187,5.08,5.12,5.02,5.03,13550957,68665662.0
2017-06-01,sh.600187,5.01,5.06,4.94,4.94,15617900,77914972.0
2017-06-02,sh.600187,4.94,5.07,4.87,5.05,17586202,87804134.0
2017-06-05,sh.600187,5.06,5.24,5.03,5.16,29964637,154368362.0
2017-06-06,sh.600187,5.09,5.19,5.07,5.13,14513142,74350098.0
2017-06-07,sh.600187,5.12,5.22,5.09,5.2,23092812,119574453.0
2017-06-08,sh.600187,5.2,5.23,5.0,5.1,31537957,161398998.0
2017-06-09,sh.600187,5.07,5.16,5.04,5.14,20771298,106183146.0
2017-06-12,sh.600187,5.1,5.1,5.03,5.03,15615388,79069604.0
2017-06-13,sh.600187,5.02,5.19,5.01,5.11,19778343,101151798.0
2017-06-14,sh.600187,5.12,5.19,5.07,5.13,17202840,88264033.0
2017-06-15,sh.600187,5.09,5.17,5.09,5.14,16285718,83832657.0
2017-06-16,sh.600187,5.15,5.31,5.13,5.24,33559024,174837587.0
2017-06-19,sh.600187,5.2,5.24,5.17,5.2,18251036,94777411.0
2017-06-20,sh.600187,5.16,5.22,5.16,5.19,14366956,74515706.0
2017-06-21,sh.600187,5.19,5.21,5.14,5.19,12272642,63512049.0
2017-06-22,sh.600187,5.2,5.2,4.96,5.01,44159413,224116598.0
2017-06-23,sh.600187,5.0,5.06,4.98,5.05,21654888,108754220.0
2017-06-26,sh.600187,5.05,5.06,5.01,5.06,15141229,76287700.0
2017-06-27,sh.600187,5.06,5.11,5.03,5.08,17616455,89276842.0
2017-06-28,sh.600187,5.05,5.1,5.02,5.05,13967358,70581193.0
2017-06-29,sh.600187,5.04,5.08,5.03,5.07,12075652,60990775.0
2017-06-30,sh.600187,5.06,5.07,5.03,5.05,9147500,46163743.0
2017-07-03,sh.600187,5.05,5.1,5.04,5.08,13817510,70142112.0
2017-07-04,sh.600187,5.08,5.09,5.04,5.09,11223315,56842804.0
2017-07-05,sh.600187,5.08,5.1,5.06,5.1,11298947,57397696.0
2017-07-06,sh.600187,5.09,5.1,5.05,5.08,13996650,70971317.0
2017-07-07,sh.600187,5.05,5.09,5.05,5.08,13448699,68227745.0
2017-07-10,sh.600187,5.04,5.26,5.03,5.24,51316758,265170648.0
2017-07-11,sh.600187,5.25,5.32,5.13,5.14,50016363,261902143.0
2017-07-12,sh.600187,5.08,5.11,5.02,5.09,25523380,129283843.0
2017-07-13,sh.600187,5.05,5.09,5.04,5.08,13428952,68040125.0
2017-07-14,sh.600187,5.03,5.04,4.96,4.98,28055447,140188772.0
2017-07-17,sh.600187,4.97,4.98,4.51,4.54,35977253,168570165.0
2017-07-18,sh.600187,4.55,4.59,4.48,4.56,21052422,95441570.0
2017-07-19,sh.600187,4.56,4.62,4.52,4.61,17141598,78294936.0
2017-07-20,sh.600187,4.62,4.68,4.58,4.64,15867458,73655836.0
2017-07-21,sh.600187,4.64,4.68,4.59,4.65,13842710,64237110.0
2017-07-24,sh.600187,4.61,4.69,4.61,4.66,13891365,64622697.0
2017-07-25,sh.600187,4.63,4.65,4.56,4.58,13863528,63703578.0
2017-07-26,sh.600187,4.58,4.59,4.5,4.53,13900600,63031407.0
2017-07-27,sh.600187,4.52,4.62,4.51,4.6,14385250,65724262.0
2017-07-28,sh.600187,4.59,4.59,4.55,4.57,11614097,53065404.0
2017-07-31,sh.600187,4.56,4.6,4.53,4.56,15493079,70777905.0
2017-08-01,sh.600187,4.57,4.6,4.56,4.6,14727351,67433343.0
2017-08-02,sh.600187,4.59,4.6,4.54,4.54,14433941,65811855.0
2017-08-03,sh.600187,4.55,4.62,4.51,4.58,19632468,89765096.0
2017-08-04,sh.600187,4.58,4.59,4.53,4.56,19143350,87368985.0
2017-08-07,sh.600187,4.55,4.59,4.54,4.58,11983173,54748540.0
2017-08-08,sh.600187,4.58,4.6,4.55,4.58,12494181,57141337.0
2017-08-09,sh.600187,4.58,4.66,4.56,4.6,28588734,131785481.0
2017-08-10,sh.600187,4.57,4.59,4.51,4.53,17890401,81313665.0
2017-08-11,sh.600187,4.5,4.51,4.41,4.43,20624755,91563943.0
2017-08-14,sh.600187,4.41,4.51,4.41,4.49,12929025,57756982.0
2017-08-15,sh.600187,4.5,4.63,4.48,4.58,29564463,134912911.0
2017-08-16,sh.600187,4.59,4.64,4.54,4.58,18342974,83919810.0
2017-08-17,sh.600187,4.56,4.64,4.56,4.62,18834709,86549622.0
2017-08-18,sh.600187,4.6,4.68,4.58,4.64,24129500,111852797.0
2017-08-21,sh.600187,4.64,4.68,4.61,4.63,19977256,92609586.0
2017-08-22,sh.600187,4.63,4.69,4.61,4.66,23188550,107897480.0
2017-08-23,sh.600187,4.68,4.68,4.57,4.58,20626914,95293373.0
2017-08-24,sh.600187,4.58,4.62,4.55,4.56,14087300,64490076.0
2017-08-25,sh.600187,4.56,4.61,4.55,4.6,16330307,74856992.0
2017-08-28,sh.600187,4.58,4.67,4.58,4.66,23553403,109122139.0
2017-08-29,sh.600187,4.65,4.7,4.62,4.64,22982315,106872129.0
2017-08-30,sh.600187,4.65,4.69,4.62,4.64,20399216,94777032.0
2017-08-31,sh.600187,4.63,4.65,4.59,4.6,14582166,67249530.0
2017-09-01,sh.600187,4.61,4.66,4.6,4.65,20503721,95095388.0
2017-09-04,sh.600187,4.65,4.68,4.61,4.66,24813072,115444061.0
2017-09-05,sh.600187,4.67,4.76,4.63,4.75,44637690,209752779.0
2017-09-06,sh.600187,4.75,4.95,4.67,4.82,65515320,315373664.0
2017-09-07,sh.600187,4.76,4.83,4.71,4.73,34794356,165840095.0
2017-09-08,sh.600187,4.71,4.74,4.68,4.7,16287831,76656518.0
2017-09-11,sh.600187,4.7,4.75,4.69,4.72,15022515,70862890.0
2017-09-12,sh.600187,4.73,4.74,4.66,4.71,22486704,105550831.0
2017-09-13,sh.600187,4.71,4.72,4.67,4.69,13727354,64354827.0
2017-09-14,sh.600187,4.7,4.7,4.66,4.68,14688158,68724410.0
2017-09-15,sh.600187,4.68,4.69,4.64,4.69,13993755,65325978.0
2017-09-18,sh.600187,4.67,4.68,4.65,4.66,10803305,50369728.0
2017-09-19,sh.600187,4.67,4.7,4.66,4.68,12489550,58481787.0
2017-09-20,sh.600187,4.67,4.68,4.64,4.68,12383574,57717037.0
2017-09-21,sh.600187,4.67,4.68,4.62,4.64,14279320,66332776.0
2017-09-22,sh.600187,4.63,4.64,4.56,4.57,12699400,58121283.0
2017-09-25,sh.600187,4.55,4.56,4.48,4.49,13872162,62628494.0
2017-09-26,sh.600187,4.47,4.51,4.47,4.5,7222450,32457005.0
2017-09-27,sh.600187,4.49,4.53,4.49,4.51,6364080,28698899.0
2017-09-28,sh.600187,4.5,4.52,4.46,4.47,8243701,36959925.0
2017-09-29,sh.600187,4.47,4.52,4.47,4.5,6939403,31233905.0
2017-10-09,sh.600187,4.52,4.58,4.51,4.55,11115705,50542951.0
2017-10-10,sh.600187,4.56,4.57,4.53,4.56,8786806,39955855.0
2017-10-11,sh.600187,4.56,4.6,4.54,4.58,12302480,56306637.0
2017-10-12,sh.600187,4.56,4.58,4.53,4.55,8510799,38767212.0
2017-10-13,sh.600187,4.54,4.7,4.52,4.7,38100295,176515735.0
2017-10-16,sh.600187,4.67,4.67,4.57,4.57,21346931,98572630.0
2017-10-17,sh.600187,4.55,4.61,4.54,4.57,8693200,39780049.0
2017-10-18,sh.600187,4.57,4.63,4.53,4.55,11503250,52737590.0
2017-10-19,sh.600187,4.55,4.55,4.46,4.49,13733204,61740260.0
2017-10-20,sh.600187,4.48,4.53,4.47,4.51,6493870,29261839.0
2017-10-23,sh.600187,4.51,4.59,4.5,4.55,8323196,37846664.0
2017-10-24,sh.600187,4.55,4.55,4.49,4.52,7667758,34558193.0
2017-10-25,sh.600187,4.5,4.57,4.5,4.55,7871952,35732681.0
2017-10-26,sh.600187,4.55,4.55,4.52,4.55,8752205,39695623.0
2017-10-27,sh.600187,4.55,4.56,4.47,4.47,12349411,55691420.0
2017-10-30,sh.600187,4.46,4.49,4.18,4.3,17639159,76299365.0
2017-10-31,sh.600187,4.3,4.33,4.25,4.31,8874800,38014367.0
2017-11-01,sh.600187,4.31,4.39,4.27,4.34,15828250,68433029.0
2017-11-02,sh.600187,4.35,4.35,4.25,4.26,11463435,49091940.0
2017-11-03,sh.600187,4.55,4.63,4.27,4.32,25330595,111678332.0
2017-11-06,sh.600187,4.26,4.36,4.26,4.35,14948695,64597033.0
2017-11-07,sh.600187,4.39,4.54,4.37,4.54,30974144,138208798.0
2017-11-08,sh.600187,4.5,4.94,4.48,4.68,85766550,404117234.0
2018-03-20,sh.600187,4.21,4.49,4.21,4.48,60823750,264374966.0
2018-03-21,sh.600187,4.41,4.93,4.35,4.93,40543457,192511797.0
2018-03-22,sh.600187,5.42,5.42,5.32,5.42,49273655,266805428.0
2018-03-23,sh.600187,5.43,5.69,5.14,5.25,218519234,1185706470.0
2018-03-26,sh.600187,4.8,4.99,4.73,4.94,121611997,587294361.0
2018-03-27,sh.600187,4.93,5.04,4.85,4.94,89424410,441165520.0
2018-03-28,sh.600187,4.75,4.83,4.61,4.66,73947248,348721188.0
2018-03-29,sh.600187,4.68,4.76,4.63,4.69,44381888,208067845.0
2018-03-30,sh.600187,4.7,4.71,4.5,4.61,58643450,269556601.0
2018-04-02,sh.600187,4.61,4.79,4.53,4.72,70233616,326423293.0
2018-04-03,sh.600187,4.59,4.62,4.51,4.53,41330795,188664075.0
2018-04-04,sh.600187,4.56,4.58,4.41,4.44,34090930,153482446.0
2018-04-09,sh.600187,4.41,4.49,4.37,4.42,21422697,94977069.0
2018-04-10,sh.600187,4.44,4.47,4.35,4.46,29826554,131066611.0
2018-04-11,sh.600187,4.45,4.47,4.38,4.4,22945183,101485995.0
2018-04-12,sh.600187,4.4,4.4,4.3,4.31,25341574,110181520.0
2018-04-13,sh.600187,4.33,4.35,4.28,4.34,17966148,77597959.0
2018-04-16,sh.600187,4.3,4.33,4.24,4.26,17813861,76149651.0
2018-04-17,sh.600187,4.26,4.29,4.17,4.19,16880325,71364873.0
2018-04-18,sh.600187,4.23,4.23,4.05,4.13,21061193,86809490.0
2018-04-19,sh.600187,4.15,4.16,4.12,4.14,15522663,64229889.0
2018-04-20,sh.600187,4.12,4.13,3.95,3.98,25114409,101471079.0
2018-04-23,sh.600187,3.95,4.05,3.93,4.01,18796839,75132347.0
2018-04-24,sh.600187,3.99,4.07,3.98,4.04,11705564,47304948.0
2018-04-25,sh.600187,4.02,4.03,3.99,4.01,11690644,46859741.0
2018-04-26,sh.600187,4.02,4.03,3.87,3.88,16670303,65545036.0
2018-04-27,sh.600187,3.88,3.91,3.83,3.85,14265857,55004103.0
2018-05-02,sh.600187,3.84,3.88,3.69,3.72,18534578,69860776.0
2018-05-03,sh.600187,3.73,3.88,3.72,3.86,21456435,81647024.0
2018-05-04,sh.600187,3.85,3.89,3.79,3.79,13513070,51939833.0
2018-05-07,sh.600187,3.8,3.96,3.8,3.91,20595356,80007157.0
2018-05-08,sh.600187,3.89,3.92,3.86,3.9,14119562,54859616.0
2018-05-09,sh.600187,3.9,4.02,3.9,3.96,23673464,93749955.0
2018-05-10,sh.600187,3.96,3.96,3.9,3.93,11007117,43238653.0
2018-05-11,sh.600187,3.92,3.93,3.83,3.84,13382600,51638643.0
2018-05-14,sh.600187,3.84,3.87,3.76,3.8,9445869,36140498.0
2018-05-15,sh.600187,3.79,3.83,3.76,3.82,9061572,34396428.0
2018-05-16,sh.600187,3.8,3.84,3.78,3.83,9903118,37793318.0
2018-05-17,sh.600187,3.83,3.83,3.77,3.8,7284983,27638638.0
2018-05-18,sh.600187,3.8,3.87,3.76,3.86,11863584,45346616.0
2018-05-21,sh.600187,3.9,3.94,3.88,3.9,17199898,67237706.0
2018-05-22,sh.600187,3.92,3.92,3.87,3.88,11491602,44707256.0
2018-05-23,sh.600187,3.87,3.88,3.78,3.79,13241702,50682368.0
2018-05-24,sh.600187,3.79,3.9,3.75,3.84,17753345,67629516.0
2018-05-25,sh.600187,3.8,3.81,3.75,3.75,9878128,37258810.0
2018-05-28,sh.600187,3.76,3.79,3.7,3.71,7811802,29129157.0
2018-05-29,sh.600187,3.71,3.73,3.56,3.57,19083708,69085231.0
2018-05-30,sh.600187,3.54,3.54,3.23,3.25,22013107,74688840.0
2018-05-31,sh.600187,3.3,3.35,3.26,3.3,10932012,36013142.0
2018-06-01,sh.600187,3.29,3.37,3.27,3.31,9860912,32704493.0
2018-06-04,sh.600187,3.29,3.35,3.29,3.33,8160393,27174207.0
2018-06-05,sh.600187,3.33,3.42,3.31,3.4,10034858,33979728.0
2018-06-06,sh.600187,3.38,3.42,3.37,3.4,6208494,21082250.0
2018-06-07,sh.600187,3.4,3.42,3.37,3.38,6189948,20975178.0
2018-06-08,sh.600187,3.35,3.38,3.26,3.29,8964725,29574727.0
2018-06-11,sh.600187,3.36,3.37,3.29,3.31,6124100,20344119.0
2018-06-12,sh.600187,3.29,3.34,3.28,3.34,5445382,18070595.0
2018-06-20,sh.600187,3.01,3.04,3.01,3.03,15843679,47712508.0
2018-06-21,sh.600187,3.03,3.04,2.73,2.78,34494994,98271858.0
2018-06-22,sh.600187,2.78,2.79,2.66,2.76,15216372,41684305.0
2018-06-25,sh.600187,2.78,2.88,2.74,2.77,12767101,35761327.0
2018-06-26,sh.600187,2.7,2.8,2.67,2.78,10799445,29540362.0
2018-06-27,sh.600187,2.79,2.97,2.76,2.85,17145424,48891110.0
2018-06-28,sh.600187,2.81,2.87,2.77,2.79,9232470,26033581.0
2018-06-29,sh.600187,2.78,2.85,2.77,2.84,11980795,33816462.0
2018-07-02,sh.600187,2.82,2.86,2.76,2.79,11035171,31076064.0
2018-07-03,sh.600187,2.77,2.86,2.77,2.84,8626549,24240488.0
2018-07-04,sh.600187,2.84,2.84,2.73,2.76,8733271,24361832.0
2018-07-05,sh.600187,2.76,2.79,2.71,2.72,8473734,23374401.0
2018-07-06,sh.600187,2.73,2.77,2.66,2.73,8836000,24080614.0
2018-07-09,sh.600187,2.73,2.79,2.73,2.79,6867025,18992922.0
2018-07-10,sh.600187,2.79,2.85,2.77,2.82,8175301,22934036.0
2018-07-11,sh.600187,2.8,2.8,2.69,2.73,8962077,24464453.0
2018-07-12,sh.600187,2.83,2.88,2.79,2.83,18024167,50964812.0
2018-07-13,sh.600187,2.79,2.88,2.79,2.85,16236903,46180711.0
2018-07-16,sh.600187,2.85,2.85,2.81,2.81,7936330,22355586.0
2018-07-17,sh.600187,2.82,2.83,2.76,2.79,12407164,34545042.0
2018-07-18,sh.600187,2.78,2.85,2.78,2.83,16473821,46603293.0
2018-07-19,sh.600187,2.83,2.83,2.77,2.8,9468572,26453053.0
2018-07-20,sh.600187,2.78,2.83,2.76,2.82,8272939,23191423.0
2018-07-23,sh.600187,2.81,2.85,2.8,2.84,9251039,26150625.0
2018-07-24,sh.600187,2.84,3.05,2.83,2.92,25891211,76045289.0
2018-07-25,sh.600187,2.9,3.0,2.89,2.97,21797252,64164560.0
2018-07-26,sh.600187,3.01,3.27,2.96,3.27,66401981,210591080.0
2018-07-27,sh.600187,3.29,3.29,3.07,3.09,56377996,177454764.0
2018-07-30,sh.600187,3.08,3.08,2.98,2.99,23291768,70380011.0
2018-07-31,sh.600187,3.02,3.05,2.99,3.0,13463487,40686973.0
2018-08-01,sh.600187,3.03,3.04,2.94,2.95,14454700,43139117.0
2018-08-02,sh.600187,2.93,2.94,2.82,2.87,16567367,47558337.0
2018-08-03,sh.600187,2.87,2.94,2.84,2.9,11386600,33031490.0
2018-08-06,sh.600187,2.88,2.92,2.83,2.86,9494200,27294053.0
2018-08-07,sh.600187,2.89,2.95,2.85,2.95,12768264,37170180.0
2018-08-08,sh.600187,2.96,3.12,2.92,3.04,31028514,94249249.0
2018-08-09,sh.600187,3.03,3.1,3.0,3.08,22086505,67703362.0
2018-08-10,sh.600187,3.05,3.16,3.02,3.14,27934281,86798571.0
2018-08-13,sh.600187,3.09,3.23,3.07,3.16,30047060,94990614.0
2018-08-14,sh.600187,3.15,3.2,3.12,3.12,13241900,41647949.0
2018-08-15,sh.600187,3.14,3.14,3.04,3.05,12302064,37814234.0
2018-08-16,sh.600187,3.02,3.1,2.98,3.04,12183774,37224517.0
2018-08-17,sh.600187,3.06,3.08,2.93,2.95,11072660,33175843.0
2018-08-20,sh.600187,2.95,2.99,2.92,2.98,6780028,20026145.0
2018-08-21,sh.600187,2.98,3.03,2.97,3.01,7152101,21451118.0
2018-08-22,sh.600187,3.0,3.02,2.97,2.98,5425400,16221527.0
2018-08-23,sh.600187,3.0,3.01,2.97,2.98,6444600,19263082.0
2018-08-24,sh.600187,2.98,2.98,2.95,2.97,5571100,16526544.0
2018-08-27,sh.600187,2.98,3.03,2.98,3.02,8806340,26460514.0
2018-08-28,sh.600187,3.03,3.03,3.01,3.02,6646300,20047003.0
2018-08-29,sh.600187,2.98,2.98,2.91,2.93,13849100,40591759.0
2018-08-30,sh.600187,2.92,3.01,2.87,2.99,15937155,46861685.0
2018-08-31,sh.600187,2.96,3.0,2.92,2.92,5995600,17713151.0
2018-09-03,sh.600187,2.92,2.95,2.89,2.93,4666000,13602763.0
2018-09-04,sh.600187,2.92,2.96,2.91,2.95,5496900,16154984.0
2018-09-05,sh.600187,2.95,2.95,2.91,2.91,3780100,11068516.0
2018-09-06,sh.600187,2.91,3.03,2.89,2.98,14577307,43330583.0
2018-09-07,sh.600187,2.95,3.01,2.93,2.98,12894101,38339811.0
2018-09-10,sh.600187,2.98,2.98,2.91,2.92,5998500,17659938.0
2018-09-11,sh.600187,2.91,2.95,2.9,2.92,4513300,13180762.0
2018-09-12,sh.600187,2.94,2.94,2.91,2.92,3042012,8881287.0
2018-09-13,sh.600187,2.94,2.94,2.9,2.92,4333702,12667831.0
2018-09-14,sh.600187,2.92,2.93,2.9,2.92,4171502,12146021.0
2018-09-17,sh.600187,2.91,2.95,2.84,2.91,7290150,21078738.0
2018-09-18,sh.600187,2.9,2.94,2.88,2.92,6406650,18661550.0
2018-09-19,sh.600187,2.92,2.96,2.91,2.95,6445902,18931093.0
2018-09-20,sh.600187,2.94,2.95,2.92,2.92,4656200,13648260.0
2018-09-21,sh.600187,2.93,2.95,2.91,2.94,5989402,17589496.0
2018-09-25,sh.600187,2.92,2.95,2.91,2.92,4416600,12922775.0
2018-09-26,sh.600187,2.92,2.95,2.92,2.94,6784200,19917737.0
2018-09-27,sh.600187,2.94,2.95,2.88,2.89,9410000,27457350.0
2018-09-28,sh.600187,2.91,2.92,2.88,2.89,5268800,15267955.0
2018-10-08,sh.600187,2.83,2.89,2.83,2.84,5901500,16898173.0
2018-10-09,sh.600187,2.85,2.89,2.84,2.85,3449500,9865758.0
2018-10-10,sh.600187,2.87,2.88,2.85,2.86,3478025,9964714.0
2018-10-11,sh.600187,2.77,2.81,2.57,2.57,16945600,44781189.0
2018-10-12,sh.600187,2.55,2.55,2.34,2.46,14713391,36250804.0
2018-10-15,sh.600187,2.46,2.49,2.4,2.4,5513000,13570788.0
2018-10-16,sh.600187,2.41,2.45,2.3,2.33,6856830,16327900.0
2018-10-17,sh.600187,2.36,2.39,2.32,2.37,7125750,16818460.0
2018-10-18,sh.600187,2.34,2.36,2.23,2.24,10708540,24546425.0
2018-10-19,sh.600187,2.24,2.32,2.12,2.29,10750764,23990503.0
2018-10-22,sh.600187,2.32,2.46,2.31,2.41,13884115,33342625.0
2018-10-23,sh.600187,2.45,2.45,2.37,2.4,8944848,21551990.0
2018-10-24,sh.600187,2.39,2.43,2.37,2.39,5780359,13891478.0
2018-10-25,sh.600187,2.33,2.42,2.29,2.41,8310440,19599739.0
2018-10-26,sh.600187,2.41,2.43,2.39,2.43,9822400,23739752.0
2018-10-29,sh.600187,2.42,2.44,2.37,2.39,5953889,14286451.0
2018-10-30,sh.600187,2.39,2.42,2.36,2.41,5803519,13915051.0
2018-10-31,sh.600187,2.41,2.5,2.39,2.46,14745088,36082889.0
2018-11-01,sh.600187,2.45,2.5,2.44,2.44,11236825,27731575.0
2018-11-02,sh.600187,2.48,2.5,2.46,2.5,10861800,26966448.0
2018-11-05,sh.600187,2.5,2.74,2.49,2.63,25259474,65853800.0
2018-11-06,sh.600187,2.64,2.74,2.56,2.71,25674051,68166943.0
2018-11-07,sh.600187,2.69,2.72,2.63,2.65,18616884,49786917.0
2018-11-08,sh.600187,2.66,2.68,2.63,2.65,8345784,22118085.0
2018-11-09,sh.600187,2.64,2.67,2.61,2.64,7256700,19155915.0
2018-11-12,sh.600187,2.63,2.7,2.61,2.69,12573556,33518859.0
2018-11-13,sh.600187,2.68,2.96,2.65,2.87,45104818,128602092.0
2018-11-14,sh.600187,2.8,2.9,2.76,2.81,26976539,76257245.0
2018-11-15,sh.600187,2.86,3.08,2.86,3.0,49015807,146340282.0
2018-11-16,sh.600187,3.17,3.3,3.04,3.06,69651422,221004239.0
2018-11-19,sh.600187,3.19,3.26,3.04,3.11,47842793,149481537.0
2018-11-20,sh.600187,3.03,3.06,2.94,2.94,33997948,101773634.0
2018-11-21,sh.600187,2.93,3.12,2.92,3.07,36659956,111286966.0
2018-11-22,sh.600187,3.13,3.27,3.04,3.18,48158311,152452037.0
2018-11-23,sh.600187,3.14,3.14,2.86,2.87,46029732,136960991.0
2018-11-26,sh.600187,2.9,3.02,2.82,2.98,27070845,79325592.0
2018-11-27,sh.600187,3.02,3.06,2.88,3.03,33657003,99985523.0
2018-11-28,sh.600187,2.97,3.0,2.9,2.95,21731091,64104408.0
2018-11-29,sh.600187,2.95,3.0,2.83,2.84,18858443,55083361.0
2018-11-30,sh.600187,2.8,2.86,2.73,2.83,13950543,39229682.0
2018-12-03,sh.600187,2.9,2.97,2.86,2.91,21239049,62232549.0
2018-12-04,sh.600187,2.89,3.07,2.89,2.99,31055819,92662758.0
2018-12-05,sh.600187,2.93,3.03,2.87,3.02,36187299,106749080.0
2018-12-06,sh.600187,2.96,3.11,2.94,2.96,31313892,94002187.0
2018-12-07,sh.600187,3.01,3.04,2.87,2.94,21317700,62683382.0
2018-12-10,sh.600187,2.89,2.92,2.82,2.82,16590210,47543920.0
2018-12-11,sh.600187,2.83,2.85,2.78,2.83,12839925,36162568.0
2018-12-12,sh.600187,2.82,2.86,2.8,2.81,11377703,32088290.0
2018-12-13,sh.600187,2.81,2.84,2.77,2.81,12841284,36088535.0
2018-12-14,sh.600187,2.8,2.8,2.65,2.74,21286765,58015825.0
2018-12-17,sh.600187,2.71,2.73,2.66,2.7,7265632,19595354.0
2018-12-18,sh.600187,2.7,2.71,2.6,2.65,9612880,25544208.0
2018-12-19,sh.600187,2.67,2.7,2.63,2.66,7898298,21034371.0
2018-12-20,sh.600187,2.63,2.68,2.63,2.68,6458700,17167241.0
2018-12-21,sh.600187,2.66,2.67,2.62,2.63,5719614,15115425.0
2018-12-24,sh.600187,2.62,2.67,2.61,2.64,4880900,12878162.0
2018-12-25,sh.600187,2.62,2.62,2.5,2.57,9628975,24552674.0
2018-12-26,sh.600187,2.56,2.59,2.51,2.56,7892760,20107075.0
2018-12-27,sh.600187,2.59,2.61,2.46,2.47,8500900,21599813.0
2018-12-28,sh.600187,2.49,2.51,2.44,2.47,6497570,16117145.0
2019-01-02,sh.600187,2.49,2.5,2.46,2.47,4963000,12315780.0
2019-01-03,sh.600187,2.49,2.54,2.48,2.5,5981800,14992907.0
2019-01-04,sh.600187,2.48,2.62,2.45,2.6,15583472,40110582.0
2019-01-07,sh.600187,2.61,2.65,2.59,2.64,11585991,30426652.0
2019-01-08,sh.600187,2.64,2.68,2.62,2.66,10767481,28559693.0
2019-01-09,sh.600187,2.66,2.69,2.64,2.65,10081969,26958762.0
2019-01-10,sh.600187,2.67,2.87,2.64,2.78,31690996,87407031.0
2019-01-11,sh.600187,2.75,2.85,2.74,2.79,24050493,67067711.0
2019-01-14,sh.600187,2.76,2.79,2.72,2.74,12086026,33188461.0
2019-01-15,sh.600187,2.71,2.75,2.68,2.74,10436268,28402049.0
2019-01-16,sh.600187,2.73,2.81,2.72,2.75,14597194,40415260.0
2019-01-17,sh.600187,2.76,2.86,2.73,2.79,20950026,58863731.0
2019-01-18,sh.600187,2.77,2.81,2.74,2.78,11920015,32989517.0
2019-01-21,sh.600187,2.78,2.79,2.75,2.78,10074808,27888764.0
2019-01-22,sh.600187,2.78,2.78,2.7,2.71,9855741,26951868.0
2019-01-23,sh.600187,2.72,2.98,2.7,2.98,52033765,151054908.0
2019-01-24,sh.600187,3.16,3.16,2.88,2.93,67881265,204878054.0
2019-01-25,sh.600187,2.89,3.08,2.86,2.94,51910986,154233286.0
2019-01-28,sh.600187,2.9,2.95,2.77,2.82,34217100,97629695.0
2019-01-29,sh.600187,2.83,2.84,2.58,2.7,24904507,67456507.0
2019-01-30,sh.600187,2.66,2.71,2.58,2.6,15537707,41187396.0
2019-01-31,sh.600187,2.62,2.65,2.51,2.53,13943529,36072587.0
2019-02-01,sh.600187,2.56,2.62,2.56,2.62,8747026,22722276.0
2019-02-11,sh.600187,2.64,2.71,2.63,2.71,10077640,27001548.0
2019-02-12,sh.600187,2.71,2.77,2.68,2.76,14524835,39814923.0
2019-02-13,sh.600187,2.76,2.85,2.73,2.81,21243560,59457250.0
2019-02-14,sh.600187,2.81,2.94,2.79,2.84,23277850,66577576.0
2019-02-15,sh.600187,2.84,2.87,2.81,2.84,16767007,47611682.0
2019-02-18,sh.600187,2.85,2.92,2.84,2.92,24542861,70977682.0
2019-02-19,sh.600187,2.99,3.03,2.87,2.92,30444315,89860773.0
2019-02-20,sh.600187,2.91,2.97,2.87,2.93,20455661,59682898.0
2019-02-21,sh.600187,2.92,3.04,2.9,2.96,36620658,108835890.0
2019-02-22,sh.600187,2.98,3.08,2.94,3.06,40175907,121508047.0
2019-02-25,sh.600187,3.06,3.22,3.03,3.16,55691886,174906763.0
2019-02-26,sh.600187,3.18,3.38,3.13,3.28,74487144,240793301.0
2019-02-27,sh.600187,3.3,3.39,3.18,3.33,86790990,285273256.0
2019-02-28,sh.600187,3.28,3.32,3.16,3.18,60264552,194917479.0
2019-03-01,sh.600187,3.16,3.2,3.08,3.18,42236811,132521805.0
2019-03-04,sh.600187,3.24,3.4,3.18,3.3,83249223,274680028.0
2019-03-05,sh.600187,3.26,3.58,3.25,3.46,97664210,332987796.0
2019-03-06,sh.600187,3.45,3.5,3.35,3.47,80058254,274263848.0
2019-03-07,sh.600187,3.47,3.72,3.41,3.62,100304256,359839696.0
2019-03-08,sh.600187,3.51,3.58,3.26,3.26,86972296,298345143.0
2019-03-11,sh.600187,3.3,3.48,3.25,3.41,45729056,153907382.0
2019-03-12,sh.600187,3.46,3.67,3.42,3.54,83047653,293027491.0
2019-03-13,sh.600187,3.77,3.89,3.77,3.89,36758788,142614123.0
2019-03-14,sh.600187,4.06,4.06,3.52,3.61,154829538,592836596.0
2019-03-15,sh.600187,3.49,3.97,3.49,3.84,148275365,559106081.0
2019-03-18,sh.600187,3.74,3.79,3.55,3.73,87880050,322506852.0
2019-03-19,sh.600187,3.62,3.84,3.61,3.75,63569890,235851213.0
2019-03-20,sh.600187,3.7,3.76,3.6,3.7,48993672,180075545.0
2019-03-21,sh.600187,3.7,3.82,3.64,3.77,71318707,266799573.0
2019-03-22,sh.600187,3.77,3.8,3.64,3.76,56807812,211120095.0
2019-03-25,sh.600187,3.62,3.68,3.57,3.58,53248226,192805537.0
2019-03-26,sh.600187,3.6,3.63,3.39,3.41,41062780,142822284.0
2019-03-27,sh.600187,3.43,3.46,3.3,3.43,26204416,88677133.0
2019-03-28,sh.600187,3.4,3.42,3.27,3.28,27140006,90961031.0
2019-03-29,sh.600187,3.3,3.42,3.29,3.41,31801483,106702009.0
2019-04-01,sh.600187,3.37,3.52,3.36,3.49,38071525,132077244.0
2019-04-02,sh.600187,3.5,3.57,3.47,3.5,32987041,116092874.0
2019-04-03,sh.600187,3.5,3.55,3.46,3.54,29908692,105115489.0
2019-04-04,sh.600187,3.54,3.58,3.5,3.52,28639043,101289632.0
2019-04-08,sh.600187,3.53,3.55,3.38,3.43,34882224,121023964.0
2019-04-09,sh.600187,3.43,3.53,3.38,3.52,24993732,86675708.0
2019-04-10,sh.600187,3.52,3.66,3.49,3.56,41944637,149410284.0
2019-04-11,sh.600187,3.55,3.64,3.5,3.5,27697100,98571284.0
2019-04-12,sh.600187,3.47,3.54,3.43,3.49,27006331,94042455.0
2019-04-15,sh.600187,3.54,3.58,3.43,3.44,26909604,94725142.0
2019-04-16,sh.600187,3.41,3.51,3.4,3.5,20487644,70787665.0
2019-04-17,sh.600187,3.51,3.53,3.48,3.49,31212207,109376167.0
2019-04-18,sh.600187,3.49,3.54,3.46,3.48,22533423,78821725.0
2019-04-19,sh.600187,3.52,3.63,3.5,3.58,46810175,166855994.0
2019-04-22,sh.600187,3.53,3.59,3.49,3.51,26858620,94781181.0
2019-04-23,sh.600187,3.5,3.5,3.4,3.42,20396697,70321774.0
2019-04-24,sh.600187,3.42,3.46,3.36,3.45,16702406,57065735.0
2019-04-25,sh.600187,3.42,3.44,3.3,3.3,20127804,67527466.0
2019-04-26,sh.600187,3.28,3.28,3.2,3.21,17776735,57327433.0
2019-04-29,sh.600187,3.2,3.21,2.98,3.02,22138200,68079446.0
2019-04-30,sh.600187,3.05,3.12,3.02,3.12,11439641,35087022.0
2019-05-06,sh.600187,3.03,3.05,2.81,2.82,26244863,76729463.0
2019-05-07,sh.600187,2.82,2.92,2.82,2.91,17796430,51153703.0
2019-05-08,sh.600187,2.86,2.92,2.82,2.9,10776491,31123420.0
2019-05-09,sh.600187,2.86,2.93,2.85,2.93,9065340,26244888.0
2019-05-10,sh.600187,2.93,3.0,2.87,2.98,16225651,48006983.0
2019-05-13,sh.600187,2.96,2.97,2.92,2.94,7850128,23104117.0
2019-05-14,sh.600187,2.9,3.05,2.87,2.94,17844843,52770410.0
2019-05-15,sh.600187,2.94,2.98,2.93,2.97,13026602,38444681.0
2019-05-16,sh.600187,2.96,2.99,2.95,2.97,8883150,26384690.0
2019-05-17,sh.600187,2.98,2.98,2.83,2.85,12829913,37305670.0
2019-05-20,sh.600187,2.85,2.86,2.74,2.82,9340185,26143129.0
2019-05-21,sh.600187,2.82,2.89,2.81,2.87,8109730,23179429.0
2019-05-22,sh.600187,2.88,2.9,2.8,2.81,9952200,28238906.0
2019-05-23,sh.600187,2.8,2.81,2.74,2.76,9717700,26885756.0
2019-05-24,sh.600187,2.74,2.78,2.73,2.74,5345550,14700814.0
2019-05-27,sh.600187,2.75,2.8,2.73,2.79,8743600,24188912.0
2019-05-28,sh.600187,2.79,2.85,2.78,2.78,8387600,23616271.0
2019-05-29,sh.600187,2.77,2.81,2.76,2.78,6489308,18075527.0
2019-05-30,sh.600187,2.77,2.78,2.7,2.75,8109361,22217748.0
2019-05-31,sh.600187,2.75,2.78,2.74,2.78,7210450,19925978.0
2019-06-03,sh.600187,2.77,2.78,2.7,2.71,7851882,21424300.0
2019-06-04,sh.600187,2.77,2.98,2.74,2.98,67819920,200473947.0
2019-06-05,sh.600187,2.93,3.0,2.88,2.89,51656749,151231931.0
2019-06-06,sh.600187,2.86,2.88,2.76,2.8,26808637,75294415.0
2019-06-10,sh.600187,2.81,2.82,2.75,2.79,16614563,46236388.0
2019-06-11,sh.600187,2.78,2.98,2.76,2.91,31025524,89605721.0
2019-06-12,sh.600187,2.87,2.91,2.85,2.86,19791321,56728821.0
2019-06-13,sh.600187,2.84,2.94,2.84,2.89,14597082,42295375.0
2019-06-14,sh.600187,2.88,2.9,2.8,2.81,12849266,36710554.0
2019-06-17,sh.600187,2.8,2.86,2.79,2.84,6535443,18478755.0
2019-06-18,sh.600187,2.86,2.9,2.83,2.89,9964285,28535917.0
2019-06-19,sh.600187,2.91,2.96,2.88,2.89,15860265,46154854.0
2019-06-20,sh.600187,2.89,3.0,2.89,2.97,27592199,81472026.0
2019-06-21,sh.600187,2.95,3.27,2.95,3.17,88457907,280458309.0
2019-06-24,sh.600187,3.1,3.11,2.99,3.04,58067249,176968602.0
2019-06-25,sh.600187,3.03,3.04,2.95,2.98,26466001,79105650.0
2019-06-26,sh.600187,2.97,3.03,2.96,3.02,14603582,43924614.0
2019-06-27,sh.600187,3.01,3.04,2.99,2.99,15118700,45555328.0
2019-06-28,sh.600187,2.98,3.0,2.92,2.95,11466469,33898162.0
2019-07-01,sh.600187,3.0,3.05,2.99,3.04,16613082,50253354.0
2019-07-02,sh.600187,3.03,3.12,2.99,3.09,27217737,83368850.0
2019-07-03,sh.600187,3.06,3.15,3.03,3.09,25598047,79297460.0
2019-07-04,sh.600187,3.09,3.26,3.03,3.16,41052155,129113651.0
2019-07-05,sh.600187,3.11,3.15,3.05,3.07,22398726,69283739.0
2019-07-08,sh.600187,3.06,3.07,2.93,2.94,18932155,56503891.0
2019-07-09,sh.600187,2.92,2.98,2.92,2.96,7518330,22184977.0
2019-07-10,sh.600187,2.94,2.97,2.91,2.92,7154325,21003891.0
2019-07-11,sh.600187,2.94,2.96,2.91,2.93,7708800,22654989.0
2019-07-12,sh.600187,2.94,2.95,2.91,2.95,4698033,13771456.0
2019-07-15,sh.600187,2.94,2.97,2.89,2.94,8038130,23532162.0
2019-07-16,sh.600187,2.94,2.95,2.92,2.92,4359900,12774732.0
2019-07-17,sh.600187,2.92,2.95,2.92,2.94,4847686,14225301.0
2019-07-18,sh.600187,2.93,2.93,2.88,2.89,6142900,17832197.0
2019-07-19,sh.600187,2.92,2.94,2.89,2.9,5298005,15438822.0
2019-07-22,sh.600187,2.9,2.9,2.74,2.81,9314700,26224933.0
2019-07-23,sh.600187,2.8,2.89,2.8,2.89,5700025,16285339.0
2019-07-24,sh.600187,2.9,2.95,2.88,2.93,7020853,20580393.0
2019-07-25,sh.600187,2.95,2.97,2.93,2.94,6324772,18651581.0
2019-07-26,sh.600187,2.92,2.96,2.92,2.93,4083700,11978090.0
2019-07-29,sh.600187,2.94,2.95,2.9,2.91,4426900,12910778.0
2019-07-30,sh.600187,2.92,2.97,2.89,2.94,10760472,31621859.0
2019-07-31,sh.600187,2.93,3.05,2.9,2.95,12181900,36129840.0
2019-08-01,sh.600187,2.93,2.93,2.89,2.91,6575179,19136531.0
2019-08-02,sh.600187,2.83,2.87,2.8,2.84,8649200,24539079.0
2019-08-05,sh.600187,2.82,2.86,2.8,2.81,5869400,16564936.0
2019-08-06,sh.600187,2.77,2.77,2.63,2.72,10315009,27927876.0
2019-08-07,sh.600187,2.73,2.75,2.7,2.7,4059600,11063558.0
2019-08-08,sh.600187,2.7,2.73,2.7,2.7,4014700,10888515.0
2019-08-09,sh.600187,2.72,2.73,2.64,2.66,6190100,16581413.0
2019-08-12,sh.600187,2.67,2.7,2.66,2.7,3206309,8601804.0
2019-08-13,sh.600187,2.69,2.69,2.67,2.67,2693157,7213090.0
2019-08-14,sh.600187,2.71,2.72,2.68,2.69,3177800,8577428.0
2019-08-15,sh.600187,2.65,2.68,2.59,2.68,4294296,11365933.0
2019-08-16,sh.600187,2.69,2.7,2.67,2.69,4228573,11360657.0
2019-08-19,sh.600187,2.69,2.85,2.69,2.77,8379208,23108621.0
2019-08-20,sh.600187,2.75,2.79,2.75,2.76,6108925,16917096.0
2019-08-21,sh.600187,2.77,2.78,2.73,2.74,4539900,12461668.0
2019-08-22,sh.600187,2.74,2.77,2.74,2.75,5517108,15184439.0
2019-08-23,sh.600187,2.75,2.83,2.73,2.76,7527918,20851587.0
2019-08-26,sh.600187,2.71,2.74,2.68,2.72,6356501,17226900.0
2019-08-27,sh.600187,2.74,2.81,2.74,2.8,10174195,28284452.0
2019-08-28,sh.600187,2.8,2.81,2.76,2.79,6967577,19372431.0
2019-08-29,sh.600187,2.79,2.81,2.77,2.77,5840402,16271163.0
2019-08-30,sh.600187,2.78,2.8,2.7,2.7,7743100,21247342.0
2019-09-02,sh.600187,2.7,2.77,2.7,2.77,5727376,15760768.0
2019-09-03,sh.600187,2.77,2.8,2.77,2.8,7406377,20660233.0
2019-09-04,sh.600187,2.81,2.82,2.78,2.82,8097523,22670008.0
2019-09-05,sh.600187,2.83,2.87,2.82,2.83,15649910,44514063.0
2019-09-06,sh.600187,2.84,2.84,2.81,2.83,7023572,19875928.0
2019-09-09,sh.600187,2.86,2.86,2.84,2.86,8006586,22840709.0
2019-09-10,sh.600187,2.86,2.88,2.84,2.87,8810778,25212941.0
2019-09-11,sh.600187,2.88,2.89,2.84,2.86,7965040,22806610.0
2019-09-12,sh.600187,2.86,2.88,2.85,2.87,6994504,20037964.0
2019-09-16,sh.600187,2.87,2.94,2.87,2.9,11101991,32184002.0
2019-09-17,sh.600187,2.89,2.89,2.81,2.83,9240057,26235070.0
2019-09-18,sh.600187,2.83,2.84,2.8,2.8,5435633,15303279.0
2019-09-19,sh.600187,2.8,2.81,2.74,2.78,7456700,20656156.0
2019-09-20,sh.600187,2.78,2.8,2.77,2.78,4301400,11984679.0
2019-09-23,sh.600187,2.76,2.76,2.71,2.73,6574102,17932141.0
2019-09-24,sh.600187,2.73,2.76,2.72,2.73,5948101,16275285.0
2019-09-25,sh.600187,2.73,2.74,2.65,2.68,6278300,16920159.0
2019-09-26,sh.600187,2.69,2.75,2.65,2.69,11039457,29673469.0
2019-09-27,sh.600187,2.68,2.71,2.67,2.69,7017803,18853628.0
2019-09-30,sh.600187,2.69,2.69,2.65,2.65,5347477,14261277.0
2019-10-08,sh.600187,2.66,2.68,2.66,2.67,3405300,9090398.0
2019-10-09,sh.600187,2.66,2.7,2.63,2.7,4281653,11407769.0
2019-10-10,sh.600187,2.7,2.72,2.68,2.71,4649400,12585737.0
2019-10-11,sh.600187,2.71,2.73,2.7,2.7,4737250,12851211.0
2019-10-14,sh.600187,2.73,2.75,2.72,2.74,6407351,17551978.0
2019-10-15,sh.600187,2.75,2.75,2.71,2.73,4596800,12547961.0
2019-10-16,sh.600187,2.72,2.74,2.68,2.69,5366607,14535255.0
2019-10-17,sh.600187,2.7,2.7,2.65,2.67,4672700,12513003.0
2019-10-18,sh.600187,2.67,2.69,2.65,2.66,4783246,12762006.0
2019-10-21,sh.600187,2.68,2.68,2.63,2.66,3876749,10281262.0
2019-10-22,sh.600187,2.67,2.68,2.64,2.68,3508333,9336760.0
2019-10-23,sh.600187,2.68,2.68,2.64,2.65,3896851,10366454.0
2019-10-24,sh.600187,2.65,2.76,2.64,2.7,10183921,27468333.0
2019-10-25,sh.600187,2.67,2.73,2.67,2.71,8455290,22903606.0
2019-10-28,sh.600187,2.65,2.73,2.64,2.71,12315681,33166711.0
2019-10-29,sh.600187,2.71,2.75,2.69,2.73,11149088,30384868.0
2019-10-30,sh.600187,2.72,2.74,2.64,2.66,10401568,27842930.0
2019-10-31,sh.600187,2.67,2.68,2.63,2.64,5469600,14517510.0
2019-11-01,sh.600187,2.64,2.65,2.61,2.65,4907250,12913783.0
2019-11-04,sh.600187,2.65,2.66,2.63,2.63,5119325,13518083.0
2019-11-05,sh.600187,2.64,2.65,2.61,2.62,4510523,11848796.0
2019-11-06,sh.600187,2.62,2.63,2.6,2.6,3766743,9838890.0
2019-11-07,sh.600187,2.6,2.62,2.57,2.6,3578301,9300577.0
2019-11-08,sh.600187,2.6,2.62,2.6,2.6,3171025,8272248.0
2019-11-11,sh.600187,2.6,2.61,2.54,2.55,5422800,13895312.0
2019-11-12,sh.600187,2.55,2.56,2.52,2.56,3261306,8280606.0
2019-11-13,sh.600187,2.56,2.56,2.53,2.54,1859806,4725849.0
2019-11-14,sh.600187,2.54,2.56,2.53,2.56,2610106,6644797.0
2019-11-15,sh.600187,2.54,2.56,2.49,2.5,4553900,11467461.0
2019-11-18,sh.600187,2.5,2.51,2.47,2.5,3325497,8285329.0
2019-11-19,sh.600187,2.51,2.53,2.49,2.53,3996438,10048015.0
2019-11-20,sh.600187,2.52,2.52,2.49,2.51,3762511,9422853.0
2019-11-21,sh.600187,2.5,2.58,2.46,2.53,12227026,30791007.0
2019-11-22,sh.600187,2.53,2.54,2.49,2.51,7148225,17984786.0
2019-11-25,sh.600187,2.5,2.55,2.49,2.55,6189066,15585126.0
2019-11-26,sh.600187,2.54,2.54,2.52,2.53,3675800,9303047.0
2019-11-27,sh.600187,2.52,2.54,2.51,2.53,2942300,7437036.0
2019-11-28,sh.600187,2.52,2.53,2.46,2.47,6975755,17383646.0
2019-11-29,sh.600187,2.47,2.48,2.46,2.47,3433715,8476339.0
2019-12-02,sh.600187,2.48,2.5,2.47,2.49,3788022,9427683.0
2019-12-03,sh.600187,2.49,2.5,2.47,2.5,3234387,8033104.0
2019-12-04,sh.600187,2.49,2.51,2.48,2.49,2414300,6012479.0
2019-12-05,sh.600187,2.49,2.52,2.48,2.51,6023200,15089186.0
2019-12-06,sh.600187,2.5,2.52,2.5,2.51,4371709,10966938.0
2019-12-09,sh.600187,2.51,2.54,2.5,2.54,5396788,13598067.0
2019-12-10,sh.600187,2.52,2.53,2.51,2.52,3894602,9796980.0
2019-12-11,sh.600187,2.53,2.53,2.51,2.53,3680900,9268382.0
2019-12-12,sh.600187,2.51,2.53,2.5,2.5,3207320,8051078.0
2019-12-13,sh.600187,2.52,2.53,2.5,2.53,7167830,18022078.0
2019-12-16,sh.600187,2.52,2.54,2.51,2.54,9006191,22802154.0
2019-12-17,sh.600187,2.53,2.68,2.53,2.6,19903811,51481368.0
2019-12-18,sh.600187,2.58,2.6,2.57,2.59,11187228,28915356.0
2019-12-19,sh.600187,2.58,2.63,2.57,2.6,9480852,24610192.0
2019-12-20,sh.600187,2.6,2.61,2.56,2.58,7559479,19561671.0
2019-12-23,sh.600187,2.57,2.58,2.51,2.51,7292000,18509749.0
2019-12-24,sh.600187,2.51,2.55,2.51,2.54,5545016,14026269.0
2019-12-25,sh.600187,2.54,2.55,2.52,2.53,4345700,11010971.0
2019-12-26,sh.600187,2.53,2.54,2.52,2.54,4142675,10484773.0
2019-12-27,sh.600187,2.53,2.57,2.53,2.54,7573015,19335358.0
2019-12-30,sh.600187,2.54,2.55,2.51,2.54,7498429,18955471.0
2019-12-31,sh.600187,2.54,2.56,2.53,2.56,9515617,24259021.0
2020-01-02,sh.600187,2.57,2.61,2.56,2.59,10539760,27299235.0
2020-01-03,sh.600187,2.6,2.63,2.57,2.6,14485656,37601795.0
2020-01-06,sh.600187,2.59,2.63,2.58,2.62,14895242,38868723.0
2020-01-07,sh.600187,2.61,2.65,2.61,2.64,12915918,33984877.0
2020-01-08,sh.600187,2.63,2.64,2.58,2.58,14520581,37844997.0
2020-01-09,sh.600187,2.6,2.64,2.59,2.64,12830347,33536730.0
2020-01-10,sh.600187,2.64,2.65,2.62,2.64,11683747,30784070.0
2020-01-13,sh.600187,2.62,2.7,2.6,2.66,16259234,43069358.0
2020-01-14,sh.600187,2.65,2.68,2.63,2.67,14841063,39398589.0
2020-01-15,sh.600187,2.66,2.66,2.62,2.63,7487700,19739609.0
2020-01-16,sh.600187,2.63,2.7,2.63,2.64,16364898,43646405.0
2020-01-17,sh.600187,2.65,2.66,2.61,2.62,7975659,20984528.0
2020-01-20,sh.600187,2.62,2.63,2.6,2.62,6176197,16165669.0
2020-01-21,sh.600187,2.62,2.62,2.57,2.58,8736638,22597851.0
2020-01-22,sh.600187,2.58,2.58,2.53,2.56,8338910,21295772.0
2020-01-23,sh.600187,2.55,2.55,2.46,2.49,13871550,34651254.0
2020-02-03,sh.600187,2.24,2.24,2.24,2.24,4476800,10028032.0
2020-02-04,sh.600187,2.02,2.18,2.02,2.14,23624181,49960772.0
2020-02-05,sh.600187,2.13,2.21,2.11,2.17,14273851,31069854.0
2020-02-06,sh.600187,2.19,2.35,2.15,2.28,21729356,48839940.0
2020-02-07,sh.600187,2.25,2.32,2.23,2.3,18767240,42773029.0
2020-02-10,sh.600187,2.3,2.39,2.26,2.33,17324913,40114901.0
2020-02-11,sh.600187,2.34,2.34,2.29,2.29,10861975,25060454.0
2020-02-12,sh.600187,2.27,2.33,2.27,2.31,9056124,20896304.0
2020-02-13,sh.600187,2.32,2.36,2.3,2.33,13180280,30770522.0
2020-02-14,sh.600187,2.32,2.34,2.3,2.32,8207674,19003536.0
2020-02-17,sh.600187,2.33,2.37,2.31,2.37,12833037,30142164.0
2020-02-18,sh.600187,2.38,2.4,2.36,2.39,13233347,31471336.0
2020-02-19,sh.600187,2.38,2.38,2.35,2.35,9631052,22789882.0
2020-02-20,sh.600187,2.36,2.48,2.36,2.44,24266324,58796431.0
2020-02-21,sh.600187,2.43,2.45,2.4,2.43,14222344,34521035.0
2020-02-24,sh.600187,2.42,2.42,2.38,2.41,12439812,29847969.0
2020-02-25,sh.600187,2.37,2.37,2.24,2.35,25131707,58404483.0
2020-02-26,sh.600187,2.32,2.42,2.29,2.4,22491558,53292063.0
2020-02-27,sh.600187,2.39,2.41,2.36,2.37,15145965,36135611.0
2020-02-28,sh.600187,2.31,2.35,2.26,2.26,16366054,37644593.0
2020-03-02,sh.600187,2.28,2.37,2.28,2.34,11742756,27456001.0
2020-03-03,sh.600187,2.37,2.4,2.34,2.4,16207855,38402167.0
2020-03-04,sh.600187,2.46,2.63,2.43,2.5,43447102,109878229.0
2020-03-05,sh.600187,2.49,2.58,2.48,2.55,33675497,85723525.0
2020-03-06,sh.600187,2.52,2.54,2.48,2.52,19487629,48991548.0
2020-03-09,sh.600187,2.49,2.54,2.45,2.46,16606135,41378684.0
2020-03-10,sh.600187,2.42,2.48,2.35,2.47,19269442,46648977.0
2020-03-11,sh.600187,2.47,2.54,2.45,2.48,16639648,41560843.0
2020-03-12,sh.600187,2.44,2.56,2.43,2.5,22427707,56184844.0
2020-03-13,sh.600187,2.36,2.52,2.36,2.5,23091470,56430063.0
2020-03-16,sh.600187,2.52,2.58,2.45,2.46,25906635,65283245.0
2020-03-17,sh.600187,2.42,2.49,2.37,2.41,16241455,39211385.0
2020-03-18,sh.600187,2.43,2.45,2.31,2.32,17109530,40801326.0
2020-03-19,sh.600187,2.31,2.34,2.25,2.32,12153002,27817528.0
2020-03-20,sh.600187,2.33,2.36,2.29,2.35,8966200,20849630.0
2020-03-23,sh.600187,2.29,2.33,2.27,2.28,9105278,20897418.0
2020-03-24,sh.600187,2.32,2.33,2.24,2.31,9712003,22246750.0
2020-03-25,sh.600187,2.34,2.35,2.31,2.34,10510091,24451232.0
2020-03-26,sh.600187,2.33,2.34,2.29,2.3,7610377,17650671.0
2020-03-27,sh.600187,2.33,2.35,2.31,2.32,9183850,21372541.0
2020-03-30,sh.600187,2.28,2.3,2.23,2.27,9174200,20737005.0
2020-03-31,sh.600187,2.29,2.31,2.28,2.29,7214474,16553659.0
2020-04-01,sh.600187,2.3,2.31,2.27,2.28,5343331,12256880.0
2020-04-02,sh.600187,2.28,2.31,2.26,2.31,7076600,16149174.0
2020-04-03,sh.600187,2.31,2.32,2.28,2.3,4685658,10750216.0
2020-04-07,sh.600187,2.32,2.35,2.31,2.34,10347259,24087061.0
2020-04-08,sh.600187,2.32,2.35,2.31,2.33,8992331,20913638.0
2020-04-09,sh.600187,2.34,2.36,2.33,2.34,9003600,21086512.0
2020-04-10,sh.600187,2.34,2.39,2.28,2.35,16448877,38231149.0
2020-04-13,sh.600187,2.31,2.38,2.3,2.36,13975885,32676259.0
2020-04-14,sh.600187,2.32,2.37,2.32,2.35,9569800,22514479.0
2020-04-15,sh.600187,2.36,2.36,2.33,2.33,7309500,17132766.0
2020-04-16,sh.600187,2.33,2.34,2.31,2.33,6196419,14423775.0
2020-04-17,sh.600187,2.33,2.34,2.3,2.32,7638719,17716358.0
2020-04-20,sh.600187,2.32,2.33,2.31,2.33,5366946,12442087.0
2020-04-21,sh.600187,2.31,2.32,2.28,2.29,5888086,13496705.0
2020-04-22,sh.600187,2.29,2.3,2.27,2.3,4279950,9793776.0
2020-04-23,sh.600187,2.3,2.31,2.27,2.28,7905553,18078015.0
2020-04-24,sh.600187,2.28,2.28,2.23,2.23,7857302,17695292.0
2020-04-27,sh.600187,2.23,2.32,2.2,2.26,16272140,36981734.0
2020-04-28,sh.600187,2.27,2.27,2.12,2.15,17091843,37408176.0
2020-04-29,sh.600187,2.15,2.19,2.13,2.18,8626100,18754871.0
2020-04-30,sh.600187,2.19,2.23,2.18,2.23,7358690,16302786.0
2020-05-06,sh.600187,2.19,2.24,2.18,2.23,7343700,16290594.0
2020-05-07,sh.600187,2.21,2.23,2.2,2.23,6526753,14474497.0
2020-05-08,sh.600187,2.23,2.26,2.22,2.24,5876025,13192993.0
2020-05-11,sh.600187,2.26,2.26,2.22,2.23,4673112,10454261.0
2020-05-12,sh.600187,2.23,2.23,2.21,2.22,4134722,9165918.0
2020-05-13,sh.600187,2.22,2.26,2.2,2.25,6370053,14212679.0
2020-05-14,sh.600187,2.24,2.24,2.2,2.2,5211697,11558819.0
2020-05-15,sh.600187,2.22,2.22,2.19,2.2,4141559,9121217.0
2020-05-18,sh.600187,2.21,2.24,2.2,2.23,8800429,19601980.0
2020-05-19,sh.600187,2.23,2.24,2.2,2.21,5617395,12456114.0
2020-05-20,sh.600187,2.21,2.22,2.17,2.18,7405900,16185885.0
2020-05-21,sh.600187,2.19,2.21,2.15,2.15,7992200,17376953.0
2020-05-22,sh.600187,2.15,2.15,2.1,2.13,9024398,19185108.0
2020-05-25,sh.600187,2.12,2.18,2.11,2.15,6635998,14242352.0
2020-05-26,sh.600187,2.15,2.18,2.15,2.17,5222901,11311553.0
2020-05-27,sh.600187,2.16,2.17,2.14,2.15,5196701,11167816.0
2020-05-28,sh.600187,2.15,2.16,2.12,2.14,6549359,14022993.0
2020-05-29,sh.600187,2.14,2.14,2.12,2.13,6098055,12982003.0
2020-06-01,sh.600187,2.13,2.18,2.12,2.17,8629301,18621022.0
2020-06-02,sh.600187,2.17,2.23,2.17,2.23,16349621,36102029.0
2020-06-03,sh.600187,2.23,2.23,2.21,2.23,10178243,22600861.0
2020-06-04,sh.600187,2.22,2.25,2.21,2.24,9280686,20655661.0
2020-06-05,sh.600187,2.24,2.24,2.2,2.22,7170688,15921861.0
2020-06-08,sh.600187,2.22,2.24,2.22,2.22,5308250,11839962.0
2020-06-09,sh.600187,2.22,2.24,2.22,2.23,4958200,11071760.0
2020-06-10,sh.600187,2.23,2.34,2.21,2.24,19839001,44945377.0
2020-06-11,sh.600187,2.23,2.25,2.2,2.21,9520728,21114736.0
2020-06-12,sh.600187,2.17,2.24,2.15,2.22,10928804,23972260.0
2020-06-15,sh.600187,2.2,2.22,2.19,2.19,6457601,14231857.0
2020-06-16,sh.600187,2.2,2.22,2.19,2.21,6290801,13890139.0
2020-06-17,sh.600187,2.21,2.22,2.19,2.22,5974658,13181238.0
2020-06-18,sh.600187,2.21,2.3,2.2,2.25,16698915,37625226.0
2020-06-19,sh.600187,2.23,2.26,2.23,2.24,9034285,20294242.0
2020-06-22,sh.600187,2.24,2.28,2.23,2.26,13630641,30780037.0
2020-06-23,sh.600187,2.26,2.28,2.24,2.25,12101142,27383230.0
2020-06-24,sh.600187,2.26,2.26,2.21,2.23,8033603,17915009.0
2020-06-29,sh.600187,2.22,2.23,2.17,2.18,7475982,16380913.0
2020-06-30,sh.600187,2.18,2.21,2.18,2.2,5251377,11527679.0
2020-07-01,sh.600187,2.2,2.22,2.19,2.22,7211122,15862052.0
2020-07-02,sh.600187,2.21,2.27,2.2,2.26,12489703,27955083.0
2020-07-03,sh.600187,2.26,2.29,2.25,2.29,17443089,39720168.0
2020-07-06,sh.600187,2.31,2.4,2.3,2.39,35547394,83848536.0
2020-07-07,sh.600187,2.4,2.44,2.36,2.37,32123935,76777688.0
2020-07-08,sh.600187,2.37,2.44,2.35,2.42,30592753,73546998.0
2020-07-09,sh.600187,2.41,2.55,2.41,2.48,37428334,92807213.0
2020-07-10,sh.600187,2.52,2.62,2.48,2.51,48749211,123544828.0
2020-07-13,sh.600187,2.48,2.59,2.47,2.59,42377858,108082917.0
2020-07-14,sh.600187,2.59,2.66,2.51,2.57,41047985,105992522.0
2020-07-15,sh.600187,2.58,2.59,2.45,2.49,32922415,82902834.0
2020-07-16,sh.600187,2.49,2.52,2.39,2.4,24467749,60211214.0
2020-07-17,sh.600187,2.4,2.45,2.36,2.4,18255489,43859347.0
2020-07-20,sh.600187,2.43,2.5,2.41,2.5,22660631,56040620.0
2020-07-21,sh.600187,2.51,2.55,2.47,2.5,18640788,46730314.54
2020-07-22,sh.600187,2.5,2.51,2.47,2.47,16768200,41691292.0
2020-07-23,sh.600187,2.46,2.46,2.38,2.42,18984846,45807858.74
2020-07-24,sh.600187,2.41,2.45,2.35,2.35,16137101,38531497.35
2020-07-27,sh.600187,2.35,2.37,2.31,2.37,10688751,24969259.82
2020-07-28,sh.600187,2.34,2.39,2.33,2.36,12191150,28809358.0
2020-07-29,sh.600187,2.35,2.4,2.33,2.4,13090301,31014813.39
2020-07-30,sh.600187,2.38,2.41,2.38,2.39,11225780,26873915.2
2020-07-31,sh.600187,2.38,2.41,2.37,2.41,14411492,34517844.03
2020-08-03,sh.600187,2.48,2.65,2.45,2.65,45452931,117120823.59
2020-08-04,sh.600187,2.84,2.92,2.73,2.92,112964310,324582111.56
2020-08-05,sh.600187,3.08,3.21,3.03,3.21,187153162,590247560.06
2020-08-06,sh.600187,3.45,3.45,3.03,3.08,230331907,744286973.62
2020-08-07,sh.600187,3.0,3.1,2.81,2.86,132298093,384138855.48
2020-08-10,sh.600187,2.8,2.94,2.76,2.86,94432022,268081350.83
2020-08-11,sh.600187,2.81,2.83,2.72,2.74,65881502,183449827.94
2020-08-12,sh.600187,2.72,2.84,2.66,2.83,63426277,175177619.8
2020-08-13,sh.600187,2.8,2.83,2.77,2.78,39633978,110880545.96
2020-08-14,sh.600187,2.84,3.05,2.82,2.91,88036554,258168840.98
2020-08-17,sh.600187,2.83,2.92,2.81,2.91,52223677,150231270.71
2020-08-18,sh.600187,2.83,2.91,2.83,2.85,47132165,134747436.86
2020-08-19,sh.600187,2.83,2.96,2.78,2.96,80476399,232998274.36
2020-08-20,sh.600187,2.91,2.92,2.82,2.85,44940889,128808884.54
2020-08-21,sh.600187,2.83,2.87,2.82,2.86,24733259,70417597.47
2020-08-24,sh.600187,2.79,2.84,2.77,2.81,23269921,65429027.29
2020-08-25,sh.600187,2.82,2.83,2.71,2.73,36123650,99731395.38
2020-08-26,sh.600187,2.72,2.77,2.69,2.73,24059322,65524101.99
2020-08-27,sh.600187,2.71,2.73,2.69,2.72,15337540,41608040.3
2020-08-28,sh.600187,2.72,2.75,2.7,2.75,16587653,45178808.0
2020-08-31,sh.600187,2.75,2.77,2.73,2.73,17798849,48973146.55
2020-09-01,sh.600187,2.72,2.73,2.68,2.7,17542177,47315565.68
2020-09-02,sh.600187,2.7,2.76,2.66,2.76,25571404,69206752.14
2020-09-03,sh.600187,2.76,2.78,2.71,2.71,17368849,47659085.77
2020-09-04,sh.600187,2.68,2.7,2.65,2.69,15428941,41239701.06
2020-09-07,sh.600187,2.68,2.7,2.65,2.66,15100518,40360435.49
2020-09-08,sh.600187,2.65,2.77,2.62,2.76,33497891,91010500.23
2020-09-09,sh.600187,2.73,2.93,2.72,2.86,75272936,215065516.42
2020-09-10,sh.600187,2.87,2.88,2.64,2.67,43962008,121321078.86
2020-09-11,sh.600187,2.66,2.69,2.63,2.66,18378600,48802079.0
2020-09-14,sh.600187,2.66,2.68,2.65,2.68,15911993,42481080.31
2020-09-15,sh.600187,2.67,2.67,2.64,2.65,12939831,34320173.84
2020-09-16,sh.600187,2.64,2.65,2.6,2.61,14553909,38085628.49
2020-09-17,sh.600187,2.61,2.61,2.54,2.56,14866506,38105514.41
2020-09-18,sh.600187,2.56,2.6,2.54,2.59,11237162,28957157.1
2020-09-21,sh.600187,2.61,2.61,2.58,2.61,9095800,23649215.0
2020-09-22,sh.600187,2.58,2.59,2.54,2.55,11212332,28728185.3
2020-09-23,sh.600187,2.56,2.57,2.54,2.55,6593736,16827185.47
2020-09-24,sh.600187,2.55,2.55,2.48,2.48,10551785,26440481.72
2020-09-25,sh.600187,2.49,2.51,2.47,2.49,6157700,15331552.0
2020-09-28,sh.600187,2.48,2.51,2.48,2.48,5673722,14142587.56
2020-09-29,sh.600187,2.48,2.52,2.48,2.5,6923934,17335233.67
2020-09-30,sh.600187,2.5,2.52,2.49,2.5,5489000,13737485.0
2020-10-09,sh.600187,2.52,2.56,2.51,2.55,9420877,23977357.72
2020-10-12,sh.600187,2.57,2.61,2.55,2.6,15677791,40499915.43
2020-10-13,sh.600187,2.6,2.6,2.55,2.57,9338800,23981750.0
2020-10-14,sh.600187,2.56,2.57,2.53,2.54,8341031,21209891.82
2020-10-15,sh.600187,2.54,2.54,2.5,2.51,8661600,21834127.0
2020-10-16,sh.600187,2.5,2.54,2.5,2.54,6713381,16958162.12
2020-10-19,sh.600187,2.53,2.57,2.52,2.52,7214302,18326111.08
2020-10-20,sh.600187,2.52,2.54,2.5,2.54,4574675,11532914.5
2020-10-21,sh.600187,2.54,2.54,2.49,2.5,5991500,15011463.0
2020-10-22,sh.600187,2.5,2.51,2.48,2.49,5818000,14488799.0
2020-10-23,sh.600187,2.49,2.51,2.47,2.47,5295032,13165827.04
2020-10-26,sh.600187,2.48,2.49,2.44,2.46,5276651,12985469.2
2020-10-27,sh.600187,2.45,2.46,2.41,2.43,7141099,17355856.58
2020-10-28,sh.600187,2.43,2.44,2.4,2.43,6087335,14708782.5
2020-10-29,sh.600187,2.41,2.42,2.38,2.39,6961588,16689922.32
2020-10-30,sh.600187,2.39,2.41,2.31,2.31,9792200,23116047.0
2020-11-02,sh.600187,2.31,2.33,2.28,2.29,6916200,15902406.0
2020-11-03,sh.600187,2.31,2.35,2.3,2.34,7307800,17038367.0
2020-11-04,sh.600187,2.35,2.36,2.31,2.34,5670601,13238382.33
2020-11-05,sh.600187,2.35,2.39,2.34,2.38,7794953,18494653.61
2020-11-06,sh.600187,2.38,2.39,2.35,2.37,5931800,14029094.0
2020-11-09,sh.600187,2.37,2.43,2.37,2.41,9533458,22983163.46
2020-11-10,sh.600187,2.42,2.48,2.4,2.44,13400726,32710820.31
2020-11-11,sh.600187,2.43,2.49,2.42,2.49,16569000,40847158.95
2020-11-12,sh.600187,2.46,2.64,2.44,2.53,29013460,73280551.25
2020-11-13,sh.600187,2.5,2.73,2.5,2.66,49712019,130254593.1
2020-11-16,sh.600187,2.62,2.75,2.58,2.73,49553465,131984233.93
2020-11-17,sh.600187,2.66,2.72,2.63,2.63,29738625,79103276.79
2020-11-18,sh.600187,2.61,2.68,2.59,2.64,24003600,63056686.08
2020-11-19,sh.600187,2.6,2.63,2.59,2.61,14654375,38239993.75
2020-11-20,sh.600187,2.6,2.62,2.53,2.54,19614925,50104336.96
2020-11-23,sh.600187,2.53,2.56,2.5,2.55,21787175,55169819.25
2020-11-24,sh.600187,2.54,2.55,2.51,2.53,12663100,32080923.0
2020-11-25,sh.600187,2.54,2.56,2.5,2.5,12920800,32680605.27
2020-11-26,sh.600187,2.49,2.52,2.47,2.5,10455100,26038182.31
2020-11-27,sh.600187,2.5,2.52,2.49,2.52,10063500,25241373.0
2020-11-30,sh.600187,2.52,2.58,2.51,2.54,16115292,41060681.84
2020-12-01,sh.600187,2.52,2.57,2.52,2.56,13733028,35091388.65
2020-12-02,sh.600187,2.55,2.6,2.54,2.6,17182670,44363911.24
2020-12-03,sh.600187,2.6,2.62,2.56,2.57,14462000,37298588.0
2020-12-04,sh.600187,2.56,2.57,2.51,2.53,12786541,32361158.32
2020-12-07,sh.600187,2.51,2.53,2.47,2.48,10802500,27001154.0
2020-12-08,sh.600187,2.48,2.5,2.47,2.49,5163320,12834516.6
2020-12-09,sh.600187,2.49,2.49,2.4,2.41,12461200,30357979.0
2020-12-10,sh.600187,2.4,2.43,2.39,2.41,5439400,13093365.0
2020-12-11,sh.600187,2.42,2.42,2.34,2.38,11309323,26842042.86
2020-12-14,sh.600187,2.38,2.41,2.36,2.4,4583223,10972871.0
2020-12-15,sh.600187,2.4,2.41,2.38,2.4,4190400,10032526.0
2020-12-16,sh.600187,2.39,2.4,2.34,2.35,7546600,17862500.0
2020-12-17,sh.600187,2.35,2.39,2.31,2.38,9411661,22126113.57
2020-12-18,sh.600187,2.38,2.45,2.37,2.41,8342661,20164410.79
2020-12-21,sh.600187,2.41,2.43,2.39,2.42,6360801,15326857.4
2020-12-22,sh.600187,2.4,2.42,2.36,2.37,8910702,21302083.72
2020-12-23,sh.600187,2.36,2.4,2.36,2.38,7522877,17861710.72
2020-12-24,sh.600187,2.37,2.38,2.34,2.35,8145414,19167712.9
2020-12-25,sh.600187,2.35,2.42,2.34,2.39,13401341,32078799.99
2020-12-28,sh.600187,2.39,2.44,2.38,2.4,10653700,25652930.0
2020-12-29,sh.600187,2.4,2.43,2.38,2.4,7966863,19203398.2
2020-12-30,sh.600187,2.42,2.42,2.4,2.42,7889162,19013473.04
2020-12-31,sh.600187,2.42,2.54,2.41,2.5,22066189,54237233.11
2021-01-04,sh.600187,2.48,2.5,2.44,2.47,16834077,41672598.93
2021-01-05,sh.600187,2.46,2.46,2.39,2.41,19940205,48193973.94
2021-01-06,sh.600187,2.4,2.4,2.34,2.35,12254051,28972520.36
2021-01-07,sh.600187,2.35,2.38,2.3,2.35,14919915,34962206.78
2021-01-08,sh.600187,2.33,2.59,2.31,2.59,45218077,112682229.34
2021-01-11,sh.600187,2.61,2.61,2.48,2.5,55604472,141682615.89
2021-01-12,sh.600187,2.48,2.49,2.4,2.43,40490693,98712274.91
2021-01-13,sh.600187,2.41,2.42,2.33,2.37,25330003,59853940.11
2021-01-14,sh.600187,2.36,2.47,2.34,2.41,25839796,62487052.14
2021-01-15,sh.600187,2.4,2.47,2.37,2.41,15627428,37679408.33
2021-01-18,sh.600187,2.4,2.42,2.37,2.39,15112137,36253278.8
2021-01-19,sh.600187,2.39,2.51,2.37,2.44,27340798,66565292.94
2021-01-20,sh.600187,2.43,2.46,2.4,2.42,15149917,36690522.2
2021-01-21,sh.600187,2.42,2.44,2.39,2.41,13613632,32893575.8
2021-01-22,sh.600187,2.41,2.41,2.33,2.34,19252243,45397024.19
2021-01-25,sh.600187,2.33,2.35,2.31,2.34,9714450,22640434.0
2021-01-26,sh.600187,2.34,2.35,2.32,2.34,6542250,15272494.0
2021-01-27,sh.600187,2.34,2.34,2.28,2.28,14719816,33866393.96
2021-01-28,sh.600187,2.26,2.27,2.23,2.24,8683540,19524552.25
2021-01-29,sh.600187,2.25,2.26,2.21,2.21,7472100,16719238.0
2021-02-01,sh.600187,2.21,2.24,2.2,2.22,5968200,13295042.0
2021-02-02,sh.600187,2.22,2.27,2.22,2.26,6314049,14185121.06
2021-02-03,sh.600187,2.26,2.26,2.21,2.21,6907728,15408936.44
2021-02-04,sh.600187,2.21,2.22,2.1,2.13,12379431,26553005.99
2021-02-05,sh.600187,2.12,2.15,2.11,2.11,6645900,14155462.0
2021-02-08,sh.600187,2.11,2.12,2.07,2.08,8564744,17883032.58
2021-02-09,sh.600187,2.08,2.13,2.08,2.11,8338677,17539029.16
2021-02-10,sh.600187,2.11,2.13,2.1,2.13,6937450,14680472.5
2021-02-18,sh.600187,2.14,2.2,2.14,2.2,10112050,21969079.0
2021-02-19,sh.600187,2.19,2.27,2.18,2.26,12135100,27053381.0
2021-02-22,sh.600187,2.26,2.34,2.25,2.28,19616925,45100105.87
2021-02-23,sh.600187,2.29,2.3,2.25,2.25,13947100,31667076.0
2021-02-24,sh.600187,2.25,2.29,2.23,2.25,9876300,22280327.0
2021-02-25,sh.600187,2.26,2.27,2.23,2.24,11050750,24847378.0
2021-02-26,sh.600187,2.21,2.27,2.2,2.25,11129403,24918175.72
2021-03-01,sh.600187,2.28,2.29,2.26,2.28,11307800,25742283.0
2021-03-02,sh.600187,2.29,2.31,2.26,2.28,9992297,22797559.19
2021-03-03,sh.600187,2.29,2.32,2.26,2.3,11228278,25742500.65
2021-03-04,sh.600187,2.3,2.43,2.29,2.35,29894935,70217678.21
2021-03-05,sh.600187,2.38,2.41,2.35,2.36,23074015,54665429.12
2021-03-08,sh.600187,2.34,2.36,2.3,2.32,17313202,40469697.68
2021-03-09,sh.600187,2.31,2.32,2.21,2.28,15677750,35699730.0
2021-03-10,sh.600187,2.28,2.29,2.24,2.24,7069300,15956598.0
2021-03-11,sh.600187,2.23,2.28,2.22,2.28,7678400,17355311.31
2021-03-12,sh.600187,2.28,2.33,2.26,2.32,12785300,29409445.0
2021-03-15,sh.600187,2.3,2.39,2.3,2.35,15555103,36383148.99
2021-03-16,sh.600187,2.41,2.45,2.35,2.39,22619503,54110025.08
2021-03-17,sh.600187,2.37,2.4,2.34,2.35,14530002,34351411.5
2021-03-18,sh.600187,2.36,2.59,2.33,2.59,96642264,248183000.55
2021-03-19,sh.600187,2.53,2.63,2.51,2.53,95447357,244619626.03
2021-03-22,sh.600187,2.51,2.64,2.47,2.57,61409525,156849295.53
2021-03-23,sh.600187,2.54,2.72,2.47,2.51,76260310,195275877.09
2021-03-24,sh.600187,2.51,2.61,2.48,2.54,54196944,138031484.05
2021-03-25,sh.600187,2.51,2.53,2.45,2.49,39309803,97535411.66
2021-03-26,sh.600187,2.48,2.58,2.45,2.55,36570983,92275370.69
2021-03-29,sh.600187,2.52,2.81,2.5,2.68,97267674,258669470.93
2021-03-30,sh.600187,2.61,2.69,2.52,2.57,70570561,182321833.49
2021-03-31,sh.600187,2.57,2.7,2.54,2.63,73145997,193117865.53
2021-04-01,sh.600187,2.59,2.61,2.52,2.55,47254253,120208206.44
2021-04-02,sh.600187,2.53,2.65,2.52,2.56,29909229,76848319.88
2021-04-06,sh.600187,2.55,2.56,2.5,2.53,23890203,60469902.53
2021-04-07,sh.600187,2.54,2.64,2.51,2.59,52861171,137079992.22
2021-04-08,sh.600187,2.56,2.59,2.52,2.53,31457824,79926127.96
2021-04-09,sh.600187,2.53,2.55,2.44,2.46,31502089,78247664.94
2021-04-12,sh.600187,2.48,2.5,2.45,2.47,19274280,47722110.09
2021-04-13,sh.600187,2.48,2.54,2.39,2.51,38837992,96545163.08
2021-04-14,sh.600187,2.47,2.5,2.45,2.49,20944858,51777629.83
2021-04-15,sh.600187,2.48,2.49,2.43,2.44,17093900,41976608.0
2021-04-16,sh.600187,2.44,2.49,2.43,2.45,16085203,39603607.38
2021-04-19,sh.600187,2.45,2.49,2.45,2.47,15502180,38330056.8
2021-04-20,sh.600187,2.46,2.49,2.45,2.45,13120121,32347463.47
2021-04-21,sh.600187,2.45,2.49,2.39,2.44,18862100,45829408.0
2021-04-22,sh.600187,2.43,2.44,2.39,2.41,14210300,34336810.0
2021-04-23,sh.600187,2.42,2.42,2.36,2.36,12395661,29464250.96
2021-04-26,sh.600187,2.36,2.39,2.35,2.36,8049502,19081264.7
2021-04-27,sh.600187,2.35,2.36,2.3,2.32,9310300,21634037.0
2021-04-28,sh.600187,2.3,2.31,2.25,2.28,12306425,28109755.5
2021-04-29,sh.600187,2.27,2.31,2.27,2.3,8914101,20453171.3
2021-04-30,sh.600187,2.3,2.3,2.24,2.28,12639502,28618589.53
2021-05-06,sh.600187,2.28,2.32,2.27,2.3,8754154,20129466.74
2021-05-07,sh.600187,2.31,2.39,2.28,2.33,11525100,26799042.0
2021-05-10,sh.600187,2.31,2.33,2.3,2.32,8458793,19584972.83
2021-05-11,sh.600187,2.31,2.39,2.31,2.38,18744630,44161458.3
2021-05-12,sh.600187,2.36,2.36,2.33,2.36,13192577,30898448.18
2021-05-13,sh.600187,2.36,2.38,2.33,2.35,8389400,19775049.0
2021-05-14,sh.600187,2.36,2.39,2.35,2.37,10524202,24983301.74
2021-05-17,sh.600187,2.36,2.38,2.33,2.33,8597090,20171649.7
2021-05-18,sh.600187,2.33,2.34,2.31,2.33,8097671,18818160.01
2021-05-19,sh.600187,2.33,2.34,2.3,2.31,9397600,21753940.0
2021-05-20,sh.600187,2.3,2.31,2.29,2.3,6311701,14502145.29
2021-05-21,sh.600187,2.3,2.32,2.27,2.31,7927385,18214381.8
2021-05-24,sh.600187,2.31,2.34,2.3,2.33,8588480,20004608.4
2021-05-25,sh.600187,2.33,2.35,2.3,2.34,11079635,25699221.05
2021-05-26,sh.600187,2.34,2.38,2.33,2.35,10250801,24138255.35
2021-05-27,sh.600187,2.36,2.46,2.35,2.42,27834320,66857770.89
2021-05-28,sh.600187,2.4,2.41,2.36,2.36,20556000,48833401.0
2021-05-31,sh.600187,2.35,2.37,2.33,2.37,9468246,22271633.08
2021-06-01,sh.600187,2.38,2.44,2.36,2.4,18911696,45536835.34
2021-06-02,sh.600187,2.4,2.44,2.38,2.41,14578951,35121958.46
2021-06-03,sh.600187,2.42,2.43,2.37,2.39,12384755,29631797.44
2021-06-04,sh.600187,2.38,2.41,2.37,2.4,10328703,24710136.17
2021-06-07,sh.600187,2.4,2.41,2.36,2.38,9019056,21494916.72
2021-06-08,sh.600187,2.37,2.39,2.34,2.35,9467160,22300033.16
2021-06-09,sh.600187,2.35,2.38,2.34,2.36,9499401,22416651.37
2021-06-10,sh.600187,2.36,2.38,2.34,2.37,9307001,21978463.34
2021-06-11,sh.600187,2.37,2.38,2.35,2.36,6773346,16026676.56
2021-06-15,sh.600187,2.36,2.37,2.31,2.31,9449600,22034573.0
2021-06-16,sh.600187,2.32,2.36,2.29,2.33,9544147,22226885.14
2021-06-17,sh.600187,2.32,2.34,2.3,2.32,7009505,16245524.55
2021-06-18,sh.600187,2.46,2.55,2.43,2.44,83729402,210270814.08
2021-06-21,sh.600187,2.35,2.37,2.26,2.34,52112274,121210169.52
2021-06-22,sh.600187,2.33,2.36,2.32,2.33,23440893,54776111.06
2021-06-23,sh.600187,2.33,2.34,2.31,2.32,14779801,34314168.32
2021-06-24,sh.600187,2.32,2.34,2.3,2.32,9972575,23168147.0
2021-06-25,sh.600187,2.31,2.33,2.29,2.33,11575175,26715124.54
2021-06-28,sh.600187,2.33,2.33,2.3,2.31,8459106,19548226.86
2021-06-29,sh.600187,2.31,2.32,2.29,2.29,6914400,15939823.0
2021-06-30,sh.600187,2.3,2.31,2.29,2.31,6027734,13859383.18
2021-07-01,sh.600187,2.31,2.32,2.28,2.28,7494500,17160483.0
2021-07-02,sh.600187,2.28,2.3,2.27,2.28,6497100,14850304.0
2021-07-05,sh.600187,2.28,2.3,2.27,2.3,5163500,11798091.0
2021-07-06,sh.600187,2.33,2.33,2.3,2.32,7758018,17958159.84
2021-07-07,sh.600187,2.31,2.32,2.29,2.3,5829730,13417409.75
2021-07-08,sh.600187,2.31,2.32,2.28,2.28,6054076,13913829.8
2021-07-09,sh.600187,2.28,2.31,2.27,2.3,7862150,18011161.5
2021-07-12,sh.600187,2.3,2.34,2.3,2.32,14062072,32546497.74
2021-07-13,sh.600187,2.31,2.37,2.3,2.35,22637933,52978147.29
2021-07-14,sh.600187,2.36,2.36,2.32,2.33,8301250,19391316.5
2021-07-15,sh.600187,2.35,2.35,2.3,2.31,8248900,19091993.0
2021-07-16,sh.600187,2.3,2.33,2.3,2.32,6310000,14606968.0
2021-07-19,sh.600187,2.31,2.32,2.28,2.29,8389274,19200715.46
2021-07-20,sh.600187,2.29,2.3,2.28,2.3,4469303,10240351.87
2021-07-21,sh.600187,2.31,2.35,2.29,2.35,14211288,32932711.88
2021-07-22,sh.600187,2.37,2.37,2.33,2.34,9776600,22912156.0
2021-07-23,sh.600187,2.35,2.43,2.32,2.36,37180912,88365122.45
2021-07-26,sh.600187,2.35,2.35,2.29,2.31,18911173,43824229.3
2021-07-27,sh.600187,2.3,2.33,2.29,2.29,10307197,23763976.94
2021-07-28,sh.600187,2.28,2.29,2.19,2.22,14198911,31736168.38
2021-07-29,sh.600187,2.24,2.26,2.23,2.25,6043600,13571984.09
2021-07-30,sh.600187,2.25,2.26,2.22,2.24,6903300,15449902.0
2021-08-02,sh.600187,2.22,2.28,2.22,2.27,9903776,22355101.98
2021-08-03,sh.600187,2.25,2.29,2.25,2.27,7743050,17581524.5
2021-08-04,sh.600187,2.27,2.28,2.25,2.27,6348200,14408928.0
2021-08-05,sh.600187,2.27,2.28,2.25,2.27,6276500,14229509.0
2021-08-06,sh.600187,2.27,2.35,2.24,2.32,19394002,44649346.58
2021-08-09,sh.600187,2.28,2.31,2.27,2.3,14009926,32086020.54
2021-08-10,sh.600187,2.29,2.32,2.27,2.31,12825328,29456917.92
2021-08-11,sh.600187,2.3,2.32,2.29,2.31,10682125,24663042.75
2021-08-12,sh.600187,2.3,2.35,2.3,2.32,14961853,34809884.43
2021-08-13,sh.600187,2.32,2.33,2.31,2.32,9165475,21278327.28
2021-08-16,sh.600187,2.32,2.37,2.32,2.34,13330762,31224296.64
2021-08-17,sh.600187,2.33,2.38,2.31,2.34,27187500,63929456.97
2021-08-18,sh.600187,2.32,2.37,2.31,2.37,19390056,45548879.66
2021-08-19,sh.600187,2.36,2.37,2.33,2.35,14154900,33208477.0
2021-08-20,sh.600187,2.34,2.34,2.3,2.31,11702074,27141701.9
2021-08-23,sh.600187,2.32,2.39,2.32,2.37,21243852,50217765.22
2021-08-24,sh.600187,2.38,2.41,2.36,2.39,20886996,49862634.65
2021-08-25,sh.600187,2.4,2.43,2.38,2.42,20981323,50548692.43
2021-08-26,sh.600187,2.42,2.5,2.4,2.46,31314382,76929179.31
2021-08-27,sh.600187,2.46,2.49,2.42,2.44,16538175,40462920.4
2021-08-30,sh.600187,2.51,2.55,2.43,2.45,26010101,64179742.44
2021-08-31,sh.600187,2.47,2.51,2.45,2.49,32114449,79943311.24
2021-09-01,sh.600187,2.48,2.54,2.43,2.44,30255929,75122183.92
2021-09-02,sh.600187,2.45,2.53,2.44,2.5,26849661,66672368.96
2021-09-03,sh.600187,2.52,2.53,2.47,2.48,24659002,61511363.96
2021-09-06,sh.600187,2.48,2.52,2.46,2.52,22622658,56458269.5
2021-09-07,sh.600187,2.52,2.53,2.5,2.52,20591850,51773097.74
2021-09-08,sh.600187,2.52,2.6,2.52,2.58,34699200,89079017.0
2021-09-09,sh.600187,2.59,2.63,2.57,2.6,27086229,70328065.08
2021-09-10,sh.600187,2.6,2.6,2.53,2.54,24217600,62037600.0
2021-09-13,sh.600187,2.55,2.61,2.55,2.61,21581232,55793262.46
2021-09-14,sh.600187,2.61,2.63,2.53,2.53,24066500,61912872.0
2021-09-15,sh.600187,2.55,2.66,2.52,2.61,35635358,92923752.46
2021-09-16,sh.600187,2.61,2.67,2.56,2.56,26896136,70121467.96
2021-09-17,sh.600187,2.57,2.6,2.49,2.57,22173012,56536268.84
2021-09-22,sh.600187,2.54,2.67,2.53,2.66,35212290,92401697.0
2021-09-23,sh.600187,2.68,2.78,2.65,2.74,41565527,112917237.69
2021-09-24,sh.600187,2.72,2.73,2.62,2.64,30860747,82230197.81
2021-09-27,sh.600187,2.64,2.68,2.49,2.53,30635433,78277561.71
2021-09-28,sh.600187,2.54,2.59,2.5,2.58,23798106,60771958.92
2021-09-29,sh.600187,2.53,2.59,2.45,2.47,26896423,67459495.81
2021-09-30,sh.600187,2.48,2.67,2.47,2.62,43237320,111837131.3
2021-10-08,sh.600187,2.73,2.88,2.66,2.69,110701936,309676991.97
2021-10-11,sh.600187,2.68,2.69,2.5,2.52,78068414,199558533.51
2021-10-12,sh.600187,2.53,2.77,2.5,2.77,87574743,239412574.31
2021-10-13,sh.600187,2.72,2.74,2.53,2.57,131103491,342343000.86
2021-10-14,sh.600187,2.56,2.57,2.46,2.5,46585752,116900566.52
2021-10-15,sh.600187,2.51,2.52,2.39,2.4,47140790,115128250.6
2021-10-18,sh.600187,2.4,2.45,2.4,2.45,22430207,54487075.87
2021-10-19,sh.600187,2.45,2.49,2.42,2.47,25456289,62428869.29
2021-10-20,sh.600187,2.45,2.47,2.42,2.44,19095301,46697538.42
2021-10-21,sh.600187,2.44,2.44,2.38,2.39,19272019,46374895.67
2021-10-22,sh.600187,2.4,2.42,2.35,2.35,17063900,40730443.0
2021-10-25,sh.600187,2.34,2.38,2.32,2.35,14975400,35144065.0
2021-10-26,sh.600187,2.35,2.36,2.29,2.31,17752054,41340614.28
2021-10-27,sh.600187,2.3,2.32,2.26,2.29,15806205,36064941.62
2021-10-28,sh.600187,2.27,2.29,2.23,2.24,17926745,40409526.8
2021-10-29,sh.600187,2.23,2.28,2.23,2.27,12583759,28376130.93
2021-11-01,sh.600187,2.27,2.3,2.21,2.3,13982002,31826258.5
2021-11-02,sh.600187,2.28,2.3,2.21,2.24,14095800,31762928.0
2021-11-03,sh.600187,2.24,2.27,2.23,2.26,6670902,15029291.52
2021-11-04,sh.600187,2.27,2.29,2.24,2.27,12427427,28236487.56
2021-11-05,sh.600187,2.27,2.29,2.26,2.27,9361901,21306406.27
2021-11-08,sh.600187,2.28,2.35,2.26,2.34,22551308,52293193.9
2021-11-09,sh.600187,2.31,2.35,2.3,2.33,11119300,25880993.0
2021-11-10,sh.600187,2.31,2.34,2.29,2.34,11289300,26078742.0
2021-11-11,sh.600187,2.34,2.37,2.33,2.36,12960900,30523625.0
2021-11-12,sh.600187,2.35,2.38,2.34,2.35,9902000,23314097.0
2021-11-15,sh.600187,2.36,2.38,2.35,2.37,12942401,30664389.36
2021-11-16,sh.600187,2.36,2.38,2.34,2.35,10132900,23947061.0
2021-11-17,sh.600187,2.34,2.36,2.33,2.36,10739605,25214823.7
2021-11-18,sh.600187,2.36,2.37,2.34,2.34,9811106,23076259.16
2021-11-19,sh.600187,2.35,2.38,2.32,2.37,14210480,33476680.5
2021-11-22,sh.600187,2.36,2.38,2.35,2.38,11801406,27914507.1
2021-11-23,sh.600187,2.39,2.4,2.37,2.38,12921906,30779657.09
2021-11-24,sh.600187,2.38,2.39,2.35,2.37,9990687,23687432.94
2021-11-25,sh.600187,2.37,2.42,2.36,2.38,12375089,29583846.69
2021-11-26,sh.600187,2.39,2.49,2.39,2.42,31285450,76229234.0
2021-11-29,sh.600187,2.37,2.4,2.34,2.38,16917212,40096234.2
2021-11-30,sh.600187,2.37,2.42,2.36,2.41,14833159,35585060.6
2021-12-01,sh.600187,2.41,2.44,2.39,2.43,14244803,34441735.23
2021-12-02,sh.600187,2.43,2.47,2.42,2.42,16753010,40948167.47
2021-12-03,sh.600187,2.43,2.44,2.41,2.43,12036400,29235143.41
2021-12-06,sh.600187,2.45,2.48,2.4,2.41,13182833,32101057.88
2021-12-07,sh.600187,2.41,2.43,2.36,2.41,11881434,28417244.24
2021-12-08,sh.600187,2.4,2.42,2.39,2.41,10470227,25182875.57
2021-12-09,sh.600187,2.4,2.43,2.38,2.42,13956030,33619369.3
2021-12-10,sh.600187,2.42,2.42,2.4,2.41,11828220,28483857.0
2021-12-13,sh.600187,2.41,2.43,2.39,2.41,13599201,32774366.41
2021-12-14,sh.600187,2.4,2.4,2.36,2.39,14178577,33764690.03
2021-12-15,sh.600187,2.38,2.48,2.37,2.48,41675682,102114952.49
2021-12-16,sh.600187,2.48,2.52,2.46,2.5,26204446,65172711.66
2021-12-17,sh.600187,2.5,2.54,2.48,2.51,24233160,60922931.68
2021-12-20,sh.600187,2.52,2.56,2.49,2.53,26362630,66542107.9
2021-12-21,sh.600187,2.53,2.67,2.52,2.65,54624012,142863640.3
2021-12-22,sh.600187,2.66,2.68,2.57,2.63,37596526,98746977.44
2021-12-23,sh.600187,2.62,2.63,2.56,2.57,29354861,75887134.76
2021-12-24,sh.600187,2.56,2.57,2.48,2.51,26635101,67052446.41
2021-12-27,sh.600187,2.49,2.52,2.47,2.52,17841900,44593694.0
2021-12-28,sh.600187,2.52,2.52,2.43,2.46,19516200,48072244.0
2021-12-29,sh.600187,2.45,2.53,2.44,2.49,26829463,66662066.38
2021-12-30,sh.600187,2.48,2.65,2.47,2.54,39648900,101479510.0
2021-12-31,sh.600187,2.52,2.58,2.52,2.58,28742869,73407921.98
2022-01-04,sh.600187,2.78,2.83,2.64,2.65,78736671,211893738.15
2022-01-05,sh.600187,2.64,2.67,2.59,2.61,36837700,96642414.0
2022-01-06,sh.600187,2.6,2.66,2.59,2.64,32075700,84482724.0
2022-01-07,sh.600187,2.65,2.67,2.58,2.59,28307987,74392422.82
2022-01-10,sh.600187,2.6,2.64,2.57,2.62,22694950,59313086.5
2022-01-11,sh.600187,2.62,2.67,2.61,2.62,26548025,70079662.0
2022-01-12,sh.600187,2.64,2.65,2.6,2.63,18613900,48874361.0
2022-01-13,sh.600187,2.62,2.67,2.61,2.64,25842591,68272576.87
2022-01-14,sh.600187,2.63,2.64,2.57,2.57,23044000,59838063.0
2022-01-17,sh.600187,2.57,2.6,2.55,2.58,14047125,36139320.66
2022-01-18,sh.600187,2.58,2.59,2.51,2.52,19414500,49285580.15
2022-01-19,sh.600187,2.53,2.57,2.52,2.55,15434685,39256324.75
2022-01-20,sh.600187,2.54,2.56,2.48,2.48,18737883,47037928.5
2022-01-21,sh.600187,2.48,2.51,2.45,2.46,13980816,34583827.36
2022-01-24,sh.600187,2.45,2.48,2.42,2.44,12726475,31234981.5
2022-01-25,sh.600187,2.44,2.45,2.33,2.33,18915100,45087257.0
2022-01-26,sh.600187,2.33,2.37,2.32,2.35,13193300,30980279.0
2022-01-27,sh.600187,2.35,2.37,2.31,2.31,11687900,27209651.0
2022-01-28,sh.600187,2.32,2.37,2.3,2.35,12173000,28499949.0
2022-02-07,sh.600187,2.35,2.39,2.34,2.37,16776896,39675994.52
2022-02-08,sh.600187,2.37,2.47,2.35,2.46,21063400,51057510.0
2022-02-09,sh.600187,2.48,2.55,2.44,2.53,34075921,85108301.46
2022-02-10,sh.600187,2.55,2.58,2.51,2.56,38432700,97780148.54
2022-02-11,sh.600187,2.53,2.57,2.49,2.49,18904640,47575747.84
2022-02-14,sh.600187,2.49,2.5,2.46,2.47,12957056,32085945.76
2022-02-15,sh.600187,2.47,2.48,2.4,2.42,16590870,40294376.86
2022-02-16,sh.600187,2.42,2.5,2.41,2.49,19645520,48515052.4
2022-02-17,sh.600187,2.5,2.54,2.48,2.49,20603800,51735035.46
2022-02-18,sh.600187,2.47,2.52,2.46,2.52,14709852,36700857.48
2022-02-21,sh.600187,2.53,2.54,2.48,2.53,18263153,45857981.53
2022-02-22,sh.600187,2.54,2.56,2.49,2.5,20006200,50510186.0
2022-02-23,sh.600187,2.51,2.52,2.47,2.49,16141725,40085085.25
2022-02-24,sh.600187,2.47,2.49,2.37,2.4,23871800,58153875.5
2022-02-25,sh.600187,2.4,2.47,2.4,2.44,17932492,43780782.22
2022-02-28,sh.600187,2.45,2.46,2.39,2.42,12341000,29827597.0
2022-03-01,sh.600187,2.44,2.47,2.42,2.47,13060786,32115934.0
2022-03-02,sh.600187,2.45,2.51,2.45,2.5,15041000,37380022.0
2022-03-03,sh.600187,2.52,2.56,2.49,2.54,29220768,74147902.0
2022-03-04,sh.600187,2.56,2.59,2.51,2.55,31473595,80207683.0
2022-03-07,sh.600187,2.55,2.57,2.5,2.5,19414005,49148611.0
2022-03-08,sh.600187,2.52,2.52,2.43,2.44,17119546,42159218.0
2022-03-09,sh.600187,2.44,2.61,2.43,2.53,62380554,157004898.0
2022-03-10,sh.600187,2.51,2.66,2.5,2.61,72037160,186564195.0
2022-03-11,sh.600187,2.57,2.58,2.5,2.57,45120405,114474795.0
2022-03-14,sh.600187,2.55,2.56,2.45,2.47,38867000,97339281.0
2022-03-15,sh.600187,2.45,2.46,2.26,2.27,57277104,133674302.0
2022-03-16,sh.600187,2.31,2.32,2.2,2.3,36580316,83146854.0
2022-03-17,sh.600187,2.31,2.35,2.29,2.31,26936402,62550512.0
2022-03-18,sh.600187,2.32,2.37,2.29,2.36,23062931,53973420.65
2022-03-21,sh.600187,2.37,2.38,2.32,2.36,17684910,41556799.5
2022-03-22,sh.600187,2.36,2.39,2.33,2.37,16911610,39966333.7
2022-03-23,sh.600187,2.37,2.38,2.33,2.35,18165438,42801259.92
2022-03-24,sh.600187,2.33,2.35,2.3,2.31,16124970,37441507.9
2022-03-25,sh.600187,2.3,2.34,2.3,2.31,15655350,36273952.68
2022-03-28,sh.600187,2.31,2.36,2.26,2.35,15944652,37076421.9
2022-03-29,sh.600187,2.34,2.36,2.32,2.33,12995600,30332621.0
2022-03-30,sh.600187,2.34,2.36,2.32,2.36,18140480,42572334.6
2022-03-31,sh.600187,2.36,2.42,2.34,2.38,24950880,59579639.5
2022-04-01,sh.600187,2.37,2.4,2.36,2.39,17072602,40624532.72
2022-04-06,sh.600187,2.4,2.47,2.38,2.46,23439842,57146252.52
2022-04-07,sh.600187,2.47,2.48,2.4,2.4,16117080,39085005.0
2022-04-08,sh.600187,2.4,2.43,2.37,2.4,14401900,34538157.0
2022-04-11,sh.600187,2.39,2.42,2.35,2.42,23415216,55927958.11
2022-04-12,sh.600187,2.39,2.44,2.35,2.44,22316436,53519396.76
2022-04-13,sh.600187,2.43,2.45,2.4,2.41,18639954,45316832.14
2022-04-14,sh.600187,2.41,2.43,2.39,2.41,13530600,32652396.0
2022-04-15,sh.600187,2.42,2.45,2.39,2.43,21618889,52355123.74
2022-04-18,sh.600187,2.42,2.47,2.37,2.47,22438553,54521637.01
2022-04-19,sh.600187,2.45,2.47,2.42,2.46,27947914,68477154.25
2022-04-20,sh.600187,2.45,2.46,2.37,2.38,20111062,48552237.18
2022-04-21,sh.600187,2.37,2.39,2.28,2.31,20197600,47050847.0
2022-04-22,sh.600187,2.3,2.31,2.25,2.29,14805500,33803370.0
2022-04-25,sh.600187,2.26,2.27,2.14,2.15,28631389,62878484.12
2022-04-26,sh.600187,2.15,2.17,2.04,2.07,19585772,41309225.08
2022-04-27,sh.600187,2.07,2.11,2.01,2.11,15398825,31757304.72
2022-04-28,sh.600187,2.11,2.13,2.04,2.07,11398200,23748296.22
2022-04-29,sh.600187,2.09,2.16,2.08,2.15,15223900,32309672.0
2022-05-05,sh.600187,2.14,2.16,2.12,2.14,11932139,25586577.55
2022-05-06,sh.600187,2.12,2.12,2.07,2.09,10752247,22504672.94
2022-05-09,sh.600187,2.09,2.14,2.07,2.14,11282552,23970933.24
2022-05-10,sh.600187,2.12,2.17,2.11,2.17,11077703,23759466.48
2022-05-11,sh.600187,2.18,2.22,2.12,2.14,15917454,34601245.72
2022-05-12,sh.600187,2.12,2.21,2.12,2.21,19882650,43162281.5
2022-05-13,sh.600187,2.19,2.21,2.16,2.2,12989752,28415598.36
2022-05-16,sh.600187,2.2,2.2,2.17,2.18,8498150,18522295.5
2022-05-17,sh.600187,2.18,2.18,2.14,2.18,7298803,15791916.45
2022-05-18,sh.600187,2.35,2.4,2.35,2.4,48365805,115857721.91
2022-05-19,sh.600187,2.3,2.32,2.24,2.29,58131798,132522316.18
2022-05-20,sh.600187,2.28,2.29,2.24,2.26,27564596,62379839.33
2022-05-23,sh.600187,2.26,2.28,2.24,2.28,20511121,46341795.46
2022-05-24,sh.600187,2.27,2.27,2.18,2.18,24669194,54841262.92
2022-05-25,sh.600187,2.16,2.24,2.15,2.22,16158306,35645084.08
2022-05-26,sh.600187,2.22,2.24,2.21,2.23,12361013,27540990.96
2022-05-27,sh.600187,2.24,2.28,2.21,2.25,13883330,31154155.9
2022-05-30,sh.600187,2.25,2.26,2.23,2.25,11111700,25009001.0
2022-05-31,sh.600187,2.23,2.28,2.23,2.27,15558638,35165809.88
2022-06-01,sh.600187,2.25,2.28,2.24,2.27,14525700,32859730.0
2022-06-02,sh.600187,2.28,2.28,2.24,2.26,11581700,26161031.0
2022-06-06,sh.600187,2.24,2.25,2.21,2.23,21466400,47762337.0
2022-06-07,sh.600187,2.22,2.24,2.19,2.24,15774263,35043231.6
2022-06-08,sh.600187,2.23,2.26,2.2,2.25,15127650,33749611.01
2022-06-09,sh.600187,2.26,2.26,2.22,2.24,9536273,21295296.16
2022-06-10,sh.600187,2.22,2.24,2.21,2.23,11654800,25918227.0
2022-06-13,sh.600187,2.22,2.23,2.18,2.2,11326800,24969177.0
2022-06-14,sh.600187,2.19,2.24,2.18,2.24,15432001,34095589.21
2022-06-15,sh.600187,2.24,2.27,2.23,2.25,17797157,40030638.68
2022-06-16,sh.600187,2.25,2.25,2.22,2.23,11152000,24914585.0
2022-06-17,sh.600187,2.21,2.23,2.18,2.22,12307607,27129788.4
2022-06-20,sh.600187,2.24,2.24,2.22,2.23,10131500,22590717.0
2022-06-21,sh.600187,2.23,2.25,2.22,2.24,9981700,22314548.0
2022-06-22,sh.600187,2.23,2.24,2.22,2.24,7451800,16606210.0
2022-06-23,sh.600187,2.23,2.25,2.21,2.24,9083400,20300101.0
2022-06-24,sh.600187,2.25,2.35,2.23,2.28,26840748,61600496.3
2022-06-27,sh.600187,2.29,2.31,2.27,2.29,13962310,31945970.02
2022-06-28,sh.600187,2.28,2.32,2.26,2.32,17626082,40570921.17
2022-06-29,sh.600187,2.36,2.55,2.3,2.55,125008630,314130056.1
2022-06-30,sh.600187,2.56,2.81,2.49,2.81,193516204,536669807.43
2022-07-01,sh.600187,3.09,3.09,3.09,3.09,21738338,67171464.42
2022-07-04,sh.600187,3.4,3.4,2.78,3.28,413325872,1330954918.79
2022-07-05,sh.600187,3.0,3.27,2.95,2.97,312494352,947145532.28
2022-07-06,sh.600187,2.8,2.93,2.69,2.7,191639947,532452507.33
2022-07-07,sh.600187,2.68,2.8,2.59,2.65,149700294,401912313.9
2022-07-08,sh.600187,2.63,2.84,2.6,2.71,154708286,418291587.69
2022-07-11,sh.600187,2.69,2.87,2.66,2.83,149988110,415157181.7
2022-07-12,sh.600187,2.77,2.8,2.67,2.69,100936319,275387180.51
2022-07-13,sh.600187,2.7,2.78,2.64,2.7,68514392,185836273.02
2022-07-14,sh.600187,2.63,2.7,2.59,2.67,94730197,249179827.13
2022-07-15,sh.600187,2.64,2.65,2.5,2.5,80342137,205034731.38
2022-07-18,sh.600187,2.51,2.75,2.5,2.75,82285452,222074350.9
2022-07-19,sh.600187,2.78,2.8,2.69,2.71,113007972,308961622.03
2022-07-20,sh.600187,2.7,2.8,2.68,2.79,95581818,262212992.68
2022-07-21,sh.600187,2.71,2.82,2.63,2.66,98002381,265692458.6
2022-07-22,sh.600187,2.67,2.74,2.64,2.68,55782043,149874684.41
2022-07-25,sh.600187,2.65,2.67,2.6,2.61,39844047,104716935.66
2022-07-26,sh.600187,2.61,2.68,2.57,2.66,42122880,110892263.81
2022-07-27,sh.600187,2.66,2.69,2.6,2.64,33983290,89586016.37
2022-07-28,sh.600187,2.67,2.8,2.65,2.73,87633538,238669406.37
2022-07-29,sh.600187,2.72,2.76,2.67,2.69,42733187,115705219.08
2022-08-01,sh.600187,2.67,2.67,2.61,2.62,32341200,85111492.0
2022-08-02,sh.600187,2.62,2.65,2.45,2.51,44362384,111636727.33
2022-08-03,sh.600187,2.5,2.58,2.46,2.47,34393038,86757088.52
2022-08-04,sh.600187,2.49,2.58,2.49,2.56,36242323,91778311.0
2022-08-05,sh.600187,2.56,2.56,2.49,2.54,28842988,72621536.0
2022-08-08,sh.600187,2.52,2.67,2.5,2.62,43099690,111978911.0
2022-08-09,sh.600187,2.59,2.74,2.58,2.64,52980206,140954802.0
2022-08-10,sh.600187,2.67,2.68,2.6,2.64,31488647,83098416.0
2022-08-11,sh.600187,2.64,2.72,2.64,2.66,35267834,94344305.0
2022-08-12,sh.600187,2.68,2.73,2.64,2.69,30544590,82172969.0
2022-08-15,sh.600187,2.7,2.71,2.65,2.7,24191600,64918826.0
2022-08-16,sh.600187,2.72,2.74,2.69,2.7,25835575,69905863.5
2022-08-17,sh.600187,2.72,2.8,2.7,2.76,63855451,175728510.63
2022-08-18,sh.600187,2.73,2.74,2.66,2.67,37920440,101940545.87
2022-08-19,sh.600187,2.69,2.78,2.67,2.73,54957697,149750197.47
2022-08-22,sh.600187,2.71,2.79,2.7,2.78,52209625,144124787.52
2022-08-23,sh.600187,2.76,2.93,2.74,2.88,108627710,310255709.24
2022-08-24,sh.600187,2.9,3.0,2.83,2.84,105558446,306245626.48
2022-08-25,sh.600187,2.86,2.88,2.72,2.79,65169553,181510959.84
2022-08-26,sh.600187,2.76,2.93,2.75,2.79,66652688,189045149.7
2022-08-29,sh.600187,2.72,3.07,2.72,2.94,119670205,352373933.29
2022-08-30,sh.600187,2.95,3.06,2.88,2.93,109647386,325184739.88
2022-08-31,sh.600187,2.93,2.94,2.76,2.78,86590569,243773783.61
2022-09-01,sh.600187,2.78,3.05,2.77,2.9,90233039,262766576.91
2022-09-02,sh.600187,2.85,2.88,2.78,2.79,61144327,171770869.76
2022-09-05,sh.600187,2.78,2.92,2.77,2.83,44499500,126040338.76
2022-09-06,sh.600187,2.8,2.89,2.74,2.84,50004435,140871406.7
2022-09-07,sh.600187,2.84,2.93,2.78,2.9,61886293,177794456.25
2022-09-08,sh.600187,2.88,2.93,2.86,2.88,39192353,113173568.61
2022-09-09,sh.600187,2.9,2.92,2.77,2.81,52306484,147377353.65
2022-09-13,sh.600187,2.82,2.88,2.76,2.86,40179902,113761147.99
2022-09-14,sh.600187,2.8,2.96,2.8,2.93,61738996,178632965.06
2022-09-15,sh.600187,2.91,2.92,2.8,2.87,47778846,136417993.35
2022-09-16,sh.600187,2.92,3.05,2.86,2.97,75271064,221582963.01
2022-09-19,sh.600187,2.8,2.85,2.76,2.78,60837892,170095036.63
2022-09-20,sh.600187,2.78,2.8,2.67,2.7,38267725,104975977.8
2022-09-21,sh.600187,2.7,2.7,2.57,2.64,32953623,86652710.27
2022-09-22,sh.600187,2.61,2.66,2.6,2.61,19854685,52115285.4
2022-09-23,sh.600187,2.6,2.65,2.6,2.61,18957652,49634630.07
2022-09-26,sh.600187,2.58,2.65,2.55,2.57,22169273,57612232.88
2022-09-27,sh.600187,2.57,2.61,2.54,2.6,18127178,46625462.9
2022-09-28,sh.600187,2.58,2.62,2.52,2.52,16191205,41572768.55
2022-09-29,sh.600187,2.53,2.55,2.45,2.5,17921750,44845450.4
2022-09-30,sh.600187,2.48,2.52,2.45,2.47,13949112,34615583.92
2022-10-10,sh.600187,2.6,2.69,2.53,2.54,32505839,84420901.24
2022-10-11,sh.600187,2.54,2.57,2.46,2.57,22942240,57793796.36
2022-10-12,sh.600187,2.58,2.61,2.54,2.61,22071219,56759475.6
2022-10-13,sh.600187,2.6,2.6,2.55,2.57,17200797,44339584.29
2022-10-14,sh.600187,2.59,2.62,2.56,2.61,22832077,59289331.95
2022-10-17,sh.600187,2.59,2.63,2.57,2.62,17658238,45908778.52
2022-10-18,sh.600187,2.61,2.62,2.58,2.58,14580114,37936993.4
2022-10-19,sh.600187,2.58,2.58,2.52,2.53,17595669,44873345.95
2022-10-20,sh.600187,2.53,2.57,2.52,2.54,13168989,33514501.17
2022-10-21,sh.600187,2.54,2.56,2.51,2.51,11749704,29729253.12
2022-10-24,sh.600187,2.53,2.55,2.45,2.47,16624800,41532977.0
2022-10-25,sh.600187,2.45,2.47,2.38,2.45,15361307,37226235.33
2022-10-26,sh.600187,2.45,2.54,2.45,2.51,16154526,40312541.26
2022-10-27,sh.600187,2.52,2.53,2.49,2.5,13027000,32662375.0
2022-10-28,sh.600187,2.51,2.51,2.41,2.42,15633033,38107897.86
2022-10-31,sh.600187,2.38,2.42,2.35,2.4,14072399,33570639.75
2022-11-01,sh.600187,2.39,2.54,2.39,2.49,17113478,41990440.89
2022-11-02,sh.600187,2.48,2.55,2.47,2.54,18571561,46744569.28
2022-11-03,sh.600187,2.52,2.61,2.51,2.57,23138995,59379026.02
2022-11-04,sh.600187,2.56,2.66,2.56,2.63,28101732,73598916.19
2022-11-07,sh.600187,2.61,2.7,2.6,2.69,23494721,62463721.82
2022-11-08,sh.600187,2.69,2.75,2.68,2.72,23597012,63985525.9
2022-11-09,sh.600187,2.74,2.75,2.7,2.72,21158670,57562660.51
2022-11-10,sh.600187,2.71,2.77,2.69,2.73,21184169,57900233.0
2022-11-11,sh.600187,2.79,2.79,2.7,2.71,27365773,74529079.11
2022-11-14,sh.600187,2.7,2.73,2.65,2.67,21269697,57182456.29
2022-11-15,sh.600187,2.67,2.74,2.65,2.74,19901350,53763854.11
2022-11-16,sh.600187,2.74,2.83,2.72,2.82,34622117,96592433.85
2022-11-17,sh.600187,2.82,2.84,2.76,2.78,37330169,104559907.02
2022-11-18,sh.600187,2.64,2.64,2.51,2.52,97040328,248505704.07
2022-11-21,sh.600187,2.55,2.55,2.47,2.49,35043955,87334226.4
2022-11-22,sh.600187,2.47,2.5,2.45,2.46,29488050,72936392.56
2022-11-23,sh.600187,2.46,2.48,2.44,2.47,22645769,55774333.61
2022-11-24,sh.600187,2.47,2.49,2.47,2.48,13848877,34328352.19
2022-11-25,sh.600187,2.46,2.51,2.46,2.49,16948928,42092403.72
2022-11-28,sh.600187,2.48,2.48,2.42,2.47,14164456,34864692.21
2022-11-29,sh.600187,2.47,2.54,2.47,2.54,27922881,70153756.98
2022-11-30,sh.600187,2.53,2.55,2.51,2.53,17680600,44765147.0
2022-12-01,sh.600187,2.54,2.56,2.52,2.53,18074108,45915293.54
2022-12-02,sh.600187,2.54,2.54,2.51,2.54,13538037,34226846.71
2022-12-05,sh.600187,2.53,2.58,2.52,2.57,23005579,58895409.99
2022-12-06,sh.600187,2.57,2.58,2.54,2.55,16676604,42636505.86
2022-12-07,sh.600187,2.56,2.56,2.51,2.53,10647302,26932747.06
2022-12-08,sh.600187,2.53,2.53,2.5,2.51,11544213,28980523.63
2022-12-09,sh.600187,2.51,2.52,2.48,2.51,14073762,35160259.76
2022-12-12,sh.600187,2.5,2.5,2.43,2.44,23221226,57039194.79
2022-12-13,sh.600187,2.44,2.47,2.43,2.44,14373000,35162773.0
2022-12-14,sh.600187,2.44,2.46,2.42,2.43,13157400,32058281.0
2022-12-15,sh.600187,2.43,2.43,2.4,2.42,12692305,30665591.05
2022-12-16,sh.600187,2.41,2.42,2.39,2.4,15221200,36566615.0
2022-12-19,sh.600187,2.39,2.4,2.33,2.34,16445517,38804144.78
2022-12-20,sh.600187,2.34,2.38,2.32,2.36,10784974,25365083.9
2022-12-21,sh.600187,2.36,2.37,2.33,2.34,7693647,18062853.45
2022-12-22,sh.600187,2.35,2.37,2.3,2.31,11630800,27131842.0
2022-12-23,sh.600187,2.31,2.33,2.28,2.3,9571468,22054491.72
2022-12-26,sh.600187,2.3,2.53,2.29,2.53,56564255,139305898.69
2022-12-27,sh.600187,2.78,2.78,2.78,2.78,18283924,50829308.72
2022-12-28,sh.600187,3.06,3.06,3.06,3.06,14723493,45053888.58
2022-12-29,sh.600187,3.37,3.37,3.37,3.37,20675961,69677988.57
2022-12-30,sh.600187,3.7,3.7,3.42,3.54,465337859,1658779739.65
2023-01-03,sh.600187,3.69,3.88,3.46,3.59,347848265,1268173268.96
2023-01-04,sh.600187,3.61,3.69,3.23,3.23,321359303,1083317524.32
2023-01-05,sh.600187,3.18,3.23,3.07,3.09,215300739,676565022.67
2023-01-06,sh.600187,3.12,3.12,2.96,2.96,172786485,521071287.13
2023-01-09,sh.600187,2.98,3.01,2.92,2.98,104028245,308823496.74
2023-01-10,sh.600187,2.97,3.09,2.9,3.06,164342550,492065003.98
2023-01-11,sh.600187,3.02,3.03,2.92,2.93,101864894,303072572.76
2023-01-12,sh.600187,2.93,2.99,2.91,2.93,73601956,216771208.81
2023-01-13,sh.600187,2.9,2.94,2.86,2.9,63145108,182588008.12
2023-01-16,sh.600187,2.89,2.92,2.88,2.89,53130584,154231198.36
2023-01-17,sh.600187,2.92,2.93,2.84,2.86,60159997,172963726.36
2023-01-18,sh.600187,2.86,2.89,2.84,2.85,41918338,119923393.68
2023-01-19,sh.600187,2.85,2.94,2.82,2.87,73831786,212705155.84
2023-01-20,sh.600187,2.86,2.9,2.84,2.89,49799508,143228435.34
2023-01-30,sh.600187,2.9,3.02,2.88,2.96,94521359,279498333.67
2023-01-31,sh.600187,2.98,2.98,2.89,2.92,59040610,172122887.1
2023-02-01,sh.600187,2.91,2.96,2.89,2.95,57617194,168609145.26
2023-02-02,sh.600187,2.94,2.95,2.89,2.91,55008666,160145823.56
2023-02-03,sh.600187,2.92,2.92,2.87,2.9,43972916,127152305.8
2023-02-06,sh.600187,2.88,2.93,2.88,2.89,32357300,93684668.3
2023-02-07,sh.600187,2.9,2.94,2.89,2.92,48391085,141291943.53
2023-02-08,sh.600187,2.92,2.95,2.89,2.9,43168623,126189029.71
2023-02-09,sh.600187,2.9,2.91,2.88,2.89,36212400,104657469.0
2023-02-10,sh.600187,2.89,2.9,2.85,2.88,45240466,129894571.79
2023-02-13,sh.600187,2.87,2.95,2.86,2.91,61911350,179835291.5
2023-02-14,sh.600187,2.91,2.93,2.88,2.89,32955984,95595210.6
2023-02-15,sh.600187,2.89,2.9,2.86,2.86,29226200,83997241.0
2023-02-16,sh.600187,2.87,2.91,2.8,2.82,63335481,181955519.09
2023-02-17,sh.600187,2.82,2.84,2.81,2.82,33777738,95411716.16
2023-02-20,sh.600187,2.83,2.85,2.78,2.85,34307200,96618866.0
2023-02-21,sh.600187,2.85,2.86,2.82,2.85,27774904,78923903.36
2023-02-22,sh.600187,2.84,2.87,2.83,2.85,20206100,57559968.0
2023-02-23,sh.600187,2.85,2.87,2.83,2.84,23827999,67987468.64
2023-02-24,sh.600187,2.85,2.86,2.81,2.84,22907200,64992040.0
2023-02-27,sh.600187,2.84,2.85,2.81,2.81,17903000,50633243.0
2023-02-28,sh.600187,2.8,2.86,2.8,2.85,24816902,70179739.64
2023-03-01,sh.600187,2.85,2.85,2.83,2.85,18009610,51164796.37
2023-03-02,sh.600187,2.85,2.91,2.84,2.85,41194600,118392587.0
2023-03-03,sh.600187,2.85,2.88,2.83,2.88,31613400,90492012.0
2023-03-06,sh.600187,2.88,2.9,2.85,2.86,24343158,69907434.62
2023-03-07,sh.600187,2.87,2.87,2.79,2.8,30427491,85956437.89
2023-03-08,sh.600187,2.8,2.8,2.76,2.79,23589138,65617422.26
2023-03-09,sh.600187,2.8,2.84,2.78,2.81,32110991,90319980.8
2023-03-10,sh.600187,2.79,2.79,2.72,2.73,34946907,96189840.18
2023-03-13,sh.600187,2.73,2.74,2.69,2.72,20436800,55547866.0
2023-03-14,sh.600187,2.72,2.72,2.65,2.68,28390971,76064866.99
2023-03-15,sh.600187,2.69,2.72,2.68,2.7,17449903,47107072.1
2023-03-16,sh.600187,2.7,2.7,2.65,2.65,17754453,47425262.07
2023-03-17,sh.600187,2.67,2.7,2.67,2.67,16648402,44658268.36
2023-03-20,sh.600187,2.68,2.68,2.63,2.63,21818400,57815877.0
2023-03-21,sh.600187,2.64,2.67,2.63,2.66,17482225,46424292.25
2023-03-22,sh.600187,2.67,2.68,2.64,2.68,16851100,44873972.0
2023-03-23,sh.600187,2.66,2.69,2.64,2.67,24855232,66161701.79
2023-03-24,sh.600187,2.67,2.68,2.64,2.65,20273987,53722427.05
2023-03-27,sh.600187,2.64,2.66,2.61,2.62,18799100,49362014.0
2023-03-28,sh.600187,2.63,2.67,2.59,2.61,29607408,77808059.8
2023-03-29,sh.600187,2.61,2.62,2.56,2.57,26792400,69169805.0
2023-03-30,sh.600187,2.57,2.58,2.54,2.56,16129526,41273836.3
2023-03-31,sh.600187,2.55,2.61,2.55,2.6,17099200,44248292.0
2023-04-03,sh.600187,2.6,2.61,2.57,2.58,19607250,50588010.0
2023-04-04,sh.600187,2.58,2.6,2.54,2.55,19696100,50490615.0
2023-04-06,sh.600187,2.54,2.54,2.52,2.52,17891700,45188259.0
2023-04-07,sh.600187,2.52,2.7,2.51,2.65,73664257,192984741.2
2023-04-10,sh.600187,2.62,2.63,2.54,2.54,43453502,111995985.14
2023-04-11,sh.600187,2.54,2.55,2.49,2.51,28017921,70317434.71
2023-04-12,sh.600187,2.51,2.53,2.5,2.53,13763927,34674928.77
2023-04-13,sh.600187,2.52,2.55,2.51,2.54,16826750,42666489.5
2023-04-14,sh.600187,2.54,2.55,2.51,2.52,15003800,37873249.0
2023-04-17,sh.600187,2.53,2.7,2.52,2.65,64488148,169624452.08
2023-04-18,sh.600187,2.62,2.67,2.61,2.62,26187143,68942665.05
2023-04-19,sh.600187,2.62,2.65,2.6,2.62,23231708,60876435.88
2023-04-20,sh.600187,2.6,2.61,2.52,2.53,38735908,98625667.4
2023-04-21,sh.600187,2.52,2.53,2.44,2.44,30017023,74400175.12
2023-04-24,sh.600187,2.44,2.47,2.38,2.45,24494601,59377274.35
2023-04-25,sh.600187,2.43,2.45,2.36,2.4,21105208,50713441.57
2023-04-26,sh.600187,2.4,2.44,2.38,2.42,14199016,34336599.72
2023-04-27,sh.600187,2.42,2.43,2.4,2.41,14761643,35606698.58
2023-04-28,sh.600187,2.41,2.63,2.41,2.58,59584020,152159381.6
2023-05-04,sh.600187,2.58,2.7,2.58,2.64,47223583,125199322.49
2023-05-05,sh.600187,2.64,2.66,2.58,2.6,22023500,57377020.0
2023-05-08,sh.600187,2.61,2.62,2.57,2.59,18643550,48223965.0
2023-05-09,sh.600187,2.6,2.64,2.56,2.57,27999500,72919463.0
2023-05-10,sh.600187,2.57,2.59,2.55,2.58,13030567,33487269.19
2023-05-11,sh.600187,2.58,2.84,2.58,2.84,96138290,263752026.79
2023-05-12,sh.600187,2.84,2.84,2.7,2.73,100710491,276362641.65
2023-05-15,sh.600187,2.73,2.76,2.69,2.73,43686390,118670545.11
2023-05-16,sh.600187,2.73,2.97,2.66,2.86,116753127,331160460.57
2023-05-17,sh.600187,2.82,2.93,2.76,2.86,79651184,226439941.06
2023-05-18,sh.600187,2.85,2.85,2.78,2.78,44305907,124085115.84
2023-05-19,sh.600187,2.78,2.84,2.75,2.8,34275857,95937893.88
2023-05-22,sh.600187,2.8,2.81,2.75,2.76,27331223,75847587.25
2023-05-23,sh.600187,2.75,2.82,2.72,2.72,28834292,79713365.15
2023-05-24,sh.600187,2.73,2.76,2.7,2.74,22835842,62365224.03
2023-05-25,sh.600187,2.73,2.82,2.69,2.77,43388062,119634590.7
2023-05-26,sh.600187,2.87,3.05,2.82,2.82,115821363,337231400.15
2023-05-29,sh.600187,2.84,2.86,2.77,2.79,61557076,172713356.25
2023-05-30,sh.600187,2.79,2.95,2.76,2.86,73185638,209614137.65
2023-05-31,sh.600187,2.83,2.86,2.75,2.76,46338308,129180442.04
2023-06-01,sh.600187,2.76,2.81,2.73,2.77,28165454,77877180.52
2023-06-02,sh.600187,2.75,2.77,2.73,2.74,19817256,54460760.44
2023-06-05,sh.600187,2.79,2.8,2.76,2.76,19048084,52876551.46
2023-06-06,sh.600187,2.77,2.84,2.73,2.75,34724961,96664903.76
2023-06-07,sh.600187,2.73,2.75,2.69,2.7,25788853,69965372.74
2023-06-08,sh.600187,2.68,2.69,2.65,2.66,17061988,45557388.97
2023-06-09,sh.600187,2.66,2.68,2.65,2.68,11250604,29990623.68
2023-06-12,sh.600187,2.66,2.67,2.62,2.66,18037598,47671420.74
2023-06-13,sh.600187,2.66,2.7,2.64,2.68,12819500,34231923.0
2023-06-14,sh.600187,2.67,2.79,2.66,2.72,25348526,69051945.19
2023-06-15,sh.600187,2.71,2.76,2.67,2.73,25292835,68432659.16
2023-06-16,sh.600187,2.73,2.73,2.64,2.69,16607700,44720231.0
2023-06-19,sh.600187,2.69,2.7,2.65,2.66,15643856,41689552.96
2023-06-20,sh.600187,2.66,2.89,2.65,2.82,71715037,199798032.14
2023-06-21,sh.600187,2.79,2.85,2.76,2.79,36957756,103493424.04
2023-06-26,sh.600187,2.77,2.9,2.74,2.89,75683910,215041903.27
2023-06-27,sh.600187,2.85,2.93,2.83,2.87,50456240,144854587.37
2023-06-28,sh.600187,2.85,2.87,2.8,2.81,37702200,106479498.19
2023-06-29,sh.600187,2.8,2.86,2.77,2.83,31695158,88972635.61
2023-06-30,sh.600187,2.81,2.98,2.8,2.91,75847053,218991979.1
2023-07-03,sh.600187,2.87,2.92,2.85,2.88,46539001,134082938.54
2023-07-04,sh.600187,2.87,2.95,2.86,2.87,44970700,130295850.81
2023-07-05,sh.600187,2.86,2.87,2.68,2.71,84428146,232228881.32
2023-07-06,sh.600187,2.73,2.73,2.67,2.68,28793615,77556710.2
2023-07-07,sh.600187,2.67,2.72,2.66,2.69,18782600,50535333.0
2023-07-10,sh.600187,2.7,2.79,2.69,2.73,38364900,104906757.84
2023-07-11,sh.600187,2.75,2.76,2.71,2.73,24257050,66065633.5
2023-07-12,sh.600187,2.73,2.73,2.68,2.7,20311500,54801805.0
2023-07-13,sh.600187,2.7,2.74,2.69,2.71,15052702,40771702.4
2023-07-14,sh.600187,2.71,2.98,2.69,2.88,162818802,472869436.97
2023-07-17,sh.600187,2.88,2.95,2.84,2.89,112239963,324100271.4
2023-07-18,sh.600187,2.87,2.89,2.83,2.85,61940497,176971268.45
2023-07-19,sh.600187,2.86,2.9,2.83,2.85,36834500,105156406.0
2023-07-20,sh.600187,2.84,2.85,2.78,2.79,47110175,132274934.5
2023-07-21,sh.600187,2.78,2.86,2.78,2.86,45708721,129456523.22
2023-07-24,sh.600187,2.83,2.85,2.79,2.8,39539400,111228480.0
2023-07-25,sh.600187,2.82,2.86,2.79,2.85,42152479,119282787.39
2023-07-26,sh.600187,2.84,2.89,2.82,2.89,56859380,163487716.8
2023-07-27,sh.600187,2.88,2.89,2.82,2.84,43004305,122569639.29
2023-07-28,sh.600187,2.83,2.85,2.8,2.84,34315000,96935589.0
2023-07-31,sh.600187,2.84,2.91,2.83,2.9,61848855,178048538.25
2023-08-01,sh.600187,2.88,3.05,2.87,2.97,114475112,339040812.27
2023-08-02,sh.600187,2.95,2.99,2.93,2.95,71602367,211623123.68
2023-08-03,sh.600187,2.95,2.96,2.91,2.93,39073140,114307385.2
2023-08-04,sh.600187,2.93,2.94,2.87,2.87,46751100,135377685.14
2023-08-07,sh.600187,2.88,2.9,2.86,2.88,30560800,88117023.14
2023-08-08,sh.600187,2.88,2.89,2.84,2.84,27768111,79248760.45
2023-08-09,sh.600187,2.89,2.99,2.86,2.88,88585379,258803503.82
2023-08-10,sh.600187,2.85,2.88,2.81,2.84,51798377,147120511.56
2023-08-11,sh.600187,2.84,2.85,2.76,2.76,39524500,110618822.0
2023-08-14,sh.600187,2.74,2.79,2.72,2.78,20619596,57028050.96
2023-08-15,sh.600187,2.77,2.81,2.76,2.79,17804445,49564919.54
2023-08-16,sh.600187,2.77,2.79,2.76,2.77,15222200,42184674.0
2023-08-17,sh.600187,2.76,2.88,2.74,2.83,38175532,107596853.19
2023-08-18,sh.600187,2.81,2.88,2.8,2.8,35351101,100007011.58
2023-08-21,sh.600187,2.8,2.86,2.79,2.83,33243902,94024768.71
2023-08-22,sh.600187,2.82,2.83,2.75,2.8,30916086,86121102.32
2023-08-23,sh.600187,2.79,2.86,2.78,2.83,41979300,118755935.0
2023-08-24,sh.600187,2.84,2.89,2.77,2.87,52494197,148109316.23
2023-08-25,sh.600187,2.86,3.16,2.84,3.16,288270860,897376642.27
2023-08-28,sh.600187,3.16,3.44,3.07,3.24,348381325,1131683274.32
2023-08-29,sh.600187,3.1,3.18,3.08,3.16,183603986,574374195.88
2023-08-30,sh.600187,3.11,3.12,2.99,3.0,154216400,468056009.76
2023-08-31,sh.600187,3.02,3.19,3.01,3.03,135830748,416617503.46
2023-09-01,sh.600187,2.98,2.99,2.91,2.92,106222242,311726638.8
2023-09-04,sh.600187,2.91,2.99,2.88,2.95,78018674,229448465.56
2023-09-05,sh.600187,2.94,2.94,2.88,2.9,61381964,177898818.34
2023-09-06,sh.600187,2.9,2.9,2.86,2.87,42788163,123026541.96
2023-09-07,sh.600187,2.87,2.88,2.82,2.82,42845609,122100808.42
2023-09-08,sh.600187,2.82,2.85,2.82,2.83,29006173,82166399.69
2023-09-11,sh.600187,2.83,2.87,2.83,2.86,30129100,85927539.0
2023-09-12,sh.600187,2.85,2.88,2.85,2.86,23399164,67013278.04
2023-09-13,sh.600187,2.86,2.9,2.82,2.89,55666200,159095135.86
2023-09-14,sh.600187,2.88,2.88,2.83,2.83,34284739,97612493.85
2023-09-15,sh.600187,2.83,2.85,2.83,2.84,20972292,59536851.3
2023-09-18,sh.600187,2.84,3.02,2.82,2.96,103450941,302976706.91
2023-09-19,sh.600187,2.91,2.95,2.9,2.92,62613841,182768088.73
2023-09-20,sh.600187,2.91,2.92,2.84,2.84,42326900,121317206.0
2023-09-21,sh.600187,2.83,2.86,2.82,2.83,24330100,69064576.0
2023-09-22,sh.600187,2.82,2.86,2.82,2.85,22248730,63295417.2
2023-09-25,sh.600187,2.84,2.85,2.82,2.82,24818330,70162791.6
2023-09-26,sh.600187,2.82,2.83,2.78,2.79,26554573,74554232.1
2023-09-27,sh.600187,2.79,2.81,2.77,2.79,23269576,64929675.39
2023-09-28,sh.600187,2.79,2.82,2.79,2.82,15977748,44807013.53
2023-10-09,sh.600187,2.82,2.82,2.78,2.78,19029800,53052994.98
2023-10-10,sh.600187,2.79,2.8,2.76,2.76,18342576,50938312.52
2023-10-11,sh.600187,2.76,2.77,2.72,2.74,21744297,59679704.87
2023-10-12,sh.600187,2.74,2.76,2.73,2.76,18045110,49541653.4
2023-10-13,sh.600187,2.75,2.75,2.68,2.69,28400333,76892277.71
2023-10-16,sh.600187,2.68,2.7,2.66,2.67,19938129,53357847.72
2023-10-17,sh.600187,2.67,2.68,2.64,2.64,17177752,45491124.78
2023-10-18,sh.600187,2.64,2.65,2.58,2.59,18469300,48132128.0
2023-10-19,sh.600187,2.59,2.63,2.57,2.59,16688484,43387294.88
2023-10-20,sh.600187,2.58,2.6,2.56,2.58,15429834,39838620.38
2023-10-23,sh.600187,2.59,2.6,2.53,2.53,17630600,45253476.0
2023-10-24,sh.600187,2.54,2.6,2.53,2.6,21502293,55472210.27
2023-10-25,sh.600187,2.67,2.84,2.63,2.73,73330266,200516728.84
2023-10-26,sh.600187,2.7,2.76,2.67,2.75,49909434,135593041.98
2023-10-27,sh.600187,2.74,2.78,2.72,2.76,34243356,94013882.77
2023-10-30,sh.600187,2.76,2.77,2.73,2.74,24493003,67131481.19
2023-10-31,sh.600187,2.74,2.75,2.7,2.71,18245200,49716197.0
2023-11-01,sh.600187,2.71,2.74,2.7,2.7,17748300,48169459.0
2023-11-02,sh.600187,2.69,2.71,2.68,2.68,13148500,35368189.0
2023-11-03,sh.600187,2.68,2.71,2.68,2.7,13702000,36967014.0
2023-11-06,sh.600187,2.71,2.74,2.7,2.74,19928600,54235781.0
2023-11-07,sh.600187,2.73,2.74,2.71,2.72,18353192,49957579.24
2023-11-08,sh.600187,2.73,2.73,2.68,2.69,22469099,60742033.28
2023-11-09,sh.600187,2.69,2.71,2.67,2.68,15021447,40328929.54
2023-11-10,sh.600187,2.67,2.7,2.64,2.7,19242424,51326145.69
2023-11-13,sh.600187,2.71,2.71,2.68,2.71,13883800,37422425.0
2023-11-14,sh.600187,2.7,2.71,2.69,2.7,13566600,36627155.0
2023-11-15,sh.600187,2.71,2.75,2.7,2.74,30786687,84016427.69
2023-11-16,sh.600187,2.73,2.74,2.7,2.7,16757644,45557160.68
2023-11-17,sh.600187,2.7,2.71,2.69,2.7,15080200,40727905.0
2023-11-20,sh.600187,2.7,2.74,2.7,2.73,19159800,52271040.0
2023-11-21,sh.600187,2.74,2.75,2.71,2.72,19171100,52383477.0
2023-11-22,sh.600187,2.72,2.74,2.71,2.73,15792615,43074873.8
2023-11-23,sh.600187,2.72,2.74,2.69,2.74,20037400,54427499.0
2023-11-24,sh.600187,2.73,2.74,2.7,2.71,14275300,38737627.0
2023-11-27,sh.600187,2.7,2.7,2.67,2.68,15751300,42282981.0
2023-11-28,sh.600187,2.68,2.73,2.66,2.71,16449650,44397563.65
2023-11-29,sh.600187,2.7,2.71,2.68,2.68,12666605,34066187.4
2023-11-30,sh.600187,2.67,2.69,2.66,2.67,13174438,35167731.08
2023-12-01,sh.600187,2.67,2.72,2.66,2.71,19590770,52903270.61
2023-12-04,sh.600187,2.7,2.75,2.69,2.73,27089535,73812407.2
2023-12-05,sh.600187,2.72,2.73,2.69,2.69,21630700,58545569.0
2023-12-06,sh.600187,2.68,2.71,2.67,2.7,12574664,33881834.8
2023-12-07,sh.600187,2.69,2.7,2.68,2.69,9940302,26741331.38
2023-12-08,sh.600187,2.69,2.71,2.66,2.67,18172219,48781411.54
2023-12-11,sh.600187,2.67,2.84,2.63,2.77,76227324,209690518.39
2023-12-12,sh.600187,2.77,2.79,2.73,2.78,45476500,125316010.02
2023-12-13,sh.600187,2.77,2.79,2.74,2.75,30769534,85051429.82
2023-12-14,sh.600187,2.74,2.78,2.73,2.76,25573611,70545070.26
2023-12-15,sh.600187,2.76,2.77,2.73,2.74,22460096,61695417.04
2023-12-18,sh.600187,2.74,2.74,2.67,2.68,23659900,63978441.0
2023-12-19,sh.600187,2.67,2.69,2.65,2.67,20326193,54258142.24
2023-12-20,sh.600187,2.67,2.68,2.65,2.65,13447123,35871367.41
2023-12-21,sh.600187,2.64,2.66,2.6,2.65,21097350,55622120.0
2023-12-22,sh.600187,2.65,2.67,2.63,2.63,18447120,48794531.6
2023-12-25,sh.600187,2.63,2.64,2.61,2.61,9789000,25635399.0
2023-12-26,sh.600187,2.61,2.68,2.6,2.66,30152624,79812611.08
2023-12-27,sh.600187,2.64,2.65,2.61,2.63,18437936,48380935.32
2023-12-28,sh.600187,2.63,2.66,2.61,2.63,28141900,74324272.0
2023-12-29,sh.600187,2.63,2.66,2.63,2.64,14496997,38360112.08
2024-01-02,sh.600187,2.65,2.71,2.64,2.66,23218203,62121468.98
2024-01-03,sh.600187,2.66,2.68,2.65,2.67,15727791,41921000.07
2024-01-04,sh.600187,2.67,2.68,2.65,2.66,14818000,39456217.0
2024-01-05,sh.600187,2.65,2.67,2.6,2.61,21663600,56953266.0
2024-01-08,sh.600187,2.6,2.61,2.58,2.58,12943500,33600949.0
2024-01-09,sh.600187,2.58,2.61,2.58,2.6,9279300,24090388.0
2024-01-10,sh.600187,2.6,2.61,2.58,2.59,9633140,24986555.85
2024-01-11,sh.600187,2.59,2.63,2.58,2.62,12560115,32828314.28
2024-01-12,sh.600187,2.63,2.83,2.62,2.68,65398428,176942186.65
2024-01-15,sh.600187,2.65,2.67,2.6,2.62,37720034,98956716.74
2024-01-16,sh.600187,2.6,2.62,2.57,2.6,25069129,65050198.69
2024-01-17,sh.600187,2.6,2.61,2.57,2.57,11711000,30320806.0
2024-01-18,sh.600187,2.57,2.57,2.48,2.53,24853942,62735400.16
2024-01-19,sh.600187,2.53,2.57,2.52,2.55,13777800,35037830.0
2024-01-22,sh.600187,2.54,2.54,2.4,2.42,21955000,54251079.0
2024-01-23,sh.600187,2.4,2.44,2.34,2.42,12947100,31038068.0
2024-01-24,sh.600187,2.43,2.46,2.38,2.46,15999670,38844780.66
2024-01-25,sh.600187,2.45,2.51,2.44,2.51,20219688,50235291.28
2024-01-26,sh.600187,2.51,2.55,2.49,2.53,22358378,56492680.87
2024-01-29,sh.600187,2.53,2.54,2.45,2.45,18455651,45842985.48
2024-01-30,sh.600187,2.45,2.5,2.43,2.43,13708400,33819916.41
2024-01-31,sh.600187,2.42,2.45,2.36,2.37,17816800,42796963.0
2024-02-01,sh.600187,2.36,2.39,2.28,2.32,20062214,46863999.9
2024-02-02,sh.600187,2.34,2.36,2.2,2.27,22594875,51668357.46
2024-02-05,sh.600187,2.25,2.25,2.08,2.12,28206807,60845718.07
2024-02-06,sh.600187,2.1,2.28,2.04,2.23,22395059,48470537.93
2024-02-07,sh.600187,2.23,2.26,2.15,2.16,22795722,50357433.82
2024-02-08,sh.600187,2.17,2.3,2.17,2.29,21081587,47318552.17
2024-02-19,sh.600187,2.33,2.35,2.28,2.32,22582623,52311858.13
2024-02-20,sh.600187,2.31,2.33,2.28,2.33,11981545,27667285.7
2024-02-21,sh.600187,2.31,2.38,2.3,2.35,22559000,53064617.0
2024-02-22,sh.600187,2.34,2.37,2.33,2.37,15931250,37505164.0
2024-02-23,sh.600187,2.36,2.39,2.35,2.38,17408048,41289207.84
2024-02-26,sh.600187,2.38,2.42,2.36,2.38,24782236,59245134.93
2024-02-27,sh.600187,2.37,2.42,2.37,2.42,18204600,43622076.0
2024-02-28,sh.600187,2.41,2.46,2.29,2.3,38380973,91516220.18
2024-02-29,sh.600187,2.3,2.37,2.28,2.36,28760700,66997127.0
2024-03-01,sh.600187,2.35,2.37,2.32,2.35,17943000,42042540.0
2024-03-04,sh.600187,2.34,2.36,2.3,2.33,16707780,38847144.88
2024-03-05,sh.600187,2.33,2.33,2.29,2.3,13609130,31418243.3
2024-03-06,sh.600187,2.3,2.33,2.3,2.32,12942592,29981674.52
2024-03-07,sh.600187,2.32,2.36,2.31,2.33,18759730,43829934.9
2024-03-08,sh.600187,2.32,2.34,2.3,2.32,11391500,26410145.0
2024-03-11,sh.600187,2.31,2.38,2.31,2.36,22856547,53602694.04
2024-03-12,sh.600187,2.36,2.37,2.34,2.37,19449401,45858459.36
2024-03-13,sh.600187,2.37,2.37,2.34,2.36,15233512,35845367.2
2024-03-14,sh.600187,2.35,2.42,2.35,2.37,35462001,84443522.47
2024-03-15,sh.600187,2.39,2.45,2.39,2.44,47402000,115021410.02
2024-03-18,sh.600187,2.43,2.44,2.4,2.43,27708622,67034589.8
2024-03-19,sh.600187,2.43,2.44,2.41,2.42,16999100,41170498.98
2024-03-20,sh.600187,2.42,2.43,2.4,2.42,15516700,37505676.0
2024-03-21,sh.600187,2.43,2.49,2.41,2.44,36756702,89933794.87
2024-03-22,sh.600187,2.43,2.44,2.37,2.39,28589978,68608071.86
2024-03-25,sh.600187,2.38,2.41,2.37,2.38,15507078,37010493.42
2024-03-26,sh.600187,2.38,2.39,2.36,2.38,13073828,30982295.11
2024-03-27,sh.600187,2.38,2.38,2.3,2.3,15349950,35956908.5
2024-03-28,sh.600187,2.29,2.35,2.29,2.32,15079000,35037842.0
2024-03-29,sh.600187,2.32,2.36,2.31,2.35,12299800,28779637.0
2024-04-01,sh.600187,2.35,2.4,2.35,2.39,16675943,39648680.34
2024-04-02,sh.600187,2.39,2.41,2.38,2.4,16110147,38589870.8
2024-04-03,sh.600187,2.4,2.41,2.38,2.39,12014800,28765570.0
2024-04-08,sh.600187,2.39,2.4,2.37,2.37,13134660,31313324.51
2024-04-09,sh.600187,2.38,2.41,2.37,2.41,15208600,36481821.0
2024-04-10,sh.600187,2.4,2.41,2.36,2.37,15925924,37937848.12
2024-04-11,sh.600187,2.37,2.42,2.35,2.42,23052930,55333145.0
2024-04-12,sh.600187,2.41,2.41,2.36,2.37,19201925,45749265.5
2024-04-15,sh.600187,2.34,2.36,2.19,2.24,36179135,81512722.77
2024-04-16,sh.600187,2.21,2.21,2.12,2.12,30045828,64710624.28
2024-04-17,sh.600187,2.13,2.22,2.13,2.22,22905569,50244623.38
2024-04-18,sh.600187,2.21,2.22,2.17,2.18,22899271,50196138.2
2024-04-19,sh.600187,2.17,2.19,2.15,2.15,16333679,35327832.64
2024-04-22,sh.600187,2.16,2.17,2.12,2.15,10756803,23073656.42
2024-04-23,sh.600187,2.14,2.17,2.13,2.14,9986600,21438734.0
2024-04-24,sh.600187,2.14,2.24,2.13,2.21,24906500,54678868.0
2024-04-25,sh.600187,2.2,2.21,2.17,2.18,15657317,34259330.4
2024-04-26,sh.600187,2.17,2.3,2.16,2.24,28052000,62439638.0
2024-04-29,sh.600187,2.22,2.29,2.21,2.28,29359338,66262003.57
2024-04-30,sh.600187,2.28,2.28,2.23,2.24,20333937,45748484.8
2024-05-06,sh.600187,2.26,2.29,2.24,2.27,20361900,46227619.0
2024-05-07,sh.600187,2.27,2.28,2.24,2.26,16341951,36859718.24
2024-05-08,sh.600187,2.26,2.26,2.23,2.24,10103400,22652782.0
2024-05-09,sh.600187,2.24,2.27,2.23,2.26,12816300,28953570.0
2024-05-10,sh.600187,2.25,2.27,2.24,2.25,9326200,21001881.0
2024-05-13,sh.600187,2.32,2.38,2.28,2.28,42638300,99190667.0
2024-05-14,sh.600187,2.26,2.31,2.26,2.29,25900606,59215397.65
2024-05-15,sh.600187,2.28,2.29,2.23,2.24,20181964,45454587.64
2024-05-16,sh.600187,2.24,2.27,2.24,2.25,10454700,23593640.0
2024-05-17,sh.600187,2.25,2.27,2.24,2.27,11355200,25653071.0
2024-05-20,sh.600187,2.27,2.29,2.26,2.27,12875300,29314685.0
2024-05-21,sh.600187,2.27,2.29,2.25,2.27,14908875,33866696.25
2024-05-22,sh.600187,2.28,2.29,2.27,2.28,11368700,25911970.0
2024-05-23,sh.600187,2.28,2.29,2.22,2.22,16589325,37223712.75
2024-05-24,sh.600187,2.23,2.25,2.21,2.22,11870542,26455440.66
2024-05-27,sh.600187,2.22,2.23,2.19,2.22,8869164,19574525.44
2024-05-28,sh.600187,2.22,2.22,2.18,2.19,6819600,15013606.0
2024-05-29,sh.600187,2.19,2.21,2.16,2.18,13014300,28413404.0
2024-05-30,sh.600187,2.18,2.19,2.15,2.15,9814801,21238472.18
2024-05-31,sh.600187,2.16,2.18,2.15,2.17,7252025,15708716.0
2024-06-03,sh.600187,2.17,2.22,2.12,2.14,17463901,37961003.14
2024-06-04,sh.600187,2.12,2.13,2.07,2.11,13474657,28326266.45
2024-06-05,sh.600187,2.11,2.11,2.07,2.07,11970657,24928263.31
2024-06-06,sh.600187,2.06,2.07,1.86,1.86,66904372,126897076.92
2024-06-07,sh.600187,1.8,1.85,1.72,1.82,78310099,139907057.02
2024-06-11,sh.600187,1.79,1.82,1.75,1.79,29761451,53186910.4
2024-06-12,sh.600187,1.79,1.81,1.77,1.78,28338722,50708564.38
2024-06-13,sh.600187,1.78,1.78,1.6,1.68,127357204,209981968.74
2024-06-14,sh.600187,1.65,1.73,1.62,1.64,70774148,117099131.72
2024-06-17,sh.600187,1.62,1.67,1.59,1.61,44664801,72743899.61
2024-06-18,sh.600187,1.61,1.67,1.59,1.66,50992551,83529555.14
2024-06-19,sh.600187,1.65,1.67,1.6,1.6,35531750,58019280.0
2024-06-20,sh.600187,1.61,1.62,1.54,1.54,52369736,81890693.8
2024-06-21,sh.600187,1.53,1.57,1.48,1.5,44653437,68076589.98
2024-06-24,sh.600187,1.51,1.52,1.42,1.44,45553650,66332627.5
2024-06-25,sh.600187,1.42,1.45,1.3,1.39,100954470,138294578.45
2024-06-26,sh.600187,1.37,1.45,1.36,1.45,51183074,72393476.71
2024-06-27,sh.600187,1.45,1.46,1.38,1.39,34397525,48733797.25
2024-06-28,sh.600187,1.38,1.41,1.36,1.37,25568500,35494570.32
2024-07-01,sh.600187,1.37,1.42,1.36,1.41,30675599,42604749.64
2024-07-02,sh.600187,1.41,1.5,1.4,1.46,39192200,57339549.0
2024-07-03,sh.600187,1.47,1.52,1.46,1.49,35851834,53565043.48
2024-07-04,sh.600187,1.5,1.51,1.4,1.41,38809434,55707773.6
2024-07-05,sh.600187,1.42,1.44,1.37,1.42,25202700,35626265.0
2024-07-08,sh.600187,1.42,1.42,1.35,1.37,29070800,39920424.0
2024-07-09,sh.600187,1.36,1.38,1.31,1.35,31968600,42815603.0
2024-07-10,sh.600187,1.35,1.35,1.31,1.31,20648350,27291374.0
2024-07-11,sh.600187,1.34,1.44,1.33,1.44,45593648,63440773.12
2024-07-12,sh.600187,1.48,1.58,1.43,1.48,93763948,141670932.52
2024-07-15,sh.600187,1.48,1.56,1.47,1.54,79166229,119830002.6
2024-07-16,sh.600187,1.52,1.69,1.51,1.67,132127257,216615194.24
2024-07-17,sh.600187,1.64,1.66,1.51,1.54,101606479,161472749.76
2024-07-18,sh.600187,1.56,1.63,1.53,1.58,63317517,99641035.52
2024-07-19,sh.600187,1.56,1.57,1.52,1.55,39419900,60712615.0
2024-07-22,sh.600187,1.56,1.71,1.53,1.71,116435492,194578143.96
2024-07-23,sh.600187,1.88,1.88,1.88,1.88,9403750,17679050.0
2024-07-24,sh.600187,2.07,2.07,2.07,2.07,15329900,31732893.0
2024-07-25,sh.600187,2.28,2.28,2.28,2.28,10029880,22868126.4
2024-07-26,sh.600187,2.47,2.51,2.33,2.51,373932826,917008135.59
2024-07-29,sh.600187,2.52,2.76,2.45,2.76,188342433,506243050.58
2024-07-30,sh.600187,3.04,3.04,3.04,3.04,19615700,59631728.0
2024-07-31,sh.600187,3.33,3.33,2.74,2.75,458237971,1401554613.66
2024-08-01,sh.600187,2.58,2.68,2.48,2.48,293833912,748435223.55
2024-08-02,sh.600187,2.43,2.72,2.43,2.65,288461326,743790205.79
2024-08-05,sh.600187,2.58,2.61,2.39,2.39,195233522,482853818.12
2024-08-06,sh.600187,2.39,2.63,2.39,2.63,198908687,498923816.18
2024-08-07,sh.600187,2.6,2.88,2.51,2.71,248543859,674710539.76
2024-08-08,sh.600187,2.65,2.98,2.6,2.98,241440916,690995339.08
2024-08-09,sh.600187,2.95,2.95,2.68,2.68,253557228,704997254.81
2024-08-12,sh.600187,2.6,2.8,2.59,2.71,134509093,363580943.02
2024-08-13,sh.600187,2.65,2.84,2.44,2.7,161638234,425177104.76
2024-08-14,sh.600187,2.69,2.97,2.6,2.83,281717719,802639560.64
2024-08-15,sh.600187,2.76,3.11,2.76,3.11,309595545,942286632.43
2024-08-16,sh.600187,3.1,3.42,3.03,3.04,451263474,1481270277.11
2024-08-19,sh.600187,2.89,3.13,2.75,3.02,283601742,838628834.37
2024-08-20,sh.600187,3.07,3.32,2.92,3.32,394668912,1278046065.88
2024-08-21,sh.600187,3.39,3.65,3.31,3.65,356209422,1238622789.24
2024-08-22,sh.600187,3.7,3.82,3.3,3.38,408647494,1456215587.34
2024-08-23,sh.600187,3.45,3.72,3.29,3.72,371448256,1326313863.15
2024-08-26,sh.600187,3.35,3.35,3.35,3.35,20880100,69948335.0
2024-08-27,sh.600187,3.02,3.02,3.02,3.02,6008100,18144462.0
2024-08-28,sh.600187,2.72,3.15,2.72,2.89,469326105,1333615990.53
2024-08-29,sh.600187,2.7,2.72,2.6,2.6,309180478,814021055.13
2024-08-30,sh.600187,2.44,2.64,2.44,2.53,282647751,712880466.54
2024-09-02,sh.600187,2.55,2.78,2.55,2.69,320603047,862415327.2
2024-09-03,sh.600187,2.62,2.65,2.48,2.59,234578152,598142807.49
2024-09-04,sh.600187,2.53,2.54,2.41,2.43,169136478,417846379.32
2024-09-05,sh.600187,2.47,2.48,2.39,2.47,125499800,306446061.0
2024-09-06,sh.600187,2.44,2.5,2.33,2.35,158834596,380989008.44
2024-09-09,sh.600187,2.59,2.59,2.55,2.59,134892678,349204770.02
2024-09-10,sh.600187,2.8,2.85,2.72,2.85,254302873,717129237.47
2024-09-11,sh.600187,2.7,2.88,2.65,2.79,273839600,761380173.35
2024-09-12,sh.600187,2.83,3.07,2.83,3.07,240694273,724707017.5
2024-09-13,sh.600187,3.1,3.38,3.07,3.25,380662164,1224871299.42
2024-09-18,sh.600187,3.05,3.15,2.93,2.93,189845523,563973385.0
2024-09-19,sh.600187,2.9,3.22,2.9,3.22,143235192,450474614.94
2024-09-20,sh.600187,3.3,3.44,3.16,3.25,307983592,1010167463.24
2024-09-23,sh.600187,3.25,3.58,3.24,3.53,323519175,1128965136.05
2024-09-24,sh.600187,3.44,3.56,3.33,3.44,275716758,945727607.53
2024-09-25,sh.600187,3.53,3.58,3.19,3.35,273596430,934870118.3
2024-09-26,sh.600187,3.21,3.28,3.13,3.21,236766682,756429215.65
2024-09-27,sh.600187,3.25,3.35,3.23,3.25,168439487,550343271.43
2024-09-30,sh.600187,3.29,3.57,3.29,3.53,294559742,1009890423.66
2024-10-08,sh.600187,3.87,3.87,3.46,3.73,313943794,1155325212.15
2024-10-09,sh.600187,3.73,4.1,3.56,4.1,331867556,1310419985.19
2024-10-10,sh.600187,4.11,4.11,3.69,3.69,328376717,1250234103.81
2024-10-11,sh.600187,3.46,3.65,3.33,3.35,182665111,630715607.79
2024-10-14,sh.600187,3.35,3.57,3.24,3.53,164398865,563292872.42
2024-10-15,sh.600187,3.43,3.56,3.37,3.4,148308005,507966919.91
2024-10-16,sh.600187,3.44,3.68,3.35,3.55,178113006,619161441.01
2024-10-17,sh.600187,3.48,3.55,3.42,3.43,115978767,402210639.32
2024-10-18,sh.600187,3.39,3.49,3.2,3.38,175645200,582048112.38
2024-10-21,sh.600187,3.32,3.35,3.25,3.27,146429620,481806198.62
2024-10-22,sh.600187,3.21,3.38,3.18,3.32,126815876,418492269.64
2024-10-23,sh.600187,3.34,3.65,3.32,3.65,174149248,623700538.52
2024-10-24,sh.600187,3.78,4.0,3.39,3.75,351483614,1294515766.46
2024-10-25,sh.600187,3.74,4.09,3.71,3.94,277455297,1095181180.91
2024-10-28,sh.600187,3.98,4.33,3.91,4.33,268256664,1126037637.64
2024-10-29,sh.600187,4.4,4.74,4.28,4.43,357790066,1607608449.15
2024-10-30,sh.600187,4.26,4.87,4.22,4.87,312652980,1434336041.93
2024-10-31,sh.600187,4.88,5.36,4.82,5.08,346892499,1790706504.3
2024-11-01,sh.600187,5.09,5.09,4.57,4.57,231403110,1090214065.69
2024-11-04,sh.600187,4.22,4.89,4.22,4.67,197175543,914986728.83
2024-11-05,sh.600187,4.6,4.83,4.52,4.66,206001812,956295441.88
2024-11-06,sh.600187,4.63,4.75,4.48,4.51,173999106,796344333.5
2024-11-07,sh.600187,4.44,4.9,4.36,4.73,232537135,1104321768.92
2024-11-08,sh.600187,4.68,4.87,4.62,4.67,182605936,859850679.45
2024-11-11,sh.600187,4.62,4.9,4.56,4.8,175595758,837073875.32
2024-11-12,sh.600187,4.8,5.0,4.6,4.65,153776025,726905287.5
2024-11-13,sh.600187,4.58,4.66,4.4,4.53,108888600,489971235.0
2024-11-14,sh.600187,4.46,4.65,4.46,4.48,88591781,403509170.31
2024-11-15,sh.600187,4.52,4.82,4.51,4.64,160937262,751215855.31
2024-11-18,sh.600187,4.62,4.63,4.18,4.18,155376030,666342996.81
2024-11-19,sh.600187,4.1,4.23,4.06,4.22,90866254,378840035.65
2024-11-20,sh.600187,4.18,4.28,4.1,4.25,84017462,354118529.25
2024-11-21,sh.600187,4.22,4.46,4.18,4.32,118291488,507182102.79
2024-11-22,sh.600187,4.26,4.4,4.16,4.18,85765105,365154377.15
2024-11-25,sh.600187,4.24,4.27,4.0,4.09,77229162,315596461.46
2024-11-26,sh.600187,4.07,4.19,4.06,4.07,60552131,249078757.95
2024-11-27,sh.600187,4.01,4.02,3.83,4.0,88635939,348835013.09
2024-11-28,sh.600187,4.03,4.12,4.01,4.05,75391284,306585686.29
2024-11-29,sh.600187,4.04,4.1,3.89,4.04,90680296,361972440.53
2024-12-02,sh.600187,4.06,4.33,4.06,4.25,122034425,515464532.83
2024-12-03,sh.600187,4.23,4.29,4.11,4.21,97083377,405360744.48
2024-12-04,sh.600187,4.19,4.38,4.14,4.17,113411066,481325490.85
2024-12-05,sh.600187,4.13,4.23,4.07,4.19,77091712,320629599.9
2024-12-06,sh.600187,4.19,4.32,4.14,4.29,111616402,474947891.79
2024-12-09,sh.600187,4.29,4.4,4.14,4.21,106247200,448678364.0
2024-12-10,sh.600187,4.28,4.35,4.19,4.2,99560350,423387870.0
2024-12-11,sh.600187,4.17,4.6,4.13,4.46,199343595,873270012.14
2024-12-12,sh.600187,4.41,4.46,4.28,4.36,119621442,518954329.5
2024-12-13,sh.600187,4.31,4.36,4.17,4.17,92277602,391526581.52
2024-12-16,sh.600187,4.18,4.19,4.07,4.08,68965715,283874115.05
2024-12-17,sh.600187,4.05,4.08,3.86,3.88,81523187,321212159.89
2024-12-18,sh.600187,3.86,3.92,3.82,3.88,51434100,198983068.0
2024-12-19,sh.600187,3.83,3.89,3.77,3.83,44868500,171505483.0
2024-12-20,sh.600187,3.81,3.96,3.81,3.93,54330881,212341581.49
2024-12-23,sh.600187,3.92,3.93,3.57,3.62,88004821,326580872.12
2024-12-24,sh.600187,3.6,3.64,3.49,3.6,54723096,194763588.9
2024-12-25,sh.600187,3.57,3.59,3.4,3.44,59182000,204247561.0
2024-12-26,sh.600187,3.41,3.6,3.41,3.48,49266901,173074937.53
2024-12-27,sh.600187,3.51,3.59,3.47,3.51,42550533,150594641.14
2024-12-30,sh.600187,3.54,3.54,3.4,3.43,43223000,148310061.0
2024-12-31,sh.600187,3.42,3.48,3.35,3.36,41448943,140248694.1
2025-01-02,sh.600187,3.36,3.44,3.29,3.32,44377201,149222022.36
2025-01-03,sh.600187,3.34,3.36,3.1,3.12,60586953,192788847.3
2025-01-06,sh.600187,3.08,3.11,2.94,3.07,46834500,142892945.0
2025-01-07,sh.600187,3.08,3.17,3.05,3.17,44222633,137709023.3
2025-01-08,sh.600187,3.16,3.17,3.04,3.15,45392000,141281064.0
2025-01-09,sh.600187,3.12,3.19,3.11,3.16,34071400,107657839.5
2025-01-10,sh.600187,3.16,3.18,3.02,3.03,31949900,98872685.0
2025-01-13,sh.600187,2.99,3.06,2.93,3.03,32393000,97448875.0
2025-01-14,sh.600187,3.06,3.2,3.05,3.2,51293490,161610293.45
2025-01-15,sh.600187,3.2,3.21,3.1,3.16,37520175,118441970.25
2025-01-16,sh.600187,3.16,3.28,3.16,3.21,37953100,121952846.15
2025-01-17,sh.600187,3.17,3.19,3.14,3.16,28120085,89019220.3
2025-01-20,sh.600187,3.2,3.21,3.11,3.15,34796680,110311880.0
2025-01-21,sh.600187,3.16,3.19,3.06,3.08,37947600,117800673.0
2025-01-22,sh.600187,3.08,3.09,3.02,3.03,34075115,103603625.95
2025-01-23,sh.600187,2.93,3.08,2.88,2.88,88892290,264589910.83
2025-01-24,sh.600187,2.84,2.92,2.8,2.88,57337713,165301543.91
2025-01-27,sh.600187,2.93,3.01,2.84,2.84,56502897,164395124.33
2025-02-05,sh.600187,2.88,2.97,2.88,2.94,57266900,167841654.0
2025-02-06,sh.600187,2.94,3.05,2.9,3.03,54952100,164430244.0
2025-02-07,sh.600187,3.03,3.12,3.01,3.08,54157201,166836234.1
2025-02-10,sh.600187,3.09,3.2,3.09,3.2,53856629,169917192.19
2025-02-11,sh.600187,3.2,3.21,3.1,3.12,43171930,134837382.6
2025-02-12,sh.600187,3.25,3.43,3.25,3.43,53613203,180804734.11
2025-02-13,sh.600187,3.57,3.57,3.37,3.38,179088505,620035346.95
2025-02-14,sh.600187,3.38,3.41,3.26,3.28,83329130,275057500.8
2025-02-17,sh.600187,3.25,3.34,3.23,3.3,55669800,183218895.0
2025-02-18,sh.600187,3.34,3.4,3.2,3.22,86309300,285537535.0
2025-02-19,sh.600187,3.22,3.54,3.21,3.54,181830258,630644526.07
2025-02-20,sh.600187,3.49,3.51,3.39,3.41,116721405,401047898.09
2025-02-21,sh.600187,3.44,3.75,3.42,3.75,200356893,732495766.27
2025-02-24,sh.600187,3.62,4.08,3.62,3.84,215467475,820059319.36
2025-02-25,sh.600187,3.76,3.9,3.72,3.73,124523643,473209672.42
2025-02-26,sh.600187,3.79,3.79,3.66,3.74,93613701,347421706.89
2025-02-27,sh.600187,3.7,3.73,3.59,3.63,77369352,281472762.7
2025-02-28,sh.600187,3.62,3.67,3.56,3.59,69332995,250360779.8
2025-03-03,sh.600187,3.59,3.62,3.46,3.5,63384400,224714530.0
2025-03-04,sh.600187,3.5,3.57,3.46,3.55,44165050,155188992.0
2025-03-05,sh.600187,3.57,3.57,3.46,3.51,46594100,163001998.0
2025-03-06,sh.600187,3.52,3.63,3.51,3.59,63840800,228087226.0
2025-03-07,sh.600187,3.56,3.57,3.48,3.51,46761103,164296064.44
2025-03-10,sh.600187,3.47,3.77,3.47,3.63,80286095,292313153.9
2025-03-11,sh.600187,3.56,3.61,3.53,3.57,48551071,172806504.02
2025-03-12,sh.600187,3.59,3.64,3.56,3.57,45793723,164223263.84
2025-03-13,sh.600187,3.6,3.6,3.45,3.48,45263116,158170818.36
2025-03-14,sh.600187,3.47,3.55,3.45,3.54,40916863,143610551.63
2025-03-17,sh.600187,3.53,3.63,3.52,3.56,42223063,150913146.04
2025-03-18,sh.600187,3.55,3.56,3.51,3.53,29996600,105848812.0
2025-03-19,sh.600187,3.54,3.8,3.54,3.65,124548813,459334446.51
2025-03-20,sh.600187,3.61,3.65,3.56,3.57,60118263,215841478.17
2025-03-21,sh.600187,3.57,3.72,3.51,3.61,69217475,249665516.42
2025-03-24,sh.600187,3.57,3.62,3.4,3.45,57508137,200171280.45
2025-03-25,sh.600187,3.45,3.46,3.35,3.36,34664100,116961051.0
2025-03-26,sh.600187,3.31,3.39,3.3,3.36,24765600,83169044.0
2025-03-27,sh.600187,3.31,3.52,3.31,3.43,36947400,126959648.0
2025-03-28,sh.600187,3.44,3.64,3.42,3.57,76612182,273092301.98
2025-03-31,sh.600187,3.56,3.56,3.39,3.41,47054278,162588616.2
2025-04-01,sh.600187,3.49,3.54,3.42,3.45,33525802,116551233.9
2025-04-02,sh.600187,3.41,3.43,3.36,3.41,27214201,92333091.38
2025-04-03,sh.600187,3.38,3.45,3.36,3.44,24572552,83764795.34
2025-04-07,sh.600187,3.25,3.25,3.1,3.1,39588300,124508770.0
2025-04-08,sh.600187,3.05,3.16,2.96,3.06,42683937,130816911.09
2025-04-09,sh.600187,2.99,3.15,2.82,3.14,51252825,154805498.25
2025-04-10,sh.600187,3.14,3.45,3.14,3.45,68706411,225224380.95
2025-04-11,sh.600187,3.45,3.68,3.39,3.52,97833635,346855087.7
2025-04-14,sh.600187,3.5,3.58,3.47,3.55,57504492,203038475.6
2025-04-15,sh.600187,3.55,3.59,3.51,3.55,41223300,146084454.0
2025-04-16,sh.600187,3.5,3.66,3.5,3.62,70422800,254141184.0
2025-04-17,sh.600187,3.59,3.68,3.56,3.62,52169700,189527523.0
2025-04-18,sh.600187,3.61,3.98,3.61,3.98,154236811,588929442.48
2025-04-21,sh.600187,4.01,4.29,3.93,4.05,192746327,782705130.04
2025-04-22,sh.600187,3.96,4.4,3.96,4.23,180474457,748243359.98
2025-04-23,sh.600187,3.81,3.81,3.81,3.81,14394300,54842283.0
2025-04-24,sh.600187,3.43,3.43,3.43,3.43,8476300,29073709.0
2025-04-25,sh.600187,3.09,3.25,3.09,3.1,284290587,888178879.02
2025-04-28,sh.600187,2.98,3.1,2.91,2.98,137639977,410115092.16
2025-04-29,sh.600187,2.96,3.02,2.92,2.94,84076075,249732570.6
2025-04-30,sh.600187,3.02,3.15,3.0,3.07,110968601,342810185.31
2025-05-06,sh.600187,3.05,3.24,3.05,3.22,118358418,374953876.32
2025-05-07,sh.600187,3.25,3.28,3.16,3.2,84378800,270761549.0
2025-05-08,sh.600187,3.19,3.23,3.17,3.2,63160350,202274699.5
2025-05-09,sh.600187,3.22,3.25,3.15,3.17,53109560,168515487.6
2025-05-12,sh.600187,3.19,3.21,3.15,3.19,52941000,168317950.0
2025-05-13,sh.600187,3.21,3.26,3.19,3.2,70078000,225749132.0
2025-05-14,sh.600187,3.19,3.22,3.15,3.2,51289627,163388941.13
2025-05-15,sh.600187,3.18,3.19,3.13,3.14,47420400,149537046.0
2025-05-16,sh.600187,3.14,3.16,3.11,3.12,36270600,113570900.0
2025-05-19,sh.600187,3.19,3.43,3.18,3.3,188368683,622845749.48
2025-05-20,sh.600187,3.33,3.4,3.29,3.36,120736644,403210055.49
2025-05-21,sh.600187,3.36,3.51,3.36,3.4,121467402,416453333.34
2025-05-22,sh.600187,3.36,3.4,3.27,3.27,84743000,281419583.0
2025-05-23,sh.600187,3.26,3.3,3.2,3.21,57366602,185737183.52
2025-05-26,sh.600187,3.22,3.28,3.18,3.26,49131682,159271171.68
2025-05-27,sh.600187,3.26,3.59,3.26,3.49,197840194,687579208.66
2025-05-28,sh.600187,3.39,3.44,3.36,3.42,107387392,364922193.2
2025-05-29,sh.600187,3.4,3.46,3.36,3.43,80781050,275902692.5
2025-05-30,sh.600187,3.47,3.49,3.3,3.31,75271000,252849362.0
2025-06-03,sh.600187,3.28,3.34,3.25,3.34,52864768,175046977.44
2025-06-04,sh.600187,3.32,3.34,3.29,3.33,47995300,159290225.0
2025-06-05,sh.600187,3.33,3.34,3.25,3.29,52546400,172934434.0
2025-06-06,sh.600187,3.29,3.33,3.26,3.28,36181368,118774784.04
2025-06-09,sh.600187,3.26,3.3,3.23,3.28,45720950,149432748.82
2025-06-10,sh.600187,3.27,3.29,3.18,3.24,51157900,165506386.0
2025-06-11,sh.600187,3.24,3.28,3.22,3.26,39543400,128849778.0
2025-06-12,sh.600187,3.25,3.26,3.2,3.21,35317700,113614006.0
2025-06-13,sh.600187,3.2,3.21,3.13,3.14,44393412,140198390.68
2025-06-16,sh.600187,3.14,3.16,3.1,3.15,24066702,75631150.28
2025-06-17,sh.600187,3.15,3.17,3.13,3.15,23584202,74244045.3
2025-06-18,sh.600187,3.14,3.15,3.09,3.11,29613920,92053015.6
2025-06-19,sh.600187,3.14,3.2,3.12,3.16,53078400,167547371.0
2025-06-20,sh.600187,3.17,3.33,3.14,3.28,89046200,289798440.0
2025-06-23,sh.600187,3.27,3.27,3.16,3.25,48812350,156883242.5
2025-06-24,sh.600187,3.23,3.27,3.21,3.25,53498601,173099163.24
2025-06-25,sh.600187,3.24,3.26,3.19,3.23,52537400,169340234.0
2025-06-26,sh.600187,3.22,3.32,3.21,3.26,64625085,211519330.4
2025-06-27,sh.600187,3.28,3.31,3.23,3.25,48189475,157518855.0
2025-06-30,sh.600187,3.26,3.28,3.22,3.25,40610600,131483321.0
2025-07-01,sh.600187,3.25,3.28,3.24,3.26,35401348,115365450.1
2025-07-02,sh.600187,3.26,3.27,3.21,3.24,29793210,96266799.3
2025-07-03,sh.600187,3.24,3.31,3.22,3.23,33859300,109990765.0
2025-07-04,sh.600187,3.23,3.24,3.2,3.2,31328009,100716799.8
2025-07-07,sh.600187,3.2,3.25,3.18,3.23,28033000,90265141.5
2025-07-08,sh.600187,3.23,3.27,3.21,3.26,42910551,139284781.24
2025-07-09,sh.600187,3.26,3.35,3.25,3.28,60875113,200254057.86
2025-07-10,sh.600187,3.28,3.31,3.24,3.29,54836500,179856368.0
2025-07-11,sh.600187,3.3,3.3,3.24,3.28,40192901,131463205.27
2025-07-14,sh.600187,3.27,3.28,3.21,3.23,48046589,155326632.47
2025-07-15,sh.600187,3.19,3.2,3.1,3.12,70915711,222460119.33
2025-07-16,sh.600187,3.12,3.15,3.1,3.14,25929401,81162763.13
2025-07-17,sh.600187,3.12,3.14,3.12,3.13,25243152,78973383.24
2025-07-18,sh.600187,3.12,3.14,3.11,3.13,20863400,65161958.0
2025-07-21,sh.600187,3.12,3.18,3.12,3.18,37596696,118884797.36
2025-07-22,sh.600187,3.17,3.17,3.13,3.16,30334803,95564242.48
2025-07-23,sh.600187,3.16,3.19,3.15,3.15,37857954,120044436.72
2025-07-24,sh.600187,3.15,3.18,3.14,3.18,38819813,122851581.4
2025-07-25,sh.600187,3.18,3.19,3.13,3.14,38258900,120349700.0
2025-07-28,sh.600187,3.13,3.15,3.11,3.14,23444300,73411100.0
2025-07-29,sh.600187,3.13,3.14,3.1,3.12,25486200,79414065.0
2025-07-30,sh.600187,3.13,3.14,3.1,3.11,24821802,77392877.22
2025-07-31,sh.600187,3.11,3.11,3.05,3.06,33812500,103936540.0
2025-08-01,sh.600187,3.04,3.07,3.04,3.05,18903500,57664998.0
2025-08-04,sh.600187,3.05,3.05,3.01,3.04,19576762,59444970.48
2025-08-05,sh.600187,3.05,3.08,3.03,3.06,23211213,71037896.95
2025-08-06,sh.600187,3.06,3.08,3.03,3.07,26523909,80980226.26
2025-08-07,sh.600187,3.06,3.08,3.04,3.05,27501700,83982868.0
2025-08-08,sh.600187,3.04,3.06,3.03,3.04,25203574,76664953.96
2025-08-11,sh.600187,3.0,3.05,2.99,3.03,32417238,98128554.8
2025-08-12,sh.600187,3.03,3.05,3.02,3.04,27689014,83953658.28
2025-08-13,sh.600187,3.04,3.04,3.01,3.02,30065647,90963258.94
2025-08-14,sh.600187,3.02,3.02,2.94,2.96,53658324,159736786.0
2025-08-15,sh.600187,2.95,2.98,2.94,2.97,30162722,89422015.14
2025-08-18,sh.600187,2.97,3.02,2.95,2.98,37665733,112466290.32
2025-08-19,sh.600187,2.97,3.0,2.96,2.99,30707738,91649118.62
2025-08-20,sh.600187,2.98,3.14,2.97,3.11,101598620,311217460.74
2025-08-21,sh.600187,3.1,3.11,3.05,3.06,52084242,159549721.98
2025-08-22,sh.600187,3.06,3.06,3.02,3.05,31764486,96370846.51
2025-08-25,sh.600187,3.08,3.08,3.04,3.06,36985933,113076436.65
2025-08-26,sh.600187,3.06,3.08,3.04,3.06,35942683,110072095.17
2025-08-27,sh.600187,3.05,3.08,3.0,3.01,46953160,142603394.63
2025-08-28,sh.600187,3.0,3.02,2.96,2.99,34278850,102221565.5
2025-08-29,sh.600187,2.98,3.01,2.96,2.98,20369216,60820240.68
2025-09-01,sh.600187,2.98,3.0,2.96,2.99,26178222,78032456.72
2025-09-02,sh.600187,2.99,3.01,2.96,2.97,29752852,88629916.92
2025-09-03,sh.600187,2.97,2.98,2.94,2.95,23058186,68118209.56
2025-09-04,sh.600187,2.95,2.97,2.93,2.96,23949265,70708644.96
2025-09-05,sh.600187,2.96,2.96,2.91,2.96,24975614,73306032.3
2025-09-08,sh.600187,2.95,2.97,2.94,2.97,22248367,65733335.65
2025-09-09,sh.600187,2.96,2.99,2.94,2.95,27076000,80102406.0
2025-09-10,sh.600187,2.94,2.96,2.93,2.95,18158290,53494727.6
2025-09-11,sh.600187,2.94,2.95,2.92,2.95,20384986,59884822.84
2025-09-12,sh.600187,2.94,3.07,2.94,3.01,65394615,197020353.86
2025-09-15,sh.600187,3.0,3.05,2.98,3.02,36386783,109452153.17
2025-09-16,sh.600187,3.01,3.07,3.0,3.06,48860358,149005377.9
2025-09-17,sh.600187,3.05,3.06,3.01,3.03,30165278,91219878.56
2025-09-18,sh.600187,3.02,3.05,2.95,2.97,42188554,126524959.96
2025-09-19,sh.600187,2.97,2.97,2.93,2.95,23435602,69057534.88
2025-09-22,sh.600187,2.95,2.95,2.92,2.93,17705500,51863229.0
2025-09-23,sh.600187,2.92,2.93,2.83,2.87,33842436,97212230.24
2025-09-24,sh.600187,2.87,2.9,2.86,2.9,19273112,55668464.56
2025-09-25,sh.600187,2.89,2.9,2.84,2.85,21633848,61971644.83
2025-09-26,sh.600187,2.84,2.87,2.82,2.84,17466604,49598211.3
2025-09-29,sh.600187,2.83,2.84,2.79,2.81,21107915,59326546.15
2025-09-30,sh.600187,2.81,2.84,2.8,2.81,16993700,47861070.0
2025-10-09,sh.600187,2.82,2.83,2.8,2.82,19710110,55528170.2
2025-10-10,sh.600187,2.83,2.88,2.82,2.87,27513200,78632147.67
2025-10-13,sh.600187,2.82,2.86,2.8,2.85,25164625,71238586.25
2025-10-14,sh.600187,2.85,2.88,2.84,2.86,21745750,62194774.5
2025-10-15,sh.600187,2.85,2.86,2.83,2.85,18906050,53766906.0
2025-10-16,sh.600187,2.85,2.86,2.81,2.81,14194250,40101929.0
2025-10-17,sh.600187,2.81,2.83,2.78,2.79,19561900,54837176.0
2025-10-20,sh.600187,2.78,2.8,2.75,2.78,23411300,64779255.0
2025-10-21,sh.600187,2.77,2.83,2.77,2.82,25239503,70786066.46
2025-10-22,sh.600187,2.81,2.85,2.81,2.82,20780388,58777811.28
2025-10-23,sh.600187,2.82,2.86,2.82,2.86,24675800,70039923.0
2025-10-24,sh.600187,2.84,2.85,2.8,2.8,24874900,70151260.0
2025-10-27,sh.600187,2.81,2.81,2.78,2.79,23922200,66795902.0
2025-10-28,sh.600187,2.78,2.8,2.77,2.79,17721100,49263158.0
2025-10-29,sh.600187,2.79,2.79,2.75,2.77,17842950,49313431.5
2025-10-30,sh.600187,2.76,2.77,2.71,2.71,29839216,81624674.0
2025-10-31,sh.600187,2.72,2.79,2.72,2.78,30983801,85463731.45
2025-11-03,sh.600187,2.78,2.79,2.74,2.79,23960203,66229291.28
2025-11-04,sh.600187,2.78,2.8,2.77,2.8,22936490,63842446.06
2025-11-05,sh.600187,2.79,2.83,2.77,2.82,27373450,76890467.0
2025-11-06,sh.600187,2.82,2.83,2.79,2.79,19934500,55717305.0
2025-11-07,sh.600187,2.79,2.9,2.78,2.87,64822783,185043188.54
2025-11-10,sh.600187,2.87,2.87,2.83,2.85,32556891,92680818.44
2025-11-11,sh.600187,2.84,2.87,2.83,2.86,23494258,67098494.88
2025-11-12,sh.600187,2.86,2.89,2.85,2.87,27111900,77809208.0
2025-11-13,sh.600187,2.87,2.89,2.85,2.88,22779800,65421516.0
2025-11-14,sh.600187,2.87,2.96,2.86,2.92,47339121,138158436.99
2025-11-17,sh.600187,2.9,2.94,2.88,2.93,32168774,93680452.86
2025-11-18,sh.600187,2.93,2.93,2.83,2.85,38148400,109109920.0
2025-11-19,sh.600187,2.84,2.85,2.78,2.79,24048200,67409412.0
2025-11-20,sh.600187,2.8,2.81,2.76,2.78,21608500,60068811.0
2025-11-21,sh.600187,2.76,2.78,2.65,2.66,38387468,103564146.61
2025-11-24,sh.600187,2.66,2.68,2.62,2.66,24916429,66012908.14
2025-11-25,sh.600187,2.66,2.68,2.65,2.66,22277100,59331927.0
2025-11-26,sh.600187,2.66,2.7,2.65,2.67,18905010,50570253.8
2025-11-27,sh.600187,2.66,2.67,2.62,2.65,19109100,50599306.0
2025-11-28,sh.600187,2.64,2.68,2.62,2.67,18187293,48205851.31
2025-12-01,sh.600187,2.67,2.69,2.66,2.68,13296062,35612334.16
2025-12-02,sh.600187,2.67,2.69,2.64,2.68,16442700,43887609.0
2025-12-03,sh.600187,2.67,2.69,2.65,2.65,17675569,47067954.92
2025-12-04,sh.600187,2.65,2.65,2.57,2.57,31936650,83057232.0
2025-12-05,sh.600187,2.56,2.57,2.51,2.57,27063401,68616249.52
2025-12-08,sh.600187,2.57,2.58,2.53,2.54,27610870,70675575.4
2025-12-09,sh.600187,2.54,2.55,2.5,2.51,23977701,60321984.51
2025-12-10,sh.600187,2.5,2.53,2.49,2.52,21980900,55126563.0
2025-12-11,sh.600187,2.52,2.54,2.49,2.49,21405800,53760598.0
2025-12-12,sh.600187,2.49,2.5,2.43,2.43,24790500,60956533.0
2025-12-15,sh.600187,2.42,2.67,2.41,2.67,72072978,188422390.75
2025-12-16,sh.600187,2.73,2.73,2.6,2.63,79513896,211267132.27
2025-12-17,sh.600187,2.61,2.65,2.56,2.61,43279858,112541873.64
2025-12-18,sh.600187,2.61,2.72,2.6,2.62,38821500,103098528.0
2025-12-19,sh.600187,2.64,2.69,2.62,2.68,40212922,107039888.52
2025-12-22,sh.600187,2.66,2.67,2.63,2.63,28529100,75302356.44
2025-12-23,sh.600187,2.62,2.64,2.56,2.56,26438469,68505858.02
2025-12-24,sh.600187,2.56,2.59,2.54,2.56,17642400,45275690.0
2025-12-25,sh.600187,2.58,2.67,2.57,2.62,24138700,63238984.0
2025-12-26,sh.600187,2.6,2.62,2.58,2.59,20449500,53123956.0
2025-12-29,sh.600187,2.6,2.61,2.55,2.55,17481357,44991900.35
2025-12-30,sh.600187,2.54,2.56,2.51,2.51,22318000,56505963.0
2025-12-31,sh.600187,2.53,2.54,2.47,2.49,21822867,54507675.95
2026-01-05,sh.600187,2.52,2.55,2.51,2.52,21411679,54012470.08
2026-01-06,sh.600187,2.52,2.57,2.51,2.57,25093422,63944457.88
2026-01-07,sh.600187,2.59,2.59,2.53,2.54,20342000,51823184.0
2026-01-08,sh.600187,2.54,2.57,2.53,2.56,23850209,60851239.95
2026-01-09,sh.600187,2.56,2.58,2.54,2.56,25484736,65173676.07
2026-01-12,sh.600187,2.57,2.6,2.55,2.6,34883532,89797987.94
2026-01-13,sh.600187,2.6,2.61,2.55,2.56,33988181,87747117.79
2026-01-14,sh.600187,2.56,2.59,2.53,2.56,33705700,86567857.0
2026-01-15,sh.600187,2.55,2.56,2.51,2.52,23513259,59413197.09
2026-01-16,sh.600187,2.52,2.53,2.47,2.49,27328100,68094216.0
2026-01-19,sh.600187,2.48,2.51,2.46,2.51,17997258,44826547.56
2026-01-20,sh.600187,2.53,2.76,2.52,2.76,80879969,221209562.21
2026-01-21,sh.600187,2.78,2.81,2.69,2.7,130065977,356259169.43
2026-01-22,sh.600187,2.75,2.75,2.7,2.74,62783056,171163550.63
2026-01-23,sh.600187,2.74,2.76,2.7,2.75,56444119,154415822.9
2026-01-26,sh.600187,2.74,2.75,2.68,2.7,44589306,120700423.26
2026-01-27,sh.600187,2.69,2.7,2.61,2.65,35137450,92775305.0
2026-01-28,sh.600187,2.64,2.67,2.63,2.65,26775350,71060387.18
2026-01-29,sh.600187,2.64,2.68,2.61,2.63,29673600,78468861.0
2026-01-30,sh.600187,2.37,2.37,2.37,2.37,27872800,66058536.0
2026-02-02,sh.600187,2.26,2.3,2.14,2.16,166624276,367742506.14
2026-02-03,sh.600187,2.15,2.17,2.08,2.12,97369227,206212858.45
2026-02-04,sh.600187,2.12,2.17,2.1,2.16,62255008,133530052.39
2026-02-05,sh.600187,2.15,2.22,2.14,2.17,48698267,106246885.39
2026-02-06,sh.600187,2.17,2.33,2.16,2.22,61938492,138891610.07
2026-02-09,sh.600187,2.22,2.26,2.21,2.26,44702403,100239933.74
2026-02-10,sh.600187,2.25,2.28,2.22,2.24,35777352,80622482.52
2026-02-11,sh.600187,2.24,2.25,2.21,2.22,30134300,67163238.5
2026-02-12,sh.600187,2.24,2.31,2.16,2.17,43502575,95815363.5
2026-02-13,sh.600187,2.17,2.21,2.13,2.13,31680703,68298281.39
2026-02-24,sh.600187,2.14,2.19,2.14,2.17,29431003,63713479.45
2026-02-25,sh.600187,2.18,2.27,2.16,2.25,59087174,132575250.32
2026-02-26,sh.600187,2.26,2.26,2.19,2.21,41678032,92079643.08
2026-02-27,sh.600187,2.21,2.24,2.2,2.23,28034368,62427784.96
2026-03-02,sh.600187,2.18,2.19,2.08,2.09,83377871,176123474.44
2026-03-03,sh.600187,2.07,2.1,2.02,2.03,50268939,103415892.26
2026-03-04,sh.600187,2.0,2.02,1.96,2.0,39997267,79579127.97
2026-03-05,sh.600187,2.02,2.05,2.0,2.03,29314102,59422681.04
2026-03-06,sh.600187,2.02,2.12,2.01,2.11,45778075,94952014.75
2026-03-09,sh.600187,2.09,2.1,2.05,2.07,27007300,55917903.0
2026-03-10,sh.600187,2.07,2.09,2.07,2.08,17302600,35969715.0
2026-03-11,sh.600187,2.08,2.08,2.04,2.08,27192502,56175063.12
2026-03-12,sh.600187,2.07,2.1,2.05,2.06,26858500,55632461.32
2026-03-13,sh.600187,2.05,2.09,2.05,2.05,28989502,60015748.48
2026-03-16,sh.600187,2.05,2.09,2.04,2.08,27157205,56091118.3
2026-03-17,sh.600187,2.08,2.11,2.07,2.07,35461600,74050109.0
2026-03-18,sh.600187,2.06,2.07,2.02,2.04,27406463,55881752.89
2026-03-19,sh.600187,2.02,2.05,1.94,1.95,46102390,91314372.5
2026-03-20,sh.600187,1.95,1.97,1.85,1.86,51391950,96928205.0
2026-03-23,sh.600187,1.83,1.87,1.75,1.78,48956550,88625079.0
2026-03-24,sh.600187,1.81,1.91,1.79,1.89,48372882,89609172.37
2026-03-25,sh.600187,1.91,2.0,1.89,1.99,45327302,88678583.44
2026-03-26,sh.600187,1.99,2.02,1.94,1.96,30349228,59817212.7
