date,code,open,high,low,close,volume,amount
2001-08-27,sh.600519,34.51,37.78,32.85,35.55,40631800,1410347179.0
2001-08-28,sh.600519,34.99,37.0,34.61,36.86,12964779,463463143.0
2001-08-29,sh.600519,36.98,37.0,36.1,36.38,5325275,194689620.0
2001-08-30,sh.600519,36.28,37.51,36.0,37.1,4801306,177558558.0
2001-08-31,sh.600519,37.15,37.62,36.8,37.01,2323148,86231237.0
2001-09-03,sh.600519,37.2,37.57,36.85,36.99,2211209,82129438.0
2001-09-04,sh.600519,37.01,38.08,36.88,37.46,3700677,139204380.0
2001-09-05,sh.600519,37.61,37.92,37.21,37.44,2606695,97796243.0
2001-09-06,sh.600519,37.35,37.47,36.51,36.7,2899703,107078403.0
2001-09-07,sh.600519,36.5,36.95,35.65,35.68,3155225,113868743.0
2001-09-10,sh.600519,35.4,36.85,35.01,36.7,1887889,68406471.0
2001-09-11,sh.600519,36.8,36.95,36.2,36.29,1139081,41579698.0
2001-09-12,sh.600519,35.33,36.2,35.3,35.98,2504519,89421380.0
2001-09-13,sh.600519,36.01,36.3,35.7,35.89,1098668,39512775.0
2001-09-14,sh.600519,36.01,36.5,35.8,36.3,767283,27740691.0
2001-09-17,sh.600519,36.08,36.29,35.5,35.84,898397,32183249.0
2001-09-18,sh.600519,35.88,36.55,35.85,36.25,1077326,39006062.0
2001-09-19,sh.600519,36.3,36.92,36.06,36.92,865053,31597369.0
2001-09-20,sh.600519,36.9,37.05,36.5,36.61,1117335,41189577.0
2001-09-21,sh.600519,36.28,36.6,36.0,36.06,787972,28638681.0
2001-09-24,sh.600519,36.06,36.39,36.0,36.05,406860,14703096.0
2001-09-25,sh.600519,36.28,36.54,36.05,36.23,348845,12639790.0
2001-09-26,sh.600519,36.11,36.48,36.0,36.08,495626,17892565.0
2001-09-27,sh.600519,36.08,36.98,36.0,36.7,877804,32085131.0
2001-09-28,sh.600519,36.9,37.2,36.5,37.09,1708847,63169143.0
2001-10-08,sh.600519,37.0,37.18,36.25,36.58,655217,24091149.0
2001-10-09,sh.600519,36.6,37.5,36.6,37.3,955852,35498605.0
2001-10-10,sh.600519,37.3,37.43,36.03,36.1,1754869,63956753.0
2001-10-11,sh.600519,36.01,36.5,35.65,35.75,1230684,44319896.0
2001-10-12,sh.600519,35.9,36.65,34.05,36.0,2001070,70897331.0
2001-10-15,sh.600519,35.9,36.0,34.9,35.3,975531,34501714.0
2001-10-16,sh.600519,35.13,35.8,34.75,34.8,831991,29068173.0
2001-10-17,sh.600519,34.79,34.81,33.9,34.2,1250768,42766283.0
2001-10-18,sh.600519,34.2,34.66,33.91,34.04,498346,16999063.0
2001-10-19,sh.600519,34.0,34.15,33.01,33.5,1568754,52422843.0
2001-10-22,sh.600519,33.3,33.7,32.7,32.79,976065,32268911.0
2001-10-23,sh.600519,36.0,36.07,35.01,36.07,4059824,145710538.0
2001-10-24,sh.600519,36.78,36.8,35.11,35.86,4068239,147001102.0
2001-10-25,sh.600519,35.7,35.8,34.86,34.88,1603686,56527283.0
2001-10-26,sh.600519,34.7,35.1,34.42,35.0,900220,31280145.0
2001-10-29,sh.600519,34.88,35.63,34.88,35.3,458786,16205054.0
2001-10-30,sh.600519,35.25,35.49,34.92,35.0,348417,12214728.0
2001-10-31,sh.600519,35.0,35.09,34.8,35.05,476247,16633345.0
2001-11-01,sh.600519,35.05,35.64,34.95,35.57,664303,23511580.0
2001-11-02,sh.600519,35.28,35.72,35.16,35.36,343520,12189356.0
2001-11-05,sh.600519,35.0,35.26,34.7,34.9,369076,12879737.0
2001-11-06,sh.600519,34.8,35.3,34.72,35.15,260931,9138666.0
2001-11-07,sh.600519,35.0,35.0,33.8,33.85,932538,31791131.0
2001-11-08,sh.600519,33.35,33.89,32.98,33.7,740216,24682905.0
2001-11-09,sh.600519,33.7,34.48,33.34,34.15,376076,12737203.0
2001-11-12,sh.600519,34.4,34.4,33.52,33.6,268333,9088858.0
2001-11-13,sh.600519,33.28,33.7,33.21,33.64,267381,8965279.0
2001-11-14,sh.600519,33.64,34.0,33.64,33.65,76900,2599260.0
2001-11-15,sh.600519,33.65,33.8,33.5,33.68,219345,7378238.0
2001-11-16,sh.600519,36.2,36.2,33.99,34.09,995470,34600364.0
2001-11-19,sh.600519,34.15,35.08,34.1,35.05,373461,12950484.0
2001-11-20,sh.600519,35.2,35.53,34.9,35.38,806908,28559195.0
2001-11-21,sh.600519,35.48,35.5,34.9,35.18,511442,17957628.0
2001-11-22,sh.600519,35.22,35.3,34.91,35.12,419879,14713840.0
2001-11-23,sh.600519,35.01,35.25,34.78,34.98,396090,13866447.0
2001-11-26,sh.600519,35.0,35.0,34.5,34.61,310099,10749495.0
2001-11-27,sh.600519,34.58,35.07,34.58,35.0,256948,8954894.0
2001-11-28,sh.600519,35.05,35.39,34.9,35.05,377362,13256608.0
2001-11-29,sh.600519,35.01,35.2,34.81,34.83,304618,10658762.0
2001-11-30,sh.600519,34.83,35.45,34.8,35.34,407097,14292950.0
2001-12-03,sh.600519,35.35,36.27,35.34,36.17,1603705,57741700.0
2001-12-04,sh.600519,36.25,36.27,35.81,36.21,689499,24859860.0
2001-12-05,sh.600519,37.0,37.0,35.96,36.0,1502835,54737513.0
2001-12-06,sh.600519,35.9,36.3,35.8,36.06,637222,23004767.0
2001-12-07,sh.600519,36.1,36.2,35.8,35.86,390820,14031912.0
2001-12-10,sh.600519,36.0,36.08,35.71,35.99,416156,14941666.0
2001-12-11,sh.600519,36.0,36.0,35.61,35.64,358002,12821499.0
2001-12-12,sh.600519,35.6,36.1,35.6,35.77,463267,16611472.0
2001-12-13,sh.600519,35.61,35.97,35.2,35.26,354045,12580276.0
2001-12-14,sh.600519,35.02,35.5,35.02,35.2,284125,10026619.0
2001-12-17,sh.600519,35.11,35.61,35.05,35.36,441389,15611050.0
2001-12-18,sh.600519,35.48,35.96,35.1,35.9,482120,17167382.0
2001-12-19,sh.600519,35.9,36.49,35.63,35.96,962001,34761229.0
2001-12-20,sh.600519,35.9,35.9,34.65,34.76,1136223,39988830.0
2001-12-21,sh.600519,34.7,35.97,34.7,35.87,813504,28861442.0
2001-12-24,sh.600519,35.99,37.25,35.81,36.42,2725079,99947172.0
2001-12-25,sh.600519,36.45,36.72,35.95,36.5,1218260,44420025.0
2001-12-26,sh.600519,36.54,37.25,36.1,37.19,1680952,62127143.0
2001-12-27,sh.600519,37.22,37.84,36.92,37.32,2328478,87052679.0
2001-12-28,sh.600519,37.3,37.6,36.88,37.3,1227932,45692306.0
2001-12-31,sh.600519,37.67,39.3,37.46,38.55,5219541,202281565.0
2002-01-04,sh.600519,38.72,38.8,37.45,37.55,2910962,111030307.0
2002-01-07,sh.600519,37.15,37.5,36.68,37.35,1894295,70279717.0
2002-01-08,sh.600519,37.0,37.59,36.48,36.59,1328664,48947614.0
2002-01-09,sh.600519,36.5,37.18,36.35,36.87,1060682,38912708.0
2002-01-10,sh.600519,36.98,37.39,36.35,37.24,1881555,69093753.0
2002-01-11,sh.600519,37.01,37.14,36.0,36.05,1183475,43306414.0
2002-01-14,sh.600519,35.7,36.4,35.43,36.1,1871851,67196713.0
2002-01-15,sh.600519,35.98,37.05,35.91,36.54,1824741,66666866.0
2002-01-16,sh.600519,36.48,36.97,35.4,36.35,1397433,50700232.0
2002-01-17,sh.600519,36.2,36.49,34.7,35.06,2418031,85418339.0
2002-01-18,sh.600519,34.8,36.88,34.7,36.65,3226208,116437266.0
2002-01-21,sh.600519,36.3,36.6,35.58,35.87,1575593,56764193.0
2002-01-22,sh.600519,35.8,36.95,35.8,36.44,1348567,49186214.0
2002-01-23,sh.600519,36.65,37.65,36.2,37.62,2333648,86396947.0
2002-01-24,sh.600519,37.36,37.87,36.8,37.29,2661580,99483236.0
2002-01-25,sh.600519,37.24,37.57,36.8,37.1,1394112,51685502.0
2002-01-28,sh.600519,37.0,37.29,35.3,35.49,2166782,77886073.0
2002-01-29,sh.600519,35.2,36.2,34.98,35.66,1187200,42283085.0
2002-01-30,sh.600519,35.6,36.28,35.2,35.58,841922,30030708.0
2002-01-31,sh.600519,36.0,38.0,36.0,37.6,4082830,152780902.0
2002-02-01,sh.600519,37.5,37.98,36.9,37.06,1734503,64926556.0
2002-02-04,sh.600519,37.18,38.15,37.0,37.92,1651019,62395237.0
2002-02-05,sh.600519,37.93,38.68,37.63,37.9,1119573,42691507.0
2002-02-06,sh.600519,37.86,38.11,37.09,37.18,966854,36137656.0
2002-02-07,sh.600519,37.18,37.92,37.12,37.41,668817,25158901.0
2002-02-08,sh.600519,37.6,38.2,37.58,37.65,1256931,47643920.0
2002-02-26,sh.600519,37.99,38.5,37.45,37.77,1481599,56234511.0
2002-02-27,sh.600519,37.85,38.1,37.5,37.93,829081,31387541.0
2002-02-28,sh.600519,38.0,38.46,37.78,38.0,1250698,47786791.0
2002-03-01,sh.600519,37.95,38.15,37.2,37.39,742145,27907358.0
2002-03-04,sh.600519,37.35,38.08,37.12,38.04,522485,19593096.0
2002-03-05,sh.600519,38.06,39.1,37.86,38.59,2218887,85787001.0
2002-03-06,sh.600519,38.8,39.08,38.02,38.36,1862014,71904848.0
2002-03-07,sh.600519,38.2,38.6,38.05,38.5,1361602,52163426.0
2002-03-08,sh.600519,38.55,39.78,38.55,39.63,3532681,137988821.0
2002-03-11,sh.600519,39.69,39.69,39.07,39.45,1760600,69191402.0
2002-03-12,sh.600519,39.45,39.45,38.5,38.5,1725185,66875879.0
2002-03-13,sh.600519,38.31,38.8,38.19,38.24,779399,29935169.0
2002-03-14,sh.600519,38.11,38.7,38.05,38.62,638774,24487493.0
2002-03-15,sh.600519,38.02,38.9,37.85,37.92,1189288,45551718.0
2002-03-18,sh.600519,38.12,38.8,37.9,38.0,607027,23162182.0
2002-03-19,sh.600519,38.1,38.88,38.02,38.75,677404,26123110.0
2002-03-20,sh.600519,38.8,39.5,38.7,38.97,1503133,58767953.0
2002-03-21,sh.600519,39.3,39.56,38.66,38.92,1503721,58789396.0
2002-03-22,sh.600519,38.92,39.0,38.42,38.54,797276,30733685.0
2002-03-25,sh.600519,38.49,38.9,38.3,38.78,431507,16693141.0
2002-03-26,sh.600519,38.7,38.8,38.12,38.2,623909,23950585.0
2002-03-27,sh.600519,38.15,38.46,37.91,38.1,499101,19022433.0
2002-03-28,sh.600519,38.01,38.28,38.0,38.01,529157,20150615.0
2002-03-29,sh.600519,38.0,38.05,37.1,37.26,1062547,39865325.0
2002-04-01,sh.600519,37.16,37.79,37.12,37.6,276605,10386559.0
2002-04-02,sh.600519,37.61,37.76,36.81,37.02,732933,27163339.0
2002-04-03,sh.600519,37.02,37.3,36.82,36.98,601945,22255856.0
2002-04-04,sh.600519,36.97,37.6,36.51,37.58,516143,19068025.0
2002-04-05,sh.600519,37.78,37.94,37.1,37.28,304685,11402145.0
2002-04-08,sh.600519,37.3,37.4,36.95,37.0,230046,8539346.0
2002-04-09,sh.600519,37.0,37.5,36.88,37.43,329157,12257478.0
2002-04-10,sh.600519,37.43,37.77,37.2,37.48,342383,12828309.0
2002-04-11,sh.600519,37.49,37.88,37.41,37.49,679799,25576043.0
2002-04-12,sh.600519,37.62,38.22,37.52,38.0,451928,17168808.0
2002-04-15,sh.600519,38.46,38.5,37.6,37.89,292594,11085699.0
2002-04-16,sh.600519,37.88,38.3,37.88,38.26,603615,23013458.0
2002-04-17,sh.600519,38.5,38.5,36.85,36.98,1321928,48993045.0
2002-04-18,sh.600519,37.0,37.19,36.38,36.39,853815,31299469.0
2002-04-19,sh.600519,36.39,36.45,35.89,36.22,885432,31912486.0
2002-04-22,sh.600519,36.0,36.4,35.9,36.19,411365,14831735.0
2002-04-23,sh.600519,36.19,36.19,35.51,35.52,408822,14622595.0
2002-04-24,sh.600519,35.5,35.88,35.16,35.24,505088,17876338.0
2002-04-25,sh.600519,35.1,35.68,35.1,35.51,259676,9206508.0
2002-04-26,sh.600519,35.5,36.08,35.4,36.02,238123,8537641.0
2002-04-29,sh.600519,36.2,37.0,36.2,36.35,466521,17015082.0
2002-04-30,sh.600519,36.48,36.6,35.95,36.2,597847,21592851.0
2002-05-08,sh.600519,36.31,36.5,36.02,36.25,170049,6152534.0
2002-05-09,sh.600519,36.0,36.45,36.0,36.03,171221,6186437.0
2002-05-10,sh.600519,36.05,36.13,35.65,35.66,268850,9625820.0
2002-05-13,sh.600519,35.57,35.7,35.38,35.4,283074,10033864.0
2002-05-14,sh.600519,35.4,36.48,35.21,35.48,507003,18159637.0
2002-05-15,sh.600519,35.68,35.69,35.2,35.34,224430,7948908.0
2002-05-16,sh.600519,35.25,35.36,34.91,34.96,554983,19465458.0
2002-05-17,sh.600519,34.89,35.59,34.75,35.04,385968,13508333.0
2002-05-20,sh.600519,34.99,34.99,34.5,34.51,335369,11623861.0
2002-05-21,sh.600519,35.54,35.54,34.9,35.03,570700,20081800.0
2002-05-22,sh.600519,35.1,35.48,34.95,35.02,297406,10442708.0
2002-05-23,sh.600519,35.88,35.88,35.1,35.2,161990,5705093.0
2002-05-24,sh.600519,35.01,35.2,34.68,34.89,240735,8401313.0
2002-05-27,sh.600519,35.0,35.34,34.89,35.11,165326,5801250.0
2002-05-28,sh.600519,35.2,35.55,35.1,35.16,261490,9258306.0
2002-05-29,sh.600519,35.21,35.38,34.66,34.77,268474,9340641.0
2002-05-30,sh.600519,34.88,35.06,34.6,34.86,196225,6813508.0
2002-05-31,sh.600519,35.0,35.16,34.8,34.95,180610,6326360.0
2002-06-03,sh.600519,34.9,35.01,34.51,34.93,229022,7966689.0
2002-06-04,sh.600519,34.9,35.0,34.0,34.5,197600,6831604.0
2002-06-05,sh.600519,34.5,34.5,34.1,34.35,222475,7636262.0
2002-06-06,sh.600519,34.38,35.47,34.1,34.99,575740,19928860.0
2002-06-07,sh.600519,34.8,35.16,34.61,34.92,362216,12686067.0
2002-06-10,sh.600519,35.0,35.05,34.51,34.64,183253,6371263.0
2002-06-11,sh.600519,34.75,35.02,34.65,34.82,153920,5368576.0
2002-06-12,sh.600519,34.8,35.12,34.55,35.11,208220,7240715.0
2002-06-13,sh.600519,35.1,35.3,34.88,34.9,162300,5701623.0
2002-06-14,sh.600519,34.9,35.2,34.6,34.65,94711,3289645.0
2002-06-17,sh.600519,34.55,34.66,34.3,34.65,135810,4678657.0
2002-06-18,sh.600519,34.7,35.08,34.69,34.97,163699,5721280.0
2002-06-19,sh.600519,34.9,35.0,34.7,34.73,83350,2900266.0
2002-06-20,sh.600519,34.98,35.05,34.76,34.88,131920,4609083.0
2002-06-21,sh.600519,35.0,35.7,34.88,35.49,426651,15107102.0
2002-06-24,sh.600519,39.04,39.04,37.0,38.18,6125441,234474989.0
2002-06-26,sh.600519,37.28,37.4,36.56,36.85,1542300,56971879.0
2002-06-27,sh.600519,36.9,37.18,36.6,36.78,558178,20574559.0
2002-06-28,sh.600519,36.7,37.38,36.7,37.03,1076373,39735942.0
2002-07-01,sh.600519,37.08,37.49,36.78,36.8,432000,16032014.0
2002-07-02,sh.600519,36.8,36.8,36.58,36.75,393507,14439880.0
2002-07-03,sh.600519,36.75,36.85,36.5,36.66,533312,19520104.0
2002-07-04,sh.600519,36.68,36.7,36.0,36.07,666987,24199148.0
2002-07-05,sh.600519,36.06,36.18,36.0,36.16,681567,24596151.0
2002-07-08,sh.600519,36.18,36.46,36.1,36.17,319272,11563090.0
2002-07-09,sh.600519,36.18,36.24,36.03,36.12,352323,12721871.0
2002-07-10,sh.600519,36.12,36.24,35.65,35.72,462279,16561215.0
2002-07-11,sh.600519,35.63,36.25,35.63,35.93,235761,8471292.0
2002-07-12,sh.600519,35.99,36.18,35.8,36.03,158849,5724883.0
2002-07-15,sh.600519,36.01,36.16,35.9,35.91,130858,4708941.0
2002-07-16,sh.600519,35.68,36.13,35.68,35.9,231649,8339593.0
2002-07-17,sh.600519,35.95,36.0,35.65,35.9,134219,4803760.0
2002-07-18,sh.600519,36.05,36.49,36.0,36.24,589389,21394400.0
2002-07-19,sh.600519,36.37,36.46,36.26,36.39,251689,9151205.0
2002-07-22,sh.600519,36.68,36.7,36.33,36.4,610357,22267992.0
2002-07-23,sh.600519,36.45,36.45,36.01,36.25,290158,10500988.0
2002-07-24,sh.600519,36.3,36.49,36.1,36.4,466387,16952456.0
2002-07-25,sh.600519,32.61,32.81,32.11,32.31,170042,5497155.0
2002-07-26,sh.600519,32.5,32.5,32.07,32.13,155824,5017641.0
2002-07-29,sh.600519,32.2,32.28,31.58,31.69,255748,8122111.0
2002-07-30,sh.600519,31.68,31.75,31.48,31.52,344596,10878707.0
2002-07-31,sh.600519,31.52,31.7,31.25,31.32,257985,8116149.0
2002-08-01,sh.600519,31.28,31.49,31.15,31.24,200089,6261720.0
2002-08-02,sh.600519,31.3,31.78,31.05,31.43,125388,3927364.0
2002-08-05,sh.600519,31.44,31.5,31.25,31.32,107812,3381678.0
2002-08-06,sh.600519,31.32,31.58,31.22,31.42,209237,6575058.0
2002-08-07,sh.600519,31.43,31.5,31.35,31.42,135579,4259610.0
2002-08-08,sh.600519,31.42,31.57,31.2,31.29,126460,3969885.0
2002-08-09,sh.600519,31.21,31.35,30.94,30.98,249020,7741685.0
2002-08-12,sh.600519,30.8,30.88,30.6,30.6,225050,6900600.0
2002-08-13,sh.600519,30.7,30.7,30.4,30.6,170413,5204223.0
2002-08-14,sh.600519,30.98,30.98,30.6,30.98,247246,7621220.0
2002-08-15,sh.600519,30.98,30.98,30.75,30.76,125955,3886298.0
2002-08-16,sh.600519,30.5,30.87,30.3,30.8,224098,6857222.0
2002-08-19,sh.600519,30.79,30.9,30.61,30.66,110896,3407937.0
2002-08-20,sh.600519,30.59,30.99,30.59,30.9,237211,7316845.0
2002-08-21,sh.600519,31.0,31.0,30.77,30.9,169451,5229829.0
2002-08-22,sh.600519,31.0,31.37,30.9,31.18,422034,13173485.0
2002-08-23,sh.600519,31.15,31.35,31.15,31.23,243141,7592485.0
2002-08-26,sh.600519,31.15,31.15,30.69,30.73,263149,8109133.0
2002-08-27,sh.600519,30.73,30.9,30.6,30.85,258441,7938100.0
2002-08-28,sh.600519,30.89,31.12,30.5,30.56,376582,11550533.0
2002-08-29,sh.600519,30.55,30.68,30.45,30.49,289937,8846652.0
2002-08-30,sh.600519,30.56,30.56,30.42,30.47,188668,5751168.0
2002-09-02,sh.600519,30.45,30.5,30.35,30.4,234130,7119903.0
2002-09-03,sh.600519,30.4,30.88,30.4,30.63,227701,6981608.0
2002-09-04,sh.600519,30.63,30.79,30.42,30.59,178869,5457397.0
2002-09-05,sh.600519,30.52,30.52,30.3,30.3,289369,8795149.0
2002-09-06,sh.600519,30.35,30.46,30.2,30.35,185962,5634774.0
2002-09-09,sh.600519,30.3,30.35,30.02,30.07,261390,7873842.0
2002-09-10,sh.600519,30.0,30.1,29.48,29.6,805712,23941530.0
2002-09-11,sh.600519,29.46,29.6,28.6,29.1,984529,28552916.0
2002-09-12,sh.600519,29.0,29.25,28.77,29.07,171659,4984486.0
2002-09-13,sh.600519,29.01,29.18,28.92,29.16,107173,3119148.0
2002-09-16,sh.600519,29.11,29.17,28.69,28.7,392351,11280816.0
2002-09-17,sh.600519,28.75,29.08,28.62,28.9,261349,7538521.0
2002-09-18,sh.600519,28.99,28.99,28.73,28.87,161606,4660761.0
2002-09-19,sh.600519,28.8,29.15,28.57,29.0,365015,10478770.0
2002-09-20,sh.600519,28.97,28.97,28.67,28.73,137298,3949578.0
2002-09-23,sh.600519,28.68,28.73,28.4,28.43,212110,6061634.0
2002-09-24,sh.600519,28.4,28.43,27.9,27.98,714854,20063143.0
2002-09-25,sh.600519,27.98,28.55,27.98,28.3,355709,10075783.0
2002-09-26,sh.600519,28.36,28.36,28.01,28.03,216807,6093149.0
2002-09-27,sh.600519,28.12,28.35,27.98,28.18,150545,4234851.0
2002-10-08,sh.600519,28.15,28.15,27.93,28.08,358977,10069826.0
2002-10-09,sh.600519,28.0,28.05,27.58,27.73,245871,6822147.0
2002-10-10,sh.600519,27.7,28.03,27.65,27.78,108767,3018141.0
2002-10-11,sh.600519,27.68,27.9,27.5,27.58,121705,3366265.0
2002-10-14,sh.600519,27.9,27.9,27.52,27.62,109529,3024408.0
2002-10-15,sh.600519,27.6,27.79,27.55,27.78,206594,5710573.0
2002-10-16,sh.600519,27.78,28.19,27.77,27.91,226133,6327939.0
2002-10-17,sh.600519,27.91,28.0,27.5,27.59,156480,4336014.0
2002-10-18,sh.600519,27.5,27.68,26.55,26.81,463533,12464187.0
2002-10-21,sh.600519,26.79,27.28,26.55,26.85,164605,4391499.0
2002-10-22,sh.600519,26.97,27.55,26.9,27.38,210571,5735513.0
2002-10-23,sh.600519,27.45,27.45,27.03,27.13,108078,2938025.0
2002-10-24,sh.600519,27.1,27.38,27.1,27.11,97060,2637743.0
2002-10-25,sh.600519,27.11,27.12,26.6,26.65,236812,6346386.0
2002-10-28,sh.600519,26.6,26.6,25.9,25.96,447153,11679872.0
2002-10-29,sh.600519,26.5,26.5,25.61,26.21,319869,8294858.0
2002-10-30,sh.600519,26.25,26.3,25.96,26.03,203557,5323624.0
2002-10-31,sh.600519,26.03,26.48,26.0,26.09,281730,7375701.0
2002-11-01,sh.600519,26.08,26.27,25.96,26.22,147119,3830309.0
2002-11-04,sh.600519,26.22,26.66,26.22,26.66,199503,5271415.0
2002-11-05,sh.600519,26.7,27.2,26.51,26.91,348538,9402742.0
2002-11-06,sh.600519,26.95,26.98,26.7,26.72,162265,4344756.0
2002-11-07,sh.600519,26.75,26.85,26.52,26.63,241652,6446131.0
2002-11-08,sh.600519,27.2,27.2,25.96,26.08,271756,7151816.0
2002-11-11,sh.600519,26.13,26.35,25.81,26.01,188282,4915876.0
2002-11-12,sh.600519,26.05,26.28,25.75,25.8,239589,6207445.0
2002-11-13,sh.600519,25.78,25.99,25.67,25.97,195368,5035473.0
2002-11-14,sh.600519,25.98,26.13,25.8,25.83,168832,4380220.0
2002-11-15,sh.600519,25.8,26.04,25.65,25.82,234901,6065973.0
2002-11-18,sh.600519,25.8,26.06,25.8,26.0,194719,5049727.0
2002-11-19,sh.600519,26.0,26.55,25.92,26.43,321819,8450560.0
2002-11-20,sh.600519,26.48,26.7,25.9,26.34,957938,25196773.0
2002-11-21,sh.600519,26.24,26.4,25.85,25.86,401953,10494850.0
2002-11-22,sh.600519,26.0,26.26,25.58,25.91,242925,6292793.0
2002-11-25,sh.600519,25.92,26.28,25.6,26.18,398796,10418495.0
2002-11-26,sh.600519,26.3,26.4,25.7,25.71,205454,5354392.0
2002-11-27,sh.600519,25.6,25.98,25.42,25.63,332091,8506108.0
2002-11-28,sh.600519,25.69,26.4,25.62,26.28,249203,6508407.0
2002-12-02,sh.600519,26.5,26.7,25.92,25.99,585087,15455370.0
2002-12-03,sh.600519,25.92,26.42,25.7,26.39,310385,8113029.0
2002-12-04,sh.600519,26.07,26.8,26.07,26.45,415100,11045716.0
2002-12-05,sh.600519,26.38,27.38,26.3,27.1,1302018,35246694.0
2002-12-06,sh.600519,27.0,27.2,26.82,27.01,374154,10116516.0
2002-12-09,sh.600519,27.0,27.1,26.7,26.77,290258,7793264.0
2002-12-10,sh.600519,26.82,26.9,26.4,26.46,261198,6946196.0
2002-12-11,sh.600519,26.35,26.45,26.1,26.32,254680,6682742.0
2002-12-12,sh.600519,26.32,26.6,26.13,26.57,398933,10541432.0
2002-12-13,sh.600519,25.8,26.73,25.8,26.49,222310,5860451.0
2002-12-16,sh.600519,26.49,26.98,26.37,26.91,797694,21310704.0
2002-12-17,sh.600519,26.91,27.1,26.72,26.92,292615,7886188.0
2002-12-18,sh.600519,26.88,26.98,26.72,26.76,202853,5434639.0
2002-12-19,sh.600519,26.76,26.79,26.51,26.62,231004,6160134.0
2002-12-20,sh.600519,26.62,26.96,26.62,26.83,162474,4353432.0
2002-12-23,sh.600519,27.08,27.1,26.7,26.8,198455,5333977.0
2002-12-24,sh.600519,26.81,26.96,26.48,26.76,84816,2257524.0
2002-12-25,sh.600519,26.79,26.8,26.46,26.47,148138,3939760.0
2002-12-26,sh.600519,26.45,26.5,25.61,25.7,514561,13383935.0
2002-12-27,sh.600519,25.69,25.97,25.51,25.84,339021,8693114.0
2002-12-30,sh.600519,25.82,25.82,25.45,25.55,300220,7672458.0
2002-12-31,sh.600519,25.6,25.78,25.45,25.46,164478,4200254.0
2003-01-02,sh.600519,25.5,25.5,24.7,24.72,356530,8921541.0
2003-01-03,sh.600519,24.68,24.94,24.5,24.68,174368,4300516.0
2003-01-06,sh.600519,24.58,24.9,24.51,24.86,98636,2438329.0
2003-01-07,sh.600519,24.85,24.96,24.61,24.63,145050,3595101.0
2003-01-08,sh.600519,25.01,25.3,24.68,25.3,176802,4438021.0
2003-01-09,sh.600519,25.27,25.68,25.02,25.52,260257,6616310.0
2003-01-10,sh.600519,25.5,25.9,25.28,25.41,234638,6010671.0
2003-01-13,sh.600519,25.2,25.5,25.2,25.37,140380,3560912.0
2003-01-14,sh.600519,25.35,26.72,25.18,26.39,958825,25012085.0
2003-01-15,sh.600519,26.49,27.18,26.39,26.7,1145168,30551168.0
2003-01-16,sh.600519,26.81,27.15,26.66,27.11,735908,19870062.0
2003-01-17,sh.600519,27.18,27.18,26.67,26.68,379518,10187340.0
2003-01-20,sh.600519,26.6,26.6,26.26,26.54,207090,5466246.0
2003-01-21,sh.600519,26.55,27.0,26.5,26.55,478744,12816356.0
2003-01-22,sh.600519,26.5,26.5,26.3,26.34,163310,4309306.0
2003-01-23,sh.600519,26.3,26.5,26.3,26.35,216749,5719869.0
2003-01-24,sh.600519,26.3,26.48,26.3,26.4,244119,6438339.0
2003-01-27,sh.600519,26.31,26.9,26.31,26.81,395568,10571327.0
2003-01-28,sh.600519,26.8,27.0,26.68,26.84,349496,9383544.0
2003-01-29,sh.600519,26.84,27.0,26.75,26.88,330219,8889672.0
2003-02-10,sh.600519,26.86,26.86,26.5,26.6,169378,4508037.0
2003-02-11,sh.600519,26.38,26.68,26.38,26.66,82150,2174401.0
2003-02-12,sh.600519,26.7,26.95,26.5,26.88,147730,3959442.0
2003-02-13,sh.600519,26.86,26.97,26.65,26.65,271832,7302546.0
2003-02-14,sh.600519,26.6,26.99,26.6,26.88,190475,5111392.0
2003-02-17,sh.600519,26.7,26.92,26.52,26.55,156776,4181515.0
2003-02-18,sh.600519,26.52,26.6,26.4,26.5,104819,2772836.0
2003-02-19,sh.600519,26.5,26.61,26.45,26.58,102970,2732606.0
2003-02-20,sh.600519,26.61,26.8,26.55,26.69,85120,2269016.0
2003-02-21,sh.600519,26.53,26.6,26.2,26.38,226893,5978463.0
2003-02-24,sh.600519,26.49,26.49,26.21,26.31,61566,1625901.0
2003-02-25,sh.600519,26.3,26.9,26.28,26.89,187859,4998648.0
2003-02-26,sh.600519,26.95,27.05,26.68,26.7,108215,2904654.0
2003-02-27,sh.600519,26.75,26.98,26.57,26.74,169761,4531823.0
2003-02-28,sh.600519,26.88,26.88,26.6,26.8,136045,3636053.0
2003-03-03,sh.600519,26.88,27.47,26.88,27.4,600093,16398104.0
2003-03-04,sh.600519,27.4,27.44,27.06,27.27,190950,5200922.0
2003-03-05,sh.600519,27.27,27.98,27.11,27.83,940501,26031534.0
2003-03-06,sh.600519,27.9,27.9,27.33,27.5,450769,12426005.0
2003-03-07,sh.600519,27.52,27.59,27.2,27.31,247545,6781984.0
2003-03-10,sh.600519,27.35,27.41,26.88,26.9,310340,8423721.0
2003-03-11,sh.600519,26.85,26.9,26.55,26.8,196449,5253243.0
2003-03-12,sh.600519,26.79,26.9,26.6,26.86,117717,3146322.0
2003-03-13,sh.600519,26.88,27.26,26.85,26.94,199758,5398370.0
2003-03-14,sh.600519,26.88,26.94,26.72,26.82,275642,7388968.0
2003-03-17,sh.600519,26.78,26.78,26.49,26.62,469292,12465705.0
2003-03-18,sh.600519,26.6,26.7,26.13,26.29,314790,8320204.0
2003-03-19,sh.600519,26.01,26.3,25.86,25.91,339792,8841844.0
2003-03-20,sh.600519,26.0,26.43,25.9,25.99,196840,5120173.0
2003-03-21,sh.600519,26.0,26.46,26.0,26.43,202107,5285370.0
2003-03-24,sh.600519,26.42,26.5,26.2,26.31,171870,4522748.0
2003-03-25,sh.600519,26.23,26.31,25.9,26.0,206238,5372767.0
2003-03-26,sh.600519,26.0,26.45,25.5,25.7,358951,9202596.0
2003-03-27,sh.600519,25.68,26.27,25.41,26.13,210565,5430724.0
2003-03-28,sh.600519,26.2,26.25,26.01,26.04,381070,9946659.0
2003-03-31,sh.600519,25.99,26.15,25.98,26.05,304730,7935303.0
2003-04-01,sh.600519,26.06,26.25,25.98,26.22,372984,9730810.0
2003-04-02,sh.600519,26.2,26.46,26.13,26.35,371320,9769605.0
2003-04-03,sh.600519,26.4,26.5,26.23,26.3,519367,13726384.0
2003-04-04,sh.600519,26.29,26.3,25.95,26.03,498473,12980379.0
2003-04-07,sh.600519,26.0,26.03,25.6,25.69,446211,11509954.0
2003-04-08,sh.600519,25.69,25.7,25.35,25.6,611287,15568085.0
2003-04-09,sh.600519,25.59,26.05,25.35,26.0,1012377,26059689.0
2003-04-10,sh.600519,26.0,26.1,25.62,25.92,1078913,27753599.0
2003-04-11,sh.600519,25.88,26.5,25.85,26.46,2996684,78671196.0
2003-04-14,sh.600519,26.61,27.18,26.6,27.07,1261241,33863674.0
2003-04-15,sh.600519,27.1,27.18,26.61,26.96,779783,20927730.0
2003-04-16,sh.600519,26.96,27.4,26.42,26.49,1701715,45879208.0
2003-04-17,sh.600519,26.55,26.69,26.25,26.28,759887,20049212.0
2003-04-18,sh.600519,26.35,26.78,26.35,26.38,533932,14169319.0
2003-04-21,sh.600519,26.34,26.4,25.5,25.57,1130153,29053506.0
2003-04-22,sh.600519,25.55,25.8,25.45,25.47,513114,13111434.0
2003-04-23,sh.600519,25.48,25.54,25.01,25.04,581664,14679641.0
2003-04-24,sh.600519,25.04,25.15,24.7,24.71,974938,24258559.0
2003-04-25,sh.600519,24.88,25.35,24.8,24.95,700841,17541876.0
2003-04-28,sh.600519,24.95,25.18,24.5,25.14,784532,19413811.0
2003-04-29,sh.600519,25.35,25.37,24.5,24.78,984093,24464578.0
2003-04-30,sh.600519,24.8,25.46,24.72,25.19,1349930,33816176.0
2003-05-12,sh.600519,25.2,25.38,24.95,24.97,735120,18413860.0
2003-05-13,sh.600519,25.0,25.01,23.65,23.66,1523540,36698786.0
2003-05-14,sh.600519,23.75,24.0,23.6,23.8,934222,22223327.0
2003-05-15,sh.600519,23.9,24.6,23.8,24.55,1041706,25192950.0
2003-05-16,sh.600519,24.6,24.67,24.1,24.39,965805,23550103.0
2003-05-19,sh.600519,24.5,25.3,24.5,25.05,1289908,32321424.0
2003-05-20,sh.600519,25.02,25.05,24.65,24.75,514816,12771620.0
2003-05-21,sh.600519,24.75,25.08,24.7,24.7,316358,7874689.0
2003-05-22,sh.600519,24.61,24.99,24.6,24.9,309946,7672879.0
2003-05-23,sh.600519,24.9,24.91,24.5,24.73,688996,17042735.0
2003-05-26,sh.600519,24.7,25.08,24.68,24.83,998501,24833946.0
2003-05-27,sh.600519,24.85,24.98,24.65,24.88,362268,8973935.0
2003-05-28,sh.600519,25.0,25.77,24.9,25.15,961797,24413346.0
2003-05-29,sh.600519,25.1,25.6,25.02,25.39,515602,13025241.0
2003-05-30,sh.600519,25.73,26.27,25.44,26.14,1818094,47295540.0
2003-06-02,sh.600519,26.22,26.25,25.81,26.04,625851,16282794.0
2003-06-03,sh.600519,26.04,26.15,25.66,25.69,553665,14325999.0
2003-06-04,sh.600519,25.65,25.77,25.31,25.54,399590,10206523.0
2003-06-05,sh.600519,25.53,25.98,25.45,25.56,679898,17422312.0
2003-06-06,sh.600519,25.56,25.58,25.2,25.37,359633,9123796.0
2003-06-09,sh.600519,25.35,25.45,25.21,25.32,243618,6174170.0
2003-06-10,sh.600519,25.35,25.65,25.34,25.46,162842,4142275.0
2003-06-11,sh.600519,25.46,25.65,25.46,25.61,301825,7712445.0
2003-06-13,sh.600519,25.6,25.88,25.55,25.65,320027,8241151.0
2003-06-16,sh.600519,25.65,25.65,25.29,25.34,201265,5108268.0
2003-06-17,sh.600519,25.36,25.4,25.01,25.15,299430,7523686.0
2003-06-18,sh.600519,25.15,25.45,24.95,25.02,318483,8004964.0
2003-06-19,sh.600519,25.04,25.25,24.75,24.9,326009,8113184.0
2003-06-20,sh.600519,24.95,25.2,24.85,25.0,167090,4175134.0
2003-06-23,sh.600519,25.0,25.75,24.95,25.42,781120,19907731.0
2003-06-24,sh.600519,25.42,25.58,25.3,25.48,169436,4313862.0
2003-06-25,sh.600519,25.48,25.9,25.36,25.45,420470,10783228.0
2003-06-26,sh.600519,25.45,25.65,24.83,25.19,447705,11265141.0
2003-06-27,sh.600519,25.2,25.4,24.9,24.97,271970,6835321.0
2003-06-30,sh.600519,25.0,25.1,24.95,24.96,352014,8803181.0
2003-07-01,sh.600519,24.9,25.3,24.9,25.24,488577,12302828.0
2003-07-02,sh.600519,25.2,25.2,25.0,25.1,133689,3354437.0
2003-07-03,sh.600519,25.12,25.25,24.89,25.04,287867,7192931.0
2003-07-04,sh.600519,25.0,25.13,24.95,24.99,219720,5492526.0
2003-07-07,sh.600519,25.01,25.09,24.8,24.87,166992,4154239.0
2003-07-08,sh.600519,24.95,25.18,24.91,25.17,227232,5693893.0
2003-07-09,sh.600519,25.16,25.19,24.98,25.05,148399,3722710.0
2003-07-10,sh.600519,25.19,25.74,25.03,25.63,628810,16057693.0
2003-07-11,sh.600519,25.68,25.88,25.59,25.7,576371,14825594.0
2003-07-14,sh.600519,23.45,24.0,23.2,23.78,867430,20533771.0
2003-07-15,sh.600519,23.7,24.19,23.58,23.89,666082,15884705.0
2003-07-16,sh.600519,23.9,24.2,23.86,24.03,779619,18717481.0
2003-07-17,sh.600519,24.05,24.5,24.0,24.2,997825,24185340.0
2003-07-18,sh.600519,24.2,24.3,23.51,23.61,962967,23126678.0
2003-07-21,sh.600519,23.5,23.78,23.36,23.7,711248,16722758.0
2003-07-22,sh.600519,23.61,23.95,23.61,23.82,310943,7381958.0
2003-07-23,sh.600519,23.82,23.95,23.6,23.83,559227,13316655.0
2003-07-24,sh.600519,23.83,23.83,23.6,23.65,145051,3437577.0
2003-07-25,sh.600519,23.65,23.7,23.12,23.3,287594,6717751.0
2003-07-28,sh.600519,23.35,23.4,23.2,23.23,188548,4383607.0
2003-07-29,sh.600519,23.35,23.49,23.2,23.4,130378,3043368.0
2003-07-30,sh.600519,23.58,23.58,23.18,23.35,273090,6375509.0
2003-07-31,sh.600519,23.35,23.35,22.92,23.15,224938,5205478.0
2003-08-01,sh.600519,23.0,23.13,22.75,22.89,325583,7459787.0
2003-08-04,sh.600519,22.8,22.9,22.6,22.89,270968,6168033.0
2003-08-05,sh.600519,22.89,23.09,22.75,23.08,193039,4411194.0
2003-08-06,sh.600519,23.08,23.22,22.91,23.2,228444,5272928.0
2003-08-07,sh.600519,23.0,23.1,22.93,23.02,75057,1725955.0
2003-08-08,sh.600519,22.91,23.05,22.71,22.78,186507,4268481.0
2003-08-11,sh.600519,22.61,22.78,22.61,22.73,99632,2260732.0
2003-08-12,sh.600519,22.75,23.1,22.75,22.99,75207,1725279.0
2003-08-13,sh.600519,22.9,23.01,22.9,22.97,180270,4138095.0
2003-08-14,sh.600519,22.81,22.99,22.77,22.8,190650,4369482.0
2003-08-15,sh.600519,22.78,22.89,22.76,22.81,92840,2117303.0
2003-08-18,sh.600519,22.81,22.86,22.73,22.75,89030,2029145.0
2003-08-19,sh.600519,22.74,22.88,22.68,22.78,114097,2595147.0
2003-08-20,sh.600519,22.8,22.8,22.6,22.67,86875,1967310.0
2003-08-21,sh.600519,22.65,22.8,21.0,22.2,455128,9879703.0
2003-08-22,sh.600519,22.2,22.44,21.71,21.78,386467,8446625.0
2003-08-25,sh.600519,21.6,21.65,21.3,21.35,234532,5036822.0
2003-08-26,sh.600519,21.35,21.5,21.3,21.36,100100,2141565.0
2003-08-27,sh.600519,21.36,22.97,21.36,21.87,424621,9547143.0
2003-08-28,sh.600519,21.61,21.96,21.53,21.7,144678,3148383.0
2003-08-29,sh.600519,21.75,21.8,21.3,21.51,275200,5896174.0
2003-09-01,sh.600519,21.69,21.88,21.36,21.86,495174,10737291.0
2003-09-02,sh.600519,21.82,22.5,21.82,22.09,720637,15963063.0
2003-09-03,sh.600519,22.1,22.27,21.88,22.07,116140,2555237.0
2003-09-04,sh.600519,22.08,22.25,21.86,21.89,124451,2733564.0
2003-09-05,sh.600519,21.89,21.89,21.0,21.5,581204,12436931.0
2003-09-08,sh.600519,21.32,21.5,21.18,21.4,181364,3877014.0
2003-09-09,sh.600519,21.4,21.48,21.0,21.37,356254,7588439.0
2003-09-10,sh.600519,21.37,21.86,21.11,21.4,204150,4387546.0
2003-09-11,sh.600519,21.41,21.49,21.3,21.32,100995,2160179.0
2003-09-12,sh.600519,21.32,21.32,21.14,21.22,280319,5941702.0
2003-09-15,sh.600519,21.21,21.36,21.0,21.1,264887,5601667.0
2003-09-16,sh.600519,21.1,21.3,20.82,21.12,181172,3803937.0
2003-09-17,sh.600519,21.28,21.35,21.0,21.0,678865,14360717.0
2003-09-18,sh.600519,20.9,21.08,20.9,21.0,119568,2508659.0
2003-09-19,sh.600519,20.95,21.1,20.91,20.99,383015,8044199.0
2003-09-22,sh.600519,21.1,21.1,20.81,20.88,118686,2488640.0
2003-09-23,sh.600519,20.9,21.0,20.71,20.88,95552,1991592.0
2003-09-24,sh.600519,21.16,21.22,20.9,21.2,228521,4821609.0
2003-09-25,sh.600519,21.2,21.2,20.95,21.2,213830,4498042.0
2003-09-26,sh.600519,21.17,21.4,21.01,21.22,265450,5638160.0
2003-09-29,sh.600519,21.1,21.19,21.07,21.11,188806,3986232.0
2003-09-30,sh.600519,21.12,21.39,21.12,21.24,144327,3068648.0
2003-10-08,sh.600519,21.12,21.29,21.0,21.25,85201,1802810.0
2003-10-09,sh.600519,21.2,21.3,21.11,21.2,113520,2406369.0
2003-10-10,sh.600519,21.13,21.65,21.09,21.6,133710,2869291.0
2003-10-13,sh.600519,21.6,21.7,21.4,21.65,161982,3500004.0
2003-10-14,sh.600519,21.58,21.72,21.43,21.68,179218,3875773.0
2003-10-15,sh.600519,21.75,21.85,21.62,21.66,116127,2523298.0
2003-10-16,sh.600519,21.66,21.75,21.38,21.47,149039,3206207.0
2003-10-17,sh.600519,21.46,21.47,21.3,21.36,82288,1759531.0
2003-10-20,sh.600519,21.38,21.5,21.31,21.36,92842,1986082.0
2003-10-21,sh.600519,21.39,21.55,21.36,21.4,66391,1421413.0
2003-10-22,sh.600519,21.45,21.88,21.45,21.81,216321,4701448.0
2003-10-23,sh.600519,21.81,21.9,21.66,21.66,225161,4898910.0
2003-10-24,sh.600519,21.6,21.65,21.5,21.5,97100,2091740.0
2003-10-27,sh.600519,21.48,21.5,21.12,21.21,365566,7761245.0
2003-10-28,sh.600519,21.2,21.65,21.2,21.33,298328,6367834.0
2003-10-29,sh.600519,21.33,22.02,21.33,21.99,708496,15341314.0
2003-10-30,sh.600519,22.1,22.3,21.81,22.08,930982,20522203.0
2003-10-31,sh.600519,22.5,22.5,22.03,22.39,578462,12895253.0
2003-11-03,sh.600519,22.68,22.82,22.33,22.75,487826,11043553.0
2003-11-04,sh.600519,22.76,23.6,22.75,23.32,1538786,35781199.0
2003-11-05,sh.600519,23.24,23.85,23.15,23.58,1731226,40944023.0
2003-11-06,sh.600519,23.67,23.7,23.3,23.43,627370,14718968.0
2003-11-07,sh.600519,23.3,23.4,22.7,22.91,749701,17267141.0
2003-11-10,sh.600519,23.0,23.19,22.78,23.05,276093,6335394.0
2003-11-11,sh.600519,23.05,23.35,22.95,23.25,260167,6018093.0
2003-11-12,sh.600519,23.0,23.3,23.0,23.0,296058,6839594.0
2003-11-13,sh.600519,22.99,23.12,22.7,22.84,210393,4796537.0
2003-11-14,sh.600519,22.8,23.08,22.65,23.0,227357,5200996.0
2003-11-17,sh.600519,23.08,23.12,22.88,22.97,171102,3937139.0
2003-11-18,sh.600519,23.0,23.0,22.7,22.75,244993,5590828.0
2003-11-19,sh.600519,22.75,22.99,22.61,22.95,314682,7192949.0
2003-11-20,sh.600519,22.85,23.17,22.8,23.05,498785,11467710.0
2003-11-21,sh.600519,23.38,23.4,22.91,22.98,182592,4207140.0
2003-11-24,sh.600519,23.08,23.3,22.8,23.26,249784,5751645.0
2003-11-25,sh.600519,23.3,23.3,22.95,23.19,334901,7752298.0
2003-11-26,sh.600519,23.0,23.25,22.9,23.2,340195,7832142.0
2003-11-27,sh.600519,23.09,23.49,22.93,23.05,584705,13553445.0
2003-11-28,sh.600519,23.09,23.09,22.85,22.98,310480,7138329.0
2003-12-01,sh.600519,23.3,23.3,22.85,23.01,876473,20159528.0
2003-12-02,sh.600519,23.19,23.26,23.0,23.18,694387,16075321.0
2003-12-03,sh.600519,23.25,23.8,23.18,23.52,1357229,31788191.0
2003-12-04,sh.600519,23.56,23.68,23.31,23.42,816032,19152457.0
2003-12-05,sh.600519,23.4,23.9,23.31,23.87,2033561,48018185.0
2003-12-08,sh.600519,23.9,23.91,23.58,23.69,353292,8392000.0
2003-12-09,sh.600519,23.68,23.76,23.45,23.55,379646,8935849.0
2003-12-10,sh.600519,23.78,23.78,23.52,23.72,536001,12660246.0
2003-12-11,sh.600519,23.75,23.84,23.51,23.53,464016,10986759.0
2003-12-12,sh.600519,23.53,23.59,23.46,23.52,193225,4539656.0
2003-12-15,sh.600519,23.52,23.69,23.42,23.6,186242,4392702.0
2003-12-16,sh.600519,23.59,23.7,23.2,23.54,333216,7816685.0
2003-12-17,sh.600519,23.58,24.3,23.58,24.02,828265,19926940.0
2003-12-18,sh.600519,24.0,24.27,23.8,24.22,570803,13788180.0
2003-12-19,sh.600519,24.27,24.27,23.81,24.0,582724,14005567.0
2003-12-22,sh.600519,24.0,24.48,23.7,24.45,625396,15017997.0
2003-12-23,sh.600519,24.45,24.86,24.26,24.63,1033364,25513368.0
2003-12-24,sh.600519,24.68,25.27,24.52,25.22,704315,17578282.0
2003-12-25,sh.600519,25.22,25.3,25.01,25.05,743141,18686453.0
2003-12-26,sh.600519,25.0,25.45,24.9,25.28,515311,12938394.0
2003-12-30,sh.600519,25.18,25.68,24.81,25.5,413823,10461733.0
2003-12-31,sh.600519,25.5,25.5,25.23,25.4,551077,13951355.0
2004-01-02,sh.600519,25.01,25.48,25.0,25.19,651376,16401867.0
2004-01-05,sh.600519,25.1,26.45,25.1,26.4,853975,22096848.0
2004-01-06,sh.600519,26.5,27.18,26.5,26.96,946736,25293426.0
2004-01-07,sh.600519,26.87,27.18,26.33,26.95,1133619,30614269.0
2004-01-08,sh.600519,27.0,27.48,26.88,27.42,860742,23401787.0
2004-01-09,sh.600519,27.5,27.5,26.05,26.21,882159,23829502.0
2004-01-12,sh.600519,26.0,26.6,25.83,26.53,649072,16933810.0
2004-01-13,sh.600519,26.8,27.68,26.8,27.6,1342121,36807002.0
2004-01-14,sh.600519,27.6,29.15,27.37,28.87,2509574,71681040.0
2004-01-15,sh.600519,28.5,28.91,28.01,28.28,1017093,29112473.0
2004-01-16,sh.600519,28.12,28.85,28.0,28.49,740755,21179706.0
2004-01-29,sh.600519,28.0,29.02,28.0,28.96,535372,15425466.0
2004-01-30,sh.600519,28.94,29.05,28.1,28.12,778523,22429306.0
2004-02-02,sh.600519,28.5,29.35,28.3,28.92,3130494,90694934.0
2004-02-03,sh.600519,29.0,29.16,28.72,29.0,812768,23508437.0
2004-02-04,sh.600519,29.0,29.15,28.8,28.99,864639,25042786.0
2004-02-05,sh.600519,28.88,28.99,28.1,28.19,925663,26274156.0
2004-02-06,sh.600519,28.0,28.6,27.66,27.83,1292587,36392591.0
2004-02-09,sh.600519,27.88,28.39,27.68,28.14,577836,16136748.0
2004-02-10,sh.600519,28.18,28.29,27.72,27.77,289139,8054689.0
2004-02-11,sh.600519,28.0,28.0,27.4,27.62,448803,12391205.0
2004-02-12,sh.600519,27.69,28.2,27.5,27.64,223103,6196653.0
2004-02-13,sh.600519,27.7,28.1,27.56,27.89,253139,7068284.0
2004-02-16,sh.600519,27.89,28.7,27.89,28.65,408151,11599148.0
2004-02-17,sh.600519,28.75,28.75,28.51,28.54,723631,20708523.0
2004-02-18,sh.600519,28.54,29.45,28.24,29.09,970385,28085541.0
2004-02-19,sh.600519,29.1,29.15,28.68,28.8,615535,17792327.0
2004-02-20,sh.600519,28.61,28.88,28.42,28.73,325602,9294561.0
2004-02-23,sh.600519,28.95,28.98,27.92,28.0,423426,11943403.0
2004-02-24,sh.600519,27.88,28.39,27.56,28.23,824540,22993324.0
2004-02-25,sh.600519,28.25,28.75,27.3,27.32,559568,15651947.0
2004-02-26,sh.600519,27.4,28.28,27.2,28.25,1031348,28613246.0
2004-02-27,sh.600519,28.28,28.42,27.75,28.4,443137,12479813.0
2004-03-01,sh.600519,28.35,28.58,28.01,28.53,293833,8324629.0
2004-03-02,sh.600519,28.2,31.38,28.2,31.13,2518762,75299463.0
2004-03-03,sh.600519,31.18,31.6,30.39,30.69,2466123,76280342.0
2004-03-04,sh.600519,30.58,30.8,30.26,30.52,571829,17429571.0
2004-03-05,sh.600519,30.6,31.2,30.3,30.62,411731,12628392.0
2004-03-08,sh.600519,30.6,31.0,29.7,30.09,632755,19124563.0
2004-03-09,sh.600519,30.1,30.3,29.75,29.9,449214,13474582.0
2004-03-10,sh.600519,29.72,30.4,29.72,30.34,311677,9368573.0
2004-03-11,sh.600519,30.0,30.9,30.0,30.89,696695,21204913.0
2004-03-12,sh.600519,31.99,33.3,31.55,32.7,3785209,123629708.0
2004-03-15,sh.600519,32.65,33.5,32.4,33.42,1898572,62741210.0
2004-03-16,sh.600519,33.42,35.44,33.11,34.91,3095761,106413222.0
2004-03-17,sh.600519,34.8,35.25,34.31,34.91,1341120,46683001.0
2004-03-18,sh.600519,34.91,35.3,34.7,34.97,1570380,55053859.0
2004-03-19,sh.600519,34.91,35.32,34.6,34.87,1474395,51625581.0
2004-03-22,sh.600519,35.0,35.18,34.5,34.52,1020625,35526463.0
2004-03-23,sh.600519,34.33,34.5,33.54,33.81,1390974,47091718.0
2004-03-24,sh.600519,33.7,35.2,33.58,35.05,1329574,46222270.0
2004-03-25,sh.600519,34.85,35.2,33.9,34.06,1493138,51190803.0
2004-03-26,sh.600519,34.5,34.87,33.15,34.73,1741546,59748602.0
2004-03-29,sh.600519,34.73,35.55,34.2,34.28,1128175,39480878.0
2004-03-30,sh.600519,34.2,34.8,34.05,34.73,587654,20288601.0
2004-03-31,sh.600519,34.7,35.2,34.58,35.04,731013,25543352.0
2004-04-01,sh.600519,34.79,35.5,34.79,35.39,850421,29966660.0
2004-04-02,sh.600519,35.35,36.5,35.35,36.29,1881821,67825517.0
2004-04-05,sh.600519,36.3,37.4,36.3,37.25,1863134,68785082.0
2004-04-06,sh.600519,37.4,37.4,36.9,37.23,713567,26461490.0
2004-04-07,sh.600519,37.26,39.05,37.26,38.87,1869220,72038041.0
2004-04-08,sh.600519,38.9,40.52,38.72,40.48,1591324,63361314.0
2004-04-09,sh.600519,40.45,40.45,39.18,39.2,3432280,135738045.0
2004-04-12,sh.600519,38.9,39.5,38.3,38.76,1027224,39974344.0
2004-04-13,sh.600519,38.9,39.4,38.6,39.15,1552441,60506087.0
2004-04-14,sh.600519,38.85,38.99,37.6,38.15,1554383,59198319.0
2004-04-15,sh.600519,38.0,38.6,37.8,37.96,595863,22690028.0
2004-04-16,sh.600519,37.82,38.48,37.4,37.99,449778,17042489.0
2004-04-19,sh.600519,38.0,38.0,36.8,36.85,589701,22127813.0
2004-04-20,sh.600519,36.8,37.48,36.31,37.2,770592,28305520.0
2004-04-21,sh.600519,37.39,37.5,36.2,36.63,399419,14703155.0
2004-04-22,sh.600519,36.5,36.8,36.2,36.6,825244,30019962.0
2004-04-23,sh.600519,36.4,36.78,36.2,36.77,806507,29417711.0
2004-04-26,sh.600519,36.54,37.37,36.4,37.22,660339,24414409.0
2004-04-27,sh.600519,37.25,39.0,37.25,37.91,2059748,78913119.0
2004-04-28,sh.600519,37.9,37.9,37.1,37.55,559678,21005617.0
2004-04-29,sh.600519,38.48,38.8,35.5,36.66,1738326,62795124.0
2004-04-30,sh.600519,36.29,37.5,36.01,37.43,1296166,47858161.0
2004-05-10,sh.600519,37.3,37.4,35.58,36.23,800364,28883861.0
2004-05-11,sh.600519,35.75,36.8,35.75,36.04,673423,24441916.0
2004-05-12,sh.600519,36.02,36.85,36.01,36.81,868446,31635698.0
2004-05-13,sh.600519,36.5,37.8,36.5,37.79,1472022,55043074.0
2004-05-14,sh.600519,37.88,37.99,36.8,37.45,602882,22432732.0
2004-05-17,sh.600519,37.27,37.27,36.32,36.72,338903,12486993.0
2004-05-18,sh.600519,36.75,37.2,35.0,36.21,1938338,70073744.0
2004-05-19,sh.600519,36.5,37.1,36.05,36.59,480010,17709875.0
2004-05-20,sh.600519,36.4,36.66,36.16,36.48,249530,9068633.0
2004-05-21,sh.600519,36.48,36.7,35.81,36.4,129100,4704499.0
2004-05-24,sh.600519,36.36,36.5,35.95,36.0,156303,5641346.0
2004-05-25,sh.600519,35.93,36.5,35.8,35.85,514661,18589609.0
2004-05-26,sh.600519,35.86,36.14,35.62,36.04,277641,10011880.0
2004-05-27,sh.600519,36.6,36.98,36.0,36.5,375869,13778597.0
2004-05-28,sh.600519,36.4,36.97,36.3,36.88,195159,7168549.0
2004-06-01,sh.600519,36.88,37.45,36.87,37.4,363771,13507855.0
2004-06-02,sh.600519,37.4,37.4,36.8,36.84,238130,8832775.0
2004-06-03,sh.600519,36.9,37.27,36.5,36.8,78244,2869881.0
2004-06-04,sh.600519,36.21,36.88,36.09,36.28,207044,7529168.0
2004-06-07,sh.600519,36.03,36.48,35.95,36.36,245352,8856253.0
2004-06-08,sh.600519,36.01,36.47,35.9,36.31,335716,12115216.0
2004-06-09,sh.600519,36.01,36.38,35.8,35.99,472471,17036585.0
2004-06-10,sh.600519,36.0,36.3,34.05,34.3,2441416,84607735.0
2004-06-11,sh.600519,34.06,35.1,34.06,34.51,923677,31913342.0
2004-06-14,sh.600519,34.3,34.36,33.2,33.4,1193222,40393296.0
2004-06-15,sh.600519,33.33,33.68,32.4,33.56,2148447,70392158.0
2004-06-16,sh.600519,33.5,34.64,33.3,34.44,662343,22482333.0
2004-06-17,sh.600519,34.44,34.44,32.82,33.13,1481615,49602583.0
2004-06-18,sh.600519,33.0,33.4,32.2,33.31,1167068,38053133.0
2004-06-21,sh.600519,32.81,33.58,32.71,33.5,103422,3441885.0
2004-06-22,sh.600519,33.6,34.0,33.5,34.0,125447,4238393.0
2004-06-23,sh.600519,33.95,33.95,33.0,33.22,59593,1987467.0
2004-06-24,sh.600519,33.22,33.79,33.18,33.23,124164,4133360.0
2004-06-25,sh.600519,33.43,34.7,33.08,33.8,369681,12619117.0
2004-06-28,sh.600519,33.5,34.4,33.5,34.12,308020,10476223.0
2004-06-29,sh.600519,34.12,34.25,33.8,34.09,689080,23479163.0
2004-06-30,sh.600519,34.09,34.19,33.0,33.85,410281,13952503.0
2004-07-01,sh.600519,25.02,26.8,25.01,26.73,278162,7361258.0
2004-07-02,sh.600519,26.8,27.3,26.38,27.26,287337,7731847.0
2004-07-05,sh.600519,27.0,28.38,27.0,28.33,520229,14545862.0
2004-07-06,sh.600519,28.48,29.38,28.2,28.22,1635940,47067614.0
2004-07-07,sh.600519,28.18,29.02,27.7,28.83,1324498,38002932.0
2004-07-08,sh.600519,28.95,29.0,28.51,28.59,235799,6779704.0
2004-07-09,sh.600519,28.43,28.88,28.43,28.5,163563,4678105.0
2004-07-12,sh.600519,28.5,28.86,28.1,28.66,432808,12351574.0
2004-07-13,sh.600519,28.5,29.5,28.5,29.43,641932,18772253.0
2004-07-14,sh.600519,29.38,29.58,29.0,29.56,447865,13176396.0
2004-07-15,sh.600519,29.56,30.66,29.56,30.61,2818618,85455066.0
2004-07-16,sh.600519,30.62,30.85,30.0,30.58,587664,17947709.0
2004-07-19,sh.600519,30.59,30.79,29.93,30.55,850801,25718864.0
2004-07-20,sh.600519,30.45,30.55,30.02,30.5,786877,23908753.0
2004-07-21,sh.600519,30.5,30.9,30.18,30.85,753375,23041353.0
2004-07-22,sh.600519,30.8,31.86,30.6,30.77,2793623,87061727.0
2004-07-23,sh.600519,30.5,31.5,30.4,31.46,1055181,32608304.0
2004-07-26,sh.600519,31.6,31.6,30.28,30.82,661689,20362836.0
2004-07-27,sh.600519,30.9,30.9,29.77,29.82,1111274,33370357.0
2004-07-28,sh.600519,30.66,30.66,28.82,29.48,884660,25861812.0
2004-07-29,sh.600519,29.3,29.68,29.03,29.63,341364,10010293.0
2004-07-30,sh.600519,29.5,30.36,29.5,30.07,249072,7475971.0
2004-08-02,sh.600519,30.05,30.3,29.5,29.75,732758,21734520.0
2004-08-03,sh.600519,29.5,29.95,29.31,29.39,776010,22860312.0
2004-08-04,sh.600519,29.18,30.0,29.12,29.89,474149,13978388.0
2004-08-05,sh.600519,29.8,29.8,29.3,29.55,216903,6399271.0
2004-08-06,sh.600519,29.4,29.9,29.11,29.79,265717,7857159.0
2004-08-09,sh.600519,29.51,29.96,29.51,29.95,245738,7317440.0
2004-08-10,sh.600519,29.71,30.2,29.65,30.16,260996,7820329.0
2004-08-11,sh.600519,30.0,30.1,29.8,29.95,104278,3119880.0
2004-08-12,sh.600519,29.52,30.1,29.52,30.09,281838,8383159.0
2004-08-13,sh.600519,29.89,30.18,29.7,30.11,371948,11134747.0
2004-08-16,sh.600519,29.88,30.11,29.85,29.86,178329,5336450.0
2004-08-17,sh.600519,29.81,30.1,29.57,30.0,197053,5905094.0
2004-08-18,sh.600519,30.2,30.31,29.9,30.12,551093,16624721.0
2004-08-19,sh.600519,30.0,30.2,29.81,29.92,588962,17653366.0
2004-08-20,sh.600519,29.92,30.2,29.8,29.95,563068,16868762.0
2004-08-23,sh.600519,29.8,29.8,29.15,29.21,573309,16839797.0
2004-08-24,sh.600519,29.0,29.4,29.0,29.35,285989,8339871.0
2004-08-25,sh.600519,29.5,29.51,29.1,29.46,163089,4768554.0
2004-08-26,sh.600519,29.2,29.6,29.2,29.53,216110,6353347.0
2004-08-27,sh.600519,29.49,29.65,29.3,29.46,132490,3898855.0
2004-08-30,sh.600519,29.2,29.39,28.8,28.97,349173,10126801.0
2004-08-31,sh.600519,29.29,29.9,28.9,29.17,241383,7032456.0
2004-09-01,sh.600519,29.05,29.05,28.6,28.62,379803,10907461.0
2004-09-02,sh.600519,28.47,28.7,27.91,28.69,439983,12428743.0
2004-09-03,sh.600519,28.5,28.71,28.1,28.67,272964,7734124.0
2004-09-06,sh.600519,28.33,28.8,28.33,28.71,232713,6677838.0
2004-09-07,sh.600519,28.97,29.12,28.8,29.0,263540,7621058.0
2004-09-08,sh.600519,29.07,29.6,29.02,29.54,469634,13766558.0
2004-09-09,sh.600519,29.55,30.0,29.35,29.66,1020881,30324405.0
2004-09-10,sh.600519,29.6,29.8,29.3,29.68,220635,6519369.0
2004-09-13,sh.600519,29.68,29.68,29.0,29.4,324288,9459180.0
2004-09-14,sh.600519,29.4,30.0,29.0,29.84,612594,18071359.0
2004-09-15,sh.600519,29.78,31.19,29.62,31.15,1140958,35117697.0
2004-09-16,sh.600519,31.1,32.0,31.0,31.63,1147161,36213781.0
2004-09-17,sh.600519,31.77,32.41,31.11,32.3,1319689,42076514.0
2004-09-20,sh.600519,32.55,33.0,32.21,32.69,1202166,39168091.0
2004-09-21,sh.600519,32.09,32.98,32.09,32.3,837413,27222818.0
2004-09-22,sh.600519,32.03,32.49,32.03,32.16,434812,13965168.0
2004-09-23,sh.600519,32.11,33.52,32.11,33.42,1766748,58219692.0
2004-09-24,sh.600519,33.6,35.89,33.6,34.49,3098137,108295826.0
2004-09-27,sh.600519,34.95,35.98,34.5,34.93,606663,21339456.0
2004-09-28,sh.600519,34.89,35.97,34.8,35.8,674055,23948625.0
2004-09-29,sh.600519,35.8,36.18,35.4,35.54,1362842,48864987.0
2004-09-30,sh.600519,35.5,36.08,34.55,35.97,736647,26230672.0
2004-10-08,sh.600519,35.49,36.55,35.01,36.51,966784,34809243.0
2004-10-11,sh.600519,36.55,38.12,36.55,37.17,1019776,38270567.0
2004-10-12,sh.600519,36.9,36.9,35.6,36.03,745222,26810800.0
2004-10-13,sh.600519,35.73,35.95,35.11,35.69,664517,23571291.0
2004-10-14,sh.600519,35.7,36.88,35.18,35.37,647914,23199283.0
2004-10-15,sh.600519,35.0,36.0,34.66,35.35,512154,18189199.0
2004-10-18,sh.600519,35.29,35.32,34.65,34.86,233687,8190572.0
2004-10-19,sh.600519,34.8,36.2,34.7,35.98,1058364,37755969.0
2004-10-20,sh.600519,36.0,37.51,35.81,36.68,1593384,58326643.0
2004-10-21,sh.600519,36.55,37.5,35.8,37.07,599603,22003540.0
2004-10-22,sh.600519,37.03,39.41,37.0,39.15,1816145,70151234.0
2004-10-25,sh.600519,39.5,40.3,39.12,39.46,1560178,61900269.0
2004-10-26,sh.600519,39.18,39.88,38.7,39.8,497347,19618432.0
2004-10-27,sh.600519,39.84,40.6,39.32,39.4,1187804,47630068.0
2004-10-28,sh.600519,39.1,39.66,38.62,39.0,933820,36495905.0
2004-10-29,sh.600519,38.01,39.3,38.01,38.96,1436314,55678746.0
2004-11-01,sh.600519,38.58,39.57,38.52,39.38,367318,14302880.0
2004-11-02,sh.600519,39.0,39.1,38.1,39.09,335602,12926156.0
2004-11-03,sh.600519,39.0,39.2,38.4,38.93,761586,29484721.0
2004-11-04,sh.600519,38.6,39.0,38.16,38.31,678567,26198028.0
2004-11-05,sh.600519,38.05,38.05,35.99,36.52,2599409,95080945.0
2004-11-08,sh.600519,36.5,37.0,36.02,36.97,358553,13062547.0
2004-11-09,sh.600519,37.3,38.3,36.95,38.29,731479,27801916.0
2004-11-10,sh.600519,38.0,39.83,38.0,39.45,1128862,44436007.0
2004-11-11,sh.600519,39.4,39.8,38.8,38.8,833013,32780357.0
2004-11-12,sh.600519,38.68,39.1,38.27,38.5,566794,21837428.0
2004-11-15,sh.600519,38.51,38.8,37.6,38.76,894776,34292416.0
2004-11-16,sh.600519,38.5,38.76,38.0,38.0,329847,12563653.0
2004-11-17,sh.600519,38.0,38.21,37.7,38.0,803272,30415917.0
2004-11-18,sh.600519,37.98,38.25,37.55,37.98,262416,9967008.0
2004-11-19,sh.600519,38.01,38.01,37.7,37.91,319634,12098840.0
2004-11-22,sh.600519,37.81,37.9,37.1,37.4,642908,24094050.0
2004-11-23,sh.600519,37.25,37.59,36.8,36.87,615590,22797433.0
2004-11-24,sh.600519,36.79,37.2,36.5,36.55,429206,15819097.0
2004-11-25,sh.600519,36.41,38.08,36.41,37.63,592414,22286271.0
2004-11-26,sh.600519,37.62,37.96,37.3,37.61,197401,7411584.0
2004-11-29,sh.600519,37.65,38.56,37.6,38.09,544253,20728652.0
2004-11-30,sh.600519,37.33,38.0,37.0,37.05,161830,6026605.0
2004-12-01,sh.600519,37.51,37.51,36.8,36.99,78490,2900938.0
2004-12-02,sh.600519,37.2,37.2,36.5,37.0,398528,14671547.0
2004-12-03,sh.600519,36.8,37.09,36.6,36.74,62624,2303971.0
2004-12-06,sh.600519,37.0,37.0,36.51,36.69,111117,4068796.0
2004-12-07,sh.600519,36.52,37.1,36.51,36.78,189908,6998528.0
2004-12-08,sh.600519,37.0,37.17,36.5,36.81,1029083,37575758.0
2004-12-09,sh.600519,36.81,37.5,36.58,36.59,1134904,41890865.0
2004-12-10,sh.600519,36.66,37.01,36.63,37.0,89703,3311205.0
2004-12-13,sh.600519,36.6,37.2,36.6,37.1,220832,8189873.0
2004-12-14,sh.600519,37.0,37.1,36.78,36.78,124544,4601617.0
2004-12-15,sh.600519,36.58,37.08,36.5,36.51,1096973,40055481.0
2004-12-16,sh.600519,36.5,36.88,36.3,36.76,1150003,42361519.0
2004-12-17,sh.600519,36.5,36.55,36.07,36.2,104903,3805636.0
2004-12-20,sh.600519,36.0,36.5,34.82,34.9,245930,8749161.0
2004-12-21,sh.600519,35.0,35.4,34.66,34.73,219868,7700170.0
2004-12-22,sh.600519,34.67,35.35,34.18,35.3,316854,11055083.0
2004-12-23,sh.600519,35.3,35.77,35.2,35.2,688348,24351861.0
2004-12-24,sh.600519,35.0,35.85,35.0,35.5,446959,15920008.0
2004-12-27,sh.600519,35.5,36.07,35.5,36.0,157084,5614076.0
2004-12-28,sh.600519,35.5,36.93,35.5,36.67,292412,10655265.0
2004-12-29,sh.600519,36.99,37.48,36.67,37.28,565478,21025179.0
2004-12-30,sh.600519,36.9,37.25,36.33,36.81,334500,12358921.0
2004-12-31,sh.600519,36.7,37.7,36.08,36.64,586990,21514898.0
2005-01-04,sh.600519,36.4,36.8,36.0,36.45,234881,8566179.0
2005-01-05,sh.600519,36.4,37.28,36.23,37.24,613933,22582400.0
2005-01-06,sh.600519,37.0,37.1,36.5,36.6,552372,20282548.0
2005-01-07,sh.600519,36.5,37.2,36.5,36.9,300274,11115440.0
2005-01-10,sh.600519,36.9,38.3,36.9,38.25,1071811,40597723.0
2005-01-11,sh.600519,38.26,38.6,38.2,38.3,500356,19240403.0
2005-01-12,sh.600519,38.28,38.45,37.88,38.4,338903,12949338.0
2005-01-13,sh.600519,38.1,38.85,38.1,38.62,288383,11159242.0
2005-01-14,sh.600519,38.45,38.7,37.7,37.92,333847,12691131.0
2005-01-17,sh.600519,37.45,38.18,37.11,37.9,181239,6845213.0
2005-01-18,sh.600519,37.9,38.5,37.7,38.5,263820,10016326.0
2005-01-19,sh.600519,38.0,38.88,37.9,37.92,265200,10180585.0
2005-01-20,sh.600519,37.84,37.99,37.5,37.91,97405,3670093.0
2005-01-21,sh.600519,37.6,38.0,36.5,37.9,317736,11879307.0
2005-01-24,sh.600519,37.95,38.59,37.68,38.26,417340,15943177.0
2005-01-25,sh.600519,38.5,39.5,38.15,39.39,581665,22704867.0
2005-01-26,sh.600519,39.45,39.8,38.98,39.39,373498,14767520.0
2005-01-27,sh.600519,39.09,39.45,39.09,39.22,102162,4007784.0
2005-01-28,sh.600519,39.22,39.22,38.61,39.09,134123,5226481.0
2005-01-31,sh.600519,38.6,39.4,38.6,39.36,116507,4552532.0
2005-02-01,sh.600519,39.0,39.3,38.67,39.0,400260,15598247.0
2005-02-02,sh.600519,38.91,39.98,38.91,39.85,537817,21280023.0
2005-02-03,sh.600519,39.85,39.85,39.0,39.35,444264,17455936.0
2005-02-04,sh.600519,39.39,39.85,39.0,39.66,400838,15785371.0
2005-02-16,sh.600519,39.98,40.0,39.6,39.82,444063,17660778.0
2005-02-17,sh.600519,39.95,39.95,38.8,39.02,1159168,45296879.0
2005-02-18,sh.600519,38.86,39.3,38.86,39.26,959549,37550338.0
2005-02-21,sh.600519,39.28,40.5,39.27,40.3,1062998,42401501.0
2005-02-22,sh.600519,40.3,40.5,40.0,40.39,562902,22687067.0
2005-02-23,sh.600519,40.48,41.5,40.16,41.42,564706,23056177.0
2005-02-24,sh.600519,41.3,43.15,41.01,43.0,944726,40046102.0
2005-02-25,sh.600519,43.25,43.25,42.53,42.98,599053,25777149.0
2005-02-28,sh.600519,42.98,44.26,42.68,43.5,448344,19453353.0
2005-03-01,sh.600519,43.9,43.9,42.8,43.47,550609,23670511.0
2005-03-02,sh.600519,42.88,43.39,42.5,42.51,1139674,48820913.0
2005-03-03,sh.600519,42.28,42.98,42.2,42.78,342985,14586728.0
2005-03-04,sh.600519,42.43,43.4,42.43,43.2,436496,18804824.0
2005-03-07,sh.600519,43.25,45.0,43.25,44.65,1022284,45290496.0
2005-03-08,sh.600519,45.0,45.38,44.31,45.26,658554,29575338.0
2005-03-09,sh.600519,45.6,46.78,45.3,46.08,471303,21694338.0
2005-03-10,sh.600519,47.0,47.0,44.3,45.62,472621,21498741.0
2005-03-11,sh.600519,45.6,46.78,44.7,46.38,936231,42521284.0
2005-03-14,sh.600519,45.8,48.9,45.6,47.32,1037897,48987452.0
2005-03-15,sh.600519,47.3,47.55,46.6,46.88,578303,27220784.0
2005-03-16,sh.600519,46.5,47.0,45.95,46.88,682964,31720439.0
2005-03-17,sh.600519,46.7,48.29,46.2,47.49,501569,23726912.0
2005-03-18,sh.600519,47.49,47.6,46.5,47.14,240549,11319532.0
2005-03-21,sh.600519,47.0,47.45,46.0,47.0,270126,12692125.0
2005-03-22,sh.600519,47.0,49.38,46.8,48.78,1225920,59468831.0
2005-03-23,sh.600519,48.9,50.2,48.74,49.03,1255123,62550272.0
2005-03-24,sh.600519,49.0,49.15,46.5,47.02,916267,43515225.0
2005-03-25,sh.600519,47.0,47.9,46.22,47.28,232946,10960985.0
2005-03-28,sh.600519,47.3,49.38,47.0,49.09,242851,11802982.0
2005-03-29,sh.600519,49.09,49.9,48.0,48.11,244856,11989719.0
2005-03-30,sh.600519,48.0,48.0,47.1,47.37,248040,11744620.0
2005-03-31,sh.600519,47.02,48.2,46.8,48.11,150718,7129716.0
2005-04-01,sh.600519,48.08,50.1,48.0,48.97,341085,16774374.0
2005-04-04,sh.600519,48.97,50.09,48.45,49.94,542751,26985512.0
2005-04-05,sh.600519,50.2,50.99,49.7,49.95,490233,24660016.0
2005-04-06,sh.600519,50.17,51.29,49.59,51.16,567488,28795816.0
2005-04-07,sh.600519,51.2,52.49,50.0,50.08,1243752,64340829.0
2005-04-08,sh.600519,50.08,50.08,48.31,49.9,450513,22165004.0
2005-04-11,sh.600519,49.8,49.8,47.7,48.2,912619,44306742.0
2005-04-12,sh.600519,48.22,48.3,47.35,47.57,199491,9516181.0
2005-04-13,sh.600519,48.3,49.39,48.0,48.89,868912,42332154.0
2005-04-14,sh.600519,48.9,49.18,48.1,48.99,191460,9295179.0
2005-04-15,sh.600519,49.5,49.5,48.5,48.8,163559,7963442.0
2005-04-18,sh.600519,48.68,48.7,47.52,47.56,295745,14168640.0
2005-04-19,sh.600519,47.5,47.78,46.4,46.5,780795,36608850.0
2005-04-20,sh.600519,46.48,46.99,46.32,46.84,535762,24960623.0
2005-04-21,sh.600519,46.6,48.5,46.5,48.27,280896,13403617.0
2005-04-22,sh.600519,48.33,48.74,47.9,48.12,352043,16950065.0
2005-04-25,sh.600519,49.1,52.5,48.61,52.0,1270437,65092003.0
2005-04-26,sh.600519,51.99,53.53,51.8,52.27,1360923,71600714.0
2005-04-27,sh.600519,51.88,53.12,51.81,52.82,747270,39437614.0
2005-04-28,sh.600519,52.82,53.5,52.23,53.0,852121,45118705.0
2005-04-29,sh.600519,52.3,53.15,52.01,53.0,682503,35950860.0
2005-05-09,sh.600519,52.5,52.95,51.31,51.52,765575,39655697.0
2005-05-10,sh.600519,51.0,51.3,49.8,50.66,644694,32384041.0
2005-05-11,sh.600519,50.7,50.7,49.2,49.35,678491,33782884.0
2005-05-12,sh.600519,48.5,50.47,48.05,48.9,1425051,69749251.0
2005-05-13,sh.600519,48.51,49.89,47.99,48.72,1507669,73784829.0
2005-05-16,sh.600519,48.48,49.3,48.18,48.9,259641,12703148.0
2005-05-17,sh.600519,49.0,50.1,48.9,49.65,772452,38326325.0
2005-05-18,sh.600519,49.89,49.9,46.52,48.0,967809,46208050.0
2005-05-19,sh.600519,48.0,49.65,47.05,49.17,512332,25028891.0
2005-05-20,sh.600519,49.01,50.14,49.01,49.15,584502,29146429.0
2005-05-23,sh.600519,49.01,49.89,48.0,48.39,261457,12730239.0
2005-05-24,sh.600519,48.39,48.65,48.06,48.16,137917,6674005.0
2005-05-25,sh.600519,48.06,48.1,47.6,47.8,320833,15348058.0
2005-05-26,sh.600519,47.9,48.01,45.8,46.05,1063427,49432691.0
2005-05-27,sh.600519,45.5,45.9,44.15,44.8,1594979,71377627.0
2005-05-30,sh.600519,44.0,45.2,43.31,44.7,903473,40352669.0
2005-05-31,sh.600519,44.65,45.2,44.28,44.57,1187976,53080356.0
2005-06-01,sh.600519,44.6,45.0,43.55,44.7,865843,38201051.0
2005-06-02,sh.600519,44.5,44.5,40.5,41.1,2529774,105700729.0
2005-06-03,sh.600519,40.5,42.5,39.62,42.19,714669,29143703.0
2005-06-06,sh.600519,41.83,44.8,41.33,44.64,421356,18349446.0
2005-06-07,sh.600519,44.95,46.2,44.66,45.24,598946,27080944.0
2005-06-08,sh.600519,44.8,49.74,44.8,49.41,1103910,52789496.0
2005-06-09,sh.600519,49.3,50.18,48.0,48.33,777000,38204045.0
2005-06-10,sh.600519,48.12,48.87,46.6,47.02,416509,19681140.0
2005-06-13,sh.600519,47.15,48.0,46.55,47.23,706973,33389071.0
2005-06-14,sh.600519,47.0,48.47,47.0,47.67,727149,34530651.0
2005-06-15,sh.600519,47.11,48.0,47.1,47.63,159677,7599370.0
2005-06-16,sh.600519,47.7,48.51,47.5,48.49,593153,28452404.0
2005-06-17,sh.600519,48.5,49.0,47.62,48.5,326299,15703945.0
2005-06-20,sh.600519,49.0,53.1,48.5,51.8,1236889,62906075.0
2005-06-21,sh.600519,51.49,51.99,50.56,50.82,259792,13347957.0
2005-06-22,sh.600519,50.8,52.5,50.79,52.31,612174,31728393.0
2005-06-23,sh.600519,52.28,52.57,51.69,52.09,527645,27503937.0
2005-06-24,sh.600519,51.66,52.6,49.1,52.51,615049,31786457.0
2005-06-27,sh.600519,52.8,54.94,52.4,54.85,1082423,58344425.0
2005-06-28,sh.600519,54.0,54.49,53.02,53.4,376636,20129464.0
2005-06-30,sh.600519,53.0,54.35,53.0,53.65,1277817,68740725.0
2005-07-01,sh.600519,54.99,54.99,51.21,52.36,610431,32182036.0
2005-07-04,sh.600519,52.0,52.8,51.52,52.29,301851,15730157.0
2005-07-05,sh.600519,52.0,52.0,51.56,51.97,224838,11662288.0
2005-07-06,sh.600519,51.75,52.0,50.0,50.31,631676,32226601.0
2005-07-07,sh.600519,50.0,50.96,49.66,50.51,578532,29052550.0
2005-07-08,sh.600519,50.16,52.2,50.16,51.9,693076,35940472.0
2005-07-11,sh.600519,52.0,53.1,51.76,51.96,656277,34538170.0
2005-07-12,sh.600519,51.87,53.7,51.24,53.5,571243,30210107.0
2005-07-13,sh.600519,53.39,53.48,50.5,52.5,385796,19981575.0
2005-07-14,sh.600519,52.0,52.98,51.97,52.9,201266,10624551.0
2005-07-15,sh.600519,52.51,53.28,52.51,52.99,100290,5300561.0
2005-07-18,sh.600519,52.95,53.2,52.56,52.7,156407,8258010.0
2005-07-19,sh.600519,52.68,53.37,52.6,52.95,132540,7015760.0
2005-07-20,sh.600519,52.94,52.97,51.92,52.11,301229,15767931.0
2005-07-21,sh.600519,52.11,52.56,51.3,51.98,253682,13127981.0
2005-07-22,sh.600519,52.0,52.87,51.58,52.07,609596,31708848.0
2005-07-25,sh.600519,52.01,52.28,51.08,51.36,696189,35971529.0
2005-07-26,sh.600519,51.0,52.08,51.0,51.79,800824,41433496.0
2005-07-27,sh.600519,52.28,53.2,52.0,52.87,536982,28350004.0
2005-07-28,sh.600519,52.88,53.48,52.53,53.3,859252,45732284.0
2005-07-29,sh.600519,53.02,53.5,53.0,53.16,242518,12951117.0
2005-08-01,sh.600519,53.24,53.8,53.0,53.58,384030,20465514.0
2005-08-02,sh.600519,53.53,53.7,52.75,53.38,426287,22676468.0
2005-08-03,sh.600519,53.2,53.7,53.0,53.59,818421,43619808.0
2005-08-04,sh.600519,53.69,55.8,53.69,55.51,1056044,58044426.0
2005-08-05,sh.600519,46.66,47.46,46.0,46.65,636516,29678263.0
2005-08-08,sh.600519,46.7,46.98,44.8,46.11,854555,39434837.0
2005-08-09,sh.600519,46.0,46.0,45.11,45.44,584198,26540331.0
2005-08-10,sh.600519,45.12,46.5,45.12,46.17,580027,26665195.0
2005-08-11,sh.600519,46.01,47.4,46.01,47.37,1359360,63589532.0
2005-08-12,sh.600519,47.37,47.4,46.37,47.02,471545,22081209.0
2005-08-15,sh.600519,46.89,48.59,46.0,47.99,702040,32711316.0
2005-08-16,sh.600519,47.99,47.99,46.94,47.48,575151,27203993.0
2005-08-17,sh.600519,49.69,52.23,46.5,48.82,1250674,60400828.0
2005-08-18,sh.600519,49.5,49.8,47.0,47.09,1098909,52638476.0
2005-08-19,sh.600519,46.88,47.44,46.68,47.09,497271,23314587.0
2005-08-22,sh.600519,46.98,47.81,46.5,47.5,692987,32877617.0
2005-08-23,sh.600519,47.2,48.06,47.2,48.01,478600,22825313.0
2005-08-24,sh.600519,48.0,48.2,47.56,47.95,321412,15394347.0
2005-08-25,sh.600519,47.96,48.08,47.6,47.95,354008,16937359.0
2005-08-26,sh.600519,47.71,48.75,47.71,48.42,458241,22162003.0
2005-08-29,sh.600519,48.5,48.88,48.4,48.69,512830,24984384.0
2005-08-30,sh.600519,48.6,48.85,48.1,48.38,245326,11883761.0
2005-08-31,sh.600519,48.1,48.98,48.01,48.86,239434,11660189.0
2005-09-01,sh.600519,48.76,50.32,48.76,50.0,548726,27342423.0
2005-09-02,sh.600519,49.8,51.15,49.8,50.56,499816,25226079.0
2005-09-05,sh.600519,50.5,51.58,50.5,50.95,391058,19986278.0
2005-09-06,sh.600519,50.96,51.29,50.0,50.1,319483,16132458.0
2005-09-07,sh.600519,50.09,50.66,50.01,50.54,518627,26062481.0
2005-09-08,sh.600519,50.54,50.54,49.71,50.03,630752,31589421.0
2005-09-09,sh.600519,50.03,50.05,49.0,49.8,425447,21034934.0
2005-09-12,sh.600519,49.8,49.8,48.83,49.61,159547,7856513.0
2005-09-13,sh.600519,49.3,50.8,49.3,50.79,490115,24688592.0
2005-09-14,sh.600519,50.7,51.2,50.1,50.86,329947,16772020.0
2005-09-15,sh.600519,50.76,51.34,50.36,50.74,174066,8846890.0
2005-09-16,sh.600519,50.63,51.18,50.63,50.97,321733,16398350.0
2005-09-19,sh.600519,50.6,51.38,50.38,50.48,204025,10355074.0
2005-09-20,sh.600519,50.55,50.55,50.2,50.46,179522,9041752.0
2005-09-21,sh.600519,50.08,50.6,49.49,49.69,294927,14686809.0
2005-09-22,sh.600519,49.38,49.98,48.18,49.05,335826,16372929.0
2005-09-23,sh.600519,48.89,49.49,48.35,48.92,306446,15048364.0
2005-09-26,sh.600519,48.95,49.35,48.5,48.58,176660,8657470.0
2005-09-27,sh.600519,48.55,48.75,48.15,48.25,170921,8278850.0
2005-09-28,sh.600519,48.02,48.99,48.02,48.77,233695,11331850.0
2005-09-29,sh.600519,48.95,49.8,48.81,49.7,208496,10308512.0
2005-09-30,sh.600519,49.7,49.7,48.5,49.46,332415,16352331.0
2005-10-10,sh.600519,49.08,49.7,48.6,48.64,264795,12946800.0
2005-10-11,sh.600519,48.5,48.96,48.22,48.84,135909,6622928.0
2005-10-12,sh.600519,49.0,49.0,47.42,47.51,832795,39835259.0
2005-10-13,sh.600519,47.55,47.91,46.72,47.09,1090753,51553349.0
2005-10-14,sh.600519,46.98,47.45,45.3,45.54,494258,22786107.0
2005-10-17,sh.600519,45.15,46.5,44.89,45.71,946838,43391916.0
2005-10-18,sh.600519,45.7,46.9,45.7,46.9,964218,44960711.0
2005-10-19,sh.600519,47.09,47.45,46.47,46.9,792451,37063755.0
2005-10-20,sh.600519,46.72,47.1,46.05,46.23,572162,26662088.0
2005-10-21,sh.600519,46.1,46.45,46.0,46.3,339538,15694623.0
2005-10-24,sh.600519,46.2,47.15,46.2,47.05,444467,20771238.0
2005-10-25,sh.600519,47.33,47.8,47.3,47.64,1159486,55177336.0
2005-10-26,sh.600519,47.62,47.74,47.3,47.58,963579,45847901.0
2005-10-27,sh.600519,47.54,47.54,46.55,46.97,974815,45785210.0
2005-10-28,sh.600519,46.98,48.1,46.98,47.56,698231,33237651.0
2005-10-31,sh.600519,47.49,48.8,47.11,48.19,668572,32099219.0
2005-11-01,sh.600519,48.39,48.55,47.82,48.3,854288,41028115.0
2005-11-02,sh.600519,48.0,48.55,47.58,48.16,276609,13366082.0
2005-11-03,sh.600519,48.39,48.45,47.2,47.21,253970,12120721.0
2005-11-04,sh.600519,47.22,47.6,46.39,47.25,489562,22899009.0
2005-11-07,sh.600519,46.51,47.0,46.4,46.93,247517,11545343.0
2005-11-08,sh.600519,46.92,47.03,46.86,46.93,607730,28543068.0
2005-11-09,sh.600519,47.18,47.5,46.51,46.72,602073,28203162.0
2005-11-10,sh.600519,46.9,46.9,46.16,46.63,395013,18352311.0
2005-11-11,sh.600519,46.22,46.64,45.99,46.38,292691,13501333.0
2005-11-14,sh.600519,46.06,46.3,45.55,45.6,216289,9877960.0
2005-11-15,sh.600519,45.75,45.88,45.4,45.4,776760,35512394.0
2005-11-16,sh.600519,45.38,45.96,45.0,45.89,724856,33007959.0
2005-11-17,sh.600519,45.8,45.86,43.19,44.96,1100802,49497150.0
2005-11-18,sh.600519,45.0,45.8,44.01,45.3,694123,31397165.0
2005-11-21,sh.600519,45.0,45.75,44.8,45.65,457517,20639360.0
2005-11-22,sh.600519,45.45,46.58,44.5,46.14,353881,16131067.0
2005-11-23,sh.600519,45.72,46.4,45.6,46.26,137141,6306488.0
2005-11-24,sh.600519,46.0,46.0,45.0,45.37,1088295,49193081.0
2005-11-25,sh.600519,45.1,45.6,44.88,45.53,391387,17618489.0
2005-11-28,sh.600519,45.47,45.68,44.5,45.46,152378,6903246.0
2005-11-29,sh.600519,45.45,45.68,43.0,44.39,248880,11117104.0
2005-11-30,sh.600519,44.0,44.16,42.9,43.74,650820,28172021.0
2005-12-01,sh.600519,43.49,43.85,43.21,43.3,535424,23266367.0
2005-12-02,sh.600519,43.3,44.8,43.3,44.52,963383,42441653.0
2005-12-05,sh.600519,44.52,44.65,43.64,44.17,275743,12151492.0
2005-12-06,sh.600519,43.7,44.13,43.5,43.76,1491667,65529318.0
2005-12-07,sh.600519,43.5,44.13,43.5,43.74,430998,18878496.0
2005-12-08,sh.600519,43.54,44.0,43.53,43.6,365778,16002582.0
2005-12-09,sh.600519,43.7,43.7,42.8,42.88,1546206,66478204.0
2005-12-12,sh.600519,42.8,42.8,41.65,41.66,1510220,63383458.0
2005-12-13,sh.600519,41.7,41.95,40.5,41.37,2041441,83729902.0
2005-12-14,sh.600519,41.05,42.8,41.03,42.48,1797593,75326820.0
2005-12-15,sh.600519,42.53,42.9,42.01,42.86,593465,25306079.0
2005-12-16,sh.600519,42.8,43.66,42.5,43.47,667061,28659038.0
2005-12-19,sh.600519,43.5,44.08,43.25,43.85,470267,20587488.0
2005-12-20,sh.600519,44.04,44.05,43.0,43.38,454042,19679338.0
2005-12-21,sh.600519,43.1,43.6,42.72,42.96,495917,21349222.0
2005-12-22,sh.600519,42.66,43.6,42.51,43.23,334067,14361625.0
2005-12-23,sh.600519,42.91,44.2,42.9,44.08,629183,27434932.0
2005-12-26,sh.600519,44.2,44.5,43.8,44.21,699235,30863111.0
2005-12-27,sh.600519,44.3,44.99,44.13,44.92,729017,32574560.0
2005-12-28,sh.600519,44.99,45.5,44.76,45.47,625035,28274416.0
2005-12-29,sh.600519,45.5,46.8,45.5,46.77,1567435,72783428.0
2005-12-30,sh.600519,46.5,46.52,44.9,45.62,3664756,167469295.0
2006-01-04,sh.600519,45.4,45.4,44.11,44.28,3550713,157456208.0
2006-01-05,sh.600519,44.2,45.3,44.12,44.76,1699230,75918198.0
2006-01-06,sh.600519,44.8,45.45,44.35,45.23,1716230,77233333.0
2006-01-09,sh.600519,45.35,47.3,45.3,46.79,2077080,96726018.0
2006-01-10,sh.600519,47.0,47.58,46.53,46.97,1745682,82153545.0
2006-01-11,sh.600519,46.95,47.6,46.51,46.56,831515,39227536.0
2006-01-12,sh.600519,46.4,47.06,46.1,47.0,998972,46568064.0
2006-01-13,sh.600519,47.0,48.3,46.5,47.48,993688,47330433.0
2006-01-16,sh.600519,47.78,47.9,46.51,46.55,773084,36255138.0
2006-01-17,sh.600519,46.0,46.62,45.8,46.05,1382470,63618353.0
2006-01-18,sh.600519,46.0,46.96,46.0,46.16,970685,45114697.0
2006-01-19,sh.600519,46.78,46.8,45.77,46.08,728303,33651491.0
2006-01-20,sh.600519,46.1,46.35,45.36,45.98,1421637,65092507.0
2006-01-23,sh.600519,46.0,46.0,44.9,45.0,1328642,59899023.0
2006-01-24,sh.600519,45.01,46.28,45.0,45.51,1145289,52535743.0
2006-01-25,sh.600519,45.62,47.5,45.32,47.24,1573073,73251753.0
2006-02-06,sh.600519,47.55,47.7,46.5,47.4,1569141,74143388.0
2006-02-07,sh.600519,47.4,50.01,47.15,50.0,2866581,140985315.0
2006-02-08,sh.600519,49.67,50.09,48.88,49.84,2226437,110727360.0
2006-02-09,sh.600519,49.75,50.0,48.3,48.48,777030,38004186.0
2006-02-10,sh.600519,48.4,53.0,48.08,52.53,3187395,160573342.0
2006-02-13,sh.600519,57.78,57.78,57.78,57.78,1696600,98029548.0
2006-02-15,sh.600519,59.5,59.5,56.8,58.09,2899655,168845650.0
2006-02-16,sh.600519,57.65,59.99,57.3,58.67,1897750,110783125.0
2006-02-17,sh.600519,58.66,58.88,58.12,58.26,890782,51929488.0
2006-02-20,sh.600519,57.78,58.1,56.18,57.39,1084398,62004351.0
2006-02-21,sh.600519,56.88,58.55,56.88,58.54,1023900,59431946.0
2006-02-22,sh.600519,58.35,59.0,58.0,58.7,1033510,60384853.0
2006-02-23,sh.600519,58.71,62.5,58.29,62.27,1173027,69601180.0
2006-04-17,sh.600519,68.5,68.5,68.5,68.5,23810,1630985.0
2006-04-18,sh.600519,75.35,75.35,75.35,75.35,32444,2444655.0
2006-04-19,sh.600519,82.89,82.89,82.08,82.89,4396751,364421942.0
2006-04-20,sh.600519,89.98,89.98,80.05,84.03,5561501,475176332.0
2006-04-21,sh.600519,83.77,90.5,83.01,88.93,3188609,278281209.0
2006-04-24,sh.600519,89.5,91.79,87.3,89.13,3624898,322955394.0
2006-04-25,sh.600519,89.0,93.2,87.61,91.41,3970465,357994221.0
2006-05-25,sh.600519,45.0,47.0,38.1,39.59,19811697,811908674.0
2006-05-26,sh.600519,39.49,40.02,37.68,39.99,9180196,360661885.0
2006-05-29,sh.600519,40.0,43.99,40.0,43.99,8068362,345986865.0
2006-05-30,sh.600519,47.1,48.39,45.61,48.39,13875854,664776550.0
2006-05-31,sh.600519,48.45,51.9,46.88,48.02,15173103,747411522.0
2006-06-01,sh.600519,48.02,50.1,46.98,49.5,9033167,438913211.0
2006-06-02,sh.600519,49.5,49.5,46.6,47.11,7310473,348052311.0
2006-06-05,sh.600519,46.6,46.6,43.8,44.87,6874756,308294272.0
2006-06-06,sh.600519,44.23,44.23,43.0,43.05,5664197,246688992.0
2006-06-07,sh.600519,42.57,43.99,41.7,42.03,7100113,302769993.0
2006-06-08,sh.600519,41.83,43.09,41.01,42.72,5845435,247094039.0
2006-06-09,sh.600519,42.72,43.2,41.5,42.6,5841082,247306955.0
2006-06-12,sh.600519,42.0,45.19,41.5,45.08,7134449,311536764.0
2006-06-13,sh.600519,45.08,47.17,45.08,45.94,7482948,347247357.0
2006-06-14,sh.600519,45.5,47.2,43.5,46.8,6223384,287725376.0
2006-06-15,sh.600519,46.79,48.2,45.9,46.4,5131147,242480009.0
2006-06-16,sh.600519,46.39,47.3,46.2,46.74,4008029,188160360.0
2006-06-19,sh.600519,46.5,49.58,45.7,48.53,7630589,368697291.0
2006-06-20,sh.600519,48.15,48.86,47.71,48.35,3760892,181973717.0
2006-06-21,sh.600519,48.35,48.5,46.75,47.33,3632394,172805456.0
2006-06-22,sh.600519,47.0,47.48,46.7,46.77,2365379,111205968.0
2006-06-23,sh.600519,46.5,47.3,46.3,46.68,2792408,130091791.0
2006-06-26,sh.600519,46.7,48.35,46.7,47.72,4786959,227823194.0
2006-06-27,sh.600519,47.87,49.6,47.82,48.96,5146617,252140738.0
2006-06-28,sh.600519,48.86,48.86,47.6,47.85,2680057,128599786.0
2006-06-29,sh.600519,47.9,48.49,47.6,48.1,3719105,178456804.0
2006-06-30,sh.600519,48.25,48.75,46.8,47.44,3903278,185164398.0
2006-07-03,sh.600519,47.42,47.42,46.38,46.8,4828774,225238880.0
2006-07-04,sh.600519,46.5,47.05,45.65,47.0,5250666,242839931.0
2006-07-05,sh.600519,47.2,47.2,46.2,46.55,1557263,72575812.0
2006-07-06,sh.600519,46.5,47.1,46.1,46.68,2205560,103048532.0
2006-07-07,sh.600519,46.72,46.99,45.91,45.99,2802363,129587181.0
2006-07-10,sh.600519,45.88,45.88,44.85,45.03,2769775,125019271.0
2006-07-11,sh.600519,45.0,45.46,44.6,44.75,2721409,122211032.0
2006-07-12,sh.600519,44.7,44.75,43.55,43.99,3312513,145831734.0
2006-07-13,sh.600519,43.75,45.4,43.28,44.67,3942420,175231413.0
2006-07-14,sh.600519,44.2,44.75,43.62,44.57,1834374,80947648.0
2006-07-17,sh.600519,44.3,45.55,43.85,44.86,2568418,115482082.0
2006-07-18,sh.600519,44.82,44.86,44.03,44.32,1539232,68227611.0
2006-07-19,sh.600519,44.2,44.4,42.9,43.47,3132698,136738969.0
2006-07-20,sh.600519,43.43,44.39,42.88,44.29,1937201,85005958.0
2006-07-21,sh.600519,44.25,44.5,44.01,44.43,1075971,47693738.0
2006-07-24,sh.600519,44.1,46.87,43.8,46.21,4052541,185467434.0
2006-07-25,sh.600519,46.21,47.0,45.7,46.82,3254213,151329073.0
2006-07-26,sh.600519,46.82,47.0,45.85,46.5,1740430,80947127.0
2006-07-27,sh.600519,46.4,46.79,45.8,46.18,2451514,113653352.0
2006-07-28,sh.600519,46.0,46.09,45.25,45.5,2288646,104187953.0
2006-07-31,sh.600519,45.38,45.4,44.0,44.0,1594807,70945071.0
2006-08-01,sh.600519,44.0,45.0,43.9,44.74,1316838,58663703.0
2006-08-02,sh.600519,44.7,45.0,43.88,44.08,886022,39215950.0
2006-08-03,sh.600519,44.1,44.55,42.7,42.98,1665548,71947181.0
2006-08-04,sh.600519,43.0,43.38,42.0,42.69,1479341,63433581.0
2006-08-07,sh.600519,42.25,43.39,41.08,42.36,1414235,59874589.0
2006-08-08,sh.600519,42.0,43.24,42.0,43.21,777176,33435494.0
2006-08-09,sh.600519,43.25,44.3,43.0,43.85,1028841,44982771.0
2006-08-10,sh.600519,43.85,44.38,43.85,44.01,1310561,57720598.0
2006-08-11,sh.600519,44.08,44.5,44.05,44.08,724713,32036673.0
2006-08-14,sh.600519,44.08,44.28,43.2,43.81,1117366,49033692.0
2006-08-15,sh.600519,43.55,44.18,43.5,44.12,639825,28008387.0
2006-08-16,sh.600519,44.1,45.09,44.0,44.99,899888,40252021.0
2006-08-17,sh.600519,45.09,45.09,43.39,44.25,1092965,48410678.0
2006-08-18,sh.600519,43.9,44.46,43.56,44.13,338123,14888941.0
2006-08-21,sh.600519,42.98,44.2,42.85,44.17,729321,32062134.0
2006-08-22,sh.600519,44.0,45.35,44.0,45.19,1110875,49977253.0
2006-08-23,sh.600519,43.8,44.69,43.8,44.42,2105623,93035269.0
2006-08-24,sh.600519,44.0,44.4,43.88,44.11,1257407,55366636.0
2006-08-25,sh.600519,44.11,44.59,43.8,44.04,747487,32852244.0
2006-08-28,sh.600519,43.91,44.19,43.4,43.85,2557259,112066807.0
2006-08-29,sh.600519,43.97,46.21,43.96,45.66,3785440,171776439.0
2006-08-30,sh.600519,45.25,45.8,44.8,44.98,969292,43806887.0
2006-08-31,sh.600519,45.0,45.47,44.8,45.23,1235848,55827539.0
2006-09-01,sh.600519,45.35,45.37,44.88,45.07,1087394,48927412.0
2006-09-04,sh.600519,44.78,45.27,44.78,45.13,590376,26589669.0
2006-09-05,sh.600519,45.01,45.23,44.82,44.94,1235476,55522598.0
2006-09-06,sh.600519,44.9,45.45,44.8,45.12,1138069,51403210.0
2006-09-07,sh.600519,44.98,45.15,44.39,44.99,1051862,46987030.0
2006-09-08,sh.600519,44.5,44.9,44.16,44.46,589062,26157744.0
2006-09-11,sh.600519,44.2,44.41,43.89,44.13,830299,36625467.0
2006-09-12,sh.600519,44.13,44.13,43.7,43.8,1939305,85026963.0
2006-09-13,sh.600519,43.82,44.26,43.82,43.88,1842146,81014932.0
2006-09-14,sh.600519,44.0,46.14,43.2,46.1,6336687,284212834.0
2006-09-15,sh.600519,46.1,46.78,45.1,45.84,2924397,134841289.0
2006-09-18,sh.600519,45.88,46.1,45.28,45.83,3408476,155113047.0
2006-09-19,sh.600519,45.66,46.74,45.45,46.41,2999252,138992138.0
2006-09-20,sh.600519,46.29,47.32,46.08,46.99,2244246,105158852.0
2006-09-21,sh.600519,47.0,47.15,46.8,46.8,1631283,76643185.0
2006-09-22,sh.600519,46.76,47.0,46.1,46.81,1242597,57912198.0
2006-09-25,sh.600519,46.35,47.15,46.35,46.72,1047525,49168157.0
2006-09-26,sh.600519,46.67,46.68,45.96,45.98,1178972,54462375.0
2006-09-27,sh.600519,45.89,46.35,45.66,46.12,805218,36977026.0
2006-09-28,sh.600519,46.0,46.95,45.72,46.81,1677920,77577351.0
2006-09-29,sh.600519,46.8,47.88,46.5,47.43,2275622,107764446.0
2006-10-09,sh.600519,48.01,51.3,48.01,50.87,3797012,191569287.0
2006-10-10,sh.600519,51.5,52.5,50.5,50.73,2412448,124074029.0
2006-10-11,sh.600519,50.67,51.0,49.5,49.74,1211797,60357112.0
2006-10-12,sh.600519,49.74,50.26,49.08,49.63,1428689,70986726.0
2006-10-13,sh.600519,49.63,49.8,48.71,49.01,1489803,73257749.0
2006-10-16,sh.600519,49.0,49.0,46.8,47.4,3807675,180476685.0
2006-10-17,sh.600519,47.4,48.4,46.85,48.14,1537044,73212480.0
2006-10-18,sh.600519,48.0,50.21,47.5,49.81,2387883,118175550.0
2006-10-19,sh.600519,49.65,50.5,49.02,50.0,1661115,83199478.0
2006-10-20,sh.600519,49.96,50.15,49.57,49.6,1209540,60370256.0
2006-10-23,sh.600519,49.2,51.35,49.2,51.0,3899875,198293833.0
2006-10-24,sh.600519,51.05,52.58,50.8,52.16,2670912,138579123.0
2006-10-25,sh.600519,52.7,55.88,52.2,55.18,4747608,261743388.0
2006-10-26,sh.600519,55.0,55.36,54.0,55.0,2042850,112072591.0
2006-10-27,sh.600519,54.99,54.99,53.9,54.02,1479145,80382720.0
2006-10-30,sh.600519,54.0,54.35,53.3,54.04,1236943,66246109.0
2006-10-31,sh.600519,54.04,55.3,53.41,53.99,1126683,61092387.0
2006-11-01,sh.600519,53.6,54.0,52.98,53.2,1276204,67866974.0
2006-11-02,sh.600519,53.11,54.79,52.36,54.77,2331900,123978621.0
2006-11-03,sh.600519,54.99,55.49,53.7,54.77,1387640,75858369.0
2006-11-06,sh.600519,54.05,57.2,54.0,56.09,2674004,147856261.0
2006-11-07,sh.600519,56.1,56.9,55.5,55.8,2132645,119649818.0
2006-11-08,sh.600519,55.5,57.5,55.0,56.81,2534830,143238979.0
2006-11-09,sh.600519,56.55,57.2,56.12,57.17,1596243,90494365.0
2006-11-10,sh.600519,56.95,58.9,56.6,57.6,3315329,191717604.0
2006-11-13,sh.600519,57.5,57.5,55.9,56.91,2831549,161068513.0
2006-11-14,sh.600519,56.65,60.15,56.65,59.9,3130677,183957465.0
2006-11-15,sh.600519,60.48,63.0,59.6,61.84,3403376,211445126.0
2006-11-16,sh.600519,61.87,66.98,61.85,64.68,4862857,313184874.0
2006-11-17,sh.600519,64.98,65.5,63.0,64.56,3834146,244957666.0
2006-11-20,sh.600519,63.53,65.8,63.53,64.6,2706049,174396384.0
2006-11-21,sh.600519,64.66,64.72,62.0,63.13,3024121,190983784.0
2006-11-22,sh.600519,63.1,64.19,61.86,63.44,2890047,182237646.0
2006-11-23,sh.600519,63.01,64.5,63.01,63.46,1254785,79824997.0
2006-11-24,sh.600519,63.41,64.29,62.4,63.9,2349589,148702618.0
2006-11-27,sh.600519,63.9,65.66,63.79,64.3,1649849,106393463.0
2006-11-28,sh.600519,64.19,64.99,62.8,62.81,2832241,180775984.0
2006-11-29,sh.600519,62.0,66.15,60.93,64.41,2675401,172337879.0
2006-11-30,sh.600519,64.73,69.18,64.73,67.75,2101203,141522146.0
2006-12-01,sh.600519,67.75,71.7,67.75,69.0,4041469,282813533.0
2006-12-04,sh.600519,69.26,70.93,67.8,69.1,2688658,185669864.0
2006-12-05,sh.600519,68.9,71.28,68.8,70.08,3811783,266976425.0
2006-12-06,sh.600519,70.0,70.0,66.9,69.03,3749300,256408498.0
2006-12-07,sh.600519,68.51,70.1,68.51,69.54,2185538,151160168.0
2006-12-08,sh.600519,69.0,69.9,68.0,69.05,2206889,152466866.0
2006-12-11,sh.600519,68.1,72.5,68.1,72.3,2675430,188889525.0
2006-12-12,sh.600519,72.88,73.48,71.4,71.82,1176703,84919970.0
2006-12-13,sh.600519,72.28,72.44,70.66,71.3,3341653,239515640.0
2006-12-14,sh.600519,71.8,77.38,71.3,77.04,3762824,279885276.0
2006-12-15,sh.600519,77.0,79.96,76.03,79.13,2369730,185540482.0
2006-12-18,sh.600519,78.98,86.66,78.98,86.4,3523829,295726593.0
2006-12-19,sh.600519,86.4,88.8,83.88,84.49,3803816,326181880.0
2006-12-20,sh.600519,83.98,85.9,83.51,84.3,2519590,212351401.0
2006-12-21,sh.600519,84.3,85.5,82.5,82.98,3030146,256088471.0
2006-12-22,sh.600519,82.5,83.7,79.98,80.83,3043946,249249212.0
2006-12-25,sh.600519,81.06,84.18,81.06,83.21,2495441,207941105.0
2006-12-27,sh.600519,84.21,86.4,84.2,85.48,1985302,169858959.0
2006-12-28,sh.600519,85.8,86.0,83.5,85.48,2928105,248296941.0
2006-12-29,sh.600519,85.49,92.1,84.56,87.83,8297549,728497750.0
2007-01-04,sh.600519,90.01,90.18,85.5,85.84,4466467,394957199.0
2007-01-05,sh.600519,84.79,86.69,83.3,86.27,2780501,236787475.0
2007-01-08,sh.600519,86.3,86.6,83.88,84.86,4892359,417405505.0
2007-01-09,sh.600519,84.89,89.99,84.6,88.79,2830001,248096035.0
2007-01-10,sh.600519,89.0,90.49,87.6,88.97,2823940,249921322.0
2007-01-11,sh.600519,89.0,93.18,88.5,91.99,3748280,341540304.0
2007-01-12,sh.600519,91.9,97.2,90.0,96.96,3640208,347136997.0
2007-01-15,sh.600519,97.05,102.0,97.05,99.61,3067052,305993934.0
2007-01-16,sh.600519,99.36,100.78,96.28,97.73,3503970,344077710.0
2007-01-17,sh.600519,97.59,103.0,96.02,98.12,2591604,257353976.0
2007-01-18,sh.600519,98.0,105.49,97.0,105.22,3064535,315103130.0
2007-01-19,sh.600519,105.22,111.89,105.22,109.35,2225551,243504208.0
2007-01-22,sh.600519,110.1,116.0,110.0,113.2,2552122,290839225.0
2007-01-23,sh.600519,113.8,114.8,104.1,105.28,4178280,450098219.0
2007-01-24,sh.600519,105.5,113.0,105.5,109.78,1940422,212553649.0
2007-01-25,sh.600519,107.5,110.95,106.3,108.37,4484815,490557153.0
2007-01-26,sh.600519,107.0,109.95,98.0,108.89,3584570,380378208.0
2007-01-29,sh.600519,107.8,113.0,106.1,107.49,1856036,201345338.0
2007-01-30,sh.600519,106.73,111.1,106.48,109.75,2656109,287395106.0
2007-01-31,sh.600519,107.8,110.0,102.0,103.23,3326784,352147545.0
2007-02-01,sh.600519,99.99,105.97,99.5,105.0,2590975,265744453.0
2007-02-02,sh.600519,103.97,104.8,100.0,101.0,1498880,151508799.0
2007-02-05,sh.600519,100.99,101.0,96.72,97.0,1983799,194534210.0
2007-02-06,sh.600519,95.01,96.9,89.5,95.75,3952256,365914405.0
2007-02-07,sh.600519,95.18,99.98,95.01,97.47,1797622,175261713.0
2007-02-08,sh.600519,96.9,98.98,93.5,95.96,1837314,176642962.0
2007-02-09,sh.600519,95.18,96.58,93.0,94.17,1226217,116298291.0
2007-02-12,sh.600519,93.8,98.75,93.2,97.0,1251133,120701377.0
2007-02-13,sh.600519,97.88,99.84,97.0,99.8,1876710,184420201.0
2007-02-14,sh.600519,100.58,101.99,98.0,99.56,1561447,154853057.0
2007-02-15,sh.600519,100.65,104.98,100.01,103.21,1680518,173731362.0
2007-02-16,sh.600519,104.77,105.0,99.56,100.17,2507162,256784061.0
2007-02-26,sh.600519,99.8,99.8,96.01,97.02,1532146,150045013.0
2007-02-27,sh.600519,96.5,96.5,87.32,87.64,3186695,292514587.0
2007-03-01,sh.600519,96.4,96.4,92.88,96.4,4458245,429485218.0
2007-03-02,sh.600519,97.0,100.99,95.96,97.79,3477066,341362336.0
2007-03-05,sh.600519,97.91,97.91,94.8,94.9,2180501,208807884.0
2007-03-06,sh.600519,94.0,101.15,93.0,100.1,2435058,241040734.0
2007-03-07,sh.600519,101.3,103.45,100.01,101.46,2642534,271589373.0
2007-03-08,sh.600519,100.9,102.0,99.1,101.45,1380763,138217148.0
2007-03-09,sh.600519,100.1,102.48,99.1,100.01,1618595,162560220.0
2007-03-12,sh.600519,99.8,100.01,98.63,99.8,1944399,193188602.0
2007-03-13,sh.600519,98.96,99.8,96.02,98.41,1908052,186420809.0
2007-03-14,sh.600519,97.0,98.0,95.3,96.02,2160027,207586165.0
2007-03-15,sh.600519,95.0,98.0,95.0,97.42,2097319,201776897.0
2007-03-16,sh.600519,97.8,98.0,95.1,97.61,1463493,140836291.0
2007-03-19,sh.600519,95.01,98.22,94.8,97.38,2595161,253220579.0
2007-03-20,sh.600519,97.34,97.5,94.45,94.61,2118752,201378936.0
2007-03-21,sh.600519,94.65,96.3,91.62,94.0,2828956,266389529.0
2007-03-22,sh.600519,94.21,94.88,92.0,94.49,3139702,291678124.0
2007-03-23,sh.600519,93.51,95.1,92.2,94.99,3027938,283551750.0
2007-03-26,sh.600519,94.8,94.9,93.7,94.02,2265620,212983960.0
2007-03-27,sh.600519,93.77,94.0,91.85,92.79,3719764,345056807.0
2007-03-28,sh.600519,92.87,93.85,91.0,93.09,3492636,323233779.0
2007-03-29,sh.600519,93.18,96.49,92.28,96.37,4941537,465028032.0
2007-03-30,sh.600519,96.58,96.65,93.2,94.5,3098507,293158039.0
2007-04-02,sh.600519,95.0,95.01,91.9,93.89,2825719,261934932.0
2007-04-03,sh.600519,93.89,95.6,92.11,94.88,4280091,402378753.0
2007-04-04,sh.600519,94.99,97.99,94.99,97.34,4080726,395605830.0
2007-04-05,sh.600519,96.88,96.88,94.72,95.34,3746014,358362495.0
2007-04-06,sh.600519,94.6,95.01,93.5,94.0,2761536,259568009.0
2007-04-09,sh.600519,94.55,96.6,92.9,95.0,6283418,591101165.0
2007-04-10,sh.600519,95.22,95.79,94.1,94.39,6304682,597770870.0
2007-04-11,sh.600519,94.95,94.95,92.9,93.88,5382825,504663488.0
2007-04-12,sh.600519,93.7,100.1,92.98,98.84,7645857,739231914.0
2007-04-13,sh.600519,99.0,105.38,97.0,102.95,8478318,867089257.0
2007-04-16,sh.600519,101.9,103.95,100.5,101.73,3781242,383878218.0
2007-04-17,sh.600519,102.0,103.44,97.0,98.69,4461885,442356324.0
2007-04-18,sh.600519,98.69,98.69,95.5,96.59,4878084,470273102.0
2007-04-19,sh.600519,95.7,96.0,91.4,92.8,3988171,372975317.0
2007-04-20,sh.600519,93.0,95.5,92.9,94.57,4151694,392180310.0
2007-04-23,sh.600519,94.58,95.81,93.0,95.58,4748675,447869454.0
2007-04-24,sh.600519,95.92,95.98,93.51,94.48,3947857,372593709.0
2007-04-25,sh.600519,94.49,96.8,93.6,95.99,3782234,362266657.0
2007-04-26,sh.600519,96.08,98.48,95.0,97.34,3369828,325641558.0
2007-04-27,sh.600519,97.28,97.31,93.62,93.78,2647491,250199461.0
2007-04-30,sh.600519,93.0,97.37,92.55,95.42,4355729,414391808.0
2007-05-08,sh.600519,96.6,97.9,95.53,96.5,4602697,444700567.0
2007-05-09,sh.600519,96.5,96.51,89.9,92.0,15177660,1394029058.0
2007-05-14,sh.600519,93.6,100.78,92.18,94.39,13187045,1263779092.0
2007-05-15,sh.600519,94.48,94.48,90.86,90.93,7103792,655524409.0
2007-05-16,sh.600519,90.9,94.6,90.7,93.58,5043288,468228612.0
2007-05-17,sh.600519,93.35,100.05,93.33,99.02,9518160,930266093.0
2007-05-18,sh.600519,98.3,101.1,97.0,98.43,5183691,517580169.0
2007-05-21,sh.600519,95.31,99.18,94.13,96.63,4150822,402560491.0
2007-05-22,sh.600519,96.11,96.5,94.19,94.84,5990195,567699268.0
2007-05-23,sh.600519,94.65,99.0,94.64,96.97,4033890,391972671.0
2007-05-24,sh.600519,97.47,99.61,96.64,99.37,5579895,548678429.0
2007-05-25,sh.600519,100.03,109.31,100.03,106.39,8310533,883158731.0
2007-05-28,sh.600519,106.5,111.25,106.48,110.31,5551105,607604935.0
2007-05-29,sh.600519,110.5,115.4,108.3,109.22,4294511,480225991.0
2007-05-30,sh.600519,104.0,108.99,99.8,101.97,7290654,756701836.0
2007-06-01,sh.600519,109.01,112.17,108.2,110.44,6966650,775108764.0
2007-06-04,sh.600519,110.68,115.2,103.5,105.63,5694906,627231638.0
2007-06-05,sh.600519,103.0,106.99,95.07,106.07,5294878,544757934.0
2007-06-06,sh.600519,105.0,109.0,102.03,105.51,3138434,329128886.0
2007-06-07,sh.600519,105.52,107.5,104.18,105.66,5337084,562638223.0
2007-06-08,sh.600519,106.79,107.49,105.0,106.91,3581908,381067005.0
2007-06-11,sh.600519,107.6,117.6,106.96,117.6,5409546,620110688.0
2007-06-12,sh.600519,119.99,122.5,115.06,120.43,4419028,529299495.0
2007-06-13,sh.600519,119.49,123.45,118.0,119.87,3868378,465951672.0
2007-06-14,sh.600519,118.8,130.0,118.29,125.16,3488110,435609721.0
2007-06-15,sh.600519,123.97,126.2,123.8,125.88,1489786,185772690.0
2007-06-18,sh.600519,126.48,131.44,125.11,126.96,2172221,277680174.0
2007-06-19,sh.600519,125.58,127.0,122.0,123.4,2794684,348478544.0
2007-06-20,sh.600519,122.52,126.98,121.2,123.43,1917026,236303439.0
2007-06-21,sh.600519,121.6,124.78,121.0,123.83,1940141,238688175.0
2007-06-22,sh.600519,123.87,125.4,119.0,120.83,1785337,218079514.0
2007-06-25,sh.600519,120.1,124.51,118.5,119.09,3275657,398355115.0
2007-06-26,sh.600519,118.89,121.0,115.57,120.22,1227169,145796096.0
2007-06-27,sh.600519,121.21,124.62,119.2,124.49,2376647,293372111.0
2007-06-28,sh.600519,124.9,125.5,121.53,121.88,2621217,326430499.0
2007-06-29,sh.600519,119.5,123.45,118.15,119.68,1549939,186255139.0
2007-07-02,sh.600519,119.0,120.0,115.0,119.07,1960022,229624506.0
2007-07-03,sh.600519,119.2,119.5,116.0,118.22,1100903,129623748.0
2007-07-04,sh.600519,118.22,119.4,116.21,117.12,1155694,135460424.0
2007-07-05,sh.600519,116.0,118.0,113.11,114.03,1704363,194675509.0
2007-07-06,sh.600519,113.6,118.05,113.6,117.88,1559604,180456456.0
2007-07-09,sh.600519,118.2,120.7,117.5,120.15,1164344,138656746.0
2007-07-10,sh.600519,120.0,120.0,117.0,118.0,979370,115825748.0
2007-07-11,sh.600519,117.0,117.0,114.8,115.84,1212996,140017458.0
2007-07-12,sh.600519,116.0,116.47,113.89,114.37,1473914,168661711.0
2007-07-13,sh.600519,114.03,115.48,113.92,114.49,916686,104813064.0
2007-07-16,sh.600519,114.98,114.98,111.23,111.28,1074733,121378863.0
2007-07-17,sh.600519,111.2,115.2,109.3,115.13,1506588,168233760.0
2007-07-18,sh.600519,113.83,117.01,112.0,116.08,1135686,130799471.0
2007-07-19,sh.600519,115.09,119.08,115.0,118.75,1474677,173893104.0
2007-07-20,sh.600519,117.9,120.5,117.0,119.94,1429446,171502982.0
2007-07-23,sh.600519,120.8,126.66,119.06,125.45,1909284,237054485.0
2007-07-24,sh.600519,125.6,126.0,122.9,123.46,1310379,162555321.0
2007-07-25,sh.600519,122.5,124.0,121.5,121.99,1524167,186522568.0
2007-07-26,sh.600519,122.88,125.0,122.2,123.04,1305304,161489704.0
2007-07-27,sh.600519,120.55,122.49,119.01,119.5,1631215,196650321.0
2007-07-30,sh.600519,119.5,125.6,119.21,124.39,2787699,339526695.0
2007-07-31,sh.600519,123.88,130.0,123.22,129.07,2716592,344790131.0
2007-08-01,sh.600519,129.0,130.0,125.01,126.03,1996605,253670740.0
2007-08-02,sh.600519,126.5,131.5,126.5,129.91,2052129,264786522.0
2007-08-03,sh.600519,129.88,139.09,129.66,138.09,3410698,458343376.0
2007-08-06,sh.600519,138.13,139.99,136.02,138.07,1746992,239532860.0
2007-08-07,sh.600519,138.05,138.98,136.46,138.52,2387426,327024703.0
2007-08-08,sh.600519,138.52,145.98,135.75,138.85,1294506,183151083.0
2007-08-09,sh.600519,142.6,146.36,140.0,144.59,1547505,224211231.0
2007-08-10,sh.600519,144.16,145.5,139.0,139.96,2384176,338962358.0
2007-08-13,sh.600519,139.98,139.98,133.36,137.73,1914059,259481908.0
2007-08-14,sh.600519,136.0,138.0,134.22,136.93,1614446,218395050.0
2007-08-15,sh.600519,136.91,140.5,134.5,136.0,2351953,323360822.0
2007-08-16,sh.600519,134.51,138.0,131.5,135.01,2130630,286757937.0
2007-08-17,sh.600519,136.18,141.18,134.51,135.16,2416437,330979043.0
2007-08-20,sh.600519,137.1,144.8,137.1,143.49,1875135,265241753.0
2007-08-21,sh.600519,143.52,150.0,143.52,148.04,1881098,278103261.0
2007-08-22,sh.600519,146.0,156.8,145.5,155.23,2619515,401151824.0
2007-08-23,sh.600519,155.22,161.2,154.0,159.95,1926367,304024687.0
2007-08-24,sh.600519,159.89,161.99,156.0,157.15,2063017,326076166.0
2007-08-27,sh.600519,157.0,159.98,155.0,155.06,2082282,327422195.0
2007-08-28,sh.600519,154.01,156.0,153.1,153.79,1720550,265824520.0
2007-08-29,sh.600519,152.78,157.46,152.0,153.6,1199701,186047475.0
2007-08-30,sh.600519,153.9,155.79,153.45,154.99,919487,142153246.0
2007-08-31,sh.600519,155.0,160.1,154.0,159.93,1000740,158100458.0
2007-09-03,sh.600519,160.9,163.4,159.5,159.82,1874914,303353295.0
2007-09-04,sh.600519,159.6,159.6,151.0,152.8,4722008,723864066.0
2007-09-05,sh.600519,152.92,154.95,148.58,151.81,2287969,343653908.0
2007-09-06,sh.600519,152.0,152.0,148.9,149.99,2752558,412746126.0
2007-09-07,sh.600519,149.99,149.99,143.9,144.46,3301169,480091647.0
2007-09-10,sh.600519,140.25,144.31,140.25,142.11,4080208,577753207.0
2007-09-11,sh.600519,142.0,146.48,142.0,143.8,2586608,374651914.0
2007-09-12,sh.600519,143.0,146.0,140.33,143.72,1219184,173598048.0
2007-09-13,sh.600519,144.0,144.5,141.0,143.84,2116570,302740276.0
2007-09-14,sh.600519,144.0,150.0,141.73,148.39,3662580,533527808.0
2007-09-17,sh.600519,148.0,152.98,145.76,151.97,3881924,581454298.0
2007-09-18,sh.600519,152.2,152.2,144.88,146.47,1483666,218334186.0
2007-09-19,sh.600519,145.1,145.5,139.77,141.5,2901321,410862934.0
2007-09-20,sh.600519,141.72,145.85,141.72,145.03,1290305,185888065.0
2007-09-21,sh.600519,145.06,145.49,141.8,144.85,1278793,183153720.0
2007-09-24,sh.600519,144.0,145.8,140.51,141.5,3170462,450160399.0
2007-09-25,sh.600519,141.46,143.3,138.58,140.91,3024982,424466923.0
2007-09-26,sh.600519,139.01,147.5,139.01,145.68,3095959,450482553.0
2007-09-27,sh.600519,145.67,147.5,142.55,146.09,1271470,185721030.0
2007-09-28,sh.600519,145.98,152.6,145.52,150.47,2693713,406110739.0
2007-10-08,sh.600519,151.53,154.81,147.0,147.15,2339280,349755743.0
2007-10-09,sh.600519,146.5,161.0,146.5,158.76,3771099,587350510.0
2007-10-10,sh.600519,160.71,168.4,157.0,164.47,2265111,370471299.0
2007-10-11,sh.600519,164.84,177.0,164.5,173.27,3055829,530601955.0
2007-10-12,sh.600519,175.1,180.41,168.0,178.81,2600908,456041256.0
2007-10-15,sh.600519,176.1,194.0,176.1,188.58,2090812,388728699.0
2007-10-16,sh.600519,188.99,188.99,181.12,185.03,2109353,389861626.0
2007-10-17,sh.600519,184.0,184.0,181.0,182.0,1470772,267399495.0
2007-10-18,sh.600519,178.68,182.0,174.0,176.79,1995408,355237068.0
2007-10-19,sh.600519,176.5,186.0,176.5,180.16,1772868,320347389.0
2007-10-22,sh.600519,178.0,182.0,175.5,178.91,779737,139362375.0
2007-10-23,sh.600519,183.5,193.0,183.3,188.0,2229093,420266818.0
2007-10-24,sh.600519,188.05,199.0,169.2,191.99,2546944,485816458.0
2007-10-25,sh.600519,189.0,198.0,186.0,193.75,2035328,394422086.0
2007-10-26,sh.600519,190.74,196.0,185.12,195.04,2001033,379656727.0
2007-10-29,sh.600519,193.01,197.5,188.88,190.74,1107361,212842981.0
2007-10-30,sh.600519,192.02,193.98,183.33,187.4,1256486,233823943.0
2007-10-31,sh.600519,187.81,192.4,187.81,191.01,1081422,206054370.0
2007-11-01,sh.600519,192.5,192.5,183.9,184.82,962049,178327384.0
2007-11-02,sh.600519,183.0,184.79,178.0,184.07,1383580,250008018.0
2007-11-05,sh.600519,184.0,186.0,180.0,182.01,527930,96705832.0
2007-11-06,sh.600519,180.08,185.62,180.08,181.93,245919,44828815.0
2007-11-07,sh.600519,182.5,185.0,177.4,178.68,908571,162628670.0
2007-11-08,sh.600519,178.72,179.99,172.01,174.02,572311,99837136.0
2007-11-09,sh.600519,172.02,177.3,170.5,171.52,512665,88657729.0
2007-11-12,sh.600519,171.61,172.6,167.5,170.32,1522422,256445671.0
2007-11-13,sh.600519,172.0,182.95,172.0,177.78,2391144,425423638.0
2007-11-14,sh.600519,177.78,187.35,177.78,186.97,1116403,203847742.0
2007-11-15,sh.600519,187.07,187.07,183.2,184.0,1055782,195317064.0
2007-11-16,sh.600519,183.5,183.5,179.32,179.99,371566,67016964.0
2007-11-19,sh.600519,180.0,186.0,177.6,182.5,539734,98848664.0
2007-11-20,sh.600519,182.5,186.0,182.0,185.52,947292,174670137.0
2007-11-21,sh.600519,186.0,187.3,182.48,184.57,1241100,229047999.0
2007-11-22,sh.600519,182.0,184.0,177.77,178.26,772689,140489848.0
2007-11-23,sh.600519,178.0,181.0,172.5,174.0,769224,134898312.0
2007-11-26,sh.600519,177.5,179.98,175.0,179.32,865649,154008451.0
2007-11-27,sh.600519,178.9,184.0,176.5,182.12,1103638,199433858.0
2007-11-28,sh.600519,180.2,182.2,172.0,176.63,1140600,201326440.0
2007-11-29,sh.600519,175.02,178.99,172.48,175.49,1846321,323298143.0
2007-11-30,sh.600519,177.8,177.8,173.0,173.49,1427292,248057710.0
2007-12-03,sh.600519,172.53,175.0,172.5,174.12,851564,147689836.0
2007-12-04,sh.600519,174.5,178.5,174.5,176.5,900989,158913696.0
2007-12-05,sh.600519,176.6,185.0,176.6,183.01,992985,180611804.0
2007-12-06,sh.600519,184.97,184.97,181.5,184.38,527399,96863844.0
2007-12-07,sh.600519,184.89,194.0,184.89,193.04,1161519,222166859.0
2007-12-11,sh.600519,199.0,206.2,198.5,201.72,2970227,596580876.0
2007-12-12,sh.600519,201.4,206.2,199.96,201.8,2528187,511973884.0
2007-12-13,sh.600519,200.0,203.5,197.0,200.49,1743749,349075780.0
2007-12-14,sh.600519,199.0,217.88,197.03,216.0,1600346,331667409.0
2007-12-17,sh.600519,215.1,225.0,207.0,211.0,1745132,373879346.0
2007-12-18,sh.600519,207.1,207.11,198.01,200.99,1850765,372844742.0
2007-12-19,sh.600519,203.8,205.9,196.99,202.95,1393365,278674107.0
2007-12-20,sh.600519,205.8,206.24,200.05,203.78,690341,140714576.0
2007-12-21,sh.600519,204.0,212.4,204.0,211.03,951587,198189104.0
2007-12-24,sh.600519,215.88,215.95,208.98,209.38,2120379,449776303.0
2007-12-25,sh.600519,209.38,218.38,209.38,216.5,1715678,368772023.0
2007-12-26,sh.600519,215.98,223.5,215.05,222.01,1459384,322367541.0
2007-12-27,sh.600519,222.0,225.3,217.2,224.85,2190698,485898989.0
2007-12-28,sh.600519,221.6,230.1,217.77,230.0,2662799,600445954.0
2008-01-02,sh.600519,227.0,228.94,221.0,222.02,1908575,428486871.0
2008-01-03,sh.600519,222.3,227.0,211.78,214.15,2979946,638361163.0
2008-01-04,sh.600519,212.0,216.08,208.0,215.24,3330368,704732968.0
2008-01-07,sh.600519,215.49,219.0,209.96,212.33,3040917,646078990.0
2008-01-08,sh.600519,211.0,217.59,208.6,215.03,3221828,682166585.0
2008-01-09,sh.600519,211.88,216.96,211.88,215.04,1200960,256589157.0
2008-01-10,sh.600519,216.0,219.56,213.4,217.08,2082664,450693940.0
2008-01-11,sh.600519,218.0,219.85,212.0,216.02,1981108,425014224.0
2008-01-14,sh.600519,225.0,228.6,218.5,224.12,4292507,959882221.0
2008-01-15,sh.600519,224.4,230.55,224.4,228.36,2130322,486145572.0
2008-01-16,sh.600519,226.8,227.0,222.0,222.84,2241908,502236876.0
2008-01-17,sh.600519,223.49,223.5,216.0,218.0,3161352,697313171.0
2008-01-18,sh.600519,218.06,219.5,213.0,214.97,2041694,441871091.0
2008-01-21,sh.600519,215.45,217.28,207.0,211.01,2498681,531115484.0
2008-01-22,sh.600519,206.98,219.95,201.0,210.53,4490866,949589574.0
2008-01-23,sh.600519,214.1,220.3,212.64,220.12,2314633,502720215.0
2008-01-24,sh.600519,222.0,224.3,217.0,222.0,1848556,408534678.0
2008-01-25,sh.600519,221.9,225.5,216.0,218.89,1799311,397838438.0
2008-01-28,sh.600519,215.5,220.0,208.9,214.79,1417041,303150636.0
2008-01-29,sh.600519,214.85,218.0,213.0,215.46,1010703,217278903.0
2008-01-30,sh.600519,217.0,217.0,206.2,214.76,2933197,621090086.0
2008-01-31,sh.600519,210.99,213.0,206.0,206.03,1390499,289075904.0
2008-02-01,sh.600519,204.99,204.99,198.9,202.51,2146695,431423198.0
2008-02-04,sh.600519,204.61,214.65,204.0,211.98,2954633,617972158.0
2008-02-05,sh.600519,212.0,212.0,208.0,209.38,847830,177590097.0
2008-02-13,sh.600519,208.0,208.0,202.0,203.0,497172,101444765.0
2008-02-14,sh.600519,205.0,205.9,202.1,203.11,755616,153806138.0
2008-02-15,sh.600519,202.97,203.0,198.0,201.08,1281110,256163700.0
2008-02-18,sh.600519,201.8,207.1,201.8,206.96,1257682,257765662.0
2008-02-19,sh.600519,206.95,208.0,203.0,206.99,728733,149403801.0
2008-02-20,sh.600519,207.0,209.9,205.15,206.1,970139,200650696.0
2008-02-21,sh.600519,208.5,208.89,204.8,205.44,1220408,250662269.0
2008-02-22,sh.600519,205.01,206.47,197.0,200.6,1942193,391675409.0
2008-02-25,sh.600519,199.9,200.0,196.0,196.86,1121779,222633128.0
2008-02-26,sh.600519,198.0,200.35,185.9,187.8,3514323,669275552.0
2008-02-27,sh.600519,187.0,195.0,183.2,192.18,1211616,231597749.0
2008-02-28,sh.600519,192.19,194.0,188.02,190.0,722637,137808743.0
2008-02-29,sh.600519,190.5,195.98,188.1,195.0,711440,137296143.0
2008-03-03,sh.600519,204.1,214.5,204.1,214.5,1778317,380241620.0
2008-03-04,sh.600519,225.82,228.9,217.05,220.93,3789826,847885908.0
2008-03-05,sh.600519,220.91,226.1,217.5,220.67,1403869,310232368.0
2008-03-06,sh.600519,220.68,224.0,216.8,217.02,819736,180277491.0
2008-03-07,sh.600519,216.25,216.51,209.1,213.17,1489627,315047844.0
2008-03-10,sh.600519,210.0,215.02,207.2,209.59,1067285,223726599.0
2008-03-11,sh.600519,207.5,216.5,206.05,214.78,1137728,241463106.0
2008-03-12,sh.600519,217.99,218.78,208.36,212.25,611960,130239209.0
2008-03-13,sh.600519,198.11,215.0,191.04,212.7,1669009,344992828.0
2008-03-14,sh.600519,209.8,209.8,203.99,205.04,1185808,244698923.0
2008-03-17,sh.600519,200.03,203.98,198.5,200.71,1718918,344059102.0
2008-03-18,sh.600519,196.84,200.0,186.0,189.54,3022486,577180431.0
2008-03-19,sh.600519,189.01,195.0,188.11,191.08,1857929,355372038.0
2008-03-20,sh.600519,189.9,196.0,179.5,192.94,1475599,275079993.0
2008-03-21,sh.600519,194.3,197.0,191.2,193.68,399904,77823413.0
2008-03-24,sh.600519,194.0,196.36,189.6,192.31,935677,179280128.0
2008-03-25,sh.600519,188.0,191.98,186.0,186.96,1128782,211875344.0
2008-03-26,sh.600519,187.5,190.0,183.0,185.49,447511,83590677.0
2008-03-27,sh.600519,181.0,187.98,180.9,181.06,1892465,344830534.0
2008-03-28,sh.600519,181.5,187.6,180.0,186.58,671620,123097898.0
2008-03-31,sh.600519,185.8,189.5,183.0,187.71,1502108,281358730.0
2008-04-01,sh.600519,189.5,189.5,182.0,184.65,1367900,252613478.0
2008-04-02,sh.600519,184.0,189.0,172.01,182.58,1643103,298960718.0
2008-04-03,sh.600519,179.0,182.0,175.0,178.01,1341976,237997145.0
2008-04-07,sh.600519,177.0,185.5,175.0,184.78,2196869,394870541.0
2008-04-08,sh.600519,184.5,193.0,182.0,191.53,1305819,247291459.0
2008-04-09,sh.600519,188.7,190.0,182.85,183.45,1250713,234604519.0
2008-04-10,sh.600519,182.0,183.0,175.9,178.39,2040977,365825520.0
2008-04-11,sh.600519,178.5,179.0,175.0,175.65,2395773,424169970.0
2008-04-14,sh.600519,174.98,174.98,167.68,168.09,2168437,369038598.0
2008-04-15,sh.600519,167.0,168.5,161.5,168.38,2014840,330691480.0
2008-04-16,sh.600519,168.0,173.0,164.06,169.12,1563877,265734673.0
2008-04-17,sh.600519,170.5,174.0,166.1,169.12,1040105,176634095.0
2008-04-18,sh.600519,166.65,172.5,164.0,170.06,1376797,229547374.0
2008-04-21,sh.600519,180.0,183.0,166.02,171.54,1452256,250079531.0
2008-04-22,sh.600519,166.0,172.0,155.0,165.2,2212942,359871902.0
2008-04-23,sh.600519,161.4,173.0,157.0,171.02,1266988,211089327.0
2008-04-24,sh.600519,183.0,188.12,177.0,185.97,3932187,718031257.0
2008-04-25,sh.600519,184.0,184.0,177.8,177.82,2384507,429087518.0
2008-04-28,sh.600519,175.99,177.47,170.17,176.6,1277232,220439148.0
2008-04-29,sh.600519,172.01,177.77,172.01,176.57,614926,107374297.0
2008-04-30,sh.600519,176.66,184.9,176.66,183.13,1188327,215284885.0
2008-05-05,sh.600519,183.4,185.58,181.88,183.66,808973,148396736.0
2008-05-06,sh.600519,183.0,183.0,178.08,179.78,848761,152222994.0
2008-05-07,sh.600519,178.0,181.6,175.48,175.54,735375,131020228.0
2008-05-08,sh.600519,174.99,179.8,171.0,179.03,886066,154116406.0
2008-05-09,sh.600519,179.99,179.99,175.51,177.74,577401,102419877.0
2008-05-12,sh.600519,174.49,182.55,172.8,181.0,920633,163594356.0
2008-05-13,sh.600519,176.48,182.9,175.2,178.96,514506,91723212.0
2008-05-14,sh.600519,177.3,181.3,177.12,180.76,600844,108222058.0
2008-05-15,sh.600519,182.0,187.5,179.0,183.58,1469044,271639672.0
2008-05-16,sh.600519,183.0,186.0,182.05,182.94,467332,85690776.0
2008-05-19,sh.600519,182.94,182.94,179.06,180.01,382832,68955076.0
2008-05-20,sh.600519,178.1,181.2,173.0,173.09,992735,176605312.0
2008-05-21,sh.600519,171.6,177.0,170.0,173.64,1954296,334549900.0
2008-05-22,sh.600519,173.34,175.0,168.44,172.84,753639,129331816.0
2008-05-23,sh.600519,170.01,173.0,170.0,172.0,1289114,220240585.0
2008-05-26,sh.600519,170.0,173.0,170.0,172.84,735452,125694889.0
2008-05-27,sh.600519,170.98,174.0,169.6,169.81,1545589,265513865.0
2008-05-29,sh.600519,169.88,172.0,167.25,169.84,943131,160096339.0
2008-05-30,sh.600519,169.7,170.5,167.01,168.14,520308,87809655.0
2008-06-02,sh.600519,168.8,172.0,164.0,171.18,842312,141068877.0
2008-06-03,sh.600519,170.0,172.0,169.51,170.79,657703,112098666.0
2008-06-04,sh.600519,168.04,170.0,167.69,168.18,677030,113903649.0
2008-06-05,sh.600519,168.0,170.88,164.7,164.99,392205,65373349.0
2008-06-06,sh.600519,164.99,165.01,161.01,163.82,781469,127119585.0
2008-06-10,sh.600519,159.06,160.99,156.11,157.83,1271558,201611524.0
2008-06-11,sh.600519,156.83,158.0,154.0,157.49,912631,142357442.0
2008-06-12,sh.600519,157.48,157.48,147.4,151.21,1378990,210043603.0
2008-06-13,sh.600519,148.11,151.4,148.11,149.49,618634,92612196.0
2008-06-16,sh.600519,147.7,148.0,144.44,144.5,1021954,148642350.0
2008-06-17,sh.600519,143.51,143.51,140.11,141.97,1747415,246424803.0
2008-06-18,sh.600519,140.32,145.0,139.58,144.29,1759240,250451606.0
2008-06-19,sh.600519,144.8,144.8,140.0,140.47,697038,98494725.0
2008-06-20,sh.600519,140.0,145.38,139.19,143.91,1417752,202610966.0
2008-06-23,sh.600519,142.0,142.0,134.01,134.9,1540615,212913434.0
2008-06-24,sh.600519,130.11,137.5,128.0,136.63,2205273,297466611.0
2008-06-25,sh.600519,135.2,145.0,134.01,144.51,1278254,180759313.0
2008-06-26,sh.600519,146.5,148.0,142.5,145.55,775352,111847423.0
2008-06-27,sh.600519,142.39,143.65,139.01,140.26,1626046,228606779.0
2008-06-30,sh.600519,138.0,142.0,137.11,138.58,849792,118554068.0
2008-07-01,sh.600519,138.58,138.58,136.0,136.7,767765,105264085.0
2008-07-02,sh.600519,136.5,137.99,135.01,136.11,604580,82567695.0
2008-07-03,sh.600519,134.73,143.0,134.42,141.03,789510,109603235.0
2008-07-04,sh.600519,141.03,142.25,139.03,141.28,398205,56193917.0
2008-07-07,sh.600519,141.28,146.5,140.0,146.01,1251457,180401010.0
2008-07-08,sh.600519,145.87,147.7,143.25,143.79,1364836,198628781.0
2008-07-09,sh.600519,144.51,148.0,144.51,145.8,1018303,149141345.0
2008-07-10,sh.600519,145.0,147.33,144.3,146.05,717003,104839731.0
2008-07-11,sh.600519,145.01,146.78,144.0,144.51,301677,43833508.0
2008-07-14,sh.600519,144.98,147.5,143.8,147.1,525811,77047467.0
2008-07-15,sh.600519,147.11,148.18,144.81,145.33,573525,83892162.0
2008-07-16,sh.600519,144.8,148.24,143.0,147.64,901048,132617391.0
2008-07-17,sh.600519,147.7,157.8,147.7,155.19,1801551,279088472.0
2008-07-18,sh.600519,153.0,158.49,152.5,157.96,921966,142269871.0
2008-07-21,sh.600519,156.78,162.0,156.0,161.51,819227,130639362.0
2008-07-22,sh.600519,161.51,164.99,158.0,158.97,427627,68299820.0
2008-07-23,sh.600519,158.11,159.52,155.02,156.72,452493,71187874.0
2008-07-24,sh.600519,157.3,161.5,157.3,161.34,444681,70637128.0
2008-07-25,sh.600519,160.08,163.0,158.62,161.5,527951,84972166.0
2008-07-28,sh.600519,162.36,163.5,161.5,162.0,256285,41662711.0
2008-07-29,sh.600519,161.99,162.98,158.51,161.78,359419,57706465.0
2008-07-30,sh.600519,162.01,162.3,159.0,160.96,349929,56168227.0
2008-07-31,sh.600519,160.19,160.96,158.52,159.89,475142,75934188.0
2008-08-01,sh.600519,158.81,161.0,156.68,159.04,323571,51369908.0
2008-08-04,sh.600519,157.21,159.95,156.8,157.15,285052,44858745.0
2008-08-05,sh.600519,156.69,158.1,156.0,156.39,236338,37049801.0
2008-08-06,sh.600519,157.38,158.3,155.55,157.46,330257,51922049.0
2008-08-07,sh.600519,156.55,157.99,152.5,153.53,427944,66288542.0
2008-08-08,sh.600519,153.2,154.28,150.8,152.52,611698,93064197.0
2008-08-11,sh.600519,149.0,153.0,146.0,146.07,799941,119572175.0
2008-08-12,sh.600519,144.9,149.0,143.11,147.64,453050,66330532.0
2008-08-13,sh.600519,146.99,148.58,146.3,147.96,637325,93902071.0
2008-08-14,sh.600519,147.99,152.6,146.67,149.01,1297055,195801266.0
2008-08-15,sh.600519,149.0,153.0,148.1,151.78,554096,83530667.0
2008-08-18,sh.600519,151.78,152.9,146.2,146.43,333925,50108017.0
2008-08-19,sh.600519,142.09,146.81,142.09,144.02,627008,90342081.0
2008-08-20,sh.600519,143.08,153.0,143.08,151.26,725041,107725247.0
2008-08-21,sh.600519,149.52,153.0,145.01,147.87,514322,76438604.0
2008-08-22,sh.600519,147.97,148.88,144.16,145.27,291123,42273682.0
2008-08-25,sh.600519,145.17,145.9,142.52,144.21,477613,69152201.0
2008-08-26,sh.600519,144.22,144.22,138.8,140.01,470471,66199366.0
2008-08-27,sh.600519,138.13,142.49,134.97,135.15,453888,62380812.0
2008-08-28,sh.600519,139.98,142.0,136.0,136.5,963350,132676988.0
2008-08-29,sh.600519,136.98,141.0,136.0,139.99,917211,127159473.0
2008-09-01,sh.600519,139.7,140.3,135.51,135.65,1385644,190733791.0
2008-09-02,sh.600519,135.66,135.66,127.84,129.99,2662945,345618729.0
2008-09-03,sh.600519,128.51,128.8,125.69,127.15,3545636,449922401.0
2008-09-04,sh.600519,127.16,130.0,126.61,129.44,805584,103033863.0
2008-09-05,sh.600519,127.75,131.8,126.1,131.25,860680,110693148.0
2008-09-08,sh.600519,131.38,132.55,128.91,130.56,804867,105669098.0
2008-09-09,sh.600519,129.04,133.45,129.04,132.8,414508,54748548.0
2008-09-10,sh.600519,131.5,136.0,131.5,132.77,660379,87984658.0
2008-09-11,sh.600519,133.88,133.88,132.0,132.37,465700,61859282.0
2008-09-12,sh.600519,132.31,134.34,132.31,133.0,620163,82660639.0
2008-09-16,sh.600519,132.78,132.81,129.02,131.23,1375774,179668933.0
2008-09-17,sh.600519,131.33,132.8,127.8,128.18,852372,110881400.0
2008-09-18,sh.600519,127.5,128.0,118.18,120.82,3058171,376114728.0
2008-09-19,sh.600519,132.9,132.9,130.0,132.9,4674712,620150766.0
2008-09-22,sh.600519,137.9,144.0,132.73,132.84,5648653,768578260.0
2008-09-23,sh.600519,130.08,130.08,120.05,120.31,3495594,429875015.0
2008-09-24,sh.600519,119.0,126.78,115.18,126.48,1419794,173930712.0
2008-09-25,sh.600519,126.5,131.5,126.5,129.19,1506991,194816771.0
2008-09-26,sh.600519,129.91,133.88,129.91,131.89,1368966,180847064.0
2008-10-06,sh.600519,130.8,131.9,125.0,127.18,610171,79100704.0
2008-10-07,sh.600519,125.01,126.0,121.03,124.05,995724,122750250.0
2008-10-08,sh.600519,121.9,123.0,120.13,120.3,1034410,125437058.0
2008-10-09,sh.600519,122.2,122.3,117.5,117.55,876721,104831467.0
2008-10-10,sh.600519,114.0,114.8,110.11,111.4,1354716,152282552.0
2008-10-13,sh.600519,111.0,111.59,102.2,111.47,2209322,235133757.0
2008-10-14,sh.600519,116.17,117.45,106.46,106.6,1184398,132830726.0
2008-10-15,sh.600519,103.78,106.99,102.5,104.22,884236,92239896.0
2008-10-16,sh.600519,100.5,104.1,99.0,100.58,1506136,153358634.0
2008-10-17,sh.600519,100.03,100.99,94.6,97.89,2881243,279732706.0
2008-10-20,sh.600519,95.77,97.8,93.5,96.74,3044762,290614960.0
2008-10-21,sh.600519,96.68,99.98,94.5,94.63,1308180,126303889.0
2008-10-22,sh.600519,93.77,97.0,92.88,96.38,1900644,180490227.0
2008-10-23,sh.600519,94.0,99.2,94.0,99.14,1465493,143747863.0
2008-10-24,sh.600519,100.0,100.35,95.0,98.28,897561,87060611.0
2008-10-27,sh.600519,95.01,97.5,90.1,91.25,2774307,256201117.0
2008-10-28,sh.600519,89.92,94.3,88.01,94.28,1399519,128811658.0
2008-10-29,sh.600519,94.0,96.05,92.05,95.18,1222683,115424336.0
2008-10-30,sh.600519,95.99,96.5,93.41,95.3,1015716,96284438.0
2008-10-31,sh.600519,94.3,95.1,92.06,92.2,870573,81109754.0
2008-11-03,sh.600519,91.02,93.5,91.02,91.7,630617,58047685.0
2008-11-04,sh.600519,91.8,92.12,89.65,89.82,1107660,100749260.0
2008-11-05,sh.600519,90.6,94.6,89.99,94.01,1165566,107649675.0
2008-11-06,sh.600519,91.99,92.99,90.1,90.36,599739,54677055.0
2008-11-07,sh.600519,88.59,89.5,84.2,85.78,3506714,300147112.0
2008-11-10,sh.600519,86.48,91.58,86.0,90.63,4070807,356262510.0
2008-11-11,sh.600519,89.4,89.4,87.38,87.61,2710401,238775064.0
2008-11-12,sh.600519,85.85,88.18,84.6,87.99,1840088,158558387.0
2008-11-13,sh.600519,87.0,90.01,85.01,89.63,3513508,308558184.0
2008-11-14,sh.600519,90.06,98.59,90.06,98.59,4730806,453503655.0
2008-11-17,sh.600519,100.0,102.51,98.0,101.59,2590585,259620384.0
2008-11-18,sh.600519,101.0,101.0,94.1,96.62,3008889,293853929.0
2008-11-19,sh.600519,96.62,103.03,95.7,102.43,1698748,169157858.0
2008-11-20,sh.600519,100.0,103.2,98.33,100.13,1567803,158050735.0
2008-11-21,sh.600519,97.97,103.5,95.66,100.53,2391762,240102783.0
2008-11-24,sh.600519,100.88,102.0,99.5,99.71,940207,94604336.0
2008-11-25,sh.600519,100.0,102.0,97.66,99.16,987335,98311604.0
2008-11-26,sh.600519,99.06,100.38,98.63,99.14,734047,72963471.0
2008-11-27,sh.600519,104.07,107.0,101.55,103.37,2677180,279561185.0
2008-11-28,sh.600519,102.19,102.96,100.25,101.8,1221804,124047780.0
2008-12-01,sh.600519,101.4,103.3,100.04,103.21,788328,80427907.0
2008-12-02,sh.600519,101.05,105.12,101.05,104.94,1488514,154215263.0
2008-12-03,sh.600519,105.0,108.22,105.0,107.8,1436995,154141971.0
2008-12-04,sh.600519,109.5,115.29,109.5,112.97,2633055,297576223.0
2008-12-05,sh.600519,111.51,118.09,111.46,115.45,1838462,212898263.0
2008-12-08,sh.600519,118.3,120.8,115.15,118.99,1742992,205494828.0
2008-12-09,sh.600519,119.06,119.58,114.8,116.03,1301335,152317570.0
2008-12-10,sh.600519,115.0,116.9,114.83,116.2,1349502,156049024.0
2008-12-11,sh.600519,116.55,120.6,116.0,117.93,2015809,238497429.0
2008-12-12,sh.600519,116.66,118.8,110.85,111.0,1631445,186650270.0
2008-12-15,sh.600519,112.0,117.06,111.99,114.27,1400771,160434275.0
2008-12-16,sh.600519,113.55,116.3,110.84,114.17,1236738,138960606.0
2008-12-17,sh.600519,114.2,117.5,114.2,115.61,1001362,116363451.0
2008-12-18,sh.600519,115.61,118.66,115.61,117.98,1177063,138647935.0
2008-12-19,sh.600519,118.4,119.5,116.0,117.63,1062197,125345376.0
2008-12-22,sh.600519,118.71,118.71,115.3,116.36,902842,105588565.0
2008-12-23,sh.600519,115.78,116.36,110.91,111.91,1827166,205256836.0
2008-12-24,sh.600519,111.0,113.0,109.8,111.35,787763,87320039.0
2008-12-25,sh.600519,111.99,111.99,109.0,110.03,902853,99538455.0
2008-12-26,sh.600519,109.2,111.49,109.2,110.06,894460,98854298.0
2008-12-29,sh.600519,109.44,110.5,105.16,108.75,3002856,323745151.0
2008-12-30,sh.600519,108.65,109.0,107.0,108.64,2182996,236161195.0
2008-12-31,sh.600519,108.2,109.49,107.5,108.7,1831313,198482898.0
2009-01-05,sh.600519,109.5,111.08,107.0,108.38,1350550,145941833.0
2009-01-06,sh.600519,107.5,109.2,105.28,108.71,3815408,406113062.0
2009-01-07,sh.600519,108.92,109.0,106.7,106.79,1523802,164245370.0
2009-01-08,sh.600519,105.25,108.57,104.2,108.53,1863467,198641989.0
2009-01-09,sh.600519,107.58,108.55,107.0,107.29,1180016,127445738.0
2009-01-12,sh.600519,106.99,107.78,105.66,105.91,1666790,176815197.0
2009-01-13,sh.600519,104.98,105.99,101.52,101.86,1809911,186485267.0
2009-01-14,sh.600519,101.25,103.99,99.58,102.0,3200370,323066499.0
2009-01-15,sh.600519,101.8,101.8,99.8,99.97,2982065,298447689.0
2009-01-16,sh.600519,99.99,104.39,99.88,101.51,9459955,955914881.0
2009-01-19,sh.600519,102.41,103.8,101.7,102.36,4856293,498196988.0
2009-01-20,sh.600519,102.3,102.3,99.96,101.6,4910405,493242104.0
2009-01-21,sh.600519,100.0,100.97,99.0,99.72,6052648,605392794.0
2009-01-22,sh.600519,100.0,101.2,99.9,100.8,2129344,214057665.0
2009-01-23,sh.600519,100.5,104.31,100.5,103.2,3274252,336252633.0
2009-02-02,sh.600519,104.49,104.49,100.0,101.32,3088726,312618479.0
2009-02-03,sh.600519,101.39,104.49,100.07,104.1,4812665,497248868.0
2009-02-04,sh.600519,104.2,107.28,104.2,106.28,4287890,454067228.0
2009-02-05,sh.600519,106.65,110.6,106.0,107.04,3823158,412164202.0
2009-02-06,sh.600519,107.02,111.99,107.02,111.21,3966141,433677718.0
2009-02-09,sh.600519,112.49,117.0,112.49,116.8,4543559,521391758.0
2009-02-10,sh.600519,116.5,116.5,114.0,115.97,2761349,317723285.0
2009-02-11,sh.600519,114.98,125.55,114.0,120.09,4038656,478088769.0
2009-02-12,sh.600519,120.0,121.5,118.51,120.53,5447034,653107948.0
2009-02-13,sh.600519,120.1,123.0,120.01,122.42,2492019,301643451.0
2009-02-16,sh.600519,123.45,125.3,121.1,122.7,2725648,334068266.0
2009-02-17,sh.600519,123.8,129.94,123.8,126.11,5652541,719184147.0
2009-02-18,sh.600519,124.0,126.0,120.88,121.36,4558128,566412062.0
2009-02-19,sh.600519,120.5,123.9,120.5,121.88,2467779,300896281.0
2009-02-20,sh.600519,121.99,127.28,121.99,125.08,3392422,424596429.0
2009-02-23,sh.600519,125.16,128.1,123.45,127.78,1944278,245915638.0
2009-02-24,sh.600519,127.5,132.0,126.65,128.79,3693633,480302641.0
2009-02-25,sh.600519,129.99,130.0,123.0,127.5,2691796,341607459.0
2009-02-26,sh.600519,126.5,129.9,121.5,122.43,2711209,343984112.0
2009-02-27,sh.600519,119.54,123.0,117.73,118.43,4117059,494464222.0
2009-03-02,sh.600519,117.0,118.43,114.87,117.03,2717285,318786734.0
2009-03-03,sh.600519,115.2,116.8,113.8,114.92,1878013,215625552.0
2009-03-04,sh.600519,115.5,126.3,114.92,124.82,4224525,510627173.0
2009-03-05,sh.600519,124.9,126.5,120.01,122.0,2353230,289227189.0
2009-03-06,sh.600519,120.0,120.8,117.68,118.22,2066413,245701371.0
2009-03-09,sh.600519,118.24,119.5,114.88,114.9,2315203,268799957.0
2009-03-10,sh.600519,113.9,119.2,113.6,118.13,1578292,185611677.0
2009-03-11,sh.600519,120.0,120.88,116.0,117.48,881494,104417185.0
2009-03-12,sh.600519,116.08,117.79,114.13,115.94,1129627,130769829.0
2009-03-13,sh.600519,116.8,117.5,113.78,113.82,2003820,230105105.0
2009-03-16,sh.600519,113.85,114.89,112.0,114.38,1339542,151397338.0
2009-03-17,sh.600519,114.45,118.99,114.0,117.34,1834473,213668060.0
2009-03-18,sh.600519,117.92,118.9,115.96,116.08,1776703,208086081.0
2009-03-19,sh.600519,116.5,119.28,116.1,118.78,1889193,223567500.0
2009-03-20,sh.600519,119.8,119.97,117.2,117.88,1539612,182170364.0
2009-03-23,sh.600519,117.99,119.18,117.41,118.69,3246311,384766613.0
2009-03-24,sh.600519,120.5,123.59,118.36,118.69,3529464,424130707.0
2009-03-25,sh.600519,116.0,116.0,112.65,114.02,8621716,984739037.0
2009-03-26,sh.600519,114.02,114.1,110.78,112.5,5929248,664500701.0
2009-03-27,sh.600519,113.46,115.0,112.8,113.98,4207572,479104606.0
2009-03-30,sh.600519,114.0,115.0,112.1,114.06,2426944,276929285.0
2009-03-31,sh.600519,113.33,114.9,113.0,114.74,2642862,301354057.0
2009-04-01,sh.600519,114.98,116.65,114.9,116.26,4038757,468753741.0
2009-04-02,sh.600519,116.56,119.4,116.56,118.0,3743051,441249387.0
2009-04-03,sh.600519,119.1,120.55,116.4,116.57,4144100,492530479.0
2009-04-07,sh.600519,116.57,118.18,116.4,118.0,2141919,251182411.0
2009-04-08,sh.600519,118.0,118.3,115.88,117.06,2565313,299738748.0
2009-04-09,sh.600519,116.88,117.99,116.21,117.81,1835185,214789862.0
2009-04-10,sh.600519,118.81,120.5,117.78,119.43,4063061,484222233.0
2009-04-13,sh.600519,120.59,123.2,120.59,122.06,3668776,448077486.0
2009-04-14,sh.600519,122.07,122.15,118.81,120.51,3802377,457162680.0
2009-04-15,sh.600519,119.96,121.28,117.5,120.63,3836163,457652477.0
2009-04-16,sh.600519,120.01,120.8,118.25,119.75,3863241,462321653.0
2009-04-17,sh.600519,119.33,123.35,118.3,121.16,3830956,466339526.0
2009-04-20,sh.600519,122.19,127.3,121.16,127.14,3241949,406055404.0
2009-04-21,sh.600519,125.23,127.6,125.11,127.51,3892770,492951211.0
2009-04-22,sh.600519,128.18,130.71,123.5,123.82,3970610,504087423.0
2009-04-23,sh.600519,122.5,123.89,120.0,121.56,2249701,274007781.0
2009-04-24,sh.600519,121.99,124.88,121.98,122.12,2271987,280863293.0
2009-04-27,sh.600519,121.5,121.54,117.4,118.49,2867031,339940606.0
2009-04-28,sh.600519,116.88,118.58,113.9,115.28,3430733,395869106.0
2009-04-29,sh.600519,115.29,117.3,115.25,116.77,3107715,360384150.0
2009-04-30,sh.600519,117.2,117.21,115.0,116.35,2051448,238142369.0
2009-05-04,sh.600519,116.89,119.37,116.35,119.22,2355551,278414610.0
2009-05-05,sh.600519,120.0,120.8,118.38,119.04,2269054,270072390.0
2009-05-06,sh.600519,118.61,119.0,116.9,117.26,3806462,447395076.0
2009-05-07,sh.600519,117.8,118.91,115.66,117.01,3472362,406117083.0
2009-05-08,sh.600519,116.5,117.6,115.4,117.51,3100720,359535974.0
2009-05-11,sh.600519,117.5,118.58,116.25,116.42,3277361,384271989.0
2009-05-12,sh.600519,115.51,117.55,115.31,116.49,2598890,300962117.0
2009-05-13,sh.600519,117.0,117.1,115.22,115.68,3579244,415020691.0
2009-05-14,sh.600519,115.0,116.6,114.8,116.35,2150481,249787985.0
2009-05-15,sh.600519,116.76,116.98,115.61,116.01,1679862,195071191.0
2009-05-18,sh.600519,115.9,118.7,115.71,118.44,3507236,412318356.0
2009-05-19,sh.600519,118.64,119.05,116.5,117.28,2655401,312662778.0
2009-05-20,sh.600519,117.06,117.94,115.98,116.07,1471127,171589134.0
2009-05-21,sh.600519,115.8,116.99,114.2,114.42,2578840,296204406.0
2009-05-25,sh.600519,112.82,113.53,112.06,113.36,3367628,380853032.0
2009-05-26,sh.600519,113.36,114.57,112.91,112.95,1680681,190817891.0
2009-05-27,sh.600519,113.13,115.52,112.95,114.77,2763000,316980547.0
2009-06-01,sh.600519,115.01,118.1,114.71,117.76,4592011,537473265.0
2009-06-02,sh.600519,117.02,120.96,117.02,119.88,5016813,600394403.0
2009-06-03,sh.600519,119.88,120.19,117.82,119.72,2924590,347246937.0
2009-06-04,sh.600519,119.8,120.02,117.9,119.26,4653332,553191419.0
2009-06-05,sh.600519,118.66,129.7,118.65,126.06,7774093,973345740.0
2009-06-08,sh.600519,127.2,129.05,125.0,127.6,3688621,469785127.0
2009-06-09,sh.600519,127.6,135.0,127.2,131.24,7330385,969552012.0
2009-06-10,sh.600519,131.69,133.03,130.01,131.3,2647692,348306255.0
2009-06-11,sh.600519,131.28,136.5,131.28,133.29,3973846,533435068.0
2009-06-12,sh.600519,133.67,135.8,129.2,130.61,2703533,357604702.0
2009-06-15,sh.600519,130.05,136.6,130.05,136.24,4408128,592083839.0
2009-06-16,sh.600519,135.8,137.15,134.0,135.69,2003920,271544262.0
2009-06-17,sh.600519,135.35,138.5,135.2,137.65,2258367,310521875.0
2009-06-18,sh.600519,137.0,138.5,135.5,137.87,4119002,564072323.0
2009-06-19,sh.600519,136.98,138.69,135.6,136.92,1853345,253253630.0
2009-06-22,sh.600519,137.5,138.2,132.88,132.97,2118112,285552148.0
2009-06-23,sh.600519,131.8,134.5,129.56,133.37,2758804,364099880.0
2009-06-24,sh.600519,133.3,134.0,131.01,131.99,2093623,276526128.0
2009-06-25,sh.600519,132.99,136.2,132.01,135.89,2183414,295200887.0
2009-06-26,sh.600519,136.0,138.0,136.0,137.0,1826249,250833621.0
2009-06-29,sh.600519,138.01,149.01,137.3,147.72,3801548,553072336.0
2009-06-30,sh.600519,148.5,150.3,144.8,148.01,2455349,359599491.0
2009-07-01,sh.600519,146.6,148.0,144.98,145.65,1935675,281759830.0
2009-07-02,sh.600519,145.6,150.96,143.7,147.95,2699019,395317139.0
2009-07-03,sh.600519,147.0,149.0,145.4,145.92,2573876,376552059.0
2009-07-06,sh.600519,145.0,145.98,142.8,143.92,2949182,423754900.0
2009-07-07,sh.600519,143.94,148.01,143.01,145.54,2740569,399773428.0
2009-07-08,sh.600519,143.5,145.15,141.5,143.93,2651579,378380305.0
2009-07-09,sh.600519,143.21,148.49,143.21,147.22,3464234,505222990.0
2009-07-10,sh.600519,147.6,153.5,147.37,152.17,2977018,451971144.0
2009-07-13,sh.600519,152.35,154.0,149.33,153.27,3976567,601703320.0
2009-07-14,sh.600519,153.19,154.35,152.0,153.3,2664455,408475427.0
2009-07-15,sh.600519,153.3,154.28,149.97,150.03,3159841,477906537.0
2009-07-16,sh.600519,150.51,151.0,147.95,148.45,3643057,542209782.0
2009-07-17,sh.600519,148.73,150.49,147.7,147.91,1410005,210098779.0
2009-07-20,sh.600519,148.0,149.6,146.98,148.11,3873799,572069340.0
2009-07-21,sh.600519,148.9,150.2,146.97,147.32,4222026,627819240.0
2009-07-22,sh.600519,147.0,148.39,145.7,147.41,2503621,366601445.0
2009-07-23,sh.600519,147.85,147.99,146.01,146.28,1724952,253176789.0
2009-07-24,sh.600519,146.58,150.79,146.28,147.0,4537056,673882706.0
2009-07-27,sh.600519,147.49,153.5,147.49,153.11,6453123,969451469.0
2009-07-28,sh.600519,153.1,158.97,152.6,153.2,3622961,564423483.0
2009-07-29,sh.600519,153.3,156.15,144.0,148.01,3695563,556652765.0
2009-07-30,sh.600519,151.7,151.7,146.51,149.83,2755049,410415145.0
2009-07-31,sh.600519,150.99,150.99,148.65,150.02,3299219,494144461.0
2009-08-03,sh.600519,152.0,158.58,152.0,155.71,4445840,693624944.0
2009-08-04,sh.600519,157.02,157.02,152.6,154.13,2143538,329545708.0
2009-08-05,sh.600519,154.7,163.89,154.7,163.77,5544896,893443535.0
2009-08-06,sh.600519,161.01,166.5,160.1,165.07,3944209,644496759.0
2009-08-07,sh.600519,166.8,170.0,161.56,163.88,5786746,953137970.0
2009-08-10,sh.600519,164.01,165.0,158.88,163.5,2929893,472002862.0
2009-08-11,sh.600519,163.88,172.5,161.66,170.0,3630736,611324918.0
2009-08-12,sh.600519,169.9,175.5,162.0,166.26,4140439,698628591.0
2009-08-13,sh.600519,162.88,166.25,159.8,162.94,3376867,544005102.0
2009-08-14,sh.600519,162.99,162.99,156.0,157.78,2470694,390424195.0
2009-08-17,sh.600519,155.1,157.46,147.88,149.54,2975040,451437989.0
2009-08-18,sh.600519,148.5,152.16,148.01,150.15,2983979,448107193.0
2009-08-19,sh.600519,151.97,155.1,148.0,149.61,3357636,509878566.0
2009-08-20,sh.600519,149.0,152.5,148.0,151.99,3459953,522725007.0
2009-08-21,sh.600519,152.01,157.0,151.01,156.51,2474337,383636526.0
2009-08-24,sh.600519,156.99,158.99,156.55,158.41,1341758,212008261.0
2009-08-25,sh.600519,157.9,157.9,152.1,155.91,2450125,377947429.0
2009-08-26,sh.600519,153.53,160.5,153.53,159.19,2235461,353413336.0
2009-08-27,sh.600519,158.88,162.68,158.0,161.34,2216114,356997195.0
2009-08-28,sh.600519,161.0,162.7,159.0,159.27,2404913,386203839.0
2009-08-31,sh.600519,158.0,158.01,149.5,149.99,3733394,568178140.0
2009-09-01,sh.600519,150.0,155.3,149.97,151.55,2063249,313194378.0
2009-09-02,sh.600519,150.98,151.95,149.56,150.82,1615629,243221073.0
2009-09-03,sh.600519,150.05,155.5,150.02,155.11,1915657,293428432.0
2009-09-04,sh.600519,154.99,156.0,153.0,155.37,2155402,332587085.0
2009-09-07,sh.600519,156.42,165.5,156.28,161.89,3884516,630053587.0
2009-09-08,sh.600519,161.9,168.2,159.12,166.45,3449008,572753391.0
2009-09-09,sh.600519,166.45,168.99,162.0,164.34,3120277,512038300.0
2009-09-10,sh.600519,164.3,166.1,162.5,165.95,1325477,218828433.0
2009-09-11,sh.600519,165.9,168.0,163.9,166.77,1347190,224260634.0
2009-09-14,sh.600519,168.05,169.0,166.8,167.08,1555148,260573647.0
2009-09-15,sh.600519,167.2,168.81,164.23,165.55,1781601,294648966.0
2009-09-16,sh.600519,165.03,166.9,162.88,164.76,1343134,219954118.0
2009-09-17,sh.600519,164.8,165.75,164.41,164.77,1669416,275360254.0
2009-09-18,sh.600519,164.8,164.85,162.0,162.78,1841155,301101120.0
2009-09-21,sh.600519,161.33,165.6,159.2,165.42,2612924,422889399.0
2009-09-22,sh.600519,165.11,171.69,164.48,169.59,4097482,697323678.0
2009-09-23,sh.600519,169.69,170.9,165.0,165.19,2121493,356415097.0
2009-09-24,sh.600519,165.0,165.0,159.76,161.62,1878660,302998962.0
2009-09-25,sh.600519,162.0,166.66,162.0,164.49,1852804,304628817.0
2009-09-28,sh.600519,164.6,166.51,164.0,164.1,1345344,222874121.0
2009-09-29,sh.600519,164.0,165.0,161.5,162.24,1542377,251534805.0
2009-09-30,sh.600519,163.99,166.78,163.0,164.86,1288249,212532258.0
2009-10-09,sh.600519,166.8,168.99,166.7,168.36,1250608,210257020.0
2009-10-12,sh.600519,169.0,169.99,166.9,167.02,876204,147502660.0
2009-10-13,sh.600519,166.01,168.49,164.5,165.89,1023723,170054046.0
2009-10-14,sh.600519,166.46,166.49,163.11,164.28,3729999,612459767.0
2009-10-15,sh.600519,164.87,164.87,160.41,161.14,2811233,454982752.0
2009-10-16,sh.600519,161.12,162.0,159.16,159.98,2798654,447651087.0
2009-10-19,sh.600519,160.21,162.5,158.95,162.49,4363978,698074669.0
2009-10-20,sh.600519,162.7,165.6,161.01,165.43,4078812,666676389.0
2009-10-21,sh.600519,165.0,165.0,160.8,160.89,3808393,617367731.0
2009-10-22,sh.600519,160.1,161.97,157.98,158.92,3681739,585366561.0
2009-10-23,sh.600519,158.92,160.2,158.3,159.31,4651561,739672651.0
2009-10-26,sh.600519,159.97,159.98,156.26,156.59,4564431,716061313.0
2009-10-27,sh.600519,156.59,157.0,155.5,155.99,2542841,396334908.0
2009-10-28,sh.600519,156.1,157.85,155.8,157.43,1914190,300201158.0
2009-10-29,sh.600519,156.4,158.38,155.6,156.36,2056523,323781024.0
2009-10-30,sh.600519,157.5,157.89,156.3,157.61,2750385,432308188.0
2009-11-02,sh.600519,156.0,160.1,155.48,160.01,3202027,506826774.0
2009-11-03,sh.600519,160.0,161.4,159.06,159.88,2011889,322722635.0
2009-11-04,sh.600519,159.87,163.01,159.0,162.53,3361238,543718745.0
2009-11-05,sh.600519,162.49,163.35,161.51,162.33,2002860,325198987.0
2009-11-06,sh.600519,163.11,163.19,160.31,161.04,2642166,427266654.0
2009-11-09,sh.600519,161.04,161.8,159.3,159.89,1847589,295938895.0
2009-11-10,sh.600519,160.43,161.61,159.0,160.35,3287833,527631019.0
2009-11-11,sh.600519,160.15,165.8,160.15,163.42,4275738,698929654.0
2009-11-12,sh.600519,163.45,167.61,163.2,166.5,4262095,706940280.0
2009-11-13,sh.600519,166.6,170.3,165.23,168.57,5010775,845848184.0
2009-11-16,sh.600519,168.88,175.53,168.88,173.88,4148038,721755719.0
2009-11-17,sh.600519,174.0,175.0,168.8,174.0,2939921,506410452.0
2009-11-18,sh.600519,172.82,174.4,170.85,170.96,1644019,282834420.0
2009-11-19,sh.600519,171.08,172.79,169.2,170.11,1710850,291816172.0
2009-11-20,sh.600519,170.03,170.5,168.46,168.86,2313306,391812970.0
2009-11-23,sh.600519,169.1,172.0,168.83,171.78,3533050,602278226.0
2009-11-24,sh.600519,172.89,177.11,169.6,169.84,4337935,757143585.0
2009-11-25,sh.600519,169.9,174.88,169.9,174.06,3223322,557388538.0
2009-11-26,sh.600519,174.89,174.89,168.4,168.49,2650131,452465235.0
2009-11-27,sh.600519,168.32,168.6,165.06,165.21,2466989,411859873.0
2009-11-30,sh.600519,166.98,174.44,165.4,173.91,4374659,749610425.0
2009-12-01,sh.600519,172.75,178.2,172.02,177.24,3957941,698056574.0
2009-12-02,sh.600519,177.24,177.44,173.88,176.14,2059622,362528922.0
2009-12-03,sh.600519,175.99,176.02,171.65,173.9,2500586,433467098.0
2009-12-04,sh.600519,173.9,173.9,169.01,170.9,3103525,530120181.0
2009-12-07,sh.600519,180.0,181.06,174.8,176.53,4568280,808969972.0
2009-12-08,sh.600519,176.57,178.0,173.5,174.56,2614410,456591109.0
2009-12-09,sh.600519,174.0,174.44,171.8,172.81,1782365,308029900.0
2009-12-10,sh.600519,174.02,174.55,172.38,174.42,1640437,284681531.0
2009-12-11,sh.600519,175.01,175.97,173.5,174.91,1659376,290069819.0
2009-12-14,sh.600519,175.5,175.5,172.86,174.38,2118208,368762139.0
2009-12-15,sh.600519,174.5,175.0,171.85,172.92,2079146,359287534.0
2009-12-16,sh.600519,172.9,172.91,168.79,169.4,3265028,555677963.0
2009-12-17,sh.600519,170.11,170.11,166.1,166.34,2795703,469717785.0
2009-12-18,sh.600519,166.0,166.09,163.5,165.26,1830917,302160706.0
2009-12-21,sh.600519,166.0,169.23,166.0,167.77,1812323,303592013.0
2009-12-22,sh.600519,168.19,168.5,165.5,166.87,1626432,271984510.0
2009-12-23,sh.600519,166.84,168.1,166.03,167.68,2091885,350286334.0
2009-12-24,sh.600519,167.0,173.93,166.81,172.45,3820366,655732970.0
2009-12-25,sh.600519,172.45,173.0,169.19,170.44,3184660,542382941.0
2009-12-28,sh.600519,170.2,171.96,169.5,170.4,2790543,474640192.0
2009-12-29,sh.600519,171.49,171.74,169.8,171.2,2152713,367265881.0
2009-12-30,sh.600519,171.49,171.49,168.0,169.08,4825415,815387555.0
2009-12-31,sh.600519,169.23,170.05,168.8,169.82,2993429,507306247.0
2010-01-04,sh.600519,172.0,172.0,169.31,169.94,4430488,753405635.0
2010-01-05,sh.600519,170.99,171.5,169.0,169.44,3151318,535720422.0
2010-01-06,sh.600519,168.99,169.5,166.31,166.76,3988903,666073283.0
2010-01-07,sh.600519,166.76,167.19,161.88,163.72,4882555,801445269.0
2010-01-08,sh.600519,164.0,164.0,160.1,162.0,3670209,593162176.0
2010-01-11,sh.600519,163.6,164.9,160.5,161.29,2446103,395563861.0
2010-01-12,sh.600519,161.45,166.17,160.61,165.65,3106340,509373871.0
2010-01-13,sh.600519,163.99,165.15,161.0,161.44,3792444,621261800.0
2010-01-14,sh.600519,162.0,169.2,162.0,168.54,4645464,775471608.0
2010-01-15,sh.600519,168.51,173.38,168.51,169.87,4593850,788328964.0
2010-01-18,sh.600519,170.0,172.26,169.9,170.98,2146153,368485894.0
2010-01-19,sh.600519,170.99,171.5,169.5,169.77,1781891,302797491.0
2010-01-20,sh.600519,169.91,170.15,165.8,165.92,2097295,353315689.0
2010-01-21,sh.600519,165.86,168.38,165.5,166.73,1725748,287779661.0
2010-01-22,sh.600519,166.6,167.29,161.89,164.13,2543294,416305093.0
2010-01-25,sh.600519,163.85,167.3,162.51,166.04,2323915,385581318.0
2010-01-26,sh.600519,168.27,170.17,164.6,166.7,3288916,553152669.0
2010-01-27,sh.600519,166.03,167.78,163.6,163.98,1931657,320765897.0
2010-01-28,sh.600519,163.86,170.35,163.5,169.2,3026752,507716302.0
2010-01-29,sh.600519,169.95,170.2,167.68,168.54,3717282,628192888.0
2010-02-01,sh.600519,168.88,169.58,167.01,168.89,2965594,499867002.0
2010-02-02,sh.600519,168.0,170.0,166.29,166.52,1549353,260426281.0
2010-02-03,sh.600519,166.21,168.1,164.2,165.93,2303465,382974414.0
2010-02-04,sh.600519,165.9,169.25,165.13,168.6,2247533,376703449.0
2010-02-05,sh.600519,167.61,171.88,167.0,171.25,2623430,445744684.0
2010-02-08,sh.600519,171.25,175.6,170.52,171.23,3149610,548228595.0
2010-02-09,sh.600519,172.0,173.33,170.53,171.11,1415124,243172993.0
2010-02-10,sh.600519,172.0,172.59,170.7,171.83,639814,109830207.0
2010-02-11,sh.600519,171.8,174.44,171.6,173.38,1494505,259254548.0
2010-02-12,sh.600519,173.97,174.2,172.2,173.09,934640,161899961.0
2010-02-22,sh.600519,173.0,173.1,169.07,169.08,1217808,207127846.0
2010-02-23,sh.600519,169.25,170.5,164.7,166.75,2356213,391601201.0
2010-02-24,sh.600519,166.76,168.6,165.5,167.92,990427,165405133.0
2010-02-25,sh.600519,166.9,170.0,166.9,168.25,1531396,258220826.0
2010-02-26,sh.600519,168.98,168.98,166.6,166.84,1033858,173028879.0
2010-03-01,sh.600519,166.45,167.45,165.99,166.24,2173474,361550327.0
2010-03-02,sh.600519,166.61,166.79,164.9,165.6,1718223,284524248.0
2010-03-03,sh.600519,165.99,166.24,164.93,165.66,1423286,235470730.0
2010-03-04,sh.600519,166.02,166.85,164.0,165.14,1416897,234440689.0
2010-03-05,sh.600519,165.15,165.45,164.28,164.41,977055,160821083.0
2010-03-08,sh.600519,164.48,164.98,162.8,163.18,2325944,380034354.0
2010-03-09,sh.600519,163.2,163.7,162.7,163.17,1234097,201437828.0
2010-03-10,sh.600519,163.27,163.7,162.9,163.66,1181406,192984027.0
2010-03-11,sh.600519,163.86,164.45,162.58,163.01,1351856,220769894.0
2010-03-12,sh.600519,163.02,163.67,161.59,161.92,1219227,197699619.0
2010-03-15,sh.600519,161.91,161.91,157.9,158.7,1580851,251338919.0
2010-03-16,sh.600519,158.7,159.65,157.9,158.94,776413,123284715.0
2010-03-17,sh.600519,158.98,160.58,158.9,160.51,1871093,298972351.0
2010-03-18,sh.600519,160.58,161.37,157.75,158.41,1472662,234364030.0
2010-03-19,sh.600519,158.88,159.34,158.0,158.76,1336163,212046433.0
2010-03-22,sh.600519,159.24,159.6,157.68,158.0,2300846,364454790.0
2010-03-23,sh.600519,157.81,158.48,156.92,157.28,1832990,288785264.0
2010-03-24,sh.600519,157.58,159.78,157.55,159.15,2017566,320611718.0
2010-03-25,sh.600519,158.9,158.9,157.8,157.9,981360,155141078.0
2010-03-26,sh.600519,158.17,160.88,158.08,159.66,2052737,328239751.0
2010-03-29,sh.600519,159.7,161.97,159.01,161.72,3147543,505626392.0
2010-03-30,sh.600519,161.76,161.96,159.5,160.01,1901210,304981145.0
2010-03-31,sh.600519,159.97,161.62,158.5,158.76,1490516,237596436.0
2010-04-01,sh.600519,158.78,160.5,158.76,160.06,2398083,383228783.0
2010-04-02,sh.600519,158.0,158.0,151.6,152.63,15428170,2359758883.0
2010-04-06,sh.600519,151.9,152.99,151.3,151.84,5312291,806704607.0
2010-04-07,sh.600519,151.87,152.85,151.22,152.13,4106108,623779291.0
2010-04-08,sh.600519,152.16,152.17,150.0,150.51,3292119,497205376.0
2010-04-09,sh.600519,150.01,150.6,147.79,149.14,5441818,809627274.0
2010-04-12,sh.600519,149.2,149.78,146.78,147.29,3851423,568871643.0
2010-04-13,sh.600519,147.4,150.99,146.9,149.88,5430527,807780230.0
2010-04-14,sh.600519,150.87,150.87,148.26,150.52,4636844,693802745.0
2010-04-15,sh.600519,150.65,150.65,147.0,147.48,4061730,602138292.0
2010-04-16,sh.600519,147.47,149.51,146.8,147.98,2939556,434500524.0
2010-04-19,sh.600519,148.01,149.55,145.85,146.16,4133219,609860437.0
2010-04-20,sh.600519,146.0,146.0,140.12,143.52,4938723,704502590.0
2010-04-21,sh.600519,143.5,148.21,141.71,148.02,6336587,922573405.0
2010-04-22,sh.600519,147.35,149.25,146.03,148.56,3706395,549560405.0
2010-04-23,sh.600519,148.0,149.6,143.1,143.83,6668694,972162191.0
2010-04-26,sh.600519,139.0,139.58,136.9,136.93,10703613,1480340425.0
2010-04-27,sh.600519,136.89,136.89,132.7,132.95,5823448,781868466.0
2010-04-28,sh.600519,132.0,133.4,131.0,132.13,2628743,347144556.0
2010-04-29,sh.600519,132.56,135.26,132.56,134.25,3450120,464124490.0
2010-04-30,sh.600519,131.43,131.43,127.75,129.03,8556670,1102902799.0
2010-05-04,sh.600519,127.99,129.56,126.89,128.64,2397516,308504586.0
2010-05-05,sh.600519,127.8,131.24,127.3,130.79,3383878,440483241.0
2010-05-06,sh.600519,131.0,131.0,127.3,127.35,2824034,364015607.0
2010-05-07,sh.600519,126.0,130.37,125.5,130.01,3125476,401357091.0
2010-05-10,sh.600519,132.0,136.0,132.0,133.54,6619258,888886062.0
2010-05-11,sh.600519,135.59,136.0,132.83,133.66,3363241,450668323.0
2010-05-12,sh.600519,133.29,134.0,130.0,133.18,2164319,285567368.0
2010-05-13,sh.600519,133.23,135.7,133.23,134.87,2704954,365164014.0
2010-05-14,sh.600519,134.88,136.11,134.0,134.95,1812616,245038802.0
2010-05-17,sh.600519,134.7,134.7,129.6,129.8,1764359,231880074.0
2010-05-18,sh.600519,130.0,130.97,126.18,130.11,2603747,334232104.0
2010-05-19,sh.600519,130.5,131.2,128.02,129.83,1079897,140244493.0
2010-05-20,sh.600519,129.45,133.33,129.01,131.48,2274045,300553538.0
2010-05-21,sh.600519,129.4,134.6,128.47,134.21,2734138,362007811.0
2010-05-24,sh.600519,134.99,136.5,134.3,135.97,2978347,404173639.0
2010-05-25,sh.600519,135.6,135.6,130.75,131.25,2205077,292444449.0
2010-05-26,sh.600519,131.5,132.66,130.16,131.94,1102531,145156073.0
2010-05-31,sh.600519,133.5,135.22,131.88,131.88,2354988,314717160.0
2010-06-01,sh.600519,131.75,133.46,130.5,132.63,2352557,311393511.0
2010-06-02,sh.600519,132.56,134.4,131.65,134.16,2188944,291694861.0
2010-06-03,sh.600519,134.99,136.5,133.4,135.03,2494942,338070633.0
2010-06-04,sh.600519,134.93,138.4,134.21,138.12,3003643,410658458.0
2010-06-07,sh.600519,137.0,142.27,136.0,141.06,3812507,535882247.0
2010-06-08,sh.600519,141.06,141.88,139.0,140.12,1439478,202331408.0
2010-06-09,sh.600519,140.22,142.6,140.08,141.42,1805393,255194304.0
2010-06-10,sh.600519,141.4,142.6,140.53,141.35,1178127,166835001.0
2010-06-11,sh.600519,141.57,142.5,138.56,138.71,1957275,274933803.0
2010-06-17,sh.600519,139.2,139.49,136.31,136.48,1252371,172316218.0
2010-06-18,sh.600519,136.01,136.8,131.01,132.26,2010229,270316817.0
2010-06-21,sh.600519,132.4,134.5,131.2,134.44,1895401,251513446.0
2010-06-22,sh.600519,133.26,133.94,131.4,132.19,2077910,275184084.0
2010-06-23,sh.600519,132.0,132.88,131.42,131.7,1281276,169174743.0
2010-06-24,sh.600519,131.91,132.47,129.68,129.97,2434403,317936253.0
2010-06-25,sh.600519,129.8,131.0,128.83,130.52,1901135,246313336.0
2010-06-28,sh.600519,130.2,130.22,127.81,128.01,1481698,190660624.0
2010-06-29,sh.600519,128.51,129.39,125.51,126.27,2778266,354061610.0
2010-06-30,sh.600519,126.0,127.5,125.65,127.36,1782412,225134758.0
2010-07-01,sh.600519,127.85,127.85,126.5,127.02,744969,94688255.0
2010-07-02,sh.600519,126.55,129.1,126.55,127.68,1645270,209978232.0
2010-07-05,sh.600519,126.5,126.8,124.56,125.81,1404074,176428087.0
2010-07-06,sh.600519,125.9,128.16,125.0,127.6,1530643,195146898.0
2010-07-07,sh.600519,127.6,128.5,126.5,127.32,878828,111689439.0
2010-07-08,sh.600519,127.11,128.5,127.11,128.32,851641,108893890.0
2010-07-09,sh.600519,128.58,132.2,127.71,131.06,2737851,357390425.0
2010-07-12,sh.600519,130.8,133.3,130.55,130.71,1783426,235347809.0
2010-07-13,sh.600519,130.74,130.74,128.51,129.55,743911,96225621.0
2010-07-14,sh.600519,129.4,131.16,129.03,130.24,964266,125763296.0
2010-07-15,sh.600519,130.5,133.2,130.35,131.83,1883333,248573676.0
2010-07-16,sh.600519,130.9,134.34,130.58,133.81,3294951,438987876.0
2010-07-19,sh.600519,133.05,136.2,132.91,135.8,1941232,261608074.0
2010-07-20,sh.600519,135.98,137.29,134.68,136.51,2688619,366053258.0
2010-07-21,sh.600519,136.51,140.4,136.51,137.88,2436302,338324505.0
2010-07-22,sh.600519,138.8,138.8,136.8,137.96,1622166,223560516.0
2010-07-23,sh.600519,138.18,141.02,138.18,140.71,3846600,539887868.0
2010-07-26,sh.600519,140.71,142.78,140.25,140.96,2201691,311555737.0
2010-07-27,sh.600519,140.1,142.18,140.1,142.0,2522904,357546813.0
2010-07-28,sh.600519,142.6,143.03,141.5,142.94,2774035,395352770.0
2010-07-29,sh.600519,142.93,143.1,139.16,139.42,4537287,636454908.0
2010-07-30,sh.600519,139.28,139.28,137.5,138.67,2943877,406203348.0
2010-08-02,sh.600519,138.63,145.26,138.63,143.55,4296573,614400254.0
2010-08-03,sh.600519,143.0,144.8,142.01,142.26,1757323,251858817.0
2010-08-04,sh.600519,142.0,144.2,141.72,144.02,1735013,249201032.0
2010-08-05,sh.600519,144.08,149.35,144.08,148.16,4196613,620781742.0
2010-08-06,sh.600519,147.8,148.8,147.2,148.2,2184053,323918732.0
2010-08-09,sh.600519,148.25,152.22,148.25,151.61,3870373,586147268.0
2010-08-10,sh.600519,151.61,153.59,146.5,146.76,2873994,427619893.0
2010-08-11,sh.600519,146.0,149.0,146.0,147.85,1519063,224550906.0
2010-08-12,sh.600519,147.8,151.9,146.21,148.92,3102587,463112778.0
2010-08-13,sh.600519,148.88,151.46,148.32,150.39,1577559,236758807.0
2010-08-16,sh.600519,150.41,153.29,150.41,152.9,2591045,395272912.0
2010-08-17,sh.600519,152.8,156.25,152.5,155.09,3574757,554777110.0
2010-08-18,sh.600519,154.98,156.42,152.3,152.84,3017378,464752257.0
2010-08-19,sh.600519,152.88,153.9,150.5,151.26,3543714,536485063.0
2010-08-20,sh.600519,151.19,151.19,148.48,148.89,2084159,311220147.0
2010-08-23,sh.600519,148.25,150.9,148.0,150.72,1321493,197952515.0
2010-08-24,sh.600519,150.32,152.99,149.1,151.42,1083825,164253365.0
2010-08-25,sh.600519,150.5,151.92,149.63,149.79,1650788,249067209.0
2010-08-26,sh.600519,149.9,150.55,148.5,150.37,1223254,183116485.0
2010-08-27,sh.600519,150.0,151.23,149.2,151.06,879939,132580368.0
2010-08-30,sh.600519,151.68,160.0,151.68,159.82,5378443,849497659.0
2010-08-31,sh.600519,158.53,160.99,157.88,159.23,3139997,501261374.0
2010-09-01,sh.600519,158.8,161.2,155.9,156.88,2558928,406904438.0
2010-09-02,sh.600519,158.0,162.08,157.87,159.99,2482198,399335601.0
2010-09-03,sh.600519,159.8,165.38,159.8,162.62,2776144,452832217.0
2010-09-06,sh.600519,164.0,168.6,164.0,166.72,2900844,485289346.0
2010-09-07,sh.600519,167.05,169.1,164.8,165.27,2237367,372434005.0
2010-09-08,sh.600519,165.0,167.5,165.0,166.48,1501080,250344694.0
2010-09-09,sh.600519,167.0,169.1,166.0,166.89,2150384,360593531.0
2010-09-10,sh.600519,167.5,169.9,166.5,169.49,1986768,335023684.0
2010-09-13,sh.600519,169.0,173.45,167.95,168.78,2806347,480493819.0
2010-09-14,sh.600519,168.75,170.22,165.6,167.29,2638343,441034013.0
2010-09-15,sh.600519,167.0,167.29,161.7,162.45,2103208,347008844.0
2010-09-16,sh.600519,162.1,164.05,156.89,159.34,2049773,327836606.0
2010-09-17,sh.600519,159.22,164.44,157.51,161.81,1797526,290800424.0
2010-09-20,sh.600519,162.86,166.0,162.0,164.65,1257607,206418537.0
2010-09-21,sh.600519,166.5,166.88,164.01,166.08,1494036,247684425.0
2010-09-27,sh.600519,166.1,169.0,165.3,168.83,1854846,310077012.0
2010-09-28,sh.600519,168.59,171.19,168.0,170.78,2258512,384574256.0
2010-09-29,sh.600519,170.4,171.55,167.01,167.16,1327200,225065386.0
2010-09-30,sh.600519,166.56,169.2,166.0,168.73,1457890,244719876.0
2010-10-08,sh.600519,169.0,175.5,169.0,173.53,3160889,549853018.0
2010-10-11,sh.600519,174.0,176.43,166.0,167.8,4374269,742024422.0
2010-10-12,sh.600519,167.81,169.98,164.29,166.6,2854304,473412980.0
2010-10-13,sh.600519,166.0,166.53,159.85,161.0,6028775,972450177.0
2010-10-14,sh.600519,161.02,161.3,156.81,158.44,5324373,842374776.0
2010-10-15,sh.600519,158.52,163.0,158.31,159.98,7209979,1152421933.0
2010-10-18,sh.600519,160.0,165.16,154.8,162.42,9656442,1522116994.0
2010-10-19,sh.600519,161.42,164.9,160.0,163.27,5344848,870135034.0
2010-10-20,sh.600519,160.1,168.9,160.09,167.41,4737289,788461639.0
2010-10-21,sh.600519,167.6,170.05,165.8,167.47,3762194,632118759.0
2010-10-22,sh.600519,167.48,171.6,166.66,168.11,4104654,697025656.0
2010-10-25,sh.600519,169.0,173.8,168.13,173.0,3619520,622609050.0
2010-10-26,sh.600519,172.8,172.88,168.01,169.01,2859063,484027261.0
2010-10-27,sh.600519,168.75,169.4,166.5,168.15,2891262,484076380.0
2010-10-28,sh.600519,167.9,168.3,166.73,167.04,1944068,325743881.0
2010-10-29,sh.600519,164.74,165.07,160.5,163.15,6546557,1064852159.0
2010-11-01,sh.600519,163.2,164.9,162.2,163.76,4965892,810910408.0
2010-11-02,sh.600519,164.52,164.52,161.59,162.67,6229217,1009953812.0
2010-11-03,sh.600519,163.0,165.65,161.5,163.35,4225317,693876483.0
2010-11-04,sh.600519,163.95,165.54,162.78,165.05,4462919,732196946.0
2010-11-05,sh.600519,165.3,166.0,163.3,163.98,3465491,569207561.0
2010-11-08,sh.600519,163.99,164.0,161.25,163.49,5689413,922801037.0
2010-11-09,sh.600519,163.6,166.59,162.72,165.86,6073790,1002019514.0
2010-11-10,sh.600519,166.6,182.45,166.5,179.73,15000509,2670067328.0
2010-11-11,sh.600519,181.99,181.99,174.11,175.92,7421720,1322968333.0
2010-11-12,sh.600519,175.55,188.08,175.52,177.53,12650029,2298576167.0
2010-11-15,sh.600519,181.99,188.0,181.99,183.69,7903878,1458250426.0
2010-11-16,sh.600519,185.99,186.0,174.5,177.19,7229177,1294350638.0
2010-11-17,sh.600519,175.9,175.9,163.8,165.0,8050906,1362362423.0
2010-11-18,sh.600519,166.55,170.97,166.0,169.49,4028604,680881283.0
2010-11-19,sh.600519,171.1,176.0,170.21,175.16,4895475,848958178.0
2010-11-22,sh.600519,174.88,182.38,173.8,178.51,4794081,857696481.0
2010-11-23,sh.600519,178.38,189.2,176.2,189.04,10846981,1995630382.0
2010-11-24,sh.600519,192.0,206.6,192.0,199.92,11079930,2220954810.0
2010-11-25,sh.600519,200.53,203.62,197.0,202.97,4557974,916382376.0
2010-11-26,sh.600519,202.97,212.67,200.61,207.24,6379942,1324934628.0
2010-11-29,sh.600519,205.25,222.0,205.25,216.43,6749939,1441023288.0
2010-11-30,sh.600519,216.37,216.37,200.33,204.81,6566539,1356812148.0
2010-12-01,sh.600519,203.0,208.0,200.02,202.4,3801622,773495042.0
2010-12-02,sh.600519,204.2,206.0,197.91,198.17,4294009,864862808.0
2010-12-03,sh.600519,198.0,203.49,197.7,199.79,4303732,863905870.0
2010-12-06,sh.600519,199.85,202.0,190.11,193.02,4328158,839963278.0
2010-12-07,sh.600519,191.89,198.8,189.86,197.56,3180480,621615004.0
2010-12-08,sh.600519,197.5,201.8,196.01,196.18,2833468,564539229.0
2010-12-09,sh.600519,195.99,196.78,192.3,195.26,2446140,474949022.0
2010-12-10,sh.600519,193.35,198.88,191.0,197.72,3958731,766519126.0
2010-12-13,sh.600519,197.5,197.5,193.5,196.99,5859283,1144043372.0
2010-12-14,sh.600519,197.31,201.5,196.8,197.91,6154272,1224103219.0
2010-12-15,sh.600519,198.0,203.33,198.0,200.7,4742380,953073582.0
2010-12-16,sh.600519,211.99,212.5,206.5,206.98,6681758,1396868342.0
2010-12-17,sh.600519,208.0,209.2,203.81,204.42,5176982,1060471130.0
2010-12-20,sh.600519,205.98,206.66,194.0,197.38,6855725,1361002093.0
2010-12-21,sh.600519,197.35,197.61,193.01,194.0,5935942,1153389514.0
2010-12-22,sh.600519,194.07,194.49,190.0,190.95,4415122,845830946.0
2010-12-23,sh.600519,190.85,192.7,190.0,190.71,3274389,626262013.0
2010-12-24,sh.600519,190.71,190.91,187.0,188.72,2940852,553596991.0
2010-12-27,sh.600519,189.0,189.99,182.31,182.99,4524640,844631482.0
2010-12-28,sh.600519,183.0,186.6,177.4,183.26,4817644,873676036.0
2010-12-29,sh.600519,183.1,186.07,182.0,186.0,3096760,569651391.0
2010-12-30,sh.600519,186.5,186.5,180.2,181.93,4177468,760950273.0
2010-12-31,sh.600519,181.8,184.28,181.05,183.92,4608487,843075733.0
2011-01-04,sh.600519,186.9,187.9,182.6,185.5,6046226,1116558389.0
2011-01-05,sh.600519,184.9,185.4,180.5,181.08,5819802,1064872709.0
2011-01-06,sh.600519,181.21,183.6,178.44,180.24,3758456,677983969.0
2011-01-07,sh.600519,180.18,181.69,178.5,179.72,3053380,548732363.0
2011-01-10,sh.600519,179.62,180.51,174.14,174.31,3878483,687881571.0
2011-01-11,sh.600519,173.68,175.5,171.21,173.56,4532210,787943021.0
2011-01-12,sh.600519,174.1,176.0,172.41,174.47,3132325,546334112.0
2011-01-13,sh.600519,175.5,181.0,174.49,179.49,4134174,740207616.0
2011-01-14,sh.600519,178.95,181.21,177.3,180.19,2577266,461741103.0
2011-01-17,sh.600519,179.7,182.2,175.02,175.59,3747516,673586235.0
2011-01-18,sh.600519,175.1,182.61,173.99,182.56,4096235,738283975.0
2011-01-19,sh.600519,182.56,183.57,181.11,182.83,2619867,478032606.0
2011-01-20,sh.600519,182.3,183.99,178.25,180.07,2452305,444085191.0
2011-01-21,sh.600519,179.8,181.5,175.66,175.89,2686737,479005923.0
2011-01-24,sh.600519,175.87,177.48,170.01,171.52,3477549,601578015.0
2011-01-25,sh.600519,170.98,172.4,170.0,170.7,1723864,294978979.0
2011-01-26,sh.600519,171.01,173.99,171.01,172.14,1432571,247045171.0
2011-01-27,sh.600519,171.96,175.28,169.58,173.06,2944427,507387589.0
2011-01-28,sh.600519,173.01,174.13,172.38,173.34,1959143,339796042.0
2011-01-31,sh.600519,173.5,180.92,173.01,177.99,3244243,577621803.0
2011-02-01,sh.600519,178.0,181.85,177.5,180.28,1775846,319648600.0
2011-02-09,sh.600519,179.99,180.81,177.0,177.96,1767531,317003717.0
2011-02-10,sh.600519,177.35,185.99,177.3,185.03,3600875,656695297.0
2011-02-11,sh.600519,184.74,188.45,184.29,184.93,3400141,634257226.0
2011-02-14,sh.600519,184.93,188.0,183.9,187.11,3663915,681621643.0
2011-02-15,sh.600519,187.11,188.8,184.8,185.24,2971640,554140643.0
2011-02-16,sh.600519,185.01,185.99,181.7,183.68,3644018,667440837.0
2011-02-17,sh.600519,183.0,183.7,180.83,181.26,3636380,662075979.0
2011-02-18,sh.600519,180.8,185.45,180.3,181.98,3682873,676343235.0
2011-02-21,sh.600519,182.0,184.8,181.2,183.48,2728985,498811371.0
2011-02-22,sh.600519,183.48,185.25,181.0,181.88,3829380,701713006.0
2011-02-23,sh.600519,181.11,183.47,181.11,182.76,1942229,353816777.0
2011-02-24,sh.600519,182.58,183.47,181.12,182.15,2047631,373539569.0
2011-02-25,sh.600519,182.88,182.88,179.2,179.62,2941343,532482186.0
2011-02-28,sh.600519,179.3,179.46,176.0,178.68,3909310,693295724.0
2011-03-01,sh.600519,178.71,179.93,177.8,178.64,2305941,411728226.0
2011-03-02,sh.600519,178.2,179.0,176.01,177.21,3209550,569125294.0
2011-03-03,sh.600519,177.27,178.69,174.75,175.0,3773509,663456221.0
2011-03-04,sh.600519,175.0,176.78,174.5,175.93,3335119,587411610.0
2011-03-07,sh.600519,175.84,177.53,175.84,177.38,3355369,593119911.0
2011-03-08,sh.600519,177.43,177.6,174.8,176.72,3186955,560058561.0
2011-03-09,sh.600519,177.49,178.2,176.05,177.99,2297146,406818003.0
2011-03-10,sh.600519,177.97,184.2,177.38,182.0,5449213,991540447.0
2011-03-11,sh.600519,181.6,183.4,179.89,180.04,2334545,424871796.0
2011-03-14,sh.600519,179.52,184.0,179.11,182.88,2237298,408383265.0
2011-03-15,sh.600519,181.64,183.22,177.03,179.27,3089855,554199756.0
2011-03-16,sh.600519,179.6,182.97,179.31,181.84,2417624,438681962.0
2011-03-17,sh.600519,180.9,189.53,180.18,189.03,8852277,1653009378.0
2011-03-18,sh.600519,189.55,194.1,187.13,191.15,6148407,1175141410.0
2011-03-21,sh.600519,189.8,190.98,184.55,187.13,4865124,910057839.0
2011-03-22,sh.600519,188.38,189.98,185.2,185.75,2788755,521369663.0
2011-03-23,sh.600519,186.01,186.69,183.5,186.54,4288185,792668100.0
2011-03-24,sh.600519,186.3,186.55,183.5,183.55,2135318,393924337.0
2011-03-25,sh.600519,183.0,185.58,183.0,183.43,2790552,513404256.0
2011-03-28,sh.600519,183.55,184.4,180.49,180.91,4029587,731053019.0
2011-03-29,sh.600519,181.0,181.3,178.5,178.95,2652330,476995781.0
2011-03-30,sh.600519,178.94,180.26,178.3,178.71,2060299,368964875.0
2011-03-31,sh.600519,178.71,182.8,178.5,179.85,1752586,316949399.0
2011-04-01,sh.600519,179.98,181.35,178.55,179.46,1822749,326554075.0
2011-04-06,sh.600519,179.4,179.9,176.71,176.98,2877481,510620637.0
2011-04-07,sh.600519,176.2,177.0,174.78,174.94,4683074,820484804.0
2011-04-08,sh.600519,174.96,176.5,174.8,175.66,2182315,383817086.0
2011-04-11,sh.600519,175.45,178.65,175.11,177.49,2617314,463960298.0
2011-04-12,sh.600519,177.5,179.34,176.7,177.42,3494568,623251647.0
2011-04-13,sh.600519,177.3,179.0,177.02,178.33,2938919,522953556.0
2011-04-14,sh.600519,178.3,178.5,175.48,175.74,3662196,644626738.0
2011-04-15,sh.600519,175.97,176.99,170.77,172.38,5332701,919620925.0
2011-04-18,sh.600519,172.18,173.39,171.21,173.06,1960899,338287704.0
2011-04-19,sh.600519,173.06,174.64,171.49,173.38,2288067,395248447.0
2011-04-20,sh.600519,173.38,175.18,173.0,174.8,2250928,392495921.0
2011-04-21,sh.600519,175.0,177.59,174.71,174.86,2868434,505336037.0
2011-04-22,sh.600519,175.5,176.4,174.53,176.15,1450023,254794864.0
2011-04-25,sh.600519,180.0,185.08,179.5,183.06,7022553,1280812447.0
2011-04-26,sh.600519,183.0,183.5,180.88,181.17,3109542,565862126.0
2011-04-27,sh.600519,181.6,185.0,181.0,181.15,2774847,508713443.0
2011-04-28,sh.600519,182.1,182.58,177.8,178.42,2535717,455048059.0
2011-04-29,sh.600519,178.4,183.09,177.68,182.31,2208382,401140719.0
2011-05-03,sh.600519,183.0,186.8,182.0,185.86,4127082,764382818.0
2011-05-04,sh.600519,184.49,188.08,183.44,183.5,3252106,604784367.0
2011-05-05,sh.600519,183.51,187.5,183.01,184.95,2669349,496448129.0
2011-05-06,sh.600519,184.0,187.0,183.01,185.81,2396065,444808841.0
2011-05-09,sh.600519,186.58,187.49,183.9,184.16,1217595,225581746.0
2011-05-10,sh.600519,184.07,184.5,182.78,183.59,1591880,292606289.0
2011-05-11,sh.600519,183.02,186.3,183.02,185.27,1289667,238855455.0
2011-05-12,sh.600519,185.0,189.5,184.6,187.32,2502771,470405158.0
2011-05-13,sh.600519,187.35,188.99,185.5,187.66,1225320,229207566.0
2011-05-16,sh.600519,187.5,188.98,186.5,187.67,1150557,216417130.0
2011-05-17,sh.600519,187.02,190.3,186.0,187.63,2086644,393848458.0
2011-05-18,sh.600519,187.3,197.44,187.3,194.95,6216505,1212084674.0
2011-05-19,sh.600519,196.0,201.65,196.0,199.88,8573805,1716471110.0
2011-05-20,sh.600519,200.7,201.66,198.81,200.83,4004386,801739991.0
2011-05-23,sh.600519,200.0,202.75,197.0,197.03,3942088,783913346.0
2011-05-24,sh.600519,195.51,197.5,194.5,194.61,2399707,470085883.0
2011-05-26,sh.600519,194.8,202.79,194.8,198.69,3897036,779314782.0
2011-05-27,sh.600519,199.88,200.78,193.21,193.74,3172958,626618182.0
2011-05-30,sh.600519,192.18,202.58,191.77,202.53,4728600,942388980.0
2011-05-31,sh.600519,202.65,203.98,201.3,203.8,3385483,685945963.0
2011-06-01,sh.600519,204.1,209.98,203.02,209.89,3909376,813188052.0
2011-06-02,sh.600519,208.5,209.66,203.6,206.59,3958543,818431995.0
2011-06-03,sh.600519,206.02,212.7,206.02,211.61,2948396,618505293.0
2011-06-07,sh.600519,211.98,211.99,206.28,207.87,2687617,559703875.0
2011-06-08,sh.600519,207.55,209.7,203.58,208.74,2507047,517190772.0
2011-06-09,sh.600519,208.05,208.3,201.76,201.82,3617970,737042713.0
2011-06-10,sh.600519,201.5,204.49,199.8,202.56,3427917,692444753.0
2011-06-13,sh.600519,202.5,203.9,198.8,201.49,2800457,562464133.0
2011-06-14,sh.600519,201.47,204.98,200.5,204.46,3748788,758192892.0
2011-06-15,sh.600519,204.02,204.47,202.19,203.21,1640856,333131863.0
2011-06-16,sh.600519,202.2,205.29,200.22,203.02,1773147,359795619.0
2011-06-17,sh.600519,203.5,209.99,202.65,208.63,3341100,690941504.0
2011-06-20,sh.600519,208.1,208.28,201.0,203.46,2990915,611059058.0
2011-06-21,sh.600519,202.03,204.84,202.03,203.3,1273817,259198214.0
2011-06-22,sh.600519,203.2,207.48,203.2,205.93,1618853,333499822.0
2011-06-23,sh.600519,205.3,209.2,205.0,207.99,2028098,421820426.0
2011-06-24,sh.600519,207.85,210.15,205.35,206.44,3706850,770684579.0
2011-06-27,sh.600519,207.2,208.96,205.78,208.27,2319042,480816709.0
2011-06-28,sh.600519,209.0,211.87,207.22,210.45,2554048,536916003.0
2011-06-29,sh.600519,210.88,212.88,207.9,210.94,1959670,412274520.0
2011-06-30,sh.600519,210.02,213.3,210.02,212.63,3270121,694508280.0
2011-07-01,sh.600519,192.5,192.5,189.9,191.63,1581050,302002762.0
2011-07-04,sh.600519,191.21,193.33,190.8,193.02,4633841,888995936.0
2011-07-05,sh.600519,193.0,193.02,189.8,191.43,2705785,516722478.0
2011-07-06,sh.600519,190.98,192.0,190.11,191.07,1975377,377527543.0
2011-07-07,sh.600519,191.0,196.08,191.0,194.11,4095675,793379763.0
2011-07-08,sh.600519,194.35,195.48,192.95,194.08,1718381,333151331.0
2011-07-11,sh.600519,194.06,198.07,193.45,196.83,2561574,502438508.0
2011-07-12,sh.600519,196.32,196.83,193.64,193.74,2848826,554927096.0
2011-07-13,sh.600519,194.09,195.49,193.36,194.59,2210907,429986678.0
2011-07-14,sh.600519,194.59,194.8,192.8,193.25,2482217,480420222.0
2011-07-15,sh.600519,192.59,195.79,192.59,195.15,1776389,346071487.0
2011-07-18,sh.600519,195.2,200.44,195.2,198.96,2852341,566196215.0
2011-07-19,sh.600519,198.9,200.03,197.2,198.84,2027661,403182838.0
2011-07-20,sh.600519,199.99,200.48,198.5,199.89,1896708,378689393.0
2011-07-21,sh.600519,200.17,205.5,200.0,203.43,4767686,968173564.0
2011-07-22,sh.600519,203.16,208.88,203.16,206.28,4986088,1029115254.0
2011-07-25,sh.600519,207.0,207.68,202.51,203.65,3526043,720951264.0
2011-07-26,sh.600519,203.5,203.99,202.0,203.56,2479175,503434823.0
2011-07-27,sh.600519,203.89,207.5,202.66,204.32,3067625,630035091.0
2011-07-28,sh.600519,203.89,207.9,202.0,207.75,2292323,468616881.0
2011-07-29,sh.600519,207.5,207.5,205.3,206.69,1910416,394180474.0
2011-08-01,sh.600519,207.33,207.33,202.8,203.38,1857289,378447567.0
2011-08-02,sh.600519,202.2,202.75,198.55,201.11,2784958,555745763.0
2011-08-03,sh.600519,199.21,202.8,199.0,201.79,1706132,344076872.0
2011-08-04,sh.600519,202.5,205.69,201.8,204.98,1777327,363287270.0
2011-08-05,sh.600519,200.08,205.6,200.08,203.13,2131985,433966204.0
2011-08-08,sh.600519,201.01,205.1,198.0,199.66,3688434,740883138.0
2011-08-09,sh.600519,196.44,203.0,193.0,201.1,3692433,726671479.0
2011-08-10,sh.600519,202.4,206.49,199.75,205.7,3843626,782644219.0
2011-08-11,sh.600519,204.0,215.6,204.0,214.7,6194915,1301728291.0
2011-08-12,sh.600519,215.0,217.6,213.0,216.77,3946631,851693649.0
2011-08-15,sh.600519,217.2,218.79,211.92,213.3,2945063,630341327.0
2011-08-16,sh.600519,213.65,215.28,208.27,209.69,3749156,788423427.0
2011-08-17,sh.600519,210.0,211.49,208.72,209.85,1355328,284382051.0
2011-08-18,sh.600519,209.31,209.85,206.36,208.2,2934173,609082956.0
2011-08-19,sh.600519,206.9,210.15,206.55,209.9,3748808,780729993.0
2011-08-22,sh.600519,210.1,210.9,203.6,204.31,2816438,581020716.0
2011-08-23,sh.600519,203.99,206.2,203.4,204.93,2357921,482616543.0
2011-08-24,sh.600519,205.0,207.99,204.09,205.8,1795707,370146593.0
2011-08-25,sh.600519,207.5,208.5,205.01,207.42,3008305,623188931.0
2011-08-26,sh.600519,207.38,212.99,206.85,212.88,2274888,477352661.0
2011-08-29,sh.600519,212.0,215.98,209.5,215.27,2608244,558335962.0
2011-08-30,sh.600519,215.5,217.43,213.01,214.82,2881601,619557333.0
2011-08-31,sh.600519,218.8,219.5,214.5,214.77,5001461,1079339679.0
2011-09-01,sh.600519,214.7,215.48,210.5,211.48,2568961,544632806.0
2011-09-02,sh.600519,210.86,212.2,209.9,211.86,1383257,292111762.0
2011-09-05,sh.600519,211.19,211.38,206.5,207.27,2734484,569905681.0
2011-09-06,sh.600519,206.0,208.3,202.28,203.01,3209469,656690808.0
2011-09-07,sh.600519,203.6,207.88,203.5,207.59,2008770,412012245.0
2011-09-08,sh.600519,208.0,208.99,205.62,205.87,1318267,274052384.0
2011-09-09,sh.600519,206.56,209.68,203.99,207.08,1422719,294079503.0
2011-09-13,sh.600519,204.59,206.0,201.08,201.63,1894913,384543767.0
2011-09-14,sh.600519,203.0,203.28,194.17,197.95,4762579,940641402.0
2011-09-15,sh.600519,198.0,200.2,197.77,198.49,1912200,380380017.0
2011-09-16,sh.600519,199.49,203.13,198.0,202.92,1802927,361574736.0
2011-09-19,sh.600519,203.7,204.5,201.92,202.72,1535204,311793484.0
2011-09-20,sh.600519,202.7,202.7,199.5,200.84,1278463,256651648.0
2011-09-21,sh.600519,200.82,205.03,200.5,204.36,2464016,501953365.0
2011-09-22,sh.600519,203.0,203.88,197.3,197.66,2433610,489514705.0
2011-09-23,sh.600519,194.1,196.0,189.89,194.05,7653720,1476263517.0
2011-09-26,sh.600519,191.86,194.25,188.0,188.12,4221118,803193662.0
2011-09-27,sh.600519,189.97,191.64,187.67,189.46,2474981,468028768.0
2011-09-28,sh.600519,190.8,190.8,186.23,187.12,3238984,611544825.0
2011-09-29,sh.600519,184.9,191.0,184.9,187.09,3003061,563567697.0
2011-09-30,sh.600519,187.16,191.1,187.16,190.59,1826966,346902283.0
2011-10-10,sh.600519,190.88,191.8,187.63,188.0,1428391,270790788.0
2011-10-11,sh.600519,191.99,191.99,183.0,186.97,2058625,387171386.0
2011-10-12,sh.600519,186.5,192.6,184.43,192.04,2977855,563092939.0
2011-10-13,sh.600519,192.04,194.84,190.0,192.07,2396172,460883857.0
2011-10-14,sh.600519,191.05,192.78,189.8,191.44,1246836,238319748.0
2011-10-17,sh.600519,192.17,197.51,191.6,197.14,2600851,509046255.0
2011-10-18,sh.600519,195.34,199.37,195.01,196.42,2278575,451487836.0
2011-10-19,sh.600519,197.42,201.5,197.0,198.12,2265785,451701350.0
2011-10-20,sh.600519,197.0,198.56,190.6,191.1,2931263,569297369.0
2011-10-21,sh.600519,190.66,195.0,190.66,194.39,1711645,330777243.0
2011-10-24,sh.600519,195.8,201.11,194.4,200.55,3239068,638275445.0
2011-10-25,sh.600519,199.2,203.33,199.2,200.62,3204192,643502583.0
2011-10-26,sh.600519,199.88,202.08,198.71,201.86,2949276,591834128.0
2011-10-27,sh.600519,202.05,204.36,201.54,202.0,2010454,407006042.0
2011-10-28,sh.600519,203.51,206.8,203.51,205.01,2605660,533715365.0
2011-10-31,sh.600519,205.3,206.18,202.68,204.21,2812199,574616414.0
2011-11-01,sh.600519,203.18,207.5,202.51,207.19,2714739,559038584.0
2011-11-02,sh.600519,204.95,209.65,204.6,209.57,2664701,550968563.0
2011-11-03,sh.600519,211.07,211.5,207.17,207.28,3046590,636306542.0
2011-11-04,sh.600519,207.88,210.0,206.33,207.76,1854675,384686866.0
2011-11-07,sh.600519,208.2,208.7,206.56,206.8,1657390,344437182.0
2011-11-08,sh.600519,207.66,207.93,203.98,204.75,2554641,525028363.0
2011-11-09,sh.600519,204.9,206.66,202.5,204.12,2469607,506506704.0
2011-11-10,sh.600519,203.29,205.6,203.13,205.01,1461770,298980855.0
2011-11-11,sh.600519,205.01,205.15,203.03,203.97,1169264,238543944.0
2011-11-14,sh.600519,205.49,208.15,204.2,207.26,1798624,371343631.0
2011-11-15,sh.600519,207.6,207.95,203.0,203.93,1778226,364242671.0
2011-11-16,sh.600519,203.95,203.95,199.9,200.77,2954580,592948956.0
2011-11-17,sh.600519,200.85,203.6,200.31,201.84,1558904,315328822.0
2011-11-18,sh.600519,201.88,202.88,199.7,200.57,1990746,401272250.0
2011-11-21,sh.600519,200.7,203.4,200.11,200.87,1838975,370926323.0
2011-11-22,sh.600519,200.89,206.89,200.6,206.07,3565252,729198883.0
2011-11-23,sh.600519,205.62,209.3,205.62,209.11,3153785,656169793.0
2011-11-24,sh.600519,208.6,209.18,207.5,207.69,2655899,554286399.0
2011-11-25,sh.600519,207.75,213.34,207.0,209.98,4023570,848244760.0
2011-11-28,sh.600519,210.31,214.77,209.31,213.87,5337998,1136929564.0
2011-11-29,sh.600519,213.8,216.09,211.8,212.56,4135500,884545013.0
2011-11-30,sh.600519,212.88,214.78,208.8,210.06,4026323,850997830.0
2011-12-01,sh.600519,213.2,215.19,210.27,212.84,3378549,719311327.0
2011-12-02,sh.600519,212.0,216.2,212.0,214.03,2726718,584935196.0
2011-12-05,sh.600519,214.45,214.45,206.4,206.72,3902560,816027278.0
2011-12-06,sh.600519,206.51,206.55,201.7,203.67,3715216,756470593.0
2011-12-07,sh.600519,203.7,206.5,203.7,205.7,2733376,562146777.0
2011-12-08,sh.600519,205.9,208.6,202.88,203.0,2466108,506265018.0
2011-12-09,sh.600519,202.85,203.85,199.7,199.82,3674573,737854853.0
2011-12-12,sh.600519,199.82,200.9,196.89,197.54,2952692,585362504.0
2011-12-13,sh.600519,196.92,197.98,195.98,196.25,2999583,591182085.0
2011-12-14,sh.600519,196.25,200.0,196.25,197.84,2081322,412444014.0
2011-12-15,sh.600519,196.87,198.88,195.05,196.98,2188003,430851248.0
2011-12-16,sh.600519,198.0,201.98,197.99,201.78,3064900,614353385.0
2011-12-19,sh.600519,200.97,201.39,199.3,201.0,2545636,510463389.0
2011-12-20,sh.600519,201.0,202.8,198.5,200.24,1710630,342834670.0
2011-12-21,sh.600519,201.18,201.48,196.98,197.23,2196281,437207569.0
2011-12-22,sh.600519,197.5,200.92,195.8,199.67,1744332,346785291.0
2011-12-23,sh.600519,199.9,201.4,199.0,200.76,1760956,353128167.0
2011-12-26,sh.600519,200.61,200.62,192.3,193.12,4699504,918253511.0
2011-12-27,sh.600519,193.0,193.0,188.32,189.03,3131498,594898815.0
2011-12-28,sh.600519,188.3,190.5,186.49,190.23,2773843,524088087.0
2011-12-29,sh.600519,189.1,192.89,189.1,192.21,2006213,384717995.0
2011-12-30,sh.600519,192.7,194.88,190.0,193.3,2946086,569875567.0
2012-01-04,sh.600519,191.5,192.77,185.0,185.27,3387828,637232812.0
2012-01-05,sh.600519,184.0,185.2,182.36,183.15,3012264,553347012.0
2012-01-06,sh.600519,183.1,188.05,181.65,186.64,2519062,464647453.0
2012-01-09,sh.600519,186.0,188.09,181.77,188.01,2616016,483282452.0
2012-01-10,sh.600519,187.0,194.66,186.11,194.48,3923560,749263279.0
2012-01-11,sh.600519,192.95,193.89,189.3,189.68,3989116,761167931.0
2012-01-12,sh.600519,188.58,191.56,188.58,190.35,2744036,522231553.0
2012-01-13,sh.600519,190.7,191.2,187.52,188.69,2054230,387615921.0
2012-01-16,sh.600519,187.38,187.38,175.66,177.41,5165579,933514133.0
2012-01-17,sh.600519,177.9,181.98,170.9,180.44,6122764,1077158896.0
2012-01-18,sh.600519,181.42,185.18,176.66,177.38,4729465,858725547.0
2012-01-19,sh.600519,177.89,181.6,175.51,180.7,2432942,437246157.0
2012-01-20,sh.600519,182.0,186.2,182.0,185.97,2968320,548292985.0
2012-01-30,sh.600519,185.99,186.99,183.06,183.8,3055021,563162776.0
2012-01-31,sh.600519,184.42,186.6,184.35,186.41,1585470,294490836.0
2012-02-01,sh.600519,186.2,188.52,184.88,186.15,2482436,464159684.0
2012-02-02,sh.600519,186.15,187.0,184.28,186.43,2037511,378596177.0
2012-02-03,sh.600519,186.46,186.6,183.49,186.48,2651789,490438844.0
2012-02-06,sh.600519,186.61,188.76,185.8,188.54,2974767,557205041.0
2012-02-07,sh.600519,187.3,188.45,185.4,185.86,1794210,334371756.0
2012-02-08,sh.600519,185.86,189.0,185.08,188.29,2308220,432175419.0
2012-02-09,sh.600519,188.0,191.15,187.66,190.75,3138479,596916589.0
2012-02-10,sh.600519,189.53,192.4,189.1,190.51,2227637,425266909.0
2012-02-13,sh.600519,189.5,195.17,188.66,193.42,2163921,416409710.0
2012-02-14,sh.600519,192.69,194.66,191.8,193.82,1514248,292922052.0
2012-02-15,sh.600519,192.73,195.9,192.73,194.8,2471409,481676731.0
2012-02-16,sh.600519,193.52,194.8,190.6,191.72,2201602,424963025.0
2012-02-17,sh.600519,193.88,193.88,190.37,191.44,1228791,235751780.0
2012-02-20,sh.600519,192.96,193.67,190.8,190.86,1853002,356774753.0
2012-02-21,sh.600519,191.79,192.58,190.4,191.95,1378929,264260509.0
2012-02-22,sh.600519,192.76,193.5,190.98,192.76,2235227,429952037.0
2012-02-23,sh.600519,192.52,195.04,192.52,194.31,3343326,649316717.0
2012-02-24,sh.600519,194.18,198.21,194.15,198.08,2394408,471970592.0
2012-02-27,sh.600519,198.78,200.02,197.5,198.5,2656235,528808015.0
2012-02-28,sh.600519,199.43,200.95,198.56,200.74,2569800,514122721.0
2012-02-29,sh.600519,201.0,205.0,200.5,204.46,3943224,802601071.0
2012-03-01,sh.600519,203.52,205.47,202.39,202.58,1692079,345438323.0
2012-03-02,sh.600519,202.63,203.7,199.51,200.9,3521672,706746810.0
2012-03-05,sh.600519,200.85,200.88,198.6,199.84,3055381,609500901.0
2012-03-06,sh.600519,199.0,199.84,196.0,196.05,3147400,621286494.0
2012-03-07,sh.600519,194.72,195.59,192.98,193.13,2919886,567286770.0
2012-03-08,sh.600519,193.21,196.11,192.98,194.44,2357465,458505182.0
2012-03-09,sh.600519,194.69,200.12,194.2,199.93,2923934,578119773.0
2012-03-12,sh.600519,200.12,201.61,199.03,200.54,2568162,514548199.0
2012-03-13,sh.600519,200.1,203.3,200.1,201.66,1831624,370157885.0
2012-03-14,sh.600519,201.59,204.05,198.0,198.67,4069986,820433738.0
2012-03-15,sh.600519,199.04,202.4,198.6,198.93,2809496,562966952.0
2012-03-16,sh.600519,200.79,208.0,200.3,207.59,5158356,1060740607.0
2012-03-19,sh.600519,207.8,211.57,205.57,207.64,4563576,952934077.0
2012-03-20,sh.600519,207.55,209.1,206.11,207.75,2340021,486464276.0
2012-03-21,sh.600519,207.8,209.0,203.86,205.1,2952771,607930947.0
2012-03-22,sh.600519,204.32,206.9,204.29,205.35,833187,171049550.0
2012-03-23,sh.600519,207.5,212.55,207.5,212.02,5487370,1159278435.0
2012-03-26,sh.600519,211.12,215.9,211.1,215.2,3765379,807094326.0
2012-03-27,sh.600519,210.22,210.99,201.0,201.5,7910614,1635757954.0
2012-03-28,sh.600519,199.0,205.0,198.31,201.4,5546101,1116354644.0
2012-03-29,sh.600519,200.8,205.5,200.0,201.15,3698279,751200412.0
2012-03-30,sh.600519,201.16,202.99,195.0,196.96,3795990,749355396.0
2012-04-05,sh.600519,196.1,206.4,196.1,206.0,4096098,831105661.0
2012-04-06,sh.600519,205.62,208.08,205.53,207.97,2672989,553032996.0
2012-04-09,sh.600519,207.55,209.92,205.6,209.26,1447453,300301660.0
2012-04-10,sh.600519,209.28,209.78,205.11,208.11,1664063,344431373.0
2012-04-11,sh.600519,205.0,211.5,203.51,208.85,3146072,655577444.0
2012-04-12,sh.600519,208.85,212.52,206.68,212.42,2842297,597232641.0
2012-04-13,sh.600519,212.5,214.05,211.4,213.03,2052730,436617432.0
2012-04-16,sh.600519,212.5,215.4,211.59,212.83,2089329,447725423.0
2012-04-17,sh.600519,212.84,213.01,210.0,210.18,1787226,377050666.0
2012-04-18,sh.600519,210.41,214.8,210.0,213.86,2281545,485407318.0
2012-04-19,sh.600519,213.78,214.37,207.81,209.48,2182370,459867207.0
2012-04-20,sh.600519,208.3,213.35,208.3,212.5,1704631,360265741.0
2012-04-23,sh.600519,211.72,214.27,209.86,211.84,1328165,281175038.0
2012-04-24,sh.600519,212.19,213.01,209.94,211.52,2178206,459834811.0
2012-04-25,sh.600519,212.45,213.26,210.0,212.92,1552942,329552763.0
2012-04-26,sh.600519,214.25,217.0,213.5,216.69,3501976,753334296.0
2012-04-27,sh.600519,216.69,225.48,216.69,224.56,4272823,954712957.0
2012-05-02,sh.600519,226.0,226.57,222.0,225.98,3533975,793434507.0
2012-05-03,sh.600519,225.98,227.3,223.61,226.69,2565446,579082874.0
2012-05-04,sh.600519,226.5,234.88,226.5,234.0,3187943,734789680.0
2012-05-07,sh.600519,234.8,237.76,233.28,234.51,3424466,805751890.0
2012-05-08,sh.600519,234.45,234.85,229.38,234.11,3666491,851128752.0
2012-05-09,sh.600519,231.12,232.65,227.2,230.83,3290959,756259728.0
2012-05-10,sh.600519,231.0,231.0,226.95,227.7,3057404,697959454.0
2012-05-11,sh.600519,228.0,228.5,225.9,227.69,2326071,528011697.0
2012-05-14,sh.600519,228.0,228.0,220.61,222.18,3879704,863502637.0
2012-05-15,sh.600519,221.1,223.66,220.1,223.11,1616874,359784509.0
2012-05-16,sh.600519,222.95,223.4,218.0,220.02,2813954,619595453.0
2012-05-17,sh.600519,220.12,221.4,218.61,219.91,3417233,751957382.0
2012-05-18,sh.600519,218.67,219.97,215.9,217.92,2627778,571816871.0
2012-05-21,sh.600519,217.58,224.52,217.58,223.19,2884345,638767871.0
2012-05-22,sh.600519,225.01,231.5,225.01,229.28,4145847,951034142.0
2012-05-23,sh.600519,229.25,232.1,228.0,230.47,2472263,570787761.0
2012-05-24,sh.600519,229.8,232.77,217.88,220.24,5374347,1201209541.0
2012-05-25,sh.600519,220.24,220.87,216.0,218.58,3056929,667952251.0
2012-05-28,sh.600519,218.01,225.9,217.81,225.49,2783372,618961099.0
2012-05-30,sh.600519,227.51,229.98,227.0,228.66,2570070,587866122.0
2012-05-31,sh.600519,228.2,237.8,228.0,236.68,3736705,877484818.0
2012-06-01,sh.600519,238.0,243.0,236.71,240.37,3850434,923904347.0
2012-06-04,sh.600519,238.0,242.99,236.47,236.53,2432761,581257511.0
2012-06-05,sh.600519,237.48,241.8,237.21,240.8,2456131,588242228.0
2012-06-06,sh.600519,241.0,242.0,236.41,236.58,1872894,445576921.0
2012-06-07,sh.600519,238.39,240.66,236.8,237.98,1967730,470452059.0
2012-06-08,sh.600519,239.0,240.18,236.0,238.98,1728624,411908852.0
2012-06-11,sh.600519,238.9,240.23,233.4,235.55,3306123,780468481.0
2012-06-12,sh.600519,234.21,236.49,232.13,233.85,1637252,382922345.0
2012-06-13,sh.600519,234.5,239.18,233.1,238.99,2046347,485626133.0
2012-06-14,sh.600519,238.0,245.79,237.22,244.59,2870473,698222394.0
2012-06-15,sh.600519,245.02,246.41,239.77,243.38,1985984,483582930.0
2012-06-18,sh.600519,243.41,248.31,243.41,246.46,1953835,482525469.0
2012-06-19,sh.600519,245.11,248.17,241.96,243.7,1729994,423906505.0
2012-06-20,sh.600519,243.83,244.39,242.0,243.56,1139346,277398320.0
2012-06-21,sh.600519,243.56,243.6,238.8,239.78,1703403,409685074.0
2012-06-25,sh.600519,238.1,241.96,237.5,237.6,1843405,440645799.0
2012-06-26,sh.600519,237.2,238.88,232.62,237.85,2612247,615182456.0
2012-06-27,sh.600519,238.0,242.31,238.0,241.9,2325714,559606599.0
2012-06-28,sh.600519,241.88,242.0,235.99,236.14,2221341,529704806.0
2012-06-29,sh.600519,235.37,241.0,235.37,239.15,2322419,555873153.0
2012-07-02,sh.600519,240.0,244.94,236.02,241.85,2573126,622505563.0
2012-07-03,sh.600519,241.3,255.0,241.01,254.94,5015863,1255671521.0
2012-07-04,sh.600519,257.0,259.9,252.0,258.66,4503524,1155572210.0
2012-07-05,sh.600519,251.6,253.99,249.16,251.66,2274937,572395284.0
2012-07-06,sh.600519,251.95,261.98,250.2,259.99,3915883,1005403254.0
2012-07-09,sh.600519,259.88,263.0,254.63,254.73,2852711,736832305.0
2012-07-10,sh.600519,254.5,257.19,249.87,250.4,2698710,683253815.0
2012-07-11,sh.600519,250.92,258.33,248.38,258.01,3200994,808688574.0
2012-07-12,sh.600519,258.11,265.01,255.0,256.06,3727302,968810613.0
2012-07-13,sh.600519,255.67,264.0,255.3,262.7,2954811,769107549.0
2012-07-16,sh.600519,262.1,266.08,261.9,262.25,2953356,779744589.0
2012-07-17,sh.600519,260.0,260.99,253.31,253.76,3603098,925218299.0
2012-07-18,sh.600519,253.6,255.9,239.9,244.96,7404692,1815273721.0
2012-07-19,sh.600519,243.99,248.55,243.05,246.21,2658099,654750767.0
2012-07-20,sh.600519,245.49,250.74,242.89,243.08,2605464,644548783.0
2012-07-23,sh.600519,239.88,243.46,239.0,242.58,1981140,477867229.0
2012-07-24,sh.600519,240.61,254.18,240.61,249.38,3437214,853488549.0
2012-07-25,sh.600519,250.0,255.8,249.51,255.55,2617022,664005628.0
2012-07-26,sh.600519,254.9,259.5,249.7,250.44,2341879,594576399.0
2012-07-27,sh.600519,250.88,252.0,246.8,249.45,1842165,458534524.0
2012-07-30,sh.600519,249.25,252.6,247.55,249.84,1749531,439211392.0
2012-07-31,sh.600519,249.5,254.0,246.05,246.44,1946572,487548460.0
2012-08-01,sh.600519,246.18,248.63,241.89,243.05,2671517,654397913.0
2012-08-02,sh.600519,243.11,245.49,241.15,242.16,1705477,414452980.0
2012-08-03,sh.600519,242.5,247.0,242.17,246.96,1647273,403397229.0
2012-08-06,sh.600519,246.64,249.6,245.2,248.83,1732099,428757448.0
2012-08-07,sh.600519,248.82,252.77,248.12,251.9,1811918,454543099.0
2012-08-08,sh.600519,252.46,254.0,249.0,252.8,1489341,375890830.0
2012-08-09,sh.600519,251.8,261.65,251.2,260.92,3067240,789861698.0
2012-08-10,sh.600519,251.0,254.7,244.02,248.21,9122580,2273430545.0
2012-08-13,sh.600519,248.48,249.68,246.8,248.0,2303706,572237191.0
2012-08-14,sh.600519,248.0,249.99,245.0,247.5,1878686,465808752.0
2012-08-15,sh.600519,246.98,247.4,243.5,244.13,2272348,556345599.0
2012-08-16,sh.600519,244.26,245.5,239.07,239.28,3148258,758259700.0
2012-08-17,sh.600519,238.42,238.42,228.5,229.62,5907195,1365745648.0
2012-08-20,sh.600519,229.61,232.68,225.98,232.65,2405208,554470085.0
2012-08-21,sh.600519,232.67,239.9,232.67,235.79,2632324,624105412.0
2012-08-22,sh.600519,236.92,236.92,230.0,232.18,2042310,473902047.0
2012-08-23,sh.600519,231.9,231.9,226.07,228.27,2795600,639443950.0
2012-08-24,sh.600519,227.21,232.91,227.05,231.88,2167620,500922594.0
2012-08-27,sh.600519,230.5,230.63,227.15,228.5,2089940,478778009.0
2012-08-28,sh.600519,229.0,230.58,225.01,225.53,2029476,461461656.0
2012-08-29,sh.600519,225.0,225.0,218.77,219.16,3042567,674492583.0
2012-08-30,sh.600519,216.99,219.19,213.5,217.88,4834871,1046698765.0
2012-08-31,sh.600519,218.0,222.0,217.2,219.76,2248472,496296849.0
2012-09-04,sh.600519,237.0,238.0,231.0,233.43,11150873,2606767797.0
2012-09-05,sh.600519,232.5,234.97,232.0,234.06,2749049,643292488.0
2012-09-06,sh.600519,234.25,234.5,229.1,231.75,2079419,481683557.0
2012-09-07,sh.600519,233.2,243.0,233.2,241.6,4281280,1023079148.0
2012-09-10,sh.600519,241.71,246.0,239.28,241.68,2816965,683513906.0
2012-09-11,sh.600519,240.3,240.3,237.98,239.73,1613572,385605480.0
2012-09-12,sh.600519,241.5,246.5,238.9,240.26,2902325,703237246.0
2012-09-13,sh.600519,240.45,241.54,238.3,239.98,1429423,342849642.0
2012-09-14,sh.600519,241.0,245.15,239.11,244.76,2458683,597041985.0
2012-09-17,sh.600519,245.0,246.68,241.2,241.3,2001452,488152584.0
2012-09-18,sh.600519,240.79,243.1,239.5,240.33,1827708,441080167.0
2012-09-19,sh.600519,239.54,241.0,230.15,231.56,4099132,958082585.0
2012-09-20,sh.600519,230.9,232.79,228.89,229.04,2151753,496309722.0
2012-09-21,sh.600519,228.31,233.0,228.12,230.59,1567968,361373291.0
2012-09-24,sh.600519,229.0,232.98,228.08,232.36,1763483,408195802.0
2012-09-25,sh.600519,232.47,238.58,231.5,238.51,2623050,619272096.0
2012-09-26,sh.600519,238.0,240.56,233.7,235.87,2036267,482230825.0
2012-09-27,sh.600519,235.0,241.58,234.53,240.69,2714042,650222918.0
2012-09-28,sh.600519,239.02,245.95,239.0,245.8,3128344,760146554.0
2012-10-08,sh.600519,245.3,245.3,237.48,239.94,2360828,566527560.0
2012-10-09,sh.600519,240.98,245.05,240.04,244.15,2341089,569554621.0
2012-10-10,sh.600519,243.0,244.83,240.75,243.82,1345670,327126305.0
2012-10-11,sh.600519,242.35,243.75,241.13,241.93,1062599,257483485.0
2012-10-12,sh.600519,242.62,244.79,241.73,243.51,1174212,285916686.0
2012-10-15,sh.600519,244.77,247.24,244.77,245.71,1888333,464547296.0
2012-10-16,sh.600519,245.11,251.08,245.11,249.81,2773791,690466784.0
2012-10-17,sh.600519,249.81,250.5,247.9,248.78,1598080,397637468.0
2012-10-18,sh.600519,249.25,254.5,249.0,251.22,2227806,561905413.0
2012-10-19,sh.600519,251.25,254.96,251.25,253.0,1862954,472389448.0
2012-10-22,sh.600519,252.68,253.53,247.8,250.54,1911744,478244292.0
2012-10-23,sh.600519,250.8,250.8,244.6,244.7,1870276,461008027.0
2012-10-24,sh.600519,244.6,247.12,244.1,246.28,1097208,269652766.0
2012-10-25,sh.600519,247.0,248.0,244.3,246.07,915980,225725463.0
2012-10-26,sh.600519,248.72,248.98,240.07,241.09,2455909,596652705.0
2012-10-29,sh.600519,241.59,243.6,239.05,241.82,1449080,349849288.0
2012-10-30,sh.600519,241.8,245.49,241.21,244.58,1561011,380664727.0
2012-10-31,sh.600519,244.52,247.94,243.65,247.34,1584535,390460776.0
2012-11-01,sh.600519,248.21,250.85,246.35,249.4,1819126,453437145.0
2012-11-02,sh.600519,249.2,250.5,246.28,248.36,1697481,420531725.0
2012-11-05,sh.600519,246.99,246.99,241.2,242.92,2266559,552311463.0
2012-11-06,sh.600519,242.41,242.41,235.5,235.93,4171323,991450620.0
2012-11-07,sh.600519,235.0,238.03,235.0,237.47,1621759,383915183.0
2012-11-08,sh.600519,235.99,236.95,233.85,234.1,1626181,382711598.0
2012-11-09,sh.600519,234.09,235.8,233.66,234.81,1167006,273825060.0
2012-11-12,sh.600519,235.0,235.78,228.89,231.46,2046433,472928286.0
2012-11-13,sh.600519,231.0,231.0,225.7,228.06,2044777,465306375.0
2012-11-14,sh.600519,228.38,231.0,226.5,230.65,1223848,280680242.0
2012-11-15,sh.600519,229.0,229.0,226.33,227.25,1140061,259657230.0
2012-11-16,sh.600519,226.8,226.95,222.5,224.4,1967713,441363632.0
2012-11-19,sh.600519,224.4,224.4,208.9,214.05,7048401,1508795035.0
2012-11-20,sh.600519,212.85,218.34,212.5,215.96,3807816,820492572.0
2012-11-21,sh.600519,215.85,219.8,211.79,218.65,3333464,719458140.0
2012-11-22,sh.600519,207.5,217.46,206.8,217.29,5152080,1093946850.0
2012-11-23,sh.600519,215.02,223.0,215.01,222.23,2984464,655947672.0
2012-11-26,sh.600519,221.41,221.8,215.5,217.05,2195475,478884312.0
2012-11-27,sh.600519,217.05,221.09,216.18,219.76,2045885,447807811.0
2012-11-28,sh.600519,219.25,219.25,217.0,218.39,1501708,328018453.0
2012-11-29,sh.600519,218.4,220.12,218.14,219.28,1567574,343521807.0
2012-11-30,sh.600519,219.2,219.2,213.21,216.01,2137137,459310347.0
2012-12-03,sh.600519,213.0,213.0,199.05,200.19,7937236,1620343239.0
2012-12-04,sh.600519,195.01,199.98,190.8,196.95,7870541,1534594318.0
2012-12-05,sh.600519,194.3,200.52,188.63,196.64,11170381,2172380167.0
2012-12-06,sh.600519,196.2,197.0,184.0,194.21,11756199,2244829139.0
2012-12-07,sh.600519,196.99,202.69,196.58,198.79,9950141,1983064728.0
2012-12-11,sh.600519,198.5,208.0,198.5,202.31,9223260,1869715843.0
2012-12-12,sh.600519,205.0,211.99,202.5,211.86,6432531,1327462831.0
2012-12-13,sh.600519,209.89,214.98,205.1,205.7,6199646,1297953947.0
2012-12-14,sh.600519,203.0,209.5,198.5,207.92,7892633,1609442087.0
2012-12-17,sh.600519,206.0,213.66,202.0,211.09,7136126,1488539580.0
2012-12-18,sh.600519,211.21,216.78,211.17,214.53,4694545,1005177386.0
2012-12-19,sh.600519,213.13,221.0,213.01,219.45,4756978,1039482925.0
2012-12-20,sh.600519,218.5,220.4,215.59,218.4,3443414,750851790.0
2012-12-21,sh.600519,217.69,219.0,215.83,216.6,2509281,544719331.0
2012-12-24,sh.600519,212.01,212.01,200.0,204.58,10005074,2054317655.0
2012-12-25,sh.600519,202.9,206.87,201.22,204.72,5953352,1218659231.0
2012-12-26,sh.600519,203.78,206.8,202.71,205.25,4486624,918674030.0
2012-12-27,sh.600519,205.3,209.5,203.74,207.58,6092624,1259077997.0
2012-12-28,sh.600519,207.6,215.58,207.6,212.3,5658924,1202787580.0
2012-12-31,sh.600519,213.31,214.8,206.35,209.02,5191483,1085776117.0
2013-01-04,sh.600519,212.0,212.0,205.0,206.94,5837034,1205796538.0
2013-01-07,sh.600519,205.88,205.88,202.5,204.29,4127139,840359829.0
2013-01-08,sh.600519,203.18,210.85,203.18,210.84,6528698,1362186171.0
2013-01-09,sh.600519,211.5,217.65,211.5,216.45,5374932,1159330305.0
2013-01-10,sh.600519,215.58,217.0,213.0,214.5,3052786,656830931.0
2013-01-11,sh.600519,213.72,215.15,209.88,211.26,3700999,784542945.0
2013-01-14,sh.600519,208.5,210.3,202.81,209.42,6818358,1410483972.0
2013-01-15,sh.600519,208.79,212.1,206.82,210.85,5263508,1103130868.0
2013-01-16,sh.600519,205.0,206.8,203.68,206.0,6950165,1427067086.0
2013-01-17,sh.600519,204.99,207.68,204.52,205.13,3620185,744614971.0
2013-01-18,sh.600519,206.15,206.48,200.11,203.76,5531807,1122848386.0
2013-01-21,sh.600519,202.8,202.8,196.3,197.31,7477928,1482664898.0
2013-01-22,sh.600519,195.81,199.73,189.0,198.83,7381541,1425054465.0
2013-01-23,sh.600519,196.0,199.51,193.8,198.98,5101393,1006483564.0
2013-01-24,sh.600519,197.9,200.1,194.8,195.96,5947438,1171137855.0
2013-01-25,sh.600519,189.0,191.8,186.1,189.05,8000786,1508197810.0
2013-01-28,sh.600519,186.0,187.8,178.0,178.5,15829058,2857092951.0
2013-01-29,sh.600519,176.0,179.99,172.0,178.16,11544787,2034723439.0
2013-01-30,sh.600519,177.05,182.49,176.68,180.12,7137678,1285436676.0
2013-01-31,sh.600519,181.2,181.8,177.77,178.9,3781623,678384682.0
2013-02-01,sh.600519,178.88,181.77,178.03,178.98,4526564,813241680.0
2013-02-04,sh.600519,180.0,180.95,174.0,175.13,6496402,1142310991.0
2013-02-05,sh.600519,174.95,184.5,173.8,184.43,8782540,1575281159.0
2013-02-06,sh.600519,184.98,185.07,182.0,183.93,4619517,849026089.0
2013-02-07,sh.600519,183.0,186.55,181.32,185.17,4856791,895061569.0
2013-02-08,sh.600519,185.15,188.4,184.3,187.86,4157253,778273770.0
2013-02-18,sh.600519,188.3,188.3,179.0,179.69,5656978,1024714902.0
2013-02-19,sh.600519,178.98,180.59,176.8,177.92,3773753,673362435.0
2013-02-20,sh.600519,177.0,179.98,175.02,177.9,3658226,650765308.0
2013-02-21,sh.600519,175.23,185.2,175.05,180.02,5383287,974530658.0
2013-02-22,sh.600519,181.0,186.6,181.0,185.59,6286418,1163340820.0
2013-02-25,sh.600519,184.0,185.35,180.26,181.09,3454909,629472576.0
2013-02-26,sh.600519,180.7,184.0,177.33,177.37,4375479,783158037.0
2013-02-27,sh.600519,176.61,178.7,175.56,176.77,3415815,602608232.0
2013-02-28,sh.600519,177.8,177.8,172.0,175.0,5678643,990766787.0
2013-03-01,sh.600519,174.3,175.96,172.99,173.82,3800345,661720749.0
2013-03-04,sh.600519,173.72,176.62,173.72,174.72,5207295,912360626.0
2013-03-05,sh.600519,175.42,176.46,173.86,175.0,3697471,648668784.0
2013-03-06,sh.600519,176.0,177.3,173.65,177.22,4922726,861725426.0
2013-03-07,sh.600519,179.38,188.6,179.32,183.86,8519062,1573676093.0
2013-03-08,sh.600519,186.01,187.5,183.67,184.13,3595978,667118431.0
2013-03-11,sh.600519,183.8,185.5,181.81,185.2,3496528,642927319.0
2013-03-12,sh.600519,186.0,186.1,180.0,182.18,2539365,465220571.0
2013-03-13,sh.600519,182.4,186.02,182.4,183.83,3076990,567812074.0
2013-03-14,sh.600519,182.5,184.77,178.66,178.94,3512400,635985859.0
2013-03-15,sh.600519,177.52,180.7,175.1,176.97,3596112,639236967.0
2013-03-18,sh.600519,176.9,176.9,168.19,169.45,7823153,1336285568.0
2013-03-19,sh.600519,168.2,169.82,164.51,165.18,6341403,1052322560.0
2013-03-20,sh.600519,165.26,170.59,164.1,169.91,7189498,1202347904.0
2013-03-21,sh.600519,169.5,169.5,165.8,166.78,6539272,1091400960.0
2013-03-22,sh.600519,166.48,169.9,165.71,169.05,4557863,767262016.0
2013-03-25,sh.600519,169.0,170.77,168.1,169.03,3196646,541959936.0
2013-03-26,sh.600519,169.1,171.21,168.41,169.88,3248009,551865792.0
2013-03-27,sh.600519,170.01,170.4,165.4,166.79,4766221,795809856.0
2013-03-28,sh.600519,166.08,168.18,162.31,166.82,4149090,685703936.0
2013-03-29,sh.600519,167.25,169.57,166.02,168.86,4771709,802924416.0
2013-04-01,sh.600519,168.09,168.46,164.58,164.95,2912880,483197216.0
2013-04-02,sh.600519,165.1,165.97,163.27,163.71,3252490,534554080.0
2013-04-03,sh.600519,163.68,165.0,163.18,163.85,2199050,360543776.0
2013-04-08,sh.600519,162.14,165.0,160.45,164.32,3773276,613230336.0
2013-04-09,sh.600519,163.89,164.9,162.7,163.6,2419465,396645824.0
2013-04-10,sh.600519,164.0,171.11,162.7,169.96,7085838,1194391168.0
2013-04-11,sh.600519,170.0,171.0,168.3,168.92,2972952,504695104.0
2013-04-12,sh.600519,168.92,174.4,168.5,172.23,5980006,1032119616.0
2013-04-15,sh.600519,172.27,173.66,170.02,172.74,2833673,487286272.0
2013-04-16,sh.600519,170.0,175.2,169.6,173.16,3913792,676673408.0
2013-04-17,sh.600519,173.6,178.77,173.55,178.49,4297408,760898368.0
2013-04-18,sh.600519,177.2,180.0,176.01,179.15,4195684,749007232.0
2013-04-19,sh.600519,179.4,179.88,176.89,179.23,3923838,701185024.0
2013-04-22,sh.600519,178.9,178.9,173.5,173.71,4274596,747616512.0
2013-04-23,sh.600519,173.5,174.98,171.7,171.81,3095262,535923136.0
2013-04-24,sh.600519,172.22,175.0,170.3,174.87,3040261,525381344.0
2013-04-25,sh.600519,174.02,177.56,173.22,176.7,2535969,446045056.0
2013-04-26,sh.600519,177.41,178.0,173.01,173.99,1630764,285787936.0
2013-05-02,sh.600519,173.0,173.05,169.03,171.11,2858679,489586432.0
2013-05-03,sh.600519,171.8,174.02,170.6,172.45,2146052,369986944.0
2013-05-06,sh.600519,173.0,177.98,171.98,177.8,3019639,529181408.0
2013-05-07,sh.600519,179.02,188.34,179.02,187.69,7102055,1305178752.0
2013-05-08,sh.600519,187.8,190.0,186.13,188.89,4241606,799534976.0
2013-05-09,sh.600519,189.26,197.2,189.26,197.18,7013468,1370326144.0
2013-05-10,sh.600519,197.01,200.92,196.01,197.11,4877659,970169984.0
2013-05-13,sh.600519,197.11,201.6,193.77,197.68,3257904,645155904.0
2013-05-14,sh.600519,196.1,197.1,190.01,191.19,3643160,701153984.0
2013-05-15,sh.600519,190.88,196.66,190.72,194.66,2326440,452499712.0
2013-05-16,sh.600519,194.01,200.51,192.0,194.85,4546227,893376384.0
2013-05-17,sh.600519,194.08,196.45,193.0,195.91,3355672,654713536.0
2013-05-20,sh.600519,196.8,198.48,194.45,195.0,3094406,605798016.0
2013-05-21,sh.600519,194.88,195.76,193.51,195.02,2310234,449227072.0
2013-05-22,sh.600519,195.65,200.6,195.1,199.47,4614964,917905216.0
2013-05-23,sh.600519,199.6,206.49,199.6,202.44,6224745,1272531712.0
2013-05-24,sh.600519,204.0,207.17,200.0,200.93,4507312,915894080.0
2013-05-27,sh.600519,201.97,202.1,198.0,201.63,2677812,536544384.0
2013-05-28,sh.600519,201.88,203.31,199.55,202.14,2367636,477386720.0
2013-05-29,sh.600519,203.0,206.87,201.35,201.49,3234002,659505408.0
2013-05-30,sh.600519,200.8,202.82,199.01,200.25,2501942,500916416.0
2013-05-31,sh.600519,200.97,201.4,197.0,197.1,2459056,490984256.0
2013-06-03,sh.600519,198.1,202.55,197.18,202.08,4025675,807356544.0
2013-06-04,sh.600519,202.3,205.3,201.65,201.7,4235692,862313600.0
2013-06-05,sh.600519,201.99,202.5,199.58,201.17,2372442,476555328.0
2013-06-06,sh.600519,201.21,204.8,201.21,201.66,3387735,688473472.0
2013-06-07,sh.600519,195.11,200.0,193.51,196.26,2547838,502252992.0
2013-06-13,sh.600519,195.12,198.48,192.01,194.71,4499864,876852224.0
2013-06-14,sh.600519,194.35,195.0,189.58,194.02,3251867,625711424.0
2013-06-17,sh.600519,194.27,194.98,189.21,189.48,2968927,568914688.0
2013-06-18,sh.600519,189.16,191.8,186.52,191.65,2737772,516512032.0
2013-06-19,sh.600519,190.88,195.5,188.2,194.83,2890918,556142208.0
2013-06-20,sh.600519,194.46,195.48,190.61,191.74,2558681,493350656.0
2013-06-21,sh.600519,190.04,195.88,187.5,191.17,3965419,762942592.0
2013-06-24,sh.600519,191.61,192.0,185.18,185.62,4080720,765344896.0
2013-06-25,sh.600519,185.56,190.3,176.03,189.84,5135249,952843648.0
2013-06-26,sh.600519,188.49,189.82,184.78,188.72,3290348,613847360.0
2013-06-27,sh.600519,188.72,192.35,188.09,189.58,3413576,651525248.0
2013-06-28,sh.600519,188.85,193.46,188.85,192.37,2807002,540002752.0
2013-07-01,sh.600519,192.03,194.97,191.02,194.29,2582852,498364224.0
2013-07-02,sh.600519,194.27,198.99,192.62,197.95,3345317,656544896.0
2013-07-03,sh.600519,198.9,199.8,196.13,197.97,3542464,702154048.0
2013-07-04,sh.600519,197.07,199.86,196.58,196.62,2421452,480333696.0
2013-07-05,sh.600519,196.9,199.37,196.9,197.12,1777954,351961216.0
2013-07-08,sh.600519,196.88,197.89,193.0,195.16,2411390,471887296.0
2013-07-09,sh.600519,196.3,196.3,190.71,192.05,2023361,390495520.0
2013-07-10,sh.600519,191.21,194.1,188.89,193.84,3324496,635969664.0
2013-07-11,sh.600519,194.55,196.5,192.03,195.97,4605661,897968896.0
2013-07-12,sh.600519,195.11,196.77,188.7,188.81,4299164,823552000.0
2013-07-15,sh.600519,189.38,190.1,184.93,187.95,3660735,683259584.0
2013-07-16,sh.600519,188.16,191.28,185.5,190.95,3701140,698456704.0
2013-07-17,sh.600519,190.5,190.79,186.81,186.92,2738846,517180736.0
2013-07-18,sh.600519,187.0,187.45,183.7,185.07,2569977,475329664.0
2013-07-19,sh.600519,185.01,185.01,174.53,176.01,7331922,1309145856.0
2013-07-22,sh.600519,175.66,177.09,173.05,174.88,2706232,472471744.0
2013-07-23,sh.600519,175.93,180.29,174.98,179.59,2875611,513622528.0
2013-07-24,sh.600519,179.4,179.4,173.1,174.62,4406723,772480640.0
2013-07-25,sh.600519,175.4,179.8,174.3,178.74,3954054,701690240.0
2013-07-26,sh.600519,177.0,177.8,174.9,174.97,1904567,334279488.0
2013-07-29,sh.600519,174.28,174.28,171.0,171.32,2688331,462873568.0
2013-07-30,sh.600519,170.3,171.28,165.59,168.43,4211397,708812288.0
2013-07-31,sh.600519,169.68,171.2,167.7,168.5,1459004,246901552.0
2013-08-01,sh.600519,169.98,172.5,169.06,171.89,2485259,426199168.0
2013-08-02,sh.600519,172.79,178.16,172.69,176.03,2924078,514840320.0
2013-08-05,sh.600519,176.03,176.77,173.9,175.5,1806507,316638080.0
2013-08-06,sh.600519,173.93,175.5,172.7,175.23,2656226,462053664.0
2013-08-07,sh.600519,174.8,178.66,173.73,176.38,2837775,501679168.0
2013-08-08,sh.600519,176.42,177.36,174.4,175.16,1607673,282184704.0
2013-08-09,sh.600519,175.45,176.09,170.94,172.83,2288924,396239808.0
2013-08-12,sh.600519,172.8,178.43,172.51,178.31,3939034,692000832.0
2013-08-13,sh.600519,178.01,180.5,176.5,179.95,2543583,453549760.0
2013-08-14,sh.600519,179.89,182.34,178.4,178.69,2172190,392821888.0
2013-08-15,sh.600519,178.86,181.2,177.39,177.46,1536566,274789280.0
2013-08-16,sh.600519,177.53,181.0,174.05,174.4,3497393,617783360.0
2013-08-19,sh.600519,175.4,175.91,173.0,175.17,1935761,337652096.0
2013-08-20,sh.600519,174.15,175.0,172.7,173.61,3125074,541646656.0
2013-08-21,sh.600519,175.01,175.15,172.4,174.69,2310320,401820448.0
2013-08-22,sh.600519,174.6,176.68,174.02,175.08,1550152,272139840.0
2013-08-23,sh.600519,175.97,175.98,171.5,172.99,1952964,338959488.0
2013-08-26,sh.600519,173.11,175.0,172.0,173.94,1688531,293255616.0
2013-08-27,sh.600519,173.77,173.77,172.0,173.15,2443655,422029088.0
2013-08-28,sh.600519,172.17,172.17,169.57,169.9,3060304,521639360.0
2013-08-29,sh.600519,170.0,170.34,168.11,168.48,2180402,368545664.0
2013-08-30,sh.600519,168.48,169.0,167.55,168.78,2586142,435606368.0
2013-09-02,sh.600519,160.8,160.8,151.9,151.92,22497074,3438418432.0
2013-09-03,sh.600519,151.0,152.8,149.0,151.66,12321105,1855978624.0
2013-09-04,sh.600519,152.0,153.55,151.6,152.1,7678998,1171694848.0
2013-09-05,sh.600519,151.86,152.8,149.3,150.27,7128326,1070129408.0
2013-09-06,sh.600519,150.1,150.9,149.77,150.28,3778366,567391488.0
2013-09-09,sh.600519,151.0,151.52,149.88,150.95,6927092,1042258752.0
2013-09-10,sh.600519,150.8,151.88,150.08,151.62,5409309,816720640.0
2013-09-11,sh.600519,151.75,152.78,150.0,152.57,6901293,1045733440.0
2013-09-12,sh.600519,152.63,153.2,151.21,151.73,4772311,725740672.0
2013-09-13,sh.600519,151.69,154.48,151.65,152.02,6825487,1044001952.0
2013-09-16,sh.600519,152.62,152.62,149.59,149.65,5887712,889024064.0
2013-09-17,sh.600519,149.0,149.2,140.51,141.3,10905797,1571781600.0
2013-09-18,sh.600519,141.0,142.38,139.5,141.9,6731766,949223072.0
2013-09-23,sh.600519,141.99,142.0,140.05,140.81,6540962,921212144.0
2013-09-24,sh.600519,141.0,142.26,136.7,136.8,9881915,1371542704.0
2013-09-25,sh.600519,136.55,137.5,133.02,135.16,6978901,943851488.0
2013-09-26,sh.600519,134.0,136.22,134.0,135.42,4722783,638421040.0
2013-09-27,sh.600519,135.49,136.16,133.79,134.06,3463925,465617872.0
2013-09-30,sh.600519,133.93,136.31,133.52,135.94,5046064,681360336.0
2013-10-08,sh.600519,135.76,137.4,134.19,136.67,5686725,773294160.0
2013-10-09,sh.600519,136.6,137.4,135.8,136.99,4081504,557664496.0
2013-10-10,sh.600519,137.0,137.38,136.25,137.04,2904552,397207808.0
2013-10-11,sh.600519,135.3,137.83,135.3,137.52,3645556,499830912.0
2013-10-14,sh.600519,137.95,139.73,137.32,139.65,5527479,767129552.0
2013-10-15,sh.600519,139.74,144.8,139.08,144.25,6927751,986261712.0
2013-10-16,sh.600519,146.3,147.7,142.1,144.24,9481320,1382754192.0
2013-10-17,sh.600519,144.59,145.8,143.5,144.19,4862119,703391968.0
2013-10-18,sh.600519,144.49,144.91,142.0,142.98,3557495,510349744.0
2013-10-21,sh.600519,143.51,145.3,142.2,145.09,4702298,677908672.0
2013-10-22,sh.600519,144.8,144.8,142.75,143.42,2458139,353140640.0
2013-10-23,sh.600519,143.26,144.68,142.21,143.69,2621511,375070080.0
2013-10-24,sh.600519,143.3,143.97,142.7,143.71,2625533,376580496.0
2013-10-25,sh.600519,143.01,143.01,135.6,136.73,5858415,807380208.0
2013-10-28,sh.600519,135.78,136.77,133.26,133.97,3214102,431472144.0
2013-10-29,sh.600519,134.15,134.66,131.5,132.8,3518294,468246864.0
2013-10-30,sh.600519,132.98,133.3,131.96,132.59,2534346,335579616.0
2013-10-31,sh.600519,132.65,136.51,132.5,135.11,3489343,471033936.0
2013-11-01,sh.600519,134.33,135.84,133.8,135.18,2215447,299057616.0
2013-11-04,sh.600519,135.45,136.97,135.27,136.34,1943628,264834002.0
2013-11-05,sh.600519,135.8,138.39,134.7,138.11,2784307,381603616.0
2013-11-06,sh.600519,138.28,141.01,137.5,139.65,4444925,619496992.0
2013-11-07,sh.600519,139.36,139.88,136.7,138.97,2135888,294635360.0
2013-11-08,sh.600519,138.6,139.99,136.01,136.14,2153743,298492272.0
2013-11-11,sh.600519,138.0,141.68,136.18,139.55,5232877,729491568.0
2013-11-12,sh.600519,139.42,145.35,139.05,144.84,6947801,997440464.0
2013-11-13,sh.600519,144.09,146.45,143.1,144.72,3188146,460888128.0
2013-11-14,sh.600519,145.0,145.0,141.69,144.07,2404202,344294688.0
2013-11-15,sh.600519,143.74,144.62,142.1,143.44,3359785,481165008.0
2013-11-18,sh.600519,144.0,144.86,142.8,143.49,4157171,596980144.0
2013-11-19,sh.600519,143.5,144.2,141.3,142.82,4116683,588099504.0
2013-11-20,sh.600519,142.74,142.92,141.4,142.06,2551780,362889664.0
2013-11-21,sh.600519,141.68,142.29,138.55,138.66,3299198,459524464.0
2013-11-22,sh.600519,138.66,139.35,137.98,138.47,2811090,389528912.0
2013-11-25,sh.600519,137.78,141.86,137.52,140.93,2618102,367831840.0
2013-11-26,sh.600519,140.99,141.84,139.78,139.98,1640604,230259508.0
2013-11-27,sh.600519,139.99,141.19,138.6,139.95,1567952,219358339.0
2013-11-28,sh.600519,139.98,142.65,139.98,141.83,2224051,315027616.0
2013-11-29,sh.600519,141.0,141.65,139.92,141.44,2042378,287184368.0
2013-12-02,sh.600519,140.01,140.27,136.5,136.78,4289240,591853936.0
2013-12-03,sh.600519,136.55,137.92,135.34,137.58,3288230,448934464.0
2013-12-04,sh.600519,137.46,139.02,136.57,138.48,3351042,463071200.0
2013-12-05,sh.600519,138.44,138.44,136.95,136.99,1932631,265765318.0
2013-12-06,sh.600519,136.77,139.1,136.0,138.75,2915072,402741312.0
2013-12-09,sh.600519,138.6,138.7,136.0,137.94,2537190,347999968.0
2013-12-10,sh.600519,137.51,137.9,136.2,136.95,2539266,347805552.0
2013-12-11,sh.600519,136.86,137.6,136.17,136.39,1986816,271716032.0
2013-12-12,sh.600519,136.33,137.34,136.2,136.4,1830695,250384797.0
2013-12-13,sh.600519,136.23,137.39,136.22,136.4,1926726,263371186.0
2013-12-16,sh.600519,136.01,136.42,132.87,132.97,3286944,439536256.0
2013-12-17,sh.600519,132.95,134.73,132.4,133.21,1564120,209082464.0
2013-12-18,sh.600519,132.99,133.5,132.31,132.49,2010517,266750697.0
2013-12-19,sh.600519,133.29,133.4,131.1,131.15,1781345,235156558.0
2013-12-20,sh.600519,131.25,131.75,126.0,126.65,3855601,495862864.0
2013-12-23,sh.600519,126.43,127.64,126.12,126.51,1922251,243709867.0
2013-12-24,sh.600519,127.0,127.7,126.38,126.61,2789714,354505536.0
2013-12-25,sh.600519,127.0,127.37,125.89,126.26,1843945,233016830.0
2013-12-26,sh.600519,126.0,126.23,124.14,124.74,3415622,427007200.0
2013-12-27,sh.600519,125.2,127.23,124.74,126.2,2545548,321517728.0
2013-12-30,sh.600519,126.45,126.98,123.99,124.46,3216672,401569200.0
2013-12-31,sh.600519,124.0,129.31,122.5,128.38,5754649,730676608.0
2014-01-02,sh.600519,127.99,127.99,125.6,125.98,2197666,277430224.0
2014-01-03,sh.600519,125.25,125.8,123.23,123.98,2334165,288934608.0
2014-01-06,sh.600519,122.88,124.9,120.7,120.73,3022921,367274768.0
2014-01-07,sh.600519,120.11,121.35,119.2,120.56,1803946,216936563.0
2014-01-08,sh.600519,120.49,121.18,118.01,119.4,3198959,380752976.0
2014-01-09,sh.600519,119.0,121.8,118.6,119.34,4788671,575090336.0
2014-01-10,sh.600519,119.01,120.43,118.05,119.27,2112663,251742737.0
2014-01-13,sh.600519,119.3,122.32,119.08,119.89,3764646,454274352.0
2014-01-14,sh.600519,120.2,121.79,118.9,121.31,2347499,282925552.0
2014-01-15,sh.600519,120.51,121.15,118.05,118.76,1972069,235363881.0
2014-01-16,sh.600519,118.85,122.45,118.74,121.99,3911963,474484848.0
2014-01-17,sh.600519,121.8,122.65,120.12,120.3,3236373,393324784.0
2014-01-20,sh.600519,121.9,127.3,121.02,126.79,6009063,751598256.0
2014-01-21,sh.600519,126.0,128.71,125.35,126.99,3540462,451224688.0
2014-01-22,sh.600519,126.98,134.81,126.3,134.17,7366781,975900192.0
2014-01-23,sh.600519,134.18,135.4,131.76,134.09,4025848,538497408.0
2014-01-24,sh.600519,133.5,135.69,132.51,135.5,3578070,482834464.0
2014-01-27,sh.600519,134.89,143.78,134.66,140.75,8351084,1170783936.0
2014-01-28,sh.600519,140.51,142.0,137.5,139.22,3640115,508739360.0
2014-01-29,sh.600519,139.78,141.06,136.49,137.01,3152040,434136672.0
2014-01-30,sh.600519,136.5,136.95,131.0,132.2,3722344,496967648.0
2014-02-07,sh.600519,132.06,134.62,131.06,133.89,2386561,317924208.0
2014-02-10,sh.600519,134.0,134.4,130.86,132.86,3625174,479835312.0
2014-02-11,sh.600519,132.8,135.58,132.1,134.04,4300694,578123056.0
2014-02-12,sh.600519,134.2,134.97,133.31,134.15,1928348,258332741.0
2014-02-13,sh.600519,134.03,138.39,134.01,135.67,3856747,528398496.0
2014-02-14,sh.600519,135.39,143.0,135.39,142.9,6741037,946589744.0
2014-02-17,sh.600519,144.1,150.99,144.1,149.98,8746517,1301703984.0
2014-02-18,sh.600519,149.44,149.44,146.12,147.01,3364035,496116912.0
2014-02-19,sh.600519,147.05,151.98,147.05,149.53,3148266,472702784.0
2014-02-20,sh.600519,149.5,151.58,148.0,148.99,2318897,346513536.0
2014-02-21,sh.600519,148.0,150.15,147.78,149.08,3412540,508426624.0
2014-02-24,sh.600519,149.1,151.08,145.61,147.62,3117865,463140896.0
2014-02-25,sh.600519,148.0,148.4,141.0,142.37,4627993,662701584.0
2014-02-26,sh.600519,140.56,144.98,139.05,142.03,2651394,377024800.0
2014-02-27,sh.600519,142.15,145.79,140.02,144.95,2564611,367761888.0
2014-02-28,sh.600519,145.0,150.8,144.95,150.02,4192617,626931552.0
2014-03-03,sh.600519,150.0,154.99,148.33,154.93,4881665,745535040.0
2014-03-04,sh.600519,152.12,159.29,152.0,153.4,5086676,795957008.0
2014-03-05,sh.600519,154.03,159.99,152.0,159.84,4721154,741663984.0
2014-03-06,sh.600519,160.21,162.3,157.0,162.0,4274121,684035152.0
2014-03-07,sh.600519,162.0,167.2,160.04,165.49,5811048,952251168.0
2014-03-10,sh.600519,164.8,165.8,154.03,156.94,4998548,797666912.0
2014-03-11,sh.600519,156.0,163.6,155.1,162.18,3856141,619885232.0
2014-03-12,sh.600519,161.08,163.6,155.78,158.53,3676392,582653264.0
2014-03-13,sh.600519,157.6,165.1,157.11,164.87,4263778,695571568.0
2014-03-14,sh.600519,164.06,166.0,161.8,163.87,2493355,407076144.0
2014-03-17,sh.600519,165.0,166.66,162.01,166.47,3219888,529609728.0
2014-03-18,sh.600519,168.3,176.2,168.3,171.32,5947371,1030329360.0
2014-03-19,sh.600519,169.9,175.0,169.0,174.37,3536579,613576544.0
2014-03-20,sh.600519,174.3,174.5,169.0,169.18,3389521,579777920.0
2014-03-21,sh.600519,168.44,171.98,165.5,171.4,4031881,680945760.0
2014-03-24,sh.600519,171.0,175.73,169.9,171.29,2632092,453477904.0
2014-03-25,sh.600519,168.4,168.4,155.59,166.81,6240383,1024298848.0
2014-03-26,sh.600519,165.1,166.11,158.36,158.49,5737639,927285408.0
2014-03-27,sh.600519,157.66,160.8,156.4,157.66,3804459,603835728.0
2014-03-28,sh.600519,157.82,158.99,151.01,152.64,4827296,740132768.0
2014-03-31,sh.600519,152.01,157.38,152.0,154.7,3058360,473939136.0
2014-04-01,sh.600519,154.71,162.55,154.4,162.49,3404689,544622704.0
2014-04-02,sh.600519,162.74,169.66,161.03,165.64,4669833,777378720.0
2014-04-03,sh.600519,167.56,167.69,163.5,165.31,2691848,444348448.0
2014-04-04,sh.600519,164.65,165.3,161.0,164.06,2320651,377896960.0
2014-04-08,sh.600519,163.92,165.42,161.01,164.54,2592749,423934496.0
2014-04-09,sh.600519,165.02,166.63,162.13,163.35,2161889,354031808.0
2014-04-10,sh.600519,163.27,171.02,159.5,169.51,5417787,897611264.0
2014-04-11,sh.600519,172.0,179.6,172.0,176.08,9022579,1593651872.0
2014-04-14,sh.600519,174.7,177.31,173.0,174.36,2682436,469646912.0
2014-04-15,sh.600519,173.2,175.87,173.2,174.49,2588021,452432800.0
2014-04-16,sh.600519,173.7,174.56,170.19,171.02,2204062,379301952.0
2014-04-17,sh.600519,170.8,176.0,170.21,175.2,2974441,517914688.0
2014-04-18,sh.600519,175.0,177.77,173.3,175.31,1960146,344825520.0
2014-04-21,sh.600519,174.01,175.98,172.0,172.05,1833379,318935968.0
2014-04-22,sh.600519,172.0,175.13,171.52,172.13,2234496,387206384.0
2014-04-23,sh.600519,172.08,176.49,172.03,176.06,3375573,592119536.0
2014-04-24,sh.600519,176.15,176.71,173.7,175.76,1258135,220213004.0
2014-04-25,sh.600519,167.98,168.0,161.79,164.69,9587743,1581409280.0
2014-04-28,sh.600519,162.08,164.56,159.81,162.79,3302860,535511088.0
2014-04-29,sh.600519,162.8,165.48,162.47,163.59,2799649,459181200.0
2014-04-30,sh.600519,163.95,164.29,162.53,163.88,1922066,314017280.0
2014-05-05,sh.600519,163.5,163.5,157.08,160.25,3674347,585326688.0
2014-05-06,sh.600519,160.0,162.7,160.0,160.79,1362295,219512505.0
2014-05-07,sh.600519,161.61,161.61,159.6,160.66,1196073,192090276.0
2014-05-08,sh.600519,160.8,162.49,160.42,160.67,1469786,237490046.0
2014-05-09,sh.600519,160.66,162.3,160.3,160.62,1672145,269803728.0
2014-05-12,sh.600519,162.29,162.3,159.5,160.91,2619478,420667488.0
2014-05-13,sh.600519,160.77,161.61,159.56,160.74,1593936,256197646.0
2014-05-14,sh.600519,159.99,160.93,154.01,155.27,3401655,534826240.0
2014-05-15,sh.600519,154.98,157.08,154.5,156.15,1698338,264995351.0
2014-05-16,sh.600519,156.15,157.1,154.67,155.16,1846730,286938912.0
2014-05-19,sh.600519,152.5,153.0,147.94,147.98,5625009,838456336.0
2014-05-20,sh.600519,148.1,149.44,143.6,144.98,4688591,682615744.0
2014-05-21,sh.600519,144.1,151.66,143.95,151.0,3873787,575063792.0
2014-05-22,sh.600519,150.9,153.6,149.65,150.05,1867894,281907872.0
2014-05-23,sh.600519,150.0,152.78,149.98,152.3,1400963,212338047.0
2014-05-26,sh.600519,154.9,154.9,152.85,153.57,891056,137024228.0
2014-05-27,sh.600519,153.0,155.75,152.86,153.2,1303507,201097681.0
2014-05-28,sh.600519,152.89,155.0,152.8,153.94,1250197,192903907.0
2014-05-29,sh.600519,153.73,155.93,153.46,154.29,1010682,156525431.0
2014-05-30,sh.600519,154.25,155.28,153.02,153.22,921765,141927539.0
2014-06-03,sh.600519,153.0,154.5,152.25,152.77,1304848,199563914.0
2014-06-04,sh.600519,152.99,153.38,150.02,151.15,1049431,158991999.0
2014-06-05,sh.600519,151.12,155.0,149.33,154.77,2067863,314507728.0
2014-06-06,sh.600519,154.68,155.65,152.29,153.59,947745,145936330.0
2014-06-09,sh.600519,152.3,154.4,152.3,153.23,1003481,154198989.0
2014-06-10,sh.600519,153.25,155.29,153.25,154.8,1930551,298186720.0
2014-06-11,sh.600519,154.75,155.38,153.21,153.94,1078145,166086241.0
2014-06-12,sh.600519,154.07,154.07,152.12,152.63,1149960,175855795.0
2014-06-13,sh.600519,152.69,153.83,151.16,152.81,1697046,259337717.0
2014-06-16,sh.600519,152.9,154.78,152.4,154.42,1623790,249568876.0
2014-06-17,sh.600519,154.3,154.3,152.2,153.19,1636486,250297887.0
2014-06-18,sh.600519,153.8,154.45,153.4,153.58,1402456,215965707.0
2014-06-19,sh.600519,153.56,154.2,152.5,152.73,1155144,176868338.0
2014-06-20,sh.600519,152.7,153.6,152.32,153.18,1201940,183993516.0
2014-06-23,sh.600519,153.5,156.38,153.36,156.31,2898385,449611776.0
2014-06-24,sh.600519,156.62,163.8,156.55,163.57,3853263,621636112.0
2014-06-25,sh.600519,145.33,145.33,141.5,142.23,3817111,546556384.0
2014-06-26,sh.600519,142.23,142.98,141.41,141.64,3634851,515915136.0
2014-06-27,sh.600519,141.42,141.42,139.22,140.38,2647792,371027136.0
2014-06-30,sh.600519,141.18,142.89,140.4,141.98,2439950,345879984.0
2014-07-01,sh.600519,142.59,142.59,140.8,141.77,1194668,168987424.0
2014-07-02,sh.600519,142.03,142.35,141.0,142.08,1206848,171127803.0
2014-07-03,sh.600519,142.21,143.4,141.4,143.26,1933167,275808352.0
2014-07-04,sh.600519,143.4,144.18,142.72,143.32,1540280,220860905.0
2014-07-07,sh.600519,142.8,144.28,142.21,144.16,2287987,327900736.0
2014-07-08,sh.600519,144.1,144.17,141.02,142.18,2109160,299615520.0
2014-07-09,sh.600519,142.0,142.87,141.02,141.24,1432860,203120918.0
2014-07-10,sh.600519,141.12,141.83,140.6,141.04,1215988,171762392.0
2014-07-11,sh.600519,141.47,143.09,141.12,141.87,1843286,262292694.0
2014-07-14,sh.600519,141.87,150.89,141.5,149.77,4653481,684819808.0
2014-07-15,sh.600519,149.11,158.0,149.11,153.81,5878798,913284352.0
2014-07-16,sh.600519,153.85,156.78,153.85,154.57,2445933,379071456.0
2014-07-17,sh.600519,154.09,155.55,152.0,153.75,2019117,309501856.0
2014-07-18,sh.600519,153.59,165.0,152.7,160.98,7489691,1200093424.0
2014-07-21,sh.600519,160.39,162.88,158.59,160.98,3014322,485174688.0
2014-07-22,sh.600519,159.6,164.0,159.6,163.2,2982062,483906544.0
2014-07-23,sh.600519,162.0,165.0,161.6,163.89,2783633,455655824.0
2014-07-24,sh.600519,163.76,169.1,162.3,163.53,3568240,595593136.0
2014-07-25,sh.600519,164.0,166.05,161.06,163.88,2783358,454235008.0
2014-07-28,sh.600519,164.23,167.99,162.92,164.25,4296899,706875696.0
2014-07-29,sh.600519,164.3,164.3,160.26,161.06,3601700,580708800.0
2014-07-30,sh.600519,160.74,160.74,156.5,158.51,5487629,865210176.0
2014-07-31,sh.600519,158.29,160.38,156.96,160.27,2520631,400860672.0
2014-08-01,sh.600519,160.17,164.3,159.62,162.98,4325999,704961968.0
2014-08-04,sh.600519,163.0,165.62,162.29,164.4,3884820,637175456.0
2014-08-05,sh.600519,164.0,166.66,161.67,166.25,3835797,627210400.0
2014-08-06,sh.600519,164.8,165.78,162.0,163.32,2031723,332041712.0
2014-08-07,sh.600519,163.1,164.39,160.5,160.6,2539649,411237184.0
2014-08-08,sh.600519,161.96,163.33,159.8,162.14,2381942,384676144.0
2014-08-11,sh.600519,162.48,163.2,161.51,163.07,2007072,326555328.0
2014-08-12,sh.600519,161.81,162.75,160.15,162.04,1960436,316255856.0
2014-08-13,sh.600519,162.04,164.78,160.8,162.49,3445403,560675712.0
2014-08-14,sh.600519,162.02,163.44,161.28,161.46,2295894,373085472.0
2014-08-15,sh.600519,162.2,162.49,161.13,161.54,2180268,352476096.0
2014-08-18,sh.600519,162.0,162.3,159.1,159.75,4169827,667452064.0
2014-08-19,sh.600519,159.75,159.75,158.45,158.68,3209577,509709616.0
2014-08-20,sh.600519,158.74,162.06,158.5,162.0,3708495,596509536.0
2014-08-21,sh.600519,162.0,162.32,159.0,159.97,1887273,301791008.0
2014-08-22,sh.600519,160.0,160.39,158.75,159.27,1863671,297023440.0
2014-08-25,sh.600519,159.27,160.15,158.3,158.75,1537672,244745466.0
2014-08-26,sh.600519,158.5,159.42,156.96,157.72,1658960,261850709.0
2014-08-27,sh.600519,157.72,157.78,156.18,156.37,1382867,216703370.0
2014-08-28,sh.600519,156.0,158.36,156.0,156.02,1761803,276811136.0
2014-08-29,sh.600519,156.0,158.59,155.0,158.23,2383883,375517440.0
2014-09-01,sh.600519,158.2,159.5,157.71,158.45,1645024,260760134.0
2014-09-02,sh.600519,158.81,162.64,158.03,162.56,4124613,664712704.0
2014-09-03,sh.600519,162.58,167.42,162.56,164.82,4204225,695551840.0
2014-09-04,sh.600519,164.7,165.94,163.68,165.06,2397587,395280320.0
2014-09-05,sh.600519,165.7,168.16,165.21,167.51,3473195,579714720.0
2014-09-09,sh.600519,167.65,167.97,164.0,164.08,2056281,339388096.0
2014-09-10,sh.600519,163.7,165.0,163.01,163.91,1786772,293245984.0
2014-09-11,sh.600519,163.87,164.82,161.48,161.98,3187554,519406672.0
2014-09-12,sh.600519,161.49,162.65,160.32,162.45,1735601,280548672.0
2014-09-15,sh.600519,161.9,161.91,158.8,159.41,3254386,519621408.0
2014-09-16,sh.600519,160.5,160.6,157.02,157.46,3482315,551314384.0
2014-09-17,sh.600519,158.47,159.54,157.34,158.23,2584128,408684992.0
2014-09-18,sh.600519,158.02,159.38,157.08,159.25,2648204,418431984.0
2014-09-19,sh.600519,159.25,160.98,158.5,160.85,2266599,362408976.0
2014-09-22,sh.600519,160.71,160.71,156.84,156.94,3719154,586709104.0
2014-09-23,sh.600519,156.7,157.5,156.36,157.48,3454611,541705824.0
2014-09-24,sh.600519,156.49,160.5,155.6,160.19,4344896,687426592.0
2014-09-25,sh.600519,160.92,163.98,160.9,162.19,5685144,924878320.0
2014-09-26,sh.600519,161.5,163.12,159.2,162.31,2271665,366907280.0
2014-09-29,sh.600519,162.33,163.2,161.39,162.47,2348859,381683088.0
2014-09-30,sh.600519,162.74,162.99,161.2,162.13,2157419,349657792.0
2014-10-08,sh.600519,161.0,161.1,157.8,160.73,4565282,725030224.0
2014-10-09,sh.600519,159.87,160.25,158.58,160.01,3624491,578151792.0
2014-10-10,sh.600519,159.02,159.8,157.7,159.02,4314771,684789408.0
2014-10-13,sh.600519,157.81,157.88,153.68,156.1,5317638,826349744.0
2014-10-14,sh.600519,155.0,156.99,154.44,154.91,2889594,449942592.0
2014-10-15,sh.600519,154.75,157.58,154.71,157.32,2223805,348033856.0
2014-10-16,sh.600519,156.1,158.19,156.1,157.32,2394969,377655664.0
2014-10-17,sh.600519,158.0,159.05,156.9,158.38,3097659,489885680.0
2014-10-20,sh.600519,158.38,158.5,156.4,156.92,3291008,517853728.0
2014-10-21,sh.600519,157.0,159.34,156.6,158.46,3991128,632422368.0
2014-10-22,sh.600519,158.44,159.46,157.5,159.08,2283641,363211440.0
2014-10-23,sh.600519,158.57,160.28,157.89,159.05,3191734,508245984.0
2014-10-24,sh.600519,158.95,159.89,157.69,158.88,1998007,317073600.0
2014-10-27,sh.600519,156.97,159.1,154.89,157.5,2797069,439570896.0
2014-10-28,sh.600519,157.32,159.1,157.18,158.74,2054841,325762192.0
2014-10-29,sh.600519,158.8,159.56,157.48,158.3,2142344,339064784.0
2014-10-30,sh.600519,158.0,158.0,155.1,155.42,4908702,764742336.0
2014-10-31,sh.600519,155.47,156.9,154.35,156.68,3642170,567067440.0
2014-11-03,sh.600519,156.75,156.88,155.45,155.58,2467006,384677504.0
2014-11-04,sh.600519,155.49,155.49,151.0,151.39,5594390,854409056.0
2014-11-05,sh.600519,151.05,151.05,145.5,146.15,7671979,1131348480.0
2014-11-06,sh.600519,146.15,147.49,146.01,147.15,3636297,533913216.0
2014-11-07,sh.600519,147.17,148.3,147.11,148.04,4150731,613638080.0
2014-11-10,sh.600519,150.0,153.78,149.0,153.77,6232521,945032816.0
2014-11-11,sh.600519,154.3,155.2,152.01,153.35,4770689,733026112.0
2014-11-12,sh.600519,152.98,153.59,150.2,152.89,3082375,467531856.0
2014-11-13,sh.600519,152.72,152.73,149.68,151.58,4915556,739602880.0
2014-11-14,sh.600519,151.56,157.63,150.91,157.29,7522508,1168803280.0
2014-11-17,sh.600519,168.0,168.0,160.0,160.05,15041623,2451673888.0
2014-11-18,sh.600519,161.0,161.82,155.0,155.65,6349780,1001883696.0
2014-11-19,sh.600519,155.57,155.65,152.61,153.07,4629074,710715296.0
2014-11-20,sh.600519,152.88,152.92,150.49,150.68,4625841,698848960.0
2014-11-21,sh.600519,150.56,153.2,150.2,153.13,4199078,638007376.0
2014-11-24,sh.600519,153.88,155.0,152.0,153.95,5387899,828662512.0
2014-11-25,sh.600519,153.42,154.85,152.8,154.64,5323130,816840944.0
2014-11-26,sh.600519,154.6,156.36,153.89,155.95,6385897,990302240.0
2014-11-27,sh.600519,155.0,157.22,154.0,156.68,9655151,1508603312.0
2014-11-28,sh.600519,156.57,156.57,153.17,155.84,8828818,1363855088.0
2014-12-01,sh.600519,156.57,161.0,156.0,160.06,12174001,1932844688.0
2014-12-02,sh.600519,159.05,161.2,158.25,161.14,9926819,1588412352.0
2014-12-03,sh.600519,162.44,168.3,162.36,164.83,11732264,1936848368.0
2014-12-04,sh.600519,166.5,174.5,166.5,174.13,11778143,2020248736.0
2014-12-05,sh.600519,177.99,178.96,168.6,170.92,11290144,1943937520.0
2014-12-08,sh.600519,168.84,176.49,167.2,172.97,10089431,1731248496.0
2014-12-09,sh.600519,172.0,186.62,171.5,172.86,15189028,2713372288.0
2014-12-10,sh.600519,175.0,183.5,175.0,179.92,10665611,1919193472.0
2014-12-11,sh.600519,180.0,181.94,175.29,175.89,5488215,975885696.0
2014-12-12,sh.600519,176.78,180.99,176.0,176.59,5105516,911591088.0
2014-12-15,sh.600519,176.6,184.1,175.43,184.04,7096432,1281924240.0
2014-12-16,sh.600519,183.7,183.7,178.11,180.63,5112944,918180192.0
2014-12-17,sh.600519,179.99,181.45,177.8,179.07,6002047,1071735184.0
2014-12-18,sh.600519,179.69,182.2,179.0,179.34,3856750,695500784.0
2014-12-19,sh.600519,179.06,181.98,178.0,180.82,4963106,892730640.0
2014-12-22,sh.600519,179.65,184.29,175.88,184.1,7362381,1327712480.0
2014-12-23,sh.600519,183.78,193.49,182.01,188.86,8565082,1611272912.0
2014-12-24,sh.600519,188.0,191.8,180.68,183.06,6355459,1187206208.0
2014-12-25,sh.600519,183.15,186.0,181.01,185.83,4407168,806958768.0
2014-12-26,sh.600519,185.09,189.0,183.0,187.57,4267749,793340608.0
2014-12-29,sh.600519,188.1,190.0,182.0,183.48,8983865,1678243808.0
2014-12-30,sh.600519,183.0,187.98,182.48,186.84,5617110,1043215632.0
2014-12-31,sh.600519,185.6,190.0,185.0,189.62,4626936,871581696.0
2015-01-05,sh.600519,189.62,204.24,188.69,202.52,9451517,1875063136.0
2015-01-06,sh.600519,200.0,202.56,196.02,197.83,5502001,1094977376.0
2015-01-07,sh.600519,196.04,199.5,189.99,192.94,5479784,1063925648.0
2015-01-08,sh.600519,194.0,194.52,190.14,191.76,4052530,777874672.0
2015-01-09,sh.600519,190.4,195.77,190.11,190.31,5398220,1039955152.0
2015-01-12,sh.600519,190.0,192.59,184.46,186.43,4991459,934643408.0
2015-01-13,sh.600519,187.0,188.54,184.6,184.88,3670808,683429632.0
2015-01-14,sh.600519,185.0,186.5,180.88,183.18,5240344,965036192.0
2015-01-15,sh.600519,183.89,186.4,182.48,186.07,4858552,895503104.0
2015-01-16,sh.600519,186.2,188.0,185.98,186.11,3997806,746304288.0
2015-01-19,sh.600519,181.0,183.2,171.47,175.48,6467937,1151544272.0
2015-01-20,sh.600519,176.02,180.5,173.0,178.08,6102274,1086018448.0
2015-01-21,sh.600519,178.27,182.9,177.2,182.36,5267474,950750400.0
2015-01-22,sh.600519,182.37,184.36,180.0,181.23,3825481,696541248.0
2015-01-23,sh.600519,180.12,183.28,180.11,181.02,3308455,600627344.0
2015-01-26,sh.600519,181.7,183.5,181.05,182.8,3564906,650642096.0
2015-01-27,sh.600519,182.82,182.82,178.0,180.11,4188362,755025856.0
2015-01-28,sh.600519,179.0,180.4,177.3,177.47,3068066,547979152.0
2015-01-29,sh.600519,176.2,178.0,175.0,176.15,3249254,571553424.0
2015-01-30,sh.600519,176.99,181.0,176.5,177.18,4750834,848744496.0
2015-02-02,sh.600519,175.51,176.4,173.5,174.82,3398336,593379648.0
2015-02-03,sh.600519,177.48,178.65,176.2,178.37,2779280,493512560.0
2015-02-04,sh.600519,179.15,182.08,177.0,177.25,3529371,634135328.0
2015-02-05,sh.600519,178.97,180.9,174.0,174.05,4123962,735861120.0
2015-02-06,sh.600519,174.64,176.5,173.6,174.6,3710238,648205632.0
2015-02-09,sh.600519,175.77,185.1,175.0,184.3,8729358,1584342288.0
2015-02-10,sh.600519,184.8,185.2,181.45,182.88,5363887,984795856.0
2015-02-11,sh.600519,182.4,184.25,182.08,183.15,2289479,420358864.0
2015-02-12,sh.600519,183.99,184.49,182.01,183.57,2505098,458818624.0
2015-02-13,sh.600519,184.11,184.5,181.4,182.49,4012705,734977408.0
2015-02-16,sh.600519,182.54,183.63,181.22,183.31,3952108,722512096.0
2015-02-17,sh.600519,183.55,183.89,181.91,182.22,3417255,624854080.0
2015-02-25,sh.600519,183.0,185.7,181.11,183.96,5993512,1104113264.0
2015-02-26,sh.600519,183.8,188.39,183.55,186.64,6229772,1163369600.0
2015-02-27,sh.600519,186.9,194.5,186.8,191.05,6337094,1217723184.0
2015-03-02,sh.600519,190.8,193.8,189.0,190.73,3109870,592027088.0
2015-03-03,sh.600519,189.3,192.0,185.16,185.95,4299960,812905776.0
2015-03-04,sh.600519,186.99,188.01,184.6,187.19,4066223,757815040.0
2015-03-05,sh.600519,185.01,187.03,184.05,185.52,3620624,670609776.0
2015-03-06,sh.600519,185.35,186.48,183.27,183.62,2547066,471454752.0
2015-03-09,sh.600519,185.8,192.99,183.8,191.56,4348603,815432192.0
2015-03-10,sh.600519,190.94,191.5,187.28,187.83,2963706,561292480.0
2015-03-11,sh.600519,187.83,193.0,187.8,191.98,4058339,778418704.0
2015-03-12,sh.600519,193.0,195.99,191.4,192.75,3849640,747203168.0
2015-03-13,sh.600519,192.7,193.9,188.58,189.91,2547927,486997360.0
2015-03-16,sh.600519,190.06,194.5,187.01,193.76,3116097,597313680.0
2015-03-17,sh.600519,194.99,198.69,194.89,196.77,4590408,903712736.0
2015-03-18,sh.600519,196.8,199.99,195.52,199.45,3930446,778884992.0
2015-03-19,sh.600519,198.54,198.99,194.06,195.28,3353977,658535488.0
2015-03-20,sh.600519,194.2,194.99,190.88,193.15,5137371,991294896.0
2015-03-23,sh.600519,194.67,196.75,193.2,195.08,4097901,799009920.0
2015-03-24,sh.600519,195.3,197.44,192.1,195.69,6007944,1172628512.0
2015-03-25,sh.600519,193.0,195.1,192.06,192.78,4224030,815963248.0
2015-03-26,sh.600519,193.55,199.9,192.0,198.56,6710525,1315872112.0
2015-03-27,sh.600519,198.0,198.56,192.95,194.55,4014459,784086656.0
2015-03-30,sh.600519,194.68,198.95,193.1,196.77,6345139,1237889232.0
2015-03-31,sh.600519,196.68,200.77,194.02,195.96,8813097,1746870224.0
2015-04-01,sh.600519,196.03,197.56,194.48,195.34,7687523,1504959696.0
2015-04-02,sh.600519,195.96,197.6,192.88,194.58,6298161,1228604480.0
2015-04-03,sh.600519,194.0,197.01,192.78,196.81,5121088,996536048.0
2015-04-07,sh.600519,196.85,201.08,195.8,200.67,5982433,1189027072.0
2015-04-08,sh.600519,202.5,210.68,201.59,204.5,13585716,2798381808.0
2015-04-09,sh.600519,204.48,205.88,199.05,200.0,6239973,1255308048.0
2015-04-10,sh.600519,199.99,202.99,199.61,200.22,10201946,2048914304.0
2015-04-13,sh.600519,201.55,204.49,198.94,203.9,9135609,1840018384.0
2015-04-14,sh.600519,204.0,209.28,203.96,206.0,8190313,1691094336.0
2015-04-15,sh.600519,209.1,209.78,204.16,205.7,5500520,1135635920.0
2015-04-16,sh.600519,208.55,226.27,207.83,226.27,8601417,1877332304.0
2015-04-17,sh.600519,238.9,248.7,228.28,232.56,19209491,4577504000.0
2015-04-20,sh.600519,230.0,245.7,229.0,234.03,13058871,3118764544.0
2015-04-21,sh.600519,240.0,257.43,240.0,257.43,12240188,3039243968.0
2015-04-22,sh.600519,268.8,269.0,257.11,263.89,13463506,3543576704.0
2015-04-23,sh.600519,264.0,264.17,252.98,256.04,8603012,2214737648.0
2015-04-24,sh.600519,251.88,259.68,245.01,258.49,10053123,2547399872.0
2015-04-27,sh.600519,257.58,267.8,252.99,255.79,7897335,2050832432.0
2015-04-28,sh.600519,254.0,258.6,247.05,247.89,8729177,2187970736.0
2015-04-29,sh.600519,246.1,253.0,246.1,249.78,5930057,1477767696.0
2015-04-30,sh.600519,251.15,254.9,247.75,252.23,6406407,1610938048.0
2015-05-04,sh.600519,252.66,259.0,250.02,254.97,5473902,1398337296.0
2015-05-05,sh.600519,252.0,252.0,239.88,240.95,7370003,1801146752.0
2015-05-06,sh.600519,243.98,246.99,240.01,242.68,6032432,1472597536.0
2015-05-07,sh.600519,245.0,251.88,242.56,244.93,6810290,1693825904.0
2015-05-08,sh.600519,246.12,254.88,245.9,254.17,5780559,1447670272.0
2015-05-11,sh.600519,251.5,257.99,250.0,257.44,6134570,1552417968.0
2015-05-12,sh.600519,257.2,257.2,252.0,254.42,4703129,1193035136.0
2015-05-13,sh.600519,253.8,262.97,252.5,256.4,5891341,1520374560.0
2015-05-14,sh.600519,256.25,259.5,251.22,251.41,4185329,1062504720.0
2015-05-15,sh.600519,251.41,253.49,241.61,245.17,5418507,1333031168.0
2015-05-18,sh.600519,245.0,245.0,240.1,241.14,3536324,856505072.0
2015-05-19,sh.600519,241.05,250.22,240.2,250.04,4763777,1174434448.0
2015-05-20,sh.600519,252.0,260.0,249.3,253.95,6377150,1631009456.0
2015-05-21,sh.600519,256.0,261.3,254.01,258.59,4766913,1230234944.0
2015-05-22,sh.600519,259.68,276.8,259.59,275.86,6664906,1779754352.0
2015-05-25,sh.600519,270.0,288.49,269.0,286.83,6747362,1868570176.0
2015-05-26,sh.600519,286.6,290.0,283.96,285.54,6091468,1746031120.0
2015-05-27,sh.600519,285.52,289.32,273.0,276.9,4693479,1309260000.0
2015-05-28,sh.600519,275.25,281.0,260.1,261.11,6088499,1650995552.0
2015-05-29,sh.600519,260.01,269.0,259.89,263.83,5778309,1531805536.0
2015-06-01,sh.600519,263.94,272.98,259.8,271.46,6581670,1747123648.0
2015-06-02,sh.600519,270.5,270.5,260.66,266.62,6463560,1708951664.0
2015-06-03,sh.600519,265.18,266.62,260.01,262.79,4642403,1218378720.0
2015-06-04,sh.600519,262.98,265.0,240.0,258.21,9236273,2332785392.0
2015-06-05,sh.600519,258.11,262.1,246.0,253.84,8573823,2188974560.0
2015-06-08,sh.600519,251.51,267.54,249.8,264.64,9600797,2462736704.0
2015-06-09,sh.600519,265.0,269.8,256.5,259.03,7785186,2045525408.0
2015-06-10,sh.600519,255.64,266.88,253.8,261.05,8046208,2096832880.0
2015-06-11,sh.600519,260.0,264.5,257.77,260.06,5295454,1378413760.0
2015-06-12,sh.600519,262.12,273.0,261.0,266.0,9090952,2438986512.0
2015-06-15,sh.600519,266.98,272.0,260.08,260.89,10001422,2664672592.0
2015-06-16,sh.600519,259.0,265.8,252.5,253.95,6930384,1789696032.0
2015-06-17,sh.600519,253.96,257.76,249.0,255.09,5838881,1478407040.0
2015-06-18,sh.600519,253.02,254.8,240.6,243.97,6150650,1530836128.0
2015-06-19,sh.600519,245.87,248.49,234.02,235.31,6760866,1646002768.0
2015-06-23,sh.600519,239.8,255.85,234.13,252.25,8124734,1989068144.0
2015-06-24,sh.600519,250.0,265.2,247.65,261.21,9570694,2463553856.0
2015-06-25,sh.600519,261.5,262.03,250.21,251.79,6652166,1707385600.0
2015-06-26,sh.600519,250.02,255.75,235.3,242.45,9933201,2451381600.0
2015-06-29,sh.600519,248.37,256.5,227.8,246.64,16507167,4057069904.0
2015-06-30,sh.600519,246.64,259.82,246.0,257.65,12629819,3205285536.0
2015-07-01,sh.600519,255.0,268.5,250.98,257.49,10332654,2696026032.0
2015-07-02,sh.600519,255.3,282.6,245.01,260.3,11845972,3011363680.0
2015-07-03,sh.600519,255.0,260.5,242.2,249.81,10960531,2772183168.0
2015-07-06,sh.600519,267.95,267.99,239.5,254.04,27279966,7012491264.0
2015-07-07,sh.600519,250.0,256.58,239.5,244.18,16756224,4121731568.0
2015-07-08,sh.600519,229.0,244.99,219.76,236.86,28914054,6738026752.0
2015-07-09,sh.600519,236.86,260.41,233.0,257.94,13820334,3409950544.0
2015-07-10,sh.600519,257.0,283.0,251.96,265.59,25614930,6888908288.0
2015-07-13,sh.600519,258.0,265.58,251.0,257.75,14892616,3838169456.0
2015-07-14,sh.600519,255.0,255.18,247.2,249.05,9676830,2425239232.0
2015-07-15,sh.600519,247.5,252.7,243.28,251.26,10407746,2585923328.0
2015-07-16,sh.600519,251.26,254.18,248.26,251.59,7281433,1826618384.0
2015-07-17,sh.600519,229.0,229.99,224.74,228.29,5641853,1284361184.0
2015-07-20,sh.600519,227.15,227.9,222.5,225.11,6793355,1531275696.0
2015-07-21,sh.600519,221.75,224.2,220.0,221.66,5178996,1148423248.0
2015-07-22,sh.600519,220.0,222.0,216.58,217.13,7085510,1552554832.0
2015-07-23,sh.600519,217.99,220.6,215.77,219.54,6474810,1411411696.0
2015-07-24,sh.600519,220.5,223.69,218.75,219.21,5739009,1271122144.0
2015-07-27,sh.600519,217.0,221.3,201.0,201.52,7694415,1628465536.0
2015-07-28,sh.600519,199.86,209.44,197.48,205.83,8670357,1766521472.0
2015-07-29,sh.600519,207.78,210.0,202.13,207.74,6650743,1364157584.0
2015-07-30,sh.600519,208.83,208.83,205.1,205.96,4113400,853284368.0
2015-07-31,sh.600519,206.7,206.93,203.0,206.83,4073664,835374144.0
2015-08-03,sh.600519,205.0,209.99,203.0,209.56,5455303,1117796048.0
2015-08-04,sh.600519,209.26,213.98,209.26,211.97,5953396,1260302960.0
2015-08-05,sh.600519,212.93,213.85,206.94,207.19,4314385,907597376.0
2015-08-06,sh.600519,206.23,207.5,203.0,204.96,3924980,805358560.0
2015-08-07,sh.600519,207.49,208.6,205.6,206.93,3952134,819022560.0
2015-08-10,sh.600519,207.01,213.0,205.13,212.3,5649643,1182083552.0
2015-08-11,sh.600519,212.3,212.41,210.01,210.75,5089705,1076261232.0
2015-08-12,sh.600519,209.99,214.29,208.75,209.47,4582434,968610592.0
2015-08-13,sh.600519,211.5,211.5,206.0,209.51,3518025,733202192.0
2015-08-14,sh.600519,210.5,211.4,209.25,209.98,3066690,645849792.0
2015-08-17,sh.600519,208.02,208.82,204.0,206.22,5385832,1108212048.0
2015-08-18,sh.600519,206.98,207.5,200.35,201.06,5128552,1047896512.0
2015-08-19,sh.600519,199.75,202.16,198.18,201.62,5026180,1004394400.0
2015-08-20,sh.600519,200.83,201.0,194.9,195.07,3964503,788892224.0
2015-08-21,sh.600519,191.52,194.86,186.12,186.33,7562061,1433277968.0
2015-08-24,sh.600519,181.0,181.5,168.2,169.64,8981284,1559048768.0
2015-08-25,sh.600519,167.46,182.51,166.2,176.59,12308058,2165823584.0
2015-08-26,sh.600519,176.76,188.5,175.0,183.88,9157253,1663612848.0
2015-08-27,sh.600519,190.0,199.9,184.89,197.07,8705201,1663248880.0
2015-08-28,sh.600519,195.0,195.29,187.13,192.65,8992583,1720106864.0
2015-08-31,sh.600519,189.34,195.5,185.18,195.37,6273019,1198185024.0
2015-09-01,sh.600519,191.82,195.0,188.0,194.37,8743269,1688392992.0
2015-09-02,sh.600519,190.11,195.0,189.2,194.61,10694546,2052413264.0
2015-09-07,sh.600519,192.6,194.0,188.65,188.71,3221642,615819760.0
2015-09-08,sh.600519,188.46,190.47,185.0,189.32,3309858,621914336.0
2015-09-09,sh.600519,190.14,193.87,190.14,191.86,3521516,676337504.0
2015-09-10,sh.600519,190.38,193.3,189.14,193.21,2685248,514766384.0
2015-09-11,sh.600519,191.88,194.1,191.05,192.91,1693214,326277632.0
2015-09-14,sh.600519,192.43,202.8,187.9,202.53,8617555,1678995776.0
2015-09-15,sh.600519,198.01,202.02,195.12,202.0,5188434,1035493472.0
2015-09-16,sh.600519,200.01,209.54,197.73,204.55,3719802,753188784.0
2015-09-17,sh.600519,202.6,205.8,197.61,198.0,2642300,533638544.0
2015-09-18,sh.600519,198.6,200.89,198.0,199.43,1564276,312040976.0
2015-09-21,sh.600519,198.01,200.7,198.0,199.3,1652767,329196736.0
2015-09-22,sh.600519,200.77,201.18,198.98,199.27,1645740,329161936.0
2015-09-23,sh.600519,197.15,198.99,194.1,194.72,2234432,438412336.0
2015-09-24,sh.600519,195.8,196.28,192.8,194.0,1388674,269653184.0
2015-09-25,sh.600519,193.99,194.9,189.5,193.46,2445597,470411104.0
2015-09-28,sh.600519,191.48,192.3,189.23,191.38,1234110,235369401.0
2015-09-29,sh.600519,189.55,191.37,188.3,190.17,1840982,348759184.0
2015-09-30,sh.600519,190.23,191.48,190.17,190.31,1163463,222178053.0
2015-10-08,sh.600519,198.78,201.58,197.0,197.52,3439179,684138048.0
2015-10-09,sh.600519,198.78,198.9,196.5,196.95,1572174,310187696.0
2015-10-12,sh.600519,199.0,204.49,197.85,198.09,4903000,982174160.0
2015-10-13,sh.600519,198.09,200.09,198.09,198.74,1575113,313495456.0
2015-10-14,sh.600519,198.98,199.5,197.01,197.83,1521339,301666752.0
2015-10-15,sh.600519,198.16,200.37,197.56,199.99,1655013,329836768.0
2015-10-16,sh.600519,201.22,202.4,199.41,200.74,1923843,386383072.0
2015-10-19,sh.600519,204.94,204.94,201.9,202.72,2612145,531101872.0
2015-10-20,sh.600519,202.02,202.88,201.18,201.97,1478429,298284288.0
2015-10-21,sh.600519,202.08,202.55,197.01,200.31,2234914,447195040.0
2015-10-22,sh.600519,200.24,202.73,199.43,202.53,2372030,478632752.0
2015-10-23,sh.600519,205.8,217.6,205.55,210.98,5627734,1189746960.0
2015-10-26,sh.600519,212.0,218.3,208.0,217.73,4334626,932490832.0
2015-10-27,sh.600519,217.1,217.68,212.58,215.25,2257279,484597008.0
2015-10-28,sh.600519,214.99,214.99,211.9,212.44,1655922,353020512.0
2015-10-29,sh.600519,212.0,214.79,212.0,213.0,1345435,287688320.0
2015-10-30,sh.600519,212.95,215.8,212.12,213.86,1225791,263117287.0
2015-11-02,sh.600519,214.6,215.86,212.5,212.56,1529820,328246688.0
2015-11-03,sh.600519,212.92,215.76,208.4,209.71,2317329,493565248.0
2015-11-04,sh.600519,210.58,216.0,210.11,214.98,3080972,659118992.0
2015-11-05,sh.600519,214.6,223.28,213.5,216.56,4998258,1087812240.0
2015-11-06,sh.600519,217.35,218.6,215.56,218.42,2169571,471929424.0
2015-11-09,sh.600519,222.0,224.66,219.0,220.83,4052729,900398640.0
2015-11-10,sh.600519,220.0,224.12,219.16,222.38,2872976,639416128.0
2015-11-11,sh.600519,222.01,223.0,218.6,220.15,2381550,524296320.0
2015-11-12,sh.600519,220.23,223.0,219.38,220.01,1618085,357408912.0
2015-11-13,sh.600519,218.1,219.5,214.83,215.11,2839718,614644800.0
2015-11-16,sh.600519,212.5,216.5,212.0,213.78,2391670,511461328.0
2015-11-17,sh.600519,214.72,217.5,213.14,214.36,2198635,473813952.0
2015-11-18,sh.600519,213.59,216.0,213.59,214.66,1972554,423815328.0
2015-11-19,sh.600519,214.0,216.0,213.9,215.03,1526276,327777824.0
2015-11-20,sh.600519,215.14,215.78,213.1,213.72,2227423,476413648.0
2015-11-23,sh.600519,213.0,213.84,212.51,212.62,2099473,446996432.0
2015-11-24,sh.600519,212.39,213.28,210.0,211.69,2046902,431548240.0
2015-11-25,sh.600519,211.7,213.0,210.4,212.98,2424981,512351424.0
2015-11-26,sh.600519,213.49,213.79,211.83,212.84,1880453,400523680.0
2015-11-27,sh.600519,212.49,212.54,206.63,207.74,1622072,339061424.0
2015-11-30,sh.600519,208.04,214.78,207.79,214.31,3344003,702029936.0
2015-12-01,sh.600519,213.0,213.95,211.0,213.8,1887754,400895904.0
2015-12-02,sh.600519,214.48,227.0,212.0,221.58,4789145,1055325952.0
2015-12-03,sh.600519,219.0,221.4,216.7,220.2,2238683,489928576.0
2015-12-04,sh.600519,219.96,219.96,215.01,215.31,2084871,452200736.0
2015-12-07,sh.600519,215.0,216.98,213.2,214.51,1925509,413697600.0
2015-12-08,sh.600519,214.55,214.55,211.46,211.94,1739368,370510928.0
2015-12-09,sh.600519,211.58,215.05,211.5,214.47,1411977,302039600.0
2015-12-10,sh.600519,215.0,216.2,211.99,212.96,1378671,295297552.0
2015-12-11,sh.600519,212.5,212.5,210.5,211.41,1303548,275655728.0
2015-12-14,sh.600519,210.19,214.88,209.0,214.1,2070134,439584112.0
2015-12-15,sh.600519,213.8,214.59,212.08,214.51,1508839,321828816.0
2015-12-16,sh.600519,214.41,214.64,212.59,213.91,2014480,430371568.0
2015-12-17,sh.600519,214.39,216.88,214.0,215.86,2425321,523818384.0
2015-12-18,sh.600519,215.5,219.15,215.11,216.88,2846020,618897536.0
2015-12-21,sh.600519,218.0,229.18,218.0,227.03,5939189,1341466592.0
2015-12-22,sh.600519,226.8,226.8,223.28,225.03,2840245,638684800.0
2015-12-23,sh.600519,225.45,226.69,222.7,223.0,2237497,501438272.0
2015-12-24,sh.600519,223.98,225.68,223.2,224.78,1557788,350137312.0
2015-12-25,sh.600519,225.0,225.66,222.88,224.5,1154295,258870006.0
2015-12-28,sh.600519,225.48,226.0,219.0,219.12,2559452,569404128.0
2015-12-29,sh.600519,218.62,220.44,218.51,219.83,1577433,345982480.0
2015-12-30,sh.600519,220.18,220.66,217.52,218.86,2014766,440489184.0
2015-12-31,sh.600519,218.22,219.5,217.82,218.19,1967387,429872176.0
2016-01-04,sh.600519,218.0,218.0,209.99,210.02,1734969,371909824.0
2016-01-05,sh.600519,210.0,213.97,207.51,212.82,3190891,672596336.0
2016-01-06,sh.600519,212.78,213.66,209.3,212.18,2376090,502483568.0
2016-01-07,sh.600519,208.99,208.99,200.03,202.23,814868,167829920.0
2016-01-08,sh.600519,204.17,208.0,200.0,204.63,4451009,911812832.0
2016-01-11,sh.600519,203.16,203.79,199.4,199.86,2970258,596838944.0
2016-01-12,sh.600519,201.1,202.1,196.0,196.79,4028723,801495584.0
2016-01-13,sh.600519,199.1,206.0,198.6,199.78,2920198,592420624.0
2016-01-14,sh.600519,197.11,205.98,195.51,204.82,3477606,699341424.0
2016-01-15,sh.600519,204.75,206.18,198.0,199.0,2668119,537750016.0
2016-01-18,sh.600519,198.0,202.4,197.2,199.43,2737123,548614384.0
2016-01-19,sh.600519,201.0,210.33,200.01,210.24,5911022,1224859280.0
2016-01-20,sh.600519,207.0,210.16,201.01,202.32,4096866,835946960.0
2016-01-21,sh.600519,201.26,204.59,199.9,200.26,2183229,439737648.0
2016-01-22,sh.600519,203.11,203.4,198.81,202.74,2273348,456952016.0
2016-01-25,sh.600519,203.0,203.49,201.5,202.77,1375045,278273552.0
2016-01-26,sh.600519,200.99,204.47,198.5,199.01,2228092,448487472.0
2016-01-27,sh.600519,199.98,200.89,195.7,199.93,2984041,589842576.0
2016-01-28,sh.600519,199.75,199.75,195.62,196.64,1790300,353744032.0
2016-01-29,sh.600519,197.48,202.5,197.0,200.65,2309024,461975280.0
2016-02-01,sh.600519,202.1,202.8,199.89,201.29,1917802,386028336.0
2016-02-02,sh.600519,202.0,204.8,200.64,204.55,1784208,362596992.0
2016-02-03,sh.600519,202.58,204.56,201.5,203.66,1515699,307933680.0
2016-02-04,sh.600519,204.8,205.88,203.54,204.99,1662475,340315136.0
2016-02-05,sh.600519,204.99,205.18,202.53,203.87,1422767,290691680.0
2016-02-15,sh.600519,200.0,203.0,199.6,200.41,1947018,390748384.0
2016-02-16,sh.600519,200.56,208.0,200.56,203.92,1922316,393326288.0
2016-02-17,sh.600519,203.74,204.92,200.51,202.3,2034911,411126976.0
2016-02-18,sh.600519,203.2,203.6,201.1,201.71,1889256,381696256.0
2016-02-19,sh.600519,201.62,203.18,201.13,203.11,1423846,287755552.0
2016-02-22,sh.600519,206.0,208.32,206.0,207.8,2775986,574540624.0
2016-02-23,sh.600519,207.77,214.98,207.02,212.41,3746089,795824528.0
2016-02-24,sh.600519,212.2,218.03,211.01,217.74,3312902,717612352.0
2016-02-25,sh.600519,218.8,220.48,212.13,212.41,3948065,855036784.0
2016-02-26,sh.600519,213.1,219.25,211.26,216.84,2833271,609924304.0
2016-02-29,sh.600519,218.99,220.88,206.8,214.91,4771246,1022532384.0
2016-03-01,sh.600519,215.96,220.3,210.4,218.42,3400459,736088848.0
2016-03-02,sh.600519,219.0,225.5,218.67,224.22,4794266,1073462816.0
2016-03-03,sh.600519,225.0,231.98,221.66,227.81,4019328,914557328.0
2016-03-04,sh.600519,226.88,240.16,225.01,238.78,8583869,2007278352.0
2016-03-07,sh.600519,238.11,240.0,231.05,233.64,3934555,924016288.0
2016-03-08,sh.600519,233.3,233.3,227.0,229.21,2614722,600938832.0
2016-03-09,sh.600519,227.0,232.65,226.1,227.44,1640260,375804064.0
2016-03-10,sh.600519,228.99,233.7,228.0,228.06,2572746,593953296.0
2016-03-11,sh.600519,226.54,231.88,225.5,228.05,1632008,373343712.0
2016-03-14,sh.600519,230.76,233.5,222.2,224.57,4527783,1029457824.0
2016-03-15,sh.600519,224.8,234.39,224.34,231.92,3635633,832373600.0
2016-03-16,sh.600519,230.22,232.5,225.0,228.61,2425097,555358080.0
2016-03-17,sh.600519,230.0,234.1,228.3,229.56,2882095,665454448.0
2016-03-18,sh.600519,232.0,232.26,225.78,226.0,7056894,1613934128.0
2016-03-21,sh.600519,226.66,232.02,226.65,231.98,3854745,885665712.0
2016-03-22,sh.600519,232.26,238.18,231.5,234.49,4176661,981582400.0
2016-03-23,sh.600519,235.2,237.0,232.68,234.97,2141206,503035648.0
2016-03-24,sh.600519,235.0,245.4,231.3,242.66,6206802,1487290880.0
2016-03-25,sh.600519,242.5,249.79,241.02,244.98,4475616,1100326144.0
2016-03-28,sh.600519,244.98,253.38,244.98,249.58,4833765,1207751712.0
2016-03-29,sh.600519,249.6,251.0,244.44,248.11,3668805,911522992.0
2016-03-30,sh.600519,249.0,250.4,245.48,248.66,2778260,688591408.0
2016-03-31,sh.600519,249.84,250.3,246.99,247.64,1945734,483196896.0
2016-04-01,sh.600519,248.95,250.49,244.54,245.09,2514607,620149504.0
2016-04-05,sh.600519,243.0,247.5,243.0,245.52,2504785,615354320.0
2016-04-06,sh.600519,245.8,257.6,245.8,257.21,4842492,1225137024.0
2016-04-07,sh.600519,256.89,257.48,252.62,254.11,2553639,650128768.0
2016-04-08,sh.600519,252.0,255.89,248.2,249.86,2315602,583704016.0
2016-04-11,sh.600519,250.5,255.18,243.5,243.72,11928468,2930751136.0
2016-04-12,sh.600519,243.7,245.0,242.1,244.92,2333909,568663728.0
2016-04-13,sh.600519,245.4,248.63,241.7,242.24,5427425,1328412384.0
2016-04-14,sh.600519,242.38,244.83,241.0,242.76,2866437,696651872.0
2016-04-15,sh.600519,242.64,244.98,241.2,244.9,1902926,463404864.0
2016-04-18,sh.600519,242.8,246.0,242.5,243.68,1859304,453989136.0
2016-04-19,sh.600519,244.59,245.19,241.45,243.18,1423668,345816832.0
2016-04-20,sh.600519,243.19,244.4,235.8,238.44,3370850,808354336.0
2016-04-21,sh.600519,240.5,242.3,238.3,240.37,2967222,713190672.0
2016-04-22,sh.600519,241.0,247.88,240.37,247.4,3545938,869560464.0
2016-04-25,sh.600519,247.12,248.1,243.3,244.52,2499028,614481808.0
2016-04-26,sh.600519,244.95,246.88,243.0,243.86,1515668,370224912.0
2016-04-27,sh.600519,244.5,245.48,243.49,244.88,1391510,340092448.0
2016-04-28,sh.600519,245.83,246.74,244.0,246.44,1715655,421012816.0
2016-04-29,sh.600519,247.39,252.43,247.39,251.2,4607949,1155915392.0
2016-05-03,sh.600519,250.55,262.28,250.55,260.0,5647486,1463972624.0
2016-05-04,sh.600519,260.0,262.39,255.99,256.21,2863626,743425168.0
2016-05-05,sh.600519,256.5,258.15,255.5,257.77,1351789,347050352.0
2016-05-06,sh.600519,257.31,258.52,251.12,252.22,2717369,689911424.0
2016-05-09,sh.600519,250.13,252.8,249.01,250.82,2779918,696784544.0
2016-05-10,sh.600519,249.5,254.0,249.11,252.08,3350589,843441776.0
2016-05-11,sh.600519,252.35,260.48,252.35,256.87,4927713,1268594576.0
2016-05-12,sh.600519,254.02,256.56,252.0,255.96,1889411,480711456.0
2016-05-13,sh.600519,255.98,258.9,250.5,250.96,2814561,714915408.0
2016-05-16,sh.600519,250.86,251.8,247.3,251.63,2220273,553627504.0
2016-05-17,sh.600519,251.01,252.4,249.83,250.03,1178569,295827984.0
2016-05-18,sh.600519,249.08,251.85,243.1,244.44,2838034,700172112.0
2016-05-19,sh.600519,245.16,248.5,244.5,245.77,2088943,514050848.0
2016-05-20,sh.600519,246.84,252.18,244.32,251.26,2550157,638079264.0
2016-05-23,sh.600519,249.72,254.99,249.72,254.2,1870618,474832784.0
2016-05-24,sh.600519,254.41,255.21,250.1,251.94,1167440,294383664.0
2016-05-25,sh.600519,254.48,254.94,251.01,251.86,1778534,450815936.0
2016-05-26,sh.600519,251.99,253.8,249.2,252.71,1812026,454859056.0
2016-05-27,sh.600519,252.72,254.69,251.38,252.44,1323044,334258000.0
2016-05-30,sh.600519,251.5,256.5,250.0,256.13,2980692,756013040.0
2016-05-31,sh.600519,256.0,266.62,255.2,264.47,5394965,1418668240.0
2016-06-01,sh.600519,265.4,265.5,263.0,263.79,2187669,578184016.0
2016-06-02,sh.600519,263.01,268.68,263.01,267.74,2476076,660335568.0
2016-06-03,sh.600519,267.0,286.74,266.4,283.89,6479813,1806172752.0
2016-06-06,sh.600519,282.0,283.0,275.0,276.05,3726166,1034692864.0
2016-06-07,sh.600519,276.5,278.49,275.01,277.85,1875353,518246016.0
2016-06-08,sh.600519,276.4,277.86,273.5,274.28,2388209,656530784.0
2016-06-13,sh.600519,273.35,276.66,266.25,267.06,3777506,1030012784.0
2016-06-14,sh.600519,267.71,273.8,267.71,272.75,2558729,696446752.0
2016-06-15,sh.600519,270.71,277.8,270.21,276.49,2732201,752172240.0
2016-06-16,sh.600519,274.86,277.8,273.78,274.02,1964357,540824576.0
2016-06-17,sh.600519,273.6,282.49,273.6,278.26,2470518,689165056.0
2016-06-20,sh.600519,279.77,279.86,274.0,276.11,1901926,523759584.0
2016-06-21,sh.600519,277.04,277.94,273.0,273.81,1674933,460067360.0
2016-06-22,sh.600519,273.77,279.36,272.77,278.44,2088448,577353680.0
2016-06-23,sh.600519,279.97,279.97,274.88,276.44,1398451,386801280.0
2016-06-24,sh.600519,275.28,277.0,267.2,273.77,2012951,550877440.0
2016-06-27,sh.600519,275.0,292.3,275.0,287.68,6364269,1823624048.0
2016-06-28,sh.600519,287.02,289.66,286.32,288.21,2428223,699351504.0
2016-06-29,sh.600519,287.55,289.45,284.2,288.18,2814760,805690464.0
2016-06-30,sh.600519,290.02,298.2,290.02,291.92,3802240,1116195904.0
2016-07-01,sh.600519,287.2,291.88,284.0,286.17,2601495,746622848.0
2016-07-04,sh.600519,287.0,295.4,286.0,293.9,2948864,859625104.0
2016-07-05,sh.600519,295.03,303.1,295.03,300.58,4170773,1252985744.0
2016-07-06,sh.600519,299.8,318.0,299.01,317.19,4734770,1463885920.0
2016-07-07,sh.600519,315.8,326.8,312.08,316.91,5072520,1619384208.0
2016-07-08,sh.600519,313.53,315.5,306.16,309.91,4554563,1412963904.0
2016-07-11,sh.600519,309.03,324.0,309.03,315.14,5748167,1825388224.0
2016-07-12,sh.600519,315.76,326.6,315.0,324.73,5311945,1712151168.0
2016-07-13,sh.600519,323.03,324.73,315.05,317.19,5344828,1697002624.0
2016-07-14,sh.600519,316.09,320.8,315.2,317.09,2923085,928017840.0
2016-07-15,sh.600519,317.12,318.03,315.06,317.52,2681101,848676192.0
2016-07-18,sh.600519,317.5,319.5,315.66,316.21,2335289,741065232.0
2016-07-19,sh.600519,315.5,316.3,305.55,308.11,4143166,1282256496.0
2016-07-20,sh.600519,308.62,310.87,307.5,308.56,1773384,548187888.0
2016-07-21,sh.600519,310.15,317.6,309.0,314.38,3300949,1041004816.0
2016-07-22,sh.600519,312.9,315.2,307.38,307.92,2887145,893047920.0
2016-07-25,sh.600519,307.6,314.19,307.0,311.26,2362353,736751808.0
2016-07-26,sh.600519,309.01,319.5,308.5,319.04,3555567,1121135552.0
2016-07-27,sh.600519,319.85,320.6,308.3,314.01,3922806,1235833184.0
2016-07-28,sh.600519,312.0,319.3,311.5,316.05,3964399,1254912048.0
2016-07-29,sh.600519,315.08,318.88,313.0,313.15,2900737,913987184.0
2016-08-01,sh.600519,313.0,313.95,305.0,306.96,3170185,980681840.0
2016-08-02,sh.600519,307.25,310.5,302.85,306.21,2654142,812078464.0
2016-08-03,sh.600519,307.0,307.9,304.15,306.82,2403907,735080448.0
2016-08-04,sh.600519,306.85,308.33,304.22,306.3,2179364,666165440.0
2016-08-05,sh.600519,306.49,308.37,305.03,305.93,2030848,622324416.0
2016-08-08,sh.600519,306.15,308.3,303.06,308.1,2200740,672724160.0
2016-08-09,sh.600519,308.17,317.67,306.42,315.75,3928967,1230571984.0
2016-08-10,sh.600519,315.05,316.5,313.33,313.81,2094471,659451040.0
2016-08-11,sh.600519,314.38,321.57,314.01,316.77,3193972,1016399248.0
2016-08-12,sh.600519,317.4,317.4,314.01,316.97,2335283,737487488.0
2016-08-15,sh.600519,315.8,321.69,314.15,318.78,3411013,1084418384.0
2016-08-16,sh.600519,322.0,322.48,308.0,309.52,8837869,2755749504.0
2016-08-17,sh.600519,309.6,310.97,306.5,308.16,4375406,1347397792.0
2016-08-18,sh.600519,307.95,309.65,305.13,306.43,3100599,951674784.0
2016-08-19,sh.600519,305.8,307.45,304.8,306.48,1914091,585467696.0
2016-08-22,sh.600519,306.13,309.58,306.0,307.32,2081270,640455200.0
2016-08-23,sh.600519,307.33,309.04,305.8,306.88,1991426,612752800.0
2016-08-24,sh.600519,307.02,307.49,303.83,305.28,2277942,695005296.0
2016-08-25,sh.600519,305.2,305.38,300.07,303.01,2536258,766099104.0
2016-08-26,sh.600519,303.14,304.55,300.4,301.45,2143645,648346752.0
2016-08-29,sh.600519,308.0,308.8,305.2,307.53,3805557,1169052448.0
2016-08-30,sh.600519,307.0,308.5,304.67,305.86,2117052,649198656.0
2016-08-31,sh.600519,306.7,310.76,305.54,310.19,4040144,1250762224.0
2016-09-01,sh.600519,309.7,312.0,308.25,308.71,1718597,532785264.0
2016-09-02,sh.600519,308.0,309.45,304.88,305.78,1857224,570909568.0
2016-09-05,sh.600519,306.2,309.0,305.81,308.5,1913870,589626256.0
2016-09-06,sh.600519,308.5,310.36,308.35,309.94,2062583,638681584.0
2016-09-07,sh.600519,309.68,309.68,305.5,306.6,2964515,908976240.0
2016-09-08,sh.600519,305.21,306.5,304.41,305.82,1670578,509979664.0
2016-09-09,sh.600519,306.65,306.86,304.0,304.63,1622251,494663728.0
2016-09-12,sh.600519,302.0,304.0,297.77,298.06,3823881,1148690128.0
2016-09-13,sh.600519,299.95,300.97,299.3,300.43,1625588,488095088.0
2016-09-14,sh.600519,300.1,302.2,298.01,299.57,1852765,556106064.0
2016-09-19,sh.600519,300.05,301.57,299.88,300.13,1285210,385804384.0
2016-09-20,sh.600519,300.78,300.8,294.0,294.96,3489260,1031649952.0
2016-09-21,sh.600519,295.06,295.39,289.11,294.05,3903723,1139374176.0
2016-09-22,sh.600519,294.3,299.98,294.01,296.98,2960617,879666032.0
2016-09-23,sh.600519,297.02,298.95,295.4,297.68,1267190,376554080.0
2016-09-26,sh.600519,297.0,297.01,288.55,288.73,3717608,1080278320.0
2016-09-27,sh.600519,288.88,291.98,288.76,291.17,1791582,520513712.0
2016-09-28,sh.600519,291.79,291.79,287.56,288.41,2236001,648736320.0
2016-09-29,sh.600519,287.85,293.0,287.85,290.98,2370569,688873472.0
2016-09-30,sh.600519,290.0,299.63,290.0,297.91,2960350,880477808.0
2016-10-10,sh.600519,298.51,303.86,298.51,302.96,2110362,637178864.0
2016-10-11,sh.600519,304.0,309.0,303.0,308.92,4173675,1279755344.0
2016-10-12,sh.600519,308.5,308.5,304.9,305.82,1928602,590793824.0
2016-10-13,sh.600519,306.8,306.94,303.51,303.89,1614398,491591616.0
2016-10-14,sh.600519,303.47,306.0,303.2,305.6,1269092,386317904.0
2016-10-17,sh.600519,305.45,305.5,301.5,302.45,1895703,574503344.0
2016-10-18,sh.600519,302.5,308.5,302.0,307.16,3038931,932443504.0
2016-10-19,sh.600519,308.5,308.75,305.1,306.45,1412328,433658688.0
2016-10-20,sh.600519,307.39,307.39,304.8,305.48,1407992,429896208.0
2016-10-21,sh.600519,305.08,305.48,302.59,304.19,1148332,349209696.0
2016-10-24,sh.600519,302.6,307.0,302.6,306.93,2624652,802002336.0
2016-10-25,sh.600519,307.39,313.0,307.39,312.94,4376239,1363211040.0
2016-10-26,sh.600519,313.0,318.31,311.65,313.68,4681307,1475976848.0
2016-10-27,sh.600519,312.99,318.22,311.01,316.87,3295162,1039017328.0
2016-10-28,sh.600519,317.5,318.43,314.0,317.05,2013733,637478016.0
2016-10-31,sh.600519,319.0,322.8,316.8,317.95,4359610,1394967920.0
2016-11-01,sh.600519,317.95,319.0,315.55,316.68,1951239,617880128.0
2016-11-02,sh.600519,316.09,317.16,313.68,315.18,2063642,650629056.0
2016-11-03,sh.600519,315.0,316.46,314.15,315.86,1869081,589861360.0
2016-11-04,sh.600519,315.99,318.25,313.98,314.82,2061927,650490000.0
2016-11-07,sh.600519,315.0,317.0,313.2,315.33,1604780,505304912.0
2016-11-08,sh.600519,316.5,322.18,315.68,320.0,3419383,1093003616.0
2016-11-09,sh.600519,320.0,321.97,313.8,316.81,3000449,951077200.0
2016-11-10,sh.600519,319.1,321.0,317.73,319.13,1780496,568571584.0
2016-11-11,sh.600519,317.99,318.3,314.8,315.08,3590265,1133744320.0
2016-11-14,sh.600519,315.55,315.87,309.99,310.99,3992049,1246340880.0
2016-11-15,sh.600519,310.03,315.65,310.03,314.01,2447055,766112496.0
2016-11-16,sh.600519,313.81,315.4,312.0,313.15,1339981,419672480.0
2016-11-17,sh.600519,312.08,313.0,310.53,311.04,1833776,570642080.0
2016-11-18,sh.600519,311.16,311.8,309.88,310.0,1937769,601883504.0
2016-11-21,sh.600519,311.02,311.66,308.37,309.5,2608384,807014528.0
2016-11-22,sh.600519,310.3,310.45,308.37,308.87,2642427,816561744.0
2016-11-23,sh.600519,311.0,313.0,309.11,312.95,3401504,1058266304.0
2016-11-24,sh.600519,313.2,317.0,311.42,316.93,3907870,1227937712.0
2016-11-25,sh.600519,317.04,318.0,313.42,316.89,2236967,706042464.0
2016-11-28,sh.600519,317.55,320.18,316.6,319.5,4925301,1568882896.0
2016-11-29,sh.600519,320.7,330.45,319.41,323.96,5883062,1911874432.0
2016-11-30,sh.600519,321.22,323.3,318.45,319.08,2675237,855564592.0
2016-12-01,sh.600519,320.0,324.59,318.68,321.02,2794182,896065024.0
2016-12-02,sh.600519,321.0,323.2,319.0,321.77,3062833,984836864.0
2016-12-05,sh.600519,319.2,324.54,315.82,315.93,4206081,1342647360.0
2016-12-06,sh.600519,316.23,326.58,316.23,326.42,3892309,1251764480.0
2016-12-07,sh.600519,327.12,328.5,323.97,327.45,2527174,825849248.0
2016-12-08,sh.600519,328.01,340.0,327.0,337.71,5447578,1825332448.0
2016-12-09,sh.600519,337.2,339.42,334.02,337.76,3449559,1162079792.0
2016-12-12,sh.600519,337.7,340.0,325.7,326.86,5033244,1667557008.0
2016-12-13,sh.600519,326.84,335.0,325.5,333.01,4178000,1384533792.0
2016-12-14,sh.600519,333.0,334.07,328.5,332.27,3202902,1062697136.0
2016-12-15,sh.600519,332.46,332.99,325.58,328.05,3920275,1285279904.0
2016-12-16,sh.600519,327.0,329.88,323.58,327.58,2505126,818412416.0
2016-12-19,sh.600519,326.0,334.37,325.61,325.96,3047187,1002365472.0
2016-12-20,sh.600519,326.04,327.0,321.81,326.48,3083159,1001345152.0
2016-12-21,sh.600519,326.9,329.29,323.56,328.66,2471124,807548096.0
2016-12-22,sh.600519,328.0,328.46,324.88,325.2,1467813,478750704.0
2016-12-23,sh.600519,323.55,324.5,319.13,320.03,3109555,1001068080.0
2016-12-26,sh.600519,319.03,324.99,316.2,324.48,2600143,835811088.0
2016-12-27,sh.600519,324.51,328.8,323.5,326.16,2006229,655887936.0
2016-12-28,sh.600519,326.99,328.0,323.33,323.72,1787811,581648976.0
2016-12-29,sh.600519,324.0,327.87,323.0,327.31,2122512,690986080.0
2016-12-30,sh.600519,326.61,335.29,326.61,334.15,3468767,1152982240.0
2017-01-03,sh.600519,334.28,337.0,332.81,334.56,2076389,695005296.0
2017-01-04,sh.600519,334.62,352.17,334.6,351.91,6525738,2245051872.0
2017-01-05,sh.600519,350.0,351.45,345.44,346.74,4170448,1449077680.0
2017-01-06,sh.600519,346.64,359.78,346.1,350.76,6809562,2402546304.0
2017-01-09,sh.600519,347.8,352.88,346.54,348.51,3540500,1233977968.0
2017-01-10,sh.600519,348.45,352.0,346.6,349.0,3172764,1108100800.0
2017-01-11,sh.600519,348.0,348.0,343.5,345.45,2359851,814074640.0
2017-01-12,sh.600519,346.55,347.4,344.51,347.05,1777940,614822048.0
2017-01-13,sh.600519,346.98,347.39,343.88,344.87,1828248,631734944.0
2017-01-16,sh.600519,344.13,344.8,338.8,341.47,3685545,1259384864.0
2017-01-17,sh.600519,342.6,351.5,342.0,349.13,3518838,1223967888.0
2017-01-18,sh.600519,348.88,356.77,347.21,355.08,4600570,1622110976.0
2017-01-19,sh.600519,355.0,358.48,351.7,354.72,2852392,1011320064.0
2017-01-20,sh.600519,354.9,357.4,353.03,354.99,2134417,758416000.0
2017-01-23,sh.600519,356.88,359.8,349.46,351.22,3258118,1151869296.0
2017-01-24,sh.600519,351.27,352.8,346.75,350.31,2691458,939129472.0
2017-01-25,sh.600519,349.98,349.98,346.2,347.63,2299036,799259968.0
2017-01-26,sh.600519,348.14,348.8,341.3,344.42,3782617,1303262144.0
2017-02-03,sh.600519,346.0,349.18,345.0,346.85,2093643,727140784.0
2017-02-06,sh.600519,348.49,348.89,344.96,346.85,1568079,543401904.0
2017-02-07,sh.600519,346.84,347.4,343.14,343.58,2051983,707114112.0
2017-02-08,sh.600519,343.76,345.5,342.67,344.21,1908854,656786320.0
2017-02-09,sh.600519,345.0,348.79,344.61,347.61,2332438,808958176.0
2017-02-10,sh.600519,348.62,349.82,345.0,345.08,2405659,835679328.0
2017-02-13,sh.600519,344.0,351.9,341.92,349.75,5358790,1869148352.0
2017-02-14,sh.600519,349.54,352.6,349.1,350.21,2655868,931733728.0
2017-02-15,sh.600519,351.5,352.44,347.2,348.53,2625696,917475856.0
2017-02-16,sh.600519,348.5,348.62,345.51,348.09,1764230,612607280.0
2017-02-17,sh.600519,348.9,354.44,347.5,350.56,2910234,1022647968.0
2017-02-20,sh.600519,350.41,362.32,350.01,361.29,6185340,2215563600.0
2017-02-21,sh.600519,361.88,362.43,357.18,358.74,2770577,994112864.0
2017-02-22,sh.600519,360.61,366.52,360.0,361.89,3713031,1347469104.0
2017-02-23,sh.600519,360.97,365.48,359.76,361.7,2332806,844123200.0
2017-02-24,sh.600519,362.0,362.89,360.05,362.62,1769278,639123200.0
2017-02-27,sh.600519,362.49,362.85,356.8,357.2,2540046,912927184.0
2017-02-28,sh.600519,357.0,359.2,353.58,354.66,2747351,975788672.0
2017-03-01,sh.600519,355.1,358.2,355.0,356.61,2194420,782349008.0
2017-03-02,sh.600519,356.71,357.0,354.53,356.82,2210362,785560416.0
2017-03-03,sh.600519,355.0,358.22,355.0,356.54,1415355,505108560.0
2017-03-06,sh.600519,357.66,359.54,356.55,358.96,2281884,818625872.0
2017-03-07,sh.600519,358.03,368.88,358.03,367.2,4628698,1694198544.0
2017-03-08,sh.600519,367.18,368.49,365.5,367.28,1603770,588667680.0
2017-03-09,sh.600519,367.0,369.98,365.56,369.9,2340606,860084032.0
2017-03-10,sh.600519,369.92,377.0,368.36,369.85,4095105,1524343088.0
2017-03-13,sh.600519,370.05,374.33,367.53,371.55,2767432,1027592800.0
2017-03-14,sh.600519,371.55,373.85,368.34,369.5,2041649,756359632.0
2017-03-15,sh.600519,369.5,375.15,369.01,374.68,2515526,935994832.0
2017-03-16,sh.600519,376.56,378.3,372.8,374.77,2502260,938231440.0
2017-03-17,sh.600519,373.1,384.45,373.1,378.48,3470026,1315336848.0
2017-03-20,sh.600519,380.5,386.71,378.88,386.41,3154594,1209603920.0
2017-03-21,sh.600519,386.55,396.5,386.5,394.01,4846096,1901883744.0
2017-03-22,sh.600519,390.53,394.6,385.0,394.48,4553271,1775217760.0
2017-03-23,sh.600519,392.03,393.99,386.6,389.79,3450481,1345058752.0
2017-03-24,sh.600519,392.32,393.22,385.0,386.82,3328772,1292313392.0
2017-03-27,sh.600519,386.03,389.26,378.39,378.82,5369028,2054742976.0
2017-03-28,sh.600519,379.95,381.15,376.66,380.26,4118717,1558258560.0
2017-03-29,sh.600519,381.01,385.8,379.9,383.65,3729967,1429610960.0
2017-03-30,sh.600519,383.0,386.89,382.6,386.14,3161299,1216016528.0
2017-03-31,sh.600519,386.2,388.0,384.18,386.36,2447422,945503280.0
2017-04-05,sh.600519,385.66,394.99,385.0,389.66,4078998,1594997312.0
2017-04-06,sh.600519,389.01,393.0,386.63,391.91,2885720,1125204240.0
2017-04-07,sh.600519,392.99,394.0,389.6,392.87,2409723,945589200.0
2017-04-10,sh.600519,394.0,394.0,388.0,389.2,2886948,1126296272.0
2017-04-11,sh.600519,388.05,390.7,380.6,385.29,4353072,1679537552.0
2017-04-12,sh.600519,385.29,391.0,384.8,390.23,2700291,1049245584.0
2017-04-13,sh.600519,390.78,398.59,390.51,398.39,4564835,1805008864.0
2017-04-14,sh.600519,399.43,399.88,395.0,395.45,2364656,938378992.0
2017-04-17,sh.600519,391.0,398.28,388.55,395.79,2879371,1136763712.0
2017-04-18,sh.600519,394.6,406.55,394.6,404.65,4958100,1987661264.0
2017-04-19,sh.600519,403.0,409.1,402.86,405.74,3755011,1521983648.0
2017-04-20,sh.600519,406.09,420.43,406.09,415.31,5045768,2091241456.0
2017-04-21,sh.600519,415.0,415.6,400.0,400.53,4933292,2015062640.0
2017-04-24,sh.600519,400.62,405.0,389.0,398.55,5003797,1986424992.0
2017-04-25,sh.600519,404.8,420.17,404.8,418.89,7619271,3143136336.0
2017-04-26,sh.600519,418.85,428.68,413.01,417.96,5662412,2384125120.0
2017-04-27,sh.600519,415.53,421.97,410.43,421.44,2824071,1180494896.0
2017-04-28,sh.600519,421.99,423.0,409.9,413.48,4950587,2052093808.0
2017-05-02,sh.600519,411.6,415.0,409.18,412.08,2329168,960137248.0
2017-05-03,sh.600519,411.0,417.66,411.0,417.61,2026791,842560352.0
2017-05-04,sh.600519,414.63,418.48,414.63,416.0,2670915,1111200112.0
2017-05-05,sh.600519,416.2,422.78,415.1,416.19,3743711,1566063424.0
2017-05-08,sh.600519,416.18,417.0,404.72,405.48,4072165,1671035536.0
2017-05-09,sh.600519,404.44,409.88,398.0,408.76,5280192,2126236512.0
2017-05-10,sh.600519,408.4,414.44,407.02,410.09,2603938,1070652720.0
2017-05-11,sh.600519,408.4,414.7,406.51,412.16,3046764,1254053008.0
2017-05-12,sh.600519,413.59,415.3,410.01,413.47,2233742,921621376.0
2017-05-15,sh.600519,413.12,420.35,413.12,419.55,3344735,1398908208.0
2017-05-16,sh.600519,419.6,431.22,418.26,430.12,5016490,2145037952.0
2017-05-17,sh.600519,429.0,430.19,424.88,426.6,2751521,1174696176.0
2017-05-18,sh.600519,425.05,430.7,425.01,429.54,2430080,1040535488.0
2017-05-19,sh.600519,429.57,441.8,429.57,440.82,3831083,1672948416.0
2017-05-22,sh.600519,439.04,446.01,436.2,441.78,3532149,1560087952.0
2017-05-23,sh.600519,442.25,454.47,442.25,454.2,4845439,2178738032.0
2017-05-24,sh.600519,452.9,456.48,446.0,450.32,4022618,1812513088.0
2017-05-25,sh.600519,448.71,452.96,447.5,450.6,2889842,1299628592.0
2017-05-26,sh.600519,450.82,455.6,448.0,451.92,2738664,1237323136.0
2017-05-31,sh.600519,450.0,450.5,440.11,442.94,4431225,1968887168.0
2017-06-01,sh.600519,442.5,449.95,441.01,449.28,4060478,1808305712.0
2017-06-02,sh.600519,450.0,450.95,445.6,447.31,2178526,974893312.0
2017-06-05,sh.600519,448.04,449.0,442.35,444.41,1924120,854876928.0
2017-06-06,sh.600519,444.97,449.0,444.2,448.82,2040244,912438704.0
2017-06-07,sh.600519,449.12,460.0,449.12,459.37,3883430,1774212480.0
2017-06-08,sh.600519,461.32,464.4,458.5,464.31,2895111,1338443408.0
2017-06-09,sh.600519,464.24,470.8,463.0,465.74,3143076,1467836832.0
2017-06-12,sh.600519,467.0,475.44,465.0,472.88,3510916,1654502000.0
2017-06-13,sh.600519,473.05,474.5,467.0,473.04,2423798,1141536368.0
2017-06-14,sh.600519,472.79,477.5,470.48,474.39,3376863,1600846624.0
2017-06-15,sh.600519,475.0,475.48,464.0,464.3,5020280,2347172384.0
2017-06-16,sh.600519,461.5,467.49,461.26,462.63,3333180,1544955952.0
2017-06-19,sh.600519,461.96,470.39,461.96,470.17,3853668,1803585248.0
2017-06-20,sh.600519,473.0,474.88,465.66,466.3,3450539,1614858144.0
2017-06-21,sh.600519,469.55,473.0,466.03,472.71,4203854,1974672848.0
2017-06-22,sh.600519,473.02,477.93,471.2,472.75,3824234,1815684368.0
2017-06-23,sh.600519,472.86,474.88,468.33,472.73,3130362,1473803776.0
2017-06-26,sh.600519,473.01,485.0,472.0,484.68,5293257,2536430496.0
2017-06-27,sh.600519,482.82,485.0,480.85,484.1,2798078,1350476768.0
2017-06-28,sh.600519,484.09,484.09,473.0,475.3,3772874,1799676816.0
2017-06-29,sh.600519,476.3,477.35,470.0,473.01,3509272,1657994400.0
2017-06-30,sh.600519,471.51,474.16,467.8,471.85,2242717,1056424784.0
2017-07-03,sh.600519,474.2,474.2,457.9,460.37,4962853,2298656464.0
2017-07-04,sh.600519,458.96,460.0,449.0,451.92,5648895,2563886384.0
2017-07-05,sh.600519,453.01,460.33,453.01,460.13,3754032,1718844528.0
2017-07-06,sh.600519,458.11,460.2,450.6,455.98,4204439,1913037504.0
2017-07-07,sh.600519,451.05,451.1,441.2,445.97,3779647,1681450720.0
2017-07-10,sh.600519,446.88,454.9,442.97,454.47,3662409,1648443664.0
2017-07-11,sh.600519,454.5,464.58,454.0,463.13,4460182,2054854496.0
2017-07-12,sh.600519,465.8,465.99,455.0,457.47,2895072,1330327920.0
2017-07-13,sh.600519,455.35,461.91,453.68,456.16,2595135,1183440448.0
2017-07-14,sh.600519,456.25,458.76,453.05,456.41,1772657,806510272.0
2017-07-17,sh.600519,457.04,458.04,446.28,450.07,3526368,1595292992.0
2017-07-18,sh.600519,451.99,453.99,448.0,452.55,3068449,1384468256.0
2017-07-19,sh.600519,454.0,463.62,452.8,456.86,5625994,2574934656.0
2017-07-20,sh.600519,455.86,466.89,455.86,466.47,4663487,2160731536.0
2017-07-21,sh.600519,466.96,475.01,463.66,473.2,4679241,2207195744.0
2017-07-24,sh.600519,474.88,485.35,474.88,477.8,4271643,2052709808.0
2017-07-25,sh.600519,482.2,482.8,476.1,477.96,2192999,1051446096.0
2017-07-26,sh.600519,478.05,481.63,466.56,471.63,3147018,1487729152.0
2017-07-27,sh.600519,471.63,475.85,471.1,473.87,1959503,928077232.0
2017-07-28,sh.600519,471.0,484.07,467.71,483.92,4661877,2235811536.0
2017-07-31,sh.600519,484.0,487.96,481.0,481.22,3841218,1861154800.0
2017-08-01,sh.600519,481.0,483.0,477.4,480.24,2750154,1318453664.0
2017-08-02,sh.600519,480.04,484.88,478.51,482.84,2677422,1289564016.0
2017-08-03,sh.600519,483.68,486.85,475.63,477.22,3176839,1522998144.0
2017-08-04,sh.600519,477.0,478.98,472.6,473.64,1868114,887074160.0
2017-08-07,sh.600519,472.5,482.4,471.13,481.56,2309937,1104715344.0
2017-08-08,sh.600519,482.0,484.22,479.5,482.58,1605158,773408192.0
2017-08-09,sh.600519,484.84,492.98,482.03,490.85,4179447,2045888048.0
2017-08-10,sh.600519,491.09,499.6,489.0,491.63,3536438,1747693648.0
2017-08-11,sh.600519,489.0,496.55,483.48,484.06,3657257,1785149168.0
2017-08-14,sh.600519,485.21,500.1,485.21,499.83,3933147,1952353920.0
2017-08-15,sh.600519,500.11,501.1,495.01,495.97,2716322,1350104672.0
2017-08-16,sh.600519,498.0,498.8,493.0,496.49,1858722,921412992.0
2017-08-17,sh.600519,497.6,497.6,489.8,492.69,2584673,1272341264.0
2017-08-18,sh.600519,492.8,494.44,488.0,489.65,2385775,1169732672.0
2017-08-21,sh.600519,488.0,494.4,486.94,489.73,2354662,1153168720.0
2017-08-22,sh.600519,487.4,489.48,476.0,487.22,4245703,2051271360.0
2017-08-23,sh.600519,485.45,494.63,484.32,494.01,2721499,1337347648.0
2017-08-24,sh.600519,493.99,496.4,492.02,492.81,1815678,896861680.0
2017-08-25,sh.600519,493.45,494.25,489.32,492.99,1729788,850598720.0
2017-08-28,sh.600519,493.0,497.29,491.03,492.04,2902107,1432545552.0
2017-08-29,sh.600519,493.02,494.88,488.01,489.44,2517662,1234431712.0
2017-08-30,sh.600519,489.7,493.75,489.16,492.97,1850364,910133936.0
2017-08-31,sh.600519,494.04,494.88,489.8,491.15,1873686,921659712.0
2017-09-01,sh.600519,490.2,496.28,490.03,495.18,3145100,1554634576.0
2017-09-04,sh.600519,495.18,496.66,491.27,492.42,1893162,932954816.0
2017-09-05,sh.600519,492.88,493.99,489.5,489.99,2262215,1112006400.0
2017-09-06,sh.600519,490.0,492.77,484.84,484.98,3300650,1608066096.0
2017-09-07,sh.600519,485.31,486.9,480.06,481.27,3332016,1605408576.0
2017-09-08,sh.600519,478.25,480.5,474.0,474.37,4117327,1962989424.0
2017-09-11,sh.600519,471.09,482.22,469.98,478.32,4537440,2161657248.0
2017-09-12,sh.600519,479.5,486.0,478.4,484.91,3434163,1661294228.0
2017-09-13,sh.600519,485.0,492.2,481.38,491.63,3307570,1618956527.0
2017-09-14,sh.600519,492.99,494.03,488.99,490.71,1939949,953145166.0
2017-09-15,sh.600519,492.5,492.5,488.0,489.84,1603946,786562205.0
2017-09-18,sh.600519,490.14,500.5,490.14,498.97,4220681,2101680376.0
2017-09-19,sh.600519,500.3,502.5,496.01,496.95,2305481,1151152851.0
2017-09-20,sh.600519,496.9,500.02,496.0,496.2,1731816,862024944.0
2017-09-21,sh.600519,495.94,500.58,492.88,498.77,1940268,963615276.0
2017-09-22,sh.600519,496.9,500.18,495.8,499.93,1634353,815718865.0
2017-09-25,sh.600519,500.31,508.2,500.3,507.24,3269756,1649582919.0
2017-09-26,sh.600519,506.69,510.0,503.6,509.29,2547049,1292872632.0
2017-09-27,sh.600519,508.92,511.03,506.07,508.21,1667111,847627355.0
2017-09-28,sh.600519,507.2,520.2,507.15,518.46,2596985,1340236075.0
2017-09-29,sh.600519,516.0,525.88,515.5,517.64,2243622,1166403112.0
2017-10-09,sh.600519,524.54,535.55,520.1,527.77,3489129,1844481600.0
2017-10-10,sh.600519,527.05,540.49,527.01,540.06,3100644,1662690453.0
2017-10-11,sh.600519,538.1,551.25,538.1,545.54,3340643,1824898708.0
2017-10-12,sh.600519,545.0,547.5,540.18,544.09,1964622,1067464518.0
2017-10-13,sh.600519,545.0,556.6,542.01,556.15,2785842,1534212916.0
2017-10-16,sh.600519,559.99,566.66,555.87,560.69,2990901,1676809992.0
2017-10-17,sh.600519,560.97,560.97,554.0,556.73,2097712,1168943280.0
2017-10-18,sh.600519,554.2,562.59,554.2,560.72,1917865,1072237528.0
2017-10-19,sh.600519,561.0,585.15,560.72,582.6,4065882,2338901855.0
2017-10-20,sh.600519,581.0,581.0,571.76,574.33,3153433,1812957242.0
2017-10-23,sh.600519,574.92,580.5,568.0,573.41,2377182,1362900409.0
2017-10-24,sh.600519,572.0,573.8,563.61,567.33,3127428,1775645971.0
2017-10-25,sh.600519,569.75,571.68,562.06,565.67,2507600,1418395221.0
2017-10-26,sh.600519,605.0,613.0,591.91,605.09,11543497,6957625411.0
2017-10-27,sh.600519,602.11,655.0,600.03,649.63,8438379,5284485766.0
2017-10-30,sh.600519,643.05,644.0,621.0,622.08,8100786,5099041747.0
2017-10-31,sh.600519,622.01,627.6,611.88,618.03,5187568,3206280600.0
2017-11-01,sh.600519,620.88,631.54,619.22,623.01,4343525,2712016939.0
2017-11-02,sh.600519,626.95,629.78,621.0,626.92,3424973,2144671943.0
2017-11-03,sh.600519,628.65,643.44,628.65,639.17,4818897,3075651167.0
2017-11-06,sh.600519,641.5,657.62,640.2,653.06,4851398,3153638704.0
2017-11-07,sh.600519,650.58,657.15,638.18,642.07,5556485,3592238407.0
2017-11-08,sh.600519,642.33,654.5,642.33,650.38,4395194,2855374070.0
2017-11-09,sh.600519,648.0,654.15,644.61,650.07,3364113,2183815390.0
2017-11-10,sh.600519,650.43,683.4,650.43,677.95,7407860,4967970730.0
2017-11-13,sh.600519,680.0,692.78,675.8,687.88,4986984,3402794002.0
2017-11-14,sh.600519,687.14,687.22,677.35,678.75,4636671,3159112664.0
2017-11-15,sh.600519,678.75,689.99,674.0,688.08,4503633,3074244081.0
2017-11-16,sh.600519,686.01,719.96,686.01,719.11,6071632,4299283186.0
2017-11-17,sh.600519,696.0,709.0,677.77,690.25,12386124,8548747991.0
2017-11-20,sh.600519,676.8,685.6,660.0,679.15,8830582,5954131851.0
2017-11-21,sh.600519,669.0,688.8,662.02,677.25,9601651,6491134446.0
2017-11-22,sh.600519,677.0,688.0,650.0,650.52,12849826,8528143403.0
2017-11-23,sh.600519,642.0,646.0,630.22,633.73,10959913,6984097475.0
2017-11-24,sh.600519,635.9,642.5,622.23,630.04,7654194,4835808966.0
2017-11-27,sh.600519,634.0,636.33,613.01,621.29,6354846,3975262024.0
2017-11-28,sh.600519,625.06,648.88,624.0,648.23,7029183,4491543613.0
2017-11-29,sh.600519,649.94,651.97,634.01,638.12,4676372,3005733412.0
2017-11-30,sh.600519,635.51,648.48,626.0,631.0,3801962,2419959854.0
2017-12-01,sh.600519,638.01,638.99,620.13,622.35,4719274,2959772009.0
2017-12-04,sh.600519,623.95,644.1,616.72,637.79,5426771,3436687377.0
2017-12-05,sh.600519,634.0,647.4,630.13,632.96,4746576,3026076465.0
2017-12-06,sh.600519,631.5,644.1,620.0,625.01,5817409,3657236582.0
2017-12-07,sh.600519,624.95,624.99,615.26,616.69,5103262,3155212010.0
2017-12-08,sh.600519,615.42,628.85,615.42,627.28,4550339,2842464437.0
2017-12-11,sh.600519,631.0,651.95,631.0,650.99,7284917,4702239221.0
2017-12-12,sh.600519,658.7,658.77,651.02,651.32,4788931,3138650306.0
2017-12-13,sh.600519,654.99,670.0,650.72,668.21,4850248,3197982045.0
2017-12-14,sh.600519,669.98,671.3,660.5,664.55,3196794,2126665894.0
2017-12-15,sh.600519,664.0,667.95,650.78,653.79,3225595,2126579404.0
2017-12-18,sh.600519,660.0,669.8,658.58,665.77,3916228,2599749872.0
2017-12-19,sh.600519,663.0,672.44,661.0,667.09,4407221,2944470867.0
2017-12-20,sh.600519,669.9,686.86,664.03,684.91,6360131,4321305755.0
2017-12-21,sh.600519,683.0,687.42,675.5,681.74,4668038,3178595839.0
2017-12-22,sh.600519,680.0,685.9,677.01,682.92,2831701,1930315469.0
2017-12-25,sh.600519,686.0,696.3,683.72,688.12,3621428,2497653982.0
2017-12-26,sh.600519,688.18,692.99,676.5,680.81,3186766,2174103282.0
2017-12-27,sh.600519,684.86,684.86,662.5,664.18,3772205,2539720696.0
2017-12-28,sh.600519,687.0,719.9,671.32,718.69,12414107,8656875718.0
2017-12-29,sh.600519,718.0,726.5,691.6,697.49,7603887,5372514665.0
2018-01-02,sh.600519,700.0,710.16,689.89,703.85,4961248,3482407646.0
2018-01-03,sh.600519,701.5,721.4,699.74,715.86,5201941,3713523701.0
2018-01-04,sh.600519,721.4,743.5,719.33,737.07,7220508,5309890210.0
2018-01-05,sh.600519,741.0,746.03,728.22,738.36,3998907,2946493013.0
2018-01-08,sh.600519,735.02,756.5,735.02,752.13,5220456,3899951720.0
2018-01-09,sh.600519,752.21,783.0,752.21,782.52,6459195,5001164506.0
2018-01-10,sh.600519,785.0,788.88,773.48,785.71,4771424,3731993154.0
2018-01-11,sh.600519,787.0,788.0,772.0,774.81,5065607,3942075854.0
2018-01-12,sh.600519,773.77,788.8,767.02,788.42,4598824,3577281776.0
2018-01-15,sh.600519,793.46,799.06,779.02,785.37,5247313,4136645487.0
2018-01-16,sh.600519,780.48,788.61,768.0,772.94,6542833,5084966063.0
2018-01-17,sh.600519,770.0,774.0,738.51,747.93,9070954,6835580477.0
2018-01-18,sh.600519,747.93,765.0,744.09,750.74,5897851,4443031234.0
2018-01-19,sh.600519,752.9,758.9,739.02,750.18,5092556,3818021990.0
2018-01-22,sh.600519,751.81,774.0,751.81,773.64,6712675,5129674653.0
2018-01-23,sh.600519,777.81,780.0,768.6,773.78,4954918,3836387690.0
2018-01-24,sh.600519,776.44,776.46,758.6,764.46,4329881,3311348774.0
2018-01-25,sh.600519,761.0,776.0,751.0,769.16,5004072,3821875040.0
2018-01-26,sh.600519,767.24,777.4,764.0,777.22,4397833,3389953777.0
2018-01-29,sh.600519,778.76,779.67,735.0,736.32,7453551,5637041971.0
2018-01-30,sh.600519,736.0,748.77,730.02,742.08,5191103,3852705098.0
2018-01-31,sh.600519,739.0,771.71,739.0,764.54,6040241,4601994781.0
2018-02-01,sh.600519,767.0,767.3,752.92,757.73,5058261,3846421613.0
2018-02-02,sh.600519,752.22,753.23,725.0,740.4,7542082,5583742782.0
2018-02-05,sh.600519,727.22,729.96,705.6,718.23,9899585,7104095616.0
2018-02-06,sh.600519,703.0,722.6,703.0,708.86,8816871,6270888575.0
2018-02-07,sh.600519,720.0,723.88,682.01,683.43,8828998,6231141116.0
2018-02-08,sh.600519,682.2,718.0,682.2,700.99,8340943,5860233484.0
2018-02-09,sh.600519,680.0,689.89,658.0,683.43,10557826,7160206330.0
2018-02-12,sh.600519,691.0,705.5,685.2,697.48,6417955,4466343242.0
2018-02-13,sh.600519,705.02,714.82,704.5,711.98,5338918,3793782378.0
2018-02-14,sh.600519,720.0,720.0,712.22,718.45,3065260,2198728707.0
2018-02-22,sh.600519,727.3,744.0,723.24,742.45,5076469,3717469267.0
2018-02-23,sh.600519,747.0,756.56,737.0,742.48,3815877,2844936758.0
2018-02-26,sh.600519,746.88,752.05,733.02,743.51,4365824,3243216345.0
2018-02-27,sh.600519,749.0,756.0,737.22,737.98,4260154,3181778842.0
2018-02-28,sh.600519,732.0,742.3,719.0,725.62,4833067,3522004686.0
2018-03-01,sh.600519,728.0,746.85,723.77,741.97,4479465,3303604159.0
2018-03-02,sh.600519,738.0,743.56,730.0,736.41,2599190,1912613830.0
2018-03-05,sh.600519,738.18,742.0,717.03,720.11,3723470,2703926955.0
2018-03-06,sh.600519,725.0,727.6,697.13,718.26,6457036,4581658583.0
2018-03-07,sh.600519,715.0,724.0,708.99,710.04,3459594,2480929043.0
2018-03-08,sh.600519,714.0,724.0,708.0,722.76,3534930,2540452000.0
2018-03-09,sh.600519,727.55,732.57,723.5,728.2,3017100,2199081672.0
2018-03-12,sh.600519,729.55,733.92,722.77,723.95,3988841,2900950557.0
2018-03-13,sh.600519,723.0,726.6,710.0,710.35,3857709,2764426996.0
2018-03-14,sh.600519,709.67,728.08,707.22,726.88,3735576,2683830110.0
2018-03-15,sh.600519,728.02,747.0,728.02,746.47,5614879,4161645760.0
2018-03-16,sh.600519,747.6,753.98,738.88,739.85,3585552,2676682524.0
2018-03-19,sh.600519,743.97,753.99,739.0,753.48,3866658,2897348542.0
2018-03-20,sh.600519,750.0,752.0,740.0,747.73,2887720,2154897794.0
2018-03-21,sh.600519,750.11,753.11,740.0,742.0,2674271,1996584261.0
2018-03-22,sh.600519,744.0,748.0,724.01,726.08,3748697,2748721669.0
2018-03-23,sh.600519,701.0,723.49,700.08,711.06,5254677,3727044980.0
2018-03-26,sh.600519,708.0,715.06,701.88,713.49,4625611,3276880070.0
2018-03-27,sh.600519,723.0,725.88,704.0,714.74,4754844,3399900239.0
2018-03-28,sh.600519,699.97,703.0,669.0,682.05,11353972,7786098263.0
2018-03-29,sh.600519,682.2,697.85,658.41,689.1,7908196,5362890034.0
2018-03-30,sh.600519,686.0,693.5,679.88,683.62,3654028,2502696336.0
2018-04-02,sh.600519,680.0,691.0,674.11,680.06,3203908,2185060765.0
2018-04-03,sh.600519,678.0,687.0,675.39,677.91,4023558,2737509485.0
2018-04-04,sh.600519,682.0,700.43,680.38,694.01,5689131,3948712791.0
2018-04-09,sh.600519,697.1,705.43,690.15,698.3,3083305,2149178951.0
2018-04-10,sh.600519,704.8,708.5,698.46,708.02,3204325,2252069676.0
2018-04-11,sh.600519,710.0,714.78,703.02,705.36,2572318,1822237882.0
2018-04-12,sh.600519,704.0,706.88,692.22,694.2,3071361,2139139504.0
2018-04-13,sh.600519,698.5,701.0,685.08,686.86,2754952,1904051062.0
2018-04-16,sh.600519,680.58,686.85,677.0,681.38,3293967,2241463093.0
2018-04-17,sh.600519,685.0,685.38,665.6,666.2,3517276,2377407817.0
2018-04-18,sh.600519,671.0,671.0,645.0,655.64,6261660,4104175827.0
2018-04-19,sh.600519,659.85,680.0,656.66,679.96,4420757,2976468492.0
2018-04-20,sh.600519,681.0,694.0,668.23,670.26,4151168,2831559751.0
2018-04-23,sh.600519,666.01,680.33,666.01,674.01,3265920,2196761047.0
2018-04-24,sh.600519,676.0,693.5,675.0,689.88,4728256,3252280969.0
2018-04-25,sh.600519,689.0,692.0,683.02,690.97,2525222,1738767067.0
2018-04-26,sh.600519,692.0,692.28,673.0,678.23,3504790,2378744475.0
2018-04-27,sh.600519,685.25,688.36,655.0,662.53,5791521,3866680412.0
2018-05-02,sh.600519,660.0,668.99,645.06,667.83,7025911,4589885607.0
2018-05-03,sh.600519,666.0,673.68,658.0,670.88,3632653,2426248236.0
2018-05-04,sh.600519,670.98,674.83,660.57,662.87,3737584,2492610223.0
2018-05-07,sh.600519,659.95,701.88,657.77,698.17,8559143,5858519223.0
2018-05-08,sh.600519,698.03,712.13,698.03,708.83,6249783,4414037853.0
2018-05-09,sh.600519,709.08,712.3,697.12,701.95,3233106,2267880036.0
2018-05-10,sh.600519,703.5,716.0,703.5,714.19,3929380,2794919589.0
2018-05-11,sh.600519,718.69,730.5,715.7,718.02,3914165,2826877192.0
2018-05-14,sh.600519,724.0,743.0,724.0,742.41,5101471,3753818029.0
2018-05-15,sh.600519,746.0,746.44,734.0,743.06,3805580,2811622722.0
2018-05-16,sh.600519,740.0,745.66,733.28,734.52,3079520,2275092450.0
2018-05-17,sh.600519,735.12,737.5,724.0,727.38,2851793,2077476640.0
2018-05-18,sh.600519,723.99,741.0,721.19,739.32,2925517,2140724039.0
2018-05-21,sh.600519,744.0,747.3,732.48,734.82,2905958,2150582003.0
2018-05-22,sh.600519,735.22,739.84,730.02,739.57,1699896,1250693946.0
2018-05-23,sh.600519,740.0,740.0,723.58,723.78,2826871,2061375201.0
2018-05-24,sh.600519,720.0,728.66,713.0,715.4,3041634,2191695815.0
2018-05-25,sh.600519,712.0,727.0,712.0,716.86,2651146,1908701139.0
2018-05-28,sh.600519,718.0,740.66,715.12,740.4,4280523,3129960293.0
2018-05-29,sh.600519,738.8,750.0,731.28,731.43,4082027,3029700817.0
2018-05-30,sh.600519,727.22,737.3,720.05,725.87,3714710,2706486799.0
2018-05-31,sh.600519,730.25,751.62,730.24,751.13,7185287,5356222572.0
2018-06-01,sh.600519,751.13,754.98,738.76,745.11,3617763,2694415012.0
2018-06-04,sh.600519,752.35,782.9,745.88,781.97,7380597,5697540359.0
2018-06-05,sh.600519,786.5,794.7,777.23,788.05,5262967,4136578583.0
2018-06-06,sh.600519,788.0,800.95,782.3,785.75,4896948,3870616725.0
2018-06-07,sh.600519,789.98,795.55,778.9,780.97,3916778,3078137471.0
2018-06-08,sh.600519,780.0,785.9,770.0,777.95,3495846,2712363711.0
2018-06-11,sh.600519,776.05,786.0,768.33,775.73,3654755,2837404005.0
2018-06-12,sh.600519,778.0,803.5,776.5,799.19,5528708,4385043270.0
2018-06-13,sh.600519,800.0,802.62,788.88,790.33,3524437,2803441679.0
2018-06-14,sh.600519,790.0,793.8,775.18,786.13,3615961,2830514231.0
2018-06-15,sh.600519,773.2,778.58,769.1,773.33,3170773,2455441877.0
2018-06-19,sh.600519,769.0,769.0,737.0,738.0,6019587,4535664030.0
2018-06-20,sh.600519,741.0,765.0,741.0,763.59,4583802,3454583693.0
2018-06-21,sh.600519,765.22,778.89,758.77,759.32,3918255,3013867644.0
2018-06-22,sh.600519,754.0,767.0,750.0,766.53,2885481,2190055865.0
2018-06-25,sh.600519,766.0,778.97,764.9,765.56,3293416,2543272262.0
2018-06-26,sh.600519,765.31,769.88,747.0,754.8,4657798,3516945435.0
2018-06-27,sh.600519,752.0,757.0,721.0,722.44,5729801,4194739085.0
2018-06-28,sh.600519,714.0,719.0,697.0,710.93,5083394,3610842734.0
2018-06-29,sh.600519,712.3,732.3,705.0,731.46,3292927,2378884218.0
2018-07-02,sh.600519,734.52,739.33,703.0,711.55,3755811,2709882026.0
2018-07-03,sh.600519,709.76,715.78,678.23,694.92,8283710,5743330241.0
2018-07-04,sh.600519,692.0,700.0,688.0,690.91,3799075,2637494710.0
2018-07-05,sh.600519,700.0,716.2,700.0,702.39,4712380,3333680083.0
2018-07-06,sh.600519,707.0,720.93,699.26,714.12,4415661,3140922350.0
2018-07-09,sh.600519,720.03,729.86,719.73,727.24,4057266,2944655287.0
2018-07-10,sh.600519,729.0,731.5,713.33,725.76,2901047,2096683487.0
2018-07-11,sh.600519,710.0,724.0,702.22,719.58,2427845,1736875980.0
2018-07-12,sh.600519,718.0,741.17,718.0,737.54,4017004,2947129140.0
2018-07-13,sh.600519,742.3,748.1,735.12,746.99,2890704,2152944602.0
2018-07-16,sh.600519,752.3,764.11,751.03,754.68,3247487,2454501604.0
2018-07-17,sh.600519,757.0,757.0,736.02,742.43,2780603,2064190615.0
2018-07-18,sh.600519,742.43,749.69,735.0,737.44,2452171,1818760392.0
2018-07-19,sh.600519,739.0,743.95,735.02,740.95,1807850,1337080011.0
2018-07-20,sh.600519,741.5,743.13,728.0,741.13,3054850,2249792135.0
2018-07-23,sh.600519,736.0,741.15,720.01,732.07,3596989,2621763717.0
2018-07-24,sh.600519,732.68,747.3,723.0,745.4,4180860,3091209135.0
2018-07-25,sh.600519,746.95,749.88,740.01,743.81,2174388,1618737612.0
2018-07-26,sh.600519,748.9,748.9,734.23,735.62,2306726,1707662628.0
2018-07-27,sh.600519,736.0,744.3,730.0,738.56,2091360,1546655260.0
2018-07-30,sh.600519,738.9,740.66,715.0,719.21,4217166,3058614520.0
2018-07-31,sh.600519,720.3,727.88,719.21,726.44,2068346,1499353469.0
2018-08-01,sh.600519,731.4,732.3,714.11,714.94,2523788,1821933661.0
2018-08-02,sh.600519,715.97,715.97,687.88,695.84,5500143,3840134516.0
2018-08-03,sh.600519,695.0,695.0,676.2,678.99,4733699,3230239085.0
2018-08-06,sh.600519,677.0,684.0,662.25,669.68,4524812,3039091096.0
2018-08-07,sh.600519,672.3,687.83,662.02,686.28,3908559,2645263310.0
2018-08-08,sh.600519,687.02,689.0,671.87,676.22,2968544,2016438669.0
2018-08-09,sh.600519,671.0,694.5,670.12,691.88,3448575,2368461339.0
2018-08-10,sh.600519,691.88,694.77,684.2,687.18,2381767,1643993563.0
2018-08-13,sh.600519,683.0,683.0,666.68,679.22,3457041,2329262063.0
2018-08-14,sh.600519,679.22,684.5,673.51,680.13,2169683,1474124248.0
2018-08-15,sh.600519,679.8,680.0,661.0,662.8,3499709,2336994709.0
2018-08-16,sh.600519,652.0,668.5,640.0,648.44,5993985,3908421566.0
2018-08-17,sh.600519,657.5,657.5,630.01,634.86,4657457,3001465861.0
2018-08-20,sh.600519,632.45,645.55,616.86,644.79,4885234,3081035729.0
2018-08-21,sh.600519,647.0,672.3,647.0,671.49,5224902,3460897975.0
2018-08-22,sh.600519,671.0,673.2,663.0,667.7,2067551,1381418422.0
2018-08-23,sh.600519,671.7,678.5,665.18,670.21,2735727,1836880236.0
2018-08-24,sh.600519,669.0,669.0,656.46,660.3,2609026,1725516320.0
2018-08-27,sh.600519,662.0,687.3,662.0,687.3,4801692,3261483990.0
2018-08-28,sh.600519,693.0,693.78,678.55,681.0,3248890,2222697903.0
2018-08-29,sh.600519,682.0,688.88,679.1,685.85,2740403,1877474370.0
2018-08-30,sh.600519,688.21,692.6,679.01,680.4,3378833,2312993223.0
2018-08-31,sh.600519,676.25,677.0,656.5,659.19,5898093,3911486180.0
2018-09-03,sh.600519,652.0,667.67,650.8,666.21,3017984,1992654934.0
2018-09-04,sh.600519,666.8,676.0,661.6,675.04,2154048,1441658194.0
2018-09-05,sh.600519,675.0,676.99,657.0,657.79,2898342,1927600143.0
2018-09-06,sh.600519,652.0,659.26,640.0,644.0,4237058,2744204071.0
2018-09-07,sh.600519,645.5,658.03,645.14,650.97,2924006,1903829724.0
2018-09-10,sh.600519,652.2,653.81,640.7,644.8,2120220,1369296442.0
2018-09-11,sh.600519,645.57,650.97,640.63,646.0,1949687,1258466309.0
2018-09-12,sh.600519,643.0,644.87,628.01,630.0,4115737,2612360007.0
2018-09-13,sh.600519,638.0,642.0,620.0,631.98,4771316,3004019091.0
2018-09-14,sh.600519,633.98,649.78,628.53,642.9,4090019,2617626839.0
2018-09-17,sh.600519,645.0,652.96,641.06,645.81,2911295,1884188491.0
2018-09-18,sh.600519,643.0,668.0,642.22,666.7,3785868,2480477388.0
2018-09-19,sh.600519,666.58,686.0,666.0,681.42,4822184,3277470608.0
2018-09-20,sh.600519,685.2,686.9,677.36,678.55,2751948,1878075359.0
2018-09-21,sh.600519,682.0,700.01,680.01,700.01,4261720,2945196257.0
2018-09-25,sh.600519,695.0,705.77,693.26,697.02,3063991,2142679110.0
2018-09-26,sh.600519,702.1,732.68,701.99,724.93,7228777,5200777033.0
2018-09-27,sh.600519,727.5,728.0,715.4,724.0,4050853,2918965007.0
2018-09-28,sh.600519,726.7,733.2,718.88,730.0,3508980,2551115844.0
2018-10-08,sh.600519,715.41,719.0,686.15,686.15,8274502,5798721501.0
2018-10-09,sh.600519,686.9,698.71,685.9,695.0,4022283,2785526957.0
2018-10-10,sh.600519,697.26,698.0,669.69,670.92,6309820,4288785948.0
2018-10-11,sh.600519,635.01,668.94,635.01,644.99,9158196,5953169079.0
2018-10-12,sh.600519,651.0,672.68,650.58,668.0,5447256,3599837217.0
2018-10-15,sh.600519,669.49,671.95,660.03,666.9,3560730,2372056680.0
2018-10-16,sh.600519,665.98,679.53,662.01,667.14,2639360,1766613793.0
2018-10-17,sh.600519,675.0,677.3,649.9,665.72,4307707,2846537063.0
2018-10-18,sh.600519,660.0,660.0,644.97,645.94,5215607,3394332712.0
2018-10-19,sh.600519,638.0,675.0,635.08,670.0,7619938,4973381203.0
2018-10-22,sh.600519,675.0,702.02,675.0,693.0,7310857,5036971569.0
2018-10-23,sh.600519,689.0,689.0,635.0,641.74,12311273,8076618589.0
2018-10-24,sh.600519,628.11,650.0,620.0,636.99,7611282,4818473584.0
2018-10-25,sh.600519,620.0,622.5,608.58,619.0,7556838,4657019123.0
2018-10-26,sh.600519,619.0,625.0,607.98,610.1,5532738,3388947805.0
2018-10-29,sh.600519,549.09,549.09,549.09,549.09,4907600,2694714084.0
2018-10-30,sh.600519,510.0,543.0,509.02,524.0,20439667,10663392394.0
2018-10-31,sh.600519,527.0,555.0,522.0,548.9,9688482,5239853122.0
2018-11-01,sh.600519,555.0,585.5,551.25,563.0,9810672,5581027253.0
2018-11-02,sh.600519,585.0,600.0,572.24,599.9,8915696,5227695093.0
2018-11-05,sh.600519,593.0,593.0,571.77,575.8,7551708,4373994135.0
2018-11-06,sh.600519,574.0,574.16,558.01,566.0,4556614,2572068930.0
2018-11-07,sh.600519,569.0,574.95,562.01,566.4,3810778,2165679706.0
2018-11-08,sh.600519,574.0,577.0,568.0,570.34,3376374,1933594956.0
2018-11-09,sh.600519,567.22,569.0,562.0,562.0,2433682,1374731688.0
2018-11-12,sh.600519,553.0,554.2,536.8,552.0,6782422,3709848786.0
2018-11-13,sh.600519,546.12,570.0,543.0,570.0,6642905,3695850099.0
2018-11-14,sh.600519,569.96,569.96,552.55,555.1,4176683,2331999884.0
2018-11-15,sh.600519,558.8,564.8,555.5,559.7,3083340,1728199015.0
2018-11-16,sh.600519,561.0,566.0,558.03,560.0,2893879,1625453517.0
2018-11-19,sh.600519,560.3,572.0,559.11,569.02,3617925,2052509531.0
2018-11-20,sh.600519,565.0,568.0,560.0,561.6,2694326,1514353125.0
2018-11-21,sh.600519,554.0,568.9,553.68,564.7,2710730,1527915052.0
2018-11-22,sh.600519,565.15,567.33,558.0,564.5,2121333,1193347565.0
2018-11-23,sh.600519,564.0,567.3,556.9,556.9,2012621,1126652921.0
2018-11-26,sh.600519,558.0,560.2,552.0,552.11,1912019,1063536979.0
2018-11-27,sh.600519,552.0,554.99,546.5,548.1,2023382,1112920631.0
2018-11-28,sh.600519,550.85,559.19,545.5,557.0,2773793,1535544366.0
2018-11-29,sh.600519,566.03,569.8,549.01,551.6,4506945,2524752310.0
2018-11-30,sh.600519,557.0,568.89,553.0,565.0,4901046,2762808219.0
2018-12-03,sh.600519,589.0,605.0,584.77,601.2,8341468,4964130146.0
2018-12-04,sh.600519,602.99,604.26,595.0,602.23,3147388,1888148735.0
2018-12-05,sh.600519,597.5,616.5,595.0,610.1,4158819,2523641849.0
2018-12-06,sh.600519,600.0,605.98,590.36,591.8,3775807,2250440655.0
2018-12-07,sh.600519,595.6,598.86,584.7,587.0,2684167,1583970320.0
2018-12-10,sh.600519,576.0,587.5,574.18,577.23,2464068,1427993218.0
2018-12-11,sh.600519,577.0,586.55,577.0,582.99,1631660,949962155.0
2018-12-12,sh.600519,588.79,589.2,582.8,589.0,1992154,1168089518.0
2018-12-13,sh.600519,590.0,606.88,589.6,601.75,4039941,2427823194.0
2018-12-14,sh.600519,598.01,599.8,592.0,592.96,2455448,1461585126.0
2018-12-17,sh.600519,592.57,595.97,585.01,590.52,2489585,1466942952.0
2018-12-18,sh.600519,585.88,591.54,585.0,590.94,1922218,1130221286.0
2018-12-19,sh.600519,589.0,590.99,576.03,577.8,2571596,1501321336.0
2018-12-20,sh.600519,576.22,581.5,568.89,574.5,2694098,1549600760.0
2018-12-21,sh.600519,571.0,573.45,562.21,567.41,3064043,1736537277.0
2018-12-24,sh.600519,563.5,570.91,558.0,568.0,1910986,1080787424.0
2018-12-25,sh.600519,562.22,567.5,553.61,565.79,2659286,1490157587.0
2018-12-26,sh.600519,563.81,568.4,558.0,560.08,1786620,1005617678.0
2018-12-27,sh.600519,570.0,571.85,562.22,563.0,2949357,1670211285.0
2018-12-28,sh.600519,563.3,596.4,560.0,590.01,6367837,3705150490.0
2019-01-02,sh.600519,609.98,612.0,595.01,598.98,6228649,3754387984.0
2019-01-03,sh.600519,599.97,601.66,585.8,590.0,3097735,1838179174.0
2019-01-04,sh.600519,587.28,607.67,582.02,602.0,3768347,2258501484.0
2019-01-07,sh.600519,608.0,612.0,602.22,605.49,3475013,2105981461.0
2019-01-08,sh.600519,605.5,612.0,600.28,604.79,2883813,1750413219.0
2019-01-09,sh.600519,609.99,626.16,609.04,616.12,4989227,3084214779.0
2019-01-10,sh.600519,617.13,624.88,610.25,618.77,2904390,1797683134.0
2019-01-11,sh.600519,625.0,637.0,618.75,635.88,3888421,2445929483.0
2019-01-14,sh.600519,633.0,635.89,621.55,624.6,2564890,1606308126.0
2019-01-15,sh.600519,627.86,661.5,625.0,659.98,5576485,3613919068.0
2019-01-16,sh.600519,658.0,665.65,653.6,661.1,4208364,2775103930.0
2019-01-17,sh.600519,663.0,669.7,655.8,659.25,3028476,2004454115.0
2019-01-18,sh.600519,665.0,690.2,661.5,683.61,6860918,4647515824.0
2019-01-21,sh.600519,690.0,698.88,681.88,686.98,4705193,3242615722.0
2019-01-22,sh.600519,686.0,686.0,665.22,671.0,4212221,2834735031.0
2019-01-23,sh.600519,667.22,674.5,663.13,665.66,3362481,2247371221.0
2019-01-24,sh.600519,670.3,677.83,664.68,672.5,2915527,1960227058.0
2019-01-25,sh.600519,675.88,684.9,669.93,679.7,2898635,1966232090.0
2019-01-28,sh.600519,684.0,693.98,676.03,677.0,3610287,2476277972.0
2019-01-29,sh.600519,677.5,688.0,668.0,685.0,3034259,2069407513.0
2019-01-30,sh.600519,684.99,686.22,676.0,676.0,2269996,1545353573.0
2019-01-31,sh.600519,680.0,689.6,677.56,689.6,3669657,2515374970.0
2019-02-01,sh.600519,697.04,699.0,689.61,692.67,3052062,2121326140.0
2019-02-11,sh.600519,695.0,729.5,688.18,725.3,5814075,4143849806.0
2019-02-12,sh.600519,723.0,725.49,715.2,717.92,3509143,2521840124.0
2019-02-13,sh.600519,723.0,736.16,717.22,735.25,3567706,2589623528.0
2019-02-14,sh.600519,731.2,743.66,730.14,737.16,3225813,2375987077.0
2019-02-15,sh.600519,734.88,734.88,723.02,724.78,2323798,1691515518.0
2019-02-18,sh.600519,731.0,744.95,731.0,740.0,3774589,2787522993.0
2019-02-19,sh.600519,740.96,742.5,726.66,730.76,2950150,2164408781.0
2019-02-20,sh.600519,735.0,735.0,716.06,722.0,3788237,2742919644.0
2019-02-21,sh.600519,720.0,730.48,717.0,720.25,2985040,2163554333.0
2019-02-22,sh.600519,717.0,728.49,714.1,726.01,2590877,1867253930.0
2019-02-25,sh.600519,730.75,744.44,717.99,742.33,8262259,6034261367.0
2019-02-26,sh.600519,747.8,749.18,726.0,727.35,5796466,4265279124.0
2019-02-27,sh.600519,733.0,758.02,731.0,740.7,6594227,4908445127.0
2019-02-28,sh.600519,737.9,763.42,736.95,755.01,5698625,4289145218.0
2019-03-01,sh.600519,761.5,790.0,761.0,789.3,6384023,4952509171.0
2019-03-04,sh.600519,795.0,798.33,777.22,781.86,8458596,6661386571.0
2019-03-05,sh.600519,785.0,789.55,775.88,779.78,4483056,3501155936.0
2019-03-06,sh.600519,775.0,779.5,765.88,768.0,4673137,3602140487.0
2019-03-07,sh.600519,762.22,762.22,745.56,748.6,6018053,4526351877.0
2019-03-08,sh.600519,737.9,746.83,733.65,737.5,5227525,3868415483.0
2019-03-11,sh.600519,740.04,766.95,740.04,758.54,5305724,4001728730.0
2019-03-12,sh.600519,763.82,763.83,739.0,745.01,5251001,3946382127.0
2019-03-13,sh.600519,745.5,760.75,745.5,754.0,4056136,3058080906.0
2019-03-14,sh.600519,757.0,785.0,754.0,778.0,6217256,4808607656.0
2019-03-15,sh.600519,776.0,787.5,764.85,777.3,5240071,4084798328.0
2019-03-18,sh.600519,778.8,814.53,777.0,810.09,8131880,6499566987.0
2019-03-19,sh.600519,803.0,807.92,792.3,792.61,4063493,3244967390.0
2019-03-20,sh.600519,790.0,802.3,785.0,792.8,3111752,2470811128.0
2019-03-21,sh.600519,788.0,792.8,781.5,785.75,3257328,2558222913.0
2019-03-22,sh.600519,788.22,799.98,785.0,794.0,3051750,2420497823.0
2019-03-25,sh.600519,786.0,788.0,773.3,775.6,3727046,2903744159.0
2019-03-26,sh.600519,780.0,785.94,764.1,773.0,3759569,2914112997.0
2019-03-27,sh.600519,781.0,793.88,775.0,788.5,4280739,3366132247.0
2019-03-28,sh.600519,793.43,814.48,785.68,806.8,5756676,4615969704.0
2019-03-29,sh.600519,835.0,866.68,830.17,853.99,9093396,7702154797.0
2019-04-01,sh.600519,860.0,868.95,851.0,859.0,6093461,5228521999.0
2019-04-02,sh.600519,859.99,859.99,836.06,850.0,5322705,4496538880.0
2019-04-03,sh.600519,840.12,851.74,834.21,844.5,4305680,3629854319.0
2019-04-04,sh.600519,840.0,865.8,836.2,865.0,5577236,4763897857.0
2019-04-08,sh.600519,900.0,908.0,890.12,900.2,6625193,5944780639.0
2019-04-09,sh.600519,903.0,908.2,892.51,905.0,4798980,4308645696.0
2019-04-10,sh.600519,903.0,951.9,900.0,947.99,6781438,6331858748.0
2019-04-11,sh.600519,948.0,950.0,905.55,925.2,6110254,5643817564.0
2019-04-12,sh.600519,909.0,919.99,900.01,914.0,4861217,4419349981.0
2019-04-15,sh.600519,931.0,939.0,907.0,907.0,4552264,4205548308.0
2019-04-16,sh.600519,904.9,939.9,901.22,939.9,4642344,4297385218.0
2019-04-17,sh.600519,938.0,955.51,925.0,952.0,4076102,3848216557.0
2019-04-18,sh.600519,945.41,954.68,936.22,945.5,1959852,1853076080.0
2019-04-19,sh.600519,943.96,960.95,931.31,952.56,3237978,3064971032.0
2019-04-22,sh.600519,959.5,978.89,940.61,949.2,4062796,3897168684.0
2019-04-23,sh.600519,951.0,981.22,949.2,974.95,4885205,4725480295.0
2019-04-24,sh.600519,979.88,990.0,951.22,970.0,4522700,4383873128.0
2019-04-25,sh.600519,968.79,973.99,951.22,952.37,3980134,3822767525.0
2019-04-26,sh.600519,946.3,959.88,945.0,945.0,4327768,4119727292.0
2019-04-29,sh.600519,945.0,989.0,935.0,971.97,5257230,5086408528.0
2019-04-30,sh.600519,968.0,984.96,963.11,974.0,3594318,3503937512.0
2019-05-06,sh.600519,925.5,935.0,893.0,906.0,13509968,12299395806.0
2019-05-07,sh.600519,893.28,913.94,870.22,890.0,10083726,9045117765.0
2019-05-08,sh.600519,860.0,901.8,860.0,884.4,8188298,7217709507.0
2019-05-09,sh.600519,875.0,879.87,842.5,858.81,9154515,7863312116.0
2019-05-10,sh.600519,875.66,910.78,868.19,907.12,7990738,7121198718.0
2019-05-13,sh.600519,898.86,910.98,884.0,892.0,4663718,4179329433.0
2019-05-14,sh.600519,885.0,906.0,873.0,886.57,5998312,5349455647.0
2019-05-15,sh.600519,890.24,933.0,890.24,927.0,6312425,5778791845.0
2019-05-16,sh.600519,919.0,932.0,905.0,929.91,4454012,4108281950.0
2019-05-17,sh.600519,927.02,932.3,900.1,906.79,4984161,4551116799.0
2019-05-20,sh.600519,900.0,900.0,871.0,884.96,4440799,3931645928.0
2019-05-21,sh.600519,885.0,910.0,872.02,895.0,4238565,3791406204.0
2019-05-22,sh.600519,894.98,904.0,880.0,888.0,3204158,2853872828.0
2019-05-23,sh.600519,881.0,883.98,856.22,861.0,5805863,5062812286.0
2019-05-24,sh.600519,865.0,885.0,864.44,878.5,4403409,3858962204.0
2019-05-27,sh.600519,879.1,882.99,860.05,879.0,3916191,3417213669.0
2019-05-28,sh.600519,877.99,907.49,875.02,888.0,7477277,6670856081.0
2019-05-29,sh.600519,888.01,924.95,888.01,911.91,6564696,5963755397.0
2019-05-30,sh.600519,910.0,919.99,891.22,905.3,4024720,3634187681.0
2019-05-31,sh.600519,900.53,906.99,890.0,890.0,3579380,3211384923.0
2019-06-03,sh.600519,892.0,901.35,886.28,892.0,3447924,3076922330.0
2019-06-04,sh.600519,895.0,895.43,871.0,875.3,3968948,3481384251.0
2019-06-05,sh.600519,884.0,886.26,870.0,871.6,3406736,2988114670.0
2019-06-06,sh.600519,875.62,875.77,858.0,862.13,3478685,3009567792.0
2019-06-10,sh.600519,857.98,878.95,840.0,871.08,5550246,4790052574.0
2019-06-11,sh.600519,876.0,915.61,875.0,910.89,8010644,7209086880.0
2019-06-12,sh.600519,906.22,910.99,894.0,906.7,3774740,3420899273.0
2019-06-13,sh.600519,910.0,912.3,897.0,910.0,3291742,2984741685.0
2019-06-14,sh.600519,911.0,932.3,910.02,913.0,4245504,3905679105.0
2019-06-17,sh.600519,907.0,926.94,906.02,911.6,3276903,3001512189.0
2019-06-18,sh.600519,917.0,920.0,902.6,917.0,2944138,2687679912.0
2019-06-19,sh.600519,940.0,946.7,932.01,932.01,5372640,5051192622.0
2019-06-20,sh.600519,932.5,975.5,932.2,975.0,6727197,6468666073.0
2019-06-21,sh.600519,969.97,984.49,964.5,976.3,4592675,4482726902.0
2019-06-24,sh.600519,978.3,999.69,975.0,987.1,4577920,4532526991.0
2019-06-25,sh.600519,992.0,999.0,967.0,982.98,5129595,5035624420.0
2019-06-26,sh.600519,985.0,985.0,971.22,979.86,2958818,2896585581.0
2019-06-27,sh.600519,985.0,1001.0,981.12,996.35,4797845,4772724089.0
2019-06-28,sh.600519,985.99,988.88,971.33,984.0,3108840,3050739277.0
2019-07-01,sh.600519,1004.52,1035.6,1000.22,1031.86,5233723,5325575854.0
2019-07-02,sh.600519,1025.0,1029.5,1016.0,1025.0,3906109,3989722046.0
2019-07-03,sh.600519,1020.0,1023.0,981.5,987.9,6713932,6717755678.0
2019-07-04,sh.600519,985.8,990.8,971.22,981.2,4621668,4531686001.0
2019-07-05,sh.600519,986.0,1006.0,976.3,999.82,5003271,4968920475.0
2019-07-08,sh.600519,995.05,997.9,975.0,984.86,3361352,3313713091.0
2019-07-09,sh.600519,979.3,989.0,968.35,976.06,3172332,3103986405.0
2019-07-10,sh.600519,980.93,990.58,977.0,982.52,2816670,2774054724.0
2019-07-11,sh.600519,989.96,998.38,976.0,981.5,3051419,3011117079.0
2019-07-12,sh.600519,981.3,991.5,980.01,986.09,2817385,2778937975.0
2019-07-15,sh.600519,967.8,980.1,951.13,975.93,5987040,5785726590.0
2019-07-16,sh.600519,975.45,982.3,965.0,968.0,3324524,3226755644.0
2019-07-17,sh.600519,968.0,972.99,962.13,963.5,2546887,2459954487.0
2019-07-18,sh.600519,961.5,963.0,947.18,947.5,3925295,3748507464.0
2019-07-19,sh.600519,955.0,960.8,948.0,955.87,2801481,2679887449.0
2019-07-22,sh.600519,960.0,964.0,950.25,957.02,2812549,2695084029.0
2019-07-23,sh.600519,962.3,962.59,943.86,953.98,3248395,3087319264.0
2019-07-24,sh.600519,958.31,959.9,944.69,946.36,4677120,4450509786.0
2019-07-25,sh.600519,945.97,963.36,938.15,963.0,3825570,3633246146.0
2019-07-26,sh.600519,961.97,971.0,958.55,965.03,2646759,2556208822.0
2019-07-29,sh.600519,962.03,979.5,960.01,976.41,2698133,2626793557.0
2019-07-30,sh.600519,976.5,983.0,971.0,978.93,1953797,1911965179.0
2019-07-31,sh.600519,975.0,981.77,966.59,972.6,2252620,2191909987.0
2019-08-01,sh.600519,976.51,977.0,953.02,959.3,3508952,3385045858.0
2019-08-02,sh.600519,944.0,957.98,943.0,954.45,3971940,3772328947.0
2019-08-05,sh.600519,945.0,954.0,940.0,942.43,3677431,3473341317.0
2019-08-06,sh.600519,931.0,948.0,923.8,946.3,4399116,4121445010.0
2019-08-07,sh.600519,949.5,955.53,945.0,945.0,2686998,2553463419.0
2019-08-08,sh.600519,953.5,974.0,952.0,971.68,3880813,3755086990.0
2019-08-09,sh.600519,978.5,980.95,958.99,962.03,2846170,2760764357.0
2019-08-12,sh.600519,1010.31,1020.1,995.01,1018.63,8149895,8208540716.0
2019-08-13,sh.600519,1016.16,1026.0,1010.68,1017.95,3032970,3088013760.0
2019-08-14,sh.600519,1030.02,1051.9,1030.02,1043.33,4141095,4327071299.0
2019-08-15,sh.600519,1028.0,1046.48,1028.0,1044.9,2723739,2821331120.0
2019-08-16,sh.600519,1049.84,1075.58,1041.0,1054.6,3608673,3822488363.0
2019-08-19,sh.600519,1061.0,1069.98,1049.05,1055.88,3286758,3471558016.0
2019-08-20,sh.600519,1055.0,1073.68,1050.0,1070.0,2860213,3038219263.0
2019-08-21,sh.600519,1070.1,1076.97,1061.66,1066.0,2506662,2678841887.0
2019-08-22,sh.600519,1072.99,1104.0,1070.0,1104.0,3759078,4099045126.0
2019-08-23,sh.600519,1105.0,1133.56,1095.62,1130.1,4019230,4495782910.0
2019-08-26,sh.600519,1113.0,1128.0,1096.68,1102.95,4849789,5382792365.0
2019-08-27,sh.600519,1117.0,1131.31,1109.0,1109.0,5216421,5830617878.0
2019-08-28,sh.600519,1109.0,1123.19,1083.01,1100.11,4700967,5169778985.0
2019-08-29,sh.600519,1105.0,1118.18,1092.5,1113.1,2933042,3247704307.0
2019-08-30,sh.600519,1125.0,1146.0,1123.0,1142.0,4489077,5093877152.0
2019-09-02,sh.600519,1139.99,1144.98,1129.0,1138.76,2823433,3210850606.0
2019-09-03,sh.600519,1140.0,1151.02,1128.56,1140.0,2948509,3358578409.0
2019-09-04,sh.600519,1140.8,1142.91,1120.11,1125.01,3360022,3785904728.0
2019-09-05,sh.600519,1129.0,1144.9,1128.0,1144.0,3293084,3746608087.0
2019-09-06,sh.600519,1144.5,1146.15,1131.0,1142.49,2617659,2978155822.0
2019-09-09,sh.600519,1145.0,1148.0,1135.0,1136.52,2937934,3346080774.0
2019-09-10,sh.600519,1134.3,1135.0,1120.01,1123.85,2622707,2952753655.0
2019-09-11,sh.600519,1119.22,1119.97,1068.0,1069.52,8171654,8904690560.0
2019-09-12,sh.600519,1066.0,1109.98,1066.0,1099.0,4121133,4498210332.0
2019-09-16,sh.600519,1083.0,1103.95,1083.0,1099.0,3137180,3432292113.0
2019-09-17,sh.600519,1094.0,1106.66,1087.0,1094.01,2519693,2767385769.0
2019-09-18,sh.600519,1108.5,1150.0,1108.18,1148.9,6931447,7899560194.0
2019-09-19,sh.600519,1148.0,1150.0,1137.1,1145.0,2447980,2800064436.0
2019-09-20,sh.600519,1151.0,1160.0,1147.59,1157.42,3762666,4346138244.0
2019-09-23,sh.600519,1157.0,1157.0,1131.0,1149.0,3002633,3431058973.0
2019-09-24,sh.600519,1155.0,1184.9,1152.0,1184.0,3626913,4259833998.0
2019-09-25,sh.600519,1180.0,1188.87,1170.5,1174.0,2402458,2832308420.0
2019-09-26,sh.600519,1174.94,1183.35,1158.81,1167.0,2608194,3050478322.0
2019-09-27,sh.600519,1164.0,1183.0,1153.0,1174.75,2282661,2671754323.0
2019-09-30,sh.600519,1163.0,1169.43,1150.0,1150.0,3082514,3565988675.0
2019-10-08,sh.600519,1153.0,1180.0,1152.01,1167.1,3104527,3631091491.0
2019-10-09,sh.600519,1166.2,1166.2,1135.05,1146.81,3578857,4105282379.0
2019-10-10,sh.600519,1127.0,1158.93,1109.02,1155.0,4117370,4685560483.0
2019-10-11,sh.600519,1157.0,1175.0,1152.21,1174.6,2868925,3343559812.0
2019-10-14,sh.600519,1186.0,1187.66,1170.0,1180.0,2718751,3209362988.0
2019-10-15,sh.600519,1180.0,1215.68,1177.03,1211.0,4003473,4806856333.0
2019-10-16,sh.600519,1168.0,1187.5,1160.0,1170.0,5915059,6935972684.0
2019-10-17,sh.600519,1176.0,1186.66,1162.5,1183.33,3050870,3578144114.0
2019-10-18,sh.600519,1179.0,1189.99,1171.69,1175.79,2829161,3335011086.0
2019-10-21,sh.600519,1171.86,1178.9,1163.3,1168.5,2527467,2955023935.0
2019-10-22,sh.600519,1178.0,1181.5,1163.89,1170.8,1930943,2262188262.0
2019-10-23,sh.600519,1168.0,1178.0,1156.11,1158.91,2308021,2684922174.0
2019-10-24,sh.600519,1164.95,1166.0,1147.16,1150.27,2617844,3025245582.0
2019-10-25,sh.600519,1153.3,1172.5,1143.03,1171.35,2599845,3015928985.0
2019-10-28,sh.600519,1166.01,1181.01,1165.0,1178.29,2248599,2644563044.0
2019-10-29,sh.600519,1181.11,1199.96,1177.77,1193.0,2780371,3314271728.0
2019-10-30,sh.600519,1190.0,1192.7,1176.0,1183.8,2125475,2516524166.0
2019-10-31,sh.600519,1196.0,1198.0,1176.15,1180.01,2590927,3068884874.0
2019-11-01,sh.600519,1181.0,1191.95,1172.5,1185.0,2281196,2697638375.0
2019-11-04,sh.600519,1190.0,1209.99,1189.0,1199.59,2673798,3209264033.0
2019-11-05,sh.600519,1199.5,1205.0,1192.0,1199.0,2225472,2667596023.0
2019-11-06,sh.600519,1197.0,1204.0,1188.88,1193.0,1973751,2362005422.0
2019-11-07,sh.600519,1196.51,1201.88,1189.0,1201.37,1616788,1933203877.0
2019-11-08,sh.600519,1205.0,1215.65,1201.51,1205.0,2451211,2964133776.0
2019-11-11,sh.600519,1201.5,1206.2,1193.51,1199.0,1734246,2082060830.0
2019-11-12,sh.600519,1204.0,1209.6,1198.21,1201.6,1915055,2303205539.0
2019-11-13,sh.600519,1207.0,1227.8,1200.0,1224.0,3197704,3890666569.0
2019-11-14,sh.600519,1227.0,1240.0,1222.0,1230.0,2352112,2898399700.0
2019-11-15,sh.600519,1230.0,1232.91,1221.5,1224.9,1634072,2003665313.0
2019-11-18,sh.600519,1225.12,1229.45,1218.0,1227.28,1803766,2204546132.0
2019-11-19,sh.600519,1228.0,1241.61,1225.02,1232.32,2062375,2542105913.0
2019-11-20,sh.600519,1230.0,1239.51,1228.06,1233.75,1528053,1884957278.0
2019-11-21,sh.600519,1231.0,1235.51,1221.06,1231.3,1918739,2356277766.0
2019-11-22,sh.600519,1223.0,1229.0,1185.0,1194.0,4705428,5677646465.0
2019-11-25,sh.600519,1188.05,1194.0,1172.06,1182.06,3828175,4518778939.0
2019-11-26,sh.600519,1186.68,1198.6,1183.0,1185.0,4023961,4794179893.0
2019-11-27,sh.600519,1192.8,1196.62,1184.51,1189.95,1984881,2363839726.0
2019-11-28,sh.600519,1194.97,1197.51,1169.02,1175.8,2884499,3405325549.0
2019-11-29,sh.600519,1165.5,1165.5,1112.89,1129.0,8239732,9338326554.0
2019-12-02,sh.600519,1118.2,1140.02,1118.2,1133.0,3078441,3479717421.0
2019-12-03,sh.600519,1133.0,1133.0,1117.74,1118.0,2734093,3066695648.0
2019-12-04,sh.600519,1140.0,1144.66,1118.0,1122.33,3528308,3980511004.0
2019-12-05,sh.600519,1125.0,1132.01,1118.0,1129.8,2133879,2402503470.0
2019-12-06,sh.600519,1135.97,1170.0,1130.1,1170.0,3950626,4565643688.0
2019-12-09,sh.600519,1175.0,1176.0,1156.1,1158.7,2182412,2543532527.0
2019-12-10,sh.600519,1159.6,1165.0,1151.0,1164.4,1508658,1749356289.0
2019-12-11,sh.600519,1168.0,1170.75,1155.55,1158.98,1456799,1689987674.0
2019-12-12,sh.600519,1156.0,1159.94,1130.08,1137.0,2940916,3362699683.0
2019-12-13,sh.600519,1146.0,1165.0,1146.0,1163.0,3000059,3473927971.0
2019-12-16,sh.600519,1163.0,1163.0,1137.94,1147.92,3093642,3554133640.0
2019-12-17,sh.600519,1149.7,1173.6,1143.03,1169.98,4261696,4937041950.0
2019-12-18,sh.600519,1174.0,1175.2,1164.0,1168.0,1964009,2295963803.0
2019-12-19,sh.600519,1163.0,1163.0,1152.0,1157.4,1955230,2262598597.0
2019-12-20,sh.600519,1162.18,1162.18,1141.5,1146.3,2356384,2703612358.0
2019-12-23,sh.600519,1139.0,1162.5,1136.0,1149.3,2591918,2981937538.0
2019-12-24,sh.600519,1153.0,1155.0,1145.0,1148.0,1182310,1358536199.0
2019-12-25,sh.600519,1143.0,1143.0,1130.01,1133.7,2430597,2755735164.0
2019-12-26,sh.600519,1132.0,1141.98,1119.99,1135.1,2287727,2585996501.0
2019-12-27,sh.600519,1150.0,1172.0,1150.0,1163.0,4706628,5486452901.0
2019-12-30,sh.600519,1170.2,1195.5,1170.2,1185.8,4076066,4827682057.0
2019-12-31,sh.600519,1183.0,1188.0,1176.51,1183.0,2258881,2666705100.0
2020-01-02,sh.600519,1128.0,1145.06,1116.0,1130.0,14809916,16696837095.0
2020-01-03,sh.600519,1117.0,1117.0,1076.9,1078.56,13031878,14266380596.0
2020-01-06,sh.600519,1070.86,1092.9,1067.3,1077.99,6341478,6853917601.0
2020-01-07,sh.600519,1077.5,1099.0,1076.4,1094.53,4785359,5220697068.0
2020-01-08,sh.600519,1085.05,1095.5,1082.58,1088.14,2500825,2720371915.0
2020-01-09,sh.600519,1094.0,1105.39,1090.0,1102.7,3740587,4110949814.0
2020-01-10,sh.600519,1109.0,1115.99,1102.5,1112.5,3597587,3993457118.0
2020-01-13,sh.600519,1112.5,1129.2,1112.0,1124.27,3851575,4325687959.0
2020-01-14,sh.600519,1124.2,1124.89,1103.0,1107.4,3514465,3916300790.0
2020-01-15,sh.600519,1109.01,1121.6,1105.0,1112.13,2602911,2895603674.0
2020-01-16,sh.600519,1118.87,1118.87,1102.58,1107.0,2319165,2571593141.0
2020-01-17,sh.600519,1110.0,1112.78,1101.01,1107.5,2347275,2599645144.0
2020-01-20,sh.600519,1111.86,1111.86,1082.0,1091.0,3539130,3858246844.0
2020-01-21,sh.600519,1081.0,1087.0,1072.3,1075.3,3287405,3542441308.0
2020-01-22,sh.600519,1070.0,1084.0,1055.38,1075.51,3620004,3875275065.0
2020-01-23,sh.600519,1076.0,1076.0,1037.0,1052.8,5346843,5638945742.0
2020-02-03,sh.600519,985.0,1010.68,980.0,1003.92,12344288,12314991759.0
2020-02-04,sh.600519,1015.0,1057.0,1011.01,1038.01,6262418,6490469043.0
2020-02-05,sh.600519,1050.0,1054.0,1033.03,1049.99,4741824,4956355235.0
2020-02-06,sh.600519,1059.43,1075.0,1052.02,1071.0,4717121,5011246407.0
2020-02-07,sh.600519,1070.01,1077.0,1061.02,1076.0,3127871,3348894576.0
2020-02-10,sh.600519,1062.0,1074.6,1057.2,1066.49,3053342,3251908506.0
2020-02-11,sh.600519,1063.0,1099.68,1062.8,1098.0,4791793,5222918915.0
2020-02-12,sh.600519,1089.0,1098.79,1085.88,1097.27,2812543,3072293973.0
2020-02-13,sh.600519,1098.0,1113.89,1088.01,1091.0,3035736,3335277425.0
2020-02-14,sh.600519,1090.45,1093.51,1083.11,1088.0,2328760,2534568401.0
2020-02-17,sh.600519,1082.5,1096.19,1082.4,1093.82,2702822,2946182657.0
2020-02-18,sh.600519,1090.01,1096.88,1083.0,1084.0,2666496,2897729692.0
2020-02-19,sh.600519,1085.0,1101.5,1078.0,1096.5,3705147,4052365602.0
2020-02-20,sh.600519,1096.7,1124.0,1095.41,1118.0,4680262,5220660940.0
2020-02-21,sh.600519,1111.46,1123.54,1110.01,1112.88,2894008,3225337160.0
2020-02-24,sh.600519,1105.5,1110.0,1085.5,1087.18,3865036,4221857466.0
2020-02-25,sh.600519,1078.0,1082.09,1067.88,1074.81,3838562,4127432130.0
2020-02-26,sh.600519,1062.0,1084.0,1055.0,1073.7,4356097,4663278433.0
2020-02-27,sh.600519,1076.0,1094.99,1076.0,1087.39,3449829,3758783810.0
2020-02-28,sh.600519,1070.3,1082.0,1049.97,1057.0,4994657,5307929213.0
2020-03-02,sh.600519,1050.11,1096.55,1050.01,1086.01,4766304,5154329159.0
2020-03-03,sh.600519,1098.0,1118.88,1098.0,1113.0,5025015,5585227657.0
2020-03-04,sh.600519,1125.0,1139.0,1116.24,1128.92,5379299,6080149243.0
2020-03-05,sh.600519,1136.31,1174.99,1130.56,1171.0,6242645,7210485104.0
2020-03-06,sh.600519,1163.0,1176.0,1151.98,1155.5,3064100,3553622358.0
2020-03-09,sh.600519,1135.0,1135.0,1111.31,1114.01,4340409,4865288500.0
2020-03-10,sh.600519,1113.0,1168.0,1113.0,1156.0,5806293,6635936156.0
2020-03-11,sh.600519,1155.5,1169.58,1141.0,1158.52,3554757,4124607952.0
2020-03-12,sh.600519,1141.22,1153.0,1125.1,1138.5,3663063,4172606105.0
2020-03-13,sh.600519,1090.0,1128.98,1080.0,1112.03,7588531,8348496480.0
2020-03-16,sh.600519,1103.98,1107.95,1062.0,1067.0,5123254,5548946745.0
2020-03-17,sh.600519,1055.0,1078.0,1011.12,1045.1,7935912,8277472787.0
2020-03-18,sh.600519,1040.0,1060.0,1007.99,1007.99,7345988,7582762547.0
2020-03-19,sh.600519,993.99,1015.0,960.1,996.0,10226507,10075880470.0
2020-03-20,sh.600519,1011.0,1043.0,1011.0,1035.28,6013919,6169094444.0
2020-03-23,sh.600519,1000.0,1035.28,991.52,1019.0,4847210,4918121944.0
2020-03-24,sh.600519,1043.0,1058.88,1035.0,1056.0,4665096,4900364144.0
2020-03-25,sh.600519,1087.98,1091.36,1074.2,1080.1,3704866,4015061222.0
2020-03-26,sh.600519,1073.33,1091.2,1062.0,1064.92,3004856,3231754298.0
2020-03-27,sh.600519,1085.0,1092.0,1075.01,1075.5,3626112,3931759353.0
2020-03-30,sh.600519,1060.25,1077.0,1057.0,1072.0,3068741,3279823025.0
2020-03-31,sh.600519,1082.0,1115.0,1081.8,1111.0,4798437,5293170703.0
2020-04-01,sh.600519,1117.0,1129.0,1103.0,1103.0,3320535,3700184247.0
2020-04-02,sh.600519,1104.0,1145.0,1103.88,1145.0,4520561,5095167594.0
2020-04-03,sh.600519,1139.03,1147.96,1131.98,1139.79,2761761,3148421866.0
2020-04-07,sh.600519,1161.95,1166.5,1148.89,1159.95,4348800,5041525481.0
2020-04-08,sh.600519,1152.0,1166.31,1152.0,1159.76,2422442,2809422100.0
2020-04-09,sh.600519,1166.0,1169.0,1147.96,1158.5,2281697,2640230492.0
2020-04-10,sh.600519,1157.88,1181.5,1153.5,1165.0,2780434,3252600672.0
2020-04-13,sh.600519,1165.0,1169.98,1148.5,1162.3,1598147,1854563731.0
2020-04-14,sh.600519,1176.0,1191.55,1166.0,1185.1,3679955,4340858665.0
2020-04-15,sh.600519,1192.0,1203.99,1187.1,1189.6,2933229,3501318260.0
2020-04-16,sh.600519,1192.97,1197.1,1184.1,1197.1,2172774,2588431844.0
2020-04-17,sh.600519,1210.0,1234.56,1205.01,1226.0,3824569,4676618151.0
2020-04-20,sh.600519,1221.0,1231.5,1216.8,1227.3,2423864,2963483323.0
2020-04-21,sh.600519,1221.02,1223.99,1193.0,1200.0,2922422,3517018487.0
2020-04-22,sh.600519,1206.0,1249.5,1202.22,1244.5,4403473,5430377598.0
2020-04-23,sh.600519,1250.0,1265.68,1247.77,1252.26,2689851,3377042463.0
2020-04-24,sh.600519,1248.0,1259.89,1235.18,1250.56,1912240,2390444036.0
2020-04-27,sh.600519,1257.0,1278.17,1250.96,1276.0,2590391,3284513346.0
2020-04-28,sh.600519,1285.31,1299.94,1271.88,1279.13,3466190,4458549425.0
2020-04-29,sh.600519,1277.8,1288.1,1258.0,1274.9,2344406,2976724957.0
2020-04-30,sh.600519,1271.0,1285.01,1258.88,1265.7,2466087,3134408881.0
2020-05-06,sh.600519,1251.0,1300.0,1250.0,1300.0,3583481,4598589768.0
2020-05-07,sh.600519,1299.4,1314.99,1293.0,1312.0,2793474,3647628296.0
2020-05-08,sh.600519,1317.0,1338.0,1308.51,1314.61,2907868,3839218026.0
2020-05-11,sh.600519,1320.0,1335.0,1313.67,1323.01,2367119,3135990964.0
2020-05-12,sh.600519,1318.0,1334.99,1316.0,1333.0,1972181,2621824685.0
2020-05-13,sh.600519,1333.0,1337.99,1322.88,1335.95,2201431,2931464950.0
2020-05-14,sh.600519,1330.0,1334.88,1325.11,1326.59,1857492,2467976357.0
2020-05-15,sh.600519,1329.0,1333.5,1301.88,1313.0,2639808,3469736812.0
2020-05-18,sh.600519,1306.0,1351.5,1305.13,1346.21,3436211,4587989708.0
2020-05-19,sh.600519,1364.0,1364.0,1338.0,1346.11,2478746,3342210487.0
2020-05-20,sh.600519,1346.11,1359.18,1336.81,1351.0,2118340,2859455106.0
2020-05-21,sh.600519,1355.0,1371.96,1352.86,1366.1,2305158,3147105462.0
2020-05-22,sh.600519,1366.0,1366.1,1322.88,1328.2,3442746,4608696074.0
2020-05-25,sh.600519,1330.0,1366.58,1321.0,1362.9,3156100,4260387678.0
2020-05-26,sh.600519,1369.88,1369.95,1355.0,1358.0,2247019,3056188321.0
2020-05-27,sh.600519,1359.0,1360.0,1333.0,1338.0,2677741,3596654307.0
2020-05-28,sh.600519,1337.97,1346.94,1321.13,1344.0,2648591,3536546893.0
2020-05-29,sh.600519,1332.1,1369.98,1332.1,1366.6,3044435,4144247222.0
2020-06-01,sh.600519,1381.0,1420.1,1381.0,1419.5,3547976,4986178912.0
2020-06-02,sh.600519,1416.01,1427.9,1406.66,1410.71,2596010,3679210598.0
2020-06-03,sh.600519,1415.0,1417.5,1395.77,1399.3,2355736,3308382799.0
2020-06-04,sh.600519,1396.0,1411.0,1396.0,1407.99,1803741,2534459742.0
2020-06-05,sh.600519,1405.25,1428.88,1401.08,1425.0,1834706,2597524609.0
2020-06-08,sh.600519,1425.0,1435.0,1402.01,1406.1,2930045,4145298455.0
2020-06-09,sh.600519,1408.0,1425.0,1400.68,1416.55,2261191,3199849660.0
2020-06-10,sh.600519,1425.0,1433.33,1417.0,1423.66,2270074,3234843851.0
2020-06-11,sh.600519,1411.01,1417.99,1396.99,1400.46,3071171,4314846228.0
2020-06-12,sh.600519,1387.17,1416.37,1383.31,1416.37,2842742,3992323389.0
2020-06-15,sh.600519,1402.0,1411.6,1381.0,1383.0,3461541,4819512189.0
2020-06-16,sh.600519,1398.5,1414.0,1393.13,1403.88,2920664,4099718932.0
2020-06-17,sh.600519,1411.86,1411.9,1395.02,1405.0,1945307,2730097120.0
2020-06-18,sh.600519,1404.9,1413.2,1400.1,1413.0,2101041,2956800081.0
2020-06-19,sh.600519,1420.0,1445.2,1415.1,1439.84,3895833,5603232657.0
2020-06-22,sh.600519,1435.1,1443.89,1433.2,1439.0,2324700,3343536637.0
2020-06-23,sh.600519,1435.0,1482.0,1433.52,1474.5,3393426,4963194685.0
2020-06-24,sh.600519,1463.6,1465.71,1445.0,1460.01,2513899,3663537115.0
2020-06-29,sh.600519,1448.0,1466.0,1437.01,1463.17,2808061,4064048236.0
2020-06-30,sh.600519,1463.12,1468.98,1455.12,1462.88,2244614,3281641199.0
2020-07-01,sh.600519,1468.0,1506.1,1464.02,1494.27,3868249,5759640251.0
2020-07-02,sh.600519,1499.0,1550.9,1495.0,1544.0,4588372,7014289615.0
2020-07-03,sh.600519,1550.0,1552.5,1516.88,1541.79,3512581,5395637032.0
2020-07-06,sh.600519,1538.0,1616.0,1531.81,1600.0,5182196,8228068998.0
2020-07-07,sh.600519,1603.09,1744.82,1601.0,1688.0,6666393,11219852098.0
2020-07-08,sh.600519,1680.0,1719.0,1660.0,1681.34,5316998,8963189092.0
2020-07-09,sh.600519,1691.0,1712.0,1682.0,1706.0,3503324,5951732803.0
2020-07-10,sh.600519,1689.0,1736.6,1688.94,1713.85,3710044,6352507468.0
2020-07-13,sh.600519,1714.68,1787.0,1714.68,1781.99,6072716,10679460274.0
2020-07-14,sh.600519,1781.99,1782.03,1748.4,1762.0,4609351,8135834910.0
2020-07-15,sh.600519,1744.88,1782.6,1744.71,1752.53,4071294,7176560649.0
2020-07-16,sh.600519,1729.91,1729.91,1600.0,1614.0,10224219,16901373196.0
2020-07-17,sh.600519,1620.0,1672.59,1620.0,1648.05,6590206,10863420089.0
2020-07-20,sh.600519,1652.5,1663.99,1588.88,1636.96,4528033,7363822989.0
2020-07-21,sh.600519,1646.64,1702.8,1630.99,1668.0,4196950,7026353150.98
2020-07-22,sh.600519,1658.0,1710.0,1658.0,1678.08,3920121,6637265371.71
2020-07-23,sh.600519,1672.0,1691.0,1650.0,1676.0,3432052,5739050333.42
2020-07-24,sh.600519,1654.85,1666.0,1585.0,1595.3,7875201,12705941887.22
2020-07-27,sh.600519,1616.01,1629.8,1600.0,1622.55,3878817,6279664443.71
2020-07-28,sh.600519,1630.0,1680.0,1630.0,1670.0,5491152,9133721867.31
2020-07-29,sh.600519,1690.0,1690.0,1633.0,1672.0,5074843,8411789966.5
2020-07-30,sh.600519,1671.2,1700.59,1670.5,1680.0,3837304,6486855474.99
2020-07-31,sh.600519,1685.0,1705.0,1646.0,1678.18,4068474,6846747330.22
2020-08-03,sh.600519,1686.88,1696.58,1660.0,1668.0,3466114,5790041421.93
2020-08-04,sh.600519,1675.0,1682.99,1660.0,1669.99,3194051,5337185768.01
2020-08-05,sh.600519,1662.09,1673.09,1643.31,1668.0,2552169,4236612469.34
2020-08-06,sh.600519,1670.0,1674.03,1630.0,1637.96,3264878,5372942644.96
2020-08-07,sh.600519,1644.77,1649.67,1598.5,1631.0,3424205,5560065753.27
2020-08-10,sh.600519,1627.97,1644.96,1608.11,1633.99,2362354,3857721122.38
2020-08-11,sh.600519,1640.0,1666.43,1640.0,1642.51,3581818,5936904875.64
2020-08-12,sh.600519,1633.0,1641.0,1605.25,1626.95,2793392,4529267492.98
2020-08-13,sh.600519,1630.0,1638.88,1609.0,1635.0,2054134,3341652185.89
2020-08-14,sh.600519,1639.9,1665.7,1631.0,1661.0,3765318,6230475427.24
2020-08-17,sh.600519,1674.0,1704.35,1670.0,1690.0,4357201,7363610867.33
2020-08-18,sh.600519,1697.38,1720.0,1691.0,1705.0,3042281,5192751797.11
2020-08-19,sh.600519,1700.0,1717.0,1682.99,1687.0,2691498,4578143762.2
2020-08-20,sh.600519,1674.0,1679.0,1656.0,1664.0,2238233,3727183935.45
2020-08-21,sh.600519,1673.0,1698.0,1671.0,1676.0,2508241,4217048420.24
2020-08-24,sh.600519,1700.0,1708.0,1691.01,1696.35,3093344,5260286523.46
2020-08-25,sh.600519,1704.8,1746.78,1698.63,1727.0,4187249,7227309774.14
2020-08-26,sh.600519,1734.0,1745.0,1715.02,1727.0,2621573,4530374186.47
2020-08-27,sh.600519,1731.99,1733.98,1705.0,1731.0,2263553,3896759446.17
2020-08-28,sh.600519,1731.0,1764.0,1721.5,1757.0,4229962,7389242302.49
2020-08-31,sh.600519,1770.58,1816.0,1770.58,1786.5,4781036,8608932570.41
2020-09-01,sh.600519,1792.0,1802.0,1775.01,1801.98,3163992,5661594315.16
2020-09-02,sh.600519,1825.0,1828.0,1770.0,1795.0,3200929,5746351923.01
2020-09-03,sh.600519,1795.0,1812.0,1779.7,1793.0,3043735,5471333880.1
2020-09-04,sh.600519,1766.0,1776.99,1746.0,1770.0,3085796,5433479408.0
2020-09-07,sh.600519,1760.0,1777.99,1703.97,1723.5,3111202,5446354619.03
2020-09-08,sh.600519,1732.0,1737.8,1677.07,1711.4,3447238,5865962723.75
2020-09-09,sh.600519,1699.67,1711.0,1680.04,1688.0,2596355,4401806095.14
2020-09-10,sh.600519,1703.74,1720.0,1700.0,1705.8,2477833,4236694401.52
2020-09-11,sh.600519,1688.0,1736.0,1688.0,1733.0,3108800,5339883407.76
2020-09-14,sh.600519,1745.0,1769.0,1730.58,1766.0,3105601,5448188995.38
2020-09-15,sh.600519,1769.99,1769.99,1747.75,1760.0,2082087,3654872008.51
2020-09-16,sh.600519,1760.0,1764.81,1719.0,1725.1,2251598,3916457761.65
2020-09-17,sh.600519,1700.0,1700.0,1658.0,1670.52,6367985,10683350186.5
2020-09-18,sh.600519,1665.0,1695.0,1635.01,1695.0,4720140,7853673240.87
2020-09-21,sh.600519,1692.76,1692.76,1666.66,1666.8,2244407,3756765108.07
2020-09-22,sh.600519,1650.0,1686.98,1650.0,1665.69,2326547,3890070212.39
2020-09-23,sh.600519,1635.0,1666.01,1621.02,1649.98,3572552,5878691068.93
2020-09-24,sh.600519,1635.97,1658.88,1626.8,1629.32,3005078,4915392273.49
2020-09-25,sh.600519,1630.0,1650.0,1625.0,1635.11,2258296,3700843486.0
2020-09-28,sh.600519,1635.19,1668.5,1635.19,1661.0,2423222,4019640150.42
2020-09-29,sh.600519,1669.33,1669.4,1652.3,1652.3,1743078,2895081365.61
2020-09-30,sh.600519,1660.0,1691.9,1660.0,1668.5,2708781,4536012539.91
2020-10-09,sh.600519,1692.0,1706.42,1688.0,1696.0,3423988,5817280604.62
2020-10-12,sh.600519,1700.0,1750.61,1700.0,1750.61,4372904,7597987786.33
2020-10-13,sh.600519,1750.62,1750.62,1735.0,1739.0,2294389,3995560518.33
2020-10-14,sh.600519,1740.0,1746.98,1726.0,1729.0,2048139,3554316588.74
2020-10-15,sh.600519,1721.13,1735.0,1721.0,1725.0,1620436,2801250556.48
2020-10-16,sh.600519,1725.0,1734.58,1703.0,1712.0,1737738,2991246892.13
2020-10-19,sh.600519,1725.0,1733.98,1691.9,1699.0,1922632,3284383414.71
2020-10-20,sh.600519,1699.99,1734.97,1695.0,1734.0,2773493,4787807535.82
2020-10-21,sh.600519,1734.1,1742.15,1723.0,1733.33,1890137,3275357440.3
2020-10-22,sh.600519,1730.0,1745.0,1715.51,1742.5,2248087,3897729793.1
2020-10-23,sh.600519,1740.78,1747.59,1714.0,1715.33,1929169,3339987454.08
2020-10-26,sh.600519,1619.0,1662.92,1600.0,1643.0,6601529,10821908227.12
2020-10-27,sh.600519,1643.0,1644.0,1616.12,1625.0,4394440,7156688306.58
2020-10-28,sh.600519,1626.0,1677.0,1625.08,1664.81,3463653,5739452181.14
2020-10-29,sh.600519,1654.84,1708.0,1647.0,1676.0,3937376,6633168612.77
2020-10-30,sh.600519,1678.0,1696.0,1665.0,1670.02,2605545,4379602067.68
2020-11-02,sh.600519,1675.0,1695.0,1672.0,1674.01,2106643,3544422245.43
2020-11-03,sh.600519,1684.99,1705.9,1675.5,1695.0,2349749,3976621208.06
2020-11-04,sh.600519,1700.0,1704.0,1685.0,1699.58,1644371,2788396252.94
2020-11-05,sh.600519,1717.0,1732.48,1712.1,1721.9,2352414,4053043270.71
2020-11-06,sh.600519,1730.55,1731.59,1690.0,1700.62,2305153,3932702366.7
2020-11-09,sh.600519,1701.38,1750.68,1700.62,1742.57,4146970,7198679682.95
2020-11-10,sh.600519,1752.92,1764.48,1736.0,1745.0,3018944,5287968172.74
2020-11-11,sh.600519,1745.0,1777.5,1731.0,1731.35,3485073,6122365404.41
2020-11-12,sh.600519,1730.01,1750.0,1722.27,1734.79,2347309,4071729791.56
2020-11-13,sh.600519,1724.0,1728.88,1691.0,1705.0,2815548,4791276459.47
2020-11-16,sh.600519,1711.0,1730.05,1697.26,1730.05,3061349,5247897160.86
2020-11-17,sh.600519,1740.0,1742.35,1701.07,1715.8,2522403,4355288046.56
2020-11-18,sh.600519,1715.0,1720.53,1683.16,1693.65,3517895,5973146815.32
2020-11-19,sh.600519,1684.5,1725.0,1680.6,1720.19,2781576,4767508752.81
2020-11-20,sh.600519,1720.0,1736.0,1712.65,1719.96,2187466,3771894859.49
2020-11-23,sh.600519,1771.01,1809.9,1771.01,1790.21,6663724,11926870594.6
2020-11-24,sh.600519,1769.99,1782.5,1751.47,1763.5,3246536,5736960168.07
2020-11-25,sh.600519,1761.5,1768.88,1724.0,1726.88,2822632,4910540740.65
2020-11-26,sh.600519,1726.0,1739.99,1725.18,1734.39,2322830,4027749312.81
2020-11-27,sh.600519,1732.66,1740.03,1718.0,1737.9,2156861,3737697984.7
2020-11-30,sh.600519,1735.0,1738.9,1713.91,1713.91,3194007,5520322173.16
2020-12-01,sh.600519,1726.0,1738.99,1720.01,1737.0,2819620,4891829153.17
2020-12-02,sh.600519,1746.0,1749.0,1731.0,1738.01,2357169,4101369305.99
2020-12-03,sh.600519,1738.01,1755.66,1732.1,1749.0,2950578,5147357780.65
2020-12-04,sh.600519,1752.0,1800.1,1752.0,1793.11,6249119,11176048846.87
2020-12-07,sh.600519,1802.7,1840.39,1800.55,1812.4,5833133,10617305103.95
2020-12-08,sh.600519,1815.0,1875.0,1813.0,1850.0,6145400,11333352154.27
2020-12-09,sh.600519,1865.95,1866.0,1839.0,1840.0,3115212,5766037608.84
2020-12-10,sh.600519,1840.0,1849.77,1828.0,1832.9,3265354,6009239910.86
2020-12-11,sh.600519,1834.78,1837.32,1804.81,1820.0,3077579,5595359665.39
2020-12-14,sh.600519,1827.77,1829.98,1815.0,1829.0,3305200,6026813427.85
2020-12-15,sh.600519,1833.5,1837.22,1805.0,1816.01,2960497,5383582284.17
2020-12-16,sh.600519,1830.5,1845.67,1820.21,1840.0,3215016,5901298274.85
2020-12-17,sh.600519,1845.5,1868.0,1840.0,1865.51,3603064,6683421886.39
2020-12-18,sh.600519,1851.81,1869.01,1841.08,1845.0,2707698,5020968993.22
2020-12-21,sh.600519,1840.0,1851.23,1837.6,1842.5,3069672,5663526809.13
2020-12-22,sh.600519,1849.97,1898.99,1842.51,1881.0,4065060,7618583444.29
2020-12-23,sh.600519,1897.99,1906.2,1821.02,1841.65,4770609,8901002261.88
2020-12-24,sh.600519,1818.0,1858.88,1795.02,1830.34,3785714,6921989374.42
2020-12-25,sh.600519,1802.99,1847.0,1800.0,1830.0,2308805,4218997634.27
2020-12-28,sh.600519,1826.6,1888.8,1826.05,1873.0,3008037,5616528738.07
2020-12-29,sh.600519,1873.0,1886.8,1855.0,1867.0,2286759,4275994833.55
2020-12-30,sh.600519,1870.0,1933.0,1869.99,1933.0,3445210,6604461376.11
2020-12-31,sh.600519,1941.0,1998.98,1939.0,1998.0,3886007,7682300728.32
2021-01-04,sh.600519,1999.98,2004.99,1983.81,1997.0,4351400,8686920261.12
2021-01-05,sh.600519,1990.0,2059.45,1982.46,2059.45,5211605,10592557369.7
2021-01-06,sh.600519,2064.8,2125.0,2036.03,2100.0,4741020,9882593867.1
2021-01-07,sh.600519,2097.0,2140.0,2075.0,2140.0,3793139,7991178754.07
2021-01-08,sh.600519,2142.0,2150.88,2063.02,2090.0,5386164,11345202869.15
2021-01-11,sh.600519,2090.0,2150.5,2058.6,2099.73,5107990,10768565414.66
2021-01-12,sh.600519,2088.0,2160.9,2085.0,2160.9,4105859,8800558287.66
2021-01-13,sh.600519,2164.0,2173.33,2135.0,2164.0,3438993,7418330853.82
2021-01-14,sh.600519,2156.0,2163.0,2116.11,2134.0,3615220,7722089683.72
2021-01-15,sh.600519,2115.0,2134.35,2029.0,2082.0,5950939,12372103226.55
2021-01-18,sh.600519,2061.06,2091.48,2040.27,2063.0,3914404,8076715789.5
2021-01-19,sh.600519,2073.11,2096.3,2006.85,2009.41,4634519,9479278513.19
2021-01-20,sh.600519,2008.0,2055.49,1982.5,2040.63,4508242,9126453276.98
2021-01-21,sh.600519,2048.0,2090.02,2041.0,2070.0,3831017,7953455966.93
2021-01-22,sh.600519,2069.0,2100.0,2060.1,2079.95,2924761,6090260363.6
2021-01-25,sh.600519,2083.0,2179.5,2083.0,2175.0,5595716,12029474557.67
2021-01-26,sh.600519,2185.0,2187.0,2125.11,2141.89,3174746,6820173361.71
2021-01-27,sh.600519,2141.89,2141.89,2085.0,2089.0,3712017,7809446386.54
2021-01-28,sh.600519,2080.0,2109.66,2060.02,2088.0,3512864,7337084454.98
2021-01-29,sh.600519,2101.19,2149.48,2090.22,2116.18,3370133,7166179277.17
2021-02-01,sh.600519,2130.0,2160.0,2095.0,2109.32,2934059,6219639110.8
2021-02-02,sh.600519,2112.22,2149.99,2102.1,2145.0,3458225,7372233581.9
2021-02-03,sh.600519,2150.0,2198.27,2140.0,2189.91,3871415,8384049314.31
2021-02-04,sh.600519,2191.0,2330.0,2191.0,2320.85,6385101,14596930187.5
2021-02-05,sh.600519,2325.0,2364.6,2291.0,2313.0,3972906,9253566204.82
2021-02-08,sh.600519,2337.0,2378.88,2313.0,2368.8,3578573,8420758624.81
2021-02-09,sh.600519,2368.8,2456.43,2350.0,2456.43,3329655,7972930044.98
2021-02-10,sh.600519,2485.0,2601.2,2485.0,2601.0,6137057,15675929713.5
2021-02-18,sh.600519,2587.98,2627.88,2465.0,2471.0,6591232,16704135269.47
2021-02-19,sh.600519,2451.16,2496.66,2381.6,2460.0,5938546,14525164524.57
2021-02-22,sh.600519,2455.0,2455.0,2278.22,2288.02,7893547,18498777222.54
2021-02-23,sh.600519,2265.14,2344.89,2265.0,2307.0,5745460,13316110795.16
2021-02-24,sh.600519,2307.99,2318.0,2160.5,2189.0,8211578,18195034445.01
2021-02-25,sh.600519,2209.0,2224.5,2121.21,2150.0,5972643,12982145755.12
2021-02-26,sh.600519,2100.0,2179.95,2067.3,2122.78,6652506,14097015493.7
2021-03-01,sh.600519,2179.0,2179.0,2120.0,2158.0,4491626,9686945528.92
2021-03-02,sh.600519,2180.0,2180.0,2033.0,2058.0,7076450,14796698645.52
2021-03-03,sh.600519,2040.0,2149.77,2033.0,2140.0,5421546,11366685429.08
2021-03-04,sh.600519,2095.0,2096.0,2010.1,2033.0,6508829,13297304315.65
2021-03-05,sh.600519,2000.0,2095.0,1988.0,2060.11,6377920,13100315985.42
2021-03-08,sh.600519,2074.96,2085.0,1960.0,1960.0,6309959,12724245990.38
2021-03-09,sh.600519,1955.0,2000.0,1900.18,1936.99,8226581,16100769578.87
2021-03-10,sh.600519,1977.0,1999.87,1967.0,1970.01,5117174,10136910283.82
2021-03-11,sh.600519,1975.0,2079.99,1961.48,2048.0,5676897,11521736383.85
2021-03-12,sh.600519,2070.0,2077.0,2002.01,2026.0,4032251,8181594631.17
2021-03-15,sh.600519,2050.0,2069.8,1951.15,1975.45,6248487,12459955712.19
2021-03-16,sh.600519,1974.93,2019.99,1965.0,2010.5,3464850,6918600717.41
2021-03-17,sh.600519,2000.0,2050.0,1976.01,2030.36,3137491,6352656523.24
2021-03-18,sh.600519,2035.0,2086.36,2035.0,2069.7,3386488,6997030294.38
2021-03-19,sh.600519,2035.0,2043.0,1992.23,2010.0,3578077,7211521835.48
2021-03-22,sh.600519,2000.1,2026.09,1955.55,1989.99,3691407,7323391310.93
2021-03-23,sh.600519,1998.88,2008.8,1970.0,1996.0,2744619,5459520703.31
2021-03-24,sh.600519,1981.0,2013.0,1981.0,1989.0,2935739,5857848160.33
2021-03-25,sh.600519,1970.01,1988.88,1946.8,1971.0,3157523,6216733243.7
2021-03-26,sh.600519,1985.0,2022.0,1958.0,2013.0,5001642,9987629443.81
2021-03-29,sh.600519,2043.2,2096.35,2026.15,2034.1,5699220,11740129412.79
2021-03-30,sh.600519,2040.0,2086.0,2035.08,2056.05,3262697,6717493349.55
2021-03-31,sh.600519,2045.1,2046.02,2000.0,2009.0,3715441,7489086233.43
2021-04-01,sh.600519,2021.0,2046.8,2001.22,2044.5,2658763,5379775870.02
2021-04-02,sh.600519,2056.0,2165.0,2056.0,2162.0,5202757,10981752657.58
2021-04-06,sh.600519,2161.0,2161.98,2102.3,2126.03,3274177,6967525036.59
2021-04-07,sh.600519,2104.06,2117.3,2050.0,2061.0,4020097,8317799924.65
2021-04-08,sh.600519,2047.03,2079.0,2044.0,2070.0,2854762,5893307514.47
2021-04-09,sh.600519,2042.0,2054.0,2005.01,2020.0,2880886,5832453811.8
2021-04-12,sh.600519,2011.0,2030.0,1991.7,2008.89,3194307,6409917317.58
2021-04-13,sh.600519,2020.0,2049.8,2009.0,2021.0,2899215,5883787293.27
2021-04-14,sh.600519,2035.0,2048.0,2016.0,2047.0,2411465,4908790022.84
2021-04-15,sh.600519,2030.9,2046.9,1990.0,2015.6,3436621,6903769489.51
2021-04-16,sh.600519,2025.08,2068.0,2012.0,2054.98,3029370,6183895053.75
2021-04-19,sh.600519,2055.0,2098.36,2033.0,2088.0,3175391,6610577917.18
2021-04-20,sh.600519,2071.1,2129.0,2070.0,2094.8,2829037,5949669952.68
2021-04-21,sh.600519,2076.0,2097.8,2065.1,2080.0,2614975,5446145952.13
2021-04-22,sh.600519,2089.9,2099.0,2051.5,2055.5,2685002,5539295655.77
2021-04-23,sh.600519,2055.97,2119.88,2052.5,2108.94,3346277,7002695288.1
2021-04-26,sh.600519,2132.0,2135.0,2073.6,2077.82,3404511,7160836874.36
2021-04-27,sh.600519,2087.08,2095.25,2065.09,2094.44,2210785,4607779001.56
2021-04-28,sh.600519,2010.0,2047.5,2003.0,2042.0,8134295,16463574636.6
2021-04-29,sh.600519,2047.04,2049.94,2014.0,2026.36,4128378,8370431227.68
2021-04-30,sh.600519,2026.0,2036.0,2003.71,2006.78,3840137,7723747038.43
2021-05-06,sh.600519,2000.0,2006.84,1953.0,1959.0,5354614,10584968907.14
2021-05-07,sh.600519,1965.0,1967.98,1901.0,1903.0,5249339,10101703446.06
2021-05-10,sh.600519,1900.0,1909.0,1866.01,1879.03,4600318,8677753607.6
2021-05-11,sh.600519,1876.0,1966.0,1873.3,1959.0,4249412,8209251913.88
2021-05-12,sh.600519,1949.08,1999.0,1949.0,1984.0,3269887,6473203286.06
2021-05-13,sh.600519,1965.75,1985.05,1953.0,1971.5,2507751,4934954969.14
2021-05-14,sh.600519,1982.0,2030.5,1976.0,2009.85,3561129,7150302044.37
2021-05-17,sh.600519,2025.1,2085.2,2025.1,2057.96,4452400,9178509985.37
2021-05-18,sh.600519,2065.0,2077.0,2045.06,2059.31,1750428,3595891741.83
2021-05-19,sh.600519,2059.0,2074.81,2040.0,2049.0,2240972,4606452358.47
2021-05-20,sh.600519,2074.0,2074.1,2045.36,2058.88,2185716,4500663211.25
2021-05-21,sh.600519,2055.08,2079.88,2037.02,2042.1,2424823,4976601457.79
2021-05-24,sh.600519,2051.0,2080.06,2031.0,2071.29,3254808,6705879397.29
2021-05-25,sh.600519,2085.0,2200.1,2085.0,2194.5,6775695,14636718750.42
2021-05-26,sh.600519,2207.98,2241.8,2193.08,2220.0,3860420,8558038173.71
2021-05-27,sh.600519,2211.02,2320.0,2201.1,2245.0,4537338,10240368980.36
2021-05-28,sh.600519,2240.97,2250.0,2205.51,2230.0,2580731,5741331985.52
2021-05-31,sh.600519,2215.5,2218.35,2172.0,2218.0,3173900,6960864260.2
2021-06-01,sh.600519,2222.0,2248.95,2206.0,2240.95,3061634,6832594465.5
2021-06-02,sh.600519,2250.0,2264.0,2208.18,2222.0,2286277,5088908383.98
2021-06-03,sh.600519,2220.0,2260.34,2210.08,2222.22,2345031,5242453018.5
2021-06-04,sh.600519,2215.0,2288.0,2214.04,2251.5,3142219,7058715114.68
2021-06-07,sh.600519,2265.0,2279.0,2240.01,2271.0,2546627,5756592694.17
2021-06-08,sh.600519,2260.0,2279.99,2161.15,2191.0,4731363,10479943156.1
2021-06-09,sh.600519,2192.0,2214.0,2160.11,2199.5,2550235,5591378816.61
2021-06-10,sh.600519,2195.0,2251.37,2190.08,2238.48,2556663,5707338424.23
2021-06-11,sh.600519,2239.0,2244.0,2178.81,2178.81,3397066,7513797036.43
2021-06-15,sh.600519,2195.1,2208.88,2148.0,2193.0,2936130,6412821567.23
2021-06-16,sh.600519,2192.0,2195.0,2148.0,2158.0,2759315,5978924528.06
2021-06-17,sh.600519,2155.65,2188.0,2144.36,2156.91,2106753,4558702643.11
2021-06-18,sh.600519,2147.0,2156.5,2065.0,2090.94,5402821,11329180836.32
2021-06-21,sh.600519,2085.0,2099.69,2050.0,2081.64,3548826,7367986470.8
2021-06-22,sh.600519,2092.0,2098.0,2053.89,2074.97,3322818,6900830616.21
2021-06-23,sh.600519,2080.0,2083.0,2034.15,2038.0,3707901,7596735684.45
2021-06-24,sh.600519,2040.01,2080.0,2021.0,2068.05,3147370,6452557072.56
2021-06-25,sh.600519,2049.96,2109.0,2042.6,2092.0,3587543,7459680452.0
2021-06-28,sh.600519,2100.0,2118.0,2073.0,2103.01,2745242,5750241214.09
2021-06-29,sh.600519,2108.0,2115.0,2051.0,2062.0,3303063,6835635172.06
2021-06-30,sh.600519,2065.0,2074.0,2046.3,2056.7,2191566,4511484217.06
2021-07-01,sh.600519,2059.97,2110.0,2031.6,2105.0,3370124,6970730877.58
2021-07-02,sh.600519,2075.0,2075.0,2011.5,2013.0,4627531,9388640194.18
2021-07-05,sh.600519,2000.0,2019.88,1985.0,1994.0,3442095,6872797767.52
2021-07-06,sh.600519,1995.0,2014.0,1960.01,2012.9,3528251,7015883090.99
2021-07-07,sh.600519,2010.0,2028.88,1999.01,2004.0,2812212,5658210730.18
2021-07-08,sh.600519,2000.1,2004.0,1968.0,1985.0,3551669,7027713779.87
2021-07-09,sh.600519,1964.52,1985.91,1945.0,1972.11,3090790,6072340992.95
2021-07-12,sh.600519,1975.55,1998.78,1940.5,1961.0,3901024,7658786228.0
2021-07-13,sh.600519,1968.0,2005.5,1965.0,1982.9,2992471,5946287258.91
2021-07-14,sh.600519,1974.0,1974.5,1945.0,1962.0,3077069,6011814880.15
2021-07-15,sh.600519,1955.02,2013.0,1950.6,1997.99,4219005,8391506228.51
2021-07-16,sh.600519,1980.0,1996.6,1950.0,1955.9,3540764,6958296858.75
2021-07-19,sh.600519,1955.89,1986.0,1941.0,1975.0,3005234,5900348209.63
2021-07-20,sh.600519,1975.0,1988.93,1961.41,1980.0,2347521,4639300956.05
2021-07-21,sh.600519,1989.0,2006.0,1962.01,1969.0,2978013,5902656220.53
2021-07-22,sh.600519,1960.0,1973.9,1938.96,1940.01,3909047,7619076855.11
2021-07-23,sh.600519,1937.82,1937.82,1895.09,1900.0,4758547,9057761875.71
2021-07-26,sh.600519,1879.0,1879.0,1780.0,1804.11,9861948,17894360803.19
2021-07-27,sh.600519,1803.0,1810.0,1703.0,1712.89,8657699,15230805685.48
2021-07-28,sh.600519,1703.0,1788.2,1682.12,1768.9,8536884,14792470948.05
2021-07-29,sh.600519,1810.01,1823.0,1734.34,1749.79,6386385,11299569856.98
2021-07-30,sh.600519,1725.0,1725.0,1657.76,1678.99,7773589,13109725032.42
2021-08-02,sh.600519,1664.0,1755.98,1620.72,1755.0,9740065,16515259088.96
2021-08-03,sh.600519,1730.0,1768.99,1688.8,1749.3,5437475,9447823227.17
2021-08-04,sh.600519,1734.06,1760.0,1718.0,1724.0,3817549,6614683378.43
2021-08-05,sh.600519,1692.88,1745.0,1676.36,1699.0,4805969,8177369850.63
2021-08-06,sh.600519,1689.0,1694.01,1646.6,1671.0,4568610,7616109614.97
2021-08-09,sh.600519,1651.0,1709.0,1650.0,1693.8,4769775,8028155490.38
2021-08-10,sh.600519,1700.0,1802.88,1675.0,1799.0,8328505,14549496462.91
2021-08-11,sh.600519,1780.01,1785.01,1750.01,1750.5,3866259,6821292779.01
2021-08-12,sh.600519,1732.0,1749.0,1686.19,1690.0,4755097,8130692626.46
2021-08-13,sh.600519,1690.0,1713.0,1679.0,1700.04,3790452,6418412543.9
2021-08-16,sh.600519,1696.0,1713.6,1685.08,1699.2,2805697,4773049794.4
2021-08-17,sh.600519,1700.0,1700.0,1628.88,1635.0,6120077,10140291982.18
2021-08-18,sh.600519,1624.66,1642.99,1600.0,1620.0,5997026,9701556273.15
2021-08-19,sh.600519,1622.22,1643.2,1600.0,1619.97,4129195,6682355677.87
2021-08-20,sh.600519,1555.17,1597.55,1525.5,1548.0,11454454,17825198285.98
2021-08-23,sh.600519,1537.88,1599.0,1536.77,1570.19,7159720,11218832882.53
2021-08-24,sh.600519,1575.0,1642.55,1565.77,1625.18,7259447,11703813763.5
2021-08-25,sh.600519,1647.64,1680.87,1643.0,1665.02,5423890,9037626406.21
2021-08-26,sh.600519,1664.99,1664.99,1594.72,1595.0,5402037,8722233200.59
2021-08-27,sh.600519,1589.0,1625.0,1584.1,1596.03,3609545,5791426192.05
2021-08-30,sh.600519,1605.0,1613.0,1545.95,1586.0,5158770,8098190333.41
2021-08-31,sh.600519,1589.8,1616.35,1555.1,1558.0,4367709,6888080926.71
2021-09-01,sh.600519,1559.0,1634.99,1531.1,1622.01,7731610,12370243405.19
2021-09-02,sh.600519,1632.99,1643.0,1600.89,1618.8,4283679,6939707277.23
2021-09-03,sh.600519,1610.02,1659.79,1582.0,1658.22,5283518,8631165695.89
2021-09-06,sh.600519,1649.0,1708.16,1626.15,1670.67,5533806,9306030671.19
2021-09-07,sh.600519,1661.03,1684.48,1651.0,1669.0,3121122,5204051657.3
2021-09-08,sh.600519,1660.0,1671.18,1628.08,1633.1,3306367,5428265636.13
2021-09-09,sh.600519,1626.0,1645.0,1624.01,1634.08,1995013,3257785762.02
2021-09-10,sh.600519,1634.08,1668.8,1633.0,1662.58,3338811,5528034093.44
2021-09-13,sh.600519,1665.0,1684.0,1640.1,1654.0,2772002,4605031710.53
2021-09-14,sh.600519,1659.0,1683.0,1653.0,1657.0,3376061,5638962653.7
2021-09-15,sh.600519,1650.0,1660.0,1610.0,1615.74,4157005,6781755393.37
2021-09-16,sh.600519,1603.0,1644.0,1585.0,1638.07,4596802,7458455126.2
2021-09-17,sh.600519,1620.0,1705.6,1620.0,1686.0,5513025,9242101551.88
2021-09-22,sh.600519,1658.83,1688.0,1635.0,1637.69,3174300,5227723003.37
2021-09-23,sh.600519,1638.0,1655.88,1625.08,1635.0,3034181,4964210090.5
2021-09-24,sh.600519,1628.0,1719.98,1628.0,1694.0,6953660,11756596091.11
2021-09-27,sh.600519,1750.0,1863.4,1750.0,1855.0,12686892,23270689701.97
2021-09-28,sh.600519,1848.0,1860.0,1795.0,1822.06,4922105,8973408813.24
2021-09-29,sh.600519,1809.0,1845.01,1785.9,1820.0,4329065,7870151768.17
2021-09-30,sh.600519,1818.18,1850.22,1803.4,1830.0,4053929,7411735790.23
2021-10-08,sh.600519,1822.42,1878.0,1807.23,1839.6,4745196,8780381117.96
2021-10-11,sh.600519,1839.51,1889.9,1831.01,1867.12,3767557,7040475326.66
2021-10-12,sh.600519,1866.0,1877.0,1842.42,1870.99,3060642,5688160837.06
2021-10-13,sh.600519,1870.0,1949.95,1862.0,1929.9,5014261,9625769126.63
2021-10-14,sh.600519,1928.93,1941.8,1896.0,1911.0,2662255,5097602232.37
2021-10-15,sh.600519,1890.1,1929.99,1890.1,1916.97,2856078,5452953878.98
2021-10-18,sh.600519,1888.0,1888.0,1787.0,1800.0,6965202,12651498606.59
2021-10-19,sh.600519,1800.0,1838.8,1799.88,1812.18,4031456,7330114082.02
2021-10-20,sh.600519,1833.0,1849.8,1806.01,1841.0,2866339,5246404614.98
2021-10-21,sh.600519,1841.1,1860.0,1829.0,1844.0,2301870,4238584293.96
2021-10-22,sh.600519,1855.0,1921.01,1854.0,1901.0,3596260,6794850055.72
2021-10-25,sh.600519,1880.0,1885.01,1858.0,1873.03,3246133,6076219947.62
2021-10-26,sh.600519,1864.03,1878.99,1844.0,1861.05,2113026,3934223713.92
2021-10-27,sh.600519,1852.3,1858.3,1800.1,1819.0,3464729,6302270905.08
2021-10-28,sh.600519,1825.2,1843.78,1802.0,1825.49,2949093,5383196101.39
2021-10-29,sh.600519,1825.0,1848.0,1813.0,1826.08,2877586,5266898950.19
2021-11-01,sh.600519,1780.0,1826.3,1760.0,1803.0,4168998,7486936394.48
2021-11-02,sh.600519,1796.7,1844.22,1788.0,1804.64,3250024,5875341368.84
2021-11-03,sh.600519,1800.0,1809.98,1761.19,1765.0,2782931,4958314535.25
2021-11-04,sh.600519,1777.94,1816.0,1769.42,1804.2,3113043,5592211730.83
2021-11-05,sh.600519,1804.21,1844.99,1804.21,1819.94,2707723,4956331383.2
2021-11-08,sh.600519,1820.0,1830.8,1802.05,1820.1,1770572,3220439333.62
2021-11-09,sh.600519,1819.98,1827.87,1782.0,1790.01,2735192,4915170027.86
2021-11-10,sh.600519,1790.01,1795.0,1735.0,1753.99,3534877,6204803249.65
2021-11-11,sh.600519,1752.93,1769.6,1741.5,1769.6,2265187,3987243284.9
2021-11-12,sh.600519,1778.0,1785.05,1766.66,1773.78,1760663,3124400971.84
2021-11-15,sh.600519,1773.68,1784.0,1750.0,1761.14,2494735,4410975373.31
2021-11-16,sh.600519,1768.0,1818.0,1765.0,1808.0,3352624,6033536262.21
2021-11-17,sh.600519,1805.0,1820.5,1790.01,1795.0,2450546,4411450908.49
2021-11-18,sh.600519,1781.22,1807.0,1770.0,1792.0,1952089,3485674964.21
2021-11-19,sh.600519,1794.19,1849.0,1788.2,1828.41,3115559,5699883799.68
2021-11-22,sh.600519,1849.0,1909.0,1848.0,1854.27,4257268,7994018410.01
2021-11-23,sh.600519,1852.0,1917.0,1852.0,1896.43,4578220,8676297615.55
2021-11-24,sh.600519,1900.0,1966.0,1897.0,1941.0,5451235,10555736753.38
2021-11-25,sh.600519,1953.0,1986.2,1946.25,1956.03,3975288,7803035266.46
2021-11-26,sh.600519,1964.83,1967.0,1925.0,1941.01,3265557,6337346210.94
2021-11-29,sh.600519,1960.0,1990.0,1951.08,1985.0,4239934,8372476082.52
2021-11-30,sh.600519,1985.4,1989.9,1927.5,1930.77,3692487,7192172533.06
2021-12-01,sh.600519,1950.0,1959.95,1919.02,1932.99,2625440,5071457098.18
2021-12-02,sh.600519,1940.0,1942.15,1919.6,1934.0,2042182,3939731543.19
2021-12-03,sh.600519,1932.0,1988.62,1931.05,1971.88,3581839,7045848179.87
2021-12-06,sh.600519,1983.0,1990.0,1950.0,1967.3,3106388,6122543819.18
2021-12-07,sh.600519,1980.74,1987.87,1946.73,1955.87,3697989,7286659622.07
2021-12-08,sh.600519,1964.88,2045.0,1950.0,2043.0,6104807,12285101988.37
2021-12-09,sh.600519,2054.94,2116.92,2045.0,2086.55,6423918,13404724467.36
2021-12-10,sh.600519,2060.0,2095.78,2056.0,2090.0,4314822,8944582264.84
2021-12-13,sh.600519,2154.0,2180.0,2118.0,2118.2,6580656,14139012289.88
2021-12-14,sh.600519,2118.2,2167.9,2100.0,2150.0,4044941,8673733690.92
2021-12-15,sh.600519,2142.15,2164.95,2125.02,2135.0,3007827,6444715085.83
2021-12-16,sh.600519,2115.0,2144.05,2086.23,2118.99,3721136,7865499277.85
2021-12-17,sh.600519,2100.5,2108.0,2036.0,2050.7,4840318,9988869784.79
2021-12-20,sh.600519,2050.7,2085.66,2041.0,2058.96,3225769,6654596507.97
2021-12-21,sh.600519,2045.0,2069.13,2012.83,2038.2,2628589,5354186590.18
2021-12-22,sh.600519,2040.0,2063.0,2040.0,2048.0,1743079,3570928372.49
2021-12-23,sh.600519,2053.0,2120.0,2025.0,2120.0,3909854,8126298013.23
2021-12-24,sh.600519,2148.88,2216.96,2148.88,2194.09,5612959,12295953399.53
2021-12-27,sh.600519,2168.0,2168.0,2112.0,2131.82,3755590,8020677686.43
2021-12-28,sh.600519,2133.0,2155.5,2116.6,2138.18,2765070,5901940632.95
2021-12-29,sh.600519,2150.0,2154.25,2041.0,2041.0,5404902,11195625154.37
2021-12-30,sh.600519,2041.0,2088.98,2028.0,2075.0,3526136,7272866656.61
2021-12-31,sh.600519,2070.0,2072.98,2028.0,2050.0,2966491,6061415343.62
2022-01-04,sh.600519,2055.0,2068.95,2014.0,2051.23,3384262,6913653122.1
2022-01-05,sh.600519,2045.0,2065.0,2018.0,2024.0,2839551,5774992117.19
2022-01-06,sh.600519,2022.01,2036.0,1938.51,1982.22,5179475,10226933846.73
2022-01-07,sh.600519,1975.0,1988.88,1939.32,1942.0,2981669,5831695310.91
2022-01-10,sh.600519,1928.01,1977.0,1917.55,1966.0,2962670,5792738145.05
2022-01-11,sh.600519,1948.0,1965.0,1931.17,1940.55,2227664,4332180603.54
2022-01-12,sh.600519,1948.0,1978.8,1948.0,1967.0,2747410,5384359627.75
2022-01-13,sh.600519,1964.82,1967.99,1865.56,1877.39,5674735,10781720543.51
2022-01-14,sh.600519,1877.39,1893.0,1863.0,1867.0,2932164,5506186026.03
2022-01-17,sh.600519,1868.0,1878.3,1835.34,1861.61,2735382,5074077664.85
2022-01-18,sh.600519,1861.68,1908.85,1852.0,1892.27,3121577,5906705861.19
2022-01-19,sh.600519,1919.0,1919.0,1888.88,1912.0,2637094,5026993463.36
2022-01-20,sh.600519,1916.0,1979.99,1916.0,1969.52,3401391,6665294953.73
2022-01-21,sh.600519,1960.0,1993.49,1951.01,1984.99,3081258,6091427695.41
2022-01-24,sh.600519,1955.0,1984.0,1931.44,1950.2,2398580,4685441775.05
2022-01-25,sh.600519,1943.0,1966.0,1931.0,1943.0,2551012,4971078497.88
2022-01-26,sh.600519,1942.04,1969.0,1919.0,1955.0,2390513,4655706528.07
2022-01-27,sh.600519,2001.01,2010.82,1952.0,1965.0,4266516,8450329057.76
2022-01-28,sh.600519,1955.0,1968.0,1880.01,1887.0,4102011,7889492895.47
2022-02-07,sh.600519,1900.99,1913.56,1850.0,1867.96,3515042,6601799703.31
2022-02-08,sh.600519,1868.88,1872.87,1790.0,1839.0,4171306,7585130458.71
2022-02-09,sh.600519,1839.09,1908.0,1826.97,1895.98,3388479,6346699783.61
2022-02-10,sh.600519,1900.0,1905.9,1857.39,1873.0,2303183,4315456867.57
2022-02-11,sh.600519,1857.0,1900.79,1841.0,1849.97,3374649,6296909575.46
2022-02-14,sh.600519,1840.0,1877.0,1837.31,1868.67,2019587,3762313349.46
2022-02-15,sh.600519,1868.8,1911.0,1859.0,1890.62,2710586,5131842112.34
2022-02-16,sh.600519,1900.0,1907.0,1888.0,1892.55,1458685,2769034315.56
2022-02-17,sh.600519,1900.61,1911.48,1881.0,1886.99,1821366,3450265031.67
2022-02-18,sh.600519,1877.63,1907.98,1865.66,1907.0,1938549,3670339742.13
2022-02-21,sh.600519,1900.0,1906.9,1868.95,1876.99,2081573,3920377358.24
2022-02-22,sh.600519,1860.01,1861.0,1800.02,1807.87,5229881,9473992638.0
2022-02-23,sh.600519,1811.41,1834.0,1800.08,1827.01,2811161,5118197819.78
2022-02-24,sh.600519,1808.0,1813.99,1748.1,1764.11,6535925,11578557074.65
2022-02-25,sh.600519,1775.0,1808.28,1775.0,1799.06,3897913,6999524161.07
2022-02-28,sh.600519,1787.06,1797.0,1767.0,1790.4,2892303,5158148352.0
2022-03-01,sh.600519,1802.0,1863.57,1802.0,1858.48,4737930,8721229312.0
2022-03-02,sh.600519,1840.0,1850.99,1825.0,1844.88,2007448,3690612336.0
2022-03-03,sh.600519,1845.8,1850.25,1794.0,1800.0,3154693,5703580672.0
2022-03-04,sh.600519,1772.0,1792.89,1755.1,1780.5,3104703,5509157632.0
2022-03-07,sh.600519,1760.2,1768.0,1703.8,1707.0,4915581,8487507456.0
2022-03-08,sh.600519,1759.98,1786.66,1732.0,1753.2,5721546,10087484416.0
2022-03-09,sh.600519,1764.1,1805.0,1721.11,1779.18,5643442,10018589952.0
2022-03-10,sh.600519,1808.0,1821.0,1791.0,1794.43,3646178,6587438848.0
2022-03-11,sh.600519,1766.0,1777.0,1718.08,1769.01,4772677,8335618304.0
2022-03-14,sh.600519,1730.0,1750.0,1700.0,1700.0,4900661,8416841984.0
2022-03-15,sh.600519,1650.0,1685.0,1603.0,1603.0,8905587,14567142656.0
2022-03-16,sh.600519,1634.0,1683.9,1593.0,1674.95,7759281,12753010176.0
2022-03-17,sh.600519,1720.0,1755.0,1711.66,1720.15,6835196,11843531776.0
2022-03-18,sh.600519,1718.0,1745.0,1692.28,1707.79,3834868,6564085393.78
2022-03-21,sh.600519,1724.0,1725.65,1695.01,1704.3,2787716,4763083282.92
2022-03-22,sh.600519,1723.88,1723.88,1686.33,1695.0,2105404,3578291198.34
2022-03-23,sh.600519,1705.0,1770.0,1697.0,1752.19,5806739,10096341448.23
2022-03-24,sh.600519,1738.0,1740.0,1717.35,1720.93,2581532,4457504429.6
2022-03-25,sh.600519,1712.0,1734.0,1685.0,1690.0,2970866,5054831352.2
2022-03-28,sh.600519,1625.0,1664.8,1604.0,1660.8,5754164,9392008017.02
2022-03-29,sh.600519,1661.5,1691.5,1661.5,1667.0,2593498,4343365463.71
2022-03-30,sh.600519,1698.0,1730.1,1695.0,1730.1,4243343,7276379090.56
2022-03-31,sh.600519,1720.0,1738.6,1708.8,1719.0,2517386,4338022921.71
2022-04-01,sh.600519,1729.94,1793.0,1721.69,1780.01,4486191,7936957251.77
2022-04-06,sh.600519,1753.0,1788.73,1753.0,1765.0,2781977,4910792426.08
2022-04-07,sh.600519,1758.0,1785.0,1750.1,1765.0,2019571,3568182341.31
2022-04-08,sh.600519,1768.0,1788.7,1766.54,1784.0,2294132,4081618542.86
2022-04-11,sh.600519,1770.0,1770.0,1706.03,1720.0,4386359,7568782591.47
2022-04-12,sh.600519,1729.0,1787.97,1708.0,1782.0,4162956,7284546260.78
2022-04-13,sh.600519,1767.0,1795.0,1751.08,1769.0,3114766,5534915752.96
2022-04-14,sh.600519,1788.0,1835.9,1780.2,1809.0,3764986,6834657201.49
2022-04-15,sh.600519,1802.2,1818.0,1795.89,1805.99,2104113,3800797635.05
2022-04-18,sh.600519,1781.13,1798.0,1768.0,1790.82,1979315,3525102976.54
2022-04-19,sh.600519,1800.0,1832.99,1775.5,1790.3,2420476,4359851980.1
2022-04-20,sh.600519,1801.69,1820.0,1768.68,1797.0,2415572,4342043328.48
2022-04-21,sh.600519,1790.2,1806.0,1770.0,1779.98,2895261,5160788004.08
2022-04-22,sh.600519,1763.0,1787.88,1760.18,1773.0,2789975,4955360846.23
2022-04-25,sh.600519,1750.0,1776.5,1702.0,1708.0,5365802,9352986851.61
2022-04-26,sh.600519,1703.33,1748.98,1700.0,1732.48,4456396,7692845225.54
2022-04-27,sh.600519,1767.12,1810.0,1767.12,1794.92,5740244,10289893014.2
2022-04-28,sh.600519,1793.0,1845.0,1786.5,1835.0,4401006,8038681950.1
2022-04-29,sh.600519,1836.0,1849.0,1810.98,1828.38,3488527,6384066536.99
2022-05-05,sh.600519,1830.0,1870.0,1828.98,1837.0,3366094,6235017580.16
2022-05-06,sh.600519,1814.99,1819.0,1781.0,1793.0,2859618,5138176680.32
2022-05-09,sh.600519,1780.0,1780.0,1738.0,1752.0,3035182,5324616273.09
2022-05-10,sh.600519,1720.0,1784.96,1705.01,1766.19,4011919,7018451096.9
2022-05-11,sh.600519,1755.0,1788.48,1752.0,1768.0,3031267,5372950032.7
2022-05-12,sh.600519,1753.0,1778.0,1750.0,1762.67,2203823,3888480084.0
2022-05-13,sh.600519,1780.0,1797.94,1766.0,1778.24,2073052,3690141230.79
2022-05-16,sh.600519,1797.0,1797.0,1742.67,1758.0,2776531,4881208652.71
2022-05-17,sh.600519,1769.88,1775.0,1755.0,1768.0,2014474,3557048801.41
2022-05-18,sh.600519,1773.66,1773.92,1743.02,1761.0,2485044,4362486906.87
2022-05-19,sh.600519,1745.0,1757.0,1739.0,1756.0,1977626,3459059182.46
2022-05-20,sh.600519,1759.99,1801.15,1752.0,1800.01,4194960,7493460271.98
2022-05-23,sh.600519,1800.0,1803.89,1772.0,1781.0,2215713,3950856593.62
2022-05-24,sh.600519,1786.0,1787.0,1755.5,1760.0,2734222,4824599922.43
2022-05-25,sh.600519,1765.27,1772.0,1747.0,1755.51,2238869,3929477101.94
2022-05-26,sh.600519,1761.0,1761.0,1730.0,1742.8,2805344,4888109192.13
2022-05-27,sh.600519,1759.99,1780.0,1753.01,1755.16,2511958,4436904895.65
2022-05-30,sh.600519,1766.0,1790.55,1766.0,1778.41,3446569,6135631304.04
2022-05-31,sh.600519,1774.77,1814.9,1766.98,1804.03,4075082,7329201058.43
2022-06-01,sh.600519,1802.0,1814.78,1779.0,1788.25,2176001,3897858998.89
2022-06-02,sh.600519,1787.97,1795.8,1780.0,1786.0,1691473,3019718031.75
2022-06-06,sh.600519,1790.0,1795.0,1758.0,1788.0,3674126,6535329351.79
2022-06-07,sh.600519,1784.14,1825.0,1770.31,1817.9,3504859,6356031009.17
2022-06-08,sh.600519,1825.0,1882.0,1825.0,1865.6,4435381,8236953845.7
2022-06-09,sh.600519,1872.0,1888.35,1849.0,1853.0,2632902,4897066622.16
2022-06-10,sh.600519,1845.01,1907.0,1835.0,1900.6,4734462,8882462597.88
2022-06-13,sh.600519,1890.0,1892.0,1848.08,1856.0,3675518,6847248995.14
2022-06-14,sh.600519,1834.0,1875.42,1832.0,1871.0,2941623,5467949347.61
2022-06-15,sh.600519,1870.0,1905.0,1862.99,1875.1,3366362,6354869099.95
2022-06-16,sh.600519,1894.59,1907.63,1875.33,1877.0,2688670,5087605390.52
2022-06-17,sh.600519,1878.09,1952.0,1878.09,1951.0,5054161,9749530915.53
2022-06-20,sh.600519,1950.0,1970.0,1930.0,1942.02,3497478,6802792459.37
2022-06-21,sh.600519,1949.0,1966.99,1928.0,1945.74,2371702,4617805127.24
2022-06-22,sh.600519,1955.0,1958.0,1932.0,1936.0,1964665,3813775293.57
2022-06-23,sh.600519,1942.7,1965.04,1940.0,1957.1,2684352,5239860443.01
2022-06-24,sh.600519,1970.0,2020.0,1965.0,2009.01,3963465,7921199792.23
2022-06-27,sh.600519,2019.94,2049.94,2000.3,2010.55,4011517,8124448900.32
2022-06-28,sh.600519,2019.74,2041.0,2001.0,2036.0,2524571,5112298786.55
2022-06-29,sh.600519,2028.0,2042.0,2011.01,2030.0,3036012,6142508407.97
2022-06-30,sh.600519,2000.0,2077.0,1999.99,2045.0,3898243,7984019437.56
2022-07-01,sh.600519,2055.0,2067.77,2015.21,2029.05,2159645,4385555298.57
2022-07-04,sh.600519,2020.01,2024.29,2001.01,2018.0,2507589,5042804258.48
2022-07-05,sh.600519,2025.28,2054.45,2010.0,2033.01,2632940,5345189851.74
2022-07-06,sh.600519,2032.0,2039.0,1986.0,2002.0,3275166,6566374982.4
2022-07-07,sh.600519,2005.0,2009.35,1985.01,1990.0,2093177,4179088240.33
2022-07-08,sh.600519,2005.0,2014.89,1996.16,1999.0,1564389,3134903462.48
2022-07-11,sh.600519,1990.2,1994.77,1950.5,1963.6,2394921,4709248309.87
2022-07-12,sh.600519,1965.0,1972.8,1930.06,1948.41,2344686,4562731380.52
2022-07-13,sh.600519,1945.0,1972.0,1940.67,1958.89,1985377,3893406034.09
2022-07-14,sh.600519,1960.0,1976.8,1941.0,1953.0,2052724,4014985518.47
2022-07-15,sh.600519,1945.11,1999.68,1944.51,1949.5,3341623,6588730698.53
2022-07-18,sh.600519,1952.36,1959.0,1922.0,1951.66,2422072,4701936867.9
2022-07-19,sh.600519,1945.0,1951.65,1926.0,1943.1,2195603,4250852885.95
2022-07-20,sh.600519,1958.75,1970.0,1945.0,1950.1,1870461,3659970960.88
2022-07-21,sh.600519,1943.1,1955.9,1934.51,1939.0,1406137,2735503093.44
2022-07-22,sh.600519,1949.22,1962.0,1935.0,1947.0,2511357,4894378604.9
2022-07-25,sh.600519,1949.51,1952.3,1931.0,1944.65,1691244,3285451347.06
2022-07-26,sh.600519,1952.99,1964.97,1947.02,1950.21,2068510,4041100077.11
2022-07-27,sh.600519,1942.0,1948.0,1917.0,1919.6,2148987,4149807165.61
2022-07-28,sh.600519,1921.1,1938.0,1892.66,1898.0,3486986,6669448409.07
2022-07-29,sh.600519,1895.1,1918.99,1878.1,1898.44,3703236,7028415880.69
2022-08-01,sh.600519,1890.01,1908.0,1881.18,1890.3,2103741,3988198589.91
2022-08-02,sh.600519,1880.0,1887.98,1858.01,1879.98,2822088,5284516567.68
2022-08-03,sh.600519,1889.99,1904.0,1877.0,1885.0,2459842,4642442195.72
2022-08-04,sh.600519,1890.0,1923.1,1880.13,1916.01,3035714,5797110733.0
2022-08-05,sh.600519,1927.8,1935.0,1904.9,1923.96,2008584,3857406327.0
2022-08-08,sh.600519,1915.15,1932.88,1907.51,1911.53,1679901,3220702892.0
2022-08-09,sh.600519,1911.53,1918.99,1905.0,1910.0,1387461,2651800008.0
2022-08-10,sh.600519,1909.98,1918.0,1864.58,1876.0,2792662,5259452686.0
2022-08-11,sh.600519,1886.0,1907.0,1878.01,1906.9,2606149,4940834195.0
2022-08-12,sh.600519,1906.9,1930.0,1900.0,1928.0,2025983,3882570566.0
2022-08-15,sh.600519,1920.46,1939.5,1915.55,1919.89,1932314,3717178491.24
2022-08-16,sh.600519,1923.94,1933.79,1916.0,1917.84,1483584,2854189585.56
2022-08-17,sh.600519,1930.0,1930.0,1895.0,1918.0,1836063,3508295540.77
2022-08-18,sh.600519,1908.0,1913.08,1881.07,1895.5,2316777,4384060205.32
2022-08-19,sh.600519,1898.0,1908.35,1888.0,1895.01,1354417,2572000761.5
2022-08-22,sh.600519,1885.01,1907.0,1881.38,1893.98,1542667,2925285473.06
2022-08-23,sh.600519,1898.6,1898.6,1867.0,1870.01,2375636,4452538978.24
2022-08-24,sh.600519,1869.99,1875.23,1851.0,1854.2,1872761,3486382969.34
2022-08-25,sh.600519,1859.0,1888.0,1854.2,1885.0,2192534,4107597895.13
2022-08-26,sh.600519,1900.0,1912.0,1886.0,1898.0,2314195,4397161134.7
2022-08-29,sh.600519,1883.0,1899.97,1874.0,1878.82,1356962,2555981192.15
2022-08-30,sh.600519,1882.35,1885.0,1854.2,1870.0,1823539,3400091357.62
2022-08-31,sh.600519,1860.1,1925.56,1860.01,1924.0,4469151,8518225336.67
2022-09-01,sh.600519,1912.15,1916.0,1880.89,1880.89,2684508,5088658954.73
2022-09-02,sh.600519,1889.94,1892.96,1866.17,1875.0,1939132,3635162803.58
2022-09-05,sh.600519,1862.64,1869.0,1820.0,1835.0,3682187,6764549172.75
2022-09-06,sh.600519,1835.36,1848.2,1825.0,1845.0,2083004,3832086313.19
2022-09-07,sh.600519,1835.03,1837.66,1811.01,1818.01,2830616,5151537330.29
2022-09-08,sh.600519,1820.0,1832.0,1815.0,1815.0,1659057,3026766447.8
2022-09-09,sh.600519,1825.0,1852.0,1816.0,1844.79,2708986,4991679522.92
2022-09-13,sh.600519,1880.0,1888.38,1858.23,1879.0,2869309,5387987148.04
2022-09-14,sh.600519,1864.01,1880.0,1863.0,1869.0,1604157,3002693246.64
2022-09-15,sh.600519,1870.0,1893.12,1869.96,1880.0,2081021,3917954255.67
2022-09-16,sh.600519,1871.8,1885.6,1855.11,1859.0,2412127,4501527357.24
2022-09-19,sh.600519,1855.0,1888.59,1852.88,1871.64,1858351,3479680770.65
2022-09-20,sh.600519,1869.98,1884.6,1858.55,1878.0,1411630,2645281859.21
2022-09-21,sh.600519,1876.67,1883.0,1848.0,1848.0,2099454,3904096420.83
2022-09-22,sh.600519,1840.0,1841.02,1816.85,1820.81,2270429,4147900996.45
2022-09-23,sh.600519,1820.81,1855.0,1820.81,1834.43,2828769,5191904759.53
2022-09-26,sh.600519,1820.0,1888.0,1819.98,1863.0,3513492,6566771226.62
2022-09-27,sh.600519,1868.86,1897.0,1851.11,1888.0,2882019,5422668135.07
2022-09-28,sh.600519,1880.5,1899.4,1874.01,1883.0,2144597,4042506329.83
2022-09-29,sh.600519,1897.98,1902.18,1871.13,1880.35,2158966,4075515187.39
2022-09-30,sh.600519,1898.62,1901.99,1866.0,1872.5,2128908,4000917950.94
2022-10-10,sh.600519,1890.0,1891.0,1780.2,1786.0,4858413,8865386495.5
2022-10-11,sh.600519,1789.0,1806.0,1760.0,1779.99,3204719,5712249507.43
2022-10-12,sh.600519,1773.66,1779.0,1708.0,1760.0,4819500,8372252823.49
2022-10-13,sh.600519,1720.46,1735.0,1697.0,1699.99,6396927,10919727537.31
2022-10-14,sh.600519,1710.0,1755.0,1701.94,1737.61,4651970,8045032622.51
2022-10-17,sh.600519,1726.0,1727.99,1697.8,1718.5,3354951,5740146639.24
2022-10-18,sh.600519,1725.0,1730.0,1701.0,1705.83,2808277,4800689502.2
2022-10-19,sh.600519,1701.98,1701.98,1648.0,1648.0,6012093,9997656284.46
2022-10-20,sh.600519,1621.0,1668.43,1611.0,1643.5,4277807,7020555512.3
2022-10-21,sh.600519,1640.0,1647.8,1610.0,1624.0,3890740,6317945876.4
2022-10-24,sh.600519,1570.0,1589.0,1488.01,1501.28,13209804,20217576174.45
2022-10-25,sh.600519,1479.42,1515.0,1472.0,1479.75,8136156,12136909034.26
2022-10-26,sh.600519,1488.8,1514.99,1460.0,1464.08,8178083,12120993864.44
2022-10-27,sh.600519,1480.0,1487.98,1383.85,1401.0,10710590,15258551283.15
2022-10-28,sh.600519,1390.77,1406.0,1358.71,1360.0,9314275,12823821843.11
2022-10-31,sh.600519,1350.0,1382.01,1333.0,1350.0,7184665,9758303070.63
2022-11-01,sh.600519,1359.0,1469.4,1359.0,1462.01,11876648,16859775303.5
2022-11-02,sh.600519,1460.0,1506.0,1436.0,1471.96,7977715,11717204099.4
2022-11-03,sh.600519,1443.57,1462.5,1428.1,1439.5,4515970,6509550786.92
2022-11-04,sh.600519,1437.96,1527.77,1437.96,1516.57,8000795,11996968945.34
2022-11-07,sh.600519,1494.05,1518.48,1486.59,1507.11,4269835,6414049133.44
2022-11-08,sh.600519,1508.0,1517.99,1468.96,1484.88,3932491,5842320995.47
2022-11-09,sh.600519,1483.95,1488.88,1450.0,1459.9,3609016,5276777530.39
2022-11-10,sh.600519,1444.0,1485.0,1435.15,1475.0,3771967,5518325849.45
2022-11-11,sh.600519,1528.0,1544.45,1494.98,1528.15,7394715,11252112275.01
2022-11-14,sh.600519,1543.5,1563.53,1528.0,1533.0,5737015,8858049580.56
2022-11-15,sh.600519,1532.0,1598.97,1521.0,1588.0,5631760,8858377894.31
2022-11-16,sh.600519,1581.0,1598.0,1568.0,1585.25,2684776,4250886805.49
2022-11-17,sh.600519,1590.5,1596.3,1552.88,1567.0,3057988,4793001162.45
2022-11-18,sh.600519,1576.0,1584.0,1556.0,1567.13,2360871,3703793426.03
2022-11-21,sh.600519,1541.35,1541.35,1498.53,1519.98,3909600,5917086070.31
2022-11-22,sh.600519,1517.44,1559.74,1516.11,1539.95,2990062,4582790131.01
2022-11-23,sh.600519,1528.0,1557.0,1521.04,1549.0,2217746,3428793051.75
2022-11-24,sh.600519,1559.0,1568.88,1513.98,1519.99,2768738,4241974248.28
2022-11-25,sh.600519,1520.51,1532.0,1510.0,1522.01,1862104,2833988373.47
2022-11-28,sh.600519,1484.78,1515.0,1451.0,1509.88,4772321,7040991068.02
2022-11-29,sh.600519,1569.56,1600.0,1551.0,1599.0,7342013,11587859175.79
2022-11-30,sh.600519,1587.12,1604.0,1585.0,1599.0,3149730,5019450678.42
2022-12-01,sh.600519,1660.0,1680.0,1630.79,1630.8,5135768,8480772923.09
2022-12-02,sh.600519,1635.0,1652.99,1621.2,1633.88,2388390,3910860617.59
2022-12-05,sh.600519,1668.0,1679.0,1649.0,1664.9,3612746,6018521303.79
2022-12-06,sh.600519,1655.0,1726.9,1652.0,1688.0,4414748,7477917193.65
2022-12-07,sh.600519,1677.81,1720.0,1670.03,1684.0,3552626,6012253044.68
2022-12-08,sh.600519,1682.0,1695.0,1665.0,1687.02,1972956,3323420876.55
2022-12-09,sh.600519,1692.0,1730.0,1682.0,1730.0,3921526,6716944492.77
2022-12-12,sh.600519,1715.86,1766.0,1715.0,1739.02,3475517,6063957619.1
2022-12-13,sh.600519,1737.0,1760.69,1730.0,1750.0,2138546,3735089151.74
2022-12-14,sh.600519,1743.0,1780.8,1743.0,1770.87,2909840,5141262368.0
2022-12-15,sh.600519,1805.0,1816.0,1780.0,1786.99,3063444,5497063389.62
2022-12-16,sh.600519,1773.25,1791.0,1743.0,1786.87,3330266,5901587127.54
2022-12-19,sh.600519,1798.8,1798.8,1760.17,1773.0,2498710,4447236355.79
2022-12-20,sh.600519,1765.33,1765.33,1682.45,1715.0,4619840,7944120660.96
2022-12-21,sh.600519,1724.0,1739.0,1717.65,1739.0,2281614,3948926226.82
2022-12-22,sh.600519,1756.7,1783.0,1745.0,1768.0,2317534,4093861570.3
2022-12-23,sh.600519,1752.4,1782.0,1745.0,1771.0,1731921,3063608408.78
2022-12-26,sh.600519,1771.0,1771.0,1735.02,1742.06,2138380,3749121030.39
2022-12-27,sh.600519,1738.0,1747.15,1725.5,1733.0,1790505,3109270166.22
2022-12-28,sh.600519,1745.88,1747.0,1708.01,1733.0,2143790,3699948994.81
2022-12-29,sh.600519,1717.0,1726.99,1701.05,1719.0,2241780,3844499655.3
2022-12-30,sh.600519,1736.0,1752.99,1727.0,1727.0,2533312,4409544296.52
2023-01-03,sh.600519,1731.2,1738.43,1706.01,1730.01,2603380,4487760230.88
2023-01-04,sh.600519,1730.0,1738.7,1716.0,1725.01,2041575,3523582305.68
2023-01-05,sh.600519,1737.0,1801.0,1733.0,1801.0,4794285,8541587088.57
2023-01-06,sh.600519,1806.12,1811.9,1787.0,1803.77,2490375,4480838898.35
2023-01-09,sh.600519,1835.0,1849.98,1807.82,1841.2,3097723,5684181146.57
2023-01-10,sh.600519,1839.06,1864.5,1830.5,1854.45,2273173,4204783734.04
2023-01-11,sh.600519,1856.0,1860.0,1836.84,1844.95,2272031,4201487772.78
2023-01-12,sh.600519,1848.0,1856.0,1833.0,1834.0,1719317,3162637136.11
2023-01-13,sh.600519,1844.18,1888.0,1840.0,1887.0,3193965,5969876222.27
2023-01-16,sh.600519,1886.0,1935.0,1881.0,1912.9,3684826,7059982640.36
2023-01-17,sh.600519,1913.16,1923.0,1895.0,1908.0,2129923,4068321408.74
2023-01-18,sh.600519,1914.0,1925.3,1890.0,1893.0,2106293,4008665437.58
2023-01-19,sh.600519,1892.5,1892.52,1866.0,1880.21,2343889,4401994436.6
2023-01-20,sh.600519,1889.19,1898.25,1858.0,1860.01,2560875,4807356070.5
2023-01-30,sh.600519,1909.0,1909.0,1880.0,1888.0,3592255,6799756571.47
2023-01-31,sh.600519,1896.5,1899.95,1833.07,1845.76,3299068,6128311547.65
2023-02-01,sh.600519,1854.98,1859.0,1811.4,1844.97,3397389,6244678924.61
2023-02-02,sh.600519,1848.38,1859.0,1826.0,1836.11,2975886,5465509509.98
2023-02-03,sh.600519,1820.0,1826.0,1795.68,1818.0,3494490,6324635031.35
2023-02-06,sh.600519,1780.0,1795.0,1760.0,1795.0,4266095,7595739043.71
2023-02-07,sh.600519,1808.08,1808.8,1787.73,1797.0,2432171,4373671735.48
2023-02-08,sh.600519,1800.01,1805.97,1775.0,1784.0,1667577,2980574806.02
2023-02-09,sh.600519,1778.0,1829.75,1775.01,1818.0,2975366,5401399087.97
2023-02-10,sh.600519,1810.1,1818.49,1801.05,1810.0,1798451,3253859316.65
2023-02-13,sh.600519,1810.0,1874.5,1810.0,1856.35,3814670,7058382497.58
2023-02-14,sh.600519,1856.46,1857.4,1835.0,1843.79,1956576,3601769573.56
2023-02-15,sh.600519,1843.78,1855.3,1835.81,1841.0,1817691,3351422210.83
2023-02-16,sh.600519,1841.34,1887.0,1828.0,1861.82,3324595,6196915129.81
2023-02-17,sh.600519,1850.16,1873.0,1820.05,1820.78,2644283,4880328952.31
2023-02-20,sh.600519,1821.0,1878.8,1817.2,1875.0,2966869,5488800056.22
2023-02-21,sh.600519,1874.0,1874.0,1851.0,1867.0,1875052,3491633509.91
2023-02-22,sh.600519,1855.01,1863.9,1831.8,1836.0,2186916,4031016044.67
2023-02-23,sh.600519,1840.0,1848.8,1805.25,1818.0,2188097,3983991207.99
2023-02-24,sh.600519,1810.11,1810.19,1782.18,1788.0,2463461,4415621498.39
2023-02-27,sh.600519,1778.5,1815.0,1775.02,1810.41,2206489,3978128676.14
2023-02-28,sh.600519,1819.0,1822.01,1783.3,1813.74,2395181,4314877096.49
2023-03-01,sh.600519,1813.0,1848.0,1803.23,1838.53,2445810,4475592194.72
2023-03-02,sh.600519,1829.0,1838.99,1821.1,1828.0,1314419,2405292304.3
2023-03-03,sh.600519,1839.77,1841.61,1802.48,1818.04,1619806,2946842659.13
2023-03-06,sh.600519,1818.18,1818.5,1796.77,1807.14,2064586,3730079521.72
2023-03-07,sh.600519,1805.98,1816.6,1788.0,1788.3,2278539,4101302455.87
2023-03-08,sh.600519,1780.02,1785.94,1761.12,1770.42,2276370,4035787172.33
2023-03-09,sh.600519,1768.0,1785.0,1740.0,1770.02,2761150,4881442709.87
2023-03-10,sh.600519,1751.57,1781.0,1750.0,1750.0,2116082,3725139075.37
2023-03-13,sh.600519,1751.0,1775.0,1749.0,1762.0,2056043,3626476291.19
2023-03-14,sh.600519,1763.78,1779.88,1738.5,1766.0,2370492,4177289026.69
2023-03-15,sh.600519,1778.37,1784.88,1750.12,1750.92,1921253,3392698489.5
2023-03-16,sh.600519,1740.0,1770.0,1739.01,1751.99,1764624,3096791141.74
2023-03-17,sh.600519,1770.0,1775.89,1736.0,1742.0,2702291,4744249368.65
2023-03-20,sh.600519,1751.0,1755.0,1728.0,1729.6,2049093,3557872017.41
2023-03-21,sh.600519,1735.0,1785.85,1723.97,1775.0,3114182,5491052283.5
2023-03-22,sh.600519,1780.0,1793.0,1765.55,1773.35,1533026,2727648673.67
2023-03-23,sh.600519,1766.0,1791.11,1765.01,1774.86,1735566,3082821550.73
2023-03-24,sh.600519,1769.08,1783.6,1766.0,1778.62,1276996,2269649178.71
2023-03-27,sh.600519,1778.6,1778.6,1756.0,1767.79,1529555,2700755932.7
2023-03-28,sh.600519,1770.0,1790.0,1765.02,1781.8,1726135,3073113077.26
2023-03-29,sh.600519,1799.0,1800.0,1785.07,1790.0,1539299,2761909332.83
2023-03-30,sh.600519,1793.0,1805.0,1779.0,1800.0,1925701,3453573052.06
2023-03-31,sh.600519,1825.0,1848.0,1819.0,1820.0,2744633,5024790356.05
2023-04-03,sh.600519,1825.0,1827.77,1800.08,1802.07,2141743,3875811672.66
2023-04-04,sh.600519,1812.0,1815.17,1787.0,1814.59,2006626,3614275263.46
2023-04-06,sh.600519,1805.0,1815.9,1788.22,1796.96,1487422,2676251955.72
2023-04-07,sh.600519,1795.0,1806.01,1788.34,1790.99,1352468,2428160574.15
2023-04-10,sh.600519,1790.88,1790.88,1744.0,1771.7,2941822,5171150567.29
2023-04-11,sh.600519,1793.0,1793.0,1744.0,1745.5,2920919,5138854627.36
2023-04-12,sh.600519,1747.26,1750.0,1692.82,1694.1,5110492,8732657375.75
2023-04-13,sh.600519,1690.0,1723.59,1684.01,1723.0,2954268,5049310126.13
2023-04-14,sh.600519,1726.0,1733.0,1704.8,1713.42,2123162,3646526766.48
2023-04-17,sh.600519,1740.0,1753.0,1728.0,1753.0,3046723,5303401394.55
2023-04-18,sh.600519,1753.0,1769.0,1746.02,1758.0,1831389,3220107647.21
2023-04-19,sh.600519,1762.0,1765.5,1750.0,1759.0,1460056,2568632844.69
2023-04-20,sh.600519,1760.11,1765.0,1729.0,1741.88,1988537,3468366834.79
2023-04-21,sh.600519,1746.0,1748.08,1721.28,1725.47,1851787,3210937221.62
2023-04-24,sh.600519,1721.0,1722.0,1701.0,1705.0,2023091,3456728717.89
2023-04-25,sh.600519,1706.0,1735.98,1702.0,1730.38,2058251,3534989916.76
2023-04-26,sh.600519,1744.0,1761.0,1720.0,1743.91,2789160,4861477657.17
2023-04-27,sh.600519,1748.0,1770.0,1730.0,1757.92,2560504,4489906863.57
2023-04-28,sh.600519,1763.01,1782.77,1753.97,1760.52,2622464,4636084177.09
2023-05-04,sh.600519,1769.0,1777.67,1736.0,1749.9,2746642,4818999650.48
2023-05-05,sh.600519,1766.0,1766.0,1736.39,1750.0,2071421,3621305973.01
2023-05-08,sh.600519,1768.32,1769.0,1717.17,1720.52,3317126,5742915994.0
2023-05-09,sh.600519,1715.0,1739.98,1707.07,1722.0,2937796,5057346564.02
2023-05-10,sh.600519,1715.19,1736.0,1715.0,1725.0,2077260,3588550877.49
2023-05-11,sh.600519,1731.0,1735.0,1715.0,1717.07,1524612,2623835905.18
2023-05-12,sh.600519,1715.0,1729.88,1705.01,1706.4,1946045,3335038590.38
2023-05-15,sh.600519,1702.0,1717.0,1691.2,1716.3,2574018,4384647977.05
2023-05-16,sh.600519,1713.99,1719.99,1697.0,1703.29,2222377,3785811907.34
2023-05-17,sh.600519,1708.0,1713.0,1699.01,1701.0,1677691,2858697941.93
2023-05-18,sh.600519,1704.99,1705.4,1690.0,1691.0,1921928,3260170684.33
2023-05-19,sh.600519,1671.0,1704.33,1655.55,1699.5,2674116,4504022548.88
2023-05-22,sh.600519,1690.01,1752.0,1690.0,1746.0,4128432,7165754128.68
2023-05-23,sh.600519,1753.99,1754.0,1724.55,1724.55,1689421,2934118393.78
2023-05-24,sh.600519,1732.33,1733.55,1710.11,1710.9,1847927,3182416490.69
2023-05-25,sh.600519,1705.99,1710.0,1690.0,1701.0,2246560,3814504092.83
2023-05-26,sh.600519,1702.0,1705.0,1675.01,1690.56,1829110,3090691545.84
2023-05-29,sh.600519,1697.0,1698.35,1678.0,1689.0,1777141,2998147158.83
2023-05-30,sh.600519,1689.0,1698.89,1658.56,1668.29,2645340,4424706687.63
2023-05-31,sh.600519,1661.01,1665.72,1626.67,1628.9,3695697,6053737281.28
2023-06-01,sh.600519,1618.0,1674.99,1618.0,1635.92,2864525,4708722933.17
2023-06-02,sh.600519,1645.0,1673.15,1636.11,1670.6,2505802,4163116244.45
2023-06-05,sh.600519,1666.16,1682.88,1663.0,1665.0,1620050,2704294313.25
2023-06-06,sh.600519,1670.0,1684.0,1651.55,1666.99,1991392,3326778182.83
2023-06-07,sh.600519,1672.99,1678.8,1650.0,1650.9,1788964,2971782063.87
2023-06-08,sh.600519,1655.83,1675.0,1650.01,1668.0,1470272,2441569676.58
2023-06-09,sh.600519,1671.99,1677.97,1666.0,1666.0,1758041,2938014322.09
2023-06-12,sh.600519,1666.02,1708.0,1661.52,1696.0,2702944,4562308598.85
2023-06-13,sh.600519,1693.88,1704.61,1685.0,1699.0,1466254,2485398902.44
2023-06-14,sh.600519,1719.0,1734.24,1706.21,1726.88,3150580,5438040355.85
2023-06-15,sh.600519,1730.34,1755.65,1723.0,1755.0,2522257,4395900801.51
2023-06-16,sh.600519,1757.0,1800.0,1750.1,1797.69,3791789,6742301360.96
2023-06-19,sh.600519,1790.0,1797.95,1738.0,1744.0,3169992,5584248724.93
2023-06-20,sh.600519,1740.0,1765.0,1735.0,1743.46,2094674,3659824529.03
2023-06-21,sh.600519,1740.0,1756.6,1735.0,1735.83,1772061,3088635933.98
2023-06-26,sh.600519,1720.11,1730.0,1695.0,1709.0,2399268,4098619509.84
2023-06-27,sh.600519,1709.99,1719.7,1700.09,1711.05,1517446,2598138743.78
2023-06-28,sh.600519,1713.18,1734.0,1711.0,1728.38,1857356,3199294221.21
2023-06-29,sh.600519,1731.0,1734.99,1713.01,1713.71,1423116,2446524133.52
2023-06-30,sh.600519,1700.0,1708.99,1686.48,1691.0,2045869,3472586730.49
2023-07-03,sh.600519,1699.0,1725.28,1692.0,1724.1,1913909,3286737792.28
2023-07-04,sh.600519,1724.2,1734.44,1718.08,1730.6,1247238,2155553634.66
2023-07-05,sh.600519,1730.0,1731.97,1700.0,1715.38,1474539,2523960724.51
2023-07-06,sh.600519,1709.16,1733.0,1700.0,1702.98,1514062,2589459002.05
2023-07-07,sh.600519,1701.0,1708.99,1690.0,1690.03,1516742,2571458552.96
2023-07-10,sh.600519,1705.0,1714.96,1700.0,1700.9,1347741,2298241728.03
2023-07-11,sh.600519,1710.0,1715.17,1702.1,1710.0,1258270,2151079269.91
2023-07-12,sh.600519,1713.04,1723.0,1711.33,1713.8,1328467,2280785350.62
2023-07-13,sh.600519,1721.99,1745.41,1719.01,1738.4,2580654,4479772500.36
2023-07-14,sh.600519,1756.0,1758.5,1741.2,1753.0,1855030,3245530255.33
2023-07-17,sh.600519,1751.0,1751.0,1726.6,1729.97,1433648,2482069845.85
2023-07-18,sh.600519,1733.58,1734.51,1721.0,1722.8,1473765,2544005062.88
2023-07-19,sh.600519,1715.01,1728.0,1713.8,1723.0,1248322,2147704434.69
2023-07-20,sh.600519,1727.99,1748.98,1722.0,1724.0,1669265,2897176490.41
2023-07-21,sh.600519,1731.88,1772.5,1726.0,1771.3,3937740,6931535725.83
2023-07-24,sh.600519,1750.52,1771.15,1750.52,1771.15,1971337,3476648177.44
2023-07-25,sh.600519,1800.0,1828.88,1799.99,1828.55,4308646,7837450018.66
2023-07-26,sh.600519,1828.55,1835.99,1815.08,1828.55,1961145,3580171484.29
2023-07-27,sh.600519,1836.0,1854.79,1828.7,1838.03,2034043,3749635290.09
2023-07-28,sh.600519,1832.0,1900.0,1828.01,1897.0,3901792,7330314112.24
2023-07-31,sh.600519,1908.0,1935.0,1874.0,1880.58,4537861,8615279839.34
2023-08-01,sh.600519,1878.01,1906.95,1877.89,1889.0,1923062,3635857283.15
2023-08-02,sh.600519,1883.4,1890.0,1866.8,1880.0,1850872,3478674238.72
2023-08-03,sh.600519,1870.0,1890.0,1850.5,1878.47,2154347,4031087705.21
2023-08-04,sh.600519,1887.82,1906.52,1882.0,1893.47,2457364,4655813751.33
2023-08-07,sh.600519,1880.95,1898.0,1871.03,1887.93,2389245,4491893139.83
2023-08-08,sh.600519,1880.03,1893.71,1864.08,1890.0,1773618,3333559504.87
2023-08-09,sh.600519,1890.0,1905.0,1882.96,1890.28,1852346,3506306394.31
2023-08-10,sh.600519,1882.0,1889.0,1862.3,1875.0,1843619,3454219139.54
2023-08-11,sh.600519,1885.0,1885.4,1833.88,1834.0,2678649,4959166750.57
2023-08-14,sh.600519,1810.0,1824.98,1796.0,1803.0,2373119,4285362052.52
2023-08-15,sh.600519,1809.0,1818.0,1801.01,1812.98,1481799,2682125118.69
2023-08-16,sh.600519,1807.58,1823.35,1806.0,1820.0,1318431,2396261790.64
2023-08-17,sh.600519,1806.08,1834.0,1801.55,1828.05,1729037,3141408018.07
2023-08-18,sh.600519,1831.99,1834.99,1802.59,1802.59,1702334,3084761576.77
2023-08-21,sh.600519,1793.0,1813.99,1790.07,1791.0,1891181,3405415644.52
2023-08-22,sh.600519,1800.99,1802.56,1771.02,1788.0,2665036,4763131152.45
2023-08-23,sh.600519,1797.0,1800.0,1770.08,1774.0,1991222,3556178583.82
2023-08-24,sh.600519,1779.62,1828.0,1775.0,1816.3,2605509,4703417599.85
2023-08-25,sh.600519,1808.79,1837.77,1806.01,1824.98,1883086,3433296756.29
2023-08-28,sh.600519,1898.58,1898.58,1831.88,1834.97,4105213,7633221011.5
2023-08-29,sh.600519,1828.0,1869.08,1828.0,1851.33,2895028,5371260173.33
2023-08-30,sh.600519,1867.9,1868.0,1843.66,1856.0,1981181,3672570259.68
2023-08-31,sh.600519,1860.0,1860.0,1841.01,1847.0,1482022,2738445519.09
2023-09-01,sh.600519,1852.83,1865.47,1846.03,1851.05,1314519,2438622738.38
2023-09-04,sh.600519,1862.6,1879.94,1853.53,1866.0,2387100,4453823216.38
2023-09-05,sh.600519,1868.0,1868.0,1856.8,1858.7,1565874,2915625960.96
2023-09-06,sh.600519,1858.0,1866.66,1849.01,1861.0,1112143,2067605990.0
2023-09-07,sh.600519,1852.6,1856.89,1831.19,1838.0,1698157,3128587115.72
2023-09-08,sh.600519,1834.94,1834.94,1814.95,1818.5,1221178,2224338143.85
2023-09-11,sh.600519,1808.0,1840.0,1808.0,1822.17,1592600,2902617736.37
2023-09-12,sh.600519,1826.6,1826.98,1816.02,1819.96,1216801,2214514112.22
2023-09-13,sh.600519,1829.92,1829.92,1800.05,1819.91,1950143,3540583633.36
2023-09-14,sh.600519,1822.53,1826.98,1806.0,1818.69,1750459,3180447848.44
2023-09-15,sh.600519,1819.0,1819.78,1781.3,1781.99,2843146,5105749077.09
2023-09-18,sh.600519,1776.31,1829.5,1773.0,1829.2,3255892,5905120999.66
2023-09-19,sh.600519,1822.2,1829.0,1808.0,1826.94,1498950,2727858952.95
2023-09-20,sh.600519,1822.0,1830.0,1818.05,1824.0,1250178,2281583949.35
2023-09-21,sh.600519,1818.01,1822.0,1798.39,1798.39,1948919,3521486754.52
2023-09-22,sh.600519,1805.63,1849.96,1792.41,1849.0,3439046,6287832574.83
2023-09-25,sh.600519,1847.5,1848.0,1826.59,1832.38,1397913,2565773541.04
2023-09-26,sh.600519,1828.0,1834.88,1813.1,1816.0,1576196,2870852363.47
2023-09-27,sh.600519,1815.0,1833.5,1802.8,1814.0,2087994,3791876118.5
2023-09-28,sh.600519,1824.98,1824.98,1797.8,1798.55,2053784,3704812959.84
2023-10-09,sh.600519,1796.94,1796.94,1764.9,1777.0,2976268,5279950405.97
2023-10-10,sh.600519,1782.89,1798.98,1768.0,1770.0,2028392,3615557182.23
2023-10-11,sh.600519,1784.65,1784.65,1768.0,1778.5,2194486,3896568648.26
2023-10-12,sh.600519,1797.9,1798.23,1777.2,1786.0,1486507,2657095942.16
2023-10-13,sh.600519,1770.88,1778.01,1738.19,1751.0,2502788,4387687934.1
2023-10-16,sh.600519,1750.98,1756.0,1722.45,1729.9,2078965,3603604610.39
2023-10-17,sh.600519,1739.0,1739.44,1716.0,1726.0,1494523,2577312288.01
2023-10-18,sh.600519,1718.8,1742.0,1717.18,1728.0,2031750,3511987514.2
2023-10-19,sh.600519,1700.0,1700.03,1626.03,1630.0,7349237,12146921769.34
2023-10-20,sh.600519,1630.0,1655.0,1616.25,1645.0,4537601,7421390806.38
2023-10-23,sh.600519,1629.97,1660.0,1621.6,1643.98,2523423,4138279588.35
2023-10-24,sh.600519,1648.0,1653.36,1621.21,1642.95,2986146,4894807616.68
2023-10-25,sh.600519,1670.11,1698.0,1667.02,1677.5,3617898,6075417064.21
2023-10-26,sh.600519,1667.0,1688.0,1662.01,1672.23,2238635,3741418873.67
2023-10-27,sh.600519,1664.0,1691.88,1660.6,1676.71,3426239,5754795486.11
2023-10-30,sh.600519,1669.0,1688.88,1669.0,1681.0,2408642,4050573178.4
2023-10-31,sh.600519,1680.0,1690.0,1667.85,1684.58,1985877,3335804698.65
2023-11-01,sh.600519,1850.0,1850.0,1773.79,1780.99,9314308,16747292689.4
2023-11-02,sh.600519,1795.0,1795.0,1776.06,1779.5,2790764,4982090752.58
2023-11-03,sh.600519,1780.0,1814.89,1774.0,1811.24,3017600,5433116880.72
2023-11-06,sh.600519,1820.0,1823.79,1801.12,1812.0,2552392,4624102375.09
2023-11-07,sh.600519,1805.0,1810.0,1784.08,1791.17,1958159,3511590028.41
2023-11-08,sh.600519,1784.05,1803.8,1782.87,1798.34,1454567,2610041958.5
2023-11-09,sh.600519,1790.11,1799.0,1783.0,1794.11,1280048,2291996819.28
2023-11-10,sh.600519,1780.55,1788.0,1773.1,1775.84,1646557,2928380667.66
2023-11-13,sh.600519,1772.28,1784.88,1756.98,1764.0,1836995,3244573620.57
2023-11-14,sh.600519,1764.0,1774.99,1760.01,1765.27,1281675,2263963956.58
2023-11-15,sh.600519,1779.0,1782.89,1767.0,1772.93,1843486,3271230274.52
2023-11-16,sh.600519,1774.0,1776.0,1760.05,1760.05,1255757,2215937272.64
2023-11-17,sh.600519,1752.0,1759.0,1737.9,1753.42,2171363,3793781119.24
2023-11-20,sh.600519,1755.0,1769.5,1736.66,1762.5,1860804,3265514009.96
2023-11-21,sh.600519,1783.42,1798.0,1770.1,1790.0,3009845,5383107809.55
2023-11-22,sh.600519,1783.3,1794.35,1780.54,1781.51,1266457,2263460167.15
2023-11-23,sh.600519,1778.3,1788.0,1771.0,1786.0,1154964,2055272192.8
2023-11-24,sh.600519,1789.0,1789.0,1775.0,1777.0,1308540,2329345658.1
2023-11-27,sh.600519,1773.3,1773.3,1755.0,1763.0,1626074,2865075216.81
2023-11-28,sh.600519,1761.0,1773.88,1758.0,1769.04,1451976,2562905659.33
2023-11-29,sh.600519,1768.0,1776.0,1758.0,1774.71,1714933,3034175613.94
2023-11-30,sh.600519,1776.72,1794.76,1771.08,1791.5,2135342,3817513544.95
2023-12-01,sh.600519,1789.31,1789.7,1748.0,1760.28,3305131,5830850111.12
2023-12-04,sh.600519,1760.28,1761.83,1745.28,1750.71,1844047,3233102118.37
2023-12-05,sh.600519,1748.78,1748.88,1708.02,1709.0,2990301,5168983316.9
2023-12-06,sh.600519,1702.63,1719.47,1701.13,1703.0,2385129,4078003021.8
2023-12-07,sh.600519,1704.0,1709.08,1687.3,1700.0,2504150,4249170905.94
2023-12-08,sh.600519,1700.0,1708.84,1692.22,1704.92,2628801,4474160126.29
2023-12-11,sh.600519,1690.0,1704.0,1657.0,1698.0,3683098,6172810248.13
2023-12-12,sh.600519,1687.6,1709.99,1684.0,1709.99,2101066,3564305866.14
2023-12-13,sh.600519,1705.22,1705.72,1657.08,1660.0,3878870,6480807499.57
2023-12-14,sh.600519,1665.96,1669.87,1635.02,1635.9,4067215,6703240106.62
2023-12-15,sh.600519,1648.23,1677.77,1644.01,1645.0,3709251,6140791726.45
2023-12-18,sh.600519,1640.0,1663.33,1635.0,1662.0,1989734,3292194756.9
2023-12-19,sh.600519,1665.0,1679.87,1645.09,1675.0,2220676,3706057587.17
2023-12-20,sh.600519,1658.0,1660.0,1643.0,1649.79,2309203,3816133219.46
2023-12-21,sh.600519,1640.01,1672.32,1640.01,1670.0,2901168,4827827888.44
2023-12-22,sh.600519,1669.7,1679.1,1658.01,1670.65,2166684,3613238325.14
2023-12-25,sh.600519,1671.0,1678.6,1668.0,1672.0,1247106,2086014389.78
2023-12-26,sh.600519,1672.5,1674.9,1657.5,1670.0,1477126,2457177339.1
2023-12-27,sh.600519,1668.0,1677.15,1661.0,1667.06,1605550,2679221364.52
2023-12-28,sh.600519,1670.99,1727.99,1667.06,1724.99,3833806,6537401379.77
2023-12-29,sh.600519,1720.0,1749.58,1720.0,1726.0,2753868,4768857531.46
2024-01-02,sh.600519,1715.0,1718.19,1678.1,1685.01,3215644,5440082548.08
2024-01-03,sh.600519,1681.11,1695.22,1676.33,1694.0,2022929,3411400667.33
2024-01-04,sh.600519,1693.0,1693.0,1662.93,1669.0,2155107,3603970147.13
2024-01-05,sh.600519,1661.33,1678.66,1652.11,1663.36,2024286,3373155626.7
2024-01-08,sh.600519,1661.0,1662.0,1640.01,1643.99,2558620,4211918629.14
2024-01-09,sh.600519,1641.01,1652.32,1635.07,1641.0,2441204,4009826495.98
2024-01-10,sh.600519,1641.1,1659.46,1638.0,1641.5,1735067,2856120717.95
2024-01-11,sh.600519,1640.1,1657.94,1638.06,1646.57,1644055,2708764500.37
2024-01-12,sh.600519,1639.97,1651.26,1639.4,1643.06,1160324,1908084612.39
2024-01-15,sh.600519,1635.0,1654.97,1634.45,1640.0,1785403,2931202342.59
2024-01-16,sh.600519,1638.5,1647.0,1624.94,1639.43,2590314,4236042959.79
2024-01-17,sh.600519,1630.0,1635.48,1577.0,1577.0,5163276,8251735591.39
2024-01-18,sh.600519,1574.0,1612.8,1555.55,1610.87,6043981,9566349513.74
2024-01-19,sh.600519,1608.87,1638.01,1600.88,1635.0,4637843,7550144389.15
2024-01-22,sh.600519,1629.0,1643.0,1618.88,1642.0,4694589,7678297835.81
2024-01-23,sh.600519,1632.01,1639.95,1609.0,1619.0,3483490,5659457114.74
2024-01-24,sh.600519,1629.0,1633.84,1603.56,1626.0,3321635,5373603703.01
2024-01-25,sh.600519,1626.82,1641.0,1622.0,1638.0,3120580,5094508164.92
2024-01-26,sh.600519,1630.36,1644.1,1623.0,1637.32,2695475,4402111882.29
2024-01-29,sh.600519,1640.3,1660.58,1640.29,1650.0,3142068,5189014946.07
2024-01-30,sh.600519,1649.98,1649.98,1610.0,1613.0,3086633,5010784454.24
2024-01-31,sh.600519,1613.0,1619.97,1598.13,1604.91,2964912,4770104890.59
2024-02-01,sh.600519,1605.5,1623.89,1601.0,1610.03,2648515,4272298575.76
2024-02-02,sh.600519,1615.0,1627.78,1581.0,1596.0,3938202,6336691193.66
2024-02-05,sh.600519,1596.0,1637.44,1595.25,1630.01,5313036,8590683070.98
2024-02-06,sh.600519,1630.01,1685.48,1626.1,1676.0,5247204,8740646588.38
2024-02-07,sh.600519,1681.03,1714.59,1661.61,1710.99,5260107,8899606866.71
2024-02-08,sh.600519,1720.01,1725.0,1685.0,1706.0,4675654,7953438044.01
2024-02-19,sh.600519,1737.87,1737.93,1688.0,1695.43,3697744,6288277979.62
2024-02-20,sh.600519,1697.36,1697.36,1656.56,1670.0,3447007,5755266893.46
2024-02-21,sh.600519,1666.02,1731.0,1662.0,1717.66,4615407,7868784081.7
2024-02-22,sh.600519,1707.5,1723.01,1700.53,1718.38,2279361,3905984694.84
2024-02-23,sh.600519,1711.11,1724.38,1700.02,1714.09,2730589,4670706949.89
2024-02-26,sh.600519,1708.0,1708.74,1685.02,1694.98,2731832,4625594409.39
2024-02-27,sh.600519,1683.0,1692.92,1678.0,1689.5,2207985,3718478357.63
2024-02-28,sh.600519,1688.92,1696.57,1674.01,1681.55,3186731,5371312846.96
2024-02-29,sh.600519,1681.55,1696.5,1679.2,1695.0,2475833,4184917973.12
2024-03-01,sh.600519,1690.0,1694.97,1676.68,1685.06,2686796,4526845398.15
2024-03-04,sh.600519,1679.0,1680.99,1670.05,1676.3,2648477,4434401015.25
2024-03-05,sh.600519,1670.81,1697.0,1666.68,1695.1,3623837,6102136582.12
2024-03-06,sh.600519,1691.0,1695.0,1678.02,1680.55,2214248,3725582802.23
2024-03-07,sh.600519,1680.0,1689.8,1678.0,1683.63,2159912,3633934773.86
2024-03-08,sh.600519,1680.56,1686.68,1670.05,1671.43,2215623,3710678521.73
2024-03-11,sh.600519,1675.0,1698.88,1673.18,1694.49,2989509,5048394347.37
2024-03-12,sh.600519,1693.94,1749.1,1690.5,1745.0,5422654,9393309052.2
2024-03-13,sh.600519,1739.97,1748.0,1720.1,1727.45,2649954,4588879420.47
2024-03-14,sh.600519,1719.0,1734.84,1711.5,1716.63,1940479,3338768307.9
2024-03-15,sh.600519,1712.5,1732.4,1712.0,1717.49,1783358,3066692399.05
2024-03-18,sh.600519,1715.0,1719.85,1699.0,1708.26,2605501,4446059129.61
2024-03-19,sh.600519,1703.0,1719.94,1693.11,1708.02,2394753,4093701260.68
2024-03-20,sh.600519,1703.36,1713.68,1700.23,1709.6,1524925,2604543856.37
2024-03-21,sh.600519,1708.1,1719.0,1704.5,1709.0,1659597,2839332631.35
2024-03-22,sh.600519,1705.03,1708.99,1688.0,1701.35,2545614,4318592818.22
2024-03-25,sh.600519,1698.54,1698.77,1680.58,1689.01,2447285,4131446236.95
2024-03-26,sh.600519,1687.46,1712.8,1687.46,1709.29,2806907,4782899074.34
2024-03-27,sh.600519,1705.0,1712.0,1699.0,1701.0,1811258,3087792980.39
2024-03-28,sh.600519,1695.0,1718.0,1693.2,1701.64,2464218,4201857059.18
2024-03-29,sh.600519,1701.64,1710.99,1698.1,1702.9,1345655,2290584417.12
2024-04-01,sh.600519,1709.99,1734.0,1708.7,1721.33,2713137,4679371034.95
2024-04-02,sh.600519,1722.0,1724.99,1705.05,1713.99,2544925,4360973684.11
2024-04-03,sh.600519,1734.0,1739.44,1710.02,1715.11,2904580,5002390041.83
2024-04-08,sh.600519,1695.0,1696.0,1662.6,1666.66,5916659,9907355766.28
2024-04-09,sh.600519,1660.67,1673.0,1658.45,1662.22,2558982,4256226332.6
2024-04-10,sh.600519,1662.27,1664.99,1645.0,1647.98,2763050,4562853879.72
2024-04-11,sh.600519,1640.11,1650.0,1634.69,1648.0,2276624,3736417594.65
2024-04-12,sh.600519,1651.0,1664.0,1634.03,1634.03,2674433,4403968129.45
2024-04-15,sh.600519,1635.01,1675.61,1634.98,1672.98,3581771,5960815531.8
2024-04-16,sh.600519,1665.49,1679.56,1659.0,1670.0,2626623,4382796962.26
2024-04-17,sh.600519,1668.0,1675.2,1658.0,1667.0,2481911,4130322017.81
2024-04-18,sh.600519,1659.01,1682.98,1658.18,1670.78,2656841,4445487745.15
2024-04-19,sh.600519,1660.78,1668.5,1641.28,1646.64,2349992,3879233241.82
2024-04-22,sh.600519,1654.0,1678.88,1645.0,1675.06,2995139,5001684634.65
2024-04-23,sh.600519,1675.0,1695.0,1675.0,1692.28,2497995,4217855278.96
2024-04-24,sh.600519,1696.98,1699.91,1683.33,1693.6,1708643,2893555635.0
2024-04-25,sh.600519,1690.33,1695.6,1682.25,1693.04,1447648,2447183878.84
2024-04-26,sh.600519,1694.0,1714.0,1693.98,1709.43,3099592,5290248521.35
2024-04-29,sh.600519,1696.95,1728.0,1693.82,1704.0,4133223,7072096590.12
2024-04-30,sh.600519,1705.01,1729.88,1705.0,1705.0,3075989,5273902374.34
2024-05-06,sh.600519,1733.97,1765.0,1727.0,1760.2,5990949,10504351711.51
2024-05-07,sh.600519,1765.79,1777.8,1756.68,1770.0,2492452,4413196426.02
2024-05-08,sh.600519,1769.69,1769.97,1755.67,1763.97,1476909,2603293863.23
2024-05-09,sh.600519,1758.0,1764.98,1750.0,1756.0,2238734,3929804849.36
2024-05-10,sh.600519,1761.1,1767.88,1733.99,1738.98,2620661,4571398242.25
2024-05-13,sh.600519,1732.02,1732.66,1701.22,1706.0,3766212,6435415673.6
2024-05-14,sh.600519,1705.99,1713.27,1700.01,1701.98,2127417,3623282672.07
2024-05-15,sh.600519,1702.58,1708.0,1698.59,1700.0,1573876,2677203002.27
2024-05-16,sh.600519,1705.0,1709.88,1690.0,1704.5,2967954,5048754768.56
2024-05-17,sh.600519,1700.01,1716.58,1700.0,1715.0,2892388,4936920634.17
2024-05-20,sh.600519,1717.99,1732.99,1708.11,1709.0,3142572,5401389334.87
2024-05-21,sh.600519,1708.0,1709.73,1698.16,1705.0,1629339,2776847499.0
2024-05-22,sh.600519,1703.0,1709.96,1691.0,1697.71,2028568,3443977766.96
2024-05-23,sh.600519,1700.0,1706.38,1690.08,1692.01,1888497,3199923320.08
2024-05-24,sh.600519,1693.0,1695.0,1677.0,1677.08,2021663,3401323914.95
2024-05-27,sh.600519,1678.0,1687.45,1668.01,1670.12,2509791,4199001866.34
2024-05-28,sh.600519,1670.4,1675.17,1663.0,1664.64,2352087,3923020375.14
2024-05-29,sh.600519,1666.0,1680.0,1665.0,1674.0,1965128,3289173344.7
2024-05-30,sh.600519,1675.0,1675.38,1649.0,1649.0,3220792,5333306808.36
2024-05-31,sh.600519,1650.5,1663.5,1648.45,1648.45,2185665,3617654788.02
2024-06-03,sh.600519,1650.0,1650.92,1635.11,1639.39,3026105,4966041477.44
2024-06-04,sh.600519,1640.5,1656.0,1636.55,1653.2,2084108,3432497302.98
2024-06-05,sh.600519,1652.0,1658.68,1643.03,1644.0,1905557,3140824328.04
2024-06-06,sh.600519,1643.66,1651.99,1635.91,1639.81,2561005,4205700983.23
2024-06-07,sh.600519,1646.13,1646.18,1619.01,1619.18,3352455,5453120695.46
2024-06-11,sh.600519,1602.99,1605.0,1567.0,1569.0,7024676,11090577610.06
2024-06-12,sh.600519,1570.0,1590.0,1570.0,1571.68,3317050,5230086503.44
2024-06-13,sh.600519,1576.77,1576.89,1553.15,1555.01,3618597,5654938942.06
2024-06-14,sh.600519,1555.0,1563.96,1520.46,1555.0,5951416,9177637168.06
2024-06-17,sh.600519,1532.29,1548.77,1511.01,1541.5,4831816,7400883242.87
2024-06-18,sh.600519,1530.89,1554.54,1516.68,1521.5,4125825,6317590942.71
2024-06-19,sh.600519,1497.99,1504.0,1482.1,1501.0,4126153,6167728415.75
2024-06-20,sh.600519,1500.0,1516.01,1498.0,1500.1,2471068,3715924984.07
2024-06-21,sh.600519,1500.5,1504.98,1470.22,1471.0,4331997,6418543742.21
2024-06-24,sh.600519,1423.0,1488.99,1414.01,1476.55,6383993,9319362390.13
2024-06-25,sh.600519,1477.0,1502.99,1477.0,1486.65,4209795,6273919386.3
2024-06-26,sh.600519,1480.0,1501.07,1477.8,1489.22,2956977,4414601922.25
2024-06-27,sh.600519,1492.0,1493.97,1468.0,1490.49,3282178,4857959457.24
2024-06-28,sh.600519,1480.0,1494.49,1464.0,1467.39,3858202,5699649046.86
2024-07-01,sh.600519,1468.88,1472.99,1428.0,1440.38,3216138,4636689118.2
2024-07-02,sh.600519,1433.0,1498.0,1433.0,1490.7,5185298,7659166816.23
2024-07-03,sh.600519,1499.0,1513.01,1488.02,1500.0,3157326,4740808130.08
2024-07-04,sh.600519,1505.0,1512.0,1481.13,1485.74,2437973,3637968895.24
2024-07-05,sh.600519,1479.0,1493.18,1450.0,1453.0,3882938,5664477336.47
2024-07-08,sh.600519,1443.0,1457.77,1419.14,1420.0,3952705,5657951348.41
2024-07-09,sh.600519,1420.0,1454.89,1410.1,1438.03,3362071,4807957927.36
2024-07-10,sh.600519,1439.25,1465.88,1435.0,1437.59,2376322,3436693365.45
2024-07-11,sh.600519,1449.97,1469.0,1440.21,1462.09,2902014,4236960596.17
2024-07-12,sh.600519,1473.01,1486.4,1465.45,1478.82,2338634,3451132647.99
2024-07-15,sh.600519,1470.0,1488.0,1470.0,1474.9,1917626,2835374730.12
2024-07-16,sh.600519,1476.0,1482.0,1465.05,1476.0,2031644,2998367128.33
2024-07-17,sh.600519,1476.1,1503.0,1470.02,1501.4,3431101,5115680654.19
2024-07-18,sh.600519,1499.5,1515.0,1492.53,1497.51,2887039,4337214600.94
2024-07-19,sh.600519,1490.81,1529.18,1484.01,1525.62,3894291,5888615144.79
2024-07-22,sh.600519,1525.03,1529.98,1491.65,1499.0,2854321,4300813309.97
2024-07-23,sh.600519,1499.0,1501.0,1455.0,1455.0,3094396,4555460197.63
2024-07-24,sh.600519,1450.2,1463.7,1435.0,1440.02,2412255,3490200972.8
2024-07-25,sh.600519,1440.02,1448.0,1420.01,1430.49,2834656,4054086714.05
2024-07-26,sh.600519,1430.49,1437.72,1410.9,1422.19,3235379,4594928574.1
2024-07-29,sh.600519,1415.0,1421.99,1398.0,1398.02,3086907,4342610099.97
2024-07-30,sh.600519,1385.98,1390.27,1361.3,1379.99,5177904,7103491565.79
2024-07-31,sh.600519,1373.1,1427.27,1373.1,1421.28,4327232,6098149721.25
2024-08-01,sh.600519,1418.0,1420.0,1384.7,1386.16,3203810,4470988088.03
2024-08-02,sh.600519,1373.6,1396.97,1373.6,1385.45,2192769,3041726371.64
2024-08-05,sh.600519,1388.88,1426.0,1385.52,1410.01,3773607,5327127146.61
2024-08-06,sh.600519,1422.0,1424.0,1394.01,1404.7,2744433,3860735014.17
2024-08-07,sh.600519,1405.5,1421.99,1398.3,1415.5,2062221,2910580747.04
2024-08-08,sh.600519,1411.0,1448.18,1409.0,1430.69,2513082,3592705429.82
2024-08-09,sh.600519,1460.03,1469.0,1436.8,1436.8,3013849,4368705515.28
2024-08-12,sh.600519,1430.0,1443.0,1426.58,1436.1,1363203,1956573437.91
2024-08-13,sh.600519,1433.0,1435.0,1412.01,1423.01,1630843,2317037755.64
2024-08-14,sh.600519,1423.01,1424.9,1412.02,1413.3,1341431,1898377426.46
2024-08-15,sh.600519,1405.03,1435.99,1403.95,1426.89,2303897,3275699572.4
2024-08-16,sh.600519,1426.79,1435.92,1417.01,1431.2,1645470,2349825846.1
2024-08-19,sh.600519,1432.0,1458.88,1425.0,1425.44,2043279,2942106435.2
2024-08-20,sh.600519,1429.9,1429.93,1414.0,1422.72,1859138,2644814343.58
2024-08-21,sh.600519,1420.0,1427.98,1415.69,1417.58,1509165,2144746551.03
2024-08-22,sh.600519,1416.0,1420.0,1400.01,1410.05,1952729,2750868072.63
2024-08-23,sh.600519,1408.0,1423.5,1406.12,1414.99,1532046,2166499201.67
2024-08-26,sh.600519,1417.0,1423.86,1403.15,1412.0,1562841,2207595460.92
2024-08-27,sh.600519,1412.0,1413.0,1401.11,1404.07,1365740,1920770569.55
2024-08-28,sh.600519,1404.07,1406.0,1375.0,1389.0,3166351,4388025874.57
2024-08-29,sh.600519,1380.0,1418.0,1380.0,1413.3,2747161,3864270620.62
2024-08-30,sh.600519,1413.0,1458.07,1405.0,1443.19,3873923,5576118648.81
2024-09-02,sh.600519,1430.0,1438.0,1395.0,1395.0,3413459,4801049927.2
2024-09-03,sh.600519,1398.0,1414.98,1393.02,1410.0,1788760,2516125842.32
2024-09-04,sh.600519,1402.0,1419.19,1399.74,1400.0,1421109,1995221417.23
2024-09-05,sh.600519,1400.5,1407.0,1397.0,1404.88,1450295,2033680838.85
2024-09-06,sh.600519,1405.0,1406.0,1398.0,1398.0,1032104,1445537257.09
2024-09-09,sh.600519,1380.01,1393.71,1370.08,1375.0,2863755,3950086824.52
2024-09-10,sh.600519,1370.02,1393.0,1370.02,1378.0,1980284,2737295643.84
2024-09-11,sh.600519,1375.6,1385.88,1365.0,1380.0,2099577,2892932793.68
2024-09-12,sh.600519,1380.0,1385.0,1334.91,1335.06,4794831,6482445000.4
2024-09-13,sh.600519,1331.0,1332.0,1297.3,1304.13,5600511,7329376916.85
2024-09-18,sh.600519,1300.0,1300.01,1266.66,1266.9,4618531,5895948010.82
2024-09-19,sh.600519,1262.0,1292.88,1245.83,1261.0,5998821,7623739997.16
2024-09-20,sh.600519,1261.5,1273.9,1250.03,1263.92,3998184,5038507834.94
2024-09-23,sh.600519,1268.0,1293.5,1260.66,1261.54,4554969,5809791682.27
2024-09-24,sh.600519,1285.09,1373.0,1265.09,1372.6,10041281,13297277523.01
2024-09-25,sh.600519,1400.05,1427.0,1396.71,1399.0,7395380,10420109654.75
2024-09-26,sh.600519,1399.96,1529.87,1396.0,1529.0,9727806,14269262657.31
2024-09-27,sh.600519,1600.0,1629.2,1565.36,1629.2,8792167,14050260568.94
2024-09-30,sh.600519,1692.0,1759.88,1652.0,1748.0,15729341,26982747037.24
2024-10-08,sh.600519,1910.0,1910.0,1680.18,1723.0,19470947,35114075007.04
2024-10-09,sh.600519,1700.0,1700.0,1590.0,1595.15,12019684,19708432734.0
2024-10-10,sh.600519,1622.26,1668.08,1591.0,1640.0,7460342,12198964035.35
2024-10-11,sh.600519,1615.4,1639.96,1590.0,1604.99,4191471,6764982707.43
2024-10-14,sh.600519,1613.0,1620.63,1581.17,1601.99,4481202,7181350821.99
2024-10-15,sh.600519,1599.0,1600.99,1553.01,1554.25,4357143,6884141868.65
2024-10-16,sh.600519,1540.88,1549.8,1510.0,1522.5,4666440,7140169692.29
2024-10-17,sh.600519,1537.0,1537.66,1493.41,1494.6,3945955,5964778957.87
2024-10-18,sh.600519,1493.0,1567.84,1478.96,1541.0,6861930,10418043491.5
2024-10-21,sh.600519,1541.21,1549.97,1521.21,1528.8,4200790,6433918335.41
2024-10-22,sh.600519,1526.56,1560.18,1524.2,1543.0,3626913,5607826491.64
2024-10-23,sh.600519,1544.11,1576.95,1532.0,1567.5,4008846,6259600035.07
2024-10-24,sh.600519,1561.0,1575.0,1545.01,1552.2,2392280,3723973209.08
2024-10-25,sh.600519,1547.0,1574.79,1546.01,1558.85,2774508,4328271350.73
2024-10-28,sh.600519,1560.0,1565.0,1522.23,1565.0,3912140,6064453667.74
2024-10-29,sh.600519,1560.0,1580.0,1530.0,1531.62,4116578,6368105233.47
2024-10-30,sh.600519,1525.0,1551.19,1523.41,1532.0,3200574,4913175982.5
2024-10-31,sh.600519,1532.15,1540.0,1520.0,1527.79,2995735,4575545180.01
2024-11-01,sh.600519,1521.0,1545.13,1520.8,1533.75,3228392,4954302212.43
2024-11-04,sh.600519,1544.93,1550.0,1528.06,1548.2,2909292,4481761763.89
2024-11-05,sh.600519,1540.0,1577.7,1536.01,1576.99,4564047,7134443463.85
2024-11-06,sh.600519,1575.0,1588.99,1561.22,1571.0,3763143,5916917616.45
2024-11-07,sh.600519,1562.46,1653.5,1562.3,1649.14,7473872,12074951756.99
2024-11-08,sh.600519,1660.89,1667.11,1601.01,1609.97,6077120,9885645907.13
2024-11-11,sh.600519,1590.0,1609.95,1567.19,1598.01,4385365,6957095385.27
2024-11-12,sh.600519,1589.0,1623.0,1573.95,1577.2,4922266,7844798676.34
2024-11-13,sh.600519,1568.0,1586.66,1561.28,1578.5,2912526,4594445032.46
2024-11-14,sh.600519,1570.0,1594.45,1565.65,1573.8,2924814,4617144097.2
2024-11-15,sh.600519,1569.0,1583.8,1553.0,1559.0,3376112,5295326891.85
2024-11-18,sh.600519,1562.0,1575.99,1555.0,1559.0,2709219,4237197498.8
2024-11-19,sh.600519,1565.0,1569.37,1525.0,1541.92,3326643,5138831154.7
2024-11-20,sh.600519,1543.0,1553.97,1531.3,1544.81,2134455,3292675256.92
2024-11-21,sh.600519,1543.87,1548.99,1532.0,1545.13,1826179,2810933514.72
2024-11-22,sh.600519,1541.15,1547.77,1507.82,1507.82,3343611,5107288992.25
2024-11-25,sh.600519,1511.0,1532.0,1496.67,1498.57,3318556,5011136233.94
2024-11-26,sh.600519,1498.57,1518.88,1488.88,1509.0,2574479,3876885983.6
2024-11-27,sh.600519,1509.0,1522.15,1505.0,1519.05,2593417,3927607771.64
2024-11-28,sh.600519,1522.0,1524.99,1502.0,1518.0,2395203,3627662381.97
2024-11-29,sh.600519,1517.0,1555.0,1513.21,1525.74,3608810,5534035503.38
2024-12-02,sh.600519,1526.0,1529.99,1515.1,1525.0,2681954,4086609951.57
2024-12-03,sh.600519,1524.0,1528.9,1516.08,1526.74,2480662,3777197199.46
2024-12-04,sh.600519,1520.07,1523.66,1510.0,1520.0,2392389,3626565543.56
2024-12-05,sh.600519,1510.86,1517.86,1510.0,1511.0,1614147,2441318386.64
2024-12-06,sh.600519,1513.0,1538.9,1508.07,1521.01,3203969,4883148600.25
2024-12-09,sh.600519,1522.02,1529.72,1513.2,1518.8,1979986,3008173585.89
2024-12-10,sh.600519,1570.0,1579.73,1545.18,1546.59,6031210,9421340719.37
2024-12-11,sh.600519,1540.0,1555.0,1530.98,1535.6,2967112,4569662604.07
2024-12-12,sh.600519,1532.02,1566.0,1529.0,1565.8,4193652,6510547810.41
2024-12-13,sh.600519,1550.01,1554.99,1518.88,1519.0,4951197,7580908314.92
2024-12-16,sh.600519,1521.0,1529.0,1510.71,1527.2,3253710,4945298799.42
2024-12-17,sh.600519,1525.99,1569.0,1521.01,1558.0,5417163,8398945449.11
2024-12-18,sh.600519,1557.97,1577.0,1547.1,1571.5,4116226,6440801970.64
2024-12-19,sh.600519,1565.14,1567.93,1550.33,1551.01,2480932,3862602664.96
2024-12-20,sh.600519,1531.13,1541.8,1520.02,1522.0,2815774,4307425534.89
2024-12-23,sh.600519,1523.0,1538.0,1517.0,1526.45,2160269,3300971423.71
2024-12-24,sh.600519,1525.0,1544.0,1521.59,1538.82,2210492,3394160299.01
2024-12-25,sh.600519,1538.8,1538.8,1526.1,1530.0,1712339,2621061878.27
2024-12-26,sh.600519,1534.0,1538.78,1523.0,1527.79,1828651,2798840002.83
2024-12-27,sh.600519,1528.9,1536.0,1519.5,1528.97,2075932,3170191444.57
2024-12-30,sh.600519,1533.97,1543.96,1525.0,1525.0,2512982,3849542646.36
2024-12-31,sh.600519,1525.4,1545.0,1522.01,1524.0,3935445,6033540366.22
2025-01-02,sh.600519,1524.0,1524.49,1480.0,1488.0,5002870,7490883773.19
2025-01-03,sh.600519,1494.5,1494.99,1467.01,1475.0,3262836,4836610288.19
2025-01-06,sh.600519,1453.0,1462.66,1432.8,1440.0,4425512,6392479711.6
2025-01-07,sh.600519,1444.66,1451.89,1439.0,1440.2,2422118,3494634226.66
2025-01-08,sh.600519,1440.0,1451.82,1426.66,1442.5,3525821,5071821245.95
2025-01-09,sh.600519,1448.99,1464.58,1432.98,1444.0,2970565,4295852735.91
2025-01-10,sh.600519,1447.1,1451.95,1436.0,1436.0,2187195,3154677597.84
2025-01-13,sh.600519,1425.0,1444.44,1422.01,1443.98,2108251,3030806869.66
2025-01-14,sh.600519,1444.95,1478.68,1442.0,1472.5,3095657,4535651503.64
2025-01-15,sh.600519,1467.0,1474.6,1460.01,1471.27,1839934,2701518711.81
2025-01-16,sh.600519,1474.0,1482.66,1442.0,1446.38,2634213,3840411436.79
2025-01-17,sh.600519,1446.39,1461.0,1446.38,1454.75,1830894,2663227308.97
2025-01-20,sh.600519,1461.0,1489.79,1460.0,1474.8,3140975,4647626350.53
2025-01-21,sh.600519,1481.0,1482.0,1465.0,1468.15,1685604,2481821228.82
2025-01-22,sh.600519,1463.27,1467.95,1438.0,1441.0,2829384,4088101682.4
2025-01-23,sh.600519,1449.97,1468.0,1438.0,1443.0,2712504,3932700849.5
2025-01-24,sh.600519,1442.0,1447.79,1430.31,1436.0,3136034,4515322685.21
2025-01-27,sh.600519,1437.0,1443.97,1427.02,1434.99,2935646,4213534543.16
2025-02-05,sh.600519,1440.0,1443.0,1402.21,1403.8,4075652,5753730033.67
2025-02-06,sh.600519,1400.01,1421.99,1400.01,1412.84,2735582,3859568162.52
2025-02-07,sh.600519,1413.68,1442.68,1403.41,1436.0,3724207,5310850624.07
2025-02-10,sh.600519,1438.0,1440.0,1427.09,1431.51,2083979,2988101755.59
2025-02-11,sh.600519,1434.95,1435.96,1415.9,1418.0,2357283,3348668866.97
2025-02-12,sh.600519,1418.0,1445.0,1416.88,1443.0,2547579,3644170476.88
2025-02-13,sh.600519,1443.02,1475.25,1434.51,1465.06,4338536,6335985851.48
2025-02-14,sh.600519,1465.06,1477.0,1458.22,1475.0,2709992,3978694098.42
2025-02-17,sh.600519,1481.0,1494.98,1467.1,1471.62,3247059,4804663813.44
2025-02-18,sh.600519,1470.0,1492.99,1462.08,1475.0,2779992,4113845397.13
2025-02-19,sh.600519,1475.05,1494.44,1464.9,1491.0,3239331,4803378440.66
2025-02-20,sh.600519,1483.0,1491.97,1473.39,1474.0,2374973,3513552983.98
2025-02-21,sh.600519,1480.0,1496.73,1473.01,1488.21,3641783,5418169587.35
2025-02-24,sh.600519,1488.0,1499.52,1474.0,1479.07,3474373,5157907321.57
2025-02-25,sh.600519,1470.01,1473.39,1452.0,1454.0,2838743,4142814458.8
2025-02-26,sh.600519,1455.45,1464.96,1445.0,1460.01,2636609,3835949041.23
2025-02-27,sh.600519,1460.02,1489.9,1454.0,1485.56,4976217,7368002361.11
2025-02-28,sh.600519,1485.5,1528.38,1482.0,1500.79,5612895,8475738166.46
2025-03-03,sh.600519,1502.6,1520.99,1481.5,1487.02,3159566,4736679902.83
2025-03-04,sh.600519,1485.0,1486.0,1465.21,1470.11,2521121,3710675863.15
2025-03-05,sh.600519,1472.0,1474.0,1460.1,1466.37,2460522,3606932151.59
2025-03-06,sh.600519,1474.0,1510.2,1472.08,1505.98,4216764,6297117400.08
2025-03-07,sh.600519,1503.0,1528.36,1503.0,1521.0,3799135,5760608729.19
2025-03-10,sh.600519,1519.81,1526.88,1506.14,1522.9,3136907,4758789259.68
2025-03-11,sh.600519,1517.0,1548.68,1512.0,1548.68,3977560,6094007854.09
2025-03-12,sh.600519,1546.96,1549.68,1526.35,1542.58,2960396,4552923644.13
2025-03-13,sh.600519,1544.0,1555.5,1530.88,1537.77,2572439,3966369271.41
2025-03-14,sh.600519,1547.66,1628.01,1541.0,1628.01,9291315,14882842708.43
2025-03-17,sh.600519,1657.0,1657.99,1626.88,1637.86,5468913,8985138902.36
2025-03-18,sh.600519,1645.04,1652.0,1621.7,1624.0,3161345,5153210436.27
2025-03-19,sh.600519,1624.29,1648.0,1623.0,1635.71,2738955,4477128769.85
2025-03-20,sh.600519,1635.71,1637.6,1595.07,1604.0,3673677,5903879207.43
2025-03-21,sh.600519,1599.0,1612.2,1568.83,1573.75,3361430,5324973190.27
2025-03-24,sh.600519,1570.0,1589.66,1562.38,1583.0,2556585,4032223481.57
2025-03-25,sh.600519,1588.0,1592.8,1566.66,1575.5,1767438,2783286813.0
2025-03-26,sh.600519,1572.77,1582.58,1571.0,1576.0,1432356,2257639750.22
2025-03-27,sh.600519,1576.0,1598.25,1573.38,1589.0,1795563,2848889209.94
2025-03-28,sh.600519,1590.93,1593.0,1576.0,1585.21,1622789,2569470015.46
2025-03-31,sh.600519,1580.98,1586.96,1560.06,1561.0,2108494,3311857714.31
2025-04-01,sh.600519,1564.0,1569.89,1552.21,1556.02,1855644,2893739955.2
2025-04-02,sh.600519,1558.0,1567.8,1545.5,1549.02,2167401,3371883024.17
2025-04-03,sh.600519,1530.0,1586.0,1529.01,1568.88,3548050,5557442051.92
2025-04-07,sh.600519,1520.01,1536.85,1462.0,1500.0,10195267,15314738234.92
2025-04-08,sh.600519,1513.0,1545.0,1495.0,1545.0,7387649,11226977557.25
2025-04-09,sh.600519,1525.02,1556.8,1520.55,1541.04,5563004,8562928224.65
2025-04-10,sh.600519,1550.99,1555.0,1528.0,1549.0,3862021,5963650790.96
2025-04-11,sh.600519,1579.97,1579.97,1545.0,1568.98,3263423,5087359923.82
2025-04-14,sh.600519,1560.97,1566.0,1551.53,1551.99,2171144,3379425640.38
2025-04-15,sh.600519,1552.0,1565.0,1545.0,1558.0,2148928,3339942729.1
2025-04-16,sh.600519,1552.0,1576.0,1537.0,1559.17,3115605,4834880595.78
2025-04-17,sh.600519,1554.0,1576.5,1549.99,1570.0,2384605,3733924973.37
2025-04-18,sh.600519,1566.0,1575.0,1556.0,1565.94,2029848,3179974340.21
2025-04-21,sh.600519,1565.5,1565.5,1551.0,1551.0,1805703,2808158177.44
2025-04-22,sh.600519,1550.0,1556.3,1543.21,1548.8,1843214,2857525967.3
2025-04-23,sh.600519,1559.0,1559.22,1545.0,1552.0,1866876,2895468891.84
2025-04-24,sh.600519,1552.0,1560.68,1548.98,1552.25,1487181,2313372072.03
2025-04-25,sh.600519,1557.1,1561.2,1550.0,1550.0,1476490,2295029705.27
2025-04-28,sh.600519,1552.0,1555.0,1546.6,1550.0,1465972,2274252465.48
2025-04-29,sh.600519,1550.0,1552.54,1532.02,1544.0,1892180,2917422937.81
2025-04-30,sh.600519,1549.99,1566.66,1546.3,1547.0,2575425,4005439429.45
2025-05-06,sh.600519,1559.0,1559.0,1544.33,1550.2,1830026,2838614214.69
2025-05-07,sh.600519,1570.0,1570.0,1550.2,1555.0,2746221,4275142568.65
2025-05-08,sh.600519,1553.0,1592.78,1549.83,1578.19,3348106,5265446443.77
2025-05-09,sh.600519,1578.99,1597.45,1575.05,1591.18,2367190,3757574546.17
2025-05-12,sh.600519,1598.0,1618.93,1596.61,1604.5,2473533,3967785800.28
2025-05-13,sh.600519,1608.92,1608.92,1585.11,1590.3,2125829,3386617847.81
2025-05-14,sh.600519,1590.0,1645.0,1588.18,1634.99,3946012,6394735058.05
2025-05-15,sh.600519,1634.8,1643.59,1624.13,1632.01,2473285,4043402636.0
2025-05-16,sh.600519,1633.99,1636.99,1614.13,1614.13,2293522,3714508659.19
2025-05-19,sh.600519,1596.0,1600.0,1573.88,1578.98,3806283,6021950009.86
2025-05-20,sh.600519,1580.0,1594.8,1575.1,1586.0,1952153,3095742637.11
2025-05-21,sh.600519,1585.0,1595.94,1580.97,1580.97,1979464,3143941416.06
2025-05-22,sh.600519,1580.99,1584.99,1570.1,1580.0,1509024,2381236585.51
2025-05-23,sh.600519,1575.2,1587.9,1571.66,1572.6,2153700,3399424961.4
2025-05-26,sh.600519,1570.0,1574.63,1545.0,1550.5,2708653,4212944430.48
2025-05-27,sh.600519,1551.0,1558.6,1543.51,1543.9,1775213,2748945675.47
2025-05-28,sh.600519,1543.99,1546.46,1533.0,1537.0,1626568,2504624605.12
2025-05-29,sh.600519,1540.0,1555.0,1532.0,1540.0,2185958,3375465796.02
2025-05-30,sh.600519,1540.15,1545.0,1515.24,1522.0,3123918,4764875946.74
2025-06-03,sh.600519,1508.01,1519.0,1505.02,1509.0,2897918,4377892798.9
2025-06-04,sh.600519,1510.5,1523.0,1509.22,1509.96,2300809,3480363796.56
2025-06-05,sh.600519,1514.0,1516.0,1502.2,1514.0,2321366,3504925523.89
2025-06-06,sh.600519,1513.8,1518.97,1503.0,1506.39,2502307,3777727616.07
2025-06-09,sh.600519,1505.02,1508.7,1485.68,1486.11,4495867,6723839137.58
2025-06-10,sh.600519,1486.0,1492.0,1474.8,1475.01,3049220,4511934584.04
2025-06-11,sh.600519,1476.8,1494.0,1476.1,1480.0,3089282,4585522755.14
2025-06-12,sh.600519,1480.0,1483.87,1454.1,1459.0,4990361,7306800799.68
2025-06-13,sh.600519,1444.41,1449.97,1425.06,1426.95,5911325,8466515559.41
2025-06-16,sh.600519,1401.2,1425.04,1401.18,1422.29,4288787,6060448437.64
2025-06-17,sh.600519,1420.0,1427.0,1412.18,1427.0,2723151,3868364671.4
2025-06-18,sh.600519,1440.0,1443.44,1421.01,1425.0,3076099,4404131363.57
2025-06-19,sh.600519,1426.0,1433.67,1417.18,1426.0,2450072,3490268567.64
2025-06-20,sh.600519,1423.58,1441.14,1420.2,1428.66,3481581,4990683314.31
2025-06-23,sh.600519,1420.0,1433.0,1405.18,1420.0,2672331,3794012342.59
2025-06-24,sh.600519,1423.35,1451.68,1423.35,1437.2,3631151,5229183514.12
2025-06-25,sh.600519,1439.11,1449.2,1420.51,1435.86,4105007,5869292227.36
2025-06-26,sh.600519,1415.0,1428.0,1410.08,1420.0,3486025,4955829982.08
2025-06-27,sh.600519,1420.01,1423.0,1403.09,1403.09,3824973,5404312674.78
2025-06-30,sh.600519,1403.5,1413.23,1402.0,1409.52,3045730,4287373690.9
2025-07-01,sh.600519,1409.0,1411.94,1403.31,1405.1,1987819,2794423202.66
2025-07-02,sh.600519,1409.5,1414.8,1400.0,1409.6,2621825,3689246315.87
2025-07-03,sh.600519,1412.0,1422.69,1408.0,1415.6,2441267,3456733002.19
2025-07-04,sh.600519,1415.7,1431.89,1410.01,1422.22,2876691,4086547267.71
2025-07-07,sh.600519,1422.28,1423.5,1410.01,1410.7,2385467,3370562659.31
2025-07-08,sh.600519,1410.71,1420.0,1410.7,1416.11,1867370,2643302690.74
2025-07-09,sh.600519,1415.0,1429.97,1414.17,1418.88,2774532,3950810723.36
2025-07-10,sh.600519,1418.97,1436.18,1410.4,1426.5,3872503,5503329754.22
2025-07-11,sh.600519,1423.16,1458.0,1423.16,1427.0,5724335,8239010389.77
2025-07-14,sh.600519,1430.0,1434.98,1421.6,1423.6,2778094,3961736006.36
2025-07-15,sh.600519,1420.98,1422.93,1408.32,1411.0,3540578,5005150164.61
2025-07-16,sh.600519,1410.01,1417.49,1409.95,1411.03,2128605,3006882578.86
2025-07-17,sh.600519,1413.98,1423.01,1412.88,1416.35,2310554,3273100406.19
2025-07-18,sh.600519,1420.0,1437.81,1416.38,1437.0,4182341,5984949774.21
2025-07-21,sh.600519,1436.99,1446.8,1435.0,1443.0,2620331,3779891828.99
2025-07-22,sh.600519,1444.0,1466.6,1440.68,1464.98,4211898,6127636851.04
2025-07-23,sh.600519,1469.0,1495.0,1468.95,1475.5,4504484,6676301461.97
2025-07-24,sh.600519,1476.0,1499.0,1475.0,1491.5,3880364,5786337377.36
2025-07-25,sh.600519,1491.4,1491.4,1453.0,1455.0,4191126,6140078740.77
2025-07-28,sh.600519,1453.0,1454.99,1436.3,1438.66,3858632,5560966385.77
2025-07-29,sh.600519,1439.6,1448.79,1435.01,1439.0,2630408,3785848101.96
2025-07-30,sh.600519,1444.0,1457.16,1437.0,1449.44,3186771,4612883039.77
2025-07-31,sh.600519,1443.0,1444.87,1418.0,1421.67,5179751,7386302757.86
2025-08-01,sh.600519,1421.87,1425.96,1414.0,1417.0,2963559,4200850789.62
2025-08-04,sh.600519,1415.0,1419.8,1414.0,1419.0,1868795,2647105740.47
2025-08-05,sh.600519,1421.0,1429.94,1417.11,1427.74,2534227,3607931487.62
2025-08-06,sh.600519,1429.0,1429.0,1419.3,1423.88,2369928,3372334939.9
2025-08-07,sh.600519,1423.88,1427.7,1420.06,1422.35,2800134,3988765794.59
2025-08-08,sh.600519,1423.05,1426.5,1418.0,1420.97,1865528,2651478117.98
2025-08-11,sh.600519,1423.5,1451.99,1423.0,1445.0,4715907,6794034089.86
2025-08-12,sh.600519,1449.0,1465.07,1436.0,1437.04,4201923,6095342035.74
2025-08-13,sh.600519,1425.0,1433.68,1420.0,1420.05,6552754,9325460101.11
2025-08-14,sh.600519,1420.94,1447.51,1420.94,1426.99,4812930,6897535330.17
2025-08-15,sh.600519,1426.01,1428.66,1420.22,1422.08,4758165,6772436996.79
2025-08-18,sh.600519,1426.99,1436.64,1423.1,1428.5,4737798,6773477871.39
2025-08-19,sh.600519,1433.5,1446.66,1432.0,1438.0,4637186,6678541000.8
2025-08-20,sh.600519,1438.0,1452.8,1430.02,1450.0,4580466,6623095725.06
2025-08-21,sh.600519,1453.45,1454.99,1443.65,1448.25,3089057,4470441662.41
2025-08-22,sh.600519,1448.88,1464.0,1444.77,1463.95,4497058,6544867367.85
2025-08-25,sh.600519,1470.01,1496.0,1466.0,1490.33,6532455,9676719497.55
2025-08-26,sh.600519,1490.32,1494.23,1480.01,1481.61,3960213,5883917000.27
2025-08-27,sh.600519,1481.88,1484.93,1448.0,1448.0,5600609,8184169112.68
2025-08-28,sh.600519,1447.97,1456.1,1438.77,1446.1,3928177,5683673273.48
2025-08-29,sh.600519,1453.0,1482.58,1452.0,1480.0,6225648,9159701454.16
2025-09-01,sh.600519,1482.2,1488.0,1465.7,1476.1,4512338,6658918555.35
2025-09-02,sh.600519,1478.66,1509.0,1478.0,1491.3,5668837,8470012816.38
2025-09-03,sh.600519,1491.0,1503.5,1466.0,1480.55,4504503,6656011144.64
2025-09-04,sh.600519,1472.0,1479.3,1460.47,1472.66,4774676,7017084749.97
2025-09-05,sh.600519,1471.0,1486.97,1464.0,1483.0,3738848,5519312162.71
2025-09-08,sh.600519,1483.0,1506.44,1477.5,1501.23,5138298,7682065696.25
2025-09-09,sh.600519,1505.0,1509.95,1493.42,1505.0,3574277,5366650005.04
2025-09-10,sh.600519,1506.66,1529.95,1496.0,1522.01,4966331,7541460048.95
2025-09-11,sh.600519,1522.01,1526.02,1508.5,1523.5,3723896,5642778455.82
2025-09-12,sh.600519,1526.0,1538.02,1510.53,1516.0,3372209,5132184935.11
2025-09-15,sh.600519,1515.87,1517.48,1501.5,1515.1,2582703,3901929717.6
2025-09-16,sh.600519,1515.1,1520.99,1496.21,1499.98,3271789,4928374477.56
2025-09-17,sh.600519,1499.99,1510.28,1490.01,1493.0,3033054,4534770634.47
2025-09-18,sh.600519,1492.0,1497.8,1463.5,1467.96,4972125,7347477478.96
2025-09-19,sh.600519,1467.99,1475.5,1457.01,1467.97,3263662,4784528851.26
2025-09-22,sh.600519,1465.09,1467.97,1450.01,1453.35,3494708,5085057536.09
2025-09-23,sh.600519,1450.5,1457.5,1440.0,1447.42,3866300,5588384387.76
2025-09-24,sh.600519,1434.07,1456.78,1434.07,1442.0,3074350,4443052872.0
2025-09-25,sh.600519,1442.83,1445.21,1436.0,1439.0,3386973,4873274661.35
2025-09-26,sh.600519,1441.18,1447.11,1428.01,1435.0,4512071,6480889596.65
2025-09-29,sh.600519,1439.38,1469.99,1435.0,1460.86,5368403,7798434585.87
2025-09-30,sh.600519,1460.0,1460.76,1440.0,1443.99,3936362,5687474875.7
2025-10-09,sh.600519,1436.0,1439.38,1420.0,1436.78,5491812,7845448946.72
2025-10-10,sh.600519,1437.6,1439.94,1427.5,1430.0,3600144,5157459262.02
2025-10-13,sh.600519,1415.7,1422.85,1415.12,1419.2,4606880,6533147457.76
2025-10-14,sh.600519,1429.99,1464.0,1429.99,1451.02,6667233,9639484605.16
2025-10-15,sh.600519,1450.98,1463.0,1445.08,1462.0,4278540,6233407482.18
2025-10-16,sh.600519,1461.92,1484.95,1458.88,1484.91,4573015,6749162949.17
2025-10-17,sh.600519,1483.1,1488.0,1454.03,1455.0,3808589,5594724899.72
2025-10-20,sh.600519,1455.0,1469.5,1454.88,1457.93,2594988,3793283758.73
2025-10-21,sh.600519,1459.0,1469.94,1455.5,1462.26,2544267,3727984130.33
2025-10-22,sh.600519,1462.08,1465.73,1456.0,1458.7,1819492,2657486636.22
2025-10-23,sh.600519,1455.0,1468.8,1447.2,1467.98,2932235,4274652090.39
2025-10-24,sh.600519,1467.95,1478.88,1449.34,1450.0,3822583,5578603148.43
2025-10-27,sh.600519,1440.0,1452.49,1435.99,1440.41,3710239,5352667151.51
2025-10-28,sh.600519,1442.0,1451.2,1441.1,1445.0,2712433,3923817140.03
2025-10-29,sh.600519,1440.02,1446.55,1430.04,1431.9,3393711,4868780319.17
2025-10-30,sh.600519,1421.81,1436.63,1421.81,1426.74,4745610,6768821310.66
2025-10-31,sh.600519,1422.0,1435.98,1420.11,1430.01,3569377,5109623860.84
2025-11-03,sh.600519,1431.0,1448.0,1420.1,1435.0,3454766,4945310830.23
2025-11-04,sh.600519,1435.1,1435.78,1423.78,1429.0,2656572,3793892903.12
2025-11-05,sh.600519,1425.89,1430.99,1420.01,1420.08,3447527,4908475372.84
2025-11-06,sh.600519,1430.0,1441.45,1429.99,1435.13,3834782,5505960414.53
2025-11-07,sh.600519,1435.11,1439.78,1431.11,1433.33,1886139,2704995856.01
2025-11-10,sh.600519,1435.0,1463.69,1434.98,1462.3,4945154,7181246441.08
2025-11-11,sh.600519,1462.0,1462.18,1447.0,1458.99,2669156,3882776771.77
2025-11-12,sh.600519,1459.98,1478.36,1459.21,1465.15,3299210,4849073050.81
2025-11-13,sh.600519,1462.12,1473.58,1458.0,1470.38,3117923,4569178268.97
2025-11-14,sh.600519,1470.0,1478.95,1456.3,1456.6,2747306,4031007105.91
2025-11-17,sh.600519,1454.0,1473.0,1445.79,1471.0,3446221,5035780026.54
2025-11-18,sh.600519,1470.7,1486.07,1469.0,1476.0,3420478,5055675473.58
2025-11-19,sh.600519,1474.0,1479.53,1469.96,1471.01,2204537,3249449213.62
2025-11-20,sh.600519,1472.0,1479.9,1465.03,1467.11,2400232,3531653942.73
2025-11-21,sh.600519,1470.5,1480.0,1456.0,1466.6,4260720,6259873432.52
2025-11-24,sh.600519,1467.0,1471.0,1451.13,1452.0,3360744,4901903704.77
2025-11-25,sh.600519,1458.0,1458.0,1444.5,1444.65,2844069,4119930011.48
2025-11-26,sh.600519,1448.88,1453.49,1443.58,1449.15,2030616,2938818094.58
2025-11-27,sh.600519,1449.5,1450.0,1439.04,1447.3,2228689,3216797187.48
2025-11-28,sh.600519,1446.5,1455.5,1443.0,1450.5,2321121,3366696621.68
2025-12-01,sh.600519,1451.0,1462.27,1442.0,1448.0,2733342,3961994999.07
2025-12-02,sh.600519,1448.0,1451.92,1435.02,1436.03,2504726,3607543824.69
2025-12-03,sh.600519,1435.81,1435.97,1428.0,1429.1,2357279,3370080065.68
2025-12-04,sh.600519,1429.1,1432.5,1418.38,1423.98,2907539,4134921901.54
2025-12-05,sh.600519,1423.98,1433.09,1419.5,1430.01,2540166,3622681596.52
2025-12-08,sh.600519,1429.2,1436.67,1418.0,1418.22,3360280,4789155769.65
2025-12-09,sh.600519,1418.23,1421.0,1400.05,1401.01,4263443,5995722120.97
2025-12-10,sh.600519,1400.0,1402.8,1383.18,1402.8,3313347,4625906138.96
2025-12-11,sh.600519,1406.66,1411.99,1401.55,1411.99,2238501,3149974074.19
2025-12-12,sh.600519,1418.0,1425.0,1413.57,1420.65,3715919,5273563274.4
2025-12-15,sh.600519,1439.59,1439.99,1425.57,1426.0,3335879,4774362060.21
2025-12-16,sh.600519,1426.2,1428.78,1415.0,1422.0,2396367,3403139194.19
2025-12-17,sh.600519,1425.0,1439.94,1417.68,1433.1,3138249,4489482138.1
2025-12-18,sh.600519,1433.5,1438.88,1426.11,1431.0,1782995,2551177659.18
2025-12-19,sh.600519,1410.0,1412.45,1401.01,1410.0,2650868,3733028356.79
2025-12-22,sh.600519,1410.0,1414.14,1406.58,1408.26,2042565,2881636855.8
2025-12-23,sh.600519,1408.26,1412.93,1397.19,1407.86,2450681,3445377031.98
2025-12-24,sh.600519,1404.99,1406.36,1400.0,1400.9,2518669,3533253565.21
2025-12-25,sh.600519,1405.0,1419.48,1401.38,1414.17,2338621,3299572095.79
2025-12-26,sh.600519,1414.17,1419.14,1410.0,1414.13,1780299,2520605635.13
2025-12-29,sh.600519,1414.13,1414.13,1401.0,1402.0,2630810,3694660106.7
2025-12-30,sh.600519,1401.0,1401.9,1386.0,1389.72,3379194,4702489813.46
2025-12-31,sh.600519,1390.0,1394.0,1377.17,1377.18,3476563,4799456452.08
2026-01-05,sh.600519,1385.0,1431.88,1385.0,1426.0,7094942,10018086372.3
2026-01-06,sh.600519,1432.55,1436.97,1416.53,1428.01,3958618,5649710152.77
2026-01-07,sh.600519,1432.88,1435.0,1420.2,1423.36,2968380,4234255286.35
2026-01-08,sh.600519,1423.33,1423.36,1408.14,1412.3,2913454,4117925041.37
2026-01-09,sh.600519,1417.0,1428.6,1416.01,1419.1,2984774,4243865418.15
2026-01-12,sh.600519,1419.1,1431.0,1417.1,1423.23,3608266,5135636032.86
2026-01-13,sh.600519,1426.79,1429.52,1408.99,1411.0,3916866,5555633778.58
2026-01-14,sh.600519,1411.0,1422.25,1396.18,1398.01,5175797,7285041159.31
2026-01-15,sh.600519,1396.02,1402.83,1388.58,1388.89,4090714,5698739671.26
2026-01-16,sh.600519,1395.0,1397.5,1380.0,1382.0,5512068,7643061997.67
2026-01-19,sh.600519,1381.9,1387.49,1375.0,1376.0,4228640,5833745441.57
2026-01-20,sh.600519,1379.5,1381.58,1372.05,1373.55,3648443,5021900765.1
2026-01-21,sh.600519,1373.56,1374.4,1350.0,1351.06,6451625,8775880803.48
2026-01-22,sh.600519,1352.01,1361.76,1337.48,1340.06,5901089,7962441433.5
2026-01-23,sh.600519,1340.1,1348.0,1332.47,1337.0,6194890,8301311489.4
2026-01-26,sh.600519,1340.51,1355.0,1325.12,1342.0,8016606,10751225525.38
2026-01-27,sh.600519,1344.98,1353.7,1338.0,1343.01,4841596,6514513216.1
2026-01-28,sh.600519,1343.04,1346.71,1322.01,1323.69,7621801,10135019524.34
2026-01-29,sh.600519,1335.0,1445.0,1329.06,1437.72,18953440,26305591086.21
2026-01-30,sh.600519,1435.0,1435.0,1401.0,1401.0,9447974,13366329413.51
2026-02-02,sh.600519,1425.0,1458.58,1411.62,1427.0,8572427,12312646442.55
2026-02-03,sh.600519,1445.0,1476.81,1443.03,1474.92,8632066,12628439702.8
2026-02-04,sh.600519,1485.0,1533.27,1474.0,1525.0,10912293,16444345979.59
2026-02-05,sh.600519,1520.0,1565.0,1515.0,1555.0,9162274,14183456476.13
2026-02-06,sh.600519,1555.0,1568.0,1505.88,1515.01,7896538,12019878669.0
2026-02-09,sh.600519,1518.0,1542.88,1513.49,1524.96,5116846,7809067704.6
2026-02-10,sh.600519,1524.97,1524.97,1496.5,1504.8,3957596,5953269320.58
2026-02-11,sh.600519,1504.8,1514.0,1496.0,1504.33,3092846,4648360030.09
2026-02-12,sh.600519,1500.2,1502.82,1473.36,1486.6,4624582,6874370112.57
2026-02-13,sh.600519,1486.6,1507.8,1470.58,1485.3,4167901,6216379202.62
2026-02-24,sh.600519,1521.0,1524.4,1463.6,1466.8,4191253,6198840572.43
2026-02-25,sh.600519,1470.0,1509.66,1467.88,1491.66,3688067,5490316149.39
2026-02-26,sh.600519,1486.6,1489.49,1464.67,1466.21,3295801,4855471430.1
2026-02-27,sh.600519,1466.99,1476.21,1455.02,1455.02,3216016,4697692477.08
2026-03-02,sh.600519,1450.0,1457.0,1436.66,1440.11,3545386,5115063511.43
2026-03-03,sh.600519,1440.1,1452.87,1422.13,1426.19,4589086,6565381648.19
2026-03-04,sh.600519,1415.0,1423.0,1392.09,1401.18,4801443,6743267103.4
2026-03-05,sh.600519,1406.0,1412.96,1395.0,1399.04,3050524,4276226062.38
2026-03-06,sh.600519,1395.0,1407.5,1388.0,1402.0,2915415,4072328833.32
2026-03-09,sh.600519,1390.0,1404.9,1383.2,1397.0,3744162,5220095639.08
2026-03-10,sh.600519,1404.9,1409.49,1398.0,1401.88,2462592,3457808915.65
2026-03-11,sh.600519,1402.99,1405.99,1398.02,1400.0,2445673,3425363891.78
2026-03-12,sh.600519,1395.0,1403.95,1391.01,1392.0,2758646,3850521716.68
2026-03-13,sh.600519,1392.48,1417.62,1392.0,1413.64,3360783,4738808557.68
2026-03-16,sh.600519,1420.0,1466.0,1420.0,1460.18,6008635,8711525836.03
2026-03-17,sh.600519,1468.0,1498.07,1461.19,1485.0,4945361,7347310632.23
2026-03-18,sh.600519,1489.0,1496.5,1463.15,1468.8,3555100,5239992521.93
2026-03-19,sh.600519,1472.96,1473.0,1446.0,1452.87,3031859,4404953480.91
2026-03-20,sh.600519,1452.96,1462.5,1439.0,1445.0,2613234,3782818260.28
