date,code,open,high,low,close,volume,amount
1997-03-18,sh.600795,22.0,28.8,22.0,26.98,3219533,85190504.0
1997-03-19,sh.600795,26.0,26.35,25.0,25.58,1274804,32423191.0
1997-03-20,sh.600795,25.68,25.98,25.0,25.18,517831,13053867.0
1997-03-21,sh.600795,25.0,25.2,24.0,24.98,537842,13332869.0
1997-03-24,sh.600795,24.8,24.9,24.2,24.3,738830,18121434.0
1997-03-25,sh.600795,24.0,24.63,23.1,24.5,969656,22846486.0
1997-03-26,sh.600795,24.49,25.25,24.48,24.8,709784,17662585.0
1997-03-27,sh.600795,24.8,24.87,24.2,24.4,319235,7818690.0
1997-03-28,sh.600795,24.33,24.7,24.2,24.5,429772,10511509.0
1997-03-31,sh.600795,25.95,25.95,24.01,24.3,301859,7439413.0
1997-04-01,sh.600795,24.6,24.8,24.0,24.08,217099,5242831.0
1997-04-02,sh.600795,24.1,24.38,24.0,24.14,201452,4846982.0
1997-04-03,sh.600795,24.06,24.06,23.6,24.0,191273,4551681.0
1997-04-04,sh.600795,24.06,25.0,23.5,24.58,349514,8551807.0
1997-04-07,sh.600795,24.5,25.4,24.25,25.18,526617,13119384.0
1997-04-08,sh.600795,25.0,25.0,24.51,24.55,263427,6518574.0
1997-04-09,sh.600795,24.55,25.15,24.5,24.75,257032,6382663.0
1997-04-10,sh.600795,24.8,25.15,24.6,24.75,251457,6216309.0
1997-04-11,sh.600795,24.75,24.8,24.15,24.16,233559,5690172.0
1997-04-14,sh.600795,24.5,25.3,24.48,25.0,537123,13447730.0
1997-04-15,sh.600795,25.05,25.1,24.5,24.8,139806,3466249.0
1997-04-16,sh.600795,24.8,25.0,24.55,24.6,156128,3856454.0
1997-04-17,sh.600795,24.6,25.15,24.48,24.85,232914,5777337.0
1997-04-18,sh.600795,24.8,24.94,24.5,24.75,135966,3358533.0
1997-04-21,sh.600795,24.8,25.12,24.75,24.9,346864,8668475.0
1997-04-22,sh.600795,25.0,25.0,24.51,24.99,206640,5138105.0
1997-04-23,sh.600795,25.1,26.36,25.06,25.88,552314,14179862.0
1997-04-24,sh.600795,26.0,28.46,25.5,27.69,970671,26274139.0
1997-04-25,sh.600795,27.6,27.9,26.5,26.5,636728,17390416.0
1997-04-28,sh.600795,28.0,28.8,26.9,27.25,767341,21306459.0
1997-04-30,sh.600795,27.0,27.49,24.98,26.99,345674,9288196.0
1997-05-05,sh.600795,27.4,27.9,26.8,27.0,751094,20343249.0
1997-05-06,sh.600795,27.0,27.88,26.65,27.36,819056,22353746.0
1997-05-07,sh.600795,17.38,17.79,17.0,17.41,1518187,26589789.0
1997-05-08,sh.600795,17.39,17.39,16.78,16.9,1254914,21414857.0
1997-05-09,sh.600795,16.7,17.69,16.55,17.6,1212638,20777818.0
1997-05-12,sh.600795,17.8,17.8,17.38,17.68,1243808,21930689.0
1997-05-13,sh.600795,17.68,17.82,17.31,17.72,1144795,20239546.0
1997-05-14,sh.600795,17.68,17.75,17.16,17.51,746804,13074810.0
1997-05-15,sh.600795,17.2,17.8,17.1,17.73,568978,9980793.0
1997-05-16,sh.600795,17.38,17.7,16.01,16.64,606699,10487937.0
1997-05-19,sh.600795,16.8,17.65,16.51,17.53,488589,8400437.0
1997-05-20,sh.600795,18.0,18.0,17.54,17.6,631900,11243160.0
1997-05-21,sh.600795,17.88,17.88,17.4,17.71,1212794,21438262.0
1997-05-22,sh.600795,17.39,17.39,16.61,16.61,313917,5269743.0
1997-05-23,sh.600795,16.6,17.18,16.31,17.05,185450,3150464.0
1997-05-26,sh.600795,17.1,17.58,17.0,17.5,327451,5650473.0
1997-05-27,sh.600795,17.58,17.85,17.2,17.8,673042,11909776.0
1997-05-28,sh.600795,17.8,17.8,17.5,17.51,262358,4625911.0
1997-05-29,sh.600795,17.51,17.8,17.3,17.3,173343,3025864.0
1997-05-30,sh.600795,17.2,17.6,17.2,17.5,94050,1641708.0
1997-06-02,sh.600795,17.8,18.4,17.4,18.3,698033,12527953.0
1997-06-03,sh.600795,18.3,18.5,18.02,18.4,538794,9807718.0
1997-06-04,sh.600795,18.5,18.5,18.19,18.45,307131,5629108.0
1997-06-05,sh.600795,18.4,18.45,18.11,18.4,273063,4984231.0
1997-06-06,sh.600795,18.0,18.31,17.5,17.8,480864,8623190.0
1997-06-09,sh.600795,17.8,17.98,17.52,17.9,160637,2844941.0
1997-06-10,sh.600795,17.96,18.0,17.51,17.9,147296,2626522.0
1997-06-11,sh.600795,17.9,17.9,17.3,17.9,192045,3376852.0
1997-06-12,sh.600795,17.9,19.1,17.7,18.2,365293,6703030.0
1997-06-13,sh.600795,17.8,18.6,17.71,18.59,493356,9069790.0
1997-06-16,sh.600795,18.5,19.98,18.5,19.66,1002893,19507878.0
1997-06-17,sh.600795,19.5,20.3,19.2,20.2,989021,19704417.0
1997-06-18,sh.600795,21.2,21.28,20.3,20.8,668492,13795159.0
1997-06-19,sh.600795,20.3,21.18,20.3,20.8,677144,14005051.0
1997-06-20,sh.600795,20.5,21.68,20.5,21.68,1039278,21918300.0
1997-06-23,sh.600795,21.3,21.9,20.5,20.88,604654,12800275.0
1997-06-24,sh.600795,20.88,20.95,20.1,20.6,339195,6911658.0
1997-06-25,sh.600795,20.4,20.7,20.1,20.4,326938,6682291.0
1997-06-26,sh.600795,20.4,20.77,20.35,20.62,406960,8370606.0
1997-06-27,sh.600795,20.5,20.69,19.59,20.69,738973,14832704.0
1997-07-02,sh.600795,20.3,20.53,19.6,20.3,257522,5166503.0
1997-07-03,sh.600795,20.3,20.5,19.9,20.46,369776,7476441.0
1997-07-04,sh.600795,20.4,21.87,20.05,21.75,1416372,30168069.0
1997-07-07,sh.600795,21.6,22.6,21.58,22.18,1350124,29821185.0
1997-07-08,sh.600795,21.9,22.11,20.51,21.6,571915,12188904.0
1997-07-09,sh.600795,21.6,21.66,21.0,21.6,343082,7291539.0
1997-07-10,sh.600795,21.6,21.75,21.31,21.6,294942,6356527.0
1997-07-11,sh.600795,21.6,22.4,21.32,22.36,1266550,28177008.0
1997-07-14,sh.600795,22.28,22.96,21.78,22.9,1466579,32873069.0
1997-07-15,sh.600795,25.19,25.19,23.44,23.95,4497406,111275686.0
1997-07-16,sh.600795,23.53,23.55,22.3,22.88,1473070,33546003.0
1997-07-17,sh.600795,22.6,23.19,22.3,22.9,762650,17240008.0
1997-07-18,sh.600795,22.7,23.6,22.61,23.58,655607,15241065.0
1997-07-21,sh.600795,23.46,24.02,22.65,22.95,593566,13911524.0
1997-07-22,sh.600795,22.6,23.12,22.32,22.95,493910,11205442.0
1997-07-23,sh.600795,23.0,23.46,22.75,23.3,530299,12311454.0
1997-07-24,sh.600795,23.18,24.0,23.18,23.27,806550,19123798.0
1997-07-25,sh.600795,23.28,23.42,22.9,23.28,404730,9381859.0
1997-07-28,sh.600795,23.3,24.25,23.2,23.93,1278385,30611189.0
1997-07-29,sh.600795,24.9,25.5,23.59,24.08,949044,22881760.0
1997-07-30,sh.600795,24.06,24.7,24.0,24.68,669950,16342800.0
1997-07-31,sh.600795,24.75,26.08,24.75,25.49,1856435,47549415.0
1997-08-01,sh.600795,25.4,25.8,25.21,25.76,660112,16913518.0
1997-08-04,sh.600795,25.74,26.75,25.16,25.4,1787800,46665968.0
1997-08-05,sh.600795,25.0,25.98,24.51,25.65,780059,19568813.0
1997-08-06,sh.600795,25.6,25.9,25.26,25.28,395660,10119890.0
1997-08-07,sh.600795,25.0,25.68,24.9,25.5,234701,5907606.0
1997-08-08,sh.600795,25.64,25.96,25.4,25.5,249326,6375139.0
1997-08-11,sh.600795,25.5,25.62,24.0,24.02,770108,18766138.0
1997-08-12,sh.600795,23.8,24.48,23.63,23.72,377528,9011566.0
1997-08-13,sh.600795,23.68,24.01,23.65,23.81,176119,4201439.0
1997-08-14,sh.600795,24.0,24.69,23.82,24.52,177881,4335037.0
1997-08-15,sh.600795,24.7,24.78,23.88,24.0,114400,2757990.0
1997-08-18,sh.600795,23.9,24.35,23.29,23.32,163641,3848322.0
1997-08-19,sh.600795,23.3,23.98,23.3,23.8,73122,1734409.0
1997-08-20,sh.600795,23.8,24.2,23.61,24.08,140729,3364123.0
1997-08-21,sh.600795,24.0,24.28,23.89,23.95,88429,2126252.0
1997-08-22,sh.600795,24.03,24.03,23.7,24.0,91050,2178653.0
1997-08-25,sh.600795,24.01,25.5,23.45,24.8,274776,6661315.0
1997-08-26,sh.600795,24.75,25.48,24.38,24.7,182819,4542085.0
1997-08-27,sh.600795,24.5,25.2,24.19,24.31,77100,1883286.0
1997-08-28,sh.600795,24.3,24.45,23.81,23.85,168350,4047120.0
1997-08-29,sh.600795,23.8,24.25,23.5,23.86,136794,3260798.0
1997-09-01,sh.600795,23.8,24.25,23.6,24.16,199814,4781630.0
1997-09-02,sh.600795,23.86,24.44,23.61,24.0,146681,3508280.0
1997-09-03,sh.600795,24.0,24.4,24.0,24.21,124941,3020102.0
1997-09-04,sh.600795,25.2,25.28,24.45,24.6,142531,3526476.0
1997-09-05,sh.600795,24.5,24.65,24.02,24.3,66555,1618644.0
1997-09-08,sh.600795,24.3,24.3,23.9,24.0,96442,2321386.0
1997-09-09,sh.600795,24.0,24.17,24.0,24.02,54898,1319971.0
1997-09-10,sh.600795,24.0,24.59,24.0,24.05,66900,1616117.0
1997-09-11,sh.600795,24.2,24.78,23.93,24.25,86113,2090349.0
1997-09-12,sh.600795,24.3,24.4,23.9,24.0,64800,1560295.0
1997-09-15,sh.600795,23.95,24.01,23.3,23.58,187776,4437430.0
1997-09-16,sh.600795,23.36,24.36,23.3,24.36,463310,10884252.0
1997-09-17,sh.600795,24.1,24.5,23.9,24.36,180812,4375083.0
1997-09-18,sh.600795,24.15,24.66,24.13,24.66,235008,5716076.0
1997-09-19,sh.600795,24.69,25.98,24.46,24.85,842011,21335188.0
1997-09-22,sh.600795,25.0,25.55,23.8,24.0,601482,15042646.0
1997-09-23,sh.600795,24.0,24.8,23.7,23.83,304521,7329454.0
1997-09-24,sh.600795,24.3,24.6,24.16,24.45,205487,4998714.0
1997-09-25,sh.600795,24.8,24.91,24.2,24.3,98933,2412295.0
1997-09-26,sh.600795,24.57,24.57,24.05,24.38,44834,1092728.0
1997-09-29,sh.600795,24.8,24.82,24.2,24.25,84092,2042268.0
1997-09-30,sh.600795,24.0,24.48,24.0,24.39,66880,1624518.0
1997-10-06,sh.600795,24.49,24.49,24.2,24.2,47886,1162264.0
1997-10-07,sh.600795,24.25,24.25,23.98,24.05,52765,1269048.0
1997-10-08,sh.600795,24.3,24.45,24.02,24.07,221835,5355483.0
1997-10-09,sh.600795,24.2,24.2,23.85,23.85,101100,2424972.0
1997-10-10,sh.600795,24.0,24.0,23.7,23.75,113850,2708348.0
1997-10-13,sh.600795,24.8,24.8,23.75,23.75,113043,2717862.0
1997-10-14,sh.600795,23.8,23.95,23.7,23.8,44800,1066297.0
1997-10-15,sh.600795,23.9,24.35,23.8,24.3,79241,1902677.0
1997-10-16,sh.600795,24.5,24.99,24.02,24.5,442627,10827461.0
1997-10-17,sh.600795,24.8,25.35,24.6,25.15,526689,13201090.0
1997-10-20,sh.600795,25.51,25.51,24.68,24.91,243750,6095960.0
1997-10-21,sh.600795,24.98,25.2,24.8,24.92,205442,5132108.0
1997-10-22,sh.600795,25.0,25.19,24.2,24.5,322544,7975105.0
1997-10-23,sh.600795,24.5,25.04,24.25,24.7,240064,5942297.0
1997-10-24,sh.600795,24.69,25.62,24.45,25.2,722054,18276394.0
1997-10-27,sh.600795,25.48,27.72,25.44,27.72,2415520,66074766.0
1997-10-28,sh.600795,28.88,29.8,26.51,27.4,2303369,65703536.0
1997-10-29,sh.600795,27.1,29.8,26.82,29.8,841925,23573522.0
1997-10-30,sh.600795,29.92,30.7,28.5,28.8,3777347,113042922.0
1997-10-31,sh.600795,28.1,28.8,27.71,28.16,592255,16675842.0
1997-11-03,sh.600795,27.9,28.13,27.5,27.8,304151,8463901.0
1997-11-04,sh.600795,27.8,28.68,27.8,28.45,181478,5115355.0
1997-11-05,sh.600795,28.4,29.3,28.4,28.9,213525,6152974.0
1997-11-06,sh.600795,28.78,29.27,28.5,28.56,246312,7104151.0
1997-11-07,sh.600795,28.4,28.9,28.2,28.6,173200,4939375.0
1997-11-10,sh.600795,28.8,30.7,28.7,28.9,309465,9054424.0
1997-11-11,sh.600795,29.3,29.3,28.8,29.14,222902,6469773.0
1997-11-12,sh.600795,29.14,29.5,28.5,28.75,185292,5359446.0
1997-11-13,sh.600795,28.7,28.84,28.0,28.84,201041,5687210.0
1997-11-14,sh.600795,28.8,29.3,28.12,28.82,187839,5429732.0
1997-11-17,sh.600795,29.0,29.1,28.6,28.85,103214,2975915.0
1997-11-18,sh.600795,28.75,29.5,28.7,29.26,231118,6737295.0
1997-11-19,sh.600795,29.03,29.45,29.0,29.18,143806,4213429.0
1997-11-20,sh.600795,29.0,29.4,28.9,29.08,109529,3190512.0
1997-11-21,sh.600795,28.5,29.0,28.5,28.6,142442,4089444.0
1997-11-24,sh.600795,28.5,28.5,27.71,27.88,145910,4109857.0
1997-11-25,sh.600795,27.8,27.84,27.01,27.6,186831,5141338.0
1997-11-26,sh.600795,27.48,27.89,26.88,27.15,377886,10224512.0
1997-11-27,sh.600795,27.0,27.47,26.8,26.9,167599,4551401.0
1997-11-28,sh.600795,26.6,27.0,26.55,26.95,170293,4563323.0
1997-12-01,sh.600795,26.99,26.99,26.32,26.33,189530,5015976.0
1997-12-02,sh.600795,26.3,26.51,26.29,26.33,144460,3814770.0
1997-12-03,sh.600795,26.35,26.8,26.31,26.65,75599,2000350.0
1997-12-04,sh.600795,26.45,27.79,26.45,27.4,149468,4039587.0
1997-12-05,sh.600795,27.41,27.86,27.1,27.39,149366,4126760.0
1997-12-08,sh.600795,27.3,27.8,27.3,27.65,46817,1294554.0
1997-12-09,sh.600795,27.6,27.83,27.31,27.77,78679,2180892.0
1997-12-10,sh.600795,27.78,27.8,27.36,27.41,148300,4080099.0
1997-12-11,sh.600795,27.58,27.8,27.02,27.76,144521,3969355.0
1997-12-12,sh.600795,27.7,28.8,27.33,28.4,280620,7924710.0
1997-12-15,sh.600795,28.6,29.75,28.42,29.55,444902,13088481.0
1997-12-16,sh.600795,29.7,29.7,29.3,29.32,215728,6349265.0
1997-12-17,sh.600795,29.2,29.2,28.5,28.61,244626,7063441.0
1997-12-18,sh.600795,28.65,29.2,28.38,29.04,215774,6212999.0
1997-12-19,sh.600795,29.19,29.98,29.0,29.9,427874,12650148.0
1997-12-22,sh.600795,30.12,32.0,30.08,31.8,999391,30746611.0
1997-12-23,sh.600795,31.88,32.08,30.99,31.61,485021,15294763.0
1997-12-24,sh.600795,31.3,32.25,31.0,31.99,316914,10104205.0
1997-12-25,sh.600795,31.99,33.58,31.82,33.15,542215,17882569.0
1997-12-26,sh.600795,33.5,33.69,29.84,32.4,338141,11137075.0
1997-12-29,sh.600795,32.6,32.6,31.5,31.56,489231,15572415.0
1997-12-30,sh.600795,30.96,32.21,30.96,31.6,253400,8077774.0
1997-12-31,sh.600795,31.6,32.9,31.31,32.66,371970,11913352.0
1998-01-05,sh.600795,32.9,34.2,32.8,33.5,561026,18878283.0
1998-01-06,sh.600795,33.6,33.9,33.4,33.74,339817,11431337.0
1998-01-07,sh.600795,33.88,33.88,32.9,33.11,394510,13061329.0
1998-01-08,sh.600795,33.0,33.8,32.6,33.3,235293,7809110.0
1998-01-09,sh.600795,32.99,34.2,32.99,33.88,488457,16446588.0
1998-01-12,sh.600795,34.04,35.23,34.0,34.0,436417,15212895.0
1998-01-13,sh.600795,33.7,33.7,30.6,32.3,1023158,32505399.0
1998-01-14,sh.600795,32.3,33.12,32.18,32.26,389901,12742125.0
1998-01-15,sh.600795,32.8,34.6,32.8,34.3,463907,15568741.0
1998-01-16,sh.600795,34.9,36.5,34.79,36.3,1113138,39881676.0
1998-01-19,sh.600795,36.5,38.1,36.0,36.49,1009590,37547647.0
1998-01-20,sh.600795,36.38,36.6,34.8,35.7,441053,15793198.0
1998-01-21,sh.600795,35.51,35.82,34.8,35.0,263059,9248839.0
1998-01-22,sh.600795,35.0,36.7,34.7,36.46,290920,10497746.0
1998-01-23,sh.600795,36.88,36.88,36.14,36.64,389834,14225941.0
1998-02-09,sh.600795,37.2,37.8,35.96,36.0,358396,13088310.0
1998-02-10,sh.600795,36.12,36.13,33.5,34.0,440510,15224607.0
1998-02-11,sh.600795,33.79,34.6,32.8,33.67,440568,14772544.0
1998-02-12,sh.600795,33.68,34.29,33.1,33.37,214010,7201467.0
1998-02-13,sh.600795,33.7,34.47,33.4,33.95,210640,7135138.0
1998-02-16,sh.600795,33.8,33.8,32.7,33.0,265196,8779797.0
1998-02-17,sh.600795,32.7,33.46,32.51,33.05,166110,5471403.0
1998-02-18,sh.600795,33.0,33.3,31.9,32.2,359900,11675756.0
1998-02-19,sh.600795,32.3,32.98,31.9,32.98,321444,10310343.0
1998-02-20,sh.600795,33.2,33.48,32.58,32.8,149192,4920969.0
1998-02-23,sh.600795,32.0,33.0,31.8,32.3,189203,6070483.0
1998-02-24,sh.600795,32.2,32.89,31.95,32.0,221700,7135137.0
1998-02-25,sh.600795,32.0,32.15,29.8,30.5,492533,15307466.0
1998-02-26,sh.600795,30.35,31.5,30.35,31.05,283783,8738480.0
1998-02-27,sh.600795,31.2,31.88,31.1,31.4,207485,6531151.0
1998-03-02,sh.600795,30.8,31.4,30.01,30.35,422617,12960597.0
1998-03-03,sh.600795,31.5,31.5,28.5,30.78,525291,15757277.0
1998-03-04,sh.600795,30.8,32.5,30.8,32.4,489981,15632880.0
1998-03-05,sh.600795,33.3,33.3,31.8,31.8,349550,11337097.0
1998-03-06,sh.600795,31.6,31.97,31.48,31.8,266179,8422893.0
1998-03-09,sh.600795,31.8,32.35,31.7,31.99,251821,8051162.0
1998-03-10,sh.600795,32.0,32.2,31.56,31.95,227774,7245539.0
1998-03-11,sh.600795,32.06,32.5,31.5,32.0,191320,6129308.0
1998-03-12,sh.600795,32.0,32.2,31.46,31.67,208096,6613392.0
1998-03-13,sh.600795,31.65,31.75,31.0,31.75,253825,7971331.0
1998-03-16,sh.600795,31.5,31.99,31.5,31.75,272764,8660050.0
1998-03-17,sh.600795,31.75,32.18,31.75,32.05,160868,5138666.0
1998-03-18,sh.600795,32.02,32.98,31.98,32.05,377393,12230851.0
1998-03-19,sh.600795,32.0,32.49,31.79,32.08,194000,6221435.0
1998-03-20,sh.600795,32.05,32.48,32.05,32.3,96610,3121366.0
1998-03-23,sh.600795,32.48,32.48,32.04,32.38,98571,3186855.0
1998-03-24,sh.600795,32.5,33.1,32.3,33.1,156199,5140577.0
1998-03-25,sh.600795,33.5,33.7,32.8,33.0,263300,8710071.0
1998-03-26,sh.600795,33.0,33.1,32.82,33.05,170124,5606851.0
1998-03-27,sh.600795,33.0,34.08,32.82,33.9,249019,8291477.0
1998-03-30,sh.600795,33.0,34.25,33.0,33.93,296605,10034199.0
1998-03-31,sh.600795,33.86,34.95,33.8,34.69,272326,9402881.0
1998-04-01,sh.600795,34.5,35.16,34.5,34.8,257725,8954669.0
1998-04-02,sh.600795,34.8,35.1,34.6,34.8,278325,9700072.0
1998-04-03,sh.600795,34.9,35.0,34.63,34.75,202440,7040359.0
1998-04-07,sh.600795,35.25,35.45,34.51,34.8,198362,6937908.0
1998-04-08,sh.600795,34.79,35.08,34.55,35.0,308296,10731886.0
1998-04-09,sh.600795,35.5,37.0,34.98,36.1,640004,23142221.0
1998-04-10,sh.600795,36.1,37.78,36.0,37.5,728555,27113087.0
1998-04-13,sh.600795,29.99,31.74,29.55,31.24,1855405,56177111.0
1998-04-14,sh.600795,31.26,32.6,30.25,30.49,1631439,51448452.0
1998-04-15,sh.600795,30.5,31.0,30.21,30.76,551602,16927488.0
1998-04-16,sh.600795,30.83,30.99,30.62,30.71,284076,8749239.0
1998-04-17,sh.600795,30.76,30.9,30.5,30.79,338371,10380767.0
1998-04-20,sh.600795,30.76,31.98,30.72,31.88,391532,12338193.0
1998-04-21,sh.600795,31.88,32.28,31.6,31.9,401223,12807007.0
1998-04-22,sh.600795,32.0,32.1,31.85,32.06,185504,5924717.0
1998-04-23,sh.600795,32.2,33.98,32.2,33.68,520178,17370286.0
1998-04-24,sh.600795,33.8,34.65,33.6,34.0,333655,11345662.0
1998-04-27,sh.600795,34.15,34.25,33.65,33.7,280481,9527243.0
1998-04-28,sh.600795,33.5,33.9,32.96,33.58,466622,15475593.0
1998-04-29,sh.600795,33.58,34.18,33.5,33.9,282326,9510091.0
1998-04-30,sh.600795,34.1,34.38,33.3,34.2,315022,10617366.0
1998-05-04,sh.600795,34.25,34.8,33.98,34.15,321685,10997210.0
1998-05-05,sh.600795,34.23,34.6,33.28,33.92,248567,8341584.0
1998-05-06,sh.600795,33.66,34.16,33.28,34.0,157785,5340056.0
1998-05-07,sh.600795,33.61,33.68,31.0,32.95,430238,14209439.0
1998-05-08,sh.600795,32.5,33.47,32.45,33.47,296574,9694435.0
1998-05-11,sh.600795,33.0,33.0,32.28,32.5,201440,6548262.0
1998-05-12,sh.600795,32.0,32.1,31.58,32.0,313883,9979879.0
1998-05-13,sh.600795,31.88,32.2,31.7,31.77,157010,5000958.0
1998-05-14,sh.600795,31.7,33.0,31.7,32.5,197627,6338483.0
1998-05-15,sh.600795,32.3,33.1,32.0,32.75,130433,4274574.0
1998-05-18,sh.600795,32.5,33.0,32.0,32.68,108590,3532059.0
1998-05-19,sh.600795,32.5,32.52,32.08,32.52,104896,3390848.0
1998-05-20,sh.600795,32.4,32.5,32.1,32.18,170914,5511491.0
1998-05-21,sh.600795,32.15,32.4,31.7,32.24,128027,4091847.0
1998-05-22,sh.600795,32.1,32.99,32.1,32.95,197012,6425322.0
1998-05-25,sh.600795,33.0,33.1,32.55,32.6,144755,4753607.0
1998-05-26,sh.600795,32.55,32.55,31.9,32.4,106294,3427873.0
1998-05-27,sh.600795,32.0,32.88,31.89,32.35,202589,6504577.0
1998-05-28,sh.600795,32.0,33.18,31.01,33.18,720425,22918191.0
1998-05-29,sh.600795,33.0,33.88,32.55,33.88,480437,15937329.0
1998-06-01,sh.600795,33.5,33.6,32.98,33.25,227603,7564021.0
1998-06-02,sh.600795,33.1,33.1,32.56,32.85,260392,8528056.0
1998-06-03,sh.600795,32.8,33.29,32.56,33.0,105148,3438420.0
1998-06-04,sh.600795,32.85,33.05,32.5,32.7,103907,3388465.0
1998-06-05,sh.600795,32.69,33.3,32.66,33.0,177104,5824612.0
1998-06-08,sh.600795,33.1,33.1,32.18,33.0,74833,2464090.0
1998-06-09,sh.600795,32.8,32.98,32.5,32.95,94604,3103194.0
1998-06-10,sh.600795,32.8,33.52,32.8,33.28,168956,5612791.0
1998-06-11,sh.600795,33.1,33.6,33.05,33.1,203920,6803606.0
1998-06-12,sh.600795,33.4,33.5,33.1,33.39,167240,5563537.0
1998-06-15,sh.600795,33.15,33.32,32.8,32.99,105924,3501873.0
1998-06-16,sh.600795,32.82,33.05,32.46,33.05,153376,5019533.0
1998-06-17,sh.600795,32.95,33.0,32.2,32.72,86846,2838414.0
1998-06-18,sh.600795,32.7,33.05,32.6,32.98,105817,3479532.0
1998-06-19,sh.600795,32.8,34.18,32.78,33.95,541506,18145802.0
1998-06-22,sh.600795,33.8,34.12,33.8,33.95,157292,5345337.0
1998-06-23,sh.600795,33.79,33.92,33.5,33.8,60291,2030398.0
1998-06-24,sh.600795,33.72,34.38,33.72,33.93,95060,3231279.0
1998-06-25,sh.600795,33.85,34.5,33.5,33.84,85807,2906689.0
1998-06-26,sh.600795,33.8,34.09,33.8,34.02,133041,4521484.0
1998-06-29,sh.600795,33.85,34.18,33.5,34.17,145061,4933064.0
1998-06-30,sh.600795,34.0,34.12,33.73,34.07,119730,4074056.0
1998-07-01,sh.600795,34.0,35.45,34.0,34.89,546773,19091781.0
1998-07-02,sh.600795,34.7,35.25,34.6,34.95,180078,6288564.0
1998-07-03,sh.600795,35.0,35.26,34.6,34.89,117905,4108475.0
1998-07-06,sh.600795,34.7,35.15,33.91,34.89,207033,7153723.0
1998-07-07,sh.600795,34.68,35.1,33.96,35.0,184101,6379553.0
1998-07-08,sh.600795,34.75,35.16,34.75,35.15,154169,5399650.0
1998-07-09,sh.600795,35.0,35.71,35.0,35.59,203420,7206510.0
1998-07-10,sh.600795,35.36,36.97,35.36,36.6,489089,17794764.0
1998-07-13,sh.600795,36.56,38.21,36.56,38.01,1154732,43646698.0
1998-07-14,sh.600795,40.48,41.75,38.0,38.38,1960491,76693246.0
1998-07-15,sh.600795,38.0,38.0,36.65,37.8,806718,30099318.0
1998-07-16,sh.600795,37.5,37.75,36.75,37.51,320507,11917044.0
1998-07-17,sh.600795,37.5,37.5,36.65,36.68,322000,11856204.0
1998-07-20,sh.600795,35.8,36.21,35.0,35.08,394642,13963673.0
1998-07-21,sh.600795,35.0,36.5,35.0,35.95,235051,8369255.0
1998-07-22,sh.600795,35.7,35.98,35.2,35.34,145041,5152720.0
1998-07-23,sh.600795,35.3,37.58,35.1,36.75,261284,9425478.0
1998-07-24,sh.600795,36.6,36.8,36.0,36.28,201980,7326112.0
1998-07-27,sh.600795,36.0,36.1,35.45,35.55,188530,6713889.0
1998-07-28,sh.600795,36.0,36.1,35.5,35.9,117291,4203353.0
1998-07-29,sh.600795,36.0,36.1,35.0,35.2,229570,8117738.0
1998-07-30,sh.600795,35.15,35.45,35.15,35.2,123235,4343877.0
1998-07-31,sh.600795,35.1,35.79,35.1,35.47,94010,3323631.0
1998-08-03,sh.600795,35.4,35.5,35.0,35.44,169007,5929791.0
1998-08-04,sh.600795,35.11,35.48,35.0,35.48,78077,2743106.0
1998-08-05,sh.600795,35.3,35.89,35.3,35.84,81560,2911885.0
1998-08-06,sh.600795,35.5,35.88,35.5,35.68,63370,2264409.0
1998-08-07,sh.600795,35.61,35.61,34.0,34.45,253228,8803976.0
1998-08-10,sh.600795,34.0,34.0,32.69,33.0,199985,6666818.0
1998-08-11,sh.600795,33.0,33.48,32.89,33.0,98970,3280039.0
1998-08-12,sh.600795,32.99,33.2,31.56,32.6,169340,5481632.0
1998-08-13,sh.600795,32.2,33.15,32.0,33.15,152200,4958125.0
1998-08-14,sh.600795,33.0,33.0,32.2,32.36,125053,4069907.0
1998-08-18,sh.600795,32.9,32.9,29.99,30.15,386742,11910402.0
1998-08-19,sh.600795,30.01,31.7,30.01,31.7,182204,5656940.0
1998-08-20,sh.600795,31.95,33.48,31.6,32.24,511730,16553483.0
1998-08-21,sh.600795,32.58,33.46,32.5,33.45,504100,16672237.0
1998-08-24,sh.600795,21.25,21.34,20.2,20.25,520096,10718607.0
1998-08-25,sh.600795,20.1,20.1,19.4,19.61,329670,6483111.0
1998-08-26,sh.600795,19.48,20.49,19.3,19.76,409311,8079165.0
1998-08-27,sh.600795,19.6,19.9,19.41,19.45,318112,6247772.0
1998-08-28,sh.600795,19.6,19.9,19.38,19.38,157283,3069691.0
1998-08-31,sh.600795,19.38,19.5,17.82,19.1,419032,7774424.0
1998-09-01,sh.600795,19.1,19.1,18.52,18.63,214959,4026734.0
1998-09-02,sh.600795,18.53,18.96,18.2,18.72,128341,2396283.0
1998-09-03,sh.600795,18.8,19.45,18.8,19.39,179586,3454588.0
1998-09-04,sh.600795,19.4,19.99,19.4,19.96,315018,6263822.0
1998-09-07,sh.600795,20.18,20.2,19.7,19.79,287784,5726155.0
1998-09-08,sh.600795,19.79,19.88,19.0,19.67,218880,4300893.0
1998-09-09,sh.600795,19.6,20.15,19.42,19.95,197687,3900259.0
1998-09-10,sh.600795,20.17,20.33,19.89,20.33,519069,10448950.0
1998-09-11,sh.600795,20.2,22.36,19.95,20.48,4017773,83778344.0
1998-09-14,sh.600795,20.45,21.4,20.3,20.9,1038225,21758344.0
1998-09-15,sh.600795,20.81,21.0,20.45,20.47,585484,12138990.0
1998-09-16,sh.600795,20.47,20.69,20.28,20.64,395616,8085778.0
1998-09-17,sh.600795,20.64,20.66,20.35,20.38,586516,11983222.0
1998-09-18,sh.600795,20.38,20.55,20.0,20.3,395039,8002583.0
1998-09-21,sh.600795,19.8,20.48,19.75,20.41,316510,6438156.0
1998-09-22,sh.600795,20.3,20.86,20.3,20.42,168000,3444289.0
1998-09-23,sh.600795,20.26,20.5,20.26,20.38,128914,2630669.0
1998-09-24,sh.600795,20.3,20.4,20.18,20.25,234891,4758943.0
1998-09-25,sh.600795,20.21,20.4,20.15,20.36,220580,4476650.0
1998-09-28,sh.600795,20.6,20.6,20.3,20.42,172510,3526559.0
1998-09-29,sh.600795,20.42,20.6,20.41,20.42,102883,2102527.0
1998-09-30,sh.600795,20.44,20.5,20.41,20.42,128353,2622460.0
1998-10-05,sh.600795,20.46,21.2,20.44,20.93,272150,5695601.0
1998-10-06,sh.600795,21.01,21.26,20.6,20.8,255692,5380792.0
1998-10-07,sh.600795,20.81,20.98,20.45,20.58,183762,3794037.0
1998-10-08,sh.600795,20.55,20.9,18.6,20.5,188621,3851552.0
1998-10-09,sh.600795,20.8,20.8,20.55,20.61,158432,3274396.0
1998-10-12,sh.600795,20.61,20.7,20.48,20.55,298859,6148554.0
1998-10-13,sh.600795,20.65,20.66,20.43,20.5,302912,6214427.0
1998-10-14,sh.600795,20.45,20.7,20.45,20.58,180816,3728271.0
1998-10-15,sh.600795,20.55,20.78,20.45,20.48,231200,4746176.0
1998-10-16,sh.600795,20.48,20.83,20.48,20.6,214705,4432362.0
1998-10-19,sh.600795,20.7,20.75,20.46,20.68,217532,4482454.0
1998-10-20,sh.600795,20.78,20.8,20.62,20.65,122092,2524609.0
1998-10-21,sh.600795,20.61,20.65,20.1,20.27,376430,7680720.0
1998-10-22,sh.600795,20.24,20.5,20.11,20.4,266461,5412385.0
1998-10-23,sh.600795,20.5,20.79,20.45,20.6,201914,4160512.0
1998-10-26,sh.600795,20.55,20.78,20.48,20.6,269690,5549243.0
1998-10-27,sh.600795,20.6,21.5,20.53,21.39,679772,14370219.0
1998-10-28,sh.600795,21.46,22.5,21.46,22.49,1106916,24676272.0
1998-10-29,sh.600795,22.8,22.85,21.83,22.32,529319,11750563.0
1998-10-30,sh.600795,22.3,22.5,21.91,21.98,388005,8614437.0
1998-11-02,sh.600795,21.85,22.8,21.85,22.73,281056,6268085.0
1998-11-03,sh.600795,22.7,22.9,22.5,22.6,273192,6200205.0
1998-11-04,sh.600795,22.7,22.7,22.15,22.2,150320,3354111.0
1998-11-05,sh.600795,22.2,22.5,21.9,22.42,265601,5886887.0
1998-11-06,sh.600795,22.5,23.5,22.32,23.08,626583,14289581.0
1998-11-09,sh.600795,23.42,23.89,23.28,23.63,750457,17692095.0
1998-11-10,sh.600795,23.68,23.8,23.0,23.45,342250,7981060.0
1998-11-11,sh.600795,23.23,23.7,23.2,23.52,317026,7423046.0
1998-11-12,sh.600795,23.5,24.12,23.45,23.76,548831,13114229.0
1998-11-13,sh.600795,23.71,24.0,23.71,23.85,299280,7137005.0
1998-11-16,sh.600795,24.01,24.95,24.01,24.91,734308,18034703.0
1998-11-17,sh.600795,24.9,25.33,24.68,24.95,1034388,25819955.0
1998-11-18,sh.600795,24.7,25.17,24.7,24.95,480934,12004519.0
1998-11-19,sh.600795,24.72,24.99,24.72,24.8,360079,8944010.0
1998-11-20,sh.600795,24.8,24.8,24.3,24.68,387649,9497993.0
1998-11-23,sh.600795,24.7,24.8,24.49,24.63,221151,5435228.0
1998-11-24,sh.600795,24.58,24.9,24.22,24.68,263393,6450455.0
1998-11-25,sh.600795,24.8,24.85,24.2,24.67,226636,5558549.0
1998-11-26,sh.600795,24.6,24.7,24.4,24.4,205280,5047617.0
1998-11-27,sh.600795,24.26,24.42,24.01,24.05,422988,10208833.0
1998-11-30,sh.600795,24.0,24.0,23.21,23.21,536320,12651188.0
1998-12-01,sh.600795,23.06,23.21,22.05,22.2,1000971,22690632.0
1998-12-02,sh.600795,22.0,22.43,21.75,22.34,388297,8602006.0
1998-12-03,sh.600795,22.48,22.9,22.45,22.7,339920,7722276.0
1998-12-04,sh.600795,22.9,22.95,22.55,22.95,196395,4467400.0
1998-12-07,sh.600795,23.3,23.3,22.55,22.97,172558,3933336.0
1998-12-08,sh.600795,22.68,23.0,22.61,23.0,188022,4291502.0
1998-12-09,sh.600795,22.86,23.35,22.8,23.35,199486,4604423.0
1998-12-10,sh.600795,23.26,23.7,23.26,23.48,184016,4323230.0
1998-12-11,sh.600795,23.4,23.79,23.14,23.64,198348,4643130.0
1998-12-14,sh.600795,23.56,23.8,23.01,23.69,247771,5850002.0
1998-12-15,sh.600795,23.6,23.6,23.0,23.39,176219,4090089.0
1998-12-16,sh.600795,23.42,23.42,22.6,22.89,101520,2325444.0
1998-12-17,sh.600795,22.48,22.6,22.01,22.2,120358,2680425.0
1998-12-18,sh.600795,22.01,22.32,21.85,22.08,183858,4046279.0
1998-12-21,sh.600795,22.0,22.15,21.76,22.12,84874,1861960.0
1998-12-22,sh.600795,22.1,22.88,22.1,22.85,103164,2327047.0
1998-12-23,sh.600795,22.5,22.89,22.5,22.53,98400,2233413.0
1998-12-24,sh.600795,22.5,22.98,22.15,22.7,75924,1712839.0
1998-12-25,sh.600795,22.7,23.4,22.6,23.2,263497,6087876.0
1998-12-28,sh.600795,23.4,23.41,23.06,23.28,327756,7621170.0
1998-12-29,sh.600795,23.0,23.42,22.8,23.33,408962,9485039.0
1998-12-30,sh.600795,23.25,23.3,22.4,23.0,228055,5219900.0
1998-12-31,sh.600795,23.0,23.1,22.7,23.07,139390,3198623.0
1999-01-04,sh.600795,23.07,23.07,22.4,22.7,58420,1322796.0
1999-01-05,sh.600795,22.5,22.68,22.11,22.65,40660,912349.0
1999-01-06,sh.600795,22.62,22.95,22.5,22.8,28828,653787.0
1999-01-07,sh.600795,22.8,22.8,22.01,22.6,41347,929976.0
1999-01-08,sh.600795,22.5,23.39,22.38,23.18,97362,2223002.0
1999-01-11,sh.600795,23.02,23.02,22.72,22.88,46556,1063950.0
1999-01-12,sh.600795,22.88,23.2,22.81,22.95,61834,1422576.0
1999-01-13,sh.600795,22.8,23.18,22.69,22.95,85594,1968997.0
1999-01-14,sh.600795,22.87,23.68,22.8,23.59,297858,6964575.0
1999-01-15,sh.600795,23.68,23.8,23.4,23.4,123986,2924897.0
1999-01-18,sh.600795,23.5,24.42,23.43,24.23,581999,14082514.0
1999-01-19,sh.600795,24.48,24.48,23.9,24.05,270016,6507334.0
1999-01-20,sh.600795,24.3,24.3,23.46,23.62,192832,4586140.0
1999-01-21,sh.600795,23.62,23.8,23.0,23.8,201820,4723586.0
1999-01-22,sh.600795,23.4,23.98,23.38,23.7,100304,2375846.0
1999-01-25,sh.600795,23.38,24.0,23.36,23.38,194836,4605740.0
1999-01-26,sh.600795,23.4,23.45,22.92,23.06,165090,3835312.0
1999-01-27,sh.600795,22.8,23.3,22.8,23.2,132740,3060593.0
1999-01-28,sh.600795,23.12,23.18,22.9,23.18,94076,2166347.0
1999-01-29,sh.600795,23.0,23.18,22.8,23.18,108745,2492193.0
1999-02-01,sh.600795,23.08,23.2,22.91,23.2,119107,2738099.0
1999-02-02,sh.600795,23.18,23.62,23.0,23.5,190100,4425554.0
1999-02-03,sh.600795,23.6,23.6,23.0,23.49,78733,1824849.0
1999-02-04,sh.600795,23.4,23.41,22.86,23.41,100896,2332369.0
1999-02-05,sh.600795,23.22,23.22,22.9,22.95,72839,1672588.0
1999-02-08,sh.600795,22.5,22.95,22.0,22.1,369474,8253964.0
1999-02-09,sh.600795,21.99,23.05,21.99,23.05,255879,5763794.0
1999-03-01,sh.600795,23.0,23.05,22.4,22.66,62816,1425420.0
1999-03-02,sh.600795,22.6,22.66,22.1,22.21,113371,2523376.0
1999-03-03,sh.600795,22.01,22.6,22.01,22.48,117792,2627589.0
1999-03-04,sh.600795,22.48,23.5,22.41,23.48,205399,4750389.0
1999-03-05,sh.600795,23.6,23.68,22.8,23.6,165959,3901278.0
1999-03-08,sh.600795,23.6,23.6,23.25,23.38,87796,2046166.0
1999-03-09,sh.600795,23.3,23.55,23.26,23.46,162287,3796661.0
1999-03-10,sh.600795,23.2,23.38,23.07,23.3,94736,2199575.0
1999-03-11,sh.600795,23.2,23.7,23.15,23.66,195863,4609484.0
1999-03-12,sh.600795,23.5,23.9,23.5,23.9,190896,4518049.0
1999-03-15,sh.600795,23.6,25.5,23.23,25.5,712881,17609286.0
1999-03-16,sh.600795,24.98,24.98,23.85,24.0,350276,8487752.0
1999-03-17,sh.600795,23.89,23.89,23.3,23.4,167400,3925943.0
1999-03-18,sh.600795,23.38,23.38,23.1,23.38,74844,1738923.0
1999-03-19,sh.600795,23.3,23.65,23.1,23.65,129964,3032671.0
1999-03-22,sh.600795,23.4,23.45,23.18,23.4,137000,3188540.0
1999-03-23,sh.600795,23.2,23.5,23.2,23.5,69986,1631959.0
1999-03-24,sh.600795,23.4,23.7,23.4,23.6,77058,1811986.0
1999-03-25,sh.600795,23.6,24.2,23.5,23.93,232645,5556340.0
1999-03-26,sh.600795,23.8,24.09,23.8,24.0,152661,3659612.0
1999-03-29,sh.600795,23.8,24.08,23.26,23.7,284020,6686580.0
1999-03-30,sh.600795,23.7,23.7,23.29,23.49,101027,2364375.0
1999-03-31,sh.600795,23.4,23.65,23.3,23.6,114318,2679070.0
1999-04-01,sh.600795,23.6,24.05,23.3,23.92,223340,5310306.0
1999-04-02,sh.600795,23.88,24.1,23.7,24.0,214749,5141925.0
1999-04-05,sh.600795,24.08,24.25,23.3,23.55,282194,6694124.0
1999-04-06,sh.600795,23.52,23.8,23.5,23.77,71436,1696881.0
1999-04-07,sh.600795,23.7,23.7,23.35,23.4,105140,2470098.0
1999-04-08,sh.600795,23.41,23.65,23.41,23.54,81742,1920586.0
1999-04-09,sh.600795,23.7,23.76,23.37,23.44,88234,2073414.0
1999-04-12,sh.600795,23.41,23.44,23.08,23.13,217844,5058132.0
1999-04-13,sh.600795,23.13,23.49,23.09,23.3,55768,1298189.0
1999-04-14,sh.600795,23.3,23.39,23.22,23.3,38730,902180.0
1999-04-15,sh.600795,23.23,23.48,23.23,23.4,96064,2240597.0
1999-04-16,sh.600795,23.35,23.5,23.32,23.4,51702,1211120.0
1999-04-19,sh.600795,23.41,23.41,23.28,23.39,79792,1860328.0
1999-04-20,sh.600795,23.31,23.45,23.29,23.39,134742,3148201.0
1999-04-21,sh.600795,23.38,23.48,23.3,23.34,69750,1629276.0
1999-04-22,sh.600795,23.29,23.4,23.18,23.4,148308,3454525.0
1999-04-23,sh.600795,23.3,23.4,23.28,23.3,93608,2182592.0
1999-04-26,sh.600795,23.4,23.6,23.29,23.5,109408,2570806.0
1999-04-27,sh.600795,23.31,23.5,23.31,23.45,86796,2030967.0
1999-04-28,sh.600795,23.45,23.65,23.45,23.56,94388,2224165.0
1999-04-29,sh.600795,23.6,23.65,23.5,23.6,118884,2805222.0
1999-04-30,sh.600795,23.7,24.28,23.6,24.07,536070,12898359.0
1999-05-04,sh.600795,24.2,24.2,23.91,23.94,180040,4320965.0
1999-05-06,sh.600795,23.89,24.01,23.71,23.78,123011,2932082.0
1999-05-07,sh.600795,23.85,23.96,23.65,23.86,308861,7354253.0
1999-05-10,sh.600795,23.85,23.85,23.01,23.28,252249,5904088.0
1999-05-11,sh.600795,23.2,23.61,23.07,23.1,244008,5681656.0
1999-05-12,sh.600795,15.38,15.61,15.01,15.01,230221,3496818.0
1999-05-13,sh.600795,15.0,15.05,14.68,14.9,275429,4092214.0
1999-05-14,sh.600795,14.86,14.95,14.6,14.9,206627,3034580.0
1999-05-17,sh.600795,14.9,14.9,14.62,14.75,55110,808622.0
1999-05-18,sh.600795,14.75,14.8,14.66,14.75,38984,574995.0
1999-05-19,sh.600795,14.75,15.4,14.5,15.3,104140,1553475.0
1999-05-20,sh.600795,15.5,15.62,15.25,15.55,167521,2594993.0
1999-05-21,sh.600795,15.5,16.05,15.5,15.75,360991,5725662.0
1999-05-24,sh.600795,16.0,16.25,15.75,16.01,938579,14917267.0
1999-05-25,sh.600795,16.1,17.5,16.1,16.8,1717603,29139274.0
1999-05-26,sh.600795,16.7,17.0,16.43,16.7,457546,7649903.0
1999-05-27,sh.600795,16.72,17.3,16.72,17.03,731659,12444620.0
1999-05-28,sh.600795,17.2,17.38,16.68,17.08,620252,10484937.0
1999-05-31,sh.600795,17.08,17.44,16.48,16.9,549448,9261586.0
1999-06-01,sh.600795,16.7,16.98,16.48,16.9,618350,10260876.0
1999-06-02,sh.600795,16.8,16.88,16.5,16.8,634838,10584627.0
1999-06-03,sh.600795,16.61,16.7,16.48,16.68,486977,8076348.0
1999-06-04,sh.600795,16.8,17.3,16.5,17.3,1083990,18462158.0
1999-06-07,sh.600795,17.26,17.87,17.26,17.75,1399037,24660082.0
1999-06-08,sh.600795,17.65,17.76,17.14,17.45,750907,13044980.0
1999-06-09,sh.600795,17.35,17.38,17.08,17.38,458841,7878745.0
1999-06-10,sh.600795,17.39,17.39,17.1,17.28,611582,10528099.0
1999-06-11,sh.600795,17.2,17.38,16.9,17.38,797843,13606774.0
1999-06-14,sh.600795,17.33,18.0,17.3,17.75,1733701,30850801.0
1999-06-15,sh.600795,17.6,17.79,16.92,17.6,2102924,36841125.0
1999-06-16,sh.600795,17.5,18.4,17.47,18.38,2218741,39679067.0
1999-06-17,sh.600795,18.48,19.64,18.48,19.19,3936738,75310812.0
1999-06-18,sh.600795,19.15,20.2,19.0,19.9,3387666,66711263.0
1999-06-21,sh.600795,20.0,21.0,20.0,21.0,2469215,51268592.0
1999-06-22,sh.600795,21.0,21.09,20.4,20.99,1333566,27601354.0
1999-06-23,sh.600795,20.9,21.09,20.5,20.92,1675393,34790828.0
1999-06-24,sh.600795,20.95,22.0,20.8,21.9,2168127,46400017.0
1999-06-25,sh.600795,22.0,22.15,20.6,21.38,2644386,56678529.0
1999-06-28,sh.600795,20.9,22.1,20.9,22.1,2431969,51976727.0
1999-06-29,sh.600795,22.1,22.2,21.3,21.98,1750301,37894461.0
1999-06-30,sh.600795,21.85,21.85,20.7,21.3,1510141,31905276.0
1999-07-01,sh.600795,20.98,20.98,19.17,19.18,1943174,38136817.0
1999-07-02,sh.600795,19.1,20.7,18.99,20.7,1472700,29081672.0
1999-07-05,sh.600795,20.5,20.68,20.0,20.4,651662,13281519.0
1999-07-06,sh.600795,20.21,20.21,19.8,20.09,739037,14752744.0
1999-07-07,sh.600795,20.2,21.18,20.2,21.18,1066393,22117342.0
1999-07-08,sh.600795,21.3,22.8,21.3,22.79,2408013,53466404.0
1999-07-09,sh.600795,22.7,22.79,22.0,22.4,1035939,23312592.0
1999-07-12,sh.600795,22.4,22.55,21.75,22.2,595765,13184549.0
1999-07-13,sh.600795,22.0,22.0,21.19,21.68,552379,11873212.0
1999-07-14,sh.600795,21.28,21.8,21.28,21.8,481232,10396673.0
1999-07-15,sh.600795,21.68,21.68,21.05,21.3,410027,8718516.0
1999-07-16,sh.600795,21.3,21.3,20.71,20.77,453800,9511350.0
1999-07-19,sh.600795,20.3,20.65,20.3,20.49,439639,8968552.0
1999-07-20,sh.600795,20.51,21.48,20.4,21.45,393076,8228756.0
1999-07-21,sh.600795,21.32,21.99,20.79,21.55,628790,13530513.0
1999-07-22,sh.600795,21.22,21.3,20.4,20.7,723936,15002332.0
1999-07-23,sh.600795,20.7,21.08,20.7,21.08,354440,7391916.0
1999-07-26,sh.600795,21.0,21.8,20.8,21.7,480200,10300879.0
1999-07-27,sh.600795,22.0,22.0,20.89,21.48,499355,10597671.0
1999-07-28,sh.600795,21.3,21.8,20.99,21.6,393777,8442658.0
1999-07-29,sh.600795,21.55,21.58,21.3,21.45,209062,4467693.0
1999-07-30,sh.600795,21.4,21.78,21.1,21.58,451742,9666998.0
1999-08-02,sh.600795,21.5,21.64,21.16,21.41,250241,5350878.0
1999-08-03,sh.600795,21.35,21.39,20.9,21.07,398280,8398343.0
1999-08-04,sh.600795,20.99,21.15,20.8,21.0,343546,7209385.0
1999-08-05,sh.600795,21.2,21.2,20.85,20.98,327382,6866002.0
1999-08-06,sh.600795,21.02,21.1,20.55,20.68,465533,9635587.0
1999-08-09,sh.600795,20.68,20.78,20.3,20.34,354364,7233712.0
1999-08-10,sh.600795,20.34,21.4,20.28,20.85,450299,9365977.0
1999-08-11,sh.600795,20.78,21.27,20.65,20.7,193181,4031223.0
1999-08-12,sh.600795,20.7,21.06,20.7,20.71,333264,6980459.0
1999-08-13,sh.600795,20.71,21.05,20.71,21.0,199096,4161794.0
1999-08-16,sh.600795,20.99,21.08,20.81,21.0,191974,4022477.0
1999-08-17,sh.600795,21.0,21.2,20.8,20.87,394889,8305719.0
1999-08-18,sh.600795,20.99,21.38,20.6,21.1,546249,11537116.0
1999-08-19,sh.600795,21.0,21.4,20.86,21.33,513585,10897669.0
1999-08-20,sh.600795,21.35,21.56,21.0,21.3,271450,5770417.0
1999-08-23,sh.600795,21.1,21.48,21.1,21.33,213044,4526919.0
1999-08-24,sh.600795,21.33,21.98,21.1,21.8,1039685,22360990.0
1999-08-25,sh.600795,21.75,21.8,21.48,21.55,272258,5883834.0
1999-08-26,sh.600795,21.5,21.75,21.46,21.57,228470,4941240.0
1999-08-27,sh.600795,21.7,21.76,21.5,21.64,333519,7218937.0
1999-08-30,sh.600795,21.6,21.73,21.36,21.48,210516,4515805.0
1999-08-31,sh.600795,21.4,21.75,21.28,21.58,326640,7046774.0
1999-09-01,sh.600795,21.6,21.72,21.4,21.5,335870,7242730.0
1999-09-02,sh.600795,21.4,21.45,21.1,21.4,164844,3513292.0
1999-09-03,sh.600795,21.25,21.38,21.11,21.26,171494,3640947.0
1999-09-06,sh.600795,21.11,21.2,20.79,20.98,201583,4230369.0
1999-09-07,sh.600795,20.8,20.98,20.8,20.9,81178,1693662.0
1999-09-08,sh.600795,20.91,21.28,20.9,21.1,105791,2221055.0
1999-09-09,sh.600795,21.4,21.98,21.0,21.93,472692,10284021.0
1999-09-10,sh.600795,21.9,22.0,21.65,21.98,565738,12327328.0
1999-09-13,sh.600795,21.7,21.95,21.63,21.85,221318,4810959.0
1999-09-14,sh.600795,21.75,22.04,21.7,21.9,252144,5507756.0
1999-09-15,sh.600795,21.8,22.05,21.63,21.78,220270,4797180.0
1999-09-16,sh.600795,21.7,21.78,21.4,21.48,142303,3066699.0
1999-09-17,sh.600795,21.4,21.6,21.32,21.6,183878,3935430.0
1999-09-20,sh.600795,21.6,21.6,21.3,21.38,120454,2577279.0
1999-09-21,sh.600795,21.91,21.91,21.25,21.48,90522,1931570.0
1999-09-22,sh.600795,21.4,21.45,21.27,21.35,49351,1051741.0
1999-09-23,sh.600795,21.4,21.4,20.92,21.02,138062,2911809.0
1999-09-24,sh.600795,20.91,21.91,20.91,21.29,48720,1032930.0
1999-09-27,sh.600795,21.2,21.6,20.96,21.3,85528,1803187.0
1999-09-28,sh.600795,21.2,21.47,20.49,20.95,127760,2667195.0
1999-09-29,sh.600795,20.9,21.2,20.6,20.8,123950,2574155.0
1999-09-30,sh.600795,20.78,20.85,20.6,20.7,79000,1635589.0
1999-10-08,sh.600795,20.65,20.8,20.65,20.75,95600,1979197.0
1999-10-11,sh.600795,20.7,20.7,20.49,20.51,98198,2021044.0
1999-10-12,sh.600795,20.51,20.65,20.51,20.6,33000,677856.0
1999-10-13,sh.600795,20.55,20.98,20.49,20.53,40458,830622.0
1999-10-14,sh.600795,20.5,20.7,20.4,20.51,73971,1518192.0
1999-10-15,sh.600795,20.5,20.88,20.49,20.78,133260,2739257.0
1999-10-18,sh.600795,20.7,20.78,20.42,20.42,58600,1201333.0
1999-10-19,sh.600795,20.4,20.45,20.29,20.33,106778,2171377.0
1999-10-20,sh.600795,20.33,20.5,20.28,20.31,59695,1212033.0
1999-10-21,sh.600795,20.28,20.38,19.91,19.99,186412,3740071.0
1999-10-22,sh.600795,19.98,20.17,19.8,20.0,182202,3640542.0
1999-10-25,sh.600795,19.98,20.18,19.98,20.05,83956,1680945.0
1999-10-26,sh.600795,20.17,20.18,20.02,20.09,64425,1293574.0
1999-10-27,sh.600795,20.2,20.92,20.2,20.75,239134,4956244.0
1999-10-28,sh.600795,20.75,20.75,20.31,20.57,78887,1617733.0
1999-10-29,sh.600795,20.5,20.57,20.28,20.35,57294,1168328.0
1999-11-01,sh.600795,20.35,20.35,20.1,20.1,46400,937796.0
1999-11-02,sh.600795,20.11,20.3,20.1,20.19,40431,815840.0
1999-11-03,sh.600795,20.1,20.3,20.1,20.3,92352,1868275.0
1999-11-04,sh.600795,20.18,20.3,20.1,20.19,70279,1420322.0
1999-11-05,sh.600795,20.15,20.44,20.15,20.35,90106,1835246.0
1999-11-08,sh.600795,20.35,20.65,20.21,20.65,67480,1382770.0
1999-11-09,sh.600795,20.88,20.88,20.4,20.46,65730,1351258.0
1999-11-10,sh.600795,20.5,20.79,20.41,20.56,105411,2165075.0
1999-11-11,sh.600795,20.56,20.82,20.56,20.71,134151,2781744.0
1999-11-12,sh.600795,20.71,21.39,20.7,21.28,387071,8186409.0
1999-11-15,sh.600795,21.2,21.52,21.18,21.46,257690,5527562.0
1999-11-16,sh.600795,21.4,21.6,21.25,21.25,161850,3469360.0
1999-11-17,sh.600795,21.18,21.5,20.93,21.17,142529,3014570.0
1999-11-18,sh.600795,21.0,21.41,20.99,21.3,137870,2938551.0
1999-11-19,sh.600795,21.2,21.62,21.15,21.6,371085,7969191.0
1999-11-22,sh.600795,21.5,21.85,21.3,21.85,338068,7332349.0
1999-11-23,sh.600795,21.7,21.9,21.7,21.86,301459,6578847.0
1999-11-24,sh.600795,21.85,21.9,21.8,21.82,317452,6935869.0
1999-11-25,sh.600795,21.8,21.85,21.6,21.68,192844,4183912.0
1999-11-26,sh.600795,21.61,21.7,21.53,21.66,172664,3735686.0
1999-11-29,sh.600795,21.6,21.8,21.6,21.72,216208,4695245.0
1999-11-30,sh.600795,21.7,22.2,21.68,22.2,705449,15558612.0
1999-12-01,sh.600795,22.18,22.67,22.18,22.6,1000869,22525237.0
1999-12-02,sh.600795,22.6,22.83,21.75,22.06,797283,17784017.0
1999-12-03,sh.600795,21.98,22.3,21.53,21.98,762507,16607040.0
1999-12-06,sh.600795,21.9,21.9,21.39,21.6,265252,5711720.0
1999-12-07,sh.600795,21.55,21.8,21.53,21.65,112966,2441219.0
1999-12-08,sh.600795,21.6,21.65,21.45,21.59,231860,4995696.0
1999-12-09,sh.600795,21.59,21.6,21.46,21.51,135169,2908208.0
1999-12-10,sh.600795,21.5,21.65,21.45,21.65,195591,4212921.0
1999-12-13,sh.600795,21.59,21.86,21.46,21.75,155602,3376305.0
1999-12-14,sh.600795,21.65,22.03,21.5,21.96,458678,10053637.0
1999-12-15,sh.600795,21.88,22.14,21.88,21.98,223094,4913594.0
1999-12-16,sh.600795,21.9,21.9,21.6,21.74,232529,5047716.0
1999-12-17,sh.600795,21.68,21.69,21.5,21.6,166738,3593616.0
1999-12-21,sh.600795,21.59,21.8,21.49,21.6,235600,5093371.0
1999-12-22,sh.600795,21.59,21.75,21.46,21.7,265855,5736598.0
1999-12-23,sh.600795,21.59,21.68,21.5,21.6,104190,2250448.0
1999-12-24,sh.600795,21.8,21.9,21.4,21.59,139962,3012537.0
1999-12-27,sh.600795,21.5,21.64,21.01,21.28,189216,4023163.0
1999-12-28,sh.600795,21.26,21.44,20.8,21.0,164638,3453902.0
1999-12-29,sh.600795,21.0,21.15,20.8,21.0,148080,3095739.0
1999-12-30,sh.600795,21.0,21.4,20.85,21.2,39963,841736.0
2000-01-04,sh.600795,21.1,21.68,20.85,21.66,156545,3344041.0
2000-01-05,sh.600795,21.59,21.67,21.3,21.5,190791,4111941.0
2000-01-06,sh.600795,21.5,22.05,21.5,21.95,374322,8174337.0
2000-01-07,sh.600795,21.95,22.35,21.75,22.1,545763,12047552.0
2000-01-10,sh.600795,22.1,22.3,21.75,22.1,379276,8348095.0
2000-01-11,sh.600795,22.0,22.1,21.55,21.62,325501,7089318.0
2000-01-12,sh.600795,21.6,21.65,21.46,21.51,195646,4217882.0
2000-01-13,sh.600795,21.55,22.05,21.55,21.85,200990,4391683.0
2000-01-14,sh.600795,21.93,22.42,21.8,22.39,667962,14893623.0
2000-01-17,sh.600795,22.5,24.63,22.5,24.63,2931527,69698438.0
2000-01-18,sh.600795,25.0,26.99,25.0,25.21,4629089,120613658.0
2000-01-19,sh.600795,25.21,26.5,24.7,26.3,1726309,44308458.0
2000-01-20,sh.600795,26.49,26.99,25.76,26.95,1817734,48244840.0
2000-01-21,sh.600795,26.5,27.77,26.38,26.9,3025994,82459280.0
2000-01-24,sh.600795,26.9,27.8,26.6,27.55,1907915,52283555.0
2000-01-25,sh.600795,27.8,27.8,26.71,27.2,876755,23922185.0
2000-01-26,sh.600795,27.0,28.5,26.1,27.49,3885007,108562988.0
2000-01-27,sh.600795,28.17,28.9,27.48,28.54,1655860,47072631.0
2000-01-28,sh.600795,28.8,29.05,28.01,28.56,1280871,36552308.0
2000-02-14,sh.600795,28.5,31.4,28.5,31.36,1414954,42686956.0
2000-02-15,sh.600795,31.36,34.5,31.35,33.25,2527221,84755230.0
2000-02-16,sh.600795,33.31,33.5,30.2,31.4,1938909,61464479.0
2000-02-17,sh.600795,31.1,32.2,28.26,28.9,3477449,103408565.0
2000-02-18,sh.600795,28.2,30.6,27.51,30.02,822147,24424914.0
2000-02-21,sh.600795,30.1,31.0,29.0,30.9,1298093,38790695.0
2000-02-22,sh.600795,30.8,31.65,30.2,31.0,681345,21050915.0
2000-02-23,sh.600795,31.2,31.2,29.38,30.25,1007338,30668947.0
2000-02-24,sh.600795,30.0,30.8,30.0,30.68,273743,8297552.0
2000-02-25,sh.600795,30.35,32.3,30.35,32.29,924412,29253032.0
2000-02-28,sh.600795,33.3,35.52,33.0,35.35,2644670,91719086.0
2000-02-29,sh.600795,35.08,35.34,33.5,34.04,626590,21328766.0
2000-03-01,sh.600795,34.0,34.0,32.51,32.85,508777,16773467.0
2000-03-02,sh.600795,32.9,34.0,31.8,32.59,518794,16833378.0
2000-03-03,sh.600795,33.0,33.2,32.4,32.7,420796,13764300.0
2000-03-06,sh.600795,32.85,33.65,31.0,31.5,400865,12925519.0
2000-03-07,sh.600795,31.0,32.0,30.56,31.69,238814,7534059.0
2000-03-08,sh.600795,31.88,32.48,31.51,32.36,165732,5300266.0
2000-03-09,sh.600795,32.36,32.55,31.6,32.0,338289,10841575.0
2000-03-10,sh.600795,31.8,32.2,31.5,31.52,284558,9028976.0
2000-03-13,sh.600795,31.65,32.5,31.65,32.3,231898,7432945.0
2000-03-14,sh.600795,31.36,33.26,31.36,33.1,669327,21728668.0
2000-03-15,sh.600795,33.1,33.65,32.61,32.88,273209,9047780.0
2000-03-16,sh.600795,32.8,32.8,31.2,31.3,407420,12938544.0
2000-03-17,sh.600795,31.08,32.3,31.0,31.9,510564,16177910.0
2000-03-20,sh.600795,31.0,32.2,30.0,31.7,469363,14720104.0
2000-03-21,sh.600795,31.49,31.98,31.49,31.8,267354,8468763.0
2000-03-22,sh.600795,31.85,32.5,31.65,32.09,260146,8369399.0
2000-03-23,sh.600795,32.38,32.49,31.88,32.01,265552,8504046.0
2000-03-24,sh.600795,32.1,32.8,31.93,32.01,358822,11596498.0
2000-03-27,sh.600795,32.05,34.0,32.05,33.4,649296,21712601.0
2000-03-28,sh.600795,33.5,33.9,32.8,33.0,137260,4549045.0
2000-03-29,sh.600795,33.0,33.4,32.0,32.6,206796,6736799.0
2000-03-30,sh.600795,32.61,32.99,32.5,32.75,129335,4228582.0
2000-03-31,sh.600795,32.31,33.05,32.2,32.84,276877,9058500.0
2000-04-03,sh.600795,33.1,33.87,33.0,33.15,246711,8210383.0
2000-04-04,sh.600795,33.1,33.1,32.8,33.1,255724,8439932.0
2000-04-05,sh.600795,33.0,33.98,33.0,33.7,280596,9432505.0
2000-04-06,sh.600795,33.88,34.0,33.75,33.9,222275,7532260.0
2000-04-07,sh.600795,33.9,34.8,33.9,34.6,322128,11074422.0
2000-04-10,sh.600795,35.0,35.18,34.75,34.9,328717,11498192.0
2000-04-11,sh.600795,34.7,34.9,34.4,34.7,216530,7494636.0
2000-04-12,sh.600795,34.51,34.7,33.83,33.98,379201,12983705.0
2000-04-13,sh.600795,33.1,34.6,33.1,34.28,188672,6457792.0
2000-04-14,sh.600795,34.3,35.06,34.27,35.0,490128,17091519.0
2000-04-17,sh.600795,35.0,35.0,34.24,34.5,364560,12592883.0
2000-04-18,sh.600795,34.4,34.8,34.38,34.8,203752,7034762.0
2000-04-19,sh.600795,34.65,35.25,34.5,35.08,281213,9869696.0
2000-04-20,sh.600795,35.03,35.21,34.55,35.16,348039,12190732.0
2000-04-21,sh.600795,35.1,36.1,35.0,35.62,441985,15807524.0
2000-04-24,sh.600795,35.97,38.1,35.97,37.7,723082,27171459.0
2000-04-25,sh.600795,38.0,39.65,37.8,39.6,563035,21856369.0
2000-04-26,sh.600795,39.8,41.1,38.2,38.2,1134811,44974895.0
2000-04-27,sh.600795,38.23,40.1,38.23,40.07,976727,38528521.0
2000-04-28,sh.600795,40.0,40.7,39.5,40.2,508004,20427331.0
2000-05-08,sh.600795,40.99,41.81,40.2,41.64,652393,26852315.0
2000-05-09,sh.600795,41.63,41.79,40.58,40.85,352990,14535743.0
2000-05-10,sh.600795,40.9,40.9,38.88,39.88,695554,27667638.0
2000-05-11,sh.600795,39.7,40.04,38.91,39.9,473814,18649284.0
2000-05-12,sh.600795,40.2,40.2,39.4,39.71,206993,8264089.0
2000-05-15,sh.600795,39.5,40.15,38.8,40.15,692233,27227197.0
2000-05-16,sh.600795,40.25,40.89,39.9,40.89,495083,20025259.0
2000-05-17,sh.600795,41.2,42.1,40.8,41.95,503748,20964639.0
2000-05-18,sh.600795,42.0,43.35,41.21,42.65,710279,30358293.0
2000-05-19,sh.600795,42.65,42.8,41.8,42.04,435706,18455457.0
2000-05-22,sh.600795,42.0,43.27,41.9,43.0,505548,21711739.0
2000-05-23,sh.600795,43.12,43.34,42.5,43.13,501136,21462418.0
2000-05-24,sh.600795,43.15,43.25,42.8,42.9,335936,14444378.0
2000-05-25,sh.600795,43.0,43.4,42.75,43.4,340141,14704818.0
2000-05-26,sh.600795,43.4,45.19,43.3,45.01,840603,37322782.0
2000-05-30,sh.600795,46.0,47.58,45.08,47.19,803873,37740411.0
2000-05-31,sh.600795,47.14,48.01,46.8,46.8,389116,18476306.0
2000-06-01,sh.600795,46.95,48.0,46.95,48.0,387123,18424166.0
2000-06-02,sh.600795,48.0,48.49,47.99,48.0,251216,12087755.0
2000-06-05,sh.600795,48.0,48.15,46.5,47.52,302333,14352725.0
2000-06-06,sh.600795,47.5,48.12,47.4,47.7,347270,16631341.0
2000-06-07,sh.600795,47.7,47.75,47.5,47.75,280982,13389865.0
2000-06-08,sh.600795,47.68,47.99,45.99,46.2,584250,27311285.0
2000-06-09,sh.600795,46.0,47.0,45.5,46.5,651108,30000690.0
2000-06-12,sh.600795,46.0,46.99,45.0,45.05,1210813,55699699.0
2000-06-13,sh.600795,45.0,45.5,44.8,44.88,894400,40328209.0
2000-06-14,sh.600795,44.8,44.9,43.84,44.26,679719,30073701.0
2000-06-15,sh.600795,44.0,46.89,43.82,46.89,847168,38890857.0
2000-06-16,sh.600795,46.8,46.89,46.15,46.41,303149,14143762.0
2000-06-19,sh.600795,46.2,46.8,45.78,46.35,139426,6426433.0
2000-06-20,sh.600795,45.8,46.0,44.58,45.1,327140,14740800.0
2000-06-21,sh.600795,45.0,46.3,45.0,45.92,41790,1921458.0
2000-06-22,sh.600795,46.0,46.0,45.66,45.85,48208,2210056.0
2000-06-23,sh.600795,46.0,47.0,45.85,46.1,148096,6848689.0
2000-06-26,sh.600795,46.0,46.64,45.3,46.25,146915,6794489.0
2000-06-27,sh.600795,46.58,47.2,46.0,47.0,285574,13348583.0
2000-06-28,sh.600795,47.0,47.6,46.51,47.54,213576,10100999.0
2000-06-29,sh.600795,47.49,49.05,47.25,48.8,445922,21579276.0
2000-06-30,sh.600795,48.5,48.9,48.3,48.4,363701,17673508.0
2000-07-03,sh.600795,47.5,48.0,47.0,47.25,132440,6287218.0
2000-07-04,sh.600795,47.0,47.45,47.0,47.28,56163,2649872.0
2000-07-05,sh.600795,47.28,48.25,47.02,47.98,125617,6013251.0
2000-07-06,sh.600795,47.0,48.2,47.0,47.7,80998,3870744.0
2000-07-07,sh.600795,47.5,49.88,47.5,49.8,870029,42806927.0
2000-07-10,sh.600795,49.69,49.8,48.5,49.48,156071,7681444.0
2000-07-11,sh.600795,49.4,49.67,48.8,48.9,119900,5886936.0
2000-07-12,sh.600795,48.9,49.2,48.8,48.98,71176,3483798.0
2000-07-13,sh.600795,48.62,49.4,47.8,49.29,261140,12685566.0
2000-07-14,sh.600795,49.29,49.39,48.2,48.3,140392,6851855.0
2000-07-17,sh.600795,48.1,48.28,47.51,48.0,166552,7992955.0
2000-07-18,sh.600795,47.55,47.7,47.5,47.59,145708,6932540.0
2000-07-19,sh.600795,47.75,47.8,47.55,47.64,101690,4846138.0
2000-07-20,sh.600795,47.7,48.3,47.5,48.28,258464,12400085.0
2000-07-21,sh.600795,49.0,49.05,47.7,47.8,272191,13209021.0
2000-07-24,sh.600795,47.79,48.5,47.6,48.1,191478,9187339.0
2000-07-25,sh.600795,48.0,48.25,47.8,47.95,169950,8161005.0
2000-07-26,sh.600795,48.78,48.79,47.85,47.88,95570,4582697.0
2000-07-27,sh.600795,47.9,48.01,47.76,47.8,73100,3497806.0
2000-07-28,sh.600795,47.7,47.8,47.01,47.5,121237,5766709.0
2000-07-31,sh.600795,47.22,47.4,46.98,47.02,144400,6807901.0
2000-08-01,sh.600795,47.02,47.02,46.2,46.42,177442,8247779.0
2000-08-02,sh.600795,46.2,47.0,45.5,46.93,269765,12555446.0
2000-08-03,sh.600795,46.93,47.19,46.8,47.1,269811,12683610.0
2000-08-04,sh.600795,47.2,47.2,46.6,46.78,161366,7585233.0
2000-08-07,sh.600795,46.58,47.0,46.01,46.45,71518,3315168.0
2000-08-08,sh.600795,46.55,46.55,45.9,45.95,137300,6335417.0
2000-08-09,sh.600795,46.0,46.0,45.45,45.7,121061,5532677.0
2000-08-10,sh.600795,45.7,46.16,45.5,45.7,60131,2751080.0
2000-08-11,sh.600795,45.7,46.5,45.5,46.07,99261,4565314.0
2000-08-14,sh.600795,46.07,46.1,45.5,45.66,111634,5105808.0
2000-08-15,sh.600795,45.9,46.8,45.66,46.5,105858,4907323.0
2000-08-16,sh.600795,47.0,47.05,46.0,46.25,58499,2730962.0
2000-08-17,sh.600795,46.6,46.6,45.81,46.37,215835,9962509.0
2000-08-18,sh.600795,46.3,46.3,45.75,46.05,38746,1779615.0
2000-08-21,sh.600795,45.7,46.09,45.4,45.98,200924,9199281.0
2000-08-22,sh.600795,45.6,45.9,45.6,45.7,63684,2907574.0
2000-08-23,sh.600795,45.56,45.69,45.0,45.69,209315,9487564.0
2000-08-24,sh.600795,45.21,46.2,45.11,45.75,63546,2909604.0
2000-08-25,sh.600795,46.79,47.0,45.93,46.1,131821,6104781.0
2000-08-28,sh.600795,46.5,49.56,45.85,48.5,739712,35705915.0
2000-08-29,sh.600795,48.5,48.55,47.5,47.68,107572,5141603.0
2000-08-30,sh.600795,47.61,48.2,47.61,47.9,116768,5603303.0
2000-08-31,sh.600795,48.0,48.0,46.9,46.95,150632,7179860.0
2000-09-01,sh.600795,46.94,48.0,46.6,47.97,51576,2421588.0
2000-09-04,sh.600795,47.4,47.5,46.9,47.09,48900,2310597.0
2000-09-05,sh.600795,46.01,47.38,46.01,46.95,29916,1407427.0
2000-09-06,sh.600795,46.85,47.0,46.8,46.9,83570,3918859.0
2000-09-07,sh.600795,47.0,47.32,46.82,46.82,50690,2382131.0
2000-09-08,sh.600795,47.05,47.05,46.88,46.99,54700,2569789.0
2000-09-11,sh.600795,47.01,47.01,46.9,47.0,83850,3939024.0
2000-09-12,sh.600795,46.85,47.0,46.65,46.7,92036,4306690.0
2000-09-13,sh.600795,46.71,47.85,46.5,47.85,166770,7853638.0
2000-09-14,sh.600795,47.85,48.05,47.16,48.0,156370,7488399.0
2000-09-15,sh.600795,48.5,48.5,47.4,47.4,202026,9652510.0
2000-09-18,sh.600795,47.4,47.95,47.0,47.01,50700,2405202.0
2000-09-19,sh.600795,46.46,47.2,46.35,46.55,37150,1736561.0
2000-09-20,sh.600795,46.56,47.2,46.56,47.18,32245,1517105.0
2000-09-21,sh.600795,47.2,47.23,46.8,46.9,48112,2259443.0
2000-09-22,sh.600795,47.05,47.1,46.8,47.1,65127,3061101.0
2000-09-25,sh.600795,47.1,47.1,46.65,46.86,8300,389671.0
2000-09-26,sh.600795,47.0,47.1,46.65,46.98,21484,1008576.0
2000-09-27,sh.600795,47.0,47.58,46.61,47.58,44764,2102372.0
2000-09-28,sh.600795,47.35,47.52,47.0,47.2,25273,1195576.0
2000-09-29,sh.600795,47.38,49.0,47.12,47.4,83917,4009208.0
2000-10-09,sh.600795,47.48,47.5,46.38,46.8,52763,2460851.0
2000-10-10,sh.600795,46.7,46.98,46.5,46.85,11244,524790.0
2000-10-11,sh.600795,46.61,46.9,46.12,46.5,13544,629953.0
2000-10-12,sh.600795,46.5,46.5,46.2,46.25,42100,1949996.0
2000-10-13,sh.600795,46.25,46.4,45.0,45.77,64878,2972655.0
2000-10-16,sh.600795,45.18,45.9,45.17,45.3,102324,4647782.0
2000-10-17,sh.600795,45.4,45.9,43.82,44.4,417803,18524218.0
2000-10-18,sh.600795,44.4,44.98,44.03,44.8,37180,1655069.0
2000-10-19,sh.600795,44.85,44.85,43.58,44.4,653337,28675320.0
2000-10-20,sh.600795,44.0,45.8,43.58,45.79,284951,12757040.0
2000-10-23,sh.600795,45.5,46.1,44.51,45.5,62925,2875618.0
2000-10-24,sh.600795,45.3,45.71,44.65,45.02,68520,3092808.0
2000-10-25,sh.600795,44.8,45.2,44.59,45.13,98768,4433740.0
2000-10-26,sh.600795,45.0,45.18,44.8,45.0,142350,6400001.0
2000-10-27,sh.600795,45.0,45.2,45.0,45.15,42590,1920502.0
2000-10-30,sh.600795,46.0,46.5,45.62,46.42,230530,10630650.0
2000-10-31,sh.600795,46.2,47.22,46.2,46.93,487601,22923470.0
2000-11-01,sh.600795,47.18,47.25,46.0,46.85,156840,7324766.0
2000-11-02,sh.600795,46.75,46.85,46.2,46.44,177938,8289815.0
2000-11-03,sh.600795,46.0,46.5,46.0,46.0,196638,9073407.0
2000-11-06,sh.600795,45.99,46.4,45.69,46.0,189267,8681417.0
2000-11-07,sh.600795,46.0,46.0,45.69,45.98,317859,14564038.0
2000-11-08,sh.600795,45.98,47.32,45.8,46.99,804780,37664674.0
2000-11-09,sh.600795,46.8,47.42,46.8,47.2,1129957,53281799.0
2000-11-10,sh.600795,47.15,48.44,47.12,47.86,2139550,102591902.0
2000-11-13,sh.600795,34.29,35.18,33.83,34.52,1630013,56133780.0
2000-11-14,sh.600795,34.59,37.29,34.5,37.1,2096673,75964200.0
2000-11-15,sh.600795,37.21,37.9,36.5,36.6,1118555,41880769.0
2000-11-16,sh.600795,36.4,37.05,36.3,36.8,440845,16206281.0
2000-11-17,sh.600795,36.6,36.6,35.69,36.18,350170,12627295.0
2000-11-20,sh.600795,35.8,37.0,35.6,36.8,421913,15477614.0
2000-11-21,sh.600795,36.6,36.7,35.8,35.82,456110,16510634.0
2000-11-22,sh.600795,35.9,36.4,34.9,34.95,629121,22226693.0
2000-11-23,sh.600795,35.01,36.1,34.9,35.5,465986,16531363.0
2000-11-24,sh.600795,35.55,35.8,34.8,34.9,361782,12668338.0
2000-11-27,sh.600795,34.6,35.64,34.5,35.25,182873,6454760.0
2000-11-28,sh.600795,35.25,35.6,35.1,35.56,126087,4473322.0
2000-11-29,sh.600795,35.5,35.99,35.4,35.94,99307,3561038.0
2000-11-30,sh.600795,35.8,36.25,35.7,36.2,130564,4700379.0
2000-12-01,sh.600795,36.09,36.45,35.75,35.81,176350,6379648.0
2000-12-04,sh.600795,35.78,35.78,35.5,35.5,105332,3747711.0
2000-12-05,sh.600795,35.5,35.69,35.03,35.5,102920,3645854.0
2000-12-06,sh.600795,35.55,35.67,35.28,35.28,210900,7477492.0
2000-12-07,sh.600795,35.3,35.35,34.9,34.94,268448,9422133.0
2000-12-08,sh.600795,35.0,36.05,35.0,35.6,110075,3946842.0
2000-12-11,sh.600795,35.63,35.78,32.4,34.99,222819,7761768.0
2000-12-12,sh.600795,35.1,35.1,34.5,34.7,243155,8472922.0
2000-12-13,sh.600795,33.89,34.66,33.89,34.05,519879,17712374.0
2000-12-14,sh.600795,34.05,34.55,34.01,34.08,148149,5056087.0
2000-12-15,sh.600795,34.05,34.47,34.0,34.45,166812,5706066.0
2000-12-18,sh.600795,34.45,34.59,33.8,34.15,338834,11521855.0
2000-12-19,sh.600795,34.1,34.57,34.0,34.15,252950,8696189.0
2000-12-20,sh.600795,34.28,34.3,33.8,33.9,448548,15221415.0
2000-12-21,sh.600795,34.0,34.3,33.61,33.63,254478,8593992.0
2000-12-22,sh.600795,33.63,33.92,33.4,33.92,159592,5362121.0
2000-12-25,sh.600795,33.89,34.6,33.6,34.54,730750,24941676.0
2000-12-26,sh.600795,34.56,35.88,34.56,35.78,516750,18119774.0
2000-12-27,sh.600795,35.78,35.86,35.0,35.0,243755,8672657.0
2000-12-28,sh.600795,34.9,35.5,34.85,34.99,331160,11681088.0
2000-12-29,sh.600795,35.0,35.8,35.0,35.18,199539,7075498.0
2001-01-02,sh.600795,35.3,35.65,35.19,35.5,293972,10442651.0
2001-01-03,sh.600795,35.74,36.3,35.5,36.28,534894,19201593.0
2001-01-04,sh.600795,36.3,37.38,36.28,36.95,660911,24401957.0
2001-01-05,sh.600795,36.98,37.05,36.6,37.0,272841,10066687.0
2001-01-08,sh.600795,37.0,37.35,36.2,36.99,400575,14698838.0
2001-01-09,sh.600795,36.98,37.52,36.51,37.45,591232,21964741.0
2001-01-10,sh.600795,37.39,38.39,37.1,37.25,990254,37345552.0
2001-01-11,sh.600795,37.25,38.1,37.2,37.85,353430,13356525.0
2001-01-12,sh.600795,38.0,38.67,37.92,38.55,819624,31493313.0
2001-01-15,sh.600795,38.49,38.55,36.5,36.8,682645,25510384.0
2001-01-16,sh.600795,36.56,36.69,34.99,36.0,1189370,42667168.0
2001-01-17,sh.600795,36.0,36.5,35.8,36.5,425000,15361065.0
2001-01-18,sh.600795,36.7,38.0,36.7,37.88,690333,26011942.0
2001-01-19,sh.600795,37.83,38.5,37.8,38.25,683952,26231206.0
2001-02-05,sh.600795,39.25,39.48,37.12,37.3,912900,34619342.0
2001-02-06,sh.600795,37.1,37.6,36.79,37.4,802694,29758860.0
2001-02-07,sh.600795,37.39,37.63,37.25,37.4,403554,15081216.0
2001-02-08,sh.600795,37.3,38.0,36.86,36.88,319240,11893487.0
2001-02-09,sh.600795,36.7,37.31,35.69,36.5,856869,31048239.0
2001-02-12,sh.600795,36.39,36.39,34.1,34.68,2516220,88043162.0
2001-02-13,sh.600795,34.5,35.8,34.3,35.5,295785,10463159.0
2001-02-14,sh.600795,35.45,36.1,35.01,35.95,123768,4423350.0
2001-02-15,sh.600795,36.0,36.19,34.98,35.16,308881,10947603.0
2001-02-16,sh.600795,35.09,35.14,34.6,35.01,319135,11139994.0
2001-02-19,sh.600795,35.09,35.8,35.01,35.28,179412,6314550.0
2001-02-20,sh.600795,35.25,35.55,34.9,34.98,167380,5876116.0
2001-02-21,sh.600795,35.1,35.1,34.16,34.4,462494,15913807.0
2001-02-22,sh.600795,34.4,34.8,34.11,34.5,111585,3847376.0
2001-02-23,sh.600795,35.48,35.55,34.5,35.09,121633,4246690.0
2001-02-26,sh.600795,35.09,35.39,35.02,35.29,101375,3569601.0
2001-02-27,sh.600795,35.25,35.5,34.7,34.99,806972,28224869.0
2001-02-28,sh.600795,35.08,35.25,34.9,35.1,457568,16071791.0
2001-03-01,sh.600795,35.02,35.2,35.0,35.18,536260,18816773.0
2001-03-02,sh.600795,35.18,35.5,35.0,35.5,550097,19354001.0
2001-03-05,sh.600795,35.6,37.2,35.6,36.99,723914,26417986.0
2001-03-06,sh.600795,36.86,37.16,36.5,36.95,434451,16072645.0
2001-03-07,sh.600795,36.9,37.0,36.88,36.99,241049,8904404.0
2001-03-09,sh.600795,37.5,37.5,36.5,36.8,256515,9506439.0
2001-03-12,sh.600795,37.3,37.33,36.8,36.96,443510,16458093.0
2001-03-13,sh.600795,36.97,37.15,36.5,37.0,471594,17416400.0
2001-03-14,sh.600795,36.96,37.43,36.94,37.4,537880,20045311.0
2001-03-15,sh.600795,37.4,37.8,37.35,37.5,1076619,40474263.0
2001-03-16,sh.600795,20.72,20.94,20.59,20.74,1271229,26381216.0
2001-03-19,sh.600795,20.74,21.1,20.74,20.99,1612051,33856266.0
2001-03-20,sh.600795,20.99,21.2,20.75,20.95,766269,16041272.0
2001-03-21,sh.600795,20.9,20.91,20.5,20.7,753366,15577273.0
2001-03-22,sh.600795,20.69,20.95,20.3,20.3,1386404,28567294.0
2001-03-23,sh.600795,20.35,20.5,20.2,20.21,1124863,22880302.0
2001-03-26,sh.600795,20.25,20.56,20.25,20.56,679896,13880160.0
2001-03-27,sh.600795,20.58,21.17,20.58,20.98,854601,17830901.0
2001-03-28,sh.600795,21.18,21.5,20.98,21.47,1448975,30873844.0
2001-03-29,sh.600795,21.55,22.4,21.55,22.09,2690589,59576767.0
2001-03-30,sh.600795,22.09,22.18,21.7,21.98,1205368,26471254.0
2001-04-02,sh.600795,22.08,22.1,21.8,21.9,671479,14727882.0
2001-04-03,sh.600795,22.0,22.19,21.89,22.0,958368,21083326.0
2001-04-04,sh.600795,22.04,22.22,21.81,21.85,1845504,40607506.0
2001-04-05,sh.600795,21.85,21.85,21.4,21.82,777796,16816537.0
2001-04-06,sh.600795,21.83,22.0,21.76,21.8,434542,9494713.0
2001-04-09,sh.600795,21.8,21.8,21.32,21.45,849181,18209118.0
2001-04-10,sh.600795,21.46,21.46,21.0,21.1,1080362,22839939.0
2001-04-11,sh.600795,21.06,22.18,21.02,21.84,1338094,29115314.0
2001-04-12,sh.600795,21.84,21.9,21.51,21.75,505415,10949955.0
2001-04-13,sh.600795,21.5,21.85,21.5,21.74,666903,14479992.0
2001-04-16,sh.600795,21.7,21.95,21.61,21.78,1031069,22477617.0
2001-04-17,sh.600795,21.78,22.0,21.55,21.85,2674694,57969391.0
2001-04-18,sh.600795,22.0,22.0,21.2,21.6,682505,14700188.0
2001-04-19,sh.600795,21.55,21.98,21.3,21.7,651008,14060316.0
2001-04-20,sh.600795,21.8,21.94,21.58,21.8,1360932,29554114.0
2001-04-23,sh.600795,23.17,23.17,20.58,20.65,4271576,90637349.0
2001-04-24,sh.600795,20.55,21.0,19.8,20.8,2325692,47327648.0
2001-04-25,sh.600795,20.51,20.99,20.51,20.55,561669,11575157.0
2001-04-26,sh.600795,20.56,20.79,20.25,20.48,706526,14397285.0
2001-04-27,sh.600795,20.48,20.5,20.3,20.38,536668,10944962.0
2001-04-30,sh.600795,20.37,20.49,20.2,20.4,816244,16638680.0
2001-05-08,sh.600795,20.36,20.49,20.0,20.12,397071,8049406.0
2001-05-09,sh.600795,20.12,20.22,19.4,19.64,1307839,25823592.0
2001-05-10,sh.600795,19.74,19.74,19.0,19.42,630805,12142949.0
2001-05-11,sh.600795,19.4,19.4,19.11,19.3,552987,10627255.0
2001-05-14,sh.600795,19.3,19.69,19.0,19.69,982315,18805567.0
2001-05-15,sh.600795,19.75,20.55,19.69,20.3,1090029,21922573.0
2001-05-16,sh.600795,20.5,20.5,19.89,19.89,318000,6379991.0
2001-05-17,sh.600795,19.89,20.2,19.87,20.0,342516,6851764.0
2001-05-18,sh.600795,20.05,20.15,19.89,19.99,301055,6022908.0
2001-05-21,sh.600795,19.97,19.99,19.32,19.55,465160,9082663.0
2001-05-22,sh.600795,19.52,19.52,19.3,19.36,312411,6049811.0
2001-05-23,sh.600795,19.39,19.5,19.3,19.36,255840,4955561.0
2001-05-24,sh.600795,19.36,19.58,19.0,19.58,981699,18809607.0
2001-05-25,sh.600795,19.58,19.78,19.11,19.24,329330,6342903.0
2001-05-28,sh.600795,19.24,19.24,19.03,19.05,363571,6931921.0
2001-05-29,sh.600795,19.0,19.2,19.0,19.04,542756,10332494.0
2001-05-30,sh.600795,19.04,19.1,18.8,18.84,1022079,19295366.0
2001-05-31,sh.600795,18.85,19.88,18.84,19.4,908094,17436438.0
2001-06-01,sh.600795,19.6,19.8,19.13,19.17,428536,8302927.0
2001-06-04,sh.600795,19.18,19.29,19.02,19.12,464814,8912303.0
2001-06-05,sh.600795,19.19,19.22,19.1,19.19,339590,6510743.0
2001-06-06,sh.600795,19.21,19.3,19.05,19.21,749518,14367024.0
2001-06-07,sh.600795,19.25,19.59,19.19,19.26,411788,7950651.0
2001-06-08,sh.600795,19.26,19.5,19.25,19.26,330490,6374589.0
2001-06-11,sh.600795,19.4,19.65,19.26,19.6,742732,14449917.0
2001-06-12,sh.600795,19.6,19.6,19.28,19.35,554758,10783259.0
2001-06-13,sh.600795,19.36,19.5,19.11,19.29,1981481,38157098.0
2001-06-14,sh.600795,19.3,19.36,19.11,19.2,1250911,24066860.0
2001-06-15,sh.600795,19.25,19.26,19.08,19.23,705552,13505203.0
2001-06-18,sh.600795,19.23,19.23,18.68,18.79,3494235,65603871.0
2001-06-19,sh.600795,18.8,19.1,18.68,18.83,2602660,48809222.0
2001-06-21,sh.600795,18.96,20.0,18.7,19.93,3023342,57970503.0
2001-06-22,sh.600795,19.99,20.3,19.95,20.09,1990025,40113628.0
2001-06-25,sh.600795,20.2,20.69,20.2,20.53,1445538,29679286.0
2001-06-26,sh.600795,20.6,20.66,20.2,20.33,601384,12257503.0
2001-06-27,sh.600795,20.33,20.4,20.2,20.2,1234931,25063921.0
2001-06-28,sh.600795,20.22,20.4,20.06,20.11,630707,12737925.0
2001-06-29,sh.600795,20.11,20.3,20.01,20.09,368303,7424325.0
2001-07-02,sh.600795,20.1,20.18,19.78,20.0,378172,7547115.0
2001-07-03,sh.600795,20.0,20.37,19.94,20.18,704906,14113757.0
2001-07-04,sh.600795,20.18,20.21,19.97,19.99,450045,9003967.0
2001-07-05,sh.600795,20.0,20.14,19.9,19.9,460694,9210290.0
2001-07-06,sh.600795,19.9,19.95,19.76,19.85,277570,5518374.0
2001-07-09,sh.600795,19.75,19.8,19.5,19.6,499916,9790147.0
2001-07-10,sh.600795,19.92,20.12,19.76,20.06,308133,6149603.0
2001-07-11,sh.600795,20.08,20.23,19.91,19.92,347420,6982838.0
2001-07-12,sh.600795,19.89,19.9,19.75,19.8,354365,7029322.0
2001-07-13,sh.600795,19.9,20.25,19.83,20.2,748740,15052632.0
2001-07-16,sh.600795,20.44,21.2,20.3,20.8,3181715,66066661.0
2001-07-17,sh.600795,20.8,20.89,20.28,20.58,588158,12094010.0
2001-07-18,sh.600795,20.5,20.76,20.3,20.6,357353,7338419.0
2001-07-19,sh.600795,20.6,20.7,20.28,20.3,257300,5249563.0
2001-07-20,sh.600795,20.59,20.6,20.28,20.4,315263,6418323.0
2001-07-23,sh.600795,20.41,20.6,20.16,20.21,450092,9134107.0
2001-07-24,sh.600795,20.1,20.13,19.85,19.88,362064,7231732.0
2001-07-25,sh.600795,19.88,20.0,19.7,19.88,233783,4648244.0
2001-07-26,sh.600795,19.88,20.04,19.8,19.9,370508,7374357.0
2001-07-27,sh.600795,19.9,19.95,19.5,19.8,789749,15573001.0
2001-07-30,sh.600795,19.77,19.78,18.99,19.02,709554,13592092.0
2001-07-31,sh.600795,19.0,19.0,18.71,18.76,475043,8939689.0
2001-08-01,sh.600795,18.76,19.58,18.73,19.25,352129,6720821.0
2001-08-02,sh.600795,19.2,19.2,18.8,19.1,227269,4306826.0
2001-08-03,sh.600795,19.15,19.15,18.8,18.9,314985,5967798.0
2001-08-06,sh.600795,18.9,19.0,18.68,18.85,833312,15646341.0
2001-08-07,sh.600795,18.82,18.9,18.68,18.9,589352,11043274.0
2001-08-08,sh.600795,18.9,19.19,18.7,18.8,180100,3388415.0
2001-08-09,sh.600795,18.83,19.13,18.8,19.13,202363,3846525.0
2001-08-10,sh.600795,19.1,19.35,19.1,19.27,366851,7059794.0
2001-08-13,sh.600795,19.28,19.28,19.0,19.03,334128,6380133.0
2001-08-14,sh.600795,19.07,19.1,18.92,18.95,139033,2644546.0
2001-08-15,sh.600795,19.1,19.1,18.95,19.0,117900,2239454.0
2001-08-16,sh.600795,19.01,19.03,18.89,18.93,182250,3455088.0
2001-08-17,sh.600795,18.99,19.0,18.9,18.92,257812,4884683.0
2001-08-20,sh.600795,18.9,18.99,18.87,18.9,110925,2095795.0
2001-08-21,sh.600795,18.9,19.1,18.9,19.0,80677,1532754.0
2001-08-22,sh.600795,19.08,19.08,18.85,18.89,195156,3686218.0
2001-08-23,sh.600795,18.8,18.88,18.68,18.82,121749,2290176.0
2001-08-24,sh.600795,18.88,18.88,18.69,18.75,220500,4135396.0
2001-08-27,sh.600795,18.7,18.8,18.68,18.75,349111,6527201.0
2001-08-28,sh.600795,18.7,19.13,18.68,18.98,745646,13952310.0
2001-08-29,sh.600795,19.1,19.1,18.75,18.8,62408,1177755.0
2001-08-30,sh.600795,18.8,18.8,18.68,18.75,265093,4958095.0
2001-08-31,sh.600795,18.75,18.75,18.68,18.74,312330,5837773.0
2001-09-03,sh.600795,18.74,18.74,18.68,18.69,321386,6004064.0
2001-09-04,sh.600795,18.69,18.98,18.68,18.9,465039,8695505.0
2001-09-05,sh.600795,18.9,18.99,18.67,18.9,426355,7982642.0
2001-09-06,sh.600795,18.89,18.91,18.68,18.77,92695,1736697.0
2001-09-07,sh.600795,18.7,18.85,18.0,18.08,1012198,18462386.0
2001-09-10,sh.600795,17.99,18.0,17.0,17.76,500640,8839100.0
2001-09-11,sh.600795,17.7,17.7,17.05,17.38,457892,7963065.0
2001-09-12,sh.600795,17.0,17.25,17.0,17.06,662977,11311465.0
2001-09-13,sh.600795,17.01,17.6,17.01,17.17,194462,3362915.0
2001-09-14,sh.600795,17.19,17.25,17.0,17.1,478626,8159254.0
2001-09-17,sh.600795,17.09,17.09,15.89,15.95,1950884,31642177.0
2001-09-18,sh.600795,15.95,16.15,15.49,15.96,497537,7842549.0
2001-09-19,sh.600795,15.99,16.34,15.8,16.29,296201,4750586.0
2001-09-20,sh.600795,16.29,16.93,16.18,16.79,401568,6675421.0
2001-09-21,sh.600795,16.65,16.82,16.4,16.6,271569,4530233.0
2001-09-24,sh.600795,16.38,16.63,16.18,16.3,136423,2224788.0
2001-09-25,sh.600795,16.4,16.4,16.15,16.15,99296,1613260.0
2001-09-26,sh.600795,16.18,16.18,15.95,15.98,115510,1849843.0
2001-09-27,sh.600795,16.0,16.02,15.85,15.9,135700,2166176.0
2001-09-28,sh.600795,15.9,16.07,15.85,16.07,88755,1414182.0
2001-10-08,sh.600795,16.1,16.19,15.85,15.85,76800,1233223.0
2001-10-09,sh.600795,15.64,16.09,15.64,15.89,135390,2158566.0
2001-10-10,sh.600795,15.71,15.8,15.48,15.49,234616,3638099.0
2001-10-11,sh.600795,15.49,15.49,15.09,15.25,226817,3461279.0
2001-10-12,sh.600795,15.09,16.1,14.99,15.68,583166,8814165.0
2001-10-15,sh.600795,15.55,15.75,15.49,15.68,73578,1149117.0
2001-10-16,sh.600795,15.5,15.68,15.35,15.68,58040,900735.0
2001-10-17,sh.600795,15.5,15.79,15.4,15.56,61700,959379.0
2001-10-18,sh.600795,15.6,15.6,15.11,15.31,80366,1225775.0
2001-10-19,sh.600795,15.1,15.21,14.5,14.7,485054,7224036.0
2001-10-22,sh.600795,14.7,14.7,13.81,13.81,284000,4035956.0
2001-10-23,sh.600795,15.19,15.19,14.8,15.19,577838,8749920.0
2001-10-24,sh.600795,15.9,16.22,15.45,15.47,946412,14815596.0
2001-10-25,sh.600795,15.46,15.46,15.1,15.41,423718,6498494.0
2001-10-26,sh.600795,15.39,15.56,15.22,15.3,142533,2187610.0
2001-10-29,sh.600795,15.56,16.0,15.35,15.78,140516,2214729.0
2001-10-30,sh.600795,15.42,16.0,15.42,15.75,254700,4036132.0
2001-10-31,sh.600795,15.75,15.75,15.35,15.43,84700,1309419.0
2001-11-01,sh.600795,15.43,15.8,15.35,15.6,103351,1613176.0
2001-11-02,sh.600795,15.57,15.75,15.57,15.7,81455,1275278.0
2001-11-05,sh.600795,15.7,15.7,15.25,15.39,68700,1060093.0
2001-11-06,sh.600795,15.32,15.5,15.32,15.4,47880,736442.0
2001-11-07,sh.600795,15.38,15.39,14.8,14.8,266320,4010524.0
2001-11-08,sh.600795,14.49,14.99,14.3,14.5,478101,6941896.0
2001-11-09,sh.600795,14.5,14.68,14.4,14.65,197735,2868870.0
2001-11-12,sh.600795,14.62,14.62,14.48,14.57,186446,2715314.0
2001-11-13,sh.600795,14.4,14.5,14.4,14.47,167542,2428569.0
2001-11-14,sh.600795,14.45,14.65,14.3,14.4,104779,1506669.0
2001-11-15,sh.600795,14.39,14.5,14.39,14.45,57604,829999.0
2001-11-16,sh.600795,14.6,15.8,14.46,14.6,537625,7927448.0
2001-11-19,sh.600795,14.58,14.9,14.56,14.9,147638,2174262.0
2001-11-20,sh.600795,14.91,15.58,14.91,15.39,1119900,17192581.0
2001-11-21,sh.600795,15.37,15.37,15.01,15.2,496725,7563739.0
2001-11-22,sh.600795,15.2,15.34,15.14,15.14,210449,3196691.0
2001-11-23,sh.600795,15.43,15.45,15.14,15.18,234622,3568553.0
2001-11-26,sh.600795,15.17,15.18,14.98,14.99,159106,2390631.0
2001-11-27,sh.600795,14.99,15.08,14.99,15.05,144186,2165041.0
2001-11-28,sh.600795,15.04,15.35,15.04,15.27,279694,4240866.0
2001-11-29,sh.600795,15.22,15.25,15.06,15.1,145484,2200680.0
2001-11-30,sh.600795,15.1,15.16,15.08,15.12,196102,2965251.0
2001-12-03,sh.600795,15.12,15.58,15.0,15.45,572959,8777110.0
2001-12-04,sh.600795,15.45,15.71,15.45,15.7,776692,12135562.0
2001-12-05,sh.600795,15.7,16.11,15.6,15.88,1562622,24876108.0
2001-12-06,sh.600795,15.8,16.0,15.76,15.9,807269,12860820.0
2001-12-07,sh.600795,15.88,15.9,15.68,15.76,398092,6276400.0
2001-12-10,sh.600795,15.75,15.75,15.68,15.7,148456,2332412.0
2001-12-11,sh.600795,15.68,15.79,15.62,15.63,198030,3103952.0
2001-12-12,sh.600795,15.59,15.65,15.38,15.5,562901,8709875.0
2001-12-13,sh.600795,15.45,15.6,15.01,15.09,208208,3183708.0
2001-12-14,sh.600795,15.0,15.35,14.91,15.2,181690,2749036.0
2001-12-17,sh.600795,15.09,15.25,15.08,15.09,70905,1072231.0
2001-12-18,sh.600795,15.09,15.25,15.0,15.21,184765,2788718.0
2001-12-19,sh.600795,15.05,15.42,15.05,15.3,186255,2841698.0
2001-12-20,sh.600795,15.05,15.2,14.92,14.93,100527,1512211.0
2001-12-21,sh.600795,14.92,15.15,14.8,14.85,541300,8070624.0
2001-12-25,sh.600795,15.78,16.02,15.24,15.35,1756447,27090846.0
2001-12-26,sh.600795,15.35,15.56,15.3,15.54,1415857,21849746.0
2001-12-27,sh.600795,15.52,15.54,15.25,15.26,578200,8923736.0
2001-12-28,sh.600795,15.24,15.5,15.23,15.5,450352,6931379.0
2001-12-31,sh.600795,15.49,15.6,15.45,15.55,422800,6558451.0
2002-01-04,sh.600795,15.54,15.54,15.12,15.12,329900,5033758.0
2002-01-07,sh.600795,15.08,15.08,14.8,14.92,222836,3323116.0
2002-01-08,sh.600795,14.9,15.15,14.9,14.92,211295,3171704.0
2002-01-09,sh.600795,14.92,14.92,14.67,14.85,419516,6191872.0
2002-01-10,sh.600795,14.85,15.07,14.51,14.99,318317,4693899.0
2002-01-11,sh.600795,14.8,14.91,14.7,14.7,152080,2247743.0
2002-01-14,sh.600795,14.5,14.65,14.3,14.4,396960,5748671.0
2002-01-15,sh.600795,14.3,14.6,14.1,14.5,472152,6783142.0
2002-01-16,sh.600795,14.55,14.79,14.47,14.77,437141,6360025.0
2002-01-17,sh.600795,14.77,14.77,14.38,14.49,214040,3118565.0
2002-01-18,sh.600795,14.45,14.6,14.01,14.35,231740,3324631.0
2002-01-21,sh.600795,14.4,14.75,14.1,14.35,272430,3911952.0
2002-01-22,sh.600795,14.36,14.99,14.36,14.7,467454,6879241.0
2002-01-23,sh.600795,14.65,15.29,14.63,15.27,659738,9855416.0
2002-01-24,sh.600795,15.2,15.97,15.02,15.69,1657100,25956049.0
2002-01-25,sh.600795,15.8,15.85,15.31,15.33,1391800,21556530.0
2002-01-28,sh.600795,15.2,15.2,14.08,14.16,1352940,19655073.0
2002-01-29,sh.600795,14.01,14.66,14.01,14.42,481986,6914305.0
2002-01-30,sh.600795,14.43,14.47,14.12,14.35,288176,4134137.0
2002-01-31,sh.600795,14.68,15.6,14.68,15.39,1296976,19745421.0
2002-02-01,sh.600795,15.35,15.54,15.14,15.19,616064,9458307.0
2002-02-04,sh.600795,15.18,15.4,14.95,15.35,332408,5055206.0
2002-02-05,sh.600795,15.34,15.45,15.21,15.38,402130,6178866.0
2002-02-06,sh.600795,15.38,15.5,15.1,15.48,494075,7553379.0
2002-02-07,sh.600795,15.45,16.15,15.45,16.14,2219514,35548980.0
2002-02-08,sh.600795,15.95,16.48,15.95,16.0,1268689,20645711.0
2002-02-25,sh.600795,16.53,16.57,16.2,16.51,1261383,20745803.0
2002-02-26,sh.600795,16.3,16.6,16.28,16.52,697027,11471017.0
2002-02-27,sh.600795,16.52,16.55,16.35,16.38,498422,8213603.0
2002-03-01,sh.600795,16.3,16.3,16.0,16.1,528793,8534136.0
2002-03-04,sh.600795,16.01,16.25,15.96,16.2,328585,5290448.0
2002-03-05,sh.600795,16.25,16.95,16.25,16.82,2851403,47804653.0
2002-03-06,sh.600795,16.95,17.3,16.6,16.68,2637641,44951211.0
2002-03-07,sh.600795,16.64,16.8,16.53,16.68,1460129,24304306.0
2002-03-08,sh.600795,16.66,16.93,16.51,16.8,1932196,32422409.0
2002-03-11,sh.600795,16.8,17.02,16.6,17.0,1703662,28644011.0
2002-03-12,sh.600795,16.98,16.98,16.5,16.57,1117798,18660806.0
2002-03-13,sh.600795,16.5,16.76,16.3,16.38,561359,9313321.0
2002-03-14,sh.600795,16.35,16.88,16.35,16.85,913378,15313081.0
2002-03-15,sh.600795,16.83,17.2,16.45,16.49,2168739,36886001.0
2002-03-18,sh.600795,16.52,17.0,16.42,16.62,359552,5962359.0
2002-03-19,sh.600795,16.7,16.95,16.58,16.86,388810,6537129.0
2002-03-20,sh.600795,16.98,16.98,16.75,16.87,543833,9183736.0
2002-03-21,sh.600795,16.95,17.02,16.76,16.84,547246,9280206.0
2002-03-22,sh.600795,16.84,17.01,16.58,16.85,760965,12878916.0
2002-03-25,sh.600795,16.84,16.96,16.7,16.78,182448,3072984.0
2002-03-26,sh.600795,16.78,16.78,16.4,16.5,257633,4256490.0
2002-03-27,sh.600795,16.45,16.8,16.4,16.78,206695,3414712.0
2002-03-28,sh.600795,16.8,16.91,16.48,16.87,177057,2962535.0
2002-03-29,sh.600795,16.79,16.9,16.45,16.46,204440,3378378.0
2002-04-01,sh.600795,16.45,16.46,16.03,16.16,208583,3377102.0
2002-04-02,sh.600795,16.01,16.6,16.01,16.17,535534,8754793.0
2002-04-03,sh.600795,16.16,16.45,16.16,16.3,210402,3444073.0
2002-04-04,sh.600795,16.3,16.88,16.2,16.69,369378,6142179.0
2002-04-05,sh.600795,16.8,16.83,16.5,16.68,231554,3864559.0
2002-04-08,sh.600795,16.58,16.86,16.4,16.8,357316,5994910.0
2002-04-09,sh.600795,16.55,16.83,16.53,16.8,496018,8325618.0
2002-04-10,sh.600795,16.8,16.8,16.6,16.71,285984,4767699.0
2002-04-11,sh.600795,16.7,16.78,16.55,16.56,244000,4056758.0
2002-04-12,sh.600795,16.67,17.3,16.67,16.88,1550134,26239699.0
2002-04-15,sh.600795,16.88,16.88,16.53,16.59,217550,3629936.0
2002-04-16,sh.600795,16.59,16.66,16.53,16.56,96900,1606659.0
2002-04-17,sh.600795,16.61,16.61,16.31,16.52,130922,2155194.0
2002-04-18,sh.600795,16.5,16.52,16.38,16.41,131847,2168992.0
2002-04-19,sh.600795,16.35,16.45,16.31,16.44,94580,1548909.0
2002-04-22,sh.600795,16.26,16.4,16.16,16.16,121800,1983673.0
2002-04-23,sh.600795,16.16,16.25,16.0,16.04,141596,2280738.0
2002-04-24,sh.600795,16.3,16.45,16.05,16.12,170641,2748463.0
2002-04-25,sh.600795,16.1,16.18,16.07,16.16,122362,1970710.0
2002-04-26,sh.600795,16.42,16.42,16.06,16.31,185907,3024192.0
2002-04-29,sh.600795,16.31,16.35,16.15,16.32,273772,4453556.0
2002-04-30,sh.600795,16.43,16.76,16.31,16.35,101055,1662156.0
2002-05-08,sh.600795,16.35,16.35,16.12,16.17,148370,2397848.0
2002-05-09,sh.600795,16.17,16.25,16.0,16.25,286067,4615264.0
2002-05-10,sh.600795,16.3,16.3,16.08,16.2,80032,1291187.0
2002-05-13,sh.600795,16.1,16.15,16.0,16.0,769580,12320245.0
2002-05-14,sh.600795,16.0,16.1,15.4,15.5,2322360,36229938.0
2002-05-15,sh.600795,16.0,16.0,15.48,15.6,257440,4031387.0
2002-05-16,sh.600795,15.51,15.7,15.21,15.31,570544,8796311.0
2002-05-17,sh.600795,15.28,15.65,15.28,15.4,236805,3661867.0
2002-05-20,sh.600795,15.5,15.5,14.98,15.1,1103803,16589610.0
2002-05-21,sh.600795,15.36,15.5,15.22,15.36,373379,5733135.0
2002-05-22,sh.600795,15.5,15.5,14.98,15.03,329890,4986595.0
2002-05-23,sh.600795,15.13,15.18,15.0,15.11,222270,3349860.0
2002-05-24,sh.600795,15.1,15.1,15.01,15.03,82410,1239374.0
2002-05-27,sh.600795,15.03,15.15,15.0,15.07,368807,5548516.0
2002-05-28,sh.600795,15.1,15.2,15.07,15.15,138737,2095390.0
2002-05-29,sh.600795,15.15,15.15,15.0,15.04,232885,3502377.0
2002-05-31,sh.600795,15.03,15.3,15.02,15.25,300126,4552602.0
2002-06-03,sh.600795,15.06,15.1,14.98,15.0,204437,3067210.0
2002-06-04,sh.600795,15.0,15.05,14.65,15.01,615030,9156190.0
2002-06-05,sh.600795,14.99,14.99,14.67,14.89,96890,1433884.0
2002-06-06,sh.600795,14.73,15.58,14.63,15.28,491874,7410473.0
2002-06-07,sh.600795,15.06,15.96,15.06,15.3,167300,2606649.0
2002-06-10,sh.600795,15.2,15.2,14.99,15.0,247000,3712168.0
2002-06-11,sh.600795,15.08,15.12,15.02,15.02,80200,1209426.0
2002-06-12,sh.600795,15.02,15.08,14.85,14.87,149400,2231413.0
2002-06-13,sh.600795,15.0,15.03,14.91,15.03,129603,1939718.0
2002-06-14,sh.600795,14.93,15.0,14.85,14.89,42126,628513.0
2002-06-17,sh.600795,14.95,14.95,14.8,14.83,60240,897427.0
2002-06-18,sh.600795,14.93,15.15,14.82,15.13,140035,2102615.0
2002-06-19,sh.600795,14.9,15.08,14.88,15.01,91717,1375507.0
2002-06-20,sh.600795,14.95,15.08,14.93,15.01,59100,887705.0
2002-06-21,sh.600795,15.0,15.56,15.0,15.48,738086,11386060.0
2002-06-24,sh.600795,16.99,17.03,16.0,16.71,3962053,65844352.0
2002-06-25,sh.600795,16.65,16.75,16.01,16.22,1095358,17919547.0
2002-06-26,sh.600795,16.15,16.4,16.0,16.18,598949,9665631.0
2002-06-27,sh.600795,16.18,16.18,16.0,16.02,707028,11323111.0
2002-06-28,sh.600795,16.04,16.21,15.9,16.15,1074160,17242384.0
2002-07-02,sh.600795,16.2,16.2,15.97,16.09,252640,4058599.0
2002-07-03,sh.600795,16.16,16.16,15.85,15.89,142162,2266584.0
2002-07-04,sh.600795,15.92,15.98,15.75,15.92,304113,4826258.0
2002-07-05,sh.600795,15.94,16.07,15.8,15.95,256667,4092349.0
2002-07-08,sh.600795,15.92,16.13,15.81,15.92,187132,2983132.0
2002-07-09,sh.600795,15.95,16.05,15.88,16.04,240655,3839793.0
2002-07-10,sh.600795,16.05,16.08,15.88,15.97,330034,5257507.0
2002-07-11,sh.600795,15.91,16.01,15.88,15.96,806035,12847803.0
2002-07-12,sh.600795,16.06,16.4,15.95,16.3,1607088,26127414.0
2002-07-15,sh.600795,16.3,16.62,16.26,16.3,655159,10769484.0
2002-07-16,sh.600795,16.28,16.49,16.18,16.27,396747,6458832.0
2002-07-17,sh.600795,16.3,16.35,16.24,16.33,257324,4191166.0
2002-07-18,sh.600795,16.5,16.72,16.3,16.66,1397447,23152288.0
2002-07-19,sh.600795,16.92,16.92,16.55,16.59,603049,10053403.0
2002-07-22,sh.600795,16.6,16.88,16.48,16.56,1194327,19979513.0
2002-07-23,sh.600795,16.6,16.83,16.6,16.82,1013172,16947152.0
2002-07-24,sh.600795,16.8,16.96,16.78,16.79,453800,7651453.0
2002-07-25,sh.600795,16.76,16.91,16.7,16.77,784144,13212757.0
2002-07-26,sh.600795,16.78,16.78,16.58,16.7,357373,5965009.0
2002-07-29,sh.600795,16.65,16.75,16.35,16.42,771862,12692769.0
2002-07-30,sh.600795,16.42,16.6,16.42,16.48,215721,3558264.0
2002-07-31,sh.600795,16.52,16.65,16.4,16.45,283592,4686170.0
2002-08-01,sh.600795,16.74,16.8,16.58,16.66,697273,11630815.0
2002-08-02,sh.600795,16.68,16.74,16.61,16.68,469388,7824549.0
2002-08-05,sh.600795,16.8,16.8,16.65,16.75,303742,5078124.0
2002-08-06,sh.600795,16.72,16.77,16.68,16.73,259154,4330281.0
2002-08-07,sh.600795,16.7,16.72,16.59,16.6,167900,2797067.0
2002-08-08,sh.600795,16.6,16.7,16.5,16.52,164889,2734128.0
2002-08-09,sh.600795,16.5,16.6,16.49,16.5,109668,1812536.0
2002-08-12,sh.600795,16.45,16.59,16.45,16.47,94446,1557229.0
2002-08-13,sh.600795,16.4,16.5,16.4,16.4,109058,1791423.0
2002-08-14,sh.600795,16.45,16.5,16.38,16.46,109043,1792454.0
2002-08-15,sh.600795,16.46,16.48,16.35,16.4,124345,2038108.0
2002-08-16,sh.600795,16.4,16.46,16.35,16.44,148063,2425991.0
2002-08-19,sh.600795,16.44,16.55,16.44,16.5,99445,1640261.0
2002-08-20,sh.600795,16.54,16.68,16.45,16.61,201938,3337990.0
2002-08-21,sh.600795,16.61,16.61,16.53,16.55,147910,2449632.0
2002-08-22,sh.600795,16.55,16.69,16.5,16.66,213918,3558419.0
2002-08-23,sh.600795,16.75,16.79,16.61,16.76,296216,4948845.0
2002-08-26,sh.600795,16.79,16.8,16.68,16.7,384297,6430457.0
2002-08-27,sh.600795,16.74,16.8,16.71,16.77,276021,4627932.0
2002-08-28,sh.600795,16.7,16.75,16.52,16.59,193773,3223693.0
2002-08-29,sh.600795,16.7,16.7,16.5,16.59,103220,1714081.0
2002-08-30,sh.600795,16.59,16.66,16.48,16.64,195205,3238818.0
2002-09-03,sh.600795,16.7,16.79,16.7,16.75,223796,3748452.0
2002-09-04,sh.600795,16.79,16.9,16.75,16.8,1093610,18426413.0
2002-09-05,sh.600795,16.83,16.86,16.55,16.66,438558,7347815.0
2002-09-06,sh.600795,16.6,16.7,16.5,16.59,402621,6677900.0
2002-09-09,sh.600795,16.55,16.8,16.54,16.58,521606,8669344.0
2002-09-10,sh.600795,9.75,9.85,9.65,9.67,230600,2244371.0
2002-09-11,sh.600795,9.62,9.66,9.21,9.26,1420679,13272527.0
2002-09-12,sh.600795,9.26,9.32,9.08,9.22,879687,8047366.0
2002-09-13,sh.600795,9.22,9.46,9.22,9.41,430038,4034083.0
2002-09-16,sh.600795,9.41,9.5,9.27,9.45,390504,3662423.0
2002-09-17,sh.600795,9.4,9.5,9.38,9.45,479444,4526947.0
2002-09-18,sh.600795,9.45,9.48,9.29,9.29,364652,3415637.0
2002-09-19,sh.600795,9.28,9.44,9.27,9.3,970080,9045971.0
2002-09-20,sh.600795,9.32,9.4,9.28,9.3,145381,1353214.0
2002-09-23,sh.600795,9.3,9.35,9.2,9.29,338246,3135954.0
2002-09-24,sh.600795,9.33,9.33,9.12,9.23,349625,3231767.0
2002-09-25,sh.600795,9.14,9.17,9.08,9.08,648076,5897079.0
2002-09-26,sh.600795,9.08,9.14,9.04,9.06,568844,5161733.0
2002-09-27,sh.600795,9.06,9.29,9.0,9.18,369142,3346875.0
2002-10-08,sh.600795,8.8,8.8,8.26,8.26,3294600,27324789.0
2002-10-09,sh.600795,7.79,7.79,7.43,7.43,2854400,21358646.0
2002-10-10,sh.600795,7.13,7.95,7.13,7.57,8279196,63047106.0
2002-10-11,sh.600795,7.59,7.61,7.35,7.46,4035051,30106872.0
2002-10-14,sh.600795,7.48,7.58,7.32,7.44,2506557,18654671.0
2002-10-15,sh.600795,7.5,7.68,7.5,7.57,2055189,15587229.0
2002-10-16,sh.600795,7.58,7.67,7.56,7.59,1744299,13297169.0
2002-10-17,sh.600795,7.65,7.73,7.43,7.49,1162013,8742159.0
2002-10-18,sh.600795,7.5,7.54,7.46,7.48,904354,6776793.0
2002-10-21,sh.600795,7.48,7.55,7.44,7.47,931175,6959733.0
2002-10-22,sh.600795,7.7,7.98,7.6,7.79,6259441,48416369.0
2002-10-23,sh.600795,7.81,8.0,7.78,7.96,5197115,41055734.0
2002-10-24,sh.600795,7.99,8.01,7.78,7.81,2379120,18670341.0
2002-10-25,sh.600795,7.8,7.83,7.61,7.63,1238536,9552790.0
2002-10-28,sh.600795,7.65,7.68,7.53,7.57,837354,6353204.0
2002-10-29,sh.600795,7.55,7.6,7.44,7.58,1141738,8565841.0
2002-10-30,sh.600795,7.55,7.64,7.48,7.6,433850,3289063.0
2002-10-31,sh.600795,7.58,7.67,7.47,7.53,1267102,9583084.0
2002-11-01,sh.600795,7.53,7.65,7.49,7.6,564685,4274203.0
2002-11-04,sh.600795,7.7,7.75,7.51,7.7,857135,6554739.0
2002-11-05,sh.600795,7.7,7.91,7.66,7.9,2298687,17857953.0
2002-11-06,sh.600795,7.85,7.87,7.74,7.77,965857,7523836.0
2002-11-07,sh.600795,7.75,8.08,7.7,8.0,4118828,32725424.0
2002-11-08,sh.600795,8.07,8.15,7.79,7.81,1875472,14793702.0
2002-11-11,sh.600795,7.71,7.87,7.71,7.8,1124281,8764559.0
2002-11-12,sh.600795,7.8,7.92,7.73,7.77,1006947,7863625.0
2002-11-13,sh.600795,7.75,7.85,7.65,7.82,1024718,7952962.0
2002-11-14,sh.600795,7.85,7.92,7.73,7.75,860100,6752296.0
2002-11-15,sh.600795,7.75,7.83,7.6,7.72,955226,7352946.0
2002-11-18,sh.600795,7.72,7.72,7.55,7.58,547810,4170668.0
2002-11-19,sh.600795,7.6,7.66,7.56,7.64,530207,4038406.0
2002-11-20,sh.600795,7.65,7.65,7.4,7.49,976260,7327038.0
2002-11-21,sh.600795,7.5,7.5,7.2,7.25,1967179,14355765.0
2002-11-22,sh.600795,7.25,7.34,7.1,7.29,756382,5477276.0
2002-11-25,sh.600795,7.27,7.29,7.11,7.26,216351,1564433.0
2002-11-26,sh.600795,7.26,7.29,7.1,7.1,395570,2837408.0
2002-11-27,sh.600795,7.07,7.2,7.0,7.16,758185,5379033.0
2002-11-28,sh.600795,7.15,7.35,7.13,7.35,690996,5005072.0
2002-11-29,sh.600795,7.4,7.56,7.35,7.42,1016470,7570587.0
2002-12-02,sh.600795,7.43,7.43,7.14,7.15,394430,2864310.0
2002-12-03,sh.600795,7.15,7.19,7.07,7.14,636201,4534145.0
2002-12-04,sh.600795,7.25,7.25,7.08,7.15,791684,5665931.0
2002-12-05,sh.600795,7.15,7.15,7.07,7.1,417373,2960178.0
2002-12-06,sh.600795,7.07,7.19,7.02,7.08,302930,2146654.0
2002-12-09,sh.600795,7.08,7.19,7.05,7.13,247020,1759472.0
2002-12-10,sh.600795,7.12,7.15,7.04,7.07,317049,2244695.0
2002-12-11,sh.600795,7.05,7.09,7.01,7.03,322654,2269605.0
2002-12-12,sh.600795,7.03,7.15,7.03,7.1,168445,1194215.0
2002-12-13,sh.600795,7.0,7.12,7.0,7.09,332954,2354393.0
2002-12-16,sh.600795,7.1,7.16,7.06,7.12,485136,3450277.0
2002-12-17,sh.600795,7.12,7.22,7.08,7.2,603183,4312926.0
2002-12-18,sh.600795,7.2,7.28,7.19,7.21,537976,3888623.0
2002-12-19,sh.600795,7.25,7.25,7.1,7.18,441187,3157842.0
2002-12-20,sh.600795,7.25,7.5,7.25,7.36,1135640,8378512.0
2002-12-23,sh.600795,7.35,7.38,7.29,7.3,567222,4155502.0
2002-12-24,sh.600795,7.3,7.33,7.2,7.32,507768,3686516.0
2002-12-25,sh.600795,7.32,7.44,7.32,7.38,726090,5361525.0
2002-12-26,sh.600795,7.38,7.38,7.17,7.22,877569,6362695.0
2002-12-27,sh.600795,7.13,7.18,7.11,7.14,503456,3599588.0
2002-12-30,sh.600795,7.18,7.25,7.05,7.12,770958,5478513.0
2002-12-31,sh.600795,7.18,7.35,7.1,7.2,703552,5073965.0
2003-01-02,sh.600795,7.17,7.17,7.05,7.07,311098,2202813.0
2003-01-03,sh.600795,7.0,7.08,6.97,7.03,332451,2328593.0
2003-01-06,sh.600795,7.03,7.12,6.93,7.08,264139,1858787.0
2003-01-07,sh.600795,7.09,7.1,7.01,7.05,449671,3166042.0
2003-01-08,sh.600795,7.05,7.15,6.99,7.14,724779,5122203.0
2003-01-09,sh.600795,7.17,7.2,7.08,7.2,1197623,8569124.0
2003-01-10,sh.600795,7.2,7.24,7.13,7.19,1003882,7209475.0
2003-01-13,sh.600795,7.12,7.21,7.1,7.18,367070,2634391.0
2003-01-14,sh.600795,7.19,7.65,7.16,7.4,7264743,53911286.0
2003-01-15,sh.600795,7.45,7.77,7.38,7.55,10785561,81704995.0
2003-01-16,sh.600795,7.58,7.7,7.45,7.63,4047515,30722747.0
2003-01-17,sh.600795,7.7,7.75,7.5,7.58,1919506,14521377.0
2003-01-20,sh.600795,7.59,7.59,7.45,7.5,1722132,12919009.0
2003-01-21,sh.600795,7.58,7.64,7.38,7.44,1649115,12353238.0
2003-01-22,sh.600795,7.42,7.48,7.31,7.41,1480750,10958318.0
2003-01-23,sh.600795,7.43,7.44,7.24,7.27,1731100,12675560.0
2003-01-24,sh.600795,7.25,7.37,7.21,7.37,1876680,13672380.0
2003-01-28,sh.600795,7.45,7.57,7.35,7.55,6920804,51757828.0
2003-01-29,sh.600795,7.44,7.5,7.31,7.4,3721617,27522706.0
2003-02-10,sh.600795,7.37,7.37,7.18,7.24,1664766,12046514.0
2003-02-11,sh.600795,7.21,7.29,7.2,7.28,669503,4853291.0
2003-02-12,sh.600795,7.29,7.42,7.23,7.41,1385350,10140243.0
2003-02-13,sh.600795,7.45,7.47,7.33,7.34,2174701,16052973.0
2003-02-14,sh.600795,7.45,7.45,7.28,7.29,1162287,8536805.0
2003-02-17,sh.600795,7.3,7.39,7.2,7.26,2629678,19105844.0
2003-02-18,sh.600795,7.26,7.28,7.18,7.2,1761269,12703868.0
2003-02-19,sh.600795,7.22,7.25,7.19,7.23,3115104,22467631.0
2003-02-20,sh.600795,7.25,7.29,7.2,7.27,1421281,10300557.0
2003-02-21,sh.600795,7.28,7.29,7.13,7.15,1585640,11398244.0
2003-02-24,sh.600795,7.14,7.23,7.13,7.18,546435,3920995.0
2003-02-25,sh.600795,7.18,7.28,7.16,7.25,1055325,7621959.0
2003-02-26,sh.600795,7.26,7.26,7.18,7.21,1456977,10494304.0
2003-02-27,sh.600795,7.21,7.25,7.19,7.2,597270,4306580.0
2003-02-28,sh.600795,7.21,7.39,7.21,7.35,2942555,21583403.0
2003-03-03,sh.600795,7.34,7.39,7.2,7.3,1361686,9933187.0
2003-03-04,sh.600795,7.29,7.38,7.25,7.3,1007174,7362257.0
2003-03-05,sh.600795,7.31,7.37,7.25,7.35,1282043,9378341.0
2003-03-06,sh.600795,7.37,7.38,7.24,7.29,774366,5653972.0
2003-03-07,sh.600795,7.28,7.32,7.15,7.23,1143899,8259975.0
2003-03-10,sh.600795,7.23,7.23,7.08,7.08,902800,6427504.0
2003-03-11,sh.600795,7.08,7.14,7.05,7.09,677758,4799453.0
2003-03-12,sh.600795,7.12,7.12,7.01,7.05,1302026,9164168.0
2003-03-13,sh.600795,7.01,7.1,7.0,7.01,496517,3491326.0
2003-03-14,sh.600795,7.0,7.04,6.97,7.01,1124067,7864227.0
2003-03-17,sh.600795,7.0,7.0,6.86,6.93,1175588,8144899.0
2003-03-18,sh.600795,6.9,6.96,6.89,6.9,1964649,13620253.0
2003-03-19,sh.600795,6.9,6.91,6.84,6.85,1548750,10645860.0
2003-03-20,sh.600795,6.85,6.85,6.45,6.63,5990388,39430593.0
2003-03-21,sh.600795,6.58,6.75,6.56,6.71,1351661,9018678.0
2003-03-24,sh.600795,6.71,6.73,6.58,6.66,1200937,7956457.0
2003-03-25,sh.600795,6.66,6.67,6.61,6.63,481059,3191491.0
2003-03-26,sh.600795,6.63,6.66,6.59,6.63,438370,2907067.0
2003-03-27,sh.600795,6.65,6.86,6.56,6.76,1329744,8955128.0
2003-03-28,sh.600795,6.78,7.28,6.78,7.01,7616983,54227637.0
2003-03-31,sh.600795,7.05,7.57,6.98,7.47,10280808,75394746.0
2003-04-01,sh.600795,7.5,7.52,7.36,7.4,5941081,44169088.0
2003-04-02,sh.600795,7.4,7.45,7.27,7.31,3210747,23502334.0
2003-04-03,sh.600795,7.35,7.49,7.3,7.39,2930839,21756069.0
2003-04-04,sh.600795,7.37,7.52,7.35,7.45,3048197,22706627.0
2003-04-07,sh.600795,7.46,7.49,7.29,7.29,3173091,23265749.0
2003-04-08,sh.600795,7.3,7.44,7.14,7.39,4328163,31342038.0
2003-04-09,sh.600795,7.39,7.68,7.28,7.66,6898589,51760741.0
2003-04-10,sh.600795,7.6,8.25,7.59,8.05,23410596,186552385.0
2003-04-11,sh.600795,8.04,8.48,7.99,8.36,16336753,136242601.0
2003-04-14,sh.600795,8.38,8.98,8.38,8.7,17235394,149228751.0
2003-04-15,sh.600795,8.75,8.88,8.4,8.87,10010155,86392387.0
2003-04-16,sh.600795,8.85,9.31,8.58,8.75,13490562,120550115.0
2003-04-17,sh.600795,8.75,8.88,8.58,8.65,5951747,51809525.0
2003-04-21,sh.600795,8.7,8.7,8.17,8.36,6795572,56628811.0
2003-04-22,sh.600795,8.3,8.4,8.27,8.3,3176955,26422712.0
2003-04-23,sh.600795,8.3,8.32,8.0,8.0,5016534,40662568.0
2003-04-24,sh.600795,7.98,7.98,7.56,7.76,6835796,53050422.0
2003-04-25,sh.600795,7.7,8.05,7.65,7.84,3752035,29580184.0
2003-04-28,sh.600795,8.0,8.62,7.89,8.62,5582965,46236520.0
2003-04-29,sh.600795,8.6,8.96,8.39,8.66,16511099,144358036.0
2003-04-30,sh.600795,8.66,8.99,8.52,8.75,9814101,86048095.0
2003-05-12,sh.600795,8.92,9.63,8.7,9.63,18138939,169053232.0
2003-05-13,sh.600795,9.67,10.19,9.5,9.63,33007085,321960176.0
2003-05-14,sh.600795,9.6,10.59,9.38,10.54,35510537,362638729.0
2003-05-15,sh.600795,10.55,10.79,10.34,10.75,22681609,239071159.0
2003-05-16,sh.600795,10.67,11.25,10.65,10.75,24095423,263101157.0
2003-05-19,sh.600795,10.74,10.75,10.32,10.45,18434754,192832998.0
2003-05-20,sh.600795,10.48,10.5,10.1,10.23,11193885,114682139.0
2003-05-21,sh.600795,10.21,10.62,10.18,10.4,7028493,73455576.0
2003-05-22,sh.600795,10.37,10.62,10.28,10.62,5206408,54732155.0
2003-05-23,sh.600795,10.74,11.6,10.7,11.18,25190700,284306203.0
2003-05-26,sh.600795,11.39,11.5,11.12,11.25,10236044,115670415.0
2003-05-27,sh.600795,11.28,11.4,11.13,11.31,6562583,73822258.0
2003-05-28,sh.600795,11.3,11.31,10.61,10.69,16505533,180462361.0
2003-05-29,sh.600795,10.58,10.97,10.31,10.9,14303089,149791088.0
2003-05-30,sh.600795,10.8,10.87,10.57,10.66,5269322,56455379.0
2003-06-02,sh.600795,10.66,10.72,10.38,10.67,4393250,46175467.0
2003-06-03,sh.600795,10.5,10.78,10.5,10.57,3021031,32167775.0
2003-06-04,sh.600795,10.6,10.69,10.46,10.66,3855688,40765636.0
2003-06-05,sh.600795,10.65,10.7,10.4,10.45,3714249,39015527.0
2003-06-06,sh.600795,10.4,10.4,10.1,10.11,4842161,49615292.0
2003-06-09,sh.600795,10.01,10.25,9.91,10.09,2591466,26220968.0
2003-06-10,sh.600795,10.15,10.28,10.01,10.12,1533523,15566280.0
2003-06-11,sh.600795,10.11,10.52,10.1,10.45,3791860,39355985.0
2003-06-12,sh.600795,10.45,10.48,10.33,10.44,2044399,21253414.0
2003-06-13,sh.600795,10.44,10.52,10.33,10.37,1506118,15687884.0
2003-06-16,sh.600795,10.33,10.36,10.15,10.21,1324696,13536526.0
2003-06-17,sh.600795,10.2,10.28,10.05,10.11,1440417,14614940.0
2003-06-18,sh.600795,10.11,10.26,10.1,10.15,1339256,13649171.0
2003-06-19,sh.600795,10.16,10.24,9.95,10.15,4065738,40793474.0
2003-06-20,sh.600795,10.15,10.15,9.97,10.0,1012240,10158660.0
2003-06-23,sh.600795,9.95,9.98,9.76,9.76,3845952,37795164.0
2003-06-24,sh.600795,9.7,9.82,9.69,9.78,1651203,16139132.0
2003-06-25,sh.600795,9.78,9.88,9.72,9.79,2004158,19615930.0
2003-06-26,sh.600795,9.8,10.16,9.73,10.05,2239518,22273445.0
2003-06-27,sh.600795,10.09,10.18,9.9,9.93,1744946,17571240.0
2003-06-30,sh.600795,9.83,9.9,9.6,9.77,2182141,21267349.0
2003-07-01,sh.600795,9.7,10.02,9.7,9.78,2408524,23834671.0
2003-07-02,sh.600795,9.72,10.17,9.72,10.12,2329645,23366668.0
2003-07-03,sh.600795,10.19,10.2,10.04,10.13,1397892,14153631.0
2003-07-04,sh.600795,10.39,10.55,10.22,10.45,4880446,50921532.0
2003-07-07,sh.600795,10.47,10.61,10.38,10.53,6072020,63821607.0
2003-07-08,sh.600795,10.6,10.68,10.33,10.53,5055694,52739769.0
2003-07-09,sh.600795,10.53,10.53,10.27,10.36,2382702,24752680.0
2003-07-10,sh.600795,10.35,10.8,10.26,10.79,7142104,76053812.0
2003-07-11,sh.600795,10.8,11.05,10.66,10.82,7420938,80972406.0
2003-07-14,sh.600795,10.82,10.87,10.75,10.77,1870151,20186538.0
2003-07-15,sh.600795,10.75,11.03,10.61,10.8,3647559,39409177.0
2003-07-16,sh.600795,10.8,10.92,10.71,10.84,2456970,26605679.0
2003-07-17,sh.600795,10.84,11.15,10.84,11.12,8667505,95677138.0
2003-07-18,sh.600795,11.05,11.05,10.6,10.75,8042655,87188501.0
2003-07-21,sh.600795,10.7,10.86,10.6,10.82,2869375,30782760.0
2003-07-22,sh.600795,10.8,10.96,10.67,10.74,2532137,27363452.0
2003-07-23,sh.600795,10.75,10.82,10.6,10.67,2507350,26917323.0
2003-07-24,sh.600795,10.75,10.78,10.52,10.54,2434814,25815393.0
2003-07-25,sh.600795,10.5,10.65,10.3,10.4,2802481,29342182.0
2003-07-28,sh.600795,10.35,10.45,10.25,10.31,761617,7878718.0
2003-07-29,sh.600795,10.32,10.37,10.27,10.33,1014185,10463063.0
2003-07-30,sh.600795,10.3,10.55,10.3,10.54,958503,9997962.0
2003-07-31,sh.600795,10.55,10.66,10.55,10.58,1430460,15176151.0
2003-08-01,sh.600795,10.6,10.65,10.41,10.62,2860848,30072494.0
2003-08-04,sh.600795,10.64,10.71,10.55,10.67,1946151,20700422.0
2003-08-05,sh.600795,10.68,10.98,10.65,10.89,3713889,40399225.0
2003-08-06,sh.600795,10.85,10.95,10.75,10.77,1458340,15815051.0
2003-08-07,sh.600795,10.8,10.85,10.68,10.68,646846,6934323.0
2003-08-08,sh.600795,10.65,10.68,10.46,10.5,1802890,19019585.0
2003-08-11,sh.600795,10.05,10.45,10.05,10.4,788833,8178018.0
2003-08-12,sh.600795,10.38,10.57,10.38,10.4,361288,3770166.0
2003-08-13,sh.600795,10.41,10.44,10.31,10.36,458002,4753189.0
2003-08-14,sh.600795,10.34,10.35,10.1,10.16,1577667,16176281.0
2003-08-15,sh.600795,10.16,10.28,9.95,10.05,2397442,24040977.0
2003-08-18,sh.600795,10.03,10.2,9.96,10.06,373772,3768621.0
2003-08-19,sh.600795,10.07,10.17,10.07,10.13,324608,3284175.0
2003-08-20,sh.600795,10.1,10.17,10.0,10.07,415854,4173309.0
2003-08-21,sh.600795,10.07,10.11,10.03,10.05,370646,3728472.0
2003-08-22,sh.600795,9.97,10.06,9.95,10.01,394305,3951512.0
2003-08-25,sh.600795,10.0,10.0,9.78,9.85,1285480,12666778.0
2003-08-26,sh.600795,9.85,9.97,9.84,9.85,585472,5781152.0
2003-08-27,sh.600795,9.95,9.98,9.81,9.91,726296,7184053.0
2003-08-28,sh.600795,9.91,9.93,9.85,9.9,909180,8994403.0
2003-08-29,sh.600795,9.86,10.04,9.83,10.03,1032248,10258997.0
2003-09-01,sh.600795,10.1,10.29,10.0,10.28,772799,7877929.0
2003-09-02,sh.600795,10.28,10.52,10.26,10.42,2858214,29878706.0
2003-09-03,sh.600795,10.4,10.5,10.3,10.34,1708435,17775391.0
2003-09-04,sh.600795,10.29,10.5,10.28,10.28,820182,8533705.0
2003-09-05,sh.600795,10.32,10.35,9.94,10.0,1440058,14460269.0
2003-09-08,sh.600795,10.0,10.06,9.9,9.99,683290,6806196.0
2003-09-09,sh.600795,9.99,10.01,9.8,9.83,1136356,11263100.0
2003-09-10,sh.600795,9.85,10.0,9.85,9.95,400821,3981368.0
2003-09-11,sh.600795,9.95,10.12,9.95,10.05,542796,5454301.0
2003-09-12,sh.600795,10.0,10.08,9.99,10.05,574160,5761537.0
2003-09-15,sh.600795,10.1,10.12,9.99,10.0,405110,4071741.0
2003-09-16,sh.600795,10.0,10.1,9.96,10.08,730950,7307911.0
2003-09-17,sh.600795,10.08,10.08,9.86,9.89,737382,7318174.0
2003-09-18,sh.600795,9.87,10.02,9.84,10.0,790208,7876496.0
2003-09-19,sh.600795,10.0,10.0,9.86,9.99,265222,2634477.0
2003-09-22,sh.600795,9.94,9.98,9.62,9.63,1394026,13635894.0
2003-09-23,sh.600795,9.63,9.63,9.28,9.41,1228994,11545053.0
2003-09-24,sh.600795,9.39,9.55,9.29,9.35,1092930,10229136.0
2003-09-25,sh.600795,9.35,9.42,9.32,9.37,220374,2063831.0
2003-09-26,sh.600795,9.4,9.45,9.3,9.33,247119,2314965.0
2003-09-29,sh.600795,9.28,9.35,9.2,9.25,535699,4968077.0
2003-09-30,sh.600795,9.3,9.43,9.24,9.35,464149,4324079.0
2003-10-08,sh.600795,9.31,9.52,9.31,9.47,1129997,10648541.0
2003-10-09,sh.600795,9.47,9.51,9.27,9.3,901651,8444492.0
2003-10-13,sh.600795,9.6,9.72,9.48,9.49,1505710,14450596.0
2003-10-14,sh.600795,9.48,9.56,9.44,9.45,180700,1713546.0
2003-10-15,sh.600795,9.45,9.58,9.32,9.36,407893,3861304.0
2003-10-16,sh.600795,9.3,9.43,9.15,9.19,590926,5464311.0
2003-10-17,sh.600795,9.18,9.25,9.11,9.15,519929,4773035.0
2003-10-20,sh.600795,9.19,9.19,9.08,9.1,990092,9004202.0
2003-10-21,sh.600795,9.08,9.15,9.06,9.15,761384,6917365.0
2003-10-22,sh.600795,9.28,9.66,9.16,9.6,2507978,23970726.0
2003-10-23,sh.600795,9.6,9.78,9.5,9.52,1862718,17931252.0
2003-10-24,sh.600795,9.51,9.55,9.45,9.5,670496,6367571.0
2003-10-27,sh.600795,9.55,9.71,9.5,9.62,1221792,11754226.0
2003-10-28,sh.600795,9.62,9.92,9.52,9.92,2177645,21376899.0
2003-10-29,sh.600795,9.9,10.12,9.77,10.08,2361735,23450908.0
2003-10-30,sh.600795,9.98,10.08,9.86,9.9,1330988,13218040.0
2003-10-31,sh.600795,9.86,10.0,9.7,9.71,815761,8044215.0
2003-11-03,sh.600795,9.68,10.13,9.66,10.12,1921522,19208203.0
2003-11-04,sh.600795,10.08,10.56,10.01,10.32,3972082,41203064.0
2003-11-05,sh.600795,10.28,10.33,10.08,10.16,1128010,11551283.0
2003-11-06,sh.600795,10.2,10.25,9.97,10.14,1769509,17809970.0
2003-11-07,sh.600795,10.14,10.14,9.7,9.84,2200514,21780242.0
2003-11-10,sh.600795,9.71,9.86,9.71,9.83,705151,6903271.0
2003-11-11,sh.600795,9.92,9.98,9.84,9.91,335055,3317168.0
2003-11-12,sh.600795,9.9,10.04,9.71,9.76,632740,6206213.0
2003-11-13,sh.600795,9.71,9.8,9.67,9.72,742760,7222429.0
2003-11-14,sh.600795,9.7,9.85,9.64,9.8,1062047,10323770.0
2003-11-17,sh.600795,9.85,9.9,9.78,9.88,264603,2596981.0
2003-11-18,sh.600795,9.9,9.9,9.52,9.6,855028,8249263.0
2003-11-19,sh.600795,9.58,9.68,9.53,9.61,428916,4121696.0
2003-11-20,sh.600795,9.61,9.78,9.5,9.65,1093693,10512258.0
2003-11-21,sh.600795,9.65,9.8,9.51,9.57,1295804,12498126.0
2003-11-24,sh.600795,9.51,9.88,9.51,9.86,1314190,12775912.0
2003-11-25,sh.600795,9.86,10.05,9.77,9.85,2352121,23268370.0
2003-11-26,sh.600795,9.85,9.99,9.76,9.88,1443986,14220100.0
2003-11-27,sh.600795,9.89,10.03,9.76,9.82,1075153,10647720.0
2003-11-28,sh.600795,9.96,10.1,9.82,9.91,904106,8997193.0
2003-12-01,sh.600795,10.0,10.27,9.94,10.24,3346511,33994576.0
2003-12-02,sh.600795,10.34,10.35,10.1,10.23,1558825,15876953.0
2003-12-03,sh.600795,10.23,10.58,10.13,10.35,3530750,36797202.0
2003-12-04,sh.600795,10.36,10.38,10.15,10.2,2374621,24259121.0
2003-12-05,sh.600795,10.2,10.45,10.0,10.19,2004805,20268026.0
2003-12-08,sh.600795,10.3,10.35,10.19,10.19,2302700,23680964.0
2003-12-09,sh.600795,10.33,10.33,10.06,10.15,1735717,17583804.0
2003-12-10,sh.600795,10.24,10.59,10.16,10.5,6248915,65171856.0
2003-12-11,sh.600795,10.5,10.82,10.5,10.76,10764551,115309718.0
2003-12-12,sh.600795,10.8,10.82,10.6,10.8,2135766,22925604.0
2003-12-15,sh.600795,10.78,10.85,10.65,10.67,889145,9540514.0
2003-12-16,sh.600795,10.65,10.85,10.4,10.76,3040171,32319342.0
2003-12-17,sh.600795,10.79,10.96,10.66,10.67,4729577,51213595.0
2003-12-18,sh.600795,10.6,10.98,10.56,10.93,3865420,41803518.0
2003-12-19,sh.600795,10.9,11.56,10.9,11.42,19721929,224370111.0
2003-12-22,sh.600795,11.42,11.8,11.36,11.77,10016112,116594414.0
2003-12-23,sh.600795,11.82,11.9,11.62,11.88,5448954,63979905.0
2003-12-24,sh.600795,11.8,12.2,11.77,12.1,7121095,85599902.0
2003-12-25,sh.600795,12.2,12.65,12.04,12.09,7870824,96744221.0
2003-12-26,sh.600795,12.0,12.14,11.75,11.84,4088186,48492334.0
2003-12-30,sh.600795,11.7,12.18,11.6,12.04,3428318,41063640.0
2003-12-31,sh.600795,12.1,12.19,11.68,11.76,6926637,81986818.0
2004-01-02,sh.600795,11.75,12.24,11.74,12.2,6643117,79876053.0
2004-01-05,sh.600795,12.2,12.75,12.18,12.6,5127783,64125565.0
2004-01-06,sh.600795,12.75,12.85,12.5,12.74,5373777,68445975.0
2004-01-07,sh.600795,12.7,12.78,12.41,12.49,4788596,60197627.0
2004-01-08,sh.600795,12.46,12.6,12.3,12.59,3058759,38097504.0
2004-01-09,sh.600795,12.55,12.59,11.95,11.98,4427866,54344181.0
2004-01-12,sh.600795,12.41,12.6,11.86,12.09,3261326,39194049.0
2004-01-13,sh.600795,12.12,12.35,11.88,12.0,4378030,53179696.0
2004-01-14,sh.600795,11.9,11.9,11.51,11.7,2530043,29472252.0
2004-01-15,sh.600795,11.65,11.7,11.56,11.6,1699343,19744479.0
2004-01-16,sh.600795,11.81,12.02,11.6,11.72,2558787,30250508.0
2004-01-29,sh.600795,11.73,11.85,11.5,11.66,2580550,30033919.0
2004-01-30,sh.600795,11.8,11.8,11.23,11.25,4052914,46344279.0
2004-02-02,sh.600795,11.35,11.64,11.0,11.31,6789334,76711909.0
2004-02-03,sh.600795,11.3,11.55,11.2,11.53,3554221,40481180.0
2004-02-04,sh.600795,11.58,12.45,11.58,12.19,13333958,161514306.0
2004-02-05,sh.600795,12.3,12.37,12.01,12.08,3748276,45579801.0
2004-02-06,sh.600795,12.05,12.1,11.85,11.91,4124534,49179004.0
2004-02-09,sh.600795,11.85,12.05,11.81,11.98,4252006,50759105.0
2004-02-10,sh.600795,11.98,12.26,11.88,11.89,4679670,56540278.0
2004-02-11,sh.600795,11.9,12.1,11.65,11.76,5193437,61662108.0
2004-02-12,sh.600795,11.77,11.89,11.61,11.67,2183635,25600523.0
2004-02-13,sh.600795,11.68,11.73,11.4,11.55,2049020,23702959.0
2004-02-16,sh.600795,11.55,11.92,11.48,11.76,2239823,26325970.0
2004-02-17,sh.600795,11.87,11.96,11.62,11.65,5458949,64162611.0
2004-02-18,sh.600795,11.66,12.2,11.66,12.18,6276323,75134444.0
2004-02-19,sh.600795,12.2,12.61,12.2,12.47,15159096,188981065.0
2004-02-20,sh.600795,12.5,12.6,12.39,12.59,7187878,89860983.0
2004-02-23,sh.600795,12.7,12.75,12.27,12.32,8381564,104417667.0
2004-02-24,sh.600795,12.56,12.56,12.01,12.41,6042043,74595332.0
2004-02-25,sh.600795,12.43,12.48,12.0,12.03,4524369,55323443.0
2004-02-26,sh.600795,12.0,12.15,11.82,11.99,3630183,43559361.0
2004-02-27,sh.600795,12.11,12.62,12.11,12.33,9113815,113250898.0
2004-03-01,sh.600795,12.43,12.5,12.28,12.5,5928384,73286950.0
2004-03-02,sh.600795,12.5,12.5,12.05,12.17,3549102,43501254.0
2004-03-03,sh.600795,12.23,12.67,12.1,12.59,11514582,142731804.0
2004-03-04,sh.600795,12.59,13.15,12.51,12.76,11859127,152569507.0
2004-03-05,sh.600795,12.76,12.97,12.6,12.67,3860015,49162981.0
2004-03-08,sh.600795,12.7,13.03,12.51,12.88,6304958,81261851.0
2004-03-09,sh.600795,12.88,13.12,12.75,12.78,5394740,69757960.0
2004-03-10,sh.600795,12.78,13.05,12.76,12.98,4222592,54460944.0
2004-03-11,sh.600795,13.0,13.6,12.95,13.25,11369026,151432130.0
2004-03-12,sh.600795,13.27,13.55,13.21,13.41,5321565,71098450.0
2004-03-15,sh.600795,13.5,13.89,13.44,13.56,7236038,99205647.0
2004-03-16,sh.600795,13.6,13.78,13.48,13.69,6113126,83326085.0
2004-03-17,sh.600795,13.67,13.8,13.53,13.56,5482567,74662812.0
2004-03-18,sh.600795,13.54,13.57,13.01,13.05,8777194,115904966.0
2004-03-19,sh.600795,13.0,13.32,12.95,13.3,5059797,66426644.0
2004-03-22,sh.600795,13.31,13.44,13.16,13.38,3369528,44670917.0
2004-03-23,sh.600795,13.38,13.38,13.0,13.15,2052743,27023190.0
2004-03-24,sh.600795,13.0,13.23,12.91,13.05,4060100,52967687.0
2004-03-25,sh.600795,13.05,13.32,12.99,13.23,3012252,39822344.0
2004-03-29,sh.600795,13.54,13.55,13.15,13.18,2459218,32859446.0
2004-03-30,sh.600795,13.16,13.26,13.06,13.11,2196100,28833758.0
2004-03-31,sh.600795,13.14,13.36,13.14,13.29,1293096,17158212.0
2004-04-01,sh.600795,13.3,13.59,13.29,13.53,3353880,45245569.0
2004-04-02,sh.600795,13.62,13.98,13.62,13.85,5658353,78295158.0
2004-04-05,sh.600795,14.0,14.5,14.0,14.4,9271706,132431715.0
2004-04-06,sh.600795,14.45,14.54,14.2,14.5,6826534,98178052.0
2004-04-07,sh.600795,14.53,14.71,14.16,14.23,8144800,117287719.0
2004-04-08,sh.600795,8.91,9.14,8.91,9.0,10120585,91152232.0
2004-04-09,sh.600795,9.0,9.0,8.5,8.61,14501151,125641169.0
2004-04-12,sh.600795,8.58,8.76,8.25,8.57,8670292,74078378.0
2004-04-13,sh.600795,8.57,8.84,8.57,8.67,11082749,96541016.0
2004-04-14,sh.600795,8.67,8.71,8.4,8.56,6578668,56200819.0
2004-04-15,sh.600795,8.58,8.65,8.3,8.39,5298102,44601583.0
2004-04-16,sh.600795,8.41,8.56,8.26,8.44,4533622,38105279.0
2004-04-19,sh.600795,8.35,8.6,8.35,8.48,4021134,34153182.0
2004-04-20,sh.600795,8.48,8.68,8.46,8.55,4758644,40786862.0
2004-04-21,sh.600795,8.53,8.55,8.35,8.35,4168195,35144643.0
2004-04-22,sh.600795,8.26,8.51,8.24,8.38,5487761,45667763.0
2004-04-23,sh.600795,8.31,8.4,8.28,8.32,3653336,30400392.0
2004-04-26,sh.600795,8.3,8.39,8.27,8.35,3165297,26340867.0
2004-04-27,sh.600795,8.4,8.56,8.32,8.52,5799290,49170510.0
2004-04-28,sh.600795,8.5,8.58,8.3,8.33,4586536,38440277.0
2004-04-29,sh.600795,8.36,8.45,7.9,7.92,8424124,68334919.0
2004-04-30,sh.600795,7.9,8.18,7.88,8.11,3795972,30622891.0
2004-05-10,sh.600795,8.2,8.4,7.83,7.99,6230892,50465255.0
2004-05-11,sh.600795,7.98,8.04,7.8,7.99,3262229,25857550.0
2004-05-12,sh.600795,8.0,8.2,7.9,8.15,3486500,28250770.0
2004-05-13,sh.600795,8.15,8.21,8.05,8.12,2244882,18193734.0
2004-05-14,sh.600795,8.11,8.11,7.68,7.83,6890260,54105576.0
2004-05-17,sh.600795,7.82,8.0,7.76,7.85,4457117,35151050.0
2004-05-19,sh.600795,7.85,8.09,7.85,7.91,5721608,45580298.0
2004-05-20,sh.600795,7.91,7.99,7.85,7.89,2720276,21530961.0
2004-05-21,sh.600795,7.89,7.96,7.76,7.88,2721211,21410383.0
2004-05-24,sh.600795,7.86,7.95,7.75,7.82,2053262,16098890.0
2004-05-25,sh.600795,7.82,7.96,7.72,7.84,3088171,24245572.0
2004-05-26,sh.600795,7.82,8.03,7.8,8.0,2001559,15927897.0
2004-05-27,sh.600795,8.0,8.12,7.78,8.01,4534171,36154919.0
2004-05-28,sh.600795,7.99,8.09,7.95,8.05,1390560,11182869.0
2004-05-31,sh.600795,8.05,8.12,7.98,8.1,1958869,15831258.0
2004-06-01,sh.600795,8.11,8.25,8.04,8.18,3534901,28838377.0
2004-06-02,sh.600795,8.2,8.2,8.04,8.06,2077207,16848067.0
2004-06-03,sh.600795,8.09,8.09,7.88,7.89,2081629,16487884.0
2004-06-04,sh.600795,7.81,7.95,7.81,7.88,1036952,8163078.0
2004-06-07,sh.600795,7.87,7.88,7.74,7.83,1743256,13551035.0
2004-06-08,sh.600795,7.8,7.86,7.58,7.6,3259940,25076256.0
2004-06-09,sh.600795,7.59,7.64,7.4,7.45,4969800,37282941.0
2004-06-10,sh.600795,7.44,7.61,7.41,7.53,2010570,15156631.0
2004-06-11,sh.600795,7.6,7.76,7.5,7.52,2471583,18818673.0
2004-06-14,sh.600795,7.53,7.6,7.4,7.51,1883279,14108655.0
2004-06-15,sh.600795,7.49,7.74,7.48,7.62,2128500,16245218.0
2004-06-16,sh.600795,7.65,7.86,7.63,7.8,2145257,16707359.0
2004-06-17,sh.600795,7.9,7.95,7.68,7.77,2116705,16593264.0
2004-06-18,sh.600795,7.77,7.79,7.25,7.4,5305273,39659169.0
2004-06-21,sh.600795,7.32,7.46,7.28,7.39,1621193,11927906.0
2004-06-22,sh.600795,7.39,7.52,7.38,7.43,1277389,9507230.0
2004-06-23,sh.600795,7.4,7.4,7.25,7.36,2070084,15168606.0
2004-06-24,sh.600795,7.25,7.3,6.99,7.25,9016163,63843221.0
2004-06-25,sh.600795,7.2,7.22,6.75,6.87,8036559,55493463.0
2004-06-28,sh.600795,6.69,6.8,6.48,6.53,5957138,39282039.0
2004-06-29,sh.600795,6.53,6.79,6.43,6.71,4012789,26485750.0
2004-06-30,sh.600795,6.7,6.85,6.61,6.8,3459826,23408058.0
2004-07-01,sh.600795,6.8,7.0,6.73,6.93,3903049,26857154.0
2004-07-02,sh.600795,6.92,7.03,6.82,6.93,2245497,15575004.0
2004-07-05,sh.600795,6.95,6.99,6.79,6.87,1605446,10983673.0
2004-07-06,sh.600795,6.87,7.15,6.85,7.08,5635422,39791246.0
2004-07-07,sh.600795,7.08,7.18,7.03,7.04,3612900,25632092.0
2004-07-08,sh.600795,7.05,7.06,6.99,7.01,1223087,8584261.0
2004-07-09,sh.600795,7.03,7.1,6.85,6.9,2433094,16913084.0
2004-07-12,sh.600795,6.86,6.86,6.75,6.78,1321835,8973606.0
2004-07-13,sh.600795,6.77,6.79,6.52,6.6,4488690,29694951.0
2004-07-14,sh.600795,6.6,6.6,6.34,6.5,5224387,33660123.0
2004-07-15,sh.600795,6.5,6.83,6.48,6.82,5914450,39234048.0
2004-07-16,sh.600795,6.85,7.16,6.79,7.11,7106349,49847900.0
2004-07-19,sh.600795,7.11,7.12,6.96,7.08,4435084,31302733.0
2004-07-20,sh.600795,7.05,7.08,6.87,6.97,4291168,29719180.0
2004-07-21,sh.600795,6.92,7.18,6.92,6.97,5003168,35291100.0
2004-07-22,sh.600795,7.0,7.06,6.72,6.75,2477968,16953345.0
2004-07-23,sh.600795,6.71,6.78,6.59,6.78,3421385,22811797.0
2004-07-26,sh.600795,6.72,6.72,6.61,6.7,1764156,11749598.0
2004-07-27,sh.600795,6.69,6.7,6.59,6.64,1539731,10207582.0
2004-07-29,sh.600795,6.65,6.93,6.65,6.9,3948684,26917649.0
2004-07-30,sh.600795,6.9,7.03,6.8,6.94,2997620,20871955.0
2004-08-02,sh.600795,6.9,7.02,6.83,6.98,2160849,14991683.0
2004-08-03,sh.600795,7.02,7.05,6.91,7.05,4117496,28795029.0
2004-08-04,sh.600795,7.04,7.25,6.92,7.19,8418331,59711544.0
2004-08-05,sh.600795,7.17,7.17,7.05,7.05,2400277,17038698.0
2004-08-06,sh.600795,7.03,7.11,7.0,7.05,1522735,10735231.0
2004-08-09,sh.600795,7.05,7.18,7.02,7.15,1808977,12871150.0
2004-08-10,sh.600795,7.16,7.25,7.14,7.16,4078964,29286518.0
2004-08-11,sh.600795,7.16,7.2,6.99,7.08,3450667,24227518.0
2004-08-12,sh.600795,7.0,7.03,6.83,7.0,6670407,46074499.0
2004-08-13,sh.600795,6.99,7.0,6.8,6.9,3518937,24243473.0
2004-08-16,sh.600795,6.95,6.95,6.72,6.78,3829654,25962526.0
2004-08-17,sh.600795,6.78,6.95,6.75,6.92,986161,6795307.0
2004-08-18,sh.600795,6.98,7.0,6.92,6.97,1048021,7305024.0
2004-08-19,sh.600795,6.95,6.98,6.9,6.97,928359,6432419.0
2004-08-20,sh.600795,6.93,7.05,6.93,7.0,1543353,10808928.0
2004-08-23,sh.600795,7.0,7.01,6.95,7.0,1888672,13212425.0
2004-08-24,sh.600795,6.98,7.15,6.93,7.13,2443130,17269996.0
2004-08-25,sh.600795,7.15,7.15,7.08,7.11,2618231,18611360.0
2004-08-26,sh.600795,7.13,7.18,7.07,7.17,1897730,13568153.0
2004-08-27,sh.600795,7.17,7.25,7.1,7.2,4289220,30916867.0
2004-08-31,sh.600795,7.31,7.55,7.19,7.25,2048636,14891067.0
2004-09-01,sh.600795,7.21,7.23,7.11,7.16,657621,4720307.0
2004-09-02,sh.600795,7.11,7.18,7.09,7.15,1833434,13044234.0
2004-09-03,sh.600795,7.13,7.21,7.07,7.2,836163,5968376.0
2004-09-06,sh.600795,7.2,7.2,7.11,7.18,337929,2421101.0
2004-09-07,sh.600795,7.16,7.2,7.08,7.2,1144002,8129352.0
2004-09-08,sh.600795,7.1,7.19,7.08,7.18,1451397,10318213.0
2004-09-09,sh.600795,7.12,7.15,7.02,7.05,1416036,10006198.0
2004-09-10,sh.600795,7.03,7.06,6.87,7.05,3351426,23288508.0
2004-09-13,sh.600795,7.0,7.03,6.9,6.96,961607,6701455.0
2004-09-14,sh.600795,6.95,7.17,6.95,7.1,1956248,13910849.0
2004-09-15,sh.600795,7.17,7.45,7.09,7.31,6624039,48310520.0
2004-09-16,sh.600795,7.31,7.45,7.29,7.37,3876156,28532090.0
2004-09-17,sh.600795,7.38,7.58,7.33,7.52,5416302,40491886.0
2004-09-20,sh.600795,7.71,7.97,7.55,7.9,10375714,80551426.0
2004-09-21,sh.600795,7.95,7.99,7.7,7.77,5655315,44167539.0
2004-09-22,sh.600795,7.7,7.99,7.64,7.7,6359613,49580007.0
2004-09-23,sh.600795,7.71,7.96,7.57,7.92,4727381,36534848.0
2004-09-24,sh.600795,7.95,8.17,7.86,7.89,11914196,95611144.0
2004-09-27,sh.600795,8.0,8.12,7.86,7.94,4951519,39424053.0
2004-09-28,sh.600795,7.94,7.99,7.78,7.89,2791526,21891894.0
2004-09-29,sh.600795,7.86,7.86,7.7,7.77,4327296,33548945.0
2004-09-30,sh.600795,7.8,7.8,7.65,7.79,2810531,21652922.0
2004-10-08,sh.600795,7.77,7.8,7.55,7.79,2333845,17846146.0
2004-10-11,sh.600795,7.8,7.8,7.49,7.5,6015609,45685057.0
2004-10-12,sh.600795,7.51,7.57,7.13,7.19,6667053,48541778.0
2004-10-13,sh.600795,7.15,7.23,7.0,7.02,3679950,26086399.0
2004-10-14,sh.600795,7.01,7.1,6.81,6.99,6283997,43366067.0
2004-10-15,sh.600795,6.96,7.05,6.78,6.99,4136447,28308515.0
2004-10-18,sh.600795,6.93,7.0,6.79,6.9,1659485,11355672.0
2004-10-19,sh.600795,6.91,7.11,6.9,6.91,1828335,12772594.0
2004-10-20,sh.600795,6.92,6.94,6.82,6.86,1230623,8430372.0
2004-10-21,sh.600795,6.86,7.09,6.85,6.95,2596195,18218072.0
2004-10-22,sh.600795,6.99,7.02,6.88,6.97,4453103,30946431.0
2004-10-26,sh.600795,6.9,6.9,6.34,6.45,11434402,74050554.0
2004-10-27,sh.600795,6.5,6.61,6.29,6.6,13495867,86501846.0
2004-10-28,sh.600795,6.58,7.13,6.55,6.91,16000319,110301113.0
2004-10-29,sh.600795,6.61,6.91,6.6,6.79,9236007,62385097.0
2004-11-01,sh.600795,6.77,6.9,6.68,6.69,4609434,31114272.0
2004-11-02,sh.600795,6.7,6.75,6.39,6.48,8980707,58521638.0
2004-11-03,sh.600795,6.52,6.66,6.45,6.6,3675063,24105261.0
2004-11-04,sh.600795,6.67,6.71,6.54,6.56,3960625,26309460.0
2004-11-05,sh.600795,6.63,6.66,6.49,6.61,1725061,11333230.0
2004-11-08,sh.600795,6.58,6.65,6.49,6.58,885002,5817781.0
2004-11-09,sh.600795,6.58,6.8,6.58,6.7,2775721,18634356.0
2004-11-10,sh.600795,6.76,6.99,6.71,6.94,5118815,35313953.0
2004-11-11,sh.600795,6.96,7.16,6.95,6.97,5904026,41843038.0
2004-11-12,sh.600795,6.96,7.15,6.96,7.07,2869445,20292750.0
2004-11-15,sh.600795,7.05,7.16,7.05,7.14,2848256,20254951.0
2004-11-16,sh.600795,7.18,7.19,7.08,7.12,2652674,18939440.0
2004-11-17,sh.600795,7.1,7.1,6.92,6.93,2168652,15099463.0
2004-11-18,sh.600795,6.95,7.06,6.73,7.03,4032212,27643992.0
2004-11-19,sh.600795,7.09,7.2,7.06,7.15,4876467,34774313.0
2004-11-22,sh.600795,7.15,7.17,7.09,7.11,1603382,11424747.0
2004-11-23,sh.600795,7.12,7.14,6.9,6.9,1699130,11835384.0
2004-11-24,sh.600795,6.9,7.0,6.83,6.87,1681634,11582545.0
2004-11-25,sh.600795,6.9,6.93,6.74,6.82,2641222,17963771.0
2004-11-26,sh.600795,6.82,6.83,6.76,6.82,939464,6383143.0
2004-11-29,sh.600795,6.82,6.82,6.72,6.74,786412,5310712.0
2004-11-30,sh.600795,6.74,6.8,6.67,6.67,1347980,9022210.0
2004-12-01,sh.600795,6.69,6.78,6.64,6.68,853907,5703428.0
2004-12-02,sh.600795,6.72,6.77,6.6,6.7,821706,5463311.0
2004-12-03,sh.600795,6.68,6.78,6.65,6.72,733420,4931362.0
2004-12-06,sh.600795,6.72,6.82,6.72,6.74,921577,6231325.0
2004-12-07,sh.600795,6.74,6.78,6.7,6.71,535366,3604871.0
2004-12-08,sh.600795,6.73,6.78,6.65,6.69,573825,3849650.0
2004-12-09,sh.600795,6.69,6.88,6.63,6.79,1118516,7604413.0
2004-12-10,sh.600795,6.79,6.79,6.69,6.74,599564,4034447.0
2004-12-13,sh.600795,6.69,6.69,6.61,6.63,759863,5039648.0
2004-12-14,sh.600795,6.62,6.69,6.54,6.58,1200908,7907122.0
2004-12-15,sh.600795,6.56,6.65,6.5,6.59,1947460,12736744.0
2004-12-17,sh.600795,6.5,6.68,6.5,6.67,1486356,9815297.0
2004-12-20,sh.600795,6.7,6.76,6.56,6.56,2439603,16139974.0
2004-12-21,sh.600795,6.56,6.65,6.5,6.52,1129203,7390599.0
2004-12-22,sh.600795,6.52,6.64,6.38,6.59,2411539,15683339.0
2004-12-23,sh.600795,6.61,6.64,6.46,6.46,2053776,13396425.0
2004-12-24,sh.600795,6.5,6.5,6.3,6.34,2637233,16789743.0
2004-12-27,sh.600795,6.39,6.39,6.09,6.16,4567739,28231657.0
2004-12-28,sh.600795,6.15,6.2,6.0,6.0,2518016,15218624.0
2004-12-29,sh.600795,6.09,6.13,6.0,6.01,1803054,10870992.0
2004-12-30,sh.600795,6.07,6.2,5.93,6.11,2526072,15374534.0
2004-12-31,sh.600795,6.09,6.25,6.09,6.23,3350890,20723291.0
2005-01-04,sh.600795,6.1,6.14,5.94,5.94,2561960,15456529.0
2005-01-05,sh.600795,5.96,6.0,5.88,5.91,2188516,12969085.0
2005-01-06,sh.600795,5.92,5.96,5.65,5.72,3371219,19305359.0
2005-01-07,sh.600795,5.72,5.73,5.5,5.59,2445267,13776030.0
2005-01-10,sh.600795,5.54,5.58,5.4,5.53,3526031,19283212.0
2005-01-11,sh.600795,5.53,5.65,5.52,5.63,2271553,12735200.0
2005-01-12,sh.600795,5.62,5.67,5.6,5.66,1448214,8144643.0
2005-01-13,sh.600795,5.55,5.68,5.55,5.61,1696239,9501009.0
2005-01-14,sh.600795,5.62,5.69,5.52,5.55,1352329,7579547.0
2005-01-17,sh.600795,5.55,5.55,5.0,5.14,6467875,33712896.0
2005-01-18,sh.600795,5.14,5.36,5.1,5.35,3737542,19306941.0
2005-01-19,sh.600795,5.27,5.35,5.15,5.22,4390823,22909804.0
2005-01-20,sh.600795,5.15,5.27,4.98,5.25,3534028,18256130.0
2005-01-21,sh.600795,5.25,5.73,5.2,5.69,7988162,44436311.0
2005-01-24,sh.600795,5.8,5.88,5.61,5.75,13082077,74701027.0
2005-01-25,sh.600795,5.73,5.79,5.53,5.76,2657997,15127407.0
2005-01-26,sh.600795,5.74,5.75,5.5,5.53,5787874,32354628.0
2005-01-27,sh.600795,5.18,5.66,5.18,5.53,5715157,31718540.0
2005-01-28,sh.600795,5.5,5.57,5.42,5.56,968432,5337743.0
2005-01-31,sh.600795,5.45,5.7,5.45,5.68,2363165,13369100.0
2005-02-01,sh.600795,5.68,5.89,5.68,5.89,4840004,28198004.0
2005-02-02,sh.600795,5.88,6.16,5.81,6.11,7771685,46308338.0
2005-02-03,sh.600795,6.11,6.33,5.79,5.93,13098670,79404505.0
2005-02-04,sh.600795,5.9,6.11,5.78,6.07,6319305,37523244.0
2005-02-16,sh.600795,6.02,6.26,6.02,6.2,5228929,32384201.0
2005-02-17,sh.600795,6.3,6.3,6.09,6.19,1589955,9769077.0
2005-02-18,sh.600795,6.19,6.2,6.05,6.1,1046577,6394903.0
2005-02-21,sh.600795,6.1,6.15,6.01,6.11,1477248,9024537.0
2005-02-22,sh.600795,6.15,6.21,6.0,6.19,5863203,35749744.0
2005-02-23,sh.600795,6.16,6.16,5.92,5.94,8134530,48789400.0
2005-02-24,sh.600795,5.94,6.05,5.92,5.99,3281540,19556760.0
2005-02-25,sh.600795,5.92,6.11,5.92,6.04,4368773,26371481.0
2005-02-28,sh.600795,5.99,6.02,5.86,5.91,4773573,28203150.0
2005-03-01,sh.600795,5.9,5.92,5.85,5.87,1744769,10271707.0
2005-03-02,sh.600795,5.87,6.12,5.87,5.98,10852039,65229466.0
2005-03-03,sh.600795,5.98,6.06,5.8,6.05,3173367,18929723.0
2005-03-04,sh.600795,6.05,6.2,6.01,6.17,8430031,51874531.0
2005-03-07,sh.600795,6.17,6.21,6.04,6.1,3149589,19205131.0
2005-03-08,sh.600795,6.2,6.2,6.04,6.16,4871818,29804842.0
2005-03-09,sh.600795,6.18,6.22,6.08,6.1,3931685,24223611.0
2005-03-10,sh.600795,6.1,6.1,5.93,5.97,3289059,19733495.0
2005-03-11,sh.600795,5.97,5.99,5.88,5.9,2618294,15519103.0
2005-03-14,sh.600795,5.9,5.92,5.73,5.77,2965563,17244273.0
2005-03-15,sh.600795,5.77,5.82,5.65,5.73,1559464,8938923.0
2005-03-16,sh.600795,5.73,5.75,5.66,5.7,1142437,6508731.0
2005-03-17,sh.600795,5.68,5.75,5.49,5.6,3195845,17915034.0
2005-03-18,sh.600795,5.58,5.65,5.5,5.59,1415743,7869764.0
2005-03-21,sh.600795,5.57,5.68,5.53,5.6,1240310,6960788.0
2005-03-22,sh.600795,5.6,5.6,5.2,5.28,2851789,15171625.0
2005-03-23,sh.600795,5.26,5.38,5.17,5.25,2729480,14306009.0
2005-03-24,sh.600795,5.2,5.31,5.17,5.29,1686513,8811859.0
2005-03-25,sh.600795,5.32,5.32,5.19,5.21,1029780,5389037.0
2005-03-28,sh.600795,5.21,5.26,5.13,5.2,863588,4477984.0
2005-03-29,sh.600795,5.2,5.37,5.18,5.34,2352902,12475635.0
2005-03-30,sh.600795,5.32,5.34,5.09,5.29,2618036,13710748.0
2005-03-31,sh.600795,5.25,5.51,5.23,5.5,4576199,24650826.0
2005-04-01,sh.600795,5.55,5.9,5.43,5.76,4937860,27861262.0
2005-04-04,sh.600795,5.69,5.73,5.52,5.67,3111653,17604318.0
2005-04-05,sh.600795,5.65,5.7,5.59,5.6,1058220,5989712.0
2005-04-06,sh.600795,5.58,5.99,5.58,5.9,5083762,29814328.0
2005-04-07,sh.600795,5.92,6.11,5.86,5.9,7467885,44725168.0
2005-04-08,sh.600795,5.9,6.0,5.7,5.96,5561848,32511996.0
2005-04-11,sh.600795,5.96,6.03,5.84,5.92,2354759,14016486.0
2005-04-12,sh.600795,5.92,5.95,5.66,5.7,2053729,11847367.0
2005-04-13,sh.600795,5.78,5.95,5.78,5.87,2697006,15872498.0
2005-04-14,sh.600795,5.9,6.03,5.75,5.81,3261020,19372132.0
2005-04-15,sh.600795,5.75,5.83,5.71,5.76,1471087,8492199.0
2005-04-18,sh.600795,5.7,5.75,5.46,5.49,2980336,16530418.0
2005-04-19,sh.600795,5.52,5.6,5.44,5.57,3145665,17331248.0
2005-04-20,sh.600795,5.57,5.57,5.4,5.4,2576646,14040708.0
2005-04-21,sh.600795,5.39,5.46,5.3,5.44,958433,5185994.0
2005-04-22,sh.600795,5.36,5.61,5.36,5.6,4672472,25812750.0
2005-04-25,sh.600795,5.59,5.76,5.53,5.74,3582841,20305202.0
2005-04-26,sh.600795,5.8,6.15,5.75,5.99,13322895,79908567.0
2005-04-27,sh.600795,6.0,6.14,5.89,5.96,5901363,35536778.0
2005-04-28,sh.600795,5.9,6.16,5.85,6.11,8402841,51072796.0
2005-04-29,sh.600795,6.15,6.2,6.05,6.13,5113453,31440599.0
2005-05-09,sh.600795,6.13,6.2,5.99,6.03,3053659,18524323.0
2005-05-10,sh.600795,6.03,6.11,5.85,6.0,5695856,34170343.0
2005-05-11,sh.600795,6.0,6.1,5.98,6.03,3215563,19395103.0
2005-05-12,sh.600795,6.02,6.1,5.88,6.03,2630679,15806198.0
2005-05-13,sh.600795,5.93,6.1,5.93,5.96,2335740,14099157.0
2005-05-16,sh.600795,5.93,6.04,5.9,5.95,3021307,18073026.0
2005-05-17,sh.600795,5.9,6.13,5.9,6.06,1772232,10742318.0
2005-05-18,sh.600795,6.05,6.16,6.05,6.07,772950,4708432.0
2005-05-19,sh.600795,6.06,6.14,5.93,6.12,1651860,9994883.0
2005-05-20,sh.600795,6.14,6.16,6.07,6.1,868972,5311554.0
2005-05-23,sh.600795,6.08,6.18,6.05,6.11,2336351,14318091.0
2005-05-24,sh.600795,6.1,6.14,5.7,5.84,7299795,42379357.0
2005-05-25,sh.600795,5.8,5.85,5.66,5.68,1708823,9826729.0
2005-05-26,sh.600795,5.63,5.76,5.58,5.65,3609900,20433050.0
2005-05-27,sh.600795,5.7,5.74,5.53,5.54,2608700,14593942.0
2005-05-30,sh.600795,5.5,5.7,5.48,5.67,1384576,7774449.0
2005-06-01,sh.600795,5.67,5.72,5.54,5.58,1597900,8920633.0
2005-06-02,sh.600795,5.58,5.65,5.29,5.39,1760444,9608329.0
2005-06-03,sh.600795,5.41,5.42,5.27,5.29,3132316,16644992.0
2005-06-06,sh.600795,5.3,5.5,5.21,5.5,2204449,11800294.0
2005-06-07,sh.600795,5.52,5.6,5.36,5.47,2109440,11623452.0
2005-06-08,sh.600795,6.02,6.02,5.47,5.95,9227723,54776984.0
2005-06-09,sh.600795,5.96,6.19,5.86,6.14,12432608,75115261.0
2005-06-10,sh.600795,6.2,6.22,5.95,6.09,5396315,32737350.0
2005-06-13,sh.600795,6.1,6.14,6.02,6.09,1758948,10710869.0
2005-06-14,sh.600795,6.09,6.15,5.96,5.97,1834729,11135594.0
2005-06-15,sh.600795,5.99,5.99,5.7,5.81,2971408,17153205.0
2005-06-16,sh.600795,5.8,6.05,5.78,6.0,3803910,22623529.0
2005-06-17,sh.600795,6.01,6.3,6.01,6.23,8053153,49843077.0
2005-06-20,sh.600795,6.4,6.77,6.22,6.62,13678146,89511184.0
2005-06-21,sh.600795,6.62,6.67,6.45,6.59,4364764,28760110.0
2005-06-22,sh.600795,6.56,6.74,6.5,6.73,6303466,42198933.0
2005-06-23,sh.600795,6.7,6.7,6.5,6.51,2546694,16774143.0
2005-06-24,sh.600795,6.5,6.7,6.4,6.69,3194377,21056108.0
2005-06-27,sh.600795,6.71,6.87,6.7,6.83,4148147,28258254.0
2005-06-28,sh.600795,6.82,6.91,6.65,6.89,5843358,39932136.0
2005-06-29,sh.600795,6.87,6.92,6.81,6.82,3213721,22065408.0
2005-06-30,sh.600795,6.9,6.9,6.5,6.53,3595994,23760267.0
2005-07-01,sh.600795,6.53,6.53,6.39,6.42,3439766,22064312.0
2005-07-04,sh.600795,6.38,6.51,6.33,6.43,2946490,18926613.0
2005-07-05,sh.600795,6.48,6.49,6.39,6.4,2347853,15113255.0
2005-07-06,sh.600795,6.39,6.42,6.17,6.26,4116147,25806061.0
2005-07-07,sh.600795,6.25,6.35,6.21,6.26,1558087,9756076.0
2005-07-08,sh.600795,6.19,6.23,6.1,6.15,1128662,6968247.0
2005-07-11,sh.600795,6.22,6.43,6.22,6.3,2159635,13665815.0
2005-07-12,sh.600795,6.3,6.85,6.28,6.67,4732609,31380864.0
2005-07-13,sh.600795,6.72,6.75,6.56,6.74,2111314,14091619.0
2005-07-14,sh.600795,6.65,6.85,6.65,6.78,4064842,27460711.0
2005-07-15,sh.600795,6.76,6.76,6.55,6.65,2654983,17583716.0
2005-07-18,sh.600795,6.7,6.7,6.45,6.5,1759683,11427710.0
2005-07-19,sh.600795,6.5,6.65,6.5,6.54,1884211,12336066.0
2005-07-20,sh.600795,6.56,6.64,6.5,6.62,1214141,8011777.0
2005-07-21,sh.600795,6.65,6.76,6.58,6.7,1611430,10741205.0
2005-07-22,sh.600795,6.7,6.91,6.68,6.88,6090963,41751578.0
2005-07-25,sh.600795,6.87,7.01,6.8,7.0,7052600,49154608.0
2005-07-26,sh.600795,6.96,7.23,6.96,7.01,13360816,95489614.0
2005-07-27,sh.600795,7.0,7.1,6.98,7.08,2330880,16442551.0
2005-07-28,sh.600795,7.07,7.15,6.92,6.93,4328142,30497223.0
2005-07-29,sh.600795,6.93,6.99,6.88,6.92,1434582,9950472.0
2005-08-01,sh.600795,6.92,7.08,6.91,6.95,1526808,10653658.0
2005-08-02,sh.600795,6.9,7.03,6.9,7.02,1882708,13167522.0
2005-08-03,sh.600795,7.04,7.13,7.02,7.1,3820118,27055437.0
2005-08-04,sh.600795,7.1,7.17,7.0,7.1,2661910,18977474.0
2005-08-05,sh.600795,7.06,7.25,7.04,7.23,3475810,24855832.0
2005-08-08,sh.600795,7.25,7.34,7.09,7.1,3247400,23420274.0
2005-08-09,sh.600795,7.1,7.14,6.85,6.92,6065863,41963415.0
2005-08-10,sh.600795,6.9,7.14,6.83,7.14,4543908,31728402.0
2005-08-11,sh.600795,7.1,7.31,7.06,7.29,7994733,57299066.0
2005-08-12,sh.600795,7.29,7.29,6.85,7.05,6926618,48807507.0
2005-08-15,sh.600795,7.02,7.02,6.89,7.0,4762671,33112325.0
2005-08-16,sh.600795,7.0,7.07,6.9,6.97,2319341,16142832.0
2005-08-17,sh.600795,6.76,7.1,6.75,7.06,2683864,18655785.0
2005-08-18,sh.600795,7.06,7.12,6.72,6.73,7222954,49845435.0
2005-08-19,sh.600795,6.73,6.92,6.7,6.9,5093564,34932586.0
2005-08-22,sh.600795,6.91,6.97,6.75,6.8,3504494,23872889.0
2005-08-23,sh.600795,6.79,6.89,6.68,6.88,4154999,28143016.0
2005-08-24,sh.600795,6.73,7.0,6.73,6.81,3356433,23053556.0
2005-08-25,sh.600795,6.78,6.86,6.6,6.67,6614690,44219591.0
2005-08-26,sh.600795,6.7,6.72,6.63,6.7,1775659,11863949.0
2005-08-29,sh.600795,6.76,6.84,6.67,6.78,2916638,19717090.0
2005-08-30,sh.600795,6.77,6.85,6.72,6.82,1705178,11588134.0
2005-08-31,sh.600795,6.84,7.02,6.78,6.99,2960810,20423013.0
2005-09-01,sh.600795,7.03,7.15,6.95,7.01,5743660,40547251.0
2005-09-02,sh.600795,7.0,7.1,6.98,7.08,2409659,17021040.0
2005-09-05,sh.600795,7.06,7.09,7.03,7.05,1654233,11669347.0
2005-09-06,sh.600795,7.05,7.07,6.9,6.92,2492540,17382319.0
2005-09-07,sh.600795,6.88,6.93,6.83,6.93,1551937,10678902.0
2005-09-08,sh.600795,6.94,6.96,6.84,6.94,2779724,19191104.0
2005-09-09,sh.600795,6.94,6.94,6.78,6.86,4195523,28600800.0
2005-09-12,sh.600795,6.87,6.87,6.63,6.67,4746821,31718234.0
2005-09-13,sh.600795,6.67,6.74,6.49,6.68,5630891,37178822.0
2005-09-14,sh.600795,6.68,6.81,6.67,6.79,4341890,29337049.0
2005-09-15,sh.600795,6.8,6.82,6.75,6.78,1381087,9370735.0
2005-09-16,sh.600795,6.81,6.81,6.6,6.69,2684454,17923951.0
2005-09-19,sh.600795,6.69,6.69,6.54,6.58,7173605,47178054.0
2005-09-20,sh.600795,6.58,6.65,6.55,6.62,3647453,24016890.0
2005-09-21,sh.600795,6.63,6.64,6.43,6.49,4540981,29464320.0
2005-09-22,sh.600795,6.46,6.48,6.35,6.45,3608418,23087431.0
2005-09-23,sh.600795,6.45,6.49,6.38,6.42,1184092,7599262.0
2005-09-26,sh.600795,6.43,6.49,6.41,6.48,1932376,12478663.0
2005-09-27,sh.600795,6.5,6.56,6.42,6.48,2255634,14695070.0
2005-09-28,sh.600795,6.51,6.6,6.46,6.56,1526969,10001771.0
2005-09-29,sh.600795,6.56,6.7,6.56,6.66,2284696,15199436.0
2005-09-30,sh.600795,6.65,6.66,6.61,6.66,1561056,10358080.0
2005-10-10,sh.600795,6.65,6.65,6.46,6.5,1773085,11516698.0
2005-10-11,sh.600795,6.5,6.53,6.42,6.48,2155191,13951642.0
2005-10-12,sh.600795,6.48,6.54,6.18,6.2,9458760,59497784.0
2005-10-13,sh.600795,6.16,6.27,5.98,6.0,7056148,42855317.0
2005-10-14,sh.600795,6.0,6.03,5.75,5.86,5919620,34627032.0
2005-10-17,sh.600795,5.82,5.93,5.8,5.85,2525115,14775558.0
2005-10-18,sh.600795,5.84,5.92,5.8,5.82,2902161,16984045.0
2005-10-19,sh.600795,5.86,6.0,5.65,5.88,5949485,34642596.0
2005-10-20,sh.600795,5.86,5.86,5.66,5.68,4954579,28222643.0
2005-10-21,sh.600795,5.68,5.77,5.65,5.7,2855508,16262302.0
2005-10-24,sh.600795,5.68,5.74,5.68,5.71,2381938,13584185.0
2005-10-25,sh.600795,5.72,5.85,5.6,5.64,3519023,20008597.0
2005-10-26,sh.600795,5.64,5.71,5.55,5.57,1872556,10483960.0
2005-10-27,sh.600795,5.57,5.62,5.54,5.59,1130457,6301708.0
2005-10-28,sh.600795,5.59,5.71,5.58,5.64,1650675,9280385.0
2005-10-31,sh.600795,5.64,5.83,5.62,5.82,4195403,24214068.0
2005-11-01,sh.600795,5.84,5.85,5.68,5.8,2682587,15382504.0
2005-11-02,sh.600795,5.8,5.83,5.76,5.82,3046554,17672997.0
2005-11-03,sh.600795,5.81,5.81,5.71,5.71,2389044,13757374.0
2005-11-04,sh.600795,5.7,5.83,5.63,5.82,2794122,15999144.0
2005-11-07,sh.600795,5.8,5.87,5.78,5.79,1371984,8002089.0
2005-11-08,sh.600795,5.79,5.82,5.7,5.79,1092202,6289730.0
2005-11-09,sh.600795,5.79,5.8,5.62,5.7,6079900,34590855.0
2005-11-10,sh.600795,5.67,5.67,5.52,5.55,3432996,19145638.0
2005-11-11,sh.600795,5.54,5.6,5.35,5.4,7539756,40858931.0
2005-11-14,sh.600795,5.4,5.4,5.32,5.34,1637180,8769287.0
2005-11-15,sh.600795,5.34,5.38,5.2,5.23,3472760,18342932.0
2005-11-16,sh.600795,5.23,5.33,5.2,5.32,1076162,5652539.0
2005-11-17,sh.600795,5.32,5.45,5.27,5.41,1743675,9377913.0
2005-11-18,sh.600795,5.4,5.6,5.4,5.52,3975913,21894907.0
2005-11-22,sh.600795,5.53,5.57,5.39,5.41,2957882,16071491.0
2005-11-23,sh.600795,5.4,5.48,5.4,5.47,1414935,7688098.0
2005-11-24,sh.600795,5.45,5.58,5.44,5.55,2063094,11440426.0
2005-11-25,sh.600795,5.54,5.64,5.52,5.62,1221296,6821663.0
2005-11-28,sh.600795,5.59,5.67,5.53,5.65,1899031,10684657.0
2005-11-29,sh.600795,5.61,5.66,5.44,5.44,2238199,12378789.0
2005-11-30,sh.600795,5.43,5.55,5.43,5.52,1971085,10757106.0
2005-12-01,sh.600795,5.52,5.52,5.47,5.5,1294606,7110613.0
2005-12-02,sh.600795,5.45,5.6,5.45,5.59,1811348,10006599.0
2005-12-05,sh.600795,5.58,5.6,5.45,5.46,1881875,10320168.0
2005-12-06,sh.600795,5.45,5.67,5.45,5.64,2919014,16348697.0
2005-12-07,sh.600795,5.64,5.75,5.6,5.74,5747322,32758909.0
2005-12-08,sh.600795,5.75,5.92,5.72,5.92,6335056,37130488.0
2005-12-09,sh.600795,5.92,6.05,5.86,6.02,4516882,27070600.0
2005-12-12,sh.600795,5.99,5.99,5.89,5.97,3365231,19985898.0
2005-12-13,sh.600795,5.92,5.98,5.9,5.95,2415730,14320153.0
2005-12-14,sh.600795,5.94,6.22,5.9,6.2,6051265,36921568.0
2005-12-15,sh.600795,6.2,6.2,6.07,6.07,3765872,23038503.0
2005-12-16,sh.600795,6.07,6.11,6.03,6.07,1850855,11238283.0
2005-12-19,sh.600795,6.07,6.16,5.98,6.08,2578267,15689082.0
2005-12-20,sh.600795,6.06,6.13,6.06,6.12,2296843,14010357.0
2005-12-21,sh.600795,6.13,6.13,5.98,6.01,2749895,16605588.0
2005-12-22,sh.600795,5.96,6.15,5.94,6.06,5079036,30634977.0
2005-12-23,sh.600795,6.06,6.2,6.05,6.18,4595223,28266535.0
2005-12-26,sh.600795,6.18,6.18,6.09,6.1,4367738,26742104.0
2005-12-27,sh.600795,6.1,6.19,6.1,6.11,1969446,12098798.0
2005-12-28,sh.600795,6.13,6.28,6.13,6.24,4350640,27127725.0
2005-12-29,sh.600795,6.25,6.45,6.24,6.37,6849677,43516880.0
2005-12-30,sh.600795,6.39,6.39,6.2,6.23,2060881,12912896.0
2006-01-04,sh.600795,6.24,6.48,6.19,6.44,5275107,33632449.0
2006-01-05,sh.600795,6.45,6.6,6.4,6.58,7667744,49963606.0
2006-01-06,sh.600795,6.59,6.68,6.48,6.56,7439686,48875699.0
2006-01-09,sh.600795,6.55,6.57,6.45,6.56,6492657,42221108.0
2006-01-10,sh.600795,6.55,6.56,6.3,6.34,10408163,66206821.0
2006-01-11,sh.600795,6.34,6.34,6.25,6.33,4565876,28750511.0
2006-01-12,sh.600795,6.31,6.39,6.23,6.31,5987258,37744733.0
2006-01-13,sh.600795,6.31,6.31,6.04,6.11,9191297,56360032.0
2006-01-16,sh.600795,6.1,6.18,6.0,6.01,7184171,43720973.0
2006-01-17,sh.600795,6.0,6.11,5.94,6.09,9672973,58366171.0
2006-01-18,sh.600795,6.09,6.24,6.05,6.23,8928492,55165417.0
2006-01-19,sh.600795,6.23,6.24,6.09,6.18,5325233,32676014.0
2006-01-20,sh.600795,6.18,6.35,6.09,6.21,11581161,72248300.0
2006-01-23,sh.600795,6.2,6.21,6.05,6.08,6483846,39646843.0
2006-01-24,sh.600795,6.08,6.11,5.8,5.84,13217826,78172173.0
2006-01-25,sh.600795,5.84,5.91,5.75,5.89,6613290,38578303.0
2006-02-06,sh.600795,5.89,5.97,5.85,5.93,8411817,49676065.0
2006-02-07,sh.600795,5.93,6.1,5.8,5.99,8844462,52612198.0
2006-02-08,sh.600795,6.05,6.37,6.05,6.36,21692063,134946409.0
2006-02-09,sh.600795,6.36,6.36,6.21,6.25,8566549,53605660.0
2006-02-10,sh.600795,6.26,6.3,6.16,6.25,5935447,36971029.0
2006-02-13,sh.600795,6.25,6.35,6.2,6.23,5418392,33974539.0
2006-02-14,sh.600795,6.25,6.33,6.08,6.14,5950751,36846818.0
2006-02-15,sh.600795,6.15,6.15,5.97,6.07,9454238,57161162.0
2006-02-16,sh.600795,6.07,6.11,5.8,5.86,5963641,35402753.0
2006-02-17,sh.600795,5.81,5.9,5.77,5.82,4800415,27957653.0
2006-02-20,sh.600795,5.82,5.9,5.78,5.85,3667122,21365347.0
2006-02-21,sh.600795,5.85,5.97,5.84,5.92,3865653,22876482.0
2006-02-22,sh.600795,5.96,5.96,5.82,5.86,8114823,47630478.0
2006-02-23,sh.600795,5.86,5.88,5.8,5.88,3250323,18979413.0
2006-02-24,sh.600795,5.88,5.9,5.83,5.88,3783596,22188558.0
2006-02-27,sh.600795,5.9,5.97,5.83,5.87,5398972,31848853.0
2006-02-28,sh.600795,5.89,5.89,5.7,5.81,5737790,33073795.0
2006-03-01,sh.600795,5.81,6.0,5.8,5.99,7058724,41952668.0
2006-03-02,sh.600795,6.05,6.1,5.88,5.91,6975678,42087954.0
2006-03-03,sh.600795,5.91,6.1,5.88,6.0,5895821,35507921.0
2006-03-06,sh.600795,6.0,6.05,5.85,5.91,3357810,19897546.0
2006-03-07,sh.600795,5.88,5.95,5.7,5.73,4401109,25557079.0
2006-03-08,sh.600795,5.74,5.75,5.58,5.66,3263160,18430108.0
2006-03-09,sh.600795,5.66,5.75,5.61,5.68,1561755,8900569.0
2006-03-10,sh.600795,5.7,5.72,5.59,5.59,4540715,25604373.0
2006-03-13,sh.600795,5.59,5.63,5.53,5.55,5215499,29037196.0
2006-03-14,sh.600795,5.55,5.58,5.5,5.55,5675628,31409484.0
2006-03-15,sh.600795,5.56,5.65,5.56,5.64,7637330,42892061.0
2006-03-16,sh.600795,5.65,5.67,5.55,5.58,3590323,20096581.0
2006-03-17,sh.600795,5.58,5.59,5.51,5.55,3266930,18114457.0
2006-03-20,sh.600795,5.55,5.85,5.55,5.82,8105265,46556633.0
2006-03-21,sh.600795,5.82,5.86,5.74,5.77,7604666,43988670.0
2006-03-22,sh.600795,5.77,5.81,5.71,5.77,2150362,12413175.0
2006-03-23,sh.600795,5.75,5.9,5.75,5.86,4245043,24663373.0
2006-03-24,sh.600795,5.88,5.91,5.73,5.73,4862388,28095043.0
2006-03-27,sh.600795,5.72,5.8,5.7,5.75,2475975,14234737.0
2006-03-28,sh.600795,5.76,5.76,5.69,5.73,7378552,42249453.0
2006-03-29,sh.600795,5.74,5.75,5.57,5.68,11017353,62109942.0
2006-03-30,sh.600795,5.65,5.69,5.61,5.65,3571632,20169521.0
2006-03-31,sh.600795,5.66,5.75,5.63,5.7,5246203,29816645.0
2006-04-03,sh.600795,5.74,5.84,5.65,5.84,6977655,40240316.0
2006-04-04,sh.600795,5.85,6.09,5.84,6.03,14226162,85288128.0
2006-04-05,sh.600795,6.08,6.15,6.02,6.04,11156101,67786939.0
2006-04-06,sh.600795,6.04,6.04,5.93,5.97,8108507,48525488.0
2006-04-07,sh.600795,5.95,5.95,5.85,5.93,10133820,59755474.0
2006-04-10,sh.600795,5.93,6.07,5.85,6.05,13699047,81766847.0
2006-04-11,sh.600795,6.07,6.26,6.03,6.25,24909472,152911020.0
2006-04-12,sh.600795,6.26,6.29,6.15,6.17,14637153,90856636.0
2006-04-13,sh.600795,6.17,6.22,5.96,5.97,11115599,67841412.0
2006-04-14,sh.600795,5.95,6.11,5.95,6.1,7772695,46985246.0
2006-04-17,sh.600795,6.08,6.35,6.06,6.26,16524248,103370981.0
2006-04-18,sh.600795,6.3,6.33,6.17,6.24,9738215,60903648.0
2006-04-19,sh.600795,6.34,6.58,6.3,6.37,29036655,186537600.0
2006-04-20,sh.600795,6.35,6.43,6.1,6.19,13683982,85504860.0
2006-04-21,sh.600795,6.25,6.35,6.21,6.33,18078976,113340927.0
2006-04-24,sh.600795,6.31,6.31,5.96,5.97,17997961,109131594.0
2006-04-25,sh.600795,5.95,5.95,5.69,5.8,21049641,121177336.0
2006-04-26,sh.600795,5.81,6.2,5.78,6.19,18162424,109004509.0
2006-04-27,sh.600795,6.19,6.19,6.03,6.09,9617734,58703081.0
2006-04-28,sh.600795,5.99,6.16,5.9,6.11,11233576,68084338.0
2006-05-08,sh.600795,6.26,6.56,6.15,6.46,28177046,180444357.0
2006-05-09,sh.600795,6.48,6.85,6.45,6.69,32139010,214171940.0
2006-05-10,sh.600795,6.73,6.82,6.5,6.68,22690070,151087788.0
2006-05-12,sh.600795,6.61,7.35,6.56,7.33,43452212,307531467.0
2006-05-15,sh.600795,7.48,8.06,7.45,8.06,47682489,375472470.0
2006-05-16,sh.600795,8.06,8.51,7.6,7.72,45037351,359324522.0
2006-05-17,sh.600795,7.75,8.09,7.66,7.86,22398328,175443102.0
2006-05-18,sh.600795,7.84,7.86,7.38,7.78,20126503,153710086.0
2006-05-19,sh.600795,7.78,8.05,7.66,7.88,19979402,157840366.0
2006-05-22,sh.600795,7.88,8.4,7.8,8.13,20587869,167570965.0
2006-05-23,sh.600795,8.0,8.0,7.47,7.55,24509414,189161485.0
2006-05-24,sh.600795,7.65,7.8,7.41,7.74,19010386,144356159.0
2006-05-25,sh.600795,7.76,7.79,7.49,7.64,8143426,62095220.0
2006-05-26,sh.600795,7.65,7.88,7.65,7.83,11746818,91567354.0
2006-05-29,sh.600795,7.9,8.18,7.82,8.15,19861823,160494326.0
2006-05-30,sh.600795,8.26,8.32,8.04,8.15,16890527,138486291.0
2006-05-31,sh.600795,8.12,8.25,8.05,8.15,13022580,105906850.0
2006-06-01,sh.600795,8.14,8.97,8.13,8.97,41902484,369738325.0
2006-06-02,sh.600795,8.97,8.98,8.56,8.68,29450293,258604176.0
2006-06-05,sh.600795,8.61,8.78,8.53,8.77,14969811,129665637.0
2006-06-06,sh.600795,8.7,8.9,8.65,8.74,12905905,113230293.0
2006-06-07,sh.600795,8.82,8.85,7.9,7.93,19590567,162165722.0
2006-06-08,sh.600795,7.91,8.08,7.66,7.93,13037079,102596157.0
2006-06-09,sh.600795,7.95,8.16,7.65,7.69,15218502,120025975.0
2006-06-12,sh.600795,7.63,7.7,7.36,7.42,13530443,101235328.0
2006-06-13,sh.600795,7.42,7.72,7.37,7.51,8899332,67224493.0
2006-06-14,sh.600795,7.49,7.86,7.42,7.85,10799057,82296475.0
2006-06-15,sh.600795,7.85,7.97,7.71,7.74,6811783,53106193.0
2006-06-16,sh.600795,7.8,7.86,7.6,7.78,11814702,90984938.0
2006-06-19,sh.600795,7.69,7.94,7.56,7.86,9027190,70717604.0
2006-06-20,sh.600795,7.78,7.91,7.72,7.82,6307934,49168161.0
2006-06-21,sh.600795,7.82,7.87,7.69,7.76,6167228,47920642.0
2006-06-22,sh.600795,7.79,7.94,7.69,7.71,7499633,58348930.0
2006-06-23,sh.600795,7.74,7.92,7.67,7.85,8422176,65729560.0
2006-06-26,sh.600795,7.85,7.89,7.72,7.83,8682772,67744569.0
2006-06-27,sh.600795,7.85,7.85,7.63,7.7,11449132,88281072.0
2006-06-28,sh.600795,7.7,7.71,7.52,7.6,9865160,74798932.0
2006-06-29,sh.600795,7.55,8.18,7.54,8.17,27487301,216337301.0
2006-06-30,sh.600795,8.3,8.4,7.97,8.11,24274996,196490997.0
2006-07-03,sh.600795,8.15,8.17,7.92,8.03,11499893,92081776.0
2006-07-04,sh.600795,8.05,8.08,7.8,7.86,13923636,109910828.0
2006-07-05,sh.600795,7.86,7.87,7.68,7.85,8085833,62785354.0
2006-07-06,sh.600795,7.85,7.96,7.81,7.94,10914394,86400096.0
2006-07-07,sh.600795,7.95,8.07,7.89,7.94,13236634,106039607.0
2006-07-10,sh.600795,7.96,7.98,7.72,7.84,7179626,56047156.0
2006-07-11,sh.600795,7.84,7.88,7.71,7.74,8941249,69336598.0
2006-07-12,sh.600795,7.76,8.1,7.75,8.02,17759574,140941734.0
2006-07-13,sh.600795,8.06,8.07,7.45,7.49,15995751,123684591.0
2006-07-14,sh.600795,7.48,7.72,7.4,7.61,10606359,80484106.0
2006-07-31,sh.600795,7.95,7.95,7.18,7.2,22267629,166508474.0
2006-08-01,sh.600795,7.19,7.29,7.06,7.11,6613752,47262423.0
2006-08-02,sh.600795,7.12,7.19,6.68,6.77,12756566,87838123.0
2006-08-03,sh.600795,6.79,6.92,6.68,6.9,22736332,154768493.0
2006-08-31,sh.600795,5.4,5.4,4.99,5.09,59815080,309348937.0
2006-09-01,sh.600795,5.11,5.25,5.11,5.18,38298204,197718075.0
2006-09-04,sh.600795,5.17,5.4,5.16,5.39,39075052,204975666.0
2006-09-05,sh.600795,5.47,5.48,5.23,5.25,34918523,185648443.0
2006-09-06,sh.600795,5.27,5.29,5.18,5.19,18957109,98743707.0
2006-09-07,sh.600795,5.22,5.22,5.1,5.13,18178497,93622329.0
2006-09-08,sh.600795,5.14,5.15,5.02,5.06,15975734,80987246.0
2006-09-11,sh.600795,5.06,5.1,4.98,5.05,11885044,59709213.0
2006-09-12,sh.600795,5.08,5.1,5.02,5.07,10431167,52839600.0
2006-09-13,sh.600795,5.09,5.25,5.08,5.14,27609437,142557332.0
2006-09-14,sh.600795,5.15,5.17,5.04,5.06,12414751,63034166.0
2006-09-15,sh.600795,5.06,5.2,5.04,5.18,19487612,99863300.0
2006-09-18,sh.600795,5.2,5.27,5.16,5.26,18840475,98463645.0
2006-09-19,sh.600795,5.27,5.29,5.19,5.23,11818530,61733051.0
2006-09-20,sh.600795,5.24,5.25,5.16,5.19,13214925,68622076.0
2006-09-22,sh.600795,5.21,5.23,5.0,5.07,17498360,89167620.0
2006-09-25,sh.600795,5.07,5.09,5.0,5.01,12562024,63217620.0
2006-09-26,sh.600795,5.03,5.06,4.98,5.02,8528691,42745140.0
2006-09-27,sh.600795,4.98,5.03,4.98,5.01,9126909,45580952.0
2006-09-28,sh.600795,5.0,5.19,5.0,5.09,13138305,67061571.0
2006-09-29,sh.600795,5.1,5.16,5.07,5.13,11383917,58112961.0
2006-10-09,sh.600795,5.17,5.3,5.17,5.28,29539513,155116519.0
2006-10-10,sh.600795,5.3,5.38,5.23,5.31,20877464,110617749.0
2006-10-11,sh.600795,5.32,5.43,5.28,5.42,24963271,134144815.0
2006-10-12,sh.600795,5.44,5.45,5.35,5.42,21682417,117047963.0
2006-10-13,sh.600795,5.42,5.66,5.4,5.61,40894859,228325596.0
2006-10-16,sh.600795,5.61,5.61,5.4,5.46,14097698,77850936.0
2006-10-17,sh.600795,5.45,5.45,5.31,5.34,11517955,61837970.0
2006-10-18,sh.600795,5.34,5.43,5.33,5.39,7205187,38811178.0
2006-10-20,sh.600795,5.4,5.46,5.18,5.27,13483909,72260689.0
2006-10-23,sh.600795,5.26,5.3,5.18,5.18,9465894,49618754.0
2006-10-24,sh.600795,5.19,5.32,5.19,5.29,10236495,53870603.0
2006-10-25,sh.600795,5.29,5.29,5.09,5.16,26638111,137762990.0
2006-10-26,sh.600795,5.15,5.16,5.09,5.15,13217048,67554319.0
2006-10-27,sh.600795,5.15,5.18,5.08,5.14,8466973,43348624.0
2006-10-30,sh.600795,5.13,5.36,5.1,5.34,19548535,102826170.0
2006-10-31,sh.600795,5.33,5.48,5.33,5.42,26487146,143763864.0
2006-11-01,sh.600795,5.48,5.5,5.36,5.46,17441697,94835201.0
2006-11-02,sh.600795,5.5,5.9,5.5,5.72,71370609,410746885.0
2006-11-03,sh.600795,5.81,5.96,5.72,5.76,32412209,189142569.0
2006-11-06,sh.600795,5.72,5.9,5.6,5.89,25585539,148437168.0
2006-11-07,sh.600795,5.99,6.03,5.78,5.9,26877782,159091013.0
2006-11-08,sh.600795,5.92,5.92,5.65,5.66,17792661,102266118.0
2006-11-09,sh.600795,5.64,5.74,5.6,5.7,11890257,67388946.0
2006-11-10,sh.600795,5.7,5.74,5.46,5.54,16638779,93088331.0
2006-11-13,sh.600795,5.53,5.57,5.25,5.34,13014195,70271753.0
2006-11-14,sh.600795,5.31,5.4,5.22,5.4,8799947,46710714.0
2006-11-15,sh.600795,5.4,5.57,5.37,5.55,11148042,61154374.0
2006-11-16,sh.600795,5.57,5.62,5.45,5.48,11969217,66519520.0
2006-11-17,sh.600795,5.46,5.67,5.42,5.66,19310214,107959723.0
2006-11-20,sh.600795,5.8,5.98,5.74,5.82,39756800,232596211.0
2006-11-21,sh.600795,5.84,5.97,5.72,5.92,32380194,188988146.0
2006-11-22,sh.600795,5.93,6.21,5.85,6.1,51825816,316670069.0
2006-11-23,sh.600795,6.1,6.16,5.96,6.06,28166780,171202817.0
2006-11-24,sh.600795,6.06,6.16,6.0,6.05,22193613,134562457.0
2006-11-27,sh.600795,6.03,6.14,5.93,6.13,22036908,132684728.0
2006-11-28,sh.600795,6.14,6.3,6.1,6.17,20729706,128557832.0
2006-11-29,sh.600795,6.08,6.15,5.98,6.08,17174539,104102145.0
2006-11-30,sh.600795,6.08,6.17,6.06,6.11,20782654,126843896.0
2006-12-01,sh.600795,6.13,6.37,6.1,6.29,39674735,248513775.0
2006-12-04,sh.600795,6.28,6.57,6.28,6.47,28575971,184898772.0
2006-12-05,sh.600795,6.47,6.54,6.24,6.29,32531115,206833872.0
2006-12-06,sh.600795,6.29,6.35,5.9,6.12,33352139,204711612.0
2006-12-07,sh.600795,6.12,6.29,6.07,6.12,24996000,154344900.0
2006-12-08,sh.600795,6.05,6.12,5.89,5.9,23757944,142666509.0
2006-12-11,sh.600795,5.87,6.12,5.86,6.11,20328856,122045078.0
2006-12-12,sh.600795,6.11,6.22,5.99,6.06,18230514,110679917.0
2006-12-13,sh.600795,6.06,6.14,5.97,6.01,18645582,112405265.0
2006-12-14,sh.600795,6.0,6.15,5.98,6.1,23882733,145213857.0
2006-12-15,sh.600795,6.11,6.28,6.1,6.26,31249936,194683496.0
2006-12-18,sh.600795,6.34,6.35,6.15,6.25,37816822,234926317.0
2006-12-19,sh.600795,6.28,6.3,6.0,6.17,49619195,303733042.0
2006-12-20,sh.600795,6.18,6.27,6.08,6.19,39192377,241870292.0
2006-12-21,sh.600795,6.19,6.2,6.06,6.09,35038263,214771692.0
2006-12-25,sh.600795,6.09,6.14,6.0,6.03,27462434,166437815.0
2006-12-26,sh.600795,6.0,6.02,5.87,5.9,29022679,171951079.0
2006-12-27,sh.600795,5.9,6.08,5.89,6.07,21285565,127092308.0
2006-12-28,sh.600795,6.08,6.24,5.98,6.15,36690940,224969237.0
2006-12-29,sh.600795,6.2,6.25,6.1,6.17,40217934,248460569.0
2007-01-04,sh.600795,6.27,6.64,6.19,6.38,81942440,523710553.0
2007-01-05,sh.600795,6.38,7.02,6.27,7.02,105589778,722728988.0
2007-01-08,sh.600795,7.24,7.65,7.23,7.46,76488705,571613095.0
2007-01-09,sh.600795,7.45,7.65,7.33,7.48,47100399,352228452.0
2007-01-10,sh.600795,7.5,7.88,7.38,7.79,43562470,332726172.0
2007-01-11,sh.600795,7.63,7.72,7.35,7.39,44722284,337143252.0
2007-01-12,sh.600795,7.33,7.33,6.8,6.87,51637014,364321068.0
2007-01-15,sh.600795,6.8,7.21,6.78,7.13,39246903,275842411.0
2007-01-16,sh.600795,7.16,7.3,7.0,7.29,35028835,249089799.0
2007-01-17,sh.600795,7.3,7.65,7.15,7.36,52681145,390139279.0
2007-01-18,sh.600795,7.41,7.46,7.0,7.24,26829330,192498663.0
2007-01-19,sh.600795,7.21,7.58,7.21,7.49,45772841,340391816.0
2007-01-22,sh.600795,7.55,7.8,7.53,7.8,53570764,411096697.0
2007-01-23,sh.600795,7.86,7.98,7.55,7.85,54361401,422342592.0
2007-01-24,sh.600795,7.87,8.36,7.78,8.2,60182476,489759243.0
2007-01-25,sh.600795,8.11,8.4,7.8,7.82,65898736,538654164.0
2007-01-26,sh.600795,7.7,8.6,7.62,8.6,77442257,635703826.0
2007-01-29,sh.600795,8.86,9.28,8.56,8.93,53861793,479831053.0
2007-01-30,sh.600795,8.93,9.26,8.88,8.97,32396503,294479240.0
2007-01-31,sh.600795,8.96,9.87,8.73,9.08,57466844,536990156.0
2007-02-01,sh.600795,9.01,9.8,8.98,9.6,44944931,426442300.0
2007-02-02,sh.600795,9.59,9.59,8.98,9.23,43551672,407197344.0
2007-02-06,sh.600795,10.15,10.15,9.0,9.46,32978443,318314846.0
2007-02-07,sh.600795,9.46,9.8,9.35,9.48,25955161,247489282.0
2007-02-08,sh.600795,9.51,10.03,9.4,9.95,29908381,292965431.0
2007-02-09,sh.600795,9.9,10.52,9.63,10.18,32458074,327106898.0
2007-02-12,sh.600795,10.24,10.82,10.17,10.56,20323383,214130028.0
2007-02-13,sh.600795,10.7,10.8,10.38,10.53,20433695,215368163.0
2007-02-14,sh.600795,10.46,11.0,10.4,10.85,16727284,180723563.0
2007-02-15,sh.600795,10.87,11.02,10.57,10.73,26996268,289990928.0
2007-02-16,sh.600795,10.8,10.96,10.45,10.46,30099369,320992645.0
2007-02-26,sh.600795,10.43,10.86,10.16,10.85,20502188,216214427.0
2007-02-27,sh.600795,10.85,11.09,9.77,9.77,30369555,318291235.0
2007-02-28,sh.600795,9.68,10.44,9.61,10.38,25018480,251426981.0
2007-03-01,sh.600795,10.39,10.39,9.66,9.78,19020634,189156043.0
2007-03-02,sh.600795,9.8,10.16,9.8,9.93,17544874,175214836.0
2007-03-05,sh.600795,9.99,10.15,9.21,9.46,19043176,183784351.0
2007-03-06,sh.600795,9.51,10.12,9.4,10.02,23256073,230278828.0
2007-03-07,sh.600795,10.13,10.55,10.12,10.32,21000602,217940849.0
2007-03-08,sh.600795,10.35,10.9,10.34,10.43,23262719,245951456.0
2007-03-09,sh.600795,10.46,10.48,10.0,10.18,26360082,269919891.0
2007-03-12,sh.600795,10.2,10.39,9.99,10.11,20415935,206537117.0
2007-03-13,sh.600795,10.11,10.48,9.88,10.4,28059938,283458586.0
2007-03-14,sh.600795,10.38,10.38,9.96,10.19,25665133,261504265.0
2007-03-15,sh.600795,10.18,10.36,10.03,10.18,15295869,156011531.0
2007-03-16,sh.600795,10.25,10.33,9.8,9.9,23842266,239000312.0
2007-03-19,sh.600795,10.0,10.15,9.89,9.94,15912480,158779694.0
2007-03-20,sh.600795,9.99,10.27,9.99,10.23,22316004,227143947.0
2007-03-21,sh.600795,10.23,10.28,9.97,10.05,22954809,230772439.0
2007-03-22,sh.600795,10.18,10.49,10.08,10.28,31013309,320524712.0
2007-03-23,sh.600795,10.29,10.42,10.01,10.24,25007449,253913329.0
2007-03-26,sh.600795,10.27,10.8,10.1,10.79,40961587,431071695.0
2007-03-27,sh.600795,10.6,11.09,10.6,10.9,44010132,479355964.0
2007-03-28,sh.600795,10.83,10.9,10.2,10.63,39884654,420542564.0
2007-03-29,sh.600795,10.65,10.67,10.25,10.29,30166959,313528914.0
2007-04-02,sh.600795,10.45,10.48,10.01,10.37,37988933,388211805.0
2007-04-03,sh.600795,10.5,10.65,10.34,10.61,45425578,476186131.0
2007-04-04,sh.600795,10.6,11.06,10.5,10.83,59513204,646363754.0
2007-04-05,sh.600795,10.83,11.8,10.8,11.74,85343442,982102082.0
2007-04-06,sh.600795,11.72,12.21,11.51,11.82,55978718,669727502.0
2007-04-09,sh.600795,11.84,12.36,11.8,11.99,46809890,566994057.0
2007-04-10,sh.600795,12.0,12.27,11.44,12.19,53145816,630355790.0
2007-04-11,sh.600795,12.19,12.3,11.9,12.05,36040448,434869574.0
2007-04-12,sh.600795,12.04,13.26,12.01,13.25,94504760,1225367278.0
2007-04-13,sh.600795,13.28,14.5,13.11,13.34,90661979,1240841135.0
2007-04-16,sh.600795,14.0,14.47,13.64,13.97,70242382,981016824.0
2007-04-17,sh.600795,14.25,14.35,13.4,13.93,64670172,894902614.0
2007-04-18,sh.600795,13.9,13.9,13.45,13.74,69813658,955151710.0
2007-04-19,sh.600795,13.74,14.59,12.8,13.76,79435970,1111703291.0
2007-04-20,sh.600795,13.97,14.3,13.75,14.09,69805501,978725531.0
2007-04-23,sh.600795,14.19,14.7,14.09,14.5,69187723,996179159.0
2007-04-24,sh.600795,14.55,15.3,14.3,14.77,63029566,939394438.0
2007-04-25,sh.600795,14.65,14.68,13.98,14.43,50026144,714324961.0
2007-04-26,sh.600795,14.4,14.4,14.1,14.27,34040915,483484597.0
2007-04-27,sh.600795,14.24,14.54,14.0,14.03,38159852,541521316.0
2007-04-30,sh.600795,14.0,14.65,13.58,14.55,59869387,839537946.0
2007-05-08,sh.600795,15.02,15.14,14.7,14.99,83007106,1238745617.0
2007-05-09,sh.600795,15.0,15.0,13.99,14.48,55314510,803715544.0
2007-05-10,sh.600795,14.49,14.72,14.16,14.58,49977685,722819370.0
2007-05-11,sh.600795,14.57,14.57,14.0,14.19,41094175,585055860.0
2007-05-14,sh.600795,13.99,14.31,13.81,14.1,35146741,494824223.0
2007-05-15,sh.600795,14.1,14.28,13.5,13.52,40664450,564923729.0
2007-05-16,sh.600795,13.5,13.84,13.2,13.7,37093205,502454120.0
2007-05-17,sh.600795,13.77,14.25,13.77,14.0,35894408,503711799.0
2007-05-18,sh.600795,14.05,14.11,13.75,13.82,36274423,503109572.0
2007-05-21,sh.600795,13.4,14.0,13.22,13.85,48510441,664954040.0
2007-05-22,sh.600795,13.99,14.85,13.99,14.66,75015517,1083816373.0
2007-05-23,sh.600795,14.73,14.82,14.42,14.66,52409046,764639538.0
2007-05-24,sh.600795,14.68,14.72,13.82,14.12,46845924,664265067.0
2007-05-25,sh.600795,14.08,14.48,13.89,14.43,52687695,747070084.0
2007-05-28,sh.600795,14.77,15.3,14.77,15.12,92110974,1389727403.0
2007-05-29,sh.600795,15.3,15.87,15.21,15.8,92429591,1441700758.0
2007-05-31,sh.600795,14.43,15.5,14.22,15.01,89651494,1316892642.0
2007-06-01,sh.600795,15.3,15.76,14.0,14.22,81884852,1231560595.0
2007-06-04,sh.600795,14.68,14.89,12.8,12.8,74497157,1013517465.0
2007-06-05,sh.600795,12.51,14.08,11.52,14.08,72993246,908042078.0
2007-06-06,sh.600795,14.48,14.65,13.55,14.19,79992444,1147328149.0
2007-06-07,sh.600795,14.25,14.85,14.14,14.58,61437324,888844059.0
2007-06-08,sh.600795,14.6,15.31,14.3,14.97,85295433,1263698586.0
2007-06-11,sh.600795,15.1,16.4,15.0,16.14,112332818,1755788180.0
2007-06-12,sh.600795,16.25,16.9,15.5,16.69,106068383,1729814537.0
2007-06-13,sh.600795,16.69,16.87,16.38,16.41,89579352,1484544077.0
2007-06-14,sh.600795,16.2,16.2,15.72,15.75,65322789,1041906845.0
2007-06-15,sh.600795,15.5,16.15,15.32,16.03,54038634,857290494.0
2007-06-18,sh.600795,16.37,16.5,16.01,16.07,49368941,799439366.0
2007-06-19,sh.600795,16.0,16.0,15.51,15.74,40015795,629273285.0
2007-06-20,sh.600795,15.74,16.2,15.13,15.31,44501437,699553810.0
2007-06-21,sh.600795,15.3,16.12,15.21,16.03,57931209,917919583.0
2007-06-22,sh.600795,16.1,16.25,14.5,14.97,53194543,815468162.0
2007-06-25,sh.600795,15.01,15.28,13.47,13.66,45507480,649545807.0
2007-06-26,sh.600795,13.45,14.47,13.2,14.43,41337771,568241404.0
2007-06-27,sh.600795,14.5,14.6,14.01,14.47,34918794,502541922.0
2007-06-28,sh.600795,14.4,14.98,13.7,13.71,49966198,725808490.0
2007-06-29,sh.600795,13.26,13.81,13.01,13.12,36229563,484117108.0
2007-07-02,sh.600795,13.15,13.42,12.6,13.19,29112619,378301223.0
2007-07-03,sh.600795,13.32,13.4,12.91,13.27,18180632,240297637.0
2007-07-04,sh.600795,13.31,13.38,12.69,12.75,21813800,283524593.0
2007-07-05,sh.600795,12.55,12.57,11.48,11.57,25937479,312384633.0
2007-07-06,sh.600795,11.51,12.73,11.5,12.72,35427399,428730104.0
2007-07-09,sh.600795,12.82,13.24,12.82,12.96,29439876,384841518.0
2007-07-10,sh.600795,12.98,13.0,12.25,12.43,21587499,270855730.0
2007-07-11,sh.600795,12.3,12.75,12.2,12.61,14509021,182453920.0
2007-07-12,sh.600795,12.66,12.78,12.48,12.6,10368742,130935763.0
2007-07-13,sh.600795,12.65,12.93,12.44,12.78,11040703,140182237.0
2007-07-16,sh.600795,12.8,12.88,12.25,12.29,8990366,112200363.0
2007-07-17,sh.600795,12.15,12.52,12.12,12.29,9448442,116754328.0
2007-07-19,sh.600795,12.36,12.7,12.31,12.46,11450293,143386630.0
2007-07-20,sh.600795,12.5,12.94,12.41,12.85,16212132,207028079.0
2007-07-23,sh.600795,12.91,13.72,12.91,13.59,26933236,359915764.0
2007-07-24,sh.600795,13.75,14.27,13.63,13.7,33430877,465556949.0
2007-07-25,sh.600795,13.72,14.36,13.68,14.34,32782060,463106576.0
2007-07-26,sh.600795,14.44,14.49,13.91,14.14,31212657,441101199.0
2007-07-27,sh.600795,13.98,14.05,13.72,13.94,24027989,333779641.0
2007-07-30,sh.600795,13.95,14.23,13.88,14.08,28498938,401038690.0
2007-07-31,sh.600795,14.08,14.76,13.95,14.73,38556226,554735417.0
2007-08-01,sh.600795,14.82,15.16,13.97,14.0,45958958,670842559.0
2007-08-02,sh.600795,14.02,14.45,13.8,14.26,25015086,354948495.0
2007-08-03,sh.600795,14.35,14.43,13.98,14.29,27551828,390530341.0
2007-08-06,sh.600795,14.3,14.68,14.18,14.66,33179057,480409604.0
2007-08-07,sh.600795,14.61,14.61,14.15,14.3,30193092,432715443.0
2007-08-08,sh.600795,14.37,14.79,14.02,14.49,31495363,455554030.0
2007-08-09,sh.600795,14.68,14.92,14.5,14.76,42810374,630855282.0
2007-08-10,sh.600795,15.1,15.55,14.9,15.18,70552283,1076903858.0
2007-08-13,sh.600795,16.7,16.7,15.38,15.68,66478512,1065641599.0
2007-08-14,sh.600795,15.78,15.95,15.1,15.67,48829470,752918382.0
2007-08-15,sh.600795,15.8,15.9,15.08,15.42,30893713,477771736.0
2007-08-16,sh.600795,15.4,15.4,14.91,15.08,30181957,455565856.0
2007-08-17,sh.600795,15.0,15.28,14.77,14.81,27377817,409160791.0
2007-08-20,sh.600795,15.2,15.46,15.11,15.38,27962647,427553235.0
2007-08-21,sh.600795,15.6,16.17,15.6,15.68,48037530,763997146.0
2007-08-22,sh.600795,15.39,15.9,15.31,15.56,31566862,492155315.0
2007-08-24,sh.600795,15.85,16.05,15.6,15.87,41042686,648797200.0
2007-08-27,sh.600795,16.11,16.28,15.41,15.57,33726890,533305131.0
2007-08-28,sh.600795,15.56,15.56,15.04,15.24,33457985,508178722.0
2007-08-29,sh.600795,15.06,16.1,15.02,15.46,34622658,542467206.0
2007-08-30,sh.600795,15.4,15.58,15.28,15.46,35645396,550390108.0
2007-08-31,sh.600795,15.55,15.93,15.47,15.72,41405087,650228292.0
2007-09-03,sh.600795,15.88,16.3,15.65,16.29,69752135,1112985096.0
2007-09-04,sh.600795,16.4,17.24,16.3,16.58,88182471,1479871539.0
2007-09-05,sh.600795,16.75,16.94,15.93,16.43,50676030,832617480.0
2007-09-06,sh.600795,16.58,16.65,16.13,16.29,40879968,668164955.0
2007-09-07,sh.600795,16.12,16.45,15.6,15.7,50814711,811548669.0
2007-09-10,sh.600795,15.5,16.13,15.34,16.0,37493477,589471509.0
2007-09-11,sh.600795,16.32,16.89,15.4,15.5,71922067,1183812299.0
2007-09-12,sh.600795,15.76,16.1,15.31,16.0,40101856,631125140.0
2007-09-13,sh.600795,16.1,17.25,15.8,16.98,97201279,1616939749.0
2007-09-14,sh.600795,17.0,17.15,16.48,16.94,65106597,1095680984.0
2007-09-17,sh.600795,16.98,18.1,16.98,17.79,79496251,1409667726.0
2007-09-18,sh.600795,17.99,19.12,17.85,18.38,91222989,1682825808.0
2007-09-19,sh.600795,18.6,19.1,17.9,18.0,57232633,1060975732.0
2007-09-20,sh.600795,18.21,18.68,17.88,18.39,48337261,888516401.0
2007-09-21,sh.600795,18.48,18.7,17.56,18.25,33988362,613612260.0
2007-09-24,sh.600795,18.4,19.05,17.71,18.81,49181743,912367587.0
2007-09-25,sh.600795,19.05,19.18,18.38,18.58,32717834,614985109.0
2007-09-26,sh.600795,18.7,18.8,17.46,17.62,29851834,537979238.0
2007-09-27,sh.600795,17.8,18.28,17.46,18.2,27895971,499303408.0
2007-09-28,sh.600795,18.34,18.85,18.32,18.54,28398303,528323847.0
2007-10-08,sh.600795,19.0,19.1,18.05,18.15,36129458,672080961.0
2007-10-09,sh.600795,18.45,19.96,18.45,19.79,74630381,1453505237.0
2007-10-10,sh.600795,21.77,21.77,19.0,19.23,73289625,1469169424.0
2007-10-11,sh.600795,19.68,20.42,19.5,19.69,74679397,1490148185.0
2007-10-18,sh.600795,20.3,20.94,19.88,20.04,55895823,1141799949.0
2007-10-19,sh.600795,20.12,20.3,18.9,19.07,30960724,598091893.0
2007-10-22,sh.600795,18.87,18.87,17.77,17.84,17784627,324971632.0
2007-10-23,sh.600795,17.85,18.43,17.85,18.08,19568534,354274342.0
2007-10-24,sh.600795,18.0,18.13,17.46,17.49,26682201,474393226.0
2007-10-25,sh.600795,17.48,17.48,15.99,16.23,29862667,496699441.0
2007-10-26,sh.600795,16.01,16.78,16.0,16.49,26205292,430320110.0
2007-10-29,sh.600795,16.78,16.99,16.5,16.8,16539466,276630780.0
2007-10-30,sh.600795,17.08,17.66,16.98,17.42,14571743,252918840.0
2007-10-31,sh.600795,17.85,18.18,17.5,17.79,30538004,543786130.0
2007-11-01,sh.600795,17.8,18.4,17.42,17.44,23597726,423487284.0
2007-11-02,sh.600795,17.02,17.28,16.65,16.79,19250663,326112817.0
2007-11-05,sh.600795,16.9,17.78,16.78,17.7,18344830,319709198.0
2007-11-06,sh.600795,17.35,17.74,17.08,17.49,16597875,289524771.0
2007-11-07,sh.600795,17.6,17.77,17.08,17.51,11758713,203192654.0
2007-11-08,sh.600795,17.98,18.4,17.51,17.57,37336486,672817796.0
2007-11-09,sh.600795,17.08,17.5,16.86,17.04,17972663,308459984.0
2007-11-12,sh.600795,16.68,17.04,15.8,16.17,18083400,294626549.0
2007-11-13,sh.600795,16.41,16.71,16.0,16.23,11324966,185492731.0
2007-11-14,sh.600795,16.45,16.84,16.25,16.8,11004073,182603866.0
2007-11-15,sh.600795,16.79,17.3,16.6,16.88,17176593,293110461.0
2007-11-16,sh.600795,16.28,16.78,16.28,16.64,8024949,132895514.0
2007-11-20,sh.600795,16.99,17.38,16.8,17.17,15402700,264792150.0
2007-11-21,sh.600795,17.16,17.65,16.99,17.0,8370530,144849604.0
2007-11-22,sh.600795,16.73,16.8,16.0,16.09,17770033,289366456.0
2007-11-23,sh.600795,16.01,16.38,15.9,16.36,6940414,111938737.0
2007-11-26,sh.600795,16.6,16.74,16.0,16.06,8607275,140991789.0
2007-11-27,sh.600795,16.01,16.01,15.4,15.47,11901922,187000237.0
2007-11-28,sh.600795,15.6,15.85,15.18,15.19,8496978,131305401.0
2007-11-29,sh.600795,15.49,15.83,15.06,15.67,12144479,187884059.0
2007-11-30,sh.600795,15.75,15.75,15.19,15.26,8756400,135059185.0
2007-12-03,sh.600795,15.26,15.48,14.88,15.0,16069657,242749955.0
2007-12-04,sh.600795,15.05,15.45,15.05,15.21,12456716,190522343.0
2007-12-05,sh.600795,15.29,16.02,15.27,15.93,20539396,324367325.0
2007-12-06,sh.600795,16.05,16.1,15.6,15.74,12998865,204916474.0
2007-12-07,sh.600795,15.8,16.49,15.8,16.4,16848671,273351778.0
2007-12-10,sh.600795,16.1,17.05,16.0,16.96,22185470,370996686.0
2007-12-11,sh.600795,17.05,17.12,16.7,16.97,19028475,321595897.0
2007-12-12,sh.600795,16.93,17.34,16.68,17.0,15830794,269489945.0
2007-12-13,sh.600795,17.01,17.34,16.58,16.6,17367689,296505052.0
2007-12-14,sh.600795,16.22,16.75,16.19,16.74,11060346,182685275.0
2007-12-17,sh.600795,16.68,16.7,16.32,16.42,12484702,205648541.0
2007-12-18,sh.600795,16.3,16.48,16.0,16.35,14262676,232190514.0
2007-12-19,sh.600795,16.37,17.0,16.34,16.84,18591391,309355982.0
2007-12-20,sh.600795,16.84,17.48,16.73,17.34,21983567,378640489.0
2007-12-21,sh.600795,17.3,17.55,17.18,17.48,16115724,279982492.0
2007-12-24,sh.600795,17.55,18.14,17.37,17.81,29056195,516443380.0
2007-12-25,sh.600795,17.81,18.0,17.54,17.97,18066179,320718758.0
2007-12-26,sh.600795,18.01,18.16,17.78,17.96,16600299,298377629.0
2007-12-27,sh.600795,18.0,18.35,17.7,17.9,28451270,512829910.0
2007-12-28,sh.600795,17.9,17.95,17.35,17.44,29622586,519658189.0
2008-01-02,sh.600795,17.57,18.5,17.41,18.39,34046805,613942897.0
2008-01-03,sh.600795,18.4,18.91,18.11,18.85,43351354,805089842.0
2008-01-04,sh.600795,18.99,19.1,18.57,18.76,21560776,404078389.0
2008-01-07,sh.600795,18.93,18.93,18.35,18.66,24669883,458043941.0
2008-01-08,sh.600795,18.68,18.84,18.03,18.15,27219322,502171588.0
2008-01-09,sh.600795,18.13,18.41,18.0,18.4,16878039,307651578.0
2008-01-10,sh.600795,18.18,18.18,17.53,17.97,76188408,1356175254.0
2008-01-11,sh.600795,17.95,17.95,17.25,17.51,56957708,996061045.0
2008-01-14,sh.600795,17.6,17.99,17.49,17.82,46161734,815190131.0
2008-01-15,sh.600795,17.85,18.2,17.7,18.12,43323645,778004718.0
2008-01-16,sh.600795,17.91,17.91,17.4,17.46,26108236,459543670.0
2008-01-17,sh.600795,17.34,17.64,16.43,16.87,29197634,496747990.0
2008-01-18,sh.600795,16.83,17.08,16.5,16.95,29370699,491244613.0
2008-01-21,sh.600795,17.09,17.14,15.9,15.98,24557532,405960394.0
2008-01-22,sh.600795,15.7,15.7,14.38,14.41,38118663,569512540.0
2008-01-23,sh.600795,15.23,15.31,14.6,14.91,31644439,472160080.0
2008-01-24,sh.600795,15.25,15.53,15.0,15.31,26724496,408374544.0
2008-01-25,sh.600795,15.42,15.72,15.1,15.48,17733554,273602245.0
2008-01-28,sh.600795,15.45,15.45,14.2,14.3,19430036,285082528.0
2008-01-29,sh.600795,14.36,14.84,14.23,14.82,10225139,149122076.0
2008-01-30,sh.600795,14.96,15.68,14.96,15.44,32840894,505671855.0
2008-01-31,sh.600795,15.56,15.94,15.27,15.3,17086499,267351408.0
2008-02-01,sh.600795,15.4,15.81,14.61,15.78,26537860,407271093.0
2008-02-05,sh.600795,17.36,17.36,17.36,17.36,11934860,207189170.0
2008-02-13,sh.600795,18.5,18.76,18.01,18.25,167466865,3086719363.0
2008-02-14,sh.600795,18.4,18.8,18.16,18.37,56973607,1056124804.0
2008-02-15,sh.600795,18.3,19.66,18.1,19.57,92883633,1756448363.0
2008-02-18,sh.600795,19.9,20.48,19.58,19.78,96067984,1931338745.0
2008-02-19,sh.600795,19.85,20.03,19.44,19.67,67613087,1328736605.0
2008-02-20,sh.600795,19.75,20.09,19.5,19.8,61154147,1208530430.0
2008-02-21,sh.600795,19.66,19.81,18.88,19.3,51520704,994124758.0
2008-02-22,sh.600795,19.1,19.19,18.03,18.23,55147920,1022265653.0
2008-02-25,sh.600795,18.31,18.47,17.85,18.16,35001547,634566574.0
2008-02-26,sh.600795,18.59,18.7,17.63,18.11,37520584,680816123.0
2008-02-27,sh.600795,18.25,18.82,18.01,18.49,28753537,532762959.0
2008-02-28,sh.600795,18.62,18.8,18.39,18.55,22326290,415559545.0
2008-03-03,sh.600795,18.71,19.28,18.71,19.06,37673875,715628740.0
2008-03-04,sh.600795,19.1,19.17,18.27,18.31,36577188,681444603.0
2008-03-05,sh.600795,18.28,18.46,17.89,18.17,25341484,458972544.0
2008-03-06,sh.600795,18.3,18.59,17.75,18.18,22218548,403096765.0
2008-03-07,sh.600795,17.91,18.13,17.8,17.93,13603289,243754774.0
2008-03-10,sh.600795,18.08,19.09,18.04,18.74,61481746,1149579854.0
2008-03-11,sh.600795,18.8,18.82,18.02,18.68,25074384,462766446.0
2008-03-12,sh.600795,18.89,18.98,18.02,18.08,21406220,393067078.0
2008-03-13,sh.600795,17.82,17.98,17.21,17.64,29583689,523309416.0
2008-03-14,sh.600795,17.65,17.96,17.16,17.34,24765381,432106149.0
2008-03-17,sh.600795,8.5,8.55,7.75,7.75,30565965,244439240.0
2008-03-18,sh.600795,7.5,7.64,6.98,6.98,71772154,512852150.0
2008-03-19,sh.600795,7.18,7.47,6.92,7.3,65905635,474590590.0
2008-03-20,sh.600795,7.13,8.03,7.0,7.87,81426516,620196233.0
2008-03-21,sh.600795,7.89,8.1,7.7,7.96,63117630,502306345.0
2008-03-24,sh.600795,8.05,8.15,7.58,7.59,46829226,368307198.0
2008-03-25,sh.600795,7.4,7.78,7.26,7.7,34183819,257148369.0
2008-03-26,sh.600795,7.75,8.13,7.64,7.94,46762046,369905835.0
2008-03-27,sh.600795,7.79,7.85,7.46,7.49,37062180,283763394.0
2008-03-28,sh.600795,7.35,7.77,7.11,7.68,37669410,282341115.0
2008-03-31,sh.600795,7.46,7.5,7.22,7.31,33449365,245761190.0
2008-04-01,sh.600795,7.33,7.44,6.71,6.75,43610866,304825586.0
2008-04-02,sh.600795,6.86,6.98,6.25,6.44,40755815,269253450.0
2008-04-03,sh.600795,6.49,6.8,6.35,6.74,30556526,201719800.0
2008-04-07,sh.600795,6.68,7.3,6.53,7.29,47702191,334175561.0
2008-04-08,sh.600795,7.31,7.53,7.18,7.4,53932964,399404558.0
2008-04-09,sh.600795,7.35,7.35,6.7,6.81,53998087,382872595.0
2008-04-10,sh.600795,6.68,6.94,6.52,6.92,37451316,252266616.0
2008-04-11,sh.600795,6.92,7.01,6.76,6.87,30659926,210512502.0
2008-04-14,sh.600795,6.65,6.7,6.37,6.4,35289741,229721818.0
2008-04-15,sh.600795,6.31,6.59,6.25,6.54,21917588,139918432.0
2008-04-16,sh.600795,6.54,6.54,6.26,6.29,22812696,144766043.0
2008-04-17,sh.600795,6.26,6.35,5.9,5.94,49944279,301637183.0
2008-04-18,sh.600795,5.9,5.9,5.46,5.49,36489872,204454894.0
2008-04-21,sh.600795,5.95,5.95,5.5,5.56,33901297,192699052.0
2008-04-22,sh.600795,5.49,5.86,5.3,5.8,33687819,188477694.0
2008-04-23,sh.600795,5.6,5.98,5.58,5.9,34886246,203936748.0
2008-04-24,sh.600795,6.4,6.49,6.19,6.49,99353451,634179823.0
2008-04-25,sh.600795,6.49,6.75,6.3,6.47,86470060,562723889.0
2008-04-28,sh.600795,6.39,6.42,6.19,6.21,48390229,303906696.0
2008-04-29,sh.600795,6.2,6.83,6.13,6.76,113445873,750085851.0
2008-04-30,sh.600795,6.78,7.3,6.64,7.19,122486990,860551123.0
2008-05-05,sh.600795,7.3,7.6,7.19,7.4,81377655,604143025.0
2008-05-06,sh.600795,7.4,7.53,7.12,7.21,84754859,620989795.0
2008-05-08,sh.600795,6.75,7.1,6.66,7.08,58485741,405514802.0
2008-05-09,sh.600795,7.11,7.2,6.7,6.83,47452903,327894190.0
2008-05-12,sh.600795,6.73,7.14,6.66,6.98,44700510,306193502.0
2008-05-13,sh.600795,6.75,7.2,6.7,6.95,46215246,322076700.0
2008-05-14,sh.600795,6.92,7.18,6.88,7.15,53726541,379364732.0
2008-05-15,sh.600795,7.28,7.8,7.15,7.5,126067158,956477882.0
2008-05-16,sh.600795,7.53,7.57,7.18,7.27,57536169,421781702.0
2008-05-19,sh.600795,7.28,7.46,7.19,7.32,24990524,182930653.0
2008-05-20,sh.600795,7.31,7.6,6.98,7.03,47496790,345254640.0
2008-05-21,sh.600795,6.91,7.52,6.88,7.43,67230534,487031911.0
2008-05-22,sh.600795,7.36,7.81,7.23,7.57,121298418,925219530.0
2008-05-23,sh.600795,7.55,7.74,7.38,7.49,63599537,480906988.0
2008-05-26,sh.600795,7.5,7.82,7.4,7.64,76566461,589256739.0
2008-05-27,sh.600795,7.69,7.75,7.48,7.59,45770611,348384664.0
2008-05-28,sh.600795,7.61,8.08,7.59,8.05,81874680,642169520.0
2008-05-29,sh.600795,8.0,8.1,7.86,7.87,69038653,550144268.0
2008-05-30,sh.600795,7.9,8.08,7.62,8.04,84354067,667081712.0
2008-06-02,sh.600795,7.99,8.65,7.85,8.34,127487112,1060746691.0
2008-06-03,sh.600795,8.33,8.44,8.0,8.14,69982929,570987198.0
2008-06-04,sh.600795,8.1,8.11,7.76,7.79,57405568,453204022.0
2008-06-05,sh.600795,7.71,7.89,7.56,7.78,39431744,303740105.0
2008-06-06,sh.600795,7.8,7.92,7.43,7.55,35881265,275760104.0
2008-06-10,sh.600795,7.14,7.17,6.8,6.8,47075650,327568021.0
2008-06-11,sh.600795,6.61,6.79,6.48,6.55,31835068,210105575.0
2008-06-12,sh.600795,6.56,6.85,6.56,6.73,37035773,247766314.0
2008-06-13,sh.600795,6.85,6.9,6.43,6.44,24009685,159883863.0
2008-06-16,sh.600795,6.52,6.61,6.27,6.53,24436244,158559098.0
2008-06-17,sh.600795,6.55,6.64,6.15,6.22,21203595,136095387.0
2008-06-18,sh.600795,6.18,6.72,6.0,6.71,34509919,221411495.0
2008-06-19,sh.600795,6.7,6.96,6.28,6.34,48475678,322891646.0
2008-06-20,sh.600795,6.9,6.97,6.44,6.97,138810568,939853656.0
2008-06-23,sh.600795,6.8,7.08,6.67,6.73,52041880,355890278.0
2008-06-24,sh.600795,6.7,6.83,6.38,6.73,46115916,304820704.0
2008-06-25,sh.600795,6.66,7.06,6.6,7.05,75905368,521072398.0
2008-06-26,sh.600795,7.08,7.15,6.85,6.93,63655356,446492274.0
2008-06-27,sh.600795,6.78,7.05,6.6,6.76,67609680,461246114.0
2008-06-30,sh.600795,6.68,6.78,6.28,6.43,33367214,217043154.0
2008-07-01,sh.600795,6.45,6.5,6.1,6.15,28462956,176888708.0
2008-07-02,sh.600795,6.15,6.33,6.12,6.2,20396618,127015079.0
2008-07-03,sh.600795,6.2,6.54,6.07,6.34,35660592,226308529.0
2008-07-04,sh.600795,6.35,6.43,6.24,6.28,22474236,142097759.0
2008-07-07,sh.600795,6.3,6.57,6.21,6.56,40631503,261511852.0
2008-07-08,sh.600795,6.53,6.63,6.31,6.45,41300880,266682306.0
2008-07-09,sh.600795,6.45,6.77,6.42,6.73,58048977,386486971.0
2008-07-10,sh.600795,6.66,7.03,6.55,6.87,75039520,513787734.0
2008-07-11,sh.600795,7.11,7.2,6.82,6.97,107898654,757269209.0
2008-07-14,sh.600795,6.9,6.9,6.66,6.85,36726349,249426586.0
2008-07-15,sh.600795,6.85,6.94,6.57,6.62,30045775,201783577.0
2008-07-16,sh.600795,6.5,6.59,6.14,6.26,30838021,195821532.0
2008-07-17,sh.600795,6.29,6.43,6.12,6.18,25645538,160081091.0
2008-07-18,sh.600795,6.18,6.39,6.11,6.36,21770148,135920504.0
2008-07-21,sh.600795,6.37,6.5,6.26,6.47,29031571,186496610.0
2008-07-23,sh.600795,6.52,6.55,6.28,6.31,29844428,190095529.0
2008-07-24,sh.600795,6.32,6.55,6.32,6.49,26174289,168610939.0
2008-07-25,sh.600795,6.42,6.64,6.38,6.6,29607996,194365517.0
2008-07-28,sh.600795,6.65,6.75,6.53,6.64,30522904,202931256.0
2008-07-29,sh.600795,6.55,6.6,6.36,6.39,19868893,127991114.0
2008-07-30,sh.600795,6.48,6.57,6.36,6.45,14562793,93927960.0
2008-07-31,sh.600795,6.46,6.49,6.19,6.22,15993614,100086688.0
2008-08-01,sh.600795,6.15,6.28,6.11,6.21,16533217,102329556.0
2008-08-04,sh.600795,6.22,6.25,6.08,6.09,12400119,76027263.0
2008-08-05,sh.600795,6.1,6.16,6.0,6.05,12441051,75761132.0
2008-08-06,sh.600795,6.07,6.12,5.89,5.91,14532476,87386784.0
2008-08-07,sh.600795,5.91,5.97,5.75,5.84,16855073,97901857.0
2008-08-08,sh.600795,5.86,5.89,5.5,5.52,18080576,103138271.0
2008-08-11,sh.600795,5.52,5.54,4.98,5.04,25109954,130443787.0
2008-08-12,sh.600795,5.03,5.3,4.92,5.23,21434706,110720862.0
2008-08-13,sh.600795,5.23,5.61,5.22,5.57,42552528,232769154.0
2008-08-14,sh.600795,5.53,5.77,5.46,5.47,31108448,175210767.0
2008-08-15,sh.600795,5.49,5.75,5.48,5.69,26457748,148560187.0
2008-08-18,sh.600795,5.65,5.85,5.61,5.67,35038281,201087235.0
2008-08-19,sh.600795,5.65,5.9,5.59,5.78,33285893,192451031.0
2008-08-20,sh.600795,5.8,6.15,5.36,5.9,130725884,764099538.0
2008-08-21,sh.600795,5.77,5.77,5.31,5.31,63242944,347602386.0
2008-08-22,sh.600795,5.19,5.24,4.98,5.13,34173968,173900355.0
2008-08-25,sh.600795,5.15,5.32,5.08,5.16,16438375,85550594.0
2008-08-26,sh.600795,5.1,5.15,4.87,4.95,22326469,111265244.0
2008-08-27,sh.600795,4.95,5.07,4.91,5.04,24433359,122686122.0
2008-08-28,sh.600795,5.04,5.11,4.99,5.01,12406829,62601068.0
2008-08-29,sh.600795,5.05,5.19,5.01,5.12,16639598,84918498.0
2008-09-01,sh.600795,5.1,5.11,5.0,5.04,9495965,47808145.0
2008-09-02,sh.600795,5.0,5.16,5.0,5.12,16555994,84803601.0
2008-09-03,sh.600795,5.11,5.25,5.05,5.19,21592203,112207702.0
2008-09-04,sh.600795,5.25,5.48,5.19,5.36,22647064,121469507.0
2008-09-05,sh.600795,5.28,5.44,5.19,5.27,26914766,144512382.0
2008-09-08,sh.600795,5.25,5.34,5.1,5.12,11742118,60607735.0
2008-09-09,sh.600795,5.12,5.39,5.12,5.36,17640279,93104229.0
2008-09-10,sh.600795,5.32,5.58,5.3,5.47,22616544,123617836.0
2008-09-11,sh.600795,5.43,5.6,5.38,5.51,17002344,93353676.0
2008-09-12,sh.600795,5.57,5.68,5.44,5.48,23968680,133269145.0
2008-09-16,sh.600795,5.48,5.6,5.33,5.38,23000912,125458300.0
2008-09-17,sh.600795,5.39,5.51,5.37,5.38,14029728,76412323.0
2008-09-18,sh.600795,5.31,5.33,4.84,5.11,35149856,176008564.0
2008-09-19,sh.600795,5.6,5.62,5.41,5.62,30299184,169492722.0
2008-09-22,sh.600795,6.18,6.18,5.5,5.85,76009125,450942558.0
2008-09-23,sh.600795,5.63,6.0,5.55,5.86,39531715,229767576.0
2008-09-24,sh.600795,5.83,5.88,5.67,5.87,19134750,110549074.0
2008-09-25,sh.600795,5.87,6.31,5.85,6.23,84066874,519577998.0
2008-09-26,sh.600795,6.23,6.44,6.13,6.28,64118172,405148781.0
2008-10-06,sh.600795,6.2,6.26,6.0,6.02,24366418,149020844.0
2008-10-07,sh.600795,5.88,6.28,5.75,6.18,35957550,216665268.0
2008-10-08,sh.600795,6.0,6.31,5.95,6.13,24850596,153570310.0
2008-10-09,sh.600795,6.23,6.3,5.77,5.81,25555700,153871451.0
2008-10-10,sh.600795,5.67,5.91,5.6,5.85,30219187,174601572.0
2008-10-13,sh.600795,5.82,6.1,5.77,6.09,27430977,163850364.0
2008-10-14,sh.600795,6.26,6.27,5.93,5.95,25075373,153543027.0
2008-10-15,sh.600795,5.9,6.0,5.85,5.88,16669122,98656758.0
2008-10-16,sh.600795,5.61,5.81,5.58,5.6,22259859,126473672.0
2008-10-17,sh.600795,5.52,5.68,5.4,5.41,27440924,152488370.0
2008-10-20,sh.600795,5.38,5.61,5.31,5.59,16073442,88354238.0
2008-10-21,sh.600795,5.65,5.67,5.56,5.6,13454467,75442559.0
2008-10-22,sh.600795,5.55,5.55,5.11,5.18,28366162,149927757.0
2008-10-23,sh.600795,5.06,5.26,4.98,5.22,20175391,102870196.0
2008-10-24,sh.600795,5.18,5.25,5.05,5.1,8382121,43073009.0
2008-10-27,sh.600795,5.02,5.17,5.0,5.02,25068815,126949158.0
2008-10-28,sh.600795,5.01,5.21,4.98,5.2,20704083,106410624.0
2008-10-29,sh.600795,5.3,5.3,5.1,5.1,12005717,62622984.0
2008-10-30,sh.600795,5.13,5.39,5.08,5.32,23948074,126857557.0
2008-10-31,sh.600795,5.31,5.51,5.27,5.39,18975243,103046671.0
2008-11-03,sh.600795,5.34,5.46,5.31,5.42,8255061,44709116.0
2008-11-04,sh.600795,5.4,5.58,5.34,5.51,21166196,115761876.0
2008-11-05,sh.600795,5.5,5.7,5.48,5.61,18744158,104745808.0
2008-11-06,sh.600795,5.5,5.54,5.39,5.5,11655299,63494605.0
2008-11-07,sh.600795,5.41,5.75,5.41,5.7,22941285,130447180.0
2008-11-10,sh.600795,5.8,6.03,5.75,5.97,31418817,185059605.0
2008-11-11,sh.600795,5.92,6.02,5.77,5.78,20982221,123572561.0
2008-11-12,sh.600795,5.76,5.97,5.65,5.79,21940603,127494114.0
2008-11-13,sh.600795,5.77,6.13,5.65,5.93,35466365,210633198.0
2008-11-14,sh.600795,6.0,6.11,5.88,6.02,44822436,268750663.0
2008-11-17,sh.600795,6.07,6.26,5.98,6.15,39783781,243545334.0
2008-11-18,sh.600795,6.13,6.19,5.62,5.9,41150045,244327863.0
2008-11-19,sh.600795,5.81,6.15,5.73,6.13,34662426,206982477.0
2008-11-20,sh.600795,6.05,6.3,5.88,6.05,36600464,222741661.0
2008-11-21,sh.600795,5.92,6.36,5.86,6.34,60596615,375240835.0
2008-11-24,sh.600795,6.33,6.33,6.0,6.03,34878986,213705962.0
2008-11-25,sh.600795,6.06,6.15,5.89,5.93,15870326,95085005.0
2008-11-26,sh.600795,5.93,6.14,5.93,6.02,14965352,90584304.0
2008-11-27,sh.600795,6.35,6.6,6.16,6.18,54091972,343077562.0
2008-11-28,sh.600795,6.18,6.35,6.1,6.3,28653136,180125466.0
2008-12-01,sh.600795,6.26,6.35,6.1,6.29,19639642,122559171.0
2008-12-02,sh.600795,6.2,6.4,6.15,6.23,27845916,174801551.0
2008-12-03,sh.600795,6.23,6.36,6.2,6.32,38710772,243398898.0
2008-12-04,sh.600795,6.39,6.49,6.2,6.23,58902719,375432032.0
2008-12-05,sh.600795,6.19,6.29,5.9,6.1,76199284,459794012.0
2008-12-08,sh.600795,6.08,6.3,6.0,6.27,101894666,623457283.0
2008-12-09,sh.600795,6.25,6.26,5.95,5.96,61581067,372575457.0
2008-12-10,sh.600795,5.91,6.07,5.9,6.02,33801863,202651344.0
2008-12-11,sh.600795,6.02,6.15,5.92,5.93,30710535,185734854.0
2008-12-12,sh.600795,6.02,6.2,5.94,6.05,63578156,388228106.0
2008-12-15,sh.600795,6.15,6.19,6.05,6.08,29821237,182021405.0
2008-12-16,sh.600795,6.1,6.14,5.81,5.98,30808926,183842872.0
2008-12-17,sh.600795,6.04,6.07,5.95,5.99,26770592,160695830.0
2008-12-18,sh.600795,5.98,6.13,5.97,6.07,29824749,181115754.0
2008-12-19,sh.600795,6.11,6.37,6.05,6.26,58227909,363589997.0
2008-12-22,sh.600795,6.25,6.39,6.21,6.24,30513566,192007482.0
2008-12-23,sh.600795,6.29,6.29,5.87,6.04,32927710,198242613.0
2008-12-24,sh.600795,5.97,6.02,5.64,5.8,29327818,170712144.0
2008-12-25,sh.600795,5.78,5.8,5.49,5.66,40230591,225056522.0
2008-12-26,sh.600795,5.6,5.69,5.35,5.51,35892337,197449362.0
2008-12-30,sh.600795,5.58,5.78,5.4,5.45,44809965,252317803.0
2008-12-31,sh.600795,5.51,5.66,5.41,5.57,33462608,184247332.0
2009-01-05,sh.600795,5.65,5.79,5.58,5.78,16342629,93339563.0
2009-01-06,sh.600795,5.71,6.01,5.71,5.98,37140773,220841398.0
2009-01-07,sh.600795,6.0,6.03,5.89,5.92,16759063,99763859.0
2009-01-08,sh.600795,5.83,6.15,5.79,6.08,20239402,120361642.0
2009-01-09,sh.600795,6.1,6.22,6.0,6.01,32060466,196265857.0
2009-01-12,sh.600795,6.01,6.01,5.9,5.94,21317515,126620930.0
2009-01-13,sh.600795,5.92,5.93,5.75,5.82,27285383,158590718.0
2009-01-14,sh.600795,5.81,5.95,5.75,5.92,25330214,147848842.0
2009-01-15,sh.600795,5.88,5.95,5.8,5.88,26498368,155733832.0
2009-01-16,sh.600795,5.9,6.12,5.9,6.03,39879186,239324898.0
2009-01-19,sh.600795,6.21,6.25,6.01,6.04,35215499,215998022.0
2009-01-20,sh.600795,6.1,6.11,5.92,6.09,21688871,130514453.0
2009-01-21,sh.600795,6.03,6.09,5.9,5.92,30539126,181874680.0
2009-01-22,sh.600795,5.95,6.01,5.87,5.97,16185442,96283374.0
2009-01-23,sh.600795,5.98,6.0,5.86,5.89,28182982,167381210.0
2009-02-02,sh.600795,5.92,6.01,5.87,5.99,11711040,69678027.0
2009-02-03,sh.600795,6.02,6.25,6.0,6.14,37730955,232228288.0
2009-02-04,sh.600795,6.2,6.23,6.05,6.16,38164346,233551467.0
2009-02-05,sh.600795,6.15,6.34,6.07,6.23,60852567,377764579.0
2009-02-06,sh.600795,6.23,6.39,6.2,6.35,69221764,436147954.0
2009-02-09,sh.600795,6.36,6.47,6.32,6.45,72621966,464189198.0
2009-02-10,sh.600795,6.41,6.42,6.25,6.38,63230081,401755586.0
2009-02-11,sh.600795,6.29,6.55,6.21,6.48,88328453,563256125.0
2009-02-12,sh.600795,6.52,6.55,6.15,6.45,85557591,540640004.0
2009-02-13,sh.600795,6.35,6.59,6.31,6.52,93161699,601099580.0
2009-02-16,sh.600795,6.55,6.78,6.48,6.75,106920616,708911761.0
2009-02-17,sh.600795,6.75,7.05,6.66,6.7,129082012,886656306.0
2009-02-18,sh.600795,6.58,6.8,6.31,6.36,81227096,532586202.0
2009-02-19,sh.600795,6.45,6.54,6.33,6.49,43000909,276756692.0
2009-02-20,sh.600795,6.49,6.9,6.4,6.74,62204727,414583194.0
2009-02-23,sh.600795,6.76,6.82,6.6,6.8,57815246,390015396.0
2009-02-24,sh.600795,6.74,6.98,6.38,6.59,66141614,442495198.0
2009-02-25,sh.600795,6.59,6.68,6.35,6.45,39734786,256873439.0
2009-02-26,sh.600795,6.44,6.58,6.0,6.05,44924800,283183508.0
2009-02-27,sh.600795,6.02,6.16,5.78,5.88,40799350,244130441.0
2009-03-02,sh.600795,5.88,6.22,5.83,6.08,33287538,202566985.0
2009-03-03,sh.600795,6.01,6.21,5.96,6.13,29153512,178374770.0
2009-03-04,sh.600795,6.14,6.38,6.14,6.37,60354415,380060206.0
2009-03-05,sh.600795,6.4,6.45,6.18,6.31,56235443,356825271.0
2009-03-06,sh.600795,6.18,6.32,6.16,6.22,20999179,131225808.0
2009-03-09,sh.600795,6.23,6.35,6.05,6.14,21038823,130265558.0
2009-03-10,sh.600795,6.05,6.22,6.05,6.2,13208965,81416714.0
2009-03-11,sh.600795,6.28,6.32,6.16,6.26,23644981,146963830.0
2009-03-12,sh.600795,6.26,6.26,6.01,6.21,14143477,87312465.0
2009-03-13,sh.600795,6.28,6.3,6.09,6.16,15944227,98577140.0
2009-03-16,sh.600795,6.14,6.15,5.99,6.09,22633519,136814654.0
2009-03-17,sh.600795,6.08,6.21,6.05,6.19,38500201,236118900.0
2009-03-18,sh.600795,6.22,6.25,6.13,6.24,58446682,361699347.0
2009-03-19,sh.600795,6.22,6.27,6.17,6.26,43425143,270093555.0
2009-03-20,sh.600795,6.27,6.28,6.15,6.18,49953418,309641324.0
2009-03-23,sh.600795,6.18,6.26,6.13,6.23,47856156,296657992.0
2009-03-24,sh.600795,6.26,6.51,6.22,6.51,80416562,511184328.0
2009-03-25,sh.600795,6.43,6.55,6.25,6.26,54260898,347040154.0
2009-03-26,sh.600795,6.26,6.34,6.09,6.3,42921322,266645554.0
2009-03-27,sh.600795,6.35,6.47,6.3,6.44,71786490,459319730.0
2009-03-30,sh.600795,6.59,6.69,6.48,6.5,103221684,678271405.0
2009-03-31,sh.600795,6.36,6.54,6.3,6.48,41413176,265428582.0
2009-04-01,sh.600795,6.5,6.55,6.35,6.47,75273784,484225931.0
2009-04-02,sh.600795,6.48,6.5,6.35,6.49,62682636,403424307.0
2009-04-03,sh.600795,6.49,6.52,6.32,6.39,54169826,346174178.0
2009-04-07,sh.600795,6.38,6.38,6.25,6.32,44040870,277807777.0
2009-04-08,sh.600795,6.31,6.37,6.09,6.1,42477036,264262371.0
2009-04-09,sh.600795,6.1,6.2,6.03,6.16,30870380,188675320.0
2009-04-10,sh.600795,6.2,6.23,6.04,6.23,68495272,421317329.0
2009-04-13,sh.600795,6.33,6.37,6.24,6.3,98186868,617920562.0
2009-04-14,sh.600795,6.28,6.31,6.18,6.28,64570173,403040218.0
2009-04-15,sh.600795,6.26,6.26,6.11,6.2,75403008,465493603.0
2009-04-16,sh.600795,6.2,6.25,6.14,6.24,73351370,454881661.0
2009-04-17,sh.600795,6.24,6.24,6.14,6.17,54064512,334380623.0
2009-04-20,sh.600795,6.18,6.42,6.18,6.37,109456001,690571574.0
2009-04-21,sh.600795,6.3,6.36,6.23,6.3,60574031,380812325.0
2009-04-22,sh.600795,6.33,6.45,6.16,6.24,89540057,567535660.0
2009-04-23,sh.600795,6.2,6.39,6.2,6.37,74650811,471699244.0
2009-04-24,sh.600795,6.4,6.44,6.27,6.29,71488443,455808520.0
2009-04-27,sh.600795,6.27,6.36,6.2,6.23,58394684,366439350.0
2009-04-28,sh.600795,6.19,6.25,6.1,6.15,45005215,277346014.0
2009-04-29,sh.600795,6.15,6.23,6.12,6.19,39029357,241119582.0
2009-04-30,sh.600795,6.27,6.29,6.17,6.22,33206505,206685234.0
2009-05-04,sh.600795,6.22,6.44,6.21,6.39,75617876,478356675.0
2009-05-05,sh.600795,6.4,6.59,6.35,6.51,115921824,749847964.0
2009-05-06,sh.600795,6.51,6.62,6.45,6.56,85568737,560591632.0
2009-05-07,sh.600795,6.63,6.65,6.36,6.46,77374396,501294687.0
2009-05-08,sh.600795,6.42,6.72,6.37,6.6,120066823,793605169.0
2009-05-11,sh.600795,6.66,6.69,6.41,6.42,90437359,595207932.0
2009-05-12,sh.600795,6.39,6.55,6.34,6.53,54354078,351752381.0
2009-05-13,sh.600795,6.53,6.67,6.43,6.55,68447901,448107352.0
2009-05-14,sh.600795,6.5,6.65,6.45,6.62,80413557,529539775.0
2009-05-15,sh.600795,6.64,6.64,6.5,6.57,50040203,328168287.0
2009-05-18,sh.600795,6.55,6.73,6.52,6.6,69338904,459128361.0
2009-05-19,sh.600795,6.62,6.64,6.45,6.51,66121359,431711679.0
2009-05-20,sh.600795,6.55,6.56,6.42,6.46,40895169,264703625.0
2009-05-21,sh.600795,6.43,6.5,6.32,6.36,43044382,275218432.0
2009-05-25,sh.600795,6.3,6.47,6.26,6.45,39272234,251155902.0
2009-05-26,sh.600795,6.46,6.51,6.4,6.41,34074185,219831698.0
2009-05-27,sh.600795,6.5,6.53,6.39,6.44,38299617,246917179.0
2009-06-01,sh.600795,6.48,6.55,6.45,6.51,65792545,427684942.0
2009-06-02,sh.600795,6.54,6.57,6.49,6.52,47078400,307318745.0
2009-06-03,sh.600795,6.54,6.54,6.41,6.51,52209902,337800859.0
2009-06-04,sh.600795,6.49,6.68,6.45,6.64,108848785,715850256.0
2009-06-05,sh.600795,6.68,6.83,6.6,6.61,124711741,839053510.0
2009-06-08,sh.600795,6.63,6.76,6.51,6.62,66448307,441767018.0
2009-06-09,sh.600795,6.62,6.67,6.5,6.63,50419317,331728704.0
2009-06-10,sh.600795,6.63,6.87,6.58,6.77,96073411,648393844.0
2009-06-11,sh.600795,6.83,6.85,6.64,6.66,74552305,503729195.0
2009-06-12,sh.600795,6.65,6.65,6.51,6.56,49489692,325499729.0
2009-06-15,sh.600795,6.54,6.62,6.5,6.58,30449469,199859373.0
2009-06-16,sh.600795,6.54,6.65,6.48,6.6,41440846,272594832.0
2009-06-17,sh.600795,6.6,6.62,6.53,6.61,28400688,187065514.0
2009-06-18,sh.600795,6.61,6.68,6.56,6.63,46900794,310273030.0
2009-06-19,sh.600795,6.65,6.82,6.6,6.76,88056418,592329989.0
2009-06-22,sh.600795,6.8,7.02,6.76,6.83,125429317,866786916.0
2009-06-23,sh.600795,6.73,7.15,6.69,7.1,143993286,1006136860.0
2009-06-24,sh.600795,7.12,7.28,7.02,7.1,104615257,749241757.0
2009-06-25,sh.600795,7.13,7.25,7.0,7.07,60680697,430541189.0
2009-06-26,sh.600795,7.08,7.15,6.92,6.98,43191665,302037100.0
2009-06-29,sh.600795,7.02,7.15,7.0,7.12,48556620,344267428.0
2009-06-30,sh.600795,7.15,7.18,6.94,6.97,40744484,286206796.0
2009-07-01,sh.600795,6.95,7.03,6.89,6.98,54692496,380410441.0
2009-07-02,sh.600795,7.01,7.08,6.88,6.99,75588694,525633856.0
2009-07-03,sh.600795,6.9,7.08,6.89,7.05,61265984,429603981.0
2009-07-06,sh.600795,7.07,7.24,7.0,7.2,98886676,704732744.0
2009-07-07,sh.600795,7.25,7.4,7.2,7.25,89342996,654191641.0
2009-07-08,sh.600795,7.22,7.23,7.0,7.1,56524589,400797976.0
2009-07-09,sh.600795,7.1,7.14,7.02,7.13,45143265,319807498.0
2009-07-10,sh.600795,7.12,7.22,7.08,7.1,51341132,366601850.0
2009-07-13,sh.600795,7.1,7.38,7.08,7.24,70728915,511452425.0
2009-07-14,sh.600795,7.25,7.7,7.25,7.56,137016153,1034536751.0
2009-07-15,sh.600795,7.6,7.88,7.55,7.63,114607904,884236722.0
2009-07-16,sh.600795,7.72,7.73,7.51,7.56,56605450,429785149.0
2009-07-17,sh.600795,7.56,7.63,7.42,7.5,48222056,361361525.0
2009-07-20,sh.600795,7.52,7.69,7.52,7.64,53701579,408789989.0
2009-07-21,sh.600795,7.66,7.75,7.36,7.42,71497450,539501703.0
2009-07-22,sh.600795,7.4,7.6,7.4,7.48,51673741,386593065.0
2009-07-23,sh.600795,7.5,7.65,7.48,7.62,70437483,533538839.0
2009-07-24,sh.600795,7.69,7.73,7.4,7.56,63314341,480041214.0
2009-07-27,sh.600795,7.59,7.75,7.58,7.7,85826512,660360741.0
2009-07-28,sh.600795,7.72,7.9,7.61,7.85,89864281,700134299.0
2009-07-29,sh.600795,7.85,8.25,7.45,7.73,137871863,1095600118.0
2009-07-30,sh.600795,7.73,8.11,7.63,7.98,96913713,765281166.0
2009-07-31,sh.600795,8.0,8.6,8.0,8.38,148631639,1242801421.0
2009-08-03,sh.600795,8.48,8.76,8.21,8.55,144685130,1229970431.0
2009-08-04,sh.600795,8.56,8.67,8.29,8.66,97885727,827677487.0
2009-08-05,sh.600795,8.6,8.69,8.24,8.4,73046670,617542100.0
2009-08-06,sh.600795,8.3,8.48,8.15,8.24,64390088,532607642.0
2009-08-07,sh.600795,8.32,8.47,8.06,8.13,85835226,710968867.0
2009-08-10,sh.600795,8.22,8.28,7.8,7.98,79646758,637421512.0
2009-08-11,sh.600795,8.02,8.04,7.78,7.88,52316658,412277082.0
2009-08-12,sh.600795,7.84,7.92,7.4,7.43,79755389,605712203.0
2009-08-13,sh.600795,7.42,7.51,7.19,7.43,84492004,617689141.0
2009-08-14,sh.600795,7.4,7.56,7.29,7.44,85931964,639433581.0
2009-08-17,sh.600795,7.44,7.46,6.81,6.86,75924106,542060351.0
2009-08-18,sh.600795,6.8,7.15,6.77,7.09,82685660,570505887.0
2009-08-19,sh.600795,7.13,7.13,6.61,6.68,59421852,409688278.0
2009-08-20,sh.600795,6.67,6.99,6.67,6.96,52665391,362196819.0
2009-08-21,sh.600795,6.97,7.15,6.88,7.07,50436615,355041339.0
2009-08-24,sh.600795,7.08,7.12,6.95,7.02,42398229,297191429.0
2009-08-25,sh.600795,6.99,7.0,6.58,6.74,41701716,281279218.0
2009-08-26,sh.600795,6.72,7.04,6.65,6.94,35707496,246359865.0
2009-08-27,sh.600795,6.94,7.07,6.83,6.98,34947752,243234974.0
2009-08-28,sh.600795,6.96,6.97,6.8,6.81,25024166,171361543.0
2009-08-31,sh.600795,6.78,6.78,6.31,6.35,40764678,265228726.0
2009-09-01,sh.600795,6.33,6.56,6.31,6.39,35985031,231630693.0
2009-09-02,sh.600795,6.4,6.59,6.37,6.53,26446989,172131794.0
2009-09-04,sh.600795,6.82,6.85,6.68,6.8,59864259,405212967.0
2009-09-07,sh.600795,6.81,6.99,6.74,6.94,49247640,339054745.0
2009-09-08,sh.600795,6.85,7.07,6.77,7.04,48822193,340569371.0
2009-09-09,sh.600795,7.04,7.09,6.81,6.92,47170811,325256745.0
2009-09-10,sh.600795,6.9,6.9,6.7,6.8,31438453,213944722.0
2009-09-11,sh.600795,6.8,6.93,6.77,6.9,46754462,320874061.0
2009-09-14,sh.600795,6.96,7.1,6.89,7.07,53403991,376318860.0
2009-09-15,sh.600795,7.12,7.27,7.11,7.25,68169277,491632646.0
2009-09-16,sh.600795,7.25,7.27,7.05,7.1,35219939,251195689.0
2009-09-17,sh.600795,7.16,7.32,7.11,7.23,62913491,452676118.0
2009-09-18,sh.600795,7.28,7.28,6.91,6.96,36902251,261865139.0
2009-09-21,sh.600795,6.92,7.14,6.91,7.12,51189199,359522273.0
2009-09-22,sh.600795,7.12,7.26,6.95,6.95,39662860,282852972.0
2009-09-23,sh.600795,6.95,7.05,6.66,6.85,28473928,195723646.0
2009-09-24,sh.600795,6.77,6.82,6.63,6.72,25342789,170642190.0
2009-09-25,sh.600795,6.72,6.75,6.54,6.62,30767968,203501166.0
2009-09-28,sh.600795,6.65,6.71,6.48,6.5,19342222,127852882.0
2009-09-29,sh.600795,6.51,6.56,6.4,6.52,16678414,108080597.0
2009-09-30,sh.600795,6.6,6.71,6.55,6.6,19489231,129440132.0
2009-10-09,sh.600795,6.68,6.82,6.67,6.81,21293149,144053236.0
2009-10-12,sh.600795,6.82,6.86,6.74,6.82,24231430,164739087.0
2009-10-13,sh.600795,6.8,7.24,6.74,7.19,68753214,488947779.0
2009-11-13,sh.600795,7.91,7.91,7.49,7.65,185237172,1416327323.0
2009-11-16,sh.600795,7.63,7.75,7.56,7.69,113992587,872736969.0
2009-11-17,sh.600795,7.75,7.75,7.57,7.6,88606276,675241834.0
2009-11-18,sh.600795,7.63,7.75,7.57,7.64,66499846,509371852.0
2009-11-19,sh.600795,7.65,7.68,7.57,7.65,71025430,541235491.0
2009-11-20,sh.600795,7.74,7.88,7.65,7.65,120871466,937581335.0
2009-11-23,sh.600795,7.66,7.67,7.49,7.56,85146791,642476581.0
2009-11-24,sh.600795,7.57,7.59,7.2,7.23,85993784,639126772.0
2009-11-25,sh.600795,7.2,7.41,7.2,7.4,56176383,410113338.0
2009-11-26,sh.600795,7.48,7.48,7.17,7.18,56868680,415082105.0
2009-11-27,sh.600795,7.14,7.14,6.99,7.05,36652484,259073854.0
2009-11-30,sh.600795,7.06,7.23,7.06,7.22,36461633,260756923.0
2009-12-01,sh.600795,7.22,7.28,7.12,7.27,40822830,293789114.0
2009-12-02,sh.600795,7.29,7.33,7.22,7.3,44091675,320839769.0
2009-12-03,sh.600795,7.3,7.3,7.15,7.22,37089210,267542219.0
2009-12-04,sh.600795,7.2,7.33,7.08,7.32,67669086,486883556.0
2009-12-07,sh.600795,7.31,7.39,7.26,7.33,53113086,389257057.0
2009-12-08,sh.600795,7.32,7.33,7.16,7.2,60693176,437597853.0
2009-12-09,sh.600795,7.15,7.18,7.05,7.07,44605841,316772240.0
2009-12-10,sh.600795,7.1,7.15,7.0,7.06,47986272,338500076.0
2009-12-11,sh.600795,7.08,7.11,7.0,7.05,31573350,222988101.0
2009-12-14,sh.600795,7.06,7.1,6.94,7.09,37684382,264761758.0
2009-12-15,sh.600795,7.1,7.21,7.08,7.15,38833528,278119881.0
2009-12-16,sh.600795,7.16,7.18,7.03,7.06,22952214,162878367.0
2009-12-17,sh.600795,7.08,7.13,6.95,7.11,41829169,294128189.0
2009-12-18,sh.600795,7.03,7.06,6.88,6.98,43874672,305037580.0
2009-12-21,sh.600795,7.01,7.13,6.98,7.11,46682640,330546043.0
2009-12-22,sh.600795,7.12,7.13,6.96,7.02,32062815,225728651.0
2009-12-23,sh.600795,7.02,7.15,7.0,7.12,32411364,229692834.0
2009-12-24,sh.600795,7.07,7.29,7.07,7.25,66276749,478412355.0
2009-12-28,sh.600795,7.25,7.36,7.21,7.33,46697903,341644341.0
2009-12-29,sh.600795,7.35,7.38,7.25,7.28,38236028,279221946.0
2009-12-30,sh.600795,7.34,7.37,7.25,7.36,59383067,435117232.0
2009-12-31,sh.600795,7.36,7.48,7.36,7.38,46941389,348081240.0
2010-01-04,sh.600795,7.4,7.44,7.24,7.25,37193352,271379909.0
2010-01-05,sh.600795,7.27,7.29,7.11,7.2,47233324,339071019.0
2010-01-06,sh.600795,7.2,7.2,7.1,7.15,54195609,387489053.0
2010-01-07,sh.600795,7.12,7.15,7.0,7.02,54456767,385179679.0
2010-01-08,sh.600795,7.02,7.14,6.99,7.13,32839572,231614213.0
2010-01-11,sh.600795,7.17,7.23,7.12,7.18,38172632,273337820.0
2010-01-12,sh.600795,7.18,7.33,7.12,7.29,50892890,368603938.0
2010-01-13,sh.600795,7.18,7.36,7.15,7.23,43901426,319184674.0
2010-01-14,sh.600795,7.23,7.45,7.23,7.4,69274788,510752362.0
2010-01-15,sh.600795,7.42,7.43,7.25,7.32,45536346,334265612.0
2010-01-18,sh.600795,7.31,7.36,7.24,7.36,39607804,289332866.0
2010-01-19,sh.600795,7.37,7.39,7.28,7.29,41304579,301660025.0
2010-01-20,sh.600795,7.3,7.32,7.05,7.06,45684603,326840367.0
2010-01-21,sh.600795,7.09,7.17,7.03,7.13,24367686,173295952.0
2010-01-22,sh.600795,7.09,7.24,7.05,7.16,30692654,219376399.0
2010-01-25,sh.600795,7.19,7.19,7.04,7.05,24471245,173797402.0
2010-01-26,sh.600795,7.05,7.1,6.81,6.85,29863857,206865041.0
2010-01-27,sh.600795,6.85,6.91,6.82,6.85,17120129,117508852.0
2010-01-28,sh.600795,6.86,6.96,6.85,6.91,11838503,81911912.0
2010-01-29,sh.600795,6.91,6.97,6.82,6.91,19608874,135203163.0
2010-02-01,sh.600795,6.9,6.91,6.61,6.75,18923903,127871848.0
2010-02-02,sh.600795,6.8,6.89,6.66,6.67,11816930,79934562.0
2010-02-04,sh.600795,6.76,6.87,6.75,6.81,21060615,143396653.0
2010-02-05,sh.600795,6.71,6.81,6.61,6.69,19590248,131555518.0
2010-02-08,sh.600795,6.71,6.73,6.6,6.63,15919443,105594318.0
2010-02-09,sh.600795,6.63,6.66,6.6,6.66,8158439,54149658.0
2010-02-10,sh.600795,6.69,6.72,6.65,6.69,9721282,64852129.0
2010-02-11,sh.600795,6.74,6.75,6.68,6.72,9298287,62432334.0
2010-02-12,sh.600795,6.72,6.83,6.72,6.82,12327828,83804389.0
2010-02-22,sh.600795,6.83,6.86,6.76,6.77,9917259,67493850.0
2010-02-23,sh.600795,6.77,6.95,6.76,6.91,23564915,161403395.0
2010-02-24,sh.600795,6.87,7.33,6.85,7.28,65677893,473220246.0
2010-02-25,sh.600795,7.28,7.32,7.22,7.3,34031350,248088389.0
2010-02-26,sh.600795,7.28,7.31,7.2,7.21,24413717,176976782.0
2010-03-01,sh.600795,7.22,7.42,7.22,7.41,49219181,361881363.0
2010-03-02,sh.600795,7.41,7.43,7.32,7.34,23653865,174157677.0
2010-03-03,sh.600795,7.34,7.38,7.25,7.31,22158466,161433065.0
2010-03-04,sh.600795,7.32,7.33,7.1,7.12,21029013,151414186.0
2010-03-05,sh.600795,7.12,7.24,7.11,7.17,16611188,119487199.0
2010-03-08,sh.600795,7.15,7.32,7.12,7.26,18768587,136267411.0
2010-03-09,sh.600795,7.26,7.33,7.21,7.3,24872577,181467711.0
2010-03-10,sh.600795,7.27,7.33,7.18,7.21,19836675,143858984.0
2010-03-11,sh.600795,7.24,7.35,7.21,7.26,16276883,118561525.0
2010-03-12,sh.600795,7.3,7.31,7.18,7.19,12541412,90649668.0
2010-03-15,sh.600795,7.2,7.22,7.05,7.07,42688654,304444282.0
2010-03-16,sh.600795,7.07,7.17,7.06,7.12,18194240,129431138.0
2010-03-17,sh.600795,7.14,7.25,7.13,7.24,16677530,119927100.0
2010-03-18,sh.600795,7.26,7.29,7.17,7.19,12678043,91472502.0
2010-03-19,sh.600795,7.19,7.36,7.18,7.35,29201559,212788518.0
2010-03-22,sh.600795,7.39,7.65,7.39,7.49,71000820,535463916.0
2010-03-23,sh.600795,7.49,7.53,7.41,7.49,32792275,244899397.0
2010-03-24,sh.600795,7.51,7.6,7.46,7.58,42078294,317622251.0
2010-03-25,sh.600795,7.59,7.62,7.35,7.41,34212436,255723066.0
2010-03-26,sh.600795,7.42,7.71,7.4,7.68,69731163,531964692.0
2010-03-29,sh.600795,7.71,7.83,7.57,7.74,64110385,497146635.0
2010-03-30,sh.600795,7.79,7.9,7.68,7.74,69367955,538945679.0
2010-03-31,sh.600795,7.91,8.45,7.77,8.27,290928619,2327978717.0
2010-04-01,sh.600795,8.25,8.28,8.1,8.26,126975721,1040098974.0
2010-04-02,sh.600795,8.27,8.3,8.12,8.19,83638145,684973900.0
2010-04-06,sh.600795,8.22,8.24,8.13,8.17,58227196,476220648.0
2010-04-07,sh.600795,8.17,8.18,8.02,8.07,58856380,474909860.0
2010-04-08,sh.600795,8.06,8.12,7.98,8.02,49606470,399274205.0
2010-04-09,sh.600795,8.03,8.2,7.98,8.16,58345908,470231373.0
2010-04-12,sh.600795,8.17,8.21,8.03,8.11,47414442,384431907.0
2010-04-13,sh.600795,8.11,8.2,8.04,8.13,49661458,402914309.0
2010-04-14,sh.600795,8.16,8.17,8.06,8.11,30173774,244380406.0
2010-04-15,sh.600795,8.11,8.11,7.9,8.0,37545424,301221289.0
2010-04-16,sh.600795,8.0,8.09,7.95,8.04,26135273,210189454.0
2010-04-19,sh.600795,8.04,8.12,7.76,7.79,60030145,477174114.0
2010-04-21,sh.600795,7.91,8.19,7.91,8.11,67894901,549637253.0
2010-04-22,sh.600795,8.13,8.19,8.05,8.09,42734938,347272761.0
2010-04-23,sh.600795,8.1,8.17,8.02,8.04,31788936,256684544.0
2010-04-26,sh.600795,8.04,8.09,7.86,7.87,35882863,284698090.0
2010-04-27,sh.600795,7.96,8.1,7.77,8.09,66705541,526171182.0
2010-04-28,sh.600795,8.09,8.25,8.01,8.13,73194597,596448684.0
2010-04-29,sh.600795,8.15,8.19,7.99,8.0,44980584,362529764.0
2010-04-30,sh.600795,8.02,8.06,7.91,7.98,44174983,352746517.0
2010-05-04,sh.600795,3.96,4.07,3.95,3.99,45721604,183319286.0
2010-05-05,sh.600795,3.9,3.91,3.71,3.88,102267350,389300342.0
2010-05-06,sh.600795,3.88,3.88,3.75,3.75,73002021,277364093.0
2010-05-07,sh.600795,3.69,3.72,3.54,3.6,122828143,445219064.0
2010-05-10,sh.600795,3.6,3.64,3.54,3.61,69783439,251430312.0
2010-05-11,sh.600795,3.67,3.69,3.55,3.58,82852666,300366647.0
2010-05-12,sh.600795,3.61,3.61,3.5,3.6,56506246,201483310.0
2010-05-13,sh.600795,3.6,3.71,3.56,3.67,79543150,289068911.0
2010-05-14,sh.600795,3.66,3.75,3.64,3.7,83540161,309512883.0
2010-05-17,sh.600795,3.71,3.77,3.59,3.66,88816757,328245969.0
2010-05-18,sh.600795,3.66,3.68,3.38,3.63,93494863,329797655.0
2010-05-19,sh.600795,3.57,3.74,3.5,3.72,96870021,351528434.0
2010-05-20,sh.600795,3.69,3.74,3.63,3.7,82714605,304853728.0
2010-05-21,sh.600795,3.62,3.68,3.56,3.6,93355536,337812164.0
2010-05-24,sh.600795,3.6,3.69,3.6,3.68,94546753,346369225.0
2010-05-25,sh.600795,3.67,3.67,3.57,3.59,63505405,229306322.0
2010-05-26,sh.600795,3.58,3.62,3.56,3.58,41890189,150048294.0
2010-05-27,sh.600795,3.58,3.6,3.51,3.59,55513353,197948740.0
2010-05-28,sh.600795,3.62,3.63,3.56,3.58,47331331,169680575.0
2010-05-31,sh.600795,3.55,3.57,3.47,3.48,54145480,190392955.0
2010-06-01,sh.600795,3.46,3.49,3.41,3.44,37621544,129318609.0
2010-06-02,sh.600795,3.44,3.46,3.4,3.45,29101758,99761340.0
2010-06-03,sh.600795,3.46,3.47,3.4,3.41,37888600,129919177.0
2010-06-04,sh.600795,3.39,3.4,3.37,3.39,28144434,95310292.0
2010-06-07,sh.600795,3.35,3.35,3.27,3.3,60511209,199852528.0
2010-06-08,sh.600795,3.3,3.31,3.27,3.3,31614454,104091106.0
2010-06-09,sh.600795,3.31,3.36,3.28,3.35,47089813,156257604.0
2010-06-10,sh.600795,3.35,3.43,3.32,3.38,50453987,170000575.0
2010-06-11,sh.600795,3.38,3.42,3.35,3.37,31865665,107547958.0
2010-06-17,sh.600795,3.4,3.43,3.37,3.38,36411182,124059949.0
2010-06-18,sh.600795,3.38,3.38,3.3,3.32,32078240,107054118.0
2010-06-21,sh.600795,3.32,3.38,3.29,3.37,29501260,98659713.0
2010-06-22,sh.600795,3.36,3.36,3.33,3.34,30135832,100731103.0
2010-06-23,sh.600795,3.33,3.34,3.3,3.32,22544509,74765027.0
2010-06-24,sh.600795,3.32,3.33,3.28,3.29,29233758,96445033.0
2010-06-25,sh.600795,3.29,3.3,3.26,3.29,24545468,80522964.0
2010-06-28,sh.600795,3.29,3.29,3.26,3.26,19369256,63280951.0
2010-06-29,sh.600795,3.26,3.32,3.21,3.22,49904866,162651982.0
2010-06-30,sh.600795,3.2,3.31,3.11,3.27,42192530,135414561.0
2010-07-01,sh.600795,3.26,3.27,3.22,3.23,18105898,58716281.0
2010-07-02,sh.600795,3.25,3.32,3.22,3.31,51319019,168442952.0
2010-07-05,sh.600795,3.3,3.34,3.26,3.32,31196377,103051301.0
2010-07-06,sh.600795,3.32,3.37,3.3,3.36,40007604,133495171.0
2010-07-07,sh.600795,3.35,3.36,3.3,3.32,21714142,72102021.0
2010-07-08,sh.600795,3.34,3.35,3.28,3.29,16590150,54674676.0
2010-07-09,sh.600795,3.3,3.36,3.27,3.34,30400460,101247178.0
2010-07-12,sh.600795,3.34,3.36,3.32,3.34,30975550,103430921.0
2010-07-13,sh.600795,3.33,3.41,3.28,3.39,51679610,172856987.0
2010-07-14,sh.600795,3.38,3.43,3.37,3.4,39571886,134545292.0
2010-07-15,sh.600795,3.4,3.41,3.33,3.34,21501994,72480788.0
2010-07-16,sh.600795,3.31,3.34,3.29,3.32,18008785,59668356.0
2010-07-19,sh.600795,3.31,3.37,3.29,3.36,27771991,92728007.0
2010-07-20,sh.600795,3.37,3.4,3.36,3.39,51253304,173551716.0
2010-07-21,sh.600795,3.39,3.73,3.38,3.65,160268861,570030166.0
2010-07-22,sh.600795,3.58,3.63,3.53,3.62,112375471,402734251.0
2010-07-23,sh.600795,3.63,3.64,3.54,3.57,51718089,184796213.0
2010-07-26,sh.600795,3.57,3.61,3.55,3.57,40216728,143892894.0
2010-07-27,sh.600795,3.57,3.57,3.5,3.51,53169205,187302096.0
2010-07-28,sh.600795,3.51,3.61,3.5,3.57,74980345,266346143.0
2010-07-29,sh.600795,3.58,3.63,3.54,3.59,109681424,392294803.0
2010-07-30,sh.600795,3.6,3.6,3.52,3.57,62715990,223078646.0
2010-08-02,sh.600795,3.56,3.62,3.54,3.6,82934827,297924031.0
2010-08-03,sh.600795,3.6,3.6,3.52,3.52,79499576,283363143.0
2010-08-04,sh.600795,3.52,3.54,3.48,3.52,52546984,184409237.0
2010-08-06,sh.600795,3.56,3.63,3.53,3.58,96049808,344089587.0
2010-08-09,sh.600795,3.59,3.59,3.54,3.57,59364559,211150733.0
2010-08-10,sh.600795,3.57,3.59,3.48,3.49,62851888,221894320.0
2010-08-11,sh.600795,3.48,3.5,3.45,3.48,37959449,131677214.0
2010-08-12,sh.600795,3.46,3.46,3.4,3.41,42197733,144348500.0
2010-08-13,sh.600795,3.41,3.45,3.41,3.45,31355782,107628987.0
2010-08-16,sh.600795,3.46,3.5,3.42,3.5,50962388,176804266.0
2010-08-17,sh.600795,3.51,3.52,3.45,3.48,57067406,198471603.0
2010-08-18,sh.600795,3.5,3.52,3.45,3.46,49209163,170887785.0
2010-08-19,sh.600795,3.46,3.48,3.43,3.45,51740833,178679969.0
2010-08-20,sh.600795,3.44,3.45,3.39,3.4,55591458,189579771.0
2010-08-23,sh.600795,3.4,3.42,3.37,3.38,33046567,111996135.0
2010-08-24,sh.600795,3.38,3.43,3.35,3.39,37010567,125353234.0
2010-08-25,sh.600795,3.38,3.39,3.31,3.32,50279795,168254507.0
2010-08-26,sh.600795,3.31,3.37,3.31,3.34,31661576,105518446.0
2010-08-27,sh.600795,3.34,3.34,3.31,3.32,24023262,79742184.0
2010-08-30,sh.600795,3.33,3.35,3.31,3.34,50662858,168881221.0
2010-08-31,sh.600795,3.34,3.34,3.28,3.31,57488377,189633047.0
2010-09-01,sh.600795,3.3,3.32,3.24,3.25,58732079,192351419.0
2010-09-02,sh.600795,3.27,3.28,3.25,3.27,33896968,110698321.0
2010-09-03,sh.600795,3.27,3.27,3.21,3.24,45346626,146740601.0
2010-09-06,sh.600795,3.25,3.3,3.23,3.3,49977933,163448535.0
2010-09-07,sh.600795,3.3,3.33,3.29,3.32,39746380,131272038.0
2010-09-08,sh.600795,3.31,3.31,3.26,3.3,36651405,120285678.0
2010-09-09,sh.600795,3.33,3.35,3.27,3.29,49707873,164512130.0
2010-09-10,sh.600795,3.28,3.3,3.23,3.26,43697841,142272583.0
2010-09-13,sh.600795,3.26,3.27,3.22,3.25,39996330,129654825.0
2010-09-14,sh.600795,3.25,3.42,3.22,3.34,109751530,364095210.0
2010-09-15,sh.600795,3.3,3.32,3.25,3.26,56754138,186142291.0
2010-09-16,sh.600795,3.27,3.28,3.21,3.26,45962314,148854883.0
2010-09-17,sh.600795,3.26,3.29,3.23,3.25,31578016,102993992.0
2010-09-20,sh.600795,3.25,3.26,3.22,3.25,31767770,102813176.0
2010-09-21,sh.600795,3.24,3.27,3.23,3.26,21584296,70061195.0
2010-09-27,sh.600795,3.26,3.28,3.23,3.26,30005012,97443220.0
2010-09-28,sh.600795,3.26,3.27,3.23,3.26,46418690,150799575.0
2010-09-29,sh.600795,3.26,3.33,3.24,3.32,76210094,251576235.0
2010-09-30,sh.600795,3.32,3.33,3.29,3.31,35297746,116923109.0
2010-10-08,sh.600795,3.31,3.36,3.29,3.34,75868095,252415393.0
2010-10-11,sh.600795,3.4,3.56,3.38,3.53,187968936,648261622.0
2010-10-12,sh.600795,3.5,3.54,3.42,3.48,130248717,451811735.0
2010-10-13,sh.600795,3.49,3.5,3.41,3.47,98568030,340033340.0
2010-10-14,sh.600795,3.48,3.52,3.44,3.48,145426080,506625747.0
2010-10-15,sh.600795,3.47,3.65,3.43,3.61,212036343,749185186.0
2010-10-18,sh.600795,3.63,3.86,3.58,3.7,352776724,1304950585.0
2010-10-19,sh.600795,3.71,3.71,3.6,3.67,156297852,567696087.0
2010-10-20,sh.600795,3.58,3.62,3.52,3.55,181628317,645651309.0
2010-10-21,sh.600795,3.57,3.58,3.45,3.47,145905934,509084739.0
2010-10-22,sh.600795,3.49,3.53,3.47,3.51,85171948,298156895.0
2010-10-25,sh.600795,3.51,3.52,3.44,3.52,139474263,485448020.0
2010-10-26,sh.600795,3.52,3.52,3.44,3.47,139346757,482877077.0
2010-10-27,sh.600795,3.47,3.49,3.44,3.45,81607485,282714290.0
2010-10-28,sh.600795,3.45,3.49,3.43,3.46,94449627,326337448.0
2010-10-29,sh.600795,3.47,3.47,3.39,3.41,100802657,344338870.0
2010-11-01,sh.600795,3.41,3.45,3.4,3.43,92841239,318045357.0
2010-11-02,sh.600795,3.43,3.49,3.38,3.49,164122819,563325985.0
2010-11-03,sh.600795,3.47,3.49,3.42,3.44,119601095,413907921.0
2010-11-04,sh.600795,3.42,3.49,3.41,3.46,91017434,313852269.0
2010-11-05,sh.600795,3.47,3.49,3.44,3.48,118588943,411229424.0
2010-11-08,sh.600795,3.47,3.53,3.46,3.52,146423502,512859748.0
2010-11-09,sh.600795,3.53,3.55,3.48,3.49,134600281,472562295.0
2010-11-10,sh.600795,3.49,3.5,3.41,3.44,137357646,471531472.0
2010-11-11,sh.600795,3.43,3.53,3.42,3.47,138441838,482634164.0
2010-11-12,sh.600795,3.44,3.46,3.3,3.32,156257571,528100805.0
2010-11-15,sh.600795,3.32,3.36,3.29,3.33,90589972,300479124.0
2010-11-16,sh.600795,3.34,3.34,3.24,3.25,80851172,265077240.0
2010-11-17,sh.600795,3.23,3.24,3.18,3.2,78067186,250778818.0
2010-11-18,sh.600795,3.2,3.23,3.18,3.21,70280454,224599894.0
2010-11-19,sh.600795,3.21,3.22,3.14,3.19,77293224,245194733.0
2010-11-22,sh.600795,3.17,3.18,3.15,3.17,108494341,342988618.0
2010-11-23,sh.600795,3.17,3.17,3.1,3.12,75868199,236702482.0
2010-11-24,sh.600795,3.11,3.16,3.1,3.16,47903321,150670818.0
2010-11-25,sh.600795,3.16,3.2,3.13,3.2,68391352,216422812.0
2010-11-26,sh.600795,3.18,3.19,3.15,3.16,44832631,141637649.0
2010-11-29,sh.600795,3.16,3.16,3.12,3.14,47372851,148585153.0
2010-11-30,sh.600795,3.14,3.16,3.06,3.1,69836280,216869828.0
2010-12-01,sh.600795,3.11,3.17,3.1,3.15,54795033,171779468.0
2010-12-02,sh.600795,3.17,3.17,3.13,3.14,50341511,158735480.0
2010-12-03,sh.600795,3.15,3.15,3.11,3.13,31484995,98304023.0
2010-12-06,sh.600795,3.14,3.15,3.11,3.14,41995994,131662828.0
2010-12-07,sh.600795,3.14,3.15,3.1,3.14,40739299,127315390.0
2010-12-08,sh.600795,3.14,3.15,3.12,3.14,41048866,128823276.0
2010-12-09,sh.600795,3.14,3.24,3.11,3.17,87666175,278985800.0
2010-12-10,sh.600795,3.21,3.29,3.21,3.29,135942050,442589629.0
2010-12-13,sh.600795,3.31,3.36,3.26,3.35,131583329,435570925.0
2010-12-14,sh.600795,3.36,3.49,3.34,3.49,180192188,613221863.0
2010-12-15,sh.600795,3.45,3.45,3.33,3.35,160989905,544038709.0
2010-12-16,sh.600795,3.35,3.47,3.26,3.45,376719755,1267500666.0
2010-12-23,sh.600795,3.25,3.36,3.19,3.23,212808662,692383248.0
2010-12-24,sh.600795,3.21,3.23,3.19,3.21,77490406,248111170.0
2010-12-27,sh.600795,3.2,3.23,3.18,3.19,86961392,277859391.0
2010-12-28,sh.600795,3.2,3.2,3.18,3.18,55076133,175654340.0
2010-12-29,sh.600795,3.08,3.13,3.02,3.08,265983838,815249021.0
2010-12-30,sh.600795,3.07,3.09,3.02,3.03,104042784,316889591.0
2010-12-31,sh.600795,3.03,3.07,3.02,3.06,132017408,400966230.0
2011-01-04,sh.600795,3.06,3.07,3.02,3.05,112542411,341982237.0
2011-01-05,sh.600795,3.04,3.05,3.0,3.02,138901764,419157127.0
2011-01-06,sh.600795,3.02,3.03,3.01,3.02,78300900,236468803.0
2011-01-07,sh.600795,3.02,3.05,3.01,3.03,84682402,256389491.0
2011-01-10,sh.600795,3.03,3.04,3.0,3.0,67429744,203277489.0
2011-01-12,sh.600795,3.03,3.03,3.01,3.03,58381654,176370777.0
2011-01-13,sh.600795,3.03,3.03,3.01,3.02,41985814,126810814.0
2011-01-14,sh.600795,3.03,3.03,2.99,3.01,79275281,238209355.0
2011-01-17,sh.600795,3.0,3.0,2.9,2.9,90700636,267159675.0
2011-01-18,sh.600795,2.9,2.9,2.85,2.89,47604686,137040148.0
2011-01-19,sh.600795,2.89,2.92,2.88,2.91,59614063,173018181.0
2011-01-20,sh.600795,2.92,2.99,2.91,2.91,118937427,349877046.0
2011-01-21,sh.600795,2.93,2.95,2.89,2.94,61866627,180955261.0
2011-01-24,sh.600795,2.94,2.95,2.88,2.89,80161769,232796787.0
2011-01-25,sh.600795,2.89,2.92,2.88,2.91,49037125,142330584.0
2011-01-26,sh.600795,2.91,2.96,2.9,2.95,81901409,240541337.0
2011-01-27,sh.600795,2.92,2.95,2.91,2.95,69701670,204498056.0
2011-01-28,sh.600795,2.94,2.94,2.91,2.93,43722019,127965889.0
2011-01-31,sh.600795,2.93,2.96,2.92,2.94,48115631,141453775.0
2011-02-01,sh.600795,2.94,2.95,2.92,2.94,30878076,90561759.0
2011-02-09,sh.600795,2.93,2.93,2.9,2.91,40600798,118470388.0
2011-02-10,sh.600795,2.91,2.94,2.9,2.94,49573989,144903674.0
2011-02-11,sh.600795,2.94,3.0,2.92,3.0,97573295,290448982.0
2011-02-14,sh.600795,2.99,3.07,2.98,3.05,120508163,365142545.0
2011-02-15,sh.600795,3.05,3.07,3.03,3.03,99300744,303116196.0
2011-02-16,sh.600795,3.03,3.04,3.01,3.04,62880020,190274194.0
2011-02-17,sh.600795,3.03,3.04,3.0,3.01,67961881,204803458.0
2011-02-18,sh.600795,3.01,3.01,2.97,2.98,85582400,255345975.0
2011-02-21,sh.600795,2.97,3.04,2.96,3.03,77750565,234131617.0
2011-02-22,sh.600795,3.02,3.02,2.96,2.97,85958292,256056998.0
2011-02-23,sh.600795,2.97,2.98,2.95,2.96,50956141,151002186.0
2011-02-24,sh.600795,2.97,2.97,2.94,2.96,48981361,144556369.0
2011-02-25,sh.600795,2.95,2.99,2.94,2.98,48052977,142347994.0
2011-02-28,sh.600795,2.98,2.99,2.95,2.97,48439834,144039843.0
2011-03-01,sh.600795,2.98,3.05,2.97,3.03,121165449,365142331.0
2011-03-02,sh.600795,3.0,3.01,2.98,3.0,76359553,228761288.0
2011-03-03,sh.600795,3.0,3.01,2.98,2.98,67853154,203349781.0
2011-03-04,sh.600795,2.98,3.01,2.97,3.01,59556309,178692856.0
2011-03-07,sh.600795,3.01,3.06,3.0,3.05,153320347,465750451.0
2011-03-08,sh.600795,3.04,3.05,3.02,3.04,80936789,245347343.0
2011-03-09,sh.600795,3.04,3.06,3.03,3.04,79313861,241443820.0
2011-03-10,sh.600795,3.04,3.06,3.02,3.03,94938221,288886043.0
2011-03-11,sh.600795,3.02,3.04,2.99,3.0,79578515,239662728.0
2011-03-14,sh.600795,3.01,3.03,3.0,3.01,55527289,166989889.0
2011-03-15,sh.600795,3.01,3.01,2.93,2.97,98373139,290857485.0
2011-03-16,sh.600795,2.97,2.99,2.95,2.99,62350898,185520986.0
2011-03-17,sh.600795,2.98,3.13,2.95,3.05,289976341,891483921.0
2011-03-18,sh.600795,3.05,3.06,3.01,3.03,75018196,227319696.0
2011-03-21,sh.600795,3.04,3.05,2.99,3.01,64273660,193265832.0
2011-03-22,sh.600795,3.01,3.02,2.99,3.01,65864497,197839358.0
2011-03-23,sh.600795,3.01,3.1,2.99,3.07,173875874,531080299.0
2011-03-24,sh.600795,3.06,3.1,3.05,3.06,91400130,280503573.0
2011-03-25,sh.600795,3.06,3.08,3.04,3.07,72441989,222167600.0
2011-03-28,sh.600795,3.06,3.12,3.06,3.09,125391977,388314857.0
2011-03-29,sh.600795,3.09,3.17,3.09,3.13,180367674,566104506.0
2011-03-30,sh.600795,3.13,3.15,3.08,3.09,120226397,373939591.0
2011-03-31,sh.600795,3.1,3.12,3.05,3.06,63360327,194579584.0
2011-04-01,sh.600795,3.07,3.07,3.04,3.07,65748864,201145753.0
2011-04-06,sh.600795,3.06,3.13,3.05,3.11,95572444,295553647.0
2011-04-07,sh.600795,3.11,3.12,3.06,3.09,89221009,275114809.0
2011-04-08,sh.600795,3.08,3.13,3.07,3.12,116715412,362760155.0
2011-04-11,sh.600795,3.12,3.17,3.09,3.15,191447786,602559110.0
2011-04-12,sh.600795,3.15,3.32,3.13,3.26,469126829,1521904420.0
2011-04-13,sh.600795,3.23,3.3,3.2,3.26,224411185,729249431.0
2011-04-14,sh.600795,3.27,3.3,3.22,3.24,203867372,665997617.0
2011-04-15,sh.600795,3.23,3.27,3.18,3.24,150145335,483348137.0
2011-04-18,sh.600795,3.24,3.37,3.24,3.3,259442138,858676035.0
2011-04-19,sh.600795,3.3,3.3,3.22,3.24,138282067,448718041.0
2011-04-21,sh.600795,3.27,3.29,3.23,3.25,89242710,289905200.0
2011-04-22,sh.600795,3.25,3.29,3.21,3.27,102406356,333077039.0
2011-04-25,sh.600795,3.26,3.27,3.18,3.19,110650238,355192838.0
2011-04-26,sh.600795,3.18,3.23,3.17,3.19,124305775,397841291.0
2011-04-27,sh.600795,3.2,3.26,3.18,3.21,114043531,367689320.0
2011-04-28,sh.600795,3.23,3.25,3.13,3.15,87191242,278579773.0
2011-04-29,sh.600795,3.14,3.47,3.14,3.36,358492936,1193290963.0
2011-05-03,sh.600795,3.35,3.45,3.31,3.4,366023868,1245663878.0
2011-05-04,sh.600795,3.38,3.47,3.35,3.38,259011136,884249668.0
2011-05-06,sh.600795,3.37,3.46,3.33,3.41,196926780,673401612.0
2011-05-09,sh.600795,3.44,3.48,3.4,3.44,190495015,654908635.0
2011-05-10,sh.600795,3.48,3.48,3.38,3.44,157602461,538904695.0
2011-05-11,sh.600795,3.42,3.43,3.34,3.36,126095293,424772836.0
2011-05-12,sh.600795,3.35,3.45,3.33,3.38,142013774,481505445.0
2011-05-13,sh.600795,3.38,3.38,3.27,3.32,138289861,459352582.0
2011-05-16,sh.600795,3.32,3.33,3.28,3.3,75172949,248405792.0
2011-05-17,sh.600795,3.3,3.32,3.23,3.29,91140240,298417454.0
2011-05-18,sh.600795,3.29,3.33,3.26,3.32,63717617,210523990.0
2011-05-19,sh.600795,3.32,3.32,3.24,3.26,104588952,341615968.0
2011-05-20,sh.600795,3.25,3.26,3.21,3.22,63540493,205513315.0
2011-05-23,sh.600795,3.22,3.24,3.12,3.13,85188403,269448903.0
2011-05-24,sh.600795,3.12,3.15,3.11,3.15,51834682,162641152.0
2011-05-25,sh.600795,3.14,3.14,3.05,3.07,66476317,205390689.0
2011-05-26,sh.600795,3.07,3.12,3.06,3.07,49893545,154485378.0
2011-05-27,sh.600795,3.08,3.1,3.04,3.04,46287426,141486750.0
2011-05-30,sh.600795,3.04,3.06,3.0,3.05,43829137,133018272.0
2011-05-31,sh.600795,3.09,3.11,3.06,3.1,64235415,198236457.0
2011-06-01,sh.600795,3.1,3.1,3.03,3.05,75114120,229269730.0
2011-06-02,sh.600795,3.03,3.04,2.99,3.0,70389139,211666579.0
2011-06-03,sh.600795,3.0,3.03,2.99,3.02,62775308,189313440.0
2011-06-07,sh.600795,3.02,3.03,3.01,3.03,44819763,135327525.0
2011-06-08,sh.600795,3.03,3.1,2.98,3.09,74350978,225060368.0
2011-06-09,sh.600795,3.07,3.08,3.0,3.01,50126059,152457649.0
2011-06-10,sh.600795,3.03,3.06,3.01,3.05,49181255,149251637.0
2011-06-13,sh.600795,2.97,2.98,2.94,2.97,37676716,111535118.0
2011-06-14,sh.600795,2.97,3.0,2.95,2.99,67774630,202300333.0
2011-06-15,sh.600795,2.99,3.0,2.95,2.96,36031723,107037945.0
2011-06-16,sh.600795,2.95,2.96,2.93,2.94,32315995,95040647.0
2011-06-17,sh.600795,2.94,2.96,2.92,2.93,32802784,96404225.0
2011-06-20,sh.600795,2.93,2.93,2.86,2.89,50211360,145262143.0
2011-06-21,sh.600795,2.9,2.92,2.87,2.92,38159873,110475799.0
2011-06-22,sh.600795,2.92,2.92,2.88,2.9,25811511,74722933.0
2011-06-23,sh.600795,2.9,2.95,2.86,2.94,76619053,222377819.0
2011-06-24,sh.600795,2.92,3.02,2.91,2.99,92381814,275102403.0
2011-06-27,sh.600795,2.96,3.01,2.96,2.98,51321519,153088215.0
2011-06-28,sh.600795,2.98,2.98,2.95,2.97,35647466,105496582.0
2011-06-29,sh.600795,2.97,2.98,2.94,2.95,38201307,113121942.0
2011-06-30,sh.600795,2.95,2.98,2.95,2.96,58101787,172223429.0
2011-07-01,sh.600795,2.96,2.97,2.94,2.95,53526463,157855915.0
2011-07-04,sh.600795,2.96,3.0,2.95,2.99,85314163,254677271.0
2011-07-05,sh.600795,2.99,3.02,2.96,2.99,75502063,225518239.0
2011-07-06,sh.600795,2.98,3.01,2.93,2.99,104427630,309457937.0
2011-07-07,sh.600795,2.98,2.98,2.94,2.95,62865158,186149981.0
2011-07-08,sh.600795,2.96,2.96,2.93,2.95,39631036,116691186.0
2011-07-11,sh.600795,2.94,2.95,2.92,2.94,47082882,138141191.0
2011-07-12,sh.600795,2.93,2.94,2.9,2.91,50343201,146575655.0
2011-07-13,sh.600795,2.91,2.94,2.9,2.93,50465138,147221340.0
2011-07-14,sh.600795,2.93,2.94,2.9,2.93,60984969,177681603.0
2011-07-15,sh.600795,2.92,2.94,2.9,2.94,88503091,257759851.0
2011-07-18,sh.600795,2.93,2.97,2.91,2.95,93145738,274182389.0
2011-07-19,sh.600795,2.94,2.96,2.91,2.94,56630408,165812477.0
2011-07-20,sh.600795,2.94,2.95,2.9,2.91,57864245,168686482.0
2011-07-21,sh.600795,2.91,2.92,2.87,2.88,83282904,239966088.0
2011-07-22,sh.600795,2.88,2.9,2.87,2.88,27551904,79493103.0
2011-07-25,sh.600795,2.88,2.88,2.77,2.79,111720237,315039363.0
2011-07-26,sh.600795,2.78,2.8,2.74,2.78,79706423,220355730.0
2011-07-27,sh.600795,2.77,2.77,2.74,2.77,66803861,184036731.0
2011-07-28,sh.600795,2.75,2.75,2.72,2.74,72009903,196674612.0
2011-07-29,sh.600795,2.73,2.74,2.71,2.74,41306664,112634583.0
2011-08-01,sh.600795,2.73,2.77,2.72,2.76,54023247,148666394.0
2011-08-02,sh.600795,2.75,2.76,2.7,2.73,46370593,125889301.0
2011-08-03,sh.600795,2.71,2.74,2.7,2.73,50779685,137801478.0
2011-08-04,sh.600795,2.73,2.73,2.7,2.71,46298893,125554722.0
2011-08-05,sh.600795,2.66,2.66,2.61,2.63,56781765,149622915.0
2011-08-08,sh.600795,2.6,2.6,2.42,2.51,99431383,250523579.0
2011-08-09,sh.600795,2.44,2.48,2.39,2.47,93505547,228522837.0
2011-08-10,sh.600795,2.5,2.51,2.47,2.48,63604953,158326687.0
2011-08-11,sh.600795,2.44,2.5,2.42,2.5,68752679,169617979.0
2011-08-12,sh.600795,2.52,2.61,2.51,2.57,102026657,261545425.0
2011-08-15,sh.600795,2.57,2.57,2.53,2.57,56520594,144122174.0
2011-08-16,sh.600795,2.57,2.58,2.53,2.54,41508388,105634876.0
2011-08-17,sh.600795,2.53,2.56,2.52,2.54,41437853,105371506.0
2011-08-18,sh.600795,2.54,2.54,2.48,2.48,49908069,125143652.0
2011-08-19,sh.600795,2.42,2.46,2.4,2.45,52481725,127981899.0
2011-08-22,sh.600795,2.44,2.5,2.43,2.48,50956125,125781360.0
2011-08-23,sh.600795,2.48,2.5,2.46,2.5,25802309,64101784.0
2011-08-24,sh.600795,2.5,2.51,2.46,2.47,28025392,69710161.0
2011-08-25,sh.600795,2.47,2.54,2.45,2.53,52857084,132597030.0
2011-08-26,sh.600795,2.51,2.53,2.5,2.52,29279589,73619382.0
2011-08-29,sh.600795,2.52,2.52,2.48,2.49,25592743,63881744.0
2011-08-30,sh.600795,2.5,2.53,2.48,2.49,31074091,77865614.0
2011-08-31,sh.600795,2.48,2.51,2.47,2.49,30324892,75522339.0
2011-09-01,sh.600795,2.5,2.51,2.48,2.48,27133825,67617834.0
2011-09-02,sh.600795,2.48,2.49,2.43,2.45,30198607,74171450.0
2011-09-05,sh.600795,2.44,2.44,2.39,2.41,35534693,85532641.0
2011-09-06,sh.600795,2.39,2.42,2.38,2.41,22845145,54944411.0
2011-09-07,sh.600795,2.42,2.46,2.4,2.45,32237511,78349652.0
2011-09-08,sh.600795,2.46,2.46,2.42,2.43,26106001,63741255.0
2011-09-09,sh.600795,2.43,2.46,2.43,2.43,20939064,51162260.0
2011-09-13,sh.600795,2.41,2.43,2.37,2.43,42750404,102718780.0
2011-09-14,sh.600795,2.42,2.43,2.39,2.43,31142011,75055100.0
2011-09-15,sh.600795,2.43,2.43,2.4,2.41,18863391,45581659.0
2011-09-16,sh.600795,2.42,2.44,2.41,2.42,20792396,50424463.0
2011-09-19,sh.600795,2.41,2.41,2.38,2.38,24636996,58914248.0
2011-09-20,sh.600795,2.38,2.4,2.38,2.39,19069308,45560520.0
2011-09-21,sh.600795,2.4,2.44,2.38,2.44,53910897,130594021.0
2011-09-22,sh.600795,2.42,2.43,2.39,2.39,29807751,71756680.0
2011-09-23,sh.600795,2.37,2.4,2.36,2.39,31943118,76077780.0
2011-09-27,sh.600795,2.39,2.4,2.35,2.38,38005277,90227072.0
2011-09-28,sh.600795,2.39,2.41,2.33,2.34,40647875,96202717.0
2011-09-29,sh.600795,2.34,2.35,2.29,2.31,40989820,94898420.0
2011-09-30,sh.600795,2.31,2.32,2.27,2.27,46051240,105391413.0
2011-10-10,sh.600795,2.28,2.29,2.24,2.25,32744886,74260938.0
2011-10-11,sh.600795,2.29,2.3,2.24,2.26,39258916,89144963.0
2011-10-12,sh.600795,2.26,2.34,2.24,2.32,64488332,148167496.0
2011-10-13,sh.600795,2.31,2.38,2.3,2.34,60673853,141739296.0
2011-10-14,sh.600795,2.33,2.36,2.31,2.35,37893944,88202423.0
2011-10-17,sh.600795,2.34,2.38,2.32,2.34,46943578,110085567.0
2011-10-18,sh.600795,2.33,2.33,2.29,2.3,34887240,80449080.0
2011-10-19,sh.600795,2.3,2.32,2.28,2.3,23133029,53201955.0
2011-10-20,sh.600795,2.29,2.3,2.25,2.26,38581828,87531083.0
2011-10-21,sh.600795,2.26,2.29,2.26,2.29,26340934,60049152.0
2011-10-24,sh.600795,2.28,2.32,2.27,2.32,26562048,61049033.0
2011-10-25,sh.600795,2.31,2.37,2.3,2.35,60624758,141864894.0
2011-10-26,sh.600795,2.33,2.4,2.33,2.37,86936340,206292188.0
2011-10-27,sh.600795,2.38,2.52,2.36,2.46,164292371,404166914.0
2011-10-28,sh.600795,2.47,2.52,2.46,2.48,53223510,131826432.0
2011-10-31,sh.600795,2.47,2.58,2.45,2.54,92305293,231584264.0
2011-11-01,sh.600795,2.51,2.63,2.5,2.59,129175793,334462551.0
2011-11-02,sh.600795,2.56,2.66,2.54,2.64,98922152,256781245.0
2011-11-03,sh.600795,2.64,2.66,2.59,2.59,66982634,174837791.0
2011-11-04,sh.600795,2.6,2.63,2.57,2.58,46078149,119363511.0
2011-11-07,sh.600795,2.58,2.6,2.56,2.58,38650130,99462241.0
2011-11-08,sh.600795,2.59,2.67,2.57,2.64,84791175,223345865.0
2011-11-09,sh.600795,2.64,2.68,2.6,2.64,64043653,168823869.0
2011-11-10,sh.600795,2.62,2.65,2.58,2.61,51758768,135358184.0
2011-11-11,sh.600795,2.61,2.65,2.59,2.64,44417131,116693117.0
2011-11-14,sh.600795,2.68,2.71,2.67,2.7,65813781,177206603.0
2011-11-15,sh.600795,2.7,2.77,2.7,2.75,102812008,282308518.0
2011-11-17,sh.600795,2.67,2.75,2.65,2.71,94939766,257165908.0
2011-11-18,sh.600795,2.7,2.7,2.57,2.59,53270982,139734853.0
2011-11-21,sh.600795,2.59,2.63,2.56,2.62,53007202,137547319.0
2011-11-22,sh.600795,2.61,2.71,2.58,2.69,103548085,277271056.0
2011-11-23,sh.600795,2.7,2.77,2.68,2.72,97240598,266208889.0
2011-11-24,sh.600795,2.7,2.77,2.68,2.75,68534259,187638638.0
2011-11-25,sh.600795,2.75,2.8,2.66,2.69,76276835,208276513.0
2011-11-28,sh.600795,2.68,2.71,2.61,2.64,63931700,169130478.0
2011-11-29,sh.600795,2.66,2.69,2.63,2.67,42819259,113880043.0
2011-11-30,sh.600795,2.67,2.7,2.59,2.64,67034129,177254909.0
2011-12-01,sh.600795,2.7,2.73,2.58,2.6,137316248,361831343.0
2011-12-02,sh.600795,2.58,2.59,2.47,2.48,74797091,187440462.0
2011-12-05,sh.600795,2.49,2.5,2.4,2.46,56136765,138282911.0
2011-12-06,sh.600795,2.46,2.47,2.42,2.44,28408999,69585553.0
2011-12-07,sh.600795,2.43,2.48,2.42,2.46,30437354,74513050.0
2011-12-08,sh.600795,2.45,2.53,2.45,2.5,39064863,97682636.0
2011-12-09,sh.600795,2.49,2.55,2.48,2.53,29919896,75650083.0
2011-12-12,sh.600795,2.53,2.6,2.5,2.56,41024870,105018692.0
2011-12-13,sh.600795,2.55,2.59,2.54,2.56,53045543,135866075.0
2011-12-14,sh.600795,2.54,2.66,2.53,2.61,46760673,122029022.0
2011-12-15,sh.600795,2.59,2.66,2.58,2.63,81476387,214983574.0
2011-12-19,sh.600795,2.63,2.71,2.61,2.69,115995938,309966213.0
2011-12-20,sh.600795,2.69,2.75,2.68,2.7,64186698,174376875.0
2011-12-21,sh.600795,2.7,2.74,2.65,2.66,56090015,150400352.0
2011-12-22,sh.600795,2.65,2.69,2.64,2.67,57710586,153658824.0
2011-12-23,sh.600795,2.67,2.82,2.67,2.76,135743476,376757905.0
2011-12-26,sh.600795,2.75,2.82,2.74,2.78,85841958,239795208.0
2011-12-27,sh.600795,2.78,2.83,2.71,2.72,46086766,128071226.0
2011-12-28,sh.600795,2.7,2.77,2.69,2.72,33172572,90199835.0
2011-12-29,sh.600795,2.72,2.8,2.71,2.77,41116566,113748241.0
2011-12-30,sh.600795,2.78,2.82,2.77,2.79,56716968,158935836.0
2012-01-04,sh.600795,2.79,2.82,2.75,2.76,39596537,109995386.0
2012-01-05,sh.600795,2.77,2.77,2.65,2.67,40679144,110396400.0
2012-01-06,sh.600795,2.65,2.74,2.65,2.71,44801525,120824026.0
2012-01-09,sh.600795,2.71,2.79,2.69,2.78,45551180,124975512.0
2012-01-10,sh.600795,2.78,2.81,2.7,2.81,106269397,293470095.0
2012-01-11,sh.600795,2.79,2.79,2.73,2.76,78157251,215701454.0
2012-01-12,sh.600795,2.75,2.81,2.73,2.74,47035611,129727619.0
2012-01-13,sh.600795,2.75,2.75,2.67,2.73,47164671,127896480.0
2012-01-17,sh.600795,2.73,2.8,2.69,2.78,75366280,206885900.0
2012-01-18,sh.600795,2.77,2.86,2.76,2.78,90879376,255548181.0
2012-01-19,sh.600795,2.79,2.85,2.77,2.81,59978853,168931420.0
2012-01-20,sh.600795,2.82,2.83,2.79,2.8,40835443,114658753.0
2012-01-30,sh.600795,2.81,2.82,2.76,2.77,28416001,79022360.0
2012-01-31,sh.600795,2.78,2.79,2.75,2.77,36017299,99711696.0
2012-02-01,sh.600795,2.76,2.78,2.73,2.75,30488918,84080107.0
2012-02-02,sh.600795,2.75,2.76,2.69,2.75,73382797,199333599.0
2012-02-03,sh.600795,2.74,2.76,2.7,2.75,62064417,169516241.0
2012-02-06,sh.600795,2.74,2.76,2.73,2.73,39182256,107435869.0
2012-02-07,sh.600795,2.72,2.72,2.66,2.68,58689424,157545197.0
2012-02-08,sh.600795,2.67,2.74,2.66,2.73,37160654,100348497.0
2012-02-09,sh.600795,2.73,2.76,2.71,2.73,32602825,89022410.0
2012-02-10,sh.600795,2.72,2.73,2.68,2.7,47276261,127725900.0
2012-02-13,sh.600795,2.68,2.72,2.67,2.7,38691896,104199441.0
2012-02-14,sh.600795,2.69,2.71,2.65,2.67,65705605,175531370.0
2012-02-15,sh.600795,2.67,2.69,2.64,2.68,47754517,127365130.0
2012-02-16,sh.600795,2.68,2.73,2.65,2.71,102208656,274577023.0
2012-02-17,sh.600795,2.71,2.71,2.66,2.68,39502989,106094375.0
2012-02-20,sh.600795,2.71,2.71,2.68,2.68,21317133,57407132.0
2012-02-21,sh.600795,2.68,2.7,2.65,2.69,30956185,82719268.0
2012-02-22,sh.600795,2.69,2.7,2.66,2.7,53449053,143130470.0
2012-02-23,sh.600795,2.69,2.7,2.68,2.7,39124101,105154941.0
2012-02-24,sh.600795,2.7,2.71,2.67,2.71,67080843,180581123.0
2012-02-27,sh.600795,2.71,2.78,2.7,2.75,129947518,356677610.0
2012-02-28,sh.600795,2.75,2.77,2.72,2.76,60531912,166175222.0
2012-02-29,sh.600795,2.76,2.81,2.74,2.76,117502736,326893963.0
2012-03-01,sh.600795,2.76,2.8,2.75,2.79,60757853,169255713.0
2012-03-02,sh.600795,2.79,2.8,2.78,2.8,55810336,155560616.0
2012-03-05,sh.600795,2.8,2.8,2.73,2.75,66553305,183474209.0
2012-03-06,sh.600795,2.74,2.75,2.71,2.72,39318313,107139649.0
2012-03-07,sh.600795,2.7,2.74,2.69,2.71,32755743,89082776.0
2012-03-08,sh.600795,2.71,2.73,2.71,2.72,31795246,86454262.0
2012-03-09,sh.600795,2.72,2.75,2.71,2.75,56235479,153342599.0
2012-03-12,sh.600795,2.73,2.75,2.69,2.71,46970868,127636038.0
2012-03-13,sh.600795,2.71,2.74,2.69,2.71,66765279,180954273.0
2012-03-14,sh.600795,2.72,2.73,2.64,2.64,113674938,305679413.0
2012-03-15,sh.600795,2.64,2.65,2.54,2.57,105431210,273265751.0
2012-03-16,sh.600795,2.55,2.6,2.54,2.59,66865956,171831381.0
2012-03-19,sh.600795,2.58,2.61,2.55,2.59,65578859,169077871.0
2012-03-20,sh.600795,2.59,2.64,2.58,2.6,77846838,202534704.0
2012-03-21,sh.600795,2.61,2.61,2.56,2.59,24811603,64199325.0
2012-03-22,sh.600795,2.59,2.59,2.56,2.59,25437506,65562218.0
2012-03-23,sh.600795,2.58,2.58,2.54,2.55,32746347,83760756.0
2012-03-26,sh.600795,2.56,2.57,2.52,2.53,31085735,78983056.0
2012-03-27,sh.600795,2.54,2.54,2.52,2.53,21608157,54690054.0
2012-03-28,sh.600795,2.52,2.53,2.47,2.49,37657653,94131064.0
2012-03-29,sh.600795,2.49,2.54,2.48,2.53,38316361,96427524.0
2012-03-30,sh.600795,2.53,2.59,2.52,2.58,58032525,148656216.0
2012-04-05,sh.600795,2.57,2.58,2.54,2.57,56826227,145160967.0
2012-04-06,sh.600795,2.57,2.57,2.54,2.56,34988969,89334061.0
2012-04-09,sh.600795,2.56,2.61,2.54,2.56,52758887,135998035.0
2012-04-10,sh.600795,2.56,2.58,2.52,2.57,35662172,90798572.0
2012-04-11,sh.600795,2.55,2.6,2.54,2.58,39994473,102772972.0
2012-04-12,sh.600795,2.58,2.6,2.56,2.6,38186401,98443015.0
2012-04-13,sh.600795,2.59,2.61,2.58,2.59,37831718,97997642.0
2012-04-16,sh.600795,2.58,2.59,2.56,2.58,22722053,58613031.0
2012-04-17,sh.600795,2.58,2.58,2.54,2.55,25317666,64822093.0
2012-04-18,sh.600795,2.56,2.61,2.55,2.59,51374439,132548367.0
2012-04-20,sh.600795,2.58,2.61,2.57,2.61,66802707,173658831.0
2012-04-23,sh.600795,2.6,2.62,2.59,2.6,49780928,129702760.0
2012-04-24,sh.600795,2.59,2.62,2.54,2.57,69290876,178495660.0
2012-04-25,sh.600795,2.57,2.58,2.55,2.56,59743490,153131684.0
2012-04-26,sh.600795,2.57,2.57,2.55,2.56,36261802,92826570.0
2012-04-27,sh.600795,2.56,2.59,2.55,2.58,48081568,123477874.0
2012-05-02,sh.600795,2.58,2.6,2.57,2.6,80475146,208347206.0
2012-05-03,sh.600795,2.59,2.62,2.57,2.58,73367957,190445888.0
2012-05-04,sh.600795,2.59,2.6,2.57,2.57,46067510,119194819.0
2012-05-07,sh.600795,2.57,2.63,2.57,2.63,73786809,192527810.0
2012-05-08,sh.600795,2.62,2.65,2.61,2.64,69890222,184357267.0
2012-05-09,sh.600795,2.63,2.64,2.6,2.6,52962991,138647896.0
2012-05-10,sh.600795,2.6,2.63,2.6,2.61,26927260,70405631.0
2012-05-11,sh.600795,2.6,2.62,2.59,2.59,29030701,75587776.0
2012-05-14,sh.600795,2.6,2.61,2.57,2.58,31088427,80521207.0
2012-05-15,sh.600795,2.57,2.58,2.53,2.55,29893935,76293592.0
2012-05-16,sh.600795,2.55,2.57,2.53,2.53,25336774,64554343.0
2012-05-17,sh.600795,2.53,2.59,2.53,2.59,26810172,68651475.0
2012-05-18,sh.600795,2.57,2.6,2.55,2.59,36645281,94389470.0
2012-05-21,sh.600795,2.58,2.6,2.57,2.58,15008325,38743459.0
2012-05-22,sh.600795,2.58,2.59,2.57,2.58,11356894,29308830.0
2012-05-23,sh.600795,2.59,2.59,2.55,2.55,22130989,56681354.0
2012-05-24,sh.600795,2.55,2.56,2.53,2.53,24206848,61489364.0
2012-05-25,sh.600795,2.53,2.54,2.51,2.53,20444407,51729398.0
2012-05-28,sh.600795,2.51,2.54,2.5,2.54,38104824,95946418.0
2012-05-29,sh.600795,2.54,2.56,2.53,2.55,29333912,74676588.0
2012-05-30,sh.600795,2.55,2.55,2.53,2.54,21626057,54939697.0
2012-05-31,sh.600795,2.53,2.54,2.51,2.52,27244735,68681166.0
2012-06-01,sh.600795,2.52,2.55,2.51,2.54,39159291,98872140.0
2012-06-04,sh.600795,2.52,2.52,2.48,2.5,33424604,83616850.0
2012-06-05,sh.600795,2.48,2.62,2.48,2.55,76515558,195749055.0
2012-06-06,sh.600795,2.56,2.61,2.56,2.59,59615181,154390820.0
2012-06-07,sh.600795,2.6,2.62,2.59,2.61,45511681,118575101.0
2012-06-08,sh.600795,2.61,2.66,2.6,2.64,85617023,226059900.0
2012-06-11,sh.600795,2.64,2.66,2.63,2.64,61106834,161912455.0
2012-06-12,sh.600795,2.55,2.57,2.52,2.56,35460297,90389535.0
2012-06-13,sh.600795,2.55,2.67,2.55,2.66,163285053,430482862.0
2012-06-14,sh.600795,2.66,2.81,2.65,2.73,221357502,612044376.0
2012-06-15,sh.600795,2.75,2.78,2.71,2.74,77872490,213948279.0
2012-06-18,sh.600795,2.73,2.77,2.71,2.74,79590391,218098289.0
2012-06-19,sh.600795,2.74,2.76,2.72,2.74,67071595,184046530.0
2012-06-20,sh.600795,2.74,2.76,2.71,2.72,66039315,180328081.0
2012-06-21,sh.600795,2.71,2.74,2.69,2.71,36025816,97808534.0
2012-06-25,sh.600795,2.7,2.74,2.69,2.71,37046206,100896417.0
2012-06-26,sh.600795,2.7,2.71,2.67,2.69,38595719,103723741.0
2012-06-27,sh.600795,2.68,2.73,2.66,2.72,42591084,114648647.0
2012-06-28,sh.600795,2.72,2.73,2.68,2.7,28726121,77424769.0
2012-06-29,sh.600795,2.69,2.72,2.68,2.7,29103361,78793816.0
2012-07-02,sh.600795,2.7,2.7,2.66,2.68,47819454,127975856.0
2012-07-03,sh.600795,2.68,2.69,2.63,2.64,29296864,77818391.0
2012-07-04,sh.600795,2.64,2.64,2.58,2.62,37781474,98525595.0
2012-07-05,sh.600795,2.6,2.62,2.59,2.62,16028790,41834037.0
2012-07-06,sh.600795,2.62,2.66,2.62,2.65,28322690,74800870.0
2012-07-09,sh.600795,2.65,2.77,2.63,2.71,112169024,303684753.0
2012-07-10,sh.600795,2.7,2.76,2.7,2.74,126400533,345332992.0
2012-07-11,sh.600795,2.76,2.81,2.73,2.74,115070611,318166287.0
2012-07-12,sh.600795,2.74,2.75,2.68,2.68,53559610,144835727.0
2012-07-13,sh.600795,2.68,2.71,2.65,2.68,30718817,82314439.0
2012-07-16,sh.600795,2.68,2.73,2.66,2.7,32906278,88711665.0
2012-07-17,sh.600795,2.7,2.71,2.65,2.65,28385928,75668748.0
2012-07-18,sh.600795,2.71,2.81,2.71,2.75,113995131,314741784.0
2012-07-19,sh.600795,2.75,2.76,2.71,2.74,36925846,101097503.0
2012-07-20,sh.600795,2.74,2.75,2.72,2.75,26477372,72466634.0
2012-07-23,sh.600795,2.73,2.76,2.72,2.75,25829896,70928088.0
2012-07-24,sh.600795,2.75,2.76,2.72,2.74,23504810,64459593.0
2012-07-25,sh.600795,2.72,2.75,2.71,2.71,10638304,29046300.0
2012-07-26,sh.600795,2.71,2.73,2.65,2.67,31930026,85916275.0
2012-07-27,sh.600795,2.67,2.69,2.64,2.64,30105257,80030696.0
2012-07-30,sh.600795,2.64,2.66,2.6,2.63,19717913,51727068.0
2012-07-31,sh.600795,2.64,2.64,2.6,2.62,17242138,45206730.0
2012-08-01,sh.600795,2.62,2.7,2.62,2.68,31323326,84040703.0
2012-08-02,sh.600795,2.68,2.7,2.67,2.68,11522923,30933803.0
2012-08-03,sh.600795,2.68,2.71,2.67,2.69,22700407,61202729.0
2012-08-06,sh.600795,2.69,2.7,2.64,2.67,27158383,72345450.0
2012-08-07,sh.600795,2.66,2.67,2.63,2.64,40589721,107011664.0
2012-08-08,sh.600795,2.64,2.66,2.62,2.64,26422731,69633834.0
2012-08-09,sh.600795,2.63,2.65,2.62,2.64,19619833,51726310.0
2012-08-10,sh.600795,2.65,2.69,2.64,2.67,32290320,86203146.0
2012-08-13,sh.600795,2.67,2.68,2.64,2.65,29620159,78773800.0
2012-08-14,sh.600795,2.66,2.66,2.6,2.64,27190743,71505806.0
2012-08-15,sh.600795,2.63,2.65,2.61,2.63,24737851,65016082.0
2012-08-16,sh.600795,2.63,2.64,2.62,2.62,12110844,31845493.0
2012-08-17,sh.600795,2.62,2.65,2.61,2.62,20676673,54340558.0
2012-08-20,sh.600795,2.62,2.63,2.61,2.62,12772621,33393100.0
2012-08-21,sh.600795,2.62,2.66,2.61,2.64,19337093,51127924.0
2012-08-22,sh.600795,2.64,2.65,2.62,2.63,15673814,41237718.0
2012-08-23,sh.600795,2.63,2.65,2.61,2.64,19422853,51148616.0
2012-08-24,sh.600795,2.63,2.64,2.61,2.62,13687747,35826697.0
2012-08-27,sh.600795,2.62,2.63,2.6,2.62,27822631,72829908.0
2012-08-28,sh.600795,2.61,2.63,2.56,2.59,27604526,71586399.0
2012-08-29,sh.600795,2.58,2.59,2.53,2.54,31065400,79092941.0
2012-08-30,sh.600795,2.51,2.57,2.51,2.54,16807246,42767046.0
2012-08-31,sh.600795,2.53,2.55,2.51,2.54,10710345,27060828.0
2012-09-03,sh.600795,2.53,2.54,2.51,2.51,22962780,57760951.0
2012-09-04,sh.600795,2.51,2.52,2.45,2.47,30498594,75714034.0
2012-09-05,sh.600795,2.47,2.56,2.44,2.53,44395783,111594783.0
2012-09-06,sh.600795,2.53,2.54,2.49,2.52,18236581,45660877.0
2012-09-07,sh.600795,2.52,2.59,2.51,2.57,64979219,166057416.0
2012-09-10,sh.600795,2.56,2.57,2.52,2.54,40891900,103541550.0
2012-09-11,sh.600795,2.54,2.54,2.49,2.53,20657987,51811451.0
2012-09-12,sh.600795,2.53,2.53,2.49,2.51,28814675,72189798.0
2012-09-13,sh.600795,2.5,2.51,2.47,2.49,30365963,75635449.0
2012-09-14,sh.600795,2.5,2.5,2.46,2.49,30831895,76472003.0
2012-09-17,sh.600795,2.49,2.49,2.45,2.46,19854942,49073795.0
2012-09-18,sh.600795,2.47,2.47,2.43,2.43,18251038,44617884.0
2012-09-19,sh.600795,2.43,2.44,2.4,2.42,22619733,54724706.0
2012-09-20,sh.600795,2.41,2.42,2.34,2.35,29296328,69765346.0
2012-09-21,sh.600795,2.35,2.41,2.34,2.37,29139937,69066195.0
2012-09-24,sh.600795,2.36,2.36,2.33,2.36,14588821,34203270.0
2012-09-25,sh.600795,2.36,2.36,2.33,2.35,17922415,41996550.0
2012-09-26,sh.600795,2.35,2.35,2.31,2.33,19463772,45404353.0
2012-09-27,sh.600795,2.33,2.38,2.31,2.36,26613019,62342218.0
2012-09-28,sh.600795,2.35,2.4,2.34,2.4,39405029,93755675.0
2012-10-08,sh.600795,2.39,2.41,2.37,2.38,18289016,43705621.0
2012-10-09,sh.600795,2.4,2.44,2.39,2.42,26469030,64076684.0
2012-10-10,sh.600795,2.42,2.43,2.41,2.42,18769200,45407633.0
2012-10-11,sh.600795,2.42,2.43,2.4,2.41,16977654,40850338.0
2012-10-12,sh.600795,2.41,2.43,2.38,2.39,18090333,43481589.0
2012-10-15,sh.600795,2.4,2.4,2.37,2.38,11557947,27540051.0
2012-10-17,sh.600795,2.41,2.41,2.31,2.38,58072886,136985192.0
2012-10-18,sh.600795,2.38,2.44,2.36,2.42,38570886,92744787.0
2012-10-19,sh.600795,2.42,2.43,2.38,2.42,36339984,87391477.0
2012-10-22,sh.600795,2.42,2.47,2.4,2.45,37315769,91003130.0
2012-10-23,sh.600795,2.45,2.46,2.43,2.45,20276628,49521192.0
2012-10-24,sh.600795,2.44,2.5,2.43,2.47,33457482,82661068.0
2012-10-25,sh.600795,2.48,2.51,2.46,2.47,34429162,85542304.0
2012-10-26,sh.600795,2.47,2.47,2.4,2.41,24023354,58239309.0
2012-10-29,sh.600795,2.4,2.42,2.35,2.37,30580916,72557331.0
2012-10-30,sh.600795,2.37,2.43,2.34,2.42,34152608,81375584.0
2012-10-31,sh.600795,2.42,2.43,2.39,2.43,18827901,45381318.0
2012-11-01,sh.600795,2.42,2.45,2.41,2.44,30048981,73202661.0
2012-11-02,sh.600795,2.44,2.46,2.42,2.45,17916501,43755745.0
2012-11-05,sh.600795,2.44,2.49,2.44,2.45,28809801,71072186.0
2012-11-06,sh.600795,2.46,2.48,2.44,2.46,19560469,48069171.0
2012-11-07,sh.600795,2.45,2.47,2.42,2.44,42813890,104639338.0
2012-11-08,sh.600795,2.44,2.46,2.42,2.44,16215080,39504276.0
2012-11-09,sh.600795,2.42,2.43,2.38,2.4,22546867,54149627.0
2012-11-12,sh.600795,2.4,2.41,2.36,2.37,39435666,93813424.0
2012-11-13,sh.600795,2.37,2.38,2.33,2.34,28708502,67383811.0
2012-11-14,sh.600795,2.34,2.36,2.34,2.35,31740163,74639063.0
2012-11-15,sh.600795,2.35,2.35,2.32,2.33,27322068,63681724.0
2012-11-16,sh.600795,2.33,2.33,2.31,2.32,21617615,50112600.0
2012-11-19,sh.600795,2.32,2.35,2.31,2.35,29193388,67833393.0
2012-11-20,sh.600795,2.35,2.35,2.32,2.34,11658582,27212378.0
2012-11-21,sh.600795,2.33,2.36,2.32,2.35,14490469,33888675.0
2012-11-22,sh.600795,2.35,2.35,2.31,2.32,22878095,53183685.0
2012-11-23,sh.600795,2.32,2.33,2.31,2.32,25409156,58932882.0
2012-11-26,sh.600795,2.31,2.32,2.31,2.31,13470736,31168907.0
2012-11-27,sh.600795,2.32,2.34,2.3,2.32,32227273,74842080.0
2012-11-28,sh.600795,2.32,2.32,2.26,2.29,35700162,81332378.0
2012-11-29,sh.600795,2.28,2.3,2.27,2.28,32824579,75123972.0
2012-11-30,sh.600795,2.29,2.33,2.28,2.32,41642089,96045645.0
2012-12-03,sh.600795,2.31,2.32,2.27,2.29,46605656,106900645.0
2012-12-04,sh.600795,2.29,2.29,2.24,2.29,43474218,98541436.0
2012-12-05,sh.600795,2.29,2.4,2.26,2.36,126446598,293540945.0
2012-12-06,sh.600795,2.35,2.35,2.31,2.32,64856460,150966250.0
2012-12-07,sh.600795,2.32,2.37,2.31,2.35,104231250,243583164.0
2012-12-10,sh.600795,2.35,2.37,2.33,2.36,86286787,202801819.0
2012-12-11,sh.600795,2.36,2.36,2.32,2.35,48684242,113907463.0
2012-12-12,sh.600795,2.34,2.35,2.32,2.34,38665826,90269598.0
2012-12-13,sh.600795,2.34,2.36,2.32,2.34,53398794,124889813.0
2012-12-14,sh.600795,2.35,2.42,2.33,2.42,142243625,339368065.0
2012-12-17,sh.600795,2.45,2.48,2.43,2.44,121883474,299023842.0
2012-12-18,sh.600795,2.44,2.46,2.4,2.44,80650414,195752494.0
2012-12-19,sh.600795,2.44,2.45,2.41,2.43,44278477,107442979.0
2012-12-20,sh.600795,2.43,2.43,2.4,2.43,41571374,100523184.0
2012-12-21,sh.600795,2.43,2.44,2.4,2.43,51976142,125752375.0
2012-12-24,sh.600795,2.43,2.48,2.41,2.46,61678277,151093754.0
2012-12-25,sh.600795,2.46,2.51,2.44,2.5,96923734,240722576.0
2012-12-26,sh.600795,2.49,2.54,2.48,2.53,79165438,198833802.0
2012-12-27,sh.600795,2.53,2.55,2.51,2.52,52025539,132007339.0
2012-12-28,sh.600795,2.52,2.58,2.51,2.56,60066278,153387809.0
2012-12-31,sh.600795,2.56,2.65,2.55,2.63,80236471,210525820.0
2013-01-04,sh.600795,2.64,2.66,2.58,2.61,52243806,136161489.0
2013-01-07,sh.600795,2.61,2.62,2.58,2.59,35531586,92098423.0
2013-01-08,sh.600795,2.59,2.63,2.57,2.58,40654376,105208666.0
2013-01-09,sh.600795,2.58,2.6,2.56,2.57,36956338,95297762.0
2013-01-10,sh.600795,2.56,2.58,2.53,2.57,88169729,224663441.0
2013-01-11,sh.600795,2.57,2.57,2.51,2.53,51613009,131067818.0
2013-01-14,sh.600795,2.53,2.63,2.52,2.62,104790428,271474483.0
2013-01-15,sh.600795,2.63,2.67,2.63,2.63,79698668,210621279.0
2013-01-16,sh.600795,2.63,2.65,2.59,2.62,50049924,131157191.0
2013-01-17,sh.600795,2.62,2.75,2.62,2.68,129818526,349971541.0
2013-01-18,sh.600795,2.7,2.89,2.7,2.81,239054018,673393607.0
2013-01-21,sh.600795,2.81,2.85,2.78,2.82,116314802,326874426.0
2013-01-22,sh.600795,2.87,2.92,2.77,2.79,120649997,340669343.0
2013-01-23,sh.600795,2.79,2.79,2.74,2.76,54708234,150992445.0
2013-01-24,sh.600795,2.77,2.82,2.74,2.75,64403050,178650805.0
2013-01-25,sh.600795,2.76,2.81,2.75,2.75,46911349,129934625.0
2013-01-28,sh.600795,2.77,2.78,2.74,2.76,100085122,275523131.0
2013-01-29,sh.600795,2.77,2.78,2.7,2.73,124859078,340170274.0
2013-01-30,sh.600795,2.73,2.74,2.69,2.71,92987577,251416262.0
2013-01-31,sh.600795,2.72,2.8,2.69,2.8,137950659,380262358.0
2013-02-01,sh.600795,2.78,2.82,2.76,2.79,73290879,204493031.0
2013-02-04,sh.600795,2.76,2.83,2.76,2.79,65613832,183027597.0
2013-02-05,sh.600795,2.79,2.82,2.78,2.8,71771660,200798592.0
2013-02-06,sh.600795,2.8,2.81,2.76,2.79,59730310,166072144.0
2013-02-07,sh.600795,2.78,2.8,2.76,2.78,61457163,170902879.0
2013-02-08,sh.600795,2.78,2.82,2.78,2.8,48613245,136330865.0
2013-02-18,sh.600795,2.8,2.81,2.76,2.79,46814371,130148717.0
2013-02-19,sh.600795,2.79,2.79,2.7,2.73,78610706,215508360.0
2013-02-20,sh.600795,2.71,2.79,2.71,2.75,76589079,210592377.0
2013-02-21,sh.600795,2.73,2.74,2.66,2.67,72788289,196682668.0
2013-02-22,sh.600795,2.67,2.69,2.64,2.65,43922262,116801815.0
2013-02-25,sh.600795,2.65,2.73,2.65,2.72,61260080,165004659.0
2013-02-26,sh.600795,2.71,2.74,2.68,2.69,61251267,165837927.0
2013-02-27,sh.600795,2.69,2.72,2.67,2.68,26420268,71210806.0
2013-02-28,sh.600795,2.7,2.76,2.68,2.75,56110795,152693635.0
2013-03-01,sh.600795,2.75,2.78,2.72,2.77,44125979,121632629.0
2013-03-04,sh.600795,2.76,2.85,2.76,2.78,137855546,387386983.0
2013-03-05,sh.600795,2.78,2.85,2.78,2.82,79339341,224074247.0
2013-03-06,sh.600795,2.84,2.99,2.84,2.96,173811745,508763508.0
2013-03-07,sh.600795,2.94,3.03,2.93,2.99,207915978,623024982.0
2013-03-08,sh.600795,2.99,3.03,2.92,2.94,87486096,260563662.0
2013-03-11,sh.600795,2.95,2.95,2.89,2.92,82600543,240371261.0
2013-03-12,sh.600795,2.91,3.05,2.89,2.99,162596820,486179472.0
2013-03-13,sh.600795,3.0,3.02,2.92,2.95,70931837,210007408.0
2013-03-14,sh.600795,2.93,2.98,2.93,2.95,31550039,93030600.0
2013-03-15,sh.600795,2.95,2.96,2.86,2.89,57998569,169096597.0
2013-03-18,sh.600795,2.88,2.94,2.87,2.9,44334739,128962616.0
2013-03-19,sh.600795,2.92,3.0,2.91,2.99,86916286,258827184.0
2013-03-20,sh.600795,3.0,3.01,2.96,2.98,85668790,255662752.0
2013-03-21,sh.600795,2.98,3.01,2.97,2.99,47430660,141982992.0
2013-03-22,sh.600795,3.0,3.04,2.98,3.01,57255238,172887600.0
2013-03-25,sh.600795,3.02,3.04,2.98,2.99,54699944,164559328.0
2013-03-26,sh.600795,2.99,3.0,2.85,2.93,88115868,256697232.0
2013-03-27,sh.600795,2.92,2.96,2.92,2.95,32121818,94495568.0
2013-03-28,sh.600795,2.93,2.96,2.9,2.92,52785775,154600752.0
2013-03-29,sh.600795,2.94,3.02,2.92,2.97,55762892,166424080.0
2013-04-01,sh.600795,2.96,2.97,2.93,2.95,38667027,114200408.0
2013-04-02,sh.600795,2.95,2.97,2.91,2.94,39406084,115667024.0
2013-04-03,sh.600795,2.94,2.97,2.93,2.96,34283700,101107144.0
2013-04-08,sh.600795,2.92,2.98,2.91,2.96,44330078,130634848.0
2013-04-09,sh.600795,2.97,3.0,2.95,2.97,40413705,120169040.0
2013-04-10,sh.600795,2.97,2.98,2.93,2.94,20514979,60498180.0
2013-04-11,sh.600795,2.96,2.97,2.93,2.96,35953371,106039464.0
2013-04-12,sh.600795,2.98,2.99,2.89,2.91,80081849,234867296.0
2013-04-15,sh.600795,2.89,2.92,2.77,2.83,81606252,231316976.0
2013-04-16,sh.600795,2.82,2.84,2.76,2.84,86049405,240380272.0
2013-04-17,sh.600795,2.83,2.84,2.73,2.78,101696935,281570848.0
2013-04-18,sh.600795,2.74,2.81,2.7,2.78,61750576,171541040.0
2013-04-19,sh.600795,2.78,2.83,2.77,2.82,47032804,131966656.0
2013-04-22,sh.600795,2.8,2.83,2.78,2.8,37458461,104953120.0
2013-04-23,sh.600795,2.8,2.81,2.74,2.76,46770784,130106552.0
2013-04-24,sh.600795,2.77,2.81,2.75,2.79,36160529,100727792.0
2013-04-25,sh.600795,2.79,2.81,2.77,2.8,37201219,103860792.0
2013-04-26,sh.600795,2.81,2.84,2.78,2.81,51309572,144375872.0
2013-05-02,sh.600795,2.79,2.88,2.78,2.87,47075127,133868320.0
2013-05-03,sh.600795,2.88,2.94,2.87,2.92,51346878,149555168.0
2013-05-06,sh.600795,2.92,2.95,2.89,2.91,32012969,93197792.0
2013-05-07,sh.600795,2.89,2.94,2.89,2.94,49111562,143608576.0
2013-05-08,sh.600795,2.95,2.95,2.91,2.92,37681350,110461032.0
2013-05-09,sh.600795,2.92,2.94,2.89,2.9,37154815,108291696.0
2013-05-10,sh.600795,2.89,2.93,2.87,2.9,39802914,115475096.0
2013-05-13,sh.600795,2.92,2.92,2.82,2.85,63470288,181661504.0
2013-05-14,sh.600795,2.85,2.86,2.8,2.81,38952427,110040680.0
2013-05-15,sh.600795,2.81,2.84,2.81,2.84,18210493,51563312.0
2013-05-16,sh.600795,2.83,2.88,2.83,2.87,28545192,81525488.0
2013-05-17,sh.600795,2.88,2.99,2.87,2.96,78704995,231994192.0
2013-05-20,sh.600795,2.97,2.97,2.93,2.95,66553395,196266672.0
2013-05-21,sh.600795,2.94,2.96,2.92,2.95,49196306,144524016.0
2013-05-22,sh.600795,2.94,2.95,2.8,2.84,190214318,542171584.0
2013-05-23,sh.600795,2.7,2.7,2.63,2.67,138416192,368902016.0
2013-05-24,sh.600795,2.68,2.69,2.63,2.67,74495610,198018736.0
2013-05-27,sh.600795,2.66,2.66,2.63,2.65,45905357,121446064.0
2013-05-28,sh.600795,2.65,2.69,2.64,2.69,39509889,105407552.0
2013-05-29,sh.600795,2.7,2.74,2.68,2.72,53698084,146010992.0
2013-05-30,sh.600795,2.72,2.73,2.69,2.71,44562314,120893800.0
2013-05-31,sh.600795,2.72,2.73,2.65,2.66,52898009,141941600.0
2013-06-03,sh.600795,2.67,2.7,2.66,2.68,33607933,90254120.0
2013-06-04,sh.600795,2.69,2.69,2.65,2.66,37336507,99529728.0
2013-06-05,sh.600795,2.66,2.69,2.64,2.67,45888456,122422800.0
2013-06-06,sh.600795,2.66,2.67,2.64,2.64,23502732,62370584.0
2013-06-07,sh.600795,2.65,2.66,2.58,2.6,32178050,84114744.0
2013-06-13,sh.600795,2.58,2.58,2.43,2.48,88114313,217817152.0
2013-06-14,sh.600795,2.48,2.48,2.43,2.45,74166943,181320896.0
2013-06-17,sh.600795,2.45,2.46,2.39,2.41,78961091,190376608.0
2013-06-18,sh.600795,2.41,2.42,2.38,2.41,50312969,120741008.0
2013-06-19,sh.600795,2.4,2.4,2.33,2.35,65136603,153382160.0
2013-06-20,sh.600795,2.34,2.34,2.3,2.3,46989917,108627040.0
2013-06-21,sh.600795,2.29,2.36,2.26,2.35,48245200,111326352.0
2013-06-24,sh.600795,2.35,2.35,2.21,2.23,81737100,185502688.0
2013-06-25,sh.600795,2.22,2.29,2.15,2.28,116404275,258510992.0
2013-06-26,sh.600795,2.28,2.29,2.23,2.26,58969193,132892224.0
2013-06-27,sh.600795,2.26,2.32,2.25,2.26,86676958,198063488.0
2013-06-28,sh.600795,2.26,2.32,2.25,2.28,58852012,135007440.0
2013-07-01,sh.600795,2.3,2.35,2.27,2.35,69184794,160724976.0
2013-07-02,sh.600795,2.35,2.35,2.32,2.33,45278626,105445264.0
2013-07-03,sh.600795,2.32,2.33,2.21,2.25,140126885,313705344.0
2013-07-04,sh.600795,2.24,2.29,2.21,2.26,72853221,164372304.0
2013-07-05,sh.600795,2.27,2.28,2.25,2.26,45836679,103841664.0
2013-07-08,sh.600795,2.24,2.24,2.2,2.2,58235590,128832088.0
2013-07-09,sh.600795,2.21,2.26,2.21,2.24,40628514,90788952.0
2013-07-10,sh.600795,2.24,2.3,2.23,2.29,57943816,132049280.0
2013-07-11,sh.600795,2.3,2.41,2.3,2.37,109228806,258454864.0
2013-07-12,sh.600795,2.39,2.43,2.32,2.34,96161006,228394640.0
2013-07-15,sh.600795,2.36,2.38,2.31,2.36,57829570,135915472.0
2013-07-16,sh.600795,2.36,2.36,2.32,2.34,58162461,135841680.0
2013-07-17,sh.600795,2.34,2.35,2.3,2.32,46470377,108270576.0
2013-07-18,sh.600795,2.31,2.33,2.27,2.28,61669187,141404096.0
2013-07-19,sh.600795,2.29,2.31,2.26,2.26,40697738,93069256.0
2013-07-22,sh.600795,2.25,2.3,2.24,2.28,33061227,75187872.0
2013-07-23,sh.600795,2.28,2.33,2.27,2.32,48162717,111159440.0
2013-07-24,sh.600795,2.31,2.32,2.26,2.31,57319087,131275224.0
2013-07-25,sh.600795,2.32,2.32,2.28,2.28,32307071,74137264.0
2013-07-26,sh.600795,2.27,2.3,2.26,2.29,26878194,61284588.0
2013-07-29,sh.600795,2.28,2.29,2.23,2.24,44564348,100359160.0
2013-07-30,sh.600795,2.25,2.29,2.24,2.26,40548311,91803072.0
2013-07-31,sh.600795,2.27,2.29,2.24,2.26,26186632,59250496.0
2013-08-01,sh.600795,2.26,2.3,2.26,2.3,52776298,120577784.0
2013-08-02,sh.600795,2.31,2.31,2.26,2.28,66484879,151603808.0
2013-08-05,sh.600795,2.28,2.3,2.26,2.3,61410789,139814752.0
2013-08-06,sh.600795,2.29,2.38,2.27,2.36,115482820,267534224.0
2013-08-07,sh.600795,2.34,2.35,2.31,2.32,79552188,185652352.0
2013-08-08,sh.600795,2.32,2.33,2.3,2.31,45432617,105158584.0
2013-08-09,sh.600795,2.32,2.33,2.28,2.31,48044531,110786784.0
2013-08-12,sh.600795,2.32,2.36,2.3,2.35,70132661,163713232.0
2013-08-13,sh.600795,2.35,2.37,2.34,2.35,64112487,151123568.0
2013-08-14,sh.600795,2.35,2.37,2.33,2.34,66986155,157427488.0
2013-08-15,sh.600795,2.34,2.36,2.33,2.34,44346738,103997072.0
2013-08-16,sh.600795,2.33,2.57,2.31,2.34,142756311,338597888.0
2013-08-19,sh.600795,2.33,2.34,2.31,2.33,50233444,116743448.0
2013-08-20,sh.600795,2.33,2.34,2.3,2.31,64794660,150313488.0
2013-08-21,sh.600795,2.31,2.32,2.28,2.29,51176468,117315336.0
2013-08-22,sh.600795,2.29,2.3,2.26,2.27,49849906,113568584.0
2013-08-23,sh.600795,2.28,2.29,2.24,2.27,57262489,129658608.0
2013-08-26,sh.600795,2.27,2.3,2.26,2.3,47071124,107565816.0
2013-08-27,sh.600795,2.29,2.32,2.28,2.31,58187604,133444480.0
2013-08-28,sh.600795,2.3,2.3,2.28,2.29,49362412,113083440.0
2013-08-29,sh.600795,2.29,2.33,2.28,2.32,52786029,121558264.0
2013-08-30,sh.600795,2.32,2.36,2.28,2.34,107275310,249274448.0
2013-09-02,sh.600795,2.34,2.36,2.31,2.33,58738164,136507504.0
2013-09-03,sh.600795,2.34,2.36,2.33,2.35,61927199,145384448.0
2013-09-04,sh.600795,2.35,2.36,2.33,2.35,43436474,101906848.0
2013-09-05,sh.600795,2.35,2.35,2.31,2.32,51113120,118961624.0
2013-09-06,sh.600795,2.32,2.33,2.31,2.32,51957435,120501144.0
2013-09-09,sh.600795,2.32,2.39,2.32,2.38,130402487,308120832.0
2013-09-10,sh.600795,2.4,2.49,2.4,2.46,175979116,431315296.0
2013-09-11,sh.600795,2.45,2.53,2.42,2.47,202982942,501720960.0
2013-09-12,sh.600795,2.46,2.49,2.43,2.47,115320620,283566640.0
2013-09-13,sh.600795,2.46,2.47,2.41,2.42,78300747,190956490.0
2013-09-16,sh.600795,2.43,2.45,2.42,2.43,74330315,181169230.0
2013-09-17,sh.600795,2.43,2.44,2.37,2.38,70383726,169320020.0
2013-09-18,sh.600795,2.38,2.4,2.37,2.39,54597123,130404285.0
2013-09-23,sh.600795,2.39,2.41,2.39,2.41,45684529,109722595.0
2013-09-24,sh.600795,2.41,2.41,2.37,2.38,42726029,101684113.0
2013-09-25,sh.600795,2.37,2.38,2.33,2.34,68833572,162108599.0
2013-09-26,sh.600795,2.34,2.35,2.28,2.3,76763114,176701454.0
2013-09-27,sh.600795,2.29,2.31,2.29,2.3,35123535,80638928.0
2013-09-30,sh.600795,2.31,2.33,2.3,2.32,26326939,61000865.0
2013-10-08,sh.600795,2.32,2.34,2.31,2.34,47528217,110334744.0
2013-10-09,sh.600795,2.33,2.34,2.31,2.33,49046941,113967576.0
2013-10-10,sh.600795,2.32,2.33,2.29,2.3,55338439,127679444.0
2013-10-11,sh.600795,2.32,2.33,2.31,2.33,50616717,117457549.0
2013-10-14,sh.600795,2.33,2.37,2.32,2.36,69394787,163161366.0
2013-10-15,sh.600795,2.36,2.41,2.34,2.4,121422809,290242368.0
2013-10-16,sh.600795,2.39,2.41,2.37,2.39,97158308,232254998.0
2013-10-17,sh.600795,2.39,2.41,2.35,2.36,56170357,133697118.0
2013-10-18,sh.600795,2.36,2.37,2.34,2.36,48006992,112951243.0
2013-10-21,sh.600795,2.38,2.4,2.34,2.4,98954686,234746650.0
2013-10-22,sh.600795,2.4,2.41,2.38,2.39,75922898,181685929.0
2013-10-23,sh.600795,2.39,2.46,2.39,2.42,124199321,301624240.0
2013-10-24,sh.600795,2.42,2.42,2.38,2.4,59242942,141798031.0
2013-10-25,sh.600795,2.4,2.41,2.34,2.36,47900026,113903121.0
2013-10-28,sh.600795,2.36,2.42,2.35,2.4,97603622,232940859.0
2013-10-29,sh.600795,2.41,2.49,2.4,2.49,260725585,640922096.0
2013-10-30,sh.600795,2.5,2.74,2.49,2.62,465256080,1221410864.0
2013-10-31,sh.600795,2.58,2.65,2.52,2.61,194041515,499833504.0
2013-11-01,sh.600795,2.6,2.63,2.56,2.57,121789623,317196336.0
2013-11-04,sh.600795,2.57,2.66,2.57,2.62,99274307,259774014.0
2013-11-05,sh.600795,2.6,2.61,2.52,2.56,130340439,332503776.0
2013-11-06,sh.600795,2.54,2.59,2.5,2.51,98487653,250401684.0
2013-11-07,sh.600795,2.5,2.54,2.49,2.52,66644063,167715421.0
2013-11-08,sh.600795,2.5,2.55,2.48,2.5,70400494,177209307.0
2013-11-11,sh.600795,2.5,2.52,2.48,2.51,40557576,101500674.0
2013-11-12,sh.600795,2.5,2.52,2.48,2.49,73161225,182629191.0
2013-11-13,sh.600795,2.5,2.5,2.39,2.4,118455166,288526416.0
2013-11-14,sh.600795,2.4,2.41,2.38,2.39,65207105,156111351.0
2013-11-15,sh.600795,2.39,2.48,2.38,2.44,102097268,248379128.0
2013-11-18,sh.600795,2.45,2.49,2.42,2.48,112830176,276374240.0
2013-11-19,sh.600795,2.47,2.54,2.46,2.51,114716289,286825264.0
2013-11-20,sh.600795,2.51,2.52,2.47,2.5,58687200,146036563.0
2013-11-21,sh.600795,2.5,2.5,2.46,2.5,57994589,143904512.0
2013-11-22,sh.600795,2.51,2.51,2.48,2.5,58692335,146590468.0
2013-11-25,sh.600795,2.51,2.51,2.48,2.49,41896815,104631166.0
2013-11-26,sh.600795,2.5,2.5,2.47,2.48,32741761,81197910.0
2013-11-27,sh.600795,2.48,2.5,2.46,2.49,34956077,86648305.0
2013-11-28,sh.600795,2.49,2.52,2.47,2.5,66781900,167031984.0
2013-11-29,sh.600795,2.51,2.51,2.49,2.5,35255923,88075664.0
2013-12-02,sh.600795,2.52,2.65,2.51,2.58,212398447,548516880.0
2013-12-03,sh.600795,2.57,2.6,2.55,2.59,96232476,247923814.0
2013-12-04,sh.600795,2.58,2.65,2.57,2.63,134215027,351848672.0
2013-12-05,sh.600795,2.63,2.63,2.58,2.59,58982256,153582693.0
2013-12-06,sh.600795,2.59,2.59,2.54,2.56,76455832,195601936.0
2013-12-09,sh.600795,2.56,2.59,2.56,2.58,37660847,97117800.0
2013-12-10,sh.600795,2.59,2.59,2.55,2.56,39560606,101384532.0
2013-12-11,sh.600795,2.55,2.56,2.49,2.49,69750416,175231004.0
2013-12-12,sh.600795,2.49,2.52,2.49,2.52,32848071,82383188.0
2013-12-13,sh.600795,2.5,2.51,2.49,2.49,28959840,72370354.0
2013-12-16,sh.600795,2.51,2.51,2.43,2.45,57118576,140803948.0
2013-12-17,sh.600795,2.45,2.46,2.42,2.44,59017209,143526758.0
2013-12-18,sh.600795,2.44,2.45,2.42,2.43,35135006,85327857.0
2013-12-19,sh.600795,2.44,2.44,2.38,2.4,57689744,138743566.0
2013-12-20,sh.600795,2.4,2.4,2.3,2.33,91720497,215992218.0
2013-12-23,sh.600795,2.34,2.35,2.31,2.33,35831515,83472708.0
2013-12-24,sh.600795,2.34,2.37,2.32,2.34,37661880,88403041.0
2013-12-25,sh.600795,2.34,2.35,2.31,2.35,32894525,76606564.0
2013-12-26,sh.600795,2.35,2.35,2.3,2.31,41162607,95218835.0
2013-12-27,sh.600795,2.3,2.35,2.3,2.34,41633989,97089595.0
2013-12-30,sh.600795,2.35,2.36,2.32,2.33,37505115,87573430.0
2013-12-31,sh.600795,2.33,2.36,2.32,2.35,34179341,80150200.0
2014-01-02,sh.600795,2.35,2.36,2.33,2.34,23124584,54137317.0
2014-01-03,sh.600795,2.34,2.34,2.29,2.3,42702043,98555578.0
2014-01-06,sh.600795,2.3,2.3,2.25,2.27,49312136,111897780.0
2014-01-07,sh.600795,2.25,2.27,2.24,2.26,43702875,98725202.0
2014-01-08,sh.600795,2.26,2.28,2.25,2.27,37202811,84359037.0
2014-01-09,sh.600795,2.27,2.28,2.25,2.26,30804315,69809477.0
2014-01-10,sh.600795,2.26,2.27,2.22,2.25,57943387,129852943.0
2014-01-13,sh.600795,2.24,2.26,2.23,2.26,28648121,64385742.0
2014-01-14,sh.600795,2.26,2.27,2.24,2.27,25068555,56696164.0
2014-01-15,sh.600795,2.27,2.28,2.25,2.27,19291034,43626972.0
2014-01-16,sh.600795,2.26,2.3,2.25,2.28,40969083,93440686.0
2014-01-17,sh.600795,2.27,2.28,2.25,2.26,41779232,94409134.0
2014-01-20,sh.600795,2.26,2.27,2.24,2.25,25489086,57338145.0
2014-01-21,sh.600795,2.25,2.28,2.25,2.27,16896018,38276106.0
2014-01-22,sh.600795,2.27,2.33,2.26,2.32,53017278,122313299.0
2014-01-23,sh.600795,2.32,2.33,2.29,2.3,47056731,108652035.0
2014-01-24,sh.600795,2.3,2.33,2.29,2.31,55065292,127205619.0
2014-01-27,sh.600795,2.3,2.31,2.26,2.28,36437672,82981504.0
2014-01-28,sh.600795,2.28,2.3,2.27,2.29,24422509,55907409.0
2014-01-29,sh.600795,2.3,2.32,2.29,2.32,33141912,76403919.0
2014-01-30,sh.600795,2.31,2.32,2.29,2.3,21580369,49628870.0
2014-02-07,sh.600795,2.29,2.3,2.27,2.3,34396197,78562869.0
2014-02-10,sh.600795,2.3,2.34,2.29,2.33,69554376,161638570.0
2014-02-11,sh.600795,2.33,2.35,2.32,2.35,50805223,118685826.0
2014-02-12,sh.600795,2.34,2.35,2.32,2.34,30324788,70754529.0
2014-02-13,sh.600795,2.33,2.34,2.3,2.32,87867379,204033644.0
2014-02-14,sh.600795,2.31,2.33,2.3,2.33,40265337,93295955.0
2014-02-17,sh.600795,2.33,2.34,2.32,2.33,42029869,97712072.0
2014-02-18,sh.600795,2.32,2.33,2.29,2.31,45745813,105607099.0
2014-02-19,sh.600795,2.3,2.33,2.29,2.32,61716332,142731160.0
2014-02-20,sh.600795,2.32,2.36,2.31,2.35,102740168,240708405.0
2014-02-21,sh.600795,2.35,2.35,2.31,2.32,53324941,124118456.0
2014-02-24,sh.600795,2.31,2.32,2.28,2.29,44099310,101043318.0
2014-02-25,sh.600795,2.29,2.3,2.26,2.27,46098835,105143504.0
2014-02-26,sh.600795,2.26,2.27,2.25,2.26,45928145,103676699.0
2014-02-27,sh.600795,2.26,2.35,2.25,2.31,111100362,255627882.0
2014-02-28,sh.600795,2.31,2.34,2.29,2.31,71026990,164340177.0
2014-03-03,sh.600795,2.31,2.41,2.3,2.4,177753242,420455856.0
2014-03-04,sh.600795,2.38,2.38,2.33,2.36,78448392,185005523.0
2014-03-05,sh.600795,2.36,2.38,2.33,2.35,62772108,147818194.0
2014-03-06,sh.600795,2.35,2.35,2.29,2.33,65108180,150816177.0
2014-03-07,sh.600795,2.32,2.35,2.3,2.3,46017036,106778460.0
2014-03-10,sh.600795,2.29,2.3,2.25,2.26,89985586,203822965.0
2014-03-11,sh.600795,2.25,2.26,2.22,2.24,68900807,154634108.0
2014-03-12,sh.600795,2.24,2.27,2.23,2.26,49476920,111081915.0
2014-03-13,sh.600795,2.27,2.38,2.27,2.34,203904614,475275104.0
2014-03-14,sh.600795,2.33,2.37,2.32,2.35,80804216,189356204.0
2014-03-17,sh.600795,2.34,2.34,2.27,2.29,150174308,344357552.0
2014-03-18,sh.600795,2.3,2.33,2.28,2.3,67123239,154447526.0
2014-03-19,sh.600795,2.31,2.31,2.28,2.29,36737642,84197817.0
2014-03-20,sh.600795,2.29,2.31,2.26,2.27,52597159,120293463.0
2014-03-21,sh.600795,2.27,2.38,2.26,2.34,146519238,340656816.0
2014-03-24,sh.600795,2.33,2.36,2.31,2.35,138852118,323860624.0
2014-03-25,sh.600795,2.33,2.44,2.32,2.39,257174329,612965744.0
2014-03-26,sh.600795,2.37,2.38,2.34,2.35,93298864,219515468.0
2014-03-27,sh.600795,2.34,2.38,2.33,2.34,85584426,201622866.0
2014-03-28,sh.600795,2.34,2.36,2.33,2.34,63068314,147694604.0
2014-03-31,sh.600795,2.35,2.38,2.33,2.36,97061530,229176339.0
2014-04-01,sh.600795,2.36,2.38,2.35,2.36,59109242,139642538.0
2014-04-02,sh.600795,2.36,2.38,2.35,2.38,61098694,144743828.0
2014-04-03,sh.600795,2.38,2.39,2.32,2.34,95762524,224969511.0
2014-04-04,sh.600795,2.33,2.36,2.32,2.35,41749182,97796450.0
2014-04-08,sh.600795,2.35,2.41,2.34,2.39,104953933,249518145.0
2014-04-09,sh.600795,2.39,2.4,2.37,2.39,67609152,161187674.0
2014-04-10,sh.600795,2.39,2.44,2.36,2.42,155001694,372521232.0
2014-04-11,sh.600795,2.41,2.42,2.39,2.42,101778477,244967556.0
2014-04-14,sh.600795,2.42,2.43,2.4,2.41,57514051,138734083.0
2014-04-15,sh.600795,2.4,2.41,2.37,2.37,53306566,127179201.0
2014-04-16,sh.600795,2.37,2.39,2.37,2.38,37139103,88280010.0
2014-04-17,sh.600795,2.38,2.39,2.35,2.37,41333430,97950928.0
2014-04-18,sh.600795,2.37,2.37,2.35,2.37,38902604,91732042.0
2014-04-21,sh.600795,2.36,2.36,2.31,2.32,67100955,156590564.0
2014-04-22,sh.600795,2.31,2.33,2.3,2.33,41870959,96975683.0
2014-04-23,sh.600795,2.32,2.34,2.31,2.33,43465856,100976043.0
2014-04-24,sh.600795,2.32,2.34,2.31,2.32,36661930,85032589.0
2014-04-25,sh.600795,2.32,2.35,2.3,2.32,55358298,128702134.0
2014-04-28,sh.600795,2.31,2.31,2.25,2.25,101823626,230972989.0
2014-04-29,sh.600795,2.26,2.27,2.24,2.26,70387545,158568341.0
2014-04-30,sh.600795,2.26,2.26,2.24,2.26,72221583,162469939.0
2014-05-05,sh.600795,2.25,2.28,2.24,2.27,76589330,172787058.0
2014-05-06,sh.600795,2.27,2.28,2.26,2.27,34602529,78597046.0
2014-05-07,sh.600795,2.26,2.27,2.24,2.26,40746882,91894680.0
2014-05-08,sh.600795,2.25,2.27,2.24,2.25,56026260,126349059.0
2014-05-09,sh.600795,2.25,2.25,2.23,2.24,56532672,126807045.0
2014-05-12,sh.600795,2.25,2.29,2.25,2.28,84352099,191674331.0
2014-05-13,sh.600795,2.28,2.29,2.26,2.28,43448613,98647911.0
2014-05-14,sh.600795,2.27,2.29,2.26,2.28,33294191,75774617.0
2014-05-15,sh.600795,2.28,2.28,2.26,2.27,25301747,57345159.0
2014-05-16,sh.600795,2.26,2.27,2.25,2.26,23945716,54211712.0
2014-05-19,sh.600795,2.27,2.27,2.25,2.27,34969021,79061889.0
2014-05-20,sh.600795,2.27,2.28,2.26,2.27,30457691,69158554.0
2014-05-21,sh.600795,2.27,2.29,2.26,2.29,36638575,83512691.0
2014-05-22,sh.600795,2.28,2.3,2.27,2.28,34926884,79850721.0
2014-05-23,sh.600795,2.28,2.29,2.27,2.29,21808623,49675433.0
2014-05-26,sh.600795,2.29,2.3,2.27,2.28,23952888,54664932.0
2014-05-27,sh.600795,2.28,2.3,2.28,2.3,38689495,88520338.0
2014-05-28,sh.600795,2.29,2.3,2.28,2.29,29045025,66514271.0
2014-05-29,sh.600795,2.29,2.3,2.28,2.29,27314715,62625264.0
2014-05-30,sh.600795,2.29,2.3,2.28,2.29,30125589,69059859.0
2014-06-03,sh.600795,2.29,2.3,2.28,2.28,43012434,98565357.0
2014-06-04,sh.600795,2.29,2.3,2.28,2.29,33273462,76049914.0
2014-06-05,sh.600795,2.29,2.3,2.28,2.3,17915695,40982375.0
2014-06-06,sh.600795,2.3,2.31,2.29,2.29,25477541,58504005.0
2014-06-09,sh.600795,2.3,2.31,2.29,2.3,28298661,65074282.0
2014-06-10,sh.600795,2.3,2.31,2.29,2.31,43767355,100821290.0
2014-06-11,sh.600795,2.31,2.32,2.3,2.31,27673516,63880046.0
2014-06-12,sh.600795,2.31,2.32,2.3,2.31,58819482,135851178.0
2014-06-13,sh.600795,2.19,2.2,2.18,2.18,76387875,167288283.0
2014-06-16,sh.600795,2.19,2.2,2.18,2.19,63200265,138168350.0
2014-06-17,sh.600795,2.19,2.19,2.16,2.17,62849094,136661727.0
2014-06-18,sh.600795,2.17,2.17,2.14,2.15,52629129,113345344.0
2014-06-19,sh.600795,2.15,2.15,2.12,2.13,42461922,90754139.0
2014-06-20,sh.600795,2.13,2.13,2.11,2.12,39067765,82920225.0
2014-06-23,sh.600795,2.13,2.14,2.12,2.12,30724968,65346658.0
2014-06-24,sh.600795,2.13,2.14,2.12,2.13,28326241,60226437.0
2014-06-25,sh.600795,2.13,2.15,2.13,2.15,33938607,72532821.0
2014-06-26,sh.600795,2.15,2.16,2.14,2.16,30550883,65789484.0
2014-06-27,sh.600795,2.15,2.16,2.14,2.15,34427936,74129256.0
2014-06-30,sh.600795,2.15,2.18,2.15,2.17,35161831,76113856.0
2014-07-01,sh.600795,2.17,2.18,2.16,2.16,45616729,98896040.0
2014-07-02,sh.600795,2.16,2.18,2.16,2.17,52934947,114724469.0
2014-07-03,sh.600795,2.17,2.18,2.16,2.18,52139190,113404632.0
2014-07-04,sh.600795,2.18,2.19,2.17,2.17,25175134,54698725.0
2014-07-07,sh.600795,2.18,2.18,2.16,2.17,35124870,76100268.0
2014-07-08,sh.600795,2.17,2.21,2.16,2.2,98633374,215639810.0
2014-07-09,sh.600795,2.19,2.2,2.16,2.17,61224487,133151725.0
2014-07-10,sh.600795,2.17,2.22,2.16,2.19,91510600,200571811.0
2014-07-11,sh.600795,2.18,2.21,2.17,2.19,70812849,155220866.0
2014-07-14,sh.600795,2.2,2.23,2.19,2.22,74259462,164627726.0
2014-07-15,sh.600795,2.23,2.24,2.21,2.23,64778654,144115766.0
2014-07-16,sh.600795,2.22,2.32,2.22,2.3,255440220,582512832.0
2014-07-17,sh.600795,2.29,2.29,2.26,2.27,97633787,222063857.0
2014-07-18,sh.600795,2.26,2.31,2.26,2.28,67159953,153445850.0
2014-07-21,sh.600795,2.27,2.28,2.25,2.27,43514846,98628699.0
2014-07-22,sh.600795,2.26,2.28,2.25,2.27,59773243,135490188.0
2014-07-23,sh.600795,2.27,2.32,2.27,2.3,125620118,288932896.0
2014-07-24,sh.600795,2.3,2.32,2.29,2.31,81079007,186920159.0
2014-07-25,sh.600795,2.31,2.33,2.29,2.32,58326793,134758539.0
2014-07-28,sh.600795,2.32,2.37,2.32,2.35,131766657,309484288.0
2014-07-29,sh.600795,2.35,2.36,2.33,2.34,72894188,170364826.0
2014-07-30,sh.600795,2.33,2.34,2.29,2.31,111225426,257086874.0
2014-07-31,sh.600795,2.29,2.31,2.27,2.31,81833366,187857884.0
2014-08-01,sh.600795,2.32,2.41,2.32,2.34,209933646,497608784.0
2014-08-04,sh.600795,2.33,2.36,2.32,2.36,129590616,303165824.0
2014-08-05,sh.600795,2.36,2.36,2.32,2.34,82919533,193725277.0
2014-08-06,sh.600795,2.34,2.37,2.32,2.35,97326561,228222445.0
2014-08-07,sh.600795,2.35,2.36,2.31,2.32,82659981,192953766.0
2014-08-08,sh.600795,2.32,2.33,2.3,2.31,62059666,143590185.0
2014-08-11,sh.600795,2.32,2.33,2.31,2.32,49090426,113996761.0
2014-08-12,sh.600795,2.32,2.33,2.31,2.33,73996858,171432042.0
2014-08-13,sh.600795,2.33,2.33,2.3,2.31,70382387,162702227.0
2014-08-14,sh.600795,2.31,2.32,2.29,2.29,61783949,142066535.0
2014-08-15,sh.600795,2.29,2.31,2.28,2.3,62014326,142404026.0
2014-08-18,sh.600795,2.3,2.32,2.3,2.32,63110879,145937902.0
2014-08-19,sh.600795,2.32,2.32,2.29,2.31,74785196,172248763.0
2014-08-20,sh.600795,2.31,2.32,2.3,2.32,60337255,139354559.0
2014-08-21,sh.600795,2.32,2.32,2.28,2.29,56114235,128849364.0
2014-08-22,sh.600795,2.29,2.34,2.28,2.33,89949997,207541166.0
2014-08-25,sh.600795,2.33,2.33,2.29,2.31,83605262,192871607.0
2014-08-26,sh.600795,2.3,2.34,2.29,2.3,103417976,239342549.0
2014-08-27,sh.600795,2.29,2.3,2.28,2.28,59394447,135733196.0
2014-08-28,sh.600795,2.29,2.31,2.27,2.29,81149849,185762675.0
2014-08-29,sh.600795,2.3,2.31,2.27,2.31,66474313,152448948.0
2014-09-01,sh.600795,2.3,2.33,2.3,2.31,81228554,187999966.0
2014-09-02,sh.600795,2.32,2.33,2.31,2.33,109860794,254864474.0
2014-09-03,sh.600795,2.33,2.39,2.32,2.37,200615330,471897952.0
2014-09-04,sh.600795,2.36,2.38,2.35,2.37,122214023,288738912.0
2014-09-05,sh.600795,2.38,2.39,2.36,2.39,124321592,295553088.0
2014-09-09,sh.600795,2.39,2.43,2.38,2.4,97330345,233948917.0
2014-09-10,sh.600795,2.4,2.41,2.37,2.4,98755120,236276534.0
2014-09-11,sh.600795,2.4,2.47,2.4,2.42,221596235,541100016.0
2014-09-12,sh.600795,2.41,2.47,2.41,2.46,204148280,499950192.0
2014-09-15,sh.600795,2.46,2.47,2.44,2.47,130952299,321654400.0
2014-09-16,sh.600795,2.46,2.56,2.45,2.47,296525792,744484448.0
2014-09-17,sh.600795,2.47,2.55,2.47,2.52,255013599,641818032.0
2014-09-18,sh.600795,2.52,2.53,2.48,2.5,127201287,318704384.0
2014-09-19,sh.600795,2.49,2.51,2.47,2.49,92951661,231478353.0
2014-09-22,sh.600795,2.49,2.56,2.48,2.5,146023148,366996576.0
2014-09-23,sh.600795,2.5,2.52,2.48,2.5,90068328,224865789.0
2014-09-24,sh.600795,2.49,2.55,2.48,2.55,168234688,424851440.0
2014-09-25,sh.600795,2.55,2.6,2.54,2.57,183299802,471396272.0
2014-09-26,sh.600795,2.57,2.61,2.56,2.59,141805649,367211632.0
2014-09-29,sh.600795,2.6,2.61,2.56,2.59,114262754,295388208.0
2014-09-30,sh.600795,2.59,2.6,2.56,2.58,73507497,189190177.0
2014-10-08,sh.600795,2.58,2.59,2.54,2.57,119966534,306988000.0
2014-10-09,sh.600795,2.56,2.57,2.55,2.56,105953818,271164304.0
2014-10-10,sh.600795,2.56,2.59,2.55,2.56,107273236,275584208.0
2014-10-13,sh.600795,2.55,2.56,2.49,2.52,128688533,323436320.0
2014-10-14,sh.600795,2.51,2.54,2.49,2.5,116837913,293156752.0
2014-10-15,sh.600795,2.5,2.55,2.46,2.54,168002982,421078944.0
2014-10-16,sh.600795,2.52,2.57,2.51,2.54,139796904,356229504.0
2014-10-17,sh.600795,2.53,2.54,2.48,2.51,76478472,191794606.0
2014-10-20,sh.600795,2.51,2.52,2.49,2.51,62824176,157145859.0
2014-10-21,sh.600795,2.51,2.56,2.5,2.52,102659167,259891409.0
2014-10-22,sh.600795,2.53,2.54,2.49,2.51,56897562,142979079.0
2014-10-23,sh.600795,2.5,2.5,2.44,2.46,91135245,225654843.0
2014-10-24,sh.600795,2.45,2.46,2.43,2.44,63918755,156255733.0
2014-10-27,sh.600795,2.44,2.46,2.43,2.45,54817328,133997356.0
2014-10-28,sh.600795,2.45,2.5,2.44,2.49,83533219,206267899.0
2014-10-29,sh.600795,2.49,2.59,2.48,2.57,216781735,551581168.0
2014-10-30,sh.600795,2.56,2.83,2.54,2.83,495206080,1341668656.0
2014-10-31,sh.600795,2.91,3.03,2.85,2.97,1193761856,3516601776.0
2014-11-03,sh.600795,2.91,3.07,2.9,3.02,725665424,2163989040.0
2014-11-04,sh.600795,2.98,3.04,2.95,2.97,511008096,1524117440.0
2014-11-05,sh.600795,3.0,3.05,2.91,2.91,431870000,1281870224.0
2014-11-06,sh.600795,2.9,2.9,2.82,2.89,319463904,911917504.0
2014-11-07,sh.600795,2.87,2.97,2.83,2.86,337195504,978870480.0
2014-11-10,sh.600795,2.86,3.0,2.86,2.97,416823008,1223063216.0
2014-11-11,sh.600795,2.98,2.99,2.87,2.9,348699984,1020865696.0
2014-11-12,sh.600795,2.88,2.94,2.86,2.92,188534203,546250976.0
2014-11-13,sh.600795,2.92,2.94,2.84,2.91,265664859,767462896.0
2014-11-14,sh.600795,2.89,2.91,2.85,2.89,120860363,348872816.0
2014-11-17,sh.600795,2.94,2.94,2.87,2.88,141453559,409909104.0
2014-11-18,sh.600795,2.87,2.88,2.82,2.83,140049428,397428336.0
2014-11-19,sh.600795,2.84,2.84,2.8,2.82,94220247,266031118.0
2014-11-20,sh.600795,2.81,2.85,2.8,2.83,76836675,217233600.0
2014-11-21,sh.600795,2.82,2.89,2.78,2.88,238541096,675942448.0
2014-11-24,sh.600795,2.9,2.96,2.89,2.93,344786912,1009298784.0
2014-11-25,sh.600795,2.93,2.94,2.9,2.94,196828022,575219136.0
2014-11-26,sh.600795,2.95,2.99,2.91,2.95,289463472,853016256.0
2014-11-27,sh.600795,2.96,2.97,2.91,2.94,215332182,631208208.0
2014-11-28,sh.600795,2.93,2.98,2.9,2.97,340980160,1001822592.0
2014-12-01,sh.600795,2.97,3.06,2.96,3.01,487318560,1466487648.0
2014-12-02,sh.600795,3.0,3.08,2.98,3.06,420057168,1270971216.0
2014-12-03,sh.600795,3.07,3.22,3.07,3.14,552796512,1738599216.0
2014-12-04,sh.600795,3.14,3.26,3.1,3.23,520875088,1652066400.0
2014-12-05,sh.600795,3.25,3.38,3.07,3.18,611340752,1968371600.0
2014-12-08,sh.600795,3.14,3.5,3.11,3.49,845328928,2807927600.0
2014-12-09,sh.600795,3.45,3.79,3.29,3.38,1184633024,4244778576.0
2014-12-10,sh.600795,3.36,3.58,3.3,3.55,703168480,2422771904.0
2014-12-11,sh.600795,3.57,3.68,3.44,3.58,647578352,2306034592.0
2014-12-12,sh.600795,3.58,3.59,3.46,3.51,421110928,1481772848.0
2014-12-15,sh.600795,3.49,3.55,3.39,3.52,424506768,1466320352.0
2014-12-16,sh.600795,3.5,3.68,3.46,3.66,627891344,2243294272.0
2014-12-17,sh.600795,3.64,3.82,3.61,3.71,701430672,2606030880.0
2014-12-18,sh.600795,3.7,3.8,3.6,3.73,650042832,2399666592.0
2014-12-19,sh.600795,3.69,4.1,3.65,4.1,1397566176,5514357504.0
2014-12-22,sh.600795,4.34,4.51,4.34,4.51,1712925104,7674621696.0
2014-12-23,sh.600795,4.52,4.87,4.13,4.49,2187905232,9958771712.0
2014-12-24,sh.600795,4.35,4.78,4.3,4.52,1582003376,7215539456.0
2014-12-25,sh.600795,4.41,4.74,4.26,4.7,1535742080,6874749952.0
2014-12-26,sh.600795,4.7,4.8,4.5,4.65,1569001744,7321600000.0
2014-12-29,sh.600795,4.6,4.94,4.52,4.77,1441017776,6838768384.0
2014-12-30,sh.600795,4.74,4.77,4.5,4.55,1002632736,4606907648.0
2014-12-31,sh.600795,4.51,4.8,4.41,4.63,1201958368,5528041984.0
2015-01-05,sh.600795,4.63,4.9,4.58,4.85,1523966448,7252060672.0
2015-01-06,sh.600795,4.77,4.83,4.66,4.73,915248768,4327314176.0
2015-01-07,sh.600795,4.71,4.75,4.6,4.7,738193136,3454853440.0
2015-01-08,sh.600795,4.66,4.71,4.41,4.43,789561008,3577038384.0
2015-01-09,sh.600795,4.38,4.54,4.3,4.36,682800352,3010488656.0
2015-01-12,sh.600795,4.3,4.31,4.11,4.15,569765280,2389208288.0
2015-01-13,sh.600795,4.12,4.22,4.09,4.19,387756592,1618319120.0
2015-01-14,sh.600795,4.22,4.23,4.12,4.16,285039728,1191767584.0
2015-01-15,sh.600795,4.15,4.3,4.14,4.3,464410400,1961369264.0
2015-01-16,sh.600795,4.32,4.39,4.26,4.29,461313520,1994789968.0
2015-01-19,sh.600795,4.0,4.16,3.86,3.86,661250800,2637663248.0
2015-01-20,sh.600795,3.86,3.98,3.81,3.9,531728928,2071657376.0
2015-01-21,sh.600795,3.9,4.08,3.86,4.06,646157376,2572777776.0
2015-01-22,sh.600795,4.07,4.07,4.0,4.06,382097552,1542118704.0
2015-01-23,sh.600795,4.08,4.14,4.04,4.07,440701872,1800844976.0
2015-01-26,sh.600795,4.06,4.11,4.01,4.1,406409216,1650456208.0
2015-01-27,sh.600795,4.08,4.09,3.97,4.05,395167808,1591628304.0
2015-01-28,sh.600795,4.02,4.04,3.98,3.99,293206784,1174290736.0
2015-01-29,sh.600795,3.96,4.17,3.9,4.11,778125024,3176717584.0
2015-01-30,sh.600795,4.11,4.17,4.0,4.01,507445152,2072748784.0
2015-02-02,sh.600795,3.91,3.93,3.81,3.83,357714240,1382363088.0
2015-02-03,sh.600795,3.85,3.91,3.81,3.89,268221279,1034641648.0
2015-02-04,sh.600795,3.9,3.94,3.84,3.85,256890499,1000404800.0
2015-02-05,sh.600795,3.91,3.94,3.71,3.72,388582256,1480273664.0
2015-02-06,sh.600795,3.68,3.68,3.47,3.5,510948288,1811920144.0
2015-02-09,sh.600795,3.48,3.52,3.38,3.48,337900688,1168201600.0
2015-02-10,sh.600795,3.47,3.55,3.44,3.55,232243830,817001456.0
2015-02-11,sh.600795,3.56,3.57,3.52,3.55,183024267,649271904.0
2015-02-12,sh.600795,3.55,3.68,3.5,3.62,330253248,1185175008.0
2015-02-13,sh.600795,3.63,3.71,3.61,3.66,289699936,1062296272.0
2015-02-16,sh.600795,3.66,3.68,3.63,3.67,167872638,613265552.0
2015-02-17,sh.600795,3.66,3.71,3.65,3.71,189803558,700582000.0
2015-02-25,sh.600795,3.72,3.88,3.67,3.78,371305760,1401765040.0
2015-02-26,sh.600795,3.75,3.86,3.73,3.86,318699360,1214262336.0
2015-02-27,sh.600795,3.87,3.92,3.83,3.86,293068288,1135195376.0
2015-03-02,sh.600795,3.91,3.98,3.84,3.94,458841328,1789737584.0
2015-03-03,sh.600795,3.9,3.94,3.82,3.83,352344912,1364868288.0
2015-03-04,sh.600795,3.83,3.86,3.78,3.82,276321072,1054303168.0
2015-03-05,sh.600795,3.8,3.81,3.65,3.69,348154256,1290560480.0
2015-03-06,sh.600795,3.69,3.81,3.66,3.75,332906240,1242629984.0
2015-03-09,sh.600795,3.72,3.81,3.65,3.78,302514336,1128425376.0
2015-03-10,sh.600795,3.78,3.84,3.76,3.79,279556032,1063514816.0
2015-03-11,sh.600795,3.77,3.85,3.76,3.78,248216812,943521632.0
2015-03-12,sh.600795,3.79,3.88,3.77,3.86,451804064,1730545760.0
2015-03-13,sh.600795,3.87,3.91,3.84,3.88,428609024,1661605168.0
2015-03-16,sh.600795,3.89,3.94,3.87,3.92,429784208,1680632560.0
2015-03-17,sh.600795,3.93,4.13,3.92,4.11,964731696,3898762112.0
2015-03-18,sh.600795,4.14,4.25,4.08,4.23,820525280,3430454592.0
2015-03-19,sh.600795,4.23,4.34,4.13,4.29,949616400,4028740496.0
2015-03-20,sh.600795,4.29,4.38,4.2,4.28,715501072,3061305392.0
2015-03-23,sh.600795,4.31,4.54,4.28,4.5,1164889648,5124686848.0
2015-03-24,sh.600795,4.5,4.62,4.31,4.48,1161946736,5193743616.0
2015-03-25,sh.600795,4.48,4.48,4.3,4.32,767955744,3347297248.0
2015-03-26,sh.600795,4.3,4.41,4.23,4.34,577978704,2506958464.0
2015-03-27,sh.600795,4.34,4.36,4.27,4.31,475006816,2049962832.0
2015-03-30,sh.600795,4.31,4.43,4.31,4.42,765661552,3360654928.0
2015-03-31,sh.600795,4.45,4.48,4.35,4.35,704324320,3109607408.0
2015-04-01,sh.600795,4.34,4.44,4.31,4.39,604461712,2650652832.0
2015-04-02,sh.600795,4.39,4.47,4.35,4.42,678749328,2988791456.0
2015-04-03,sh.600795,4.39,4.43,4.36,4.41,578945968,2545579392.0
2015-04-07,sh.600795,4.44,4.59,4.42,4.56,1132048160,5106697984.0
2015-04-08,sh.600795,4.58,4.6,4.42,4.51,818301728,3678913248.0
2015-04-09,sh.600795,4.46,4.49,4.3,4.4,755241936,3317383840.0
2015-04-10,sh.600795,4.38,4.45,4.34,4.44,601081104,2653101760.0
2015-04-13,sh.600795,4.45,4.58,4.44,4.55,1017642944,4599916800.0
2015-04-14,sh.600795,4.55,5.01,4.51,5.01,1918374064,9357661952.0
2015-04-15,sh.600795,5.15,5.25,5.0,5.01,2235066096,11469812736.0
2015-04-16,sh.600795,4.98,5.15,4.8,5.1,1159649648,5826396416.0
2015-04-17,sh.600795,5.1,5.58,5.1,5.4,1688371936,9085027840.0
2015-04-20,sh.600795,5.33,5.84,5.19,5.65,2010411376,11168875264.0
2015-04-21,sh.600795,5.66,5.83,5.43,5.69,1284077856,7209554176.0
2015-04-22,sh.600795,5.7,6.18,5.63,6.1,1602928224,9515223296.0
2015-04-23,sh.600795,6.05,6.33,6.0,6.1,1390703168,8528845824.0
2015-04-24,sh.600795,6.0,6.25,5.91,6.02,1065281344,6440748800.0
2015-04-27,sh.600795,6.02,6.14,6.0,6.1,1272017600,7728387072.0
2015-04-28,sh.600795,6.11,6.13,5.81,5.85,1161542208,6904569600.0
2015-04-29,sh.600795,5.8,5.84,5.6,5.71,888200272,5067330304.0
2015-04-30,sh.600795,5.71,6.28,5.69,6.28,2046700352,12598983424.0
2015-05-04,sh.600795,6.28,6.91,6.2,6.91,1546375104,10253040384.0
2015-05-05,sh.600795,7.4,7.6,6.7,6.98,2889479168,20934202880.0
2015-05-06,sh.600795,6.79,7.3,6.51,6.88,1765453552,12114815488.0
2015-05-07,sh.600795,6.68,6.77,6.19,6.19,1267302384,8098024448.0
2015-05-08,sh.600795,6.15,6.38,5.86,6.26,1278952016,7857352960.0
2015-05-11,sh.600795,6.31,6.64,6.16,6.56,1241076496,8025630208.0
2015-05-12,sh.600795,6.59,7.22,6.5,7.22,1873399360,12928426240.0
2015-05-13,sh.600795,7.39,7.45,6.89,6.94,1784022144,12744697088.0
2015-05-14,sh.600795,6.8,7.4,6.76,7.16,1594317808,11401470720.0
2015-05-15,sh.600795,7.1,7.24,6.8,6.98,1283499328,8924199168.0
2015-05-18,sh.600795,6.88,7.02,6.68,6.69,879165056,5985541632.0
2015-05-19,sh.600795,6.67,6.85,6.6,6.78,718280208,4850715136.0
2015-05-20,sh.600795,6.8,6.87,6.7,6.73,816344720,5518228480.0
2015-05-21,sh.600795,6.72,6.75,6.54,6.74,811998384,5390869760.0
2015-05-22,sh.600795,6.76,7.0,6.71,6.88,1105088672,7569158144.0
2015-05-25,sh.600795,6.9,7.29,6.81,7.26,1478028288,10514927616.0
2015-05-26,sh.600795,7.36,7.44,7.01,7.23,1504065568,10834940672.0
2015-05-27,sh.600795,7.23,7.24,7.01,7.12,1221429424,8683630336.0
2015-05-28,sh.600795,7.07,7.57,6.95,6.97,1992387984,14516184576.0
2015-05-29,sh.600795,6.95,7.09,6.4,6.73,1257954800,8497387520.0
2015-06-01,sh.600795,6.75,7.21,6.75,7.16,1184469088,8354755584.0
2015-06-02,sh.600795,7.17,7.24,6.97,7.1,1065884016,7542821632.0
2015-06-03,sh.600795,7.1,7.15,6.81,6.96,842999856,5843126784.0
2015-06-04,sh.600795,6.96,6.96,6.5,6.87,788487248,5303816448.0
2015-06-05,sh.600795,6.96,7.2,6.91,7.1,1309013744,9254314240.0
2015-06-08,sh.600795,7.12,7.32,6.96,7.26,1487004208,10661902080.0
2015-06-09,sh.600795,7.3,7.42,7.03,7.39,1486387968,10773393152.0
2015-06-10,sh.600795,7.36,7.36,7.17,7.2,1010184208,7328104448.0
2015-06-11,sh.600795,7.15,7.17,7.02,7.09,678437600,4803647232.0
2015-06-12,sh.600795,7.09,7.22,7.03,7.19,960205632,6848646656.0
2015-06-15,sh.600795,7.22,7.37,7.15,7.25,1243126704,9022078976.0
2015-06-16,sh.600795,7.18,7.21,6.91,6.93,886045264,6239787008.0
2015-06-17,sh.600795,7.05,7.62,6.95,7.62,1736745424,12691262208.0
2015-06-18,sh.600795,7.64,7.69,7.23,7.25,1710831344,12815273728.0
2015-06-19,sh.600795,7.0,7.19,6.64,6.66,951267968,6617748224.0
2015-06-23,sh.600795,6.7,7.02,6.23,6.93,911222944,6154425856.0
2015-06-24,sh.600795,7.05,7.62,7.04,7.53,2098163744,15694756352.0
2015-06-25,sh.600795,7.45,7.65,7.1,7.27,1850242352,13763468032.0
2015-06-26,sh.600795,6.97,7.12,6.54,6.65,1276075440,8661228800.0
2015-06-29,sh.600795,6.95,7.0,6.0,6.69,1267135120,8457219328.0
2015-06-30,sh.600795,6.5,6.98,6.16,6.97,1151605632,7643613696.0
2015-07-01,sh.600795,6.95,6.95,6.39,6.4,925688672,6231912960.0
2015-07-02,sh.600795,6.45,6.47,5.76,5.76,1034923536,6245724672.0
2015-07-03,sh.600795,5.41,5.76,5.18,5.18,791390896,4194162288.0
2015-07-06,sh.600795,5.69,5.69,4.78,5.3,943871456,5007990272.0
2015-07-07,sh.600795,5.15,5.25,4.78,4.94,893048624,4450605824.0
2015-07-08,sh.600795,4.32,4.45,4.31,4.31,619401168,2674944592.0
2015-07-09,sh.600795,4.31,4.74,3.88,4.74,1083942752,4855241216.0
2015-07-10,sh.600795,4.91,5.21,4.91,5.21,834260480,4303312384.0
2015-07-13,sh.600795,5.43,5.73,5.28,5.73,1170965632,6515550720.0
2015-07-14,sh.600795,5.62,5.92,5.41,5.46,1007630272,5665996800.0
2015-07-15,sh.600795,5.26,5.37,4.91,4.91,699762800,3552442128.0
2015-07-16,sh.600795,4.91,5.2,4.66,5.06,518458032,2603066704.0
2015-07-17,sh.600795,5.08,5.42,5.06,5.33,532956608,2800948192.0
2015-07-20,sh.600795,5.33,5.45,5.21,5.3,569120592,3034133360.0
2015-07-21,sh.600795,5.24,5.5,5.17,5.42,581028560,3120129680.0
2015-07-22,sh.600795,5.4,5.58,5.22,5.47,725344768,3931406944.0
2015-07-23,sh.600795,5.41,5.62,5.36,5.55,715466336,3943501536.0
2015-07-24,sh.600795,5.6,5.89,5.43,5.51,971939712,5540414464.0
2015-07-27,sh.600795,5.35,5.55,4.96,4.96,716986688,3783030560.0
2015-07-28,sh.600795,4.79,5.07,4.54,5.03,706587648,3393134976.0
2015-07-29,sh.600795,5.07,5.41,5.0,5.36,521490144,2682639584.0
2015-07-30,sh.600795,5.34,5.44,5.05,5.12,532992624,2820140304.0
2015-07-31,sh.600795,5.03,5.18,5.01,5.13,398944896,2029217088.0
2015-08-03,sh.600795,5.08,5.3,5.02,5.2,406570016,2102660688.0
2015-08-04,sh.600795,5.2,5.4,5.19,5.39,392177312,2085217760.0
2015-08-05,sh.600795,5.35,5.39,5.16,5.2,339856224,1793249280.0
2015-08-06,sh.600795,5.1,5.21,5.05,5.12,175777226,901804688.0
2015-08-07,sh.600795,5.16,5.3,5.16,5.24,271605680,1419407088.0
2015-08-10,sh.600795,5.3,5.6,5.3,5.55,662649696,3629570912.0
2015-08-11,sh.600795,5.56,5.62,5.42,5.49,574527232,3167343872.0
2015-08-12,sh.600795,5.42,5.5,5.38,5.42,365647520,1986785728.0
2015-08-13,sh.600795,5.4,5.55,5.38,5.54,452109472,2475006784.0
2015-08-14,sh.600795,5.59,5.7,5.52,5.6,631781808,3536639792.0
2015-08-17,sh.600795,5.6,5.68,5.5,5.65,523712256,2930639792.0
2015-08-18,sh.600795,5.64,5.64,5.09,5.09,616720544,3289489152.0
2015-08-19,sh.600795,4.93,5.26,4.86,5.19,410785984,2079523792.0
2015-08-20,sh.600795,5.14,5.17,4.98,5.01,250703125,1272090304.0
2015-08-21,sh.600795,4.95,5.01,4.71,4.8,317127488,1543318960.0
2015-08-24,sh.600795,4.63,4.63,4.32,4.32,373905904,1632123248.0
2015-08-25,sh.600795,3.92,4.08,3.89,3.89,337134608,1328891824.0
2015-08-26,sh.600795,3.9,4.05,3.7,3.82,412406016,1616099888.0
2015-08-27,sh.600795,3.9,4.01,3.81,4.0,301331072,1182407872.0
2015-08-28,sh.600795,4.11,4.36,4.04,4.31,369229744,1540373312.0
2015-08-31,sh.600795,4.28,4.38,4.08,4.36,365724272,1545011424.0
2015-09-01,sh.600795,4.28,4.68,4.11,4.4,447647200,1960437280.0
2015-09-02,sh.600795,4.2,4.6,4.17,4.46,519248512,2321907264.0
2015-09-07,sh.600795,4.47,4.63,4.32,4.35,257749422,1155915136.0
2015-09-08,sh.600795,4.35,4.47,4.27,4.46,162396216,714703904.0
2015-09-09,sh.600795,4.51,4.59,4.45,4.55,235038363,1063698240.0
2015-09-10,sh.600795,4.48,4.52,4.4,4.42,148464664,663221600.0
2015-09-11,sh.600795,4.42,4.48,4.33,4.37,99554248,437014384.0
2015-09-14,sh.600795,4.46,4.53,4.11,4.42,237035452,1039313088.0
2015-09-15,sh.600795,4.29,4.35,4.11,4.13,144625955,608059616.0
2015-09-16,sh.600795,4.12,4.49,4.1,4.4,201690733,863665456.0
2015-09-17,sh.600795,4.36,4.49,4.28,4.29,207935765,913552432.0
2015-09-18,sh.600795,4.28,4.35,4.23,4.28,101113990,433621648.0
2015-09-21,sh.600795,4.25,4.34,4.22,4.33,94659910,406707360.0
2015-09-22,sh.600795,4.34,4.38,4.3,4.34,109023535,473646352.0
2015-09-23,sh.600795,4.3,4.31,4.2,4.21,96717287,411302528.0
2015-09-24,sh.600795,4.24,4.26,4.19,4.23,77497401,327630400.0
2015-09-25,sh.600795,4.24,4.26,4.1,4.12,93195599,387732096.0
2015-09-28,sh.600795,4.13,4.15,4.05,4.12,57287315,234616957.0
2015-09-29,sh.600795,4.08,4.08,4.0,4.0,78249583,315842224.0
2015-09-30,sh.600795,4.02,4.06,4.0,4.03,59196813,238561841.0
2015-10-08,sh.600795,4.15,4.19,4.12,4.14,101409176,420369888.0
2015-10-09,sh.600795,4.14,4.18,4.09,4.16,115459724,477954448.0
2015-10-12,sh.600795,4.16,4.37,4.15,4.35,276924016,1184610352.0
2015-10-13,sh.600795,4.3,4.33,4.25,4.3,155934425,668311232.0
2015-10-14,sh.600795,4.27,4.3,4.2,4.21,148464902,630780928.0
2015-10-15,sh.600795,4.19,4.31,4.18,4.3,176305098,752451600.0
2015-10-16,sh.600795,4.34,4.36,4.26,4.32,202292478,872255696.0
2015-10-19,sh.600795,4.33,4.36,4.28,4.34,229179050,990806880.0
2015-10-20,sh.600795,4.32,4.36,4.28,4.36,167519981,723504928.0
2015-10-21,sh.600795,4.35,4.54,4.14,4.19,385328832,1686113904.0
2015-10-22,sh.600795,4.16,4.25,4.15,4.24,171965370,721601120.0
2015-10-23,sh.600795,4.24,4.27,4.18,4.26,186655444,790296624.0
2015-10-26,sh.600795,4.32,4.32,4.25,4.27,183249067,784040304.0
2015-10-27,sh.600795,4.25,4.25,4.12,4.22,137638232,576759376.0
2015-10-28,sh.600795,4.19,4.22,4.11,4.14,143396070,597850592.0
2015-10-29,sh.600795,4.14,4.17,4.12,4.15,92190025,381977776.0
2015-10-30,sh.600795,4.15,4.15,4.08,4.11,90106460,370448048.0
2015-11-02,sh.600795,4.06,4.09,4.02,4.03,97104533,393864448.0
2015-11-03,sh.600795,4.03,4.06,3.99,4.01,100084363,401542896.0
2015-11-04,sh.600795,4.01,4.15,4.01,4.15,161311830,661545600.0
2015-11-05,sh.600795,4.15,4.42,4.12,4.28,480025808,2056733088.0
2015-11-06,sh.600795,4.26,4.33,4.22,4.3,317474912,1357210352.0
2015-11-09,sh.600795,4.3,4.49,4.28,4.39,420267600,1849439408.0
2015-11-10,sh.600795,4.34,4.37,4.29,4.33,245176170,1061175440.0
2015-11-11,sh.600795,4.34,4.41,4.3,4.37,224131181,977650672.0
2015-11-12,sh.600795,4.38,4.39,4.3,4.32,191875091,830283344.0
2015-11-13,sh.600795,4.29,4.41,4.27,4.32,272605792,1187346448.0
2015-11-16,sh.600795,4.25,4.29,4.21,4.29,119397702,507124320.0
2015-11-17,sh.600795,4.32,4.38,4.28,4.29,179017896,775277888.0
2015-11-18,sh.600795,4.32,4.35,4.27,4.27,157153380,676784288.0
2015-11-19,sh.600795,4.25,4.28,4.21,4.27,187754439,795454880.0
2015-11-20,sh.600795,4.26,4.27,4.23,4.25,144627385,613934064.0
2015-11-23,sh.600795,4.26,4.27,4.21,4.22,136062441,576870720.0
2015-11-24,sh.600795,4.22,4.22,4.15,4.19,112090117,468155184.0
2015-11-25,sh.600795,4.18,4.2,4.16,4.2,94825581,396018832.0
2015-11-26,sh.600795,4.2,4.22,4.16,4.16,100974086,422673504.0
2015-11-27,sh.600795,4.16,4.16,3.95,3.98,219563274,890632192.0
2015-11-30,sh.600795,3.99,4.09,3.95,4.04,151043464,607696160.0
2015-12-01,sh.600795,4.05,4.06,3.96,4.03,114360723,458471664.0
2015-12-02,sh.600795,4.02,4.15,3.97,4.15,197164525,804853216.0
2015-12-03,sh.600795,4.13,4.15,4.09,4.14,145122288,597976096.0
2015-12-04,sh.600795,4.11,4.12,4.03,4.05,120739809,491090720.0
2015-12-07,sh.600795,4.05,4.07,4.03,4.05,69910189,282767520.0
2015-12-08,sh.600795,4.04,4.04,3.98,3.99,96498332,386023776.0
2015-12-09,sh.600795,3.98,4.01,3.97,3.99,69729826,278300368.0
2015-12-10,sh.600795,3.99,4.01,3.97,3.98,71498985,285045312.0
2015-12-11,sh.600795,3.97,3.97,3.91,3.95,93761180,369055632.0
2015-12-14,sh.600795,3.91,4.03,3.9,4.01,102575332,408265056.0
2015-12-15,sh.600795,4.01,4.02,3.96,3.98,68878824,274538192.0
2015-12-16,sh.600795,3.98,3.99,3.95,3.96,62423664,247939022.0
2015-12-17,sh.600795,3.98,4.02,3.97,4.02,144494042,578863856.0
2015-12-18,sh.600795,4.01,4.04,4.0,4.01,88433439,355061584.0
2015-12-21,sh.600795,4.0,4.1,3.99,4.07,217587905,883248352.0
2015-12-22,sh.600795,4.06,4.07,4.01,4.04,141800427,572452976.0
2015-12-23,sh.600795,4.04,4.08,4.02,4.05,157537227,637208336.0
2015-12-24,sh.600795,4.02,4.04,3.96,3.98,135393908,539992240.0
2015-12-25,sh.600795,3.98,3.99,3.96,3.99,64918383,258110135.0
2015-12-28,sh.600795,3.99,4.0,3.93,3.93,107059511,424133824.0
2015-12-29,sh.600795,3.93,3.95,3.92,3.95,62779745,246860307.0
2015-12-30,sh.600795,3.95,3.96,3.93,3.95,52003553,204914328.0
2015-12-31,sh.600795,3.94,3.95,3.93,3.93,68484376,269717024.0
2016-01-04,sh.600795,3.93,3.93,3.6,3.61,121165996,461811184.0
2016-01-05,sh.600795,3.55,3.69,3.49,3.61,138500514,497820432.0
2016-01-06,sh.600795,3.61,3.76,3.61,3.76,138255056,510728704.0
2016-01-07,sh.600795,3.7,3.7,3.45,3.47,37081849,133423482.0
2016-01-08,sh.600795,3.6,3.62,3.44,3.57,141622629,504118416.0
2016-01-11,sh.600795,3.53,3.6,3.44,3.44,134652579,472686608.0
2016-01-12,sh.600795,3.45,3.48,3.38,3.42,92821433,317335792.0
2016-01-13,sh.600795,3.44,3.47,3.35,3.35,75736965,258683885.0
2016-01-14,sh.600795,3.28,3.37,3.24,3.36,130516144,430456128.0
2016-01-15,sh.600795,3.34,3.34,3.16,3.19,124560728,403757456.0
2016-01-18,sh.600795,3.14,3.22,3.09,3.16,105206984,331594848.0
2016-01-19,sh.600795,3.13,3.27,3.12,3.24,113067592,363494992.0
2016-01-20,sh.600795,3.21,3.38,3.16,3.27,171633895,560985616.0
2016-01-21,sh.600795,3.2,3.25,3.13,3.14,104043986,332192880.0
2016-01-22,sh.600795,3.17,3.19,3.12,3.17,58560843,185111033.0
2016-01-25,sh.600795,3.18,3.23,3.16,3.19,57674010,183846412.0
2016-01-26,sh.600795,3.16,3.17,2.95,2.98,101730053,312407072.0
2016-01-27,sh.600795,2.99,3.02,2.86,2.94,110849911,324628464.0
2016-01-28,sh.600795,2.93,2.94,2.79,2.8,80417240,231789645.0
2016-01-29,sh.600795,2.8,2.9,2.8,2.88,88509770,253450080.0
2016-02-01,sh.600795,2.88,2.91,2.8,2.83,64286117,183742297.0
2016-02-02,sh.600795,2.83,2.95,2.83,2.9,77403442,224917203.0
2016-02-03,sh.600795,2.87,2.92,2.85,2.9,53398040,154239566.0
2016-02-04,sh.600795,2.91,2.94,2.9,2.92,61396679,179381021.0
2016-02-05,sh.600795,2.93,2.94,2.9,2.91,51353601,149845285.0
2016-02-15,sh.600795,2.84,2.9,2.81,2.88,54795626,156799698.0
2016-02-16,sh.600795,2.9,3.01,2.89,2.99,116894467,345983296.0
2016-02-17,sh.600795,2.97,3.02,2.97,3.02,117629555,352753216.0
2016-02-18,sh.600795,3.03,3.08,3.01,3.04,114127916,346736656.0
2016-02-19,sh.600795,3.02,3.03,2.98,3.01,65235730,195844955.0
2016-02-22,sh.600795,3.02,3.11,3.02,3.08,136978717,420438448.0
2016-02-23,sh.600795,3.08,3.1,3.03,3.06,84843729,260332736.0
2016-02-24,sh.600795,3.05,3.18,3.05,3.13,169687002,526357888.0
2016-02-25,sh.600795,3.1,3.1,2.88,2.9,196524383,585604688.0
2016-02-26,sh.600795,2.91,2.96,2.88,2.94,97311131,284430784.0
2016-02-29,sh.600795,2.94,2.94,2.8,2.9,101268757,289869488.0
2016-03-01,sh.600795,2.91,3.0,2.87,2.96,87240857,255513798.0
2016-03-02,sh.600795,2.95,3.08,2.94,3.08,175191875,528869536.0
2016-03-03,sh.600795,3.06,3.08,3.04,3.07,137845274,421963776.0
2016-03-04,sh.600795,3.06,3.13,3.03,3.12,241202406,744452624.0
2016-03-07,sh.600795,3.11,3.16,3.09,3.12,106210988,331131296.0
2016-03-08,sh.600795,3.1,3.12,3.03,3.11,91097700,279527904.0
2016-03-09,sh.600795,3.06,3.12,3.02,3.1,105831645,324447392.0
2016-03-10,sh.600795,3.07,3.09,3.03,3.03,45710340,139627724.0
2016-03-11,sh.600795,3.02,3.06,3.0,3.05,60110633,182030633.0
2016-03-14,sh.600795,3.05,3.12,3.05,3.08,101193666,313093472.0
2016-03-15,sh.600795,3.07,3.12,3.04,3.11,98478566,303656576.0
2016-03-16,sh.600795,3.1,3.14,3.08,3.14,161805414,505266016.0
2016-03-17,sh.600795,3.13,3.15,3.1,3.14,95379902,298559264.0
2016-03-18,sh.600795,3.14,3.17,3.13,3.15,305066592,959752224.0
2016-03-21,sh.600795,3.15,3.2,3.13,3.17,274942496,870319680.0
2016-03-22,sh.600795,3.16,3.19,3.14,3.14,133436681,421123248.0
2016-03-23,sh.600795,3.13,3.15,3.11,3.13,88067932,275366432.0
2016-03-24,sh.600795,3.11,3.12,3.07,3.08,87110772,269524128.0
2016-03-25,sh.600795,3.08,3.11,3.06,3.09,57884559,178593758.0
2016-03-28,sh.600795,3.09,3.11,3.06,3.07,57309531,177168297.0
2016-03-29,sh.600795,3.07,3.08,3.02,3.03,77694492,236633927.0
2016-03-30,sh.600795,3.05,3.09,3.04,3.08,72859254,223544393.0
2016-03-31,sh.600795,3.08,3.09,3.06,3.08,73206829,225325198.0
2016-04-01,sh.600795,3.08,3.09,3.04,3.08,77490409,237734584.0
2016-04-05,sh.600795,3.08,3.13,3.07,3.13,116713811,362789472.0
2016-04-06,sh.600795,3.12,3.13,3.08,3.1,86009265,267258816.0
2016-04-07,sh.600795,3.11,3.11,3.06,3.08,76279885,235280095.0
2016-04-08,sh.600795,3.06,3.07,3.04,3.05,60891467,185829809.0
2016-04-11,sh.600795,3.06,3.1,3.06,3.08,86894840,267858648.0
2016-04-12,sh.600795,3.08,3.08,3.04,3.06,52924349,161969284.0
2016-04-13,sh.600795,3.07,3.15,3.06,3.12,190868283,594645088.0
2016-04-14,sh.600795,3.13,3.13,3.09,3.12,96972322,301211120.0
2016-04-15,sh.600795,3.11,3.12,3.08,3.1,66007153,204472972.0
2016-04-18,sh.600795,3.08,3.09,3.06,3.06,59673476,183076530.0
2016-04-19,sh.600795,3.07,3.08,3.05,3.07,39540854,121135941.0
2016-04-20,sh.600795,3.07,3.08,2.93,3.01,125823933,377041488.0
2016-04-21,sh.600795,2.99,3.01,2.97,2.99,49853231,149084423.0
2016-04-22,sh.600795,2.97,2.98,2.96,2.98,34635126,102888789.0
2016-04-25,sh.600795,2.97,2.98,2.94,2.97,41698509,123279924.0
2016-04-26,sh.600795,2.96,2.98,2.95,2.97,28554580,84713253.0
2016-04-27,sh.600795,2.97,2.98,2.95,2.96,32438267,96214929.0
2016-04-28,sh.600795,2.96,2.97,2.92,2.94,45814172,134545660.0
2016-04-29,sh.600795,2.94,2.96,2.92,2.95,36015171,105998032.0
2016-05-03,sh.600795,2.95,2.99,2.93,2.99,64144772,190724184.0
2016-05-04,sh.600795,2.98,3.0,2.97,2.99,53530012,159753375.0
2016-05-05,sh.600795,2.98,3.03,2.97,3.01,57535508,172711124.0
2016-05-06,sh.600795,3.0,3.01,2.94,2.94,61681170,183138816.0
2016-05-09,sh.600795,2.93,2.94,2.87,2.89,68837881,199055080.0
2016-05-10,sh.600795,2.88,2.93,2.87,2.91,50767961,147019828.0
2016-05-11,sh.600795,2.91,2.94,2.89,2.9,55496195,161432220.0
2016-05-12,sh.600795,2.88,2.98,2.86,2.96,117968930,347015344.0
2016-05-13,sh.600795,2.94,2.95,2.9,2.93,60953267,178381716.0
2016-05-16,sh.600795,2.92,2.93,2.89,2.93,36318202,105705312.0
2016-05-17,sh.600795,2.92,2.93,2.9,2.91,31808085,92688680.0
2016-05-18,sh.600795,2.9,2.91,2.86,2.88,54028784,155431074.0
2016-05-19,sh.600795,2.88,2.91,2.87,2.88,26616740,76972723.0
2016-05-20,sh.600795,2.87,2.89,2.86,2.89,22367690,64406948.0
2016-05-23,sh.600795,2.89,2.91,2.88,2.9,26165183,75840193.0
2016-05-24,sh.600795,2.9,2.9,2.87,2.89,33420261,96439597.0
2016-05-25,sh.600795,2.89,2.91,2.88,2.9,27889882,80730364.0
2016-05-26,sh.600795,2.9,2.9,2.86,2.89,28797357,82909501.0
2016-05-27,sh.600795,2.89,2.89,2.87,2.89,25636677,73904423.0
2016-05-30,sh.600795,2.88,2.89,2.87,2.88,20405237,58774871.0
2016-05-31,sh.600795,2.88,2.95,2.88,2.95,93692750,274299872.0
2016-06-01,sh.600795,2.94,2.95,2.93,2.93,53955222,158572634.0
2016-06-02,sh.600795,2.93,2.94,2.91,2.93,37847132,110796563.0
2016-06-03,sh.600795,2.93,2.95,2.92,2.94,49670825,145627627.0
2016-06-06,sh.600795,2.94,2.95,2.93,2.94,38209982,112252279.0
2016-06-07,sh.600795,2.94,2.94,2.92,2.93,39449425,115726643.0
2016-06-08,sh.600795,2.94,2.95,2.92,2.94,55800203,163796860.0
2016-06-13,sh.600795,2.93,2.93,2.87,2.88,59533818,173301344.0
2016-06-14,sh.600795,2.87,2.89,2.87,2.89,44007283,126854744.0
2016-06-15,sh.600795,2.87,2.93,2.86,2.92,53881842,156478117.0
2016-06-16,sh.600795,2.91,2.92,2.89,2.9,39712599,115479517.0
2016-06-17,sh.600795,2.9,2.93,2.89,2.92,47159171,137576741.0
2016-06-20,sh.600795,2.92,2.92,2.9,2.91,26708967,77692514.0
2016-06-21,sh.600795,2.92,2.94,2.91,2.92,54716520,160237217.0
2016-06-22,sh.600795,2.91,2.93,2.91,2.93,26974374,78801810.0
2016-06-23,sh.600795,2.92,2.93,2.91,2.92,32738501,95574669.0
2016-06-24,sh.600795,2.92,2.93,2.88,2.89,51937407,150693053.0
2016-06-27,sh.600795,2.88,2.91,2.88,2.91,24694301,71635964.0
2016-06-28,sh.600795,2.9,2.91,2.89,2.91,43685573,126603809.0
2016-06-29,sh.600795,2.91,2.94,2.91,2.93,69287091,202642716.0
2016-06-30,sh.600795,2.94,2.94,2.92,2.93,41128049,120536542.0
2016-07-01,sh.600795,2.93,2.94,2.92,2.93,33900864,99418800.0
2016-07-04,sh.600795,2.93,2.99,2.92,2.99,90209346,267522468.0
2016-07-05,sh.600795,2.99,3.03,2.99,3.02,88588198,266847576.0
2016-07-06,sh.600795,2.92,2.92,2.89,2.9,78150035,226700818.0
2016-07-07,sh.600795,2.9,2.91,2.89,2.9,52336347,151834125.0
2016-07-08,sh.600795,2.9,2.9,2.88,2.89,40092412,115891019.0
2016-07-11,sh.600795,2.9,2.94,2.89,2.91,79600760,232248629.0
2016-07-12,sh.600795,2.91,2.96,2.9,2.96,96016736,281648736.0
2016-07-13,sh.600795,2.96,3.01,2.95,2.99,124544781,372070624.0
2016-07-14,sh.600795,2.98,2.99,2.96,2.97,50704863,150606616.0
2016-07-15,sh.600795,2.97,2.99,2.96,2.98,43900913,130707048.0
2016-07-18,sh.600795,2.97,2.98,2.95,2.96,51214396,151701801.0
2016-07-19,sh.600795,2.96,3.03,2.95,2.98,90033802,268995872.0
2016-07-20,sh.600795,2.97,2.98,2.95,2.96,41318763,122423880.0
2016-07-21,sh.600795,2.96,2.98,2.95,2.97,43049124,127731745.0
2016-07-22,sh.600795,2.96,2.97,2.93,2.94,52183684,153842816.0
2016-07-25,sh.600795,2.94,2.96,2.93,2.95,32315522,95135932.0
2016-07-26,sh.600795,2.94,2.97,2.94,2.97,50686430,150062621.0
2016-07-27,sh.600795,2.97,2.99,2.9,2.97,128660161,379697264.0
2016-07-28,sh.600795,2.95,3.02,2.93,3.01,191199877,572084112.0
2016-07-29,sh.600795,3.01,3.05,2.97,2.99,129020487,388121120.0
2016-08-01,sh.600795,2.98,2.99,2.95,2.98,73107686,217030540.0
2016-08-02,sh.600795,2.98,2.99,2.95,2.98,49904193,148124413.0
2016-08-03,sh.600795,2.96,2.98,2.96,2.96,48408653,143630535.0
2016-08-04,sh.600795,2.96,2.98,2.95,2.97,59153121,175215344.0
2016-08-05,sh.600795,2.97,2.99,2.96,2.97,47016804,139918942.0
2016-08-08,sh.600795,2.97,2.99,2.96,2.99,47943642,142681926.0
2016-08-09,sh.600795,2.99,3.01,2.98,3.0,67920308,203549254.0
2016-08-10,sh.600795,3.0,3.01,2.98,2.98,49589656,148608625.0
2016-08-11,sh.600795,2.98,3.0,2.97,2.99,52217498,156046597.0
2016-08-12,sh.600795,2.98,3.04,2.98,3.03,125950186,379379696.0
2016-08-15,sh.600795,3.03,3.1,3.02,3.09,187602147,575780000.0
2016-08-16,sh.600795,3.1,3.1,3.06,3.09,132984004,409678544.0
2016-08-17,sh.600795,3.08,3.09,3.05,3.08,71982112,220902759.0
2016-08-18,sh.600795,3.07,3.08,3.05,3.07,65834471,201918305.0
2016-08-19,sh.600795,3.06,3.07,3.04,3.07,79505054,242973293.0
2016-08-22,sh.600795,3.06,3.07,3.03,3.03,64868789,197896300.0
2016-08-23,sh.600795,3.03,3.05,3.02,3.03,63002256,191222110.0
2016-08-24,sh.600795,3.03,3.07,3.02,3.05,76835268,233951271.0
2016-08-25,sh.600795,3.04,3.04,3.01,3.03,68550068,207373200.0
2016-08-26,sh.600795,3.03,3.04,3.01,3.02,65516066,198342900.0
2016-08-29,sh.600795,3.03,3.04,3.01,3.02,56496644,170895026.0
2016-08-30,sh.600795,3.02,3.04,3.02,3.03,49422376,149629820.0
2016-08-31,sh.600795,3.03,3.03,3.01,3.03,37225569,112541045.0
2016-09-01,sh.600795,3.03,3.05,3.02,3.03,72778775,220828989.0
2016-09-02,sh.600795,3.03,3.05,3.02,3.04,86019807,261119596.0
2016-09-05,sh.600795,3.04,3.06,3.04,3.04,48684535,148470415.0
2016-09-06,sh.600795,3.05,3.06,3.03,3.05,46399433,141439117.0
2016-09-07,sh.600795,3.05,3.08,3.04,3.06,72317074,221624454.0
2016-09-08,sh.600795,3.05,3.07,3.05,3.06,38124277,116672653.0
2016-09-09,sh.600795,3.06,3.07,3.03,3.03,42318568,128821124.0
2016-09-12,sh.600795,3.01,3.05,2.98,3.04,118209872,355409712.0
2016-09-13,sh.600795,3.03,3.03,3.01,3.03,35464717,107074326.0
2016-09-14,sh.600795,3.02,3.02,2.99,3.0,37421519,112426983.0
2016-09-19,sh.600795,3.0,3.02,2.99,3.0,40496674,121413531.0
2016-09-20,sh.600795,3.0,3.01,2.99,2.99,29108522,87157288.0
2016-09-21,sh.600795,2.99,3.01,2.99,3.0,38077639,114162938.0
2016-09-22,sh.600795,3.0,3.02,3.0,3.01,38724724,116534606.0
2016-09-23,sh.600795,3.01,3.01,2.99,2.99,28375404,85105174.0
2016-09-26,sh.600795,2.99,3.0,2.96,2.96,46080232,137297645.0
2016-09-27,sh.600795,2.96,2.97,2.95,2.97,37044062,109712796.0
2016-09-28,sh.600795,2.97,2.97,2.95,2.95,18592793,55047527.0
2016-09-29,sh.600795,2.96,2.98,2.95,2.96,32678003,96896583.0
2016-09-30,sh.600795,2.96,2.97,2.95,2.96,26665834,78983169.0
2016-10-10,sh.600795,2.97,3.0,2.96,3.0,52886933,157619962.0
2016-10-11,sh.600795,3.0,3.0,2.98,3.0,44951311,134622916.0
2016-10-12,sh.600795,3.0,3.0,2.98,3.0,24959008,74589295.0
2016-10-13,sh.600795,2.99,3.0,2.99,3.0,31180724,93341849.0
2016-10-14,sh.600795,2.99,3.0,2.98,3.0,33973780,101426490.0
2016-10-17,sh.600795,2.99,3.0,2.98,2.98,35643375,106552242.0
2016-10-18,sh.600795,2.98,3.02,2.97,3.01,71476298,214308347.0
2016-10-19,sh.600795,3.01,3.03,3.0,3.02,76919375,232128058.0
2016-10-20,sh.600795,3.01,3.02,3.0,3.01,42554142,127905164.0
2016-10-21,sh.600795,3.0,3.05,3.0,3.03,96670994,292629408.0
2016-10-24,sh.600795,3.03,3.09,3.03,3.07,168168442,515451248.0
2016-10-25,sh.600795,3.06,3.08,3.04,3.05,74724909,228203051.0
2016-10-26,sh.600795,3.06,3.06,3.02,3.04,57054283,173235413.0
2016-10-27,sh.600795,3.03,3.04,3.01,3.03,48541996,146853554.0
2016-10-28,sh.600795,3.03,3.04,3.02,3.02,46314860,140203976.0
2016-10-31,sh.600795,3.02,3.02,3.0,3.01,38027650,114538057.0
2016-11-01,sh.600795,3.02,3.03,3.01,3.03,44814885,135273862.0
2016-11-02,sh.600795,3.02,3.03,2.99,3.0,54135980,162648379.0
2016-11-03,sh.600795,2.99,3.02,2.99,3.0,70112417,210418184.0
2016-11-04,sh.600795,3.0,3.01,2.99,2.99,40118287,120233036.0
2016-11-07,sh.600795,2.99,3.01,2.98,3.01,53572187,160389306.0
2016-11-08,sh.600795,3.01,3.01,2.99,3.0,46753442,140369961.0
2016-11-09,sh.600795,3.0,3.01,2.98,2.99,77084893,230770969.0
2016-11-10,sh.600795,3.0,3.02,3.0,3.02,77858338,234568906.0
2016-11-11,sh.600795,3.02,3.07,3.01,3.05,156379534,475034480.0
2016-11-14,sh.600795,3.06,3.06,3.04,3.05,144359126,440253392.0
2016-11-15,sh.600795,3.05,3.06,3.03,3.05,89965397,274051872.0
2016-11-16,sh.600795,3.05,3.06,3.04,3.05,85135331,259549649.0
2016-11-17,sh.600795,3.04,3.08,3.03,3.08,136866518,418378400.0
2016-11-18,sh.600795,3.07,3.08,3.04,3.05,104999160,321423568.0
2016-11-21,sh.600795,3.05,3.35,3.04,3.27,565251456,1810695968.0
2016-11-22,sh.600795,3.22,3.28,3.19,3.22,440878848,1422463104.0
2016-11-23,sh.600795,3.21,3.24,3.18,3.19,239747400,770020352.0
2016-11-24,sh.600795,3.19,3.22,3.16,3.19,166576460,530265808.0
2016-11-25,sh.600795,3.18,3.2,3.14,3.18,159800904,506248496.0
2016-11-28,sh.600795,3.18,3.23,3.18,3.2,240068568,768559792.0
2016-11-29,sh.600795,3.19,3.32,3.18,3.29,411963664,1347890352.0
2016-11-30,sh.600795,3.3,3.33,3.23,3.27,231751167,756983408.0
2016-12-01,sh.600795,3.26,3.3,3.24,3.3,175840196,575330400.0
2016-12-02,sh.600795,3.3,3.52,3.29,3.35,441723312,1497184496.0
2016-12-05,sh.600795,3.3,3.4,3.26,3.29,271819280,899198208.0
2016-12-06,sh.600795,3.3,3.31,3.21,3.22,159012186,516243792.0
2016-12-07,sh.600795,3.2,3.25,3.19,3.24,103854334,334286112.0
2016-12-08,sh.600795,3.24,3.25,3.18,3.2,121475490,390114736.0
2016-12-09,sh.600795,3.2,3.23,3.17,3.21,171070811,547780624.0
2016-12-12,sh.600795,3.2,3.22,3.14,3.18,209713469,665748128.0
2016-12-13,sh.600795,3.16,3.17,3.1,3.14,135362588,424218464.0
2016-12-14,sh.600795,3.13,3.18,3.1,3.16,171137366,537301424.0
2016-12-15,sh.600795,3.14,3.16,3.11,3.13,123702305,387547520.0
2016-12-16,sh.600795,3.12,3.15,3.11,3.12,94788541,296289392.0
2016-12-19,sh.600795,3.12,3.18,3.11,3.13,103802209,326466352.0
2016-12-20,sh.600795,3.14,3.14,3.11,3.14,80547758,251570052.0
2016-12-21,sh.600795,3.13,3.23,3.13,3.2,193727074,617038176.0
2016-12-22,sh.600795,3.19,3.31,3.18,3.25,232330521,756626816.0
2016-12-23,sh.600795,3.25,3.25,3.19,3.2,130779800,420170864.0
2016-12-26,sh.600795,3.19,3.2,3.13,3.19,126087472,397830864.0
2016-12-27,sh.600795,3.17,3.19,3.14,3.16,78467023,247982438.0
2016-12-28,sh.600795,3.15,3.16,3.13,3.15,47657190,149921410.0
2016-12-29,sh.600795,3.14,3.17,3.13,3.14,48771378,153585282.0
2016-12-30,sh.600795,3.15,3.17,3.13,3.17,62513863,196975191.0
2017-01-03,sh.600795,3.16,3.21,3.15,3.2,84045955,267866919.0
2017-01-04,sh.600795,3.19,3.23,3.18,3.22,103267768,331130112.0
2017-01-05,sh.600795,3.22,3.22,3.19,3.22,84783319,271762336.0
2017-01-06,sh.600795,3.22,3.3,3.21,3.23,165261336,537165088.0
2017-01-09,sh.600795,3.23,3.26,3.22,3.26,110469747,357827952.0
2017-01-10,sh.600795,3.25,3.26,3.21,3.23,93303359,301535424.0
2017-01-11,sh.600795,3.22,3.31,3.21,3.27,223034852,729588464.0
2017-01-12,sh.600795,3.25,3.27,3.22,3.23,123731386,401562880.0
2017-01-13,sh.600795,3.22,3.25,3.21,3.25,115953390,374511408.0
2017-01-16,sh.600795,3.25,3.31,3.21,3.29,314283008,1025870560.0
2017-01-17,sh.600795,3.27,3.29,3.24,3.28,99845497,326348224.0
2017-01-18,sh.600795,3.27,3.36,3.26,3.33,165245638,549820432.0
2017-01-19,sh.600795,3.32,3.35,3.28,3.3,102243629,338914768.0
2017-01-20,sh.600795,3.29,3.34,3.29,3.32,82690646,273885680.0
2017-01-23,sh.600795,3.32,3.34,3.27,3.3,140242647,463171376.0
2017-01-24,sh.600795,3.29,3.3,3.27,3.28,89130291,292632768.0
2017-01-25,sh.600795,3.29,3.29,3.25,3.26,111741256,364704928.0
2017-01-26,sh.600795,3.26,3.28,3.22,3.25,163466663,530101584.0
2017-02-03,sh.600795,3.25,3.26,3.23,3.24,60539237,196435901.0
2017-02-06,sh.600795,3.24,3.27,3.22,3.25,199380155,646470352.0
2017-02-07,sh.600795,3.24,3.25,3.22,3.23,81354544,262640921.0
2017-02-08,sh.600795,3.23,3.26,3.21,3.26,111892660,362384064.0
2017-02-09,sh.600795,3.25,3.27,3.24,3.26,108424524,353102960.0
2017-02-10,sh.600795,3.26,3.29,3.25,3.29,183459604,600944384.0
2017-02-13,sh.600795,3.28,3.31,3.28,3.29,143934139,473689888.0
2017-02-14,sh.600795,3.29,3.3,3.27,3.29,96776701,317359936.0
2017-02-15,sh.600795,3.28,3.4,3.27,3.35,445952272,1494881936.0
2017-02-16,sh.600795,3.34,3.37,3.32,3.37,198638843,665422304.0
2017-02-17,sh.600795,3.36,3.37,3.31,3.33,155690431,519161792.0
2017-02-20,sh.600795,3.33,3.37,3.32,3.37,111142281,371771056.0
2017-02-21,sh.600795,3.37,3.4,3.36,3.37,136877002,462222880.0
2017-02-22,sh.600795,3.37,3.37,3.34,3.34,115954993,388074816.0
2017-02-23,sh.600795,3.34,3.36,3.3,3.31,132752758,440865344.0
2017-02-24,sh.600795,3.31,3.33,3.29,3.32,98165962,324730704.0
2017-02-27,sh.600795,3.33,3.34,3.3,3.31,100359929,333059184.0
2017-02-28,sh.600795,3.3,3.32,3.3,3.32,61087222,202144332.0
2017-03-01,sh.600795,3.32,3.33,3.31,3.32,78850005,261464014.0
2017-03-02,sh.600795,3.32,3.33,3.28,3.29,69845760,230808770.0
2017-03-03,sh.600795,3.29,3.32,3.27,3.3,82369011,270879264.0
2017-03-06,sh.600795,3.3,3.35,3.27,3.29,197617974,653281616.0
2017-03-07,sh.600795,3.29,3.3,3.26,3.28,97299825,318267280.0
2017-03-08,sh.600795,3.27,3.28,3.25,3.27,65972029,215289865.0
2017-03-09,sh.600795,3.26,3.27,3.22,3.26,99229424,321377936.0
2017-03-10,sh.600795,3.24,3.26,3.23,3.24,37996720,123176114.0
2017-03-13,sh.600795,3.24,3.26,3.21,3.26,60841449,197092670.0
2017-03-14,sh.600795,3.25,3.26,3.23,3.25,59561675,193237264.0
2017-03-15,sh.600795,3.24,3.28,3.24,3.27,91067824,296849184.0
2017-03-16,sh.600795,3.26,3.28,3.26,3.28,85139589,278672144.0
2017-03-17,sh.600795,3.28,3.28,3.22,3.24,96619941,313760656.0
2017-03-20,sh.600795,3.23,3.25,3.22,3.24,59494486,192222576.0
2017-03-21,sh.600795,3.23,3.25,3.23,3.24,47715193,154336565.0
2017-03-22,sh.600795,3.23,3.24,3.21,3.22,55504563,178879631.0
2017-03-23,sh.600795,3.22,3.23,3.2,3.2,73259972,235244934.0
2017-03-24,sh.600795,3.2,3.22,3.19,3.22,71056173,227662185.0
2017-03-27,sh.600795,3.22,3.23,3.2,3.21,58405817,187898337.0
2017-03-28,sh.600795,3.21,3.22,3.2,3.2,38689387,124010544.0
2017-03-29,sh.600795,3.2,3.24,3.19,3.21,77844925,249946144.0
2017-03-30,sh.600795,3.21,3.29,3.2,3.26,195321756,633240688.0
2017-03-31,sh.600795,3.24,3.3,3.24,3.26,170994472,559070192.0
2017-04-05,sh.600795,3.25,3.34,3.23,3.31,207677829,682595600.0
2017-04-06,sh.600795,3.3,3.34,3.29,3.31,162626839,539212368.0
2017-04-07,sh.600795,3.3,3.34,3.3,3.32,155129240,515780880.0
2017-04-10,sh.600795,3.32,3.33,3.29,3.3,102992522,340640080.0
2017-04-11,sh.600795,3.31,3.33,3.28,3.32,123854441,409657648.0
2017-04-12,sh.600795,3.32,3.4,3.3,3.38,262135310,882979264.0
2017-04-13,sh.600795,3.36,3.5,3.34,3.48,378238928,1299082064.0
2017-04-14,sh.600795,3.65,3.77,3.41,3.44,472475632,1674444992.0
2017-04-17,sh.600795,3.37,3.4,3.32,3.36,219058353,734816448.0
2017-04-18,sh.600795,3.34,3.41,3.33,3.35,144409819,487640208.0
2017-04-19,sh.600795,3.32,3.37,3.29,3.37,133071030,442126032.0
2017-04-20,sh.600795,3.35,3.37,3.31,3.36,88821804,296585920.0
2017-04-21,sh.600795,3.35,3.4,3.33,3.39,107511917,361772976.0
2017-04-24,sh.600795,3.38,3.44,3.34,3.42,181407832,613384000.0
2017-04-25,sh.600795,3.4,3.48,3.39,3.45,173536362,598099168.0
2017-04-26,sh.600795,3.43,3.44,3.41,3.42,100336058,343441600.0
2017-04-27,sh.600795,3.41,3.42,3.33,3.37,108974555,367121344.0
2017-04-28,sh.600795,3.35,3.38,3.34,3.37,72565814,243877368.0
2017-05-02,sh.600795,3.35,3.36,3.32,3.33,84103939,280700016.0
2017-05-03,sh.600795,3.32,3.33,3.26,3.27,114005904,375409472.0
2017-05-04,sh.600795,3.27,3.29,3.24,3.27,77825026,253832870.0
2017-05-05,sh.600795,3.25,3.28,3.22,3.28,91213507,296458432.0
2017-05-08,sh.600795,3.26,3.36,3.23,3.35,170796660,565224720.0
2017-05-09,sh.600795,3.33,3.44,3.32,3.41,192305810,653848800.0
2017-05-10,sh.600795,3.39,3.41,3.34,3.38,96548613,324989952.0
2017-05-11,sh.600795,3.36,3.45,3.35,3.43,200030563,681641056.0
2017-05-12,sh.600795,3.43,3.44,3.38,3.4,74347540,253509587.0
2017-05-15,sh.600795,3.41,3.44,3.36,3.43,84868911,288036048.0
2017-05-16,sh.600795,3.41,3.44,3.39,3.44,73758556,252072574.0
2017-05-17,sh.600795,3.43,3.46,3.41,3.43,67828062,232657851.0
2017-05-18,sh.600795,3.41,3.41,3.32,3.35,124233024,416768128.0
2017-05-19,sh.600795,3.33,3.37,3.33,3.37,56863110,190777451.0
2017-05-22,sh.600795,3.36,3.4,3.33,3.4,81230288,272989296.0
2017-05-23,sh.600795,3.38,3.44,3.36,3.41,111998039,380912816.0
2017-05-24,sh.600795,3.4,3.42,3.38,3.4,53933090,183009418.0
2017-05-25,sh.600795,3.39,3.45,3.37,3.44,110841963,379026528.0
2017-05-26,sh.600795,3.43,3.53,3.43,3.51,246108749,859520448.0
2017-05-31,sh.600795,3.5,3.55,3.47,3.52,156469949,549998080.0
2017-06-01,sh.600795,3.52,3.54,3.48,3.49,97672702,343112512.0
2017-06-02,sh.600795,3.51,3.61,3.5,3.6,233437622,834747968.0
2017-09-01,sh.600795,3.84,3.84,3.84,3.84,40961176,157290916.0
2017-09-04,sh.600795,4.09,4.09,3.67,3.69,974653360,3712655440.0
2017-09-05,sh.600795,3.62,3.65,3.53,3.56,347309168,1239247776.0
2017-09-06,sh.600795,3.55,3.62,3.53,3.57,187474560,669400272.0
2017-09-07,sh.600795,3.55,3.56,3.5,3.52,179817358,632600160.0
2017-09-08,sh.600795,3.5,3.53,3.49,3.5,106750519,374270432.0
2017-09-11,sh.600795,3.5,3.5,3.4,3.43,250383374,861298656.0
2017-09-12,sh.600795,3.43,3.45,3.41,3.43,143477185,491407101.0
2017-09-13,sh.600795,3.42,3.43,3.4,3.42,72970867,249105644.0
2017-09-14,sh.600795,3.43,3.43,3.39,3.39,94667951,322269092.0
2017-09-15,sh.600795,3.39,3.4,3.38,3.39,79527009,269594001.0
2017-09-18,sh.600795,3.39,3.41,3.38,3.39,81935146,278512032.0
2017-09-19,sh.600795,3.39,3.4,3.36,3.37,97908022,330602334.0
2017-09-20,sh.600795,3.36,3.37,3.35,3.37,69941883,235031173.0
2017-09-21,sh.600795,3.37,3.43,3.35,3.4,129461444,440068428.0
2017-09-22,sh.600795,3.38,3.42,3.35,3.41,110142315,372611022.0
2017-09-25,sh.600795,3.39,3.44,3.37,3.41,99998501,340770160.0
2017-09-26,sh.600795,3.41,3.41,3.39,3.41,56836147,193329456.0
2017-09-27,sh.600795,3.4,3.41,3.39,3.4,46656246,158446528.0
2017-09-28,sh.600795,3.39,3.4,3.35,3.35,73087134,245949478.0
2017-09-29,sh.600795,3.35,3.37,3.31,3.32,145358164,484690548.0
2017-10-09,sh.600795,3.35,3.36,3.33,3.34,81155744,271297039.0
2017-10-10,sh.600795,3.34,3.35,3.32,3.35,50203188,167379872.0
2017-10-11,sh.600795,3.34,3.37,3.33,3.36,75667017,253750213.0
2017-10-12,sh.600795,3.35,3.36,3.34,3.36,56935390,190631099.0
2017-10-13,sh.600795,3.35,3.36,3.34,3.34,52002284,174197494.0
2017-10-16,sh.600795,3.35,3.36,3.33,3.34,58017627,194030794.0
2017-10-17,sh.600795,3.34,3.34,3.31,3.32,44796713,148832757.0
2017-10-18,sh.600795,3.31,3.36,3.31,3.36,91750166,306138769.0
2017-10-19,sh.600795,3.35,3.38,3.33,3.36,92512863,310222949.0
2017-10-20,sh.600795,3.35,3.36,3.34,3.35,39502648,132156265.0
2017-10-23,sh.600795,3.35,3.35,3.32,3.33,35649426,118796434.0
2017-10-24,sh.600795,3.33,3.39,3.33,3.38,104947652,352947564.0
2017-10-25,sh.600795,3.37,3.38,3.36,3.37,47655162,160547770.0
2017-10-26,sh.600795,3.37,3.38,3.36,3.38,53238479,179350953.0
2017-10-27,sh.600795,3.37,3.44,3.36,3.41,119884851,407679294.0
2017-10-30,sh.600795,3.4,3.41,3.34,3.41,111595886,376195070.0
2017-10-31,sh.600795,3.38,3.39,3.37,3.38,46463295,157052387.0
2017-11-01,sh.600795,3.37,3.41,3.35,3.36,86823119,293842975.0
2017-11-02,sh.600795,3.36,3.37,3.32,3.37,91498969,305852803.0
2017-11-03,sh.600795,3.35,3.39,3.32,3.38,95271444,318981866.0
2017-11-06,sh.600795,3.36,3.37,3.34,3.35,37693400,126361139.0
2017-11-07,sh.600795,3.34,3.37,3.34,3.35,57178087,191582382.0
2017-11-08,sh.600795,3.35,3.41,3.34,3.39,106763611,361042764.0
2017-11-09,sh.600795,3.38,3.46,3.38,3.45,157990240,542081731.0
2017-11-10,sh.600795,3.43,3.44,3.4,3.41,85374758,291486805.0
2017-11-13,sh.600795,3.42,3.44,3.4,3.41,59976299,204813413.0
2017-11-14,sh.600795,3.41,3.49,3.4,3.46,147757126,510291554.0
2017-11-15,sh.600795,3.44,3.46,3.41,3.45,96936350,333342578.0
2017-11-16,sh.600795,3.44,3.45,3.35,3.36,101004430,342593699.0
2017-11-17,sh.600795,3.35,3.45,3.31,3.45,222001704,751729049.0
2017-11-20,sh.600795,3.42,3.48,3.41,3.48,141219453,487469164.0
2017-11-21,sh.600795,3.48,3.49,3.45,3.47,109793691,380742231.0
2017-11-22,sh.600795,3.47,3.54,3.45,3.53,148280132,518610093.0
2017-11-23,sh.600795,3.53,3.57,3.47,3.5,159966908,563593982.0
2017-11-24,sh.600795,3.49,3.53,3.44,3.51,98709819,344324877.0
2017-11-27,sh.600795,3.5,3.51,3.43,3.43,81225698,282248717.0
2017-11-28,sh.600795,3.42,3.44,3.38,3.43,70264726,239764525.0
2017-11-29,sh.600795,3.44,3.51,3.43,3.47,99168083,344583472.0
2017-11-30,sh.600795,3.45,3.47,3.4,3.41,68771370,235615831.0
2017-12-01,sh.600795,3.39,3.41,3.38,3.39,46868186,158955969.0
2017-12-04,sh.600795,3.39,3.4,3.36,3.36,50667535,171007755.0
2017-12-05,sh.600795,3.36,3.38,3.35,3.37,45978543,154631403.0
2017-12-06,sh.600795,3.36,3.36,3.32,3.35,53285291,177857467.0
2017-12-07,sh.600795,3.34,3.35,3.33,3.33,26578547,88756042.0
2017-12-08,sh.600795,3.34,3.35,3.33,3.34,34575126,115584938.0
2017-12-11,sh.600795,3.34,3.35,3.33,3.35,35249286,117807314.0
2017-12-12,sh.600795,3.35,3.35,3.32,3.33,31061047,103431552.0
2017-12-13,sh.600795,3.32,3.33,3.31,3.33,40484570,134383917.0
2017-12-14,sh.600795,3.32,3.33,3.27,3.27,67442446,222099597.0
2017-12-15,sh.600795,3.27,3.27,3.2,3.21,82691014,266273645.0
2017-12-18,sh.600795,3.2,3.21,3.16,3.17,48499286,154183323.0
2017-12-19,sh.600795,3.17,3.19,3.16,3.18,28879028,91702331.0
2017-12-20,sh.600795,3.18,3.19,3.11,3.11,62246629,195517217.0
2017-12-21,sh.600795,3.11,3.15,3.08,3.14,52363804,162988592.0
2017-12-22,sh.600795,3.13,3.14,3.11,3.12,23324400,72782650.0
2017-12-25,sh.600795,3.11,3.12,3.05,3.06,59850605,184285968.0
2017-12-26,sh.600795,3.06,3.08,3.03,3.07,43433540,132624378.0
2017-12-27,sh.600795,3.06,3.11,3.04,3.08,50400032,155046382.0
2017-12-28,sh.600795,3.07,3.13,3.06,3.11,44021615,136599961.0
2017-12-29,sh.600795,3.1,3.13,3.1,3.12,28748559,89581179.0
2018-01-02,sh.600795,3.12,3.15,3.11,3.14,41038277,128743306.0
2018-01-03,sh.600795,3.14,3.16,3.13,3.15,40576221,127664080.0
2018-01-04,sh.600795,3.15,3.18,3.14,3.16,49086228,155183337.0
2018-01-05,sh.600795,3.16,3.17,3.14,3.16,41563647,130972293.0
2018-01-08,sh.600795,3.15,3.22,3.14,3.2,74377478,237942168.0
2018-01-09,sh.600795,3.2,3.2,3.16,3.17,38433216,122066497.0
2018-01-10,sh.600795,3.17,3.17,3.14,3.15,42645097,134424723.0
2018-01-11,sh.600795,3.15,3.15,3.12,3.13,35078106,109915408.0
2018-01-12,sh.600795,3.14,3.18,3.13,3.16,32987248,104123468.0
2018-01-15,sh.600795,3.14,3.15,3.12,3.12,40785464,127703267.0
2018-01-16,sh.600795,3.12,3.15,3.11,3.14,26557422,83309799.0
2018-01-17,sh.600795,3.14,3.2,3.14,3.19,68128260,216511930.0
2018-01-18,sh.600795,3.17,3.19,3.17,3.19,36048894,114637199.0
2018-01-19,sh.600795,3.19,3.23,3.18,3.21,63417356,203532005.0
2018-01-22,sh.600795,3.2,3.23,3.18,3.21,52072571,166890659.0
2018-01-23,sh.600795,3.21,3.22,3.19,3.21,43747922,140180206.0
2018-01-24,sh.600795,3.21,3.24,3.2,3.23,51628029,166421957.0
2018-01-25,sh.600795,3.22,3.28,3.22,3.25,76473465,249112061.0
2018-01-26,sh.600795,3.25,3.25,3.21,3.23,50633728,163536160.0
2018-01-29,sh.600795,3.23,3.28,3.22,3.25,65025337,211830371.0
2018-01-30,sh.600795,3.24,3.25,3.18,3.19,58778501,188554591.0
2018-01-31,sh.600795,3.17,3.18,3.1,3.12,74347429,232812219.0
2018-02-01,sh.600795,3.12,3.13,3.05,3.06,68192554,210202739.0
2018-02-02,sh.600795,3.06,3.11,3.03,3.1,48587327,149330079.0
2018-02-05,sh.600795,3.07,3.1,3.05,3.09,32557172,100388894.0
2018-02-06,sh.600795,3.07,3.16,3.06,3.07,80193797,249365618.0
2018-02-07,sh.600795,3.1,3.12,3.06,3.08,52601106,162435033.0
2018-02-08,sh.600795,3.08,3.09,3.05,3.07,40868822,125263405.0
2018-02-09,sh.600795,3.04,3.04,2.94,2.97,93755126,279649008.0
2018-02-12,sh.600795,2.97,3.0,2.96,2.99,30746342,91739408.0
2018-02-13,sh.600795,3.0,3.01,2.98,2.98,31104859,93147950.0
2018-02-14,sh.600795,2.99,3.0,2.98,2.99,16672669,49854623.0
2018-02-22,sh.600795,3.0,3.02,2.99,3.0,44109078,132348853.0
2018-02-23,sh.600795,3.0,3.02,2.99,3.01,43855200,131815490.0
2018-02-26,sh.600795,3.01,3.04,2.99,3.03,66053038,198999474.0
2018-02-27,sh.600795,3.03,3.04,3.0,3.01,41285422,124245809.0
2018-02-28,sh.600795,3.0,3.01,2.98,3.0,30895423,92552340.0
2018-03-01,sh.600795,2.99,3.02,2.98,3.02,45542290,136911204.0
2018-03-02,sh.600795,3.02,3.12,3.01,3.09,107110550,329523553.0
2018-03-05,sh.600795,3.08,3.1,3.05,3.09,54606430,167619701.0
2018-03-06,sh.600795,3.08,3.1,3.07,3.1,40176614,124126121.0
2018-03-07,sh.600795,3.09,3.16,3.07,3.12,77996773,243314174.0
2018-03-08,sh.600795,3.11,3.23,3.1,3.18,116183337,369748277.0
2018-03-09,sh.600795,3.17,3.18,3.15,3.16,50529911,159663368.0
2018-03-12,sh.600795,3.16,3.17,3.14,3.16,49144119,154747353.0
2018-03-13,sh.600795,3.15,3.15,3.11,3.11,47935125,149726267.0
2018-03-14,sh.600795,3.11,3.15,3.11,3.12,31496250,98470731.0
2018-03-15,sh.600795,3.12,3.14,3.09,3.11,42486978,132341476.0
2018-03-16,sh.600795,3.1,3.12,3.07,3.08,36335995,112411921.0
2018-03-19,sh.600795,3.08,3.09,3.07,3.07,28677202,88230012.0
2018-03-20,sh.600795,3.07,3.09,3.05,3.08,30587801,93902975.0
2018-03-21,sh.600795,3.08,3.1,3.06,3.06,33920032,104468264.0
2018-03-22,sh.600795,3.06,3.08,3.04,3.04,40340716,123183778.0
2018-03-23,sh.600795,3.01,3.02,2.95,2.97,81929650,244617471.0
2018-03-26,sh.600795,2.95,2.98,2.91,2.97,43677479,128412945.0
2018-03-27,sh.600795,2.99,3.01,2.97,2.99,52282125,156240603.0
2018-03-28,sh.600795,2.97,2.98,2.95,2.96,34803153,103102582.0
2018-03-29,sh.600795,2.98,2.98,2.95,2.98,31576521,93669941.0
2018-03-30,sh.600795,2.98,2.99,2.95,2.97,39777690,117875381.0
2018-04-02,sh.600795,2.97,2.97,2.94,2.95,47583737,140495159.0
2018-04-03,sh.600795,2.93,2.94,2.92,2.93,29997178,87812481.0
2018-04-04,sh.600795,2.93,2.94,2.91,2.91,34524688,100972148.0
2018-04-09,sh.600795,2.91,2.91,2.88,2.89,41788084,120892569.0
2018-04-10,sh.600795,2.89,2.92,2.88,2.92,28058781,81554844.0
2018-04-11,sh.600795,2.93,2.95,2.91,2.94,50743028,148794615.0
2018-04-12,sh.600795,2.94,2.95,2.93,2.94,25351800,74485878.0
2018-04-13,sh.600795,2.94,2.95,2.92,2.92,20174901,59161638.0
2018-04-16,sh.600795,2.92,2.92,2.86,2.88,44180400,127593862.0
2018-04-17,sh.600795,2.89,2.89,2.86,2.87,28990432,83392309.0
2018-04-18,sh.600795,2.88,2.89,2.85,2.87,27264834,78087333.0
2018-04-19,sh.600795,2.87,2.9,2.86,2.89,34872487,100601886.0
2018-04-20,sh.600795,2.87,2.88,2.84,2.85,32090244,91794718.0
2018-04-23,sh.600795,2.85,2.87,2.83,2.85,31224960,88934474.0
2018-04-24,sh.600795,2.84,2.87,2.84,2.86,53948350,154065040.0
2018-04-25,sh.600795,2.85,2.86,2.84,2.85,27556040,78501283.0
2018-04-26,sh.600795,2.85,2.86,2.82,2.82,37466029,106474884.0
2018-04-27,sh.600795,2.83,2.85,2.82,2.84,36791795,104223288.0
2018-05-02,sh.600795,2.84,2.86,2.83,2.86,48251481,137163778.0
2018-05-03,sh.600795,2.85,2.91,2.85,2.9,62266142,179407054.0
2018-05-04,sh.600795,2.9,2.91,2.88,2.9,25753214,74463418.0
2018-05-07,sh.600795,2.9,2.92,2.89,2.91,29334145,85235207.0
2018-05-08,sh.600795,2.91,2.92,2.89,2.91,29294158,85010957.0
2018-05-09,sh.600795,2.9,2.91,2.88,2.9,26000901,75170819.0
2018-05-10,sh.600795,2.9,2.91,2.89,2.89,32464905,93978560.0
2018-05-11,sh.600795,2.9,2.9,2.88,2.88,29010481,83721626.0
2018-05-14,sh.600795,2.89,2.89,2.86,2.87,31903000,91768173.0
2018-05-15,sh.600795,2.87,2.9,2.86,2.89,32549816,93620133.0
2018-05-16,sh.600795,2.88,2.92,2.87,2.91,53898231,156303483.0
2018-05-17,sh.600795,2.9,2.91,2.89,2.9,27727673,80354757.0
2018-05-18,sh.600795,2.9,2.91,2.88,2.91,30951937,89716354.0
2018-05-21,sh.600795,2.91,2.94,2.91,2.93,52967292,155174367.0
2018-05-22,sh.600795,2.93,2.94,2.91,2.92,29495500,86203025.0
2018-05-23,sh.600795,2.92,3.01,2.92,2.98,128275566,381352345.0
2018-05-24,sh.600795,2.97,2.98,2.93,2.93,67303499,198598773.0
2018-05-25,sh.600795,2.93,2.93,2.89,2.91,53157142,154495498.0
2018-05-28,sh.600795,2.91,2.91,2.88,2.88,33841742,97753328.0
2018-05-29,sh.600795,2.87,2.89,2.86,2.87,25732962,74012644.0
2018-05-30,sh.600795,2.86,2.86,2.81,2.82,41560195,117906215.0
2018-05-31,sh.600795,2.83,2.85,2.82,2.84,28316559,80369387.0
2018-06-01,sh.600795,2.83,2.84,2.82,2.84,26275892,74313221.0
2018-06-04,sh.600795,2.84,2.84,2.82,2.83,21462067,60754501.0
2018-06-05,sh.600795,2.83,2.85,2.82,2.85,25115134,71179893.0
2018-06-06,sh.600795,2.84,2.85,2.83,2.85,22497624,63801333.0
2018-06-07,sh.600795,2.84,2.85,2.82,2.82,21408728,60696415.0
2018-06-08,sh.600795,2.82,2.83,2.77,2.79,40433983,113132134.0
2018-06-11,sh.600795,2.78,2.79,2.76,2.79,28454496,79010652.0
2018-06-12,sh.600795,2.78,2.79,2.77,2.78,21275871,59111294.0
2018-06-13,sh.600795,2.78,2.79,2.77,2.79,30751341,85460571.0
2018-06-14,sh.600795,2.78,2.79,2.76,2.79,20075605,55765295.0
2018-06-15,sh.600795,2.78,2.78,2.74,2.76,32537848,89707141.0
2018-06-19,sh.600795,2.74,2.74,2.54,2.6,80187305,211936903.0
2018-06-20,sh.600795,2.58,2.63,2.57,2.61,33898727,88306912.0
2018-06-21,sh.600795,2.61,2.64,2.6,2.61,44057085,115403326.0
2018-06-22,sh.600795,2.61,2.62,2.59,2.62,22322579,58192484.0
2018-06-25,sh.600795,2.62,2.63,2.59,2.59,24589200,64253778.0
2018-06-26,sh.600795,2.57,2.58,2.54,2.58,34406916,88285192.0
2018-06-27,sh.600795,2.58,2.58,2.56,2.58,23878562,61451247.0
2018-06-28,sh.600795,2.57,2.61,2.57,2.6,26847013,69495603.0
2018-06-29,sh.600795,2.59,2.63,2.58,2.62,26033413,67915943.0
2018-07-02,sh.600795,2.61,2.68,2.6,2.63,45209207,119493679.0
2018-07-03,sh.600795,2.63,2.65,2.61,2.64,30980218,81535259.0
2018-07-04,sh.600795,2.63,2.66,2.63,2.65,23077989,61060740.0
2018-07-05,sh.600795,2.64,2.65,2.58,2.6,27222839,71222908.0
2018-07-06,sh.600795,2.6,2.64,2.57,2.63,30948123,80814176.0
2018-07-09,sh.600795,2.62,2.67,2.62,2.67,35142571,93215137.0
2018-07-10,sh.600795,2.6,2.61,2.58,2.59,21953202,56854943.0
2018-07-11,sh.600795,2.58,2.59,2.53,2.55,24234490,61900928.0
2018-07-12,sh.600795,2.55,2.6,2.54,2.59,31200443,80558407.0
2018-07-13,sh.600795,2.59,2.59,2.57,2.57,16121136,41574597.0
2018-07-16,sh.600795,2.57,2.58,2.56,2.57,13990891,35932647.0
2018-07-17,sh.600795,2.57,2.57,2.55,2.57,13261704,33954994.0
2018-07-18,sh.600795,2.57,2.7,2.56,2.67,103177509,273457402.0
2018-07-19,sh.600795,2.65,2.66,2.62,2.63,38653474,101972804.0
2018-07-20,sh.600795,2.63,2.73,2.62,2.71,103392376,279813814.0
2018-07-23,sh.600795,2.7,2.75,2.69,2.73,53953951,147304002.0
2018-07-24,sh.600795,2.73,2.76,2.71,2.75,57410241,157228150.0
2018-07-25,sh.600795,2.75,2.75,2.71,2.72,28468831,77643786.0
2018-07-26,sh.600795,2.72,2.77,2.72,2.75,35717248,98162784.0
2018-07-27,sh.600795,2.75,2.77,2.72,2.72,32753583,90027360.0
2018-07-30,sh.600795,2.73,2.8,2.72,2.77,55789150,154794143.0
2018-07-31,sh.600795,2.78,2.78,2.76,2.78,25669196,71132881.0
2018-08-01,sh.600795,2.76,2.78,2.72,2.72,37963000,104317406.0
2018-08-02,sh.600795,2.72,2.73,2.64,2.68,49967804,134021046.0
2018-08-03,sh.600795,2.67,2.7,2.66,2.68,24731559,66210209.0
2018-08-06,sh.600795,2.67,2.68,2.63,2.64,29465849,78023845.0
2018-08-07,sh.600795,2.62,2.7,2.62,2.69,35076312,93377057.0
2018-08-08,sh.600795,2.69,2.71,2.68,2.69,27190339,73230331.0
2018-08-09,sh.600795,2.68,2.71,2.66,2.7,36667514,98667506.0
2018-08-10,sh.600795,2.69,2.69,2.61,2.63,70593872,186770234.0
2018-08-13,sh.600795,2.61,2.64,2.58,2.63,30821159,80275249.0
2018-08-14,sh.600795,2.63,2.63,2.6,2.62,26213307,68570943.0
2018-08-15,sh.600795,2.62,2.63,2.59,2.6,30111496,78562601.0
2018-08-16,sh.600795,2.58,2.6,2.56,2.58,37946496,97786905.0
2018-08-17,sh.600795,2.58,2.59,2.54,2.55,36548766,93732413.0
2018-08-20,sh.600795,2.55,2.57,2.53,2.57,31298820,79760575.0
2018-08-21,sh.600795,2.56,2.59,2.55,2.58,27268238,70170448.0
2018-08-22,sh.600795,2.58,2.58,2.55,2.57,30219967,77464138.0
2018-08-23,sh.600795,2.56,2.58,2.56,2.57,23707771,60929683.0
2018-08-24,sh.600795,2.57,2.58,2.55,2.57,26665566,68397659.0
2018-08-27,sh.600795,2.57,2.6,2.56,2.6,33161909,85693584.0
2018-08-28,sh.600795,2.59,2.6,2.58,2.58,27104426,70143246.0
2018-08-29,sh.600795,2.59,2.61,2.58,2.59,33054178,85673686.0
2018-08-30,sh.600795,2.6,2.61,2.58,2.58,31059688,80455915.0
2018-08-31,sh.600795,2.58,2.59,2.54,2.59,61441028,157591398.0
2018-09-03,sh.600795,2.57,2.57,2.54,2.55,27609342,70479445.0
2018-09-04,sh.600795,2.55,2.57,2.54,2.56,27517164,70236375.0
2018-09-05,sh.600795,2.56,2.56,2.53,2.54,21887100,55731296.0
2018-09-06,sh.600795,2.53,2.55,2.53,2.54,19747561,50172729.0
2018-09-07,sh.600795,2.53,2.56,2.52,2.53,30653282,77784614.0
2018-09-10,sh.600795,2.52,2.53,2.5,2.51,23729153,59573135.0
2018-09-11,sh.600795,2.51,2.52,2.49,2.5,22989279,57494483.0
2018-09-12,sh.600795,2.5,2.51,2.49,2.5,18882702,47232270.0
2018-09-13,sh.600795,2.51,2.52,2.49,2.51,31174293,77956329.0
2018-09-14,sh.600795,2.51,2.51,2.49,2.49,21164301,52816937.0
2018-09-17,sh.600795,2.49,2.5,2.47,2.48,24231858,60230137.0
2018-09-18,sh.600795,2.48,2.52,2.47,2.51,40415454,100993329.0
2018-09-19,sh.600795,2.51,2.56,2.5,2.54,58095729,147177090.0
2018-09-20,sh.600795,2.54,2.54,2.52,2.54,27518356,69713312.0
2018-09-21,sh.600795,2.53,2.57,2.53,2.57,44763453,114330184.0
2018-09-25,sh.600795,2.56,2.56,2.53,2.55,31487392,80073395.0
2018-09-26,sh.600795,2.54,2.56,2.53,2.54,40025098,101965710.0
2018-09-27,sh.600795,2.55,2.55,2.53,2.54,30538553,77534036.0
2018-09-28,sh.600795,2.54,2.56,2.53,2.55,47664208,121395877.0
2018-10-08,sh.600795,2.53,2.54,2.49,2.49,47397900,119140901.0
2018-10-09,sh.600795,2.49,2.52,2.49,2.49,31803938,79534079.0
2018-10-10,sh.600795,2.5,2.51,2.49,2.5,30370030,75995398.0
2018-10-11,sh.600795,2.47,2.47,2.34,2.37,79464475,191682285.0
2018-10-12,sh.600795,2.35,2.39,2.31,2.37,46699677,109718778.0
2018-10-15,sh.600795,2.37,2.38,2.32,2.33,29057310,68298081.0
2018-10-16,sh.600795,2.32,2.34,2.29,2.3,41330125,95621307.0
2018-10-17,sh.600795,2.31,2.33,2.29,2.32,35772746,82724687.0
2018-10-18,sh.600795,2.31,2.32,2.28,2.28,32552569,74742569.0
2018-10-19,sh.600795,2.27,2.33,2.25,2.33,38898690,89363449.0
2018-10-22,sh.600795,2.33,2.43,2.33,2.42,58256198,139688561.0
2018-10-23,sh.600795,2.41,2.42,2.38,2.39,38791708,92934519.0
2018-10-24,sh.600795,2.38,2.42,2.37,2.41,29566442,71028805.0
2018-10-25,sh.600795,2.38,2.41,2.35,2.4,30390832,72343592.0
2018-10-26,sh.600795,2.4,2.44,2.4,2.41,35423683,85598415.0
2018-10-29,sh.600795,2.41,2.42,2.38,2.4,25138129,60320470.0
2018-10-30,sh.600795,2.38,2.43,2.38,2.42,30056513,72463086.0
2018-10-31,sh.600795,2.42,2.45,2.42,2.44,33576692,81916215.0
2018-11-01,sh.600795,2.44,2.47,2.44,2.44,33917042,83264687.0
2018-11-02,sh.600795,2.46,2.48,2.45,2.47,39080556,96338487.0
2018-11-05,sh.600795,2.47,2.48,2.45,2.47,25966679,64020414.0
2018-11-06,sh.600795,2.47,2.48,2.46,2.47,19906154,49128411.0
2018-11-07,sh.600795,2.47,2.48,2.45,2.46,29490645,72684949.0
2018-11-08,sh.600795,2.46,2.47,2.44,2.44,25042494,61594093.0
2018-11-09,sh.600795,2.45,2.45,2.43,2.43,17857805,43588157.0
2018-11-12,sh.600795,2.43,2.48,2.42,2.47,28564291,70276836.0
2018-11-13,sh.600795,2.46,2.52,2.45,2.51,45152917,112394739.0
2018-11-14,sh.600795,2.5,2.51,2.48,2.48,32262722,80669445.0
2018-11-15,sh.600795,2.48,2.51,2.48,2.51,28093784,70144812.0
2018-11-16,sh.600795,2.51,2.52,2.49,2.51,46044006,115282525.0
2018-11-19,sh.600795,2.51,2.53,2.49,2.52,40329553,101129063.0
2018-11-20,sh.600795,2.51,2.51,2.46,2.47,36827345,91609075.0
2018-11-21,sh.600795,2.46,2.49,2.45,2.48,29086570,71941812.0
2018-11-22,sh.600795,2.48,2.49,2.47,2.48,17614095,43680014.0
2018-11-23,sh.600795,2.48,2.48,2.42,2.45,32371909,79280909.0
2018-11-26,sh.600795,2.44,2.45,2.42,2.43,23597995,57501900.0
2018-11-27,sh.600795,2.44,2.46,2.42,2.45,25890761,63061646.0
2018-11-28,sh.600795,2.45,2.46,2.43,2.46,21812087,53420402.0
2018-11-29,sh.600795,2.46,2.49,2.43,2.44,42535208,104853087.0
2018-11-30,sh.600795,2.44,2.5,2.43,2.49,42488358,105007912.0
2018-12-03,sh.600795,2.5,2.54,2.5,2.52,45829424,115588525.0
2018-12-04,sh.600795,2.52,2.54,2.51,2.53,28599904,72312443.0
2018-12-05,sh.600795,2.51,2.55,2.5,2.53,34822184,88132491.0
2018-12-06,sh.600795,2.53,2.54,2.51,2.51,28852442,72845777.0
2018-12-07,sh.600795,2.52,2.56,2.51,2.55,29424404,74543565.0
2018-12-10,sh.600795,2.54,2.55,2.52,2.53,28647297,72561148.0
2018-12-11,sh.600795,2.54,2.55,2.51,2.51,19052900,48156455.0
2018-12-12,sh.600795,2.52,2.54,2.51,2.52,21507974,54328878.0
2018-12-13,sh.600795,2.53,2.56,2.51,2.54,32774681,83221089.0
2018-12-14,sh.600795,2.53,2.54,2.5,2.5,35446784,89218196.0
2018-12-17,sh.600795,2.5,2.5,2.48,2.5,32275600,80398481.0
2018-12-18,sh.600795,2.49,2.5,2.46,2.48,27556428,68395998.0
2018-12-19,sh.600795,2.49,2.52,2.48,2.49,28857505,72107398.0
2018-12-20,sh.600795,2.49,2.5,2.45,2.47,25959873,64192199.0
2018-12-21,sh.600795,2.46,2.49,2.45,2.48,30165332,74464556.0
2018-12-24,sh.600795,2.46,2.52,2.46,2.51,34927086,86840730.0
2018-12-25,sh.600795,2.49,2.5,2.45,2.48,27321069,67544334.0
2018-12-26,sh.600795,2.48,2.49,2.46,2.48,22644885,56089899.0
2018-12-27,sh.600795,2.5,2.52,2.46,2.51,45882843,114190561.0
2018-12-28,sh.600795,2.5,2.57,2.48,2.56,71289301,180648577.0
2019-01-02,sh.600795,2.55,2.57,2.52,2.55,48306400,122987574.0
2019-01-03,sh.600795,2.54,2.56,2.53,2.55,28300007,72078075.0
2019-01-04,sh.600795,2.54,2.58,2.53,2.57,41762670,106741048.0
2019-01-07,sh.600795,2.58,2.58,2.55,2.57,40051837,102727243.0
2019-01-08,sh.600795,2.57,2.62,2.56,2.6,38900769,100827479.0
2019-01-09,sh.600795,2.6,2.64,2.59,2.6,52389727,137097911.0
2019-01-10,sh.600795,2.6,2.61,2.58,2.59,32005153,83133628.0
2019-01-11,sh.600795,2.6,2.61,2.57,2.59,24528281,63491698.0
2019-01-14,sh.600795,2.58,2.59,2.55,2.55,24630701,63197541.0
2019-01-15,sh.600795,2.55,2.58,2.54,2.57,17613697,45254889.0
2019-01-16,sh.600795,2.58,2.59,2.56,2.57,22563243,58195628.0
2019-01-17,sh.600795,2.57,2.58,2.55,2.55,20762458,53214295.0
2019-01-18,sh.600795,2.56,2.59,2.55,2.59,30246398,77907278.0
2019-01-21,sh.600795,2.59,2.6,2.57,2.57,19414100,50087030.0
2019-01-22,sh.600795,2.58,2.58,2.55,2.56,22101656,56736242.0
2019-01-23,sh.600795,2.55,2.56,2.54,2.55,24459901,62392022.0
2019-01-24,sh.600795,2.56,2.57,2.54,2.56,22424009,57307975.0
2019-01-25,sh.600795,2.57,2.59,2.56,2.58,39226522,101168915.0
2019-01-28,sh.600795,2.58,2.61,2.58,2.6,31631067,82046567.0
2019-01-29,sh.600795,2.59,2.6,2.55,2.56,31717332,81267725.0
2019-01-30,sh.600795,2.49,2.49,2.42,2.43,88294371,215849045.0
2019-01-31,sh.600795,2.42,2.44,2.4,2.4,52176007,126457329.0
2019-02-01,sh.600795,2.41,2.46,2.4,2.46,29778505,72484213.0
2019-02-11,sh.600795,2.45,2.48,2.45,2.47,34554573,85189194.0
2019-02-12,sh.600795,2.47,2.49,2.46,2.49,45221828,112138785.0
2019-02-13,sh.600795,2.49,2.53,2.47,2.52,54467126,136637938.0
2019-02-14,sh.600795,2.52,2.55,2.5,2.52,48311447,121622388.0
2019-02-15,sh.600795,2.52,2.56,2.51,2.54,54242527,137972753.0
2019-02-18,sh.600795,2.54,2.6,2.54,2.59,70520554,181407845.0
2019-02-19,sh.600795,2.6,2.61,2.58,2.59,63002724,163258839.0
2019-02-20,sh.600795,2.6,2.6,2.56,2.58,42111674,108660944.0
2019-02-21,sh.600795,2.58,2.58,2.54,2.55,52671626,135169161.0
2019-02-22,sh.600795,2.55,2.57,2.54,2.57,46251893,118151606.0
2019-02-25,sh.600795,2.58,2.66,2.57,2.66,173289822,453868409.0
2019-02-26,sh.600795,2.67,2.75,2.64,2.69,195979523,528636618.0
2019-02-27,sh.600795,2.68,2.72,2.66,2.68,145191786,390891347.0
2019-02-28,sh.600795,2.67,2.69,2.64,2.65,81477481,217059103.0
2019-03-01,sh.600795,2.65,2.66,2.62,2.65,92071439,242835067.0
2019-03-04,sh.600795,2.65,2.72,2.64,2.69,163497751,439191999.0
2019-03-05,sh.600795,2.69,2.71,2.68,2.71,111085643,298901046.0
2019-03-06,sh.600795,2.71,2.77,2.7,2.77,205483536,562608829.0
2019-03-07,sh.600795,2.78,2.86,2.74,2.83,260390678,730443353.0
2019-03-08,sh.600795,2.78,2.78,2.68,2.68,205957275,563971941.0
2019-03-11,sh.600795,2.68,2.78,2.68,2.78,146715479,400202558.0
2019-03-12,sh.600795,2.78,2.98,2.76,2.86,309022576,885444511.0
2019-03-13,sh.600795,2.82,2.84,2.76,2.78,163278428,457074703.0
2019-03-14,sh.600795,2.77,2.78,2.68,2.71,107540000,293065587.0
2019-03-15,sh.600795,2.7,2.74,2.69,2.72,90506264,245954454.0
2019-03-18,sh.600795,2.72,2.76,2.7,2.76,111587964,304612299.0
2019-03-19,sh.600795,2.76,2.8,2.74,2.76,115447751,319219323.0
2019-03-20,sh.600795,2.76,2.76,2.71,2.74,76070154,208299369.0
2019-03-21,sh.600795,2.75,2.78,2.74,2.75,86790591,239112039.0
2019-03-22,sh.600795,2.76,2.76,2.71,2.74,73635348,201199540.0
2019-03-25,sh.600795,2.71,2.73,2.7,2.71,73087590,198375616.0
2019-03-26,sh.600795,2.71,2.73,2.64,2.65,88396838,236656130.0
2019-03-27,sh.600795,2.66,2.67,2.63,2.65,47324211,125146335.0
2019-03-28,sh.600795,2.64,2.65,2.61,2.62,48837464,128487178.0
2019-03-29,sh.600795,2.62,2.68,2.61,2.68,82082563,217568228.0
2019-04-01,sh.600795,2.68,2.75,2.68,2.73,112471016,306478511.0
2019-04-02,sh.600795,2.74,2.75,2.72,2.74,79652224,217629541.0
2019-04-03,sh.600795,2.73,2.76,2.71,2.75,84161254,230521275.0
2019-04-04,sh.600795,2.76,2.79,2.75,2.78,107786504,298788588.0
2019-04-08,sh.600795,2.78,2.8,2.73,2.75,108559492,299940626.0
2019-04-09,sh.600795,2.75,2.77,2.74,2.76,74929374,206488310.0
2019-04-10,sh.600795,2.75,2.77,2.72,2.75,75336238,206892026.0
2019-04-11,sh.600795,2.76,2.84,2.75,2.82,202255152,567872819.0
2019-04-12,sh.600795,2.8,2.87,2.78,2.85,185148450,524322050.0
2019-04-15,sh.600795,2.87,2.89,2.82,2.82,139494432,397959321.0
2019-04-16,sh.600795,2.8,2.82,2.75,2.81,93524838,260431623.0
2019-04-17,sh.600795,2.8,2.81,2.78,2.8,74447974,208325335.0
2019-04-18,sh.600795,2.8,2.84,2.79,2.81,69793996,195979494.0
2019-04-19,sh.600795,2.81,2.82,2.78,2.8,63909256,178585748.0
2019-04-22,sh.600795,2.81,2.82,2.76,2.77,85190133,237335827.0
2019-04-23,sh.600795,2.78,2.78,2.74,2.76,70264038,193933918.0
2019-04-24,sh.600795,2.76,2.77,2.72,2.74,56394862,154495478.0
2019-04-25,sh.600795,2.74,2.74,2.68,2.69,61909324,167820821.0
2019-04-26,sh.600795,2.68,2.68,2.62,2.63,78554635,207992392.0
2019-04-29,sh.600795,2.63,2.68,2.63,2.64,69727041,185218020.0
2019-04-30,sh.600795,2.64,2.73,2.64,2.71,72425772,196019546.0
2019-05-06,sh.600795,2.69,2.69,2.51,2.6,117819022,306634556.0
2019-05-07,sh.600795,2.59,2.61,2.53,2.57,104149217,267356409.0
2019-05-08,sh.600795,2.54,2.58,2.51,2.55,84436205,215046538.0
2019-05-09,sh.600795,2.54,2.55,2.52,2.53,41632193,105457095.0
2019-05-10,sh.600795,2.53,2.58,2.52,2.57,65707531,167878371.0
2019-05-13,sh.600795,2.54,2.56,2.53,2.55,34713533,88489399.0
2019-05-14,sh.600795,2.53,2.55,2.52,2.53,39154167,99277772.0
2019-05-15,sh.600795,2.54,2.57,2.53,2.55,67697572,172299677.0
2019-05-16,sh.600795,2.55,2.57,2.54,2.57,42696598,108929866.0
2019-05-17,sh.600795,2.56,2.57,2.51,2.51,46318479,117423250.0
2019-05-20,sh.600795,2.5,2.51,2.48,2.49,49349986,122925417.0
2019-05-21,sh.600795,2.49,2.52,2.48,2.51,34078245,85431151.0
2019-05-22,sh.600795,2.51,2.52,2.48,2.49,32672028,81639189.0
2019-05-23,sh.600795,2.49,2.5,2.46,2.47,35800406,88644883.0
2019-05-24,sh.600795,2.47,2.49,2.46,2.47,30895168,76318952.0
2019-05-27,sh.600795,2.47,2.52,2.46,2.51,41487323,103281467.0
2019-05-28,sh.600795,2.51,2.53,2.5,2.53,70585698,177436065.0
2019-05-29,sh.600795,2.51,2.53,2.5,2.51,32671907,82063829.0
2019-05-30,sh.600795,2.51,2.51,2.49,2.5,25863633,64681498.0
2019-05-31,sh.600795,2.51,2.53,2.5,2.52,36568763,92094715.0
2019-06-03,sh.600795,2.51,2.53,2.5,2.52,35020971,87997988.0
2019-06-04,sh.600795,2.51,2.52,2.49,2.5,27418766,68498039.0
2019-06-05,sh.600795,2.51,2.52,2.5,2.5,32094055,80495598.0
2019-06-06,sh.600795,2.5,2.51,2.48,2.49,29500864,73530202.0
2019-06-10,sh.600795,2.5,2.53,2.49,2.53,49518687,124721090.0
2019-06-11,sh.600795,2.53,2.57,2.52,2.57,49166994,125413995.0
2019-06-12,sh.600795,2.56,2.57,2.54,2.55,38088071,97180046.0
2019-06-13,sh.600795,2.55,2.55,2.53,2.54,39504317,100297520.0
2019-06-14,sh.600795,2.55,2.55,2.52,2.53,33278167,84319166.0
2019-06-17,sh.600795,2.53,2.56,2.52,2.54,32693243,83079414.0
2019-06-18,sh.600795,2.55,2.56,2.54,2.55,32740473,83522926.0
2019-06-19,sh.600795,2.58,2.59,2.56,2.57,40212482,103404696.0
2019-06-20,sh.600795,2.56,2.59,2.55,2.58,63297024,163188626.0
2019-06-21,sh.600795,2.59,2.6,2.58,2.59,52918589,136867032.0
2019-06-24,sh.600795,2.59,2.6,2.57,2.57,36774109,94784245.0
2019-06-25,sh.600795,2.58,2.59,2.55,2.56,40490108,103845197.0
2019-06-26,sh.600795,2.56,2.57,2.54,2.55,26530394,67802734.0
2019-06-27,sh.600795,2.55,2.58,2.55,2.56,31846881,81651078.0
2019-06-28,sh.600795,2.53,2.57,2.52,2.54,49676202,125954402.0
2019-07-01,sh.600795,2.55,2.57,2.54,2.56,57733734,147635299.0
2019-07-02,sh.600795,2.56,2.56,2.54,2.55,36491554,93107179.0
2019-07-03,sh.600795,2.55,2.56,2.53,2.54,55982670,142286978.0
2019-07-04,sh.600795,2.54,2.56,2.53,2.55,59834552,152387758.0
2019-07-05,sh.600795,2.54,2.55,2.53,2.54,38781422,98496998.0
2019-07-08,sh.600795,2.54,2.54,2.49,2.49,52312735,131394383.0
2019-07-09,sh.600795,2.5,2.51,2.49,2.5,28990326,72479338.0
2019-07-10,sh.600795,2.5,2.51,2.48,2.49,26882123,66967476.0
2019-07-11,sh.600795,2.49,2.51,2.48,2.48,24814479,61850488.0
2019-07-12,sh.600795,2.49,2.5,2.48,2.49,25499679,63489921.0
2019-07-15,sh.600795,2.49,2.51,2.46,2.5,39999697,99624894.0
2019-07-16,sh.600795,2.5,2.51,2.49,2.51,18390679,46082791.0
2019-07-17,sh.600795,2.51,2.51,2.5,2.5,27353743,68529903.0
2019-07-18,sh.600795,2.5,2.5,2.48,2.49,23749104,59209414.0
2019-07-19,sh.600795,2.5,2.52,2.49,2.51,39213060,98412099.0
2019-07-22,sh.600795,2.51,2.52,2.49,2.5,32912717,82383308.0
2019-07-23,sh.600795,2.51,2.53,2.5,2.53,45286456,113963873.0
2019-07-24,sh.600795,2.53,2.54,2.52,2.54,42176021,106924616.0
2019-07-25,sh.600795,2.54,2.55,2.53,2.54,31534180,80087994.0
2019-07-26,sh.600795,2.54,2.56,2.53,2.56,53170284,135430442.0
2019-07-29,sh.600795,2.56,2.58,2.55,2.57,61532800,157667257.0
2019-07-30,sh.600795,2.58,2.58,2.54,2.55,33985750,86928590.0
2019-07-31,sh.600795,2.55,2.56,2.53,2.55,31769527,80951550.0
2019-08-01,sh.600795,2.54,2.58,2.54,2.57,59349228,151841252.0
2019-08-02,sh.600795,2.55,2.55,2.51,2.54,63332689,160342087.0
2019-08-05,sh.600795,2.54,2.55,2.5,2.51,48020600,121637664.0
2019-08-06,sh.600795,2.48,2.5,2.43,2.47,53057883,130721340.0
2019-08-07,sh.600795,2.47,2.52,2.46,2.47,47377333,117629885.0
2019-08-08,sh.600795,2.48,2.48,2.46,2.47,27766683,68585680.0
2019-08-09,sh.600795,2.47,2.48,2.44,2.45,25574127,62908662.0
2019-08-12,sh.600795,2.45,2.46,2.44,2.46,26892793,65890387.0
2019-08-13,sh.600795,2.45,2.45,2.43,2.45,28625843,69916710.0
2019-08-14,sh.600795,2.47,2.47,2.45,2.46,21149328,52098345.0
2019-08-15,sh.600795,2.43,2.46,2.41,2.45,33933711,82565493.0
2019-08-16,sh.600795,2.45,2.45,2.43,2.43,24189778,59050638.0
2019-08-19,sh.600795,2.44,2.47,2.43,2.47,38811527,95107053.0
2019-08-20,sh.600795,2.47,2.47,2.46,2.46,27257021,67180980.0
2019-08-21,sh.600795,2.46,2.49,2.46,2.47,33147851,81957479.0
2019-08-22,sh.600795,2.47,2.48,2.46,2.47,17357994,42756587.0
2019-08-23,sh.600795,2.47,2.47,2.46,2.47,19147282,47185659.0
2019-08-26,sh.600795,2.44,2.45,2.43,2.45,27469031,67068108.0
2019-08-27,sh.600795,2.45,2.49,2.44,2.46,59806723,147855541.0
2019-08-28,sh.600795,2.48,2.49,2.46,2.47,36593414,90433530.0
2019-08-29,sh.600795,2.47,2.47,2.45,2.47,21099281,51973423.0
2019-08-30,sh.600795,2.48,2.49,2.45,2.46,34654405,85570061.0
2019-09-02,sh.600795,2.46,2.48,2.45,2.47,42383893,104519521.0
2019-09-03,sh.600795,2.47,2.47,2.46,2.46,23915024,58900451.0
2019-09-04,sh.600795,2.47,2.48,2.46,2.47,40246023,99252124.0
2019-09-05,sh.600795,2.47,2.51,2.47,2.49,76577461,190719448.0
2019-09-06,sh.600795,2.49,2.5,2.47,2.49,38284557,95023863.0
2019-09-09,sh.600795,2.5,2.5,2.48,2.5,40262827,100316471.0
2019-09-10,sh.600795,2.49,2.5,2.48,2.49,37643598,93677051.0
2019-09-11,sh.600795,2.49,2.5,2.48,2.5,40686298,101398581.0
2019-09-12,sh.600795,2.49,2.5,2.48,2.5,38463261,95798424.0
2019-09-16,sh.600795,2.5,2.52,2.49,2.51,65664903,164509625.0
2019-09-17,sh.600795,2.5,2.51,2.47,2.47,60467190,150373070.0
2019-09-18,sh.600795,2.47,2.48,2.47,2.47,26973339,66753578.0
2019-09-19,sh.600795,2.48,2.48,2.46,2.47,33393607,82387634.0
2019-09-20,sh.600795,2.47,2.48,2.46,2.47,42124951,103974373.0
2019-09-23,sh.600795,2.47,2.47,2.43,2.45,55858260,136528665.0
2019-09-24,sh.600795,2.44,2.45,2.43,2.43,48265273,117569608.0
2019-09-25,sh.600795,2.42,2.43,2.41,2.41,28091774,67966784.0
2019-09-26,sh.600795,2.41,2.42,2.41,2.41,34936157,84353285.0
2019-09-27,sh.600795,2.41,2.42,2.4,2.4,28424486,68397768.0
2019-09-30,sh.600795,2.41,2.41,2.39,2.39,33893757,81326541.0
2019-10-08,sh.600795,2.39,2.4,2.38,2.38,28492504,68128032.0
2019-10-09,sh.600795,2.37,2.38,2.35,2.37,39997347,94503024.0
2019-10-10,sh.600795,2.37,2.39,2.36,2.38,37329487,88677153.0
2019-10-11,sh.600795,2.38,2.4,2.37,2.39,35594047,84941580.0
2019-10-14,sh.600795,2.4,2.42,2.39,2.41,39183115,94450956.0
2019-10-15,sh.600795,2.41,2.41,2.39,2.39,26706400,64161184.0
2019-10-16,sh.600795,2.4,2.41,2.38,2.39,35037440,83913674.0
2019-10-17,sh.600795,2.39,2.39,2.37,2.37,32916560,78380134.0
2019-10-18,sh.600795,2.38,2.39,2.35,2.35,36506755,86337997.0
2019-10-21,sh.600795,2.36,2.36,2.34,2.36,40847626,96137236.0
2019-10-22,sh.600795,2.36,2.36,2.33,2.35,42925659,100662648.0
2019-10-23,sh.600795,2.34,2.36,2.34,2.35,32995420,77472506.0
2019-10-24,sh.600795,2.34,2.35,2.34,2.34,20668590,48432092.0
2019-10-25,sh.600795,2.35,2.35,2.33,2.34,42388866,99151185.0
2019-10-28,sh.600795,2.35,2.37,2.34,2.36,47493156,111754545.0
2019-10-29,sh.600795,2.36,2.37,2.35,2.35,32816495,77430637.0
2019-10-30,sh.600795,2.35,2.36,2.33,2.34,30298482,70996903.0
2019-10-31,sh.600795,2.34,2.34,2.32,2.33,33375895,77800572.0
2019-11-01,sh.600795,2.33,2.35,2.31,2.34,43798535,101967139.0
2019-11-04,sh.600795,2.34,2.36,2.34,2.34,39671634,93114366.0
2019-11-05,sh.600795,2.34,2.36,2.34,2.35,41426033,97435095.0
2019-11-06,sh.600795,2.35,2.35,2.33,2.34,32771027,76733198.0
2019-11-07,sh.600795,2.33,2.34,2.33,2.34,27335502,63782781.0
2019-11-08,sh.600795,2.33,2.35,2.33,2.33,31373058,73355377.0
2019-11-11,sh.600795,2.33,2.34,2.29,2.3,46049110,106207436.0
2019-11-12,sh.600795,2.3,2.3,2.26,2.27,53980313,122813228.0
2019-11-13,sh.600795,2.26,2.27,2.24,2.24,44751746,100609775.0
2019-11-14,sh.600795,2.23,2.24,2.22,2.23,42604232,94969890.0
2019-11-15,sh.600795,2.23,2.23,2.19,2.2,47955520,106117296.0
2019-11-18,sh.600795,2.2,2.27,2.18,2.25,62056584,137587370.0
2019-11-19,sh.600795,2.24,2.26,2.23,2.25,34316596,76990261.0
2019-11-20,sh.600795,2.24,2.24,2.21,2.21,26461544,58888868.0
2019-11-21,sh.600795,2.22,2.22,2.2,2.22,22730250,50314563.0
2019-11-22,sh.600795,2.22,2.25,2.21,2.23,43952755,97988087.0
2019-11-25,sh.600795,2.23,2.27,2.22,2.27,49551043,111765266.0
2019-11-26,sh.600795,2.27,2.28,2.25,2.28,71079800,160948490.0
2019-11-27,sh.600795,2.27,2.29,2.26,2.27,35477625,80672946.0
2019-11-28,sh.600795,2.27,2.28,2.26,2.26,25760820,58357900.0
2019-11-29,sh.600795,2.26,2.27,2.25,2.26,21716380,49145079.0
2019-12-02,sh.600795,2.26,2.32,2.25,2.28,57179422,130921007.0
2019-12-03,sh.600795,2.28,2.32,2.27,2.31,50779447,116911463.0
2019-12-04,sh.600795,2.31,2.31,2.29,2.3,30090873,69113391.0
2019-12-05,sh.600795,2.3,2.31,2.28,2.29,31201456,71602606.0
2019-12-06,sh.600795,2.29,2.29,2.27,2.28,26603400,60682362.0
2019-12-09,sh.600795,2.28,2.3,2.27,2.29,38758720,88585207.0
2019-12-10,sh.600795,2.28,2.3,2.28,2.29,31723676,72691762.0
2019-12-11,sh.600795,2.29,2.3,2.28,2.28,21771607,49715291.0
2019-12-12,sh.600795,2.28,2.28,2.23,2.24,47681366,107578426.0
2019-12-13,sh.600795,2.25,2.27,2.24,2.27,55297835,124802457.0
2019-12-16,sh.600795,2.27,2.3,2.26,2.29,47985636,109231497.0
2019-12-17,sh.600795,2.29,2.33,2.28,2.32,68673464,158799757.0
2019-12-18,sh.600795,2.32,2.33,2.31,2.32,40817700,94809859.0
2019-12-19,sh.600795,2.32,2.34,2.31,2.32,51208638,119214395.0
2019-12-20,sh.600795,2.32,2.35,2.32,2.34,59085079,137983209.0
2019-12-23,sh.600795,2.33,2.34,2.3,2.3,45906400,106662823.0
2019-12-24,sh.600795,2.3,2.32,2.3,2.31,22121951,51127289.0
2019-12-25,sh.600795,2.31,2.33,2.3,2.32,32690419,75551646.0
2019-12-26,sh.600795,2.32,2.33,2.31,2.32,24638411,57089466.0
2019-12-27,sh.600795,2.32,2.33,2.31,2.31,45425742,105347542.0
2019-12-30,sh.600795,2.31,2.33,2.3,2.32,45916836,106513612.0
2019-12-31,sh.600795,2.33,2.35,2.32,2.34,46342469,108016277.0
2020-01-02,sh.600795,2.35,2.37,2.34,2.36,73908065,174049157.0
2020-01-03,sh.600795,2.35,2.36,2.34,2.35,45627823,107271313.0
2020-01-06,sh.600795,2.34,2.36,2.33,2.34,71404512,167331851.0
2020-01-07,sh.600795,2.34,2.37,2.33,2.36,62944900,148155703.0
2020-01-08,sh.600795,2.36,2.36,2.33,2.35,55200092,129623781.0
2020-01-09,sh.600795,2.35,2.36,2.33,2.35,48533049,113831737.0
2020-01-10,sh.600795,2.35,2.35,2.33,2.34,35444255,82782605.0
2020-01-13,sh.600795,2.33,2.34,2.31,2.32,54281420,125868093.0
2020-01-14,sh.600795,2.32,2.33,2.31,2.32,36899247,85743678.0
2020-01-15,sh.600795,2.32,2.33,2.3,2.31,39033230,90111105.0
2020-01-16,sh.600795,2.31,2.32,2.29,2.29,27906490,64161341.0
2020-01-17,sh.600795,2.29,2.31,2.29,2.29,26667971,61249601.0
2020-01-20,sh.600795,2.29,2.3,2.28,2.29,34552570,79061248.0
2020-01-21,sh.600795,2.29,2.3,2.26,2.27,34750239,78947878.0
2020-01-22,sh.600795,2.26,2.27,2.24,2.26,39660179,89348411.0
2020-01-23,sh.600795,2.25,2.25,2.21,2.22,58648602,130684359.0
2020-02-03,sh.600795,2.0,2.05,2.0,2.01,165224437,332679949.0
2020-02-04,sh.600795,2.0,2.1,1.99,2.06,111841725,229827526.0
2020-02-05,sh.600795,2.06,2.1,2.04,2.09,64667350,134351868.0
2020-02-06,sh.600795,2.09,2.1,2.06,2.1,56998714,118839213.0
2020-02-07,sh.600795,2.09,2.11,2.07,2.11,54671096,113945931.0
2020-02-10,sh.600795,2.09,2.12,2.08,2.11,57486073,120995407.0
2020-02-11,sh.600795,2.11,2.14,2.1,2.11,67663344,143458703.0
2020-02-12,sh.600795,2.11,2.14,2.09,2.13,67834454,143530514.0
2020-02-13,sh.600795,2.12,2.14,2.12,2.12,47717885,101612170.0
2020-02-14,sh.600795,2.12,2.13,2.11,2.12,33418045,70876950.0
2020-02-17,sh.600795,2.12,2.15,2.11,2.15,65406931,139885214.0
2020-02-18,sh.600795,2.15,2.18,2.13,2.15,66363439,142711677.0
2020-02-19,sh.600795,2.14,2.15,2.13,2.14,38632718,82677301.0
2020-02-20,sh.600795,2.14,2.17,2.13,2.16,65607873,141078513.0
2020-02-21,sh.600795,2.15,2.17,2.15,2.16,65342378,141101838.0
2020-02-24,sh.600795,2.16,2.16,2.13,2.14,61030245,130732958.0
2020-02-25,sh.600795,2.12,2.12,2.09,2.11,97236743,204730189.0
2020-02-26,sh.600795,2.1,2.15,2.08,2.14,100076594,212410031.0
2020-02-27,sh.600795,2.14,2.16,2.13,2.14,67657081,144787546.0
2020-02-28,sh.600795,2.12,2.12,2.08,2.1,93032304,195025495.0
2020-03-02,sh.600795,2.09,2.18,2.09,2.16,90740261,194480660.0
2020-03-03,sh.600795,2.17,2.18,2.14,2.14,102562267,221334397.0
2020-03-04,sh.600795,2.14,2.17,2.12,2.14,98778597,211059900.0
2020-03-05,sh.600795,2.15,2.18,2.14,2.17,121794333,263782355.0
2020-03-06,sh.600795,2.15,2.17,2.14,2.15,71939301,154805741.0
2020-03-09,sh.600795,2.14,2.15,2.11,2.11,95074800,201573193.0
2020-03-10,sh.600795,2.1,2.14,2.09,2.13,88837118,187829824.0
2020-03-11,sh.600795,2.13,2.14,2.11,2.12,69799475,148331897.0
2020-03-12,sh.600795,2.11,2.11,2.08,2.1,86309800,180863315.0
2020-03-13,sh.600795,2.04,2.08,2.02,2.08,85830535,176262518.0
2020-03-16,sh.600795,2.09,2.1,2.06,2.06,70280932,146218597.0
2020-03-17,sh.600795,2.04,2.07,2.04,2.06,68015569,139629047.0
2020-03-18,sh.600795,2.06,2.07,2.04,2.04,56038202,115207003.0
2020-03-19,sh.600795,2.04,2.05,2.01,2.04,73632540,149305643.0
2020-03-20,sh.600795,2.04,2.05,2.01,2.03,64041487,129972409.0
2020-03-23,sh.600795,2.0,2.02,2.0,2.01,66193675,132776593.0
2020-03-24,sh.600795,2.02,2.03,2.0,2.02,56747922,114638587.0
2020-03-25,sh.600795,2.04,2.05,2.02,2.03,64452707,131033311.0
2020-03-26,sh.600795,2.02,2.03,2.01,2.02,41990761,84883489.0
2020-03-27,sh.600795,2.03,2.04,2.02,2.03,47239648,95869365.0
2020-03-30,sh.600795,2.02,2.03,2.0,2.02,47576779,95888530.0
2020-03-31,sh.600795,2.03,2.04,2.02,2.03,43234171,87674689.0
2020-04-01,sh.600795,2.03,2.05,2.02,2.02,45111852,91736624.0
2020-04-02,sh.600795,2.02,2.04,2.01,2.03,38378042,77721163.0
2020-04-03,sh.600795,2.03,2.04,2.02,2.02,27813710,56310751.0
2020-04-07,sh.600795,2.03,2.05,2.03,2.05,58255009,118978366.0
2020-04-08,sh.600795,2.04,2.05,2.03,2.04,36158191,73726391.0
2020-04-09,sh.600795,2.05,2.05,2.04,2.04,16520837,33765666.0
2020-04-10,sh.600795,2.04,2.05,2.03,2.03,26339924,53618167.0
2020-04-13,sh.600795,2.03,2.04,2.02,2.03,30060800,61069295.0
2020-04-14,sh.600795,2.03,2.04,2.03,2.04,57376052,116740078.0
2020-04-15,sh.600795,2.04,2.04,2.02,2.03,42097361,85446066.0
2020-04-16,sh.600795,2.02,2.12,2.02,2.07,139291608,287133627.0
2020-04-17,sh.600795,2.05,2.06,2.02,2.04,93690722,191142682.0
2020-04-20,sh.600795,2.04,2.04,2.02,2.03,63428156,128605309.0
2020-04-21,sh.600795,2.03,2.03,2.0,2.01,74362959,149726211.0
2020-04-22,sh.600795,2.0,2.02,2.0,2.02,42139306,84833950.0
2020-04-23,sh.600795,2.02,2.02,2.0,2.01,47075167,94648382.0
2020-04-24,sh.600795,2.01,2.01,2.0,2.0,34157868,68389426.0
2020-04-27,sh.600795,2.0,2.01,1.99,2.0,34319922,68686320.0
2020-04-28,sh.600795,2.0,2.01,1.97,1.98,72255005,143304612.0
2020-04-29,sh.600795,1.97,1.99,1.97,1.98,37515655,74355213.0
2020-04-30,sh.600795,1.97,1.99,1.97,1.99,56574209,112190744.0
2020-05-06,sh.600795,1.98,1.99,1.97,1.98,46903084,92889144.0
2020-05-07,sh.600795,1.98,1.99,1.97,1.98,48017383,94884507.0
2020-05-08,sh.600795,1.98,1.99,1.97,1.98,39288312,77836184.0
2020-05-11,sh.600795,1.98,1.99,1.97,1.97,46029857,90960998.0
2020-05-12,sh.600795,1.97,1.98,1.95,1.96,51262413,100624549.0
2020-05-13,sh.600795,1.95,1.96,1.93,1.94,65013065,126255293.0
2020-05-14,sh.600795,1.93,1.94,1.9,1.9,73661444,140793143.0
2020-05-15,sh.600795,1.9,1.91,1.9,1.9,34241182,65161802.0
2020-05-18,sh.600795,1.9,1.91,1.88,1.89,58656156,110840789.0
2020-05-19,sh.600795,1.89,1.9,1.88,1.89,43400257,82090756.0
2020-05-20,sh.600795,1.89,1.9,1.88,1.88,25718453,48428767.0
2020-05-21,sh.600795,1.89,1.89,1.83,1.84,91408804,169567814.0
2020-05-22,sh.600795,1.83,1.84,1.79,1.81,82634908,149317196.0
2020-05-25,sh.600795,1.8,1.82,1.79,1.8,34109933,61562233.0
2020-05-26,sh.600795,1.81,1.82,1.8,1.81,35560132,64470836.0
2020-05-27,sh.600795,1.81,1.82,1.79,1.81,25444560,45873179.0
2020-05-28,sh.600795,1.81,1.83,1.8,1.81,37820207,68653975.0
2020-05-29,sh.600795,1.81,1.82,1.8,1.82,47706787,86446813.0
2020-06-01,sh.600795,1.82,1.84,1.81,1.83,49519443,90510767.0
2020-06-02,sh.600795,1.83,1.9,1.82,1.88,98029227,182393035.0
2020-06-03,sh.600795,1.88,1.88,1.84,1.84,65863237,122352556.0
2020-06-04,sh.600795,1.85,1.86,1.84,1.84,32090939,59212391.0
2020-06-05,sh.600795,1.84,1.85,1.83,1.84,35823911,65825440.0
2020-06-08,sh.600795,1.84,1.85,1.83,1.83,28592549,52468616.0
2020-06-09,sh.600795,1.84,1.86,1.83,1.85,53983660,99731748.0
2020-06-10,sh.600795,1.85,1.85,1.82,1.83,38533749,70615932.0
2020-06-11,sh.600795,1.83,1.83,1.81,1.82,29521454,53724883.0
2020-06-12,sh.600795,1.8,1.82,1.79,1.82,61667787,111373383.0
2020-06-15,sh.600795,1.81,1.82,1.8,1.8,45216672,81794225.0
2020-06-16,sh.600795,1.81,1.82,1.81,1.81,34158635,62008698.0
2020-06-17,sh.600795,1.82,1.83,1.81,1.83,31733047,57842329.0
2020-06-18,sh.600795,1.82,1.88,1.82,1.87,95778965,177448938.0
2020-06-19,sh.600795,1.85,1.86,1.84,1.86,54064734,100191869.0
2020-06-22,sh.600795,1.85,1.86,1.84,1.84,33244075,61461283.0
2020-06-23,sh.600795,1.84,1.85,1.82,1.82,37342442,68430232.0
2020-06-24,sh.600795,1.83,1.86,1.83,1.85,45291418,83560051.0
2020-06-29,sh.600795,1.84,1.86,1.83,1.84,38250736,70765317.0
2020-06-30,sh.600795,1.85,1.86,1.84,1.85,24801672,45994640.0
2020-07-01,sh.600795,1.85,1.86,1.84,1.86,39480759,73129286.0
2020-07-02,sh.600795,1.85,1.9,1.84,1.89,106044355,198869429.0
2020-07-03,sh.600795,1.85,1.88,1.84,1.88,113253382,211111522.0
2020-07-06,sh.600795,1.88,2.0,1.88,1.98,212355164,414508987.0
2020-07-07,sh.600795,2.01,2.04,1.97,1.98,203976814,407333029.0
2020-07-08,sh.600795,1.98,2.02,1.95,2.01,173371503,344150588.0
2020-07-09,sh.600795,2.0,2.02,1.99,2.01,135816268,272467802.0
2020-07-10,sh.600795,2.01,2.01,1.97,1.97,122311356,243228450.0
2020-07-13,sh.600795,1.97,2.01,1.96,2.0,124276668,247256444.0
2020-07-14,sh.600795,2.0,2.01,1.97,1.98,97486628,193868207.0
2020-07-15,sh.600795,1.98,2.01,1.96,1.97,99817891,197743768.0
2020-07-16,sh.600795,2.02,2.07,1.99,2.0,273301216,554963628.0
2020-07-17,sh.600795,1.99,2.0,1.97,1.98,105122965,208235267.0
2020-07-20,sh.600795,1.99,2.03,1.98,2.03,123603914,248457518.0
2020-07-21,sh.600795,2.03,2.05,2.0,2.01,83805693,169299436.22
2020-07-22,sh.600795,2.03,2.05,2.02,2.03,118233238,240619411.28
2020-07-23,sh.600795,2.02,2.04,2.0,2.02,107759247,217323322.71
2020-07-24,sh.600795,2.02,2.02,1.97,1.98,106197100,212083194.4
2020-07-27,sh.600795,1.98,2.0,1.97,1.99,62285034,123559285.12
2020-07-28,sh.600795,1.99,2.01,1.99,2.0,57052359,114114579.53
2020-07-29,sh.600795,2.0,2.03,1.99,2.02,81788882,164545090.22
2020-07-30,sh.600795,2.01,2.04,2.0,2.03,105137335,212520468.88
2020-07-31,sh.600795,2.03,2.05,2.02,2.04,91740365,186556325.44
2020-08-03,sh.600795,2.04,2.06,2.03,2.06,82581464,169423530.24
2020-08-04,sh.600795,2.06,2.06,2.03,2.04,77584413,158342532.82
2020-08-05,sh.600795,2.03,2.05,2.02,2.03,69200630,140686974.7
2020-08-06,sh.600795,2.03,2.05,2.02,2.03,59341755,120821814.65
2020-08-07,sh.600795,2.03,2.04,2.02,2.03,62547034,127158911.02
2020-08-10,sh.600795,2.03,2.06,2.02,2.04,87396858,178907527.21
2020-08-11,sh.600795,2.05,2.09,2.04,2.06,118370820,245055860.96
2020-08-12,sh.600795,2.06,2.09,2.05,2.07,97590676,201862389.6
2020-08-13,sh.600795,2.07,2.13,2.07,2.13,139160689,293764414.24
2020-08-14,sh.600795,2.14,2.14,2.1,2.11,98347272,207763966.69
2020-08-17,sh.600795,2.11,2.13,2.1,2.11,67328990,142256258.1
2020-08-18,sh.600795,2.11,2.12,2.09,2.09,51737263,108759650.09
2020-08-19,sh.600795,2.1,2.2,2.08,2.17,224469689,484068786.89
2020-08-20,sh.600795,2.15,2.16,2.09,2.1,141285177,299297855.25
2020-08-21,sh.600795,2.1,2.12,2.09,2.1,59332864,124959071.41
2020-08-24,sh.600795,2.11,2.11,2.08,2.08,46805595,98080693.6
2020-08-25,sh.600795,2.09,2.09,2.05,2.06,59371705,122862754.35
2020-08-26,sh.600795,2.06,2.06,2.03,2.03,49102854,100330353.62
2020-08-27,sh.600795,2.03,2.04,2.02,2.03,33902456,68846130.37
2020-08-28,sh.600795,2.03,2.05,2.03,2.05,39805007,81141156.78
2020-08-31,sh.600795,2.04,2.06,2.04,2.05,50164337,102794846.66
2020-09-01,sh.600795,2.04,2.05,2.03,2.04,30024973,61117647.99
2020-09-02,sh.600795,2.03,2.07,2.03,2.05,73325197,150138519.75
2020-09-03,sh.600795,2.05,2.08,2.05,2.07,69714762,144255053.54
2020-09-04,sh.600795,2.06,2.1,2.05,2.09,59110086,122703825.7
2020-09-07,sh.600795,2.08,2.13,2.07,2.09,83107585,175051033.94
2020-09-08,sh.600795,2.1,2.14,2.09,2.13,87547008,185979607.53
2020-09-09,sh.600795,2.13,2.17,2.12,2.17,133819316,288300278.47
2020-09-10,sh.600795,2.17,2.17,2.1,2.1,123458230,262465858.82
2020-09-11,sh.600795,2.1,2.15,2.09,2.14,77110220,164353001.98
2020-09-14,sh.600795,2.15,2.18,2.14,2.15,60519081,130540339.44
2020-09-15,sh.600795,2.14,2.17,2.14,2.15,48610636,104811021.6
2020-09-16,sh.600795,2.16,2.18,2.15,2.17,83459169,180828613.21
2020-09-17,sh.600795,2.16,2.18,2.15,2.16,51199327,110525086.85
2020-09-18,sh.600795,2.17,2.17,2.14,2.16,63051571,135883433.12
2020-09-21,sh.600795,2.16,2.19,2.15,2.15,49479154,107158335.52
2020-09-22,sh.600795,2.14,2.15,2.12,2.12,42218462,90176275.98
2020-09-23,sh.600795,2.13,2.14,2.1,2.11,35400022,74893423.62
2020-09-24,sh.600795,2.11,2.11,2.06,2.07,53884675,111773903.32
2020-09-25,sh.600795,2.07,2.08,2.05,2.06,39693258,81793858.33
2020-09-28,sh.600795,2.06,2.07,2.03,2.05,27145820,55581117.11
2020-09-29,sh.600795,2.05,2.06,2.03,2.03,30884937,62981458.82
2020-09-30,sh.600795,2.04,2.04,2.01,2.02,35088354,71080579.88
2020-10-09,sh.600795,2.04,2.06,2.03,2.04,32823663,67165664.04
2020-10-12,sh.600795,2.05,2.08,2.04,2.07,41387237,85486782.01
2020-10-13,sh.600795,2.08,2.08,2.05,2.06,19982932,41194342.53
2020-10-14,sh.600795,2.05,2.06,2.03,2.03,28840243,58874150.29
2020-10-15,sh.600795,2.03,2.05,2.03,2.03,20841050,42493324.01
2020-10-16,sh.600795,2.04,2.05,2.03,2.04,18908300,38590655.0
2020-10-19,sh.600795,2.04,2.06,2.03,2.04,31524719,64411620.97
2020-10-20,sh.600795,2.03,2.04,2.03,2.03,20735435,42153291.05
2020-10-21,sh.600795,2.03,2.04,2.02,2.03,27812766,56509427.17
2020-10-22,sh.600795,2.04,2.04,2.02,2.03,21908742,44445900.2
2020-10-23,sh.600795,2.03,2.04,2.02,2.03,24413317,49432291.34
2020-10-26,sh.600795,2.03,2.03,2.01,2.01,21392261,43132319.61
2020-10-27,sh.600795,2.01,2.02,1.99,1.99,40129908,80303768.92
2020-10-28,sh.600795,1.99,2.0,1.97,1.98,38061247,75420014.26
2020-10-29,sh.600795,1.97,1.98,1.96,1.97,31412262,61923615.91
2020-10-30,sh.600795,1.98,1.98,1.96,1.96,39124800,77088935.13
2020-11-02,sh.600795,1.98,2.02,1.98,2.0,54362823,108791622.24
2020-11-03,sh.600795,2.01,2.04,2.0,2.03,36178268,73261795.28
2020-11-04,sh.600795,2.03,2.06,2.03,2.04,32037089,65473991.65
2020-11-05,sh.600795,2.05,2.06,2.04,2.04,25367509,51877278.38
2020-11-06,sh.600795,2.05,2.06,2.03,2.05,37528761,76825618.34
2020-11-09,sh.600795,2.06,2.08,2.06,2.07,44329243,91721978.12
2020-11-10,sh.600795,2.08,2.09,2.04,2.05,52164391,107817985.96
2020-11-11,sh.600795,2.05,2.08,2.05,2.08,40174226,83155400.82
2020-11-12,sh.600795,2.07,2.09,2.07,2.07,31840429,66190962.74
2020-11-13,sh.600795,2.08,2.08,2.05,2.06,28487643,58650367.99
2020-11-16,sh.600795,2.07,2.12,2.06,2.11,77175107,161610834.5
2020-11-17,sh.600795,2.11,2.13,2.1,2.11,62902897,132884264.22
2020-11-18,sh.600795,2.13,2.13,2.09,2.11,58106239,122795568.17
2020-11-19,sh.600795,2.11,2.13,2.1,2.12,60520160,128312778.08
2020-11-20,sh.600795,2.12,2.14,2.12,2.13,45950795,97735082.76
2020-11-23,sh.600795,2.13,2.16,2.13,2.16,70181258,151070556.65
2020-11-24,sh.600795,2.16,2.17,2.15,2.15,46224747,99645110.48
2020-11-25,sh.600795,2.16,2.18,2.15,2.15,62680741,135400816.57
2020-11-26,sh.600795,2.16,2.2,2.15,2.19,130300315,283794063.06
2020-11-27,sh.600795,2.18,2.19,2.14,2.16,88206810,190254107.5
2020-11-30,sh.600795,2.15,2.18,2.15,2.15,82316889,178381503.29
2020-12-01,sh.600795,2.16,2.17,2.13,2.16,60616604,130514197.11
2020-12-02,sh.600795,2.17,2.19,2.16,2.17,70215494,152721800.56
2020-12-03,sh.600795,2.18,2.19,2.16,2.18,63712858,138894431.16
2020-12-04,sh.600795,2.19,2.19,2.16,2.16,35681639,77444603.78
2020-12-07,sh.600795,2.16,2.2,2.16,2.18,87061666,189411319.31
2020-12-08,sh.600795,2.17,2.19,2.17,2.17,49892826,108585900.1
2020-12-09,sh.600795,2.17,2.18,2.15,2.15,67637845,146523512.81
2020-12-10,sh.600795,2.16,2.17,2.13,2.14,89140439,191180743.46
2020-12-11,sh.600795,2.13,2.14,2.03,2.03,203623083,421746500.71
2020-12-14,sh.600795,2.04,2.07,2.04,2.07,77700770,159427614.46
2020-12-15,sh.600795,2.06,2.08,2.03,2.07,72075321,147999268.85
2020-12-16,sh.600795,2.07,2.1,2.05,2.09,50496343,104851639.29
2020-12-17,sh.600795,2.09,2.18,2.08,2.17,115670677,247888063.46
2020-12-18,sh.600795,2.17,2.22,2.16,2.2,135087119,297354849.03
2020-12-21,sh.600795,2.2,2.23,2.18,2.18,77930398,171951998.53
2020-12-22,sh.600795,2.18,2.2,2.16,2.16,66759437,145553247.97
2020-12-23,sh.600795,2.17,2.22,2.16,2.22,86627235,191413510.32
2020-12-24,sh.600795,2.22,2.22,2.17,2.18,50005908,109465479.43
2020-12-25,sh.600795,2.18,2.27,2.17,2.24,145774063,326607514.11
2020-12-28,sh.600795,2.24,2.28,2.21,2.24,99334955,222863322.07
2020-12-29,sh.600795,2.24,2.26,2.22,2.24,86590028,194255910.07
2020-12-30,sh.600795,2.23,2.29,2.23,2.28,96263741,218590077.54
2020-12-31,sh.600795,2.28,2.3,2.24,2.25,65136465,147362935.6
2021-01-04,sh.600795,2.24,2.25,2.2,2.21,59253768,131501031.84
2021-01-05,sh.600795,2.21,2.21,2.16,2.16,56762206,123344958.98
2021-01-06,sh.600795,2.16,2.18,2.14,2.17,50002745,108088152.98
2021-01-07,sh.600795,2.17,2.2,2.16,2.17,53273223,116057702.76
2021-01-08,sh.600795,2.17,2.18,2.15,2.17,33845514,73333013.24
2021-01-11,sh.600795,2.17,2.18,2.1,2.12,55962711,119293105.21
2021-01-12,sh.600795,2.11,2.13,2.1,2.12,33063221,70008528.29
2021-01-13,sh.600795,2.12,2.16,2.09,2.16,57083412,121278375.75
2021-01-14,sh.600795,2.15,2.18,2.14,2.15,43997922,94827967.54
2021-01-15,sh.600795,2.15,2.15,2.12,2.12,37952859,80998568.08
2021-01-18,sh.600795,2.12,2.14,2.11,2.13,33572985,71279608.16
2021-01-19,sh.600795,2.13,2.13,2.11,2.12,30495943,64651352.14
2021-01-20,sh.600795,2.12,2.12,2.1,2.1,32287961,68002481.1
2021-01-21,sh.600795,2.1,2.12,2.1,2.1,39704613,83634338.9
2021-01-22,sh.600795,2.1,2.11,2.07,2.07,43328154,90052456.78
2021-01-25,sh.600795,2.07,2.07,2.05,2.05,31065225,64022062.24
2021-01-26,sh.600795,2.05,2.07,2.05,2.06,23748915,48885957.07
2021-01-27,sh.600795,2.05,2.07,2.05,2.05,25826407,53149254.43
2021-01-28,sh.600795,2.06,2.11,2.06,2.09,63286290,131973717.89
2021-01-29,sh.600795,2.09,2.12,2.08,2.1,55677909,117101144.18
2021-02-01,sh.600795,2.1,2.11,2.07,2.07,39290811,82040611.6
2021-02-02,sh.600795,2.08,2.09,2.06,2.06,24477796,50576596.8
2021-02-03,sh.600795,2.06,2.07,2.05,2.06,25830656,53239072.36
2021-02-04,sh.600795,2.06,2.07,2.04,2.04,32950032,67573497.5
2021-02-05,sh.600795,2.05,2.05,2.03,2.03,37339656,76062417.28
2021-02-08,sh.600795,2.03,2.06,2.03,2.05,23126463,47421298.33
2021-02-09,sh.600795,2.06,2.06,2.05,2.06,16581806,34055333.3
2021-02-10,sh.600795,2.06,2.06,2.05,2.06,26514325,54454232.25
2021-02-18,sh.600795,2.07,2.08,2.06,2.08,42510346,88079026.22
2021-02-19,sh.600795,2.07,2.11,2.07,2.11,43262577,90604533.75
2021-02-22,sh.600795,2.11,2.17,2.11,2.14,81925609,175465804.23
2021-02-23,sh.600795,2.14,2.16,2.14,2.14,43707909,93866049.26
2021-02-24,sh.600795,2.15,2.15,2.11,2.12,45178031,96159837.44
2021-02-25,sh.600795,2.12,2.14,2.11,2.14,41679327,88781952.5
2021-02-26,sh.600795,2.12,2.12,2.09,2.09,42560046,89539764.14
2021-03-01,sh.600795,2.09,2.13,2.09,2.11,50814606,106941819.58
2021-03-02,sh.600795,2.12,2.16,2.11,2.13,67539923,143915903.81
2021-03-03,sh.600795,2.12,2.16,2.11,2.15,63751979,135942280.41
2021-03-04,sh.600795,2.14,2.18,2.13,2.17,84974056,183135501.94
2021-03-05,sh.600795,2.16,2.17,2.14,2.16,52982878,114219931.7
2021-03-08,sh.600795,2.16,2.2,2.15,2.17,95953310,208463573.63
2021-03-09,sh.600795,2.17,2.17,2.12,2.14,76080684,163477291.92
2021-03-10,sh.600795,2.14,2.18,2.13,2.14,68263100,147142038.0
2021-03-11,sh.600795,2.14,2.17,2.13,2.17,68204948,146945136.2
2021-03-12,sh.600795,2.16,2.27,2.15,2.24,223713594,496629751.23
2021-03-15,sh.600795,2.22,2.25,2.19,2.22,117704046,261279037.21
2021-03-16,sh.600795,2.22,2.24,2.2,2.23,94180590,209272681.86
2021-03-17,sh.600795,2.23,2.23,2.17,2.18,73680617,161507089.4
2021-03-18,sh.600795,2.17,2.22,2.17,2.19,78749647,173033364.76
2021-03-19,sh.600795,2.18,2.28,2.16,2.25,189878292,424992977.57
2021-03-22,sh.600795,2.26,2.4,2.25,2.37,302939232,709237433.72
2021-03-23,sh.600795,2.35,2.36,2.26,2.27,180784959,415479352.78
2021-03-24,sh.600795,2.26,2.32,2.24,2.29,137835904,314877514.77
2021-03-25,sh.600795,2.29,2.29,2.21,2.22,88487177,197564878.76
2021-03-26,sh.600795,2.23,2.3,2.22,2.26,101699507,230866070.17
2021-03-29,sh.600795,2.26,2.32,2.25,2.27,102638212,233909864.43
2021-03-30,sh.600795,2.27,2.27,2.21,2.26,92044556,205969990.03
2021-03-31,sh.600795,2.25,2.31,2.24,2.29,108049629,246773963.24
2021-04-01,sh.600795,2.35,2.38,2.31,2.33,153384442,359266753.35
2021-04-02,sh.600795,2.32,2.35,2.29,2.34,107130007,248109550.93
2021-04-06,sh.600795,2.32,2.34,2.28,2.29,73769723,169808002.91
2021-04-07,sh.600795,2.29,2.35,2.28,2.35,113233594,262170991.79
2021-04-08,sh.600795,2.32,2.32,2.28,2.28,101391858,232586745.16
2021-04-09,sh.600795,2.28,2.31,2.27,2.28,54444541,124560029.89
2021-04-12,sh.600795,2.28,2.33,2.28,2.3,89514487,206415840.23
2021-04-13,sh.600795,2.3,2.3,2.27,2.28,54107235,123370567.18
2021-04-14,sh.600795,2.27,2.28,2.23,2.25,58224664,130817840.12
2021-04-15,sh.600795,2.24,2.25,2.23,2.24,32889633,73538685.64
2021-04-16,sh.600795,2.24,2.26,2.24,2.25,38273077,86241449.25
2021-04-19,sh.600795,2.26,2.28,2.25,2.28,41214162,93621444.74
2021-04-20,sh.600795,2.27,2.29,2.25,2.26,50461997,114405092.22
2021-04-21,sh.600795,2.25,2.26,2.22,2.23,42728193,95476808.39
2021-04-22,sh.600795,2.24,2.25,2.23,2.23,27945849,62516304.27
2021-04-23,sh.600795,2.24,2.24,2.2,2.2,40263157,89053578.4
2021-04-26,sh.600795,2.21,2.27,2.2,2.25,75748366,170128187.19
2021-04-27,sh.600795,2.25,2.29,2.25,2.27,62104290,141284732.34
2021-04-28,sh.600795,2.27,2.3,2.26,2.27,44812783,102352466.63
2021-04-29,sh.600795,2.27,2.28,2.26,2.27,27884817,63208564.42
2021-04-30,sh.600795,2.27,2.28,2.24,2.27,40824338,92453851.26
2021-05-06,sh.600795,2.26,2.32,2.26,2.31,71432848,163812415.07
2021-05-07,sh.600795,2.3,2.35,2.3,2.33,86962092,202331465.4
2021-05-10,sh.600795,2.34,2.37,2.33,2.37,95675395,225426158.38
2021-05-11,sh.600795,2.37,2.4,2.35,2.39,104315633,248409220.76
2021-05-12,sh.600795,2.4,2.4,2.35,2.4,93570053,222949451.03
2021-05-13,sh.600795,2.39,2.41,2.37,2.38,70157311,167594621.03
2021-05-14,sh.600795,2.38,2.4,2.37,2.39,68149880,162872026.62
2021-05-17,sh.600795,2.4,2.41,2.37,2.39,66572473,159531519.26
2021-05-18,sh.600795,2.4,2.42,2.38,2.41,55941913,134550199.94
2021-05-19,sh.600795,2.41,2.43,2.39,2.39,50242808,120978973.42
2021-05-20,sh.600795,2.39,2.41,2.37,2.4,63239329,151205461.17
2021-05-21,sh.600795,2.41,2.45,2.4,2.43,76647114,186256434.63
2021-05-24,sh.600795,2.43,2.48,2.43,2.46,76625493,188288367.24
2021-05-25,sh.600795,2.47,2.49,2.44,2.47,77255251,190399776.19
2021-05-26,sh.600795,2.47,2.49,2.45,2.49,58733956,145313553.85
2021-05-27,sh.600795,2.48,2.49,2.46,2.48,51847414,128349503.52
2021-05-28,sh.600795,2.48,2.48,2.45,2.46,53672880,132399186.8
2021-05-31,sh.600795,2.46,2.47,2.4,2.42,55793320,135076759.79
2021-06-01,sh.600795,2.42,2.44,2.37,2.43,72059511,173651980.74
2021-06-02,sh.600795,2.43,2.48,2.42,2.48,71387631,175528277.57
2021-06-03,sh.600795,2.48,2.53,2.47,2.49,76343612,191052843.5
2021-06-04,sh.600795,2.5,2.51,2.48,2.49,51082326,127518252.0
2021-06-07,sh.600795,2.49,2.52,2.48,2.51,50768838,127120986.51
2021-06-08,sh.600795,2.5,2.52,2.47,2.5,57474026,143438471.78
2021-06-09,sh.600795,2.5,2.5,2.46,2.46,53623888,132948975.24
2021-06-10,sh.600795,2.46,2.48,2.45,2.45,45398464,111833132.2
2021-06-11,sh.600795,2.46,2.5,2.45,2.48,82561167,204790782.78
2021-06-15,sh.600795,2.49,2.49,2.42,2.42,49823792,122107550.33
2021-06-16,sh.600795,2.42,2.47,2.4,2.46,53228809,129982642.28
2021-06-17,sh.600795,2.46,2.49,2.42,2.43,38990191,95550492.65
2021-06-18,sh.600795,2.43,2.44,2.4,2.41,30848844,74387166.17
2021-06-21,sh.600795,2.4,2.41,2.38,2.39,37822293,90483254.17
2021-06-22,sh.600795,2.38,2.43,2.38,2.39,55471019,133097763.16
2021-06-23,sh.600795,2.39,2.41,2.38,2.4,24268310,58181332.83
2021-06-24,sh.600795,2.39,2.42,2.39,2.4,30549117,73395564.84
2021-06-25,sh.600795,2.4,2.43,2.39,2.42,37358287,90191137.71
2021-06-28,sh.600795,2.45,2.48,2.45,2.46,50058192,123537444.34
2021-06-29,sh.600795,2.46,2.46,2.42,2.42,38085145,92676152.9
2021-06-30,sh.600795,2.43,2.44,2.41,2.43,30469546,73932917.97
2021-07-01,sh.600795,2.44,2.44,2.39,2.39,32676121,78539633.39
2021-07-02,sh.600795,2.39,2.42,2.38,2.39,35074459,84253246.45
2021-07-05,sh.600795,2.39,2.42,2.38,2.42,33142845,79598906.84
2021-07-06,sh.600795,2.41,2.43,2.4,2.43,28048284,67882112.76
2021-07-07,sh.600795,2.4,2.41,2.38,2.39,26624637,63703221.42
2021-07-08,sh.600795,2.4,2.4,2.36,2.37,29785314,70935585.04
2021-07-09,sh.600795,2.36,2.37,2.33,2.35,29428525,69105102.52
2021-07-12,sh.600795,2.36,2.37,2.33,2.33,37770417,88717934.01
2021-07-13,sh.600795,2.33,2.35,2.32,2.35,33485999,78237688.73
2021-07-14,sh.600795,2.35,2.36,2.34,2.34,31276309,73509309.01
2021-07-15,sh.600795,2.34,2.35,2.31,2.32,28930884,67064486.04
2021-07-16,sh.600795,2.31,2.33,2.3,2.31,22660592,52477223.52
2021-07-19,sh.600795,2.3,2.31,2.27,2.28,36506800,83365179.0
2021-07-20,sh.600795,2.27,2.29,2.23,2.29,41526087,93828318.92
2021-07-21,sh.600795,2.28,2.3,2.26,2.26,33545024,76313060.28
2021-07-22,sh.600795,2.26,2.3,2.26,2.29,33967727,77681904.68
2021-07-23,sh.600795,2.28,2.31,2.28,2.3,29067916,66815826.64
2021-07-26,sh.600795,2.29,2.3,2.26,2.27,37112292,84710709.37
2021-07-27,sh.600795,2.27,2.29,2.24,2.25,36739325,83317274.3
2021-07-28,sh.600795,2.25,2.26,2.21,2.21,36872880,82189157.75
2021-07-29,sh.600795,2.22,2.24,2.21,2.22,35956686,79912034.98
2021-07-30,sh.600795,2.22,2.29,2.22,2.29,53066261,120504781.64
2021-08-02,sh.600795,2.3,2.34,2.27,2.33,66946627,154703002.11
2021-08-03,sh.600795,2.34,2.39,2.32,2.36,74003249,174303311.97
2021-08-04,sh.600795,2.36,2.38,2.35,2.37,47101928,111421734.2
2021-08-05,sh.600795,2.37,2.38,2.34,2.37,37349746,88239668.12
2021-08-06,sh.600795,2.37,2.37,2.34,2.35,32300558,75934235.09
2021-08-09,sh.600795,2.36,2.38,2.35,2.36,39157148,92533173.16
2021-08-10,sh.600795,2.36,2.37,2.32,2.34,38033296,88931171.68
2021-08-11,sh.600795,2.34,2.38,2.33,2.36,46025803,108412018.06
2021-08-12,sh.600795,2.37,2.39,2.35,2.39,57927567,137570733.01
2021-08-13,sh.600795,2.39,2.41,2.38,2.4,51125028,122678286.93
2021-08-16,sh.600795,2.39,2.44,2.39,2.43,73686523,178442238.66
2021-08-17,sh.600795,2.42,2.46,2.41,2.42,78815261,192308402.1
2021-08-18,sh.600795,2.42,2.47,2.41,2.46,60433073,147321099.51
2021-08-19,sh.600795,2.46,2.51,2.44,2.5,100122243,248000647.26
2021-08-20,sh.600795,2.5,2.51,2.43,2.49,91510722,225673886.78
2021-08-23,sh.600795,2.5,2.59,2.48,2.58,142883030,364426044.57
2021-08-24,sh.600795,2.56,2.57,2.42,2.44,199786174,495039534.36
2021-08-25,sh.600795,2.44,2.48,2.4,2.46,76558694,187062448.94
2021-08-26,sh.600795,2.45,2.47,2.42,2.45,57725158,141181491.24
2021-08-27,sh.600795,2.45,2.49,2.44,2.46,64979607,160100717.09
2021-08-30,sh.600795,2.45,2.46,2.41,2.41,96685570,234623093.24
2021-08-31,sh.600795,2.42,2.48,2.42,2.47,82180031,200712078.07
2021-09-01,sh.600795,2.48,2.57,2.48,2.54,145171803,368327090.13
2021-09-02,sh.600795,2.54,2.7,2.53,2.68,247553749,651673956.11
2021-09-03,sh.600795,2.68,2.8,2.66,2.75,274282400,752127507.37
2021-09-06,sh.600795,2.79,2.85,2.72,2.77,173866391,481048834.56
2021-09-07,sh.600795,2.75,2.78,2.71,2.76,125597141,345288241.46
2021-09-08,sh.600795,2.77,3.04,2.76,3.0,389322912,1136629550.77
2021-09-09,sh.600795,3.0,3.01,2.86,2.94,245563901,716687609.13
2021-09-10,sh.600795,2.92,2.97,2.85,2.86,185645747,537954982.58
2021-09-13,sh.600795,2.85,2.93,2.82,2.91,120635788,347536580.61
2021-09-14,sh.600795,2.92,2.95,2.8,2.82,163172749,466550231.47
2021-09-15,sh.600795,2.8,2.89,2.79,2.86,128016416,364817334.64
2021-09-16,sh.600795,2.86,2.92,2.83,2.85,135345568,388496103.2
2021-09-17,sh.600795,2.89,2.98,2.87,2.96,217365443,636783165.45
2021-09-22,sh.600795,2.94,3.26,2.92,3.26,503201040,1594602460.15
2021-09-23,sh.600795,3.59,3.59,3.41,3.59,678359888,2416836430.35
2021-09-24,sh.600795,3.55,3.68,3.39,3.47,917943728,3234817171.13
2021-09-27,sh.600795,3.59,3.6,3.12,3.12,656283536,2123325931.01
2021-09-28,sh.600795,3.02,3.33,3.01,3.31,573754064,1837432046.34
2021-09-29,sh.600795,3.2,3.35,3.14,3.19,382382208,1235528235.45
2021-09-30,sh.600795,3.18,3.29,3.07,3.25,336921904,1074375155.57
2021-10-08,sh.600795,3.29,3.3,3.06,3.13,259602627,812538159.36
2021-10-11,sh.600795,3.2,3.27,3.08,3.11,230544486,726620454.34
2021-10-12,sh.600795,3.06,3.11,2.8,2.94,382546128,1121175463.28
2021-10-13,sh.600795,2.92,2.92,2.75,2.8,230817316,646978447.81
2021-10-14,sh.600795,2.78,2.84,2.71,2.78,147048337,408840384.68
2021-10-15,sh.600795,2.77,2.82,2.72,2.77,127285375,352194858.89
2021-10-18,sh.600795,2.78,2.85,2.77,2.8,173565820,486715548.9
2021-10-19,sh.600795,2.79,2.81,2.73,2.78,144300289,399962638.01
2021-10-20,sh.600795,2.81,3.06,2.78,3.06,431453904,1284620611.06
2021-10-21,sh.600795,3.06,3.06,2.95,2.97,297721616,889476126.34
2021-10-22,sh.600795,2.96,3.0,2.8,2.83,289522960,829338501.94
2021-10-25,sh.600795,2.82,2.89,2.78,2.84,165960799,472620440.65
2021-10-26,sh.600795,2.83,2.91,2.8,2.84,169572366,485426727.42
2021-10-27,sh.600795,2.8,3.01,2.79,2.93,293337632,856073120.08
2021-10-28,sh.600795,2.92,3.0,2.84,2.87,218686308,634941718.14
2021-10-29,sh.600795,2.83,2.86,2.69,2.79,197175851,544456135.23
2021-11-01,sh.600795,2.71,2.79,2.68,2.74,173332806,474612570.37
2021-11-02,sh.600795,2.74,2.75,2.59,2.63,180342236,478601421.47
2021-11-03,sh.600795,2.62,2.65,2.58,2.61,104335578,272720746.57
2021-11-04,sh.600795,2.61,2.66,2.58,2.64,105262767,276594336.55
2021-11-05,sh.600795,2.62,2.63,2.49,2.5,160009790,406043327.3
2021-11-08,sh.600795,2.48,2.52,2.46,2.48,69520150,173060718.0
2021-11-09,sh.600795,2.5,2.55,2.48,2.5,78792370,197787243.63
2021-11-10,sh.600795,2.49,2.49,2.41,2.46,93457052,227941542.02
2021-11-11,sh.600795,2.45,2.48,2.44,2.47,63896221,157121404.64
2021-11-12,sh.600795,2.47,2.48,2.44,2.46,62675896,153997894.2
2021-11-15,sh.600795,2.47,2.48,2.43,2.47,67757852,166319902.54
2021-11-16,sh.600795,2.45,2.47,2.43,2.45,60273787,147986143.89
2021-11-17,sh.600795,2.44,2.47,2.42,2.47,65366834,160101308.14
2021-11-18,sh.600795,2.47,2.51,2.45,2.49,94737789,235870475.33
2021-11-19,sh.600795,2.5,2.51,2.47,2.5,58467106,145451469.09
2021-11-22,sh.600795,2.5,2.53,2.5,2.5,57423875,143907373.5
2021-11-23,sh.600795,2.5,2.56,2.49,2.54,89881568,226814524.84
2021-11-24,sh.600795,2.57,2.58,2.51,2.56,95245832,242319670.22
2021-11-25,sh.600795,2.56,2.63,2.55,2.58,107629505,279420463.33
2021-11-26,sh.600795,2.57,2.57,2.52,2.54,67292200,170560444.0
2021-11-29,sh.600795,2.5,2.57,2.48,2.56,78791172,199567339.38
2021-11-30,sh.600795,2.56,2.62,2.51,2.54,144160338,367461768.67
2021-12-01,sh.600795,2.53,2.6,2.51,2.59,98531764,251808902.87
2021-12-02,sh.600795,2.57,2.61,2.56,2.57,85727504,221623168.14
2021-12-03,sh.600795,2.57,2.69,2.55,2.68,183879745,485721362.18
2021-12-06,sh.600795,2.68,2.78,2.68,2.7,183268984,500399247.29
2021-12-07,sh.600795,2.7,2.83,2.66,2.82,206659931,570291475.43
2021-12-08,sh.600795,2.84,2.84,2.75,2.8,162773927,453247296.75
2021-12-09,sh.600795,2.81,3.03,2.8,2.95,263677856,772402063.9
2021-12-10,sh.600795,2.91,3.06,2.89,2.91,233361139,692947344.54
2021-12-13,sh.600795,2.93,3.01,2.9,2.91,238625942,702306800.38
2021-12-14,sh.600795,2.87,2.89,2.81,2.88,174106555,497109380.09
2021-12-15,sh.600795,2.86,3.01,2.83,2.98,235877420,695346066.79
2021-12-16,sh.600795,2.96,3.0,2.93,2.97,161870357,480512560.39
2021-12-17,sh.600795,2.96,3.07,2.95,3.0,251077455,759716739.01
2021-12-20,sh.600795,3.01,3.04,2.88,2.91,205337792,601931524.41
2021-12-21,sh.600795,2.88,2.97,2.84,2.95,164328553,478110309.85
2021-12-22,sh.600795,3.0,3.04,2.93,2.95,163207179,485904625.97
2021-12-23,sh.600795,2.93,3.13,2.9,3.09,328914048,1007643723.49
2021-12-24,sh.600795,3.12,3.18,3.04,3.05,274932704,856516793.45
2021-12-27,sh.600795,3.04,3.15,2.98,3.05,217336367,666148135.94
2021-12-28,sh.600795,3.03,3.06,2.91,2.93,219327542,647478506.5
2021-12-29,sh.600795,2.93,2.94,2.83,2.86,162202963,464013696.45
2021-12-30,sh.600795,2.86,2.92,2.84,2.9,129610359,374574490.18
2021-12-31,sh.600795,3.0,3.19,3.0,3.17,622266976,1961649458.47
2022-01-04,sh.600795,3.16,3.22,3.03,3.04,459767312,1433624964.63
2022-01-05,sh.600795,3.02,3.03,2.92,2.96,232878184,687159726.08
2022-01-06,sh.600795,2.93,3.01,2.91,2.95,196464972,581987276.08
2022-01-07,sh.600795,2.94,2.96,2.88,2.89,152073624,443809633.84
2022-01-10,sh.600795,2.86,2.88,2.84,2.87,99621578,285094717.34
2022-01-11,sh.600795,2.87,2.92,2.85,2.85,108963601,313793333.61
2022-01-12,sh.600795,2.85,2.88,2.83,2.86,86053511,245769498.56
2022-01-13,sh.600795,2.86,2.92,2.81,2.91,147932743,424745034.32
2022-01-14,sh.600795,2.89,2.93,2.85,2.85,112790299,326904065.6
2022-01-17,sh.600795,2.85,2.89,2.83,2.83,79270081,226051641.11
2022-01-18,sh.600795,2.82,2.92,2.81,2.9,156305311,448981003.03
2022-01-19,sh.600795,2.88,2.91,2.85,2.89,76562746,221031482.32
2022-01-20,sh.600795,2.88,2.92,2.83,2.86,80006554,230384694.94
2022-01-21,sh.600795,2.85,2.91,2.85,2.85,81868250,235500609.87
2022-01-24,sh.600795,2.84,2.86,2.8,2.84,65435229,185299120.32
2022-01-25,sh.600795,2.82,2.84,2.63,2.63,168647005,457575825.5
2022-01-26,sh.600795,2.65,2.81,2.65,2.7,191110072,520862026.15
2022-01-27,sh.600795,2.7,2.73,2.67,2.68,80011532,215900408.08
2022-01-28,sh.600795,2.69,2.71,2.61,2.63,91942164,243710241.32
2022-02-07,sh.600795,2.66,2.82,2.64,2.78,192900063,529712235.56
2022-02-08,sh.600795,2.78,2.84,2.75,2.84,110462922,308276358.15
2022-02-09,sh.600795,2.83,2.93,2.8,2.91,156728557,451294148.52
2022-02-10,sh.600795,2.89,2.94,2.88,2.91,98753369,287008541.25
2022-02-11,sh.600795,2.89,2.92,2.85,2.86,78948439,227536958.15
2022-02-14,sh.600795,2.85,2.85,2.75,2.77,92981431,259853501.83
2022-02-15,sh.600795,2.78,2.79,2.73,2.75,64192607,176805571.21
2022-02-16,sh.600795,2.78,2.79,2.71,2.73,74465298,204903677.04
2022-02-17,sh.600795,2.73,2.74,2.7,2.71,82339729,223601010.98
2022-02-18,sh.600795,2.69,2.75,2.68,2.72,79439594,215959509.92
2022-02-21,sh.600795,2.72,2.74,2.7,2.72,62290782,169242961.83
2022-02-22,sh.600795,2.71,2.72,2.65,2.68,101915720,272874147.87
2022-02-23,sh.600795,2.68,2.69,2.65,2.68,61181639,163282473.62
2022-02-24,sh.600795,2.67,2.73,2.59,2.62,148494208,395341581.18
2022-02-25,sh.600795,2.68,2.79,2.68,2.78,233190465,637633937.26
2022-02-28,sh.600795,2.78,2.85,2.75,2.82,159026638,444660480.0
2022-03-01,sh.600795,2.82,2.85,2.79,2.85,117261775,331132704.0
2022-03-02,sh.600795,2.83,2.83,2.78,2.81,69549773,194991936.0
2022-03-03,sh.600795,2.82,2.87,2.82,2.84,80247786,228086478.0
2022-03-04,sh.600795,2.85,2.89,2.79,2.87,113037450,321638960.0
2022-03-07,sh.600795,2.85,2.91,2.84,2.85,120568072,347149664.0
2022-03-08,sh.600795,2.85,2.86,2.77,2.77,137815796,387023392.0
2022-03-09,sh.600795,2.8,2.9,2.71,2.84,182142595,515745760.0
2022-03-10,sh.600795,2.88,2.9,2.76,2.83,140278648,397302768.0
2022-03-11,sh.600795,2.8,2.8,2.69,2.75,139176288,380848368.0
2022-03-14,sh.600795,2.74,2.74,2.63,2.63,138160700,368887536.0
2022-03-15,sh.600795,2.61,2.62,2.41,2.43,161623028,405772448.0
2022-03-16,sh.600795,2.48,2.53,2.42,2.52,110781447,274059968.0
2022-03-17,sh.600795,2.56,2.57,2.48,2.5,119477951,300994144.0
2022-03-18,sh.600795,2.5,2.56,2.48,2.54,102449992,259701821.8
2022-03-21,sh.600795,2.54,2.57,2.49,2.52,85941661,216668266.77
2022-03-22,sh.600795,2.52,2.55,2.49,2.53,67119833,168909654.95
2022-03-23,sh.600795,2.54,2.56,2.51,2.54,73989447,187603106.09
2022-03-24,sh.600795,2.52,2.53,2.48,2.49,78900999,197539981.73
2022-03-25,sh.600795,2.49,2.5,2.46,2.47,58578564,144897177.54
2022-03-28,sh.600795,2.46,2.52,2.42,2.51,80102059,198897826.67
2022-03-29,sh.600795,2.5,2.52,2.46,2.48,46900963,116481806.61
2022-03-30,sh.600795,2.48,2.52,2.48,2.51,76835890,192154137.89
2022-03-31,sh.600795,2.51,2.59,2.5,2.52,97041823,246618437.89
2022-04-01,sh.600795,2.53,2.57,2.51,2.56,88480561,225413819.21
2022-04-06,sh.600795,2.56,2.58,2.53,2.57,54915495,140532870.97
2022-04-07,sh.600795,2.56,2.63,2.54,2.57,82081425,212385294.82
2022-04-08,sh.600795,2.57,2.6,2.53,2.6,68608945,176624654.78
2022-04-11,sh.600795,2.6,2.61,2.53,2.54,62138309,159318532.08
2022-04-12,sh.600795,2.54,2.58,2.51,2.58,65024767,165625210.51
2022-04-13,sh.600795,2.57,2.57,2.53,2.54,41759001,106509926.54
2022-04-14,sh.600795,2.54,2.56,2.52,2.54,56356700,143182591.0
2022-04-15,sh.600795,2.54,2.61,2.52,2.61,110560022,285102030.85
2022-04-18,sh.600795,2.59,2.69,2.57,2.68,110624189,292213011.36
2022-04-19,sh.600795,2.66,2.72,2.65,2.69,79183679,213475254.67
2022-04-20,sh.600795,2.7,2.72,2.65,2.67,76162422,204671133.18
2022-04-21,sh.600795,2.67,2.68,2.58,2.59,75978590,200071519.81
2022-04-22,sh.600795,2.58,2.74,2.56,2.74,119754038,320614552.06
2022-04-25,sh.600795,2.71,2.74,2.63,2.65,132411016,356393547.96
2022-04-26,sh.600795,2.69,2.82,2.69,2.73,236634614,653554152.22
2022-04-27,sh.600795,2.7,2.91,2.69,2.86,221801312,627091068.9
2022-04-28,sh.600795,2.86,3.0,2.83,3.0,278366784,823093432.93
2022-04-29,sh.600795,2.98,3.07,2.91,3.02,287344000,861142924.75
2022-05-05,sh.600795,3.01,3.16,3.01,3.09,269380448,838195111.4
2022-05-06,sh.600795,3.0,3.11,2.98,3.03,211149366,641991536.17
2022-05-09,sh.600795,3.0,3.06,2.96,2.96,213747851,645214934.9
2022-05-10,sh.600795,2.94,3.17,2.93,3.12,333486976,1024318770.38
2022-05-11,sh.600795,3.11,3.18,3.1,3.1,203514732,637285632.98
2022-05-12,sh.600795,3.18,3.19,3.06,3.13,181749499,569968798.09
2022-05-13,sh.600795,3.14,3.2,3.1,3.19,166110834,525892717.26
2022-05-16,sh.600795,3.23,3.37,3.18,3.24,302995632,986484696.05
2022-05-17,sh.600795,3.24,3.24,3.12,3.16,171365543,541065945.91
2022-05-18,sh.600795,3.16,3.46,3.15,3.34,382820528,1271060184.78
2022-05-19,sh.600795,3.3,3.35,3.25,3.34,246726585,812361529.24
2022-05-20,sh.600795,3.33,3.41,3.29,3.35,235515730,785525195.5
2022-05-23,sh.600795,3.34,3.41,3.26,3.31,170065434,566289307.34
2022-05-24,sh.600795,3.32,3.45,3.31,3.33,275057744,931626044.08
2022-05-25,sh.600795,3.33,3.48,3.29,3.46,247934234,843778307.21
2022-05-26,sh.600795,3.48,3.56,3.38,3.42,194060103,668165060.29
2022-05-27,sh.600795,3.44,3.53,3.4,3.52,204278395,709554873.18
2022-05-30,sh.600795,3.54,3.57,3.45,3.48,169194682,589770510.41
2022-05-31,sh.600795,3.52,3.6,3.48,3.6,200322307,709820484.93
2022-06-01,sh.600795,3.6,3.6,3.45,3.51,219048179,769355524.82
2022-06-02,sh.600795,3.5,3.53,3.43,3.5,227066638,790690654.32
2022-06-06,sh.600795,3.47,3.65,3.43,3.65,282544496,1000105787.89
2022-06-07,sh.600795,3.61,3.7,3.56,3.6,198392059,716628387.83
2022-06-08,sh.600795,3.6,3.7,3.56,3.69,189309550,687571279.46
2022-06-09,sh.600795,3.67,3.84,3.66,3.76,221742742,838566502.06
2022-06-10,sh.600795,3.72,3.83,3.69,3.8,206322893,777681937.7
2022-06-13,sh.600795,3.77,3.82,3.67,3.73,232092122,867876741.7
2022-06-14,sh.600795,3.68,3.81,3.67,3.8,156554736,587777698.53
2022-06-15,sh.600795,3.79,3.84,3.7,3.72,194010996,726883543.04
2022-06-16,sh.600795,3.71,3.76,3.62,3.69,167720401,618595206.48
2022-06-17,sh.600795,3.68,3.8,3.63,3.78,215626133,801856452.81
2022-06-20,sh.600795,3.8,3.83,3.73,3.77,187329182,709418315.0
2022-06-21,sh.600795,3.78,4.01,3.78,3.96,273886848,1072196376.42
2022-06-22,sh.600795,3.95,4.01,3.88,3.89,179991165,708534765.2
2022-06-23,sh.600795,3.89,3.91,3.7,3.78,249790001,943331889.62
2022-06-24,sh.600795,3.79,3.79,3.7,3.74,155346325,580964403.07
2022-06-27,sh.600795,3.76,3.76,3.63,3.72,219154823,811648129.82
2022-06-28,sh.600795,3.72,3.84,3.7,3.77,163080497,613591716.31
2022-06-29,sh.600795,3.74,4.02,3.73,3.92,289038656,1121842385.54
2022-06-30,sh.600795,3.93,3.99,3.85,3.91,163512274,641700489.23
2022-07-01,sh.600795,3.92,4.02,3.89,3.98,170509375,677629461.42
2022-07-04,sh.600795,3.96,4.17,3.94,4.06,287119712,1168568907.54
2022-07-05,sh.600795,4.04,4.21,4.03,4.13,209162854,864511024.71
2022-07-06,sh.600795,4.13,4.22,4.04,4.08,156531026,640555869.1
2022-07-07,sh.600795,4.1,4.18,4.03,4.07,213371502,872626704.56
2022-07-08,sh.600795,4.11,4.2,4.06,4.16,175870255,726913841.53
2022-07-11,sh.600795,4.2,4.32,4.17,4.3,274297429,1170580855.95
2022-07-12,sh.600795,4.29,4.41,4.19,4.22,294976812,1266552182.37
2022-07-13,sh.600795,4.22,4.42,4.15,4.39,221507916,954223801.54
2022-07-14,sh.600795,4.38,4.38,4.04,4.08,435949076,1817980043.71
2022-07-15,sh.600795,4.08,4.2,4.06,4.13,218748229,905522266.83
2022-07-18,sh.600795,4.15,4.3,4.15,4.25,208355312,881707124.33
2022-07-19,sh.600795,4.22,4.25,4.05,4.1,230356276,945499195.64
2022-07-20,sh.600795,4.11,4.15,3.97,4.12,208282441,846273784.07
2022-07-21,sh.600795,4.11,4.11,3.86,3.89,303791168,1201068547.87
2022-07-22,sh.600795,3.85,3.95,3.85,3.89,156829148,611483437.93
2022-07-25,sh.600795,3.93,3.97,3.83,3.87,109038249,424307798.99
2022-07-26,sh.600795,3.87,3.94,3.83,3.87,132583180,514547764.28
2022-07-27,sh.600795,3.85,3.91,3.77,3.9,196581779,754607134.56
2022-07-28,sh.600795,3.88,3.98,3.81,3.82,182506721,708852663.22
2022-07-29,sh.600795,3.8,3.94,3.79,3.81,140734691,541844471.11
2022-08-01,sh.600795,3.8,3.83,3.69,3.83,177727467,669090369.94
2022-08-02,sh.600795,3.79,3.8,3.59,3.69,219245104,808353294.98
2022-08-03,sh.600795,3.69,3.76,3.58,3.59,152843054,558581812.56
2022-08-04,sh.600795,3.59,3.68,3.59,3.67,110657124,403594012.0
2022-08-05,sh.600795,3.68,3.73,3.58,3.69,138843694,507517406.0
2022-08-08,sh.600795,3.71,3.89,3.7,3.83,176463852,672941250.0
2022-08-09,sh.600795,3.84,3.86,3.75,3.77,111640517,424919243.0
2022-08-10,sh.600795,3.76,3.8,3.71,3.74,89046898,333618237.0
2022-08-11,sh.600795,3.79,3.83,3.76,3.82,98247876,373501294.0
2022-08-12,sh.600795,3.8,3.97,3.8,3.93,188827072,741865868.0
2022-08-15,sh.600795,3.96,4.11,3.92,4.06,202859983,813443968.45
2022-08-16,sh.600795,4.1,4.13,4.04,4.11,140592942,574921074.22
2022-08-17,sh.600795,4.13,4.19,4.07,4.12,131157468,539797775.38
2022-08-18,sh.600795,4.12,4.13,3.71,3.76,591466872,2272239186.81
2022-08-19,sh.600795,3.77,4.08,3.68,4.0,520379032,2023788883.15
2022-08-22,sh.600795,3.99,4.08,3.9,3.94,240602385,956515779.63
2022-08-23,sh.600795,4.04,4.33,4.03,4.29,477363709,2015104659.19
2022-08-24,sh.600795,4.25,4.33,4.18,4.27,300177501,1276764302.78
2022-08-25,sh.600795,4.34,4.37,4.24,4.3,203496395,873092867.18
2022-08-26,sh.600795,4.26,4.59,4.25,4.48,363411591,1624836908.33
2022-08-29,sh.600795,4.46,4.51,4.34,4.43,230750137,1014828146.16
2022-08-30,sh.600795,4.42,4.49,4.38,4.41,201074131,888231053.61
2022-08-31,sh.600795,4.39,4.44,4.3,4.35,209763067,917268628.43
2022-09-01,sh.600795,4.39,4.47,4.33,4.36,153644424,675820031.41
2022-09-02,sh.600795,4.38,4.54,4.35,4.48,211146743,940143564.93
2022-09-05,sh.600795,4.48,4.61,4.39,4.53,222788972,1005754454.46
2022-09-06,sh.600795,4.51,4.65,4.44,4.61,176607075,806615992.28
2022-09-07,sh.600795,4.57,4.65,4.44,4.61,220646853,1004300563.2
2022-09-08,sh.600795,4.62,4.81,4.62,4.71,243921982,1153040771.69
2022-09-09,sh.600795,4.77,4.81,4.66,4.74,192010642,909720659.37
2022-09-13,sh.600795,4.72,4.77,4.58,4.61,240795389,1114573283.68
2022-09-14,sh.600795,4.57,4.68,4.51,4.59,198867765,909314254.04
2022-09-15,sh.600795,4.58,4.61,4.33,4.43,280127202,1243667557.95
2022-09-16,sh.600795,4.43,4.48,4.23,4.28,180560358,783184843.3
2022-09-19,sh.600795,4.1,4.24,4.04,4.17,218512180,907187337.64
2022-09-20,sh.600795,4.2,4.23,4.11,4.14,130939116,545939169.62
2022-09-21,sh.600795,4.15,4.3,4.12,4.26,170077622,720568289.32
2022-09-22,sh.600795,4.22,4.32,4.16,4.26,137545856,584531012.06
2022-09-23,sh.600795,4.27,4.38,4.15,4.17,119684080,507429022.43
2022-09-26,sh.600795,4.14,4.31,4.11,4.19,159092998,673237443.53
2022-09-27,sh.600795,4.2,4.25,4.1,4.23,137246507,573643916.61
2022-09-28,sh.600795,4.21,4.28,4.05,4.09,126411217,522893953.45
2022-09-29,sh.600795,4.13,4.16,4.04,4.09,100004954,408979551.93
2022-09-30,sh.600795,4.1,4.13,4.04,4.07,91465263,374420085.0
2022-10-10,sh.600795,4.06,4.26,4.05,4.15,178951449,749585061.15
2022-10-11,sh.600795,4.18,4.48,4.15,4.47,246279317,1070870711.19
2022-10-12,sh.600795,4.45,4.54,4.37,4.54,190921147,848756436.61
2022-10-13,sh.600795,4.49,4.64,4.48,4.59,197253780,900149833.45
2022-10-14,sh.600795,4.59,4.63,4.54,4.61,141033039,647567490.85
2022-10-17,sh.600795,4.57,4.6,4.41,4.54,157364983,710113548.85
2022-10-18,sh.600795,4.54,4.68,4.5,4.65,162411289,751421363.45
2022-10-19,sh.600795,4.66,4.72,4.6,4.63,119814318,558178672.78
2022-10-20,sh.600795,4.61,4.71,4.5,4.53,196634656,904472377.03
2022-10-21,sh.600795,4.52,4.8,4.52,4.75,201921878,952639180.62
2022-10-24,sh.600795,4.72,4.75,4.58,4.62,208794915,968817349.74
2022-10-25,sh.600795,4.72,4.85,4.65,4.79,299057721,1424312766.3
2022-10-26,sh.600795,4.77,4.97,4.77,4.94,215783110,1057065293.87
2022-10-27,sh.600795,4.86,4.92,4.64,4.65,320455671,1524758877.14
2022-10-28,sh.600795,4.63,4.7,4.41,4.46,301465120,1364304941.21
2022-10-31,sh.600795,4.41,4.53,4.35,4.37,173995491,770443096.95
2022-11-01,sh.600795,4.4,4.42,4.22,4.38,214055928,925223537.75
2022-11-02,sh.600795,4.34,4.39,4.21,4.39,227886457,980060705.95
2022-11-03,sh.600795,4.36,4.41,4.27,4.31,194281594,839753831.62
2022-11-04,sh.600795,4.35,4.5,4.35,4.45,221160633,979977558.99
2022-11-07,sh.600795,4.44,4.44,4.17,4.23,329660986,1404374600.55
2022-11-08,sh.600795,4.2,4.27,4.16,4.22,176463931,743352098.33
2022-11-09,sh.600795,4.22,4.26,4.18,4.22,96064837,404696029.71
2022-11-10,sh.600795,4.25,4.32,4.2,4.21,148436877,630838258.48
2022-11-11,sh.600795,4.25,4.3,4.18,4.24,161734709,684052563.28
2022-11-14,sh.600795,4.24,4.24,4.13,4.16,154012198,642608921.81
2022-11-15,sh.600795,4.15,4.2,4.12,4.19,114265042,476230516.02
2022-11-16,sh.600795,4.25,4.4,4.21,4.23,211187161,908480947.83
2022-11-17,sh.600795,4.2,4.22,4.13,4.15,111567433,464672680.12
2022-11-18,sh.600795,4.14,4.2,4.12,4.16,114711108,476834801.28
2022-11-21,sh.600795,4.15,4.3,4.14,4.27,167826429,713372773.61
2022-11-22,sh.600795,4.28,4.4,4.23,4.34,161611749,698817950.57
2022-11-23,sh.600795,4.35,4.45,4.32,4.42,181567927,798796824.49
2022-11-24,sh.600795,4.46,4.55,4.43,4.51,162869637,733218611.16
2022-11-25,sh.600795,4.49,4.58,4.48,4.56,149737804,681419668.28
2022-11-28,sh.600795,4.5,4.69,4.43,4.68,209845887,965171109.4
2022-11-29,sh.600795,4.67,4.68,4.47,4.52,224609151,1019127286.03
2022-11-30,sh.600795,4.45,4.56,4.42,4.53,144193072,648429988.24
2022-12-01,sh.600795,4.49,4.51,4.38,4.46,190435982,844835171.73
2022-12-02,sh.600795,4.44,4.47,4.34,4.39,118155114,518640892.29
2022-12-05,sh.600795,4.37,4.45,4.34,4.44,132791214,584343163.99
2022-12-06,sh.600795,4.42,4.43,4.2,4.21,296399084,1264543886.7
2022-12-07,sh.600795,4.22,4.27,4.21,4.24,146491036,620046760.48
2022-12-08,sh.600795,4.22,4.25,4.1,4.14,205311737,852205510.12
2022-12-09,sh.600795,4.13,4.17,4.06,4.09,176316654,723580303.29
2022-12-12,sh.600795,4.07,4.08,3.96,3.97,165313540,660623962.41
2022-12-13,sh.600795,3.96,4.05,3.9,3.99,171264053,680817925.41
2022-12-14,sh.600795,3.98,4.04,3.95,4.0,102078576,408152183.28
2022-12-15,sh.600795,3.99,4.01,3.95,4.01,61453942,244921619.92
2022-12-16,sh.600795,4.02,4.16,4.0,4.1,171725233,703788095.91
2022-12-19,sh.600795,4.13,4.14,3.94,3.98,121138231,488562851.87
2022-12-20,sh.600795,3.96,4.01,3.92,3.99,80750978,321188168.86
2022-12-21,sh.600795,3.99,4.01,3.92,3.96,54911649,216850057.86
2022-12-22,sh.600795,3.94,3.97,3.79,3.83,138708324,535865015.79
2022-12-23,sh.600795,3.85,3.92,3.84,3.86,64604512,250150749.88
2022-12-26,sh.600795,3.87,4.02,3.87,4.01,96798624,384298398.52
2022-12-27,sh.600795,4.03,4.05,3.97,4.01,72942841,291844528.22
2022-12-28,sh.600795,4.01,4.18,3.98,4.16,159858936,658944292.88
2022-12-29,sh.600795,4.13,4.2,4.12,4.15,112202492,467076575.97
2022-12-30,sh.600795,4.17,4.3,4.16,4.27,160214000,681858883.21
2023-01-03,sh.600795,4.27,4.36,4.25,4.34,158480169,684555143.94
2023-01-04,sh.600795,4.36,4.38,4.27,4.34,124086221,536889489.35
2023-01-05,sh.600795,4.34,4.4,4.31,4.34,119083931,518030796.46
2023-01-06,sh.600795,4.33,4.4,4.31,4.34,110737162,481581767.12
2023-01-09,sh.600795,4.33,4.34,4.18,4.19,179732718,760955094.54
2023-01-10,sh.600795,4.23,4.24,4.16,4.19,98417696,413621662.9
2023-01-11,sh.600795,4.23,4.27,4.17,4.18,103544930,435775282.18
2023-01-12,sh.600795,4.18,4.21,4.14,4.19,82227502,343176787.73
2023-01-13,sh.600795,4.18,4.29,4.15,4.17,102970944,433313282.42
2023-01-16,sh.600795,4.18,4.19,4.09,4.13,137448371,569136587.9
2023-01-17,sh.600795,4.12,4.14,4.05,4.07,94617163,386103634.03
2023-01-18,sh.600795,4.06,4.14,4.05,4.08,68056391,278784977.88
2023-01-19,sh.600795,4.08,4.09,3.98,4.07,153478561,618119251.0
2023-01-20,sh.600795,4.06,4.22,4.05,4.18,140840143,585649227.48
2023-01-30,sh.600795,4.2,4.21,4.05,4.06,235917666,963790306.62
2023-01-31,sh.600795,3.98,4.02,3.88,3.97,401437429,1582773216.15
2023-02-01,sh.600795,3.95,3.97,3.9,3.95,205996527,810203326.72
2023-02-02,sh.600795,3.96,4.03,3.95,3.99,186351129,744061693.59
2023-02-03,sh.600795,3.99,4.0,3.92,3.95,105508166,416845759.18
2023-02-06,sh.600795,3.92,4.0,3.92,3.94,104653573,413878411.48
2023-02-07,sh.600795,3.95,3.98,3.91,3.97,121491467,479985212.78
2023-02-08,sh.600795,3.96,3.97,3.91,3.92,141541063,555799223.95
2023-02-09,sh.600795,3.92,3.93,3.9,3.93,98976763,387398872.78
2023-02-10,sh.600795,3.92,3.98,3.88,3.93,164823186,646901122.21
2023-02-13,sh.600795,3.95,4.05,3.94,3.96,246839056,984410184.82
2023-02-14,sh.600795,3.96,4.01,3.94,3.97,115071763,457212471.87
2023-02-15,sh.600795,3.98,3.98,3.91,3.92,132683434,521565449.94
2023-02-16,sh.600795,3.91,3.94,3.84,3.86,141474736,551334423.76
2023-02-17,sh.600795,3.85,3.89,3.84,3.85,86091772,332243966.54
2023-02-20,sh.600795,3.85,3.87,3.81,3.87,104805128,402200148.08
2023-02-21,sh.600795,3.86,3.93,3.84,3.93,127965756,498502026.43
2023-02-22,sh.600795,3.93,3.98,3.91,3.92,125712409,496171092.64
2023-02-23,sh.600795,3.91,3.92,3.87,3.88,93103946,361959795.48
2023-02-24,sh.600795,3.88,3.9,3.86,3.86,57198925,221457525.26
2023-02-27,sh.600795,3.85,3.89,3.84,3.86,62601990,241951711.47
2023-02-28,sh.600795,3.86,3.93,3.85,3.93,119847527,466247552.75
2023-03-01,sh.600795,3.92,3.93,3.9,3.93,89412312,350324339.62
2023-03-02,sh.600795,3.93,3.98,3.91,3.96,134379849,531553233.22
2023-03-03,sh.600795,3.96,4.03,3.96,4.02,179057550,716147854.67
2023-03-06,sh.600795,4.02,4.09,4.0,4.05,174240547,704664746.67
2023-03-07,sh.600795,4.07,4.09,4.0,4.01,173062743,701592789.2
2023-03-08,sh.600795,4.0,4.02,3.93,3.96,121437128,481091528.12
2023-03-09,sh.600795,3.97,3.99,3.94,3.95,68303327,270412858.98
2023-03-10,sh.600795,3.94,3.95,3.87,3.88,109750274,427235127.38
2023-03-13,sh.600795,3.86,3.93,3.86,3.91,78522271,306089147.83
2023-03-14,sh.600795,3.9,4.01,3.88,3.95,133655356,528646011.03
2023-03-15,sh.600795,3.98,4.02,3.91,4.02,131877692,524395505.6
2023-03-16,sh.600795,4.01,4.02,3.95,3.96,107308423,427487883.99
2023-03-17,sh.600795,3.97,4.01,3.92,3.95,122730586,486863265.11
2023-03-20,sh.600795,3.95,3.97,3.83,3.84,189138188,736760551.84
2023-03-21,sh.600795,3.85,3.87,3.81,3.84,104620638,401128532.08
2023-03-22,sh.600795,3.83,3.87,3.81,3.82,99519839,381179605.3
2023-03-23,sh.600795,3.82,3.82,3.76,3.81,106091876,401869910.51
2023-03-24,sh.600795,3.81,3.81,3.73,3.74,114503953,430442494.44
2023-03-27,sh.600795,3.73,3.73,3.68,3.7,96445667,356586269.28
2023-03-28,sh.600795,3.7,3.73,3.69,3.7,66082182,244880395.8
2023-03-29,sh.600795,3.71,3.77,3.69,3.7,98708426,367129064.87
2023-03-30,sh.600795,3.69,3.75,3.62,3.74,114314909,420839824.4
2023-03-31,sh.600795,3.74,3.82,3.73,3.8,125476655,475666630.52
2023-04-03,sh.600795,3.79,3.8,3.71,3.72,121147640,452322460.4
2023-04-04,sh.600795,3.7,3.73,3.68,3.7,78565068,290629039.41
2023-04-06,sh.600795,3.69,3.71,3.66,3.69,60228132,221758860.46
2023-04-07,sh.600795,3.69,3.75,3.68,3.75,71562366,266694128.63
2023-04-10,sh.600795,3.76,3.86,3.75,3.86,170276600,650188778.7
2023-04-11,sh.600795,3.85,3.88,3.82,3.86,93372882,359480004.62
2023-04-12,sh.600795,3.87,3.89,3.81,3.82,87825721,337113377.73
2023-04-13,sh.600795,3.82,3.88,3.81,3.84,84065401,323458029.83
2023-04-14,sh.600795,3.82,3.91,3.82,3.89,127272546,494617946.53
2023-04-17,sh.600795,3.95,3.98,3.91,3.93,188410593,743284340.97
2023-04-18,sh.600795,3.94,3.94,3.85,3.89,89881226,348732456.81
2023-04-19,sh.600795,3.88,3.94,3.87,3.88,88025952,343358904.81
2023-04-20,sh.600795,3.89,3.89,3.83,3.87,88025360,339457602.65
2023-04-21,sh.600795,3.87,3.95,3.85,3.87,134121744,523758968.11
2023-04-24,sh.600795,3.9,3.93,3.85,3.87,126022812,490345569.09
2023-04-25,sh.600795,3.89,3.95,3.87,3.91,149914342,587411479.5
2023-04-26,sh.600795,3.97,4.08,3.96,4.01,252951988,1017038649.99
2023-04-27,sh.600795,4.0,4.09,3.92,4.06,194272680,782701514.46
2023-04-28,sh.600795,3.89,3.91,3.76,3.86,322952930,1238619715.05
2023-05-04,sh.600795,3.85,4.04,3.84,4.02,264471501,1052626551.03
2023-05-05,sh.600795,4.02,4.07,3.99,4.01,125563196,505084363.83
2023-05-08,sh.600795,4.04,4.14,4.01,4.09,224759344,917490686.0
2023-05-09,sh.600795,4.1,4.12,4.02,4.03,169897268,692095357.3
2023-05-10,sh.600795,4.03,4.06,3.96,3.98,119350344,478854530.6
2023-05-11,sh.600795,3.98,4.13,3.96,4.05,129533307,525607962.05
2023-05-12,sh.600795,4.05,4.18,4.01,4.17,305709470,1268026204.94
2023-05-15,sh.600795,4.2,4.22,4.03,4.08,261165021,1074001392.68
2023-05-16,sh.600795,4.08,4.12,4.03,4.06,126540308,515883014.47
2023-05-17,sh.600795,4.06,4.12,4.0,4.08,125511974,509428896.73
2023-05-18,sh.600795,4.08,4.11,4.02,4.03,103504400,419217982.39
2023-05-19,sh.600795,4.02,4.03,3.94,3.96,123367381,490657959.99
2023-05-22,sh.600795,3.95,4.13,3.94,4.03,209270617,852617073.62
2023-05-23,sh.600795,4.07,4.09,3.99,3.99,125907838,507555815.62
2023-05-24,sh.600795,3.99,4.02,3.9,3.91,129276226,510472293.66
2023-05-25,sh.600795,3.89,3.96,3.87,3.92,103151173,403276864.24
2023-05-26,sh.600795,3.92,4.09,3.92,4.0,191193219,767856724.84
2023-05-29,sh.600795,4.01,4.21,3.99,4.18,365565283,1515732155.54
2023-05-30,sh.600795,4.2,4.21,4.12,4.18,159229200,662917612.0
2023-05-31,sh.600795,4.15,4.2,4.07,4.08,162696349,668589436.29
2023-06-01,sh.600795,4.1,4.15,4.03,4.04,190555188,775947171.49
2023-06-02,sh.600795,4.05,4.08,3.98,4.0,154386779,620518847.12
2023-06-05,sh.600795,4.0,4.03,3.95,3.98,125782943,500714271.46
2023-06-06,sh.600795,3.97,3.98,3.84,3.86,233215255,907522928.1
2023-06-07,sh.600795,3.85,3.87,3.77,3.8,137058495,523396493.82
2023-06-08,sh.600795,3.79,3.84,3.77,3.83,94664377,360604979.9
2023-06-09,sh.600795,3.84,3.9,3.81,3.9,109270559,422129140.25
2023-06-12,sh.600795,3.89,3.91,3.8,3.81,131353756,503317928.8
2023-06-13,sh.600795,3.8,3.84,3.78,3.82,81140717,308104147.24
2023-06-14,sh.600795,3.81,3.82,3.76,3.77,90278306,341200994.62
2023-06-15,sh.600795,3.79,3.81,3.74,3.81,111833604,423090520.43
2023-06-16,sh.600795,3.8,3.81,3.77,3.81,97727289,370743416.09
2023-06-19,sh.600795,3.8,3.85,3.77,3.83,103394411,395191991.19
2023-06-20,sh.600795,3.83,3.87,3.79,3.83,109118013,417981342.11
2023-06-21,sh.600795,3.82,3.88,3.8,3.82,97945937,376383064.52
2023-06-26,sh.600795,3.79,3.89,3.78,3.86,149880305,577160675.51
2023-06-27,sh.600795,3.86,3.87,3.77,3.83,98396616,374919728.28
2023-06-28,sh.600795,3.83,3.89,3.82,3.88,146855097,568624669.38
2023-06-29,sh.600795,3.88,3.89,3.84,3.85,71540310,275805662.33
2023-06-30,sh.600795,3.85,3.87,3.82,3.83,61992814,237931920.95
2023-07-03,sh.600795,3.83,3.89,3.83,3.87,82269794,317434778.96
2023-07-04,sh.600795,3.87,3.89,3.84,3.87,74655408,288391744.86
2023-07-05,sh.600795,3.87,3.91,3.86,3.87,74605226,289419994.88
2023-07-06,sh.600795,3.8,3.8,3.72,3.73,89775800,336987555.0
2023-07-07,sh.600795,3.73,3.78,3.72,3.76,57832951,217285273.22
2023-07-10,sh.600795,3.79,3.84,3.77,3.79,84741615,322005452.21
2023-07-11,sh.600795,3.79,3.79,3.75,3.76,59407226,223579460.95
2023-07-12,sh.600795,3.76,3.78,3.74,3.75,49627171,186440589.24
2023-07-13,sh.600795,3.76,3.78,3.74,3.76,55494459,208884299.84
2023-07-14,sh.600795,3.77,3.77,3.72,3.73,82115385,306717406.89
2023-07-17,sh.600795,3.72,3.74,3.7,3.71,52273907,194313936.25
2023-07-18,sh.600795,3.72,3.73,3.67,3.68,67264133,247926896.49
2023-07-19,sh.600795,3.68,3.68,3.64,3.67,59583157,217878070.37
2023-07-20,sh.600795,3.67,3.67,3.62,3.62,63199922,230150238.0
2023-07-21,sh.600795,3.63,3.63,3.6,3.6,54830974,197904652.56
2023-07-24,sh.600795,3.6,3.63,3.57,3.59,54166787,194834050.59
2023-07-25,sh.600795,3.61,3.64,3.6,3.64,79066785,285829829.06
2023-07-26,sh.600795,3.63,3.64,3.61,3.61,41945464,151727760.04
2023-07-27,sh.600795,3.61,3.64,3.61,3.61,60692926,219698153.9
2023-07-28,sh.600795,3.61,3.64,3.58,3.64,79095963,286005098.86
2023-07-31,sh.600795,3.64,3.69,3.63,3.69,98727302,362561281.25
2023-08-01,sh.600795,3.68,3.77,3.67,3.77,153048821,571420173.3
2023-08-02,sh.600795,3.76,3.77,3.73,3.75,64574075,241902464.83
2023-08-03,sh.600795,3.73,3.76,3.71,3.76,62650376,234720015.79
2023-08-04,sh.600795,3.77,3.79,3.73,3.74,78135327,293246837.89
2023-08-07,sh.600795,3.74,3.76,3.72,3.75,54156554,202541721.21
2023-08-08,sh.600795,3.74,3.77,3.73,3.74,49415268,185254510.32
2023-08-09,sh.600795,3.73,3.75,3.68,3.68,61365146,226864673.28
2023-08-10,sh.600795,3.69,3.7,3.65,3.69,44303420,162924907.4
2023-08-11,sh.600795,3.69,3.69,3.62,3.62,51442780,187609921.18
2023-08-14,sh.600795,3.61,3.62,3.57,3.61,61666420,221939665.98
2023-08-15,sh.600795,3.61,3.66,3.6,3.63,58796894,213491328.36
2023-08-16,sh.600795,3.62,3.63,3.58,3.59,45863489,165016218.48
2023-08-17,sh.600795,3.58,3.59,3.53,3.58,69861128,248349522.12
2023-08-18,sh.600795,3.58,3.6,3.56,3.56,37557823,134341726.09
2023-08-21,sh.600795,3.56,3.59,3.49,3.49,63953857,225874418.88
2023-08-22,sh.600795,3.5,3.52,3.42,3.51,87348616,303297553.07
2023-08-23,sh.600795,3.5,3.5,3.4,3.41,65950009,227170833.37
2023-08-24,sh.600795,3.42,3.45,3.37,3.41,90705265,309246646.47
2023-08-25,sh.600795,3.4,3.48,3.38,3.46,85006738,292897706.08
2023-08-28,sh.600795,3.6,3.6,3.43,3.45,90305610,316416173.98
2023-08-29,sh.600795,3.46,3.48,3.42,3.44,81903249,281701823.14
2023-08-30,sh.600795,3.43,3.45,3.3,3.34,133290656,447958014.22
2023-08-31,sh.600795,3.43,3.54,3.41,3.51,229251934,798247876.95
2023-09-01,sh.600795,3.5,3.58,3.48,3.54,94078809,333387189.21
2023-09-04,sh.600795,3.55,3.6,3.52,3.59,99921841,356417949.98
2023-09-05,sh.600795,3.6,3.68,3.58,3.66,144745061,528651416.64
2023-09-06,sh.600795,3.66,3.69,3.64,3.65,96149588,352403819.21
2023-09-07,sh.600795,3.65,3.68,3.6,3.63,86478329,314873128.9
2023-09-08,sh.600795,3.62,3.69,3.61,3.67,78369988,286489700.51
2023-09-11,sh.600795,3.67,3.75,3.66,3.67,87156692,322485367.24
2023-09-12,sh.600795,3.66,3.72,3.65,3.66,63563143,233528341.46
2023-09-13,sh.600795,3.67,3.7,3.65,3.68,74189434,272564126.68
2023-09-14,sh.600795,3.68,3.79,3.67,3.78,194081601,728350258.33
2023-09-15,sh.600795,3.8,3.85,3.75,3.78,154302218,586504007.0
2023-09-18,sh.600795,3.78,3.8,3.73,3.77,82509820,310744254.64
2023-09-19,sh.600795,3.77,3.79,3.72,3.77,71012950,267218735.99
2023-09-20,sh.600795,3.77,3.79,3.74,3.76,53950978,203164827.1
2023-09-21,sh.600795,3.75,3.79,3.74,3.75,64250203,241757257.1
2023-09-22,sh.600795,3.76,3.85,3.71,3.72,105568067,396034042.5
2023-09-25,sh.600795,3.73,3.8,3.69,3.75,92724031,348341432.6
2023-09-26,sh.600795,3.78,3.79,3.73,3.77,67701769,254727309.68
2023-09-27,sh.600795,3.78,3.78,3.69,3.7,80465565,299542484.71
2023-09-28,sh.600795,3.72,3.73,3.66,3.68,54029704,199360573.8
2023-10-09,sh.600795,3.68,3.73,3.63,3.71,64470908,238307595.92
2023-10-10,sh.600795,3.72,3.74,3.7,3.7,42972279,159544398.13
2023-10-11,sh.600795,3.7,3.76,3.65,3.66,60953433,225573767.2
2023-10-12,sh.600795,3.68,3.7,3.65,3.67,48350686,177620906.34
2023-10-13,sh.600795,3.67,3.71,3.63,3.66,49980167,182943936.19
2023-10-16,sh.600795,3.65,3.71,3.64,3.67,49429749,181747992.1
2023-10-17,sh.600795,3.68,3.81,3.67,3.75,102260111,382415676.26
2023-10-18,sh.600795,3.76,3.76,3.63,3.64,103044502,379536412.43
2023-10-19,sh.600795,3.64,3.64,3.57,3.58,76713165,276097063.71
2023-10-20,sh.600795,3.6,3.67,3.55,3.64,76556597,277683336.62
2023-10-23,sh.600795,3.62,3.63,3.51,3.54,71832968,255676155.02
2023-10-24,sh.600795,3.51,3.59,3.49,3.58,72034701,255331893.88
2023-10-25,sh.600795,3.6,3.64,3.49,3.55,78509807,279305141.95
2023-10-26,sh.600795,3.53,3.65,3.5,3.65,92001059,330107876.93
2023-10-27,sh.600795,3.63,3.71,3.62,3.69,86155320,317037468.22
2023-10-30,sh.600795,3.7,3.7,3.63,3.64,74546910,272496968.0
2023-10-31,sh.600795,3.64,3.67,3.63,3.64,60686499,221087501.45
2023-11-01,sh.600795,3.65,3.68,3.63,3.66,50915830,186150454.52
2023-11-02,sh.600795,3.66,3.71,3.64,3.69,66130230,243571288.06
2023-11-03,sh.600795,3.69,3.75,3.67,3.71,78833874,293141691.48
2023-11-06,sh.600795,3.72,3.72,3.59,3.61,153927875,559740510.74
2023-11-07,sh.600795,3.61,3.63,3.57,3.61,63337316,228205706.76
2023-11-08,sh.600795,3.61,3.63,3.59,3.6,45288536,163235226.54
2023-11-09,sh.600795,3.59,3.7,3.59,3.67,112253042,410988541.62
2023-11-10,sh.600795,3.67,3.74,3.6,3.73,138886353,511661352.69
2023-11-13,sh.600795,3.8,3.87,3.7,3.76,138581264,522980025.34
2023-11-14,sh.600795,3.77,3.85,3.75,3.79,115881152,440721491.08
2023-11-15,sh.600795,3.8,3.84,3.77,3.82,77785650,296357769.66
2023-11-16,sh.600795,3.82,3.86,3.8,3.83,77800682,298586143.45
2023-11-17,sh.600795,3.84,3.91,3.83,3.89,121497215,471622362.89
2023-11-20,sh.600795,3.9,3.98,3.89,3.9,154011191,605134276.4
2023-11-21,sh.600795,3.9,3.91,3.84,3.86,86263769,333584918.32
2023-11-22,sh.600795,3.88,3.9,3.84,3.86,61553802,238555062.72
2023-11-23,sh.600795,3.86,3.9,3.84,3.88,57319731,221884834.95
2023-11-24,sh.600795,3.89,3.92,3.87,3.9,77299408,301554011.23
2023-11-27,sh.600795,3.9,3.92,3.86,3.89,60352601,234438152.89
2023-11-28,sh.600795,3.9,3.94,3.86,3.94,78042529,304934063.43
2023-11-29,sh.600795,3.94,3.97,3.91,3.92,58046000,228129406.0
2023-11-30,sh.600795,3.92,3.96,3.91,3.95,71080791,280250865.41
2023-12-01,sh.600795,3.96,4.0,3.94,3.98,89256655,355259328.54
2023-12-04,sh.600795,3.99,4.01,3.95,4.0,88361347,351518319.93
2023-12-05,sh.600795,4.0,4.06,3.99,4.0,104386751,420721014.98
2023-12-06,sh.600795,3.99,4.0,3.93,3.97,79293550,314236612.77
2023-12-07,sh.600795,3.96,4.05,3.95,4.03,92123600,370210423.58
2023-12-08,sh.600795,4.05,4.1,4.01,4.09,109233201,445804617.12
2023-12-11,sh.600795,4.08,4.14,4.02,4.13,108810365,445006866.21
2023-12-12,sh.600795,4.12,4.21,4.1,4.2,94855144,395076322.64
2023-12-13,sh.600795,4.2,4.25,4.17,4.2,90857165,382918404.47
2023-12-14,sh.600795,4.19,4.26,4.16,4.22,86978516,366022728.78
2023-12-15,sh.600795,4.23,4.24,4.14,4.15,108795433,453904459.28
2023-12-18,sh.600795,4.15,4.24,4.15,4.2,107092890,450254836.06
2023-12-19,sh.600795,4.2,4.2,4.11,4.15,113301700,470817433.4
2023-12-20,sh.600795,4.2,4.25,4.19,4.2,121787587,514476368.45
2023-12-21,sh.600795,4.18,4.21,4.14,4.19,84444546,352396315.02
2023-12-22,sh.600795,4.21,4.23,4.18,4.2,67159247,282119968.3
2023-12-25,sh.600795,4.17,4.21,4.15,4.2,61211050,255579814.16
2023-12-26,sh.600795,4.2,4.24,4.18,4.19,75125939,315822603.07
2023-12-27,sh.600795,4.2,4.32,4.19,4.31,119323219,508925933.89
2023-12-28,sh.600795,4.32,4.34,4.14,4.18,186391900,782826731.18
2023-12-29,sh.600795,4.16,4.21,4.12,4.16,118214651,491300051.92
2024-01-02,sh.600795,4.14,4.32,4.14,4.28,161428405,687836175.9
2024-01-03,sh.600795,4.27,4.37,4.25,4.37,143357031,620386236.34
2024-01-04,sh.600795,4.38,4.38,4.28,4.35,91281943,394845343.4
2024-01-05,sh.600795,4.34,4.4,4.32,4.34,106641303,464582166.54
2024-01-08,sh.600795,4.34,4.34,4.26,4.28,101259755,434828405.05
2024-01-09,sh.600795,4.29,4.3,4.21,4.28,94052237,400702728.41
2024-01-10,sh.600795,4.3,4.33,4.19,4.28,107857778,459192108.91
2024-01-11,sh.600795,4.27,4.28,4.17,4.2,127143325,536599817.84
2024-01-12,sh.600795,4.2,4.27,4.18,4.23,119831291,505685726.53
2024-01-15,sh.600795,4.21,4.26,4.18,4.23,91691275,386738345.46
2024-01-16,sh.600795,4.22,4.24,4.18,4.22,86260064,362973662.36
2024-01-17,sh.600795,4.22,4.26,4.18,4.18,85543970,361391686.54
2024-01-18,sh.600795,4.15,4.17,3.99,4.15,170414613,695009256.35
2024-01-19,sh.600795,4.14,4.18,4.03,4.07,128208239,524648862.34
2024-01-22,sh.600795,4.06,4.09,3.93,3.96,153536487,616316305.12
2024-01-23,sh.600795,3.96,4.07,3.88,4.06,123164900,491291354.25
2024-01-24,sh.600795,4.07,4.16,4.05,4.16,123551188,506954707.98
2024-01-25,sh.600795,4.18,4.28,4.17,4.28,127547046,539411662.36
2024-01-26,sh.600795,4.26,4.35,4.25,4.34,123088806,530503685.82
2024-01-29,sh.600795,4.35,4.46,4.34,4.39,183199744,808915048.82
2024-01-30,sh.600795,4.37,4.45,4.35,4.38,138184859,608612497.73
2024-01-31,sh.600795,4.28,4.54,4.24,4.47,280338755,1244484507.07
2024-02-01,sh.600795,4.45,4.51,4.39,4.4,183922205,818330312.07
2024-02-02,sh.600795,4.39,4.54,4.36,4.47,180513759,805742365.64
2024-02-05,sh.600795,4.47,4.53,4.38,4.47,187490631,837198267.72
2024-02-06,sh.600795,4.43,4.51,4.39,4.47,192787983,860047722.94
2024-02-07,sh.600795,4.46,4.46,4.34,4.42,250242859,1101982170.05
2024-02-08,sh.600795,4.42,4.43,4.3,4.42,218842356,955183450.0
2024-02-19,sh.600795,4.39,4.65,4.39,4.65,234377432,1066529976.24
2024-02-20,sh.600795,4.65,4.71,4.61,4.66,104528558,487301143.83
2024-02-21,sh.600795,4.64,4.71,4.61,4.62,128753611,598172478.67
2024-02-22,sh.600795,4.6,4.77,4.59,4.75,127999386,602218562.88
2024-02-23,sh.600795,4.74,4.85,4.73,4.8,105841026,508598133.02
2024-02-26,sh.600795,4.78,4.79,4.63,4.64,130305707,611953137.24
2024-02-27,sh.600795,4.63,4.69,4.6,4.65,105154512,487569797.07
2024-02-28,sh.600795,4.63,4.76,4.6,4.72,124211570,582284836.36
2024-02-29,sh.600795,4.69,4.73,4.63,4.68,103348589,482852642.45
2024-03-01,sh.600795,4.65,4.71,4.62,4.63,105913940,493609640.18
2024-03-04,sh.600795,4.63,4.8,4.61,4.78,149493443,703830974.0
2024-03-05,sh.600795,4.76,4.98,4.76,4.91,159419881,782953306.17
2024-03-06,sh.600795,4.93,5.0,4.88,4.96,126223532,625133167.68
2024-03-07,sh.600795,4.92,5.02,4.89,5.01,123901274,617063928.01
2024-03-08,sh.600795,5.0,5.09,4.98,5.07,128367683,648379635.37
2024-03-11,sh.600795,5.1,5.19,4.99,5.08,166398344,843848923.08
2024-03-12,sh.600795,5.05,5.06,4.82,4.83,168377336,826576275.99
2024-03-13,sh.600795,4.8,4.98,4.8,4.96,148742163,730145173.99
2024-03-14,sh.600795,4.94,5.01,4.91,4.97,92713265,460830992.88
2024-03-15,sh.600795,4.98,5.12,4.96,5.08,173115877,877343741.79
2024-03-18,sh.600795,5.06,5.23,5.05,5.14,150425743,771343073.72
2024-03-19,sh.600795,5.13,5.17,5.0,5.02,120326606,609533703.7
2024-03-20,sh.600795,5.0,5.12,4.93,5.03,94968817,478150903.67
2024-03-21,sh.600795,5.02,5.04,4.94,4.97,85206718,424575470.98
2024-03-22,sh.600795,4.97,5.04,4.91,5.01,106562401,531753299.34
2024-03-25,sh.600795,4.99,5.09,4.99,5.0,101403887,511168781.96
2024-03-26,sh.600795,4.97,5.05,4.92,5.04,116151201,580045686.33
2024-03-27,sh.600795,5.03,5.06,4.98,4.99,81655389,409924653.66
2024-03-28,sh.600795,4.97,5.01,4.9,5.01,105333551,522675320.52
2024-03-29,sh.600795,4.99,5.07,4.98,5.05,94078846,472728810.78
2024-04-01,sh.600795,5.06,5.07,4.93,4.95,127639352,634276917.14
2024-04-02,sh.600795,4.92,5.05,4.91,4.99,124996449,624504215.15
2024-04-03,sh.600795,4.98,5.0,4.92,4.98,90361930,447728501.1
2024-04-08,sh.600795,4.95,5.22,4.95,5.2,227753489,1166709511.96
2024-04-09,sh.600795,5.18,5.21,5.1,5.18,134391618,693011502.76
2024-04-10,sh.600795,5.18,5.27,5.16,5.19,134583042,702804504.73
2024-04-11,sh.600795,5.19,5.3,5.14,5.29,112358448,590383758.78
2024-04-12,sh.600795,5.29,5.35,5.25,5.29,113284003,599991830.21
2024-04-15,sh.600795,5.29,5.39,5.27,5.34,116981367,622510982.61
2024-04-16,sh.600795,5.19,5.24,5.09,5.16,243188136,1256621990.31
2024-04-17,sh.600795,5.16,5.23,5.05,5.22,199352859,1025884715.38
2024-04-18,sh.600795,5.2,5.3,4.95,5.01,273179094,1392283425.96
2024-04-19,sh.600795,5.01,5.07,4.95,4.98,164629351,823848910.37
2024-04-22,sh.600795,4.99,5.07,4.96,5.02,178901999,898284099.98
2024-04-23,sh.600795,5.02,5.03,4.91,4.92,144226604,714514602.23
2024-04-24,sh.600795,4.98,5.15,4.98,5.06,210945373,1068632905.87
2024-04-25,sh.600795,5.05,5.05,4.96,4.98,109167584,545186110.08
2024-04-26,sh.600795,4.98,5.03,4.94,4.98,138791531,691591354.86
2024-04-29,sh.600795,5.0,5.03,4.87,4.98,214226412,1062383236.89
2024-04-30,sh.600795,4.96,5.15,4.96,5.13,165220725,838959376.81
2024-05-06,sh.600795,5.13,5.27,5.02,5.26,193271917,1000804316.35
2024-05-07,sh.600795,5.24,5.3,5.16,5.19,127925120,666040351.15
2024-05-08,sh.600795,5.19,5.23,5.15,5.18,88742110,460172312.04
2024-05-09,sh.600795,5.18,5.2,5.12,5.15,110706080,570618517.6
2024-05-10,sh.600795,5.16,5.31,5.15,5.31,161839259,851590808.59
2024-05-13,sh.600795,5.31,5.4,5.25,5.38,156660476,835547796.98
2024-05-14,sh.600795,5.36,5.42,5.29,5.39,101475501,544741709.59
2024-05-15,sh.600795,5.39,5.47,5.29,5.3,89793744,481647193.2
2024-05-16,sh.600795,5.3,5.33,5.18,5.19,98129925,514180073.37
2024-05-17,sh.600795,5.21,5.26,5.15,5.17,101466168,527362601.14
2024-05-20,sh.600795,5.18,5.27,5.11,5.23,116038726,601882397.65
2024-05-21,sh.600795,5.22,5.25,5.16,5.2,82516494,428717424.9
2024-05-22,sh.600795,5.21,5.3,5.18,5.18,110855700,579241056.81
2024-05-23,sh.600795,5.19,5.21,5.1,5.12,105418034,542552836.64
2024-05-24,sh.600795,5.14,5.41,5.14,5.36,239829119,1273149751.5
2024-05-27,sh.600795,5.39,5.48,5.3,5.44,189979697,1028325307.74
2024-05-28,sh.600795,5.43,5.54,5.4,5.45,138963403,760341937.93
2024-05-29,sh.600795,5.44,5.46,5.36,5.44,79982880,433406097.72
2024-05-30,sh.600795,5.44,5.47,5.33,5.35,95420287,514530430.08
2024-05-31,sh.600795,5.34,5.47,5.3,5.37,116128416,625318865.02
2024-06-03,sh.600795,5.37,5.5,5.35,5.46,145323071,791685098.78
2024-06-04,sh.600795,5.46,5.58,5.4,5.57,161398478,889321660.95
2024-06-05,sh.600795,5.57,5.74,5.55,5.71,213473289,1212959969.46
2024-06-06,sh.600795,5.69,5.98,5.68,5.87,276967480,1620973017.11
2024-06-07,sh.600795,5.85,5.99,5.82,5.96,159140591,939363667.68
2024-06-11,sh.600795,5.99,6.02,5.77,5.85,169615898,996537849.15
2024-06-12,sh.600795,5.83,5.98,5.79,5.96,111673746,659280168.61
2024-06-13,sh.600795,5.94,6.11,5.9,5.97,133480086,801266261.22
2024-06-14,sh.600795,5.98,6.0,5.77,5.83,160691594,944019607.39
2024-06-17,sh.600795,5.83,5.9,5.72,5.76,148345597,858042567.33
2024-06-18,sh.600795,5.76,5.8,5.67,5.78,111054389,636598070.68
2024-06-19,sh.600795,5.78,5.85,5.74,5.76,84822688,490992781.59
2024-06-20,sh.600795,5.75,5.9,5.74,5.83,118800680,692891947.01
2024-06-21,sh.600795,5.84,5.92,5.79,5.85,97120297,569025779.01
2024-06-24,sh.600795,5.83,5.92,5.82,5.84,112167384,657191886.84
2024-06-25,sh.600795,5.85,5.91,5.74,5.88,116848473,683201089.35
2024-06-26,sh.600795,5.86,5.9,5.72,5.82,116448476,673433568.25
2024-06-27,sh.600795,5.79,5.89,5.78,5.83,94230221,550349897.81
2024-06-28,sh.600795,5.8,6.01,5.76,5.99,154966043,916245768.61
2024-07-01,sh.600795,5.96,6.15,5.95,6.03,135945284,820576678.45
2024-07-02,sh.600795,6.01,6.07,5.99,6.05,87844240,529618165.11
2024-07-03,sh.600795,6.05,6.1,5.97,6.07,111013638,670756941.59
2024-07-04,sh.600795,6.07,6.12,6.0,6.01,90367082,546645819.34
2024-07-05,sh.600795,5.97,5.99,5.76,5.94,116264046,681763859.56
2024-07-08,sh.600795,5.9,6.08,5.88,6.05,158567092,953397988.62
2024-07-09,sh.600795,6.03,6.09,5.95,6.06,139456897,839436155.95
2024-07-10,sh.600795,5.89,5.89,5.59,5.79,350501863,2012914081.97
2024-07-11,sh.600795,5.79,5.98,5.76,5.97,223519720,1312570702.47
2024-07-12,sh.600795,5.98,6.08,5.79,5.85,154824493,917036888.09
2024-07-15,sh.600795,5.79,5.94,5.66,5.91,129731268,758590496.14
2024-07-16,sh.600795,5.9,5.97,5.87,5.93,86970143,514453327.1
2024-07-17,sh.600795,5.91,5.92,5.65,5.7,167015669,959501693.89
2024-07-18,sh.600795,5.68,5.8,5.65,5.79,112810145,646279593.2
2024-07-19,sh.600795,5.77,5.82,5.73,5.8,77927763,450741285.61
2024-07-22,sh.600795,5.77,5.8,5.64,5.7,110508779,629034433.38
2024-07-23,sh.600795,5.68,5.75,5.64,5.7,96477147,549029978.11
2024-07-24,sh.600795,5.68,5.87,5.65,5.8,131597226,759960168.73
2024-07-25,sh.600795,5.81,5.81,5.61,5.72,105573837,600849764.91
2024-07-26,sh.600795,5.71,5.73,5.55,5.67,123873196,697495913.56
2024-07-29,sh.600795,5.65,5.82,5.64,5.79,111300163,639535589.85
2024-07-30,sh.600795,5.79,5.84,5.66,5.68,103968559,595617807.56
2024-07-31,sh.600795,5.65,5.68,5.48,5.56,206054847,1142844930.89
2024-08-01,sh.600795,5.51,5.67,5.51,5.54,122540004,685863547.93
2024-08-02,sh.600795,5.54,5.61,5.49,5.56,102432877,568479444.84
2024-08-05,sh.600795,5.55,5.58,5.42,5.45,99035964,544556116.39
2024-08-06,sh.600795,5.45,5.54,5.4,5.49,90923461,498072669.1
2024-08-07,sh.600795,5.5,5.61,5.49,5.52,115939582,645461611.78
2024-08-08,sh.600795,5.53,5.58,5.47,5.49,74905647,412601570.38
2024-08-09,sh.600795,5.5,5.53,5.45,5.48,66558637,365207880.56
2024-08-12,sh.600795,5.49,5.55,5.49,5.52,55613674,306974596.22
2024-08-13,sh.600795,5.52,5.55,5.45,5.51,67801442,372326800.24
2024-08-14,sh.600795,5.5,5.65,5.46,5.61,107865277,602841914.93
2024-08-15,sh.600795,5.61,5.66,5.55,5.6,82396527,460799782.12
2024-08-16,sh.600795,5.61,5.63,5.5,5.54,72263100,400764947.0
2024-08-19,sh.600795,5.54,5.6,5.51,5.53,76538104,424505171.08
2024-08-20,sh.600795,5.56,5.59,5.39,5.47,115272354,630408935.45
2024-08-21,sh.600795,5.46,5.5,5.41,5.47,62925007,343737026.78
2024-08-22,sh.600795,5.46,5.5,5.41,5.49,73421126,401568251.44
2024-08-23,sh.600795,5.47,5.49,5.36,5.41,101019950,546179527.78
2024-08-26,sh.600795,5.39,5.44,5.35,5.42,84637759,457375446.62
2024-08-27,sh.600795,5.43,5.44,5.39,5.43,53169050,288194668.5
2024-08-28,sh.600795,5.43,5.6,5.42,5.51,113964434,629927435.24
2024-08-29,sh.600795,5.51,5.54,5.36,5.39,134907863,728651597.56
2024-08-30,sh.600795,5.37,5.44,5.26,5.35,146936779,785701117.7
2024-09-02,sh.600795,5.33,5.5,5.32,5.44,144655733,788333591.4
2024-09-03,sh.600795,5.4,5.5,5.31,5.35,118434750,635746656.0
2024-09-04,sh.600795,5.32,5.35,5.26,5.31,92236832,488240944.12
2024-09-05,sh.600795,5.3,5.33,5.21,5.25,89444992,469242924.4
2024-09-06,sh.600795,5.24,5.29,5.19,5.2,56647487,297083366.72
2024-09-09,sh.600795,5.19,5.22,5.01,5.06,126468126,643648130.28
2024-09-10,sh.600795,5.05,5.1,4.92,5.02,109460038,547601756.77
2024-09-11,sh.600795,5.0,5.01,4.78,4.83,111757747,543318043.96
2024-09-12,sh.600795,4.81,4.89,4.78,4.84,79523975,384749609.41
2024-09-13,sh.600795,4.82,4.9,4.81,4.85,72108499,350470404.12
2024-09-18,sh.600795,4.85,4.88,4.79,4.87,78970482,382324456.32
2024-09-19,sh.600795,4.9,4.9,4.75,4.85,104348466,502145778.65
2024-09-20,sh.600795,4.83,4.91,4.82,4.89,101088689,491752225.46
2024-09-23,sh.600795,4.9,5.06,4.87,4.99,109525212,547376924.24
2024-09-24,sh.600795,5.01,5.14,4.95,5.1,120401117,610101906.98
2024-09-25,sh.600795,5.18,5.22,5.07,5.11,169902935,873000046.96
2024-09-26,sh.600795,5.1,5.11,4.92,5.05,237065301,1185773038.52
2024-09-27,sh.600795,5.08,5.12,5.02,5.11,131046429,665214291.26
2024-09-30,sh.600795,5.17,5.54,5.17,5.47,369912434,1973941378.09
2024-10-08,sh.600795,6.0,6.02,5.23,5.4,435456617,2402953554.95
2024-10-09,sh.600795,5.35,5.35,5.12,5.14,257579034,1345420281.03
2024-10-10,sh.600795,5.16,5.41,5.15,5.27,216279019,1146907866.26
2024-10-11,sh.600795,5.27,5.35,5.14,5.18,141865536,741194212.72
2024-10-14,sh.600795,5.19,5.31,5.13,5.24,138892131,725546655.0
2024-10-15,sh.600795,5.23,5.25,5.11,5.11,116599442,602427086.64
2024-10-16,sh.600795,5.1,5.15,5.07,5.12,97047877,496131080.4
2024-10-17,sh.600795,5.13,5.2,5.07,5.07,114816362,585971297.35
2024-10-18,sh.600795,5.07,5.17,5.0,5.11,171045266,871570892.14
2024-10-21,sh.600795,5.15,5.16,5.0,5.03,202013471,1018080114.08
2024-10-22,sh.600795,5.05,5.26,5.03,5.22,268097242,1389988570.05
2024-10-23,sh.600795,5.26,5.28,5.16,5.25,155462961,812128545.36
2024-10-24,sh.600795,5.21,5.25,5.17,5.24,90866530,473611838.21
2024-10-25,sh.600795,5.14,5.16,4.98,5.03,418928830,2106012337.64
2024-10-28,sh.600795,5.01,5.03,4.97,5.02,234543145,1171963172.3
2024-10-29,sh.600795,5.02,5.03,4.91,4.92,215164093,1064290726.04
2024-10-30,sh.600795,4.92,4.94,4.87,4.93,112663446,552626353.73
2024-10-31,sh.600795,4.87,4.87,4.81,4.84,140407847,678586375.5
2024-11-01,sh.600795,4.82,4.89,4.8,4.88,144870460,704161500.65
2024-11-04,sh.600795,4.87,4.88,4.82,4.88,117676009,570401612.15
2024-11-05,sh.600795,4.87,4.9,4.85,4.9,135357975,660775696.87
2024-11-06,sh.600795,4.9,4.9,4.83,4.86,152353306,740751957.98
2024-11-07,sh.600795,4.82,4.89,4.81,4.89,159064256,773601710.25
2024-11-08,sh.600795,4.89,4.97,4.87,4.88,191287659,938239533.89
2024-11-11,sh.600795,4.87,4.9,4.82,4.89,161077833,783539448.8
2024-11-12,sh.600795,4.87,4.91,4.82,4.84,136526656,663838689.72
2024-11-13,sh.600795,4.82,4.86,4.81,4.84,93913830,454055778.8
2024-11-14,sh.600795,4.84,4.9,4.8,4.8,130247521,630356976.78
2024-11-15,sh.600795,4.8,4.83,4.75,4.76,115487669,552475984.35
2024-11-18,sh.600795,4.76,4.87,4.76,4.82,161973716,782534689.95
2024-11-19,sh.600795,4.81,4.82,4.73,4.77,140325446,668841306.0
2024-11-20,sh.600795,4.76,4.8,4.74,4.79,84879298,405034273.44
2024-11-21,sh.600795,4.77,4.84,4.77,4.81,90283656,434235748.89
2024-11-22,sh.600795,4.82,4.84,4.69,4.69,140319980,665972011.59
2024-11-25,sh.600795,4.7,4.73,4.56,4.56,134182696,620237283.24
2024-11-26,sh.600795,4.57,4.59,4.47,4.48,165041039,744252427.17
2024-11-27,sh.600795,4.47,4.6,4.46,4.6,162924275,737627778.34
2024-11-28,sh.600795,4.59,4.61,4.54,4.56,76044204,347427114.41
2024-11-29,sh.600795,4.56,4.62,4.55,4.57,98213116,449878465.1
2024-12-02,sh.600795,4.57,4.67,4.55,4.65,109825932,506846642.73
2024-12-03,sh.600795,4.66,4.72,4.62,4.69,96245650,449742109.52
2024-12-04,sh.600795,4.68,4.71,4.65,4.69,74214464,347299176.72
2024-12-05,sh.600795,4.68,4.72,4.64,4.66,75968329,354961830.9
2024-12-06,sh.600795,4.66,4.72,4.66,4.7,93063851,437213055.04
2024-12-09,sh.600795,4.7,4.75,4.69,4.73,90976877,430298954.92
2024-12-10,sh.600795,4.78,4.8,4.69,4.69,128113458,604986509.45
2024-12-11,sh.600795,4.69,4.74,4.67,4.71,70866865,333993617.48
2024-12-12,sh.600795,4.71,4.73,4.68,4.72,83444993,392930780.12
2024-12-13,sh.600795,4.7,4.71,4.66,4.67,83329602,389931282.57
2024-12-16,sh.600795,4.67,4.79,4.67,4.76,168763364,799690971.05
2024-12-17,sh.600795,4.74,4.84,4.67,4.67,162174472,769023691.99
2024-12-18,sh.600795,4.69,4.77,4.66,4.71,119097835,563301350.94
2024-12-19,sh.600795,4.68,4.71,4.62,4.64,102635309,478325692.2
2024-12-20,sh.600795,4.65,4.67,4.54,4.55,136436357,625112897.45
2024-12-23,sh.600795,4.54,4.64,4.51,4.62,146334998,672733467.29
2024-12-24,sh.600795,4.62,4.69,4.6,4.68,97845602,455466942.57
2024-12-25,sh.600795,4.69,4.7,4.63,4.69,71175862,332468812.07
2024-12-26,sh.600795,4.69,4.69,4.57,4.58,132503387,609928950.84
2024-12-27,sh.600795,4.59,4.66,4.56,4.66,99115330,457673279.4
2024-12-30,sh.600795,4.65,4.69,4.61,4.63,85362253,396057039.66
2024-12-31,sh.600795,4.63,4.67,4.58,4.58,100344491,464077208.39
2025-01-02,sh.600795,4.59,4.61,4.41,4.43,142958323,644297589.46
2025-01-03,sh.600795,4.44,4.48,4.4,4.42,88440006,392577854.19
2025-01-06,sh.600795,4.42,4.45,4.36,4.42,90350892,398275814.54
2025-01-07,sh.600795,4.42,4.43,4.35,4.37,80331927,351399327.72
2025-01-08,sh.600795,4.37,4.42,4.34,4.39,99273818,435442939.22
2025-01-09,sh.600795,4.4,4.4,4.31,4.32,78576053,341094849.74
2025-01-10,sh.600795,4.32,4.33,4.23,4.23,85678858,365426498.58
2025-01-13,sh.600795,4.21,4.25,4.18,4.23,76770541,323619404.68
2025-01-14,sh.600795,4.23,4.33,4.23,4.31,79208812,339773866.84
2025-01-15,sh.600795,4.3,4.34,4.28,4.28,58739425,252507288.12
2025-01-16,sh.600795,4.29,4.31,4.26,4.28,70846719,303394076.45
2025-01-17,sh.600795,4.27,4.3,4.23,4.28,60582677,259215707.5
2025-01-20,sh.600795,4.3,4.33,4.26,4.28,97056482,417017509.96
2025-01-21,sh.600795,4.29,4.3,4.23,4.24,64782815,275125250.61
2025-01-22,sh.600795,4.24,4.27,4.19,4.2,85755603,361579969.36
2025-01-23,sh.600795,4.24,4.33,4.22,4.22,133379409,569971600.16
2025-01-24,sh.600795,4.23,4.24,4.16,4.18,136438179,570608410.15
2025-01-27,sh.600795,4.19,4.24,4.18,4.2,132751194,560206376.16
2025-02-05,sh.600795,4.21,4.22,4.12,4.13,122347518,508666379.12
2025-02-06,sh.600795,4.13,4.17,4.1,4.16,98689547,407759677.53
2025-02-07,sh.600795,4.16,4.21,4.13,4.18,142263376,593190092.76
2025-02-10,sh.600795,4.19,4.22,4.16,4.16,163736977,684762831.88
2025-02-11,sh.600795,4.17,4.18,4.11,4.13,117029994,484196500.22
2025-02-12,sh.600795,4.13,4.15,4.11,4.14,86001648,354673481.74
2025-02-13,sh.600795,4.13,4.15,4.12,4.13,93670929,387351724.75
2025-02-14,sh.600795,4.13,4.13,4.1,4.11,79766153,328150186.77
2025-02-17,sh.600795,4.12,4.28,4.07,4.27,314533067,1313988835.16
2025-02-18,sh.600795,4.27,4.3,4.21,4.23,181828064,773209707.47
2025-02-19,sh.600795,4.21,4.29,4.18,4.25,165605230,700086952.53
2025-02-20,sh.600795,4.25,4.28,4.2,4.25,137729637,584461541.02
2025-02-21,sh.600795,4.25,4.26,4.18,4.2,161291163,678089978.3
2025-02-24,sh.600795,4.2,4.27,4.16,4.19,174767704,738727751.71
2025-02-25,sh.600795,4.18,4.19,4.12,4.12,138764401,575525577.12
2025-02-26,sh.600795,4.12,4.29,4.11,4.22,215187530,904544805.15
2025-02-27,sh.600795,4.23,4.28,4.21,4.24,158460593,672284902.2
2025-02-28,sh.600795,4.24,4.29,4.22,4.23,150447287,640113755.58
2025-03-03,sh.600795,4.23,4.24,4.16,4.17,153334899,642586013.08
2025-03-04,sh.600795,4.17,4.19,4.14,4.16,107025762,445305524.62
2025-03-05,sh.600795,4.15,4.18,4.12,4.17,112229311,466086432.01
2025-03-06,sh.600795,4.17,4.18,4.13,4.15,146884056,608507912.23
2025-03-07,sh.600795,4.14,4.15,4.12,4.13,101860323,420963614.55
2025-03-10,sh.600795,4.13,4.15,4.11,4.12,88863014,366147557.36
2025-03-11,sh.600795,4.1,4.16,4.09,4.15,131572953,544336729.41
2025-03-12,sh.600795,4.14,4.21,4.13,4.2,161312434,673892234.18
2025-03-13,sh.600795,4.21,4.24,4.2,4.21,139557673,588660834.23
2025-03-14,sh.600795,4.22,4.25,4.21,4.24,119076658,503584770.22
2025-03-17,sh.600795,4.25,4.32,4.24,4.27,187605261,805174476.78
2025-03-18,sh.600795,4.28,4.29,4.24,4.28,105841714,452107618.5
2025-03-19,sh.600795,4.28,4.4,4.26,4.37,217664024,946673009.78
2025-03-20,sh.600795,4.39,4.45,4.36,4.36,192800639,849436452.41
2025-03-21,sh.600795,4.39,4.44,4.31,4.34,172411626,754968872.78
2025-03-24,sh.600795,4.35,4.39,4.32,4.37,129672721,564622193.97
2025-03-25,sh.600795,4.37,4.44,4.33,4.43,169368180,746527611.11
2025-03-26,sh.600795,4.44,4.44,4.35,4.36,177140798,774159076.78
2025-03-27,sh.600795,4.36,4.38,4.32,4.34,121863804,528967235.57
2025-03-28,sh.600795,4.35,4.44,4.35,4.36,199616376,877290718.85
2025-03-31,sh.600795,4.39,4.55,4.38,4.44,310444130,1388195530.43
2025-04-01,sh.600795,4.45,4.62,4.42,4.6,324530707,1476569058.89
2025-04-02,sh.600795,4.62,4.64,4.52,4.54,210624941,958437543.2
2025-04-03,sh.600795,4.51,4.6,4.5,4.57,176198185,803390955.89
2025-04-07,sh.600795,4.4,4.5,4.21,4.35,399353683,1745321704.87
2025-04-08,sh.600795,4.34,4.46,4.33,4.46,249250707,1098052334.29
2025-04-09,sh.600795,4.43,4.46,4.3,4.45,256317295,1123232958.42
2025-04-10,sh.600795,4.45,4.47,4.41,4.45,186951081,830417198.31
2025-04-11,sh.600795,4.45,4.48,4.4,4.45,144603798,641608803.71
2025-04-14,sh.600795,4.45,4.59,4.44,4.58,222764657,1011061914.25
2025-04-15,sh.600795,4.58,4.61,4.53,4.59,143754635,656703394.14
2025-04-16,sh.600795,4.62,4.65,4.56,4.65,207309296,955659908.44
2025-04-17,sh.600795,4.64,4.67,4.6,4.66,135353112,627674003.06
2025-04-18,sh.600795,4.65,4.65,4.58,4.61,118125452,544288809.2
2025-04-21,sh.600795,4.62,4.65,4.57,4.58,132977612,611614817.96
2025-04-22,sh.600795,4.59,4.63,4.56,4.57,129539738,594266009.74
2025-04-23,sh.600795,4.56,4.58,4.53,4.54,117893033,536187984.15
2025-04-24,sh.600795,4.5,4.57,4.46,4.54,164432115,743314767.72
2025-04-25,sh.600795,4.54,4.58,4.52,4.58,135823616,619188790.09
2025-04-28,sh.600795,4.62,4.63,4.56,4.59,159040948,731929160.63
2025-04-29,sh.600795,4.6,4.6,4.49,4.51,157666263,712871309.09
2025-04-30,sh.600795,4.5,4.52,4.46,4.47,95880007,429524146.29
2025-05-06,sh.600795,4.49,4.51,4.46,4.5,112058975,503277515.67
2025-05-07,sh.600795,4.53,4.55,4.49,4.53,111650103,504888110.25
2025-05-08,sh.600795,4.53,4.62,4.5,4.61,188359219,860857069.95
2025-05-09,sh.600795,4.6,4.63,4.57,4.59,123817908,569823621.35
2025-05-12,sh.600795,4.58,4.6,4.53,4.55,114464918,521129490.12
2025-05-13,sh.600795,4.55,4.57,4.54,4.55,91438727,416116213.58
2025-05-14,sh.600795,4.55,4.56,4.5,4.55,98495604,446534924.05
2025-05-15,sh.600795,4.56,4.62,4.55,4.58,136514185,626911624.88
2025-05-16,sh.600795,4.58,4.66,4.57,4.6,169533087,782861257.5
2025-05-19,sh.600795,4.6,4.63,4.59,4.6,90444105,416944851.02
2025-05-20,sh.600795,4.61,4.72,4.6,4.72,214268901,1001692387.88
2025-05-21,sh.600795,4.72,4.76,4.7,4.7,148568146,702440392.48
2025-05-22,sh.600795,4.7,4.74,4.67,4.72,114119786,536657682.06
2025-05-23,sh.600795,4.72,4.74,4.62,4.62,153608533,717448631.09
2025-05-26,sh.600795,4.63,4.7,4.63,4.69,104260476,487096807.21
2025-05-27,sh.600795,4.69,4.72,4.66,4.67,72953056,341349528.0
2025-05-28,sh.600795,4.67,4.68,4.61,4.63,96814988,448215477.96
2025-05-29,sh.600795,4.62,4.64,4.58,4.61,113386262,521694415.96
2025-05-30,sh.600795,4.6,4.64,4.57,4.57,102344800,470099484.0
2025-06-03,sh.600795,4.56,4.58,4.5,4.57,142117350,643967869.58
2025-06-04,sh.600795,4.56,4.62,4.55,4.58,96991511,445084445.01
2025-06-05,sh.600795,4.59,4.61,4.54,4.58,92301717,421054852.52
2025-06-06,sh.600795,4.57,4.63,4.56,4.62,114984592,529611350.24
2025-06-09,sh.600795,4.63,4.64,4.59,4.62,79138490,365103758.91
2025-06-10,sh.600795,4.63,4.67,4.6,4.61,120036684,556461483.22
2025-06-11,sh.600795,4.62,4.66,4.6,4.64,94399164,437738284.02
2025-06-12,sh.600795,4.65,4.65,4.61,4.63,66762124,308898838.9
2025-06-13,sh.600795,4.63,4.68,4.62,4.67,122553484,570444254.44
2025-06-16,sh.600795,4.67,4.71,4.63,4.71,111052115,519871219.0
2025-06-17,sh.600795,4.71,4.76,4.68,4.76,113951275,538677679.36
2025-06-18,sh.600795,4.75,4.77,4.72,4.74,82668345,392616430.66
2025-06-19,sh.600795,4.74,4.76,4.69,4.72,129636537,612735675.97
2025-06-20,sh.600795,4.72,4.75,4.7,4.72,67311998,317873978.43
2025-06-23,sh.600795,4.71,4.73,4.67,4.72,84190600,396180340.13
2025-06-24,sh.600795,4.72,4.73,4.69,4.7,104459354,491512140.24
2025-06-25,sh.600795,4.71,4.81,4.69,4.8,153901762,733853461.85
2025-06-26,sh.600795,4.8,4.94,4.78,4.91,192205022,937787966.03
2025-06-27,sh.600795,4.9,4.92,4.77,4.78,192481270,927256380.98
2025-06-30,sh.600795,4.78,4.86,4.76,4.84,108840902,525330753.25
2025-07-01,sh.600795,4.86,5.03,4.85,4.99,211708941,1053531577.78
2025-07-02,sh.600795,5.0,5.03,4.97,4.99,103460700,517389534.0
2025-07-03,sh.600795,4.99,5.0,4.93,4.96,82274523,408035807.39
2025-07-04,sh.600795,4.97,4.99,4.94,4.95,86039567,427170833.65
2025-07-07,sh.600795,4.98,5.0,4.91,4.97,111323846,551465789.93
2025-07-08,sh.600795,4.97,4.97,4.89,4.94,121536600,598232684.0
2025-07-09,sh.600795,4.92,4.96,4.87,4.87,123356394,605071623.62
2025-07-10,sh.600795,4.8,4.81,4.75,4.75,121309965,578608921.61
2025-07-11,sh.600795,4.76,4.79,4.73,4.73,131480330,625958504.5
2025-07-14,sh.600795,4.75,4.8,4.74,4.75,124695930,593530676.9
2025-07-15,sh.600795,4.75,4.76,4.68,4.71,129603921,610001914.21
2025-07-16,sh.600795,4.7,4.72,4.68,4.7,91161411,428393535.37
2025-07-17,sh.600795,4.71,4.71,4.64,4.67,122008815,568600512.19
2025-07-18,sh.600795,4.67,4.7,4.65,4.7,101843037,476876676.53
2025-07-21,sh.600795,4.7,4.76,4.69,4.76,127057252,601433643.7
2025-07-22,sh.600795,4.75,4.78,4.71,4.77,160974415,764210465.13
2025-07-23,sh.600795,4.77,4.8,4.71,4.72,132170234,628503774.9
2025-07-24,sh.600795,4.72,4.73,4.65,4.68,135446142,632846584.57
2025-07-25,sh.600795,4.68,4.7,4.64,4.65,102830000,480101049.0
2025-07-28,sh.600795,4.66,4.67,4.61,4.62,106317014,492090076.64
2025-07-29,sh.600795,4.62,4.65,4.6,4.61,82833051,382343060.11
2025-07-30,sh.600795,4.62,4.75,4.61,4.7,201120824,943925290.27
2025-07-31,sh.600795,4.69,4.69,4.57,4.58,173595679,799420052.24
2025-08-01,sh.600795,4.56,4.59,4.53,4.55,101504455,462656950.28
2025-08-04,sh.600795,4.55,4.56,4.52,4.54,92987962,422020573.06
2025-08-05,sh.600795,4.54,4.58,4.53,4.58,75239601,343485530.57
2025-08-06,sh.600795,4.58,4.59,4.55,4.58,71513559,326447524.44
2025-08-07,sh.600795,4.58,4.61,4.55,4.6,96208029,440507781.33
2025-08-08,sh.600795,4.61,4.69,4.59,4.65,137134338,637894409.51
2025-08-11,sh.600795,4.64,4.66,4.56,4.56,143910681,658943119.45
2025-08-12,sh.600795,4.56,4.57,4.54,4.55,82758809,376863564.86
2025-08-13,sh.600795,4.55,4.56,4.52,4.53,107257700,486630688.0
2025-08-14,sh.600795,4.53,4.55,4.5,4.5,84773649,383365348.59
2025-08-15,sh.600795,4.51,4.54,4.5,4.5,106776312,482100671.24
2025-08-18,sh.600795,4.51,4.55,4.51,4.51,113494042,514230417.37
2025-08-19,sh.600795,4.66,4.84,4.66,4.77,602821432,2874539011.28
2025-08-20,sh.600795,4.75,4.83,4.74,4.77,231739880,1106623838.94
2025-08-21,sh.600795,4.8,4.83,4.77,4.8,174213959,836667169.37
2025-08-22,sh.600795,4.81,4.83,4.76,4.79,128619773,615204613.45
2025-08-25,sh.600795,4.8,4.82,4.78,4.82,147506430,708032487.22
2025-08-26,sh.600795,4.82,4.82,4.78,4.81,109833856,527692164.55
2025-08-27,sh.600795,4.81,4.91,4.77,4.78,196204675,949186217.97
2025-08-28,sh.600795,4.78,4.82,4.74,4.82,156712772,748580199.38
2025-08-29,sh.600795,4.84,4.92,4.78,4.79,286203499,1387937549.38
2025-09-01,sh.600795,4.81,4.96,4.8,4.91,282773415,1384439460.31
2025-09-02,sh.600795,4.91,4.97,4.87,4.93,197925779,974462776.58
2025-09-03,sh.600795,4.94,4.95,4.88,4.91,123890465,608361400.57
2025-09-04,sh.600795,4.9,4.96,4.85,4.95,209055325,1027819458.82
2025-09-05,sh.600795,4.95,5.03,4.9,4.98,177114210,880068827.73
2025-09-08,sh.600795,5.0,5.13,4.99,5.09,211093824,1071141209.1
2025-09-09,sh.600795,5.1,5.13,5.06,5.12,143621182,732895041.67
2025-09-10,sh.600795,5.11,5.22,5.08,5.2,174317093,899427401.93
2025-09-11,sh.600795,5.21,5.25,5.15,5.19,144785381,750419380.58
2025-09-12,sh.600795,5.19,5.23,5.15,5.17,129016184,667798410.62
2025-09-15,sh.600795,5.17,5.31,5.14,5.18,191543790,999063859.73
2025-09-16,sh.600795,5.18,5.21,5.11,5.17,110466671,569219202.97
2025-09-17,sh.600795,5.16,5.25,5.14,5.2,105342510,546735362.06
2025-09-18,sh.600795,5.2,5.2,5.03,5.07,153878904,784588260.23
2025-09-19,sh.600795,5.07,5.08,5.02,5.03,99770247,503069794.53
2025-09-22,sh.600795,5.03,5.05,4.99,5.03,98868395,496834263.83
2025-09-23,sh.600795,5.03,5.08,5.0,5.06,101924847,513305721.97
2025-09-24,sh.600795,5.06,5.08,4.98,5.03,111762882,561292717.36
2025-09-25,sh.600795,5.02,5.04,4.97,4.99,94396571,471426307.58
2025-09-26,sh.600795,4.99,5.02,4.97,5.0,86029223,430164813.77
2025-09-29,sh.600795,5.02,5.05,4.92,4.99,108911683,541597123.36
2025-09-30,sh.600795,4.97,5.01,4.93,4.98,97935423,486951194.71
2025-10-09,sh.600795,5.0,5.17,5.0,5.17,146457614,745113960.66
2025-10-10,sh.600795,5.16,5.21,5.1,5.17,105312091,544594956.19
2025-10-13,sh.600795,5.11,5.19,5.04,5.16,136398193,696950383.59
2025-10-14,sh.600795,5.14,5.23,5.14,5.16,131666547,682235238.12
2025-10-15,sh.600795,5.16,5.18,5.05,5.12,120402506,615376122.38
2025-10-16,sh.600795,5.1,5.16,5.08,5.14,93133374,477574245.16
2025-10-17,sh.600795,5.15,5.18,5.09,5.12,111751049,574645937.95
2025-10-20,sh.600795,5.11,5.13,5.0,5.1,135862050,687612387.54
2025-10-21,sh.600795,5.09,5.12,5.06,5.1,90144424,459097997.61
2025-10-22,sh.600795,5.11,5.13,5.07,5.07,61959204,315785033.86
2025-10-23,sh.600795,5.12,5.26,5.11,5.2,163479906,849608030.24
2025-10-24,sh.600795,5.19,5.21,5.09,5.11,129110011,662037545.4
2025-10-27,sh.600795,5.12,5.33,5.12,5.31,227388287,1197435078.06
2025-10-28,sh.600795,5.35,5.45,5.33,5.38,200132250,1078918161.89
2025-10-29,sh.600795,5.29,5.39,5.25,5.35,153674586,818946176.78
2025-10-30,sh.600795,5.34,5.48,5.31,5.44,182224262,985465730.53
2025-10-31,sh.600795,5.43,5.43,5.25,5.29,150938406,800018975.99
2025-11-03,sh.600795,5.29,5.43,5.29,5.39,131241429,705892668.22
2025-11-04,sh.600795,5.39,5.48,5.38,5.42,117852299,640935840.37
2025-11-05,sh.600795,5.4,5.45,5.31,5.39,87955815,474060360.51
2025-11-06,sh.600795,5.39,5.56,5.38,5.48,128797258,707969582.97
2025-11-07,sh.600795,5.48,5.54,5.44,5.45,85148722,466358345.68
2025-11-10,sh.600795,5.47,5.5,5.43,5.44,70105193,382766954.02
2025-11-11,sh.600795,5.45,5.48,5.41,5.43,80296948,437453370.05
2025-11-12,sh.600795,5.39,5.46,5.37,5.43,77684816,421188635.6
2025-11-13,sh.600795,5.43,5.51,5.36,5.4,106852668,578138916.91
2025-11-14,sh.600795,5.39,5.42,5.32,5.33,87838513,471384051.38
2025-11-17,sh.600795,5.32,5.36,5.24,5.34,100745996,533235964.21
2025-11-18,sh.600795,5.34,5.35,5.26,5.29,73045765,387170978.43
2025-11-19,sh.600795,5.28,5.39,5.27,5.38,76689067,410411430.54
2025-11-20,sh.600795,5.39,5.45,5.35,5.36,75892920,409735564.25
2025-11-21,sh.600795,5.34,5.39,5.27,5.29,90153185,480300895.35
2025-11-24,sh.600795,5.3,5.31,5.21,5.26,95764430,503069186.59
2025-11-25,sh.600795,5.26,5.34,5.22,5.32,88310877,466866740.42
2025-11-26,sh.600795,5.34,5.41,5.29,5.37,90529687,484738953.9
2025-11-27,sh.600795,5.37,5.57,5.36,5.56,190844176,1049228615.57
2025-11-28,sh.600795,5.55,5.63,5.5,5.63,146545748,819586431.04
2025-12-01,sh.600795,5.62,5.71,5.51,5.69,167654850,947463166.47
2025-12-02,sh.600795,5.66,5.74,5.66,5.72,95381852,543860111.74
2025-12-03,sh.600795,5.72,5.81,5.7,5.76,110928776,640393403.38
2025-12-04,sh.600795,5.76,5.8,5.71,5.74,98063570,563691395.74
2025-12-05,sh.600795,5.74,5.79,5.71,5.73,104331239,598771084.77
2025-12-08,sh.600795,5.71,5.76,5.66,5.72,113212082,647028567.0
2025-12-09,sh.600795,5.72,5.83,5.71,5.75,109798872,632550340.44
2025-12-10,sh.600795,5.76,5.87,5.73,5.83,130980282,761552692.72
2025-12-11,sh.600795,5.82,5.91,5.81,5.83,132354243,775217445.42
2025-12-12,sh.600795,5.83,5.92,5.81,5.9,135360372,795068374.63
2025-12-15,sh.600795,5.9,5.95,5.87,5.88,106655355,630026706.15
2025-12-16,sh.600795,5.86,5.89,5.81,5.84,106899255,624827116.1
2025-12-17,sh.600795,5.84,5.96,5.81,5.93,120618599,712137372.6
2025-12-18,sh.600795,5.93,6.0,5.89,5.99,112695764,672510600.13
2025-12-19,sh.600795,5.99,6.03,5.84,5.88,204728204,1211928536.58
2025-12-22,sh.600795,5.88,5.93,5.75,5.87,194647779,1138557122.58
2025-12-23,sh.600795,5.85,5.94,5.84,5.91,100271696,591373464.64
2025-12-24,sh.600795,5.91,5.95,5.86,5.93,109156647,644892384.53
2025-12-25,sh.600795,5.94,6.04,5.9,5.92,127929258,764154676.58
2025-12-26,sh.600795,5.93,5.94,5.76,5.78,142892532,831739486.18
2025-12-29,sh.600795,5.71,5.72,5.28,5.32,318747079,1737703718.2
2025-12-30,sh.600795,5.3,5.3,5.14,5.16,264812464,1372521493.15
2025-12-31,sh.600795,5.15,5.16,5.0,5.04,312681727,1584643756.43
2026-01-05,sh.600795,5.03,5.07,4.97,5.02,256315923,1282584488.94
2026-01-06,sh.600795,5.01,5.02,4.96,5.0,246616600,1229334413.69
2026-01-07,sh.600795,4.99,5.04,4.98,5.01,194021427,973917235.86
2026-01-08,sh.600795,5.02,5.02,4.96,4.97,180360119,897688627.6
2026-01-09,sh.600795,4.97,4.98,4.93,4.94,166747610,824433976.44
2026-01-12,sh.600795,4.92,4.97,4.88,4.96,173356036,855265229.99
2026-01-13,sh.600795,4.95,4.99,4.94,4.97,187460940,931497725.46
2026-01-14,sh.600795,4.98,4.98,4.86,4.87,271059618,1334064632.31
2026-01-15,sh.600795,4.86,4.9,4.83,4.86,137976586,670158862.66
2026-01-16,sh.600795,4.88,5.0,4.76,4.78,536206074,2609202631.78
2026-01-19,sh.600795,4.79,4.92,4.76,4.92,269748449,1314624739.89
2026-01-20,sh.600795,4.92,4.99,4.89,4.98,203233798,1004582151.07
2026-01-21,sh.600795,4.98,4.98,4.88,4.89,182067230,895034468.06
2026-01-22,sh.600795,4.9,4.93,4.8,4.84,301806350,1464093135.69
2026-01-23,sh.600795,4.85,4.9,4.74,4.77,712112571,3418710180.87
2026-01-26,sh.600795,4.78,4.79,4.72,4.73,500607988,2373120656.86
2026-01-27,sh.600795,4.74,4.75,4.63,4.67,340618689,1591277621.61
2026-01-28,sh.600795,4.67,4.67,4.6,4.61,354376392,1640390653.74
2026-01-29,sh.600795,4.61,4.65,4.53,4.64,346617658,1588550389.39
2026-01-30,sh.600795,4.63,4.68,4.61,4.63,226348508,1051958488.52
2026-02-02,sh.600795,4.63,4.68,4.55,4.55,256106338,1182128697.37
2026-02-03,sh.600795,4.57,4.59,4.53,4.57,162666072,740636882.92
2026-02-04,sh.600795,4.56,4.63,4.55,4.63,173353988,797360942.96
2026-02-05,sh.600795,4.63,4.64,4.58,4.61,151063059,696131387.58
2026-02-06,sh.600795,4.61,4.65,4.58,4.62,160832976,742345948.88
2026-02-09,sh.600795,4.62,4.69,4.61,4.68,194185400,905334884.0
2026-02-10,sh.600795,4.68,4.68,4.63,4.65,102822101,477741083.64
2026-02-11,sh.600795,4.66,4.69,4.64,4.68,141745586,661909693.85
2026-02-12,sh.600795,4.7,4.71,4.66,4.66,151452898,709461304.65
2026-02-13,sh.600795,4.66,4.67,4.6,4.63,158794548,735999802.71
2026-02-24,sh.600795,4.65,4.76,4.64,4.74,217223402,1024985649.94
2026-02-25,sh.600795,4.76,4.82,4.69,4.76,356327816,1694826455.55
2026-02-26,sh.600795,4.75,4.83,4.73,4.82,249950742,1200096039.34
2026-02-27,sh.600795,4.84,4.93,4.8,4.91,317175083,1549481139.51
2026-03-02,sh.600795,4.9,4.99,4.87,4.97,314975860,1560083102.76
2026-03-03,sh.600795,4.97,5.04,4.93,4.96,351151725,1749866389.53
2026-03-04,sh.600795,4.92,4.99,4.85,4.95,230301703,1137343453.15
2026-03-05,sh.600795,4.96,5.1,4.96,5.07,325342495,1639265806.53
2026-03-06,sh.600795,5.08,5.09,5.02,5.08,203710351,1030666959.27
2026-03-09,sh.600795,5.04,5.13,5.03,5.07,262609527,1337430035.01
2026-03-10,sh.600795,5.08,5.09,4.97,5.04,279006653,1404252080.98
2026-03-11,sh.600795,5.03,5.14,4.96,5.13,292061463,1476980587.01
2026-03-12,sh.600795,5.13,5.26,5.11,5.24,313913609,1629217987.62
2026-03-13,sh.600795,5.26,5.28,5.07,5.09,332976534,1713008740.03
2026-03-16,sh.600795,5.07,5.11,4.99,5.02,254680097,1280654575.92
2026-03-17,sh.600795,5.0,5.07,4.98,4.99,152724800,767312603.0
2026-03-18,sh.600795,4.99,5.04,4.93,4.98,185018006,919967838.01
2026-03-19,sh.600795,4.95,5.03,4.92,4.95,162649620,810807857.43
2026-03-20,sh.600795,4.96,5.06,4.95,4.97,229418115,1148987750.79
2026-03-23,sh.600795,4.92,4.96,4.82,4.85,263587826,1287151791.01
2026-03-24,sh.600795,4.89,5.0,4.85,4.98,237158736,1170331726.8
