date,code,open,high,low,close,volume,amount
2007-03-01,sh.601318,50.0,50.97,45.8,46.79,197763351,9500302911.0
2007-03-02,sh.601318,47.0,47.44,45.88,46.41,42504832,1981445189.0
2007-03-05,sh.601318,45.98,46.17,43.53,44.38,41919674,1880502808.0
2007-03-06,sh.601318,44.0,46.0,43.75,45.25,29772788,1337719318.0
2007-03-07,sh.601318,45.29,46.9,44.91,46.48,28746378,1317764044.0
2007-03-08,sh.601318,46.1,46.33,45.68,45.92,13098383,601904452.0
2007-03-09,sh.601318,45.9,46.1,44.7,45.53,16088779,729237345.0
2007-03-12,sh.601318,45.3,45.3,44.5,44.71,14535306,651218161.0
2007-03-13,sh.601318,44.81,45.26,44.62,44.89,10231968,459295478.0
2007-03-14,sh.601318,44.3,45.1,43.79,44.94,17330656,767078398.0
2007-03-15,sh.601318,45.52,46.49,44.8,44.96,15252190,693085265.0
2007-03-16,sh.601318,44.99,45.95,44.4,45.21,22754724,1025880313.0
2007-03-20,sh.601318,46.8,46.92,45.5,45.78,22202687,1022520826.0
2007-03-21,sh.601318,45.8,46.0,44.9,45.1,13672832,618375507.0
2007-03-22,sh.601318,45.45,45.92,45.23,45.36,16750984,762792451.0
2007-03-23,sh.601318,45.34,45.53,44.71,45.16,13981014,631651813.0
2007-03-26,sh.601318,45.2,46.2,45.18,45.94,22326679,1024315888.0
2007-03-27,sh.601318,45.79,46.36,45.63,45.91,13933819,640740822.0
2007-03-28,sh.601318,45.9,46.9,45.58,46.58,25826369,1197347468.0
2007-03-29,sh.601318,46.81,48.79,46.48,47.4,46198618,2209005944.0
2007-03-30,sh.601318,46.96,47.87,46.72,47.05,14461720,683029951.0
2007-04-02,sh.601318,47.05,48.7,47.05,48.39,23144503,1118052954.0
2007-04-03,sh.601318,48.42,48.76,47.9,48.21,13271204,640969005.0
2007-04-04,sh.601318,48.22,48.5,47.55,47.79,12245469,586499998.0
2007-04-05,sh.601318,47.8,48.0,47.2,47.92,12286538,584881789.0
2007-04-06,sh.601318,47.68,48.95,47.5,48.01,19520852,944575927.0
2007-04-09,sh.601318,48.09,51.89,47.7,51.61,46277021,2312736816.0
2007-04-10,sh.601318,51.0,53.68,51.0,52.82,40782390,2154172426.0
2007-04-11,sh.601318,52.88,55.18,52.6,53.54,24344650,1313817488.0
2007-04-12,sh.601318,53.98,58.0,52.95,53.44,15927043,855188897.0
2007-04-13,sh.601318,54.1,56.44,54.0,55.03,26668945,1469293102.0
2007-04-16,sh.601318,55.66,56.55,55.66,56.42,14697227,824203125.0
2007-04-17,sh.601318,56.45,57.02,53.6,55.15,19724388,1091710060.0
2007-04-18,sh.601318,54.98,55.09,53.4,53.91,13032235,706209984.0
2007-04-19,sh.601318,53.5,54.3,50.21,51.98,20558670,1080238617.0
2007-04-20,sh.601318,52.66,56.4,52.37,55.34,18569028,1010523120.0
2007-04-23,sh.601318,55.37,57.57,54.88,56.98,14693459,835307845.0
2007-04-24,sh.601318,57.99,58.01,55.75,55.82,16047287,907541031.0
2007-04-25,sh.601318,55.12,57.7,54.91,56.71,14593847,823204105.0
2007-04-26,sh.601318,56.58,58.68,56.58,58.51,18496132,1073286548.0
2007-04-27,sh.601318,58.55,64.36,58.3,63.6,38983864,2404772081.0
2007-04-30,sh.601318,63.2,67.83,62.38,65.85,20419044,1323232053.0
2007-05-08,sh.601318,67.8,67.98,65.0,65.72,13232558,870776142.0
2007-05-09,sh.601318,64.5,66.8,63.0,65.72,11181270,727121809.0
2007-05-10,sh.601318,65.76,66.0,64.3,64.48,8584459,557976168.0
2007-05-11,sh.601318,63.5,63.9,61.15,62.81,16059298,1003287173.0
2007-05-14,sh.601318,61.8,66.69,60.0,64.01,17174388,1104697676.0
2007-05-15,sh.601318,64.4,64.49,61.45,61.53,11153398,698693032.0
2007-05-16,sh.601318,61.5,62.98,60.7,62.33,9884150,610776702.0
2007-05-17,sh.601318,62.33,63.78,62.0,62.85,8432798,528182974.0
2007-05-18,sh.601318,62.49,62.84,61.01,62.2,11177295,695617734.0
2007-05-21,sh.601318,60.91,64.59,60.8,63.46,16888872,1073946037.0
2007-05-22,sh.601318,63.5,65.64,63.46,64.0,12437670,802527503.0
2007-05-23,sh.601318,64.13,65.0,63.6,64.21,7632081,492199733.0
2007-05-24,sh.601318,64.0,65.0,61.4,62.42,11420175,719624114.0
2007-05-25,sh.601318,61.98,63.16,61.61,61.92,8575450,534340450.0
2007-05-28,sh.601318,62.08,64.6,62.01,64.48,15834501,1008706502.0
2007-05-29,sh.601318,64.5,65.5,64.2,64.98,9701795,629290052.0
2007-05-30,sh.601318,61.3,64.38,58.51,58.97,20331650,1247435798.0
2007-05-31,sh.601318,60.0,62.5,58.55,60.94,14241313,861871371.0
2007-06-01,sh.601318,60.09,62.5,59.58,60.55,38448659,2343594693.0
2007-06-04,sh.601318,60.55,61.02,55.8,57.01,21969818,1281793905.0
2007-06-05,sh.601318,56.6,58.6,53.88,56.99,20158374,1130197677.0
2007-06-06,sh.601318,57.25,59.08,56.51,57.7,14422252,834640152.0
2007-06-08,sh.601318,59.51,60.15,57.73,59.18,16792394,988128111.0
2007-06-11,sh.601318,59.02,62.97,59.02,62.53,18339017,1135021972.0
2007-06-12,sh.601318,62.8,65.28,62.68,64.4,19390832,1246109089.0
2007-06-13,sh.601318,64.5,65.58,62.97,63.67,15136874,971187229.0
2007-06-14,sh.601318,64.3,66.1,63.6,64.43,11515221,747474620.0
2007-06-15,sh.601318,64.4,65.87,64.06,65.38,9382519,611347511.0
2007-06-18,sh.601318,66.75,71.92,66.52,71.92,20530173,1426978778.0
2007-06-19,sh.601318,72.0,73.8,70.5,71.17,14418695,1040830370.0
2007-06-20,sh.601318,71.0,73.9,70.58,70.66,13455449,972066733.0
2007-06-21,sh.601318,70.5,77.49,70.5,73.91,19822855,1473952551.0
2007-06-22,sh.601318,73.78,76.54,73.0,74.79,14062857,1042675284.0
2007-06-25,sh.601318,75.5,77.55,72.77,74.26,18673579,1408262705.0
2007-06-26,sh.601318,72.8,74.18,71.6,73.19,16657610,1211248877.0
2007-06-27,sh.601318,73.22,77.2,73.22,76.18,10895447,824020168.0
2007-06-28,sh.601318,76.33,76.49,73.02,73.1,8816445,657443825.0
2007-06-29,sh.601318,71.5,73.0,71.2,71.51,9393647,675697696.0
2007-07-02,sh.601318,71.0,71.6,68.4,69.68,7023672,491042222.0
2007-07-03,sh.601318,69.81,72.55,69.81,71.88,4592913,328909773.0
2007-07-04,sh.601318,71.6,72.5,70.0,70.3,4502426,323343838.0
2007-07-05,sh.601318,70.0,73.0,69.32,70.13,6611870,469580503.0
2007-07-06,sh.601318,70.02,72.85,69.85,72.82,6605293,472405667.0
2007-07-09,sh.601318,73.48,75.98,72.88,75.35,5681463,425030824.0
2007-07-10,sh.601318,75.98,78.2,75.4,77.32,8685304,670485894.0
2007-07-11,sh.601318,77.17,77.17,75.4,76.93,3366564,257358473.0
2007-07-12,sh.601318,77.06,81.34,76.08,79.9,6741416,537985466.0
2007-07-13,sh.601318,80.4,81.68,78.5,79.52,4406691,354681949.0
2007-07-16,sh.601318,79.81,84.67,79.81,82.19,9833913,813658370.0
2007-07-17,sh.601318,82.2,82.2,78.53,81.97,13232222,1055721504.0
2007-07-18,sh.601318,81.0,84.41,80.52,81.7,10760852,887783301.0
2007-07-19,sh.601318,81.39,81.39,78.71,79.0,11113509,882862136.0
2007-07-20,sh.601318,79.8,85.55,79.6,84.17,12683396,1047423370.0
2007-07-23,sh.601318,84.3,84.71,81.66,83.46,25700164,2124859243.0
2007-07-24,sh.601318,83.7,84.0,81.35,82.52,23598005,1946669247.0
2007-07-25,sh.601318,82.52,82.52,79.9,82.22,21289544,1724532296.0
2007-07-26,sh.601318,82.38,82.6,80.2,81.02,15066389,1216898629.0
2007-07-27,sh.601318,80.45,81.4,79.0,80.1,13013475,1042196374.0
2007-07-30,sh.601318,80.12,81.86,80.11,81.33,14346282,1162535816.0
2007-07-31,sh.601318,81.33,83.76,79.6,83.5,17173223,1398703578.0
2007-08-01,sh.601318,84.7,84.7,79.98,80.13,16501198,1359297243.0
2007-08-02,sh.601318,81.4,83.2,80.1,81.82,11276059,920404475.0
2007-08-03,sh.601318,82.1,89.99,82.1,88.79,25693679,2188983768.0
2007-08-06,sh.601318,89.0,92.1,87.0,90.26,19116877,1710026813.0
2007-08-07,sh.601318,90.2,90.9,88.2,88.68,12432988,1112115105.0
2007-08-08,sh.601318,87.95,89.88,87.0,88.4,9806332,864527673.0
2007-08-09,sh.601318,89.0,97.02,88.68,94.95,17541589,1634846303.0
2007-08-10,sh.601318,93.5,97.99,92.05,95.39,12291099,1170079470.0
2007-08-13,sh.601318,95.2,97.36,92.8,94.48,11083348,1045588683.0
2007-08-14,sh.601318,94.51,98.31,94.5,97.98,10095164,978253648.0
2007-08-15,sh.601318,97.98,99.49,95.1,97.99,9017251,879744788.0
2007-08-16,sh.601318,96.99,97.97,91.51,93.16,15942553,1494643709.0
2007-08-17,sh.601318,96.0,96.0,88.75,89.17,16957132,1537406696.0
2007-08-20,sh.601318,92.3,94.19,91.2,92.53,12333960,1141660864.0
2007-08-21,sh.601318,92.52,94.3,91.98,92.85,11580464,1079579950.0
2007-08-22,sh.601318,92.0,94.35,91.32,92.86,10862205,1009474199.0
2007-08-23,sh.601318,93.24,94.35,91.7,93.36,12152500,1127032305.0
2007-08-24,sh.601318,94.0,99.34,94.0,97.7,11840770,1154308214.0
2007-08-27,sh.601318,98.7,101.66,98.7,99.27,15039263,1510194580.0
2007-08-28,sh.601318,99.23,106.08,97.7,103.44,16716055,1701634406.0
2007-08-29,sh.601318,100.8,103.0,99.0,99.12,10948255,1102526042.0
2007-08-30,sh.601318,100.05,101.9,99.2,100.9,9689835,974763888.0
2007-08-31,sh.601318,100.88,103.3,99.81,102.1,7996989,808894234.0
2007-09-03,sh.601318,102.55,105.67,102.53,103.07,8399794,878639965.0
2007-09-04,sh.601318,102.98,104.0,99.55,99.64,8844877,895212116.0
2007-09-05,sh.601318,99.1,101.4,96.8,98.11,6123432,602385764.0
2007-09-06,sh.601318,98.5,100.51,97.52,99.98,10255473,1017274095.0
2007-09-07,sh.601318,99.4,101.0,96.66,96.79,11661337,1150073159.0
2007-09-10,sh.601318,95.99,98.6,95.01,97.98,7945794,770512332.0
2007-09-11,sh.601318,97.1,100.9,95.5,96.27,11733459,1159497453.0
2007-09-12,sh.601318,97.0,100.4,97.0,100.24,10694981,1063524785.0
2007-09-13,sh.601318,101.88,104.6,101.1,103.33,10923051,1129118039.0
2007-09-14,sh.601318,103.8,105.6,102.6,105.17,9319836,971562930.0
2007-09-17,sh.601318,105.3,109.9,105.3,107.46,13437887,1454022105.0
2007-09-18,sh.601318,107.5,108.08,104.18,104.82,6594905,701250339.0
2007-09-19,sh.601318,106.8,114.08,106.68,112.97,18499538,2070804533.0
2007-09-20,sh.601318,112.1,121.99,112.01,118.24,11862311,1388132734.0
2007-09-21,sh.601318,117.78,120.99,116.86,119.52,6645925,794954585.0
2007-09-24,sh.601318,118.55,123.88,117.0,121.93,7505868,910152279.0
2007-09-25,sh.601318,124.0,133.8,123.98,129.45,9703188,1254845760.0
2007-09-26,sh.601318,130.02,134.38,125.0,125.96,7713156,994526304.0
2007-09-27,sh.601318,126.1,131.8,120.18,131.5,5729017,732218333.0
2007-09-28,sh.601318,136.5,137.0,133.0,134.95,7118644,961151100.0
2007-10-08,sh.601318,137.0,145.78,135.4,141.39,9114569,1280236198.0
2007-10-09,sh.601318,141.0,145.5,139.0,143.96,6584712,940525822.0
2007-10-10,sh.601318,144.6,145.38,140.1,141.0,8083600,1151674343.0
2007-10-11,sh.601318,141.0,145.8,138.0,144.13,9647040,1372878286.0
2007-10-12,sh.601318,144.2,144.2,136.5,140.72,10059227,1410036852.0
2007-10-15,sh.601318,140.1,141.7,136.5,138.0,10718677,1479850570.0
2007-10-16,sh.601318,138.0,141.39,136.5,137.0,7541106,1042070086.0
2007-10-17,sh.601318,137.0,139.3,135.98,136.47,6061667,831671181.0
2007-10-18,sh.601318,139.0,141.6,135.0,136.24,7909690,1088839413.0
2007-10-19,sh.601318,138.8,138.9,133.0,134.9,6650384,897357273.0
2007-10-22,sh.601318,132.5,139.39,131.5,138.93,8804716,1205542861.0
2007-10-23,sh.601318,138.92,141.73,138.0,141.7,7684950,1073743175.0
2007-10-24,sh.601318,143.04,149.28,142.0,144.99,9152394,1342395537.0
2007-10-25,sh.601318,145.0,149.0,138.0,140.0,9461897,1356843294.0
2007-10-26,sh.601318,137.0,142.5,137.0,140.39,4638244,650037980.0
2007-10-29,sh.601318,139.5,145.0,137.05,140.58,9125245,1294334784.0
2007-10-30,sh.601318,140.6,142.89,137.9,141.15,6162483,860578396.0
2007-10-31,sh.601318,143.2,144.6,139.5,139.86,7045329,994263217.0
2007-11-01,sh.601318,140.9,141.8,136.66,136.99,7658759,1059602457.0
2007-11-02,sh.601318,135.5,136.5,131.3,131.69,9507594,1266023954.0
2007-11-05,sh.601318,130.6,132.63,125.5,126.97,8790188,1130094006.0
2007-11-06,sh.601318,126.98,128.88,125.01,126.79,4892568,621556124.0
2007-11-07,sh.601318,128.0,128.5,120.28,123.96,6189287,767622482.0
2007-11-08,sh.601318,124.0,124.0,117.66,118.18,8923884,1066854581.0
2007-11-09,sh.601318,117.8,121.02,117.4,118.81,8357768,999140459.0
2007-11-12,sh.601318,116.0,120.0,114.0,117.21,7026121,817929597.0
2007-11-13,sh.601318,119.3,121.9,112.35,115.18,8996742,1066576801.0
2007-11-14,sh.601318,118.6,124.14,116.01,124.02,10440627,1256596668.0
2007-11-15,sh.601318,122.0,127.68,121.88,123.73,8578758,1075193095.0
2007-11-16,sh.601318,122.0,124.98,119.6,122.02,5409434,658277264.0
2007-11-19,sh.601318,122.0,122.8,117.38,118.18,4910802,585168260.0
2007-11-20,sh.601318,117.0,118.97,113.88,118.32,7469821,867130515.0
2007-11-21,sh.601318,118.3,119.37,115.8,115.91,2971648,348596946.0
2007-11-22,sh.601318,113.0,114.5,105.0,106.89,8458691,930187946.0
2007-11-23,sh.601318,105.0,108.98,104.95,108.59,5536887,595811951.0
2007-11-26,sh.601318,111.2,112.01,105.18,105.94,4059294,442202453.0
2007-11-27,sh.601318,105.66,106.5,100.8,100.98,6672569,686577604.0
2007-11-28,sh.601318,101.15,104.3,100.91,102.35,4984823,510963844.0
2007-11-29,sh.601318,104.45,110.4,103.4,109.98,9939356,1065085930.0
2007-11-30,sh.601318,110.0,110.99,107.1,108.73,6598487,720998063.0
2007-12-03,sh.601318,108.9,113.6,107.5,113.52,6482014,722276492.0
2007-12-04,sh.601318,113.1,120.2,113.0,116.83,7871056,920686394.0
2007-12-05,sh.601318,116.5,120.13,116.2,119.06,4316880,512724374.0
2007-12-06,sh.601318,119.12,120.0,118.0,118.95,4518943,538069667.0
2007-12-07,sh.601318,118.0,122.18,118.0,119.95,2543527,307217401.0
2007-12-10,sh.601318,118.2,121.4,117.1,121.01,6668944,798611836.0
2007-12-11,sh.601318,121.05,121.4,114.5,117.36,10434055,1218162054.0
2007-12-12,sh.601318,116.0,116.0,110.83,111.11,17486736,1965043741.0
2007-12-13,sh.601318,109.77,112.5,106.85,107.03,8412311,926659366.0
2007-12-14,sh.601318,106.0,109.08,104.84,108.48,9404382,1003706515.0
2007-12-17,sh.601318,108.39,108.4,101.1,101.17,14467928,1487590524.0
2007-12-18,sh.601318,99.8,103.92,99.5,101.95,8636922,880964262.0
2007-12-19,sh.601318,103.95,105.54,102.0,104.33,4802175,499421504.0
2007-12-20,sh.601318,105.15,106.47,102.98,105.38,5401228,566622512.0
2007-12-21,sh.601318,105.4,109.9,105.4,108.2,6897517,746881613.0
2007-12-24,sh.601318,109.8,112.3,107.72,110.73,10705492,1172274814.0
2007-12-25,sh.601318,110.88,111.01,106.3,107.72,11344202,1226804458.0
2007-12-26,sh.601318,107.69,108.5,103.03,105.59,12951666,1358776432.0
2007-12-27,sh.601318,105.59,108.5,101.96,108.24,18397676,1927574220.0
2007-12-28,sh.601318,107.94,107.99,104.8,106.1,14560268,1543183501.0
2008-01-02,sh.601318,105.8,105.8,102.72,102.99,20076001,2069966569.0
2008-01-03,sh.601318,102.57,102.7,99.38,101.83,37996867,3805596238.0
2008-01-04,sh.601318,101.63,104.49,100.0,104.22,18083753,1864281235.0
2008-01-07,sh.601318,103.5,103.5,100.04,102.39,22428410,2285519494.0
2008-01-08,sh.601318,102.8,107.34,102.8,106.09,32460603,3423619777.0
2008-01-09,sh.601318,105.5,107.1,104.8,106.21,15400734,1629227741.0
2008-01-10,sh.601318,106.5,107.5,103.68,107.08,23953743,2529584935.0
2008-01-11,sh.601318,107.52,110.56,107.52,109.69,27025819,2962030971.0
2008-01-14,sh.601318,110.54,112.9,109.0,109.44,15451057,1710964392.0
2008-01-15,sh.601318,109.5,109.88,104.0,105.04,33247654,3515459874.0
2008-01-16,sh.601318,103.0,103.48,100.15,100.71,27164684,2755884772.0
2008-01-17,sh.601318,100.0,101.5,96.8,99.58,22315608,2212991078.0
2008-01-18,sh.601318,99.55,99.98,96.69,98.21,21406119,2090141841.0
2008-01-21,sh.601318,98.21,98.21,88.39,88.39,33201200,3008297368.0
2008-01-22,sh.601318,84.0,84.0,79.55,79.55,32894793,2656532797.0
2008-01-23,sh.601318,78.01,82.0,76.54,80.47,34561788,2737490663.0
2008-01-24,sh.601318,82.01,82.2,76.8,79.93,23823061,1887231756.0
2008-01-25,sh.601318,79.58,81.9,77.9,80.59,25672586,2052799779.0
2008-01-28,sh.601318,79.0,79.5,72.53,72.53,23976574,1791142556.0
2008-01-29,sh.601318,75.0,75.92,70.95,72.48,15083101,1103903293.0
2008-01-30,sh.601318,73.99,74.88,68.98,71.1,21895500,1569981328.0
2008-01-31,sh.601318,70.77,73.05,70.2,71.81,10476475,754271321.0
2008-02-01,sh.601318,72.39,74.75,71.32,73.99,21384645,1572896048.0
2008-02-04,sh.601318,75.95,79.82,75.9,79.16,25525005,1998071465.0
2008-02-05,sh.601318,78.88,78.89,76.6,77.44,12134283,940250870.0
2008-02-13,sh.601318,74.0,74.5,71.5,71.92,14303597,1044104452.0
2008-02-14,sh.601318,72.8,74.8,72.44,74.4,10629110,783632681.0
2008-02-15,sh.601318,73.5,76.0,72.8,75.96,10458465,775763158.0
2008-02-18,sh.601318,76.85,78.1,76.28,77.5,11178898,862670591.0
2008-02-19,sh.601318,77.39,77.39,74.5,76.88,15256396,1152814175.0
2008-02-20,sh.601318,76.75,76.75,73.98,74.44,10671296,799007405.0
2008-02-21,sh.601318,73.95,73.95,70.96,72.52,12889540,928855876.0
2008-02-22,sh.601318,71.15,71.55,69.0,69.42,12399091,866615302.0
2008-02-25,sh.601318,69.55,70.29,65.01,65.38,12315135,820838914.0
2008-02-26,sh.601318,69.4,70.13,66.0,68.04,16860449,1145794554.0
2008-02-27,sh.601318,68.85,72.5,68.0,71.82,19946598,1414727680.0
2008-02-28,sh.601318,71.0,71.63,69.69,70.0,11257434,792417163.0
2008-02-29,sh.601318,70.01,72.5,69.36,71.2,12355865,880921948.0
2008-03-03,sh.601318,70.6,71.74,67.97,70.11,31756042,2218821125.0
2008-03-04,sh.601318,69.99,70.11,66.99,67.1,27400433,1869321376.0
2008-03-06,sh.601318,69.98,73.81,67.4,72.38,59280220,4249580834.0
2008-03-07,sh.601318,70.4,70.4,66.2,67.66,57422411,3924186162.0
2008-03-10,sh.601318,66.66,66.8,64.26,64.5,27046890,1757976469.0
2008-03-11,sh.601318,64.08,64.84,62.49,63.85,20938576,1324324011.0
2008-03-12,sh.601318,66.18,66.47,62.7,63.81,27402934,1766061350.0
2008-03-13,sh.601318,63.5,63.55,61.85,63.39,24455862,1539602548.0
2008-03-14,sh.601318,63.27,63.49,61.35,63.05,20107888,1254243312.0
2008-03-17,sh.601318,62.0,62.1,59.5,59.82,22893867,1393650589.0
2008-03-18,sh.601318,59.78,60.75,55.38,56.41,30022582,1725324282.0
2008-03-19,sh.601318,58.26,58.26,55.8,56.94,54063607,3077069553.0
2008-03-20,sh.601318,52.0,57.4,51.25,55.95,42113178,2306605027.0
2008-03-21,sh.601318,56.4,57.89,54.98,56.06,33457687,1892961784.0
2008-03-24,sh.601318,56.43,56.65,50.45,50.56,51076158,2654029903.0
2008-03-25,sh.601318,49.0,52.7,48.3,51.08,50854617,2550741649.0
2008-03-26,sh.601318,51.31,53.5,50.5,52.19,39838720,2083401415.0
2008-03-27,sh.601318,50.38,51.8,48.79,48.99,27241762,1373622743.0
2008-03-28,sh.601318,49.42,53.47,48.69,53.14,67407997,3489953506.0
2008-03-31,sh.601318,51.48,54.27,51.1,52.91,44656263,2372318470.0
2008-04-01,sh.601318,52.5,54.2,51.11,53.35,42632694,2265401817.0
2008-04-02,sh.601318,54.75,58.68,54.1,56.85,81321368,4601466554.0
2008-04-03,sh.601318,55.6,59.2,55.2,59.04,39608942,2280102857.0
2008-04-07,sh.601318,59.89,62.8,59.04,62.2,52424165,3189365264.0
2008-04-08,sh.601318,61.68,62.3,59.76,61.45,37150684,2260436193.0
2008-04-09,sh.601318,60.0,60.7,56.89,57.12,30189699,1777516430.0
2008-04-10,sh.601318,56.72,58.48,55.08,58.38,25304016,1439484039.0
2008-04-11,sh.601318,59.0,59.8,57.58,58.75,16365264,961132455.0
2008-04-14,sh.601318,56.89,57.28,54.2,54.89,39106764,2167218582.0
2008-04-15,sh.601318,54.82,56.6,51.8,55.96,27067714,1453044799.0
2008-04-16,sh.601318,55.3,56.29,54.2,54.34,12051939,663965129.0
2008-04-17,sh.601318,54.5,57.38,54.5,56.31,37127083,2088069874.0
2008-04-18,sh.601318,55.0,57.0,54.23,55.25,36244519,2023333470.0
2008-04-21,sh.601318,60.69,60.69,55.6,57.0,57971036,3351476523.0
2008-04-22,sh.601318,56.05,58.5,53.92,58.13,24022929,1342605302.0
2008-04-23,sh.601318,57.8,61.0,57.01,60.71,43869246,2623525865.0
2008-04-24,sh.601318,66.5,66.78,64.96,66.78,95456558,6329122490.0
2008-04-25,sh.601318,67.0,69.79,66.5,67.02,75435387,5156935057.0
2008-04-28,sh.601318,64.5,66.0,63.92,64.7,30720090,1992712242.0
2008-04-29,sh.601318,64.2,65.53,63.95,65.05,21892386,1423186152.0
2008-04-30,sh.601318,67.0,69.79,66.35,69.0,62862074,4319806880.0
2008-05-05,sh.601318,70.0,70.5,67.7,68.61,35741392,2462026625.0
2008-05-06,sh.601318,68.0,68.3,67.0,67.53,21495450,1449960041.0
2008-05-07,sh.601318,67.53,68.0,61.96,62.08,56976412,3672399706.0
2008-05-08,sh.601318,61.39,63.27,60.51,62.68,28400729,1757427894.0
2008-05-09,sh.601318,65.8,66.66,62.84,64.08,40065585,2590587675.0
2008-05-12,sh.601318,62.1,64.3,60.88,62.82,22229543,1387968756.0
2008-05-14,sh.601318,60.35,62.96,60.35,62.9,41134363,2535600652.0
2008-05-15,sh.601318,63.29,64.0,61.5,61.7,19767184,1242758878.0
2008-05-16,sh.601318,62.0,63.2,60.68,61.54,14019237,867215432.0
2008-05-19,sh.601318,61.58,61.84,59.3,60.22,13924711,837279560.0
2008-05-20,sh.601318,60.22,61.3,56.9,57.04,20339858,1198567596.0
2008-05-21,sh.601318,56.98,58.02,55.36,57.97,21818441,1232098677.0
2008-05-22,sh.601318,57.29,57.29,55.75,55.98,12970885,731262345.0
2008-05-23,sh.601318,55.8,56.98,55.27,55.79,9529778,534812104.0
2008-05-26,sh.601318,55.0,55.0,52.8,52.88,17587552,938855036.0
2008-05-27,sh.601318,53.01,54.1,52.12,54.04,13367217,715552087.0
2008-05-28,sh.601318,54.3,56.66,53.55,55.8,18757404,1041060057.0
2008-05-29,sh.601318,55.7,55.9,53.85,53.91,10908143,600800202.0
2008-05-30,sh.601318,54.51,56.39,54.5,56.3,20721292,1153410409.0
2008-06-02,sh.601318,55.9,57.51,55.02,56.89,15833621,897476928.0
2008-06-03,sh.601318,56.45,57.14,55.4,55.71,11557303,648479361.0
2008-06-04,sh.601318,55.46,55.98,53.86,54.31,12608831,687008079.0
2008-06-05,sh.601318,54.01,55.08,53.89,54.52,7552729,411761878.0
2008-06-06,sh.601318,54.85,55.68,54.02,54.56,7563297,415888690.0
2008-06-10,sh.601318,51.5,52.47,49.5,50.13,24254166,1240143231.0
2008-06-11,sh.601318,49.85,51.15,49.51,50.39,13401410,673213103.0
2008-06-12,sh.601318,50.0,50.15,48.31,49.39,16409032,808472568.0
2008-06-13,sh.601318,49.4,50.2,48.8,49.05,9547625,470473293.0
2008-06-16,sh.601318,49.28,50.22,48.36,49.94,17752979,881642709.0
2008-06-17,sh.601318,49.98,50.29,48.6,49.13,12220290,604973613.0
2008-06-18,sh.601318,48.88,51.5,47.5,51.07,31278546,1552193439.0
2008-06-19,sh.601318,50.58,50.6,47.6,47.89,20315712,994999041.0
2008-06-20,sh.601318,47.95,52.1,47.04,50.36,35813930,1806074983.0
2008-06-23,sh.601318,49.3,50.11,48.5,48.68,13720836,673843553.0
2008-06-24,sh.601318,48.8,50.48,48.6,49.67,19740577,980565786.0
2008-06-25,sh.601318,49.67,51.5,49.31,50.98,19643779,997498080.0
2008-06-26,sh.601318,50.98,52.2,50.8,51.68,19398338,1001492341.0
2008-06-27,sh.601318,49.15,50.2,48.95,49.04,20257390,1002115990.0
2008-06-30,sh.601318,49.05,50.05,48.76,49.26,15993481,788115059.0
2008-07-01,sh.601318,49.5,49.54,47.4,47.82,20541100,990289817.0
2008-07-02,sh.601318,47.4,48.2,43.04,43.04,45871642,2067868013.0
2008-07-03,sh.601318,40.98,42.29,38.76,40.55,109537165,4407402581.0
2008-07-04,sh.601318,39.8,40.5,39.35,40.17,29627948,1181362377.0
2008-07-07,sh.601318,40.0,42.41,39.99,41.97,34310244,1423440824.0
2008-07-08,sh.601318,41.97,42.81,39.8,40.32,49322822,2027358954.0
2008-07-09,sh.601318,41.17,43.81,41.0,43.78,64223650,2745157311.0
2008-07-10,sh.601318,42.7,44.32,42.51,43.04,51229240,2215342203.0
2008-07-11,sh.601318,42.86,43.4,41.85,43.16,27509760,1170719239.0
2008-07-14,sh.601318,42.55,43.85,42.5,43.2,18720336,808939005.0
2008-07-15,sh.601318,43.22,43.35,40.5,40.61,30140514,1254149274.0
2008-07-16,sh.601318,40.0,40.0,38.88,39.4,19944794,785319057.0
2008-07-18,sh.601318,40.05,41.21,39.0,41.07,28151744,1134090524.0
2008-07-21,sh.601318,40.5,43.2,40.31,42.92,36458607,1540210938.0
2008-07-22,sh.601318,42.7,43.39,42.46,43.0,24027789,1032330898.0
2008-07-23,sh.601318,43.3,44.7,43.28,43.87,38109447,1673277658.0
2008-07-24,sh.601318,44.6,47.5,44.6,46.98,50727204,2337915173.0
2008-07-25,sh.601318,45.91,46.44,45.0,45.94,29601041,1352724855.0
2008-07-28,sh.601318,46.05,47.1,44.5,44.91,30827629,1406796996.0
2008-07-29,sh.601318,43.9,44.28,43.42,44.03,16779503,735490692.0
2008-07-30,sh.601318,45.1,45.22,43.58,43.98,11911484,527780630.0
2008-07-31,sh.601318,44.3,44.35,42.9,42.97,13237886,573917370.0
2008-08-01,sh.601318,42.69,45.27,42.42,44.8,18508321,815762581.0
2008-08-04,sh.601318,43.99,45.25,43.8,43.91,11230819,499604827.0
2008-08-05,sh.601318,44.0,45.14,43.8,44.19,21278025,948115370.0
2008-08-06,sh.601318,44.71,46.18,44.5,45.76,22418713,1020126671.0
2008-08-07,sh.601318,45.7,46.04,44.9,45.59,16705508,757661683.0
2008-08-08,sh.601318,45.26,45.59,43.0,43.15,17545663,775830743.0
2008-08-11,sh.601318,43.08,43.79,41.2,41.68,18057704,769307423.0
2008-08-12,sh.601318,41.52,42.5,41.41,42.01,11765554,494362573.0
2008-08-13,sh.601318,41.5,41.9,40.5,40.96,13248533,544288668.0
2008-08-14,sh.601318,40.83,41.88,40.51,41.08,8612222,355685301.0
2008-08-15,sh.601318,41.1,42.46,40.79,41.83,8059510,337432339.0
2008-08-18,sh.601318,41.92,41.99,40.0,40.01,15281627,626283508.0
2008-08-19,sh.601318,39.88,41.24,39.5,41.05,11717830,476825099.0
2008-08-20,sh.601318,40.69,45.15,40.5,44.96,29375509,1297115678.0
2008-08-21,sh.601318,44.0,44.7,43.09,43.12,17884980,785409282.0
2008-08-22,sh.601318,42.3,43.47,42.06,42.86,9176359,391525340.0
2008-08-25,sh.601318,43.0,44.6,42.12,43.47,11931424,522589791.0
2008-08-26,sh.601318,43.0,44.16,42.61,43.94,11885068,518001092.0
2008-08-27,sh.601318,44.1,45.46,43.9,44.73,25111536,1127113734.0
2008-08-28,sh.601318,45.15,46.73,45.15,45.61,20365758,938047176.0
2008-08-29,sh.601318,45.78,46.68,45.78,45.93,19200210,888435367.0
2008-09-01,sh.601318,45.5,45.51,43.89,44.59,14084069,630412727.0
2008-09-02,sh.601318,44.5,45.13,43.98,44.37,10407586,462708313.0
2008-09-03,sh.601318,44.73,45.05,43.0,43.79,12080834,532568715.0
2008-09-04,sh.601318,43.26,43.79,42.0,43.01,12191581,523915839.0
2008-09-05,sh.601318,41.8,42.25,41.4,41.78,12263716,512722145.0
2008-09-08,sh.601318,42.18,43.1,41.52,42.84,19025450,809669911.0
2008-09-09,sh.601318,43.0,43.1,42.26,42.72,11291156,482068708.0
2008-09-10,sh.601318,42.2,43.5,41.7,42.2,12475141,529134897.0
2008-09-11,sh.601318,41.9,42.5,39.33,39.4,16773539,678371649.0
2008-09-12,sh.601318,39.72,40.93,39.55,40.28,14685690,590320953.0
2008-09-16,sh.601318,38.75,38.75,36.25,36.87,31763520,1169853953.0
2008-09-17,sh.601318,36.5,37.13,33.18,33.56,32624974,1137282003.0
2008-09-18,sh.601318,31.18,32.9,30.2,30.66,46652625,1431370483.0
2008-09-19,sh.601318,33.73,33.73,33.27,33.73,21060549,709932215.0
2008-09-22,sh.601318,37.1,37.1,35.75,37.1,71377355,2637610629.0
2008-09-23,sh.601318,36.0,36.88,35.58,35.61,50962478,1845260031.0
2008-09-24,sh.601318,34.99,35.5,34.11,35.44,32249343,1123851042.0
2008-09-25,sh.601318,35.59,38.98,35.44,36.26,79979843,2965202298.0
2008-09-26,sh.601318,35.7,35.96,32.63,33.27,143417207,4795480748.0
2008-10-06,sh.601318,33.9,34.26,32.8,33.4,82883580,2797905084.0
2008-10-07,sh.601318,31.03,33.0,30.96,31.94,38675802,1231665350.0
2008-10-08,sh.601318,30.7,31.32,28.82,29.0,51671139,1555022150.0
2008-10-09,sh.601318,29.35,29.85,27.4,29.05,48597195,1389566513.0
2008-10-10,sh.601318,27.4,28.44,27.24,27.76,40517547,1129276164.0
2008-10-13,sh.601318,27.99,30.05,27.01,29.94,62948508,1792021403.0
2008-10-14,sh.601318,31.91,31.93,29.42,29.51,69181978,2140130598.0
2008-10-15,sh.601318,28.02,29.04,27.86,28.67,32940158,935691840.0
2008-10-16,sh.601318,27.1,27.26,26.01,26.3,34870112,932908535.0
2008-10-17,sh.601318,26.8,26.9,26.0,26.22,20284207,537024611.0
2008-10-20,sh.601318,25.88,27.0,24.75,26.76,47091415,1207342624.0
2008-10-21,sh.601318,26.76,26.9,25.93,26.01,48855342,1289685107.0
2008-10-22,sh.601318,25.3,25.78,24.9,25.02,34953493,883032687.0
2008-10-23,sh.601318,24.0,24.5,23.6,24.1,50125808,1197297590.0
2008-10-24,sh.601318,24.12,24.29,22.56,22.61,63698596,1479545616.0
2008-10-27,sh.601318,21.84,21.85,20.5,20.87,71709610,1515008454.0
2008-10-28,sh.601318,20.78,21.42,19.9,20.78,115036384,2398967108.0
2008-10-29,sh.601318,21.2,22.38,20.94,21.27,110737317,2374509241.0
2008-10-30,sh.601318,20.89,23.4,20.23,23.4,114125611,2572545462.0
2008-10-31,sh.601318,22.75,23.54,22.5,22.72,67854121,1553557558.0
2008-11-03,sh.601318,22.68,24.55,22.6,23.7,58760694,1403943753.0
2008-11-04,sh.601318,23.4,24.1,22.85,23.77,44162391,1033909442.0
2008-11-05,sh.601318,24.0,26.15,24.0,25.3,67194086,1703519141.0
2008-11-06,sh.601318,24.22,24.89,23.96,24.01,43139633,1048345166.0
2008-11-07,sh.601318,23.31,25.48,23.25,25.15,43425671,1066507668.0
2008-11-10,sh.601318,26.2,27.1,25.49,26.47,69559789,1832550084.0
2008-11-11,sh.601318,25.8,26.39,25.51,25.83,47131708,1219981444.0
2008-11-12,sh.601318,25.47,26.37,24.9,25.54,43880421,1119910741.0
2008-11-13,sh.601318,24.88,26.7,24.08,25.97,81108477,2054685988.0
2008-11-14,sh.601318,26.65,27.0,26.03,26.59,74954168,1993122589.0
2008-11-17,sh.601318,26.4,27.34,26.11,27.19,60354243,1624659610.0
2008-11-18,sh.601318,26.8,27.48,24.47,24.47,66918060,1734045473.0
2008-11-19,sh.601318,24.22,25.96,23.02,25.6,84755502,2075525016.0
2008-11-20,sh.601318,24.4,25.15,23.88,24.13,76042078,1849636757.0
2008-11-21,sh.601318,23.13,25.1,22.88,24.46,69469534,1684875579.0
2008-11-24,sh.601318,24.25,24.36,23.22,23.25,36835461,878121434.0
2008-11-25,sh.601318,23.94,24.0,23.2,23.47,26609801,628410912.0
2008-11-26,sh.601318,23.18,24.0,23.18,23.67,19114182,452905301.0
2008-11-27,sh.601318,25.12,25.56,23.82,23.9,62507017,1542260801.0
2008-11-28,sh.601318,23.6,23.85,22.38,22.49,47236576,1085367286.0
2008-12-01,sh.601318,22.47,22.74,21.61,22.57,34370554,762838659.0
2008-12-02,sh.601318,21.7,23.13,21.67,22.55,31570460,710917136.0
2008-12-03,sh.601318,22.86,24.02,22.82,23.95,46958570,1104813618.0
2008-12-04,sh.601318,24.6,26.35,24.6,25.75,119526723,3090722379.0
2008-12-05,sh.601318,25.65,26.56,25.54,26.26,62119731,1621431402.0
2008-12-08,sh.601318,26.92,27.63,26.56,27.49,86906385,2365864751.0
2008-12-09,sh.601318,27.4,27.7,26.47,26.68,55839939,1520647286.0
2008-12-10,sh.601318,26.4,28.16,26.16,27.83,55639023,1516758454.0
2008-12-11,sh.601318,27.51,28.64,27.3,27.65,53785048,1509344199.0
2008-12-12,sh.601318,27.33,27.65,25.5,25.94,46684167,1231381249.0
2008-12-15,sh.601318,26.6,27.85,26.45,26.98,48163961,1304257738.0
2008-12-16,sh.601318,26.51,27.32,26.0,27.3,27213890,727066361.0
2008-12-17,sh.601318,27.74,28.55,27.5,27.57,48422639,1358975601.0
2008-12-18,sh.601318,27.58,29.63,27.03,29.56,59869931,1712076822.0
2008-12-19,sh.601318,29.0,31.3,28.9,30.34,64490485,1937730442.0
2008-12-22,sh.601318,30.08,30.46,28.4,28.73,44351021,1292491399.0
2008-12-23,sh.601318,28.7,28.7,27.0,27.01,40980145,1130494213.0
2008-12-24,sh.601318,26.8,27.54,26.7,27.11,29309455,795832589.0
2008-12-25,sh.601318,27.0,27.27,26.11,26.71,24661308,656966032.0
2008-12-26,sh.601318,26.41,27.51,26.2,26.81,19841368,536040641.0
2008-12-29,sh.601318,26.5,26.92,25.9,26.47,21353865,562137314.0
2008-12-30,sh.601318,26.47,26.93,26.04,26.22,15304613,405107718.0
2008-12-31,sh.601318,26.33,27.28,26.22,26.59,18766301,502230338.0
2009-01-05,sh.601318,27.9,28.97,27.6,28.85,35105350,990720326.0
2009-01-06,sh.601318,28.7,30.37,28.63,29.86,45197571,1349920975.0
2009-01-07,sh.601318,29.77,30.21,29.35,29.87,30627949,915325446.0
2009-01-08,sh.601318,28.8,29.05,28.05,28.34,32927323,939824785.0
2009-01-09,sh.601318,28.25,29.15,28.25,28.41,23581568,676914662.0
2009-01-12,sh.601318,28.2,28.7,27.8,27.91,32345902,913120132.0
2009-01-13,sh.601318,27.4,28.34,27.3,27.6,18956862,529097787.0
2009-01-14,sh.601318,27.98,29.89,27.82,29.85,41931424,1216318745.0
2009-01-15,sh.601318,29.2,29.75,28.71,29.47,52201157,1518876867.0
2009-01-16,sh.601318,29.7,30.96,29.0,29.51,49182152,1496084668.0
2009-01-19,sh.601318,29.99,31.1,29.98,30.34,45398590,1388320289.0
2009-01-20,sh.601318,30.0,30.58,29.3,30.24,28571956,858052084.0
2009-01-21,sh.601318,29.5,30.39,29.0,29.28,54623651,1621465466.0
2009-01-22,sh.601318,29.66,30.08,28.93,29.33,26058261,767812125.0
2009-01-23,sh.601318,29.1,29.53,28.76,28.86,23723948,688798766.0
2009-02-02,sh.601318,29.5,29.79,29.03,29.31,15422087,453144928.0
2009-02-03,sh.601318,29.24,30.35,29.1,30.11,32747984,978321065.0
2009-02-04,sh.601318,30.3,31.2,30.3,31.03,31862473,984313773.0
2009-02-05,sh.601318,31.22,33.25,31.15,32.46,64604563,2104816877.0
2009-02-06,sh.601318,32.7,34.4,32.69,33.97,45222860,1528707028.0
2009-02-09,sh.601318,34.5,35.16,34.0,34.24,48083920,1663613187.0
2009-02-10,sh.601318,33.87,34.8,33.61,34.28,24481590,839229290.0
2009-02-11,sh.601318,33.5,35.0,33.33,33.9,52447712,1779943017.0
2009-02-12,sh.601318,34.2,34.56,32.9,33.79,30829386,1034716565.0
2009-02-13,sh.601318,33.8,35.51,33.4,35.09,46243928,1599429472.0
2009-02-16,sh.601318,35.3,36.7,35.3,35.93,42328821,1528139312.0
2009-02-17,sh.601318,35.87,36.0,34.0,34.15,37974707,1332457397.0
2009-02-18,sh.601318,33.13,33.6,31.97,32.27,39927507,1309500505.0
2009-02-19,sh.601318,32.61,33.09,32.02,32.65,34306902,1119473359.0
2009-02-20,sh.601318,32.67,33.21,32.2,33.04,23491978,771266887.0
2009-02-23,sh.601318,32.78,34.29,31.87,34.15,38804131,1284544369.0
2009-02-24,sh.601318,33.41,33.65,31.8,32.27,49229018,1606423862.0
2009-02-25,sh.601318,32.78,33.55,31.61,33.28,60242162,1970692453.0
2009-02-26,sh.601318,32.98,34.11,31.9,32.21,47302632,1571997983.0
2009-02-27,sh.601318,31.9,33.27,31.32,31.95,43195928,1398962705.0
2009-03-02,sh.601318,31.93,31.93,30.45,31.28,30612438,951011643.0
2009-03-03,sh.601318,30.13,30.7,29.82,30.15,39225861,1181899672.0
2009-03-04,sh.601318,30.45,33.17,30.45,33.17,51646024,1659377722.0
2009-03-05,sh.601318,34.2,35.1,33.5,34.48,80373497,2767455459.0
2009-03-06,sh.601318,33.5,34.65,33.44,33.98,42689135,1459966652.0
2009-03-09,sh.601318,34.4,35.2,32.85,32.93,51219110,1749593545.0
2009-03-10,sh.601318,32.5,34.8,31.86,34.52,35574085,1169776019.0
2009-03-11,sh.601318,35.5,35.86,34.0,34.22,55397594,1945685667.0
2009-03-12,sh.601318,34.12,36.0,33.31,35.96,52705256,1825583861.0
2009-03-13,sh.601318,35.71,37.0,35.51,36.29,68277404,2485311287.0
2009-03-16,sh.601318,36.15,36.84,35.2,36.7,37791540,1366308785.0
2009-03-17,sh.601318,36.75,37.25,36.41,36.97,58365510,2151754426.0
2009-03-18,sh.601318,37.1,37.3,36.46,36.56,42840735,1577578714.0
2009-03-19,sh.601318,36.6,37.68,36.2,37.51,43633446,1612758280.0
2009-03-20,sh.601318,37.4,37.5,36.0,36.34,34787520,1273903497.0
2009-03-23,sh.601318,36.35,38.7,36.34,38.03,53995118,2039109163.0
2009-03-24,sh.601318,39.5,39.71,38.3,38.63,45564890,1774217443.0
2009-03-25,sh.601318,38.15,39.56,38.1,38.4,35764138,1395847192.0
2009-03-26,sh.601318,38.45,39.7,38.15,39.26,32867117,1278078336.0
2009-03-27,sh.601318,39.71,40.1,38.61,38.87,36316919,1429724334.0
2009-03-30,sh.601318,38.7,38.78,37.35,37.51,39213721,1480134159.0
2009-03-31,sh.601318,36.92,40.0,36.86,39.11,78823461,3042126849.0
2009-04-01,sh.601318,38.95,39.8,38.49,38.78,53700055,2105371855.0
2009-04-02,sh.601318,39.03,40.98,39.03,40.02,69387890,2776737944.0
2009-04-03,sh.601318,40.76,40.85,39.91,40.19,42430620,1714514876.0
2009-04-07,sh.601318,40.5,41.21,39.7,40.61,24234776,982372680.0
2009-04-08,sh.601318,40.03,40.61,38.72,38.82,31479397,1241395807.0
2009-04-09,sh.601318,39.5,41.38,39.4,41.13,56717159,2293837344.0
2009-04-10,sh.601318,41.58,42.86,41.28,42.38,45816302,1938420318.0
2009-04-13,sh.601318,43.0,43.65,42.6,43.03,34783432,1503761376.0
2009-04-14,sh.601318,42.5,43.0,42.36,42.66,37023801,1579759497.0
2009-04-15,sh.601318,42.46,42.73,41.45,42.48,33253661,1398521027.0
2009-04-16,sh.601318,42.6,42.99,41.86,42.18,20448051,867779258.0
2009-04-17,sh.601318,41.8,42.49,41.5,41.58,22882308,956996060.0
2009-04-20,sh.601318,41.26,42.37,41.02,42.01,27299895,1137284199.0
2009-04-21,sh.601318,41.41,41.6,40.6,40.99,33033595,1356314593.0
2009-04-22,sh.601318,41.3,41.9,39.5,39.83,41859582,1703126904.0
2009-04-23,sh.601318,39.67,40.35,39.6,40.14,22056057,882443553.0
2009-04-24,sh.601318,40.59,40.76,39.4,39.54,18153945,727515992.0
2009-04-27,sh.601318,39.61,39.95,38.07,38.97,29273882,1131212573.0
2009-04-28,sh.601318,38.02,38.65,37.38,37.65,47716706,1808184122.0
2009-04-29,sh.601318,37.66,39.6,37.66,39.25,33757601,1309638632.0
2009-04-30,sh.601318,39.49,40.1,38.95,39.7,32459130,1282697306.0
2009-05-04,sh.601318,39.78,41.03,39.6,40.94,28216983,1144489179.0
2009-05-05,sh.601318,41.11,42.02,40.7,40.91,25594216,1057086899.0
2009-05-06,sh.601318,40.8,40.87,39.78,40.71,30080831,1213573642.0
2009-05-07,sh.601318,41.02,42.01,40.5,41.09,33150940,1371616305.0
2009-05-08,sh.601318,40.85,41.66,40.42,41.14,28922739,1183297655.0
2009-05-11,sh.601318,41.6,42.63,40.78,40.84,49263257,2071931484.0
2009-05-12,sh.601318,40.7,41.3,40.3,41.27,20897188,851255467.0
2009-05-13,sh.601318,41.3,41.92,40.52,41.51,36323062,1497741218.0
2009-05-14,sh.601318,40.85,41.16,40.28,40.37,29552429,1201513310.0
2009-05-15,sh.601318,40.41,40.83,39.7,40.01,24278672,975901431.0
2009-05-18,sh.601318,39.75,40.3,39.61,40.25,17709227,708306133.0
2009-05-19,sh.601318,40.89,41.55,40.5,41.1,29774081,1223928861.0
2009-05-20,sh.601318,41.19,41.5,40.5,40.58,17212701,702783623.0
2009-05-21,sh.601318,40.2,40.25,39.18,39.41,30637397,1213215779.0
2009-05-22,sh.601318,39.28,39.65,38.87,39.44,26101802,1021619890.0
2009-05-25,sh.601318,38.6,39.44,38.35,39.23,22642529,879908833.0
2009-05-26,sh.601318,39.34,39.41,38.4,38.48,19609607,762017813.0
2009-05-27,sh.601318,38.81,39.92,38.81,39.61,25149634,988360510.0
2009-06-01,sh.601318,40.7,43.57,40.62,43.57,102776341,4375962636.0
2009-06-02,sh.601318,43.89,44.55,43.5,43.58,59409561,2612707169.0
2009-06-04,sh.601318,44.84,46.15,44.51,45.1,79279700,3602120913.0
2009-06-05,sh.601318,45.5,45.6,44.67,45.1,25711871,1159482718.0
2009-06-15,sh.601318,47.2,47.5,44.96,46.13,88318964,4066243861.0
2009-06-16,sh.601318,45.15,45.48,43.7,43.85,57525721,2553742668.0
2009-06-17,sh.601318,43.8,44.42,42.98,44.01,34776462,1523013198.0
2009-06-18,sh.601318,44.05,45.3,43.8,44.54,35730177,1597462064.0
2009-06-19,sh.601318,44.58,46.15,43.7,45.18,39140044,1755244917.0
2009-06-22,sh.601318,46.0,47.74,45.56,46.72,47864671,2237784120.0
2009-06-23,sh.601318,45.6,47.0,45.38,45.85,41170232,1901336907.0
2009-06-24,sh.601318,46.11,46.5,45.0,45.76,30710604,1396377275.0
2009-06-25,sh.601318,45.62,47.66,45.62,47.04,39493240,1856874312.0
2009-06-26,sh.601318,47.05,47.53,46.5,46.92,22030605,1036374999.0
2009-06-29,sh.601318,46.9,48.85,46.9,48.17,32504754,1561986841.0
2009-06-30,sh.601318,48.21,51.02,48.21,49.46,42038691,2099516933.0
2009-07-01,sh.601318,49.4,53.1,49.3,52.27,30783634,1594650013.0
2009-07-02,sh.601318,52.52,55.1,52.52,54.98,51290307,2793985233.0
2009-07-03,sh.601318,54.45,55.85,54.15,55.52,36395860,1997458149.0
2009-07-06,sh.601318,55.4,57.58,55.31,56.0,36597236,2062401122.0
2009-07-07,sh.601318,55.5,56.0,54.21,54.59,26843764,1471384214.0
2009-07-08,sh.601318,53.6,54.65,52.0,53.8,33035478,1758185933.0
2009-07-09,sh.601318,53.73,56.3,53.08,56.27,43024037,2357985443.0
2009-07-10,sh.601318,56.27,56.6,54.9,55.81,26434586,1476147265.0
2009-07-13,sh.601318,55.03,56.5,54.6,54.68,17518527,969879623.0
2009-07-14,sh.601318,55.21,60.0,55.21,59.57,44171720,2589687107.0
2009-07-15,sh.601318,60.0,62.0,59.99,60.34,33470792,2040542797.0
2009-07-16,sh.601318,61.06,61.75,59.87,60.09,20566256,1245191970.0
2009-07-17,sh.601318,60.08,61.98,59.6,59.9,21622773,1311214257.0
2009-07-20,sh.601318,60.75,61.65,59.26,60.8,19318355,1176724653.0
2009-07-21,sh.601318,62.25,64.52,61.5,61.92,31694369,1997894421.0
2009-07-22,sh.601318,61.89,63.0,60.58,62.06,32713985,2020885459.0
2009-07-23,sh.601318,62.4,62.5,60.8,62.07,25164859,1549468995.0
2009-07-24,sh.601318,62.5,63.3,61.07,61.99,21749125,1353387735.0
2009-07-27,sh.601318,62.46,64.1,61.2,63.95,32370324,2029285158.0
2009-07-28,sh.601318,63.8,63.95,61.7,62.46,24362889,1529747383.0
2009-07-29,sh.601318,62.4,63.45,56.31,59.13,35468296,2154431425.0
2009-07-30,sh.601318,60.0,61.95,58.0,59.64,38220052,2280162890.0
2009-07-31,sh.601318,60.5,61.45,59.85,61.04,26790131,1625896926.0
2009-08-03,sh.601318,61.35,62.9,60.28,62.79,31047603,1924112214.0
2009-08-04,sh.601318,63.11,63.19,60.1,60.81,29088062,1780347275.0
2009-08-05,sh.601318,60.6,60.6,58.3,58.41,40328391,2383605317.0
2009-08-06,sh.601318,58.45,58.45,55.16,56.74,46548298,2631962681.0
2009-08-10,sh.601318,56.2,56.58,54.49,55.62,36816486,2043332031.0
2009-08-11,sh.601318,55.63,55.97,54.85,55.47,23759866,1318052220.0
2009-08-12,sh.601318,55.58,55.8,52.95,53.23,39930170,2155612650.0
2009-08-13,sh.601318,53.21,54.03,52.67,53.82,42140270,2251058827.0
2009-08-14,sh.601318,53.5,54.3,51.9,52.62,31000661,1642359352.0
2009-08-17,sh.601318,51.74,53.69,50.29,50.56,54493062,2848387372.0
2009-08-18,sh.601318,50.3,51.08,48.0,50.09,53289753,2634992894.0
2009-08-19,sh.601318,50.0,50.65,48.01,48.83,35771785,1754237080.0
2009-08-20,sh.601318,49.0,52.5,48.31,51.82,50815197,2577851142.0
2009-08-21,sh.601318,51.8,52.42,50.6,51.49,38670061,1988400201.0
2009-08-24,sh.601318,52.13,52.4,50.5,51.66,31644912,1633436286.0
2009-08-25,sh.601318,51.49,51.49,47.86,48.82,47645160,2340740987.0
2009-08-26,sh.601318,48.7,50.2,48.0,49.63,32536429,1607130214.0
2009-08-27,sh.601318,49.17,49.88,48.0,48.6,28653318,1403197674.0
2009-08-28,sh.601318,48.75,49.15,46.02,46.37,53526602,2513626418.0
2009-08-31,sh.601318,45.8,45.86,42.89,43.29,49367041,2173038503.0
2009-09-01,sh.601318,43.23,46.05,43.01,44.92,47930492,2142728949.0
2009-09-02,sh.601318,44.2,46.44,44.0,46.11,35558568,1626511321.0
2009-09-03,sh.601318,46.1,49.39,45.5,48.97,54987786,2632926512.0
2009-09-04,sh.601318,48.8,50.0,48.5,49.19,28698022,1411933711.0
2009-09-07,sh.601318,50.0,51.69,49.7,50.19,44872736,2269004065.0
2009-09-08,sh.601318,49.9,50.96,48.8,50.93,24423745,1224784860.0
2009-09-09,sh.601318,51.2,52.03,50.3,50.95,23411571,1198654771.0
2009-09-10,sh.601318,50.66,51.5,50.35,50.65,17660461,901176496.0
2009-09-11,sh.601318,50.7,53.08,50.7,52.65,30002326,1563142457.0
2009-09-14,sh.601318,52.65,53.3,52.3,52.96,20927176,1104607659.0
2009-09-15,sh.601318,53.0,53.2,51.82,52.45,23044078,1208375896.0
2009-09-16,sh.601318,52.02,52.38,50.7,51.18,26729328,1375737450.0
2009-09-17,sh.601318,51.6,53.56,51.6,53.23,28002654,1481371212.0
2009-09-18,sh.601318,53.0,53.3,50.59,50.95,28995743,1508465341.0
2009-09-21,sh.601318,50.5,52.15,49.82,51.71,27210663,1383231268.0
2009-09-22,sh.601318,51.45,53.08,50.38,50.67,26644133,1383554349.0
2009-09-23,sh.601318,51.18,51.55,49.58,49.8,25500491,1288535938.0
2009-09-24,sh.601318,49.35,51.55,48.38,50.83,35140891,1763249314.0
2009-09-25,sh.601318,50.01,52.3,50.0,51.53,28140972,1444307177.0
2009-09-28,sh.601318,51.62,52.0,48.98,49.38,23288374,1171521532.0
2009-09-29,sh.601318,49.3,50.49,49.03,50.17,18957506,946504081.0
2009-09-30,sh.601318,50.46,51.3,50.0,50.7,18183845,924772175.0
2009-10-09,sh.601318,52.32,53.4,51.86,53.31,30588161,1614873085.0
2009-10-12,sh.601318,53.35,54.58,53.2,53.21,29374242,1584031503.0
2009-10-13,sh.601318,53.2,54.5,52.93,54.4,23311907,1256447088.0
2009-10-14,sh.601318,54.6,56.45,54.23,55.27,35334096,1964594042.0
2009-10-15,sh.601318,56.4,57.09,55.75,56.21,22809488,1287087851.0
2009-10-16,sh.601318,56.35,57.15,55.05,56.04,19103801,1067280998.0
2009-10-19,sh.601318,55.89,57.9,55.7,57.83,25903286,1484263146.0
2009-10-20,sh.601318,57.9,59.0,57.9,58.88,23731464,1391879085.0
2009-10-21,sh.601318,58.88,59.5,57.92,58.0,22151945,1296449703.0
2009-10-22,sh.601318,57.75,58.55,57.13,57.3,18695090,1075080894.0
2009-10-23,sh.601318,57.51,59.16,57.51,58.5,20340867,1190500729.0
2009-10-26,sh.601318,59.0,60.0,58.75,59.36,24065217,1431466505.0
2009-10-27,sh.601318,58.7,60.12,57.93,58.97,24758838,1469398062.0
2009-10-28,sh.601318,58.8,59.19,56.8,57.66,26313200,1516726085.0
2009-10-29,sh.601318,56.3,57.08,55.05,55.56,29688519,1660749491.0
2009-10-30,sh.601318,57.1,57.5,55.88,55.96,21173288,1203061721.0
2009-11-02,sh.601318,54.7,60.35,54.58,59.71,35842043,2080859620.0
2009-11-03,sh.601318,59.71,61.42,59.31,60.74,32798546,1991567969.0
2009-11-04,sh.601318,60.5,61.2,59.55,60.5,18493954,1117571035.0
2009-11-05,sh.601318,60.49,60.77,59.2,59.97,18603096,1115581360.0
2009-11-06,sh.601318,60.79,61.11,59.97,60.01,15620298,946676325.0
2009-11-09,sh.601318,60.15,61.3,59.4,61.27,21236701,1279726220.0
2009-11-10,sh.601318,61.5,62.97,60.9,61.02,22848839,1417871929.0
2009-11-11,sh.601318,61.18,61.92,60.8,61.3,19895429,1218024353.0
2009-11-12,sh.601318,61.79,62.3,60.29,60.86,17248979,1058510750.0
2009-11-13,sh.601318,60.7,60.84,59.69,60.53,24835114,1493365972.0
2009-11-16,sh.601318,60.99,62.19,60.88,62.02,24752033,1524912275.0
2009-11-17,sh.601318,62.59,62.97,61.6,61.95,16113576,1000058626.0
2009-11-18,sh.601318,62.28,62.28,61.2,61.36,18536002,1142563891.0
2009-11-19,sh.601318,61.41,61.79,60.1,60.51,30182262,1830659385.0
2009-11-20,sh.601318,60.48,60.48,58.9,59.6,58033691,3452108488.0
2009-11-23,sh.601318,59.65,59.65,58.45,59.13,85973005,5053860593.0
2009-11-24,sh.601318,59.56,60.4,58.38,58.87,71896081,4285025791.0
2009-11-25,sh.601318,58.91,60.52,58.51,60.43,43193727,2564403074.0
2009-11-26,sh.601318,60.39,61.0,57.58,57.88,59221559,3492293154.0
2009-11-27,sh.601318,57.48,57.48,55.29,55.37,56336246,3152308131.0
2009-11-30,sh.601318,55.98,56.95,55.29,56.82,37935681,2132779739.0
2009-12-01,sh.601318,56.48,57.55,55.8,57.09,38771917,2191515790.0
2009-12-02,sh.601318,57.5,58.19,57.45,57.73,31055982,1796368995.0
2009-12-03,sh.601318,57.6,57.6,56.36,56.86,28706263,1629666363.0
2009-12-04,sh.601318,56.59,60.59,56.01,59.92,84068941,4930833838.0
2009-12-07,sh.601318,59.5,60.11,58.9,59.74,38670973,2309371463.0
2009-12-08,sh.601318,59.91,60.13,57.88,58.23,33335200,1959188436.0
2009-12-09,sh.601318,57.6,57.6,56.85,56.95,28422555,1624260112.0
2009-12-10,sh.601318,57.55,57.68,56.43,57.08,23076168,1315365572.0
2009-12-11,sh.601318,57.1,58.18,56.9,57.03,19674032,1128878877.0
2009-12-14,sh.601318,56.8,57.9,55.5,57.31,30647517,1732840144.0
2009-12-15,sh.601318,56.99,57.09,56.0,56.24,23803779,1345975724.0
2009-12-16,sh.601318,56.2,56.9,55.99,56.08,17585231,990150306.0
2009-12-17,sh.601318,56.11,56.45,54.4,54.55,30601515,1687138440.0
2009-12-21,sh.601318,52.6,53.25,51.8,52.48,54278818,2842259103.0
2009-12-22,sh.601318,52.68,52.9,50.7,50.91,35982898,1859317175.0
2009-12-23,sh.601318,51.03,51.5,50.27,50.94,34788813,1770358655.0
2009-12-24,sh.601318,50.8,52.39,50.5,52.28,46033228,2372930657.0
2009-12-25,sh.601318,52.0,52.58,51.78,51.9,25840217,1345792900.0
2009-12-28,sh.601318,51.82,53.05,51.82,52.38,42639475,2242862370.0
2009-12-29,sh.601318,52.59,52.75,51.79,52.34,29144275,1522089122.0
2009-12-30,sh.601318,52.48,55.04,52.45,54.57,71805988,3864178939.0
2009-12-31,sh.601318,54.69,55.59,54.4,55.09,40473809,2232218026.0
2010-01-04,sh.601318,55.49,55.59,53.83,53.89,29364012,1603219301.0
2010-01-05,sh.601318,54.03,55.2,52.81,54.57,36015762,1951983400.0
2010-01-06,sh.601318,54.4,54.9,53.3,53.41,33204602,1791272562.0
2010-01-07,sh.601318,53.4,53.81,51.87,52.42,36541819,1927019007.0
2010-01-08,sh.601318,52.42,52.42,51.3,52.11,32302182,1672256054.0
2010-01-11,sh.601318,54.5,54.9,51.95,52.37,50140045,2670503696.0
2010-01-12,sh.601318,52.0,53.0,51.11,52.86,37824995,1967296214.0
2010-01-13,sh.601318,51.7,52.0,50.27,50.32,58478457,2982410724.0
2010-01-14,sh.601318,50.8,51.5,49.9,50.98,36926384,1864709187.0
2010-01-15,sh.601318,51.0,51.35,50.1,51.08,25819286,1312113016.0
2010-01-18,sh.601318,50.77,50.77,49.94,50.33,41756126,2096539352.0
2010-01-19,sh.601318,50.27,51.3,50.26,50.58,34086344,1728482241.0
2010-01-20,sh.601318,50.7,50.83,48.88,48.96,39586583,1967789991.0
2010-01-21,sh.601318,49.1,50.4,48.91,49.93,30793657,1525533255.0
2010-01-22,sh.601318,49.0,50.65,48.5,49.97,43798322,2168366968.0
2010-01-25,sh.601318,49.4,50.68,49.22,49.75,22515220,1126487973.0
2010-01-26,sh.601318,49.78,49.99,48.5,48.64,22919241,1125299581.0
2010-01-27,sh.601318,48.81,48.99,47.5,47.61,24137878,1161090258.0
2010-01-28,sh.601318,47.67,47.73,46.44,46.79,31026483,1458396142.0
2010-01-29,sh.601318,46.7,47.49,46.0,46.47,30866175,1444063444.0
2010-02-01,sh.601318,46.96,47.98,46.57,47.85,53318936,2517581806.0
2010-02-02,sh.601318,48.0,49.43,47.35,47.45,37989479,1835316032.0
2010-02-03,sh.601318,47.75,49.85,47.4,49.83,54863358,2685926550.0
2010-02-04,sh.601318,49.2,49.81,48.86,49.3,26613181,1312359241.0
2010-02-05,sh.601318,48.26,48.65,48.0,48.07,23861429,1150527232.0
2010-02-08,sh.601318,48.03,48.69,47.61,48.09,17571005,847341947.0
2010-02-09,sh.601318,48.24,49.1,48.0,48.73,18502701,900331181.0
2010-02-10,sh.601318,49.2,50.1,49.2,50.02,31677455,1579479629.0
2010-02-11,sh.601318,49.98,50.45,49.72,49.9,17018756,852491378.0
2010-02-12,sh.601318,50.2,50.39,49.87,50.08,15650370,784373958.0
2010-02-22,sh.601318,49.99,49.99,49.05,49.08,19112190,947411987.0
2010-02-23,sh.601318,47.89,47.89,44.17,44.72,163390810,7326993689.0
2010-02-24,sh.601318,44.2,44.78,44.0,44.61,67223886,2987057854.0
2010-02-25,sh.601318,44.85,45.57,44.73,45.22,61458659,2775679972.0
2010-02-26,sh.601318,45.05,45.56,44.83,45.02,48719160,2200839829.0
2010-03-01,sh.601318,45.98,46.88,45.31,46.7,56701376,2616181552.0
2010-03-02,sh.601318,46.7,46.98,46.31,46.58,33599279,1564937643.0
2010-03-03,sh.601318,46.63,46.8,45.94,46.42,26000387,1200550511.0
2010-03-04,sh.601318,46.46,46.67,45.01,45.06,31642261,1452330382.0
2010-03-05,sh.601318,45.3,45.7,45.1,45.49,24915348,1131918722.0
2010-03-08,sh.601318,45.6,46.34,45.42,46.16,22699556,1045515695.0
2010-03-09,sh.601318,46.19,47.7,45.7,47.05,41912842,1966560972.0
2010-03-10,sh.601318,47.06,47.75,46.85,47.24,30793102,1456470568.0
2010-03-11,sh.601318,47.25,47.71,46.53,47.0,21858044,1027961522.0
2010-03-12,sh.601318,46.98,47.37,46.61,46.65,20661480,969590492.0
2010-03-15,sh.601318,46.6,46.63,45.26,45.61,26418067,1206486081.0
2010-03-16,sh.601318,45.6,45.98,45.02,45.66,18528421,842655216.0
2010-03-17,sh.601318,45.86,48.49,45.81,48.32,54247172,2572077341.0
2010-03-18,sh.601318,48.0,48.68,47.9,48.0,34250371,1654213818.0
2010-03-19,sh.601318,48.05,48.5,47.6,48.46,24653096,1185927248.0
2010-03-22,sh.601318,48.42,48.8,48.11,48.39,22970086,1114155520.0
2010-03-23,sh.601318,48.54,48.65,47.5,47.67,18649227,894180177.0
2010-03-24,sh.601318,47.91,48.5,47.67,47.87,17473094,839938797.0
2010-03-25,sh.601318,47.86,47.86,47.0,47.2,15714878,743771888.0
2010-03-26,sh.601318,47.13,48.79,47.1,48.24,28524667,1377169960.0
2010-03-29,sh.601318,48.7,50.68,48.61,50.24,53440136,2674552882.0
2010-03-30,sh.601318,50.25,51.0,50.11,50.84,34000813,1723131042.0
2010-03-31,sh.601318,50.65,50.9,50.17,50.4,20379791,1028863829.0
2010-04-01,sh.601318,50.4,51.6,50.4,51.27,23915425,1221550156.0
2010-04-02,sh.601318,51.4,51.86,51.0,51.51,17638506,907552880.0
2010-04-06,sh.601318,52.0,52.13,50.61,50.93,20292431,1041034328.0
2010-04-07,sh.601318,50.67,51.37,50.31,50.83,16340651,829878863.0
2010-04-08,sh.601318,50.77,50.77,49.49,49.68,24534044,1229851543.0
2010-04-09,sh.601318,49.95,50.82,49.71,50.7,21574261,1084809883.0
2010-04-12,sh.601318,50.7,50.96,49.11,49.92,30865449,1544584742.0
2010-04-13,sh.601318,50.03,52.2,50.03,51.89,60360278,3113389101.0
2010-04-14,sh.601318,52.01,52.34,51.5,52.22,29644063,1543008689.0
2010-04-15,sh.601318,52.0,52.88,51.56,52.53,30484880,1594987597.0
2010-04-16,sh.601318,52.2,52.35,51.0,51.09,24250128,1248649221.0
2010-04-19,sh.601318,50.5,51.6,49.16,49.21,50076705,2519922622.0
2010-04-20,sh.601318,49.8,50.94,49.1,50.62,42372603,2125985096.0
2010-04-21,sh.601318,50.7,52.36,50.5,52.02,45496056,2356458276.0
2010-04-22,sh.601318,51.7,52.85,51.3,51.77,43291608,2257690525.0
2010-04-23,sh.601318,52.05,52.95,51.1,51.77,35542519,1852355344.0
2010-04-26,sh.601318,51.76,52.09,50.68,50.69,22669544,1161687001.0
2010-04-27,sh.601318,50.39,50.39,48.51,49.64,38528833,1896412195.0
2010-04-28,sh.601318,48.9,49.73,48.7,48.99,19485414,958104408.0
2010-04-29,sh.601318,49.5,49.87,48.4,48.46,18382350,903803621.0
2010-04-30,sh.601318,48.51,49.55,47.7,49.4,30217441,1476549044.0
2010-05-04,sh.601318,48.6,50.1,48.43,49.3,21769637,1076517165.0
2010-05-05,sh.601318,49.06,49.68,47.4,48.77,33452771,1619772464.0
2010-05-06,sh.601318,48.59,48.59,46.01,46.24,38359764,1808252940.0
2010-05-07,sh.601318,44.91,47.9,44.91,46.33,37770323,1758768510.0
2010-05-10,sh.601318,47.1,48.61,46.55,48.21,36370084,1730791139.0
2010-05-11,sh.601318,49.35,49.38,46.5,46.82,35435105,1701502569.0
2010-05-12,sh.601318,46.49,49.05,46.25,48.61,63487918,3062796962.0
2010-05-13,sh.601318,48.99,49.66,48.2,49.38,52630153,2586801440.0
2010-05-14,sh.601318,48.4,48.93,48.1,48.3,35407458,1715512888.0
2010-05-17,sh.601318,47.58,47.58,45.39,45.52,38439708,1778236779.0
2010-05-18,sh.601318,45.88,47.35,45.21,46.69,32797578,1517786006.0
2010-05-19,sh.601318,46.08,47.07,45.43,46.31,23687939,1098912266.0
2010-05-20,sh.601318,46.0,46.7,44.8,44.93,30797903,1401077261.0
2010-05-21,sh.601318,43.98,45.53,43.57,45.18,26119978,1165840909.0
2010-05-24,sh.601318,46.06,47.35,45.76,46.89,29952579,1399469935.0
2010-05-25,sh.601318,46.45,46.56,45.2,45.25,26359309,1203608142.0
2010-05-26,sh.601318,45.8,46.25,44.8,45.42,18037141,819489543.0
2010-05-27,sh.601318,45.36,46.3,44.6,46.1,24530379,1120033891.0
2010-05-28,sh.601318,46.65,46.78,45.6,45.96,19439145,899503415.0
2010-05-31,sh.601318,45.73,46.22,45.21,45.36,19667819,899346097.0
2010-06-01,sh.601318,45.2,46.4,44.8,45.92,30405946,1391943396.0
2010-06-02,sh.601318,45.8,45.8,44.8,45.5,20683348,935642636.0
2010-06-03,sh.601318,45.8,46.3,45.26,45.63,19361635,887133480.0
2010-06-04,sh.601318,45.32,45.69,45.1,45.55,10949741,497194663.0
2010-06-07,sh.601318,45.0,45.32,44.06,44.54,19875313,889302063.0
2010-06-08,sh.601318,44.55,44.86,43.71,44.28,16634251,736749859.0
2010-06-09,sh.601318,44.5,46.05,43.6,45.67,39746223,1784266356.0
2010-06-10,sh.601318,44.98,45.3,44.7,44.78,16798660,755136129.0
2010-06-11,sh.601318,45.29,45.98,45.0,45.31,18172830,828227643.0
2010-06-17,sh.601318,45.67,45.89,44.86,45.04,16945756,769475462.0
2010-06-18,sh.601318,45.05,45.73,44.8,44.93,22998613,1040929333.0
2010-06-21,sh.601318,45.35,47.5,45.31,47.02,62914197,2941353196.0
2010-06-22,sh.601318,47.03,47.3,46.85,47.11,20767984,977327930.0
2010-06-23,sh.601318,46.87,47.37,46.15,46.76,21182052,988957503.0
2010-06-24,sh.601318,46.65,47.75,46.65,47.19,19365172,914646918.0
2010-06-25,sh.601318,46.9,47.92,46.55,47.51,18098599,858193868.0
2010-06-28,sh.601318,47.49,47.96,46.71,46.81,20353606,964185134.0
2010-09-02,sh.601318,48.0,49.37,47.4,48.61,92382931,4498031937.0
2010-09-03,sh.601318,48.8,49.1,48.05,48.87,39502770,1922321514.0
2010-09-06,sh.601318,49.51,51.3,49.4,51.06,44738379,2264538730.0
2010-09-07,sh.601318,51.1,51.12,49.98,50.79,28578934,1440108047.0
2010-09-08,sh.601318,50.55,50.55,49.56,49.91,26724043,1333713818.0
2010-09-09,sh.601318,49.99,50.02,48.23,48.49,22986434,1126863232.0
2010-09-10,sh.601318,48.65,49.35,48.48,49.06,17326076,847604366.0
2010-09-13,sh.601318,49.11,50.5,49.1,49.62,22164933,1106541988.0
2010-09-14,sh.601318,49.83,50.75,49.83,50.12,22882186,1152375394.0
2010-09-15,sh.601318,50.1,50.9,49.29,49.3,23935861,1202541915.0
2010-09-16,sh.601318,49.3,49.8,48.41,48.93,18035711,882336316.0
2010-09-17,sh.601318,49.2,49.29,48.44,48.76,13349975,649613622.0
2010-09-20,sh.601318,49.0,50.8,48.45,49.98,28273238,1405175232.0
2010-09-21,sh.601318,50.47,50.77,49.92,50.24,16710261,843371000.0
2010-09-27,sh.601318,50.22,51.58,50.1,51.51,28560429,1452196499.0
2010-09-28,sh.601318,51.34,51.75,50.7,51.01,17637264,901276787.0
2010-09-29,sh.601318,50.95,51.74,50.8,51.08,15696086,804872966.0
2010-09-30,sh.601318,50.8,53.5,50.63,52.89,38139584,2002691296.0
2010-10-08,sh.601318,52.5,55.51,52.5,55.16,45647427,2494059989.0
2010-10-11,sh.601318,55.7,59.47,55.7,58.2,70004374,4059817609.0
2010-10-12,sh.601318,57.88,58.8,57.56,58.51,34951681,2036211934.0
2010-10-13,sh.601318,58.45,59.55,58.2,59.3,38705718,2285876061.0
2010-10-14,sh.601318,62.0,63.1,60.7,60.8,70254226,4354684837.0
2010-10-15,sh.601318,60.5,63.0,60.32,62.7,60368908,3762361495.0
2010-10-18,sh.601318,62.7,64.2,60.0,60.49,59721754,3716974364.0
2010-10-19,sh.601318,60.35,62.88,60.31,62.63,34166510,2111048702.0
2010-10-20,sh.601318,62.63,67.2,62.6,66.98,93511187,6105907544.0
2010-10-21,sh.601318,66.99,66.99,65.07,65.67,40407297,2660063223.0
2010-10-22,sh.601318,65.3,66.5,64.41,64.99,30974922,2025961514.0
2010-10-25,sh.601318,64.97,67.2,63.5,66.83,38999352,2554247525.0
2010-10-26,sh.601318,66.6,66.6,63.5,64.02,54949172,3539792591.0
2010-10-27,sh.601318,63.0,63.78,60.99,61.28,60016574,3723672978.0
2010-10-28,sh.601318,60.3,61.38,60.0,60.81,44111196,2674745883.0
2010-10-29,sh.601318,60.81,61.0,59.53,59.92,36193034,2169903198.0
2010-11-02,sh.601318,62.06,62.11,60.26,60.49,53035231,3237673550.0
2010-11-03,sh.601318,60.3,61.6,58.85,60.44,41702393,2509020426.0
2010-11-04,sh.601318,60.58,62.28,60.45,61.45,32529152,2004135745.0
2010-11-05,sh.601318,62.5,63.1,61.92,62.49,31745404,1986586460.0
2010-11-08,sh.601318,62.5,62.55,61.07,61.64,31575608,1948900278.0
2010-11-09,sh.601318,61.66,61.66,60.0,60.16,33681504,2034534276.0
2010-11-10,sh.601318,59.95,61.05,59.09,61.0,34058343,2054687033.0
2010-11-11,sh.601318,61.38,63.76,60.64,62.49,54612125,3417606627.0
2010-11-12,sh.601318,62.31,64.2,60.13,60.74,60449285,3759229627.0
2010-11-15,sh.601318,60.1,60.68,58.0,59.43,42599967,2525269206.0
2010-11-16,sh.601318,59.2,59.2,55.8,56.65,41286105,2374218989.0
2010-11-17,sh.601318,55.57,58.25,55.32,56.91,49882366,2832767814.0
2010-11-18,sh.601318,57.86,58.05,56.32,57.65,30826573,1767075762.0
2010-11-19,sh.601318,58.15,58.23,55.52,57.71,36633474,2087955493.0
2010-11-22,sh.601318,57.51,59.5,57.4,58.37,35370133,2069311741.0
2010-11-23,sh.601318,57.61,57.8,55.82,56.26,30773162,1744352265.0
2010-11-24,sh.601318,56.44,58.69,56.44,58.29,33988667,1971102345.0
2010-11-25,sh.601318,58.22,59.0,57.36,58.49,24521136,1431165500.0
2010-11-26,sh.601318,58.11,58.19,56.83,57.17,21308208,1224229468.0
2010-11-29,sh.601318,57.01,58.2,57.0,57.75,17862843,1030556754.0
2010-11-30,sh.601318,57.5,58.09,55.7,56.69,25961901,1472657617.0
2010-12-01,sh.601318,56.4,56.69,55.8,56.0,14175262,796698753.0
2010-12-02,sh.601318,57.5,58.05,56.89,56.91,22266845,1282129654.0
2010-12-03,sh.601318,57.45,58.8,57.3,58.62,33693494,1966304531.0
2010-12-06,sh.601318,58.49,60.44,58.34,59.77,34157741,2033742091.0
2010-12-07,sh.601318,59.44,60.86,58.88,60.38,24612353,1472475440.0
2010-12-08,sh.601318,60.19,60.63,59.13,59.21,18289759,1094520707.0
2010-12-09,sh.601318,58.9,60.35,58.61,59.17,18081036,1073767938.0
2010-12-10,sh.601318,58.9,61.08,58.8,60.9,33182722,1998477961.0
2010-12-13,sh.601318,61.0,61.5,60.27,61.48,39067989,2378679886.0
2010-12-14,sh.601318,61.0,62.15,60.81,60.95,23033309,1414462365.0
2010-12-15,sh.601318,60.94,61.2,59.39,59.47,24819854,1490436740.0
2010-12-16,sh.601318,59.31,59.77,57.65,57.77,34337184,2008535520.0
2010-12-17,sh.601318,57.98,58.01,57.06,57.52,25878580,1486898959.0
2010-12-20,sh.601318,57.83,57.96,55.5,56.21,30422032,1717720575.0
2010-12-21,sh.601318,56.49,58.66,56.26,58.58,32782388,1884808481.0
2010-12-22,sh.601318,58.5,58.69,56.91,57.29,20495658,1186543277.0
2010-12-23,sh.601318,57.3,58.15,56.72,56.93,16497704,943569681.0
2010-12-24,sh.601318,56.66,57.7,56.21,56.99,18612858,1063026027.0
2010-12-27,sh.601318,58.6,58.98,55.5,55.77,31075708,1784328805.0
2010-12-28,sh.601318,55.7,56.57,55.0,55.11,21988615,1226590399.0
2010-12-29,sh.601318,55.31,55.57,54.8,55.53,12728114,702856126.0
2010-12-30,sh.601318,55.54,55.9,54.86,55.21,18121954,1002551647.0
2010-12-31,sh.601318,55.49,56.48,55.28,56.16,16476099,921857602.0
2011-01-04,sh.601318,56.85,57.6,56.5,56.91,24562682,1400499338.0
2011-01-05,sh.601318,56.59,56.8,54.8,54.86,42755425,2368305774.0
2011-01-06,sh.601318,54.94,54.94,51.45,52.59,94707865,4971851955.0
2011-01-07,sh.601318,52.97,54.25,51.8,53.01,65901387,3494756547.0
2011-01-10,sh.601318,52.9,53.9,51.9,52.03,28291936,1494174281.0
2011-01-11,sh.601318,51.84,52.55,51.7,52.12,25804733,1343674168.0
2011-01-12,sh.601318,52.27,53.2,52.0,52.99,22555926,1189009625.0
2011-01-13,sh.601318,53.22,53.44,52.55,52.98,19512049,1034239321.0
2011-01-14,sh.601318,52.71,52.92,51.8,51.98,15443985,806532104.0
2011-01-17,sh.601318,51.75,51.97,49.8,49.85,30856565,1561578586.0
2011-01-18,sh.601318,49.86,50.55,49.55,50.0,18054011,901698013.0
2011-01-19,sh.601318,50.0,50.78,49.81,50.68,17834176,896464529.0
2011-01-20,sh.601318,50.79,50.84,48.74,48.78,22174189,1106855829.0
2011-01-21,sh.601318,48.86,50.55,48.5,49.41,23804844,1176531357.0
2011-01-24,sh.601318,49.7,49.7,48.0,48.35,25275911,1226944337.0
2011-01-25,sh.601318,48.34,49.0,47.9,48.5,20078098,973316668.0
2011-01-26,sh.601318,48.59,49.36,48.55,48.93,14870662,727077978.0
2011-01-27,sh.601318,48.5,50.18,48.06,49.93,25809644,1278763037.0
2011-01-28,sh.601318,49.93,50.15,48.9,49.4,18170457,897234526.0
2011-01-31,sh.601318,49.33,49.9,48.95,49.7,17198006,851152074.0
2011-02-01,sh.601318,49.78,50.1,49.49,49.95,14034772,697707971.0
2011-02-09,sh.601318,49.8,50.75,49.45,49.9,21756436,1092232094.0
2011-02-10,sh.601318,49.8,50.66,49.36,50.57,24927476,1244606804.0
2011-02-11,sh.601318,50.2,50.4,49.75,49.97,42511528,2125527418.0
2011-02-14,sh.601318,50.0,52.5,49.96,52.29,54854958,2822049324.0
2011-02-15,sh.601318,52.19,52.5,51.6,51.64,33694088,1753103503.0
2011-02-16,sh.601318,51.5,51.86,51.0,51.49,27251076,1398832887.0
2011-02-17,sh.601318,51.51,51.9,51.0,51.26,25782513,1324705092.0
2011-02-18,sh.601318,51.1,51.58,50.77,51.18,24904558,1275690029.0
2011-02-21,sh.601318,50.98,51.65,50.68,51.56,21762436,1112791611.0
2011-02-22,sh.601318,51.6,51.69,49.21,49.24,50703755,2537769280.0
2011-02-23,sh.601318,49.03,49.36,48.63,48.93,28417672,1389602861.0
2011-02-24,sh.601318,48.9,49.0,48.21,48.87,27132171,1318826028.0
2011-02-25,sh.601318,48.88,49.88,48.6,49.22,25306961,1245919723.0
2011-02-28,sh.601318,49.28,49.85,48.78,49.76,25649577,1267223052.0
2011-03-01,sh.601318,49.79,50.73,49.7,50.25,28229964,1417131149.0
2011-03-02,sh.601318,49.85,50.51,49.62,50.11,22529205,1124773542.0
2011-03-03,sh.601318,50.37,52.1,50.34,50.72,65848944,3369414824.0
2011-03-04,sh.601318,50.96,52.25,50.75,52.13,48122902,2481548294.0
2011-03-07,sh.601318,52.61,53.71,52.49,53.5,54438880,2894907743.0
2011-03-08,sh.601318,53.4,53.8,52.61,53.17,30245234,1610827658.0
2011-03-09,sh.601318,53.5,54.01,52.97,53.42,26817186,1436572836.0
2011-03-10,sh.601318,53.2,53.2,51.56,51.64,43274276,2251457091.0
2011-03-11,sh.601318,51.3,51.61,50.56,50.86,30476000,1558931336.0
2011-03-15,sh.601318,51.0,51.15,48.51,49.45,55821626,2776165904.0
2011-03-16,sh.601318,49.94,50.59,49.8,50.15,23926928,1198791009.0
2011-03-17,sh.601318,49.65,49.65,48.6,48.77,39541984,1938948145.0
2011-03-18,sh.601318,49.15,49.55,48.99,49.03,21779052,1072152565.0
2011-03-21,sh.601318,49.2,49.78,49.08,49.2,17833595,880737788.0
2011-03-22,sh.601318,49.5,50.19,49.09,50.09,22923006,1141356097.0
2011-03-23,sh.601318,49.9,50.66,49.69,50.43,20263380,1017430945.0
2011-03-24,sh.601318,50.43,50.47,49.9,50.01,15778796,790142582.0
2011-03-25,sh.601318,50.14,51.09,49.92,50.51,28220786,1427721207.0
2011-03-28,sh.601318,50.7,51.26,50.0,50.07,31140245,1577431915.0
2011-03-29,sh.601318,50.09,50.78,49.34,49.86,35300579,1764101825.0
2011-03-30,sh.601318,50.0,50.49,49.71,49.99,19736523,989493843.0
2011-03-31,sh.601318,50.11,50.36,49.42,49.46,18746739,933591009.0
2011-04-01,sh.601318,49.6,51.26,49.53,51.23,30588542,1541263192.0
2011-04-06,sh.601318,51.84,53.44,51.71,53.23,77988659,4103732508.0
2011-04-07,sh.601318,53.45,53.46,52.64,53.0,31742215,1681947267.0
2011-04-08,sh.601318,52.9,53.41,52.55,52.9,22070124,1167683834.0
2011-04-11,sh.601318,53.0,53.31,51.83,51.88,33648837,1775014903.0
2011-04-12,sh.601318,51.7,52.22,51.4,51.98,25647287,1327063086.0
2011-04-13,sh.601318,51.66,53.6,51.59,53.51,34501395,1812102620.0
2011-04-14,sh.601318,53.37,54.1,53.01,53.17,42294920,2267672016.0
2011-04-15,sh.601318,53.11,54.33,52.88,54.18,37810606,2034348741.0
2011-04-18,sh.601318,53.96,55.48,53.78,54.89,51504579,2829349972.0
2011-04-19,sh.601318,54.38,54.48,52.78,52.8,34442761,1841998065.0
2011-04-20,sh.601318,53.15,53.38,52.27,52.62,21967270,1158416562.0
2011-04-21,sh.601318,53.27,53.58,52.87,52.96,17426110,926247498.0
2011-04-22,sh.601318,53.0,53.0,52.04,52.17,16789978,880622828.0
2011-04-25,sh.601318,52.17,52.17,51.25,51.68,20758672,1072991273.0
2011-04-26,sh.601318,51.48,52.11,51.38,51.57,19023963,982995525.0
2011-04-27,sh.601318,51.88,51.97,51.3,51.61,16760280,865222886.0
2011-04-28,sh.601318,52.0,53.02,52.0,52.12,37385147,1961251656.0
2011-04-29,sh.601318,51.95,52.39,50.9,52.23,22170626,1144894398.0
2011-05-03,sh.601318,52.0,52.68,51.41,52.57,19659181,1027976860.0
2011-05-04,sh.601318,52.0,52.19,50.6,50.79,30342864,1557728268.0
2011-05-05,sh.601318,50.68,50.8,49.94,50.31,22705575,1140945349.0
2011-05-06,sh.601318,49.78,50.51,49.67,50.08,17448296,873256910.0
2011-05-09,sh.601318,50.28,50.38,49.59,49.72,16247316,810857012.0
2011-05-10,sh.601318,49.74,50.33,49.74,50.21,10952009,547966892.0
2011-05-11,sh.601318,50.25,50.55,49.85,50.24,10582191,531970475.0
2011-05-12,sh.601318,49.78,50.15,49.2,49.21,15940475,792575496.0
2011-05-13,sh.601318,49.51,50.17,49.19,50.06,16461606,816278754.0
2011-05-16,sh.601318,50.0,50.16,49.23,49.27,17112700,849319195.0
2011-05-17,sh.601318,49.27,50.2,49.2,49.81,15967371,793326232.0
2011-05-18,sh.601318,49.74,50.6,49.53,50.11,19068139,956027106.0
2011-05-19,sh.601318,50.24,50.49,49.71,49.89,11486756,574185651.0
2011-05-20,sh.601318,49.81,50.19,49.8,49.98,9870388,493234065.0
2011-05-23,sh.601318,49.8,49.9,48.05,48.13,27534229,1341534279.0
2011-05-24,sh.601318,48.14,48.49,48.0,48.24,12146116,585692451.0
2011-05-25,sh.601318,48.13,48.13,47.75,47.79,13988790,669703068.0
2011-05-26,sh.601318,48.11,48.28,47.69,47.72,14572537,697884002.0
2011-05-27,sh.601318,47.72,48.41,47.7,47.97,15778318,757549340.0
2011-05-30,sh.601318,47.88,48.31,47.74,47.98,13305860,639592938.0
2011-05-31,sh.601318,48.02,48.79,47.88,48.71,14413313,696637997.0
2011-06-01,sh.601318,48.5,48.78,48.35,48.49,13498553,655567547.0
2011-06-02,sh.601318,48.0,48.19,46.83,47.26,21722655,1029299555.0
2011-06-03,sh.601318,47.28,47.79,47.1,47.68,13413214,636580906.0
2011-06-07,sh.601318,47.38,48.05,47.17,47.94,11055683,526357191.0
2011-06-08,sh.601318,47.9,47.9,47.21,47.62,11677931,553962267.0
2011-06-09,sh.601318,47.55,47.75,46.93,47.03,13935337,658333982.0
2011-06-10,sh.601318,47.22,47.47,46.9,47.43,11565451,545290728.0
2011-06-13,sh.601318,47.0,47.01,46.28,46.78,11461277,533662857.0
2011-06-14,sh.601318,46.73,47.37,46.5,47.08,13082288,616264122.0
2011-06-15,sh.601318,47.13,47.34,46.34,46.39,12700058,593268202.0
2011-06-17,sh.601318,45.89,46.09,45.07,45.12,22278519,1012345032.0
2011-06-20,sh.601318,45.17,45.29,43.96,44.36,20470190,909820728.0
2011-06-21,sh.601318,44.4,44.71,44.19,44.63,15097627,671342551.0
2011-06-22,sh.601318,44.8,45.33,44.73,44.91,15240250,685388896.0
2011-06-23,sh.601318,44.88,46.2,44.53,45.87,17306481,784718161.0
2011-06-24,sh.601318,45.79,47.9,45.75,47.69,37010276,1745360749.0
2011-06-27,sh.601318,47.5,48.29,47.32,47.49,13468282,643107249.0
2011-06-28,sh.601318,47.84,47.9,46.85,47.3,13322946,629352425.0
2011-06-29,sh.601318,47.48,47.65,46.68,46.73,14464443,683272911.0
2011-06-30,sh.601318,46.95,48.84,46.88,48.27,29800348,1434330263.0
2011-07-01,sh.601318,48.38,48.55,47.83,48.14,15378543,740400818.0
2011-07-04,sh.601318,48.44,49.35,48.44,49.17,21986307,1079421152.0
2011-07-05,sh.601318,49.1,49.33,48.4,48.7,16309223,795194706.0
2011-07-06,sh.601318,48.48,49.7,47.77,49.0,21670614,1047725570.0
2011-07-07,sh.601318,49.6,49.66,48.26,48.6,23048061,1126324875.0
2011-07-08,sh.601318,48.8,49.1,48.3,48.49,14141535,687300578.0
2011-07-11,sh.601318,48.15,48.15,47.53,47.94,14456302,691891461.0
2011-07-12,sh.601318,47.48,47.48,46.53,46.58,21661284,1016356042.0
2011-07-13,sh.601318,46.78,47.58,46.63,47.42,18334643,866342489.0
2011-07-14,sh.601318,47.42,47.71,47.11,47.38,14623135,692705631.0
2011-07-15,sh.601318,47.31,48.1,46.98,47.78,13608647,648143721.0
2011-07-18,sh.601318,47.89,48.14,47.26,47.45,13954314,663725250.0
2011-07-19,sh.601318,47.18,47.27,46.8,46.91,11710352,550558466.0
2011-07-20,sh.601318,47.35,47.47,46.86,47.11,14392419,678642220.0
2011-07-21,sh.601318,46.96,46.97,45.91,45.98,12564446,581318174.0
2011-07-22,sh.601318,46.26,46.84,46.03,46.39,12940788,600454892.0
2011-07-25,sh.601318,46.11,46.11,45.0,45.19,19289213,878714411.0
2011-07-26,sh.601318,45.19,45.69,45.11,45.6,9504721,432660875.0
2011-07-27,sh.601318,45.28,45.36,44.65,45.0,23101828,1038091213.0
2011-07-28,sh.601318,44.57,44.57,43.87,44.07,23426057,1033934131.0
2011-07-29,sh.601318,44.25,45.1,43.86,44.5,25417491,1129201860.0
2011-08-01,sh.601318,44.5,45.0,44.36,44.91,12919968,578054148.0
2011-08-02,sh.601318,44.37,44.4,43.9,44.37,10448316,461108180.0
2011-08-03,sh.601318,43.99,44.53,43.88,44.05,13551811,597705226.0
2011-08-04,sh.601318,44.23,44.56,44.0,44.03,12270806,542172737.0
2011-08-05,sh.601318,43.0,43.08,42.04,42.34,37255853,1588703740.0
2011-08-08,sh.601318,41.8,42.18,40.71,40.96,31936043,1320759014.0
2011-08-09,sh.601318,39.86,40.89,39.61,40.69,35845092,1443504086.0
2011-08-10,sh.601318,41.46,41.6,40.72,40.99,27234676,1122210974.0
2011-08-11,sh.601318,40.39,41.69,40.14,41.67,28510756,1171015559.0
2011-08-12,sh.601318,41.98,42.0,41.0,41.27,28036164,1159061752.0
2011-08-15,sh.601318,41.43,42.68,41.0,42.6,27843298,1166843919.0
2011-08-16,sh.601318,42.38,42.65,41.8,41.87,18800631,794229665.0
2011-08-18,sh.601318,42.38,42.5,41.06,41.25,19358041,809163928.0
2011-08-19,sh.601318,40.43,40.9,40.11,40.31,16468311,665548653.0
2011-08-22,sh.601318,40.45,40.85,40.0,40.42,12944407,521686786.0
2011-08-23,sh.601318,40.45,41.0,40.29,40.99,11525490,469445578.0
2011-08-24,sh.601318,41.24,41.33,40.49,40.61,13428977,548191080.0
2011-08-25,sh.601318,40.72,42.5,40.71,42.46,36226149,1519226646.0
2011-08-26,sh.601318,42.18,42.35,41.7,42.01,18579286,780558557.0
2011-08-29,sh.601318,41.4,41.4,40.68,41.07,18711959,767337832.0
2011-08-30,sh.601318,41.36,41.93,40.79,40.82,16528408,684287743.0
2011-08-31,sh.601318,40.73,40.8,40.38,40.73,18542297,751685532.0
2011-09-01,sh.601318,41.0,41.73,40.83,41.13,20310794,837405851.0
2011-09-02,sh.601318,40.97,41.48,40.44,41.12,12062886,492888359.0
2011-09-05,sh.601318,40.71,40.71,40.18,40.26,10805056,435817138.0
2011-09-06,sh.601318,40.3,40.3,39.71,39.94,14887047,595236721.0
2011-09-07,sh.601318,40.31,40.7,39.96,40.52,14466770,583739349.0
2011-09-08,sh.601318,40.65,40.66,40.0,40.02,10858414,437819519.0
2011-09-09,sh.601318,40.44,40.88,39.99,40.16,13309903,536379974.0
2011-09-13,sh.601318,39.35,39.79,39.26,39.48,13302368,524998299.0
2011-09-14,sh.601318,39.78,39.9,38.69,39.47,17758424,696986787.0
2011-09-15,sh.601318,39.58,39.85,39.26,39.3,11550396,457742497.0
2011-09-16,sh.601318,39.6,40.03,39.51,39.57,14229188,566076554.0
2011-09-19,sh.601318,39.24,39.3,38.75,38.8,11233292,437905903.0
2011-09-20,sh.601318,38.8,39.1,38.6,38.98,8086413,314189519.0
2011-09-21,sh.601318,39.07,40.47,38.9,40.13,21643439,864244711.0
2011-09-22,sh.601318,39.76,40.1,38.71,38.89,17943483,707874400.0
2011-09-23,sh.601318,38.4,38.52,37.2,38.01,29380194,1113522262.0
2011-09-26,sh.601318,37.49,37.9,34.24,34.37,68082545,2413100121.0
2011-09-27,sh.601318,35.0,35.28,34.73,35.0,35214435,1232211972.0
2011-09-28,sh.601318,35.38,35.57,34.55,34.68,18738150,658505936.0
2011-09-29,sh.601318,34.47,34.47,33.95,34.05,27714852,946404908.0
2011-09-30,sh.601318,34.26,34.28,33.39,33.57,30817888,1039951854.0
2011-10-10,sh.601318,33.81,34.18,33.77,33.9,19259462,653349174.0
2011-10-11,sh.601318,35.1,35.29,34.18,34.34,32397339,1129032292.0
2011-10-12,sh.601318,34.3,36.3,34.19,36.25,36633618,1301168648.0
2011-10-13,sh.601318,36.03,36.84,35.95,36.31,31315992,1142706232.0
2011-10-14,sh.601318,36.28,36.52,35.91,36.43,17248963,624849932.0
2011-10-17,sh.601318,36.66,37.58,36.55,37.17,23859130,887419362.0
2011-10-18,sh.601318,36.71,36.88,35.35,35.52,19986865,722649701.0
2011-10-19,sh.601318,35.72,36.39,35.36,35.59,20157124,721053180.0
2011-10-20,sh.601318,35.16,35.25,34.36,34.69,18447364,642057085.0
2011-10-21,sh.601318,35.0,35.45,34.81,35.0,16665427,585179436.0
2011-10-24,sh.601318,35.6,36.98,35.24,36.84,30905460,1120171202.0
2011-10-25,sh.601318,36.7,37.5,36.21,37.08,28721735,1061970003.0
2011-10-26,sh.601318,37.02,37.98,36.98,37.53,30587823,1149459532.0
2011-10-27,sh.601318,37.1,38.06,37.06,37.99,38117545,1432252369.0
2011-10-28,sh.601318,38.7,39.75,38.48,38.72,57929191,2267193036.0
2011-10-31,sh.601318,38.8,39.18,38.44,38.68,23974737,930186908.0
2011-11-01,sh.601318,38.23,40.18,38.09,39.22,38949415,1535663205.0
2011-11-02,sh.601318,38.6,40.16,38.4,40.08,33643349,1320501078.0
2011-11-03,sh.601318,40.16,41.3,40.16,40.38,42091135,1717410286.0
2011-11-04,sh.601318,40.92,41.2,40.37,40.39,30020499,1224249189.0
2011-11-07,sh.601318,40.14,40.4,39.7,39.78,18567021,742311536.0
2011-11-08,sh.601318,39.99,40.4,39.7,39.91,13042176,522176901.0
2011-11-09,sh.601318,40.2,40.79,39.79,40.54,21626883,870216549.0
2011-11-10,sh.601318,39.9,39.92,38.81,38.84,28520594,1120274001.0
2011-11-11,sh.601318,38.97,39.26,38.5,38.81,12352516,480824690.0
2011-11-14,sh.601318,39.36,40.07,39.36,39.95,18275593,727625475.0
2011-11-15,sh.601318,39.87,39.92,39.31,39.54,11620978,459848439.0
2011-11-16,sh.601318,39.38,39.59,37.48,37.73,31976324,1217798758.0
2011-11-17,sh.601318,37.8,37.93,37.0,37.24,23285834,869041751.0
2011-11-18,sh.601318,36.87,37.18,36.1,36.38,24610899,899809250.0
2011-11-21,sh.601318,36.44,36.66,35.95,36.62,16498998,599002711.0
2011-11-22,sh.601318,36.3,36.8,36.14,36.34,19462990,708753128.0
2011-11-23,sh.601318,36.39,36.48,35.4,35.6,17378119,621658054.0
2011-11-24,sh.601318,35.3,36.55,35.21,36.14,18387222,659478734.0
2011-11-25,sh.601318,35.97,36.18,35.58,35.74,9397116,336686214.0
2011-11-28,sh.601318,35.99,36.45,35.87,36.04,12611971,455603261.0
2011-11-29,sh.601318,36.52,36.72,36.11,36.67,18001881,656216078.0
2011-11-30,sh.601318,36.46,36.55,35.15,35.26,17593556,628748399.0
2011-12-01,sh.601318,37.1,38.25,36.77,37.18,53149947,1982210775.0
2011-12-02,sh.601318,36.9,37.18,36.6,37.07,20276150,748966443.0
2011-12-05,sh.601318,37.48,37.88,36.87,37.09,21129571,789823985.0
2011-12-06,sh.601318,37.1,37.39,36.51,36.82,14565221,538068552.0
2011-12-07,sh.601318,37.0,37.95,36.88,37.92,22204582,834760373.0
2011-12-08,sh.601318,37.61,38.38,37.22,37.99,20514222,777229208.0
2011-12-09,sh.601318,37.6,38.19,37.5,37.97,13306033,503597113.0
2011-12-12,sh.601318,37.99,38.1,37.36,37.51,12328400,465722015.0
2011-12-13,sh.601318,36.99,37.2,35.67,36.02,27795222,1008888021.0
2011-12-14,sh.601318,36.0,36.2,35.7,36.01,13423375,483441453.0
2011-12-15,sh.601318,35.71,36.08,35.0,35.22,19460261,691626975.0
2011-12-16,sh.601318,35.2,36.38,35.18,35.95,16144199,575893374.0
2011-12-19,sh.601318,35.6,36.22,34.89,36.13,18221099,647362188.0
2011-12-20,sh.601318,35.85,36.7,35.78,36.32,13182719,479690861.0
2011-12-21,sh.601318,36.0,36.75,34.35,34.43,33339738,1185825546.0
2011-12-22,sh.601318,34.39,34.7,33.7,33.99,26017539,885704477.0
2011-12-23,sh.601318,33.99,34.45,33.46,33.99,21790275,739791255.0
2011-12-26,sh.601318,33.73,34.26,33.47,33.57,16220119,547735139.0
2011-12-27,sh.601318,33.55,34.55,33.47,33.78,12919271,438174390.0
2011-12-28,sh.601318,33.6,34.2,33.45,34.12,13599062,461081989.0
2011-12-29,sh.601318,34.02,34.3,33.7,33.95,10586431,360330531.0
2011-12-30,sh.601318,34.1,34.66,34.04,34.44,14645458,503771923.0
2012-01-04,sh.601318,34.89,35.0,33.81,33.9,14572200,502236997.0
2012-01-05,sh.601318,33.55,34.6,33.52,33.93,18167125,617600641.0
2012-01-06,sh.601318,33.86,34.2,33.61,33.85,17081699,578494656.0
2012-01-09,sh.601318,33.9,34.75,33.35,34.73,33151929,1130256516.0
2012-01-10,sh.601318,34.8,36.39,34.75,36.29,38512060,1375248786.0
2012-01-11,sh.601318,36.2,36.45,35.65,35.83,26509268,952882458.0
2012-01-12,sh.601318,35.79,37.0,35.65,36.37,22828235,833020382.0
2012-01-13,sh.601318,36.38,36.72,35.6,36.03,18864500,682191938.0
2012-01-16,sh.601318,35.9,36.4,35.58,35.59,13912955,500463861.0
2012-01-17,sh.601318,35.78,37.92,35.45,37.82,31229327,1147221756.0
2012-01-18,sh.601318,37.7,38.5,37.28,37.45,22522858,852434651.0
2012-01-19,sh.601318,37.51,38.65,37.51,38.51,35622560,1365518922.0
2012-01-20,sh.601318,38.77,39.47,38.56,39.1,39808633,1554842791.0
2012-01-30,sh.601318,39.11,39.3,38.45,38.6,22008497,853106693.0
2012-01-31,sh.601318,38.6,39.1,37.8,38.34,24194358,933657077.0
2012-02-01,sh.601318,38.23,38.64,37.12,37.41,27020936,1023052594.0
2012-02-02,sh.601318,37.65,39.7,37.64,39.64,44039330,1700932067.0
2012-02-03,sh.601318,39.6,40.64,39.35,40.15,44132249,1768196167.0
2012-02-06,sh.601318,40.23,40.35,39.24,39.62,22420984,892917027.0
2012-02-07,sh.601318,39.32,39.54,38.5,38.91,26302343,1024186651.0
2012-02-09,sh.601318,40.09,40.55,39.7,39.88,40975379,1640170589.0
2012-02-10,sh.601318,39.8,40.72,39.72,40.09,26111435,1053202388.0
2012-02-13,sh.601318,39.54,40.85,39.45,40.28,20511706,824582159.0
2012-02-14,sh.601318,40.25,40.25,39.19,39.58,23522951,933046503.0
2012-02-15,sh.601318,39.45,40.6,39.45,40.24,24226180,974863896.0
2012-02-16,sh.601318,40.18,40.2,39.41,39.68,17299494,688168125.0
2012-02-17,sh.601318,40.19,40.32,39.45,39.75,17386493,693177977.0
2012-02-20,sh.601318,40.3,40.89,40.03,40.09,31441493,1272813446.0
2012-02-21,sh.601318,40.14,40.74,39.7,40.69,22839360,917769424.0
2012-02-22,sh.601318,40.57,41.33,40.2,41.09,24066055,981869377.0
2012-02-23,sh.601318,40.99,41.49,40.81,41.01,18668277,767904992.0
2012-02-24,sh.601318,41.01,41.7,40.74,41.68,25736637,1062374627.0
2012-02-27,sh.601318,41.83,42.2,41.43,41.51,28320795,1189327444.0
2012-02-28,sh.601318,41.58,41.99,41.32,41.71,20016240,833680243.0
2012-02-29,sh.601318,41.57,41.6,40.63,40.82,25646237,1049765237.0
2012-03-01,sh.601318,40.7,41.1,40.48,40.55,17749917,723342446.0
2012-03-02,sh.601318,40.67,41.29,40.67,41.25,21238550,870860573.0
2012-03-05,sh.601318,41.3,41.45,40.06,40.1,35513935,1441936110.0
2012-03-06,sh.601318,40.07,40.1,39.23,39.44,40162666,1586289306.0
2012-03-07,sh.601318,39.1,39.69,39.03,39.14,21650016,851585765.0
2012-03-08,sh.601318,39.33,40.36,39.33,39.91,26888795,1073978278.0
2012-03-09,sh.601318,40.23,40.28,39.66,40.07,13775886,550616241.0
2012-03-12,sh.601318,40.06,40.06,39.1,39.78,24101661,952032317.0
2012-03-13,sh.601318,39.73,40.66,39.73,40.65,22512938,908771028.0
2012-03-14,sh.601318,41.0,41.14,39.6,39.75,32263850,1300735128.0
2012-03-15,sh.601318,39.65,40.19,39.51,39.54,19604482,781101237.0
2012-03-16,sh.601318,39.64,39.89,38.8,39.54,22582074,885832232.0
2012-03-19,sh.601318,39.36,39.36,38.7,39.01,25274406,984345806.0
2012-03-20,sh.601318,38.9,39.35,38.7,38.76,19862597,775517849.0
2012-03-21,sh.601318,39.1,39.25,38.45,38.93,17609077,685491666.0
2012-03-22,sh.601318,39.01,39.21,38.51,38.95,13686538,531861832.0
2012-03-23,sh.601318,38.78,38.78,38.19,38.42,15964835,612291221.0
2012-03-26,sh.601318,38.32,38.51,37.96,38.26,10879273,415824921.0
2012-03-27,sh.601318,38.6,38.69,38.01,38.32,19096733,731417735.0
2012-03-28,sh.601318,38.17,38.23,37.26,37.38,22797022,858593636.0
2012-03-29,sh.601318,37.11,37.3,36.1,36.24,24979153,914966080.0
2012-03-30,sh.601318,36.48,36.64,36.13,36.58,19483204,709942488.0
2012-04-05,sh.601318,36.58,38.0,36.14,37.76,28878271,1076687188.0
2012-04-06,sh.601318,37.75,38.34,37.58,38.08,19232997,729717209.0
2012-04-09,sh.601318,37.78,38.1,37.45,37.65,8465889,319807630.0
2012-04-10,sh.601318,37.52,38.12,36.95,38.07,12756779,477657130.0
2012-04-11,sh.601318,37.57,38.25,37.5,37.9,14888632,564269434.0
2012-04-12,sh.601318,37.94,39.18,37.72,39.07,25236208,973939702.0
2012-04-13,sh.601318,39.22,40.05,39.2,39.75,34289452,1364083088.0
2012-04-16,sh.601318,39.51,39.8,39.2,39.48,10234169,404083835.0
2012-04-17,sh.601318,39.45,39.64,38.85,38.88,11996398,469252637.0
2012-04-18,sh.601318,39.12,40.07,38.98,39.99,21891067,869351209.0
2012-04-19,sh.601318,39.92,41.5,39.81,41.01,56905543,2331285875.0
2012-04-20,sh.601318,40.9,41.5,40.82,41.37,35207546,1453313665.0
2012-04-23,sh.601318,41.35,41.83,40.48,40.63,27937810,1151790267.0
2012-04-24,sh.601318,40.41,41.8,40.2,40.79,42020021,1721290950.0
2012-04-25,sh.601318,40.7,41.29,40.44,40.8,22478933,920170673.0
2012-04-26,sh.601318,40.99,41.6,40.97,41.19,22400438,924361680.0
2012-04-27,sh.601318,41.2,41.5,40.5,40.71,23419533,960478859.0
2012-05-02,sh.601318,41.74,42.46,41.44,42.17,36365345,1527200535.0
2012-05-03,sh.601318,42.19,43.22,42.1,43.08,31863352,1364940644.0
2012-05-04,sh.601318,43.0,43.35,42.61,43.08,26819798,1153548700.0
2012-05-07,sh.601318,42.6,42.85,41.7,41.99,33230747,1400553446.0
2012-05-08,sh.601318,42.18,42.29,41.39,41.59,29373266,1225945909.0
2012-05-09,sh.601318,41.25,41.66,41.12,41.45,25938000,1075514907.0
2012-05-10,sh.601318,41.4,41.67,41.3,41.37,18233400,756210745.0
2012-05-11,sh.601318,41.35,41.84,40.9,41.18,17724017,732366216.0
2012-05-14,sh.601318,41.51,41.87,40.22,40.79,23924826,978054314.0
2012-05-15,sh.601318,41.0,42.2,41.0,42.19,47031366,1967590079.0
2012-05-16,sh.601318,42.0,42.07,41.13,41.21,22180652,923956724.0
2012-05-17,sh.601318,41.36,42.5,41.26,42.4,29544634,1239888655.0
2012-05-18,sh.601318,41.97,41.97,41.0,41.41,26236638,1088505776.0
2012-05-21,sh.601318,41.21,42.06,41.21,41.62,15580665,648974927.0
2012-05-22,sh.601318,41.78,42.6,41.7,42.57,30048374,1267586285.0
2012-05-23,sh.601318,42.4,42.5,41.8,42.21,23472616,991154903.0
2012-05-24,sh.601318,42.01,42.67,41.86,42.04,12527403,528260838.0
2012-05-25,sh.601318,42.02,42.29,40.4,40.65,22603948,932505815.0
2012-05-28,sh.601318,40.57,41.2,40.18,41.07,21509396,875621561.0
2012-05-29,sh.601318,41.09,42.6,40.8,42.22,26023879,1089682968.0
2012-05-30,sh.601318,42.22,42.57,42.02,42.25,18402378,778974803.0
2012-05-31,sh.601318,42.09,42.13,41.68,41.89,17014739,713140321.0
2012-06-01,sh.601318,41.9,42.49,41.88,42.17,14294861,604801038.0
2012-06-04,sh.601318,41.7,41.93,40.7,40.81,36666779,1509715039.0
2012-06-05,sh.601318,40.95,41.25,40.54,40.67,21314677,869045913.0
2012-06-06,sh.601318,40.89,41.36,40.83,41.0,15565706,640395778.0
2012-06-07,sh.601318,41.5,42.16,40.9,41.08,15063533,625981312.0
2012-06-08,sh.601318,41.8,41.85,40.95,41.1,26656238,1102711234.0
2012-06-11,sh.601318,41.42,42.35,41.25,42.33,19408352,814977370.0
2012-06-12,sh.601318,42.07,42.65,42.05,42.5,19819572,839561020.0
2012-06-13,sh.601318,42.52,45.46,42.52,45.28,54293614,2409654611.0
2012-06-14,sh.601318,45.31,45.72,44.94,45.13,34891006,1583032816.0
2012-06-15,sh.601318,45.25,46.63,45.25,46.06,39323991,1812596739.0
2012-06-18,sh.601318,46.48,46.7,45.62,46.12,20114887,928630635.0
2012-06-19,sh.601318,46.0,46.6,45.85,45.96,20279128,938135164.0
2012-06-20,sh.601318,46.0,46.54,45.95,46.04,13891949,641604885.0
2012-06-21,sh.601318,45.76,45.76,44.26,44.77,27521340,1234013462.0
2012-06-25,sh.601318,44.45,44.59,43.47,43.54,18909716,831236799.0
2012-06-26,sh.601318,43.49,44.45,43.28,43.97,21178917,932215348.0
2012-06-28,sh.601318,44.0,45.1,44.0,44.65,25344470,1134927218.0
2012-06-29,sh.601318,44.52,46.43,44.5,45.74,33290737,1521515776.0
2012-07-02,sh.601318,46.1,46.16,45.32,46.1,18592981,851036871.0
2012-07-03,sh.601318,46.1,46.8,45.46,45.62,24308709,1122983251.0
2012-07-04,sh.601318,45.71,45.93,44.9,45.15,11049155,499825405.0
2012-07-05,sh.601318,44.85,45.8,44.63,45.35,14864410,668744298.0
2012-07-06,sh.601318,45.75,46.5,45.15,46.24,33038165,1517030324.0
2012-07-09,sh.601318,45.99,46.85,45.41,45.6,20836703,962394301.0
2012-07-10,sh.601318,45.6,46.35,45.09,45.52,16102497,735694463.0
2012-07-11,sh.601318,45.2,45.8,44.98,45.71,14338755,650864276.0
2012-07-12,sh.601318,45.6,45.6,44.34,45.01,35104116,1577292031.0
2012-07-13,sh.601318,44.54,45.6,44.54,45.0,14877338,672160609.0
2012-07-16,sh.601318,44.99,44.99,43.45,43.57,20856297,915123963.0
2012-07-17,sh.601318,43.5,44.4,43.28,44.29,20801361,912292976.0
2012-07-18,sh.601318,44.42,44.85,43.3,44.3,16654212,734187777.0
2012-07-19,sh.601318,44.15,46.5,44.01,45.94,35300976,1615761269.0
2012-07-20,sh.601318,45.8,46.03,45.41,45.97,18708427,855906518.0
2012-07-23,sh.601318,45.36,45.36,44.5,44.79,17286797,776087256.0
2012-07-24,sh.601318,44.44,45.4,44.44,44.93,15740904,707539023.0
2012-07-25,sh.601318,44.51,45.38,44.5,44.7,11238948,505485167.0
2012-07-26,sh.601318,44.8,45.68,44.5,44.7,16492337,742538462.0
2012-07-27,sh.601318,45.05,45.18,43.5,44.49,24719249,1092836704.0
2012-07-30,sh.601318,44.41,44.88,43.51,43.61,15935878,700249541.0
2012-07-31,sh.601318,43.61,45.12,43.5,44.24,20982901,934470070.0
2012-08-01,sh.601318,44.41,45.38,44.31,45.21,15461745,697046677.0
2012-08-02,sh.601318,45.1,45.38,44.4,44.84,14692688,659389572.0
2012-08-03,sh.601318,44.84,44.94,43.4,44.05,22989002,1007850527.0
2012-08-06,sh.601318,44.01,44.67,43.93,44.6,14631067,648599981.0
2012-08-07,sh.601318,44.5,44.58,43.7,43.92,18069267,794908672.0
2012-08-08,sh.601318,43.96,44.43,43.76,44.37,12718645,561573789.0
2012-08-09,sh.601318,44.05,44.69,43.85,44.66,14239012,630526607.0
2012-08-10,sh.601318,44.5,45.27,44.5,44.84,13709996,616938583.0
2012-08-13,sh.601318,44.79,44.8,41.65,41.92,41444705,1780966720.0
2012-08-14,sh.601318,41.92,42.1,40.92,41.6,24576229,1016208128.0
2012-08-15,sh.601318,41.6,41.95,41.4,41.53,11192188,466583510.0
2012-08-16,sh.601318,41.5,41.8,41.25,41.52,8490582,353044801.0
2012-08-17,sh.601318,41.45,41.7,41.0,41.62,14250208,588279241.0
2012-08-20,sh.601318,41.1,41.4,40.4,41.14,12715913,518433947.0
2012-08-21,sh.601318,41.2,41.81,40.82,41.06,14839704,612357737.0
2012-08-22,sh.601318,41.08,41.4,40.44,40.89,14641364,595758471.0
2012-08-23,sh.601318,40.9,41.22,40.61,41.03,14452394,592813418.0
2012-08-24,sh.601318,41.15,41.34,40.73,40.87,11878532,486505159.0
2012-08-27,sh.601318,40.84,40.98,38.84,38.87,24556684,971097972.0
2012-08-28,sh.601318,38.87,39.49,38.65,38.88,12779813,498281528.0
2012-08-29,sh.601318,38.7,38.82,38.27,38.43,10750322,414494394.0
2012-08-30,sh.601318,37.9,39.55,37.9,39.13,22526211,879957044.0
2012-08-31,sh.601318,39.01,39.8,38.75,38.85,12995661,509109684.0
2012-09-03,sh.601318,38.53,40.14,38.52,39.85,19167647,761965764.0
2012-09-04,sh.601318,40.0,40.08,39.26,39.43,10036469,398083040.0
2012-09-05,sh.601318,39.33,39.88,39.13,39.25,12155513,478991340.0
2012-09-06,sh.601318,39.48,40.1,39.39,39.82,9615674,381699358.0
2012-09-07,sh.601318,40.4,42.58,40.4,42.05,40205115,1671411842.0
2012-09-10,sh.601318,42.1,42.36,41.6,41.97,16195315,680194673.0
2012-09-11,sh.601318,41.78,41.78,40.93,41.22,13995333,577353425.0
2012-09-12,sh.601318,41.7,42.1,40.95,41.22,13384306,554101290.0
2012-09-13,sh.601318,41.22,41.35,40.8,40.83,13544421,556022063.0
2012-09-14,sh.601318,41.33,41.86,40.8,41.03,19983968,826302886.0
2012-09-17,sh.601318,40.8,41.33,40.0,40.03,15817025,641410224.0
2012-09-18,sh.601318,39.75,40.37,39.31,40.03,11393317,454682163.0
2012-09-19,sh.601318,40.01,40.48,39.9,40.38,10492991,421523899.0
2012-09-20,sh.601318,40.35,40.35,39.77,39.81,18721784,748104236.0
2012-09-21,sh.601318,39.67,40.02,39.3,39.58,10509783,416442280.0
2012-09-24,sh.601318,39.32,40.41,39.03,40.26,10467018,418219576.0
2012-09-25,sh.601318,40.2,41.22,40.2,40.63,13825132,563952723.0
2012-09-26,sh.601318,40.35,40.79,40.23,40.35,10248266,414546093.0
2012-09-27,sh.601318,40.48,42.23,40.48,41.64,25407016,1052444793.0
2012-09-28,sh.601318,41.25,42.06,41.1,41.94,22546049,943154563.0
2012-10-08,sh.601318,42.06,42.77,41.35,41.45,12027629,504857105.0
2012-10-09,sh.601318,41.7,42.65,41.7,42.35,17567486,744670982.0
2012-10-10,sh.601318,42.2,42.4,42.0,42.2,8483187,358373315.0
2012-10-11,sh.601318,42.0,42.0,41.44,41.64,9508178,396414529.0
2012-10-12,sh.601318,41.98,42.49,41.37,41.51,11623820,485963066.0
2012-10-15,sh.601318,41.79,42.3,41.46,41.72,7305898,305704465.0
2012-10-16,sh.601318,41.72,42.24,41.54,41.76,9364400,392888934.0
2012-10-17,sh.601318,42.0,42.0,41.0,41.54,13076530,542950865.0
2012-10-18,sh.601318,41.5,41.97,41.01,41.79,17518535,725676930.0
2012-10-19,sh.601318,41.65,42.0,41.65,42.0,9161206,383862918.0
2012-10-22,sh.601318,41.8,42.27,41.73,42.22,10904098,459292820.0
2012-10-23,sh.601318,42.37,42.48,41.61,41.76,9835520,412484950.0
2012-10-24,sh.601318,41.64,42.02,41.48,41.68,8912570,372150236.0
2012-10-25,sh.601318,41.65,41.9,40.77,40.84,12843360,529876705.0
2012-10-26,sh.601318,40.86,41.05,39.45,39.74,14748204,589547514.0
2012-10-29,sh.601318,39.58,39.68,37.6,38.06,34008844,1310110765.0
2012-10-30,sh.601318,38.2,38.96,38.2,38.48,21917167,847663569.0
2012-10-31,sh.601318,38.76,38.94,38.4,38.8,10140528,392339834.0
2012-11-01,sh.601318,38.8,39.8,38.6,39.33,39884199,1561850926.0
2012-11-02,sh.601318,39.03,39.36,38.63,39.05,28174428,1097483238.0
2012-11-05,sh.601318,39.0,39.15,38.29,38.76,26609362,1027489602.0
2012-11-06,sh.601318,38.75,39.24,38.32,39.14,21302246,826047113.0
2012-11-07,sh.601318,39.14,39.14,38.71,38.92,13419600,522278932.0
2012-11-08,sh.601318,38.6,39.03,38.53,38.61,16749294,648981156.0
2012-11-09,sh.601318,38.55,38.76,38.43,38.61,8162360,314720118.0
2012-11-12,sh.601318,38.63,38.74,37.88,38.2,17485156,667309197.0
2012-11-13,sh.601318,38.21,38.21,37.5,37.58,12771795,481633895.0
2012-11-14,sh.601318,37.65,38.05,37.51,37.83,11549374,437176627.0
2012-11-15,sh.601318,37.7,38.28,37.55,37.77,19779809,749813686.0
2012-11-16,sh.601318,37.7,37.81,36.73,37.09,16040754,595121917.0
2012-11-19,sh.601318,36.93,37.04,34.6,36.49,39350411,1410529885.0
2012-11-20,sh.601318,36.28,36.29,35.1,35.33,28155042,1000884503.0
2012-11-21,sh.601318,35.3,36.5,35.3,36.44,17475636,627328832.0
2012-11-22,sh.601318,36.27,36.55,36.01,36.5,11062312,400940093.0
2012-11-23,sh.601318,36.57,37.84,36.45,37.12,17513428,652016995.0
2012-11-26,sh.601318,37.04,37.23,36.8,37.0,9098975,337023692.0
2012-11-27,sh.601318,36.93,37.15,36.15,36.23,13345263,488331060.0
2012-11-28,sh.601318,36.13,36.17,35.6,35.82,11952384,428744070.0
2012-11-29,sh.601318,35.71,36.1,35.55,35.68,11271531,404014375.0
2012-11-30,sh.601318,35.57,36.89,35.57,36.48,13137846,477398967.0
2012-12-03,sh.601318,36.4,37.7,36.32,36.63,21681916,804512926.0
2012-12-04,sh.601318,36.71,37.67,36.71,37.39,23192468,865541778.0
2012-12-05,sh.601318,37.35,39.16,37.35,38.92,37833366,1460588250.0
2012-12-06,sh.601318,38.87,39.33,38.6,38.9,20883709,813257082.0
2012-12-07,sh.601318,38.78,39.47,38.43,39.31,28115181,1101491558.0
2012-12-10,sh.601318,39.5,40.38,39.5,39.99,31565980,1259664988.0
2012-12-11,sh.601318,39.89,40.18,39.65,39.8,21425859,854600165.0
2012-12-12,sh.601318,39.81,40.1,39.44,39.88,17711023,704544642.0
2012-12-13,sh.601318,39.78,39.78,38.75,38.86,23370652,918412335.0
2012-12-14,sh.601318,38.99,42.2,38.99,41.96,54804940,2252954479.0
2012-12-17,sh.601318,41.96,43.0,41.88,42.51,37027297,1570591678.0
2012-12-18,sh.601318,42.4,43.22,41.91,42.18,29215574,1240044408.0
2012-12-19,sh.601318,42.05,42.5,41.5,41.77,22721518,954376024.0
2012-12-20,sh.601318,41.65,42.5,41.5,42.26,17918215,753309745.0
2012-12-21,sh.601318,42.42,43.35,42.1,42.39,21640282,922664530.0
2012-12-24,sh.601318,41.31,42.28,41.11,42.12,30131331,1260087780.0
2012-12-25,sh.601318,41.78,43.62,41.71,43.0,45171417,1938747155.0
2012-12-26,sh.601318,43.01,43.89,42.91,43.46,25546284,1110470602.0
2012-12-27,sh.601318,43.74,44.0,43.05,43.23,18872597,817959179.0
2012-12-28,sh.601318,43.49,44.05,42.91,43.81,23385669,1018806453.0
2012-12-31,sh.601318,44.0,45.85,44.0,45.29,32981463,1491927959.0
2013-01-04,sh.601318,46.71,49.81,46.4,47.11,58713483,2794285589.0
2013-01-07,sh.601318,47.11,47.58,46.58,47.22,28328430,1335455736.0
2013-01-08,sh.601318,47.14,47.31,45.11,45.46,47143884,2159078541.0
2013-01-09,sh.601318,45.05,45.35,44.44,45.07,40820846,1833110551.0
2013-01-10,sh.601318,45.16,45.88,44.81,44.99,27237272,1233105315.0
2013-01-11,sh.601318,45.08,45.34,44.22,44.43,22861665,1024592045.0
2013-01-14,sh.601318,44.45,47.01,44.29,46.87,38876230,1779354469.0
2013-01-15,sh.601318,46.89,47.95,46.72,46.98,42006866,1986075044.0
2013-01-16,sh.601318,46.85,46.85,45.0,45.95,28925857,1325087546.0
2013-01-17,sh.601318,45.78,45.92,44.8,45.08,24705458,1117013789.0
2013-01-18,sh.601318,45.36,46.88,44.94,46.45,25987554,1194583893.0
2013-01-21,sh.601318,46.3,46.45,45.3,45.77,23426222,1072127125.0
2013-01-22,sh.601318,45.78,47.38,45.53,46.22,40469331,1888244409.0
2013-01-23,sh.601318,46.2,46.93,45.91,46.44,23513514,1089687855.0
2013-01-24,sh.601318,46.61,47.98,46.27,46.54,45815323,2159807626.0
2013-01-25,sh.601318,46.56,46.9,45.01,45.59,26519070,1216359821.0
2013-01-28,sh.601318,45.4,47.15,45.3,46.66,47375908,2197146304.0
2013-01-29,sh.601318,47.1,47.66,45.81,46.72,40676264,1905912377.0
2013-01-30,sh.601318,47.32,48.59,46.96,47.58,55516988,2660551859.0
2013-01-31,sh.601318,47.78,48.5,47.24,48.22,54176028,2601389509.0
2013-02-01,sh.601318,48.01,51.08,47.6,50.77,110589937,5485863059.0
2013-02-04,sh.601318,52.29,53.27,51.0,51.49,94964472,4943605455.0
2013-02-05,sh.601318,50.7,51.5,49.84,50.65,42794570,2167432497.0
2013-02-06,sh.601318,50.91,53.25,50.9,52.78,48598849,2555428242.0
2013-02-07,sh.601318,52.41,53.08,51.28,52.48,47137467,2460549223.0
2013-02-08,sh.601318,52.38,52.77,50.94,51.89,30815640,1599329753.0
2013-02-18,sh.601318,52.05,52.25,49.36,49.54,42748753,2149762947.0
2013-02-19,sh.601318,49.55,49.74,47.99,48.78,45534906,2209322027.0
2013-02-20,sh.601318,48.7,48.97,48.03,48.78,26191653,1268412120.0
2013-02-21,sh.601318,48.03,48.1,45.88,46.74,53822724,2518578155.0
2013-02-22,sh.601318,46.5,46.7,45.8,45.96,20476539,946281304.0
2013-02-25,sh.601318,46.28,47.03,45.3,45.81,22512603,1033440799.0
2013-02-26,sh.601318,45.33,46.33,44.85,44.97,42680097,1942069450.0
2013-02-27,sh.601318,45.25,46.0,45.0,45.2,31344636,1424719052.0
2013-02-28,sh.601318,45.75,47.09,45.2,47.07,52286076,2426699019.0
2013-03-01,sh.601318,47.07,47.15,45.1,45.95,47742744,2197137935.0
2013-03-04,sh.601318,45.0,45.2,42.1,42.68,80587240,3487465176.0
2013-03-05,sh.601318,42.95,44.1,42.37,43.95,48319082,2088374527.0
2013-03-06,sh.601318,44.3,44.66,43.91,44.52,46295749,2052847082.0
2013-03-07,sh.601318,44.0,44.19,42.95,43.61,32442239,1416654048.0
2013-03-08,sh.601318,43.83,44.46,43.39,43.92,29024344,1272216171.0
2013-03-11,sh.601318,43.72,44.15,43.08,43.2,35494948,1547103046.0
2013-03-12,sh.601318,43.11,43.87,42.8,43.25,45213154,1955580998.0
2013-03-13,sh.601318,43.2,43.35,42.44,42.63,29128217,1248979577.0
2013-03-14,sh.601318,42.77,43.02,42.33,42.78,22549023,961661490.0
2013-03-15,sh.601318,42.01,43.8,41.56,41.92,42304753,1799505043.0
2013-03-18,sh.601318,41.5,41.92,40.58,40.63,36168766,1485986432.0
2013-03-19,sh.601318,40.67,41.63,40.67,41.59,22498867,926758784.0
2013-03-20,sh.601318,41.55,43.26,41.54,43.09,37051930,1585396096.0
2013-03-21,sh.601318,43.09,43.67,42.92,43.16,23363984,1010336128.0
2013-03-22,sh.601318,43.2,43.68,42.93,43.11,21663552,936558528.0
2013-03-25,sh.601318,43.53,43.79,42.51,42.84,19585073,844404352.0
2013-03-26,sh.601318,42.65,42.94,41.99,42.0,37432000,1585416832.0
2013-03-27,sh.601318,42.2,42.75,42.06,42.13,26231433,1113100032.0
2013-03-28,sh.601318,41.1,41.15,40.0,41.05,37070087,1515292032.0
2013-03-29,sh.601318,41.08,42.09,40.55,41.77,18215469,746665728.0
2013-04-01,sh.601318,41.27,41.54,40.88,40.99,25089494,1030421056.0
2013-04-02,sh.601318,40.77,41.45,40.26,40.53,26957786,1100214784.0
2013-04-03,sh.601318,40.6,41.36,40.5,40.76,20246771,827290112.0
2013-04-08,sh.601318,40.0,40.25,39.28,40.0,46340966,1843481472.0
2013-04-09,sh.601318,40.15,41.34,40.14,41.14,45543116,1858032384.0
2013-04-10,sh.601318,41.1,41.67,40.83,41.18,37672668,1558442240.0
2013-04-11,sh.601318,41.35,41.98,41.05,41.23,16864634,701093952.0
2013-04-12,sh.601318,41.2,41.54,41.0,41.15,11529113,475648864.0
2013-04-15,sh.601318,41.05,41.44,40.39,40.51,16532950,674594048.0
2013-04-16,sh.601318,40.01,41.54,39.93,41.53,25035017,1024555200.0
2013-04-17,sh.601318,41.55,41.97,41.3,41.81,39149547,1635908736.0
2013-04-18,sh.601318,41.5,42.32,41.35,42.26,30663629,1286138368.0
2013-04-19,sh.601318,42.3,43.1,42.3,42.9,56854870,2432912640.0
2013-04-22,sh.601318,42.4,42.54,41.85,41.95,31786381,1342350976.0
2013-04-23,sh.601318,42.11,42.15,39.86,39.92,36657677,1482881792.0
2013-04-24,sh.601318,40.05,41.15,39.9,40.38,33627614,1359322880.0
2013-04-25,sh.601318,40.39,40.8,39.73,40.14,22794997,914544384.0
2013-04-26,sh.601318,40.25,40.41,39.76,39.81,18863711,753781248.0
2013-05-02,sh.601318,40.0,40.55,39.91,40.03,20910266,840357568.0
2013-05-03,sh.601318,40.3,41.45,40.2,41.09,32882502,1348970496.0
2013-05-06,sh.601318,41.45,41.99,41.1,41.53,27369226,1137589120.0
2013-05-07,sh.601318,41.4,41.73,41.15,41.32,19021849,787990144.0
2013-05-08,sh.601318,41.63,42.2,41.48,41.68,24775242,1034719744.0
2013-05-09,sh.601318,41.79,41.83,40.91,41.11,20997851,865838336.0
2013-05-10,sh.601318,40.86,41.42,40.79,41.1,19522736,802355904.0
2013-05-13,sh.601318,40.85,41.08,40.0,40.19,25170479,1017121024.0
2013-05-14,sh.601318,40.0,40.0,38.75,39.04,47111923,1846386048.0
2013-05-15,sh.601318,39.13,39.27,38.35,38.69,32587356,1259083264.0
2013-05-16,sh.601318,38.66,40.0,38.42,39.86,30963956,1221551488.0
2013-05-17,sh.601318,39.88,40.66,39.72,40.45,33990636,1365271936.0
2013-05-20,sh.601318,40.39,41.34,40.27,40.86,32404166,1323470336.0
2013-05-21,sh.601318,40.9,41.13,40.21,40.55,24493908,995129088.0
2013-05-22,sh.601318,40.55,40.99,40.3,40.59,16396047,666845376.0
2013-05-23,sh.601318,40.5,40.5,39.47,39.48,31888053,1270369664.0
2013-05-24,sh.601318,39.79,40.0,39.1,39.59,22211836,877411392.0
2013-05-27,sh.601318,39.51,39.94,39.32,39.47,17261047,683649216.0
2013-05-28,sh.601318,39.5,40.8,39.35,40.72,34407106,1379016576.0
2013-05-29,sh.601318,40.86,41.06,40.17,40.24,33040795,1342168064.0
2013-05-30,sh.601318,40.09,40.45,39.78,39.98,24605238,986420416.0
2013-05-31,sh.601318,40.1,40.33,39.57,39.61,18514341,739504128.0
2013-06-03,sh.601318,39.64,40.1,39.49,39.63,21033662,834589120.0
2013-06-04,sh.601318,39.64,39.65,38.96,39.14,21193864,830327040.0
2013-06-05,sh.601318,39.16,39.27,38.88,39.09,13036943,508968448.0
2013-06-06,sh.601318,38.97,39.05,38.53,38.63,17561769,680622784.0
2013-06-07,sh.601318,38.63,38.82,37.75,37.8,23726804,906185472.0
2013-06-13,sh.601318,37.29,37.29,36.3,36.49,69556313,2562483712.0
2013-06-14,sh.601318,36.86,36.99,36.59,36.86,36941849,1361277312.0
2013-06-17,sh.601318,37.2,37.85,36.88,37.58,31914826,1192731520.0
2013-06-18,sh.601318,37.56,38.25,37.51,38.18,39695453,1506128768.0
2013-06-19,sh.601318,38.03,38.03,37.56,37.72,39116502,1476570752.0
2013-06-20,sh.601318,37.6,37.6,36.28,36.38,29369460,1081139840.0
2013-06-21,sh.601318,35.9,37.49,35.65,37.11,34347751,1258891904.0
2013-06-24,sh.601318,36.6,36.65,34.47,34.5,47483705,1671782400.0
2013-06-25,sh.601318,34.38,34.84,32.5,34.62,51536951,1738755072.0
2013-06-26,sh.601318,34.63,34.7,33.31,34.52,37116892,1254200320.0
2013-06-27,sh.601318,34.3,34.78,33.65,34.39,33313687,1139695232.0
2013-06-28,sh.601318,34.0,35.49,33.82,34.76,26405625,914313600.0
2013-07-01,sh.601318,34.4,34.62,33.51,34.5,22136553,754669952.0
2013-07-02,sh.601318,34.38,34.5,33.7,34.42,26967307,918626624.0
2013-07-03,sh.601318,34.15,34.15,33.5,34.01,24214777,818103488.0
2013-07-04,sh.601318,33.66,34.33,33.4,34.23,30184604,1026072256.0
2013-07-05,sh.601318,34.28,34.6,34.02,34.51,29034272,996044672.0
2013-07-08,sh.601318,34.0,34.09,33.5,33.97,25654448,866577152.0
2013-07-09,sh.601318,33.81,33.95,33.6,33.74,11750489,396751488.0
2013-07-10,sh.601318,33.63,34.36,33.08,34.34,38907868,1312675200.0
2013-07-11,sh.601318,34.4,37.31,34.28,36.24,71012116,2540619008.0
2013-07-12,sh.601318,36.16,36.16,35.0,35.01,40838187,1453146880.0
2013-07-15,sh.601318,35.3,36.25,34.88,35.24,33752657,1198658304.0
2013-07-16,sh.601318,35.1,35.29,34.62,35.01,22238579,776350784.0
2013-07-17,sh.601318,35.05,35.25,34.34,34.38,24350861,847230720.0
2013-07-18,sh.601318,34.06,34.29,33.5,33.53,25507755,859679040.0
2013-07-19,sh.601318,33.54,33.98,32.67,33.39,40416334,1342264832.0
2013-07-22,sh.601318,32.93,33.5,32.73,33.39,30121053,993681152.0
2013-07-23,sh.601318,33.4,34.25,33.16,33.81,37166598,1256995584.0
2013-07-24,sh.601318,33.5,33.66,32.68,32.97,37807870,1248824704.0
2013-07-25,sh.601318,33.1,33.32,32.65,32.69,32049761,1054219136.0
2013-07-26,sh.601318,32.5,32.71,32.04,32.6,37655592,1217043200.0
2013-07-29,sh.601318,32.22,32.44,31.69,32.08,38287450,1226199168.0
2013-07-30,sh.601318,31.95,32.67,31.9,32.13,35770771,1154109312.0
2013-07-31,sh.601318,32.3,32.65,31.98,32.08,27732879,894872128.0
2013-08-01,sh.601318,32.17,32.79,32.11,32.66,31279122,1016547328.0
2013-08-02,sh.601318,32.88,33.04,32.3,32.32,25865357,843921024.0
2013-08-05,sh.601318,32.44,33.0,32.23,32.99,29746186,970679040.0
2013-08-06,sh.601318,32.97,33.26,32.5,33.0,32981243,1084263424.0
2013-08-07,sh.601318,32.88,33.33,32.7,32.79,30375664,1003169024.0
2013-08-08,sh.601318,32.75,33.37,32.59,32.91,20401251,672838528.0
2013-08-09,sh.601318,33.15,33.25,32.68,33.02,17799931,586681728.0
2013-08-12,sh.601318,33.24,34.54,33.1,34.51,50822107,1724531968.0
2013-08-13,sh.601318,34.75,35.12,34.45,34.83,38360758,1337022592.0
2013-08-14,sh.601318,34.75,35.57,34.71,34.88,36919160,1299436672.0
2013-08-15,sh.601318,34.72,35.34,34.6,34.65,23147992,809020288.0
2013-08-16,sh.601318,34.5,36.44,33.9,34.39,65188888,2293604864.0
2013-08-19,sh.601318,34.05,34.68,33.66,34.54,35295982,1205377792.0
2013-08-20,sh.601318,34.31,35.12,34.0,34.2,29167495,1007540544.0
2013-08-21,sh.601318,34.25,34.66,33.87,34.25,17938691,614730048.0
2013-08-22,sh.601318,34.14,34.74,34.1,34.11,19826932,681739136.0
2013-08-23,sh.601318,34.46,34.5,33.4,33.78,25212293,855945600.0
2013-08-26,sh.601318,33.96,34.61,33.61,34.46,25913879,886728320.0
2013-08-27,sh.601318,34.45,34.46,34.07,34.31,19473252,667766080.0
2013-08-28,sh.601318,33.98,34.07,33.52,33.69,28238756,953353792.0
2013-08-29,sh.601318,33.92,34.09,33.55,33.77,17236378,581781760.0
2013-08-30,sh.601318,34.1,35.53,34.05,34.86,58628339,2048316800.0
2013-09-02,sh.601318,35.0,35.66,35.0,35.16,47681490,1683714048.0
2013-09-03,sh.601318,35.38,36.21,35.34,36.08,49621837,1781200384.0
2013-09-04,sh.601318,36.08,36.1,35.61,35.73,27804130,996799872.0
2013-09-05,sh.601318,35.8,36.06,35.6,35.75,22316883,799020736.0
2013-09-06,sh.601318,35.6,36.02,35.47,35.77,26352713,941919232.0
2013-09-09,sh.601318,35.81,37.99,35.81,37.61,93337527,3471564544.0
2013-09-10,sh.601318,37.8,38.23,37.48,38.16,48363464,1829668096.0
2013-09-11,sh.601318,38.65,39.8,38.08,38.1,68142576,2651649664.0
2013-09-12,sh.601318,38.0,39.5,37.52,38.64,73927591,2843784400.0
2013-09-13,sh.601318,38.36,38.78,37.53,37.6,49504275,1880734864.0
2013-09-16,sh.601318,38.05,38.26,37.3,37.94,38072124,1437206784.0
2013-09-17,sh.601318,37.9,39.11,37.6,37.78,56553179,2171413520.0
2013-09-18,sh.601318,37.7,38.17,37.59,37.69,27910578,1054772032.0
2013-09-23,sh.601318,37.94,38.51,37.88,38.19,29077997,1109720864.0
2013-09-24,sh.601318,38.0,38.1,36.5,36.91,44321492,1648410448.0
2013-09-25,sh.601318,36.81,37.19,36.49,36.71,22242313,817021712.0
2013-09-26,sh.601318,36.5,36.5,35.49,35.6,35854494,1284634224.0
2013-09-27,sh.601318,35.61,35.98,35.58,35.81,20885096,746720096.0
2013-09-30,sh.601318,35.94,36.15,35.55,35.7,19554519,700921328.0
2013-10-08,sh.601318,35.41,36.1,35.27,35.91,28517699,1019089328.0
2013-10-09,sh.601318,35.75,36.31,35.5,36.18,28220390,1015845264.0
2013-10-10,sh.601318,36.3,36.32,35.36,35.56,27721252,991499584.0
2013-10-11,sh.601318,35.85,36.41,35.69,36.4,38754486,1401284528.0
2013-10-14,sh.601318,36.45,37.43,36.09,36.91,48790391,1795003168.0
2013-10-15,sh.601318,37.0,37.1,36.61,36.85,25621188,943602496.0
2013-10-16,sh.601318,36.82,36.82,35.6,35.86,29400191,1058521152.0
2013-10-17,sh.601318,36.14,36.22,35.56,35.58,16201322,580860800.0
2013-10-18,sh.601318,35.63,36.09,35.53,35.71,20325378,727460016.0
2013-10-21,sh.601318,35.7,36.22,35.3,36.12,28549475,1021574704.0
2013-10-22,sh.601318,36.0,36.06,35.48,35.64,25813737,920862320.0
2013-10-23,sh.601318,35.74,36.29,35.49,35.61,30836229,1106668272.0
2013-10-24,sh.601318,35.56,35.56,34.95,34.99,26711460,938648496.0
2013-10-25,sh.601318,35.15,35.44,34.79,35.26,30346280,1065980928.0
2013-10-28,sh.601318,35.89,35.99,35.35,35.6,22399263,797965600.0
2013-10-29,sh.601318,35.75,37.14,35.61,36.76,61957078,2263004400.0
2013-10-30,sh.601318,36.79,37.47,36.6,37.39,42079010,1563245072.0
2013-10-31,sh.601318,37.28,37.33,36.75,36.82,31939815,1182592384.0
2013-11-01,sh.601318,36.82,37.99,36.82,37.56,38348980,1439537376.0
2013-11-04,sh.601318,37.7,37.94,37.01,37.13,22381317,835595264.0
2013-11-05,sh.601318,36.99,36.99,36.06,36.74,27848661,1015809312.0
2013-11-06,sh.601318,36.52,36.99,36.45,36.61,17959522,658581712.0
2013-11-07,sh.601318,36.79,36.97,36.3,36.55,20998197,768318432.0
2013-11-08,sh.601318,36.23,36.69,36.06,36.08,25455374,924112656.0
2013-11-11,sh.601318,36.0,36.45,35.95,36.25,27608129,998063792.0
2013-11-12,sh.601318,36.51,37.48,36.51,37.37,46965638,1744029456.0
2013-11-13,sh.601318,36.9,37.1,36.2,36.27,38116068,1393636832.0
2013-11-14,sh.601318,36.41,36.99,36.37,36.74,32088832,1178420976.0
2013-11-15,sh.601318,36.78,38.44,36.78,38.18,82168829,3117019136.0
2013-11-18,sh.601318,38.89,41.4,38.45,41.14,149287230,5945323776.0
2013-11-19,sh.601318,41.1,41.88,40.6,40.78,96120599,3967969344.0
2013-11-20,sh.601318,41.19,41.37,40.4,41.0,77864487,3182879504.0
2013-11-21,sh.601318,40.79,40.84,39.5,40.01,79850117,3199031328.0
2013-11-22,sh.601318,40.11,40.41,39.55,40.08,73294760,2930366912.0
2013-11-25,sh.601318,40.0,41.84,39.68,40.41,63382597,2579498880.0
2013-11-26,sh.601318,40.6,40.9,40.16,40.55,32191470,1307139504.0
2013-11-27,sh.601318,40.55,41.98,40.32,41.44,55493978,2291154080.0
2013-11-28,sh.601318,41.59,42.38,41.45,41.49,50612479,2128670384.0
2013-11-29,sh.601318,41.6,41.8,41.2,41.56,32164552,1335674800.0
2013-12-02,sh.601318,41.43,43.3,41.43,42.89,80272294,3420510784.0
2013-12-03,sh.601318,42.6,43.35,41.91,42.99,54610731,2328808048.0
2013-12-04,sh.601318,42.83,44.66,42.73,44.25,62873503,2765999152.0
2013-12-05,sh.601318,44.21,44.5,43.88,44.02,42504856,1878393904.0
2013-12-06,sh.601318,44.12,44.5,42.44,42.91,65192123,2816558816.0
2013-12-09,sh.601318,43.6,43.91,42.5,42.91,66335057,2859269920.0
2013-12-10,sh.601318,42.98,43.5,42.86,43.19,36897009,1591880336.0
2013-12-11,sh.601318,42.82,42.82,41.47,41.73,46015292,1929705392.0
2013-12-12,sh.601318,41.49,41.96,41.0,41.52,35011851,1451964176.0
2013-12-13,sh.601318,41.0,42.37,40.76,42.28,38910335,1618480928.0
2013-12-16,sh.601318,42.18,42.68,41.75,42.02,38338456,1617612640.0
2013-12-17,sh.601318,42.02,42.22,41.16,41.99,24724238,1032062896.0
2013-12-18,sh.601318,41.76,42.2,41.65,41.81,21377088,895880000.0
2013-12-19,sh.601318,42.2,42.4,40.85,40.9,31293934,1295231328.0
2013-12-20,sh.601318,40.81,41.22,38.61,38.97,54131235,2154867600.0
2013-12-23,sh.601318,39.15,39.92,38.74,39.52,22804222,899402848.0
2013-12-24,sh.601318,39.74,40.4,39.53,39.87,24547274,980978832.0
2013-12-25,sh.601318,39.88,40.33,39.5,40.1,14544582,580728160.0
2013-12-26,sh.601318,39.91,40.01,39.4,39.58,17026031,675525136.0
2013-12-27,sh.601318,39.8,41.2,39.6,40.84,33922647,1380285440.0
2013-12-30,sh.601318,41.22,41.5,40.79,40.81,24809419,1020986960.0
2013-12-31,sh.601318,40.7,41.86,40.6,41.73,35053103,1450633136.0
2014-01-02,sh.601318,41.59,41.6,40.66,41.3,22814639,936823024.0
2014-01-03,sh.601318,40.7,40.9,40.08,40.29,26082114,1053912864.0
2014-01-06,sh.601318,40.18,40.97,38.9,40.29,48383924,1909951312.0
2014-01-07,sh.601318,39.63,40.29,39.63,40.09,21964072,878371296.0
2014-01-08,sh.601318,40.19,40.88,39.87,40.63,27507270,1113444992.0
2014-01-09,sh.601318,40.5,40.89,39.7,39.97,26908520,1084249936.0
2014-01-10,sh.601318,39.96,40.15,39.48,39.57,19439362,773447936.0
2014-01-13,sh.601318,39.73,40.12,38.98,39.45,24769163,976761040.0
2014-01-14,sh.601318,39.5,40.22,39.06,39.99,21516184,855605632.0
2014-01-15,sh.601318,39.93,40.03,39.3,39.72,14635820,580176624.0
2014-01-16,sh.601318,39.76,41.65,39.67,41.22,53423828,2190339856.0
2014-01-17,sh.601318,41.03,41.27,40.5,40.86,29841967,1217140864.0
2014-01-20,sh.601318,40.6,41.3,40.52,40.72,20240573,827661968.0
2014-01-21,sh.601318,40.8,41.92,40.8,41.35,26650072,1103429408.0
2014-01-22,sh.601318,41.31,42.14,41.16,41.81,33532100,1400458688.0
2014-01-23,sh.601318,41.6,41.76,40.8,41.0,31827839,1310444832.0
2014-01-24,sh.601318,40.62,41.39,40.5,40.53,30177383,1232077664.0
2014-01-27,sh.601318,39.98,39.98,38.68,39.0,59556355,2329906416.0
2014-01-28,sh.601318,39.1,39.33,38.78,39.16,27296320,1066160800.0
2014-01-29,sh.601318,39.3,39.39,39.03,39.28,19039590,746311872.0
2014-01-30,sh.601318,39.0,39.16,38.63,39.14,27163894,1057973616.0
2014-02-07,sh.601318,38.61,38.63,37.9,38.21,38035843,1447592000.0
2014-02-10,sh.601318,38.33,39.18,38.32,39.07,41508771,1613659152.0
2014-02-11,sh.601318,38.98,40.0,38.71,39.56,42499441,1677228848.0
2014-02-12,sh.601318,39.7,39.84,39.03,39.22,24802434,975862928.0
2014-02-13,sh.601318,39.25,39.47,38.5,38.95,31810434,1238136656.0
2014-02-14,sh.601318,38.9,39.3,38.88,39.07,18375937,718232400.0
2014-02-17,sh.601318,39.6,39.78,39.08,39.5,27639261,1089687200.0
2014-02-18,sh.601318,39.38,39.39,38.6,38.69,32972842,1280423312.0
2014-02-19,sh.601318,38.67,39.42,38.42,39.11,33636796,1307398832.0
2014-02-20,sh.601318,39.23,39.64,38.5,38.58,29219559,1140525088.0
2014-02-21,sh.601318,38.6,39.06,38.37,39.03,29967111,1159437744.0
2014-02-24,sh.601318,38.51,39.0,38.12,38.84,44350517,1708814944.0
2014-02-25,sh.601318,38.7,38.77,37.35,37.64,50761162,1925348928.0
2014-02-26,sh.601318,37.36,37.7,37.24,37.5,27174924,1016538192.0
2014-02-27,sh.601318,37.68,38.29,37.23,38.0,35110133,1324255600.0
2014-02-28,sh.601318,37.9,38.55,37.8,38.5,33231360,1270226000.0
2014-03-03,sh.601318,38.27,38.35,37.71,37.98,29593584,1123111376.0
2014-03-04,sh.601318,37.92,38.39,37.54,37.97,22592582,859059264.0
2014-03-05,sh.601318,38.15,38.15,37.52,37.66,22937355,867715008.0
2014-03-06,sh.601318,37.5,38.15,37.05,37.85,25618731,963086832.0
2014-03-07,sh.601318,37.57,38.09,37.3,37.54,18944504,713812320.0
2014-03-10,sh.601318,37.08,37.08,36.08,36.18,27685448,1009906848.0
2014-03-11,sh.601318,36.03,36.48,35.98,36.2,18049893,652383904.0
2014-03-12,sh.601318,36.1,36.67,36.1,36.34,18881278,687002048.0
2014-03-13,sh.601318,36.52,37.11,36.33,36.74,20498438,753703232.0
2014-03-14,sh.601318,36.6,36.98,36.51,36.68,21875818,803724912.0
2014-03-17,sh.601318,36.94,37.1,36.62,36.84,26004887,958046352.0
2014-03-18,sh.601318,36.88,36.88,36.33,36.35,14119110,516547504.0
2014-03-19,sh.601318,36.22,36.36,35.51,36.0,19862872,711971216.0
2014-03-20,sh.601318,36.0,36.95,35.71,36.09,35190864,1283729920.0
2014-03-21,sh.601318,35.91,37.7,35.9,37.5,50812459,1878615584.0
2014-03-24,sh.601318,37.6,37.95,37.35,37.75,41137054,1551185760.0
2014-03-25,sh.601318,37.56,37.88,37.05,37.15,24377964,913280544.0
2014-03-26,sh.601318,37.33,37.57,37.05,37.18,22982324,856257728.0
2014-03-27,sh.601318,37.12,37.44,36.66,37.18,28592227,1059418928.0
2014-03-28,sh.601318,37.0,37.5,36.95,37.37,20789504,773606432.0
2014-03-31,sh.601318,37.49,37.77,37.28,37.56,21641112,812676176.0
2014-04-01,sh.601318,37.55,38.23,37.45,37.7,33534094,1267899264.0
2014-04-02,sh.601318,37.77,38.52,37.61,38.49,42833089,1631778304.0
2014-04-03,sh.601318,38.69,39.43,38.54,38.56,41720369,1628826816.0
2014-04-04,sh.601318,38.31,39.0,38.2,38.92,19091180,741151312.0
2014-04-08,sh.601318,38.8,40.15,38.75,39.89,53444753,2117590048.0
2014-04-09,sh.601318,39.89,39.99,39.27,39.47,35712913,1415512928.0
2014-04-10,sh.601318,39.5,43.19,39.11,42.28,133202646,5515285248.0
2014-04-11,sh.601318,42.3,42.33,40.95,41.21,90286788,3745722400.0
2014-04-14,sh.601318,41.19,41.45,40.52,40.81,35163660,1433729808.0
2014-04-15,sh.601318,40.58,40.7,39.9,40.07,33616802,1348010912.0
2014-04-16,sh.601318,39.99,40.48,39.82,40.19,19363197,777138352.0
2014-04-17,sh.601318,40.34,40.45,39.56,39.6,18433703,733348224.0
2014-04-18,sh.601318,39.38,39.83,39.07,39.57,16338794,643972896.0
2014-04-21,sh.601318,39.25,39.8,38.82,38.91,19617364,771596208.0
2014-04-22,sh.601318,38.89,39.3,38.65,39.26,18544772,722371056.0
2014-04-23,sh.601318,39.1,39.48,38.87,38.97,17409579,680513344.0
2014-04-24,sh.601318,38.99,39.64,38.9,39.52,36549745,1436533840.0
2014-04-25,sh.601318,39.45,39.58,38.93,39.01,17276781,676973952.0
2014-04-28,sh.601318,38.81,39.17,38.01,38.09,20237332,777744320.0
2014-04-29,sh.601318,38.51,39.36,38.51,39.09,20273434,789071792.0
2014-04-30,sh.601318,39.35,39.36,38.98,39.14,12971739,507872176.0
2014-05-05,sh.601318,38.98,39.43,38.78,39.2,29412977,1149093824.0
2014-05-06,sh.601318,39.05,39.79,39.02,39.53,18569982,731941200.0
2014-05-07,sh.601318,39.28,39.63,39.14,39.36,28101954,1108399360.0
2014-05-08,sh.601318,39.3,40.33,39.16,39.35,20032076,795427920.0
2014-05-09,sh.601318,39.5,39.57,39.13,39.26,11124732,437882592.0
2014-05-12,sh.601318,39.62,40.29,39.51,40.05,28014632,1121069344.0
2014-05-13,sh.601318,40.08,40.4,39.74,39.92,15196804,608601728.0
2014-05-14,sh.601318,39.98,40.25,39.8,39.87,15819949,633411120.0
2014-05-15,sh.601318,39.95,40.06,39.51,39.63,13550441,538856032.0
2014-05-16,sh.601318,39.7,39.72,39.0,39.53,13909764,548452128.0
2014-05-19,sh.601318,39.5,39.53,38.52,38.71,24629075,954027824.0
2014-05-20,sh.601318,38.97,39.07,38.66,38.78,16032390,621977488.0
2014-05-21,sh.601318,38.68,39.24,38.48,39.17,16850039,655273888.0
2014-05-22,sh.601318,39.17,39.73,39.11,39.13,18508738,728941168.0
2014-05-23,sh.601318,39.13,39.4,39.13,39.39,17945656,704306656.0
2014-05-26,sh.601318,39.58,39.77,39.0,39.26,15560554,612038640.0
2014-05-27,sh.601318,39.2,39.48,39.1,39.27,21858314,859641088.0
2014-05-28,sh.601318,39.25,39.9,39.08,39.83,25471164,1004351408.0
2014-05-29,sh.601318,39.91,40.39,39.51,39.98,26923361,1079497584.0
2014-05-30,sh.601318,40.09,40.13,39.71,39.88,18096197,721990704.0
2014-06-03,sh.601318,39.96,40.29,39.89,39.9,26767632,1071015184.0
2014-06-04,sh.601318,39.85,39.85,39.08,39.32,24646289,969574928.0
2014-06-05,sh.601318,39.25,39.89,39.18,39.79,34013648,1342415984.0
2014-06-06,sh.601318,39.78,39.85,39.23,39.46,21208431,837134448.0
2014-06-09,sh.601318,39.26,40.03,39.25,39.7,26749435,1064090768.0
2014-06-10,sh.601318,39.75,40.48,39.75,40.45,43108056,1733954688.0
2014-06-11,sh.601318,40.25,40.38,39.85,40.13,30271711,1211594896.0
2014-06-12,sh.601318,40.08,40.31,39.88,39.97,38069331,1522006592.0
2014-06-13,sh.601318,39.99,41.0,39.9,40.83,47046525,1911536016.0
2014-06-16,sh.601318,40.8,41.15,40.66,40.9,38705030,1583979120.0
2014-06-17,sh.601318,40.84,40.85,40.14,40.38,30148903,1219885008.0
2014-06-18,sh.601318,40.45,40.6,40.17,40.25,20414012,823747360.0
2014-06-19,sh.601318,40.4,40.46,39.72,39.81,24324428,974346336.0
2014-06-20,sh.601318,39.92,40.13,39.73,40.03,15285591,609779136.0
2014-06-23,sh.601318,40.0,40.44,39.61,39.68,22536379,901579712.0
2014-06-24,sh.601318,39.68,39.83,39.31,39.74,24928188,988451072.0
2014-06-25,sh.601318,39.75,39.75,39.25,39.42,17659030,696759664.0
2014-06-26,sh.601318,39.49,39.72,39.43,39.7,13430540,531507392.0
2014-06-27,sh.601318,39.29,39.29,38.74,38.87,23819712,926940480.0
2014-06-30,sh.601318,38.91,39.54,38.9,39.34,16822250,661385696.0
2014-07-01,sh.601318,39.51,39.65,39.11,39.28,15530862,610969568.0
2014-07-02,sh.601318,39.31,39.62,39.2,39.44,17981084,708289152.0
2014-07-03,sh.601318,39.49,39.75,39.37,39.55,18707826,740119808.0
2014-07-04,sh.601318,39.55,40.12,39.55,39.88,20575018,821672096.0
2014-07-07,sh.601318,39.88,40.21,39.72,40.04,16422342,657129344.0
2014-07-08,sh.601318,39.98,40.1,39.83,40.08,12198725,487939120.0
2014-07-09,sh.601318,40.01,40.46,39.7,39.71,24142308,966101088.0
2014-07-10,sh.601318,39.88,39.99,39.22,39.4,27753843,1096040768.0
2014-07-11,sh.601318,39.58,39.68,39.3,39.41,12646057,499353360.0
2014-07-14,sh.601318,39.43,39.99,39.42,39.96,15303296,608817312.0
2014-07-15,sh.601318,39.96,40.25,39.74,39.93,23321034,931300400.0
2014-07-16,sh.601318,39.92,40.3,39.59,39.72,20639700,822271632.0
2014-07-17,sh.601318,39.7,39.95,39.59,39.91,18779557,748084992.0
2014-07-18,sh.601318,39.75,40.2,39.55,39.81,23755075,947994480.0
2014-07-21,sh.601318,39.84,40.15,39.75,39.86,19222459,767665760.0
2014-07-22,sh.601318,39.65,40.44,39.65,40.22,43894965,1763678928.0
2014-07-23,sh.601318,40.2,41.42,40.2,41.08,55736739,2287062368.0
2014-07-24,sh.601318,41.17,42.47,41.17,42.19,68085810,2862822832.0
2014-07-25,sh.601318,42.3,42.75,42.13,42.44,35466240,1503282160.0
2014-07-28,sh.601318,42.75,44.09,42.72,43.83,83604167,3646279840.0
2014-07-29,sh.601318,43.7,44.16,43.35,43.93,36931643,1614937872.0
2014-07-30,sh.601318,43.7,44.31,43.5,43.92,56664079,2493688368.0
2014-07-31,sh.601318,43.97,44.7,43.38,44.62,45192287,1991991232.0
2014-08-01,sh.601318,44.56,44.88,43.7,43.72,42690771,1893369216.0
2014-08-04,sh.601318,43.9,45.14,43.57,45.1,49773564,2211098816.0
2014-08-05,sh.601318,45.01,45.1,44.1,44.48,36817528,1639555216.0
2014-08-06,sh.601318,44.18,44.18,43.24,43.67,42484647,1853697616.0
2014-08-07,sh.601318,43.75,43.8,42.89,42.99,40058392,1730474352.0
2014-08-08,sh.601318,43.14,43.26,42.61,42.82,37242705,1596601008.0
2014-08-11,sh.601318,43.0,43.76,42.93,43.55,45379355,1967603072.0
2014-08-12,sh.601318,43.43,43.44,42.72,42.99,35304849,1517989520.0
2014-08-13,sh.601318,43.0,43.8,42.85,43.75,46458143,2009058640.0
2014-08-14,sh.601318,44.0,44.18,43.05,43.15,44197412,1929774576.0
2014-08-15,sh.601318,43.25,44.05,43.09,43.85,40257857,1756666112.0
2014-08-18,sh.601318,43.9,44.12,43.5,43.7,31568537,1381429808.0
2014-08-19,sh.601318,43.8,43.9,42.97,43.37,35149897,1525429664.0
2014-08-20,sh.601318,43.19,43.27,42.74,42.91,42636081,1833440672.0
2014-08-21,sh.601318,42.91,43.14,42.1,42.53,37008019,1575156192.0
2014-08-22,sh.601318,42.51,42.9,42.48,42.85,32519567,1389450112.0
2014-08-25,sh.601318,42.79,42.85,42.19,42.25,25279533,1072734624.0
2014-08-26,sh.601318,42.23,42.57,42.06,42.38,20610847,873976816.0
2014-08-27,sh.601318,42.54,42.63,42.3,42.42,17167140,728996192.0
2014-08-28,sh.601318,42.46,42.63,42.06,42.1,18853436,798339376.0
2014-08-29,sh.601318,42.36,42.56,42.11,42.5,20221619,857811200.0
2014-09-01,sh.601318,42.6,42.8,42.45,42.63,25952292,1106389904.0
2014-09-02,sh.601318,42.75,43.02,42.36,43.0,39233656,1675495200.0
2014-09-03,sh.601318,43.05,43.6,43.04,43.4,45658958,1981781712.0
2014-09-04,sh.601318,43.51,44.05,43.36,43.98,46722757,2040962304.0
2014-09-05,sh.601318,44.13,44.57,43.75,44.14,43423932,1915977664.0
2014-09-09,sh.601318,44.08,44.45,43.54,43.62,32123487,1411217536.0
2014-09-10,sh.601318,43.35,43.35,42.9,43.16,28717132,1238482816.0
2014-09-11,sh.601318,43.09,43.75,42.8,43.02,38506325,1662807200.0
2014-09-12,sh.601318,42.7,42.91,42.53,42.88,23142777,988507728.0
2014-09-15,sh.601318,42.55,42.61,42.05,42.26,46011169,1943557936.0
2014-09-16,sh.601318,42.34,42.43,41.8,41.83,41926139,1765021648.0
2014-09-17,sh.601318,42.1,42.1,41.8,41.91,26278733,1102840336.0
2014-09-18,sh.601318,41.85,42.2,41.72,42.0,26350892,1106155568.0
2014-09-19,sh.601318,42.03,42.46,41.95,42.39,32176422,1357212400.0
2014-09-22,sh.601318,42.2,42.2,41.0,41.03,48215115,1994107696.0
2014-09-23,sh.601318,41.07,41.36,40.91,41.28,28243947,1162372464.0
2014-09-24,sh.601318,41.06,42.4,41.06,42.35,51878558,2168325904.0
2014-09-25,sh.601318,42.51,42.69,41.85,41.95,32738763,1386488016.0
2014-09-26,sh.601318,41.86,41.95,41.47,41.81,23414159,976107392.0
2014-09-29,sh.601318,41.98,41.99,41.37,41.6,36957980,1539767872.0
2014-09-30,sh.601318,41.68,41.7,41.3,41.34,44418132,1839470240.0
2014-10-08,sh.601318,41.5,41.88,41.28,41.87,38460944,1600320016.0
2014-10-09,sh.601318,41.89,42.29,41.8,41.9,35522181,1491923344.0
2014-10-10,sh.601318,41.73,41.73,41.3,41.38,35148945,1457395696.0
2014-10-13,sh.601318,41.15,41.19,40.64,40.88,40180381,1639546368.0
2014-10-14,sh.601318,40.86,41.15,40.65,40.75,28329678,1157294368.0
2014-10-15,sh.601318,40.88,41.37,40.67,41.35,35422931,1453750000.0
2014-10-16,sh.601318,40.99,41.66,40.84,41.13,36904511,1522616352.0
2014-10-17,sh.601318,41.25,41.45,40.81,41.16,31940696,1312956928.0
2014-10-20,sh.601318,41.39,41.75,41.13,41.27,34812863,1440513200.0
2014-10-21,sh.601318,41.23,41.53,40.92,40.96,31216101,1286186320.0
2014-10-22,sh.601318,41.14,41.9,41.02,41.42,51464068,2137413408.0
2014-10-23,sh.601318,41.31,41.84,41.08,41.14,49541833,2056290912.0
2014-10-24,sh.601318,41.11,41.33,41.02,41.07,29992383,1235723872.0
2014-10-27,sh.601318,40.56,40.64,39.96,40.11,41326209,1662990304.0
2014-10-28,sh.601318,40.16,40.74,40.15,40.71,42280499,1709016144.0
2014-10-29,sh.601318,41.5,42.2,41.32,42.05,85159340,3554130192.0
2014-10-30,sh.601318,41.98,42.16,41.6,42.04,46241621,1937595008.0
2014-10-31,sh.601318,42.25,43.46,42.17,43.0,96690333,4145504512.0
2014-11-03,sh.601318,43.2,43.58,42.7,42.88,54946942,2367823904.0
2014-11-04,sh.601318,42.94,42.95,42.42,42.54,40530684,1727865520.0
2014-11-05,sh.601318,42.58,42.71,42.24,42.51,30046881,1276868384.0
2014-11-06,sh.601318,42.54,42.68,41.95,42.14,50245652,2122305488.0
2014-11-10,sh.601318,43.21,43.5,42.41,42.93,107856407,4623239936.0
2014-11-11,sh.601318,43.15,44.33,42.85,43.05,216478800,9434588928.0
2014-11-12,sh.601318,42.98,43.88,42.75,43.81,79238772,3442942592.0
2014-11-13,sh.601318,44.12,44.88,43.88,44.3,133335046,5920831488.0
2014-11-14,sh.601318,44.1,44.6,43.57,44.53,78755898,3468785936.0
2014-11-17,sh.601318,45.85,45.89,43.36,43.44,97067610,4307114752.0
2014-11-18,sh.601318,43.37,43.55,42.41,42.58,61479126,2632486688.0
2014-11-19,sh.601318,42.6,42.91,42.44,42.57,36798506,1570102448.0
2014-11-20,sh.601318,42.45,43.43,42.28,42.91,53372569,2287494528.0
2014-11-21,sh.601318,42.8,44.21,42.4,43.98,91004535,3943284688.0
2014-11-24,sh.601318,44.88,46.6,44.6,45.85,227750274,10392812544.0
2014-11-25,sh.601318,45.79,46.15,45.62,45.87,88308205,4051188320.0
2014-11-26,sh.601318,46.01,48.15,45.9,47.88,162206159,7624394752.0
2014-11-27,sh.601318,48.7,49.7,48.2,48.84,191617808,9380797952.0
2014-11-28,sh.601318,48.88,49.93,48.11,49.63,169648706,8317107200.0
2014-12-01,sh.601318,53.0,53.85,50.6,50.75,238664579,12377362176.0
2014-12-02,sh.601318,50.5,55.38,50.36,54.29,212976402,11223116544.0
2014-12-03,sh.601318,54.7,57.21,53.75,55.01,245428861,13671461376.0
2014-12-04,sh.601318,55.04,60.24,54.58,59.99,243403640,13895520512.0
2014-12-05,sh.601318,60.82,63.0,57.02,59.13,311211440,18700315136.0
2014-12-08,sh.601318,59.1,64.98,58.01,64.83,298542624,18681899008.0
2014-12-09,sh.601318,62.4,67.12,58.35,59.32,416654496,26335273984.0
2014-12-10,sh.601318,60.0,61.0,56.45,59.64,270621968,15882920704.0
2014-12-11,sh.601318,58.0,59.42,56.61,56.82,171429869,9929330944.0
2014-12-12,sh.601318,57.12,59.15,56.82,57.07,152824627,8843986432.0
2014-12-15,sh.601318,56.98,58.2,56.51,57.99,128657717,7383431680.0
2014-12-16,sh.601318,58.68,63.19,58.2,63.1,261185146,15700680960.0
2014-12-17,sh.601318,63.65,64.8,61.71,63.72,256227013,16256978688.0
2014-12-18,sh.601318,65.0,67.98,64.0,65.74,255141331,16846542336.0
2014-12-19,sh.601318,66.88,66.88,62.5,64.95,174748274,11318540544.0
2014-12-22,sh.601318,65.2,68.3,64.6,65.85,217875500,14553053184.0
2014-12-23,sh.601318,64.69,70.2,63.52,65.37,229502236,15262607360.0
2014-12-24,sh.601318,65.46,65.89,59.9,60.71,234441537,14589029888.0
2014-12-25,sh.601318,61.2,63.88,60.3,63.41,219051947,13613792512.0
2014-12-26,sh.601318,63.99,68.11,63.6,67.81,264782606,17480711168.0
2014-12-29,sh.601318,70.52,74.22,68.1,70.98,364226784,26099691264.0
2014-12-30,sh.601318,70.16,73.98,69.75,72.78,218054301,15697265408.0
2014-12-31,sh.601318,73.5,74.88,72.29,74.71,199544918,14700787200.0
2015-01-05,sh.601318,77.8,78.8,75.25,76.16,243571773,18752043264.0
2015-01-06,sh.601318,74.38,76.77,72.01,73.73,234227969,17438633728.0
2015-01-07,sh.601318,73.3,75.5,72.5,73.41,170386884,12565953536.0
2015-01-08,sh.601318,74.5,74.92,70.8,71.08,178880915,12883821056.0
2015-01-09,sh.601318,71.2,78.18,70.72,72.84,311873408,23164177408.0
2015-01-12,sh.601318,73.98,76.24,72.3,75.17,265627145,19758885632.0
2015-01-13,sh.601318,75.3,76.98,74.01,75.12,150924355,11390279680.0
2015-01-14,sh.601318,75.26,75.88,73.08,73.85,145910572,10853946880.0
2015-01-15,sh.601318,74.0,79.44,73.7,78.87,257903786,19788348416.0
2015-01-16,sh.601318,79.4,81.4,77.91,78.29,231750863,18476457216.0
2015-01-19,sh.601318,70.47,73.45,70.46,70.46,290034944,20841210368.0
2015-01-20,sh.601318,70.3,72.11,68.5,70.62,265116392,18667133696.0
2015-01-21,sh.601318,71.3,77.56,71.09,77.36,292580064,21775561472.0
2015-01-22,sh.601318,77.29,77.7,74.51,75.47,214704423,16325804032.0
2015-01-23,sh.601318,76.0,79.6,75.49,76.8,234373207,18082145792.0
2015-01-26,sh.601318,76.3,76.44,74.7,75.61,138860635,10484377088.0
2015-01-27,sh.601318,76.12,77.45,71.83,73.96,218560605,16231932160.0
2015-01-28,sh.601318,72.89,73.6,71.9,72.29,128035499,9286066688.0
2015-01-29,sh.601318,71.01,71.66,69.81,70.55,156306718,11034677504.0
2015-01-30,sh.601318,70.7,71.85,68.81,69.29,139388270,9784587008.0
2015-02-02,sh.601318,66.3,67.75,65.95,66.22,152220255,10171400192.0
2015-02-03,sh.601318,67.18,70.5,66.0,69.07,190717204,12937941504.0
2015-02-04,sh.601318,69.27,70.31,67.38,67.5,127880615,8815905280.0
2015-02-05,sh.601318,70.0,70.0,65.8,65.94,182953806,12526322944.0
2015-02-06,sh.601318,65.9,68.07,65.51,66.31,148683594,9905947648.0
2015-02-09,sh.601318,66.2,69.1,66.0,68.0,141165997,9578811136.0
2015-02-10,sh.601318,67.5,68.97,67.21,68.49,98062231,6688282624.0
2015-02-11,sh.601318,68.9,70.65,68.47,70.15,106204573,7382467328.0
2015-02-12,sh.601318,70.1,70.5,68.63,69.9,83702171,5833771520.0
2015-02-13,sh.601318,70.34,71.33,69.76,69.92,109227391,7688143872.0
2015-02-16,sh.601318,70.2,71.44,69.76,70.31,96166454,6771606272.0
2015-02-17,sh.601318,70.58,71.44,70.38,70.58,94984648,6738798848.0
2015-02-25,sh.601318,70.37,70.4,67.68,68.16,104046202,7157733632.0
2015-02-26,sh.601318,68.0,70.16,66.99,69.87,117863558,8113328128.0
2015-02-27,sh.601318,70.15,71.21,69.73,70.28,95432615,6730967808.0
2015-03-02,sh.601318,71.01,71.15,69.15,69.9,133869571,9373873152.0
2015-03-03,sh.601318,69.29,69.3,66.95,67.12,140995651,9598020096.0
2015-03-04,sh.601318,67.16,67.7,66.5,66.94,104601775,7002145024.0
2015-03-05,sh.601318,66.0,66.15,64.8,65.16,148376607,9706138112.0
2015-03-06,sh.601318,65.25,65.69,64.9,64.98,79405443,5187303936.0
2015-03-09,sh.601318,64.37,66.77,63.12,66.32,144350137,9339642368.0
2015-03-10,sh.601318,65.8,66.12,64.93,65.7,83035762,5439821568.0
2015-03-11,sh.601318,66.0,67.61,65.84,66.22,107078557,7145484544.0
2015-03-12,sh.601318,67.2,69.47,66.51,68.8,157758881,10760326656.0
2015-03-13,sh.601318,69.22,70.7,68.37,68.94,128161911,8911162880.0
2015-03-16,sh.601318,69.86,73.52,69.01,73.47,220733485,15776029952.0
2015-03-17,sh.601318,75.0,75.63,73.9,74.7,225118769,16816774144.0
2015-03-18,sh.601318,75.63,77.49,74.89,77.42,191144404,14529583616.0
2015-03-19,sh.601318,76.75,76.75,74.9,75.73,157869405,11932803840.0
2015-03-20,sh.601318,78.8,80.0,77.4,78.41,297613088,23409266944.0
2015-03-23,sh.601318,79.15,79.5,77.38,77.95,192748127,15057700352.0
2015-03-24,sh.601318,77.91,77.94,75.35,75.74,211245300,16120827136.0
2015-03-25,sh.601318,75.4,76.7,74.4,75.08,166476946,12546319104.0
2015-03-26,sh.601318,74.8,79.88,73.85,78.14,258337229,20049003776.0
2015-03-27,sh.601318,78.15,78.24,76.3,76.72,121951468,9386634496.0
2015-03-30,sh.601318,77.98,80.2,77.0,79.96,235028996,18581459968.0
2015-03-31,sh.601318,82.18,82.8,77.89,78.24,243115836,19568282624.0
2015-04-01,sh.601318,79.15,80.13,78.3,79.15,182511062,14456611840.0
2015-04-02,sh.601318,79.88,79.92,77.04,78.02,169020999,13243173888.0
2015-04-03,sh.601318,77.69,78.98,77.4,78.71,129000856,10094320384.0
2015-04-07,sh.601318,79.2,81.28,78.5,81.03,214798278,17190330368.0
2015-04-08,sh.601318,81.28,83.95,79.5,82.41,277207808,22668268800.0
2015-04-09,sh.601318,82.72,85.43,81.13,81.44,253739670,21076518144.0
2015-04-10,sh.601318,81.58,86.28,81.31,86.14,256251069,21438684160.0
2015-04-13,sh.601318,87.79,88.78,86.1,86.21,229668184,19980660992.0
2015-04-14,sh.601318,86.21,86.21,83.8,84.67,157844912,13401869056.0
2015-04-15,sh.601318,84.51,87.25,83.91,84.56,164214757,14022191616.0
2015-04-16,sh.601318,84.0,90.91,83.7,90.8,264251609,23258231808.0
2015-04-17,sh.601318,92.4,93.4,89.27,89.92,228910347,20812376320.0
2015-04-20,sh.601318,88.22,89.92,85.15,85.54,239200544,20984046336.0
2015-04-21,sh.601318,86.5,88.3,85.04,87.99,184476397,16006429440.0
2015-04-22,sh.601318,88.79,90.68,88.33,90.11,176685852,15769400576.0
2015-04-23,sh.601318,90.24,90.3,87.45,88.1,175507053,15516360448.0
2015-04-24,sh.601318,86.2,86.79,83.9,84.87,234005637,19935778048.0
2015-04-27,sh.601318,85.7,86.97,85.16,86.32,174539405,15016164608.0
2015-04-28,sh.601318,86.2,88.11,84.63,86.07,204085955,17572161536.0
2015-04-29,sh.601318,86.8,88.45,85.98,87.6,183026613,15971963136.0
2015-04-30,sh.601318,89.0,90.28,88.0,88.66,234097774,20912652288.0
2015-05-04,sh.601318,89.1,90.53,86.7,90.47,183985944,16296696576.0
2015-05-05,sh.601318,90.54,90.79,85.94,86.15,199475806,17584557824.0
2015-05-06,sh.601318,86.8,93.76,86.51,88.57,348926752,31441769216.0
2015-05-07,sh.601318,87.0,88.49,85.86,87.05,168260640,14653216256.0
2015-05-08,sh.601318,88.12,88.4,85.02,86.9,158205720,13689688320.0
2015-05-11,sh.601318,87.0,89.85,86.03,88.72,182729596,16041853184.0
2015-05-12,sh.601318,88.05,89.76,87.5,88.95,146960102,13015558656.0
2015-05-13,sh.601318,88.95,89.44,86.66,87.02,147044496,12907387904.0
2015-05-14,sh.601318,86.95,88.0,86.02,86.31,132072528,11458809344.0
2015-05-15,sh.601318,86.3,86.3,83.7,84.41,156070902,13235769088.0
2015-05-18,sh.601318,83.8,84.05,82.31,82.41,123565452,10291284992.0
2015-05-19,sh.601318,82.55,86.12,82.54,85.44,154372257,13106099968.0
2015-05-20,sh.601318,85.88,86.94,84.69,85.57,143283123,12284896768.0
2015-05-21,sh.601318,85.68,87.28,85.3,86.6,112747011,9730935296.0
2015-05-22,sh.601318,87.34,89.63,87.2,89.56,185336705,16451203328.0
2015-05-25,sh.601318,91.0,92.48,90.56,91.58,184724246,16869031168.0
2015-05-26,sh.601318,93.8,94.3,91.0,93.17,171911157,15920094976.0
2015-05-27,sh.601318,92.7,93.38,90.3,91.06,136055091,12450450688.0
2015-05-28,sh.601318,90.75,91.06,84.9,85.22,196262588,17326032384.0
2015-05-29,sh.601318,85.82,86.45,84.02,85.44,147776223,12621933568.0
2015-06-01,sh.601318,84.8,88.3,83.7,87.41,179792900,15476336640.0
2015-06-02,sh.601318,87.5,87.78,85.0,86.38,137917966,11868036608.0
2015-06-03,sh.601318,86.4,86.99,85.01,85.54,118672818,10174241792.0
2015-06-04,sh.601318,85.62,88.28,83.8,88.01,183339093,15815866880.0
2015-06-05,sh.601318,89.23,89.78,85.1,86.95,162530438,14266631936.0
2015-06-08,sh.601318,87.51,92.56,86.72,91.99,283773248,25510154752.0
2015-06-09,sh.601318,91.8,92.18,88.68,89.39,168452421,15184125952.0
2015-06-10,sh.601318,88.3,89.68,87.48,88.45,109904635,9745165312.0
2015-06-11,sh.601318,88.48,92.37,87.29,90.26,213607813,19230908416.0
2015-06-12,sh.601318,90.69,91.65,89.66,90.18,137524986,12439728384.0
2015-06-15,sh.601318,90.43,91.0,86.78,86.98,153941816,13597187072.0
2015-06-16,sh.601318,86.0,88.36,85.6,86.5,124997510,10863828224.0
2015-06-17,sh.601318,87.0,87.69,86.0,87.0,102648200,8911609856.0
2015-06-18,sh.601318,86.8,86.8,83.88,83.96,125555340,10721249280.0
2015-06-19,sh.601318,83.2,84.6,80.08,80.44,143201987,11879403008.0
2015-06-23,sh.601318,81.0,84.59,80.66,84.43,168421645,13952398080.0
2015-06-24,sh.601318,84.65,85.3,83.01,84.87,123696945,10420815616.0
2015-06-25,sh.601318,85.12,85.48,82.4,82.43,108422329,9102724096.0
2015-06-26,sh.601318,81.0,83.82,74.44,77.44,234595118,18677212672.0
2015-06-29,sh.601318,79.0,79.88,72.23,76.52,251962206,19409615104.0
2015-06-30,sh.601318,77.0,82.0,76.02,81.94,233286343,18510189312.0
2015-07-01,sh.601318,81.0,81.5,77.71,78.66,147044564,11798499328.0
2015-07-02,sh.601318,78.98,79.89,75.2,77.81,188888901,14718706176.0
2015-07-03,sh.601318,77.0,78.99,72.33,74.48,202088745,15365030656.0
2015-07-06,sh.601318,80.3,80.7,75.1,78.21,383552432,29963993856.0
2015-07-07,sh.601318,76.73,86.03,71.11,86.03,843328128,67941284096.0
2015-07-08,sh.601318,77.51,81.3,77.43,77.46,369352352,28955189760.0
2015-07-09,sh.601318,77.46,83.8,72.02,80.4,346342032,27318205952.0
2015-07-10,sh.601318,79.01,86.0,78.4,82.19,336162688,27958277888.0
2015-07-13,sh.601318,80.94,82.75,79.4,80.63,205099182,16580197376.0
2015-07-14,sh.601318,79.53,81.0,77.8,78.63,154676658,12262032384.0
2015-07-15,sh.601318,78.01,80.0,77.3,79.03,138493996,10862620928.0
2015-07-16,sh.601318,78.8,79.48,77.5,78.47,79580693,6232885760.0
2015-07-17,sh.601318,79.0,81.3,78.48,80.46,113951807,9119144960.0
2015-07-20,sh.601318,81.95,82.39,80.5,81.09,123990895,10086003968.0
2015-07-21,sh.601318,80.5,81.23,79.79,80.55,87015852,6996517120.0
2015-07-22,sh.601318,80.46,80.55,78.5,79.25,88455953,7041853696.0
2015-07-23,sh.601318,79.95,82.78,79.48,82.57,154523046,12638572800.0
2015-07-24,sh.601318,82.69,82.69,80.55,80.62,118178200,9618558464.0
2015-07-27,sh.601318,39.89,40.08,36.39,36.56,171259599,6577247744.0
2015-07-28,sh.601318,35.01,36.73,34.58,35.1,339771040,12044033024.0
2015-07-29,sh.601318,35.76,35.98,33.8,34.94,296485248,10259996416.0
2015-07-30,sh.601318,34.9,36.08,34.1,34.31,234107360,8248156928.0
2015-07-31,sh.601318,34.01,34.42,33.11,33.37,203641357,6851989504.0
2015-08-03,sh.601318,33.0,33.39,32.28,33.36,232199395,7598281216.0
2015-08-04,sh.601318,33.1,34.3,32.95,34.21,154959144,5215803392.0
2015-08-05,sh.601318,34.0,34.09,33.21,33.29,129319492,4354845440.0
2015-08-06,sh.601318,32.77,33.64,32.61,32.89,96170786,3181754688.0
2015-08-07,sh.601318,33.34,34.24,33.15,33.89,152416244,5156939264.0
2015-08-10,sh.601318,34.0,35.44,33.57,35.09,219839332,7595855360.0
2015-08-11,sh.601318,34.9,35.69,34.7,34.87,166487100,5851436032.0
2015-08-12,sh.601318,34.5,34.76,33.77,33.79,133346307,4575516416.0
2015-08-13,sh.601318,33.71,34.28,33.5,34.07,110002958,3730365392.0
2015-08-14,sh.601318,34.18,34.26,33.8,33.89,115595672,3923707184.0
2015-08-17,sh.601318,33.41,33.49,32.6,32.97,152170414,5013929984.0
2015-08-18,sh.601318,33.03,33.63,31.24,31.29,210389448,6836216832.0
2015-08-19,sh.601318,30.95,31.64,30.5,31.41,161453342,5026061312.0
2015-08-20,sh.601318,31.0,31.4,30.52,30.55,109864022,3401177552.0
2015-08-21,sh.601318,30.46,31.15,29.3,29.39,205858189,6216774144.0
2015-08-24,sh.601318,28.49,28.5,26.45,26.45,403296224,10916009728.0
2015-08-25,sh.601318,25.3,27.55,24.65,25.11,431616160,11301806080.0
2015-08-26,sh.601318,25.2,27.3,25.12,26.36,382669152,10024843776.0
2015-08-27,sh.601318,27.4,29.0,26.97,29.0,393998432,11001233920.0
2015-08-28,sh.601318,29.5,30.39,28.79,29.65,331933952,9860535552.0
2015-08-31,sh.601318,28.86,30.35,28.52,30.29,289466608,8509542144.0
2015-09-01,sh.601318,29.53,30.18,28.65,30.16,369091184,10980646912.0
2015-09-02,sh.601318,29.15,30.24,29.03,29.98,373505872,11157121536.0
2015-09-07,sh.601318,29.65,30.28,28.6,28.88,136313308,4019719040.0
2015-09-08,sh.601318,28.86,29.87,28.86,29.76,125528629,3694428960.0
2015-09-09,sh.601318,29.86,30.66,29.61,30.22,143050164,4321472512.0
2015-09-10,sh.601318,30.08,30.36,29.81,30.27,87888881,2647099744.0
2015-09-11,sh.601318,30.16,30.47,29.61,29.84,70826201,2128174256.0
2015-09-14,sh.601318,29.97,30.2,28.73,30.14,220674688,6496888064.0
2015-09-15,sh.601318,29.6,29.79,29.0,29.46,118329733,3476001216.0
2015-09-16,sh.601318,29.33,31.17,29.07,30.55,114814688,3443174704.0
2015-09-17,sh.601318,30.49,31.18,30.1,30.26,101606967,3114574112.0
2015-09-18,sh.601318,30.42,31.1,30.36,30.57,85643882,2632220480.0
2015-09-21,sh.601318,30.21,31.15,30.05,30.96,81031920,2497646224.0
2015-09-22,sh.601318,31.1,32.06,30.83,31.77,120072574,3807237312.0
2015-09-23,sh.601318,31.29,31.58,30.71,30.77,101241517,3147688976.0
2015-09-24,sh.601318,30.91,31.33,30.84,31.14,63852786,1986333952.0
2015-09-25,sh.601318,31.01,31.4,30.58,31.23,71148577,2207160544.0
2015-09-28,sh.601318,31.05,31.13,30.68,30.9,27179227,840411104.0
2015-09-29,sh.601318,30.48,30.48,29.67,29.93,64059048,1923779664.0
2015-09-30,sh.601318,30.05,30.18,29.77,29.86,36554916,1094588096.0
2015-10-08,sh.601318,32.0,32.15,30.55,30.7,174729254,5480154112.0
2015-10-09,sh.601318,31.1,31.83,31.0,31.68,82081673,2590000096.0
2015-10-12,sh.601318,31.61,32.93,31.56,32.64,102692258,3332610800.0
2015-10-13,sh.601318,32.3,32.67,32.1,32.2,48784540,1576258160.0
2015-10-14,sh.601318,32.07,32.29,31.66,31.68,47156844,1506355376.0
2015-10-15,sh.601318,31.8,32.49,31.68,32.46,64521081,2074667600.0
2015-10-16,sh.601318,32.65,33.15,32.5,32.79,68363054,2242800704.0
2015-10-19,sh.601318,32.8,33.38,32.63,33.17,88096211,2906550800.0
2015-10-20,sh.601318,32.95,33.05,32.5,32.91,54658545,1789614928.0
2015-10-21,sh.601318,32.96,33.66,32.07,32.85,133704957,4401719040.0
2015-10-22,sh.601318,32.5,33.05,32.35,32.86,71371479,2333752528.0
2015-10-23,sh.601318,33.0,34.0,32.96,33.73,99386427,3324918288.0
2015-10-26,sh.601318,34.02,35.51,33.53,33.57,212648098,7308216576.0
2015-10-27,sh.601318,33.61,35.14,33.01,34.37,126733683,4262137632.0
2015-10-28,sh.601318,34.2,34.35,33.5,33.55,67072585,2272148528.0
2015-10-29,sh.601318,33.71,33.85,33.21,33.38,52017325,1740836384.0
2015-10-30,sh.601318,33.4,33.95,33.24,33.49,47407089,1593297856.0
2015-11-02,sh.601318,33.14,33.46,32.91,33.02,56104771,1859836272.0
2015-11-03,sh.601318,33.18,33.27,32.9,33.02,38103234,1259373728.0
2015-11-04,sh.601318,33.09,35.37,33.09,35.0,192253306,6626688000.0
2015-11-05,sh.601318,34.51,37.48,34.47,35.32,442103024,15937374208.0
2015-11-06,sh.601318,35.25,36.5,35.03,36.19,214827617,7711812864.0
2015-11-09,sh.601318,36.31,37.43,36.16,36.45,233123714,8558319360.0
2015-11-10,sh.601318,36.0,36.94,35.8,36.25,142819589,5184340736.0
2015-11-11,sh.601318,36.05,36.24,35.47,35.84,111438113,3992233808.0
2015-11-12,sh.601318,36.08,36.08,35.38,35.43,91357791,3245969376.0
2015-11-13,sh.601318,35.05,35.48,34.91,35.05,76458303,2691602784.0
2015-11-16,sh.601318,34.54,35.15,34.45,35.12,74745954,2609229840.0
2015-11-17,sh.601318,35.35,36.38,35.12,35.26,96838961,3461375056.0
2015-11-18,sh.601318,35.25,35.37,34.75,34.88,69300139,2428026592.0
2015-11-19,sh.601318,35.02,35.36,34.95,35.31,50583227,1775583744.0
2015-11-20,sh.601318,35.3,35.38,34.99,35.04,50097068,1760322096.0
2015-11-23,sh.601318,35.07,35.28,34.9,34.97,60898386,2134080480.0
2015-11-24,sh.601318,34.91,35.19,34.58,34.97,65254433,2280565312.0
2015-11-25,sh.601318,34.95,35.09,34.86,35.04,48336266,1689881296.0
2015-11-26,sh.601318,35.19,35.42,35.0,35.03,54916243,1931733520.0
2015-11-27,sh.601318,35.0,35.08,33.39,33.84,116454446,3976312832.0
2015-11-30,sh.601318,33.69,34.0,32.95,33.8,84030498,2818935968.0
2015-12-01,sh.601318,33.79,34.9,33.61,34.12,83519647,2848757360.0
2015-12-02,sh.601318,34.2,36.2,33.98,36.01,182813266,6485780992.0
2015-12-03,sh.601318,35.53,36.6,35.32,35.97,142305933,5124732672.0
2015-12-04,sh.601318,35.46,35.68,34.8,34.95,87368217,3067572576.0
2015-12-07,sh.601318,35.0,35.15,34.53,34.74,48751673,1695057840.0
2015-12-08,sh.601318,34.5,34.85,34.34,34.42,57354970,1980308832.0
2015-12-09,sh.601318,34.44,34.86,34.34,34.44,41609639,1436700096.0
2015-12-10,sh.601318,34.41,35.25,34.39,34.49,55345796,1924457024.0
2015-12-11,sh.601318,34.39,34.66,34.18,34.57,52799774,1818472160.0
2015-12-14,sh.601318,34.15,35.95,34.02,35.62,94982292,3319950896.0
2015-12-15,sh.601318,35.5,35.61,35.05,35.26,63275218,2232001216.0
2015-12-16,sh.601318,35.3,35.53,35.12,35.21,38051697,1343651168.0
2015-12-17,sh.601318,35.56,35.88,35.27,35.51,58593058,2086099664.0
2015-12-18,sh.601318,35.41,36.28,35.36,35.79,83940922,3012056336.0
2015-12-21,sh.601318,35.79,37.23,35.65,36.9,138613465,5083964416.0
2015-12-22,sh.601318,36.85,37.11,36.41,36.93,72390841,2660120720.0
2015-12-23,sh.601318,36.92,37.88,36.8,36.98,118840026,4448049152.0
2015-12-24,sh.601318,37.06,37.59,36.46,36.92,81236313,3003984960.0
2015-12-25,sh.601318,36.9,37.17,36.71,36.9,35244314,1300920864.0
2015-12-28,sh.601318,36.95,37.1,35.66,35.7,63939139,2315140688.0
2015-12-29,sh.601318,35.7,36.19,35.67,36.15,30801923,1106025120.0
2015-12-30,sh.601318,36.26,36.28,35.44,35.76,49397553,1766140272.0
2015-12-31,sh.601318,35.79,36.19,35.42,36.0,51927675,1858174592.0
2016-01-04,sh.601318,35.84,35.84,33.9,34.05,70997199,2468127280.0
2016-01-05,sh.601318,33.68,34.81,33.5,34.5,87498507,3002728336.0
2016-01-06,sh.601318,34.3,34.66,34.0,34.53,48012110,1648967872.0
2016-01-07,sh.601318,34.0,34.52,33.0,33.77,23647605,796250800.0
2016-01-08,sh.601318,34.0,34.45,32.9,33.94,98239660,3319542176.0
2016-01-11,sh.601318,33.0,33.33,32.0,32.03,99355700,3259413152.0
2016-01-12,sh.601318,32.27,32.56,31.82,32.21,74380914,2393261856.0
2016-01-13,sh.601318,32.77,32.78,31.85,31.99,62533019,2021310640.0
2016-01-14,sh.601318,30.9,32.06,30.8,31.99,79722712,2501041136.0
2016-01-15,sh.601318,31.64,31.87,30.9,31.2,59140260,1852786048.0
2016-01-18,sh.601318,30.73,31.27,30.59,31.07,48369367,1499292432.0
2016-01-19,sh.601318,31.22,31.68,30.75,31.51,67392536,2110985232.0
2016-01-20,sh.601318,31.22,31.45,30.29,30.53,100704268,3093888704.0
2016-01-21,sh.601318,30.37,30.81,29.87,30.15,68190102,2062908480.0
2016-01-22,sh.601318,30.37,30.49,29.68,30.22,49310407,1483455600.0
2016-01-25,sh.601318,30.29,30.36,29.89,30.26,37474472,1128901680.0
2016-01-26,sh.601318,29.91,30.1,28.98,29.23,76680981,2257692352.0
2016-01-27,sh.601318,29.35,29.48,28.8,29.22,70385326,2053855392.0
2016-01-28,sh.601318,29.2,29.61,28.77,29.3,48441759,1415213664.0
2016-01-29,sh.601318,29.2,30.38,29.12,30.18,64439144,1926485792.0
2016-02-01,sh.601318,30.16,30.16,29.31,29.53,34048457,1010608896.0
2016-02-02,sh.601318,29.53,30.1,29.5,29.97,37513430,1121692992.0
2016-02-03,sh.601318,29.5,29.8,29.1,29.64,39035211,1146446848.0
2016-02-04,sh.601318,29.77,30.06,29.49,29.71,36657042,1092202368.0
2016-02-05,sh.601318,29.7,30.0,29.61,29.66,33330201,993430368.0
2016-02-15,sh.601318,28.7,29.79,28.62,29.43,43993725,1285788944.0
2016-02-16,sh.601318,29.55,30.32,29.46,30.12,39757869,1196447904.0
2016-02-17,sh.601318,30.13,30.33,29.92,30.04,46163466,1391102848.0
2016-02-18,sh.601318,30.28,30.49,29.8,29.91,48458572,1463151184.0
2016-02-19,sh.601318,29.91,30.15,29.73,29.92,26092199,780758768.0
2016-02-22,sh.601318,30.28,31.65,30.03,30.97,78908600,2431155408.0
2016-02-23,sh.601318,30.96,30.97,30.24,30.5,43458444,1328534704.0
2016-02-24,sh.601318,30.3,30.6,30.03,30.41,30491050,923163840.0
2016-02-25,sh.601318,30.37,30.37,28.86,28.96,59059774,1748561040.0
2016-02-26,sh.601318,29.33,29.4,28.94,29.1,33211134,969727472.0
2016-02-29,sh.601318,29.05,29.15,27.81,29.01,66763176,1905354128.0
2016-03-01,sh.601318,28.9,29.69,28.56,29.26,40682753,1182768080.0
2016-03-02,sh.601318,29.35,30.3,29.35,30.18,62335409,1866957712.0
2016-03-03,sh.601318,30.25,30.49,29.98,30.38,53494887,1617317664.0
2016-03-04,sh.601318,30.28,31.6,30.13,31.55,178976573,5572673536.0
2016-03-07,sh.601318,31.38,31.58,30.81,31.05,54440341,1695365200.0
2016-03-08,sh.601318,30.98,31.35,29.99,31.3,67391212,2063557424.0
2016-03-09,sh.601318,30.82,31.45,30.26,31.38,80090596,2476074416.0
2016-03-10,sh.601318,30.98,31.29,30.7,30.74,33110889,1024457376.0
2016-03-11,sh.601318,30.57,31.1,30.47,31.04,35792982,1104131776.0
2016-03-14,sh.601318,30.99,31.57,30.9,31.11,55579715,1737635744.0
2016-03-15,sh.601318,31.05,31.49,30.65,31.36,61981843,1934428496.0
2016-03-16,sh.601318,31.1,32.26,31.05,32.13,159647657,5110207488.0
2016-03-17,sh.601318,32.1,32.37,31.88,32.0,57078597,1831613488.0
2016-03-18,sh.601318,32.32,32.42,31.88,32.12,87408324,2814665232.0
2016-03-21,sh.601318,32.39,33.8,32.24,32.83,113879011,3765399056.0
2016-03-22,sh.601318,32.65,33.04,32.0,32.1,60362722,1955171904.0
2016-03-23,sh.601318,32.29,32.76,32.08,32.26,36047297,1165680608.0
2016-03-24,sh.601318,32.07,32.09,31.75,31.8,35109688,1119205600.0
2016-03-25,sh.601318,31.81,32.8,31.64,32.06,35717568,1148277648.0
2016-03-28,sh.601318,32.1,32.35,31.35,31.46,37797307,1202848144.0
2016-03-29,sh.601318,31.61,31.76,31.14,31.25,34128188,1072037056.0
2016-03-30,sh.601318,31.6,32.06,31.52,31.99,43205823,1375893936.0
2016-03-31,sh.601318,32.09,32.18,31.71,31.81,29797952,951119696.0
2016-04-01,sh.601318,31.83,31.96,31.21,31.92,38552936,1221251120.0
2016-04-05,sh.601318,31.7,32.2,31.5,32.0,42978997,1370034032.0
2016-04-06,sh.601318,31.78,31.96,31.64,31.74,27232796,865676880.0
2016-04-07,sh.601318,31.89,31.96,31.36,31.37,36211146,1139929920.0
2016-04-08,sh.601318,31.2,31.27,31.04,31.16,36175893,1126007856.0
2016-04-11,sh.601318,31.32,31.84,31.32,31.51,35165894,1110979408.0
2016-04-12,sh.601318,31.49,31.75,31.4,31.55,21968838,693090528.0
2016-04-13,sh.601318,31.8,32.26,31.72,31.91,75568173,2423542992.0
2016-04-14,sh.601318,32.08,32.38,31.88,32.02,42270343,1356507312.0
2016-04-15,sh.601318,32.03,32.1,31.88,31.99,53566943,1712994976.0
2016-04-18,sh.601318,31.8,32.09,31.51,31.79,56266307,1794611328.0
2016-04-19,sh.601318,32.0,32.04,31.75,31.93,47555191,1516349056.0
2016-04-20,sh.601318,31.94,32.25,31.11,32.21,119379681,3800706464.0
2016-04-21,sh.601318,31.94,32.5,31.86,32.22,65119594,2098390480.0
2016-04-22,sh.601318,32.0,32.55,31.88,32.42,43078020,1393530944.0
2016-04-25,sh.601318,32.3,32.5,31.97,32.32,30729800,991754400.0
2016-04-26,sh.601318,32.32,32.53,32.21,32.39,30804864,995628144.0
2016-04-27,sh.601318,32.57,32.62,32.21,32.26,32926140,1068295664.0
2016-04-28,sh.601318,32.26,32.38,32.01,32.19,22743653,732724448.0
2016-04-29,sh.601318,32.09,32.4,31.95,32.04,25951148,834574464.0
2016-05-03,sh.601318,32.01,32.43,31.86,31.91,50917961,1635287968.0
2016-05-04,sh.601318,31.93,32.03,31.89,31.93,26426416,844057424.0
2016-05-05,sh.601318,31.93,32.05,31.87,31.95,21140060,675334528.0
2016-05-06,sh.601318,32.0,32.01,31.39,31.4,49181874,1559939776.0
2016-05-09,sh.601318,31.39,31.4,31.05,31.16,49046546,1533979360.0
2016-05-10,sh.601318,31.08,31.26,31.02,31.19,27645278,861819328.0
2016-05-11,sh.601318,31.24,31.37,31.16,31.25,27763942,867490736.0
2016-05-12,sh.601318,31.2,31.85,30.95,31.71,56869642,1792517808.0
2016-05-13,sh.601318,31.55,31.85,31.49,31.72,39265080,1246185696.0
2016-05-16,sh.601318,31.56,31.7,31.51,31.61,24118291,762062336.0
2016-05-17,sh.601318,31.6,31.65,31.45,31.51,20691674,652435936.0
2016-05-18,sh.601318,31.41,31.89,31.37,31.81,60201782,1907811600.0
2016-05-19,sh.601318,31.71,31.9,31.7,31.83,28517053,906817504.0
2016-05-20,sh.601318,31.82,31.97,31.72,31.82,17539236,558615504.0
2016-05-23,sh.601318,31.76,31.96,31.71,31.83,27738544,883239664.0
2016-05-24,sh.601318,31.72,31.83,31.5,31.64,18552099,586424048.0
2016-05-25,sh.601318,31.83,31.88,31.59,31.61,13712500,435270016.0
2016-05-26,sh.601318,31.61,31.79,31.5,31.63,20356139,643568208.0
2016-05-27,sh.601318,31.7,31.71,31.58,31.6,14098751,445752176.0
2016-05-30,sh.601318,31.75,31.94,31.5,31.91,22097500,702233600.0
2016-05-31,sh.601318,31.94,33.5,31.94,32.72,75882589,2494611168.0
2016-06-01,sh.601318,32.69,32.82,32.25,32.29,42343352,1375741824.0
2016-06-02,sh.601318,32.31,32.5,32.1,32.21,28989196,934538928.0
2016-06-03,sh.601318,32.45,32.45,32.02,32.34,35163822,1132898064.0
2016-06-06,sh.601318,32.4,32.45,32.05,32.11,23686984,763007280.0
2016-06-07,sh.601318,32.22,32.24,32.08,32.14,23960661,770372464.0
2016-06-08,sh.601318,32.12,32.23,32.02,32.15,26460999,849574224.0
2016-06-13,sh.601318,31.95,32.03,31.7,31.8,47023964,1501822512.0
2016-06-14,sh.601318,31.69,32.02,31.5,31.98,35573877,1133505408.0
2016-06-15,sh.601318,31.62,32.08,31.61,31.98,38314316,1221903680.0
2016-06-16,sh.601318,31.83,32.12,31.83,31.97,32940156,1053956480.0
2016-06-17,sh.601318,31.97,32.19,31.92,31.98,29510558,946009808.0
2016-06-20,sh.601318,32.2,32.2,31.97,32.12,25713526,823482128.0
2016-06-21,sh.601318,32.18,32.48,32.01,32.06,22864166,736611584.0
2016-06-22,sh.601318,32.05,32.15,31.97,32.08,16359312,524609232.0
2016-06-23,sh.601318,32.09,32.14,31.97,32.0,25361741,812060928.0
2016-06-24,sh.601318,31.98,32.13,31.21,31.55,42936222,1362051840.0
2016-06-27,sh.601318,31.5,31.74,31.45,31.68,23863950,754744912.0
2016-06-28,sh.601318,31.57,31.86,31.46,31.85,23766593,752102128.0
2016-06-29,sh.601318,31.9,32.18,31.85,32.16,26351146,843595392.0
2016-06-30,sh.601318,32.17,32.3,32.01,32.04,17779547,570756944.0
2016-07-01,sh.601318,32.14,32.28,32.06,32.18,18235058,586600864.0
2016-07-04,sh.601318,32.12,32.66,32.06,32.44,40321889,1308665344.0
2016-07-05,sh.601318,32.2,32.25,32.0,32.07,22093835,708723120.0
2016-07-06,sh.601318,32.0,32.08,31.8,31.99,24949967,795789552.0
2016-07-07,sh.601318,31.95,31.99,31.8,31.95,22363060,712756096.0
2016-07-08,sh.601318,31.95,31.96,31.76,31.78,19295029,613694896.0
2016-07-11,sh.601318,31.81,31.97,31.76,31.79,23128423,737189872.0
2016-07-12,sh.601318,31.81,32.46,31.8,32.41,42598577,1370988832.0
2016-07-13,sh.601318,32.6,32.8,32.3,32.46,42203460,1373499792.0
2016-07-14,sh.601318,32.44,32.5,32.29,32.49,20651738,668453808.0
2016-07-15,sh.601318,32.5,32.7,32.42,32.59,35206349,1146376128.0
2016-07-18,sh.601318,32.67,33.0,32.62,32.69,38033581,1247791264.0
2016-07-19,sh.601318,32.69,32.69,32.21,32.38,26362017,853931056.0
2016-07-20,sh.601318,32.42,32.45,32.13,32.31,18557332,599404448.0
2016-07-21,sh.601318,32.31,32.65,32.31,32.55,24834404,807123488.0
2016-07-22,sh.601318,32.5,32.54,32.23,32.3,21162492,685426384.0
2016-07-25,sh.601318,32.3,32.4,32.22,32.3,17490184,565477120.0
2016-07-26,sh.601318,32.3,32.64,32.25,32.52,40607690,1315811008.0
2016-07-27,sh.601318,32.55,32.8,31.83,32.79,80288281,2601958944.0
2016-07-28,sh.601318,32.53,32.68,32.41,32.45,28491225,927273008.0
2016-07-29,sh.601318,32.49,32.6,32.31,32.37,22929963,744105408.0
2016-08-01,sh.601318,32.3,32.4,32.2,32.28,22213897,717235904.0
2016-08-02,sh.601318,32.3,32.38,32.2,32.28,17685932,570712736.0
2016-08-03,sh.601318,32.13,32.28,32.1,32.18,18652513,600429968.0
2016-08-04,sh.601318,32.18,32.2,32.01,32.15,20772929,666430064.0
2016-08-05,sh.601318,32.16,32.25,32.11,32.18,27213137,875728864.0
2016-08-08,sh.601318,32.23,32.3,32.1,32.27,30356935,978456144.0
2016-08-09,sh.601318,32.33,32.66,32.33,32.54,41065840,1334273440.0
2016-08-10,sh.601318,32.55,32.78,32.52,32.54,34781458,1134553584.0
2016-08-11,sh.601318,32.5,33.4,32.5,32.79,77933585,2572039040.0
2016-08-12,sh.601318,32.81,33.5,32.76,33.48,69438198,2300089392.0
2016-08-15,sh.601318,33.55,35.23,33.48,34.56,122157230,4208217328.0
2016-08-16,sh.601318,34.8,34.92,33.89,33.92,91604428,3137874784.0
2016-08-17,sh.601318,34.05,34.13,33.68,33.97,42967525,1457681728.0
2016-08-18,sh.601318,34.3,34.9,34.13,34.43,85035533,2938789952.0
2016-08-19,sh.601318,34.48,34.66,34.17,34.52,35481775,1221887632.0
2016-08-22,sh.601318,34.61,34.68,34.23,34.46,31956946,1100976016.0
2016-08-23,sh.601318,34.42,35.18,34.42,34.84,55894872,1946633408.0
2016-08-24,sh.601318,34.89,34.92,34.31,34.33,37369379,1289666912.0
2016-08-25,sh.601318,34.01,34.16,33.8,34.09,38835272,1319356032.0
2016-08-26,sh.601318,34.16,34.41,34.04,34.09,21051990,720707376.0
2016-08-29,sh.601318,34.01,34.31,33.72,34.26,23735599,807731248.0
2016-08-30,sh.601318,34.28,34.46,34.06,34.21,30022326,1028897888.0
2016-08-31,sh.601318,34.19,34.38,34.03,34.22,19265567,659454544.0
2016-09-01,sh.601318,34.21,34.54,34.16,34.37,24342696,836324256.0
2016-09-02,sh.601318,34.34,34.89,34.23,34.86,51030170,1766218368.0
2016-09-05,sh.601318,34.69,34.95,34.5,34.76,40332699,1401611040.0
2016-09-06,sh.601318,34.72,35.43,34.64,35.14,56432581,1979904976.0
2016-09-07,sh.601318,35.19,35.67,35.18,35.21,47062029,1667528064.0
2016-09-08,sh.601318,35.2,35.58,35.13,35.38,33539618,1185177584.0
2016-09-09,sh.601318,35.43,35.84,35.28,35.46,44040730,1566197984.0
2016-09-12,sh.601318,34.91,35.15,34.2,35.12,86602441,3013336336.0
2016-09-13,sh.601318,34.98,34.98,34.4,34.72,31744459,1101218256.0
2016-09-14,sh.601318,34.5,34.6,34.17,34.3,35213691,1209854976.0
2016-09-19,sh.601318,34.4,35.12,34.4,34.97,37266601,1299423504.0
2016-09-20,sh.601318,34.97,34.97,34.8,34.85,14666356,511357136.0
2016-09-21,sh.601318,34.89,34.98,34.48,34.67,35247928,1221792400.0
2016-09-22,sh.601318,34.81,35.37,34.81,35.01,54132989,1900551184.0
2016-09-23,sh.601318,35.05,35.2,34.72,34.89,31439120,1098490192.0
2016-09-26,sh.601318,34.76,34.78,34.33,34.38,32852645,1136732880.0
2016-09-27,sh.601318,34.23,34.4,34.19,34.36,45825170,1570164480.0
2016-09-28,sh.601318,34.38,34.38,34.12,34.14,31733236,1085617184.0
2016-09-29,sh.601318,34.25,34.44,34.15,34.19,23086975,791168928.0
2016-09-30,sh.601318,34.1,34.27,34.06,34.16,19403198,663564704.0
2016-10-10,sh.601318,34.46,34.8,34.3,34.6,34119412,1178163520.0
2016-10-11,sh.601318,34.62,34.75,34.25,34.38,49375218,1701605536.0
2016-10-12,sh.601318,34.26,34.44,34.2,34.3,30854074,1058073376.0
2016-10-13,sh.601318,34.22,34.32,34.01,34.12,34546745,1179218576.0
2016-10-14,sh.601318,34.13,34.18,34.05,34.11,23156048,789617888.0
2016-10-17,sh.601318,34.12,34.18,33.88,33.94,30921443,1051714368.0
2016-10-18,sh.601318,33.88,34.29,33.88,34.2,28336027,967199040.0
2016-10-19,sh.601318,34.24,34.27,34.1,34.12,20515200,700734096.0
2016-10-20,sh.601318,34.16,34.24,34.11,34.14,12768281,436313664.0
2016-10-21,sh.601318,34.12,34.28,34.05,34.22,28003163,955961696.0
2016-10-24,sh.601318,34.22,34.79,34.15,34.49,42090949,1451824784.0
2016-10-25,sh.601318,34.56,34.62,34.4,34.55,23971961,826719824.0
2016-10-26,sh.601318,34.56,34.64,34.39,34.42,19737703,680587632.0
2016-10-27,sh.601318,34.42,34.43,34.1,34.19,21764326,744556016.0
2016-10-28,sh.601318,34.4,34.73,34.36,34.53,32514938,1123315936.0
2016-10-31,sh.601318,34.4,34.65,34.2,34.61,23435296,808674416.0
2016-11-01,sh.601318,34.63,35.1,34.5,35.06,36719126,1282156416.0
2016-11-02,sh.601318,34.89,34.98,34.54,34.61,25676031,892639552.0
2016-11-03,sh.601318,34.59,35.09,34.52,34.97,40514435,1412764016.0
2016-11-04,sh.601318,34.88,35.16,34.87,34.93,26447974,925529776.0
2016-11-07,sh.601318,34.98,35.05,34.88,34.99,21516692,752624560.0
2016-11-08,sh.601318,35.11,35.18,34.88,35.0,28683168,1005144720.0
2016-11-09,sh.601318,35.0,35.01,34.33,34.71,68834550,2389583088.0
2016-11-10,sh.601318,34.92,35.2,34.85,34.94,35280334,1235297824.0
2016-11-11,sh.601318,34.95,35.24,34.86,34.99,52390695,1836030752.0
2016-11-14,sh.601318,34.92,35.13,34.88,34.95,68357166,2393598912.0
2016-11-15,sh.601318,34.98,35.01,34.9,34.96,28690403,1002698048.0
2016-11-16,sh.601318,35.0,35.1,34.91,35.02,24386997,853899376.0
2016-11-17,sh.601318,34.99,35.02,34.8,35.0,23871563,835013728.0
2016-11-18,sh.601318,35.0,35.06,34.94,35.01,32069691,1122418016.0
2016-11-21,sh.601318,34.95,36.35,34.95,35.9,108903560,3918207056.0
2016-11-22,sh.601318,35.81,36.44,35.81,36.12,73702179,2668070768.0
2016-11-23,sh.601318,36.22,36.35,35.96,35.98,44013312,1589604832.0
2016-11-24,sh.601318,35.98,36.63,35.98,36.42,52076453,1891778688.0
2016-11-25,sh.601318,36.42,36.8,36.17,36.78,45833079,1670622688.0
2016-11-28,sh.601318,37.01,37.37,36.54,36.61,68897851,2545372848.0
2016-11-29,sh.601318,36.61,37.3,36.45,36.77,66538624,2455023680.0
2016-11-30,sh.601318,36.81,37.09,36.23,36.33,50803984,1860542544.0
2016-12-01,sh.601318,36.35,36.73,36.24,36.42,47438609,1728939216.0
2016-12-02,sh.601318,36.42,36.43,35.97,36.27,63371507,2290250432.0
2016-12-05,sh.601318,35.96,36.29,35.87,36.26,62209526,2244795952.0
2016-12-06,sh.601318,36.19,36.47,36.13,36.17,37612545,1365476592.0
2016-12-07,sh.601318,36.17,36.64,36.07,36.46,31067029,1127984000.0
2016-12-08,sh.601318,36.61,36.73,36.43,36.5,29516834,1079442256.0
2016-12-09,sh.601318,36.64,37.15,36.48,36.86,48703347,1793610608.0
2016-12-12,sh.601318,37.12,37.76,36.7,36.9,106934394,3969638960.0
2016-12-13,sh.601318,36.8,36.94,36.54,36.65,39559741,1452198320.0
2016-12-14,sh.601318,36.63,37.5,36.61,37.03,58644985,2176302848.0
2016-12-15,sh.601318,36.78,36.89,35.43,35.6,78608340,2830157184.0
2016-12-16,sh.601318,35.46,35.77,35.4,35.48,34099443,1212632672.0
2016-12-19,sh.601318,35.48,35.6,35.31,35.4,29559617,1047994448.0
2016-12-20,sh.601318,35.42,35.45,34.45,34.66,62695062,2184834560.0
2016-12-21,sh.601318,34.85,35.05,34.61,34.74,37625980,1311462976.0
2016-12-22,sh.601318,34.66,34.93,34.4,34.77,29500931,1022385360.0
2016-12-23,sh.601318,34.69,34.77,34.4,34.73,30192121,1045239280.0
2016-12-26,sh.601318,34.55,35.16,34.35,35.12,35131252,1222688976.0
2016-12-27,sh.601318,35.0,35.34,34.98,35.26,21780273,767053568.0
2016-12-28,sh.601318,35.2,35.32,34.99,35.29,38631869,1356675456.0
2016-12-29,sh.601318,35.15,35.29,35.03,35.13,29042037,1021548128.0
2016-12-30,sh.601318,35.27,35.45,35.11,35.43,27076331,955339328.0
2017-01-03,sh.601318,35.34,36.01,35.32,35.68,29697799,1062134992.0
2017-01-04,sh.601318,35.69,35.79,35.51,35.65,25257405,900817696.0
2017-01-05,sh.601318,35.73,35.94,35.68,35.73,28691033,1027949504.0
2017-01-06,sh.601318,35.73,35.89,35.35,35.44,36286227,1290794304.0
2017-01-09,sh.601318,35.47,35.55,35.27,35.42,27061697,958713472.0
2017-01-10,sh.601318,35.44,35.49,35.2,35.23,20535090,725447488.0
2017-01-11,sh.601318,35.25,35.43,35.1,35.23,20996349,740408784.0
2017-01-12,sh.601318,35.3,35.42,35.15,35.21,18718703,660770336.0
2017-01-13,sh.601318,35.23,35.9,35.19,35.56,33073897,1177624288.0
2017-01-16,sh.601318,35.56,36.28,35.21,36.19,112917227,4058898512.0
2017-01-17,sh.601318,36.07,36.34,35.89,35.98,34949314,1261227200.0
2017-01-18,sh.601318,36.07,36.44,36.06,36.21,26686911,968675232.0
2017-01-19,sh.601318,36.13,36.37,35.92,36.05,19962834,721764752.0
2017-01-20,sh.601318,36.05,36.28,36.01,36.26,26033277,940875008.0
2017-01-23,sh.601318,36.26,36.42,36.04,36.2,39800128,1440993200.0
2017-01-24,sh.601318,36.2,36.33,36.1,36.18,26866560,973085792.0
2017-01-25,sh.601318,36.2,36.45,36.09,36.43,35892232,1301946752.0
2017-01-26,sh.601318,36.45,36.8,36.44,36.51,27720542,1014531008.0
2017-02-03,sh.601318,36.5,36.5,35.6,35.62,48926754,1754524976.0
2017-02-06,sh.601318,35.74,36.03,35.53,35.94,64891420,2322670720.0
2017-02-07,sh.601318,36.0,36.24,35.92,36.06,48618000,1754121744.0
2017-02-08,sh.601318,36.04,36.08,35.7,36.02,39628863,1425349440.0
2017-02-09,sh.601318,36.07,36.37,36.0,36.11,52756885,1908930704.0
2017-02-10,sh.601318,36.21,36.34,36.1,36.2,39921900,1444897056.0
2017-02-13,sh.601318,36.29,36.41,36.17,36.31,69354090,2517882528.0
2017-02-14,sh.601318,36.4,36.4,35.95,36.1,49092275,1774534256.0
2017-02-15,sh.601318,36.27,36.48,36.21,36.32,67285226,2442350208.0
2017-02-16,sh.601318,36.42,36.43,36.19,36.3,34781714,1261768672.0
2017-02-17,sh.601318,36.36,36.66,36.2,36.26,52550389,1915834768.0
2017-02-20,sh.601318,36.31,36.89,36.25,36.82,74144223,2715553504.0
2017-02-21,sh.601318,36.83,37.18,36.7,36.77,54833169,2024707040.0
2017-02-22,sh.601318,36.88,36.92,36.67,36.82,38041992,1400124080.0
2017-02-23,sh.601318,36.77,36.89,36.44,36.52,45952080,1681434624.0
2017-02-24,sh.601318,36.53,36.57,36.36,36.56,25683349,936256080.0
2017-02-27,sh.601318,36.51,36.64,36.21,36.32,40140682,1461978560.0
2017-02-28,sh.601318,36.32,36.44,36.19,36.23,26846910,973920016.0
2017-03-01,sh.601318,36.26,36.32,36.13,36.16,35508177,1286566448.0
2017-03-02,sh.601318,36.34,36.34,35.84,35.86,46565680,1677956496.0
2017-03-03,sh.601318,35.8,35.94,35.71,35.85,25135446,900105328.0
2017-03-06,sh.601318,35.81,35.94,35.75,35.83,28671714,1027741360.0
2017-03-07,sh.601318,35.83,35.97,35.8,35.96,23721119,851204576.0
2017-03-08,sh.601318,35.9,35.92,35.77,35.82,22285684,798679792.0
2017-03-09,sh.601318,35.77,35.8,35.5,35.78,37796652,1347204352.0
2017-03-10,sh.601318,35.71,35.77,35.58,35.6,20744676,739538480.0
2017-03-13,sh.601318,35.6,36.04,35.56,35.97,35999002,1291416192.0
2017-03-14,sh.601318,35.99,36.13,35.81,35.94,27696420,995908960.0
2017-03-15,sh.601318,35.88,36.0,35.76,35.96,26872050,964386176.0
2017-03-16,sh.601318,36.1,36.24,35.97,36.07,39164100,1412921472.0
2017-03-17,sh.601318,36.12,36.22,35.62,35.75,54262154,1951604320.0
2017-03-20,sh.601318,35.76,35.96,35.66,35.83,42458939,1518417728.0
2017-03-21,sh.601318,36.03,36.29,35.87,36.27,97008407,3497702320.0
2017-03-22,sh.601318,36.09,36.23,35.81,36.0,52790683,1900860432.0
2017-03-23,sh.601318,36.18,36.93,36.14,36.57,120905943,4423300096.0
2017-03-24,sh.601318,36.65,37.11,36.2,36.55,94401638,3453351568.0
2017-03-27,sh.601318,36.51,37.28,36.5,36.74,122860195,4533273344.0
2017-03-28,sh.601318,36.77,36.97,36.61,36.73,52334690,1923728608.0
2017-03-29,sh.601318,36.89,37.04,36.69,36.78,52522665,1933615712.0
2017-03-30,sh.601318,36.71,36.79,36.4,36.75,49288130,1804688800.0
2017-03-31,sh.601318,36.68,37.14,36.58,37.01,63799619,2355407328.0
2017-04-05,sh.601318,37.1,37.3,36.99,37.1,61349985,2276342320.0
2017-04-06,sh.601318,37.11,37.13,36.78,36.96,52331352,1932690704.0
2017-04-07,sh.601318,36.94,37.01,36.56,36.6,64760921,2376814016.0
2017-04-10,sh.601318,36.56,36.71,36.38,36.45,48441796,1768312464.0
2017-04-11,sh.601318,36.45,36.6,35.84,36.19,63322577,2289209328.0
2017-04-12,sh.601318,36.17,36.32,34.9,36.01,66507762,2390144176.0
2017-04-13,sh.601318,35.8,36.09,35.8,35.9,38759046,1393274816.0
2017-04-14,sh.601318,35.9,36.04,35.66,35.89,37091529,1329735392.0
2017-04-17,sh.601318,35.81,36.07,35.67,36.02,37660299,1351965568.0
2017-04-18,sh.601318,36.0,36.09,35.67,35.7,35523028,1274754656.0
2017-04-19,sh.601318,35.68,35.85,35.47,35.51,48705008,1734152448.0
2017-04-20,sh.601318,35.66,35.91,35.56,35.8,41604810,1486331408.0
2017-04-21,sh.601318,35.81,36.26,35.65,36.09,52520305,1897448400.0
2017-04-24,sh.601318,36.09,36.26,35.99,36.17,54992292,1989033152.0
2017-04-25,sh.601318,36.17,36.56,36.12,36.48,61281318,2230735120.0
2017-04-26,sh.601318,36.57,37.92,36.47,37.51,160935910,6010681344.0
2017-04-27,sh.601318,37.49,38.26,37.44,37.82,125005458,4732657408.0
2017-04-28,sh.601318,37.9,38.07,37.61,37.96,67866387,2568647824.0
2017-05-02,sh.601318,37.8,38.38,37.8,37.91,61932539,2359210192.0
2017-05-03,sh.601318,37.95,38.28,37.82,38.0,50538386,1920918768.0
2017-05-04,sh.601318,37.95,38.1,37.73,37.82,54857355,2080732896.0
2017-05-05,sh.601318,37.7,37.86,37.2,37.26,62397960,2337681712.0
2017-05-08,sh.601318,37.26,38.12,37.24,37.79,95293243,3609995312.0
2017-05-09,sh.601318,37.71,38.08,37.71,37.99,59518293,2258188096.0
2017-05-10,sh.601318,38.03,40.05,38.01,39.84,158920371,6249692928.0
2017-05-11,sh.601318,39.8,40.09,39.56,39.77,82779446,3296766912.0
2017-05-12,sh.601318,39.7,41.3,39.7,40.95,120017119,4897614080.0
2017-05-15,sh.601318,41.22,41.96,40.62,40.9,71622420,2960377184.0
2017-05-16,sh.601318,40.9,41.3,40.68,41.09,62986281,2582208688.0
2017-05-17,sh.601318,41.0,41.09,40.19,40.42,77910638,3156764512.0
2017-05-18,sh.601318,40.06,41.08,40.06,40.62,58167880,2368295168.0
2017-05-19,sh.601318,40.59,41.33,40.59,41.01,42046764,1727706880.0
2017-05-22,sh.601318,41.03,43.02,41.03,42.84,102557092,4349843968.0
2017-05-23,sh.601318,43.0,44.18,42.85,43.17,106099037,4628619008.0
2017-05-24,sh.601318,43.0,43.54,41.97,43.03,81351957,3491155440.0
2017-05-25,sh.601318,43.0,45.56,42.95,45.49,138989996,6178137344.0
2017-05-26,sh.601318,45.4,45.85,44.86,45.18,78361301,3547666752.0
2017-05-31,sh.601318,45.0,47.13,44.82,45.07,100997789,4624877824.0
2017-06-01,sh.601318,45.4,46.0,44.9,45.97,77236116,3513398064.0
2017-06-02,sh.601318,45.89,46.37,44.63,44.96,82633357,3734938416.0
2017-06-05,sh.601318,44.92,45.15,44.08,44.67,78000274,3468933936.0
2017-06-06,sh.601318,44.6,46.1,44.6,46.03,96716968,4383686400.0
2017-06-07,sh.601318,46.2,46.88,45.71,45.98,78820064,3645872256.0
2017-06-08,sh.601318,45.9,47.65,45.82,47.62,83217137,3899227568.0
2017-06-09,sh.601318,47.7,48.77,47.5,48.14,92567674,4462205696.0
2017-06-12,sh.601318,48.02,49.64,48.02,48.93,85959680,4199730272.0
2017-06-13,sh.601318,48.75,49.2,47.9,48.44,67046122,3245558608.0
2017-06-14,sh.601318,48.63,48.84,47.0,47.21,83401397,3974060288.0
2017-06-15,sh.601318,47.19,47.47,45.91,46.18,104198333,4833899776.0
2017-06-16,sh.601318,46.1,47.18,46.1,46.7,80723142,3777604448.0
2017-06-19,sh.601318,46.96,48.63,46.69,48.56,80848191,3869638240.0
2017-06-20,sh.601318,48.77,48.93,47.67,48.1,61635533,2962329664.0
2017-06-21,sh.601318,48.3,49.56,47.56,49.43,84975718,4147969136.0
2017-06-22,sh.601318,49.2,50.47,49.05,49.14,114646405,5715913216.0
2017-06-23,sh.601318,49.24,49.9,48.79,49.72,87371964,4310012160.0
2017-06-26,sh.601318,49.99,50.77,49.35,49.72,95319255,4760578560.0
2017-06-27,sh.601318,49.7,49.95,48.93,49.92,78083585,3855524448.0
2017-06-28,sh.601318,49.7,49.74,48.55,48.61,69132247,3393564256.0
2017-06-29,sh.601318,48.8,50.05,48.38,49.96,75322875,3715241200.0
2017-06-30,sh.601318,49.8,50.2,49.28,49.61,59863098,2974857808.0
2017-07-03,sh.601318,49.8,49.8,48.55,48.94,56319918,2755923280.0
2017-07-04,sh.601318,48.8,48.84,47.91,47.92,68392065,3299813376.0
2017-07-05,sh.601318,48.0,50.7,48.0,50.42,127253722,6293926144.0
2017-07-06,sh.601318,50.42,52.0,50.07,51.39,113781480,5793924096.0
2017-07-07,sh.601318,51.15,51.62,50.53,51.01,53392598,2727331056.0
2017-07-10,sh.601318,51.02,51.96,50.69,51.13,57077601,2938274368.0
2017-07-11,sh.601318,50.81,52.01,50.61,51.23,69953963,3600296752.0
2017-07-12,sh.601318,51.36,52.5,50.42,50.61,87011734,4490986496.0
2017-07-13,sh.601318,50.98,51.86,50.83,51.63,66534298,3418210960.0
2017-07-14,sh.601318,51.69,52.79,51.3,52.77,70779162,3681295008.0
2017-07-17,sh.601318,53.01,55.09,52.42,53.9,140879134,7585579264.0
2017-07-18,sh.601318,53.6,54.26,52.51,53.47,87902953,4697173760.0
2017-07-19,sh.601318,53.68,54.48,53.11,53.84,77118069,4138848112.0
2017-07-20,sh.601318,53.55,54.15,52.82,54.01,65919874,3528872928.0
2017-07-21,sh.601318,53.2,53.28,51.9,51.96,129479193,6811105792.0
2017-07-24,sh.601318,52.08,53.1,51.68,52.61,90459593,4749136640.0
2017-07-25,sh.601318,52.62,53.05,52.18,52.31,50683483,2670578608.0
2017-07-26,sh.601318,52.1,52.5,51.28,51.89,65761087,3403982464.0
2017-07-27,sh.601318,51.85,52.74,51.09,52.36,66713294,3456657888.0
2017-07-28,sh.601318,52.2,52.46,51.8,51.89,49129473,2557067856.0
2017-07-31,sh.601318,51.88,52.64,51.41,52.02,61600507,3210189248.0
2017-08-01,sh.601318,52.2,54.9,52.2,54.85,114793661,6170850560.0
2017-08-02,sh.601318,54.81,54.82,53.88,54.04,72381745,3925861504.0
2017-08-03,sh.601318,54.04,54.48,52.88,52.92,56531164,3036337552.0
2017-08-04,sh.601318,52.99,53.19,51.85,51.94,66608738,3494563808.0
2017-08-07,sh.601318,51.91,52.84,51.53,52.32,52385217,2738587952.0
2017-08-08,sh.601318,52.3,52.56,51.91,52.45,36732251,1917168048.0
2017-08-09,sh.601318,52.35,52.84,52.0,52.06,41073411,2149503760.0
2017-08-10,sh.601318,52.07,52.45,50.51,50.73,84642315,4333370624.0
2017-08-11,sh.601318,50.2,50.73,49.53,49.58,82814563,4147670928.0
2017-08-14,sh.601318,49.99,51.0,49.64,50.49,79149496,3992982208.0
2017-08-15,sh.601318,50.8,51.56,50.6,50.9,68084953,3482968112.0
2017-08-16,sh.601318,50.85,51.29,50.53,51.21,34085106,1735515856.0
2017-08-17,sh.601318,51.47,51.83,50.87,51.1,37471148,1922044256.0
2017-08-18,sh.601318,52.4,53.86,51.62,53.17,117642875,6204026624.0
2017-08-21,sh.601318,53.4,54.28,52.78,53.03,71615254,3834637728.0
2017-08-22,sh.601318,53.41,55.26,53.32,55.2,100989678,5503927296.0
2017-08-23,sh.601318,55.01,55.83,54.82,55.4,56488435,3124559296.0
2017-08-24,sh.601318,55.55,56.28,54.95,55.12,56065476,3111185232.0
2017-08-25,sh.601318,54.9,56.22,54.84,55.83,74310600,4147141456.0
2017-08-28,sh.601318,55.98,57.75,55.98,56.2,80329569,4571588864.0
2017-08-29,sh.601318,56.1,57.25,55.88,57.06,41677419,2365449408.0
2017-08-30,sh.601318,57.0,57.63,56.26,56.41,47027718,2668794016.0
2017-08-31,sh.601318,56.33,56.66,55.55,56.03,48095720,2694501056.0
2017-09-01,sh.601318,56.05,57.04,55.6,56.17,57108347,3213848064.0
2017-09-04,sh.601318,55.51,55.56,54.81,55.15,48405138,2668523952.0
2017-09-05,sh.601318,55.4,56.6,55.11,56.29,56376990,3153737504.0
2017-09-06,sh.601318,56.05,56.38,55.09,55.4,42406310,2354829568.0
2017-09-07,sh.601318,55.6,55.82,54.83,54.91,32974056,1818266128.0
2017-09-08,sh.601318,54.9,55.52,54.83,55.02,29032223,1601029312.0
2017-09-11,sh.601318,55.21,55.98,53.92,53.99,80409842,4405694720.0
2017-09-12,sh.601318,54.48,54.87,53.61,54.81,55595400,3018230917.0
2017-09-13,sh.601318,54.8,55.36,54.33,55.07,39806983,2188825236.0
2017-09-14,sh.601318,55.1,55.25,53.9,54.02,51019115,2769164300.0
2017-09-15,sh.601318,54.09,54.2,53.15,53.38,75425944,4035496824.0
2017-09-18,sh.601318,53.27,54.48,53.27,53.3,75400296,4045828546.0
2017-09-19,sh.601318,53.69,54.04,53.11,53.46,62150655,3322570961.0
2017-09-20,sh.601318,53.44,53.7,53.0,53.08,58718913,3132558755.0
2017-09-21,sh.601318,53.16,54.24,53.01,53.82,72709201,3909123212.0
2017-09-22,sh.601318,53.55,54.35,53.52,54.04,54947182,2965926964.0
2017-09-25,sh.601318,54.05,54.73,53.82,54.16,65794494,3572267811.0
2017-09-26,sh.601318,53.99,54.33,53.95,54.25,42795845,2317837253.0
2017-09-27,sh.601318,54.1,54.24,53.46,53.6,46898447,2525092409.0
2017-09-28,sh.601318,53.6,53.97,53.32,53.74,39773746,2134157815.0
2017-09-29,sh.601318,53.72,54.35,53.43,54.16,43417231,2345094281.0
2017-10-09,sh.601318,56.1,56.5,54.71,54.76,88236199,4894508072.0
2017-10-10,sh.601318,54.86,55.52,53.81,54.92,96068320,5234374162.0
2017-10-11,sh.601318,54.9,55.72,54.55,55.31,66452795,3671752167.0
2017-10-12,sh.601318,55.2,57.19,55.12,57.11,89855011,5060866914.0
2017-10-13,sh.601318,56.91,57.43,56.73,57.08,50815330,2898031536.0
2017-10-16,sh.601318,57.5,58.55,57.09,57.17,74976923,4336232571.0
2017-10-17,sh.601318,57.41,58.26,57.2,57.94,63781573,3687434212.0
2017-10-18,sh.601318,58.06,59.03,57.87,58.98,71037948,4156056201.0
2017-10-19,sh.601318,59.06,59.95,58.8,59.59,74113891,4412200243.0
2017-10-20,sh.601318,59.0,59.45,58.64,59.02,45688147,2696601759.0
2017-10-23,sh.601318,59.73,60.18,59.2,59.88,51239175,3066104021.0
2017-10-24,sh.601318,59.77,61.06,59.63,60.2,70533642,4268526176.0
2017-10-25,sh.601318,60.1,60.44,59.71,60.08,38645697,2322425400.0
2017-10-26,sh.601318,60.0,62.26,59.86,61.39,83684094,5137430623.0
2017-10-27,sh.601318,61.5,63.98,61.48,63.93,87686093,5509478165.0
2017-10-30,sh.601318,64.0,65.3,63.13,64.06,118383153,7608700684.0
2017-10-31,sh.601318,63.5,64.5,63.31,64.36,51366189,3284189902.0
2017-11-01,sh.601318,64.47,66.28,63.72,64.12,100111909,6497719273.0
2017-11-02,sh.601318,64.2,64.39,63.0,64.14,82494651,5249507427.0
2017-11-03,sh.601318,64.0,64.84,63.48,64.45,68143978,4374187708.0
2017-11-06,sh.601318,64.69,64.7,62.92,64.01,90857015,5784912562.0
2017-11-07,sh.601318,64.3,66.57,64.3,65.37,117356586,7697028238.0
2017-11-08,sh.601318,65.4,66.35,64.32,64.61,86782083,5669830793.0
2017-11-09,sh.601318,64.5,66.39,64.4,66.33,70866925,4620472310.0
2017-11-10,sh.601318,66.0,69.95,65.93,69.89,125406037,8577347652.0
2017-11-13,sh.601318,70.1,70.57,69.48,70.15,75220717,5267340967.0
2017-11-14,sh.601318,70.69,71.29,69.77,70.42,80174828,5652540362.0
2017-11-15,sh.601318,69.98,70.43,68.59,69.2,100945992,6990987895.0
2017-11-16,sh.601318,68.8,73.11,68.75,73.01,116376446,8269151220.0
2017-11-17,sh.601318,72.7,75.32,71.8,75.27,158039374,11680087761.0
2017-11-20,sh.601318,74.78,76.49,74.07,75.71,114128113,8583176574.0
2017-11-21,sh.601318,75.13,79.68,75.13,78.44,144556937,11268384879.0
2017-11-22,sh.601318,79.5,79.96,76.58,77.45,129348799,10124738589.0
2017-11-23,sh.601318,76.6,78.44,73.7,74.32,157621088,11946905532.0
2017-11-24,sh.601318,74.15,75.46,72.71,74.62,131784376,9752487038.0
2017-11-27,sh.601318,74.7,74.9,71.55,73.55,163723233,11979068075.0
2017-11-28,sh.601318,72.7,73.54,71.88,72.73,78646962,5710613283.0
2017-11-29,sh.601318,73.54,74.19,71.26,72.42,87500464,6358820396.0
2017-11-30,sh.601318,71.37,71.67,69.55,69.92,116373317,8210562529.0
2017-12-01,sh.601318,69.65,70.18,67.91,68.1,139304603,9600520278.0
2017-12-04,sh.601318,67.6,70.35,67.37,69.39,115928317,8019893921.0
2017-12-05,sh.601318,68.9,71.5,68.78,71.2,169253953,11943537965.0
2017-12-06,sh.601318,70.9,71.1,68.0,69.4,124560752,8683330184.0
2017-12-07,sh.601318,69.35,69.81,67.6,68.64,85970358,5882969802.0
2017-12-08,sh.601318,68.94,71.86,68.66,71.49,109563228,7706090993.0
2017-12-11,sh.601318,71.2,73.31,70.82,73.25,113992734,8230209835.0
2017-12-12,sh.601318,73.25,73.56,71.17,71.21,77790078,5624415243.0
2017-12-13,sh.601318,71.21,72.62,70.2,72.12,86511781,6180930487.0
2017-12-14,sh.601318,72.12,72.16,70.6,71.01,67618694,4821543307.0
2017-12-15,sh.601318,70.69,71.44,70.05,70.38,73554722,5203043803.0
2017-12-18,sh.601318,70.21,71.93,70.21,70.67,67911699,4819171120.0
2017-12-19,sh.601318,70.91,73.63,70.71,73.58,127058305,9235563922.0
2017-12-20,sh.601318,73.49,74.59,73.08,73.94,93938288,6929166001.0
2017-12-21,sh.601318,73.64,75.58,73.21,74.91,93470766,6973083823.0
2017-12-22,sh.601318,74.8,75.2,73.63,74.02,71952658,5340481047.0
2017-12-25,sh.601318,74.06,76.17,73.37,74.16,110997896,8271645257.0
2017-12-26,sh.601318,74.11,74.56,72.88,73.94,83228950,6125332824.0
2017-12-27,sh.601318,73.45,73.45,70.02,70.35,150683445,10782720389.0
2017-12-28,sh.601318,70.3,71.42,69.67,70.59,113088642,7984386864.0
2017-12-29,sh.601318,71.09,71.53,69.5,69.98,104001801,7316476634.0
2018-01-02,sh.601318,70.21,72.8,70.18,72.59,123616317,8873521553.0
2018-01-03,sh.601318,73.4,73.9,70.11,70.97,179405492,12887286352.0
2018-01-04,sh.601318,71.02,72.2,70.55,71.18,106115784,7558632047.0
2018-01-05,sh.601318,71.59,71.88,70.45,70.89,77207581,5478422385.0
2018-01-08,sh.601318,70.79,70.79,69.32,70.01,122872953,8582728348.0
2018-01-09,sh.601318,70.3,72.08,70.03,71.87,123949115,8846740744.0
2018-01-10,sh.601318,71.6,71.87,70.71,71.72,82812301,5908131847.0
2018-01-11,sh.601318,71.05,73.12,71.0,72.65,109628895,7942591596.0
2018-01-12,sh.601318,72.66,74.5,72.33,74.41,128266294,9412700286.0
2018-01-15,sh.601318,75.35,78.5,75.35,77.65,200659866,15506926306.0
2018-01-16,sh.601318,77.68,79.48,77.2,77.81,150164317,11730259422.0
2018-01-17,sh.601318,78.1,79.35,76.5,77.34,141357416,11007901753.0
2018-01-18,sh.601318,78.56,80.11,77.08,77.61,207447138,16276293928.0
2018-01-19,sh.601318,78.3,79.06,76.89,77.59,155380912,12121952907.0
2018-01-22,sh.601318,77.11,79.2,77.05,78.74,121588286,9519920005.0
2018-01-23,sh.601318,80.3,81.28,78.29,78.76,191989840,15307309842.0
2018-01-24,sh.601318,79.0,79.44,76.38,76.44,168914104,13089919947.0
2018-01-25,sh.601318,75.93,75.99,74.8,75.29,123439652,9292249846.0
2018-01-26,sh.601318,75.3,76.85,75.21,76.1,112554650,8558720967.0
2018-01-29,sh.601318,76.66,76.7,72.89,73.36,151784351,11341796885.0
2018-01-30,sh.601318,72.9,74.36,72.8,73.38,86781693,6389286977.0
2018-01-31,sh.601318,72.65,75.15,72.52,75.08,93472629,6959739461.0
2018-02-01,sh.601318,75.0,75.6,74.05,75.48,141576291,10624480475.0
2018-02-02,sh.601318,74.87,76.38,74.13,76.01,100758337,7592895872.0
2018-02-05,sh.601318,74.4,75.95,74.3,75.71,94805442,7124096934.0
2018-02-06,sh.601318,73.85,74.7,72.5,73.77,204966683,15035748671.0
2018-02-07,sh.601318,74.6,74.65,70.5,71.38,174784083,12632931016.0
2018-02-08,sh.601318,70.61,71.5,68.37,68.99,153010890,10664335041.0
2018-02-09,sh.601318,66.5,66.97,62.2,64.43,249202978,16087878594.0
2018-02-12,sh.601318,64.66,65.65,64.0,64.96,102961177,6677189824.0
2018-02-13,sh.601318,66.2,68.35,66.06,67.02,114795720,7736172612.0
2018-02-14,sh.601318,67.5,69.19,67.2,68.89,64650188,4399687785.0
2018-02-22,sh.601318,70.23,70.42,69.23,69.77,78364999,5477772497.0
2018-02-23,sh.601318,70.25,71.46,69.83,70.64,55601107,3929000289.0
2018-02-26,sh.601318,70.99,71.58,69.6,70.8,69384092,4900094210.0
2018-02-27,sh.601318,71.02,71.19,69.47,69.81,78099482,5485814912.0
2018-02-28,sh.601318,69.2,69.24,67.7,67.76,78217046,5354288636.0
2018-03-01,sh.601318,67.18,69.38,66.88,68.93,66329617,4535163832.0
2018-03-02,sh.601318,68.0,68.66,67.45,67.68,58143932,3950841316.0
2018-03-05,sh.601318,67.66,68.59,67.0,67.88,60982380,4123448692.0
2018-03-06,sh.601318,68.4,69.39,67.4,69.32,65707723,4498428233.0
2018-03-07,sh.601318,68.98,70.18,68.18,68.78,59055501,4086838910.0
2018-03-08,sh.601318,69.06,70.84,68.76,70.54,69268165,4847200944.0
2018-03-09,sh.601318,71.0,71.46,70.31,70.89,47622200,3371832639.0
2018-03-12,sh.601318,71.6,71.86,70.6,71.12,58335147,4159385529.0
2018-03-13,sh.601318,71.2,71.35,69.18,69.42,60949227,4270300750.0
2018-03-14,sh.601318,68.85,69.2,68.26,68.82,51476079,3538649610.0
2018-03-15,sh.601318,68.41,70.7,68.4,70.49,62711086,4389005513.0
2018-03-16,sh.601318,70.7,71.95,70.45,70.51,70132623,4999966474.0
2018-03-19,sh.601318,70.89,73.88,70.48,73.81,92449982,6687346253.0
2018-03-20,sh.601318,73.1,74.19,72.7,74.09,65977835,4847776967.0
2018-03-21,sh.601318,76.7,76.71,73.03,73.82,136748593,10277152012.0
2018-03-22,sh.601318,73.51,74.17,71.68,72.88,90287752,6578006315.0
2018-03-23,sh.601318,70.0,70.77,69.42,70.3,148695492,10435410981.0
2018-03-26,sh.601318,69.2,69.97,66.98,68.28,138098519,9441425605.0
2018-03-27,sh.601318,69.58,69.66,67.5,68.16,103992027,7111483067.0
2018-03-28,sh.601318,67.0,67.68,64.88,65.4,142078782,9380984826.0
2018-03-29,sh.601318,65.42,67.28,63.51,66.39,146254573,9514381379.0
2018-03-30,sh.601318,66.01,66.27,64.8,65.31,84202251,5499095858.0
2018-04-02,sh.601318,64.25,66.25,64.22,64.66,80555909,5242356770.0
2018-04-03,sh.601318,63.95,64.95,63.84,64.51,60407068,3885145804.0
2018-04-04,sh.601318,64.9,65.58,63.98,64.55,67998953,4414551485.0
2018-04-09,sh.601318,64.99,65.99,64.05,65.96,71614285,4679345562.0
2018-04-10,sh.601318,65.69,68.4,65.39,68.25,90513972,6064986129.0
2018-04-11,sh.601318,68.3,68.57,67.48,67.67,72092432,4894354063.0
2018-04-12,sh.601318,67.91,67.97,66.69,66.72,54450250,3659539916.0
2018-04-13,sh.601318,67.43,67.45,66.05,66.18,46638574,3114028929.0
2018-04-16,sh.601318,66.01,66.66,63.88,64.3,80963957,5244687540.0
2018-04-17,sh.601318,64.44,64.86,62.83,63.13,83167288,5312790696.0
2018-04-18,sh.601318,63.78,63.95,62.6,63.51,76484549,4841197668.0
2018-04-19,sh.601318,63.9,64.95,63.66,64.48,72647375,4680959624.0
2018-04-20,sh.601318,64.2,64.87,63.51,64.15,60334073,3871514930.0
2018-04-23,sh.601318,64.15,65.16,63.78,64.99,54446666,3516175405.0
2018-04-24,sh.601318,65.4,67.06,65.28,66.56,90695407,6024928823.0
2018-04-25,sh.601318,66.04,66.46,65.31,65.5,47782761,3141687154.0
2018-04-26,sh.601318,65.68,65.89,62.81,63.12,84155382,5364614954.0
2018-04-27,sh.601318,63.55,63.73,58.34,60.89,260286257,15747812239.0
2018-05-02,sh.601318,61.36,61.79,60.75,61.34,70890842,4341690751.0
2018-05-03,sh.601318,60.88,61.58,59.9,61.44,62912538,3831120277.0
2018-05-04,sh.601318,61.33,61.64,60.64,60.71,44158675,2694568405.0
2018-05-07,sh.601318,60.55,61.47,59.71,61.19,82944783,5035372512.0
2018-05-08,sh.601318,61.36,63.88,61.24,63.08,117472062,7388303870.0
2018-05-09,sh.601318,63.1,63.4,62.52,62.95,48443100,3048008852.0
2018-05-10,sh.601318,63.3,63.75,62.61,63.18,49817832,3143778292.0
2018-05-11,sh.601318,63.58,63.66,62.81,63.1,45210551,2859210137.0
2018-05-14,sh.601318,63.7,64.58,63.5,64.1,68370916,4387898493.0
2018-05-15,sh.601318,64.5,64.59,63.4,63.97,52952916,3376776321.0
2018-05-16,sh.601318,63.68,63.92,62.63,62.81,55951439,3539081154.0
2018-05-17,sh.601318,63.09,63.19,61.94,62.0,47778223,2981258093.0
2018-05-18,sh.601318,61.88,63.12,61.59,63.04,56625326,3532704058.0
2018-05-21,sh.601318,63.55,64.15,63.27,63.66,70506571,4492367179.0
2018-05-22,sh.601318,63.58,63.84,62.5,63.01,43769214,2757950408.0
2018-05-23,sh.601318,62.95,62.95,61.67,61.76,56915452,3531232659.0
2018-05-24,sh.601318,61.96,62.27,61.16,61.22,44151327,2725820768.0
2018-05-25,sh.601318,61.38,62.18,61.34,61.53,35392969,2183913985.0
2018-05-28,sh.601318,61.8,62.88,61.55,62.5,45894875,2861428758.0
2018-05-29,sh.601318,62.32,62.66,61.3,62.38,63647446,3944873803.0
2018-05-30,sh.601318,61.31,61.7,60.58,60.65,49083664,2998177225.0
2018-05-31,sh.601318,61.11,62.18,60.71,62.13,66538831,4096852001.0
2018-06-01,sh.601318,61.91,62.19,61.28,61.64,40800764,2516195954.0
2018-06-04,sh.601318,62.1,63.71,61.9,63.53,85889740,5418564799.0
2018-06-05,sh.601318,63.59,65.0,63.21,64.58,88517255,5683935967.0
2018-06-06,sh.601318,64.43,64.45,63.71,63.81,49022028,3140622782.0
2018-06-07,sh.601318,63.27,64.54,63.02,63.24,74626679,4763077383.0
2018-06-08,sh.601318,62.97,63.24,61.95,62.39,57939137,3617103478.0
2018-06-11,sh.601318,62.25,63.2,61.85,63.03,51280313,3204236377.0
2018-06-12,sh.601318,63.2,64.25,62.82,63.9,76355925,4866437060.0
2018-06-13,sh.601318,63.8,63.91,63.35,63.75,45905326,2922589416.0
2018-06-14,sh.601318,63.58,65.35,63.45,64.44,79848471,5164445267.0
2018-06-15,sh.601318,64.1,65.16,64.02,64.63,66658272,4315505697.0
2018-06-19,sh.601318,63.8,64.2,61.8,62.09,127826360,8087342652.0
2018-06-20,sh.601318,61.9,62.54,60.78,61.85,74319522,4589333023.0
2018-06-21,sh.601318,61.86,62.56,61.0,61.09,60549396,3743256874.0
2018-06-22,sh.601318,60.6,61.5,60.6,61.07,46537639,2837582693.0
2018-06-25,sh.601318,61.28,61.35,59.6,59.79,60749672,3673033330.0
2018-06-26,sh.601318,59.1,59.61,57.8,59.24,71792764,4222114929.0
2018-06-27,sh.601318,59.1,59.45,57.44,57.5,69708410,4051818403.0
2018-06-28,sh.601318,57.11,57.95,56.53,56.83,73599124,4196752214.0
2018-06-29,sh.601318,57.12,58.63,57.1,58.58,64511204,3729377800.0
2018-07-02,sh.601318,58.28,58.28,54.65,55.22,90018916,5082587156.0
2018-07-03,sh.601318,55.6,56.56,54.33,56.34,94916701,5276896813.0
2018-07-04,sh.601318,56.23,56.88,55.37,55.52,51949368,2909529851.0
2018-07-05,sh.601318,55.7,56.27,55.18,55.53,54843432,3054478672.0
2018-07-06,sh.601318,55.98,57.65,55.54,56.94,82431119,4674671786.0
2018-07-09,sh.601318,57.6,58.91,57.2,58.88,69604304,4054246964.0
2018-07-10,sh.601318,59.0,59.05,57.55,58.18,55562743,3233279752.0
2018-07-11,sh.601318,56.75,57.51,56.56,57.09,47378185,2701645194.0
2018-07-12,sh.601318,57.24,58.89,57.24,58.38,64770763,3777942008.0
2018-07-13,sh.601318,58.77,58.92,58.28,58.54,39378546,2307228865.0
2018-07-16,sh.601318,58.3,58.78,57.38,57.72,43194208,2494024299.0
2018-07-17,sh.601318,57.9,58.26,57.42,58.02,37994302,2195501138.0
2018-07-18,sh.601318,58.28,59.11,57.75,57.81,46448505,2717273919.0
2018-07-19,sh.601318,58.36,59.3,58.35,58.71,70369903,4143173505.0
2018-07-20,sh.601318,58.6,61.61,58.23,60.84,106935078,6433573521.0
2018-07-23,sh.601318,60.35,61.6,60.25,61.08,80457337,4898411219.0
2018-07-24,sh.601318,61.06,63.0,61.03,61.74,83684707,5207884860.0
2018-07-25,sh.601318,62.23,62.24,61.4,62.16,40900624,2529701219.0
2018-07-26,sh.601318,62.28,62.48,60.68,60.8,48259331,2960086715.0
2018-07-27,sh.601318,60.98,61.33,60.57,60.87,33417159,2037644574.0
2018-07-30,sh.601318,60.9,61.92,60.75,61.56,37637018,2303730924.0
2018-07-31,sh.601318,61.6,61.89,60.82,61.6,26069859,1600697232.0
2018-08-01,sh.601318,61.8,62.41,59.62,59.7,56343432,3440050571.0
2018-08-02,sh.601318,59.41,59.49,57.8,58.26,64680428,3782255927.0
2018-08-03,sh.601318,58.43,58.76,57.78,57.82,36208330,2109021439.0
2018-08-06,sh.601318,57.81,58.86,57.36,57.83,41978566,2438442832.0
2018-08-07,sh.601318,58.11,59.6,57.96,59.56,56186121,3306492624.0
2018-08-08,sh.601318,59.55,59.7,58.19,58.38,41210911,2426952929.0
2018-08-09,sh.601318,58.38,60.99,58.18,60.62,63543307,3820214646.0
2018-08-10,sh.601318,60.56,60.96,59.83,60.44,34904151,2108590693.0
2018-08-13,sh.601318,59.8,59.85,58.66,59.55,45464948,2692879775.0
2018-08-14,sh.601318,59.56,59.72,58.58,59.05,30874067,1824184784.0
2018-08-15,sh.601318,59.03,59.05,56.67,57.03,61374792,3531927672.0
2018-08-16,sh.601318,56.38,57.95,55.88,56.98,47507498,2710351662.0
2018-08-17,sh.601318,57.7,57.82,56.46,56.58,35136005,2009697401.0
2018-08-20,sh.601318,56.94,57.82,56.76,57.81,46214266,2653996237.0
2018-08-21,sh.601318,57.86,59.65,57.86,59.42,63665064,3768112543.0
2018-08-22,sh.601318,61.28,61.5,60.37,60.93,104185714,6355540682.0
2018-08-23,sh.601318,61.01,62.38,61.01,62.13,75611130,4682981908.0
2018-08-24,sh.601318,61.7,63.33,61.5,62.47,57263151,3574475333.0
2018-08-27,sh.601318,63.08,63.68,62.72,63.47,58579343,3706028568.0
2018-08-28,sh.601318,63.8,63.84,62.6,62.9,42494421,2683512093.0
2018-08-29,sh.601318,62.68,63.3,62.65,63.01,27892679,1757300920.0
2018-08-30,sh.601318,63.5,64.05,63.02,63.16,45849633,2916938041.0
2018-08-31,sh.601318,62.4,63.43,62.2,62.98,52111400,3273908661.0
2018-09-03,sh.601318,62.6,63.0,62.11,62.73,32379059,2027395425.0
2018-09-04,sh.601318,62.85,64.93,62.54,64.8,65837878,4208358192.0
2018-09-05,sh.601318,64.41,64.64,62.8,62.8,50743718,3235414305.0
2018-09-06,sh.601318,62.1,62.52,61.01,61.32,45742629,2827435706.0
2018-09-07,sh.601318,61.88,63.5,61.6,62.78,49471165,3105514558.0
2018-09-10,sh.601318,62.6,62.87,61.6,62.03,32339001,2008532822.0
2018-09-11,sh.601318,62.0,62.58,61.25,61.68,34707057,2147831325.0
2018-09-12,sh.601318,61.31,61.46,60.28,60.6,43546028,2644081431.0
2018-09-13,sh.601318,61.78,62.4,61.01,62.4,53884697,3328513240.0
2018-09-14,sh.601318,62.57,63.76,62.42,63.3,55837041,3529776705.0
2018-09-17,sh.601318,62.3,63.18,62.25,62.51,26959587,1686602295.0
2018-09-18,sh.601318,62.15,64.3,62.1,64.12,63556933,4033820471.0
2018-09-19,sh.601318,64.09,65.8,63.81,65.15,83470507,5411874454.0
2018-09-20,sh.601318,65.2,65.56,64.61,64.8,41892378,2721332741.0
2018-09-21,sh.601318,65.28,67.5,64.97,67.49,81043109,5386807332.0
2018-09-25,sh.601318,66.9,67.73,66.48,67.19,57810389,3878568209.0
2018-09-26,sh.601318,67.23,69.0,66.83,67.96,90852551,6186718195.0
2018-09-27,sh.601318,67.73,67.75,66.86,67.2,62357433,4190581061.0
2018-09-28,sh.601318,67.5,69.1,67.44,68.5,73952387,5052835863.0
2018-10-08,sh.601318,66.8,66.84,64.71,64.78,112844471,7402497487.0
2018-10-09,sh.601318,64.63,65.38,64.33,65.0,48631908,3155728031.0
2018-10-10,sh.601318,65.09,65.58,64.2,64.65,58279902,3780647727.0
2018-10-11,sh.601318,62.1,63.2,61.38,61.85,114532745,7141404125.0
2018-10-12,sh.601318,62.5,64.25,62.3,63.87,77461671,4901391148.0
2018-10-15,sh.601318,63.9,64.44,63.09,63.2,53974326,3437483874.0
2018-10-16,sh.601318,63.35,65.18,63.33,64.0,58403499,3761333740.0
2018-10-17,sh.601318,65.17,65.32,62.41,64.16,76140192,4861851849.0
2018-10-18,sh.601318,63.49,63.52,62.25,62.45,60301984,3788520129.0
2018-10-19,sh.601318,61.99,66.1,61.88,65.62,113881516,7314843218.0
2018-10-22,sh.601318,66.01,69.42,65.62,67.93,161688174,10961620260.0
2018-10-23,sh.601318,68.0,68.32,64.88,65.51,117213446,7814653832.0
2018-10-24,sh.601318,65.78,67.85,65.56,66.25,81063205,5398315014.0
2018-10-25,sh.601318,64.2,66.66,64.2,66.66,73620253,4816111122.0
2018-10-26,sh.601318,66.3,66.77,64.38,65.54,79741104,5212551961.0
2018-10-29,sh.601318,65.87,65.99,61.9,62.0,121641942,7666491234.0
2018-10-30,sh.601318,60.0,64.63,59.5,62.8,126920829,7969650420.0
2018-10-31,sh.601318,63.01,63.95,62.16,63.63,78283525,4948893033.0
2018-11-01,sh.601318,64.22,65.5,64.08,64.3,68987109,4463737106.0
2018-11-02,sh.601318,66.92,67.35,65.55,67.35,117394937,7821171766.0
2018-11-05,sh.601318,66.5,67.05,65.7,66.58,54713186,3634382539.0
2018-11-06,sh.601318,66.2,66.8,65.8,66.8,38508185,2553280683.0
2018-11-07,sh.601318,66.89,67.34,65.9,66.12,51065843,3393066441.0
2018-11-08,sh.601318,66.93,67.17,66.0,66.3,50494617,3364558944.0
2018-11-09,sh.601318,65.75,65.98,64.38,64.62,54468970,3544347557.0
2018-11-12,sh.601318,64.4,65.14,63.75,64.66,45851164,2956910272.0
2018-11-13,sh.601318,63.78,65.57,63.5,65.01,52099795,3362080743.0
2018-11-14,sh.601318,65.05,65.09,63.6,63.95,57381407,3680152361.0
2018-11-15,sh.601318,64.0,65.14,63.77,65.1,50057986,3231462676.0
2018-11-16,sh.601318,65.0,66.39,64.69,65.25,61987908,4063786057.0
2018-11-19,sh.601318,65.25,66.2,64.8,65.72,50762891,3324370817.0
2018-11-20,sh.601318,65.0,65.44,63.91,64.1,59176258,3810974173.0
2018-11-21,sh.601318,63.53,64.14,63.53,64.01,38524931,2459066015.0
2018-11-22,sh.601318,64.18,64.2,62.82,63.14,44368353,2803339519.0
2018-11-23,sh.601318,63.15,63.59,62.52,62.64,37233517,2339115029.0
2018-11-26,sh.601318,63.0,63.87,62.8,63.2,36998907,2340406531.0
2018-11-27,sh.601318,63.31,63.88,62.91,63.11,37559684,2377828917.0
2018-11-28,sh.601318,63.12,63.96,63.01,63.77,41169032,2616356268.0
2018-11-29,sh.601318,64.3,64.38,63.0,63.05,38665389,2460470881.0
2018-11-30,sh.601318,63.06,63.65,62.9,63.49,34917109,2212885743.0
2018-12-03,sh.601318,65.2,66.05,64.77,64.99,112194302,7325910545.0
2018-12-04,sh.601318,64.95,65.08,64.16,64.89,56247314,3640115194.0
2018-12-05,sh.601318,64.05,64.6,63.98,64.25,45020712,2892938998.0
2018-12-06,sh.601318,63.66,63.88,62.89,63.0,58586513,3710782048.0
2018-12-07,sh.601318,63.32,63.53,62.98,63.0,27029717,1709048611.0
2018-12-10,sh.601318,62.5,62.68,61.82,62.18,49465059,3075386868.0
2018-12-11,sh.601318,62.18,62.57,61.82,62.17,41994888,2605529172.0
2018-12-12,sh.601318,62.8,62.83,62.04,62.46,38739232,2415069230.0
2018-12-13,sh.601318,62.7,63.5,62.4,63.2,78275417,4938706633.0
2018-12-14,sh.601318,62.9,62.94,61.73,61.94,75075554,4664205074.0
2018-12-17,sh.601318,61.87,62.26,61.03,61.27,71213138,4372511195.0
2018-12-18,sh.601318,60.9,61.68,60.47,60.85,53230206,3244689448.0
2018-12-19,sh.601318,61.0,61.26,59.88,60.12,51553816,3118190766.0
2018-12-20,sh.601318,59.95,60.18,58.58,59.0,80695579,4779472466.0
2018-12-21,sh.601318,58.75,58.85,57.45,58.34,73912789,4287044788.0
2018-12-24,sh.601318,58.0,58.3,57.75,58.25,35874842,2084472986.0
2018-12-25,sh.601318,57.54,58.78,56.88,58.21,66463319,3837466568.0
2018-12-26,sh.601318,58.17,58.25,57.2,57.3,39782133,2293584057.0
2018-12-27,sh.601318,58.28,58.38,56.9,56.9,75189050,4329636520.0
2018-12-28,sh.601318,57.0,57.23,56.1,56.1,91498805,5177718206.0
2019-01-02,sh.601318,56.04,56.18,54.94,55.18,82554243,4573024812.0
2019-01-03,sh.601318,55.15,56.33,55.06,55.68,69271124,3864646451.0
2019-01-04,sh.601318,55.28,57.0,55.23,56.59,112985585,6376773583.0
2019-01-07,sh.601318,57.09,57.17,55.9,56.3,76593007,4326151604.0
2019-01-08,sh.601318,56.05,56.09,55.2,55.8,55992092,3116381576.0
2019-01-09,sh.601318,56.2,57.6,55.96,56.95,81914613,4673997766.0
2019-01-10,sh.601318,56.87,57.82,56.55,57.5,67328223,3858446844.0
2019-01-11,sh.601318,58.0,58.29,57.5,58.07,45756973,2650921529.0
2019-01-14,sh.601318,57.74,57.95,56.9,57.12,47532651,2723611890.0
2019-01-15,sh.601318,57.26,58.69,57.06,58.59,58626487,3413728308.0
2019-01-16,sh.601318,58.42,58.96,58.01,58.74,40411183,2368178488.0
2019-01-17,sh.601318,59.05,59.8,58.56,58.73,53505039,3168128862.0
2019-01-18,sh.601318,59.23,60.02,58.69,59.92,56175665,3350801454.0
2019-01-21,sh.601318,59.93,61.11,59.85,60.79,55984277,3395168935.0
2019-01-22,sh.601318,60.6,60.64,59.74,60.07,41950761,2524729521.0
2019-01-23,sh.601318,59.82,60.4,59.45,59.49,37493263,2243882420.0
2019-01-24,sh.601318,59.61,60.52,59.22,60.43,44940618,2694967118.0
2019-01-25,sh.601318,60.5,61.78,60.43,61.29,67245911,4129885331.0
2019-01-28,sh.601318,61.8,62.41,61.2,61.52,58164884,3603129774.0
2019-01-29,sh.601318,61.38,61.9,60.98,61.65,39519294,2428493652.0
2019-01-30,sh.601318,60.88,61.86,60.78,61.25,31000323,1904411131.0
2019-01-31,sh.601318,61.8,63.19,61.55,62.98,69226532,4336690723.0
2019-02-01,sh.601318,63.5,63.78,62.85,63.21,43792470,2771783993.0
2019-02-11,sh.601318,62.88,64.51,62.88,64.39,54181551,3456061479.0
2019-02-12,sh.601318,64.4,64.42,63.69,64.27,38519306,2468628211.0
2019-02-13,sh.601318,64.66,65.4,64.03,65.02,57865813,3743367744.0
2019-02-14,sh.601318,64.88,65.4,64.78,65.1,39620277,2577578444.0
2019-02-15,sh.601318,64.8,65.01,63.22,63.25,53401148,3418044695.0
2019-02-18,sh.601318,63.9,65.42,63.78,65.29,72136106,4677674823.0
2019-02-19,sh.601318,65.58,67.27,65.28,65.68,78595146,5198252133.0
2019-02-20,sh.601318,66.3,66.38,65.19,65.88,39350882,2592496357.0
2019-02-21,sh.601318,65.8,66.68,65.09,65.39,54369401,3588406874.0
2019-02-22,sh.601318,65.36,67.07,64.8,67.02,76221888,5022163621.0
2019-02-25,sh.601318,68.22,73.0,68.14,73.0,222238240,15601216189.0
2019-02-26,sh.601318,71.71,72.6,69.92,70.01,155563881,11039492176.0
2019-02-27,sh.601318,70.3,71.43,68.99,69.98,101766358,7169557279.0
2019-02-28,sh.601318,69.98,70.95,69.41,70.01,59888970,4212441293.0
2019-03-01,sh.601318,70.69,72.6,70.25,72.39,92075183,6586194402.0
2019-03-04,sh.601318,73.0,75.1,72.21,72.58,126327504,9279004181.0
2019-03-05,sh.601318,72.48,72.74,71.57,72.07,65968035,4759711070.0
2019-03-06,sh.601318,72.39,72.48,71.11,72.16,78465361,5640683407.0
2019-03-07,sh.601318,72.15,72.15,70.0,70.29,101347308,7171432249.0
2019-03-08,sh.601318,68.66,70.2,68.25,68.7,91325604,6295287173.0
2019-03-11,sh.601318,68.8,69.69,68.22,68.79,75185765,5173828938.0
2019-03-12,sh.601318,69.6,70.92,68.96,69.25,96921901,6776280865.0
2019-03-13,sh.601318,71.38,72.1,70.27,71.54,140546408,10026174511.0
2019-03-14,sh.601318,71.77,73.2,71.7,72.8,105597033,7670039178.0
2019-03-15,sh.601318,73.1,75.5,73.08,73.85,125524638,9342867722.0
2019-03-18,sh.601318,74.43,75.34,73.45,75.0,115639210,8622875430.0
2019-03-19,sh.601318,75.73,76.85,74.96,75.35,101209656,7669753047.0
2019-03-20,sh.601318,75.06,77.48,74.75,76.55,107843910,8223832015.0
2019-03-21,sh.601318,77.0,77.25,75.6,75.8,84625878,6432258633.0
2019-03-22,sh.601318,75.76,76.26,74.06,74.72,77200428,5793145970.0
2019-03-25,sh.601318,73.41,73.99,72.18,72.29,99105240,7240888365.0
2019-03-26,sh.601318,72.99,73.23,72.15,72.69,63447472,4610495784.0
2019-03-27,sh.601318,73.2,74.63,72.7,74.22,75981776,5612313473.0
2019-03-28,sh.601318,73.4,73.94,72.88,73.4,48420875,3553347624.0
2019-03-29,sh.601318,74.1,77.1,74.1,77.1,142935526,10870048907.0
2019-04-01,sh.601318,78.0,79.23,77.5,78.6,116811347,9182647666.0
2019-04-02,sh.601318,78.54,79.0,78.05,78.96,77117540,6059549184.0
2019-04-03,sh.601318,78.48,80.15,78.37,79.86,76021980,6045909504.0
2019-04-04,sh.601318,80.08,80.96,79.25,80.2,79562603,6378852748.0
2019-04-08,sh.601318,80.7,82.25,80.02,80.59,91612230,7448621190.0
2019-04-09,sh.601318,80.4,82.0,80.37,81.1,60173789,4887104136.0
2019-04-10,sh.601318,80.8,82.11,79.66,82.03,78362038,6347140293.0
2019-04-11,sh.601318,82.65,83.62,80.16,80.71,75662885,6180144016.0
2019-04-12,sh.601318,80.35,81.16,79.9,80.44,52677940,4235942763.0
2019-04-15,sh.601318,82.23,83.88,81.6,81.66,98995302,8203396924.0
2019-04-16,sh.601318,81.22,85.13,80.9,85.01,103622277,8642148123.0
2019-04-17,sh.601318,84.92,85.35,83.8,84.48,63191560,5350101242.0
2019-04-18,sh.601318,84.69,85.02,83.88,84.3,39728704,3354513849.0
2019-04-19,sh.601318,85.27,87.0,84.2,87.0,78913196,6768190588.0
2019-04-22,sh.601318,87.22,88.09,84.5,84.96,93211520,8032960471.0
2019-04-23,sh.601318,84.75,87.38,84.5,86.06,67811637,5833032636.0
2019-04-24,sh.601318,86.08,86.88,83.55,85.03,81285189,6916666438.0
2019-04-25,sh.601318,84.35,84.99,83.15,83.4,65576928,5505578220.0
2019-04-26,sh.601318,83.0,84.43,82.8,83.11,64895907,5424636666.0
2019-04-29,sh.601318,83.88,87.13,83.3,86.43,94657603,8097224931.0
2019-04-30,sh.601318,86.5,87.48,84.53,86.1,91790202,7894165649.0
2019-05-06,sh.601318,82.8,83.6,79.66,81.2,180860945,14725465894.0
2019-05-07,sh.601318,81.78,82.28,79.89,81.17,97495129,7910860379.0
2019-05-08,sh.601318,78.73,80.55,78.38,78.78,86837572,6904377645.0
2019-05-09,sh.601318,78.26,78.26,76.11,76.66,112572186,8689046105.0
2019-05-10,sh.601318,77.95,81.87,77.3,81.38,139209828,11083158281.0
2019-05-13,sh.601318,79.25,80.18,78.5,78.65,84235081,6668703693.0
2019-05-14,sh.601318,77.96,79.4,77.85,78.3,78278137,6165448232.0
2019-05-15,sh.601318,78.95,81.37,78.9,80.54,80330024,6430783480.0
2019-05-16,sh.601318,80.82,81.53,80.0,80.97,63083136,5101228351.0
2019-05-17,sh.601318,81.06,81.2,78.98,79.1,68580202,5464921484.0
2019-05-20,sh.601318,78.5,79.28,77.19,77.87,74500390,5810214619.0
2019-05-21,sh.601318,78.05,79.25,77.68,78.2,63019796,4945455898.0
2019-05-22,sh.601318,78.22,78.5,77.2,77.64,51673193,4013374792.0
2019-05-23,sh.601318,76.5,76.83,75.05,75.44,64567076,4884305938.0
2019-05-24,sh.601318,75.9,77.27,75.8,76.5,51235315,3923969868.0
2019-05-27,sh.601318,76.25,77.66,75.35,77.18,58973173,4515690456.0
2019-05-28,sh.601318,77.44,78.77,77.21,78.19,89383992,6978721843.0
2019-05-29,sh.601318,77.5,80.98,77.18,79.78,96827316,7677708159.0
2019-05-30,sh.601318,79.4,79.75,78.59,79.09,48847670,3863896327.0
2019-05-31,sh.601318,79.15,80.57,79.0,79.0,49666990,3960219553.0
2019-06-03,sh.601318,79.77,80.2,78.69,79.25,52130833,4135810656.0
2019-06-04,sh.601318,79.18,79.48,77.86,77.97,51212147,4016614538.0
2019-06-05,sh.601318,78.75,78.9,77.46,77.5,48717131,3810584967.0
2019-06-06,sh.601318,77.75,77.9,76.88,77.11,42252296,3268509624.0
2019-06-10,sh.601318,77.79,79.38,77.49,79.1,64574804,5078787335.0
2019-06-11,sh.601318,79.26,81.91,79.13,81.7,94131765,7598394618.0
2019-06-12,sh.601318,81.1,81.42,80.33,80.52,47795293,3861456619.0
2019-06-13,sh.601318,80.8,81.0,79.8,80.49,46145583,3708068738.0
2019-06-14,sh.601318,80.51,81.05,79.67,79.75,40873298,3280402761.0
2019-06-17,sh.601318,79.8,80.67,79.5,79.92,36388172,2914253957.0
2019-06-18,sh.601318,80.12,81.18,79.85,80.97,46407362,3741319743.0
2019-06-19,sh.601318,84.01,84.57,83.5,83.54,111871582,9389806918.0
2019-06-20,sh.601318,83.92,88.5,83.92,88.5,153321332,13312984390.0
2019-06-21,sh.601318,87.95,88.56,87.23,87.97,85806014,7534703117.0
2019-06-24,sh.601318,87.9,88.54,87.22,88.21,59405200,5226583057.0
2019-06-25,sh.601318,88.1,88.18,85.32,86.63,105193653,9119809214.0
2019-06-26,sh.601318,86.75,87.3,86.4,86.4,45763035,3973049206.0
2019-06-27,sh.601318,87.0,88.47,86.99,88.05,81454553,7159650023.0
2019-06-28,sh.601318,87.96,89.32,87.63,88.61,59553439,5265100136.0
2019-07-01,sh.601318,90.6,92.47,90.6,91.84,92609753,8488849611.0
2019-07-02,sh.601318,91.69,91.69,90.88,91.06,60649656,5535115699.0
2019-07-03,sh.601318,91.16,91.6,89.8,90.66,65098801,5908542213.0
2019-07-04,sh.601318,90.7,91.14,89.35,89.9,59366727,5341056830.0
2019-07-05,sh.601318,90.0,91.14,89.83,90.85,51052242,4623825137.0
2019-07-08,sh.601318,89.99,89.99,87.78,88.59,78776550,6981871334.0
2019-07-09,sh.601318,88.68,88.85,86.99,87.53,55703430,4890272738.0
2019-07-10,sh.601318,88.19,88.21,87.52,87.88,35616458,3128598068.0
2019-07-11,sh.601318,88.49,89.3,87.69,87.98,51486886,4553497823.0
2019-07-12,sh.601318,88.15,89.47,88.15,88.75,57671774,5130242055.0
2019-07-15,sh.601318,88.1,88.77,86.62,88.08,59452589,5209370935.0
2019-07-16,sh.601318,87.97,88.18,86.9,86.95,43086922,3758156348.0
2019-07-17,sh.601318,86.95,87.58,86.4,86.99,43834956,3808604487.0
2019-07-18,sh.601318,86.6,87.39,86.33,86.73,37781666,3283524659.0
2019-07-19,sh.601318,87.31,88.7,87.31,88.35,60359099,5322866936.0
2019-07-22,sh.601318,88.32,88.98,87.68,87.68,42622726,3763713785.0
2019-07-23,sh.601318,87.91,88.2,87.1,87.5,38182988,3342183667.0
2019-07-24,sh.601318,87.97,89.46,87.8,88.85,59457876,5285935227.0
2019-07-25,sh.601318,89.1,89.55,88.54,89.41,45606184,4065314394.0
2019-07-26,sh.601318,88.82,90.17,88.82,90.1,46153438,4145210524.0
2019-07-29,sh.601318,89.84,90.08,89.05,89.45,36824643,3294553172.0
2019-07-30,sh.601318,90.35,90.9,89.68,89.98,46479947,4198043686.0
2019-07-31,sh.601318,89.41,89.5,87.88,88.09,59275484,5249081796.0
2019-08-01,sh.601318,87.5,88.34,87.01,87.51,42759682,3743916591.0
2019-08-02,sh.601318,86.1,86.49,85.5,86.03,72897093,6268998438.0
2019-08-05,sh.601318,85.06,85.86,84.58,84.61,68484703,5821899847.0
2019-08-06,sh.601318,83.1,84.88,82.15,84.51,101034081,8429945011.0
2019-08-07,sh.601318,84.81,84.95,83.35,83.47,53235572,4470107316.0
2019-08-08,sh.601318,83.99,84.55,83.4,84.51,56726429,4770686076.0
2019-08-09,sh.601318,85.1,85.28,84.02,84.35,44936180,3800362685.0
2019-08-12,sh.601318,84.46,86.77,84.46,86.5,59423858,5084372810.0
2019-08-13,sh.601318,85.95,86.25,84.77,85.01,51501773,4401472137.0
2019-08-14,sh.601318,86.38,86.57,85.01,85.04,53336342,4576817836.0
2019-08-15,sh.601318,83.8,86.34,83.53,86.31,70227378,5987124720.0
2019-08-16,sh.601318,87.0,88.3,86.35,87.46,93231155,8148943124.0
2019-08-19,sh.601318,88.3,88.46,87.25,88.45,83735472,7360284611.0
2019-08-20,sh.601318,88.3,88.33,87.62,87.94,50439359,4435790961.0
2019-08-21,sh.601318,87.65,88.17,87.35,87.73,33532073,2943814928.0
2019-08-22,sh.601318,87.86,88.08,87.4,87.98,36503738,3202804688.0
2019-08-23,sh.601318,87.95,90.26,87.82,89.89,88568977,7930036407.0
2019-08-26,sh.601318,88.3,88.6,87.15,87.5,99026844,8701773329.0
2019-08-27,sh.601318,88.05,88.8,87.57,87.68,76782700,6765874677.0
2019-08-28,sh.601318,87.61,87.92,86.85,86.9,51609230,4497895399.0
2019-08-29,sh.601318,87.15,87.48,86.17,86.7,46433200,4028377004.0
2019-08-30,sh.601318,87.7,88.15,86.41,87.32,56465513,4932841956.0
2019-09-02,sh.601318,87.0,88.88,86.88,88.5,63580615,5619499370.0
2019-09-03,sh.601318,88.6,88.9,87.79,88.25,51275196,4525884596.0
2019-09-04,sh.601318,87.83,88.4,87.22,88.3,60595398,5325414023.0
2019-09-05,sh.601318,88.8,90.31,88.31,89.23,100756554,9016307901.0
2019-09-06,sh.601318,89.95,90.7,89.28,90.7,68875243,6204699653.0
2019-09-09,sh.601318,91.37,91.53,89.98,90.4,70240149,6374337298.0
2019-09-10,sh.601318,90.49,90.55,88.9,89.44,48454825,4336398320.0
2019-09-11,sh.601318,89.8,90.08,88.75,89.56,45586002,4081637789.0
2019-09-12,sh.601318,90.09,92.5,89.75,92.34,79304852,7231017511.0
2019-09-16,sh.601318,92.3,92.33,91.12,91.35,54841299,5026202112.0
2019-09-17,sh.601318,90.9,90.92,89.22,89.52,64033353,5773323708.0
2019-09-18,sh.601318,89.82,90.48,89.58,90.0,41977115,3778486404.0
2019-09-19,sh.601318,90.5,90.62,89.01,89.6,42158001,3773996564.0
2019-09-20,sh.601318,89.89,90.29,89.45,89.85,45692318,4105057124.0
2019-09-23,sh.601318,89.44,89.44,88.15,88.91,51366718,4548689259.0
2019-09-24,sh.601318,89.0,89.41,88.4,88.95,40535098,3607588863.0
2019-09-25,sh.601318,88.39,89.17,88.15,88.78,38858400,3446057682.0
2019-09-26,sh.601318,89.2,89.77,88.33,88.35,48637079,4330579276.0
2019-09-27,sh.601318,88.53,88.68,87.88,88.3,32955411,2904720762.0
2019-09-30,sh.601318,87.94,88.19,87.01,87.04,46078453,4034487316.0
2019-10-08,sh.601318,87.14,88.72,87.1,88.0,40531309,3569131700.0
2019-10-09,sh.601318,87.44,88.6,87.33,88.18,36058049,3172233255.0
2019-10-10,sh.601318,88.19,88.65,87.51,88.5,34092732,3007521492.0
2019-10-11,sh.601318,88.89,90.27,88.5,89.9,60047559,5375760781.0
2019-10-14,sh.601318,90.8,91.45,90.18,90.45,63044309,5727381883.0
2019-10-15,sh.601318,90.8,90.8,89.94,90.2,35087394,3166954955.0
2019-10-16,sh.601318,90.7,91.82,90.48,90.58,49907711,4545146043.0
2019-10-17,sh.601318,91.2,92.17,90.6,91.72,61942504,5676854079.0
2019-10-18,sh.601318,92.3,92.45,89.68,89.75,59091288,5362644272.0
2019-10-21,sh.601318,89.47,90.45,88.93,90.07,36089979,3244118888.0
2019-10-22,sh.601318,90.79,90.79,89.58,90.29,31078867,2799494104.0
2019-10-23,sh.601318,90.2,90.63,89.21,89.5,31879766,2865170064.0
2019-10-24,sh.601318,89.85,90.04,88.95,89.8,36053744,3227250654.0
2019-10-25,sh.601318,88.0,88.47,87.1,88.0,112919539,9913999269.0
2019-10-28,sh.601318,88.39,88.87,87.87,88.64,65103168,5752480357.0
2019-10-29,sh.601318,88.67,89.04,87.96,88.2,43155769,3820534875.0
2019-10-30,sh.601318,88.0,88.37,87.67,87.95,43651663,3841077900.0
2019-10-31,sh.601318,87.8,88.71,87.8,88.12,37368766,3300159121.0
2019-11-01,sh.601318,88.12,90.06,88.01,90.04,65094033,5816594688.0
2019-11-04,sh.601318,90.35,90.64,89.91,90.29,50570567,4563537529.0
2019-11-05,sh.601318,90.3,91.26,89.66,90.06,65484954,5916481105.0
2019-11-06,sh.601318,90.04,90.4,89.67,90.0,38630541,3474136442.0
2019-11-07,sh.601318,90.0,90.1,89.28,89.77,31983102,2868909390.0
2019-11-08,sh.601318,90.49,90.55,89.17,89.17,43627487,3913709229.0
2019-11-11,sh.601318,88.5,88.59,87.9,88.21,44256217,3907738378.0
2019-11-12,sh.601318,88.39,88.55,87.85,88.22,39545362,3484083834.0
2019-11-13,sh.601318,87.97,88.34,87.53,88.0,38087162,3347570705.0
2019-11-14,sh.601318,88.48,88.49,87.8,88.03,32350997,2851209745.0
2019-11-15,sh.601318,87.81,88.25,87.7,87.9,36402686,3201969893.0
2019-11-18,sh.601318,87.88,88.98,87.68,88.71,34481063,3049046341.0
2019-11-19,sh.601318,88.3,89.1,88.22,88.89,30202126,2680997207.0
2019-11-20,sh.601318,88.58,88.8,87.93,88.05,33229090,2931878778.0
2019-11-21,sh.601318,87.72,87.75,86.01,86.34,75738164,6568187721.0
2019-11-22,sh.601318,86.42,86.95,84.68,84.89,74746383,6400035302.0
2019-11-25,sh.601318,85.1,85.57,84.28,85.5,54652722,4642913865.0
2019-11-26,sh.601318,86.0,86.02,84.97,85.4,50928255,4348204545.0
2019-11-27,sh.601318,85.36,85.36,84.5,84.91,39425692,3344756236.0
2019-11-28,sh.601318,85.0,85.16,84.23,84.4,35809513,3029939624.0
2019-11-29,sh.601318,84.39,84.74,82.69,83.62,57094415,4773939408.0
2019-12-02,sh.601318,83.69,83.98,83.01,83.29,38600756,3225038202.0
2019-12-03,sh.601318,83.18,84.28,82.79,84.27,39427024,3297499810.0
2019-12-04,sh.601318,83.6,84.13,83.37,84.07,26202447,2197127278.0
2019-12-05,sh.601318,84.51,85.0,84.08,84.67,34253468,2897557384.0
2019-12-06,sh.601318,84.9,84.95,84.33,84.74,27211003,2301323965.0
2019-12-09,sh.601318,84.76,84.89,83.34,83.65,46046040,3862862587.0
2019-12-10,sh.601318,83.51,83.88,83.3,83.59,29554057,2467176771.0
2019-12-11,sh.601318,83.8,84.19,83.4,84.04,36793322,3082011941.0
2019-12-12,sh.601318,84.43,84.64,84.0,84.04,36646647,3086211341.0
2019-12-13,sh.601318,85.18,86.77,85.08,86.77,77473290,6646262465.0
2019-12-16,sh.601318,85.6,85.85,84.9,85.64,77967327,6661554489.0
2019-12-17,sh.601318,85.68,86.84,85.25,86.13,75824561,6525266421.0
2019-12-18,sh.601318,86.09,86.45,85.81,85.98,45375271,3907877181.0
2019-12-19,sh.601318,86.12,86.18,85.28,85.7,33082215,2836413146.0
2019-12-20,sh.601318,85.77,86.31,85.5,85.53,35830917,3075038037.0
2019-12-23,sh.601318,85.95,85.97,84.25,84.29,45718175,3886531049.0
2019-12-24,sh.601318,84.23,84.6,84.05,84.46,29220445,2463248181.0
2019-12-25,sh.601318,84.4,84.51,83.81,83.93,31623037,2658560274.0
2019-12-26,sh.601318,84.0,84.43,83.9,84.43,28652808,2411801765.0
2019-12-27,sh.601318,84.44,85.66,84.42,84.72,49282919,4188069162.0
2019-12-30,sh.601318,84.76,86.02,83.92,85.89,67618763,5768577656.0
2019-12-31,sh.601318,85.75,85.91,85.01,85.46,43203635,3687624713.0
2020-01-02,sh.601318,85.9,86.79,85.88,86.12,77825207,6712531637.0
2020-01-03,sh.601318,86.81,86.88,85.9,86.2,59498001,5137311989.0
2020-01-06,sh.601318,85.92,86.87,85.5,85.6,63644804,5487967678.0
2020-01-07,sh.601318,86.01,86.46,85.67,86.15,45218832,3886450097.0
2020-01-08,sh.601318,85.98,85.98,84.5,85.0,62805311,5347387392.0
2020-01-09,sh.601318,85.58,85.61,84.69,85.04,59871202,5090240023.0
2020-01-10,sh.601318,85.35,85.39,84.61,84.78,52586461,4460689400.0
2020-01-13,sh.601318,85.01,86.47,84.78,86.45,81058866,6944781684.0
2020-01-14,sh.601318,87.2,87.82,86.68,86.83,71668182,6246205825.0
2020-01-15,sh.601318,86.81,87.12,85.68,85.81,52621657,4530511031.0
2020-01-16,sh.601318,86.31,86.37,85.55,85.55,49857909,4283072147.0
2020-01-17,sh.601318,86.15,86.9,85.85,86.25,55537018,4786520184.0
2020-01-20,sh.601318,88.3,88.7,87.35,87.6,93605062,8248578935.0
2020-01-21,sh.601318,87.0,87.29,85.6,85.6,72757941,6273908588.0
2020-01-22,sh.601318,85.0,85.48,83.83,85.22,73657688,6235779993.0
2020-01-23,sh.601318,84.01,84.56,82.48,83.49,108002062,9019354016.0
2020-02-03,sh.601318,76.51,79.25,76.4,77.71,203149868,15779335422.0
2020-02-04,sh.601318,78.3,80.97,78.2,80.43,121348050,9661568316.0
2020-02-05,sh.601318,80.56,81.33,79.76,80.38,75319694,6062969630.0
2020-02-06,sh.601318,81.18,81.97,80.38,81.52,67218969,5451123737.0
2020-02-07,sh.601318,80.6,81.2,80.42,81.03,49163056,3968082289.0
2020-02-10,sh.601318,80.35,80.64,79.9,80.3,59360447,4759660453.0
2020-02-11,sh.601318,80.89,81.86,80.5,81.13,58432220,4748597561.0
2020-02-12,sh.601318,81.1,81.46,80.55,81.2,44433902,3595991660.0
2020-02-13,sh.601318,81.2,81.2,80.36,80.45,56260392,4532120660.0
2020-02-14,sh.601318,80.37,81.26,80.21,81.0,42876535,3460459250.0
2020-02-17,sh.601318,81.0,82.49,80.7,82.39,67811881,5545284407.0
2020-02-18,sh.601318,81.81,82.11,81.44,81.55,51320023,4192774607.0
2020-02-19,sh.601318,81.03,82.24,81.01,81.7,46047417,3760231172.0
2020-02-20,sh.601318,82.0,83.61,81.35,83.28,83304258,6866907972.0
2020-02-21,sh.601318,82.5,83.23,82.0,82.38,109390584,9020541385.0
2020-02-24,sh.601318,81.0,81.3,80.5,80.72,103510293,8361285867.0
2020-02-25,sh.601318,79.8,80.32,79.51,80.19,86900094,6948570625.0
2020-02-26,sh.601318,79.45,80.76,79.11,79.83,84416650,6737173090.0
2020-02-27,sh.601318,79.6,80.4,79.3,79.79,66679316,5318013519.0
2020-02-28,sh.601318,78.6,79.29,77.71,77.72,98392314,7697148541.0
2020-03-02,sh.601318,78.32,80.2,78.32,79.58,71232340,5669190141.0
2020-03-03,sh.601318,80.48,80.57,79.26,79.49,67823840,5418803178.0
2020-03-04,sh.601318,79.9,80.75,79.9,80.58,67757456,5443423591.0
2020-03-05,sh.601318,81.01,82.76,80.62,82.45,96064271,7866801864.0
2020-03-06,sh.601318,81.57,81.92,80.8,80.91,58418607,4739601763.0
2020-03-09,sh.601318,78.91,79.0,78.02,78.14,105508261,8277312802.0
2020-03-10,sh.601318,78.14,79.78,77.83,79.18,71700649,5645289830.0
2020-03-11,sh.601318,79.18,79.25,78.15,78.15,59140393,4645175644.0
2020-03-12,sh.601318,77.25,77.48,76.53,76.65,90129053,6925926414.0
2020-03-13,sh.601318,72.14,75.98,72.1,74.71,116615744,8615758935.0
2020-03-16,sh.601318,74.5,74.52,71.8,72.0,97917345,7135463717.0
2020-03-17,sh.601318,71.65,73.0,70.89,72.14,95092287,6841593561.0
2020-03-18,sh.601318,72.53,72.88,69.85,69.87,85218111,6077848896.0
2020-03-19,sh.601318,69.1,69.87,66.32,67.81,123676064,8385522982.0
2020-03-20,sh.601318,68.71,69.4,67.35,69.0,88726935,6081161074.0
2020-03-23,sh.601318,66.0,67.5,66.0,66.76,68407966,4566662467.0
2020-03-24,sh.601318,67.95,69.05,67.82,68.95,79163320,5419438569.0
2020-03-25,sh.601318,70.6,71.23,69.88,70.35,92818620,6547779490.0
2020-03-26,sh.601318,69.48,71.0,69.35,70.19,54986973,3859228586.0
2020-03-27,sh.601318,71.25,71.29,69.72,69.72,60308423,4246255802.0
2020-03-30,sh.601318,68.6,69.39,68.45,69.15,46795596,3222983516.0
2020-03-31,sh.601318,70.11,70.35,69.01,69.17,42536786,2967824565.0
2020-04-01,sh.601318,69.0,70.47,68.9,69.32,55692869,3887226530.0
2020-04-02,sh.601318,68.4,69.67,67.76,69.67,51202929,3512800754.0
2020-04-03,sh.601318,69.1,69.26,68.41,68.86,42025417,2892833242.0
2020-04-07,sh.601318,70.08,70.3,69.56,69.97,61934765,4330830271.0
2020-04-08,sh.601318,69.57,69.8,69.32,69.39,36245867,2521691766.0
2020-04-09,sh.601318,69.65,69.96,69.38,69.64,36830815,2567770387.0
2020-04-10,sh.601318,69.65,72.43,69.38,70.99,76624962,5445247152.0
2020-04-13,sh.601318,70.45,70.79,70.0,70.13,35516987,2495812251.0
2020-04-14,sh.601318,70.68,71.17,70.25,71.02,42969677,3041154493.0
2020-04-15,sh.601318,71.07,71.38,70.65,70.85,38151523,2707408704.0
2020-04-16,sh.601318,70.5,70.71,70.16,70.38,28294260,1992746679.0
2020-04-17,sh.601318,71.1,73.32,70.79,72.4,90367948,6519197379.0
2020-04-20,sh.601318,72.89,73.8,72.1,73.5,65419398,4785645886.0
2020-04-21,sh.601318,73.05,73.48,71.51,72.37,56898431,4118269231.0
2020-04-22,sh.601318,72.0,72.07,71.48,72.07,37767315,2709336486.0
2020-04-23,sh.601318,72.39,72.8,71.82,72.16,32966612,2379812928.0
2020-04-24,sh.601318,71.03,71.03,70.3,70.5,66711619,4705918849.0
2020-04-27,sh.601318,70.62,71.61,70.62,71.2,48152784,3433518802.0
2020-04-28,sh.601318,71.5,72.68,70.97,72.38,61387427,4420134600.0
2020-04-29,sh.601318,72.38,74.2,72.38,74.0,53115638,3917886431.0
2020-04-30,sh.601318,74.46,75.3,74.21,74.46,48625473,3635525684.0
2020-05-06,sh.601318,73.3,73.98,72.9,73.81,62916787,4613009932.0
2020-05-07,sh.601318,73.7,73.7,72.81,73.23,40312289,2946802572.0
2020-05-08,sh.601318,72.8,73.29,72.06,72.97,40471960,2944390962.0
2020-05-11,sh.601318,73.11,74.8,73.11,73.9,49575731,3677832430.0
2020-05-12,sh.601318,73.9,74.33,73.47,73.93,41545036,3071895578.0
2020-05-13,sh.601318,73.6,73.93,72.65,73.34,28897035,2118699108.0
2020-05-14,sh.601318,73.0,73.0,72.17,72.23,34971511,2535717394.0
2020-05-15,sh.601318,72.61,73.1,72.18,72.23,31750730,2301777679.0
2020-05-18,sh.601318,72.2,72.98,71.69,72.2,30846266,2228956647.0
2020-05-19,sh.601318,73.18,73.6,72.61,72.9,34158323,2493797102.0
2020-05-20,sh.601318,73.0,73.19,72.5,72.95,27483484,2000585096.0
2020-05-21,sh.601318,73.2,73.3,72.36,72.38,31268623,2277526278.0
2020-05-22,sh.601318,72.06,72.1,70.1,70.12,57719422,4091224714.0
2020-05-25,sh.601318,70.0,70.08,69.0,70.03,41710115,2901602627.0
2020-05-26,sh.601318,70.99,71.0,70.32,70.51,27112848,1912577654.0
2020-05-27,sh.601318,70.72,71.58,70.52,70.65,28715214,2036204894.0
2020-05-28,sh.601318,70.68,71.99,70.68,71.51,41426045,2961421771.0
2020-05-29,sh.601318,70.9,71.3,70.48,70.71,26844115,1901686644.0
2020-06-01,sh.601318,71.4,72.23,71.23,72.16,45767284,3296218949.0
2020-06-02,sh.601318,72.02,74.53,72.01,74.28,81052327,5968449049.0
2020-06-03,sh.601318,75.0,76.69,75.0,75.01,99148840,7515763784.0
2020-06-04,sh.601318,75.42,75.71,74.58,75.14,45388022,3410379332.0
2020-06-05,sh.601318,75.14,75.44,74.4,75.3,34980754,2618665525.0
2020-06-08,sh.601318,75.7,77.22,75.7,76.72,76697448,5884341883.0
2020-06-09,sh.601318,76.73,77.18,76.32,76.5,38851680,2977854246.0
2020-06-10,sh.601318,76.58,76.7,75.47,75.58,34545292,2619976605.0
2020-06-11,sh.601318,75.21,75.47,73.8,74.22,58611342,4367908974.0
2020-06-12,sh.601318,73.1,74.15,72.97,74.15,48825871,3587207261.0
2020-06-15,sh.601318,73.68,73.78,72.45,72.54,55130379,4024617717.0
2020-06-16,sh.601318,73.6,73.68,73.14,73.46,34190511,2510329760.0
2020-06-17,sh.601318,73.2,73.38,72.6,73.01,32589579,2375228580.0
2020-06-18,sh.601318,72.85,73.77,72.38,73.4,41863201,3062399434.0
2020-06-19,sh.601318,73.44,74.09,73.0,73.42,63598984,4672211605.0
2020-06-22,sh.601318,73.0,73.92,72.61,72.77,67183145,4908549057.0
2020-06-23,sh.601318,72.5,72.6,71.67,71.96,77963604,5610392717.0
2020-06-24,sh.601318,72.25,72.85,72.01,72.26,60513632,4380602931.0
2020-06-29,sh.601318,72.07,72.26,70.8,71.01,71483781,5089513072.0
2020-06-30,sh.601318,71.36,71.78,71.0,71.4,45150315,3222061872.0
2020-07-01,sh.601318,71.59,73.5,71.2,73.5,96755992,7027221949.0
2020-07-02,sh.601318,73.28,76.01,73.0,76.0,147446692,11001772289.0
2020-07-03,sh.601318,76.15,78.49,76.14,77.96,170382002,13197963062.0
2020-07-06,sh.601318,79.12,84.88,79.12,84.12,280669456,23106295707.0
2020-07-07,sh.601318,87.0,87.6,83.2,83.22,222204141,18920029728.0
2020-07-08,sh.601318,84.11,87.0,83.85,85.69,169638993,14486522558.0
2020-07-09,sh.601318,86.3,86.8,84.9,85.92,142459727,12240651395.0
2020-07-10,sh.601318,85.01,85.37,82.11,82.34,146661958,12251530199.0
2020-07-13,sh.601318,81.91,83.66,81.51,82.36,117951579,9725535191.0
2020-07-14,sh.601318,82.37,83.23,80.61,81.3,98855793,8093687566.0
2020-07-15,sh.601318,82.15,82.39,80.12,80.22,92276793,7478183762.0
2020-07-16,sh.601318,81.3,81.97,78.1,78.22,131817000,10546372452.0
2020-07-17,sh.601318,79.0,79.39,77.31,78.02,87503528,6849600333.0
2020-07-20,sh.601318,79.05,82.82,79.05,82.8,137754779,11212026913.0
2020-07-21,sh.601318,82.95,83.2,80.37,80.76,90477483,7340189248.0
2020-07-22,sh.601318,80.21,81.85,79.44,79.93,87751322,7056923502.43
2020-07-23,sh.601318,79.0,79.88,78.02,79.0,78210045,6158187276.37
2020-07-24,sh.601318,78.88,78.89,76.38,77.0,107269340,8306516311.27
2020-07-27,sh.601318,77.28,77.79,75.7,76.43,73479899,5615185667.03
2020-07-28,sh.601318,76.99,77.3,75.95,76.38,63985871,4893527504.81
2020-07-29,sh.601318,76.0,78.0,75.75,77.3,70286526,5415279237.68
2020-07-30,sh.601318,77.39,77.43,76.02,76.03,64624326,4940867628.32
2020-07-31,sh.601318,76.0,77.25,75.2,75.9,74852042,5701005305.46
2020-08-03,sh.601318,76.35,76.68,75.78,76.44,85524765,6513674698.58
2020-08-04,sh.601318,76.81,79.35,76.2,78.67,148146165,11554011370.75
2020-08-05,sh.601318,77.94,77.95,76.6,77.13,78780592,6075388455.59
2020-08-06,sh.601318,77.0,77.89,76.21,77.15,64756303,4979623105.37
2020-08-07,sh.601318,76.96,77.67,76.01,76.33,54980898,4215768273.18
2020-08-10,sh.601318,76.02,77.69,75.82,77.01,70007323,5396774600.86
2020-08-11,sh.601318,77.45,78.68,76.51,76.77,77530900,6036019283.66
2020-08-12,sh.601318,76.8,77.46,76.4,77.16,58601265,4513022465.78
2020-08-13,sh.601318,77.5,77.6,76.51,76.6,42135547,3236112230.11
2020-08-14,sh.601318,76.47,78.49,76.34,78.19,63247371,4893057493.2
2020-08-17,sh.601318,78.23,82.57,78.23,81.1,173940016,14077887672.59
2020-08-18,sh.601318,80.8,80.9,79.4,79.75,84250596,6735058126.32
2020-08-19,sh.601318,79.6,80.11,78.17,78.17,56473384,4458976787.79
2020-08-20,sh.601318,78.1,78.1,77.15,77.6,49842248,3863022133.22
2020-08-21,sh.601318,78.3,78.76,77.55,78.25,42445930,3315620079.58
2020-08-24,sh.601318,78.95,79.0,77.63,77.8,47280441,3698163542.59
2020-08-25,sh.601318,78.0,78.88,77.6,78.11,53047942,4149072333.87
2020-08-26,sh.601318,78.0,78.05,76.6,76.8,54277509,4191632778.0
2020-08-27,sh.601318,77.15,77.17,76.0,76.54,44883359,3425207258.85
2020-08-28,sh.601318,76.47,78.21,75.85,77.89,76502813,5893644072.36
2020-08-31,sh.601318,77.89,78.8,76.58,76.62,72312973,5624026414.48
2020-09-01,sh.601318,76.08,76.59,76.0,76.38,47125055,3593513069.69
2020-09-02,sh.601318,76.61,76.8,75.6,75.93,55637670,4229574502.93
2020-09-03,sh.601318,75.99,76.42,75.15,75.39,59983664,4540579466.93
2020-09-04,sh.601318,74.8,75.1,74.55,74.82,47825576,3575937386.15
2020-09-07,sh.601318,74.82,76.25,74.75,75.06,63325076,4787525506.44
2020-09-08,sh.601318,75.98,77.46,75.7,77.14,86603009,6642255588.21
2020-09-09,sh.601318,76.38,77.55,76.33,76.48,52398217,4026858723.89
2020-09-10,sh.601318,76.96,77.34,76.4,76.52,53035437,4078037119.46
2020-09-11,sh.601318,76.41,77.5,76.16,77.21,46217823,3557564883.55
2020-09-14,sh.601318,77.62,79.1,77.62,78.55,72999187,5730571509.41
2020-09-15,sh.601318,78.55,80.48,77.55,79.91,101435044,8095818926.61
2020-09-16,sh.601318,79.29,79.49,78.44,78.6,46794754,3693757688.69
2020-09-17,sh.601318,79.11,79.78,78.7,79.0,66830642,5303741281.77
2020-09-18,sh.601318,79.6,83.06,79.48,82.89,177600775,14522782208.01
2020-09-21,sh.601318,82.9,83.08,80.93,80.93,84531359,6909679018.45
2020-09-22,sh.601318,79.7,80.73,79.0,79.07,67938147,5407048621.68
2020-09-23,sh.601318,79.5,79.57,78.44,78.56,36211616,2855189686.12
2020-09-24,sh.601318,78.19,78.5,77.0,77.07,60837288,4720617558.48
2020-09-25,sh.601318,77.86,77.88,77.0,77.59,35668375,2760347917.85
2020-09-28,sh.601318,77.59,78.59,77.41,77.95,37177371,2897251524.25
2020-09-29,sh.601318,78.49,78.5,76.7,76.8,51992004,4014297164.62
2020-09-30,sh.601318,76.9,77.44,76.01,76.26,47625773,3652745796.06
2020-10-09,sh.601318,77.27,78.45,77.26,77.9,47428848,3700952922.89
2020-10-12,sh.601318,78.35,81.15,78.31,80.86,86992879,7002973824.31
2020-10-13,sh.601318,80.67,81.85,79.96,81.38,56442934,4572861833.4
2020-10-14,sh.601318,81.5,81.51,80.5,81.38,50039556,4060079461.9
2020-10-15,sh.601318,81.4,82.86,81.3,81.4,55502187,4555169176.07
2020-10-16,sh.601318,81.8,82.89,81.5,82.0,60703280,4992393587.57
2020-10-19,sh.601318,82.67,84.38,81.81,81.85,91742376,7642713658.01
2020-10-20,sh.601318,81.75,82.0,81.11,81.23,41318580,3363220838.62
2020-10-21,sh.601318,81.75,82.58,81.27,82.4,49249162,4040506422.74
2020-10-22,sh.601318,82.52,82.88,80.28,82.1,46697087,3811833387.37
2020-10-23,sh.601318,82.12,84.83,82.12,83.5,93880947,7885042870.15
2020-10-26,sh.601318,83.6,84.37,81.18,82.2,59632529,4915201799.01
2020-10-27,sh.601318,81.78,82.2,81.0,81.07,55925690,4554557428.89
2020-10-28,sh.601318,80.51,81.06,79.06,79.58,76979681,6137912536.31
2020-10-29,sh.601318,78.08,79.89,78.02,78.66,72755430,5723421438.88
2020-10-30,sh.601318,78.65,79.45,77.64,77.83,76459869,5985865621.2
2020-11-02,sh.601318,78.5,78.81,77.01,77.23,63872032,4955636566.5
2020-11-03,sh.601318,77.77,79.34,77.4,79.16,61543284,4838929214.87
2020-11-04,sh.601318,78.78,79.85,78.6,79.5,43467076,3448542091.69
2020-11-05,sh.601318,80.35,81.68,80.2,80.94,53709524,4346336859.13
2020-11-06,sh.601318,81.1,81.75,80.52,81.3,51038925,4140944230.71
2020-11-09,sh.601318,82.5,83.5,82.3,82.98,80996545,6726290347.54
2020-11-10,sh.601318,84.24,84.75,83.05,83.2,78900305,6624999076.94
2020-11-11,sh.601318,83.2,84.03,82.65,83.52,54282531,4534083952.58
2020-11-12,sh.601318,83.75,84.47,81.8,82.27,49054364,4048788617.59
2020-11-13,sh.601318,81.08,81.7,79.63,80.34,70794237,5675497103.9
2020-11-16,sh.601318,80.69,83.26,80.69,83.1,70143403,5775792598.74
2020-11-17,sh.601318,83.1,84.72,83.0,84.03,82506392,6945950433.62
2020-11-18,sh.601318,84.4,86.18,84.33,85.37,96965774,8293242271.94
2020-11-19,sh.601318,85.2,85.75,84.51,85.42,54900519,4675267716.86
2020-11-20,sh.601318,85.3,85.31,83.9,84.54,45298594,3824038756.88
2020-11-23,sh.601318,85.0,86.44,84.65,86.22,78377584,6717179289.25
2020-11-24,sh.601318,86.3,86.99,84.69,85.0,49992972,4284342940.96
2020-11-25,sh.601318,85.99,88.55,85.97,87.25,122368908,10732748795.07
2020-11-26,sh.601318,87.01,89.39,86.65,89.15,90924011,8027343289.17
2020-11-27,sh.601318,89.5,90.26,88.51,90.1,74795473,6694377072.42
2020-11-30,sh.601318,91.0,94.62,90.03,90.03,153919637,14316071593.86
2020-12-01,sh.601318,90.7,93.38,89.65,93.38,85420603,7840114574.16
2020-12-02,sh.601318,93.38,93.85,92.09,92.85,65068818,6049580162.09
2020-12-03,sh.601318,92.79,93.43,91.21,91.87,50991723,4689461116.93
2020-12-04,sh.601318,92.05,92.53,90.19,92.19,48929502,4464927572.54
2020-12-07,sh.601318,92.78,92.98,89.02,90.38,62778839,5675145574.68
2020-12-08,sh.601318,90.0,90.75,87.8,88.05,86333963,7655879133.59
2020-12-09,sh.601318,88.5,89.48,87.79,87.87,52500504,4650557072.14
2020-12-10,sh.601318,88.0,88.69,87.15,87.68,40575298,3569375603.8
2020-12-11,sh.601318,88.5,88.9,85.46,86.1,71494237,6185908146.81
2020-12-14,sh.601318,86.65,88.16,86.5,87.69,58386154,5104281273.35
2020-12-15,sh.601318,86.99,86.99,85.37,86.3,63310377,5440988906.24
2020-12-16,sh.601318,86.6,87.48,85.95,86.84,47070489,4082011353.33
2020-12-17,sh.601318,86.96,89.06,86.53,88.98,68546267,6030510870.88
2020-12-18,sh.601318,88.8,89.25,87.12,87.79,49981599,4395183091.6
2020-12-21,sh.601318,87.0,87.75,86.01,87.05,59973257,5206712773.24
2020-12-22,sh.601318,87.04,87.04,83.75,84.15,98595963,8391031071.52
2020-12-23,sh.601318,84.22,85.39,83.77,84.85,55037110,4650859410.12
2020-12-24,sh.601318,85.3,85.35,83.69,84.2,52479068,4424690021.61
2020-12-25,sh.601318,83.6,83.6,81.86,83.2,69140797,5712810723.88
2020-12-28,sh.601318,83.45,85.19,82.85,84.62,63519948,5351448826.82
2020-12-29,sh.601318,84.95,86.08,84.69,85.5,51931564,4440460409.86
2020-12-30,sh.601318,85.2,85.88,84.18,85.88,56570726,4803060806.44
2020-12-31,sh.601318,85.59,87.68,85.59,86.98,79580939,6906071808.65
2021-01-04,sh.601318,86.91,86.95,84.1,85.18,103643104,8814286886.16
2021-01-05,sh.601318,84.5,84.5,82.85,84.27,105478627,8795809651.69
2021-01-06,sh.601318,84.29,85.74,83.55,85.74,93759848,7950362262.5
2021-01-07,sh.601318,85.87,86.76,84.3,86.26,106968724,9137580589.15
2021-01-08,sh.601318,86.22,87.26,85.21,86.1,116936795,10069057405.04
2021-01-11,sh.601318,86.2,86.6,84.0,84.03,109860234,9329271307.38
2021-01-12,sh.601318,83.88,87.82,83.33,87.82,146755609,12534640503.8
2021-01-13,sh.601318,88.8,89.28,86.83,87.54,139094339,12223230668.71
2021-01-14,sh.601318,88.4,88.52,84.88,85.27,137927380,11920236040.39
2021-01-15,sh.601318,85.94,88.65,85.27,86.9,158708501,13814609039.61
2021-01-18,sh.601318,87.0,87.65,85.3,87.2,116241991,10058906404.36
2021-01-19,sh.601318,87.58,88.15,86.04,86.8,110332831,9590457419.96
2021-01-20,sh.601318,87.12,87.33,84.91,85.2,131977553,11316059444.32
2021-01-21,sh.601318,85.36,85.41,83.8,84.44,139305540,11761468221.75
2021-01-22,sh.601318,85.0,85.15,83.52,83.8,116275248,9781081768.73
2021-01-25,sh.601318,83.7,84.88,82.58,84.88,127980118,10711676899.14
2021-01-26,sh.601318,84.5,84.88,82.88,83.0,105139741,8787960589.57
2021-01-27,sh.601318,82.98,83.91,82.58,83.04,68273775,5679886868.66
2021-01-28,sh.601318,82.2,82.58,80.65,80.92,106108731,8642469570.24
2021-01-29,sh.601318,80.9,81.44,78.5,79.08,126980032,10098743883.41
2021-02-01,sh.601318,79.1,79.74,78.37,79.27,72490144,5729483191.82
2021-02-02,sh.601318,79.28,79.45,77.95,78.18,98836447,7742175158.83
2021-02-03,sh.601318,77.74,77.74,75.3,76.54,134384298,10255482626.32
2021-02-04,sh.601318,78.0,80.32,77.7,79.62,141654771,11200715085.81
2021-02-05,sh.601318,80.0,80.28,78.61,79.72,84557225,6724535241.4
2021-02-08,sh.601318,79.73,80.43,78.28,78.57,79654699,6286929302.51
2021-02-09,sh.601318,78.56,78.56,76.8,78.13,91412187,7082935952.66
2021-02-10,sh.601318,77.9,79.81,77.49,79.25,91968674,7280622421.55
2021-02-18,sh.601318,81.5,82.86,80.89,82.38,146678205,12007277012.09
2021-02-19,sh.601318,82.0,84.56,81.68,84.2,124061762,10401612526.29
2021-02-22,sh.601318,84.25,85.29,82.58,83.0,113034110,9477375165.12
2021-02-23,sh.601318,82.52,85.19,82.5,84.32,101660045,8580570535.49
2021-02-24,sh.601318,83.5,85.76,82.5,83.78,117355482,9899984124.53
2021-02-25,sh.601318,84.52,88.28,83.35,87.14,189748955,16396558899.98
2021-02-26,sh.601318,85.8,87.13,85.18,85.18,118045513,10161431933.76
2021-03-01,sh.601318,86.0,86.38,83.84,84.84,82300801,6965448429.31
2021-03-02,sh.601318,84.84,84.95,82.6,83.23,85227395,7125570282.14
2021-03-03,sh.601318,82.7,86.94,82.63,86.75,116697147,10011295959.33
2021-03-04,sh.601318,86.0,87.45,85.8,86.3,94974599,8227101595.29
2021-03-05,sh.601318,85.49,86.29,83.34,84.5,81417603,6869464665.96
2021-03-08,sh.601318,85.2,87.78,84.75,84.95,105035653,9048690307.3
2021-03-09,sh.601318,85.5,86.26,83.8,84.05,98217495,8338463778.26
2021-03-10,sh.601318,84.62,84.63,83.12,83.28,64800135,5431067986.19
2021-03-11,sh.601318,83.9,86.36,83.8,86.36,91252098,7777368999.2
2021-03-12,sh.601318,86.51,86.6,85.13,85.55,64681200,5539349037.48
2021-03-15,sh.601318,85.36,85.5,84.21,85.11,54551255,4629849997.47
2021-03-16,sh.601318,85.3,85.6,84.41,85.4,54353955,4624281660.21
2021-03-17,sh.601318,85.0,85.0,82.41,82.54,106478452,8863828593.42
2021-03-18,sh.601318,82.3,82.78,81.07,81.42,80312095,6548492030.97
2021-03-19,sh.601318,81.2,81.3,79.51,79.64,96102381,7701437283.51
2021-03-22,sh.601318,79.99,80.27,79.53,79.82,54273091,4336966849.21
2021-03-23,sh.601318,79.89,80.6,79.12,80.05,51116947,4079350322.54
2021-03-24,sh.601318,79.99,80.3,78.71,79.01,63315814,5017219138.71
2021-03-25,sh.601318,79.23,79.66,78.99,79.2,43650615,3463493421.95
2021-03-26,sh.601318,79.58,80.3,79.56,80.01,45348477,3630749606.46
2021-03-29,sh.601318,80.0,80.1,78.8,79.13,63234490,5001522654.76
2021-03-30,sh.601318,79.2,79.37,78.6,79.37,51106025,4035933797.68
2021-03-31,sh.601318,79.5,79.55,78.58,78.7,48358484,3810104160.26
2021-04-01,sh.601318,78.8,79.28,78.75,79.2,36071335,2849514882.39
2021-04-02,sh.601318,79.2,79.2,78.58,78.88,46931855,3694882980.3
2021-04-06,sh.601318,78.92,79.45,78.69,79.03,35173602,2778107893.86
2021-04-07,sh.601318,79.37,79.37,78.18,78.45,47501172,3729878594.46
2021-04-08,sh.601318,78.43,78.99,78.01,78.63,37404801,2937859211.9
2021-04-09,sh.601318,78.61,78.62,76.98,77.16,68801127,5322377558.41
2021-04-12,sh.601318,77.15,77.5,76.62,77.16,45336602,3488299460.8
2021-04-13,sh.601318,77.47,77.82,76.2,76.56,55250310,4254139272.82
2021-04-14,sh.601318,76.99,77.48,76.8,77.15,38078954,2936032853.57
2021-04-15,sh.601318,76.15,76.4,75.18,75.81,79358244,6004162227.69
2021-04-16,sh.601318,75.79,75.88,75.0,75.7,55174264,4158750980.32
2021-04-19,sh.601318,75.45,76.19,75.0,76.18,65367596,4949470613.83
2021-04-20,sh.601318,76.05,76.15,75.48,76.0,49248467,3730599989.65
2021-04-21,sh.601318,75.61,75.86,75.28,75.62,41754851,3156222890.7
2021-04-22,sh.601318,74.9,74.93,73.98,74.37,56065363,4167214249.87
2021-04-23,sh.601318,74.37,75.58,73.88,74.26,86784514,6466806593.48
2021-04-26,sh.601318,74.02,74.03,72.76,72.89,106192950,7769915592.24
2021-04-27,sh.601318,72.72,73.46,72.03,73.27,75969268,5520922252.62
2021-04-28,sh.601318,73.0,73.11,72.39,72.81,57062742,4147666503.34
2021-04-29,sh.601318,72.81,73.96,72.56,73.82,54441616,4003254829.09
2021-04-30,sh.601318,73.98,73.98,72.36,72.5,52463043,3825446895.45
2021-05-06,sh.601318,71.2,71.8,70.36,70.53,92009492,6525763344.01
2021-05-07,sh.601318,70.75,71.09,70.02,70.1,56146188,3961363207.16
2021-05-10,sh.601318,70.18,70.49,69.5,70.03,52456956,3669862807.73
2021-05-11,sh.601318,69.85,70.53,69.37,70.28,50953234,3559079174.71
2021-05-12,sh.601318,70.0,70.52,69.66,69.93,40995688,2870375901.85
2021-05-13,sh.601318,69.49,69.83,68.88,69.14,50644837,3506048010.0
2021-05-14,sh.601318,69.4,71.18,69.04,71.18,81877185,5771742191.43
2021-05-17,sh.601318,70.4,70.82,70.0,70.37,63300366,4455919018.78
2021-05-18,sh.601318,70.68,71.39,70.45,70.9,41807341,2965118195.15
2021-05-19,sh.601318,70.7,70.7,69.89,69.97,46584951,3262720506.72
2021-05-20,sh.601318,70.0,70.97,69.62,70.72,42247209,2973914637.85
2021-05-21,sh.601318,71.0,71.38,70.01,70.05,41383646,2914326900.78
2021-05-24,sh.601318,70.0,70.37,69.65,69.94,35092199,2457923779.06
2021-05-25,sh.601318,70.09,72.74,69.71,72.46,121383184,8699286543.67
2021-05-26,sh.601318,73.09,73.24,72.18,72.38,71239561,5172565986.61
2021-05-27,sh.601318,72.36,73.13,71.8,72.9,58100823,4208094448.54
2021-05-28,sh.601318,72.8,73.5,72.5,72.97,51011335,3719019607.7
2021-05-31,sh.601318,72.65,72.8,71.47,71.8,62483434,4481120143.94
2021-06-01,sh.601318,71.69,71.69,70.9,71.13,59372658,4219115465.8
2021-06-02,sh.601318,71.38,71.39,70.31,70.87,48109829,3404859399.57
2021-06-03,sh.601318,70.9,71.5,70.5,70.68,40951584,2905789644.4
2021-06-04,sh.601318,70.4,71.58,70.34,70.85,51486786,3647302263.76
2021-06-07,sh.601318,70.6,70.68,70.06,70.28,38673941,2716404171.67
2021-06-08,sh.601318,70.27,70.93,69.95,70.41,40701681,2862378172.29
2021-06-09,sh.601318,70.3,70.95,70.2,70.3,40195812,2835797953.36
2021-06-10,sh.601318,70.27,70.79,70.0,70.01,52461130,3686772006.67
2021-06-11,sh.601318,70.01,70.18,69.26,69.4,63032364,4392612851.2
2021-06-15,sh.601318,69.01,69.06,66.95,67.07,107755687,7263765616.13
2021-06-16,sh.601318,67.01,67.75,66.81,67.0,52726975,3540192781.48
2021-06-17,sh.601318,67.01,67.19,66.02,66.25,54804038,3649035812.28
2021-06-18,sh.601318,66.0,66.0,65.0,65.1,85707220,5593424920.48
2021-06-21,sh.601318,64.49,64.65,63.76,64.16,81085363,5198754493.52
2021-06-22,sh.601318,64.5,65.3,64.17,64.73,62012704,4014245115.43
2021-06-23,sh.601318,64.75,65.97,64.73,65.82,58687335,3847510813.8
2021-06-24,sh.601318,65.84,66.38,65.48,65.96,41789971,2758134576.75
2021-06-25,sh.601318,66.03,66.78,65.71,66.68,53565358,3555544932.26
2021-06-28,sh.601318,66.68,66.69,65.2,65.6,51013404,3342960298.49
2021-06-29,sh.601318,65.35,65.4,64.3,64.38,54966804,3554647982.28
2021-06-30,sh.601318,64.2,64.74,63.8,64.28,47636890,3053959406.07
2021-07-01,sh.601318,64.26,65.17,63.58,64.76,69261735,4449223158.13
2021-07-02,sh.601318,64.03,64.07,62.1,62.3,102808162,6464701802.04
2021-07-05,sh.601318,61.99,62.28,61.13,61.91,75064675,4629283874.89
2021-07-06,sh.601318,62.42,63.14,61.85,62.9,68581285,4296674949.0
2021-07-07,sh.601318,62.69,63.41,62.09,62.37,52316754,3272128188.25
2021-07-08,sh.601318,62.37,62.37,60.52,60.78,83755851,5109707957.71
2021-07-09,sh.601318,60.48,61.15,59.81,60.09,70761585,4267722638.29
2021-07-12,sh.601318,60.31,60.48,59.32,59.4,81898922,4899580737.11
2021-07-13,sh.601318,59.4,59.88,59.05,59.7,51333745,3058865430.43
2021-07-14,sh.601318,59.65,59.65,57.78,57.91,106561835,6199867459.24
2021-07-15,sh.601318,58.29,60.19,57.99,59.98,108588585,6439233470.09
2021-07-16,sh.601318,59.69,60.29,58.88,59.7,57820403,3441570856.99
2021-07-19,sh.601318,59.88,59.88,58.05,59.35,66650056,3912636302.28
2021-07-20,sh.601318,58.79,59.2,58.13,58.46,44931031,2629530313.89
2021-07-21,sh.601318,58.15,58.84,57.9,58.08,58704444,3414125947.57
2021-07-22,sh.601318,57.85,59.07,57.51,58.54,63661381,3727361014.21
2021-07-23,sh.601318,58.5,58.77,57.62,57.64,59325514,3438617481.98
2021-07-26,sh.601318,57.09,57.09,54.33,54.5,117486467,6496203840.1
2021-07-27,sh.601318,54.5,54.68,52.36,52.67,93901074,5031582117.26
2021-07-28,sh.601318,52.7,53.59,52.51,53.11,83836567,4457853454.73
2021-07-29,sh.601318,53.65,53.68,52.75,53.25,76800442,4078215601.25
2021-07-30,sh.601318,53.13,54.15,52.6,53.67,65088842,3480202766.8
2021-08-02,sh.601318,53.5,54.98,52.49,54.01,97161064,5244071665.66
2021-08-03,sh.601318,53.88,54.41,53.58,54.24,65820268,3558132760.12
2021-08-04,sh.601318,54.3,54.3,53.33,53.6,64665951,3470521725.65
2021-08-05,sh.601318,53.51,55.5,53.35,54.2,84322088,4596909874.07
2021-08-06,sh.601318,53.45,53.84,53.05,53.67,50241086,2685679365.69
2021-08-09,sh.601318,53.2,55.86,53.1,55.12,91882127,5048464776.33
2021-08-10,sh.601318,54.85,55.89,54.18,55.73,76365642,4201861226.78
2021-08-11,sh.601318,55.73,56.79,55.44,55.8,82202018,4613172522.52
2021-08-12,sh.601318,55.73,55.89,54.64,54.74,57306968,3157627499.26
2021-08-13,sh.601318,54.28,54.97,54.0,54.31,48471805,2633761393.88
2021-08-16,sh.601318,54.0,55.3,53.9,54.93,46009551,2522890290.24
2021-08-17,sh.601318,54.69,55.7,54.18,54.21,69026207,3790616958.61
2021-08-18,sh.601318,54.02,56.11,53.77,56.04,96366560,5322900807.97
2021-08-19,sh.601318,55.59,55.76,53.66,53.71,114860603,6231137141.55
2021-08-20,sh.601318,53.11,53.66,52.81,53.01,67560655,3585422086.24
2021-08-23,sh.601318,53.01,53.46,52.6,52.7,59491185,3146935844.42
2021-08-24,sh.601318,52.3,52.74,51.39,51.8,94659663,4915208404.81
2021-08-25,sh.601318,51.92,52.22,51.46,51.58,61059554,3156821226.64
2021-08-26,sh.601318,51.5,51.5,50.29,50.3,88681394,4490652616.96
2021-08-27,sh.601318,51.05,52.33,51.04,52.0,101781872,5267788079.62
2021-08-30,sh.601318,52.0,52.0,50.35,50.71,95948717,4877480460.68
2021-08-31,sh.601318,50.2,50.47,48.88,49.9,158678325,7870703426.1
2021-09-01,sh.601318,49.78,52.05,49.61,51.49,163160036,8348618929.47
2021-09-02,sh.601318,51.01,51.74,50.67,51.55,87858567,4502512755.94
2021-09-03,sh.601318,51.56,52.51,50.7,51.71,90260347,4667297729.48
2021-09-06,sh.601318,51.69,52.15,51.18,51.58,88301950,4554856268.56
2021-09-07,sh.601318,51.62,52.54,51.08,52.34,94737441,4916249825.9
2021-09-08,sh.601318,52.0,52.63,51.68,51.95,84399193,4395561676.23
2021-09-09,sh.601318,51.4,51.72,51.01,51.62,73490775,3776998807.52
2021-09-10,sh.601318,51.35,52.5,51.28,51.71,84549097,4382584447.23
2021-09-13,sh.601318,51.48,51.59,51.06,51.12,66980000,3430907757.12
2021-09-14,sh.601318,51.44,51.58,49.81,49.86,108266166,5452993892.7
2021-09-15,sh.601318,49.5,49.88,49.3,49.47,64542318,3197409970.45
2021-09-16,sh.601318,49.32,49.98,49.21,49.51,59115597,2930501964.81
2021-09-17,sh.601318,49.4,49.78,48.22,48.68,92721442,4523289513.65
2021-09-22,sh.601318,47.5,48.08,47.3,47.78,72393010,3447060473.72
2021-09-23,sh.601318,48.5,49.35,48.01,48.22,75804482,3676425703.23
2021-09-24,sh.601318,48.23,48.88,47.9,48.08,84358359,4074494916.68
2021-09-27,sh.601318,47.9,49.24,47.82,49.0,99008099,4812486506.07
2021-09-28,sh.601318,48.99,49.63,48.52,49.26,77950696,3832059452.45
2021-09-29,sh.601318,48.77,49.54,48.52,49.19,63129533,3095105433.41
2021-09-30,sh.601318,49.3,49.3,48.23,48.36,68007025,3300543923.25
2021-10-08,sh.601318,50.5,52.1,50.11,52.1,218002823,11199501310.4
2021-10-11,sh.601318,52.1,53.39,51.94,52.74,150449954,7944560508.64
2021-10-12,sh.601318,52.05,53.04,51.68,52.26,94465572,4939402091.07
2021-10-13,sh.601318,52.1,52.19,50.9,51.75,64988916,3345977424.73
2021-10-14,sh.601318,51.7,52.0,51.2,51.41,42700600,2198216041.62
2021-10-15,sh.601318,51.13,51.58,50.62,50.88,73301699,3738306563.08
2021-10-18,sh.601318,51.08,51.24,49.68,49.86,77197137,3862682042.37
2021-10-19,sh.601318,49.85,51.85,49.7,51.45,84752705,4332898990.06
2021-10-20,sh.601318,51.7,52.04,50.79,51.37,66823896,3429513908.01
2021-10-21,sh.601318,51.55,54.88,51.51,54.28,211005833,11318517616.12
2021-10-22,sh.601318,54.68,54.85,53.6,54.29,102633032,5559123302.79
2021-10-25,sh.601318,53.2,53.37,52.45,53.21,75444693,3999143837.95
2021-10-26,sh.601318,53.21,53.98,52.1,52.17,74882514,3939605236.3
2021-10-27,sh.601318,51.97,52.65,51.54,51.65,58905249,3060201711.52
2021-10-28,sh.601318,50.73,51.41,50.05,51.3,85061904,4309021231.69
2021-10-29,sh.601318,50.82,51.23,49.24,49.57,146662660,7317467292.47
2021-11-01,sh.601318,49.0,50.45,48.75,50.12,62876101,3132879985.41
2021-11-02,sh.601318,50.21,50.67,49.22,50.01,78272461,3909158858.97
2021-11-03,sh.601318,50.0,50.75,49.85,50.05,47676290,2394903860.69
2021-11-04,sh.601318,49.9,50.14,49.53,49.7,53205267,2651047241.84
2021-11-05,sh.601318,49.7,50.34,49.59,49.93,41665467,2082833762.62
2021-11-08,sh.601318,49.89,50.7,49.37,50.4,53172448,2672600378.2
2021-11-09,sh.601318,50.48,50.83,49.6,49.69,64051070,3197023016.79
2021-11-10,sh.601318,49.5,49.56,48.33,49.13,81604856,3984320340.66
2021-11-11,sh.601318,49.11,51.16,49.0,51.15,111085845,5599660442.05
2021-11-12,sh.601318,51.13,51.13,50.15,50.61,58595861,2959880934.36
2021-11-15,sh.601318,50.85,51.2,50.23,50.6,44209113,2234792751.33
2021-11-16,sh.601318,50.6,50.94,50.0,50.36,47743813,2408299421.84
2021-11-17,sh.601318,49.99,50.53,49.88,50.05,35153171,1761772273.55
2021-11-18,sh.601318,49.9,49.91,49.51,49.51,42332467,2100629356.18
2021-11-19,sh.601318,49.4,50.11,49.25,49.96,42829007,2129834610.38
2021-11-22,sh.601318,49.85,49.94,49.55,49.71,34005123,1689972482.28
2021-11-23,sh.601318,49.68,50.17,49.49,49.62,40224098,1998608177.72
2021-11-24,sh.601318,49.62,50.0,49.35,49.75,36196146,1797538854.78
2021-11-25,sh.601318,49.76,49.76,49.36,49.4,40741147,2015604610.03
2021-11-26,sh.601318,49.24,49.26,48.71,48.72,58902348,2877589396.67
2021-11-29,sh.601318,48.49,48.85,48.32,48.66,40427298,1962257345.27
2021-11-30,sh.601318,48.51,48.83,48.17,48.22,46694734,2261836624.81
2021-12-01,sh.601318,48.27,48.98,48.27,48.87,42213672,2056563216.4
2021-12-02,sh.601318,48.61,49.14,48.42,48.88,38330050,1872134786.97
2021-12-03,sh.601318,48.98,49.25,48.48,48.99,42748910,2084975989.25
2021-12-06,sh.601318,49.1,49.75,49.1,49.15,61036902,3015007470.41
2021-12-07,sh.601318,49.5,50.5,49.21,50.39,101150186,5055319580.44
2021-12-08,sh.601318,50.39,50.4,49.9,50.34,65354434,3276622572.55
2021-12-09,sh.601318,50.36,51.83,50.13,51.31,124929614,6402621864.11
2021-12-10,sh.601318,51.0,51.49,50.9,51.22,73770661,3780503004.96
2021-12-13,sh.601318,51.66,52.5,51.12,51.15,91858148,4747262449.69
2021-12-14,sh.601318,50.9,51.35,50.7,50.85,58733411,2990682219.21
2021-12-15,sh.601318,50.79,51.08,50.53,50.7,36383253,1846757807.05
2021-12-16,sh.601318,50.79,51.29,50.5,51.2,51436592,2622388752.48
2021-12-17,sh.601318,51.02,51.4,50.38,50.54,53967033,2741367544.34
2021-12-20,sh.601318,50.24,50.85,50.2,50.28,42844182,2164397413.8
2021-12-21,sh.601318,50.29,51.14,50.28,50.84,39397878,2004481926.98
2021-12-22,sh.601318,50.93,51.0,50.13,50.18,42540466,2143777013.57
2021-12-23,sh.601318,50.19,50.4,49.75,50.22,40497888,2027860561.2
2021-12-24,sh.601318,50.19,50.2,49.72,49.82,31293517,1560671249.28
2021-12-27,sh.601318,49.96,50.2,49.87,49.98,27470106,1373481524.18
2021-12-28,sh.601318,50.3,51.13,50.1,50.87,61735856,3137430543.75
2021-12-29,sh.601318,51.1,51.16,50.52,50.81,37646906,1913669684.72
2021-12-30,sh.601318,50.9,50.99,50.41,50.41,42787989,2167180059.78
2021-12-31,sh.601318,50.43,50.85,50.15,50.41,35800024,1805071299.12
2022-01-04,sh.601318,50.4,51.06,50.1,51.0,63583763,3221366643.31
2022-01-05,sh.601318,51.11,52.4,50.97,52.07,118124669,6124173627.66
2022-01-06,sh.601318,51.99,52.02,51.22,51.3,66165825,3408947587.63
2022-01-07,sh.601318,51.49,53.33,51.45,52.94,123075974,6481039300.28
2022-01-10,sh.601318,52.99,53.56,52.5,53.08,76113442,4033301414.62
2022-01-11,sh.601318,53.17,53.74,52.54,52.86,68092028,3612879173.74
2022-01-12,sh.601318,52.6,52.81,51.86,52.5,57292274,2998981426.76
2022-01-13,sh.601318,52.55,53.68,52.3,52.3,72866329,3862897677.66
2022-01-14,sh.601318,52.35,52.5,51.06,51.1,77939676,4014279655.61
2022-01-17,sh.601318,51.11,51.43,50.75,50.94,46056724,2348769408.54
2022-01-18,sh.601318,50.94,51.59,50.6,51.23,63697991,3252038698.21
2022-01-19,sh.601318,51.3,51.84,51.11,51.45,48331572,2488231273.22
2022-01-20,sh.601318,51.5,53.52,51.45,53.4,144835941,7661793651.1
2022-01-21,sh.601318,53.5,53.8,53.0,53.55,104189534,5564930631.01
2022-01-24,sh.601318,53.53,53.53,52.53,53.13,54264076,2873364828.61
2022-01-25,sh.601318,52.6,52.9,51.1,51.2,77666210,4032087601.82
2022-01-26,sh.601318,51.68,52.19,51.22,51.83,48327488,2502203699.93
2022-01-27,sh.601318,51.5,51.5,50.77,50.79,58650221,2992952668.75
2022-01-28,sh.601318,51.02,51.35,49.8,49.97,72935539,3688023391.45
2022-02-07,sh.601318,51.34,52.47,50.7,51.98,94041650,4858781709.9
2022-02-08,sh.601318,51.76,53.03,51.72,53.0,86611569,4567112317.02
2022-02-09,sh.601318,53.24,54.0,52.88,53.04,88043453,4695366257.21
2022-02-10,sh.601318,53.18,54.18,52.8,54.18,96278716,5186085981.09
2022-02-11,sh.601318,54.35,56.23,54.08,55.59,158377687,8759711015.47
2022-02-14,sh.601318,55.01,55.3,53.68,53.9,94465413,5121073204.69
2022-02-15,sh.601318,53.55,53.9,52.91,53.28,63540572,3385015077.45
2022-02-16,sh.601318,53.5,54.18,53.28,53.84,52320987,2818960513.06
2022-02-17,sh.601318,54.1,54.63,53.36,53.65,50490447,2723626777.49
2022-02-18,sh.601318,53.6,54.6,53.44,54.5,48422611,2621179790.38
2022-02-21,sh.601318,54.1,54.25,53.51,54.16,38792845,2089115305.52
2022-02-22,sh.601318,53.52,53.6,52.71,53.07,57749929,3064280601.34
2022-02-23,sh.601318,53.1,53.3,52.69,52.89,46360166,2449763788.57
2022-02-24,sh.601318,52.15,52.25,51.09,51.46,97539602,5039207432.71
2022-02-25,sh.601318,51.7,52.06,51.21,51.4,54441639,2808109116.43
2022-02-28,sh.601318,51.1,51.1,50.25,50.76,73188326,3707888592.0
2022-03-01,sh.601318,51.01,51.4,50.57,51.39,56803579,2895181120.0
2022-03-02,sh.601318,50.9,51.23,50.7,50.76,43692256,2222138928.0
2022-03-03,sh.601318,50.8,51.19,50.7,50.92,35267571,1795901328.0
2022-03-04,sh.601318,50.47,50.48,49.96,50.1,70086471,3510136272.0
2022-03-07,sh.601318,49.62,49.62,48.66,48.88,78459673,3847577920.0
2022-03-08,sh.601318,48.72,49.06,47.3,47.47,83440296,4021028000.0
2022-03-09,sh.601318,47.61,47.93,45.5,46.92,82554495,3878723584.0
2022-03-10,sh.601318,47.95,48.04,46.86,46.91,58775280,2783372912.0
2022-03-11,sh.601318,46.0,47.4,45.7,47.14,66707823,3085709552.0
2022-03-14,sh.601318,46.0,46.57,45.77,45.81,59257848,2734567248.0
2022-03-15,sh.601318,45.05,45.2,42.55,42.65,126937879,5571772416.0
2022-03-16,sh.601318,43.29,44.65,42.33,44.29,100969426,4391918336.0
2022-03-17,sh.601318,45.5,46.2,44.75,45.5,109572199,4982734592.0
2022-03-18,sh.601318,45.05,48.38,44.92,47.93,155232341,7308943910.1
2022-03-21,sh.601318,47.77,47.77,46.63,47.04,94951866,4472952774.87
2022-03-22,sh.601318,46.5,47.86,46.45,47.8,74211155,3516558053.63
2022-03-23,sh.601318,47.56,48.16,47.15,47.9,57702918,2748027969.75
2022-03-24,sh.601318,47.53,48.72,47.4,48.25,61075714,2943276289.07
2022-03-25,sh.601318,48.01,48.79,47.58,47.63,55993803,2696644332.9
2022-03-28,sh.601318,47.4,48.12,46.93,47.85,39368626,1872940910.81
2022-03-29,sh.601318,47.95,48.2,47.15,47.21,32235684,1532063819.96
2022-03-30,sh.601318,47.55,48.83,47.45,48.7,57542713,2776948845.1
2022-03-31,sh.601318,48.4,49.25,48.3,48.45,42349781,2063589520.47
2022-04-01,sh.601318,48.3,49.11,48.11,48.96,47367667,2307234644.4
2022-04-06,sh.601318,49.05,49.92,49.0,49.54,64005275,3166678385.0
2022-04-07,sh.601318,49.2,49.52,48.29,48.48,50112992,2447803110.46
2022-04-08,sh.601318,48.35,49.25,48.35,49.24,43473184,2124961295.21
2022-04-11,sh.601318,48.91,48.98,47.52,47.62,50640496,2433396185.56
2022-04-12,sh.601318,47.86,48.88,47.48,48.47,46739555,2251825857.27
2022-04-13,sh.601318,48.25,48.38,47.68,47.82,31775137,1524357800.91
2022-04-14,sh.601318,48.37,48.52,47.9,48.19,35884891,1731655002.69
2022-04-15,sh.601318,48.0,48.74,47.9,48.3,31411511,1520937850.52
2022-04-18,sh.601318,47.99,47.99,46.83,47.0,40537521,1912485738.11
2022-04-19,sh.601318,47.05,47.27,46.13,46.44,36954300,1723558436.07
2022-04-20,sh.601318,46.65,46.79,45.83,45.91,38060988,1755500125.41
2022-04-21,sh.601318,45.88,47.18,45.81,46.22,54904356,2554919426.49
2022-04-22,sh.601318,46.01,46.97,45.91,46.46,39732577,1851934816.26
2022-04-25,sh.601318,45.0,46.18,44.7,44.85,67392037,3063041721.92
2022-04-26,sh.601318,44.84,45.18,43.51,43.59,63892364,2826379496.31
2022-04-27,sh.601318,43.41,44.2,43.18,43.91,53108352,2325674730.23
2022-04-28,sh.601318,43.79,43.91,43.16,43.66,52599939,2288623795.62
2022-04-29,sh.601318,43.8,45.12,43.6,44.56,51638636,2285939805.04
2022-05-05,sh.601318,44.79,45.58,44.75,45.02,42878154,1935547320.55
2022-05-06,sh.601318,44.45,44.98,44.0,44.06,37231482,1649081440.26
2022-05-09,sh.601318,44.08,44.41,43.87,44.35,25611950,1131162025.81
2022-05-10,sh.601318,43.85,44.68,43.7,44.47,40469305,1788324114.47
2022-05-11,sh.601318,44.44,45.01,44.21,44.73,60728482,2710550319.79
2022-05-12,sh.601318,44.35,44.58,43.85,44.0,42773836,1889495299.01
2022-05-13,sh.601318,44.18,44.5,43.59,43.96,41233483,1813781043.85
2022-05-16,sh.601318,44.15,44.21,43.18,43.36,46886281,2039402750.55
2022-05-17,sh.601318,43.5,43.88,43.27,43.82,40137298,1750419695.82
2022-05-18,sh.601318,43.99,44.1,43.36,43.63,35234171,1534485032.06
2022-05-19,sh.601318,43.1,43.44,43.03,43.29,28281629,1221097064.41
2022-05-20,sh.601318,43.4,44.36,43.4,44.31,54975115,2416391969.25
2022-05-23,sh.601318,44.15,44.27,43.69,43.89,35909822,1576944732.91
2022-05-24,sh.601318,43.8,44.11,43.11,43.14,39342426,1713116639.68
2022-05-25,sh.601318,43.03,43.5,43.02,43.23,26374891,1140221232.96
2022-05-26,sh.601318,43.31,43.55,42.95,43.15,40099222,1731580780.75
2022-05-27,sh.601318,43.41,43.85,43.4,43.53,38790063,1691969134.95
2022-05-30,sh.601318,43.93,44.36,43.72,44.15,52217489,2305387119.75
2022-05-31,sh.601318,44.23,44.78,44.0,44.2,54065261,2405912876.9
2022-06-01,sh.601318,44.25,44.55,43.91,44.17,32852073,1451299033.25
2022-06-02,sh.601318,43.8,44.03,43.55,44.0,34082891,1492824853.08
2022-06-06,sh.601318,43.99,44.27,43.33,44.26,54326745,2379234042.92
2022-06-07,sh.601318,44.26,44.38,43.95,44.15,43157460,1905453944.01
2022-06-08,sh.601318,44.25,44.71,44.06,44.59,52956201,2348846220.98
2022-06-09,sh.601318,44.7,45.03,44.47,44.62,53243046,2381813808.64
2022-06-10,sh.601318,44.35,45.0,44.08,44.94,56531953,2516496822.94
2022-06-13,sh.601318,44.5,44.6,44.02,44.14,53712124,2376099097.55
2022-06-14,sh.601318,43.9,45.25,43.8,45.22,62895792,2792817385.85
2022-06-15,sh.601318,45.0,48.56,44.91,47.65,198589228,9379923905.98
2022-06-16,sh.601318,47.38,47.5,46.5,46.5,84493103,3962136640.0
2022-06-17,sh.601318,46.37,47.26,46.25,47.03,56670396,2653020562.92
2022-06-20,sh.601318,45.72,45.85,45.05,45.36,57061489,2589929720.84
2022-06-21,sh.601318,45.68,46.78,45.45,46.13,68456932,3156745208.73
2022-06-22,sh.601318,46.2,46.32,45.4,45.4,43690689,2001539979.71
2022-06-23,sh.601318,45.63,46.5,45.63,46.25,49426523,2279310521.09
2022-06-24,sh.601318,46.43,46.85,46.22,46.76,53672389,2498586724.91
2022-06-27,sh.601318,46.85,47.1,46.5,46.8,44985821,2106674710.66
2022-06-28,sh.601318,46.82,47.19,46.35,46.9,35170689,1642425116.71
2022-06-29,sh.601318,46.89,47.44,46.58,46.79,41277246,1939726830.3
2022-06-30,sh.601318,46.8,47.2,46.46,46.69,39185266,1837626219.32
2022-07-01,sh.601318,46.7,46.98,46.12,46.31,35756842,1657492966.09
2022-07-04,sh.601318,46.2,46.5,45.8,46.46,40712960,1877564068.68
2022-07-05,sh.601318,46.48,47.55,46.38,46.61,45256850,2123843408.86
2022-07-06,sh.601318,46.62,46.63,45.75,45.85,38956093,1790455442.39
2022-07-07,sh.601318,45.65,46.14,45.59,45.6,29372210,1344724699.72
2022-07-08,sh.601318,45.91,46.38,45.68,45.82,29228342,1342052753.79
2022-07-11,sh.601318,45.61,45.77,45.22,45.38,28113511,1278575006.25
2022-07-12,sh.601318,45.38,45.74,45.12,45.51,25405548,1155657116.93
2022-07-13,sh.601318,45.42,45.63,45.0,45.08,29658829,1343407215.84
2022-07-14,sh.601318,44.9,45.04,43.43,43.6,90304414,3963303834.94
2022-07-15,sh.601318,43.61,44.09,42.7,42.71,69404157,3006689109.15
2022-07-18,sh.601318,42.75,43.69,42.72,43.45,35524425,1539005270.69
2022-07-19,sh.601318,43.42,43.77,42.9,43.4,35610607,1540543118.62
2022-07-20,sh.601318,43.78,43.83,43.36,43.4,24956569,1086228779.21
2022-07-21,sh.601318,43.23,43.25,42.65,42.74,40556770,1740841568.42
2022-07-22,sh.601318,42.8,43.36,42.78,43.05,29435598,1268468017.34
2022-07-25,sh.601318,43.0,43.12,42.72,42.92,22513504,965101818.49
2022-07-26,sh.601318,42.95,43.29,42.92,43.2,22847447,986279479.35
2022-07-27,sh.601318,43.06,43.18,42.7,42.79,29639869,1269990090.93
2022-07-28,sh.601318,42.9,43.25,42.71,42.72,34874952,1497610794.97
2022-07-29,sh.601318,42.79,43.15,42.1,42.12,46070387,1954616264.8
2022-08-01,sh.601318,42.11,42.12,41.75,41.84,30655094,1283322796.99
2022-08-02,sh.601318,41.53,41.55,40.53,41.17,60400823,2476611786.0
2022-08-03,sh.601318,41.14,41.4,40.74,40.83,40785171,1673612767.98
2022-08-04,sh.601318,41.12,41.3,40.9,41.08,25116335,1032245453.0
2022-08-05,sh.601318,41.29,41.68,40.98,41.54,29671019,1224704136.0
2022-08-08,sh.601318,41.3,41.54,41.0,41.18,30159403,1242870500.0
2022-08-09,sh.601318,41.17,41.21,40.92,40.96,25139703,1031147757.0
2022-08-10,sh.601318,40.96,41.08,40.36,40.4,46008881,1866972936.0
2022-08-11,sh.601318,40.59,41.68,40.42,41.46,61070138,2510973870.0
2022-08-12,sh.601318,41.26,41.76,41.14,41.61,35993337,1493312068.0
2022-08-15,sh.601318,41.43,41.76,41.13,41.14,33276942,1373975116.53
2022-08-16,sh.601318,41.34,41.47,40.9,40.99,27739045,1140974334.12
2022-08-17,sh.601318,41.05,41.48,40.72,41.29,37572182,1546602943.61
2022-08-18,sh.601318,41.15,41.18,40.76,40.81,29407958,1202109471.07
2022-08-19,sh.601318,40.7,41.26,40.62,40.97,32462874,1333438492.18
2022-08-22,sh.601318,40.85,41.39,40.8,41.15,33971901,1399254503.85
2022-08-23,sh.601318,41.02,41.15,40.68,40.72,33148018,1352611307.57
2022-08-24,sh.601318,41.35,42.44,41.35,41.61,115732982,4847936957.69
2022-08-25,sh.601318,41.85,43.23,41.68,43.1,110572586,4693638177.32
2022-08-26,sh.601318,43.11,43.32,42.52,43.12,72672640,3125914707.26
2022-08-29,sh.601318,42.8,43.22,42.49,43.07,44989303,1928428298.59
2022-08-30,sh.601318,42.98,43.29,42.51,42.89,38892928,1667749812.01
2022-08-31,sh.601318,42.71,44.27,42.66,43.84,84223803,3683929174.6
2022-09-01,sh.601318,43.6,44.13,43.41,43.65,45521324,1994635784.04
2022-09-02,sh.601318,43.89,44.28,43.26,43.7,44914485,1962968879.55
2022-09-05,sh.601318,43.5,43.9,43.02,43.8,41749075,1817090269.49
2022-09-06,sh.601318,43.9,44.45,43.52,43.9,44977165,1978062625.36
2022-09-07,sh.601318,43.6,43.81,43.16,43.6,37641074,1635174365.1
2022-09-08,sh.601318,43.84,44.25,43.66,43.84,32129830,1412332843.69
2022-09-09,sh.601318,43.99,44.78,43.85,44.69,57786668,2574448405.61
2022-09-13,sh.601318,44.68,45.37,44.35,45.06,52966319,2382977236.39
2022-09-14,sh.601318,44.53,45.18,44.51,44.65,35508365,1588553120.78
2022-09-15,sh.601318,44.67,45.6,44.66,45.09,59444223,2686935858.95
2022-09-16,sh.601318,44.82,44.97,43.87,43.93,62492037,2762703828.52
2022-09-19,sh.601318,43.92,44.48,43.56,43.93,40538305,1781779182.02
2022-09-20,sh.601318,44.15,44.19,43.12,43.24,35764951,1553335669.15
2022-09-21,sh.601318,43.1,43.46,42.9,43.15,30353672,1310421740.9
2022-09-22,sh.601318,42.6,42.83,42.41,42.48,37622972,1602976215.55
2022-09-23,sh.601318,42.41,43.44,42.41,43.02,37532565,1617285955.26
2022-09-26,sh.601318,42.74,43.32,42.42,42.49,30712391,1314360554.63
2022-09-27,sh.601318,42.43,42.74,42.27,42.44,31229142,1325580710.17
2022-09-28,sh.601318,42.2,42.5,41.85,41.89,42204372,1776629020.99
2022-09-29,sh.601318,42.23,42.34,41.15,41.32,42655827,1779041935.51
2022-09-30,sh.601318,41.35,41.98,41.35,41.58,33161940,1383518533.42
2022-10-10,sh.601318,41.58,42.18,41.38,41.43,41387647,1727384869.88
2022-10-11,sh.601318,41.67,41.87,41.12,41.2,26931732,1114241528.34
2022-10-12,sh.601318,41.21,42.0,40.8,41.92,36247330,1501647669.53
2022-10-13,sh.601318,41.8,41.9,41.2,41.36,38384620,1588577622.65
2022-10-14,sh.601318,41.75,42.33,41.62,41.94,43441714,1827652558.82
2022-10-17,sh.601318,41.71,42.15,41.56,42.1,34142518,1430847500.47
2022-10-18,sh.601318,42.4,42.44,41.67,41.75,41635680,1742913095.76
2022-10-19,sh.601318,41.65,41.98,41.26,41.27,36436126,1509504643.07
2022-10-20,sh.601318,40.4,40.49,39.9,40.01,45021418,1807514975.57
2022-10-21,sh.601318,40.1,40.25,39.5,39.65,45737748,1824460317.26
2022-10-24,sh.601318,39.66,39.93,37.61,37.7,95125183,3662221955.3
2022-10-25,sh.601318,37.58,38.38,37.16,37.72,55354891,2086575116.58
2022-10-26,sh.601318,37.54,38.15,37.51,37.67,49839519,1881859736.28
2022-10-27,sh.601318,37.71,38.09,37.55,37.66,45749726,1730022256.46
2022-10-28,sh.601318,37.51,37.7,36.73,36.73,50769159,1886380447.77
2022-10-31,sh.601318,36.39,36.67,35.9,36.15,56203354,2037108321.2
2022-11-01,sh.601318,36.45,37.48,36.37,37.46,56566488,2091019366.17
2022-11-02,sh.601318,37.29,37.6,37.13,37.4,45038490,1680470476.36
2022-11-03,sh.601318,37.18,37.3,36.7,36.93,34933463,1290754485.31
2022-11-04,sh.601318,36.93,38.65,36.91,38.31,69205474,2627221798.45
2022-11-07,sh.601318,38.0,39.18,37.92,38.79,57480970,2221943095.55
2022-11-08,sh.601318,38.79,39.0,38.38,38.69,37048271,1430329888.06
2022-11-09,sh.601318,38.79,38.89,38.29,38.37,26768675,1031501782.24
2022-11-10,sh.601318,38.0,38.7,37.78,38.46,32317534,1236147200.59
2022-11-11,sh.601318,39.44,40.97,39.32,40.33,104667558,4184006245.85
2022-11-14,sh.601318,41.66,42.12,41.21,41.6,121668038,5070952841.06
2022-11-15,sh.601318,41.48,42.95,41.31,42.49,93442402,3962244632.55
2022-11-16,sh.601318,42.62,42.82,42.27,42.3,59652791,2535605301.53
2022-11-17,sh.601318,42.29,42.75,41.95,42.56,50398025,2132247153.5
2022-11-18,sh.601318,42.68,42.81,42.06,42.16,39246432,1662329884.75
2022-11-21,sh.601318,41.75,41.75,40.66,41.21,51118530,2095472926.46
2022-11-22,sh.601318,41.2,42.38,41.0,41.97,47181359,1972258355.42
2022-11-23,sh.601318,42.02,42.44,41.76,41.77,44962046,1891828116.84
2022-11-24,sh.601318,42.21,42.38,41.67,41.8,24907646,1045792694.62
2022-11-25,sh.601318,41.78,42.95,41.75,42.75,59795984,2548257668.28
2022-11-28,sh.601318,41.63,41.84,40.99,41.41,51031527,2109183792.22
2022-11-29,sh.601318,42.32,44.9,42.32,44.78,175320480,7711820166.71
2022-11-30,sh.601318,44.82,46.17,44.6,44.95,116501586,5275015084.04
2022-12-01,sh.601318,45.98,46.29,44.68,44.83,85932650,3903629717.51
2022-12-02,sh.601318,44.82,45.0,44.0,44.62,60778715,2706020114.69
2022-12-05,sh.601318,45.55,47.31,45.35,47.28,138043595,6429395575.75
2022-12-06,sh.601318,47.28,47.68,46.74,47.44,87827308,4150406717.16
2022-12-07,sh.601318,47.44,47.48,46.37,46.7,83145478,3892709694.55
2022-12-08,sh.601318,46.38,47.2,46.3,47.15,44836406,2105302840.96
2022-12-09,sh.601318,47.07,47.88,46.7,47.6,70957885,3366745982.01
2022-12-12,sh.601318,47.2,47.28,46.08,46.17,65647053,3059653870.93
2022-12-13,sh.601318,46.46,47.09,46.3,46.7,42366316,1979657202.86
2022-12-14,sh.601318,47.08,47.11,46.14,46.89,34697318,1619354234.98
2022-12-15,sh.601318,46.8,47.09,45.8,46.43,40402095,1868384990.81
2022-12-16,sh.601318,46.11,47.01,46.07,46.9,42134762,1968605781.43
2022-12-19,sh.601318,46.9,47.27,45.45,45.77,50589649,2332626031.85
2022-12-20,sh.601318,45.56,45.88,44.58,44.93,49524516,2234976304.68
2022-12-21,sh.601318,45.1,45.6,44.94,45.26,29789568,1349879759.42
2022-12-22,sh.601318,46.0,46.18,45.65,45.88,35346187,1622741420.73
2022-12-23,sh.601318,45.53,46.01,45.32,45.64,30647249,1399528669.8
2022-12-26,sh.601318,45.64,45.88,44.66,44.66,40328181,1814152592.95
2022-12-27,sh.601318,45.27,45.95,45.03,45.58,34779327,1583385185.38
2022-12-28,sh.601318,45.43,46.45,45.3,46.28,45626696,2106156212.54
2022-12-29,sh.601318,45.95,46.01,45.11,45.82,46957620,2138459930.41
2022-12-30,sh.601318,46.0,47.2,46.0,47.0,55300540,2594030159.9
2023-01-03,sh.601318,46.59,47.26,46.06,47.15,60230443,2815200403.85
2023-01-04,sh.601318,47.3,48.63,47.3,48.53,86949610,4183124625.33
2023-01-05,sh.601318,49.2,49.5,48.5,48.93,73704809,3608715198.02
2023-01-06,sh.601318,49.5,49.83,49.05,49.74,78034581,3867148878.08
2023-01-09,sh.601318,50.0,50.95,49.7,50.91,88185743,4446813320.92
2023-01-10,sh.601318,50.9,50.91,49.14,49.21,83794865,4173814429.23
2023-01-11,sh.601318,49.5,51.0,49.44,50.7,96689497,4881812303.79
2023-01-12,sh.601318,50.9,51.11,50.43,50.91,60025574,3057087227.86
2023-01-13,sh.601318,51.2,52.35,51.05,52.35,89625747,4644412350.36
2023-01-16,sh.601318,52.52,53.48,51.49,52.09,122979440,6455990322.75
2023-01-17,sh.601318,51.96,52.07,51.0,51.5,69887253,3592536755.52
2023-01-18,sh.601318,51.5,51.87,51.16,51.55,41960296,2162689505.61
2023-01-19,sh.601318,51.4,51.87,51.15,51.81,51046054,2627239788.14
2023-01-20,sh.601318,52.1,52.24,51.5,52.1,49706934,2584605516.26
2023-01-30,sh.601318,53.59,53.6,51.48,51.48,85757885,4495653729.42
2023-01-31,sh.601318,51.76,52.28,50.85,50.98,61241827,3152658911.18
2023-02-01,sh.601318,51.55,51.75,50.41,51.35,56530105,2882194846.04
2023-02-02,sh.601318,51.6,51.6,50.4,50.83,63621734,3228009417.34
2023-02-03,sh.601318,50.5,50.55,48.9,49.6,92731026,4582149777.48
2023-02-06,sh.601318,48.8,48.86,47.72,48.16,92159525,4431728035.62
2023-02-07,sh.601318,48.5,48.84,48.2,48.7,44436330,2159384253.62
2023-02-08,sh.601318,48.75,49.19,48.38,48.5,34718961,1690893371.18
2023-02-09,sh.601318,48.5,49.55,48.39,49.32,56490688,2781766992.62
2023-02-10,sh.601318,49.46,49.55,49.01,49.3,30917292,1523061150.76
2023-02-13,sh.601318,49.19,49.3,48.29,49.25,45797264,2238401665.22
2023-02-14,sh.601318,49.3,49.9,49.17,49.9,37040170,1835463536.4
2023-02-15,sh.601318,49.84,49.89,48.71,48.88,46102667,2259845454.5
2023-02-16,sh.601318,49.08,50.05,49.0,49.2,57689131,2860716311.31
2023-02-17,sh.601318,49.2,49.83,48.71,48.8,41751901,2060475453.05
2023-02-20,sh.601318,48.85,49.99,48.75,49.95,66428495,3282290632.64
2023-02-21,sh.601318,49.86,50.12,49.45,50.01,42665990,2125602115.65
2023-02-22,sh.601318,49.5,49.96,49.11,49.18,44604615,2203189302.43
2023-02-23,sh.601318,49.0,49.7,48.81,48.98,38525359,1892251718.16
2023-02-24,sh.601318,48.89,49.01,48.11,48.2,44654799,2161452475.67
2023-02-27,sh.601318,48.0,48.39,47.78,47.8,46791711,2244410610.84
2023-02-28,sh.601318,48.01,48.28,47.51,48.2,38041710,1823303792.64
2023-03-01,sh.601318,48.02,50.0,48.01,49.99,72432311,3581072360.88
2023-03-02,sh.601318,49.97,50.46,49.72,50.2,38088855,1909221050.48
2023-03-03,sh.601318,50.48,50.66,49.85,50.28,28413325,1427339464.81
2023-03-06,sh.601318,50.0,50.17,48.45,48.58,77323721,3780641354.08
2023-03-07,sh.601318,48.55,49.2,47.75,47.91,58730233,2843224085.55
2023-03-08,sh.601318,47.55,47.61,46.99,47.23,52741684,2488962344.75
2023-03-09,sh.601318,47.38,47.38,46.47,46.64,51832490,2426875267.31
2023-03-10,sh.601318,46.06,46.65,46.0,46.0,45709202,2110237421.52
2023-03-13,sh.601318,46.0,46.79,45.91,46.5,39948280,1851804404.87
2023-03-14,sh.601318,46.22,46.22,45.39,45.46,49073263,2241541531.13
2023-03-15,sh.601318,46.03,46.66,45.78,45.95,44364320,2047438825.12
2023-03-16,sh.601318,44.9,45.83,44.75,45.23,78960922,3568856007.04
2023-03-17,sh.601318,45.81,46.96,45.81,46.2,95019092,4408443468.65
2023-03-20,sh.601318,46.0,46.58,45.56,45.58,71924435,3301843809.13
2023-03-21,sh.601318,45.89,46.4,45.78,46.01,44665895,2056710351.78
2023-03-22,sh.601318,46.25,46.77,46.22,46.5,55225117,2572426395.54
2023-03-23,sh.601318,46.3,46.89,46.3,46.88,55427358,2584644862.07
2023-03-24,sh.601318,46.8,46.8,46.06,46.2,43769382,2023789516.03
2023-03-27,sh.601318,46.26,46.33,45.5,45.99,36217267,1658727909.91
2023-03-28,sh.601318,46.09,46.38,45.68,45.88,28332434,1300822901.5
2023-03-29,sh.601318,46.33,46.58,45.4,45.42,40902005,1872693108.96
2023-03-30,sh.601318,45.51,45.7,44.94,45.48,45003047,2035988418.59
2023-03-31,sh.601318,45.6,46.3,45.38,45.6,52453993,2401305125.0
2023-04-03,sh.601318,45.55,45.9,45.29,45.68,45121453,2056827917.3
2023-04-04,sh.601318,45.67,45.86,45.23,45.57,47348640,2156604419.52
2023-04-06,sh.601318,45.55,45.55,45.03,45.08,36162706,1634323042.98
2023-04-07,sh.601318,45.29,45.78,45.15,45.63,32633630,1487335020.83
2023-04-10,sh.601318,45.73,46.27,45.5,46.06,52736929,2426394064.27
2023-04-11,sh.601318,46.02,46.3,45.63,45.66,54309402,2495273529.12
2023-04-12,sh.601318,45.8,46.08,45.45,45.6,46093797,2107727787.7
2023-04-13,sh.601318,45.3,45.37,44.81,45.12,56947936,2561593685.64
2023-04-14,sh.601318,45.35,45.97,45.2,45.49,42891917,1954054640.32
2023-04-17,sh.601318,45.33,47.48,45.02,47.48,103616133,4813786756.7
2023-04-18,sh.601318,47.2,49.08,47.13,48.62,131027522,6375510317.04
2023-04-19,sh.601318,48.55,48.9,48.27,48.4,49716461,2414735650.73
2023-04-20,sh.601318,48.41,48.95,48.12,48.79,47673429,2314705513.6
2023-04-21,sh.601318,48.6,48.69,46.63,46.74,81197565,3837366387.3
2023-04-24,sh.601318,46.88,47.75,46.2,46.4,58748216,2760342071.97
2023-04-25,sh.601318,46.54,47.08,45.88,46.09,61758322,2862045073.14
2023-04-26,sh.601318,45.86,46.25,45.66,45.79,50514702,2320864198.71
2023-04-27,sh.601318,46.98,50.37,46.81,50.37,257064456,12656922047.63
2023-04-28,sh.601318,50.61,52.65,50.28,51.8,214950248,11104959198.0
2023-05-04,sh.601318,50.77,54.35,50.59,53.7,183764085,9743135594.41
2023-05-05,sh.601318,54.0,55.0,53.24,53.83,126410712,6829552783.68
2023-05-08,sh.601318,53.99,55.08,53.51,54.92,150405384,8223158231.0
2023-05-09,sh.601318,54.92,56.0,53.37,53.48,146158707,7986736175.6
2023-05-10,sh.601318,53.48,53.86,52.11,52.31,105561049,5557565460.64
2023-05-11,sh.601318,52.9,53.47,52.16,52.35,59388396,3128956426.51
2023-05-12,sh.601318,52.33,52.5,51.17,51.27,62668147,3238681436.33
2023-05-15,sh.601318,51.28,53.87,50.78,53.71,111375355,5846884590.85
2023-05-16,sh.601318,53.67,53.82,52.8,53.2,64496860,3436268825.68
2023-05-17,sh.601318,52.79,52.85,51.58,51.91,64255230,3344510652.26
2023-05-18,sh.601318,51.8,52.85,51.53,51.82,55516636,2891022410.12
2023-05-19,sh.601318,51.21,51.7,50.8,51.04,55423641,2831437767.63
2023-05-22,sh.601318,51.0,51.85,50.8,51.42,49881234,2562556971.74
2023-05-23,sh.601318,51.4,51.67,49.9,49.9,68538645,3460781262.65
2023-05-24,sh.601318,49.86,49.9,48.4,48.47,71313356,3491629222.21
2023-05-25,sh.601318,48.38,48.75,47.9,48.4,52552892,2535605262.46
2023-05-26,sh.601318,48.39,48.88,47.81,48.44,40336573,1953764069.02
2023-05-29,sh.601318,48.63,48.75,47.8,48.04,48434379,2333255082.46
2023-05-30,sh.601318,48.05,48.33,47.42,47.99,57029059,2728137415.24
2023-05-31,sh.601318,47.7,47.79,47.0,47.0,61068932,2880503904.09
2023-06-01,sh.601318,47.05,47.93,46.9,47.45,51807430,2460498428.82
2023-06-02,sh.601318,47.88,49.2,47.83,49.1,83284040,4054040688.94
2023-06-05,sh.601318,48.76,48.93,48.23,48.51,46645590,2261940200.92
2023-06-06,sh.601318,48.34,49.93,48.25,48.76,64450197,3172322393.85
2023-06-07,sh.601318,49.4,49.69,48.77,49.01,42543624,2093897750.93
2023-06-08,sh.601318,48.92,49.96,48.68,49.67,57228383,2830351412.3
2023-06-09,sh.601318,49.67,49.95,49.41,49.48,42804318,2124674673.49
2023-06-12,sh.601318,49.46,49.94,48.89,49.57,47645727,2358494748.13
2023-06-13,sh.601318,49.48,49.7,48.75,49.63,44002891,2170452732.2
2023-06-14,sh.601318,48.57,48.91,47.87,48.05,55366411,2677031202.29
2023-06-15,sh.601318,48.3,49.1,47.87,48.42,47343980,2293626704.49
2023-06-16,sh.601318,48.7,48.84,48.1,48.6,53414223,2589379832.89
2023-06-19,sh.601318,48.46,48.48,47.33,47.5,64216367,3062228886.81
2023-06-20,sh.601318,47.5,47.75,46.8,46.89,61533324,2893024196.67
2023-06-21,sh.601318,46.61,47.25,46.48,46.64,38103052,1785547514.91
2023-06-26,sh.601318,46.3,46.37,45.7,45.93,48535023,2227206703.42
2023-06-27,sh.601318,45.92,46.63,45.75,46.3,48093273,2220104954.69
2023-06-28,sh.601318,46.15,46.55,45.93,46.54,35606961,1648840079.26
2023-06-29,sh.601318,46.55,46.79,46.13,46.3,26573548,1233566768.45
2023-06-30,sh.601318,46.2,46.87,46.19,46.4,32697104,1522887807.25
2023-07-03,sh.601318,46.44,48.35,46.38,48.18,69778059,3323222199.77
2023-07-04,sh.601318,48.19,48.23,47.7,47.95,29744073,1424573050.9
2023-07-05,sh.601318,47.89,47.99,47.28,47.35,26406125,1253667348.38
2023-07-06,sh.601318,47.03,48.16,47.02,47.3,40258040,1912826286.95
2023-07-07,sh.601318,47.0,47.69,46.98,47.21,36442103,1723937253.55
2023-07-10,sh.601318,47.63,47.69,46.51,46.61,36816433,1728446565.77
2023-07-11,sh.601318,46.8,47.42,46.8,47.2,26888644,1267580412.37
2023-07-12,sh.601318,47.2,47.95,47.08,47.29,35439345,1683737592.0
2023-07-13,sh.601318,47.72,48.75,47.65,48.62,64876826,3132588330.38
2023-07-14,sh.601318,49.02,49.09,48.41,48.64,36635843,1784466104.32
2023-07-17,sh.601318,48.37,48.45,47.88,48.05,30470667,1465498863.42
2023-07-18,sh.601318,48.28,48.29,47.46,47.6,28318272,1348936541.65
2023-07-19,sh.601318,47.3,47.86,47.3,47.77,32111579,1526345245.72
2023-07-20,sh.601318,47.9,48.2,47.32,47.42,30137754,1438728105.03
2023-07-21,sh.601318,47.31,47.75,46.8,46.97,44679142,2108640104.48
2023-07-24,sh.601318,46.8,46.99,46.5,46.62,31598004,1475830597.26
2023-07-25,sh.601318,47.7,49.68,47.7,49.55,141327902,6907459692.64
2023-07-26,sh.601318,49.18,49.64,48.98,49.46,51544065,2541380228.18
2023-07-27,sh.601318,49.59,50.58,49.41,49.88,70373493,3523202970.28
2023-07-28,sh.601318,49.5,52.36,49.41,51.93,127790846,6564761757.37
2023-07-31,sh.601318,52.98,53.68,52.3,52.6,127485466,6750702391.32
2023-08-01,sh.601318,52.5,53.0,51.44,51.74,67061372,3493879470.95
2023-08-02,sh.601318,51.6,52.56,50.93,51.41,60879817,3136350131.95
2023-08-03,sh.601318,51.41,52.6,51.11,52.41,65494421,3398760968.42
2023-08-04,sh.601318,53.23,53.85,51.9,51.9,105165284,5566174314.16
2023-08-07,sh.601318,51.38,51.77,51.2,51.7,43689613,2246940970.12
2023-08-08,sh.601318,51.47,51.69,50.46,51.26,52326342,2671294849.64
2023-08-09,sh.601318,51.08,51.58,50.95,51.26,37285264,1911450575.78
2023-08-10,sh.601318,51.05,51.47,50.88,51.36,29926322,1531979640.9
2023-08-11,sh.601318,51.3,51.41,49.35,49.37,74892093,3751696962.85
2023-08-14,sh.601318,48.3,48.82,48.28,48.53,60472146,2935327039.09
2023-08-15,sh.601318,48.52,49.08,48.02,48.68,52183684,2535572143.02
2023-08-16,sh.601318,48.32,48.94,48.13,48.35,47660376,2306795547.93
2023-08-17,sh.601318,48.01,48.18,47.33,47.91,59827368,2853723205.71
2023-08-18,sh.601318,47.9,49.0,47.52,47.52,63666255,3066293939.67
2023-08-21,sh.601318,47.4,47.49,46.67,46.67,62808090,2950143136.05
2023-08-22,sh.601318,46.9,47.3,46.47,47.0,51849548,2430766794.52
2023-08-23,sh.601318,46.72,47.1,46.39,46.46,47623949,2224411613.93
2023-08-24,sh.601318,46.53,47.01,46.19,46.5,41863720,1949333013.88
2023-08-25,sh.601318,46.31,47.38,46.25,47.01,41763549,1953754067.7
2023-08-28,sh.601318,50.5,50.53,47.78,48.11,109010819,5323339312.04
2023-08-29,sh.601318,48.04,48.97,47.89,48.56,57380614,2780674848.55
2023-08-30,sh.601318,48.88,48.99,47.9,48.25,60012297,2904476280.22
2023-08-31,sh.601318,48.63,49.55,48.51,48.79,63953783,3135187118.7
2023-09-01,sh.601318,49.35,50.5,49.26,50.1,85575649,4287440106.16
2023-09-04,sh.601318,50.45,51.9,50.44,51.45,92193109,4732753256.67
2023-09-05,sh.601318,51.2,51.2,50.13,50.2,50624376,2555382801.98
2023-09-06,sh.601318,50.0,51.19,49.88,51.03,51436224,2604588523.33
2023-09-07,sh.601318,50.71,50.88,50.16,50.22,40329071,2033442988.32
2023-09-08,sh.601318,50.03,50.45,49.8,50.12,27366737,1370400982.25
2023-09-11,sh.601318,50.38,50.77,49.85,50.36,49151466,2471560949.59
2023-09-12,sh.601318,50.1,50.15,49.49,49.95,36114393,1801339429.03
2023-09-13,sh.601318,50.14,50.22,49.22,49.5,43398924,2152354986.01
2023-09-14,sh.601318,49.64,49.8,48.99,49.19,39131218,1929515958.18
2023-09-15,sh.601318,49.49,50.12,49.0,49.2,55753191,2760877161.31
2023-09-18,sh.601318,48.92,49.48,48.7,49.3,29526746,1452498883.38
2023-09-19,sh.601318,49.28,49.35,49.02,49.28,26652448,1311117789.88
2023-09-20,sh.601318,49.26,49.26,48.58,48.89,32873261,1605058394.28
2023-09-21,sh.601318,48.7,48.86,48.37,48.49,33547988,1629890838.59
2023-09-22,sh.601318,48.5,50.33,48.37,50.33,66300617,3282334329.9
2023-09-25,sh.601318,50.01,50.1,49.03,49.06,49975869,2465962385.25
2023-09-26,sh.601318,49.05,49.34,48.52,48.56,40093026,1955893351.94
2023-09-27,sh.601318,48.6,48.99,48.5,48.66,32486342,1582256040.87
2023-09-28,sh.601318,48.83,48.88,48.15,48.3,42146617,2042226679.84
2023-10-09,sh.601318,48.0,48.27,47.52,48.07,39401224,1887773034.36
2023-10-10,sh.601318,48.28,48.53,47.52,47.6,33077739,1584290863.86
2023-10-11,sh.601318,47.85,47.97,47.51,47.69,32529671,1552566989.81
2023-10-12,sh.601318,48.87,48.89,48.21,48.43,44871017,2176954487.89
2023-10-13,sh.601318,47.87,48.28,47.67,47.97,26126959,1254265938.06
2023-10-16,sh.601318,47.85,48.13,47.41,47.54,31900293,1522168840.42
2023-10-17,sh.601318,47.8,47.98,47.46,47.68,27014187,1289169549.21
2023-10-18,sh.601318,47.51,47.77,47.38,47.39,32569044,1547535570.27
2023-10-19,sh.601318,47.11,47.16,46.01,46.05,69408534,3224679421.96
2023-10-20,sh.601318,45.6,46.09,45.55,45.84,48177617,2205802926.29
2023-10-23,sh.601318,45.79,46.2,45.5,45.94,38706820,1775040622.55
2023-10-24,sh.601318,46.03,46.5,45.68,46.1,43231065,1992106370.64
2023-10-25,sh.601318,45.98,46.0,45.43,45.51,37446279,1709171805.18
2023-10-26,sh.601318,45.3,45.8,45.25,45.7,28098553,1279980547.6
2023-10-27,sh.601318,45.19,45.54,44.55,45.18,61884971,2785588427.13
2023-10-30,sh.601318,45.19,45.49,44.81,45.31,45549795,2055903968.57
2023-10-31,sh.601318,45.42,45.93,45.18,45.46,42308883,1926939393.94
2023-11-01,sh.601318,45.79,45.88,45.02,45.11,37801226,1709309023.78
2023-11-02,sh.601318,45.21,45.59,45.01,45.06,29224760,1321477077.97
2023-11-03,sh.601318,45.19,45.31,44.89,45.24,38640687,1744002549.05
2023-11-06,sh.601318,45.6,46.17,45.51,46.06,56246319,2582604547.29
2023-11-07,sh.601318,45.88,45.9,45.24,45.3,52054346,2364701854.66
2023-11-08,sh.601318,45.3,45.43,44.55,44.63,70373392,3162886205.25
2023-11-09,sh.601318,44.0,44.2,42.86,43.28,150454180,6539441759.76
2023-11-10,sh.601318,42.9,42.9,42.03,42.35,104996471,4446008162.19
2023-11-13,sh.601318,42.3,42.44,42.06,42.39,49309112,2085416496.94
2023-11-14,sh.601318,42.55,42.81,42.39,42.61,55819964,2377325635.64
2023-11-15,sh.601318,43.12,43.61,42.88,43.36,72870581,3155332501.36
2023-11-16,sh.601318,43.13,43.35,42.77,42.87,38608889,1658667534.01
2023-11-17,sh.601318,42.63,42.82,42.33,42.66,40472847,1720654033.45
2023-11-20,sh.601318,42.71,43.05,42.48,42.91,32498748,1390487105.19
2023-11-21,sh.601318,42.91,43.55,42.91,43.07,43250272,1871504437.92
2023-11-22,sh.601318,42.95,43.05,42.71,42.73,24925121,1068361649.63
2023-11-23,sh.601318,42.69,43.05,42.51,43.05,26380342,1128882328.09
2023-11-24,sh.601318,43.0,43.03,42.63,42.69,28044927,1200283581.21
2023-11-27,sh.601318,42.6,42.64,41.61,41.85,58546041,2449183476.91
2023-11-28,sh.601318,41.8,42.06,41.58,41.67,37226073,1554714840.45
2023-11-29,sh.601318,41.67,41.73,40.5,40.75,67904702,2771007262.06
2023-11-30,sh.601318,40.67,41.07,40.62,40.8,38857196,1586034771.64
2023-12-01,sh.601318,40.65,41.18,40.3,41.02,48696135,1986489504.86
2023-12-04,sh.601318,40.85,41.27,40.31,40.38,39986970,1627394427.8
2023-12-05,sh.601318,40.12,40.17,39.51,39.53,50642832,2020199567.75
2023-12-06,sh.601318,39.5,39.75,39.29,39.53,43332396,1713862406.03
2023-12-07,sh.601318,39.36,39.72,38.88,39.34,50100389,1967357706.58
2023-12-08,sh.601318,39.25,39.63,39.19,39.19,37891237,1491734068.88
2023-12-11,sh.601318,39.0,39.71,38.56,39.6,55511392,2166289979.3
2023-12-12,sh.601318,39.42,39.81,39.25,39.79,35821324,1419146471.34
2023-12-13,sh.601318,39.7,39.7,38.89,38.89,41285632,1618686295.1
2023-12-14,sh.601318,39.23,39.47,38.69,38.7,33236772,1297220103.12
2023-12-15,sh.601318,39.15,39.56,38.73,38.79,50791156,1983188835.54
2023-12-18,sh.601318,38.4,38.85,38.31,38.61,32998671,1273512227.22
2023-12-19,sh.601318,38.58,38.98,38.4,38.71,33224870,1284615540.12
2023-12-20,sh.601318,38.71,38.9,38.43,38.45,29948177,1158590096.42
2023-12-21,sh.601318,38.26,38.97,38.13,38.8,42416262,1640116584.09
2023-12-22,sh.601318,38.76,39.38,38.68,39.1,42473652,1656449050.13
2023-12-25,sh.601318,39.05,39.28,38.91,39.18,20325509,795171657.82
2023-12-26,sh.601318,39.18,39.18,38.82,39.1,19914583,776002047.48
2023-12-27,sh.601318,39.1,39.16,38.68,39.0,29593783,1150904275.07
2023-12-28,sh.601318,39.0,40.35,38.85,40.26,60952573,2429611849.79
2023-12-29,sh.601318,40.06,40.44,40.05,40.3,34107753,1372848495.56
2024-01-02,sh.601318,40.3,40.31,39.46,39.47,43759204,1740486365.32
2024-01-03,sh.601318,39.47,39.66,39.19,39.4,36382151,1432855498.63
2024-01-04,sh.601318,39.36,39.58,38.66,38.9,46739190,1819793956.96
2024-01-05,sh.601318,38.85,39.58,38.68,38.97,49920187,1955115159.54
2024-01-08,sh.601318,38.97,39.17,38.22,38.45,51473197,1983794142.0
2024-01-09,sh.601318,38.45,38.58,38.2,38.38,37065054,1423188301.14
2024-01-10,sh.601318,38.29,38.45,37.82,37.82,44130380,1677706637.6
2024-01-11,sh.601318,37.8,38.66,37.62,38.43,38157129,1457906650.77
2024-01-12,sh.601318,38.19,38.54,38.03,38.03,30300054,1158392102.61
2024-01-15,sh.601318,37.87,38.49,37.7,38.17,32702181,1244858223.33
2024-01-16,sh.601318,38.04,38.76,37.94,38.7,54496285,2095337501.25
2024-01-17,sh.601318,38.46,38.55,38.01,38.01,56122897,2148072059.83
2024-01-18,sh.601318,37.75,39.03,37.64,38.99,86154364,3289028900.73
2024-01-19,sh.601318,38.8,39.34,38.55,39.2,63974391,2493579882.19
2024-01-22,sh.601318,39.07,39.93,38.97,39.48,96109863,3800265430.86
2024-01-23,sh.601318,39.2,39.71,38.7,39.36,60172097,2363927977.29
2024-01-24,sh.601318,39.66,40.3,39.08,40.17,76115099,3023883703.2
2024-01-25,sh.601318,40.15,41.51,40.0,41.15,98658100,4022141715.25
2024-01-26,sh.601318,41.05,41.34,40.65,41.25,78592524,3225824129.23
2024-01-29,sh.601318,41.26,41.69,40.92,40.98,62078477,2560232020.12
2024-01-30,sh.601318,40.6,40.91,40.17,40.19,57063998,2308550032.86
2024-01-31,sh.601318,40.15,40.85,39.99,40.51,55701366,2253897731.11
2024-02-01,sh.601318,40.12,40.63,39.93,40.3,49092479,1980485848.94
2024-02-02,sh.601318,40.3,40.55,39.0,40.1,69077347,2771398286.31
2024-02-05,sh.601318,40.0,40.99,39.68,40.68,80614793,3247211014.41
2024-02-06,sh.601318,40.67,41.68,40.37,41.56,82383496,3381216758.7
2024-02-07,sh.601318,41.69,42.4,41.35,42.38,91615404,3833614844.28
2024-02-08,sh.601318,42.52,42.95,42.15,42.78,76874651,3274133648.91
2024-02-19,sh.601318,42.99,43.08,42.52,42.73,54413427,2324847504.07
2024-02-20,sh.601318,42.65,42.67,42.1,42.35,46935509,1989976125.05
2024-02-21,sh.601318,42.18,44.3,42.02,43.59,111249194,4827664819.26
2024-02-22,sh.601318,43.36,43.74,43.21,43.7,51745219,2252345679.89
2024-02-23,sh.601318,43.68,44.45,43.6,44.07,64421676,2843810762.75
2024-02-26,sh.601318,43.9,43.91,42.9,42.95,61619568,2667499279.49
2024-02-27,sh.601318,42.82,43.15,42.7,43.12,42901252,1840668677.61
2024-02-28,sh.601318,43.19,43.28,42.65,42.65,53576359,2298186002.07
2024-02-29,sh.601318,42.52,43.07,42.5,42.9,45509167,1948642485.44
2024-03-01,sh.601318,42.8,43.09,42.52,42.99,44577376,1908395624.01
2024-03-04,sh.601318,42.73,42.82,42.2,42.34,54504680,2311470911.3
2024-03-05,sh.601318,42.15,42.88,42.05,42.81,62343723,2650564784.46
2024-03-06,sh.601318,42.79,42.91,42.46,42.5,34276283,1461294746.35
2024-03-07,sh.601318,42.77,43.46,42.73,43.06,64896213,2796783750.67
2024-03-08,sh.601318,42.87,43.2,42.55,42.88,37249362,1595770014.26
2024-03-11,sh.601318,42.78,43.28,42.74,43.16,43597274,1877454174.22
2024-03-12,sh.601318,43.17,43.88,42.88,43.81,67920636,2952502139.23
2024-03-13,sh.601318,43.73,43.76,42.57,42.63,70121585,3008059272.09
2024-03-14,sh.601318,42.37,42.89,42.3,42.45,36088956,1535653343.04
2024-03-15,sh.601318,42.51,42.64,42.02,42.48,39867511,1687264408.94
2024-03-18,sh.601318,42.35,42.66,42.07,42.56,41626271,1764489757.48
2024-03-19,sh.601318,42.4,42.4,41.8,41.83,48601533,2045765039.38
2024-03-20,sh.601318,41.75,42.05,41.68,41.92,28361668,1187979289.12
2024-03-21,sh.601318,42.09,42.43,41.81,42.03,41497624,1745351698.68
2024-03-22,sh.601318,41.03,41.13,40.25,40.56,112550368,4569953332.77
2024-03-25,sh.601318,40.45,40.88,40.35,40.44,43760130,1775455395.81
2024-03-26,sh.601318,40.44,40.95,40.44,40.9,40299063,1640298639.54
2024-03-27,sh.601318,40.78,40.98,40.65,40.65,34619025,1411539594.33
2024-03-28,sh.601318,40.6,41.26,40.45,40.69,43233995,1764795886.29
2024-03-29,sh.601318,40.78,41.24,40.69,40.81,33512184,1370420386.58
2024-04-01,sh.601318,40.95,41.25,40.9,41.25,38706274,1592229351.69
2024-04-02,sh.601318,41.19,41.46,40.91,41.0,39996585,1644606101.72
2024-04-03,sh.601318,40.9,41.05,40.5,40.5,46364011,1886029049.26
2024-04-08,sh.601318,40.28,40.43,39.88,40.22,43590246,1752003234.9
2024-04-09,sh.601318,40.27,40.48,40.1,40.11,29392411,1183293256.89
2024-04-10,sh.601318,39.99,40.07,39.1,39.2,66754496,2638684982.98
2024-04-11,sh.601318,39.03,39.14,38.61,38.95,44321365,1724750105.08
2024-04-12,sh.601318,38.8,38.99,37.67,37.78,91894711,3503437973.08
2024-04-15,sh.601318,37.78,38.5,37.68,38.36,77160909,2953703722.44
2024-04-16,sh.601318,38.36,38.79,38.08,38.28,62674707,2408876665.25
2024-04-17,sh.601318,38.27,39.02,38.01,38.95,59458529,2294242964.74
2024-04-18,sh.601318,38.9,40.3,38.81,39.7,84608897,3365907681.42
2024-04-19,sh.601318,39.47,39.78,39.2,39.42,36839491,1454378302.44
2024-04-22,sh.601318,39.49,40.09,39.49,39.83,39122784,1559348108.99
2024-04-23,sh.601318,39.82,40.1,39.61,39.89,34265310,1367522866.18
2024-04-24,sh.601318,40.39,40.7,40.11,40.6,54996437,2226040004.99
2024-04-25,sh.601318,40.52,41.28,40.3,41.06,58217790,2379394080.78
2024-04-26,sh.601318,40.99,41.78,40.81,41.53,69427606,2866574032.83
2024-04-29,sh.601318,41.5,42.88,41.41,42.08,87545482,3696991239.7
2024-04-30,sh.601318,42.08,42.16,41.32,41.36,51819014,2157456541.33
2024-05-06,sh.601318,43.15,43.28,42.37,42.49,106274704,4554760126.57
2024-05-07,sh.601318,42.5,42.79,42.19,42.59,52815226,2249302992.58
2024-05-08,sh.601318,42.45,42.7,41.88,41.95,44733513,1888701756.04
2024-05-09,sh.601318,41.87,42.58,41.86,42.34,41354149,1749774912.08
2024-05-10,sh.601318,42.6,43.18,42.52,42.93,67767018,2906706220.37
2024-05-13,sh.601318,42.51,42.89,42.17,42.65,49348084,2098243663.83
2024-05-14,sh.601318,42.65,42.8,42.15,42.31,39651152,1679884655.94
2024-05-15,sh.601318,42.28,42.3,41.66,41.84,39911880,1673203919.17
2024-05-16,sh.601318,42.2,43.39,41.96,43.05,93478227,4003945956.18
2024-05-17,sh.601318,43.6,45.2,43.45,45.2,189457995,8380485072.81
2024-05-20,sh.601318,45.7,46.07,44.83,45.46,147945253,6725122982.13
2024-05-21,sh.601318,45.08,45.54,45.02,45.4,55109616,2495802387.92
2024-05-22,sh.601318,45.3,46.05,45.15,45.4,75133666,3432737425.71
2024-05-23,sh.601318,44.92,45.17,44.52,44.78,63592313,2847873001.03
2024-05-24,sh.601318,44.55,44.8,43.86,43.89,54128575,2397751034.49
2024-05-27,sh.601318,44.0,44.39,43.88,44.1,41274221,1820441915.17
2024-05-28,sh.601318,44.16,44.35,43.62,43.76,42192179,1853750116.11
2024-05-29,sh.601318,43.59,44.13,43.36,43.47,43942250,1921502308.37
2024-05-30,sh.601318,43.31,43.66,42.9,43.15,39395493,1702193305.05
2024-05-31,sh.601318,43.4,44.1,43.06,43.07,48249218,2100267340.71
2024-06-03,sh.601318,42.99,43.46,42.61,43.13,44651840,1922692312.43
2024-06-04,sh.601318,43.08,43.51,43.01,43.27,39817760,1723254938.55
2024-06-05,sh.601318,43.26,43.28,42.94,43.08,36188007,1559233049.65
2024-06-06,sh.601318,43.2,43.33,42.37,42.45,54262089,2313057245.12
2024-06-07,sh.601318,42.6,42.78,42.0,42.12,42139379,1781350640.17
2024-06-11,sh.601318,41.91,42.19,41.6,41.83,42236279,1767535002.98
2024-06-12,sh.601318,41.83,41.9,41.36,41.4,39834017,1653283609.36
2024-06-13,sh.601318,41.58,41.66,41.19,41.3,32042801,1323757553.96
2024-06-14,sh.601318,41.19,42.19,41.16,41.87,63562438,2651178961.93
2024-06-17,sh.601318,41.6,41.83,41.38,41.58,38472747,1600335662.58
2024-06-18,sh.601318,41.7,42.05,41.57,41.73,35345219,1476476517.64
2024-06-19,sh.601318,41.74,42.19,41.61,42.0,41063957,1721419835.21
2024-06-20,sh.601318,41.99,42.07,41.51,41.51,36478992,1525392591.04
2024-06-21,sh.601318,41.49,41.82,41.32,41.67,38505452,1600502330.31
2024-06-24,sh.601318,41.53,42.05,41.22,41.8,44592791,1856756643.57
2024-06-25,sh.601318,41.79,42.12,41.44,41.55,38283591,1598362559.09
2024-06-26,sh.601318,41.48,41.82,41.29,41.65,26506064,1100552480.63
2024-06-27,sh.601318,41.51,41.64,41.25,41.42,36797498,1525115714.91
2024-06-28,sh.601318,41.35,41.9,41.26,41.36,39934516,1661152477.79
2024-07-01,sh.601318,41.41,41.67,40.64,41.62,47419754,1949715776.52
2024-07-02,sh.601318,41.41,42.75,41.4,42.17,56885747,2404908550.73
2024-07-03,sh.601318,42.18,42.43,41.91,42.27,29574788,1248330594.75
2024-07-04,sh.601318,42.26,42.56,41.96,41.98,32485145,1369924728.97
2024-07-05,sh.601318,41.95,42.26,40.98,41.12,52671766,2180477666.29
2024-07-08,sh.601318,40.9,41.36,40.68,40.84,33954844,1388961718.88
2024-07-09,sh.601318,40.83,41.59,40.46,41.52,38140275,1565430221.59
2024-07-10,sh.601318,41.07,41.93,41.07,41.86,36127314,1507496306.7
2024-07-11,sh.601318,42.27,42.49,41.91,41.94,37556984,1582861429.22
2024-07-12,sh.601318,42.0,42.86,42.0,42.68,49569726,2110496360.66
2024-07-15,sh.601318,42.6,42.98,42.48,42.53,35484792,1513495679.15
2024-07-16,sh.601318,42.0,42.11,40.68,41.19,93998504,3870524306.94
2024-07-17,sh.601318,41.25,42.42,41.25,42.29,77840627,3268159910.88
2024-07-18,sh.601318,42.19,42.64,41.96,42.37,51362418,2175992699.2
2024-07-19,sh.601318,42.37,43.15,42.2,43.03,61077539,2610070264.81
2024-07-22,sh.601318,43.1,43.22,42.64,43.0,44056204,1890312952.56
2024-07-23,sh.601318,42.96,43.23,42.78,42.79,45978967,1978447934.56
2024-07-24,sh.601318,42.8,43.03,42.35,42.56,38609543,1644933089.81
2024-07-25,sh.601318,42.49,42.82,42.23,42.57,44047429,1874557285.11
2024-07-26,sh.601318,41.15,41.7,40.75,41.09,51037796,2099407783.57
2024-07-29,sh.601318,41.08,41.63,41.01,41.32,30564969,1264082989.54
2024-07-30,sh.601318,41.28,41.45,41.06,41.33,29692239,1224450780.96
2024-07-31,sh.601318,41.34,42.6,41.25,42.56,58087783,2450880159.96
2024-08-01,sh.601318,42.42,42.85,42.26,42.51,32514038,1383461986.97
2024-08-02,sh.601318,42.23,42.41,41.7,41.82,33137257,1392534223.86
2024-08-05,sh.601318,41.7,42.54,41.69,42.0,43050914,1813319978.54
2024-08-06,sh.601318,42.37,42.48,40.64,40.9,63434323,2614553598.48
2024-08-07,sh.601318,40.92,41.11,40.68,40.7,29978095,1225524961.3
2024-08-08,sh.601318,40.75,41.15,40.41,40.82,23643241,964682590.76
2024-08-09,sh.601318,40.99,41.24,40.61,40.61,26178496,1069136978.68
2024-08-12,sh.601318,40.53,40.73,40.31,40.62,15219904,617325021.79
2024-08-13,sh.601318,40.62,40.81,40.51,40.78,16650599,677002645.74
2024-08-14,sh.601318,40.81,40.94,40.49,40.49,20650428,838935305.86
2024-08-15,sh.601318,40.51,41.67,40.22,41.32,53416705,2202784576.02
2024-08-16,sh.601318,41.32,41.75,41.25,41.61,26957357,1119345318.47
2024-08-19,sh.601318,41.61,42.17,41.59,42.07,28791203,1209599525.52
2024-08-20,sh.601318,42.15,42.17,41.7,41.92,29376286,1230963340.51
2024-08-21,sh.601318,41.98,42.08,41.41,41.97,23617412,989256296.75
2024-08-22,sh.601318,41.96,42.25,41.64,41.71,30497656,1275507521.72
2024-08-23,sh.601318,42.04,43.46,41.93,43.35,99423443,4271882125.87
2024-08-26,sh.601318,43.46,43.64,43.05,43.35,47580560,2059591116.31
2024-08-27,sh.601318,43.28,43.55,42.96,43.15,33964677,1467947188.78
2024-08-28,sh.601318,43.24,43.38,42.93,43.19,34839474,1502990666.44
2024-08-29,sh.601318,43.18,43.56,42.46,42.62,47694548,2045077628.83
2024-08-30,sh.601318,42.71,44.53,42.71,44.03,110000601,4830979921.49
2024-09-02,sh.601318,43.88,44.17,43.45,43.45,51317124,2243546045.27
2024-09-03,sh.601318,43.61,43.62,43.08,43.21,36821975,1593821144.03
2024-09-04,sh.601318,43.22,43.64,42.45,42.64,40994906,1759519238.69
2024-09-05,sh.601318,42.63,43.51,42.61,43.42,46651108,2014905549.27
2024-09-06,sh.601318,43.42,43.98,43.16,43.25,39025775,1699389016.95
2024-09-09,sh.601318,43.08,43.25,42.55,42.68,40172454,1720343645.67
2024-09-10,sh.601318,42.75,43.05,42.29,42.66,29365589,1251507268.88
2024-09-11,sh.601318,42.64,42.92,42.37,42.52,27407424,1167516314.99
2024-09-12,sh.601318,42.73,42.77,41.82,42.6,41083853,1739432818.75
2024-09-13,sh.601318,42.56,43.4,42.5,42.89,34439648,1484769941.35
2024-09-18,sh.601318,43.0,43.79,42.93,43.7,43263824,1883001068.24
2024-09-19,sh.601318,43.72,44.1,43.32,44.03,46650032,2046412473.01
2024-09-20,sh.601318,43.98,44.29,43.74,44.15,53292373,2347055960.55
2024-09-23,sh.601318,44.13,44.4,43.86,44.09,29524048,1302373908.58
2024-09-24,sh.601318,44.6,46.5,44.47,46.5,120899198,5518430623.24
2024-09-25,sh.601318,47.6,48.2,47.25,47.36,138298492,6594953850.77
2024-09-26,sh.601318,47.59,50.44,47.2,50.42,163765259,8023977091.65
2024-09-27,sh.601318,51.9,52.16,50.7,51.9,139487740,7197182303.76
2024-09-30,sh.601318,54.48,57.09,54.4,57.09,262125405,14733344152.8
2024-10-08,sh.601318,62.8,62.8,59.1,61.73,396104253,24440888194.8
2024-10-09,sh.601318,60.0,60.0,55.65,55.7,285509557,16431475144.11
2024-10-10,sh.601318,56.63,60.59,56.31,58.5,222672969,12981664827.18
2024-10-11,sh.601318,57.8,59.86,57.03,57.54,131212381,7645831882.44
2024-10-14,sh.601318,58.39,59.24,57.55,58.67,117773767,6884203094.57
2024-10-15,sh.601318,58.58,59.28,57.09,57.19,102790028,5988622376.53
2024-10-16,sh.601318,56.78,57.83,56.61,57.38,85501630,4894961073.69
2024-10-17,sh.601318,57.9,58.8,56.97,57.0,78357477,4529673855.11
2024-10-18,sh.601318,56.08,58.35,54.75,57.18,149466236,8417973824.14
2024-10-21,sh.601318,57.4,57.47,56.18,56.9,87531258,4966469517.03
2024-10-22,sh.601318,56.8,58.2,56.58,57.06,84601119,4835443519.87
2024-10-23,sh.601318,57.2,59.3,56.9,58.31,119192651,6939592003.78
2024-10-24,sh.601318,57.9,58.48,57.63,58.1,51273005,2976336248.6
2024-10-25,sh.601318,58.01,58.48,57.56,57.7,53944541,3122695351.96
2024-10-28,sh.601318,57.78,58.06,57.08,57.5,57880987,3325855084.36
2024-10-29,sh.601318,57.5,58.46,57.44,57.63,62010028,3591688617.52
2024-10-30,sh.601318,57.49,57.91,55.68,55.97,90747926,5123310916.61
2024-10-31,sh.601318,55.96,56.8,55.4,55.92,75763009,4236922731.54
2024-11-01,sh.601318,56.15,57.0,56.0,56.15,65013925,3676222858.28
2024-11-04,sh.601318,56.17,56.97,55.93,56.97,53073970,2993285083.1
2024-11-05,sh.601318,56.82,58.88,56.28,58.75,120114422,6976690582.1
2024-11-06,sh.601318,58.89,59.05,56.95,57.49,126251828,7311429314.47
2024-11-07,sh.601318,57.0,61.0,56.9,60.84,186426320,11055869272.25
2024-11-08,sh.601318,61.2,61.49,59.01,59.12,132299025,7922272847.26
2024-11-11,sh.601318,58.13,58.52,57.52,58.4,91716007,5320862805.17
2024-11-12,sh.601318,58.4,58.97,56.88,57.01,96289275,5557347301.49
2024-11-13,sh.601318,56.7,57.5,56.62,57.19,61824493,3532487702.17
2024-11-14,sh.601318,57.19,58.09,56.9,57.0,66323183,3815907812.2
2024-11-15,sh.601318,56.9,57.48,55.8,55.8,78059714,4413936479.86
2024-11-18,sh.601318,56.1,57.16,55.38,55.76,68429646,3851412801.79
2024-11-19,sh.601318,56.0,56.12,55.1,55.61,52819300,2934893273.53
2024-11-20,sh.601318,55.62,55.8,55.2,55.46,46997145,2605295419.52
2024-11-21,sh.601318,55.49,55.67,55.12,55.49,41024489,2269302644.37
2024-11-22,sh.601318,55.47,55.47,53.0,53.03,100680813,5439029186.91
2024-11-25,sh.601318,53.0,53.25,52.14,52.57,70269826,3704922204.59
2024-11-26,sh.601318,52.5,53.27,52.37,53.05,40761823,2156122895.27
2024-11-27,sh.601318,53.06,53.6,52.79,53.55,44446366,2366194482.97
2024-11-28,sh.601318,53.57,53.99,52.83,53.17,42550213,2268917373.38
2024-11-29,sh.601318,53.15,54.42,53.04,53.25,56357055,3018761403.42
2024-12-02,sh.601318,53.2,54.23,53.18,54.01,44960590,2420512863.94
2024-12-03,sh.601318,53.85,54.61,53.55,54.43,47005763,2544434590.64
2024-12-04,sh.601318,54.18,54.34,53.71,53.93,38188736,2059281653.68
2024-12-05,sh.601318,53.69,54.05,53.49,53.68,29588882,1589274038.26
2024-12-06,sh.601318,53.79,55.69,53.78,55.12,78983681,4338822601.68
2024-12-09,sh.601318,54.95,55.3,54.45,54.83,51046345,2801288362.27
2024-12-10,sh.601318,56.9,57.18,55.5,55.62,100098350,5649587634.71
2024-12-11,sh.601318,55.61,55.93,54.88,54.9,50478424,2790301409.65
2024-12-12,sh.601318,54.96,55.85,54.7,55.58,52633585,2909611957.11
2024-12-13,sh.601318,55.2,55.21,53.68,53.74,88709588,4798656728.82
2024-12-16,sh.601318,53.71,53.99,52.93,53.12,65859184,3512263333.83
2024-12-17,sh.601318,52.9,53.47,52.74,53.01,53769372,2853899355.19
2024-12-18,sh.601318,53.33,53.68,52.88,52.94,50446143,2683105293.26
2024-12-19,sh.601318,52.6,52.94,52.35,52.89,40549628,2136614146.62
2024-12-20,sh.601318,52.89,53.23,52.52,52.62,46196543,2437090038.01
2024-12-23,sh.601318,52.62,53.48,52.62,53.1,55550547,2954746191.08
2024-12-24,sh.601318,53.08,53.83,53.0,53.78,49560916,2654767330.42
2024-12-25,sh.601318,53.81,54.31,53.57,53.9,41739896,2249897990.35
2024-12-26,sh.601318,53.89,53.94,53.36,53.45,37922170,2031175519.15
2024-12-27,sh.601318,53.45,53.75,52.71,53.27,53775719,2862446916.89
2024-12-30,sh.601318,53.22,53.9,53.21,53.9,53343783,2865180504.46
2024-12-31,sh.601318,53.79,54.02,52.65,52.65,67711790,3607846473.56
2025-01-02,sh.601318,52.7,52.73,50.39,50.71,94857917,4877807223.25
2025-01-03,sh.601318,51.0,51.09,50.08,50.3,55135185,2788346286.54
2025-01-06,sh.601318,50.55,50.62,49.83,50.34,41348951,2077171909.27
2025-01-07,sh.601318,50.19,50.36,49.81,50.17,39278717,1967557697.73
2025-01-08,sh.601318,50.18,50.58,49.55,50.3,51038304,2555823166.64
2025-01-09,sh.601318,50.26,50.41,49.8,49.81,40082112,2005089617.47
2025-01-10,sh.601318,49.82,50.08,48.9,48.95,52270371,2576373865.93
2025-01-13,sh.601318,48.48,48.8,48.1,48.59,51139315,2474824395.9
2025-01-14,sh.601318,48.59,49.58,48.5,49.36,61577440,3024006483.51
2025-01-15,sh.601318,49.25,49.66,48.91,49.11,45802852,2251226874.25
2025-01-16,sh.601318,49.3,49.75,48.93,49.25,41576107,2052212528.83
2025-01-17,sh.601318,49.1,49.57,48.77,49.38,46074666,2273441157.24
2025-01-20,sh.601318,49.72,50.3,49.66,49.81,49173607,2458746693.9
2025-01-21,sh.601318,50.2,50.39,49.66,49.9,40995081,2049216697.85
2025-01-22,sh.601318,49.72,49.92,48.85,48.95,53078046,2606595141.93
2025-01-23,sh.601318,49.82,51.45,49.78,50.37,96910455,4910872824.57
2025-01-24,sh.601318,50.18,51.37,50.1,50.86,61677886,3140198840.43
2025-01-27,sh.601318,51.03,51.62,50.81,50.85,52454748,2681560915.93
2025-02-05,sh.601318,50.98,51.0,49.67,49.72,58307230,2921528574.68
2025-02-06,sh.601318,49.73,50.5,49.68,50.25,41503724,2078321190.86
2025-02-07,sh.601318,50.18,51.44,49.84,50.88,72581202,3679372001.35
2025-02-10,sh.601318,50.89,51.36,50.8,50.9,43181484,2203839896.22
2025-02-11,sh.601318,51.2,51.24,50.37,50.52,38184400,1931993468.36
2025-02-12,sh.601318,50.52,51.12,50.18,51.08,44699378,2261445451.46
2025-02-13,sh.601318,50.92,51.78,50.81,51.02,59036332,3019334997.7
2025-02-14,sh.601318,50.99,51.86,50.8,51.7,59977161,3080098769.84
2025-02-17,sh.601318,51.83,52.38,51.41,51.84,62571044,3245003133.19
2025-02-18,sh.601318,51.67,52.18,51.2,51.31,65008234,3362664790.81
2025-02-19,sh.601318,51.19,51.83,51.02,51.45,46442576,2388611400.68
2025-02-20,sh.601318,51.23,51.31,50.66,50.78,51538478,2620444373.81
2025-02-21,sh.601318,50.99,51.5,50.46,51.2,66876093,3415352330.99
2025-02-24,sh.601318,51.2,52.48,51.05,52.0,83582274,4341042759.82
2025-02-25,sh.601318,51.5,52.1,50.85,50.98,64242944,3298896561.65
2025-02-26,sh.601318,51.1,51.78,51.03,51.62,53657805,2758370361.5
2025-02-27,sh.601318,51.78,51.8,51.12,51.62,54724008,2813972256.66
2025-02-28,sh.601318,51.4,51.65,50.38,50.38,80526753,4102825271.76
2025-03-03,sh.601318,50.55,50.82,50.06,50.33,42316083,2135730015.39
2025-03-04,sh.601318,50.08,50.29,50.0,50.08,37243163,1867141470.87
2025-03-05,sh.601318,50.18,50.55,50.01,50.38,45507176,2287766875.65
2025-03-06,sh.601318,50.77,51.93,50.53,51.64,104582101,5369202398.94
2025-03-07,sh.601318,51.6,51.84,51.32,51.5,48147872,2481121736.0
2025-03-10,sh.601318,51.51,51.66,50.78,51.25,61128342,3121852670.24
2025-03-11,sh.601318,50.71,51.5,50.6,51.5,52914740,2702757543.57
2025-03-12,sh.601318,51.5,51.6,51.01,51.15,47057801,2410921164.24
2025-03-13,sh.601318,51.15,51.55,50.93,51.14,41144830,2107254551.84
2025-03-14,sh.601318,51.33,53.89,51.21,53.47,150244865,7945017156.29
2025-03-17,sh.601318,53.47,53.62,53.1,53.38,60517176,3229662145.15
2025-03-18,sh.601318,53.7,54.19,53.64,53.76,58774002,3164655446.65
2025-03-19,sh.601318,53.68,54.3,53.57,54.07,50987421,2751845206.48
2025-03-20,sh.601318,54.05,54.06,52.23,52.49,114072346,6007424559.04
2025-03-21,sh.601318,52.4,52.66,51.68,51.75,79571468,4145943295.05
2025-03-24,sh.601318,51.82,52.28,51.82,52.13,50865690,2646991165.97
2025-03-25,sh.601318,52.15,52.21,51.82,51.96,34440224,1790739698.82
2025-03-26,sh.601318,51.98,52.09,51.72,51.72,40399461,2094936176.07
2025-03-27,sh.601318,51.71,52.45,51.53,52.06,43216872,2248679010.83
2025-03-28,sh.601318,52.2,52.37,51.85,51.96,35366353,1841078405.98
2025-03-31,sh.601318,51.9,52.25,51.39,51.63,46838971,2423816080.07
2025-04-01,sh.601318,51.6,51.86,51.41,51.62,39432057,2035352505.07
2025-04-02,sh.601318,51.58,51.96,51.53,51.86,28327427,1467236071.49
2025-04-03,sh.601318,51.39,52.0,51.38,51.48,37334782,1927750539.89
2025-04-07,sh.601318,49.3,49.77,47.0,48.56,172755841,8362219629.49
2025-04-08,sh.601318,48.55,49.26,48.1,49.26,111752977,5446468217.79
2025-04-09,sh.601318,48.8,49.25,48.36,48.93,73790650,3604799241.88
2025-04-10,sh.601318,49.36,49.8,49.21,49.48,65791545,3258096137.76
2025-04-11,sh.601318,49.48,49.54,48.98,49.35,45012106,2216984585.55
2025-04-14,sh.601318,49.6,49.85,49.44,49.48,38748414,1922228961.61
2025-04-15,sh.601318,49.48,49.97,49.26,49.83,40776211,2021902572.15
2025-04-16,sh.601318,49.72,50.17,49.4,49.88,46792350,2323052329.97
2025-04-17,sh.601318,49.69,50.28,49.58,50.16,37704289,1884423296.17
2025-04-18,sh.601318,50.05,50.66,49.95,50.44,33881100,1706307227.66
2025-04-21,sh.601318,50.4,50.61,50.2,50.28,26378406,1329681851.62
2025-04-22,sh.601318,50.2,50.79,50.12,50.57,35509783,1793621625.57
2025-04-23,sh.601318,50.76,50.95,50.46,50.7,29877321,1515452317.1
2025-04-24,sh.601318,50.7,51.48,50.7,51.22,42383943,2170142048.92
2025-04-25,sh.601318,51.24,51.59,51.22,51.33,36849939,1894916291.48
2025-04-28,sh.601318,50.42,51.34,50.03,51.21,51866550,2632952958.86
2025-04-29,sh.601318,51.17,51.64,50.86,51.0,33754005,1725062887.35
2025-04-30,sh.601318,51.1,51.55,50.68,50.71,37794426,1927976843.15
2025-05-06,sh.601318,51.0,51.15,50.55,50.8,39151245,1992284114.91
2025-05-07,sh.601318,51.42,51.63,51.03,51.18,42063972,2156676084.15
2025-05-08,sh.601318,51.01,52.35,50.9,51.96,67134993,3487932290.18
2025-05-09,sh.601318,51.91,52.16,51.75,51.75,29070923,1507958915.35
2025-05-12,sh.601318,52.23,52.75,52.0,52.6,57737170,3028226079.46
2025-05-13,sh.601318,52.79,52.79,52.25,52.46,40392012,2117089329.22
2025-05-14,sh.601318,52.45,55.18,52.34,54.69,157722961,8541172666.05
2025-05-15,sh.601318,54.39,54.8,54.1,54.25,56930342,3095268721.07
2025-05-16,sh.601318,54.05,54.44,53.38,53.39,46612951,2499109898.78
2025-05-19,sh.601318,53.29,53.73,53.2,53.3,32426624,1730493311.95
2025-05-20,sh.601318,53.45,54.18,53.4,53.68,35266900,1895934592.19
2025-05-21,sh.601318,53.7,54.4,53.7,53.85,33306582,1800759244.04
2025-05-22,sh.601318,53.76,53.99,53.53,53.84,24065765,1294403113.72
2025-05-23,sh.601318,53.81,54.46,53.17,53.23,43049136,2314052457.28
2025-05-26,sh.601318,53.16,54.15,53.0,53.4,38812968,2078107531.14
2025-05-27,sh.601318,53.4,53.86,53.3,53.4,25572531,1368911112.02
2025-05-28,sh.601318,53.4,53.69,53.12,53.29,26169794,1396312011.86
2025-05-29,sh.601318,53.3,53.83,53.09,53.52,34868262,1868004330.4
2025-05-30,sh.601318,53.37,53.69,52.85,53.28,41723855,2221553128.02
2025-06-03,sh.601318,53.21,54.11,53.0,53.85,45373821,2430686987.22
2025-06-04,sh.601318,53.61,54.15,53.61,53.76,43089681,2322941428.98
2025-06-05,sh.601318,53.77,54.18,53.66,53.99,41909990,2260023900.04
2025-06-06,sh.601318,54.0,54.12,53.35,53.41,40855330,2191002621.24
2025-06-09,sh.601318,53.55,53.94,53.5,53.72,39788727,2137162081.35
2025-06-10,sh.601318,53.71,54.1,53.31,53.43,46707945,2510066317.07
2025-06-11,sh.601318,53.4,54.65,53.4,54.46,68183015,3704026067.86
2025-06-12,sh.601318,54.3,55.33,54.03,54.81,58999906,3231103730.46
2025-06-13,sh.601318,54.83,54.9,54.28,54.48,48022896,2616565694.41
2025-06-16,sh.601318,54.33,54.58,54.06,54.32,49677075,2697778320.15
2025-06-17,sh.601318,54.3,54.51,53.94,54.23,50628878,2745763183.09
2025-06-18,sh.601318,54.18,54.28,53.3,53.81,46936380,2518852918.02
2025-06-19,sh.601318,53.69,53.8,53.12,53.2,40188078,2143533731.1
2025-06-20,sh.601318,53.19,54.86,53.19,54.74,84743047,4606219515.27
2025-06-23,sh.601318,54.5,55.25,54.26,55.1,61470513,3373267493.85
2025-06-24,sh.601318,55.21,56.97,55.2,56.79,104079789,5873914856.71
2025-06-25,sh.601318,56.8,58.0,56.58,57.88,104613132,5998384733.81
2025-06-26,sh.601318,57.79,58.08,57.47,57.58,50073981,2888896788.43
2025-06-27,sh.601318,57.58,58.13,56.61,56.96,66763167,3832894681.9
2025-06-30,sh.601318,55.5,55.95,55.13,55.48,56478195,3133724720.45
2025-07-01,sh.601318,55.66,55.89,55.3,55.7,35274636,1961556961.13
2025-07-02,sh.601318,55.7,56.01,55.35,55.81,39562902,2204210315.9
2025-07-03,sh.601318,55.9,56.2,55.66,55.8,32510060,1817404361.66
2025-07-04,sh.601318,55.7,57.39,55.43,56.57,65454405,3695501729.12
2025-07-07,sh.601318,56.59,56.8,56.06,56.43,32176278,1813966809.18
2025-07-08,sh.601318,56.4,56.78,56.11,56.45,34345972,1939149952.41
2025-07-09,sh.601318,56.45,56.78,55.88,55.9,39546279,2223715808.05
2025-07-10,sh.601318,55.9,57.58,55.81,57.13,82888153,4726621457.43
2025-07-11,sh.601318,57.0,59.02,56.96,57.71,107642894,6269330973.4
2025-07-14,sh.601318,57.69,58.24,57.57,57.57,44905762,2598863547.11
2025-07-15,sh.601318,57.75,57.96,56.98,57.1,44172553,2535144762.22
2025-07-16,sh.601318,57.17,57.24,56.21,56.83,48182460,2728239344.48
2025-07-17,sh.601318,56.7,57.06,56.68,56.81,27712343,1575012869.75
2025-07-18,sh.601318,56.95,57.45,56.86,57.07,43623995,2492884492.83
2025-07-21,sh.601318,57.15,57.75,56.9,57.19,46673343,2671242928.78
2025-07-22,sh.601318,57.19,57.2,56.1,56.7,69520325,3930402694.05
2025-07-23,sh.601318,56.84,58.38,56.81,58.0,86940674,5020698335.41
2025-07-24,sh.601318,57.97,59.0,57.71,58.64,70773738,4142271385.15
2025-07-25,sh.601318,58.3,58.55,57.82,58.08,50833457,2958837440.46
2025-07-28,sh.601318,58.2,60.2,58.2,60.09,122121733,7297531196.6
2025-07-29,sh.601318,60.06,60.28,59.37,59.49,56609200,3380012574.83
2025-07-30,sh.601318,59.48,61.33,59.35,60.71,92199271,5600001965.56
2025-07-31,sh.601318,60.41,60.5,58.38,58.69,82760070,4910516273.74
2025-08-01,sh.601318,58.68,59.06,58.08,58.2,48878624,2860162236.12
2025-08-04,sh.601318,58.1,58.34,57.85,58.21,36007832,2092312969.11
2025-08-05,sh.601318,58.3,59.41,58.2,59.14,48295614,2837798909.03
2025-08-06,sh.601318,59.14,59.64,58.82,59.06,32446873,1916931440.99
2025-08-07,sh.601318,59.11,59.46,58.53,58.88,32797153,1932522823.06
2025-08-08,sh.601318,58.88,58.9,58.22,58.54,39793332,2331643860.37
2025-08-11,sh.601318,58.77,59.14,58.47,58.47,43186911,2535939660.51
2025-08-12,sh.601318,58.47,59.07,58.47,58.75,42698545,2507882892.03
2025-08-13,sh.601318,58.92,59.4,58.46,58.61,72845320,4285477114.74
2025-08-14,sh.601318,58.8,60.6,58.77,59.62,102276751,6132887144.52
2025-08-15,sh.601318,59.6,60.45,59.0,59.8,89296811,5342602446.72
2025-08-18,sh.601318,59.92,60.35,59.34,59.34,95726282,5730767229.78
2025-08-19,sh.601318,59.77,60.18,58.08,58.2,95480996,5626016599.78
2025-08-20,sh.601318,58.09,59.2,57.69,59.2,76272484,4453267555.24
2025-08-21,sh.601318,59.2,59.96,58.91,59.62,57460093,3420554066.19
2025-08-22,sh.601318,59.51,60.51,59.44,60.5,78097427,4689312102.96
2025-08-25,sh.601318,60.6,61.05,60.11,61.0,67011268,4065994393.89
2025-08-26,sh.601318,60.9,61.0,60.45,60.52,49198628,2984830237.5
2025-08-27,sh.601318,60.38,60.45,58.69,58.69,106455786,6325335934.31
2025-08-28,sh.601318,58.75,59.12,58.31,58.84,63610466,3734301052.68
2025-08-29,sh.601318,58.95,61.1,58.94,59.88,108030923,6488619820.31
2025-09-01,sh.601318,59.79,59.79,58.33,58.51,94852489,5566516443.11
2025-09-02,sh.601318,58.5,58.8,58.22,58.66,64903633,3797585374.7
2025-09-03,sh.601318,58.94,59.1,57.36,57.78,71474642,4150607723.07
2025-09-04,sh.601318,57.77,57.97,57.06,57.5,72743607,4183559781.08
2025-09-05,sh.601318,57.5,58.06,57.03,57.9,55818427,3207319734.5
2025-09-08,sh.601318,57.76,58.04,57.32,57.7,48773339,2814135142.0
2025-09-09,sh.601318,57.76,58.29,57.55,58.0,51891144,3004298500.8
2025-09-10,sh.601318,57.77,58.16,57.62,57.87,30846974,1786675714.58
2025-09-11,sh.601318,57.9,58.69,57.6,58.69,59507207,3464480190.12
2025-09-12,sh.601318,58.98,59.2,57.5,57.68,73537627,4277497748.82
2025-09-15,sh.601318,57.65,57.99,57.09,57.33,54684242,3147658744.56
2025-09-16,sh.601318,57.35,57.45,56.5,56.62,68571361,3894056718.59
2025-09-17,sh.601318,56.66,56.97,56.45,56.57,68465187,3878151156.9
2025-09-18,sh.601318,56.64,56.67,55.11,55.28,101207356,5649599208.97
2025-09-19,sh.601318,55.29,56.0,55.0,55.1,54332111,3008279779.78
2025-09-22,sh.601318,55.37,55.65,55.0,55.15,37443768,2068811783.84
2025-09-23,sh.601318,55.03,55.79,54.74,55.02,61296096,3385890145.3
2025-09-24,sh.601318,55.29,55.75,54.95,55.29,50317433,2781363925.22
2025-09-25,sh.601318,55.28,55.39,55.03,55.09,51429616,2838283233.55
2025-09-26,sh.601318,55.02,55.55,54.66,55.22,54862187,3021459544.38
2025-09-29,sh.601318,55.18,57.32,55.03,56.01,103510992,5816595783.32
2025-09-30,sh.601318,55.8,56.2,55.0,55.11,76708187,4247640484.95
2025-10-09,sh.601318,55.04,55.28,54.25,55.04,82406748,4521397149.76
2025-10-10,sh.601318,54.73,55.97,54.73,55.54,64146532,3560844772.52
2025-10-13,sh.601318,54.51,55.33,54.51,55.1,60965598,3353288997.75
2025-10-14,sh.601318,55.58,56.68,55.52,56.48,102294025,5757976240.66
2025-10-15,sh.601318,56.48,57.97,56.3,57.81,83704628,4793965559.41
2025-10-16,sh.601318,57.68,58.58,57.61,58.02,68147820,3966486441.38
2025-10-17,sh.601318,58.0,58.48,57.17,57.28,67749281,3916934527.0
2025-10-20,sh.601318,58.33,58.57,57.45,57.9,52669469,3058431634.29
2025-10-21,sh.601318,57.93,58.92,57.93,58.08,76220049,4456452771.02
2025-10-22,sh.601318,58.0,58.5,57.93,58.21,37989266,2211002991.15
2025-10-23,sh.601318,58.22,58.87,58.09,58.75,50350104,2943942596.15
2025-10-24,sh.601318,58.14,58.49,57.75,57.88,55824170,3240224544.67
2025-10-27,sh.601318,58.0,58.39,57.5,57.75,68500438,3964893062.54
2025-10-28,sh.601318,57.79,58.23,57.62,57.76,49130508,2842864952.9
2025-10-29,sh.601318,58.6,59.7,58.49,58.95,104443161,6172236794.81
2025-10-30,sh.601318,59.3,60.1,58.58,58.65,74571283,4424147710.75
2025-10-31,sh.601318,58.99,58.99,57.8,57.83,57254154,3331214747.55
2025-11-03,sh.601318,58.27,58.7,57.86,58.31,41143033,2399870469.72
2025-11-04,sh.601318,58.35,59.13,58.2,58.94,51812600,3045009960.8
2025-11-05,sh.601318,58.4,58.84,57.92,58.32,40215785,2348603000.58
2025-11-06,sh.601318,58.35,59.28,58.34,58.9,54734599,3224909538.0
2025-11-07,sh.601318,58.78,59.15,58.66,58.89,37191041,2191134861.25
2025-11-10,sh.601318,58.85,59.4,58.44,59.3,52948721,3132320906.12
2025-11-11,sh.601318,59.3,59.5,58.81,59.2,36250376,2143772917.28
2025-11-12,sh.601318,59.3,60.79,59.3,60.03,149024584,8994592304.48
2025-11-13,sh.601318,60.29,61.38,60.29,60.88,89018699,5421878882.14
2025-11-14,sh.601318,60.85,62.27,60.65,60.65,75274101,4630168806.01
2025-11-17,sh.601318,60.69,61.0,59.46,59.83,56019716,3354710744.83
2025-11-18,sh.601318,59.67,60.15,59.48,59.62,44571218,2663627684.28
2025-11-19,sh.601318,59.8,61.12,59.71,60.37,70586509,4268493623.8
2025-11-20,sh.601318,60.6,61.15,60.03,60.2,39449064,2387256690.59
2025-11-21,sh.601318,60.0,60.1,58.88,58.91,68557969,4067315651.66
2025-11-24,sh.601318,59.16,59.2,58.35,58.4,53470919,3141756213.56
2025-11-25,sh.601318,58.68,59.82,58.23,59.47,48777097,2887514429.48
2025-11-26,sh.601318,59.66,60.22,59.32,59.78,43469273,2598031332.74
2025-11-27,sh.601318,59.5,59.73,58.7,59.34,50570087,2993560813.35
2025-11-28,sh.601318,59.21,59.29,58.51,58.99,43355814,2553839885.71
2025-12-01,sh.601318,58.91,59.18,58.41,58.63,44580406,2614280155.99
2025-12-02,sh.601318,58.8,59.4,58.45,58.8,37383734,2200530386.89
2025-12-03,sh.601318,58.75,59.02,58.15,58.35,33549447,1961924290.85
2025-12-04,sh.601318,58.35,58.55,58.21,58.55,21766366,1271252461.35
2025-12-05,sh.601318,58.65,62.2,58.55,61.99,137794827,8385205487.59
2025-12-08,sh.601318,62.04,63.8,62.0,63.4,102997868,6514118719.63
2025-12-09,sh.601318,63.4,63.69,62.42,62.45,48373102,3044070518.32
2025-12-10,sh.601318,62.66,63.06,62.13,62.55,44882218,2808948856.5
2025-12-11,sh.601318,62.8,63.36,62.17,62.53,47796340,2990603756.48
2025-12-12,sh.601318,62.56,64.09,62.41,63.91,109176025,6926125694.12
2025-12-15,sh.601318,63.68,67.44,63.52,67.08,154664260,10258390316.01
2025-12-16,sh.601318,66.71,68.11,66.16,67.0,105682134,7074646043.38
2025-12-17,sh.601318,67.05,68.63,66.65,68.05,96211778,6513277291.36
2025-12-18,sh.601318,67.88,68.58,67.59,68.5,56360590,3839846393.27
2025-12-19,sh.601318,68.15,68.78,67.6,68.75,63847643,4363697642.1
2025-12-22,sh.601318,68.7,69.27,68.2,68.54,55694201,3824247200.17
2025-12-23,sh.601318,68.56,70.24,68.35,69.49,76571991,5324655841.95
2025-12-24,sh.601318,69.17,69.38,68.35,69.03,51131950,3522990019.66
2025-12-25,sh.601318,69.0,71.98,68.98,70.8,77789813,5513013481.16
2025-12-26,sh.601318,70.44,71.96,70.43,71.16,65701677,4689142905.54
2025-12-29,sh.601318,71.0,71.66,69.79,69.88,65566518,4622483554.37
2025-12-30,sh.601318,69.75,70.23,68.39,68.8,104667372,7226865061.61
2025-12-31,sh.601318,68.78,69.23,68.15,68.4,45806869,3141993176.56
2026-01-05,sh.601318,69.2,73.0,69.2,72.36,122883100,8824564893.37
2026-01-06,sh.601318,72.4,74.88,72.4,74.32,146851648,10867519150.89
2026-01-07,sh.601318,73.89,74.7,73.29,73.45,91969506,6796568402.28
2026-01-08,sh.601318,73.37,73.4,69.66,70.38,168539173,11969587225.79
2026-01-09,sh.601318,70.6,71.28,68.24,69.0,206334825,14285738424.98
2026-01-12,sh.601318,68.9,69.0,67.22,67.55,185166118,12546774432.8
2026-01-13,sh.601318,67.8,69.98,67.78,68.2,150215050,10342110580.07
2026-01-14,sh.601318,68.35,68.93,66.82,67.0,143110900,9691268750.05
2026-01-15,sh.601318,66.9,68.38,66.69,67.41,106661426,7195271140.22
2026-01-16,sh.601318,67.6,67.94,65.8,66.33,135609994,9017682809.32
2026-01-19,sh.601318,66.28,66.95,65.91,66.3,83868106,5560566590.39
2026-01-20,sh.601318,66.35,67.77,66.11,66.6,98849999,6611639901.63
2026-01-21,sh.601318,66.64,67.18,65.65,65.85,93540213,6198978526.81
2026-01-22,sh.601318,66.13,66.58,64.52,64.8,114392226,7455922558.87
2026-01-23,sh.601318,65.2,65.48,63.66,63.9,140769883,9048849719.78
2026-01-26,sh.601318,64.0,66.25,63.77,64.14,201384596,13083521293.77
2026-01-27,sh.601318,64.31,66.35,64.27,65.31,150884105,9868833866.34
2026-01-28,sh.601318,65.87,66.05,64.43,64.75,199285418,12952514677.93
2026-01-29,sh.601318,65.03,68.03,64.53,68.0,275571332,18287719695.49
2026-01-30,sh.601318,68.01,68.69,66.39,66.75,160322836,10768334981.95
2026-02-02,sh.601318,66.35,68.33,65.73,66.02,135454854,9059867835.73
2026-02-03,sh.601318,66.9,67.4,65.62,66.58,103322505,6862044454.45
2026-02-04,sh.601318,66.45,67.45,66.23,67.4,87740307,5866716206.56
2026-02-05,sh.601318,67.17,67.99,66.16,67.35,90819121,6088193606.16
2026-02-06,sh.601318,66.88,67.61,66.42,66.9,74927488,5011778788.18
2026-02-09,sh.601318,67.45,69.1,67.11,68.7,102123690,6973342327.39
2026-02-10,sh.601318,68.71,68.8,67.8,68.19,54873478,3743029913.69
2026-02-11,sh.601318,68.25,68.68,67.06,67.5,61803197,4178546001.31
2026-02-12,sh.601318,67.6,67.68,66.35,66.54,64637155,4320770032.58
2026-02-13,sh.601318,66.15,66.35,65.06,65.29,84077184,5509966026.28
2026-02-24,sh.601318,65.77,66.25,64.37,64.5,80005314,5208399200.81
2026-02-25,sh.601318,64.7,65.74,64.7,65.05,68355572,4452349687.49
2026-02-26,sh.601318,65.5,65.53,63.29,63.5,103614642,6614432347.13
2026-02-27,sh.601318,63.6,63.74,63.06,63.09,63301213,4006459826.43
2026-03-02,sh.601318,62.41,63.11,61.7,62.35,101086184,6295717497.51
2026-03-03,sh.601318,62.45,63.72,61.93,62.57,109553470,6885778078.85
2026-03-04,sh.601318,62.2,62.56,60.65,61.79,100813361,6196271381.82
2026-03-05,sh.601318,62.01,62.72,61.8,62.08,54636541,3404335407.24
2026-03-06,sh.601318,61.79,63.35,61.66,62.67,57463292,3590186817.96
2026-03-09,sh.601318,61.44,61.52,60.01,61.4,93036823,5663230288.63
2026-03-10,sh.601318,61.86,62.38,61.72,62.09,46218362,2866994901.59
2026-03-11,sh.601318,62.09,62.91,61.8,62.55,51727048,3234820114.55
2026-03-12,sh.601318,62.15,62.43,61.22,61.6,66854186,4123729384.43
2026-03-13,sh.601318,61.37,61.87,61.08,61.2,45804107,2813751145.81
2026-03-16,sh.601318,61.2,61.36,60.1,60.48,81859571,4946355959.17
2026-03-17,sh.601318,60.59,62.8,60.58,61.84,90184988,5591874769.32
2026-03-18,sh.601318,61.87,62.32,61.5,61.89,49047083,3034276336.59
2026-03-19,sh.601318,61.2,61.29,60.4,60.62,68472203,4158160918.9
2026-03-20,sh.601318,60.8,60.9,59.7,59.74,62076703,3738267787.76
