date,code,open,high,low,close,volume,amount
2015-06-10,sh.601985,4.07,4.88,4.07,4.88,741098,3575896.0
2015-06-11,sh.601985,5.37,5.37,5.37,5.37,381000,2045970.0
2015-06-12,sh.601985,5.91,5.91,5.91,5.91,394551,2331796.0
2015-06-15,sh.601985,6.5,6.5,6.5,6.5,589542,3832023.0
2015-06-16,sh.601985,7.15,7.15,7.15,7.15,807100,5770765.0
2015-06-17,sh.601985,7.87,7.87,7.87,7.87,1532229,12058642.0
2015-06-18,sh.601985,8.66,8.66,8.66,8.66,1332448,11539000.0
2015-06-19,sh.601985,9.53,9.53,9.53,9.53,7689915,73284890.0
2015-06-23,sh.601985,10.48,10.48,10.48,10.48,13405468,140489305.0
2015-06-24,sh.601985,11.53,11.53,11.53,11.53,6919239,79778826.0
2015-06-25,sh.601985,12.68,12.68,12.68,12.68,5769394,73155916.0
2015-06-26,sh.601985,13.95,13.95,13.01,13.95,1616476992,22291047424.0
2015-06-29,sh.601985,13.7,13.95,12.56,13.23,1705666144,22663793920.0
2015-06-30,sh.601985,12.8,13.66,11.91,13.07,1311217248,16530763520.0
2015-07-01,sh.601985,12.6,14.38,12.01,13.32,1773514688,24113340672.0
2015-07-02,sh.601985,12.25,13.0,11.99,11.99,1059540496,13092278272.0
2015-07-03,sh.601985,11.25,11.85,10.79,10.79,666030624,7354151168.0
2015-07-06,sh.601985,11.87,11.87,9.71,10.12,1067461328,11480446464.0
2015-07-07,sh.601985,9.31,9.55,9.11,9.11,317142512,2924318112.0
2015-07-08,sh.601985,8.2,8.2,8.2,8.2,47199400,387035088.0
2015-07-09,sh.601985,7.38,9.02,7.38,9.02,945802976,7874380800.0
2015-07-10,sh.601985,9.08,9.92,9.04,9.92,361108688,3476178720.0
2015-07-13,sh.601985,10.68,10.91,10.3,10.91,728043104,7828808448.0
2015-07-14,sh.601985,11.32,11.97,10.87,11.52,1130123296,12981595904.0
2015-07-15,sh.601985,10.98,11.23,10.37,10.37,607443072,6471086336.0
2015-07-16,sh.601985,9.9,11.33,9.48,10.86,693476032,7428417280.0
2015-07-17,sh.601985,10.95,11.8,10.66,11.51,707499008,7989513472.0
2015-07-20,sh.601985,11.45,11.66,11.0,11.36,718661248,8158905344.0
2015-07-21,sh.601985,11.02,12.5,10.9,12.18,987526656,11764906496.0
2015-07-22,sh.601985,11.88,12.1,11.55,11.91,721371680,8554126080.0
2015-07-23,sh.601985,11.8,12.7,11.61,12.18,778419728,9507649536.0
2015-07-24,sh.601985,12.18,12.28,11.6,11.7,689613136,8262504704.0
2015-07-27,sh.601985,11.34,11.66,10.53,10.53,495968880,5514248960.0
2015-07-28,sh.601985,9.7,10.8,9.48,10.01,511096720,5095031296.0
2015-07-29,sh.601985,10.23,10.8,9.86,10.72,407695664,4182651344.0
2015-07-30,sh.601985,10.5,11.66,10.39,10.85,625568992,6900798976.0
2015-07-31,sh.601985,10.58,11.19,10.2,10.51,411278016,4358333184.0
2015-08-03,sh.601985,10.28,10.79,10.0,10.31,330759936,3417090192.0
2015-08-04,sh.601985,10.5,11.12,10.31,11.05,491393584,5286174976.0
2015-08-05,sh.601985,10.9,11.07,10.5,10.66,478950384,5175477760.0
2015-08-06,sh.601985,10.38,11.08,10.28,10.77,384543120,4120615808.0
2015-08-07,sh.601985,10.9,11.38,10.78,11.12,544224880,6072840960.0
2015-08-10,sh.601985,11.65,12.23,11.4,12.23,856848608,10186801152.0
2015-08-11,sh.601985,12.3,12.72,12.01,12.19,999053808,12378486016.0
2015-08-12,sh.601985,11.84,12.33,11.72,11.83,473603216,5660044544.0
2015-08-13,sh.601985,11.71,12.36,11.68,12.24,551241952,6669168128.0
2015-08-14,sh.601985,12.33,12.39,11.82,11.92,473290240,5719425792.0
2015-08-17,sh.601985,11.7,11.85,11.39,11.73,445086672,5178102016.0
2015-08-18,sh.601985,11.66,11.78,10.56,10.56,574343728,6348723968.0
2015-08-19,sh.601985,10.12,10.79,9.8,10.68,389604832,4011083936.0
2015-08-20,sh.601985,10.49,10.56,10.1,10.17,225515626,2331484288.0
2015-08-21,sh.601985,10.04,10.3,9.83,9.99,265529179,2671160656.0
2015-08-24,sh.601985,9.61,9.7,8.99,8.99,289760704,2645016160.0
2015-08-25,sh.601985,8.18,8.6,8.09,8.09,267782359,2212183408.0
2015-08-26,sh.601985,8.18,8.65,7.69,8.04,388174864,3184458352.0
2015-08-27,sh.601985,8.33,8.72,8.02,8.7,356065760,2982210880.0
2015-08-28,sh.601985,8.83,9.49,8.7,9.47,419855936,3802443680.0
2015-08-31,sh.601985,9.48,9.48,9.01,9.08,294435376,2698655136.0
2015-09-01,sh.601985,9.0,9.0,8.3,8.41,277603920,2377225536.0
2015-09-02,sh.601985,7.95,8.82,7.86,8.16,259155391,2175757328.0
2015-09-07,sh.601985,8.4,8.7,8.3,8.34,231738434,1969439200.0
2015-09-08,sh.601985,8.36,9.17,8.22,9.17,411917312,3634851920.0
2015-09-09,sh.601985,9.28,9.57,9.08,9.37,493594720,4612219136.0
2015-09-10,sh.601985,9.16,9.86,9.07,9.38,463845488,4384693504.0
2015-09-11,sh.601985,9.31,9.52,9.19,9.32,238356809,2230521872.0
2015-09-14,sh.601985,9.4,9.52,8.39,8.43,332705904,2963901312.0
2015-09-15,sh.601985,8.3,8.81,8.27,8.37,262879840,2232978928.0
2015-09-16,sh.601985,8.43,9.21,8.32,9.21,397521872,3514754080.0
2015-09-17,sh.601985,9.2,9.64,9.01,9.04,499549040,4649143040.0
2015-09-18,sh.601985,9.17,9.24,8.92,9.16,276689088,2516817872.0
2015-09-21,sh.601985,9.16,9.78,9.05,9.7,448342720,4261812464.0
2015-09-22,sh.601985,9.77,9.79,9.45,9.6,332751920,3198663024.0
2015-09-23,sh.601985,9.41,9.67,9.35,9.41,228193030,2160501936.0
2015-09-24,sh.601985,9.48,9.6,9.28,9.59,225387344,2131760432.0
2015-09-25,sh.601985,9.49,9.49,9.08,9.2,199165448,1847065616.0
2015-09-28,sh.601985,9.28,9.3,9.04,9.22,116093740,1066673440.0
2015-09-29,sh.601985,9.06,9.1,8.9,8.94,144211062,1297854672.0
2015-09-30,sh.601985,9.01,9.13,8.97,9.07,115655072,1046778656.0
2015-10-08,sh.601985,9.49,9.78,9.32,9.55,312173552,2989968704.0
2015-10-09,sh.601985,9.5,9.73,9.46,9.66,248764487,2390923536.0
2015-10-12,sh.601985,9.69,10.63,9.65,10.59,761726704,7911403776.0
2015-10-13,sh.601985,10.3,10.83,10.23,10.76,549697856,5801276416.0
2015-10-14,sh.601985,10.68,10.74,10.45,10.5,353293424,3739431136.0
2015-10-15,sh.601985,10.51,10.98,10.51,10.81,389092512,4199869584.0
2015-10-16,sh.601985,10.9,10.93,10.55,10.9,461296016,4971677440.0
2015-10-19,sh.601985,11.22,11.68,11.12,11.3,565294096,6418789120.0
2015-10-20,sh.601985,11.35,11.5,11.16,11.46,346964992,3931504080.0
2015-10-21,sh.601985,11.5,11.54,10.31,10.46,462723424,5078780416.0
2015-10-22,sh.601985,10.62,10.88,10.26,10.79,354481552,3780534496.0
2015-10-23,sh.601985,10.88,10.88,10.5,10.76,305666256,3258674064.0
2015-10-26,sh.601985,10.88,10.95,10.57,10.65,276156480,2953710416.0
2015-10-27,sh.601985,10.5,10.61,10.05,10.54,257730971,2665235840.0
2015-10-28,sh.601985,10.4,10.63,10.21,10.26,192102793,2000531952.0
2015-10-29,sh.601985,10.32,10.45,10.14,10.35,168745639,1740478080.0
2015-10-30,sh.601985,10.33,10.5,10.17,10.36,160499565,1660985552.0
2015-11-02,sh.601985,10.16,10.38,10.07,10.12,132518683,1352354704.0
2015-11-03,sh.601985,10.18,10.24,10.03,10.09,114807687,1161482928.0
2015-11-04,sh.601985,10.08,10.64,10.08,10.58,285123392,2967358320.0
2015-11-05,sh.601985,10.55,11.5,10.49,10.96,640870288,7044250880.0
2015-11-06,sh.601985,10.9,11.12,10.8,10.99,392133872,4292904720.0
2015-11-09,sh.601985,10.88,11.53,10.83,11.17,407314208,4558561280.0
2015-11-10,sh.601985,11.03,11.09,10.84,10.99,280395888,3076916784.0
2015-11-11,sh.601985,10.94,11.07,10.81,11.0,204045828,2227208368.0
2015-11-12,sh.601985,11.02,11.4,10.86,11.21,430354496,4789721088.0
2015-11-13,sh.601985,11.1,11.16,10.73,10.78,343545984,3752647280.0
2015-11-16,sh.601985,10.63,10.78,10.54,10.77,156604141,1673027936.0
2015-11-17,sh.601985,10.85,10.95,10.6,10.65,225466501,2439634336.0
2015-11-18,sh.601985,10.65,10.7,10.3,10.33,193750467,2033238320.0
2015-11-19,sh.601985,10.35,10.47,10.27,10.46,129763640,1345159456.0
2015-11-20,sh.601985,10.47,10.68,10.41,10.55,151532497,1603170656.0
2015-11-23,sh.601985,10.53,10.65,10.36,10.41,150814598,1576998704.0
2015-11-24,sh.601985,10.35,10.44,10.18,10.35,128175804,1317177792.0
2015-11-25,sh.601985,10.33,10.55,10.29,10.49,147518643,1539612752.0
2015-11-26,sh.601985,10.49,10.53,10.3,10.33,119916238,1245738624.0
2015-11-27,sh.601985,10.26,10.3,9.45,9.62,232018557,2304034320.0
2015-11-30,sh.601985,9.63,9.8,9.09,9.54,153833955,1460349920.0
2015-12-01,sh.601985,9.55,9.67,9.46,9.61,102334246,978714368.0
2015-12-02,sh.601985,9.62,9.87,9.43,9.86,161850000,1569478080.0
2015-12-03,sh.601985,9.79,9.99,9.72,9.92,118641961,1167164368.0
2015-12-04,sh.601985,9.8,9.86,9.63,9.73,111949608,1091821808.0
2015-12-07,sh.601985,9.71,9.89,9.71,9.76,90696421,888245040.0
2015-12-08,sh.601985,9.7,9.71,9.42,9.44,99820013,951456240.0
2015-12-09,sh.601985,9.36,9.53,9.33,9.48,73701330,696329360.0
2015-12-10,sh.601985,9.48,9.58,9.43,9.5,68006136,645857136.0
2015-12-11,sh.601985,9.45,9.52,9.35,9.45,73742662,694577904.0
2015-12-14,sh.601985,9.37,9.8,9.34,9.75,112990566,1086383360.0
2015-12-15,sh.601985,9.74,9.84,9.7,9.74,70181195,684709440.0
2015-12-16,sh.601985,9.79,9.83,9.72,9.77,71875296,702262672.0
2015-12-17,sh.601985,10.05,10.11,9.9,9.93,144263389,1439469120.0
2015-12-18,sh.601985,9.91,10.05,9.77,9.96,144325449,1428681808.0
2015-12-21,sh.601985,9.89,10.07,9.85,9.98,106668671,1064942512.0
2015-12-22,sh.601985,10.03,10.06,9.87,9.92,78952554,784044448.0
2015-12-23,sh.601985,9.9,9.9,9.76,9.78,99442228,977383088.0
2015-12-24,sh.601985,9.77,9.8,9.52,9.63,75381060,726206464.0
2015-12-25,sh.601985,9.65,9.7,9.57,9.66,55199630,531629808.0
2015-12-28,sh.601985,9.67,9.78,9.45,9.46,99209304,954894928.0
2015-12-29,sh.601985,9.46,9.51,9.39,9.5,65052242,614175456.0
2015-12-30,sh.601985,9.52,9.52,9.4,9.49,51743769,489679520.0
2015-12-31,sh.601985,9.49,9.64,9.43,9.54,78699010,750735600.0
2016-01-04,sh.601985,9.53,9.6,8.71,8.76,76630871,708660016.0
2016-01-05,sh.601985,8.5,8.96,8.41,8.84,126665443,1112531808.0
2016-01-06,sh.601985,8.86,9.0,8.8,8.99,80731138,719297808.0
2016-01-07,sh.601985,8.87,8.87,8.18,8.24,22716199,195278658.0
2016-01-08,sh.601985,8.52,8.62,8.07,8.44,109430077,920882640.0
2016-01-11,sh.601985,8.31,8.54,8.04,8.08,104017801,860745216.0
2016-01-12,sh.601985,8.18,8.43,8.01,8.25,104375942,854770112.0
2016-01-13,sh.601985,8.26,8.31,7.97,7.99,78197855,636880048.0
2016-01-14,sh.601985,7.82,8.14,7.81,8.13,76008198,610236240.0
2016-01-15,sh.601985,8.09,8.09,7.81,7.87,70136434,557982384.0
2016-01-18,sh.601985,7.74,7.95,7.7,7.85,68649654,538594272.0
2016-01-19,sh.601985,7.86,8.32,7.81,8.17,109440772,886344832.0
2016-01-20,sh.601985,8.1,8.29,8.05,8.1,110164418,900424016.0
2016-01-21,sh.601985,8.05,8.14,7.85,7.86,76124434,608662176.0
2016-01-22,sh.601985,7.97,8.0,7.77,7.9,60543278,477992288.0
2016-01-25,sh.601985,7.93,7.98,7.87,7.91,43453683,344460656.0
2016-01-26,sh.601985,7.84,7.85,7.22,7.25,94439109,713007424.0
2016-01-27,sh.601985,7.29,7.34,6.82,7.12,90546042,640719728.0
2016-01-28,sh.601985,7.08,7.18,6.81,6.88,61166664,428460256.0
2016-01-29,sh.601985,6.88,7.11,6.83,7.08,82732997,581213056.0
2016-02-01,sh.601985,7.06,7.07,6.82,6.9,53952407,375268400.0
2016-02-02,sh.601985,6.89,7.19,6.89,7.09,68282079,483314480.0
2016-02-03,sh.601985,7.01,7.05,6.92,7.04,55714593,388923968.0
2016-02-04,sh.601985,7.06,7.17,7.06,7.13,65972564,469941648.0
2016-02-05,sh.601985,7.14,7.15,7.06,7.07,49047545,348155168.0
2016-02-15,sh.601985,6.83,6.98,6.82,6.94,46168127,318968224.0
2016-02-16,sh.601985,6.96,7.24,6.96,7.19,118240977,844754608.0
2016-02-17,sh.601985,7.18,7.33,7.14,7.28,123642026,895480448.0
2016-02-18,sh.601985,7.29,7.33,7.21,7.24,96230422,700506496.0
2016-02-19,sh.601985,7.22,7.26,7.16,7.23,54624744,393787808.0
2016-02-22,sh.601985,7.29,7.42,7.25,7.39,112181675,824027968.0
2016-02-23,sh.601985,7.39,7.63,7.35,7.47,142121231,1061924656.0
2016-02-24,sh.601985,7.4,7.49,7.3,7.45,85617235,633405536.0
2016-02-25,sh.601985,7.43,7.43,6.81,6.87,117956069,839920096.0
2016-02-26,sh.601985,6.95,7.03,6.85,6.99,63752004,443230048.0
2016-02-29,sh.601985,6.97,7.0,6.6,6.8,76876862,518448704.0
2016-03-01,sh.601985,6.83,6.93,6.75,6.91,51832435,354663616.0
2016-03-02,sh.601985,6.91,7.24,6.9,7.2,109238961,773141584.0
2016-03-03,sh.601985,7.18,7.22,7.13,7.17,91058157,653592512.0
2016-03-04,sh.601985,7.15,7.28,7.03,7.27,140465099,1007903888.0
2016-03-07,sh.601985,7.27,7.38,7.24,7.29,85420389,623263248.0
2016-03-08,sh.601985,7.27,7.27,7.0,7.25,71909266,512213424.0
2016-03-09,sh.601985,7.1,7.23,7.01,7.22,71094505,504802896.0
2016-03-10,sh.601985,7.15,7.2,7.01,7.03,38947762,276279904.0
2016-03-11,sh.601985,6.93,7.08,6.92,7.07,40971052,287457888.0
2016-03-14,sh.601985,7.12,7.28,7.11,7.19,77688967,560857728.0
2016-03-15,sh.601985,7.16,7.33,7.08,7.3,87278781,629080192.0
2016-03-16,sh.601985,7.25,7.32,7.22,7.3,104693397,762769184.0
2016-03-17,sh.601985,7.32,7.39,7.22,7.34,97073456,710118112.0
2016-03-18,sh.601985,7.39,7.63,7.33,7.44,217892499,1624403680.0
2016-03-21,sh.601985,7.51,7.67,7.44,7.57,193975142,1465504944.0
2016-03-22,sh.601985,7.53,7.94,7.48,7.8,243568305,1886831520.0
2016-03-23,sh.601985,7.7,7.77,7.64,7.71,117819485,907323776.0
2016-03-24,sh.601985,7.72,8.02,7.71,7.73,190696583,1502233760.0
2016-03-25,sh.601985,7.62,7.91,7.62,7.89,123008104,958976880.0
2016-03-28,sh.601985,7.96,7.99,7.7,7.77,108117976,848660688.0
2016-03-29,sh.601985,7.74,7.8,7.51,7.57,83428226,635006160.0
2016-03-30,sh.601985,7.63,7.79,7.63,7.78,79663109,613938928.0
2016-03-31,sh.601985,7.82,7.87,7.68,7.72,94328494,731877648.0
2016-04-01,sh.601985,7.74,7.78,7.57,7.71,73072173,560944224.0
2016-04-05,sh.601985,7.71,7.84,7.71,7.8,105819114,824197584.0
2016-04-06,sh.601985,7.8,7.82,7.74,7.79,95183014,740355936.0
2016-04-07,sh.601985,7.82,7.87,7.66,7.68,91722328,708755744.0
2016-04-08,sh.601985,7.62,7.65,7.47,7.53,74659623,563179968.0
2016-04-11,sh.601985,7.56,7.71,7.56,7.65,58501955,447868384.0
2016-04-12,sh.601985,7.65,7.66,7.48,7.56,49604819,374777984.0
2016-04-13,sh.601985,7.6,7.75,7.58,7.64,126815760,974222928.0
2016-04-14,sh.601985,7.69,7.71,7.62,7.68,53876223,412572464.0
2016-04-15,sh.601985,7.68,7.69,7.57,7.62,52910974,403166560.0
2016-04-18,sh.601985,7.58,7.58,7.43,7.47,60776697,454924080.0
2016-04-19,sh.601985,7.52,7.54,7.41,7.46,36885575,275131904.0
2016-04-20,sh.601985,7.49,7.5,7.01,7.22,109373748,788359728.0
2016-04-21,sh.601985,7.16,7.2,7.08,7.11,44793688,320058768.0
2016-04-22,sh.601985,7.08,7.14,7.05,7.13,32669267,231889735.0
2016-04-25,sh.601985,7.11,7.11,7.02,7.08,30233638,213514130.0
2016-04-26,sh.601985,7.08,7.13,7.05,7.12,29329060,207885302.0
2016-04-27,sh.601985,7.13,7.15,7.07,7.09,32613365,231821395.0
2016-04-28,sh.601985,7.09,7.16,7.01,7.13,45480396,321751008.0
2016-04-29,sh.601985,7.09,7.13,7.06,7.08,29682013,210164947.0
2016-05-03,sh.601985,7.08,7.18,7.04,7.18,50668337,361607824.0
2016-05-04,sh.601985,7.15,7.21,7.12,7.17,43337664,310495808.0
2016-05-05,sh.601985,7.13,7.17,7.12,7.14,31646014,225883520.0
2016-05-06,sh.601985,7.15,7.16,6.94,6.96,73445260,516793776.0
2016-05-09,sh.601985,6.95,6.95,6.73,6.76,58480368,397913088.0
2016-05-10,sh.601985,6.74,6.89,6.73,6.81,37867394,257231541.0
2016-05-11,sh.601985,6.82,6.84,6.76,6.77,31047470,211032676.0
2016-05-12,sh.601985,6.73,6.79,6.62,6.76,35022162,235302573.0
2016-05-13,sh.601985,6.73,6.78,6.71,6.74,23256713,156783186.0
2016-05-16,sh.601985,6.73,6.82,6.71,6.79,32318970,218547265.0
2016-05-17,sh.601985,6.77,6.79,6.71,6.75,25792873,174075103.0
2016-05-18,sh.601985,6.71,6.73,6.58,6.64,50699195,336777056.0
2016-05-19,sh.601985,6.64,6.69,6.61,6.64,24485411,162982593.0
2016-05-20,sh.601985,6.61,6.66,6.58,6.65,22974061,152242331.0
2016-05-23,sh.601985,6.65,6.71,6.64,6.68,31159588,207993694.0
2016-05-24,sh.601985,6.67,7.0,6.63,6.83,95947055,656718784.0
2016-05-25,sh.601985,6.82,6.86,6.73,6.78,48288436,327839440.0
2016-05-26,sh.601985,6.76,6.8,6.65,6.75,32193037,215766242.0
2016-05-27,sh.601985,6.73,6.76,6.69,6.72,21822331,146811450.0
2016-05-30,sh.601985,6.7,6.8,6.65,6.75,26140679,176052010.0
2016-05-31,sh.601985,6.75,6.93,6.74,6.93,89169580,613332128.0
2016-06-01,sh.601985,6.92,6.96,6.88,6.9,50389280,348340496.0
2016-06-02,sh.601985,6.9,6.92,6.85,6.9,32012757,220394981.0
2016-06-03,sh.601985,6.91,7.06,6.89,7.03,72384575,504033200.0
2016-06-06,sh.601985,7.04,7.06,6.9,6.93,54752144,380857760.0
2016-06-07,sh.601985,6.9,6.94,6.85,6.88,35590792,245024660.0
2016-06-08,sh.601985,6.86,6.92,6.79,6.87,43115867,295670656.0
2016-06-13,sh.601985,6.8,6.81,6.65,6.66,45568627,307633056.0
2016-06-14,sh.601985,6.67,6.71,6.62,6.68,31970968,212976572.0
2016-06-15,sh.601985,6.6,6.79,6.59,6.75,52784227,354633104.0
2016-06-16,sh.601985,6.72,7.08,6.7,6.91,149841229,1037406080.0
2016-06-17,sh.601985,6.86,6.96,6.79,6.87,79080201,543049648.0
2016-06-20,sh.601985,6.83,6.89,6.81,6.86,31652107,216757193.0
2016-06-21,sh.601985,6.89,6.92,6.75,6.76,57310217,391629760.0
2016-06-22,sh.601985,6.76,6.82,6.75,6.81,29975093,203568040.0
2016-06-23,sh.601985,6.89,6.89,6.78,6.83,37083657,253749728.0
2016-06-24,sh.601985,6.85,6.85,6.63,6.7,60832586,409067856.0
2016-06-27,sh.601985,6.69,6.82,6.69,6.79,43178646,291298416.0
2016-06-28,sh.601985,6.75,6.8,6.72,6.79,45344412,306720640.0
2016-06-29,sh.601985,6.81,6.98,6.8,6.88,88335698,608805056.0
2016-06-30,sh.601985,6.88,6.88,6.8,6.83,46065809,314416016.0
2016-07-01,sh.601985,6.84,6.94,6.82,6.84,47977061,329829936.0
2016-07-04,sh.601985,6.81,6.92,6.8,6.91,74025608,509998400.0
2016-07-05,sh.601985,6.91,7.23,6.89,7.1,171564482,1215744528.0
2016-07-06,sh.601985,7.05,7.05,6.98,7.03,87181196,611263840.0
2016-07-07,sh.601985,7.02,7.02,6.94,6.98,61973247,432461808.0
2016-07-08,sh.601985,6.98,6.99,6.94,6.96,38652309,269036176.0
2016-07-11,sh.601985,6.97,7.01,6.95,6.96,59465175,415081984.0
2016-07-12,sh.601985,6.96,7.07,6.94,7.06,84252076,590294944.0
2016-07-13,sh.601985,7.0,7.11,6.98,7.02,94528932,665529040.0
2016-07-14,sh.601985,7.0,7.01,6.95,6.98,46713031,325716656.0
2016-07-15,sh.601985,7.01,7.07,7.0,7.02,59813831,420450896.0
2016-07-18,sh.601985,7.01,7.02,6.93,6.97,46774963,326419744.0
2016-07-19,sh.601985,6.95,7.04,6.94,7.02,69644458,486854032.0
2016-07-20,sh.601985,6.99,7.01,6.95,6.96,39294664,273927376.0
2016-07-21,sh.601985,6.96,7.0,6.95,6.97,34992232,243869661.0
2016-07-22,sh.601985,6.96,6.97,6.88,6.89,46020878,318501952.0
2016-07-25,sh.601985,6.88,6.9,6.83,6.86,36953843,253763096.0
2016-07-26,sh.601985,6.87,6.94,6.86,6.93,37361307,257652234.0
2016-07-27,sh.601985,6.93,6.94,6.68,6.83,80651560,548613056.0
2016-07-28,sh.601985,6.78,6.83,6.76,6.8,39374160,267456829.0
2016-07-29,sh.601985,6.8,6.81,6.74,6.76,29571537,200181411.0
2016-08-01,sh.601985,6.74,6.75,6.58,6.66,59378325,394771072.0
2016-08-02,sh.601985,6.64,6.71,6.63,6.69,23634118,158024554.0
2016-08-03,sh.601985,6.68,6.72,6.66,6.7,19363277,129649470.0
2016-08-04,sh.601985,6.7,6.73,6.66,6.71,26181997,175282563.0
2016-08-05,sh.601985,6.71,6.72,6.68,6.68,19482054,130439462.0
2016-08-08,sh.601985,6.67,6.73,6.64,6.72,23615434,157898732.0
2016-08-09,sh.601985,6.71,6.77,6.7,6.75,29498932,198648556.0
2016-08-10,sh.601985,6.74,6.77,6.72,6.74,25918214,174854065.0
2016-08-11,sh.601985,6.73,6.77,6.68,6.69,26591962,178751466.0
2016-08-12,sh.601985,6.69,6.77,6.67,6.76,35910259,241166718.0
2016-08-15,sh.601985,6.75,6.92,6.75,6.88,92723078,635143504.0
2016-08-16,sh.601985,6.89,6.98,6.88,6.9,69902857,484442400.0
2016-08-17,sh.601985,6.92,6.92,6.82,6.87,45257998,310862192.0
2016-08-18,sh.601985,6.87,6.9,6.84,6.86,34668305,238257194.0
2016-08-19,sh.601985,6.87,6.96,6.84,6.92,58107233,401074608.0
2016-08-22,sh.601985,6.91,6.93,6.82,6.83,43611988,299342992.0
2016-08-23,sh.601985,6.81,6.85,6.8,6.83,25064639,171138282.0
2016-08-24,sh.601985,6.84,6.85,6.78,6.8,29066963,197991693.0
2016-08-25,sh.601985,6.78,6.78,6.7,6.76,35093981,236392755.0
2016-08-26,sh.601985,6.76,6.79,6.74,6.75,22566298,152685393.0
2016-08-29,sh.601985,6.74,6.8,6.72,6.76,22331933,150822222.0
2016-08-30,sh.601985,6.78,6.79,6.73,6.75,29565341,199566109.0
2016-08-31,sh.601985,6.74,6.8,6.72,6.77,29760204,200956532.0
2016-09-01,sh.601985,6.76,6.77,6.71,6.71,27923200,187990639.0
2016-09-02,sh.601985,6.71,6.75,6.7,6.75,30917599,207931761.0
2016-09-05,sh.601985,6.75,6.77,6.73,6.74,21388774,144363285.0
2016-09-06,sh.601985,6.74,6.77,6.7,6.77,26320918,177262655.0
2016-09-07,sh.601985,6.76,6.82,6.75,6.77,37534310,254888960.0
2016-09-08,sh.601985,6.76,6.78,6.73,6.76,22633953,152754876.0
2016-09-09,sh.601985,6.74,6.77,6.72,6.72,28922905,195058421.0
2016-09-12,sh.601985,6.67,6.72,6.61,6.71,64838833,431241456.0
2016-09-13,sh.601985,6.69,6.7,6.65,6.69,21650853,144307993.0
2016-09-14,sh.601985,6.66,6.67,6.62,6.64,21638004,143747435.0
2016-09-19,sh.601985,6.7,6.94,6.7,6.77,112838222,770031952.0
2016-09-20,sh.601985,6.74,6.76,6.67,6.68,52686187,352676352.0
2016-09-21,sh.601985,6.69,6.69,6.66,6.67,21713470,144931565.0
2016-09-22,sh.601985,6.7,6.72,6.66,6.67,28483026,190516122.0
2016-09-23,sh.601985,6.67,6.69,6.64,6.65,27494104,183140823.0
2016-09-26,sh.601985,6.65,6.67,6.6,6.61,35831276,237410551.0
2016-09-27,sh.601985,6.6,6.63,6.59,6.63,22854956,151071588.0
2016-09-28,sh.601985,6.63,6.64,6.6,6.61,13956471,92285205.0
2016-09-29,sh.601985,6.61,6.64,6.61,6.61,21857171,144726649.0
2016-09-30,sh.601985,6.63,6.67,6.62,6.64,23414284,155504271.0
2016-10-10,sh.601985,6.66,6.7,6.65,6.7,29730198,198533028.0
2016-10-11,sh.601985,6.69,6.72,6.67,6.69,28193560,188733535.0
2016-10-12,sh.601985,6.68,6.74,6.66,6.71,39701479,265838647.0
2016-10-13,sh.601985,6.69,6.76,6.67,6.71,44641633,300099552.0
2016-10-14,sh.601985,6.7,6.74,6.67,6.73,34359760,230260314.0
2016-10-17,sh.601985,6.71,6.79,6.68,6.68,37782529,254361879.0
2016-10-18,sh.601985,6.67,6.83,6.66,6.79,88325182,596809920.0
2016-10-19,sh.601985,6.77,6.83,6.76,6.79,73486372,499334192.0
2016-10-20,sh.601985,6.77,6.83,6.77,6.81,54329660,369801808.0
2016-10-21,sh.601985,6.8,6.93,6.78,6.85,131737841,903671344.0
2016-10-24,sh.601985,6.85,7.06,6.85,6.99,215535952,1501772704.0
2016-10-25,sh.601985,6.94,6.96,6.87,6.9,98602098,680700576.0
2016-10-26,sh.601985,6.9,6.91,6.81,6.83,61159866,418924528.0
2016-10-27,sh.601985,6.85,6.87,6.8,6.86,52262870,356855920.0
2016-10-28,sh.601985,6.88,6.88,6.79,6.8,47481600,324218208.0
2016-10-31,sh.601985,6.78,6.8,6.74,6.76,35736637,241438662.0
2016-11-01,sh.601985,6.78,6.82,6.76,6.82,35798728,243027199.0
2016-11-02,sh.601985,6.79,6.84,6.76,6.77,37344659,253815404.0
2016-11-03,sh.601985,6.76,6.94,6.72,6.85,83770323,572869360.0
2016-11-04,sh.601985,6.83,6.86,6.77,6.79,45476032,310101200.0
2016-11-07,sh.601985,6.79,6.82,6.77,6.8,30875130,209639593.0
2016-11-08,sh.601985,6.82,6.86,6.79,6.83,40225118,274638496.0
2016-11-09,sh.601985,6.83,6.84,6.71,6.74,53154165,359501248.0
2016-11-10,sh.601985,6.78,6.89,6.77,6.85,79168937,542000640.0
2016-11-11,sh.601985,6.85,6.99,6.82,6.94,144732120,1002132960.0
2016-11-14,sh.601985,6.93,7.07,6.9,6.99,126745118,885723360.0
2016-11-15,sh.601985,6.97,7.01,6.91,6.96,66546513,462251424.0
2016-11-16,sh.601985,6.96,6.96,6.87,6.92,81667629,564364560.0
2016-11-17,sh.601985,6.9,7.15,6.88,7.08,148555228,1043618112.0
2016-11-18,sh.601985,7.12,7.22,7.03,7.06,165322504,1176876976.0
2016-11-21,sh.601985,7.02,7.15,6.99,7.07,125168020,885071728.0
2016-11-22,sh.601985,7.06,7.15,7.05,7.11,106609865,757148208.0
2016-11-23,sh.601985,7.14,7.17,7.03,7.05,105671268,750551552.0
2016-11-24,sh.601985,7.04,7.09,6.99,7.02,66258277,466493696.0
2016-11-25,sh.601985,7.01,7.11,6.93,7.09,86528150,606919264.0
2016-11-28,sh.601985,7.09,7.2,7.07,7.17,139578001,998423024.0
2016-11-29,sh.601985,7.16,7.5,7.12,7.36,303175232,2221128896.0
2016-11-30,sh.601985,7.35,7.37,7.2,7.32,171196738,1247380160.0
2016-12-01,sh.601985,7.28,7.46,7.26,7.33,184799327,1358993568.0
2016-12-02,sh.601985,7.29,7.43,7.17,7.18,157848082,1147981168.0
2016-12-05,sh.601985,7.08,7.26,7.06,7.14,113077767,808087456.0
2016-12-06,sh.601985,7.14,7.22,7.09,7.16,81028726,579148960.0
2016-12-07,sh.601985,7.15,7.2,7.09,7.18,73007679,522274256.0
2016-12-08,sh.601985,7.2,7.2,7.06,7.07,79684292,567445888.0
2016-12-09,sh.601985,7.05,7.13,7.03,7.09,71936560,508786512.0
2016-12-12,sh.601985,7.1,7.11,6.88,6.93,122056069,849810528.0
2016-12-13,sh.601985,6.92,7.02,6.89,6.99,60246022,418892624.0
2016-12-14,sh.601985,6.97,7.0,6.91,6.93,47830247,332333536.0
2016-12-15,sh.601985,6.91,6.97,6.83,6.89,54880827,379466320.0
2016-12-16,sh.601985,6.87,6.94,6.86,6.88,47136541,324747104.0
2016-12-19,sh.601985,6.89,6.94,6.87,6.88,47361895,326738048.0
2016-12-20,sh.601985,6.88,6.91,6.83,6.89,46207853,317122480.0
2016-12-21,sh.601985,6.9,7.02,6.86,6.99,77931308,541916960.0
2016-12-22,sh.601985,6.97,7.17,6.96,7.07,116858828,828036272.0
2016-12-23,sh.601985,7.05,7.08,6.97,6.99,68134877,478101984.0
2016-12-26,sh.601985,6.96,7.1,6.92,7.1,69430100,487162496.0
2016-12-27,sh.601985,7.07,7.14,7.03,7.04,58549946,414682720.0
2016-12-28,sh.601985,7.03,7.17,7.02,7.1,85975138,611171376.0
2016-12-29,sh.601985,7.07,7.1,6.98,7.03,55227529,388677968.0
2016-12-30,sh.601985,7.01,7.09,7.01,7.06,48680554,343618320.0
2017-01-03,sh.601985,7.06,7.13,7.04,7.11,55036520,390440464.0
2017-01-04,sh.601985,7.11,7.12,7.08,7.12,59784099,424517840.0
2017-01-05,sh.601985,7.11,7.12,7.02,7.07,101258865,714334304.0
2017-01-06,sh.601985,7.05,7.11,7.03,7.05,62948599,444745104.0
2017-01-09,sh.601985,7.04,7.21,7.03,7.21,144039198,1029113104.0
2017-01-10,sh.601985,7.19,7.2,7.13,7.14,68551700,490978448.0
2017-01-11,sh.601985,7.14,7.19,7.09,7.13,70605072,504001248.0
2017-01-12,sh.601985,7.12,7.14,7.06,7.07,52584665,373342064.0
2017-01-13,sh.601985,7.07,7.11,7.02,7.08,70812120,500376032.0
2017-01-16,sh.601985,7.06,7.1,6.91,7.09,128130900,897258656.0
2017-01-17,sh.601985,7.04,7.06,6.98,7.03,38146736,267845387.0
2017-01-18,sh.601985,7.02,7.06,7.01,7.03,26346548,185359266.0
2017-01-19,sh.601985,7.03,7.03,6.96,6.98,33854482,236453442.0
2017-01-20,sh.601985,6.96,7.03,6.96,7.01,24699281,172954128.0
2017-01-23,sh.601985,7.01,7.06,7.0,7.03,38519475,270938592.0
2017-01-24,sh.601985,7.02,7.05,7.0,7.04,24560427,172562377.0
2017-01-25,sh.601985,7.03,7.05,7.01,7.04,21464719,150923273.0
2017-01-26,sh.601985,7.04,7.07,7.03,7.05,26512977,186844540.0
2017-02-03,sh.601985,7.05,7.1,7.04,7.07,35321585,249789749.0
2017-02-06,sh.601985,7.07,7.11,7.06,7.1,34797433,246826850.0
2017-02-07,sh.601985,7.11,7.12,7.05,7.08,33508036,237140574.0
2017-02-08,sh.601985,7.07,7.09,7.02,7.08,43324060,305336368.0
2017-02-09,sh.601985,7.07,7.14,7.04,7.11,53154790,377333904.0
2017-02-10,sh.601985,7.11,7.19,7.1,7.16,98610780,705370800.0
2017-02-13,sh.601985,7.16,7.2,7.13,7.2,81527354,584476736.0
2017-02-14,sh.601985,7.2,7.21,7.14,7.16,48993638,350936224.0
2017-02-15,sh.601985,7.18,7.29,7.16,7.17,115451686,833465632.0
2017-02-16,sh.601985,7.15,7.72,7.13,7.44,275440576,2049817392.0
2017-02-17,sh.601985,7.37,7.46,7.3,7.3,162723880,1197603664.0
2017-02-20,sh.601985,7.35,7.41,7.28,7.34,145660976,1067016688.0
2017-02-21,sh.601985,7.38,7.45,7.36,7.4,117408403,868080736.0
2017-02-22,sh.601985,7.4,7.42,7.31,7.41,99533236,732759296.0
2017-02-23,sh.601985,7.38,7.39,7.3,7.34,68426269,502001536.0
2017-02-24,sh.601985,7.33,7.39,7.31,7.38,61201488,450009280.0
2017-02-27,sh.601985,7.35,7.4,7.26,7.27,70622793,517075584.0
2017-02-28,sh.601985,7.26,7.29,7.23,7.28,39693478,288234128.0
2017-03-01,sh.601985,7.27,7.32,7.25,7.26,48112250,350542000.0
2017-03-02,sh.601985,7.28,7.29,7.19,7.2,48905685,354181632.0
2017-03-03,sh.601985,7.17,7.21,7.15,7.2,51317891,367958320.0
2017-03-06,sh.601985,7.19,7.25,7.18,7.24,38647705,279066672.0
2017-03-07,sh.601985,7.24,7.24,7.19,7.21,31333098,225795845.0
2017-03-08,sh.601985,7.21,7.23,7.18,7.2,32467610,233933572.0
2017-03-09,sh.601985,7.22,7.23,7.12,7.18,48900187,350350064.0
2017-03-10,sh.601985,7.15,7.18,7.13,7.15,27199060,194452550.0
2017-03-13,sh.601985,7.15,7.18,7.1,7.17,35087668,250654641.0
2017-03-14,sh.601985,7.16,7.22,7.15,7.19,41903107,301087248.0
2017-03-15,sh.601985,7.18,7.22,7.16,7.2,31530047,226718014.0
2017-03-16,sh.601985,7.22,7.25,7.21,7.24,42304766,305991520.0
2017-03-17,sh.601985,7.24,7.28,7.17,7.19,65768975,476102512.0
2017-03-20,sh.601985,7.5,7.57,7.31,7.33,179131637,1325325392.0
2017-03-21,sh.601985,7.33,7.38,7.29,7.34,72771334,533671008.0
2017-03-22,sh.601985,7.31,7.42,7.29,7.36,81731302,601671776.0
2017-03-23,sh.601985,7.36,7.42,7.31,7.39,87728664,647065056.0
2017-03-24,sh.601985,7.4,7.45,7.32,7.42,97014466,716668368.0
2017-03-27,sh.601985,7.41,7.44,7.33,7.34,61652500,455031616.0
2017-03-28,sh.601985,7.33,7.35,7.28,7.28,49721156,363072976.0
2017-03-29,sh.601985,7.28,7.37,7.24,7.3,61467197,449025712.0
2017-03-30,sh.601985,7.28,7.32,7.22,7.27,64262559,466838256.0
2017-03-31,sh.601985,7.26,7.31,7.23,7.26,43406931,315521296.0
2017-04-05,sh.601985,7.32,7.45,7.27,7.41,98773369,728406560.0
2017-04-06,sh.601985,7.44,7.65,7.41,7.54,192510693,1449131952.0
2017-04-07,sh.601985,7.51,7.56,7.43,7.52,95149938,712954912.0
2017-04-10,sh.601985,7.55,7.6,7.48,7.56,97993533,738088096.0
2017-04-11,sh.601985,7.56,7.7,7.53,7.69,157773066,1203366896.0
2017-04-12,sh.601985,7.66,7.68,7.56,7.6,103076939,783450576.0
2017-04-13,sh.601985,7.56,7.62,7.5,7.58,89095017,673878624.0
2017-04-14,sh.601985,7.57,7.64,7.45,7.48,78174369,590214880.0
2017-04-17,sh.601985,7.48,7.5,7.38,7.46,68195967,506778240.0
2017-04-18,sh.601985,7.45,7.55,7.41,7.5,77298069,579123440.0
2017-04-19,sh.601985,7.46,7.52,7.35,7.49,83343954,620181792.0
2017-04-20,sh.601985,7.47,7.57,7.43,7.57,76747896,575975824.0
2017-04-21,sh.601985,7.55,7.61,7.49,7.6,76625623,579631440.0
2017-04-24,sh.601985,7.58,7.61,7.41,7.59,118154469,886121440.0
2017-04-25,sh.601985,7.54,7.63,7.48,7.57,56611101,428011168.0
2017-04-26,sh.601985,7.56,7.58,7.48,7.5,48760042,366710688.0
2017-04-27,sh.601985,7.48,7.83,7.44,7.76,179039738,1370226816.0
2017-04-28,sh.601985,7.71,7.76,7.67,7.74,75257529,580392128.0
2017-05-02,sh.601985,7.72,7.75,7.66,7.71,45859602,353309152.0
2017-05-03,sh.601985,7.68,7.83,7.56,7.59,108011150,831958128.0
2017-05-04,sh.601985,7.56,7.66,7.48,7.59,84382145,639236560.0
2017-05-05,sh.601985,7.56,7.66,7.52,7.61,61999547,471346368.0
2017-05-08,sh.601985,7.58,7.71,7.52,7.7,96605793,737515264.0
2017-05-09,sh.601985,7.64,7.75,7.62,7.65,55403356,426120144.0
2017-05-10,sh.601985,7.66,7.79,7.6,7.63,71430805,550940240.0
2017-05-11,sh.601985,7.56,7.62,7.12,7.47,205182791,1524949136.0
2017-05-12,sh.601985,7.41,7.52,7.38,7.5,66670135,496639696.0
2017-05-15,sh.601985,7.47,7.53,7.47,7.5,34459385,258482729.0
2017-05-16,sh.601985,7.49,7.53,7.38,7.53,44951886,336049408.0
2017-05-17,sh.601985,7.53,7.53,7.47,7.52,34597931,259604390.0
2017-05-18,sh.601985,7.48,7.52,7.45,7.51,47865547,358430576.0
2017-05-19,sh.601985,7.49,7.5,7.41,7.43,34755956,258342568.0
2017-05-22,sh.601985,7.43,7.48,7.32,7.47,57730433,425734944.0
2017-05-23,sh.601985,7.43,7.5,7.3,7.49,77615606,575826832.0
2017-05-24,sh.601985,7.42,7.51,7.39,7.5,31470782,234771270.0
2017-05-25,sh.601985,7.5,7.62,7.49,7.59,50122512,379030080.0
2017-05-26,sh.601985,7.6,7.79,7.58,7.63,69055546,530969984.0
2017-05-31,sh.601985,7.65,7.75,7.58,7.72,60362195,463425984.0
2017-06-01,sh.601985,7.69,7.81,7.64,7.8,90168264,699569648.0
2017-06-02,sh.601985,7.79,7.84,7.74,7.78,55484146,432432608.0
2017-06-05,sh.601985,7.84,7.84,7.66,7.69,44100419,340456352.0
2017-06-06,sh.601985,7.7,7.77,7.67,7.76,30810627,238329627.0
2017-06-07,sh.601985,7.77,7.8,7.72,7.76,46598501,361457072.0
2017-06-08,sh.601985,7.75,7.78,7.7,7.76,33214742,256833609.0
2017-06-09,sh.601985,7.78,7.95,7.76,7.91,108267426,853809648.0
2017-06-12,sh.601985,7.93,8.08,7.88,7.94,90384240,722656736.0
2017-06-13,sh.601985,7.91,7.99,7.87,7.95,37597592,298196448.0
2017-06-14,sh.601985,7.96,7.98,7.85,7.89,42723941,337012272.0
2017-06-15,sh.601985,7.88,7.94,7.81,7.82,44529693,350115408.0
2017-06-16,sh.601985,7.8,7.82,7.74,7.75,37009581,287581648.0
2017-06-19,sh.601985,7.77,7.89,7.77,7.89,39042802,306675600.0
2017-06-20,sh.601985,7.89,7.91,7.79,7.81,29214206,229029319.0
2017-06-21,sh.601985,7.86,7.88,7.77,7.85,29923462,234115677.0
2017-06-22,sh.601985,7.85,7.93,7.83,7.88,59009537,465181904.0
2017-06-23,sh.601985,7.86,7.9,7.7,7.89,68864265,536966176.0
2017-06-26,sh.601985,7.85,7.94,7.82,7.88,58923942,463947728.0
2017-06-27,sh.601985,7.88,7.88,7.83,7.85,26690269,209588950.0
2017-06-28,sh.601985,7.85,7.85,7.74,7.76,41472469,322551664.0
2017-06-29,sh.601985,7.76,7.82,7.75,7.79,19360715,150678574.0
2017-06-30,sh.601985,7.75,7.82,7.7,7.81,37853667,293808496.0
2017-07-03,sh.601985,7.77,7.83,7.73,7.8,26958661,209931620.0
2017-07-04,sh.601985,7.8,7.85,7.76,7.84,41605443,324964096.0
2017-07-05,sh.601985,7.84,7.9,7.81,7.86,40856790,321631568.0
2017-07-06,sh.601985,7.87,7.89,7.77,7.84,39920365,312475840.0
2017-07-07,sh.601985,7.8,7.89,7.78,7.88,34063945,267174776.0
2017-07-10,sh.601985,7.9,7.97,7.85,7.94,48121316,381108848.0
2017-07-11,sh.601985,7.94,7.96,7.88,7.89,36049817,285634368.0
2017-07-12,sh.601985,7.9,7.9,7.77,7.79,42634981,333449072.0
2017-07-13,sh.601985,7.79,7.87,7.76,7.86,36430353,284515856.0
2017-07-14,sh.601985,7.85,7.9,7.83,7.9,33814950,266333884.0
2017-07-17,sh.601985,7.9,7.94,7.73,7.87,63981715,501321744.0
2017-07-18,sh.601985,7.83,8.05,7.78,8.02,73481771,581906624.0
2017-07-19,sh.601985,8.03,8.11,7.97,8.02,120447012,967202880.0
2017-07-20,sh.601985,8.0,8.09,8.0,8.07,62689850,504858992.0
2017-07-21,sh.601985,8.08,8.08,7.97,8.0,50270761,403541344.0
2017-07-24,sh.601985,7.98,8.03,7.95,7.96,46069279,367670256.0
2017-07-25,sh.601985,7.96,8.01,7.93,7.98,38523650,307085344.0
2017-07-26,sh.601985,8.0,8.01,7.9,7.99,46877581,373195424.0
2017-07-27,sh.601985,7.9,7.9,7.78,7.88,47197724,370327280.0
2017-07-28,sh.601985,7.86,7.93,7.85,7.88,28029616,221247901.0
2017-07-31,sh.601985,7.84,7.92,7.79,7.82,51122166,400426368.0
2017-08-01,sh.601985,7.82,7.86,7.8,7.84,37643103,294686688.0
2017-08-02,sh.601985,7.83,7.84,7.68,7.69,78740502,609924064.0
2017-08-03,sh.601985,7.68,7.71,7.6,7.63,49091874,375418720.0
2017-08-04,sh.601985,7.62,7.71,7.6,7.66,38255291,292914528.0
2017-08-07,sh.601985,7.65,7.67,7.59,7.67,23572062,179940838.0
2017-08-08,sh.601985,7.67,7.69,7.61,7.64,19057274,145591916.0
2017-08-09,sh.601985,7.63,7.64,7.6,7.62,20428301,155636608.0
2017-08-10,sh.601985,7.62,7.66,7.53,7.66,45802905,348054288.0
2017-08-11,sh.601985,7.67,7.74,7.64,7.69,50585410,388728784.0
2017-08-14,sh.601985,7.72,7.78,7.7,7.73,29652218,229279322.0
2017-08-15,sh.601985,7.73,7.74,7.66,7.67,20921688,160912051.0
2017-08-16,sh.601985,7.67,7.72,7.63,7.7,20529780,157772980.0
2017-08-17,sh.601985,7.71,7.87,7.7,7.8,49263627,384614256.0
2017-08-18,sh.601985,7.8,7.85,7.75,7.78,37249540,290316432.0
2017-08-21,sh.601985,7.81,7.84,7.75,7.78,30681930,238803255.0
2017-08-22,sh.601985,7.78,7.8,7.7,7.71,25617589,198066563.0
2017-08-23,sh.601985,7.72,7.77,7.71,7.71,16385435,126634912.0
2017-08-24,sh.601985,7.71,7.72,7.62,7.63,22646669,173472181.0
2017-08-25,sh.601985,7.75,7.81,7.68,7.77,43860291,340222640.0
2017-08-28,sh.601985,7.77,7.83,7.74,7.81,66404474,517506048.0
2017-08-29,sh.601985,7.82,7.83,7.76,7.78,27437116,213815146.0
2017-08-30,sh.601985,7.78,7.78,7.73,7.76,25397671,197021940.0
2017-08-31,sh.601985,7.75,7.79,7.68,7.72,35456331,273968304.0
2017-09-01,sh.601985,7.72,7.74,7.69,7.71,26801692,206611009.0
2017-09-04,sh.601985,7.69,7.71,7.67,7.69,26586615,204269683.0
2017-09-05,sh.601985,7.7,7.71,7.68,7.7,17625848,135682933.0
2017-09-06,sh.601985,7.7,7.77,7.63,7.74,37352762,287704784.0
2017-09-07,sh.601985,7.72,7.73,7.66,7.66,27682569,212684449.0
2017-09-08,sh.601985,7.65,7.67,7.6,7.61,32926800,251157753.0
2017-09-11,sh.601985,7.6,7.63,7.58,7.6,31111955,236533930.0
2017-09-12,sh.601985,7.65,7.66,7.59,7.61,29739668,226545029.0
2017-09-13,sh.601985,7.62,7.63,7.56,7.58,27343424,207168562.0
2017-09-14,sh.601985,7.58,7.58,7.5,7.51,37809800,284979464.0
2017-09-15,sh.601985,7.52,7.54,7.5,7.52,27499200,206745509.0
2017-09-18,sh.601985,7.53,7.56,7.48,7.49,40041200,300832037.0
2017-09-19,sh.601985,7.49,7.5,7.43,7.45,43767765,325976558.0
2017-09-20,sh.601985,7.43,7.55,7.42,7.52,40191413,300660661.0
2017-09-21,sh.601985,7.51,7.51,7.47,7.47,14488292,108538779.0
2017-09-22,sh.601985,7.45,7.53,7.41,7.51,29595843,220721158.0
2017-09-25,sh.601985,7.49,7.58,7.45,7.56,43656800,328730890.0
2017-09-26,sh.601985,7.54,7.55,7.48,7.52,18667807,140301630.0
2017-09-27,sh.601985,7.5,7.52,7.47,7.48,14441645,108212803.0
2017-09-28,sh.601985,7.49,7.49,7.42,7.47,20225900,150752087.0
2017-09-29,sh.601985,7.46,7.5,7.45,7.46,13140212,98194459.0
2017-10-09,sh.601985,7.53,7.55,7.5,7.5,22156034,166691712.0
2017-10-10,sh.601985,7.5,7.52,7.48,7.51,17727558,132926737.0
2017-10-11,sh.601985,7.51,7.52,7.48,7.51,16417292,123136186.0
2017-10-12,sh.601985,7.51,7.52,7.46,7.47,15886100,118845931.0
2017-10-13,sh.601985,7.48,7.49,7.45,7.48,11393181,85061103.0
2017-10-16,sh.601985,7.47,7.49,7.44,7.45,20621800,153824220.0
2017-10-17,sh.601985,7.44,7.52,7.43,7.48,20283588,151815940.0
2017-10-18,sh.601985,7.49,7.57,7.47,7.56,44539578,335399123.0
2017-10-19,sh.601985,7.56,7.6,7.51,7.6,44331166,335075293.0
2017-10-20,sh.601985,7.57,7.59,7.54,7.57,17020424,128783890.0
2017-10-23,sh.601985,7.56,7.59,7.52,7.53,17644122,133020526.0
2017-10-24,sh.601985,7.54,7.62,7.51,7.61,51869490,393570150.0
2017-10-25,sh.601985,7.6,7.6,7.56,7.58,21738448,164668534.0
2017-10-26,sh.601985,7.57,7.67,7.55,7.65,44603330,340024177.0
2017-10-27,sh.601985,7.66,7.73,7.61,7.63,36321619,278696568.0
2017-10-30,sh.601985,7.64,7.84,7.55,7.77,117268858,909581610.0
2017-10-31,sh.601985,7.77,7.85,7.73,7.79,64221849,500111042.0
2017-11-01,sh.601985,7.79,7.87,7.76,7.81,55439421,432919254.0
2017-11-02,sh.601985,7.76,7.82,7.68,7.79,61679432,478152078.0
2017-11-03,sh.601985,7.77,7.82,7.69,7.8,57885981,449297245.0
2017-11-06,sh.601985,7.79,7.87,7.77,7.8,39285320,306929911.0
2017-11-07,sh.601985,7.81,7.93,7.76,7.89,89412502,703645818.0
2017-11-08,sh.601985,7.88,7.92,7.78,7.81,65907982,516474050.0
2017-11-09,sh.601985,7.8,7.83,7.73,7.8,42299648,329641109.0
2017-11-10,sh.601985,7.78,7.8,7.7,7.72,58576694,452465343.0
2017-11-13,sh.601985,7.73,7.76,7.66,7.7,42953811,330811747.0
2017-11-14,sh.601985,7.68,7.75,7.66,7.7,32095882,247191014.0
2017-11-15,sh.601985,7.68,7.73,7.66,7.69,32267732,248186988.0
2017-11-16,sh.601985,7.66,7.67,7.42,7.44,82132787,619595966.0
2017-11-17,sh.601985,7.42,7.55,7.19,7.53,130137014,956788010.0
2017-11-20,sh.601985,7.41,7.5,7.33,7.44,30688612,227881368.0
2017-11-21,sh.601985,7.44,7.5,7.41,7.46,24202209,180681648.0
2017-11-22,sh.601985,7.49,7.59,7.45,7.57,37204162,280063728.0
2017-11-23,sh.601985,7.55,7.62,7.38,7.46,37788099,283883864.0
2017-11-24,sh.601985,7.46,7.49,7.36,7.48,25866725,192396292.0
2017-11-27,sh.601985,7.45,7.52,7.42,7.49,24202900,181009827.0
2017-11-28,sh.601985,7.5,7.5,7.43,7.46,14371905,107296585.0
2017-11-29,sh.601985,7.48,7.49,7.39,7.41,19387733,143856664.0
2017-11-30,sh.601985,7.39,7.4,7.3,7.35,31151384,228764245.0
2017-12-01,sh.601985,7.37,7.38,7.31,7.36,19452513,142750273.0
2017-12-04,sh.601985,7.34,7.37,7.3,7.36,20590911,150967802.0
2017-12-05,sh.601985,7.35,7.58,7.33,7.52,71727586,536903906.0
2017-12-06,sh.601985,7.51,7.53,7.45,7.48,22507426,168534470.0
2017-12-07,sh.601985,7.47,7.69,7.46,7.53,34547742,262531816.0
2017-12-08,sh.601985,7.5,7.53,7.46,7.5,18261659,136885457.0
2017-12-11,sh.601985,7.5,7.5,7.46,7.48,14044745,104969398.0
2017-12-12,sh.601985,7.49,7.57,7.46,7.47,21728440,163100043.0
2017-12-13,sh.601985,7.46,7.46,7.4,7.43,21446423,159283868.0
2017-12-14,sh.601985,7.44,7.44,7.4,7.4,13176718,97733862.0
2017-12-15,sh.601985,7.37,7.39,7.22,7.28,66603706,485572571.0
2017-12-18,sh.601985,7.3,7.31,7.24,7.29,16283937,118464825.0
2017-12-19,sh.601985,7.28,7.31,7.26,7.28,12175203,88648811.0
2017-12-20,sh.601985,7.28,7.31,7.23,7.31,17991301,130892365.0
2017-12-21,sh.601985,7.29,7.3,7.23,7.27,13408993,97483166.0
2017-12-22,sh.601985,7.25,7.28,7.25,7.26,9638192,70056692.0
2017-12-25,sh.601985,7.26,7.27,7.2,7.25,16024884,116034684.0
2017-12-26,sh.601985,7.23,7.29,7.2,7.29,13502173,97774537.0
2017-12-27,sh.601985,7.28,7.3,7.22,7.25,13989000,101514634.0
2017-12-28,sh.601985,7.25,7.31,7.23,7.3,20079825,146365525.0
2017-12-29,sh.601985,7.28,7.37,7.28,7.35,16280716,119279926.0
2018-01-02,sh.601985,7.35,7.41,7.35,7.39,20662414,152627467.0
2018-01-03,sh.601985,7.39,7.43,7.37,7.4,19567184,144854662.0
2018-01-04,sh.601985,7.4,7.44,7.38,7.42,15430695,114347597.0
2018-01-05,sh.601985,7.41,7.43,7.38,7.42,15306442,113238178.0
2018-01-08,sh.601985,7.41,7.42,7.36,7.41,19293983,142539660.0
2018-01-09,sh.601985,7.41,7.42,7.37,7.4,14034099,103767922.0
2018-01-10,sh.601985,7.43,7.48,7.37,7.4,19635911,145615548.0
2018-01-11,sh.601985,7.38,7.41,7.36,7.39,15421221,113873365.0
2018-01-12,sh.601985,7.38,7.39,7.33,7.35,17636461,129822202.0
2018-01-15,sh.601985,7.35,7.37,7.23,7.25,22351101,162761720.0
2018-01-16,sh.601985,7.25,7.38,7.23,7.38,25210343,184595388.0
2018-01-17,sh.601985,7.48,7.51,7.39,7.43,32240421,239722215.0
2018-01-18,sh.601985,7.45,7.6,7.43,7.58,60723475,456956683.0
2018-01-19,sh.601985,7.55,7.6,7.52,7.55,39124158,295718952.0
2018-01-22,sh.601985,7.55,7.59,7.48,7.52,32492207,244239694.0
2018-01-23,sh.601985,7.5,7.59,7.47,7.58,34334633,258965232.0
2018-01-24,sh.601985,7.58,7.65,7.5,7.61,46421644,351442157.0
2018-01-25,sh.601985,7.75,7.81,7.66,7.67,83037424,641484271.0
2018-01-26,sh.601985,7.66,7.67,7.6,7.61,29650734,225955260.0
2018-01-29,sh.601985,7.62,7.71,7.58,7.61,33261060,253970968.0
2018-01-30,sh.601985,7.58,7.66,7.52,7.57,25808563,195403058.0
2018-01-31,sh.601985,7.54,7.62,7.5,7.6,30465105,230197041.0
2018-02-01,sh.601985,7.7,7.73,7.53,7.72,78218066,598460770.0
2018-02-02,sh.601985,7.64,7.65,7.5,7.59,44961659,340727706.0
2018-02-05,sh.601985,7.5,7.56,7.45,7.52,24452314,183887079.0
2018-02-06,sh.601985,7.44,7.54,7.41,7.52,61522401,461206216.0
2018-02-07,sh.601985,7.52,7.53,7.39,7.45,39709725,296519366.0
2018-02-08,sh.601985,7.42,7.48,7.28,7.33,28448833,209908061.0
2018-02-09,sh.601985,7.26,7.3,7.02,7.14,63575716,454129153.0
2018-02-12,sh.601985,7.13,7.18,7.09,7.15,19993436,142659036.0
2018-02-13,sh.601985,7.16,7.18,7.12,7.13,13443315,96226221.0
2018-02-14,sh.601985,7.13,7.15,7.08,7.1,14837920,105470034.0
2018-02-22,sh.601985,7.15,7.22,7.13,7.2,14098434,101265800.0
2018-02-23,sh.601985,7.21,7.22,7.17,7.21,10565883,76120901.0
2018-02-26,sh.601985,7.23,7.29,7.18,7.25,27343948,197932812.0
2018-02-27,sh.601985,7.27,7.28,7.18,7.25,20872157,150931937.0
2018-02-28,sh.601985,7.22,7.25,7.19,7.19,14988149,108092695.0
2018-03-01,sh.601985,7.17,7.21,7.15,7.19,11392125,81894092.0
2018-03-02,sh.601985,7.17,7.19,7.14,7.15,14815276,106103355.0
2018-03-05,sh.601985,7.15,7.18,7.12,7.13,11089618,79223436.0
2018-03-06,sh.601985,7.15,7.18,7.12,7.18,14028062,100422457.0
2018-03-07,sh.601985,7.17,7.25,7.17,7.19,20804552,149873348.0
2018-03-08,sh.601985,7.19,7.28,7.19,7.26,22773185,165071317.0
2018-03-09,sh.601985,7.25,7.26,7.22,7.26,17035914,123376784.0
2018-03-12,sh.601985,7.29,7.29,7.23,7.27,24326219,176493891.0
2018-03-13,sh.601985,7.27,7.27,7.2,7.2,19678155,142251915.0
2018-03-14,sh.601985,7.19,7.24,7.16,7.17,16884496,121370465.0
2018-03-15,sh.601985,7.14,7.18,7.12,7.15,15173864,108407000.0
2018-03-16,sh.601985,7.14,7.18,7.13,7.13,12479385,89226765.0
2018-03-19,sh.601985,7.12,7.14,7.1,7.1,13849621,98571385.0
2018-03-20,sh.601985,7.1,7.14,7.07,7.12,15433989,109622266.0
2018-03-21,sh.601985,7.12,7.17,7.1,7.11,16573649,118288585.0
2018-03-22,sh.601985,7.11,7.12,7.03,7.04,24414419,172414853.0
2018-03-23,sh.601985,6.97,6.97,6.6,6.71,48520858,330523556.0
2018-03-26,sh.601985,6.65,6.68,6.5,6.65,30380310,200312064.0
2018-03-27,sh.601985,6.71,6.77,6.7,6.72,23022997,154913515.0
2018-03-28,sh.601985,6.69,6.69,6.62,6.63,15656658,104181513.0
2018-03-29,sh.601985,6.64,6.71,6.63,6.7,11692485,78045398.0
2018-03-30,sh.601985,6.72,6.74,6.67,6.72,12703742,85193971.0
2018-04-02,sh.601985,6.74,6.75,6.69,6.7,16139709,108478258.0
2018-04-03,sh.601985,6.65,6.66,6.61,6.63,14105008,93525945.0
2018-04-04,sh.601985,6.64,6.72,6.62,6.66,13894735,92671691.0
2018-04-09,sh.601985,6.66,6.67,6.61,6.64,10576199,70228103.0
2018-04-10,sh.601985,6.65,6.7,6.61,6.7,13650739,90952438.0
2018-04-11,sh.601985,6.73,6.73,6.69,6.71,14377719,96454192.0
2018-04-12,sh.601985,6.71,6.71,6.66,6.67,11071139,73922704.0
2018-04-13,sh.601985,6.67,6.69,6.63,6.64,10614024,70687700.0
2018-04-16,sh.601985,6.63,6.64,6.55,6.56,14749927,97264332.0
2018-04-17,sh.601985,6.56,6.59,6.51,6.51,11653619,76354392.0
2018-04-18,sh.601985,6.53,6.56,6.45,6.52,17240616,111947198.0
2018-04-19,sh.601985,6.53,6.55,6.48,6.53,13102201,85512790.0
2018-04-20,sh.601985,6.52,6.52,6.32,6.35,25601464,164473922.0
2018-04-23,sh.601985,6.35,6.43,6.33,6.41,15235693,97443986.0
2018-04-24,sh.601985,6.43,6.58,6.42,6.56,19898842,129904391.0
2018-04-25,sh.601985,6.54,6.57,6.49,6.54,13171489,86196076.0
2018-04-26,sh.601985,6.59,6.73,6.54,6.55,25842037,171063989.0
2018-04-27,sh.601985,6.58,6.69,6.53,6.67,26616092,176754292.0
2018-05-02,sh.601985,6.66,6.72,6.54,6.6,22470576,148651270.0
2018-05-03,sh.601985,6.6,6.62,6.48,6.56,19398044,126827286.0
2018-05-04,sh.601985,6.55,6.56,6.48,6.51,15014459,97738277.0
2018-05-07,sh.601985,6.5,6.56,6.48,6.55,13087140,85575312.0
2018-05-08,sh.601985,6.55,6.6,6.53,6.59,12954636,85259581.0
2018-05-09,sh.601985,6.58,6.59,6.56,6.59,9129561,60066013.0
2018-05-10,sh.601985,6.59,6.62,6.51,6.54,19161290,125492114.0
2018-05-11,sh.601985,6.55,6.58,6.51,6.55,13104825,85723084.0
2018-05-14,sh.601985,6.54,6.56,6.51,6.52,10556729,68957871.0
2018-05-15,sh.601985,6.52,6.58,6.51,6.58,12356862,81051414.0
2018-05-16,sh.601985,6.57,6.59,6.52,6.57,15939252,104525134.0
2018-05-17,sh.601985,6.57,6.58,6.5,6.51,12256800,80196680.0
2018-05-18,sh.601985,6.51,6.59,6.5,6.59,12238367,80145797.0
2018-05-21,sh.601985,6.6,6.69,6.6,6.67,24675944,164355547.0
2018-05-22,sh.601985,6.68,6.69,6.63,6.65,10782994,71655163.0
2018-05-23,sh.601985,6.65,6.7,6.63,6.65,17177726,114648218.0
2018-05-24,sh.601985,6.65,6.68,6.58,6.59,11781681,77948543.0
2018-05-25,sh.601985,6.59,6.61,6.52,6.54,9378700,61591000.0
2018-05-28,sh.601985,6.51,6.53,6.39,6.42,18591903,119958903.0
2018-05-29,sh.601985,6.4,6.41,6.23,6.26,30816541,194254656.0
2018-05-30,sh.601985,6.2,6.2,6.06,6.07,25709600,157581305.0
2018-05-31,sh.601985,6.1,6.15,6.09,6.12,17393907,106441782.0
2018-06-01,sh.601985,6.11,6.15,6.03,6.06,15604103,94997591.0
2018-06-04,sh.601985,6.07,6.12,6.05,6.05,17084764,103769126.0
2018-06-05,sh.601985,6.06,6.07,5.97,6.0,27530220,165089422.0
2018-06-06,sh.601985,6.0,6.01,5.88,5.89,31944632,188929640.0
2018-06-07,sh.601985,5.93,5.95,5.89,5.92,20881366,123515410.0
2018-06-08,sh.601985,5.92,5.92,5.64,5.79,52826511,303876773.0
2018-06-11,sh.601985,5.78,5.86,5.73,5.83,23615013,137341993.0
2018-06-12,sh.601985,5.85,6.06,5.84,6.04,44653319,266553105.0
2018-06-13,sh.601985,6.02,6.07,5.95,6.0,21647408,129891781.0
2018-06-14,sh.601985,6.0,6.06,5.96,6.04,18501845,111312434.0
2018-06-15,sh.601985,6.04,6.05,5.93,6.0,18152047,108658689.0
2018-06-19,sh.601985,5.92,5.93,5.6,5.68,35021139,201793366.0
2018-06-20,sh.601985,5.66,5.81,5.64,5.78,17068652,98279493.0
2018-06-21,sh.601985,5.78,5.82,5.69,5.69,17071824,98292312.0
2018-06-22,sh.601985,5.66,5.75,5.56,5.73,14177453,80420437.0
2018-06-25,sh.601985,5.76,5.78,5.59,5.6,19354817,109280930.0
2018-06-26,sh.601985,5.54,5.6,5.47,5.59,17680649,97951573.0
2018-06-27,sh.601985,5.57,5.63,5.52,5.57,11640826,64826464.0
2018-06-28,sh.601985,5.52,5.61,5.5,5.57,12909346,71813244.0
2018-06-29,sh.601985,5.57,5.65,5.53,5.65,17199114,96456050.0
2018-07-02,sh.601985,5.64,5.66,5.53,5.56,13461856,75494973.0
2018-07-03,sh.601985,5.59,5.6,5.52,5.58,12299652,68394334.0
2018-07-04,sh.601985,5.56,5.84,5.53,5.67,32469520,184906994.0
2018-07-05,sh.601985,5.62,5.66,5.53,5.57,15818554,88401981.0
2018-07-06,sh.601985,5.58,5.6,5.46,5.57,14478846,80285023.0
2018-07-09,sh.601985,5.57,5.66,5.56,5.65,13296914,74792639.0
2018-07-10,sh.601985,5.65,5.66,5.6,5.64,13528526,76062387.0
2018-07-11,sh.601985,5.58,5.58,5.5,5.52,12068514,66667344.0
2018-07-12,sh.601985,5.51,5.64,5.51,5.62,14714202,82270746.0
2018-07-13,sh.601985,5.61,5.64,5.59,5.61,10726141,60168064.0
2018-07-16,sh.601985,5.61,5.63,5.59,5.62,9946960,55788165.0
2018-07-17,sh.601985,5.61,5.63,5.55,5.61,9770468,54686838.0
2018-07-18,sh.601985,5.61,5.77,5.6,5.71,30950882,176177084.0
2018-07-19,sh.601985,5.6,5.65,5.52,5.56,17967167,100248935.0
2018-07-20,sh.601985,5.56,5.66,5.52,5.64,18613124,104323339.0
2018-07-23,sh.601985,5.64,5.77,5.59,5.74,29097513,165671274.0
2018-07-24,sh.601985,5.73,5.87,5.72,5.79,39982874,231850425.0
2018-07-25,sh.601985,5.77,5.79,5.72,5.74,17492381,100550925.0
2018-07-26,sh.601985,5.75,5.8,5.73,5.76,16709420,96232162.0
2018-07-27,sh.601985,5.76,5.79,5.71,5.72,13499546,77555717.0
2018-07-30,sh.601985,5.73,5.82,5.69,5.77,20780402,119945828.0
2018-07-31,sh.601985,5.73,5.78,5.72,5.74,12068390,69311267.0
2018-08-01,sh.601985,5.74,5.79,5.65,5.66,18027459,103246425.0
2018-08-02,sh.601985,5.66,5.67,5.47,5.53,22974838,127439808.0
2018-08-03,sh.601985,5.54,5.56,5.5,5.5,9641901,53311524.0
2018-08-06,sh.601985,5.5,5.53,5.43,5.46,14436652,79077081.0
2018-08-07,sh.601985,5.47,5.57,5.46,5.57,14539769,80304487.0
2018-08-08,sh.601985,5.57,5.75,5.55,5.66,34903894,197860628.0
2018-08-09,sh.601985,5.61,5.73,5.61,5.7,19842738,112787262.0
2018-08-10,sh.601985,5.74,5.78,5.69,5.73,18326784,105044399.0
2018-08-13,sh.601985,5.68,5.75,5.65,5.74,13101066,74771175.0
2018-08-14,sh.601985,5.74,5.86,5.72,5.85,37391236,217816809.0
2018-08-15,sh.601985,5.84,5.86,5.79,5.82,19544879,113874470.0
2018-08-16,sh.601985,5.8,5.82,5.73,5.79,17951104,103782575.0
2018-08-17,sh.601985,5.79,5.84,5.72,5.77,15801003,91362731.0
2018-08-20,sh.601985,5.76,5.85,5.7,5.85,20760691,120211612.0
2018-08-21,sh.601985,5.84,5.88,5.81,5.83,16414122,95806054.0
2018-08-22,sh.601985,5.83,5.84,5.76,5.83,10464748,60693435.0
2018-08-23,sh.601985,5.82,5.84,5.74,5.8,11664900,67604133.0
2018-08-24,sh.601985,5.77,5.81,5.74,5.76,9060200,52307742.0
2018-08-27,sh.601985,5.78,5.96,5.78,5.96,29781017,175127318.0
2018-08-28,sh.601985,5.97,5.98,5.91,5.93,14431046,85649788.0
2018-08-29,sh.601985,5.91,5.95,5.86,5.88,12544400,74066086.0
2018-08-30,sh.601985,5.88,5.92,5.82,5.84,10815566,63359802.0
2018-08-31,sh.601985,5.84,5.92,5.79,5.85,21947439,128342947.0
2018-09-03,sh.601985,5.83,5.88,5.78,5.83,11137046,64817670.0
2018-09-04,sh.601985,5.83,5.94,5.81,5.93,13739806,80971794.0
2018-09-05,sh.601985,5.92,5.92,5.82,5.84,10367500,60716425.0
2018-09-06,sh.601985,5.81,5.85,5.74,5.74,13525497,78236557.0
2018-09-07,sh.601985,5.72,5.79,5.7,5.78,10249125,58948564.0
2018-09-10,sh.601985,5.76,5.76,5.71,5.71,6784467,38878719.0
2018-09-11,sh.601985,5.7,5.77,5.69,5.73,7520823,43055480.0
2018-09-12,sh.601985,5.73,5.78,5.71,5.74,6899790,39640505.0
2018-09-13,sh.601985,5.74,5.79,5.74,5.79,6196750,35731490.0
2018-09-14,sh.601985,5.78,5.79,5.74,5.76,6693387,38533694.0
2018-09-17,sh.601985,5.72,5.75,5.7,5.72,6112148,34969716.0
2018-09-18,sh.601985,5.71,5.83,5.7,5.81,10810705,62415367.0
2018-09-19,sh.601985,5.79,5.92,5.77,5.86,18733243,109851476.0
2018-09-20,sh.601985,5.85,5.87,5.81,5.86,11235726,65564040.0
2018-09-21,sh.601985,5.9,6.02,5.9,6.0,37953998,226881495.0
2018-09-25,sh.601985,5.98,6.05,5.95,6.03,20114210,120686414.0
2018-09-26,sh.601985,6.0,6.1,6.0,6.01,25542653,154419342.0
2018-09-27,sh.601985,6.02,6.07,5.99,6.01,16082862,96862323.0
2018-09-28,sh.601985,6.03,6.04,6.0,6.01,12375175,74513106.0
2018-10-08,sh.601985,5.98,5.98,5.88,5.89,17312562,102778676.0
2018-10-09,sh.601985,5.91,5.97,5.89,5.91,14685682,87028351.0
2018-10-10,sh.601985,5.91,5.95,5.91,5.93,9516905,56447713.0
2018-10-11,sh.601985,5.85,5.87,5.52,5.6,31798565,181170327.0
2018-10-12,sh.601985,5.56,5.61,5.34,5.52,22734825,124743180.0
2018-10-15,sh.601985,5.49,5.54,5.4,5.42,15414013,84281869.0
2018-10-16,sh.601985,5.42,5.49,5.4,5.41,12345604,67069950.0
2018-10-17,sh.601985,5.46,5.51,5.4,5.45,14333525,78403109.0
2018-10-18,sh.601985,5.48,5.48,5.26,5.28,19930612,106520767.0
2018-10-19,sh.601985,5.2,5.41,5.19,5.41,16072681,85406876.0
2018-10-22,sh.601985,5.43,5.68,5.43,5.57,30798227,171456916.0
2018-10-23,sh.601985,5.57,5.63,5.46,5.49,17138320,94807225.0
2018-10-24,sh.601985,5.47,5.56,5.46,5.5,8935416,49308036.0
2018-10-25,sh.601985,5.4,5.51,5.33,5.5,13936787,75280656.0
2018-10-26,sh.601985,5.47,5.52,5.43,5.47,11827744,64706365.0
2018-10-29,sh.601985,5.45,5.46,5.33,5.37,13752711,73924217.0
2018-10-30,sh.601985,5.37,5.38,5.29,5.35,21118682,112812484.0
2018-10-31,sh.601985,5.36,5.66,5.34,5.57,45496266,251497728.0
2018-11-01,sh.601985,5.57,5.68,5.5,5.53,40041134,223469186.0
2018-11-02,sh.601985,5.57,5.64,5.52,5.64,33389915,186183675.0
2018-11-05,sh.601985,5.62,5.63,5.53,5.57,22680702,126457144.0
2018-11-06,sh.601985,5.6,5.62,5.55,5.61,17796990,99393369.0
2018-11-07,sh.601985,5.61,5.63,5.56,5.58,17056576,95233315.0
2018-11-08,sh.601985,5.64,5.64,5.55,5.55,12420262,69288086.0
2018-11-09,sh.601985,5.54,5.56,5.46,5.48,11690006,64462582.0
2018-11-12,sh.601985,5.48,5.55,5.45,5.54,18747053,103160919.0
2018-11-13,sh.601985,5.5,5.58,5.48,5.57,28922502,160508412.0
2018-11-14,sh.601985,5.56,5.58,5.52,5.55,17688039,98301255.0
2018-11-15,sh.601985,5.54,5.61,5.53,5.6,23629578,131801643.0
2018-11-16,sh.601985,5.6,5.64,5.56,5.59,21739303,121647156.0
2018-11-19,sh.601985,5.6,5.63,5.55,5.62,23557921,131661461.0
2018-11-20,sh.601985,5.59,5.63,5.5,5.5,24863415,138413809.0
2018-11-21,sh.601985,5.45,5.51,5.44,5.49,14947417,81725568.0
2018-11-22,sh.601985,5.49,5.51,5.47,5.49,8391578,46064079.0
2018-11-23,sh.601985,5.5,5.5,5.33,5.33,20859060,112433262.0
2018-11-26,sh.601985,5.33,5.35,5.3,5.32,9765326,52015332.0
2018-11-27,sh.601985,5.34,5.35,5.29,5.3,10173887,54127644.0
2018-11-28,sh.601985,5.31,5.32,5.25,5.31,15798247,83646042.0
2018-11-29,sh.601985,5.33,5.44,5.3,5.3,25956048,139279586.0
2018-11-30,sh.601985,5.29,5.34,5.25,5.32,22252113,117709941.0
2018-12-03,sh.601985,5.4,5.43,5.36,5.38,29331043,158096747.0
2018-12-04,sh.601985,5.39,5.41,5.37,5.41,12968864,69894921.0
2018-12-05,sh.601985,5.35,5.38,5.32,5.37,11032089,59113600.0
2018-12-06,sh.601985,5.35,5.36,5.31,5.31,9187843,48979534.0
2018-12-07,sh.601985,5.32,5.34,5.29,5.32,10064843,53426192.0
2018-12-10,sh.601985,5.29,5.31,5.28,5.29,8594400,45473471.0
2018-12-11,sh.601985,5.29,5.32,5.28,5.3,7237500,38344806.0
2018-12-12,sh.601985,5.31,5.34,5.29,5.3,11905909,63245539.0
2018-12-13,sh.601985,5.31,5.39,5.3,5.37,23051049,123646892.0
2018-12-14,sh.601985,5.37,5.39,5.33,5.33,15290549,81903770.0
2018-12-17,sh.601985,5.34,5.41,5.32,5.38,20607407,110734782.0
2018-12-18,sh.601985,5.35,5.38,5.27,5.28,18464533,98040175.0
2018-12-19,sh.601985,5.29,5.31,5.25,5.25,9736214,51399054.0
2018-12-20,sh.601985,5.23,5.28,5.23,5.27,10032545,52788505.0
2018-12-21,sh.601985,5.25,5.27,5.23,5.25,8700838,45673794.0
2018-12-24,sh.601985,5.27,5.4,5.26,5.3,36655178,195372910.0
2018-12-25,sh.601985,5.27,5.3,5.23,5.27,15234073,80093419.0
2018-12-26,sh.601985,5.26,5.29,5.23,5.25,9399434,49398167.0
2018-12-27,sh.601985,5.3,5.34,5.25,5.26,13652761,72072736.0
2018-12-28,sh.601985,5.25,5.3,5.23,5.27,14452047,76173012.0
2019-01-02,sh.601985,5.28,5.29,5.22,5.27,12296100,64629419.0
2019-01-03,sh.601985,5.28,5.31,5.25,5.28,10863706,57353217.0
2019-01-04,sh.601985,5.25,5.35,5.22,5.33,22144006,117728528.0
2019-01-07,sh.601985,5.34,5.44,5.32,5.44,34577277,186227660.0
2019-01-08,sh.601985,5.42,5.46,5.38,5.42,19447823,105210723.0
2019-01-09,sh.601985,5.42,5.46,5.39,5.39,21693375,117843379.0
2019-01-10,sh.601985,5.39,5.42,5.37,5.38,15515259,83661168.0
2019-01-11,sh.601985,5.38,5.41,5.36,5.38,13260757,71312716.0
2019-01-14,sh.601985,5.39,5.39,5.33,5.35,15388406,82402054.0
2019-01-15,sh.601985,5.35,5.38,5.34,5.38,13636900,73098189.0
2019-01-16,sh.601985,5.37,5.4,5.33,5.36,17710974,94778351.0
2019-01-17,sh.601985,5.36,5.37,5.31,5.32,15608595,83222156.0
2019-01-18,sh.601985,5.34,5.36,5.31,5.36,18487787,98754573.0
2019-01-21,sh.601985,5.36,5.39,5.34,5.35,25547307,137044008.0
2019-01-22,sh.601985,5.34,5.35,5.3,5.32,20966296,111525956.0
2019-01-23,sh.601985,5.3,5.32,5.28,5.29,12740125,67463040.0
2019-01-24,sh.601985,5.28,5.32,5.28,5.31,15359628,81416753.0
2019-01-25,sh.601985,5.3,5.32,5.29,5.3,13915467,73801963.0
2019-01-28,sh.601985,5.32,5.42,5.32,5.38,38902604,209421099.0
2019-01-29,sh.601985,5.37,5.41,5.3,5.38,25635017,137342530.0
2019-01-30,sh.601985,5.38,5.38,5.34,5.38,16147099,86586372.0
2019-01-31,sh.601985,5.39,5.45,5.36,5.39,36834690,199379795.0
2019-02-01,sh.601985,5.39,5.43,5.36,5.43,25562746,137858783.0
2019-02-11,sh.601985,5.43,5.5,5.41,5.49,32879709,179579465.0
2019-02-12,sh.601985,5.49,5.51,5.47,5.49,26459965,145195764.0
2019-02-13,sh.601985,5.49,5.61,5.48,5.58,47734686,264722122.0
2019-02-14,sh.601985,5.58,5.62,5.54,5.59,35833946,199887842.0
2019-02-15,sh.601985,5.58,5.59,5.53,5.54,32003873,177855341.0
2019-02-18,sh.601985,5.54,5.66,5.54,5.64,37968133,212893707.0
2019-02-19,sh.601985,5.64,5.68,5.54,5.59,42320418,237608135.0
2019-02-20,sh.601985,5.58,5.61,5.52,5.57,30310159,168356279.0
2019-02-21,sh.601985,5.57,5.58,5.5,5.52,44976531,249205479.0
2019-02-22,sh.601985,5.51,5.57,5.47,5.57,42824190,235956335.0
2019-02-25,sh.601985,5.6,6.11,5.6,6.0,145748150,848281010.0
2019-02-26,sh.601985,6.05,6.25,5.94,6.08,134018170,818662109.0
2019-02-27,sh.601985,6.08,6.15,6.01,6.07,59088995,358590526.0
2019-02-28,sh.601985,6.05,6.09,5.96,5.99,49197405,296454736.0
2019-03-01,sh.601985,6.02,6.06,5.97,6.06,53047189,318992137.0
2019-03-04,sh.601985,6.1,6.2,6.06,6.09,78058394,478799224.0
2019-03-05,sh.601985,6.06,6.18,6.04,6.17,55469831,338943805.0
2019-03-06,sh.601985,6.18,6.57,6.13,6.47,136284730,869385578.0
2019-03-07,sh.601985,6.43,6.47,6.28,6.36,84746346,540849317.0
2019-03-08,sh.601985,6.26,6.27,6.0,6.03,86118204,529158847.0
2019-03-11,sh.601985,6.04,6.19,6.04,6.17,52117785,318209630.0
2019-03-12,sh.601985,6.19,6.32,6.15,6.2,77134895,480159412.0
2019-03-13,sh.601985,6.19,6.19,6.03,6.05,58330963,355188815.0
2019-03-14,sh.601985,6.05,6.09,5.9,5.94,52935652,317122662.0
2019-03-15,sh.601985,5.96,6.05,5.96,6.01,38082991,228626051.0
2019-03-18,sh.601985,6.04,6.13,5.99,6.12,50556814,306917275.0
2019-03-19,sh.601985,6.5,6.73,6.23,6.3,232678988,1500559495.0
2019-03-20,sh.601985,6.23,6.27,6.15,6.22,88053172,546003115.0
2019-03-21,sh.601985,6.23,6.3,6.18,6.25,80682313,502985723.0
2019-03-22,sh.601985,6.25,6.25,6.16,6.23,46532490,288778641.0
2019-03-25,sh.601985,6.15,6.27,6.12,6.17,60083597,372896525.0
2019-03-26,sh.601985,6.2,6.2,6.02,6.03,54988179,335262771.0
2019-03-27,sh.601985,6.04,6.07,5.97,6.0,36282800,217710099.0
2019-03-28,sh.601985,5.98,6.01,5.91,5.91,31804080,189253365.0
2019-03-29,sh.601985,5.91,6.05,5.91,6.05,41410232,248184539.0
2019-04-01,sh.601985,6.1,6.56,6.07,6.39,145518440,921171872.0
2019-04-02,sh.601985,6.44,6.56,6.34,6.41,135283202,872508624.0
2019-04-03,sh.601985,6.35,6.42,6.32,6.39,72190009,459967048.0
2019-04-04,sh.601985,6.46,6.49,6.33,6.38,67560912,432680674.0
2019-04-08,sh.601985,6.42,6.49,6.31,6.34,78897294,505004402.0
2019-04-09,sh.601985,6.35,6.37,6.27,6.36,45789457,289501284.0
2019-04-10,sh.601985,6.32,6.36,6.27,6.33,42128137,265840217.0
2019-04-11,sh.601985,6.44,6.48,6.3,6.33,69792560,445321047.0
2019-04-12,sh.601985,6.33,6.39,6.3,6.36,50833847,322421843.0
2019-04-15,sh.601985,6.36,6.39,6.24,6.25,68520245,434721638.0
2019-04-16,sh.601985,6.22,6.3,6.11,6.3,54085338,335552361.0
2019-04-17,sh.601985,6.28,6.32,6.25,6.3,39264085,246904286.0
2019-04-18,sh.601985,6.29,6.37,6.23,6.34,44775861,282647701.0
2019-04-19,sh.601985,6.33,6.34,6.24,6.31,32367859,203647691.0
2019-04-22,sh.601985,6.32,6.33,6.2,6.21,31412881,196700649.0
2019-04-23,sh.601985,6.21,6.24,6.11,6.11,32373190,199087180.0
2019-04-24,sh.601985,6.13,6.15,6.08,6.12,26898672,164585409.0
2019-04-25,sh.601985,6.11,6.12,6.0,6.01,29093744,176311583.0
2019-04-26,sh.601985,6.02,6.04,5.88,5.88,37579599,224412687.0
2019-04-29,sh.601985,5.92,5.94,5.82,5.85,27525511,162042654.0
2019-04-30,sh.601985,5.83,5.94,5.83,5.93,21129663,124851264.0
2019-05-06,sh.601985,5.85,5.85,5.52,5.64,55627052,315741713.0
2019-05-07,sh.601985,5.66,5.7,5.59,5.7,31911043,180611881.0
2019-05-08,sh.601985,5.63,5.71,5.59,5.62,23304816,131687138.0
2019-05-09,sh.601985,5.58,5.64,5.56,5.59,16926305,94938293.0
2019-05-10,sh.601985,5.62,5.7,5.54,5.69,35423123,199908496.0
2019-05-13,sh.601985,5.64,5.65,5.6,5.61,18481152,103914608.0
2019-05-14,sh.601985,5.59,5.69,5.59,5.62,22562381,127475193.0
2019-05-15,sh.601985,5.64,5.68,5.62,5.67,22915332,129546473.0
2019-05-16,sh.601985,5.65,5.74,5.65,5.71,24174369,137824738.0
2019-05-17,sh.601985,5.71,5.72,5.54,5.55,27041141,151930430.0
2019-05-20,sh.601985,5.54,5.58,5.5,5.53,18806354,103896629.0
2019-05-21,sh.601985,5.52,5.63,5.52,5.63,21596859,120770435.0
2019-05-22,sh.601985,5.62,5.73,5.59,5.68,29903677,169950217.0
2019-05-23,sh.601985,5.64,5.72,5.62,5.65,16428861,93163132.0
2019-05-24,sh.601985,5.65,5.69,5.61,5.62,12304300,69326518.0
2019-05-27,sh.601985,5.63,5.72,5.61,5.71,17162383,97497365.0
2019-05-28,sh.601985,5.7,5.7,5.62,5.7,47853316,271256187.0
2019-05-29,sh.601985,5.65,5.66,5.61,5.62,29370192,165330305.0
2019-05-30,sh.601985,5.61,5.61,5.52,5.54,47763038,265075839.0
2019-05-31,sh.601985,5.54,5.56,5.5,5.52,35420176,195807270.0
2019-06-03,sh.601985,5.53,5.54,5.44,5.48,40634526,222724322.0
2019-06-04,sh.601985,5.47,5.47,5.36,5.4,39478614,213095567.0
2019-06-05,sh.601985,5.41,5.44,5.37,5.42,33543499,181396850.0
2019-06-06,sh.601985,5.41,5.52,5.37,5.44,41917674,227814417.0
2019-06-10,sh.601985,5.43,5.45,5.37,5.42,28639113,154890611.0
2019-06-11,sh.601985,5.42,5.54,5.42,5.54,49417800,271638713.0
2019-06-12,sh.601985,5.53,5.54,5.47,5.5,30373539,167093788.0
2019-06-13,sh.601985,5.48,5.54,5.45,5.49,22625248,124177281.0
2019-06-14,sh.601985,5.5,5.53,5.45,5.45,18440550,101082794.0
2019-06-17,sh.601985,5.45,5.49,5.42,5.46,15393652,84051388.0
2019-06-18,sh.601985,5.47,5.47,5.43,5.47,13215550,72103730.0
2019-06-19,sh.601985,5.54,5.56,5.5,5.51,31462654,173971662.0
2019-06-20,sh.601985,5.51,5.6,5.5,5.57,38090124,211716189.0
2019-06-21,sh.601985,5.6,5.61,5.57,5.59,38553018,215518396.0
2019-06-24,sh.601985,5.6,5.61,5.57,5.59,19382202,108355024.0
2019-06-25,sh.601985,5.6,5.6,5.51,5.53,25247681,139690795.0
2019-06-26,sh.601985,5.52,5.57,5.51,5.56,14243542,79001664.0
2019-06-27,sh.601985,5.57,5.6,5.55,5.57,19861661,110738905.0
2019-06-28,sh.601985,5.58,5.6,5.54,5.56,23628661,131530106.0
2019-07-01,sh.601985,5.61,5.64,5.59,5.64,33082992,186048342.0
2019-07-02,sh.601985,5.63,5.65,5.61,5.63,23335903,131285166.0
2019-07-03,sh.601985,5.63,5.63,5.58,5.62,22091005,123658384.0
2019-07-04,sh.601985,5.62,5.65,5.6,5.64,20769104,116925421.0
2019-07-05,sh.601985,5.63,5.63,5.61,5.63,14492897,81489744.0
2019-07-08,sh.601985,5.62,5.62,5.51,5.52,24827885,137727080.0
2019-07-09,sh.601985,5.53,5.55,5.49,5.5,15340261,84476727.0
2019-07-10,sh.601985,5.51,5.53,5.48,5.49,11038323,60649037.0
2019-07-11,sh.601985,5.51,5.53,5.45,5.48,11659219,64042481.0
2019-07-12,sh.601985,5.49,5.53,5.47,5.49,11499040,63308724.0
2019-07-15,sh.601985,5.49,5.57,5.46,5.56,23184661,128198861.0
2019-07-16,sh.601985,5.58,5.59,5.56,5.58,10733323,59795751.0
2019-07-17,sh.601985,5.6,5.6,5.55,5.56,11359669,63270759.0
2019-07-18,sh.601985,5.56,5.56,5.52,5.53,14643525,81027052.0
2019-07-19,sh.601985,5.44,5.51,5.41,5.48,29568430,161967700.0
2019-07-22,sh.601985,5.48,5.5,5.41,5.42,17745465,96552184.0
2019-07-23,sh.601985,5.43,5.5,5.41,5.48,19564419,107213892.0
2019-07-24,sh.601985,5.5,5.55,5.48,5.54,21961491,121394045.0
2019-07-25,sh.601985,5.55,5.55,5.51,5.54,12425546,68701393.0
2019-07-26,sh.601985,5.54,5.6,5.52,5.59,23116366,128658974.0
2019-07-29,sh.601985,5.62,5.67,5.61,5.64,32463985,183187853.0
2019-07-30,sh.601985,5.65,5.65,5.61,5.62,18635329,104852038.0
2019-07-31,sh.601985,5.61,5.63,5.56,5.63,23133443,129350659.0
2019-08-01,sh.601985,5.6,5.65,5.58,5.61,17156439,96220047.0
2019-08-02,sh.601985,5.55,5.57,5.51,5.54,23897834,132143584.0
2019-08-05,sh.601985,5.52,5.56,5.43,5.44,23402584,128773934.0
2019-08-06,sh.601985,5.36,5.39,5.28,5.36,32068681,171109589.0
2019-08-07,sh.601985,5.37,5.39,5.34,5.35,12898775,69173373.0
2019-08-08,sh.601985,5.36,5.38,5.33,5.36,15339779,82105313.0
2019-08-09,sh.601985,5.36,5.37,5.29,5.3,14100700,75200851.0
2019-08-12,sh.601985,5.32,5.4,5.3,5.38,14925527,79865370.0
2019-08-13,sh.601985,5.35,5.36,5.33,5.36,10211517,54576935.0
2019-08-14,sh.601985,5.39,5.41,5.35,5.36,12144985,65314731.0
2019-08-15,sh.601985,5.28,5.36,5.25,5.35,15506880,82299020.0
2019-08-16,sh.601985,5.35,5.39,5.35,5.37,11875987,63776116.0
2019-08-19,sh.601985,5.38,5.47,5.38,5.47,19915234,108195848.0
2019-08-20,sh.601985,5.46,5.49,5.44,5.45,12339715,67442482.0
2019-08-21,sh.601985,5.47,5.47,5.43,5.44,11691237,63700122.0
2019-08-22,sh.601985,5.47,5.52,5.42,5.5,21918382,119901376.0
2019-08-23,sh.601985,5.5,5.51,5.46,5.5,14630012,80259598.0
2019-08-26,sh.601985,5.41,5.45,5.37,5.4,21883182,118359167.0
2019-08-27,sh.601985,5.43,5.56,5.42,5.56,40763400,223935055.0
2019-08-28,sh.601985,5.53,5.54,5.47,5.48,22619005,124425540.0
2019-08-29,sh.601985,5.49,5.5,5.45,5.47,11941485,65239840.0
2019-08-30,sh.601985,5.48,5.48,5.37,5.39,19511880,105804924.0
2019-09-02,sh.601985,5.39,5.45,5.38,5.44,20327018,110168004.0
2019-09-03,sh.601985,5.43,5.51,5.41,5.44,24032003,131053426.0
2019-09-04,sh.601985,5.45,5.49,5.44,5.48,22961615,125566587.0
2019-09-05,sh.601985,5.5,5.55,5.49,5.52,37215444,205657907.0
2019-09-06,sh.601985,5.53,5.53,5.47,5.51,20680080,113721374.0
2019-09-09,sh.601985,5.55,5.55,5.5,5.53,24497589,135202564.0
2019-09-10,sh.601985,5.52,5.53,5.48,5.51,19274876,105991525.0
2019-09-11,sh.601985,5.52,5.52,5.49,5.51,18151075,99949627.0
2019-09-12,sh.601985,5.5,5.53,5.48,5.52,20627114,113459839.0
2019-09-16,sh.601985,5.53,5.54,5.5,5.52,16608993,91648764.0
2019-09-17,sh.601985,5.52,5.53,5.41,5.42,20485954,111755985.0
2019-09-18,sh.601985,5.43,5.44,5.38,5.39,16087652,87017200.0
2019-09-19,sh.601985,5.4,5.41,5.38,5.41,11830663,63833183.0
2019-09-20,sh.601985,5.42,5.45,5.4,5.43,21964226,119143365.0
2019-09-23,sh.601985,5.42,5.42,5.36,5.41,16879618,90922127.0
2019-09-24,sh.601985,5.4,5.47,5.39,5.4,14064414,76413541.0
2019-09-25,sh.601985,5.39,5.39,5.34,5.36,15637848,83832915.0
2019-09-26,sh.601985,5.37,5.38,5.32,5.33,15031364,80372557.0
2019-09-27,sh.601985,5.33,5.35,5.31,5.33,11228359,59885520.0
2019-09-30,sh.601985,5.32,5.34,5.29,5.29,12259862,65104859.0
2019-10-08,sh.601985,5.29,5.34,5.29,5.31,9953214,52909320.0
2019-10-09,sh.601985,5.3,5.34,5.28,5.33,6887312,36590750.0
2019-10-10,sh.601985,5.35,5.36,5.33,5.35,9108900,48683564.0
2019-10-11,sh.601985,5.37,5.39,5.34,5.38,13591895,72957925.0
2019-10-14,sh.601985,5.4,5.42,5.37,5.38,20121794,108595638.0
2019-10-15,sh.601985,5.38,5.38,5.34,5.36,10496656,56181233.0
2019-10-16,sh.601985,5.36,5.37,5.33,5.33,13651500,73075468.0
2019-10-17,sh.601985,5.34,5.36,5.28,5.3,21305634,113155950.0
2019-10-18,sh.601985,5.31,5.31,5.23,5.25,24631828,129706665.0
2019-10-21,sh.601985,5.24,5.27,5.23,5.27,14995953,78701767.0
2019-10-22,sh.601985,5.27,5.27,5.23,5.26,12640037,66349299.0
2019-10-23,sh.601985,5.26,5.27,5.2,5.22,19305721,100996028.0
2019-10-24,sh.601985,5.22,5.24,5.2,5.22,16726695,87207414.0
2019-10-25,sh.601985,5.22,5.22,5.17,5.2,20151916,104586724.0
2019-10-28,sh.601985,5.2,5.22,5.19,5.21,18139864,94400669.0
2019-10-29,sh.601985,5.21,5.25,5.2,5.22,16832281,87812581.0
2019-10-30,sh.601985,5.2,5.21,5.13,5.14,21200167,109529008.0
2019-10-31,sh.601985,5.14,5.15,5.05,5.06,30987009,158040676.0
2019-11-01,sh.601985,5.05,5.09,5.0,5.08,24950290,125828835.0
2019-11-04,sh.601985,5.07,5.09,5.04,5.05,18871815,95449155.0
2019-11-05,sh.601985,5.06,5.1,5.03,5.08,16080827,81519837.0
2019-11-06,sh.601985,5.08,5.09,5.04,5.05,10351009,52383623.0
2019-11-07,sh.601985,5.07,5.11,5.06,5.08,14377323,73041531.0
2019-11-08,sh.601985,5.09,5.09,5.02,5.03,17730468,89470294.0
2019-11-11,sh.601985,5.01,5.02,4.88,4.9,36301233,178752749.0
2019-11-12,sh.601985,4.9,4.9,4.81,4.86,19365348,93972104.0
2019-11-13,sh.601985,4.85,4.85,4.75,4.78,24290000,116568155.0
2019-11-14,sh.601985,4.77,4.83,4.77,4.8,14328353,68861595.0
2019-11-15,sh.601985,4.8,4.81,4.72,4.73,17744962,84126277.0
2019-11-18,sh.601985,4.74,4.75,4.69,4.75,11910600,56370760.0
2019-11-19,sh.601985,4.75,4.81,4.74,4.8,13880705,66331092.0
2019-11-20,sh.601985,4.8,4.8,4.76,4.76,9454491,45146551.0
2019-11-21,sh.601985,4.75,4.78,4.73,4.77,10450249,49723587.0
2019-11-22,sh.601985,4.78,4.81,4.76,4.8,15412180,73778850.0
2019-11-25,sh.601985,4.8,4.93,4.8,4.87,32051013,156217144.0
2019-11-26,sh.601985,4.9,4.95,4.87,4.95,41360966,203689451.0
2019-11-27,sh.601985,4.91,4.92,4.87,4.88,15746178,77086681.0
2019-11-28,sh.601985,4.86,4.9,4.84,4.84,9908463,48165322.0
2019-11-29,sh.601985,4.84,4.86,4.83,4.86,9498945,46054430.0
2019-12-02,sh.601985,4.86,4.86,4.8,4.8,13354031,64440603.0
2019-12-03,sh.601985,4.81,4.84,4.78,4.82,10360322,49873261.0
2019-12-04,sh.601985,4.82,4.89,4.81,4.88,14096313,68637118.0
2019-12-05,sh.601985,4.91,4.91,4.84,4.87,11771216,57385926.0
2019-12-06,sh.601985,4.87,4.91,4.86,4.9,9449998,46157935.0
2019-12-09,sh.601985,4.89,4.94,4.86,4.93,14207254,69577746.0
2019-12-10,sh.601985,4.91,4.92,4.89,4.91,9022100,44286006.0
2019-12-11,sh.601985,4.92,4.95,4.9,4.94,14252200,70274097.0
2019-12-12,sh.601985,4.92,4.98,4.92,4.96,15835850,78439171.0
2019-12-13,sh.601985,4.97,5.07,4.96,5.02,41014320,206145286.0
2019-12-16,sh.601985,5.05,5.11,5.03,5.09,25428940,129092844.0
2019-12-17,sh.601985,5.1,5.18,5.09,5.14,29179461,149982950.0
2019-12-18,sh.601985,5.17,5.19,5.11,5.14,29108613,149951640.0
2019-12-19,sh.601985,5.15,5.18,5.11,5.13,19311777,99167697.0
2019-12-20,sh.601985,5.13,5.16,5.12,5.12,16508708,84718707.0
2019-12-23,sh.601985,5.1,5.12,5.04,5.06,19556100,99387581.0
2019-12-24,sh.601985,5.06,5.08,5.04,5.07,11926568,60396026.0
2019-12-25,sh.601985,5.07,5.07,4.97,4.98,34667919,173148578.0
2019-12-26,sh.601985,4.98,5.02,4.96,4.99,15377954,76687424.0
2019-12-27,sh.601985,5.0,5.05,4.99,5.01,20889200,104904551.0
2019-12-30,sh.601985,5.0,5.04,4.98,5.01,32892416,164490642.0
2019-12-31,sh.601985,5.02,5.03,4.99,5.0,26872606,134435034.0
2020-01-02,sh.601985,5.03,5.1,5.02,5.09,30741092,156008479.0
2020-01-03,sh.601985,5.09,5.12,5.08,5.09,20997136,107042182.0
2020-01-06,sh.601985,5.09,5.15,5.07,5.13,31548873,161431421.0
2020-01-07,sh.601985,5.14,5.17,5.12,5.14,21146331,108807721.0
2020-01-08,sh.601985,5.12,5.13,5.05,5.07,22304056,113501341.0
2020-01-09,sh.601985,5.09,5.15,5.08,5.12,25955979,132623232.0
2020-01-10,sh.601985,5.12,5.12,5.06,5.08,17264777,87757152.0
2020-01-13,sh.601985,5.07,5.07,5.02,5.06,17643169,89025143.0
2020-01-14,sh.601985,5.06,5.09,5.05,5.07,19729700,100021315.0
2020-01-15,sh.601985,5.07,5.07,5.02,5.03,12936865,65145811.0
2020-01-16,sh.601985,5.03,5.04,4.99,5.0,16216935,81252028.0
2020-01-17,sh.601985,5.01,5.02,4.98,4.99,14023307,70078824.0
2020-01-20,sh.601985,4.99,5.0,4.96,5.0,18948728,94390867.0
2020-01-21,sh.601985,5.0,5.0,4.94,4.94,19229600,95409859.0
2020-01-22,sh.601985,4.94,4.94,4.87,4.92,19581557,95982150.0
2020-01-23,sh.601985,4.9,4.91,4.82,4.85,26289493,127788817.0
2020-02-03,sh.601985,4.38,4.55,4.37,4.43,80923163,356023360.0
2020-02-04,sh.601985,4.39,4.56,4.39,4.53,45023414,203060687.0
2020-02-05,sh.601985,4.52,4.61,4.49,4.55,33857112,154238039.0
2020-02-06,sh.601985,4.55,4.59,4.49,4.58,30154380,136830280.0
2020-02-07,sh.601985,4.55,4.64,4.51,4.6,24918702,113183319.0
2020-02-10,sh.601985,4.57,4.61,4.54,4.61,24124581,110560085.0
2020-02-11,sh.601985,4.61,4.65,4.58,4.61,21634652,99885663.0
2020-02-12,sh.601985,4.59,4.62,4.58,4.62,17515090,80560022.0
2020-02-13,sh.601985,4.62,4.62,4.57,4.59,21263796,97667466.0
2020-02-14,sh.601985,4.57,4.6,4.55,4.58,16376234,74918776.0
2020-02-17,sh.601985,4.57,4.69,4.56,4.68,32506952,150908902.0
2020-02-18,sh.601985,4.68,4.83,4.68,4.8,43738552,208921977.0
2020-02-19,sh.601985,4.78,4.79,4.75,4.76,22462759,107080648.0
2020-02-20,sh.601985,4.77,4.8,4.73,4.8,23702228,112967568.0
2020-02-21,sh.601985,4.81,4.81,4.76,4.78,28031139,133960750.0
2020-02-24,sh.601985,4.78,4.78,4.69,4.72,30395598,143716245.0
2020-02-25,sh.601985,4.68,4.68,4.58,4.64,37255893,172607667.0
2020-02-26,sh.601985,4.6,4.79,4.57,4.71,53604859,251562086.0
2020-02-27,sh.601985,4.7,4.73,4.66,4.68,32614438,152973058.0
2020-02-28,sh.601985,4.59,4.64,4.58,4.59,46954790,216306845.0
2020-03-02,sh.601985,4.57,4.79,4.57,4.77,55402836,260935919.0
2020-03-03,sh.601985,4.8,4.83,4.73,4.77,48335832,230661789.0
2020-03-04,sh.601985,4.78,4.84,4.76,4.8,41608290,199778924.0
2020-03-05,sh.601985,4.85,4.96,4.8,4.9,70239847,343674503.0
2020-03-06,sh.601985,4.87,4.88,4.8,4.81,44302099,214118585.0
2020-03-09,sh.601985,4.75,4.77,4.69,4.69,36352061,171525627.0
2020-03-10,sh.601985,4.65,4.74,4.62,4.74,36136786,169772392.0
2020-03-11,sh.601985,4.74,4.77,4.68,4.68,28370701,133910433.0
2020-03-12,sh.601985,4.65,4.67,4.62,4.62,24392790,113022507.0
2020-03-13,sh.601985,4.55,4.58,4.47,4.55,42870667,193866138.0
2020-03-16,sh.601985,4.58,4.6,4.46,4.48,34948506,158490783.0
2020-03-17,sh.601985,4.47,4.53,4.44,4.52,30440383,136481128.0
2020-03-18,sh.601985,4.51,4.54,4.47,4.47,33391866,150639483.0
2020-03-19,sh.601985,4.45,4.48,4.37,4.43,42242890,186884716.0
2020-03-20,sh.601985,4.45,4.48,4.4,4.44,29609447,131362205.0
2020-03-23,sh.601985,4.4,4.4,4.33,4.34,28134412,122682429.0
2020-03-24,sh.601985,4.36,4.4,4.32,4.4,25446409,111263835.0
2020-03-25,sh.601985,4.45,4.47,4.42,4.46,21943862,97574439.0
2020-03-26,sh.601985,4.44,4.46,4.42,4.43,16269293,72163097.0
2020-03-27,sh.601985,4.46,4.49,4.44,4.46,17159526,76628066.0
2020-03-30,sh.601985,4.42,4.43,4.37,4.38,19128854,84057234.0
2020-03-31,sh.601985,4.42,4.44,4.38,4.4,12902985,56896639.0
2020-04-01,sh.601985,4.39,4.44,4.37,4.37,13243522,58298352.0
2020-04-02,sh.601985,4.35,4.41,4.35,4.41,12746575,55862626.0
2020-04-03,sh.601985,4.42,4.42,4.38,4.39,8341149,36662645.0
2020-04-07,sh.601985,4.43,4.49,4.43,4.48,24517379,109410820.0
2020-04-08,sh.601985,4.48,4.5,4.45,4.49,18070312,80876869.0
2020-04-09,sh.601985,4.49,4.52,4.47,4.47,12069084,54260130.0
2020-04-10,sh.601985,4.49,4.49,4.43,4.44,12081009,53867525.0
2020-04-13,sh.601985,4.42,4.47,4.41,4.45,10478246,46545788.0
2020-04-14,sh.601985,4.44,4.48,4.43,4.47,13914730,62025435.0
2020-04-15,sh.601985,4.48,4.51,4.45,4.45,19252350,86316635.0
2020-04-16,sh.601985,4.45,4.48,4.43,4.47,11843699,52802608.0
2020-04-17,sh.601985,4.47,4.48,4.45,4.45,13592591,60702096.0
2020-04-20,sh.601985,4.45,4.49,4.43,4.48,18835614,84131540.0
2020-04-21,sh.601985,4.48,4.5,4.43,4.49,22862281,102295096.0
2020-04-22,sh.601985,4.48,4.49,4.45,4.46,13564199,60531751.0
2020-04-23,sh.601985,4.46,4.48,4.39,4.41,22882021,101408101.0
2020-04-24,sh.601985,4.4,4.41,4.32,4.34,23797862,103453613.0
2020-04-27,sh.601985,4.34,4.36,4.32,4.34,17748030,77021444.0
2020-04-28,sh.601985,4.33,4.35,4.22,4.25,23182911,98934699.0
2020-04-29,sh.601985,4.25,4.28,4.23,4.26,11344060,48321697.0
2020-04-30,sh.601985,4.27,4.34,4.26,4.33,19333399,83233808.0
2020-05-06,sh.601985,4.31,4.36,4.28,4.35,21328130,92254434.0
2020-05-07,sh.601985,4.35,4.35,4.3,4.31,17301249,74739224.0
2020-05-08,sh.601985,4.32,4.36,4.28,4.34,29808677,128934768.0
2020-05-11,sh.601985,4.34,4.36,4.31,4.32,22647622,98271129.0
2020-05-12,sh.601985,4.32,4.34,4.29,4.3,16699656,71983433.0
2020-05-13,sh.601985,4.28,4.3,4.27,4.29,17204873,73658899.0
2020-05-14,sh.601985,4.27,4.28,4.23,4.24,17214087,73184256.0
2020-05-15,sh.601985,4.25,4.28,4.24,4.24,10849148,46131651.0
2020-05-18,sh.601985,4.24,4.27,4.22,4.24,15126803,64228848.0
2020-05-19,sh.601985,4.25,4.27,4.24,4.25,11404356,48499846.0
2020-05-20,sh.601985,4.25,4.25,4.22,4.23,11420636,48325730.0
2020-05-21,sh.601985,4.24,4.24,4.18,4.18,20794490,87465142.0
2020-05-22,sh.601985,4.18,4.19,4.08,4.1,29522281,121763732.0
2020-05-25,sh.601985,4.1,4.12,4.08,4.09,12834600,52559642.0
2020-05-26,sh.601985,4.09,4.11,4.08,4.1,19546478,80023771.0
2020-05-27,sh.601985,4.09,4.1,4.07,4.07,15589825,63638853.0
2020-05-28,sh.601985,4.08,4.1,4.06,4.08,17175088,70072187.0
2020-05-29,sh.601985,4.08,4.08,4.03,4.03,30931052,124990422.0
2020-06-01,sh.601985,4.03,4.11,4.02,4.11,30295414,123502548.0
2020-06-02,sh.601985,4.1,4.18,4.09,4.16,31843973,131844094.0
2020-06-03,sh.601985,4.16,4.17,4.12,4.13,19467526,80619767.0
2020-06-04,sh.601985,4.14,4.14,4.08,4.09,16863250,69237828.0
2020-06-05,sh.601985,4.1,4.13,4.07,4.12,16004807,65568551.0
2020-06-08,sh.601985,4.12,4.14,4.11,4.12,15721797,64894959.0
2020-06-09,sh.601985,4.13,4.14,4.11,4.14,14581882,60209684.0
2020-06-10,sh.601985,4.14,4.14,4.09,4.11,18082154,74291527.0
2020-06-11,sh.601985,4.11,4.14,4.07,4.08,20103834,82446296.0
2020-06-12,sh.601985,4.04,4.08,4.03,4.07,29488560,119472715.0
2020-06-15,sh.601985,4.05,4.08,4.04,4.04,23426330,95081830.0
2020-06-16,sh.601985,4.06,4.08,4.05,4.08,13947204,56689148.0
2020-06-17,sh.601985,4.08,4.1,4.06,4.09,16590615,67743573.0
2020-06-18,sh.601985,4.09,4.16,4.09,4.14,29095664,120272187.0
2020-06-19,sh.601985,4.14,4.16,4.12,4.14,25397536,105199845.0
2020-06-22,sh.601985,4.14,4.16,4.12,4.12,20498556,84816389.0
2020-06-23,sh.601985,4.12,4.13,4.09,4.09,16607500,68117904.0
2020-06-24,sh.601985,4.1,4.12,4.09,4.12,14807309,60786827.0
2020-06-29,sh.601985,4.11,4.12,4.07,4.09,16042708,65631678.0
2020-06-30,sh.601985,4.09,4.11,4.08,4.09,17343124,70993489.0
2020-07-01,sh.601985,4.09,4.15,4.08,4.15,31975791,131681118.0
2020-07-02,sh.601985,4.14,4.24,4.13,4.22,53353838,223566662.0
2020-07-03,sh.601985,4.25,4.37,4.25,4.33,74131405,319172963.0
2020-07-06,sh.601985,4.35,4.55,4.33,4.53,136569808,608629921.0
2020-07-07,sh.601985,4.58,4.66,4.47,4.47,111918805,507742115.0
2020-07-08,sh.601985,4.45,4.57,4.43,4.55,94179694,423635878.0
2020-07-09,sh.601985,4.55,4.68,4.53,4.65,96192570,442794804.0
2020-07-10,sh.601985,4.65,4.66,4.53,4.53,76467461,351162150.0
2020-07-13,sh.601985,4.53,4.63,4.53,4.61,66642496,305734990.0
2020-07-14,sh.601985,4.61,4.68,4.57,4.66,88440149,409170361.0
2020-07-15,sh.601985,4.65,4.67,4.54,4.57,59127869,271672018.0
2020-07-16,sh.601985,4.56,4.64,4.45,4.45,66577247,303329168.0
2020-07-17,sh.601985,4.35,4.37,4.28,4.31,43973959,190193525.0
2020-07-20,sh.601985,4.32,4.49,4.32,4.48,56717172,251562085.0
2020-07-21,sh.601985,4.5,4.51,4.42,4.44,38189327,170351865.38
2020-07-22,sh.601985,4.45,4.49,4.4,4.44,37776314,168188049.08
2020-07-23,sh.601985,4.42,4.45,4.33,4.42,49845419,218733034.5
2020-07-24,sh.601985,4.4,4.42,4.28,4.31,45233822,196258297.28
2020-07-27,sh.601985,4.29,4.37,4.28,4.31,29679536,128073051.05
2020-07-28,sh.601985,4.32,4.35,4.28,4.29,23202844,100063285.91
2020-07-29,sh.601985,4.3,4.36,4.27,4.35,30138585,130614978.4
2020-07-30,sh.601985,4.36,4.38,4.33,4.35,23304503,101264652.86
2020-07-31,sh.601985,4.35,4.39,4.32,4.34,32046589,139507861.84
2020-08-03,sh.601985,4.36,4.43,4.34,4.42,45563675,200394247.38
2020-08-04,sh.601985,4.44,4.45,4.39,4.42,37772190,166845340.97
2020-08-05,sh.601985,4.42,4.43,4.37,4.38,32968471,144672812.49
2020-08-06,sh.601985,4.38,4.4,4.31,4.38,41851119,182117409.78
2020-08-07,sh.601985,4.37,4.37,4.3,4.33,31777261,137454257.89
2020-08-10,sh.601985,4.33,4.5,4.31,4.46,72564083,321263582.88
2020-08-11,sh.601985,4.49,4.79,4.46,4.58,157676736,732377327.08
2020-08-12,sh.601985,4.56,4.73,4.51,4.68,128680121,596667226.48
2020-08-13,sh.601985,4.66,4.66,4.54,4.58,74082435,339855079.83
2020-08-14,sh.601985,4.55,4.55,4.48,4.54,53049818,239326986.14
2020-08-17,sh.601985,4.55,4.59,4.51,4.58,46683950,212909825.86
2020-08-18,sh.601985,4.59,4.67,4.56,4.61,53163991,244745892.22
2020-08-19,sh.601985,4.6,4.7,4.54,4.62,74639479,345430581.49
2020-08-20,sh.601985,4.59,4.62,4.51,4.53,43590381,198769199.53
2020-08-21,sh.601985,4.67,4.75,4.63,4.7,112582627,527883030.33
2020-08-24,sh.601985,4.68,4.82,4.66,4.74,71719534,340615352.89
2020-08-25,sh.601985,4.78,4.78,4.63,4.64,50194743,234876311.47
2020-08-26,sh.601985,4.64,4.66,4.55,4.57,41515420,190885299.42
2020-08-27,sh.601985,4.58,4.63,4.53,4.6,29157895,134135671.3
2020-08-28,sh.601985,4.6,4.62,4.54,4.61,35340147,161879334.15
2020-08-31,sh.601985,4.6,4.72,4.59,4.66,51909932,241559552.62
2020-09-01,sh.601985,4.65,4.71,4.61,4.67,32736836,152684919.55
2020-09-02,sh.601985,4.68,4.71,4.6,4.66,34667937,161002425.16
2020-09-03,sh.601985,4.73,4.97,4.73,4.83,154811802,750771446.17
2020-09-04,sh.601985,4.7,4.77,4.65,4.73,74715890,351592616.99
2020-09-07,sh.601985,4.77,4.79,4.63,4.63,59994775,282251197.54
2020-09-08,sh.601985,4.65,4.69,4.58,4.68,42631262,197905402.79
2020-09-09,sh.601985,4.63,4.73,4.61,4.65,41491408,194278715.1
2020-09-10,sh.601985,4.68,4.69,4.56,4.57,44155283,203310122.28
2020-09-11,sh.601985,4.55,4.57,4.48,4.54,30863486,139562313.72
2020-09-14,sh.601985,4.55,4.59,4.54,4.57,22183673,101191474.61
2020-09-15,sh.601985,4.58,4.59,4.52,4.55,18006519,81949863.97
2020-09-16,sh.601985,4.53,4.6,4.49,4.56,24402100,111101638.0
2020-09-17,sh.601985,4.56,4.57,4.51,4.53,17189106,77970477.76
2020-09-18,sh.601985,4.53,4.61,4.52,4.61,27406453,125511929.42
2020-09-21,sh.601985,4.61,4.62,4.57,4.58,19428200,89152786.0
2020-09-22,sh.601985,4.55,4.57,4.51,4.51,23685861,107494396.17
2020-09-23,sh.601985,4.53,4.54,4.44,4.46,28350037,127159660.38
2020-09-24,sh.601985,4.45,4.46,4.37,4.39,30141282,132527319.37
2020-09-25,sh.601985,4.4,4.41,4.36,4.38,18948301,83050711.86
2020-09-28,sh.601985,4.38,4.43,4.37,4.41,21086521,93038375.92
2020-09-29,sh.601985,4.42,4.44,4.41,4.42,15274387,67542556.06
2020-09-30,sh.601985,4.43,4.44,4.35,4.39,17894369,78576981.81
2020-10-09,sh.601985,4.43,4.48,4.42,4.46,18933765,84386961.67
2020-10-12,sh.601985,4.48,4.56,4.47,4.55,26839043,121648943.02
2020-10-13,sh.601985,4.55,4.55,4.5,4.52,17240465,77889517.22
2020-10-14,sh.601985,4.53,4.63,4.48,4.6,43309354,197821355.95
2020-10-15,sh.601985,4.58,4.59,4.55,4.56,20297936,92750942.59
2020-10-16,sh.601985,4.56,4.6,4.55,4.59,25998687,119072975.42
2020-10-19,sh.601985,4.57,4.61,4.5,4.5,37833633,171768238.16
2020-10-20,sh.601985,4.49,4.55,4.49,4.54,18060849,81588672.54
2020-10-21,sh.601985,4.53,4.54,4.49,4.53,15103994,68087826.22
2020-10-22,sh.601985,4.52,4.52,4.47,4.49,15928290,71472768.2
2020-10-23,sh.601985,4.49,4.51,4.45,4.47,19611400,87745607.0
2020-10-26,sh.601985,4.48,4.48,4.44,4.46,14235869,63391310.64
2020-10-27,sh.601985,4.45,4.48,4.42,4.44,17370705,77152322.58
2020-10-28,sh.601985,4.44,4.45,4.39,4.45,18016911,79686781.6
2020-10-29,sh.601985,4.44,4.53,4.43,4.5,43188716,194272831.5
2020-10-30,sh.601985,4.5,4.54,4.41,4.43,34503508,154642630.63
2020-11-02,sh.601985,4.45,4.61,4.44,4.61,78391248,357942184.86
2020-11-03,sh.601985,4.62,4.63,4.57,4.61,38933790,178938428.34
2020-11-04,sh.601985,4.61,4.62,4.57,4.6,23501235,107834834.52
2020-11-05,sh.601985,4.61,4.64,4.57,4.64,36445968,168099329.51
2020-11-06,sh.601985,4.62,4.66,4.59,4.66,36925684,170802664.37
2020-11-09,sh.601985,4.66,4.71,4.65,4.7,45817640,214821882.57
2020-11-10,sh.601985,4.71,4.75,4.63,4.67,33547558,157294359.21
2020-11-11,sh.601985,4.66,4.72,4.64,4.67,32881346,153998227.32
2020-11-12,sh.601985,4.66,4.7,4.61,4.62,25562316,118685636.22
2020-11-13,sh.601985,4.6,4.62,4.54,4.57,24030092,109720713.69
2020-11-16,sh.601985,4.59,4.73,4.58,4.73,48058313,225020859.26
2020-11-17,sh.601985,4.72,4.72,4.67,4.71,27384125,128607527.46
2020-11-18,sh.601985,4.7,4.72,4.67,4.7,29116871,136691557.25
2020-11-19,sh.601985,4.68,4.71,4.66,4.68,22168561,103816584.48
2020-11-20,sh.601985,4.67,4.72,4.65,4.68,29014445,135685418.16
2020-11-23,sh.601985,4.67,4.76,4.64,4.73,54805335,258151502.79
2020-11-24,sh.601985,4.72,4.77,4.71,4.73,36731356,174002476.67
2020-11-25,sh.601985,4.74,4.76,4.68,4.69,40659845,192447885.17
2020-11-26,sh.601985,4.69,4.81,4.68,4.79,65492767,312363437.56
2020-11-27,sh.601985,4.8,4.96,4.77,4.85,96162412,467546724.66
2020-11-30,sh.601985,4.85,5.03,4.82,4.91,119687006,591680275.0
2020-12-01,sh.601985,4.9,4.92,4.83,4.92,61330094,299440137.7
2020-12-02,sh.601985,4.94,4.97,4.88,4.91,49936598,245418823.64
2020-12-03,sh.601985,4.89,4.9,4.82,4.84,47570555,230314564.1
2020-12-04,sh.601985,4.83,4.84,4.76,4.83,33635761,161308906.87
2020-12-07,sh.601985,4.83,4.85,4.74,4.74,36022359,172124820.27
2020-12-08,sh.601985,4.73,4.77,4.73,4.74,30218242,143481098.85
2020-12-09,sh.601985,4.74,4.79,4.69,4.69,28990365,137603121.71
2020-12-10,sh.601985,4.7,4.71,4.65,4.67,27560751,128731160.36
2020-12-11,sh.601985,4.67,4.71,4.61,4.67,37559919,174764215.68
2020-12-14,sh.601985,4.69,4.71,4.64,4.65,23298157,108826625.13
2020-12-15,sh.601985,4.65,4.7,4.61,4.67,24088179,111884009.57
2020-12-16,sh.601985,4.69,4.7,4.62,4.63,20037017,93492552.96
2020-12-17,sh.601985,4.64,4.74,4.62,4.74,32182585,151029431.21
2020-12-18,sh.601985,4.75,4.92,4.75,4.85,81578312,395865442.37
2020-12-21,sh.601985,4.85,4.89,4.8,4.82,49884420,241656439.66
2020-12-22,sh.601985,4.82,4.89,4.74,4.76,49440886,238427156.15
2020-12-23,sh.601985,4.75,4.99,4.75,4.93,82402133,403767059.38
2020-12-24,sh.601985,4.92,4.97,4.82,4.91,54262124,265539628.29
2020-12-25,sh.601985,4.88,5.09,4.86,5.05,120409847,602628045.03
2020-12-28,sh.601985,5.05,5.13,4.96,5.03,97516614,491251313.83
2020-12-29,sh.601985,5.03,5.03,4.87,4.9,76417763,376344628.13
2020-12-30,sh.601985,4.89,4.95,4.83,4.86,56332563,275390838.49
2020-12-31,sh.601985,4.87,4.98,4.87,4.92,50331853,247609319.19
2021-01-04,sh.601985,4.92,4.95,4.85,4.95,59586847,292189486.07
2021-01-05,sh.601985,4.87,4.89,4.75,4.86,89455051,432078255.18
2021-01-06,sh.601985,4.85,5.04,4.81,5.01,101471324,502200169.66
2021-01-07,sh.601985,4.97,5.08,4.92,5.02,83411322,417081859.12
2021-01-08,sh.601985,5.04,5.08,4.96,5.02,72844880,364681682.44
2021-01-11,sh.601985,4.99,4.99,4.84,4.85,69394866,340559630.72
2021-01-12,sh.601985,4.83,4.91,4.81,4.89,58988906,286067957.98
2021-01-13,sh.601985,4.85,5.35,4.82,5.25,221119235,1133875813.09
2021-01-14,sh.601985,5.19,5.68,5.16,5.41,245891776,1334560021.01
2021-01-15,sh.601985,5.37,5.37,5.17,5.2,132533445,696251195.7
2021-01-18,sh.601985,5.18,5.27,5.16,5.22,85172183,444550766.05
2021-01-19,sh.601985,5.21,5.22,5.08,5.1,81925038,420041327.82
2021-01-20,sh.601985,5.09,5.14,5.06,5.1,49283781,250987745.81
2021-01-21,sh.601985,5.08,5.16,5.06,5.13,60790855,310771980.68
2021-01-22,sh.601985,5.11,5.11,4.97,4.98,67854800,340692239.9
2021-01-25,sh.601985,4.95,5.07,4.92,5.05,63727806,318328687.21
2021-01-26,sh.601985,5.0,5.11,5.0,5.04,61353736,310837912.47
2021-01-27,sh.601985,5.03,5.09,4.99,5.03,54434612,274070210.89
2021-01-28,sh.601985,4.98,5.2,4.95,5.09,92571064,473535113.06
2021-01-29,sh.601985,5.11,5.23,5.03,5.15,94121665,483297678.2
2021-02-01,sh.601985,5.23,5.32,5.1,5.19,110271233,573745502.53
2021-02-02,sh.601985,5.15,5.19,5.06,5.09,66758344,342110935.17
2021-02-03,sh.601985,5.08,5.08,4.95,4.95,69878747,350548693.26
2021-02-04,sh.601985,4.92,4.94,4.59,4.72,125632100,597743893.12
2021-02-05,sh.601985,4.71,4.74,4.63,4.7,47809879,223789246.21
2021-02-08,sh.601985,4.69,4.77,4.66,4.76,34039053,160993909.53
2021-02-09,sh.601985,4.77,4.84,4.76,4.83,38916519,186674089.44
2021-02-10,sh.601985,4.82,4.86,4.8,4.82,30718812,148119542.47
2021-02-18,sh.601985,4.88,4.94,4.84,4.91,48144262,235096710.39
2021-02-19,sh.601985,4.89,5.03,4.88,5.03,48869128,243037519.18
2021-02-22,sh.601985,5.03,5.26,5.03,5.19,105408993,545075866.0
2021-02-23,sh.601985,5.18,5.24,5.09,5.12,63359412,326247090.45
2021-02-24,sh.601985,5.11,5.22,5.11,5.18,70799082,365599633.14
2021-02-25,sh.601985,5.2,5.32,5.17,5.27,81502551,428574549.51
2021-02-26,sh.601985,5.2,5.24,5.08,5.17,67629918,348663663.43
2021-03-01,sh.601985,5.17,5.18,5.05,5.11,64273881,328276667.2
2021-03-02,sh.601985,5.13,5.3,5.1,5.17,74116853,385328964.97
2021-03-03,sh.601985,5.18,5.28,5.13,5.26,58846703,306679594.36
2021-03-04,sh.601985,5.22,5.34,5.18,5.23,65531021,344286511.31
2021-03-05,sh.601985,5.23,5.29,5.13,5.22,54908110,286033717.3
2021-03-08,sh.601985,5.37,5.58,5.37,5.43,178582215,977850165.35
2021-03-09,sh.601985,5.4,5.5,5.2,5.32,128848677,689624653.1
2021-03-10,sh.601985,5.35,5.42,5.24,5.28,78784667,418860684.29
2021-03-11,sh.601985,5.26,5.36,5.2,5.33,75361082,398676260.11
2021-03-12,sh.601985,5.32,5.77,5.27,5.6,225113390,1249933033.87
2021-03-15,sh.601985,5.57,5.77,5.5,5.64,164077352,922646077.64
2021-03-16,sh.601985,5.67,5.74,5.52,5.66,138083579,778088809.35
2021-03-17,sh.601985,5.61,5.61,5.43,5.46,111644091,612731408.96
2021-03-18,sh.601985,5.46,5.58,5.43,5.48,88748782,488539211.91
2021-03-19,sh.601985,5.43,5.57,5.38,5.49,97910879,536942153.57
2021-03-22,sh.601985,5.55,5.73,5.51,5.71,143713425,814111729.26
2021-03-23,sh.601985,5.73,5.74,5.5,5.52,109976944,613545409.02
2021-03-24,sh.601985,5.48,5.69,5.46,5.65,108865232,608952818.7
2021-03-25,sh.601985,5.61,5.62,5.36,5.37,115001286,625567838.46
2021-03-26,sh.601985,5.37,5.52,5.35,5.48,79557172,434899521.07
2021-03-29,sh.601985,5.44,5.58,5.43,5.5,63904357,352042635.79
2021-03-30,sh.601985,5.47,5.48,5.33,5.39,74622568,400790058.19
2021-03-31,sh.601985,5.38,5.57,5.34,5.5,91005358,500225738.85
2021-04-01,sh.601985,5.48,5.54,5.42,5.45,53354686,291313084.94
2021-04-02,sh.601985,5.49,5.5,5.31,5.32,78850935,424188952.28
2021-04-06,sh.601985,5.32,5.36,5.26,5.34,42022651,223553659.71
2021-04-07,sh.601985,5.34,5.44,5.33,5.4,53431306,288111893.48
2021-04-08,sh.601985,5.38,5.39,5.32,5.34,39060201,208636445.59
2021-04-09,sh.601985,5.31,5.35,5.27,5.28,47049441,249595222.7
2021-04-12,sh.601985,5.26,5.34,5.24,5.29,43388173,229934616.98
2021-04-13,sh.601985,5.27,5.3,5.22,5.25,34585297,181367341.31
2021-04-14,sh.601985,5.24,5.44,5.23,5.41,77900137,416751194.93
2021-04-15,sh.601985,5.36,5.37,5.24,5.26,57257099,302144800.47
2021-04-16,sh.601985,5.25,5.36,5.23,5.33,47721082,252779475.15
2021-04-19,sh.601985,5.28,5.34,5.28,5.32,40026007,212651408.85
2021-04-20,sh.601985,5.33,5.34,5.29,5.31,28728943,152544783.43
2021-04-21,sh.601985,5.29,5.3,5.24,5.24,32613907,171374633.19
2021-04-22,sh.601985,5.26,5.28,5.23,5.24,22237500,116825268.84
2021-04-23,sh.601985,5.25,5.27,5.1,5.1,58253307,300647366.95
2021-04-26,sh.601985,5.1,5.19,5.08,5.11,42750383,219543215.53
2021-04-27,sh.601985,5.15,5.16,5.04,5.07,37842871,192442478.04
2021-04-28,sh.601985,5.1,5.25,5.08,5.24,53977066,280487426.51
2021-04-29,sh.601985,5.23,5.26,5.19,5.23,32021854,167260339.83
2021-04-30,sh.601985,5.23,5.24,5.15,5.22,30800580,159969324.78
2021-05-06,sh.601985,5.17,5.27,5.17,5.23,33022211,172857551.09
2021-05-07,sh.601985,5.23,5.39,5.23,5.36,67016412,357609744.34
2021-05-10,sh.601985,5.35,5.38,5.32,5.37,41376546,221315404.85
2021-05-11,sh.601985,5.36,5.41,5.33,5.34,33106196,177349077.18
2021-05-12,sh.601985,5.34,5.35,5.28,5.33,34201240,181895660.94
2021-05-13,sh.601985,5.32,5.38,5.29,5.3,33161292,176755448.59
2021-05-14,sh.601985,5.33,5.38,5.31,5.35,33669312,179894078.24
2021-05-17,sh.601985,5.34,5.41,5.31,5.37,39737548,213449010.95
2021-05-18,sh.601985,5.39,5.41,5.35,5.37,33053627,177828105.08
2021-05-19,sh.601985,5.39,5.43,5.35,5.39,41158324,221822228.65
2021-05-20,sh.601985,5.48,5.64,5.36,5.36,102013023,558353209.99
2021-05-21,sh.601985,5.3,5.35,5.21,5.25,67160887,353308904.75
2021-05-24,sh.601985,5.26,5.31,5.18,5.19,58483219,305397339.07
2021-05-25,sh.601985,5.19,5.27,5.14,5.27,44192525,230217867.91
2021-05-26,sh.601985,5.26,5.32,5.23,5.26,36864856,194039213.81
2021-05-27,sh.601985,5.24,5.27,5.23,5.24,28349211,148655109.73
2021-05-28,sh.601985,5.24,5.27,5.2,5.24,29402483,153928423.54
2021-05-31,sh.601985,5.25,5.26,5.16,5.21,36978588,191956307.6
2021-06-01,sh.601985,5.19,5.2,5.14,5.17,37473111,193501988.3
2021-06-02,sh.601985,5.16,5.18,5.14,5.16,30050373,154917894.15
2021-06-03,sh.601985,5.17,5.22,5.15,5.19,34245503,177370021.66
2021-06-04,sh.601985,5.21,5.21,5.14,5.16,24383263,125798500.17
2021-06-07,sh.601985,5.16,5.17,5.1,5.11,31294356,160236510.5
2021-06-08,sh.601985,5.11,5.13,5.09,5.11,23996510,122481217.07
2021-06-09,sh.601985,5.1,5.12,5.08,5.09,29568900,150631862.0
2021-06-10,sh.601985,5.09,5.11,5.07,5.08,23637140,120334374.2
2021-06-11,sh.601985,5.08,5.12,5.07,5.1,31809069,162178094.71
2021-06-15,sh.601985,5.1,5.11,5.0,5.01,38799184,195816855.75
2021-06-16,sh.601985,5.0,5.09,4.94,5.02,48284103,241996568.15
2021-06-17,sh.601985,5.01,5.04,4.97,4.98,25731800,128629103.3
2021-06-18,sh.601985,4.99,5.0,4.94,4.97,28134675,139344617.5
2021-06-21,sh.601985,4.96,4.97,4.9,4.92,31402487,154455307.71
2021-06-22,sh.601985,4.91,4.98,4.91,4.95,23697525,117335269.24
2021-06-23,sh.601985,4.96,5.14,4.96,5.12,61138029,309812447.53
2021-06-24,sh.601985,5.13,5.18,5.07,5.14,46943874,241491802.61
2021-06-25,sh.601985,5.13,5.13,5.08,5.11,30422450,155396262.63
2021-06-28,sh.601985,5.14,5.19,5.09,5.11,33253894,170768291.0
2021-06-29,sh.601985,5.1,5.11,5.04,5.07,25990973,131726219.59
2021-06-30,sh.601985,5.06,5.08,5.03,5.06,17165293,86752066.48
2021-07-01,sh.601985,5.12,5.15,5.06,5.09,36936000,188630568.0
2021-07-02,sh.601985,5.1,5.15,5.03,5.04,42448370,216099931.01
2021-07-05,sh.601985,5.04,5.08,5.0,5.08,25077221,126461971.91
2021-07-06,sh.601985,5.08,5.18,5.04,5.17,50741691,260805041.47
2021-07-07,sh.601985,5.17,5.21,5.12,5.17,40678895,210020250.56
2021-07-08,sh.601985,5.15,5.18,4.96,4.99,112670680,566254824.49
2021-07-09,sh.601985,4.98,4.98,4.92,4.95,56498144,279411096.8
2021-07-12,sh.601985,4.99,5.03,4.92,4.96,63906678,317588461.13
2021-07-13,sh.601985,4.97,4.98,4.92,4.98,58906994,291987269.24
2021-07-14,sh.601985,4.99,5.01,4.92,4.95,57914316,287340314.95
2021-07-15,sh.601985,4.95,4.95,4.84,4.91,60094678,293023532.76
2021-07-16,sh.601985,4.81,4.83,4.75,4.75,42972331,205533816.32
2021-07-19,sh.601985,4.75,4.82,4.7,4.8,44009037,208970581.48
2021-07-20,sh.601985,4.78,4.89,4.76,4.83,62363387,301474831.62
2021-07-21,sh.601985,4.84,4.85,4.77,4.81,43412243,208524857.32
2021-07-22,sh.601985,4.81,4.88,4.8,4.86,44253911,214826514.58
2021-07-23,sh.601985,4.83,4.86,4.81,4.83,36068375,174333793.58
2021-07-26,sh.601985,4.83,4.88,4.8,4.84,48171681,233058804.43
2021-07-27,sh.601985,4.85,4.85,4.74,4.75,56946394,272789060.14
2021-07-28,sh.601985,4.73,4.76,4.62,4.64,42257478,197194174.42
2021-07-29,sh.601985,4.67,4.71,4.63,4.69,35896526,167633998.3
2021-07-30,sh.601985,4.68,4.82,4.66,4.8,40976463,194944430.82
2021-08-02,sh.601985,4.79,4.94,4.73,4.91,94205598,459766695.02
2021-08-03,sh.601985,4.9,4.95,4.88,4.93,80930909,397648474.25
2021-08-04,sh.601985,4.92,4.94,4.89,4.91,47635919,234293734.88
2021-08-05,sh.601985,4.9,5.04,4.9,4.98,73366797,366164524.5
2021-08-06,sh.601985,5.0,5.05,4.95,5.02,62775024,314269289.96
2021-08-09,sh.601985,5.02,5.13,4.96,5.09,94727054,480501130.13
2021-08-10,sh.601985,5.09,5.15,5.06,5.14,77145602,394659426.53
2021-08-11,sh.601985,5.14,5.18,5.07,5.11,75301510,384827558.78
2021-08-12,sh.601985,5.14,5.15,5.09,5.11,54112878,276754271.97
2021-08-13,sh.601985,5.08,5.14,5.04,5.09,62622120,318464038.8
2021-08-16,sh.601985,5.09,5.14,5.05,5.07,44654700,226925220.7
2021-08-17,sh.601985,5.05,5.13,4.97,4.99,74077723,373821120.65
2021-08-18,sh.601985,5.0,5.15,4.99,5.14,98282700,500130072.72
2021-08-19,sh.601985,5.13,5.13,5.06,5.1,68162611,347176152.79
2021-08-20,sh.601985,5.1,5.15,5.06,5.15,90344646,462385064.07
2021-08-23,sh.601985,5.17,5.22,5.11,5.12,88170350,453428478.2
2021-08-24,sh.601985,5.11,5.33,5.08,5.25,158715138,831192330.69
2021-08-25,sh.601985,5.23,5.32,5.16,5.31,117109211,614554318.13
2021-08-26,sh.601985,5.26,5.37,5.26,5.28,85456333,455219582.61
2021-08-27,sh.601985,5.33,5.41,5.28,5.29,95630755,510185527.72
2021-08-30,sh.601985,5.31,5.35,5.19,5.23,113914597,596548142.7
2021-08-31,sh.601985,5.27,5.54,5.25,5.48,200990008,1096633773.92
2021-09-01,sh.601985,5.5,5.68,5.5,5.57,188933512,1058191003.98
2021-09-02,sh.601985,5.6,5.75,5.54,5.71,195906315,1107030253.68
2021-09-03,sh.601985,5.73,5.92,5.65,5.68,236240757,1365966252.94
2021-09-06,sh.601985,5.68,5.95,5.65,5.9,223685290,1305415540.56
2021-09-07,sh.601985,5.85,5.91,5.8,5.89,137884009,808159919.09
2021-09-08,sh.601985,5.9,6.48,5.9,6.48,324467440,2061632972.23
2021-09-09,sh.601985,6.49,7.13,6.36,7.03,722575920,4895602139.46
2021-09-10,sh.601985,6.95,7.33,6.86,6.91,407331552,2863796173.26
2021-09-13,sh.601985,6.95,7.42,6.95,7.22,401961632,2897341167.14
2021-09-14,sh.601985,7.18,7.18,6.69,6.78,356789648,2464914741.23
2021-09-15,sh.601985,6.78,6.92,6.64,6.7,232860644,1570513140.86
2021-09-16,sh.601985,6.86,7.0,6.54,6.62,227601911,1535814976.54
2021-09-17,sh.601985,6.57,7.05,6.55,6.9,351247408,2406343882.26
2021-09-22,sh.601985,6.88,7.59,6.87,7.59,499444640,3707008717.0
2021-09-23,sh.601985,7.79,8.31,7.77,7.87,629779152,5039802397.1
2021-09-24,sh.601985,7.72,7.96,7.49,7.61,347811696,2672475739.7
2021-09-27,sh.601985,7.87,8.0,7.16,7.39,412510576,3104463500.81
2021-09-28,sh.601985,7.23,7.8,7.2,7.7,425023088,3242983737.66
2021-09-29,sh.601985,7.5,7.55,7.09,7.28,366050464,2674110894.4
2021-09-30,sh.601985,7.2,7.37,6.8,7.21,369209520,2622043973.68
2021-10-08,sh.601985,7.3,7.35,6.84,7.12,321349808,2266010975.84
2021-10-11,sh.601985,7.15,7.23,6.72,6.91,224471629,1548777208.27
2021-10-12,sh.601985,6.82,6.95,6.43,6.59,300388512,1987324666.96
2021-10-13,sh.601985,6.58,6.59,6.12,6.27,251564484,1582172225.59
2021-10-14,sh.601985,6.25,6.44,6.16,6.29,197695012,1249901547.75
2021-10-15,sh.601985,6.34,6.49,6.26,6.34,255420499,1626143139.87
2021-10-18,sh.601985,6.41,6.62,6.29,6.58,236939098,1536824602.51
2021-10-19,sh.601985,6.48,6.57,6.35,6.51,189079637,1221996022.76
2021-10-20,sh.601985,6.43,6.72,6.41,6.63,211956576,1405102792.67
2021-10-21,sh.601985,6.63,6.8,6.55,6.66,173003246,1154129776.73
2021-10-22,sh.601985,6.66,6.67,6.43,6.47,164724485,1072641427.18
2021-10-25,sh.601985,6.51,6.88,6.46,6.8,228325203,1542781465.93
2021-10-26,sh.601985,6.82,7.15,6.77,6.93,210047487,1463203768.61
2021-10-27,sh.601985,6.92,7.23,6.86,7.1,208926305,1487763907.84
2021-10-28,sh.601985,7.1,7.28,6.83,7.01,223422216,1580089410.22
2021-10-29,sh.601985,6.91,7.06,6.53,6.85,239076864,1606693477.32
2021-11-01,sh.601985,6.74,6.99,6.68,6.76,172905685,1179865046.61
2021-11-02,sh.601985,6.74,7.25,6.73,6.95,302347472,2123419202.19
2021-11-03,sh.601985,7.0,7.44,6.88,7.19,289697440,2089615903.42
2021-11-04,sh.601985,7.36,7.4,7.05,7.17,225914759,1616709545.43
2021-11-05,sh.601985,7.09,7.11,6.61,6.66,270433824,1850254666.68
2021-11-08,sh.601985,6.66,6.66,6.33,6.55,192800952,1254441736.91
2021-11-09,sh.601985,6.64,6.79,6.49,6.63,158762136,1052643169.75
2021-11-10,sh.601985,6.54,6.58,6.35,6.44,149976376,963280885.84
2021-11-11,sh.601985,6.45,6.57,6.41,6.51,112509305,732156982.19
2021-11-12,sh.601985,6.49,6.54,6.39,6.48,111188518,718353026.76
2021-11-15,sh.601985,6.5,6.51,6.27,6.32,131675505,835204444.39
2021-11-16,sh.601985,6.29,6.31,6.14,6.16,152990994,949607747.93
2021-11-17,sh.601985,6.19,6.25,6.12,6.18,92550142,572000697.15
2021-11-18,sh.601985,6.2,6.27,6.14,6.23,90857440,564730583.36
2021-11-19,sh.601985,6.22,6.53,6.16,6.51,168452665,1075461213.64
2021-11-22,sh.601985,6.6,6.75,6.51,6.62,161016337,1067792860.18
2021-11-23,sh.601985,6.66,6.96,6.66,6.84,182894487,1250980124.64
2021-11-24,sh.601985,6.82,6.83,6.62,6.77,142240847,956519886.34
2021-11-25,sh.601985,6.78,7.03,6.75,6.88,162969387,1124598626.69
2021-11-26,sh.601985,6.84,6.84,6.64,6.69,115663266,776747852.01
2021-11-29,sh.601985,6.56,6.94,6.46,6.85,164052134,1108877509.46
2021-11-30,sh.601985,6.86,7.0,6.8,6.83,142846754,983648811.5
2021-12-01,sh.601985,6.8,7.14,6.73,7.1,196008047,1372665537.54
2021-12-02,sh.601985,7.07,7.11,6.97,7.03,106343043,748390352.1
2021-12-03,sh.601985,7.04,7.26,6.95,7.2,169566170,1213460726.75
2021-12-06,sh.601985,7.21,7.42,7.03,7.07,163214996,1173631185.78
2021-12-07,sh.601985,7.1,7.16,6.95,7.13,129326305,915013197.13
2021-12-08,sh.601985,7.1,7.16,7.0,7.08,112128761,790999367.39
2021-12-09,sh.601985,7.05,7.14,6.93,7.08,125692415,886076455.42
2021-12-10,sh.601985,7.01,7.15,6.88,6.9,136400121,951575589.42
2021-12-13,sh.601985,6.89,7.27,6.88,7.21,203008391,1456885057.42
2021-12-14,sh.601985,7.21,7.22,7.08,7.2,110126370,787181082.67
2021-12-15,sh.601985,7.16,7.41,7.1,7.27,147046725,1067674071.57
2021-12-16,sh.601985,7.3,7.57,7.25,7.49,167558463,1251362372.13
2021-12-17,sh.601985,7.58,7.9,7.46,7.58,234111316,1792328910.56
2021-12-20,sh.601985,7.53,7.62,7.23,7.33,160674381,1188768387.14
2021-12-21,sh.601985,7.35,7.89,7.26,7.74,221790448,1680517419.3
2021-12-22,sh.601985,7.74,7.86,7.62,7.77,161807185,1254763779.69
2021-12-23,sh.601985,7.73,8.18,7.66,8.05,232329926,1862670248.56
2021-12-24,sh.601985,8.25,8.6,8.14,8.25,294563456,2457100197.51
2021-12-27,sh.601985,8.25,8.92,8.25,8.45,298099088,2559439217.91
2021-12-28,sh.601985,8.46,8.46,8.02,8.39,195780683,1617847613.69
2021-12-29,sh.601985,8.39,8.39,7.9,8.03,193830271,1567381072.75
2021-12-30,sh.601985,8.02,8.55,7.98,8.43,218137161,1819735696.37
2021-12-31,sh.601985,8.39,8.71,8.25,8.3,182580055,1540925355.72
2022-01-04,sh.601985,8.32,8.53,8.08,8.16,212400795,1755820890.49
2022-01-05,sh.601985,8.09,8.11,7.48,7.6,261880347,2015998713.54
2022-01-06,sh.601985,7.5,7.84,7.39,7.71,179088425,1365885030.94
2022-01-07,sh.601985,7.71,7.81,7.4,7.43,220447899,1664289762.53
2022-01-10,sh.601985,7.39,7.54,7.33,7.38,133002674,985877119.3
2022-01-11,sh.601985,7.36,7.51,7.35,7.43,110278492,820661156.5
2022-01-12,sh.601985,7.42,7.5,7.32,7.43,90832271,671671601.78
2022-01-13,sh.601985,7.39,7.45,7.2,7.24,142531781,1038393961.83
2022-01-14,sh.601985,7.24,7.4,7.11,7.37,118753419,869502297.54
2022-01-17,sh.601985,7.34,7.51,7.24,7.46,125981008,938237907.72
2022-01-18,sh.601985,7.3,7.68,7.03,7.37,287433408,2099444541.06
2022-01-19,sh.601985,7.24,7.37,7.18,7.22,167157953,1212893984.55
2022-01-20,sh.601985,7.25,7.5,7.18,7.41,222281114,1636046474.51
2022-01-21,sh.601985,7.39,7.53,7.32,7.33,146961730,1089355457.83
2022-01-24,sh.601985,7.32,7.63,7.26,7.54,154346514,1153448983.44
2022-01-25,sh.601985,7.51,7.54,7.17,7.18,145732761,1072961259.63
2022-01-26,sh.601985,7.18,7.41,7.14,7.2,133293247,967968240.0
2022-01-27,sh.601985,7.19,7.29,7.0,7.16,116215946,833306649.33
2022-01-28,sh.601985,7.15,7.2,6.82,7.05,141545731,991270685.59
2022-02-07,sh.601985,7.2,7.3,7.14,7.28,125930662,910523144.74
2022-02-08,sh.601985,7.27,7.6,7.22,7.57,175833276,1304506964.52
2022-02-09,sh.601985,7.56,7.82,7.52,7.73,160760172,1238095148.27
2022-02-10,sh.601985,7.71,7.78,7.65,7.75,127415194,983036715.28
2022-02-11,sh.601985,7.73,7.88,7.65,7.69,107844070,836454147.9
2022-02-14,sh.601985,7.62,7.72,7.36,7.42,146072545,1100001343.57
2022-02-15,sh.601985,7.4,7.47,7.11,7.16,198250608,1434351190.45
2022-02-16,sh.601985,7.2,7.29,7.15,7.18,93291299,672521549.34
2022-02-17,sh.601985,7.15,7.17,7.06,7.09,102313371,726476497.22
2022-02-18,sh.601985,7.05,7.21,7.02,7.17,79949944,571850890.52
2022-02-21,sh.601985,7.19,7.24,7.14,7.2,88039058,632261407.0
2022-02-22,sh.601985,7.15,7.2,6.95,7.06,119429573,842755025.67
2022-02-23,sh.601985,7.07,7.12,6.97,7.02,112057596,785878378.7
2022-02-24,sh.601985,6.99,7.08,6.86,6.96,172638468,1204772840.67
2022-02-25,sh.601985,6.99,7.26,6.91,7.24,184819959,1312992491.0
2022-02-28,sh.601985,7.2,7.52,7.18,7.4,191638745,1415776592.0
2022-03-01,sh.601985,7.47,7.52,7.37,7.48,160129522,1192719952.0
2022-03-02,sh.601985,7.43,7.52,7.38,7.46,131650929,980848656.0
2022-03-03,sh.601985,7.51,7.88,7.5,7.76,244999499,1899183712.0
2022-03-04,sh.601985,7.68,7.88,7.63,7.77,230941507,1794269120.0
2022-03-07,sh.601985,7.78,8.06,7.7,7.73,242411193,1906987280.0
2022-03-08,sh.601985,7.78,7.8,7.42,7.46,236774065,1803022688.0
2022-03-09,sh.601985,7.65,8.05,7.47,7.8,365602992,2841683168.0
2022-03-10,sh.601985,7.88,8.32,7.76,8.24,330947344,2682196560.0
2022-03-11,sh.601985,8.1,8.22,7.91,8.19,261671755,2116119536.0
2022-03-14,sh.601985,8.06,8.14,7.88,7.88,180736517,1447745680.0
2022-03-15,sh.601985,7.8,7.82,7.35,7.37,241220287,1839031920.0
2022-03-16,sh.601985,7.5,8.06,7.3,7.96,227837892,1755543792.0
2022-03-17,sh.601985,8.08,8.3,7.8,7.84,272922736,2178320480.0
2022-03-18,sh.601985,7.81,8.15,7.77,8.03,169603528,1361415917.93
2022-03-21,sh.601985,8.05,8.09,7.86,7.99,132743294,1059275503.76
2022-03-22,sh.601985,7.9,7.97,7.77,7.94,131512019,1036481543.2
2022-03-23,sh.601985,8.04,8.05,7.8,7.87,102032914,807212314.51
2022-03-24,sh.601985,7.79,7.81,7.62,7.68,133950190,1032646169.2
2022-03-25,sh.601985,7.67,7.71,7.37,7.43,139234912,1042801900.54
2022-03-28,sh.601985,7.41,7.65,7.26,7.63,136835797,1025670547.89
2022-03-29,sh.601985,7.82,8.13,7.82,7.99,220455029,1764484161.42
2022-03-30,sh.601985,8.02,8.07,7.91,8.0,139138096,1112672414.57
2022-03-31,sh.601985,7.93,8.24,7.92,8.11,157522223,1272619239.88
2022-04-01,sh.601985,7.98,8.05,7.93,7.99,101219299,808405588.55
2022-04-06,sh.601985,7.95,8.12,7.93,8.1,112363826,900260374.75
2022-04-07,sh.601985,8.05,8.4,8.03,8.12,157108938,1292769608.44
2022-04-08,sh.601985,8.13,8.21,7.97,8.09,126799657,1024378685.9
2022-04-11,sh.601985,8.15,8.23,7.92,7.97,144158687,1163726140.11
2022-04-12,sh.601985,7.92,8.02,7.75,7.99,96828119,766024479.99
2022-04-13,sh.601985,7.93,8.03,7.81,7.86,84637284,670296238.44
2022-04-14,sh.601985,7.9,7.94,7.63,7.68,176062203,1363637256.83
2022-04-15,sh.601985,7.66,7.74,7.57,7.62,98600079,753026708.36
2022-04-18,sh.601985,7.55,7.64,7.28,7.64,138621984,1034437036.12
2022-04-19,sh.601985,7.67,8.09,7.58,7.99,181503177,1436735421.28
2022-04-20,sh.601985,7.97,8.07,7.78,7.88,116381176,918756086.9
2022-04-21,sh.601985,7.98,7.98,7.34,7.39,282439472,2132013053.67
2022-04-22,sh.601985,7.3,7.59,7.21,7.57,133799786,998312743.95
2022-04-25,sh.601985,7.43,7.56,7.23,7.3,144538781,1070264000.72
2022-04-26,sh.601985,7.29,7.31,6.85,6.93,197372479,1387659506.06
2022-04-27,sh.601985,6.86,7.15,6.82,7.15,117723052,823046362.78
2022-04-28,sh.601985,7.15,7.29,6.98,7.17,170038136,1211052155.12
2022-04-29,sh.601985,7.17,7.19,6.97,7.13,194743481,1378370448.66
2022-05-05,sh.601985,7.05,7.27,7.01,7.2,157935564,1126611442.61
2022-05-06,sh.601985,7.05,7.08,6.95,7.02,108443033,762062746.72
2022-05-09,sh.601985,6.92,7.04,6.92,6.97,66238626,462000839.83
2022-05-10,sh.601985,6.9,7.05,6.83,7.03,118248281,821366109.87
2022-05-11,sh.601985,7.01,7.07,6.95,7.02,153380085,1075297204.4
2022-05-12,sh.601985,7.0,7.18,6.97,7.05,131187663,928106132.72
2022-05-13,sh.601985,7.11,7.22,7.05,7.17,129408673,926010150.79
2022-05-16,sh.601985,7.18,7.19,6.97,7.0,113902901,801496452.9
2022-05-17,sh.601985,6.98,7.02,6.88,6.99,86389418,600842950.58
2022-05-18,sh.601985,7.0,7.07,6.91,7.02,111635059,779844125.93
2022-05-19,sh.601985,6.91,6.94,6.82,6.94,141583279,973923139.72
2022-05-20,sh.601985,6.92,7.2,6.91,7.19,183213736,1303181545.52
2022-05-23,sh.601985,7.18,7.25,7.12,7.18,78537028,562555621.06
2022-05-24,sh.601985,7.18,7.29,7.0,7.01,103003800,736046279.56
2022-05-25,sh.601985,7.0,7.15,6.97,7.15,105852490,747471582.82
2022-05-26,sh.601985,7.16,7.44,7.13,7.36,162770208,1188332084.46
2022-05-27,sh.601985,7.35,7.41,7.22,7.28,77590941,567129316.51
2022-05-30,sh.601985,7.26,7.31,7.18,7.25,89207231,644897908.94
2022-05-31,sh.601985,7.26,7.29,7.18,7.26,120668755,873577146.74
2022-06-01,sh.601985,7.25,7.25,7.06,7.15,133450832,953638907.13
2022-06-02,sh.601985,7.1,7.12,7.02,7.05,103318799,729580852.92
2022-06-06,sh.601985,7.05,7.05,6.92,6.97,210153758,1462537174.29
2022-06-07,sh.601985,6.97,7.06,6.92,6.99,158654997,1105849445.12
2022-06-08,sh.601985,6.99,6.99,6.72,6.92,259044168,1778295348.11
2022-06-09,sh.601985,6.85,7.03,6.82,6.99,203747286,1420238665.85
2022-06-10,sh.601985,6.96,7.02,6.9,6.98,169123392,1178237239.06
2022-06-13,sh.601985,6.93,6.98,6.73,6.77,218569508,1488245485.91
2022-06-14,sh.601985,6.72,6.85,6.64,6.83,150479273,1014971094.79
2022-06-15,sh.601985,6.82,7.0,6.74,6.92,227553849,1566408836.24
2022-06-16,sh.601985,6.92,6.99,6.83,6.85,113589259,784279625.61
2022-06-17,sh.601985,6.81,6.82,6.71,6.81,132443868,896168705.26
2022-06-20,sh.601985,6.8,6.83,6.74,6.78,123046069,834167769.84
2022-06-21,sh.601985,6.8,6.95,6.79,6.89,154244623,1063038787.88
2022-06-22,sh.601985,6.89,6.91,6.74,6.74,114050287,775591338.95
2022-06-23,sh.601985,6.72,6.77,6.64,6.73,143037708,955896193.34
2022-06-24,sh.601985,6.73,6.74,6.64,6.7,117792194,787804953.66
2022-06-27,sh.601985,6.7,6.74,6.66,6.71,102871135,689592692.45
2022-06-28,sh.601985,6.71,6.89,6.68,6.88,201020189,1373177847.81
2022-06-29,sh.601985,6.86,6.9,6.79,6.81,101536253,695065274.45
2022-06-30,sh.601985,6.82,6.93,6.75,6.86,135916701,930260799.27
2022-07-01,sh.601985,6.88,7.01,6.85,6.97,140255428,976366979.72
2022-07-04,sh.601985,6.99,7.15,6.96,7.13,148820304,1056562814.69
2022-07-05,sh.601985,7.14,7.2,7.06,7.15,181131140,1293302728.88
2022-07-06,sh.601985,7.16,7.29,6.89,6.92,233901084,1643827936.71
2022-07-07,sh.601985,6.92,7.05,6.87,6.93,147184323,1021716981.24
2022-07-08,sh.601985,6.94,6.95,6.83,6.83,124980188,859551187.03
2022-07-11,sh.601985,6.84,6.99,6.82,6.9,138832441,957921267.11
2022-07-12,sh.601985,6.91,7.03,6.85,6.96,137082065,953298492.67
2022-07-13,sh.601985,6.93,6.97,6.88,6.94,122178291,844977253.68
2022-07-14,sh.601985,6.94,6.95,6.66,6.69,256854891,1729407716.62
2022-07-15,sh.601985,6.56,6.58,6.38,6.4,147096425,955785175.8
2022-07-18,sh.601985,6.37,6.53,6.37,6.48,105295294,680598942.74
2022-07-19,sh.601985,6.47,6.48,6.39,6.45,89863113,578366109.2
2022-07-20,sh.601985,6.46,6.47,6.42,6.45,81635009,526056874.5
2022-07-21,sh.601985,6.42,6.44,6.3,6.3,120313944,764534318.8
2022-07-22,sh.601985,6.3,6.33,6.2,6.23,93131290,582118255.05
2022-07-25,sh.601985,6.23,6.27,6.19,6.21,70506752,438921205.86
2022-07-26,sh.601985,6.21,6.23,6.15,6.18,94501514,582844799.08
2022-07-27,sh.601985,6.16,6.24,6.14,6.22,87158751,540556399.65
2022-07-28,sh.601985,6.24,6.27,6.18,6.2,74843309,465654822.44
2022-07-29,sh.601985,6.19,6.26,6.16,6.17,75756142,470267750.46
2022-08-01,sh.601985,6.14,6.14,6.01,6.04,118859983,719511262.74
2022-08-02,sh.601985,6.0,6.01,5.78,5.87,127906026,753029778.34
2022-08-03,sh.601985,5.85,5.94,5.82,5.83,75218853,442945876.78
2022-08-04,sh.601985,5.86,6.05,5.86,6.04,102594625,613531322.0
2022-08-05,sh.601985,6.06,6.09,5.98,6.09,63030579,380414368.0
2022-08-08,sh.601985,6.08,6.14,6.04,6.11,69316157,422693439.0
2022-08-09,sh.601985,6.12,6.17,6.07,6.15,74909927,458563620.0
2022-08-10,sh.601985,6.15,6.2,6.06,6.11,78193009,478224214.0
2022-08-11,sh.601985,6.12,6.29,6.11,6.25,99238496,618688475.0
2022-08-12,sh.601985,6.26,6.34,6.24,6.3,71510336,450596095.0
2022-08-15,sh.601985,6.3,6.45,6.28,6.41,104670701,668486235.31
2022-08-16,sh.601985,6.42,6.48,6.38,6.41,85718944,551311880.95
2022-08-17,sh.601985,6.42,6.51,6.4,6.49,103148084,667119745.66
2022-08-18,sh.601985,6.47,6.53,6.4,6.42,78440196,505428291.2
2022-08-19,sh.601985,6.41,6.7,6.36,6.63,184933962,1211362602.77
2022-08-22,sh.601985,6.64,6.75,6.62,6.69,134151164,896898058.46
2022-08-23,sh.601985,6.63,6.76,6.61,6.69,94572363,633134555.68
2022-08-24,sh.601985,6.69,6.77,6.59,6.61,112458173,747693083.2
2022-08-25,sh.601985,6.65,6.72,6.63,6.68,82866464,552836166.95
2022-08-26,sh.601985,6.68,6.68,6.47,6.56,148546308,973915132.31
2022-08-29,sh.601985,6.52,6.65,6.48,6.63,103535894,681768327.11
2022-08-30,sh.601985,6.63,6.68,6.42,6.48,84139433,548014092.62
2022-08-31,sh.601985,6.47,6.5,6.33,6.37,88276524,564782330.1
2022-09-01,sh.601985,6.37,6.4,6.27,6.29,67629358,428306606.94
2022-09-02,sh.601985,6.29,6.43,6.29,6.31,70558485,446586271.3
2022-09-05,sh.601985,6.29,6.5,6.27,6.5,98614985,634149527.03
2022-09-06,sh.601985,6.53,6.63,6.45,6.6,105369674,689709496.52
2022-09-07,sh.601985,6.58,6.68,6.53,6.66,88255417,582710833.54
2022-09-08,sh.601985,6.63,6.79,6.61,6.66,115277116,771857386.74
2022-09-09,sh.601985,6.66,6.75,6.62,6.66,83073397,554850360.4
2022-09-13,sh.601985,6.67,6.68,6.51,6.55,85731182,562807437.65
2022-09-14,sh.601985,6.48,6.51,6.38,6.44,85420249,550060664.4
2022-09-15,sh.601985,6.65,6.7,6.43,6.48,245449203,1615263691.83
2022-09-16,sh.601985,6.43,6.48,6.16,6.16,170286640,1071233276.18
2022-09-19,sh.601985,6.15,6.15,6.0,6.08,104589600,634803490.49
2022-09-20,sh.601985,6.11,6.15,6.04,6.06,81620942,495628408.37
2022-09-21,sh.601985,6.04,6.23,5.98,6.16,92010898,563461238.56
2022-09-22,sh.601985,6.13,6.17,6.1,6.13,53002514,324770526.03
2022-09-23,sh.601985,6.13,6.16,5.96,6.05,84839693,513426467.64
2022-09-26,sh.601985,6.0,6.12,5.97,5.97,64723949,391485456.84
2022-09-27,sh.601985,6.0,6.05,5.93,6.04,50233281,301693510.63
2022-09-28,sh.601985,6.04,6.06,5.86,5.86,69086252,409898607.04
2022-09-29,sh.601985,5.92,5.94,5.81,5.88,57676370,338404950.17
2022-09-30,sh.601985,5.84,5.9,5.83,5.85,44891164,262927044.23
2022-10-10,sh.601985,5.85,5.96,5.83,5.86,76678703,451392221.3
2022-10-11,sh.601985,5.87,6.35,5.84,6.29,181855960,1122089327.1
2022-10-12,sh.601985,6.28,6.28,6.12,6.28,99307360,615793709.54
2022-10-13,sh.601985,6.25,6.32,6.21,6.28,61755330,387948885.91
2022-10-14,sh.601985,6.29,6.36,6.25,6.32,79614766,502649064.0
2022-10-17,sh.601985,6.3,6.36,6.17,6.31,63816095,399809556.14
2022-10-18,sh.601985,6.33,6.42,6.28,6.3,65788531,416952261.71
2022-10-19,sh.601985,6.29,6.31,6.17,6.18,61149188,380492846.48
2022-10-20,sh.601985,6.17,6.28,6.13,6.19,66999994,415450866.06
2022-10-21,sh.601985,6.18,6.36,6.17,6.26,73682733,463957253.23
2022-10-24,sh.601985,6.29,6.3,6.14,6.22,90806778,563958065.65
2022-10-25,sh.601985,6.21,6.22,6.06,6.07,81318087,497647528.33
2022-10-26,sh.601985,6.08,6.19,6.07,6.12,59012070,361776513.39
2022-10-27,sh.601985,6.11,6.15,6.04,6.05,56149984,341422309.43
2022-10-28,sh.601985,6.08,6.14,5.91,5.94,80170993,483305291.71
2022-10-31,sh.601985,5.91,6.09,5.87,6.03,70270548,421127685.93
2022-11-01,sh.601985,6.0,6.05,5.94,6.05,81037278,485681942.44
2022-11-02,sh.601985,6.02,6.03,5.95,5.99,91561812,547780718.27
2022-11-03,sh.601985,5.96,5.97,5.87,5.94,85808409,507193394.83
2022-11-04,sh.601985,5.92,6.05,5.9,6.03,89758191,539175810.65
2022-11-07,sh.601985,6.03,6.06,5.99,6.06,71340619,430015677.14
2022-11-08,sh.601985,6.05,6.06,5.97,6.03,61158286,367537226.63
2022-11-09,sh.601985,6.02,6.05,5.98,5.98,46852788,281370182.29
2022-11-10,sh.601985,5.95,5.98,5.93,5.95,51112597,304133899.11
2022-11-11,sh.601985,6.04,6.16,5.98,6.15,139398346,847819690.66
2022-11-14,sh.601985,6.16,6.19,6.07,6.08,73093824,447739112.03
2022-11-15,sh.601985,6.09,6.19,6.07,6.18,66332118,407795259.39
2022-11-16,sh.601985,6.17,6.32,6.16,6.21,90070232,561780536.72
2022-11-17,sh.601985,6.18,6.22,6.13,6.21,54318695,335592612.9
2022-11-18,sh.601985,6.21,6.21,6.13,6.13,77487801,477621760.79
2022-11-21,sh.601985,6.11,6.17,6.09,6.14,55182227,337774266.69
2022-11-22,sh.601985,6.13,6.41,6.11,6.27,145480179,912505312.94
2022-11-23,sh.601985,6.23,6.39,6.2,6.32,125211570,790340918.01
2022-11-24,sh.601985,6.3,6.33,6.25,6.26,65894895,413226698.96
2022-11-25,sh.601985,6.25,6.36,6.21,6.34,91630835,577914658.24
2022-11-28,sh.601985,6.28,6.33,6.15,6.28,98929678,618051293.41
2022-11-29,sh.601985,6.26,6.31,6.21,6.28,88827540,556078084.54
2022-11-30,sh.601985,6.27,6.34,6.23,6.24,82316512,517151757.58
2022-12-01,sh.601985,6.3,6.31,6.24,6.24,66021703,413626167.02
2022-12-02,sh.601985,6.23,6.26,6.21,6.24,49251198,307021458.35
2022-12-05,sh.601985,6.27,6.51,6.27,6.47,177031093,1134964843.88
2022-12-06,sh.601985,6.46,6.46,6.34,6.42,105047572,672379297.44
2022-12-07,sh.601985,6.4,6.41,6.28,6.31,107891712,682264036.84
2022-12-08,sh.601985,6.3,6.32,6.26,6.31,52208980,328359851.25
2022-12-09,sh.601985,6.28,6.31,6.22,6.26,73662194,460347311.52
2022-12-12,sh.601985,6.25,6.25,6.16,6.18,60554149,374818284.93
2022-12-13,sh.601985,6.18,6.23,6.18,6.21,45462515,282094276.34
2022-12-14,sh.601985,6.24,6.26,6.17,6.19,40955052,253963806.2
2022-12-15,sh.601985,6.17,6.2,6.14,6.15,36400063,224007120.09
2022-12-16,sh.601985,6.15,6.21,6.13,6.19,41010015,253497370.7
2022-12-19,sh.601985,6.17,6.22,6.04,6.06,60799389,371159183.95
2022-12-20,sh.601985,6.04,6.08,6.01,6.05,31087143,188038537.67
2022-12-21,sh.601985,6.06,6.07,6.01,6.03,23677841,143080294.62
2022-12-22,sh.601985,6.05,6.06,5.94,5.96,39059287,234367477.54
2022-12-23,sh.601985,5.93,5.99,5.92,5.96,22661559,134951317.75
2022-12-26,sh.601985,5.96,5.99,5.94,5.97,41593035,247899227.12
2022-12-27,sh.601985,5.99,6.01,5.98,6.0,35386264,212204853.1
2022-12-28,sh.601985,5.99,6.09,5.97,6.05,51972999,314572267.3
2022-12-29,sh.601985,6.03,6.04,5.97,5.99,33623771,201719421.12
2022-12-30,sh.601985,6.0,6.03,5.98,6.0,30739469,184547762.48
2023-01-03,sh.601985,6.01,6.1,5.99,6.09,49604302,300517694.06
2023-01-04,sh.601985,6.08,6.1,6.06,6.07,41824722,254270093.25
2023-01-05,sh.601985,6.07,6.11,6.03,6.04,68786781,416759993.79
2023-01-06,sh.601985,6.05,6.07,6.04,6.06,58812207,356148956.92
2023-01-09,sh.601985,6.07,6.1,6.05,6.06,63999435,388488512.28
2023-01-10,sh.601985,6.05,6.08,5.96,5.98,88694414,532275163.85
2023-01-11,sh.601985,6.0,6.02,5.95,5.97,61944219,370526464.4
2023-01-12,sh.601985,5.96,6.0,5.96,5.98,31155364,186180552.02
2023-01-13,sh.601985,5.98,5.99,5.93,5.99,64245534,382828194.4
2023-01-16,sh.601985,5.98,6.03,5.97,6.0,81399379,488089996.89
2023-01-17,sh.601985,6.0,6.02,5.95,5.97,68895628,411216613.12
2023-01-18,sh.601985,5.96,5.99,5.96,5.98,37020251,221309895.4
2023-01-19,sh.601985,5.97,6.0,5.95,6.0,37436004,223527817.05
2023-01-20,sh.601985,5.98,6.02,5.96,6.02,135376937,811463050.09
2023-01-30,sh.601985,6.05,6.07,6.0,6.03,107709693,649251446.19
2023-01-31,sh.601985,6.02,6.06,6.01,6.04,75326186,454763500.07
2023-02-01,sh.601985,6.05,6.09,6.03,6.09,86334915,522947533.22
2023-02-02,sh.601985,6.09,6.1,6.04,6.05,102226619,619053011.95
2023-02-03,sh.601985,6.05,6.05,5.99,6.01,91821938,551824805.16
2023-02-06,sh.601985,5.99,6.04,5.98,6.0,74724295,448263333.35
2023-02-07,sh.601985,6.0,6.02,5.98,6.01,45806885,274903407.76
2023-02-08,sh.601985,6.01,6.02,5.98,5.98,37353248,224001255.0
2023-02-09,sh.601985,5.98,6.01,5.98,6.01,46447927,278546750.35
2023-02-10,sh.601985,6.0,6.03,5.98,6.02,67319828,404301492.58
2023-02-13,sh.601985,6.02,6.04,6.0,6.01,62873156,378092271.53
2023-02-14,sh.601985,6.02,6.03,6.01,6.03,46864883,282077218.32
2023-02-15,sh.601985,6.02,6.03,5.99,5.99,58861828,353207005.29
2023-02-16,sh.601985,5.99,6.02,5.93,5.95,97443661,583330711.91
2023-02-17,sh.601985,5.95,5.97,5.93,5.94,55821966,332224190.38
2023-02-20,sh.601985,5.94,6.0,5.93,6.0,71744081,428150779.49
2023-02-21,sh.601985,6.0,6.05,5.99,6.05,88830967,535013199.6
2023-02-22,sh.601985,6.03,6.08,6.01,6.03,79826860,482379278.41
2023-02-23,sh.601985,6.04,6.06,5.99,6.01,68111383,409652197.79
2023-02-24,sh.601985,6.02,6.03,5.98,5.99,33546549,201115672.3
2023-02-27,sh.601985,5.99,6.06,5.98,6.02,98597936,594898027.96
2023-02-28,sh.601985,6.05,6.08,6.02,6.06,76893521,464750137.1
2023-03-01,sh.601985,6.06,6.23,6.05,6.22,224263016,1383534586.14
2023-03-02,sh.601985,6.24,6.55,6.21,6.42,349903104,2254237035.08
2023-03-03,sh.601985,6.42,6.56,6.37,6.52,221212014,1431900634.87
2023-03-06,sh.601985,6.55,6.64,6.5,6.52,233179825,1529930395.11
2023-03-07,sh.601985,6.49,6.68,6.48,6.49,221754729,1462491906.33
2023-03-08,sh.601985,6.45,6.57,6.43,6.56,125109341,814494381.62
2023-03-09,sh.601985,6.57,6.58,6.47,6.52,77687724,506368040.65
2023-03-10,sh.601985,6.48,6.54,6.44,6.49,86989746,564852869.63
2023-03-13,sh.601985,6.48,6.67,6.45,6.62,139411439,918971677.79
2023-03-14,sh.601985,6.6,6.73,6.56,6.62,143258811,952768420.46
2023-03-15,sh.601985,6.64,6.8,6.52,6.76,180006192,1206713012.45
2023-03-16,sh.601985,6.72,6.8,6.66,6.68,120212394,808223878.9
2023-03-17,sh.601985,6.7,6.85,6.69,6.77,126581973,859089484.33
2023-03-20,sh.601985,6.8,7.02,6.68,6.72,209235211,1436543751.75
2023-03-21,sh.601985,6.76,6.83,6.63,6.65,124001577,829839865.62
2023-03-22,sh.601985,6.69,6.81,6.62,6.75,118788287,800231505.55
2023-03-23,sh.601985,6.73,6.78,6.66,6.76,84149101,565816970.39
2023-03-24,sh.601985,6.77,6.77,6.53,6.56,164251313,1085246645.0
2023-03-27,sh.601985,6.6,6.62,6.43,6.46,112327480,727214959.08
2023-03-28,sh.601985,6.46,6.51,6.39,6.43,86524272,557853077.9
2023-03-29,sh.601985,6.45,6.45,6.32,6.35,81383732,518221135.31
2023-03-30,sh.601985,6.36,6.49,6.35,6.45,78892055,507733685.5
2023-03-31,sh.601985,6.48,6.49,6.37,6.39,55943088,358963720.02
2023-04-03,sh.601985,6.37,6.42,6.33,6.4,64160876,409406893.02
2023-04-04,sh.601985,6.4,6.7,6.38,6.64,159765635,1051740637.93
2023-04-06,sh.601985,6.63,6.65,6.56,6.61,67406275,444716519.86
2023-04-07,sh.601985,6.62,6.62,6.53,6.56,50895100,334016838.16
2023-04-10,sh.601985,6.56,6.64,6.55,6.59,65206726,430382379.28
2023-04-11,sh.601985,6.6,6.61,6.52,6.61,57903002,380648826.7
2023-04-12,sh.601985,6.61,6.8,6.57,6.72,95603697,641795920.65
2023-04-13,sh.601985,6.72,6.85,6.69,6.74,76304486,516005224.85
2023-04-14,sh.601985,6.75,6.82,6.71,6.78,71772610,485978960.42
2023-04-17,sh.601985,6.78,6.9,6.7,6.88,108571139,741135964.98
2023-04-18,sh.601985,6.87,6.87,6.78,6.79,66350053,451621583.37
2023-04-19,sh.601985,6.77,6.93,6.76,6.81,94537610,649674807.68
2023-04-20,sh.601985,6.8,6.86,6.72,6.81,87093110,590808714.88
2023-04-21,sh.601985,6.81,6.89,6.71,6.72,82256352,558409461.24
2023-04-24,sh.601985,6.7,6.84,6.69,6.76,86978075,589444480.18
2023-04-25,sh.601985,6.79,6.87,6.69,6.79,82075807,555919630.4
2023-04-26,sh.601985,6.77,6.84,6.66,6.74,86190295,580675374.32
2023-04-27,sh.601985,6.65,6.81,6.5,6.77,122964438,820700702.58
2023-04-28,sh.601985,6.79,6.9,6.73,6.9,102362269,700897544.25
2023-05-04,sh.601985,6.87,7.17,6.86,7.16,190610630,1348512783.28
2023-05-05,sh.601985,7.15,7.18,7.03,7.09,103907363,736787623.91
2023-05-08,sh.601985,7.08,7.33,7.06,7.23,168925325,1222389490.0
2023-05-09,sh.601985,7.26,7.32,7.09,7.09,130878009,942031968.2
2023-05-10,sh.601985,7.06,7.22,7.05,7.12,113045283,807286174.8
2023-05-11,sh.601985,7.12,7.3,7.07,7.16,90329479,648404173.57
2023-05-12,sh.601985,7.19,7.3,7.11,7.16,101287821,730747977.46
2023-05-15,sh.601985,7.2,7.24,6.94,7.02,179529049,1259808002.68
2023-05-16,sh.601985,7.04,7.1,6.98,7.01,75036156,527938905.6
2023-05-17,sh.601985,7.0,7.16,6.96,7.1,70471254,498357341.02
2023-05-18,sh.601985,7.1,7.18,7.02,7.07,78751454,557819383.89
2023-05-19,sh.601985,7.06,7.06,6.92,6.93,79885296,556974728.95
2023-05-22,sh.601985,6.92,7.06,6.92,7.01,68368452,479546263.28
2023-05-23,sh.601985,7.01,7.03,6.86,6.87,66310700,459131646.03
2023-05-24,sh.601985,6.85,6.89,6.77,6.78,60198214,410188891.83
2023-05-25,sh.601985,6.78,6.92,6.75,6.86,63293714,433944458.52
2023-05-26,sh.601985,6.87,6.99,6.84,6.98,64368635,446425528.15
2023-05-29,sh.601985,6.95,7.13,6.95,7.09,72082638,510101301.19
2023-05-30,sh.601985,7.09,7.17,7.02,7.13,74812155,530641232.75
2023-05-31,sh.601985,7.11,7.12,7.03,7.04,52069599,368057778.52
2023-06-01,sh.601985,7.05,7.13,6.97,7.0,69438110,488763078.52
2023-06-02,sh.601985,7.02,7.03,6.9,6.93,63218871,438786807.99
2023-06-05,sh.601985,6.94,6.95,6.82,6.84,74594899,512442775.12
2023-06-06,sh.601985,6.85,6.86,6.69,6.7,82966822,561156096.83
2023-06-07,sh.601985,6.69,6.75,6.66,6.71,49012666,328439516.06
2023-06-08,sh.601985,6.69,6.84,6.68,6.84,66504844,450144498.48
2023-06-09,sh.601985,6.82,6.91,6.79,6.88,61825880,423622906.24
2023-06-12,sh.601985,6.86,6.93,6.82,6.88,57899625,398601428.78
2023-06-13,sh.601985,6.86,6.93,6.76,6.87,63056449,431847187.69
2023-06-14,sh.601985,6.85,6.9,6.73,6.74,45603797,310320882.09
2023-06-15,sh.601985,6.75,6.78,6.66,6.78,84221370,565565774.29
2023-06-16,sh.601985,6.77,6.82,6.75,6.78,50073267,339636832.54
2023-06-19,sh.601985,6.79,6.79,6.7,6.76,48844834,329473298.81
2023-06-20,sh.601985,6.76,6.89,6.71,6.84,58796087,401050493.64
2023-06-21,sh.601985,6.84,6.9,6.76,6.78,45552070,311652944.8
2023-06-26,sh.601985,6.75,6.89,6.72,6.86,68139579,465291919.79
2023-06-27,sh.601985,6.87,6.9,6.75,6.88,70749337,484633762.88
2023-06-28,sh.601985,6.86,7.13,6.86,7.1,132829469,935381987.81
2023-06-29,sh.601985,7.1,7.15,7.06,7.11,79057643,561799968.55
2023-06-30,sh.601985,7.12,7.17,7.03,7.05,53668501,379384290.69
2023-07-03,sh.601985,7.09,7.12,7.03,7.11,44684134,316689511.67
2023-07-04,sh.601985,7.12,7.12,7.02,7.06,37689601,266129332.85
2023-07-05,sh.601985,7.03,7.12,7.0,7.03,37334135,262553477.93
2023-07-06,sh.601985,7.03,7.2,7.02,7.19,113327715,810301507.59
2023-07-07,sh.601985,7.19,7.39,7.15,7.38,144877475,1059773098.28
2023-07-10,sh.601985,7.39,7.42,7.28,7.37,72458846,532325107.53
2023-07-11,sh.601985,7.36,7.37,7.23,7.33,48161715,351783333.27
2023-07-12,sh.601985,7.33,7.44,7.29,7.39,63751750,470847994.69
2023-07-13,sh.601985,7.39,7.4,7.3,7.31,59633115,437403898.08
2023-07-14,sh.601985,7.2,7.24,7.14,7.2,47848574,343931350.12
2023-07-17,sh.601985,7.17,7.26,7.16,7.21,38027986,274604083.67
2023-07-18,sh.601985,7.23,7.24,7.14,7.15,35497359,254475519.76
2023-07-19,sh.601985,7.16,7.18,7.1,7.18,33260517,237778164.1
2023-07-20,sh.601985,7.18,7.19,7.05,7.06,41500225,295021966.45
2023-07-21,sh.601985,7.06,7.12,7.05,7.07,29763741,210872306.6
2023-07-24,sh.601985,7.07,7.17,7.04,7.14,29732292,211828083.72
2023-07-25,sh.601985,7.18,7.19,7.03,7.06,81613269,576858487.86
2023-07-26,sh.601985,7.06,7.2,7.03,7.17,69876455,497395131.72
2023-07-27,sh.601985,7.17,7.38,7.15,7.24,83651578,609609726.71
2023-07-28,sh.601985,7.24,7.32,7.21,7.28,59615015,433683115.02
2023-07-31,sh.601985,7.27,7.33,7.23,7.31,57439240,418459959.36
2023-08-01,sh.601985,7.4,7.43,7.23,7.29,103617469,757682482.58
2023-08-02,sh.601985,7.25,7.26,7.12,7.18,62294528,448057070.53
2023-08-03,sh.601985,7.18,7.35,7.14,7.34,72800520,530838181.46
2023-08-04,sh.601985,7.35,7.39,7.3,7.31,72181043,530842016.96
2023-08-07,sh.601985,7.31,7.51,7.29,7.46,90459918,671436437.33
2023-08-08,sh.601985,7.45,7.52,7.41,7.47,56152757,418844860.69
2023-08-09,sh.601985,7.48,7.48,7.28,7.32,74688994,548343648.21
2023-08-10,sh.601985,7.32,7.39,7.27,7.35,38846929,285057654.87
2023-08-11,sh.601985,7.37,7.38,7.18,7.19,51336003,371654733.37
2023-08-14,sh.601985,7.15,7.34,7.13,7.3,64137030,465672937.16
2023-08-15,sh.601985,7.32,7.41,7.28,7.36,47082629,346626840.92
2023-08-16,sh.601985,7.34,7.36,7.2,7.22,45591900,330631887.0
2023-08-17,sh.601985,7.18,7.26,7.12,7.25,40189943,288819341.31
2023-08-18,sh.601985,7.24,7.32,7.22,7.23,36736700,267158816.0
2023-08-21,sh.601985,7.23,7.33,7.22,7.25,49281064,358922052.0
2023-08-22,sh.601985,7.24,7.31,7.21,7.26,44685210,324477018.69
2023-08-23,sh.601985,7.25,7.41,7.23,7.29,73957731,542408395.6
2023-08-24,sh.601985,7.28,7.33,6.99,7.03,124520633,882541339.62
2023-08-25,sh.601985,7.01,7.28,7.01,7.22,115094403,829799759.05
2023-08-28,sh.601985,7.46,7.48,7.18,7.2,85340360,622210311.38
2023-08-29,sh.601985,7.18,7.25,7.13,7.15,64255031,461613440.06
2023-08-30,sh.601985,7.16,7.2,7.08,7.09,44704047,318103938.57
2023-08-31,sh.601985,7.09,7.21,7.09,7.2,51507041,369452598.3
2023-09-01,sh.601985,7.2,7.25,7.16,7.22,41757423,300870487.31
2023-09-04,sh.601985,7.22,7.32,7.21,7.31,51567261,375626001.92
2023-09-05,sh.601985,7.31,7.31,7.23,7.28,29779600,216577767.11
2023-09-06,sh.601985,7.26,7.31,7.2,7.21,29908949,216473823.93
2023-09-07,sh.601985,7.2,7.25,7.18,7.2,42302921,305246680.01
2023-09-08,sh.601985,7.2,7.28,7.17,7.26,31497200,228070101.61
2023-09-11,sh.601985,7.26,7.35,7.26,7.31,50225255,366477110.82
2023-09-12,sh.601985,7.3,7.4,7.29,7.37,46886107,345202279.09
2023-09-13,sh.601985,7.38,7.4,7.29,7.37,40787971,299472361.94
2023-09-14,sh.601985,7.37,7.46,7.35,7.46,66471204,494083537.94
2023-09-15,sh.601985,7.45,7.49,7.33,7.35,62475377,462355241.16
2023-09-18,sh.601985,7.37,7.42,7.32,7.4,33958382,250381450.34
2023-09-19,sh.601985,7.4,7.45,7.36,7.44,42163060,313061305.89
2023-09-20,sh.601985,7.46,7.46,7.33,7.36,28600704,210803492.62
2023-09-21,sh.601985,7.38,7.41,7.3,7.36,40055195,294704951.25
2023-09-22,sh.601985,7.36,7.39,7.27,7.28,48097849,350954302.4
2023-09-25,sh.601985,7.29,7.39,7.28,7.32,46862126,344008300.34
2023-09-26,sh.601985,7.33,7.38,7.3,7.32,25928187,190269952.92
2023-09-27,sh.601985,7.33,7.39,7.28,7.31,45852481,335923534.68
2023-09-28,sh.601985,7.33,7.35,7.26,7.3,29761564,216965231.4
2023-10-09,sh.601985,7.29,7.36,7.25,7.36,32153581,235178127.87
2023-10-10,sh.601985,7.34,7.4,7.31,7.38,37179649,273571473.19
2023-10-11,sh.601985,7.39,7.4,7.26,7.26,41273000,302023377.0
2023-10-12,sh.601985,7.28,7.4,7.28,7.39,48696048,358759672.71
2023-10-13,sh.601985,7.37,7.42,7.33,7.4,36757709,270747538.79
2023-10-16,sh.601985,7.38,7.49,7.37,7.48,57862063,430689323.32
2023-10-17,sh.601985,7.49,7.58,7.43,7.51,53372842,399953597.63
2023-10-18,sh.601985,7.51,7.58,7.49,7.5,43666730,329177973.28
2023-10-19,sh.601985,7.51,7.52,7.37,7.37,46543676,344886747.3
2023-10-20,sh.601985,7.4,7.42,7.31,7.34,46283117,340350068.22
2023-10-23,sh.601985,7.33,7.35,7.09,7.14,62368324,449019314.94
2023-10-24,sh.601985,7.14,7.34,7.05,7.27,56759720,408020394.78
2023-10-25,sh.601985,7.3,7.31,7.18,7.19,34803214,251444512.28
2023-10-26,sh.601985,7.18,7.32,7.14,7.29,36762429,266980901.64
2023-10-27,sh.601985,7.3,7.34,7.23,7.24,57636442,419734461.2
2023-10-30,sh.601985,7.24,7.4,7.22,7.36,57552583,421309674.92
2023-10-31,sh.601985,7.38,7.45,7.34,7.42,54554142,404141287.16
2023-11-01,sh.601985,7.42,7.49,7.38,7.47,46051800,342579538.34
2023-11-02,sh.601985,7.48,7.49,7.4,7.41,30054509,223388041.98
2023-11-03,sh.601985,7.42,7.52,7.36,7.37,48343082,359205655.39
2023-11-06,sh.601985,7.38,7.41,7.16,7.2,126155378,913992665.1
2023-11-07,sh.601985,7.2,7.23,7.13,7.18,64848845,465109623.02
2023-11-08,sh.601985,7.18,7.25,7.16,7.22,41650274,299890034.42
2023-11-09,sh.601985,7.21,7.28,7.18,7.23,39468922,285822736.78
2023-11-10,sh.601985,7.21,7.28,7.15,7.26,41215766,297640271.6
2023-11-13,sh.601985,7.27,7.28,7.12,7.14,69956562,500595839.63
2023-11-14,sh.601985,7.14,7.21,7.12,7.15,51299426,367427378.54
2023-11-15,sh.601985,7.17,7.19,7.09,7.13,51589222,367507351.86
2023-11-16,sh.601985,7.12,7.16,7.08,7.11,41447877,294661602.56
2023-11-17,sh.601985,7.12,7.14,7.06,7.06,40530111,286945142.81
2023-11-20,sh.601985,7.06,7.14,7.03,7.07,45550278,322799143.98
2023-11-21,sh.601985,7.07,7.12,7.06,7.08,31397259,222597437.34
2023-11-22,sh.601985,7.08,7.09,7.03,7.03,38436174,271310035.96
2023-11-23,sh.601985,7.03,7.05,6.98,7.01,39710867,278262974.34
2023-11-24,sh.601985,7.02,7.08,6.98,6.99,45267041,318103953.34
2023-11-27,sh.601985,6.99,7.06,6.93,7.02,59617598,416665449.3
2023-11-28,sh.601985,7.01,7.02,6.93,6.97,40984590,285721738.24
2023-11-29,sh.601985,6.95,7.02,6.88,6.89,73157823,507986464.5
2023-11-30,sh.601985,6.91,7.03,6.89,7.03,86633630,605470142.0
2023-12-01,sh.601985,7.01,7.1,7.01,7.1,60412055,426988795.79
2023-12-04,sh.601985,7.1,7.13,7.06,7.11,38670968,274467648.65
2023-12-05,sh.601985,7.1,7.14,7.02,7.03,48802787,346110188.04
2023-12-06,sh.601985,7.01,7.02,6.87,6.96,53323265,369886574.07
2023-12-07,sh.601985,6.95,7.02,6.94,6.98,36993188,258209846.01
2023-12-08,sh.601985,6.99,7.05,6.93,7.04,44992085,315744424.83
2023-12-11,sh.601985,7.03,7.18,6.99,7.18,80405547,571583805.68
2023-12-12,sh.601985,7.17,7.36,7.16,7.34,87705941,637842821.99
2023-12-13,sh.601985,7.34,7.37,7.28,7.3,48539304,355639230.09
2023-12-14,sh.601985,7.32,7.34,7.24,7.29,48263899,351582695.27
2023-12-15,sh.601985,7.29,7.32,7.18,7.2,42490807,307341020.2
2023-12-18,sh.601985,7.19,7.38,7.15,7.35,84925679,621416939.68
2023-12-19,sh.601985,7.35,7.37,7.28,7.32,51981204,380684383.44
2023-12-20,sh.601985,7.35,7.42,7.34,7.37,66370778,490452955.93
2023-12-21,sh.601985,7.37,7.42,7.3,7.35,58051673,426675004.38
2023-12-22,sh.601985,7.35,7.42,7.34,7.37,48658608,359100248.74
2023-12-25,sh.601985,7.35,7.45,7.32,7.43,52517100,387989868.47
2023-12-26,sh.601985,7.42,7.47,7.39,7.43,43329200,321703615.79
2023-12-27,sh.601985,7.42,7.53,7.4,7.48,73926867,553170345.13
2023-12-28,sh.601985,7.5,7.53,7.33,7.39,95683314,707296140.88
2023-12-29,sh.601985,7.38,7.52,7.37,7.5,65743223,491190163.0
2024-01-02,sh.601985,7.51,7.77,7.51,7.68,92164060,706366979.68
2024-01-03,sh.601985,7.69,7.97,7.66,7.95,168390460,1326188317.54
2024-01-04,sh.601985,7.92,7.99,7.83,7.97,100972401,798121925.3
2024-01-05,sh.601985,7.96,8.03,7.85,7.93,107555062,854900773.2
2024-01-08,sh.601985,7.91,7.99,7.9,7.93,84427541,670987539.83
2024-01-09,sh.601985,7.95,8.04,7.85,8.0,89247962,711037592.49
2024-01-10,sh.601985,7.99,8.04,7.87,7.98,101445501,806740917.13
2024-01-11,sh.601985,7.96,7.97,7.84,7.88,95477499,753689797.27
2024-01-12,sh.601985,7.87,8.01,7.85,7.97,82964064,658798212.84
2024-01-15,sh.601985,7.97,8.1,7.94,7.96,64244019,514039082.18
2024-01-16,sh.601985,7.95,7.97,7.86,7.97,69178794,547561699.38
2024-01-17,sh.601985,7.96,8.07,7.94,7.95,82778908,663728411.53
2024-01-18,sh.601985,7.93,7.97,7.69,7.94,114957377,900640893.42
2024-01-19,sh.601985,7.91,7.98,7.86,7.89,64725449,512313260.74
2024-01-22,sh.601985,7.89,7.95,7.65,7.71,92966572,725722425.5
2024-01-23,sh.601985,7.69,7.79,7.55,7.76,71356242,548376203.77
2024-01-24,sh.601985,7.78,8.02,7.74,7.98,107249864,847764076.09
2024-01-25,sh.601985,7.98,8.24,7.98,8.24,123168045,1004626421.02
2024-01-26,sh.601985,8.19,8.28,8.1,8.26,101062188,827635143.59
2024-01-29,sh.601985,8.25,8.45,8.18,8.28,119356032,997763005.13
2024-01-30,sh.601985,8.23,8.45,8.2,8.3,108016040,903209922.11
2024-01-31,sh.601985,8.25,8.42,8.24,8.29,101228131,843698862.8
2024-02-01,sh.601985,8.24,8.33,8.17,8.2,92824146,765713235.55
2024-02-02,sh.601985,8.2,8.4,8.09,8.26,118014342,974399921.23
2024-02-05,sh.601985,8.23,8.42,8.17,8.36,151787784,1263690969.9
2024-02-06,sh.601985,8.33,8.47,8.24,8.35,135771673,1134161403.76
2024-02-07,sh.601985,8.33,8.34,8.09,8.19,160064566,1309268705.32
2024-02-08,sh.601985,8.2,8.24,8.02,8.22,133609667,1087639161.83
2024-02-19,sh.601985,8.22,8.62,8.18,8.62,147740594,1249765746.09
2024-02-20,sh.601985,8.62,8.96,8.6,8.8,134520259,1183803062.13
2024-02-21,sh.601985,8.8,8.88,8.63,8.68,117023858,1021231640.39
2024-02-22,sh.601985,8.67,8.81,8.63,8.79,82905037,724616000.35
2024-02-23,sh.601985,8.79,8.91,8.71,8.76,96467397,848693233.73
2024-02-26,sh.601985,8.76,8.78,8.45,8.47,143731678,1229941802.19
2024-02-27,sh.601985,8.43,8.58,8.37,8.49,107694995,911459179.55
2024-02-28,sh.601985,8.47,8.61,8.36,8.5,118118139,1003031159.6
2024-02-29,sh.601985,8.45,8.72,8.45,8.68,106287009,913593316.3
2024-03-01,sh.601985,8.65,8.73,8.53,8.55,88503189,760319891.25
2024-03-04,sh.601985,8.52,8.98,8.51,8.96,135596976,1190965391.76
2024-03-05,sh.601985,8.95,9.11,8.88,9.01,119850408,1075131775.77
2024-03-06,sh.601985,9.03,9.12,8.93,8.97,95748721,863108503.83
2024-03-07,sh.601985,8.94,9.11,8.92,9.02,76894129,693220068.27
2024-03-08,sh.601985,9.02,9.28,9.01,9.27,128821633,1180171991.2
2024-03-11,sh.601985,9.3,9.36,8.9,8.98,180661273,1633144953.31
2024-03-12,sh.601985,8.95,8.99,8.52,8.66,213741688,1865444506.45
2024-03-13,sh.601985,8.6,8.71,8.57,8.69,96946378,839574872.89
2024-03-14,sh.601985,8.68,8.74,8.6,8.67,95583553,828101952.33
2024-03-15,sh.601985,8.64,8.71,8.52,8.55,128708457,1104831027.18
2024-03-18,sh.601985,8.54,8.74,8.51,8.68,113944536,985296412.59
2024-03-19,sh.601985,8.68,8.68,8.5,8.51,102170069,875366711.88
2024-03-20,sh.601985,8.51,8.7,8.43,8.62,132786676,1140356000.57
2024-03-21,sh.601985,8.62,8.7,8.55,8.67,101657670,876645264.03
2024-03-22,sh.601985,8.68,8.88,8.66,8.84,133779516,1173152814.39
2024-03-25,sh.601985,8.84,8.9,8.76,8.79,91003877,803942529.81
2024-03-26,sh.601985,8.81,8.85,8.69,8.82,90865378,796571282.59
2024-03-27,sh.601985,8.82,8.95,8.77,8.87,85170185,755255362.55
2024-03-28,sh.601985,8.82,8.97,8.75,8.95,86144492,764346043.99
2024-03-29,sh.601985,8.93,9.2,8.92,9.19,111104148,1013667423.81
2024-04-01,sh.601985,9.2,9.22,8.85,8.88,150641619,1354452634.14
2024-04-02,sh.601985,8.86,8.98,8.83,8.89,78048688,695210736.38
2024-04-03,sh.601985,8.86,8.92,8.72,8.91,102763248,906974595.45
2024-04-08,sh.601985,8.88,9.61,8.86,9.55,253457657,2364784594.86
2024-04-09,sh.601985,9.5,9.5,9.18,9.27,157184834,1467066391.44
2024-04-10,sh.601985,9.23,9.57,9.19,9.44,146101103,1376612311.39
2024-04-11,sh.601985,9.39,9.49,9.31,9.39,81832715,769181435.07
2024-04-12,sh.601985,9.39,9.45,9.19,9.28,101346765,943392410.96
2024-04-15,sh.601985,9.27,9.64,9.26,9.56,155481761,1473070137.48
2024-04-16,sh.601985,9.52,9.62,9.29,9.47,142764317,1352049129.41
2024-04-17,sh.601985,9.42,9.62,9.31,9.6,123715076,1172964288.68
2024-04-18,sh.601985,9.55,9.74,9.38,9.47,136040412,1295006321.97
2024-04-19,sh.601985,9.42,9.52,9.37,9.43,98668540,932047033.9
2024-04-22,sh.601985,9.53,9.61,9.25,9.41,137876537,1298124142.3
2024-04-23,sh.601985,9.34,9.35,9.15,9.17,107074888,988362840.44
2024-04-24,sh.601985,9.17,9.45,9.15,9.43,110209371,1033119561.4
2024-04-25,sh.601985,9.43,9.49,9.31,9.34,58108333,544557829.12
2024-04-26,sh.601985,9.32,9.4,9.22,9.28,94155520,874202400.34
2024-04-29,sh.601985,9.17,9.17,8.89,9.1,213081637,1924536434.17
2024-04-30,sh.601985,9.05,9.28,9.05,9.24,126083609,1159562095.13
2024-05-06,sh.601985,9.24,9.29,9.1,9.22,121094013,1115337764.99
2024-05-07,sh.601985,9.23,9.27,9.06,9.11,106924228,976840812.39
2024-05-08,sh.601985,9.07,9.15,9.05,9.09,73566779,668436563.66
2024-05-09,sh.601985,9.08,9.14,8.98,9.13,98287896,891248589.61
2024-05-10,sh.601985,9.13,9.18,9.06,9.16,99085756,904526091.51
2024-05-13,sh.601985,9.13,9.35,9.12,9.28,128522818,1188057025.26
2024-05-14,sh.601985,9.28,9.29,9.15,9.26,81408137,750896490.77
2024-05-15,sh.601985,9.25,9.32,9.05,9.07,91957219,840146200.13
2024-05-16,sh.601985,9.06,9.11,9.01,9.05,79777712,723336946.88
2024-05-17,sh.601985,9.04,9.24,9.03,9.19,100526740,920840222.0
2024-05-20,sh.601985,9.19,9.38,9.15,9.37,118673536,1101502050.21
2024-05-21,sh.601985,9.37,9.44,9.3,9.39,82826906,776235678.97
2024-05-22,sh.601985,9.37,9.58,9.36,9.47,104731257,993543142.1
2024-05-23,sh.601985,9.49,9.67,9.39,9.48,118025186,1124254220.94
2024-05-24,sh.601985,9.45,9.59,9.37,9.39,99236405,940001189.29
2024-05-27,sh.601985,9.39,9.66,9.36,9.55,126865484,1211048742.14
2024-05-28,sh.601985,9.54,9.91,9.52,9.8,149874100,1465010176.69
2024-05-29,sh.601985,9.77,9.8,9.68,9.78,84441473,822552152.78
2024-05-30,sh.601985,9.77,9.9,9.63,9.67,93447519,911283806.06
2024-05-31,sh.601985,9.67,9.7,9.53,9.58,119011703,1144007051.91
2024-06-03,sh.601985,9.71,10.15,9.68,10.03,258916977,2587805695.74
2024-06-04,sh.601985,10.08,10.18,9.94,10.13,141238300,1423721287.35
2024-06-05,sh.601985,10.1,10.28,10.06,10.17,115525257,1176429603.6
2024-06-06,sh.601985,10.15,10.43,10.1,10.15,181810004,1866582907.33
2024-06-07,sh.601985,10.14,10.43,10.08,10.4,157327015,1615589438.56
2024-06-11,sh.601985,10.42,10.52,10.18,10.28,167315403,1724429228.27
2024-06-12,sh.601985,10.25,10.37,10.16,10.34,112315971,1155687137.96
2024-06-13,sh.601985,10.36,10.61,10.33,10.43,141734582,1482210240.06
2024-06-14,sh.601985,10.42,10.42,9.95,10.04,316703759,3202919164.02
2024-06-17,sh.601985,9.98,10.09,9.91,10.03,148597053,1489045690.28
2024-06-18,sh.601985,10.03,10.16,9.88,10.15,110678774,1111141767.52
2024-06-19,sh.601985,10.14,10.29,10.11,10.25,94830297,967318035.74
2024-06-20,sh.601985,10.24,10.41,10.2,10.38,100408401,1038934567.78
2024-06-21,sh.601985,10.35,10.44,10.26,10.38,75246192,780063636.82
2024-06-24,sh.601985,10.36,10.6,10.33,10.54,126806621,1331755799.26
2024-06-25,sh.601985,10.5,10.63,10.32,10.52,124335016,1304399556.2
2024-06-26,sh.601985,10.47,10.57,10.41,10.55,78419784,823102384.11
2024-06-27,sh.601985,10.49,10.73,10.38,10.41,127845691,1343331485.23
2024-06-28,sh.601985,10.38,10.68,10.34,10.66,120711510,1273375023.04
2024-07-01,sh.601985,10.65,11.08,10.61,10.93,151507703,1645042757.33
2024-07-02,sh.601985,10.85,11.04,10.78,11.0,123158303,1344298477.13
2024-07-03,sh.601985,11.0,11.06,10.79,10.91,94541558,1031406176.46
2024-07-04,sh.601985,10.91,10.99,10.86,10.93,73461506,802386726.01
2024-07-05,sh.601985,10.92,10.93,10.7,10.89,99949343,1080118706.82
2024-07-08,sh.601985,10.85,11.42,10.82,11.35,164833279,1849792396.37
2024-07-09,sh.601985,11.36,11.52,11.25,11.46,134799128,1535085279.57
2024-07-10,sh.601985,11.46,11.49,11.15,11.24,138006699,1553110058.28
2024-07-11,sh.601985,11.2,11.47,11.1,11.46,127966518,1442224746.37
2024-07-12,sh.601985,11.25,11.44,11.11,11.22,177182671,1990775000.87
2024-07-15,sh.601985,11.17,11.4,11.07,11.38,113011674,1277283743.39
2024-07-16,sh.601985,11.25,11.54,11.18,11.49,132902912,1512949176.63
2024-07-17,sh.601985,11.48,11.64,11.28,11.37,129050398,1476436116.81
2024-07-18,sh.601985,11.31,11.6,11.3,11.58,114437628,1313010701.96
2024-07-19,sh.601985,11.55,11.73,11.51,11.7,121268290,1410357208.98
2024-07-22,sh.601985,11.65,11.76,11.33,11.54,159697089,1837187435.94
2024-07-23,sh.601985,11.48,11.82,11.45,11.72,146354368,1709075322.32
2024-07-24,sh.601985,11.72,12.2,11.71,12.2,183215416,2207746700.83
2024-07-25,sh.601985,12.16,12.29,12.0,12.22,154546527,1877511021.13
2024-07-26,sh.601985,12.15,12.17,11.84,12.01,206970874,2476398140.58
2024-07-29,sh.601985,11.91,12.03,11.78,11.9,130242421,1549206008.59
2024-07-30,sh.601985,11.87,12.04,11.59,11.61,202819620,2377575210.62
2024-07-31,sh.601985,11.54,11.56,11.01,11.03,379829846,4229559087.99
2024-08-01,sh.601985,11.0,11.29,10.93,11.1,216289240,2412477236.76
2024-08-02,sh.601985,11.06,11.22,10.88,10.96,155644800,1712390319.57
2024-08-05,sh.601985,10.85,11.02,10.71,10.85,157019050,1706117099.54
2024-08-06,sh.601985,10.88,10.96,10.6,10.75,151406524,1626265419.22
2024-08-07,sh.601985,10.75,11.14,10.72,10.98,190160630,2091539957.04
2024-08-08,sh.601985,10.98,11.07,10.77,10.82,109254528,1189104327.68
2024-08-09,sh.601985,10.77,10.84,10.66,10.79,81208285,873736244.89
2024-08-12,sh.601985,10.85,10.94,10.66,10.7,80561000,869463421.0
2024-08-13,sh.601985,10.69,10.89,10.66,10.82,71962609,777875113.98
2024-08-14,sh.601985,10.8,11.14,10.74,11.02,120138127,1321946906.43
2024-08-15,sh.601985,11.02,11.15,10.92,11.09,98524906,1089895705.16
2024-08-16,sh.601985,11.08,11.13,10.91,11.05,91644760,1010000638.4
2024-08-19,sh.601985,11.06,11.33,11.01,11.3,118354248,1327415865.03
2024-08-20,sh.601985,11.46,11.5,11.15,11.35,158540731,1789568925.01
2024-08-21,sh.601985,11.28,11.29,11.05,11.18,94965937,1059042838.32
2024-08-22,sh.601985,11.12,11.48,11.08,11.42,128083376,1449644936.93
2024-08-23,sh.601985,11.38,11.5,11.26,11.31,88484556,1003598093.73
2024-08-26,sh.601985,11.28,11.36,11.11,11.23,81162798,909467225.82
2024-08-27,sh.601985,11.22,11.27,11.15,11.23,70121436,786875540.99
2024-08-28,sh.601985,11.23,11.51,11.21,11.37,115087061,1310951815.46
2024-08-29,sh.601985,11.33,11.35,10.96,11.01,177300567,1964628385.95
2024-08-30,sh.601985,10.95,11.12,10.83,10.94,170165476,1866440949.68
2024-09-02,sh.601985,10.84,11.04,10.7,11.0,110907556,1213640481.08
2024-09-03,sh.601985,10.96,11.04,10.4,10.42,233434790,2477817694.79
2024-09-04,sh.601985,10.38,10.43,10.23,10.27,120252750,1240365574.08
2024-09-05,sh.601985,10.27,10.38,10.24,10.29,64189740,660975696.85
2024-09-06,sh.601985,10.3,10.41,10.07,10.09,93975352,964000948.28
2024-09-09,sh.601985,10.06,10.3,10.04,10.17,110234359,1120222777.54
2024-09-10,sh.601985,10.17,10.28,10.06,10.21,76016553,773384049.06
2024-09-11,sh.601985,10.21,10.21,9.65,9.68,170545909,1669130612.69
2024-09-12,sh.601985,9.65,9.85,9.64,9.8,93760846,916065996.8
2024-09-13,sh.601985,9.8,9.85,9.71,9.72,58976732,576190681.53
2024-09-18,sh.601985,9.73,9.94,9.7,9.84,65924126,648601992.33
2024-09-19,sh.601985,9.87,9.9,9.71,9.83,90610637,887393222.86
2024-09-20,sh.601985,9.84,10.02,9.8,9.99,139113735,1381442783.9
2024-09-23,sh.601985,9.97,10.19,9.91,10.12,88589255,892058101.76
2024-09-24,sh.601985,10.19,10.67,10.09,10.62,148145445,1544421585.27
2024-09-25,sh.601985,10.8,10.88,10.45,10.51,167096251,1783946131.82
2024-09-26,sh.601985,10.5,10.63,10.4,10.6,146388540,1537700950.84
2024-09-27,sh.601985,10.59,10.65,10.35,10.63,118110550,1243084286.35
2024-09-30,sh.601985,10.63,11.41,10.55,11.15,468597083,5105009807.74
2024-10-08,sh.601985,12.0,12.18,10.78,11.02,537832775,6127848723.86
2024-10-09,sh.601985,10.95,10.95,10.33,10.34,263149242,2803969272.33
2024-10-10,sh.601985,10.4,11.15,10.4,10.9,312615927,3404907413.9
2024-10-11,sh.601985,10.9,11.04,10.58,10.66,166350658,1797899928.02
2024-10-14,sh.601985,10.66,10.86,10.58,10.73,154014958,1655902125.74
2024-10-15,sh.601985,10.7,10.78,10.43,10.44,132516185,1398220201.64
2024-10-16,sh.601985,10.35,10.5,10.32,10.41,85528572,890087482.98
2024-10-17,sh.601985,10.52,10.69,10.33,10.33,107565078,1128001115.03
2024-10-18,sh.601985,10.28,10.59,10.23,10.47,148880489,1545863196.83
2024-10-21,sh.601985,10.48,10.48,10.28,10.33,134198650,1386653696.51
2024-10-22,sh.601985,10.32,10.72,10.31,10.63,175946358,1855750016.51
2024-10-23,sh.601985,10.63,10.68,10.47,10.54,131550239,1385476115.5
2024-10-24,sh.601985,10.53,10.53,10.36,10.39,78992337,822353387.07
2024-10-25,sh.601985,10.39,10.42,10.12,10.22,176134793,1797003915.84
2024-10-28,sh.601985,10.14,10.28,10.05,10.27,128552300,1305788951.34
2024-10-29,sh.601985,10.28,10.39,10.22,10.35,128266739,1322341281.62
2024-10-30,sh.601985,10.24,10.28,9.98,10.05,164715747,1655937352.87
2024-10-31,sh.601985,10.05,10.08,9.96,10.06,102542857,1028839208.52
2024-11-01,sh.601985,10.03,10.16,10.0,10.09,130076746,1312728342.14
2024-11-04,sh.601985,10.1,10.11,9.92,9.99,131971741,1315484600.4
2024-11-05,sh.601985,9.96,10.06,9.92,10.06,164447248,1644644337.42
2024-11-06,sh.601985,10.05,10.12,9.97,9.99,133990216,1342462058.67
2024-11-07,sh.601985,9.96,10.09,9.92,10.07,119640116,1198679851.25
2024-11-08,sh.601985,10.1,10.3,10.06,10.08,163290924,1655529495.28
2024-11-11,sh.601985,10.04,10.05,9.83,9.91,158110832,1566411642.11
2024-11-12,sh.601985,9.88,9.94,9.71,9.75,162888999,1598687762.78
2024-11-13,sh.601985,9.81,10.09,9.74,10.01,206781255,2061809249.43
2024-11-14,sh.601985,10.0,10.1,9.85,9.86,127887330,1274737848.54
2024-11-15,sh.601985,9.86,10.03,9.79,9.92,129901383,1289714929.65
2024-11-18,sh.601985,10.0,10.19,9.91,9.99,170457160,1711589629.66
2024-11-19,sh.601985,10.0,10.04,9.85,9.93,119639745,1186114026.31
2024-11-20,sh.601985,9.9,10.02,9.84,10.0,116437352,1158575971.05
2024-11-21,sh.601985,9.98,10.22,9.97,10.13,144156413,1459207103.53
2024-11-22,sh.601985,10.2,10.28,9.87,9.87,130330265,1308866549.25
2024-11-25,sh.601985,9.86,9.89,9.41,9.53,198231751,1911953284.91
2024-11-26,sh.601985,9.46,9.55,9.35,9.41,107628436,1014642569.05
2024-11-27,sh.601985,9.42,9.49,9.36,9.48,77729635,733217886.6
2024-11-28,sh.601985,9.45,9.48,9.28,9.42,136973668,1285864167.96
2024-11-29,sh.601985,9.4,9.51,9.36,9.43,106769056,1008142833.09
2024-12-02,sh.601985,9.41,9.54,9.33,9.5,117007728,1104649178.34
2024-12-03,sh.601985,9.51,9.85,9.47,9.79,184003557,1779324077.91
2024-12-04,sh.601985,9.76,9.87,9.68,9.83,127708065,1247926932.96
2024-12-05,sh.601985,9.79,9.91,9.7,9.79,84789506,828659359.85
2024-12-06,sh.601985,9.79,9.98,9.78,9.92,113188731,1122921826.43
2024-12-09,sh.601985,9.9,10.02,9.86,9.99,95141282,947353945.35
2024-12-10,sh.601985,10.1,10.11,9.88,9.91,120612871,1202136234.87
2024-12-11,sh.601985,9.89,9.94,9.81,9.87,84074957,828128524.88
2024-12-12,sh.601985,9.84,9.86,9.71,9.8,115937710,1134372455.4
2024-12-13,sh.601985,9.78,9.81,9.67,9.68,101577985,988695745.43
2024-12-16,sh.601985,9.69,9.99,9.69,9.98,179807818,1781481907.82
2024-12-17,sh.601985,9.98,10.16,9.98,10.05,153414472,1546617731.55
2024-12-18,sh.601985,10.1,10.2,10.01,10.02,112355698,1133942360.81
2024-12-19,sh.601985,9.98,10.05,9.91,9.93,82776196,825433057.78
2024-12-20,sh.601985,9.91,9.96,9.75,9.75,101925046,999899110.65
2024-12-23,sh.601985,9.76,10.36,9.7,10.33,315223651,3206293302.35
2024-12-24,sh.601985,10.3,10.38,10.19,10.36,164077569,1687645431.15
2024-12-25,sh.601985,10.34,10.49,10.27,10.3,120381205,1246743261.93
2024-12-26,sh.601985,10.29,10.32,10.14,10.19,110043669,1122085704.65
2024-12-27,sh.601985,10.19,10.41,10.12,10.38,150582705,1548319293.01
2024-12-30,sh.601985,10.42,10.51,10.25,10.27,123412504,1276274030.56
2024-12-31,sh.601985,10.28,10.58,10.26,10.43,204276812,2136919239.89
2025-01-02,sh.601985,10.4,10.49,10.12,10.15,171008582,1765127247.18
2025-01-03,sh.601985,10.21,10.29,9.99,10.02,118443028,1195569607.39
2025-01-06,sh.601985,10.02,10.07,9.85,9.95,114109085,1134286239.89
2025-01-07,sh.601985,9.96,10.02,9.88,9.98,94605307,941065125.12
2025-01-08,sh.601985,9.96,10.29,9.89,10.19,156010999,1584761763.32
2025-01-09,sh.601985,10.17,10.18,9.85,9.87,133346689,1326234615.82
2025-01-10,sh.601985,9.83,9.84,9.42,9.43,188721478,1808346238.43
2025-01-13,sh.601985,9.27,9.32,9.01,9.31,217332023,1990783076.63
2025-01-14,sh.601985,9.27,9.53,9.27,9.5,139489671,1314665902.53
2025-01-15,sh.601985,9.5,9.71,9.37,9.6,129855422,1248154684.81
2025-01-16,sh.601985,9.6,9.66,9.52,9.59,104593532,1001162270.22
2025-01-17,sh.601985,9.59,9.59,9.32,9.43,128965375,1216374117.79
2025-01-20,sh.601985,9.44,9.49,9.34,9.37,101300463,952298108.42
2025-01-21,sh.601985,9.4,9.42,9.31,9.38,73377595,687717582.22
2025-01-22,sh.601985,9.37,9.5,9.34,9.4,87370223,822669764.91
2025-01-23,sh.601985,9.46,9.68,9.45,9.56,143974299,1379176501.0
2025-01-24,sh.601985,9.55,9.6,9.46,9.56,84974107,809858374.46
2025-01-27,sh.601985,9.56,9.85,9.55,9.76,131054736,1279297906.59
2025-02-05,sh.601985,9.76,9.79,9.65,9.68,74024965,717249502.36
2025-02-06,sh.601985,9.69,9.77,9.58,9.76,73420467,711395395.18
2025-02-07,sh.601985,9.75,9.84,9.65,9.79,104852353,1019936816.05
2025-02-10,sh.601985,9.74,9.86,9.67,9.78,81885496,799697774.48
2025-02-11,sh.601985,9.78,9.86,9.75,9.84,87709176,860961815.28
2025-02-12,sh.601985,9.8,9.92,9.76,9.83,78178829,768704761.35
2025-02-13,sh.601985,9.81,9.99,9.78,9.96,128256413,1272953535.8
2025-02-14,sh.601985,9.98,10.03,9.91,9.96,68738754,684695936.3
2025-02-17,sh.601985,9.91,10.2,9.82,10.17,119028813,1197695877.94
2025-02-18,sh.601985,10.17,10.32,10.14,10.24,117509081,1205810358.0
2025-02-19,sh.601985,10.23,10.32,10.13,10.17,73083800,745411487.0
2025-02-20,sh.601985,10.17,10.22,10.07,10.09,71303078,721849126.52
2025-02-21,sh.601985,10.1,10.2,10.03,10.1,80298179,810968782.24
2025-02-24,sh.601985,10.11,10.23,10.06,10.07,78581720,795485213.28
2025-02-25,sh.601985,10.05,10.13,9.91,9.95,79304042,793614583.37
2025-02-26,sh.601985,9.94,9.99,9.85,9.9,71532587,707776734.27
2025-02-27,sh.601985,9.87,9.92,9.75,9.78,89615796,878450622.87
2025-02-28,sh.601985,9.76,9.82,9.58,9.58,87129702,844465242.1
2025-03-03,sh.601985,9.69,9.83,9.56,9.71,89861455,871428612.05
2025-03-04,sh.601985,9.7,9.7,9.46,9.54,117281270,1117963276.25
2025-03-05,sh.601985,9.55,9.71,9.54,9.64,84836502,817724223.64
2025-03-06,sh.601985,9.66,9.69,9.55,9.63,74423816,715439104.08
2025-03-07,sh.601985,9.64,9.7,9.56,9.59,75312053,725171876.1
2025-03-10,sh.601985,9.55,9.58,9.43,9.49,95062743,900857331.03
2025-03-11,sh.601985,9.44,9.53,9.42,9.5,63510865,601384687.66
2025-03-12,sh.601985,9.5,9.5,9.41,9.43,73858507,696613390.9
2025-03-13,sh.601985,9.45,9.56,9.42,9.5,101673058,966679378.43
2025-03-14,sh.601985,9.52,9.6,9.46,9.57,105398747,1006543384.89
2025-03-17,sh.601985,9.59,9.63,9.46,9.47,135688160,1291685937.25
2025-03-18,sh.601985,9.48,9.49,9.39,9.44,95101027,896180612.69
2025-03-19,sh.601985,9.44,9.57,9.4,9.51,105384023,1000866903.21
2025-03-20,sh.601985,9.5,9.51,9.41,9.42,86502130,817061844.7
2025-03-21,sh.601985,9.41,9.48,9.33,9.4,120188204,1128961435.49
2025-03-24,sh.601985,9.36,9.38,9.25,9.29,97805199,910005087.15
2025-03-25,sh.601985,9.3,9.5,9.23,9.47,140977690,1328323686.96
2025-03-26,sh.601985,9.48,9.48,9.35,9.4,87937628,825833705.56
2025-03-27,sh.601985,9.4,9.41,9.28,9.3,104027785,968898065.77
2025-03-28,sh.601985,9.3,9.32,9.25,9.29,55500111,514991895.16
2025-03-31,sh.601985,9.28,9.36,9.18,9.21,95490050,884763799.69
2025-04-01,sh.601985,9.22,9.4,9.18,9.37,120797865,1124034934.16
2025-04-02,sh.601985,9.35,9.35,9.25,9.28,68934000,640202569.0
2025-04-03,sh.601985,9.21,9.4,9.21,9.38,107575541,1004508365.43
2025-04-07,sh.601985,9.18,9.29,8.66,8.99,226698392,2036111183.23
2025-04-08,sh.601985,8.98,9.2,8.95,9.2,149884253,1359943659.93
2025-04-09,sh.601985,9.14,9.28,9.05,9.28,124024578,1139101368.92
2025-04-10,sh.601985,9.29,9.33,9.15,9.27,96741553,896144093.45
2025-04-11,sh.601985,9.24,9.25,9.17,9.23,62106591,572170775.93
2025-04-14,sh.601985,9.21,9.3,9.2,9.26,62938653,582864449.79
2025-04-15,sh.601985,9.27,9.4,9.23,9.4,107088495,1000731522.84
2025-04-16,sh.601985,9.4,9.47,9.31,9.47,102396779,962103322.21
2025-04-17,sh.601985,9.43,9.47,9.37,9.45,64446496,606677391.62
2025-04-18,sh.601985,9.41,9.45,9.36,9.44,42419370,399120152.0
2025-04-21,sh.601985,9.4,9.44,9.38,9.38,41834983,393268969.28
2025-04-22,sh.601985,9.39,9.57,9.37,9.43,90489265,857139683.07
2025-04-23,sh.601985,9.45,9.45,9.35,9.37,55642106,521902193.84
2025-04-24,sh.601985,9.34,9.41,9.28,9.29,68149147,636290362.59
2025-04-25,sh.601985,9.3,9.33,9.21,9.33,71623414,663859858.37
2025-04-28,sh.601985,9.52,9.56,9.38,9.39,138944226,1315598748.31
2025-04-29,sh.601985,9.32,9.38,9.21,9.33,98834221,918422863.72
2025-04-30,sh.601985,9.31,9.31,9.22,9.23,60752982,561792518.4
2025-05-06,sh.601985,9.28,9.31,9.23,9.29,66853380,620135239.02
2025-05-07,sh.601985,9.36,9.38,9.27,9.33,71227113,663235120.98
2025-05-08,sh.601985,9.31,9.4,9.28,9.38,61334907,574568760.03
2025-05-09,sh.601985,9.37,9.4,9.35,9.37,51670071,484391068.23
2025-05-12,sh.601985,9.39,9.45,9.35,9.4,70997716,667403275.55
2025-05-13,sh.601985,9.43,9.44,9.37,9.4,49960288,469258464.27
2025-05-14,sh.601985,9.41,9.49,9.37,9.48,99422794,938318369.52
2025-05-15,sh.601985,9.47,9.58,9.45,9.54,101645884,969032869.75
2025-05-16,sh.601985,9.52,9.59,9.42,9.43,84967460,805855292.6
2025-05-19,sh.601985,9.45,9.53,9.42,9.51,76897172,728863031.27
2025-05-20,sh.601985,9.52,9.69,9.51,9.62,102294428,983520372.5
2025-05-21,sh.601985,9.61,9.66,9.57,9.58,66818957,642198064.53
2025-05-22,sh.601985,9.57,9.6,9.5,9.57,61804520,589811559.02
2025-05-23,sh.601985,9.55,9.66,9.54,9.55,75401906,724773216.44
2025-05-26,sh.601985,9.57,9.79,9.57,9.77,153496598,1492669300.4
2025-05-27,sh.601985,9.77,9.85,9.65,9.65,92185938,897020179.09
2025-05-28,sh.601985,9.66,9.72,9.62,9.64,57479643,555056860.19
2025-05-29,sh.601985,9.65,9.67,9.56,9.59,88299944,848156631.72
2025-05-30,sh.601985,9.6,9.64,9.49,9.58,87511705,835156614.57
2025-06-03,sh.601985,9.53,9.55,9.46,9.5,70758242,671507009.66
2025-06-04,sh.601985,9.51,9.54,9.49,9.5,58745600,558606996.7
2025-06-05,sh.601985,9.51,9.53,9.43,9.46,77201399,731640181.2
2025-06-06,sh.601985,9.46,9.53,9.44,9.49,55103166,522546716.0
2025-06-09,sh.601985,9.49,9.51,9.44,9.46,59685896,564980569.75
2025-06-10,sh.601985,9.45,9.47,9.35,9.36,82313501,774306486.24
2025-06-11,sh.601985,9.36,9.4,9.32,9.35,59702302,559272470.23
2025-06-12,sh.601985,9.37,9.38,9.28,9.29,80010583,744564431.07
2025-06-13,sh.601985,9.31,9.46,9.28,9.44,130327784,1225145117.36
2025-06-16,sh.601985,9.47,9.48,9.36,9.41,55463563,521446251.3
2025-06-17,sh.601985,9.4,9.5,9.36,9.49,79804640,753453340.4
2025-06-18,sh.601985,9.49,9.65,9.47,9.59,139372529,1336438085.24
2025-06-19,sh.601985,9.6,9.62,9.41,9.5,88219035,837399789.04
2025-06-20,sh.601985,9.5,9.53,9.38,9.39,58114929,548692696.81
2025-06-23,sh.601985,9.37,9.4,9.28,9.33,78899267,735477800.04
2025-06-24,sh.601985,9.34,9.38,9.3,9.37,63638417,595030427.35
2025-06-25,sh.601985,9.37,9.43,9.32,9.42,68702624,644000569.16
2025-06-26,sh.601985,9.41,9.47,9.38,9.38,59707360,562043271.2
2025-06-27,sh.601985,9.38,9.4,9.32,9.34,72872305,681359748.8
2025-06-30,sh.601985,9.35,9.36,9.3,9.32,70262006,654619936.57
2025-07-01,sh.601985,9.32,9.37,9.3,9.33,63625821,593884185.03
2025-07-02,sh.601985,9.34,9.38,9.32,9.37,71374088,667888552.76
2025-07-03,sh.601985,9.38,9.4,9.34,9.37,48478085,454109566.83
2025-07-04,sh.601985,9.38,9.45,9.37,9.41,88016439,829177519.49
2025-07-07,sh.601985,9.44,9.49,9.39,9.48,86361870,816589677.18
2025-07-08,sh.601985,9.48,9.49,9.38,9.43,85470027,804550688.98
2025-07-09,sh.601985,9.42,9.52,9.41,9.47,105882201,1003840822.86
2025-07-10,sh.601985,9.46,9.49,9.41,9.41,81001949,764311423.26
2025-07-11,sh.601985,9.41,9.45,9.38,9.38,104943193,987646528.97
2025-07-14,sh.601985,9.46,9.6,9.45,9.48,144341650,1373670103.42
2025-07-15,sh.601985,9.48,9.49,9.35,9.36,117296021,1101797326.96
2025-07-16,sh.601985,9.36,9.38,9.32,9.33,66722819,623285543.85
2025-07-17,sh.601985,9.33,9.36,9.32,9.35,61912606,577821718.74
2025-07-18,sh.601985,9.24,9.25,9.16,9.23,77315190,712501678.16
2025-07-21,sh.601985,9.24,9.29,9.23,9.28,106667583,988272139.61
2025-07-22,sh.601985,9.28,9.35,9.25,9.34,125711904,1169787525.48
2025-07-23,sh.601985,9.76,9.85,9.4,9.42,324719520,3110962590.98
2025-07-24,sh.601985,9.39,9.46,9.32,9.42,152429264,1432525312.37
2025-07-25,sh.601985,9.41,9.42,9.31,9.32,115682801,1081772425.32
2025-07-28,sh.601985,9.31,9.32,9.25,9.26,102563716,951081078.81
2025-07-29,sh.601985,9.25,9.27,9.21,9.24,70158183,648169995.35
2025-07-30,sh.601985,9.25,9.29,9.23,9.26,82685813,766216837.27
2025-07-31,sh.601985,9.25,9.26,9.16,9.19,107465505,986968623.84
2025-08-01,sh.601985,9.17,9.2,9.15,9.16,56259197,516048963.78
2025-08-04,sh.601985,9.16,9.18,9.13,9.16,49787788,456044998.08
2025-08-05,sh.601985,9.17,9.19,9.15,9.17,57995546,531794961.87
2025-08-06,sh.601985,9.18,9.19,9.16,9.18,64319504,589727098.29
2025-08-07,sh.601985,9.17,9.18,9.15,9.17,60275700,552442529.39
2025-08-08,sh.601985,9.17,9.19,9.15,9.16,70791005,648801817.04
2025-08-11,sh.601985,9.17,9.17,9.13,9.16,63873217,584774721.12
2025-08-12,sh.601985,9.16,9.18,9.15,9.16,61136278,560247942.31
2025-08-13,sh.601985,9.17,9.17,9.14,9.14,78509798,718349003.72
2025-08-14,sh.601985,9.15,9.16,9.1,9.11,85370061,779318674.59
2025-08-15,sh.601985,9.1,9.11,9.05,9.06,117238554,1063907125.29
2025-08-18,sh.601985,9.05,9.12,9.04,9.06,124668985,1131027805.36
2025-08-19,sh.601985,9.05,9.09,9.04,9.06,87281694,790358399.34
2025-08-20,sh.601985,9.04,9.06,9.02,9.06,74362761,671884711.01
2025-08-21,sh.601985,9.06,9.17,9.04,9.16,134111200,1223881182.73
2025-08-22,sh.601985,9.15,9.16,9.09,9.15,99364383,906308203.13
2025-08-25,sh.601985,9.16,9.28,9.15,9.27,168257857,1550935459.27
2025-08-26,sh.601985,9.27,9.27,9.2,9.25,88413627,816083533.19
2025-08-27,sh.601985,9.22,9.28,9.06,9.07,181821676,1664731356.15
2025-08-28,sh.601985,9.05,9.07,8.91,9.03,184076372,1658319265.37
2025-08-29,sh.601985,9.03,9.13,8.87,8.91,317058655,2846102408.31
2025-09-01,sh.601985,8.92,8.93,8.77,8.81,179471921,1582429617.07
2025-09-02,sh.601985,8.81,8.89,8.78,8.88,136411268,1205292554.27
2025-09-03,sh.601985,8.87,8.88,8.73,8.76,105932192,929866682.38
2025-09-04,sh.601985,8.73,8.79,8.66,8.78,120317177,1047743009.67
2025-09-05,sh.601985,8.75,8.75,8.69,8.74,67566807,589169219.62
2025-09-08,sh.601985,8.74,8.82,8.72,8.8,108157835,949124999.59
2025-09-09,sh.601985,8.8,8.82,8.76,8.78,66696224,585856840.67
2025-09-10,sh.601985,8.79,8.79,8.75,8.77,58037552,508709728.88
2025-09-11,sh.601985,8.77,8.81,8.72,8.81,92058135,807055109.52
2025-09-12,sh.601985,8.8,8.88,8.76,8.8,109053409,962438261.14
2025-09-15,sh.601985,8.8,8.84,8.76,8.83,70017516,616600330.71
2025-09-16,sh.601985,8.86,8.86,8.78,8.83,64757957,570943648.84
2025-09-17,sh.601985,8.83,8.87,8.78,8.86,80104227,707811871.61
2025-09-18,sh.601985,8.86,8.87,8.68,8.71,130527461,1143133272.31
2025-09-19,sh.601985,8.7,8.73,8.5,8.5,134085816,1154616021.99
2025-09-22,sh.601985,8.56,8.59,8.4,8.46,122670724,1041030953.06
2025-09-23,sh.601985,8.45,8.57,8.37,8.53,105818001,898795675.33
2025-09-24,sh.601985,8.5,8.54,8.45,8.49,79024295,670103719.14
2025-09-25,sh.601985,8.5,8.54,8.47,8.52,75504430,642261229.64
2025-09-26,sh.601985,8.52,8.66,8.5,8.63,109252880,940222826.07
2025-09-29,sh.601985,8.64,8.75,8.57,8.72,98256765,850660829.93
2025-09-30,sh.601985,8.71,8.72,8.63,8.71,76505635,663906596.04
2025-10-09,sh.601985,8.88,9.11,8.88,9.11,308425047,2780319268.34
2025-10-10,sh.601985,9.1,9.1,8.95,8.99,177246219,1597065923.73
2025-10-13,sh.601985,8.88,9.08,8.85,9.07,174019020,1567082846.61
2025-10-14,sh.601985,9.09,9.38,9.04,9.19,283339902,2606537090.87
2025-10-15,sh.601985,9.18,9.23,9.04,9.12,155417446,1415315907.01
2025-10-16,sh.601985,9.13,9.2,9.05,9.17,147123134,1341082746.47
2025-10-17,sh.601985,9.21,9.21,9.01,9.04,119145784,1084498090.79
2025-10-20,sh.601985,9.05,9.11,8.9,9.06,151527484,1364621525.77
2025-10-21,sh.601985,9.05,9.13,9.04,9.05,89947287,816009552.01
2025-10-22,sh.601985,9.04,9.08,9.01,9.05,81558948,737913238.5
2025-10-23,sh.601985,9.04,9.13,9.02,9.13,111333465,1011922946.05
2025-10-24,sh.601985,9.12,9.13,9.04,9.09,84903969,770634780.74
2025-10-27,sh.601985,9.11,9.6,9.09,9.47,425377574,3999763977.17
2025-10-28,sh.601985,9.48,9.5,9.36,9.39,180985717,1704579091.0
2025-10-29,sh.601985,9.39,9.6,9.32,9.51,228358805,2169803667.21
2025-10-30,sh.601985,9.37,9.45,9.23,9.38,229375001,2141287292.53
2025-10-31,sh.601985,9.38,9.38,8.98,8.98,312160476,2840236978.28
2025-11-03,sh.601985,9.08,9.18,9.01,9.1,157375806,1430259841.11
2025-11-04,sh.601985,9.1,9.18,9.03,9.06,116437874,1058818456.98
2025-11-05,sh.601985,9.01,9.13,8.92,9.1,122184377,1105747096.82
2025-11-06,sh.601985,9.1,9.26,9.08,9.17,149117312,1369109813.62
2025-11-07,sh.601985,9.15,9.21,9.08,9.09,103012278,939734506.72
2025-11-10,sh.601985,9.09,9.12,9.05,9.1,94853159,862504557.3
2025-11-11,sh.601985,9.11,9.12,9.03,9.06,92900200,842063074.48
2025-11-12,sh.601985,9.05,9.07,8.96,8.98,110723718,996686274.64
2025-11-13,sh.601985,8.97,9.0,8.93,9.0,89777613,804366795.1
2025-11-14,sh.601985,8.99,9.0,8.91,8.91,75698557,677593702.03
2025-11-17,sh.601985,8.9,8.92,8.8,8.82,95518312,842748146.41
2025-11-18,sh.601985,8.8,8.85,8.77,8.8,56826207,500038184.57
2025-11-19,sh.601985,8.78,8.81,8.7,8.73,93880302,820694179.46
2025-11-20,sh.601985,8.75,8.83,8.74,8.75,64201379,563739466.96
2025-11-21,sh.601985,8.73,8.73,8.63,8.66,93749217,812998492.4
2025-11-24,sh.601985,8.7,8.73,8.66,8.71,60971998,529674675.14
2025-11-25,sh.601985,8.72,8.74,8.68,8.7,65293770,568552105.69
2025-11-26,sh.601985,8.7,8.71,8.63,8.64,64653424,559488212.16
2025-11-27,sh.601985,8.63,8.65,8.6,8.6,62012488,534770515.64
2025-11-28,sh.601985,8.6,8.63,8.56,8.63,45400581,390602157.18
2025-12-01,sh.601985,8.61,8.71,8.58,8.71,88418066,764126931.17
2025-12-02,sh.601985,8.7,8.73,8.67,8.7,48878990,425238986.81
2025-12-03,sh.601985,8.7,8.76,8.68,8.7,58537942,510053615.24
2025-12-04,sh.601985,8.69,8.72,8.66,8.67,42417505,368419289.4
2025-12-05,sh.601985,8.68,8.77,8.67,8.77,70589120,616697039.43
2025-12-08,sh.601985,8.8,8.84,8.72,8.74,78535350,687985615.29
2025-12-09,sh.601985,8.76,8.8,8.65,8.65,69546947,605170522.15
2025-12-10,sh.601985,8.66,8.7,8.65,8.67,44944816,389790864.22
2025-12-11,sh.601985,8.67,8.73,8.66,8.7,52852821,459316535.49
2025-12-12,sh.601985,8.69,8.82,8.65,8.78,113420106,991420400.36
2025-12-15,sh.601985,8.75,8.8,8.7,8.72,77783391,679361606.05
2025-12-16,sh.601985,8.71,8.72,8.61,8.63,73311522,633038241.64
2025-12-17,sh.601985,8.63,8.69,8.6,8.68,58060225,501612766.48
2025-12-18,sh.601985,8.67,8.7,8.64,8.68,36015407,312482029.51
2025-12-19,sh.601985,8.7,8.76,8.69,8.75,59697013,522016511.12
2025-12-22,sh.601985,8.78,8.78,8.7,8.71,58376582,509695148.5
2025-12-23,sh.601985,8.71,8.75,8.67,8.68,50946135,442804774.69
2025-12-24,sh.601985,8.69,8.74,8.66,8.74,59043959,513947610.88
2025-12-25,sh.601985,8.73,8.81,8.71,8.78,76202071,669291880.94
2025-12-26,sh.601985,8.78,8.79,8.74,8.77,53649172,470208613.72
2025-12-29,sh.601985,8.77,8.78,8.7,8.71,53936005,470636928.74
2025-12-30,sh.601985,8.68,8.69,8.65,8.67,53648410,465046639.76
2025-12-31,sh.601985,8.67,8.68,8.63,8.65,41460409,358375543.37
2026-01-05,sh.601985,8.67,8.72,8.65,8.71,68729368,596951890.44
2026-01-06,sh.601985,8.71,8.77,8.71,8.77,82089559,717674971.53
2026-01-07,sh.601985,8.77,9.0,8.75,8.91,168705544,1502816919.15
2026-01-08,sh.601985,8.92,9.17,8.85,9.09,214207755,1939618268.19
2026-01-09,sh.601985,9.09,9.11,8.97,9.04,157184047,1418520720.15
2026-01-12,sh.601985,9.07,9.36,9.0,9.24,252274375,2311151335.19
2026-01-13,sh.601985,9.25,9.26,8.98,9.02,185332575,1677483559.61
2026-01-14,sh.601985,8.99,9.06,8.91,8.95,135488260,1218910323.23
2026-01-15,sh.601985,8.94,8.96,8.84,8.87,108438120,962415793.68
2026-01-16,sh.601985,8.88,9.03,8.88,8.9,130452789,1168569672.02
2026-01-19,sh.601985,8.91,9.06,8.91,9.01,134111407,1209128712.99
2026-01-20,sh.601985,9.05,9.06,8.96,9.02,115196792,1037023493.14
2026-01-21,sh.601985,9.01,9.01,8.86,8.87,131168539,1169659143.89
2026-01-22,sh.601985,8.94,9.03,8.92,8.94,132643800,1189670008.8
2026-01-23,sh.601985,8.95,8.95,8.85,8.89,131268813,1165883182.71
2026-01-26,sh.601985,8.88,8.9,8.8,8.81,125035495,1104806365.34
2026-01-27,sh.601985,8.81,8.82,8.69,8.71,110370334,963694273.38
2026-01-28,sh.601985,8.7,8.75,8.61,8.62,176956879,1534913513.99
2026-01-29,sh.601985,8.62,8.64,8.52,8.61,170490022,1457817455.54
2026-01-30,sh.601985,8.61,8.67,8.55,8.61,93066452,801881501.16
2026-02-02,sh.601985,8.62,8.68,8.54,8.55,103994274,896727137.47
2026-02-03,sh.601985,8.55,8.58,8.5,8.56,80386003,685906143.35
2026-02-04,sh.601985,8.56,8.67,8.54,8.66,88060937,758877342.84
2026-02-05,sh.601985,8.66,8.7,8.61,8.65,72900937,630200274.3
2026-02-06,sh.601985,8.64,8.65,8.6,8.6,60637123,522579514.17
2026-02-09,sh.601985,8.62,8.65,8.62,8.63,49938865,430930054.0
2026-02-10,sh.601985,8.63,8.64,8.6,8.61,47354621,407542527.6
2026-02-11,sh.601985,8.61,8.62,8.57,8.58,45506748,390790651.84
2026-02-12,sh.601985,8.63,8.63,8.57,8.57,49299651,423160597.3
2026-02-13,sh.601985,8.57,8.58,8.51,8.52,64447649,549793921.54
2026-02-24,sh.601985,8.56,8.58,8.54,8.56,57652117,493714611.64
2026-02-25,sh.601985,8.57,8.65,8.46,8.49,221676198,1893810419.53
2026-02-26,sh.601985,8.5,8.53,8.47,8.53,81592918,693540098.36
2026-02-27,sh.601985,8.52,8.59,8.51,8.52,132547248,1131650497.26
2026-03-02,sh.601985,8.52,8.69,8.48,8.66,252253329,2176062091.87
2026-03-03,sh.601985,8.67,8.79,8.58,8.7,238488894,2071281032.91
2026-03-04,sh.601985,8.68,8.7,8.52,8.68,154721435,1337139819.5
2026-03-05,sh.601985,8.69,8.84,8.68,8.78,228029203,2001952041.36
2026-03-06,sh.601985,8.78,8.86,8.74,8.83,148816146,1311179778.95
2026-03-09,sh.601985,8.84,9.07,8.83,8.91,294556054,2635697943.18
2026-03-10,sh.601985,8.85,8.94,8.75,8.89,177070154,1568259017.26
2026-03-11,sh.601985,8.88,9.07,8.78,9.06,250433801,2245542732.59
2026-03-12,sh.601985,9.06,9.2,9.0,9.16,271846527,2474453626.65
2026-03-13,sh.601985,9.17,9.3,9.08,9.24,366843033,3380695921.82
2026-03-16,sh.601985,9.24,9.31,9.01,9.06,275064067,2511936514.73
2026-03-17,sh.601985,9.03,9.11,8.93,8.94,175528573,1580213060.57
2026-03-18,sh.601985,8.93,9.0,8.82,8.87,155982025,1384969443.3
2026-03-19,sh.601985,8.83,9.02,8.82,8.85,155702791,1387055496.37
2026-03-20,sh.601985,8.82,8.95,8.73,8.86,190478941,1685407251.3
2026-03-23,sh.601985,8.86,9.26,8.81,9.04,446998256,4066238152.46
